,0,1,2
0,3.8699516e-05,4.5823548e-08,0.00037570292
1,3.529471e-05,3.3765854e-08,0.00039325008
2,3.551192e-05,3.4459784e-08,0.00039205613
3,4.093137e-05,5.518609e-08,0.00036540293
4,2.268005e-05,7.793753e-09,0.0004895293
5,2.7948954e-05,1.5577168e-08,0.00044144102
6,1.4285853e-05,1.6841101e-09,0.0006151899
7,4.0066006e-05,5.1425022e-08,0.00037142436
8,3.506473e-05,3.305068e-08,0.00039679857
9,1.8358971e-05,3.868844e-09,0.00054659497
10,1.1662093e-05,8.619331e-10,0.00072125427
11,3.9543917e-05,4.959131e-08,0.00043601525
12,3.8905957e-05,4.6987772e-08,0.0004394682
13,2.4246967e-05,9.798442e-09,0.0005552256
14,2.9437604e-05,1.8639568e-08,0.00050432666
15,3.0132554e-05,2.0138636e-08,0.0004984395
16,1.5368496e-05,2.1615043e-09,0.00069501554
17,3.2626718e-05,2.6238713e-08,0.00048873347
18,3.0462219e-05,2.0898012e-08,0.0005055127
19,2.3302593e-05,8.597445e-09,0.0005769935
20,2.8188384e-05,1.6158765e-08,0.00052503974
21,2.2900904e-05,8.115846e-09,0.00058169244
22,2.745392e-05,1.4804534e-08,0.00053168234
23,1.6544975e-05,2.7627238e-09,0.00068264425
24,1.7846949e-05,3.5516254e-09,0.0006588938
25,1.7903274e-05,3.5889154e-09,0.0006576752
26,2.413941e-05,9.665012e-09,0.0005672505
27,2.9827856e-05,1.949143e-08,0.0005107698
28,3.02666e-05,2.0458092e-08,0.00050698075
29,2.0278854e-05,5.424007e-09,0.0006178242
30,1.5356807e-05,2.1582538e-09,0.00070849125
31,1.1879281e-05,9.2183816e-10,0.00080950104
32,2.7884846e-05,1.561727e-08,0.00054712925
33,1.3754153e-05,1.5006897e-09,0.00077900384
34,2.1785321e-05,6.8915607e-09,0.00062062836
35,1.4421683e-05,1.7559167e-09,0.00076044607
36,2.8327988e-05,1.6552454e-08,0.0006151134
37,2.420985e-05,9.832927e-09,0.00066474814
38,2.067601e-05,5.827857e-09,0.0007182093
39,1.3746457e-05,1.5062299e-09,0.00087768154
40,2.630488e-05,1.3001913e-08,0.00069929654
41,1.9006191e-05,4.4268185e-09,0.000820515
42,1.7861932e-05,3.602921e-09,0.00084538525
43,1.6175558e-05,2.5934337e-09,0.00088819256
44,1.5307807e-05,2.1600042e-09,0.00091192516
45,1.8152148e-05,3.7995607e-09,0.00083788775
46,1.3187529e-05,1.3174809e-09,0.0009797306
47,2.114142e-05,6.354304e-09,0.0009432956
48,1.6504924e-05,2.7953593e-09,0.0010645684
49,2.996362e-05,2.0340433e-08,0.0009494538
50,3.7875394e-05,4.42894e-08,0.00090232154
51,2.0679856e-05,5.9423537e-09,0.0012167899
52,1.9221658e-05,4.6806363e-09,0.0014374285
53,1.967356e-05,5.0333027e-09,0.0014484011
54,3.166962e-05,2.4304388e-08,0.001196235
55,3.6368318e-05,3.8200437e-08,0.001125757
56,1.9054545e-05,4.453521e-09,0.0015549088
57,2.3677469e-05,9.246453e-09,0.0016028278
58,2.6987065e-05,1.3767716e-08,0.0021266995
59,3.976689e-05,4.7750213e-08,0.0022783647
60,4.1522402e-05,4.936802e-08,0.002621288
61,4.396244e-05,5.4954427e-08,0.002864411
62,3.127252e-05,1.6647913e-08,0.003676814
63,4.437339e-05,5.0377686e-08,0.003338004
64,3.1332806e-05,1.519637e-08,0.004174322
65,3.0835967e-05,1.38599185e-08,0.004387399
66,4.253326e-05,3.9006395e-08,0.0040414883
67,2.5361987e-05,6.7822143e-09,0.0010594255
68,4.262371e-05,3.681549e-08,0.00452833
69,4.705744e-05,4.943653e-08,0.004463292
70,4.2588625e-05,3.450454e-08,0.0047937906
71,4.05193e-05,2.8531874e-08,0.004994562
72,2.9290313e-05,9.5195825e-09,0.00393954
73,2.593883e-05,6.2407253e-09,0.0017085685
74,2.7627455e-05,7.554073e-09,0.0029958717
75,3.2678134e-05,1.2968513e-08,0.005875395
76,2.5761552e-05,5.809423e-09,0.0017065173
77,2.8431725e-05,7.977922e-09,0.002328868
78,2.5955183e-05,5.7658633e-09,0.00073455507
79,3.1469674e-05,1.0711782e-08,0.003725203
80,4.228457e-05,2.7845802e-08,0.0065288036
81,3.5228513e-05,1.4885087e-08,0.0059319804
82,3.3421537e-05,1.2276364e-08,0.00509554
83,3.543115e-05,1.4662534e-08,0.006253075
84,3.157911e-05,9.87435e-09,0.0042541213
85,3.0319256e-05,8.52392e-09,0.0034303786
86,3.174683e-05,9.842469e-09,0.0032625208
87,3.4119585e-05,1.2277605e-08,0.004609585
88,3.428067e-05,1.2275543e-08,0.004781036
89,3.2795557e-05,1.0459972e-08,0.003857093
90,4.0069976e-05,2.0123045e-08,0.006169183
91,4.1571897e-05,2.228236e-08,0.0069130072
92,3.849303e-05,1.6975035e-08,0.0057255346
93,3.6337897e-05,1.3817871e-08,0.004836494
94,3.3828524e-05,1.0757031e-08,0.0036858264
95,3.2918575e-05,9.724777e-09,0.0028479118
96,3.762488e-05,1.5114201e-08,0.0022017555
97,4.9684593e-05,3.634468e-08,0.005721635
98,4.3689077e-05,2.2444983e-08,0.004043131
99,4.9645787e-05,3.280458e-08,0.0060816305
100,5.9656566e-05,5.8186878e-08,0.008963149
101,6.436148e-05,7.2756045e-08,0.010286994
102,5.1970124e-05,3.503083e-08,0.007253715
103,4.0257888e-05,1.4756691e-08,0.003492361
104,3.693624e-05,1.0914244e-08,0.002247368
105,4.0037146e-05,1.4047216e-08,0.0035336707
106,5.8928625e-05,4.9941526e-08,0.009533606
107,5.0709314e-05,3.0049367e-08,0.007350942
108,3.3509623e-05,7.54924e-09,0.0008111112
109,4.2829368e-05,1.6914242e-08,0.0037982073
110,4.2882442e-05,1.6816868e-08,0.0030340208
111,4.5652607e-05,2.0307079e-08,0.0040168734
112,3.6769794e-05,9.751998e-09,0.00079070684
113,3.941181e-05,1.2141812e-08,0.000543518
114,5.291216e-05,3.1264758e-08,0.0041208807
115,5.563245e-05,3.554755e-08,0.0049162963
116,4.562438e-05,1.7854168e-08,0.0022370853
117,4.360347e-05,1.4926112e-08,0.0016035959
118,5.30717e-05,2.7902237e-08,0.0038535083
119,6.260693e-05,4.679597e-08,0.0060659163
120,5.216094e-05,2.4869742e-08,0.003772108
121,4.2157415e-05,1.1996706e-08,0.001027381
122,4.2498697e-05,1.2136094e-08,9.8975375e-05
123,4.446165e-05,1.3562543e-08,0.00076554343
124,7.148507e-05,6.327936e-08,0.0068544336
125,4.639895e-05,1.4666101e-08,0.0014933664
126,4.4370747e-05,1.2351758e-08,0.00069578364
127,4.582301e-05,1.3376185e-08,0.001024127
128,4.4776934e-05,1.20484955e-08,0.00080868416
129,5.4235163e-05,2.2177506e-08,0.0032264255
130,4.554818e-05,1.214758e-08,0.0011172257
131,4.8464408e-05,1.4679073e-08,0.0010994337
132,0.00011566263,2.5569864e-07,0.010446687
133,9.639138e-05,1.3331392e-07,0.008554678
134,0.0001116159,2.0987342e-07,0.010463786
135,7.080867e-05,4.5279457e-08,0.0052188467
136,7.02421e-05,4.324636e-08,0.0051991865
137,6.3637905e-05,3.066408e-08,0.0040818434
138,6.408363e-05,3.1246397e-08,0.0023840945
139,8.728952e-05,8.3861536e-08,0.0052724704
140,6.575223e-05,3.1138445e-08,0.0023102239
141,6.969076e-05,3.6347732e-08,0.0025908388
142,7.702623e-05,4.834972e-08,0.003713075
143,6.388037e-05,2.4950797e-08,0.0017973706
144,7.159995e-05,3.5191487e-08,0.0030897148
145,9.476461e-05,8.652845e-08,0.0062216073
146,6.705118e-05,2.6804367e-08,0.0025118738
147,0.0001205407,1.8388995e-07,0.00872235
148,6.730788e-05,2.6089973e-08,0.0024858601
149,6.654016e-05,2.4726285e-08,0.0021169893
150,0.0001512283,3.6995093e-07,0.011052385
151,0.00011870471,1.6343655e-07,0.0085782185
152,0.000107993445,1.1825706e-07,0.0076499674
153,0.00012752468,2.0383908e-07,0.009598775
154,0.00014492396,3.1033903e-07,0.011169147
155,8.743992e-05,5.790516e-08,0.0055795144
156,7.29523e-05,3.1652004e-08,0.003561318
157,0.00012632928,1.9534211e-07,0.0096595865
158,0.00013123821,2.2164737e-07,0.0102209225
159,7.731334e-05,3.831825e-08,0.0042022765
160,0.00014847788,3.3507243e-07,0.010967048
161,0.00014368875,3.0084607e-07,0.010741299
162,0.00010463119,1.0515478e-07,0.007203309
163,7.531516e-05,3.5351064e-08,0.0034337807
164,6.498765e-05,2.1729376e-08,0.0011711791
165,0.00015069642,3.544148e-07,0.010088133
166,0.00012885718,2.1091095e-07,0.008449946
167,0.000100785575,9.339739e-08,0.0057069864
168,9.3891096e-05,7.3820495e-08,0.0049468204
169,0.00012292943,1.8081833e-07,0.007757796
170,0.00020986091,1.0700953e-06,0.013966737
171,0.000111818284,1.3287601e-07,0.006879084
172,0.0002159646,1.1998186e-06,0.011611256
173,0.00013475274,2.5053933e-07,0.006671343
174,0.00011302726,1.3964396e-07,0.0048273616
175,0.00013445421,2.4821057e-07,0.0067563225
176,0.0001297693,2.2095495e-07,0.006211037
177,8.65913e-05,5.770098e-08,0.0018313527
178,0.00012366317,1.8944824e-07,0.0043221842
179,0.000105254636,1.10725765e-07,0.0023387019
180,0.000117509364,1.5884262e-07,0.0032517016
181,0.0003375838,5.3697145e-06,0.010140483
182,0.00038335595,7.819545e-06,0.011346277
183,0.0001484391,3.2197715e-07,0.0028429367
184,0.00016890361,4.8126594e-07,0.004101392
185,0.00016097282,4.0110103e-07,0.0037247203
186,0.00019420842,7.34522e-07,0.0054734647
187,0.00064320996,3.910868e-05,0.016713932
188,0.00061500433,3.355858e-05,0.016532345
189,0.0002274001,1.2200369e-06,0.0072795562
190,0.00017306942,4.9129545e-07,0.004719395
191,0.00012885909,1.8395696e-07,0.001897445
192,0.00021195531,9.614266e-07,0.0060482305
193,0.00015504016,3.395372e-07,0.0028896984
194,0.00043990274,1.0874404e-05,0.012384272
195,0.0005748889,2.658547e-05,0.014097969
196,0.0003916669,7.4218597e-06,0.011675499
197,0.0005821301,2.796625e-05,0.011628999
198,0.0006213612,3.499207e-05,0.010362298
199,0.0007554146,6.7684145e-05,0.008789472
200,0.00036786075,6.164755e-06,0.011209394
201,0.00016296805,4.1357555e-07,0.0035893302
202,0.0001420445,2.6267406e-07,0.0020621521
203,0.00013259797,2.0940399e-07,0.0011758804
204,0.0001999031,8.2072717e-07,0.0049004955
205,0.00035886682,5.762267e-06,0.010462386
206,0.0006953799,5.2748182e-05,0.0072078537
207,0.0002254592,1.2420458e-06,0.006294402
208,0.00016715439,4.6109426e-07,0.003302196
209,0.00021784547,1.1174303e-06,0.005464067
210,0.00023094505,1.3625838e-06,0.0058796434
211,0.00023320437,1.4154373e-06,0.005610694
212,0.00021897559,1.1559297e-06,0.0044133463
213,0.00027401207,2.468923e-06,0.004793451
214,0.0009592632,0.0001618455,0.0069337524
215,0.0009728695,0.00017031142,0.0065182215
216,0.0010271359,0.00020514298,0.0060310587
217,0.0013270227,0.0004852223,0.0050941836
218,0.0009711597,0.00017183137,0.005665889
219,0.0011247562,0.00028231292,0.005048151
220,0.0004566238,1.394307e-05,0.0073371916
221,0.00050407235,1.949979e-05,0.0067322706
222,0.0010609177,0.00023588103,0.004501223
223,0.00075605593,7.637556e-05,0.005086534
224,0.0011312818,0.0002956718,0.004026205
225,0.0010109358,0.00020422443,0.0041097933
226,0.0011281015,0.00029645112,0.0037680794
227,0.0012237574,0.00039145572,0.0035127548
228,0.00097077724,0.00018162736,0.0038165883
229,0.0009267763,0.0001564315,0.00377949
230,0.0011782306,0.00035109857,0.0032618844
231,0.00047949678,1.7496104e-05,0.0048716576
232,0.00043752004,1.2946651e-05,0.004879585
233,0.0006389764,4.6047167e-05,0.0039170105
234,0.00041046034,1.0561467e-05,0.00466871
235,0.0005449095,2.7297141e-05,0.0039270897
236,0.0011159758,0.00030138184,0.002700692
237,0.00030226287,3.8688986e-06,0.004923665
238,0.00059988775,3.818944e-05,0.0034180232
239,0.00021261063,1.2108892e-06,0.0031740805
240,0.00023995215,1.8235061e-06,0.0036567363
241,0.00039417506,9.590378e-06,0.0046695475
242,0.00033105598,5.3985154e-06,0.005165537
243,0.00060065376,3.951361e-05,0.0037350785
244,0.0016645762,0.0011902121,0.0023551832
245,0.0018875299,0.0017997819,0.0021843698
246,0.0015228924,0.00089483534,0.0024111075
247,0.0017561243,0.0014354492,0.0022127477
248,0.0018624504,0.0017438959,0.002127413
249,0.001392529,0.00067355036,0.0024382384
250,0.0006168454,4.46392e-05,0.0035658686
251,0.0007624545,9.137692e-05,0.0033866866
252,0.0003596349,7.472629e-06,0.0047556213
253,0.00033899638,6.1716064e-06,0.0046743313
254,0.0003774672,8.867095e-06,0.0047129183
255,0.0005070226,2.3913306e-05,0.0044209855
256,0.00040768262,1.15722205e-05,0.004741588
257,0.00043599715,1.4497815e-05,0.0044281436
258,0.0023520705,0.0037928617,0.001927564
259,0.002076076,0.002561213,0.0020778421
260,0.00089858857,0.0001617289,0.0031391827
261,0.00046748322,1.8280049e-05,0.004182209
262,0.0010921456,0.00031209504,0.0026891865
263,0.0004988282,2.2886692e-05,0.0039997254
264,0.00072524324,8.005589e-05,0.0032374028
265,0.00067586,6.37155e-05,0.0035741043
266,0.0004900361,2.1832553e-05,0.0041501503
267,0.001028845,0.00026106156,0.0029380391
268,0.001303431,0.00057538704,0.002565457
269,0.0012026785,0.00044111404,0.002629085
270,0.0013208853,0.0006039983,0.0024782286
271,0.001296195,0.000568563,0.0024658453
272,0.00075963646,9.571398e-05,0.003150375
273,0.0011001634,0.00033145133,0.0026957055
274,0.0011210071,0.00035357516,0.0026307793
275,0.00040556575,1.1886931e-05,0.003997978
276,0.0010069308,0.00024826935,0.0028090684
277,0.0014559759,0.00084785494,0.002301943
278,0.0015745913,0.001098843,0.0022054566
279,0.0014478577,0.00083393976,0.0022828735
280,0.0011988971,0.00044650972,0.0024956528
281,0.0016928957,0.0013981387,0.0020742647
282,0.0006922345,7.141428e-05,0.0031967952
283,0.00061360357,4.787544e-05,0.003434456
284,0.0006452156,5.6672154e-05,0.003301268
285,0.00062157953,5.0329592e-05,0.003663397
286,0.00063622615,5.4290216e-05,0.0035685129
287,0.0003502314,7.3948486e-06,0.0018684801
288,0.00036593835,8.550032e-06,0.0018702056
289,0.0004293465,1.4567204e-05,0.0023995352
290,0.0009597419,0.0002112307,0.0035037156
291,0.0012809981,0.0005480403,0.0030158157
292,0.0017272973,0.0014568408,0.0025913958
293,0.0008707276,0.00014859483,0.00363567
294,0.00093930034,0.00019050219,0.00351866
295,0.0005036147,2.360103e-05,0.0037332524
296,0.0007001776,7.0866634e-05,0.0044747605
297,0.00082244596,0.00012086854,0.0049768654
298,0.002273772,0.0032912337,0.0031567055
299,0.0008826076,0.00014090125,0.0052495347
300,0.0015888797,0.0009741069,0.0040634717
301,0.0024536708,0.0038244748,0.0033259743
302,0.0015931122,0.00093118654,0.0042637535
303,0.0011192489,0.00028414378,0.005480828
304,0.00055253156,2.6219697e-05,0.0024144468
305,0.0011743995,0.0003176593,0.0058707823
306,0.0017420603,0.0011487495,0.004816011
307,0.0012354042,0.00036012483,0.0056594927
308,0.0010812298,0.00022748044,0.0058875987
309,0.001397911,0.0005314229,0.005040077
310,0.0010262696,0.00018797583,0.0056704083
311,0.0013625812,0.000483575,0.004899798
312,0.0017878106,0.0011858388,0.004170003
313,0.0024292504,0.0031687873,0.0035376642
314,0.0024188373,0.0031015521,0.0035505486
315,0.0018315106,0.0012600597,0.004065185
316,0.0011887418,0.00030027612,0.0051555554
317,0.0016437597,0.00088416185,0.004349129
318,0.0013608469,0.0004713324,0.0046434444
319,0.00079499517,7.8194076e-05,0.005222884
320,0.0008740458,0.00010723795,0.00558122
321,0.0011474349,0.00026669528,0.0046967817
322,0.0015769188,0.00077256816,0.003998713
323,0.0025368922,0.0035953084,0.0031859067
324,0.00095804426,0.00014536058,0.0051219305
325,0.001110198,0.00023836162,0.004571338
326,0.001032362,0.00018735958,0.0045662606
327,0.0012938501,0.00039998957,0.003953316
328,0.0016299024,0.0008662299,0.0034535928
329,0.001357051,0.00047273014,0.0036831528
330,0.0023660727,0.0029229177,0.0027332206
331,0.0024603247,0.0032955706,0.0026953898
332,0.0020071655,0.0017193789,0.0029910174
333,0.0016784348,0.00096166116,0.0034119415
334,0.001282375,0.00039459948,0.0039030719
335,0.0016961186,0.0010028714,0.0033020673
336,0.0029035695,0.0054794964,0.002478733
337,0.0007985551,8.026512e-05,0.0047567775
338,0.000502898,1.7173124e-05,0.0018879508
339,0.0010172417,0.00018356141,0.005312924
340,0.00075883296,6.821871e-05,0.0034852026
341,0.0021174352,0.002046166,0.0035756181
342,0.0019137478,0.0014631096,0.0037399414
343,0.0014809566,0.00062570296,0.0043065757
344,0.0023999852,0.0030036494,0.0033195585
345,0.0010016941,0.0001672092,0.005083029
346,0.0019729396,0.001588889,0.003525136
347,0.0006774161,4.5039207e-05,0.002933107
348,0.0010011998,0.00016643871,0.0050599673
349,0.0011009398,0.00022836721,0.0046434756
350,0.0014898652,0.0006274856,0.0038690905
351,0.0010757811,0.00021175417,0.004418233
352,0.000984221,0.00015753461,0.0044674287
353,0.0011936855,0.00030176385,0.004074573
354,0.0021331175,0.0020597926,0.003012845
355,0.0008884024,0.00011236252,0.0045633283
356,0.00067388156,4.4683522e-05,0.0026410301
357,0.0024573258,0.003224907,0.0026671416
358,0.0020215746,0.0017248107,0.002963598
359,0.0015679239,0.00074877555,0.0033177864
360,0.0020206342,0.0017298422,0.0028596441
361,0.0008550939,9.9210614e-05,0.004285023
362,0.0013534966,0.00046284695,0.0032998198
363,0.0021264947,0.002059703,0.0025878802
364,0.0019243831,0.0014922664,0.0027015333
365,0.0018571804,0.001332746,0.0027141378
366,0.0016852546,0.000971822,0.002805772
367,0.0016840853,0.0009741667,0.0027541986
368,0.0019208475,0.0015074203,0.00253392
369,0.0010699916,0.0002166571,0.0033332058
370,0.0013079643,0.00042630854,0.0029306177
371,0.00067170215,4.6117537e-05,0.0034988597
372,0.0018442371,0.0013440357,0.0023425566
373,0.0016081786,0.0008599817,0.0024772496
374,0.0008467353,0.00010154575,0.0033263513
375,0.0005385234,2.2529972e-05,0.0016603561
376,0.0017867849,0.001240022,0.0025604193
377,0.0017455923,0.0011513816,0.0025594998
378,0.0010908378,0.00024164606,0.0031789173
379,0.0013135434,0.00045136188,0.0028248928
380,0.0013367927,0.00048068748,0.0027383142
381,0.000684936,5.157815e-05,0.0032482953
382,0.0014326691,0.0006104433,0.002560731
383,0.0013319917,0.00048112046,0.002604567
384,0.0010184221,0.00019711985,0.0029083649
385,0.0012229087,0.00036512743,0.0025910393
386,0.0009922625,0.00018242362,0.0028069871
387,0.0011813206,0.00032846068,0.0025124408
388,0.0007137801,6.119248e-05,0.0031394737
389,0.00076690177,7.8113764e-05,0.0029476015
390,0.00076684577,7.843008e-05,0.0028643294
391,0.001026588,0.00020910523,0.0024168773
392,0.0012591085,0.00041600852,0.0021380833
393,0.0012715182,0.0004323823,0.0020903107
394,0.0008534656,0.000114676586,0.0024979177
395,0.0006462572,4.5462704e-05,0.0027905265
396,0.0004996918,1.9341982e-05,0.0012038167
397,0.0011588734,0.0003232314,0.0020944006
398,0.00057432463,3.107902e-05,0.002164461
399,0.0009029347,0.00014154313,0.0022876807
400,0.00059850415,3.5961784e-05,0.0025438091
401,0.0011625881,0.00033439565,0.0021714908
402,0.0009916308,0.00019734984,0.0023089927
403,0.00084541226,0.00011620557,0.002446921
404,0.00056253537,2.9879127e-05,0.0015343579
405,0.0010655721,0.00025450505,0.0023123221
406,0.0007698929,8.6060376e-05,0.0026623385
407,0.00072147424,6.940878e-05,0.0026844016
408,0.0006518394,4.9550923e-05,0.0022861958
409,0.0006153335,4.0944564e-05,0.0018750323
410,0.0007263831,7.140575e-05,0.0025251107
411,0.000527615,2.4604664e-05,0.000752717
412,0.00083990674,0.00011752328,0.002773178
413,0.0006544327,5.0938703e-05,0.0014486741
414,0.0011742121,0.00036172816,0.0027357724
415,0.0014652216,0.0007515869,0.0025517414
416,0.0007996264,9.850424e-05,0.0018850862
417,0.0007388755,7.539e-05,0.0007782751
418,0.00074832176,7.7606004e-05,0.00088509754
419,0.0011864239,0.00035983603,0.002824562
420,0.0013454235,0.00054572866,0.002423452
421,0.00057053025,6.3126e-05,0.000540643
422,0.0004978657,0.00012924202,0.00045845727
423,0.0009573423,0.00018455731,0.0010536681
424,0.0013544172,0.00061695435,0.0027975794
425,0.0013252789,0.0006297054,0.0025675432
426,0.0013466834,0.000667101,0.002276338
427,0.0009443772,0.00020241548,0.0016916409
428,0.0013213768,0.0006183975,0.0017389352
429,0.0009333091,0.0001943844,0.0018425466
430,0.0009169092,0.00018382195,0.0016850437
431,0.0012568464,0.0005294054,0.0013892464
432,0.0004018928,9.641983e-05,0.00039009866
433,0.0012575592,0.0005346508,0.0012708178
434,0.0013829045,0.0007379133,0.0011302487
435,0.001250889,0.0005320913,0.001130087
436,0.0011888745,0.00045189014,0.0011117191
437,0.000862084,0.00015540155,0.0012596677
438,0.00064959965,0.00010424542,0.0006415661
439,0.000812756,0.00012860217,0.0011259193
440,0.0009583223,0.00022408074,0.0011052622
441,0.00064631476,0.00010229813,0.00064106187
442,0.0008336472,0.00014239039,0.00090706063
443,0.00029095548,0.000105543564,0.0002871647
444,0.0009201162,0.00020015825,0.0011362142
445,0.0012282208,0.0005292681,0.0009220074
446,0.0010236569,0.00029089887,0.00095972046
447,0.0009700552,0.0002449773,0.0009433121
448,0.0010255919,0.0002971167,0.0008837455
449,0.00091375015,0.00020344286,0.00090755173
450,0.00087611424,0.00017797397,0.00091088546
451,0.0009150456,0.00020783869,0.0009374234
452,0.000979687,0.0002635722,0.00085231755
453,0.0009816737,0.000267701,0.0008112904
454,0.0009373995,0.00023151294,0.0008111631
455,0.0011389089,0.00044860016,0.00077099155
456,0.0011753811,0.000505457,0.0006957239
457,0.0010853171,0.00039239269,0.00067841384
458,0.0010219328,0.00032450736,0.0006635694
459,0.00094941916,0.0002562827,0.0006594203
460,0.000921658,0.00023449665,0.0006676712
461,0.0010219747,0.00036781494,0.00076479017
462,0.0013502126,0.0009135299,0.0005877934
463,0.0011644593,0.0006015539,0.0005213487
464,0.0013032289,0.0009114781,0.00041602927
465,0.0015461793,0.0016361609,0.00033509146
466,0.0016518293,0.0020548739,0.0002970395
467,0.0013297056,0.0010266713,0.00031386656
468,0.0010291308,0.00044507036,0.00034034005
469,0.0009418274,0.0003350167,0.00034080286
470,0.0010163608,0.00043575605,0.0003164156
471,0.0014804186,0.0015142275,0.00025413826
472,0.0012708143,0.0009233447,0.00027158836
473,0.00037753032,0.00023671826,0.00033520214
474,0.0010697297,0.00052958034,0.00031214688
475,0.0010652953,0.0005306152,0.00032078766
476,0.0011237063,0.0006469766,0.00028358982
477,0.00038861902,0.00031718845,0.00029963392
478,0.00027957524,0.00024258856,0.00028477432
479,0.001268865,0.001044611,0.00024365782
480,0.001310733,0.0012196329,0.00020585161
481,0.0010660739,0.0006386428,0.0002065129
482,0.0008517604,0.00055059366,0.00019428314
483,0.001218522,0.0010426223,0.00017008763
484,0.0014197774,0.0017558292,0.0001443263
485,0.0011763851,0.00096877146,0.00014899766
486,0.0005533047,0.00046877985,0.00015769897
487,5.5361947e-05,4.6647096e-05,5.7396144e-05
488,0.00043009443,0.00036116716,0.00014728527
489,0.0015616867,0.0026417025,0.000105568964
490,0.0008388019,0.0006549074,0.0001256023
491,0.000395099,0.00033006602,0.00012679723
492,0.00058539835,0.00048806975,0.000119151395
493,0.0004629828,0.0003854764,0.000113626236
494,0.0011590156,0.0010916175,9.908462e-05
495,0.00064089836,0.0005325048,0.000104934144
496,0.0006484104,0.00053650356,0.00010953283
497,0.0023852207,0.005219827,7.252872e-05
498,0.0019445728,0.0042576827,7.378873e-05
499,0.0021996468,0.005191641,6.539207e-05
500,0.0013872781,0.002153199,8.1792794e-05
501,0.0013630143,0.0020475676,8.0426325e-05
502,0.0012263734,0.0014641241,8.3591905e-05
503,0.0012260032,0.0012257918,0.000102289276
504,0.0016125238,0.0027548126,8.26676e-05
505,0.0011779286,0.001207438,8.495404e-05
506,0.0012205782,0.0013717585,7.901011e-05
507,0.0013152414,0.0019733238,6.85913e-05
508,0.0010745015,0.0009563764,7.0514245e-05
509,0.0011882877,0.0016479613,6.356155e-05
510,0.0015477189,0.0033212248,5.4038457e-05
511,0.0010889494,0.0012967208,6.55276e-05
512,0.0019186471,0.0046839286,5.0168594e-05
513,0.0010685214,0.0011904535,6.9860005e-05
514,0.0010487728,0.0011177778,7.319227e-05
515,0.0023192267,0.005979249,4.8385904e-05
516,0.001802246,0.004626178,5.838495e-05
517,0.0016211447,0.0041167736,6.4775195e-05
518,0.0018832155,0.0051560546,6.295329e-05
519,0.0021028377,0.0059823366,6.343263e-05
520,0.0012644763,0.0017538223,8.881918e-05
521,0.0010503484,0.0009512239,0.00010008142
522,0.0017885256,0.005010286,7.9370315e-05
523,0.0018314456,0.005215759,8.379527e-05
524,0.0010758835,0.00095823273,0.00011778553
525,0.002025315,0.0058983536,9.393046e-05
526,0.0019296743,0.005675756,0.0001034031
527,0.0013939473,0.0020477737,0.00013111647
528,0.0010001463,0.00068732526,0.00015959387
529,0.0007607914,0.0004148877,0.00018741231
530,0.0019472217,0.005521709,0.0001321025
531,0.0016401584,0.0032261198,0.00015036958
532,0.0012720927,0.0014156231,0.00017605264
533,0.0011752514,0.0010834481,0.00018451689
534,0.0015180779,0.0024484845,0.00016855443
535,0.0025235105,0.007610606,0.00013225128
536,0.0013398204,0.001547511,0.00019930421
537,0.00252116,0.006593851,0.0001903647
538,0.0015311996,0.0023304361,0.00023673249
539,0.0012611876,0.0012422181,0.00024500102
540,0.001473585,0.0020432207,0.00021545713
541,0.0014041144,0.0017375586,0.00022144949
542,0.00093112513,0.00044929975,0.0002659047
543,0.0013109222,0.0013912945,0.0002582141
544,0.0010911074,0.0007773325,0.00026582388
545,0.0011887235,0.0010507499,0.0002340972
546,0.003247009,0.0064214244,0.00018918134
547,0.003250584,0.0072956635,0.000196422
548,0.0011390786,0.0010045464,0.00041941297
549,0.0012026442,0.0010496778,0.00047364153
550,0.0011076982,0.00073513633,0.0005086163
551,0.0013075947,0.0012069896,0.00046907293
552,0.004108681,0.011630529,0.00026117737
553,0.0038221183,0.011521121,0.00031207592
554,0.0014180783,0.0012972157,0.0005950335
555,0.0010742935,0.00050964317,0.0006992368
556,0.0007970353,0.00018566746,0.0008225028
557,0.0012944847,0.0009198206,0.0007112575
558,0.0009417394,0.00031460833,0.0008638384
559,0.002590385,0.007526638,0.0005323807
560,0.0032802043,0.010739542,0.00049913797
561,0.0022083505,0.0043206983,0.00067974586
562,0.003195132,0.011114164,0.0005845073
563,0.003321039,0.011750178,0.00064529537
564,0.0039058838,0.0133306645,0.0006730429
565,0.00189801,0.0021855873,0.0011248965
566,0.0008451815,0.00014951464,0.0017162791
567,0.0007345041,9.322562e-05,0.0014805171
568,0.0006831498,7.288604e-05,0.00084647443
569,0.0010209978,0.0002779219,0.0017083769
570,0.001804175,0.0018090542,0.0012709602
571,0.0033962363,0.01112922,0.00092933443
572,0.0011063581,0.0003370862,0.001831358
573,0.0008190816,0.00012300113,0.002104847
574,0.0010596,0.00029073062,0.0019546181
575,0.0011161421,0.00034453234,0.0019241127
576,0.001120252,0.0003478876,0.0019848521
577,0.0010456711,0.0002758309,0.0021626411
578,0.0012930732,0.0005623572,0.0023231413
579,0.004243028,0.012071557,0.0011104762
580,0.0041353176,0.012408657,0.0010985194
581,0.004217255,0.01301754,0.0011009214
582,0.0052178386,0.015098598,0.0010435109
583,0.003760101,0.011612071,0.001379725
584,0.0042246436,0.014381798,0.0014107232
585,0.0017173599,0.0010328899,0.0025009667
586,0.0018813726,0.0014003493,0.0023809376
587,0.003843194,0.011385438,0.0016240429
588,0.002711614,0.0042779855,0.0021206806
589,0.0039518564,0.0117133325,0.0017749694
590,0.003469565,0.008236433,0.0020806924
591,0.0037892074,0.010104618,0.0021001366
592,0.0040167263,0.011338576,0.0021900195
593,0.003147669,0.0058133714,0.0026895348
594,0.0029697511,0.0048564067,0.0028339955
595,0.0036993148,0.00889589,0.00256835
596,0.0015143701,0.0005384263,0.004201204
597,0.0013778133,0.00039589603,0.0042165015
598,0.001991185,0.0013560489,0.0033790492
599,0.0012810844,0.00031518345,0.004076462
600,0.0016873725,0.00079708814,0.0034207671
601,0.0033767866,0.007063118,0.002357911
602,0.0009250596,0.000105998,0.004601084
603,0.0018140737,0.0010137779,0.0031663987
604,0.0006475676,3.2651536e-05,0.0023494915
605,0.0007290056,4.8974474e-05,0.00272647
606,0.0011893252,0.0002546925,0.0043828697
607,0.0009971843,0.00014245897,0.004196661
608,0.001788265,0.0010064284,0.0034910033
609,0.00477176,0.01620374,0.0022088564
610,0.0052299444,0.018200582,0.0023892352
611,0.0041380925,0.011073373,0.0031043526
612,0.004648094,0.0139968395,0.00312036
613,0.0048031546,0.014557135,0.0033554211
614,0.0035484806,0.006753442,0.0042711375
615,0.0015795338,0.00050912064,0.0063640727
616,0.0019367228,0.0010186663,0.005848033
617,0.0009171312,8.4335305e-05,0.0043239286
618,0.00086287933,6.935097e-05,0.0036212606
619,0.0009577706,9.903785e-05,0.004183647
620,0.0012791483,0.00026429235,0.005606875
621,0.0010263992,0.00012712588,0.0041309283
622,0.0010935368,0.00015804401,0.0046196356
623,0.0056277774,0.0186347,0.0030405794
624,0.004859891,0.014421446,0.0037216907
625,0.0021077613,0.0012684237,0.0060604676
626,0.0010999253,0.0001458304,0.005230953
627,0.0025295762,0.0023386395,0.0049269195
628,0.0011609958,0.00017802884,0.0055400208
629,0.0016753654,0.0006141944,0.0056364858
630,0.0015562841,0.00048764428,0.0059989844
631,0.0011281355,0.00016783149,0.0048785186
632,0.00233704,0.0019129694,0.0046413303
633,0.0029254786,0.0039181462,0.0039696326
634,0.0026796337,0.0029843145,0.0040689977
635,0.0029134762,0.003884594,0.0038177294
636,0.0028349026,0.0035727841,0.0038157012
637,0.0016640191,0.0006329611,0.0048604794
638,0.0023860484,0.002100312,0.0040631406
639,0.0024153723,0.0021993692,0.0039206743
640,0.00087974593,7.691532e-05,0.0033092033
641,0.0021578614,0.0015495772,0.004117039
642,0.0030793247,0.0047854437,0.0033252933
643,0.003291601,0.0057980623,0.0032368286
644,0.0030009064,0.004382435,0.0034292496
645,0.0024733068,0.0023963396,0.0037847487
646,0.0034427715,0.0065644397,0.0031339691
647,0.0014148738,0.000377365,0.00493243
648,0.0012524595,0.00025387685,0.005140815
649,0.0013134085,0.00030084772,0.004796452
650,0.0012628883,0.00026788702,0.005166803
651,0.0012897473,0.00029031374,0.00485291
652,0.00071181735,3.998329e-05,0.0015893518
653,0.00074318645,4.6525274e-05,0.0015951339
654,0.0008706404,7.988376e-05,0.0020584734
655,0.0019274203,0.0011459488,0.0041326266
656,0.002549529,0.0028629983,0.0032920383
657,0.0033933555,0.00675751,0.0027201308
658,0.0017143486,0.00077823224,0.0038429906
659,0.0018431387,0.0010005527,0.0035860345
660,0.0009920262,0.00012752332,0.0032701178
661,0.0013745242,0.0003858027,0.0042722123
662,0.0016085715,0.0006677577,0.0042993715
663,0.0043250527,0.012793066,0.0021014498
664,0.001679423,0.0007746493,0.003173549
665,0.0029909464,0.004995305,0.0021183067
666,0.004531805,0.013729153,0.0015806078
667,0.002927782,0.0045143897,0.0020864534
668,0.002058682,0.0014895877,0.0026589448
669,0.0010229194,0.00014764772,0.002266357
670,0.002158712,0.0018035818,0.0022345923
671,0.0031732344,0.006011611,0.0016444888
672,0.0022476893,0.0020794806,0.0019054328
673,0.0019668348,0.0013623353,0.0019348974
674,0.0025292148,0.0030918925,0.0016195268
675,0.0018573231,0.0011475092,0.0018549949
676,0.0024516862,0.0028493344,0.0016018545
677,0.0031850599,0.006285,0.001370703
678,0.004254581,0.012919825,0.0012127636
679,0.0041672993,0.011983241,0.0013500536
680,0.0031289503,0.005499213,0.0017126765
681,0.0020296606,0.0014118955,0.00230482
682,0.002786218,0.0039121015,0.0019514163
683,0.002300257,0.0021432466,0.0021419628
684,0.0013472681,0.00036958396,0.0028497449
685,0.0014789157,0.00051101117,0.0026127489
686,0.0019336782,0.0012584119,0.0021864932
687,0.0026382515,0.0034462686,0.0018673768
688,0.0041771494,0.012157879,0.0015063678
689,0.001578443,0.00062587427,0.002652631
690,0.0018236259,0.0010223482,0.0023615665
691,0.0016932017,0.0008080174,0.0023765443
692,0.0021122985,0.0016905091,0.0020658774
693,0.0026428853,0.0034760155,0.0018260339
694,0.002193455,0.0019273924,0.0020065506
695,0.0037730497,0.0096039735,0.0015069434
696,0.003872277,0.010030814,0.0016010419
697,0.0031333421,0.0055353437,0.001917911
698,0.002607715,0.0031632336,0.0022875448
699,0.0019892089,0.001329608,0.0026737286
700,0.0026144295,0.00322624,0.0022642363
701,0.004407696,0.013306962,0.001725918
702,0.0012161343,0.00024922178,0.00362775
703,0.00076707266,5.3744057e-05,0.00176606
704,0.0015444472,0.00057114067,0.0040246504
705,0.0011497088,0.00021732882,0.0033059672
706,0.0031665168,0.0058510294,0.002078872
707,0.0028435995,0.0042395154,0.0021212206
708,0.002195238,0.0018827637,0.0024191716
709,0.0035224326,0.007900537,0.0017935408
710,0.0014722244,0.00049956166,0.0028383434
711,0.002877477,0.0044153314,0.0019234712
712,0.0009919197,0.00013450094,0.0028302232
713,0.0014622418,0.00049947697,0.002745264
714,0.0016055269,0.000690727,0.002461316
715,0.0021641473,0.001866125,0.002018831
716,0.0015628497,0.0006442673,0.0023193834
717,0.0014291428,0.0004835277,0.0023450465
718,0.0017291147,0.0009229209,0.0021354898
719,0.00306396,0.0056852316,0.0015574454
720,0.0012778292,0.00033759858,0.002443584
721,0.00096999964,0.00013566793,0.0025525135
722,0.0034917423,0.008231663,0.0013683343
723,0.002854367,0.004572565,0.0015997984
724,0.0022078278,0.0020438042,0.0018454634
725,0.002828632,0.0044558514,0.0016078573
726,0.0011993551,0.0002716614,0.0025049967
727,0.0018914999,0.0012485622,0.0019335051
728,0.002951343,0.005112966,0.0015289208
729,0.0026582142,0.0037078203,0.0016553086
730,0.0025546632,0.00327543,0.0017087556
731,0.0023109554,0.0023893684,0.0018108707
732,0.002301888,0.0023686101,0.0018112051
733,0.0026135202,0.0035421364,0.0016961654
734,0.0014566415,0.0005287409,0.0022973397
735,0.0017762383,0.0010308155,0.0020335747
736,0.0009138137,0.00011296424,0.0027742654
737,0.0024913931,0.0031205101,0.0016443023
738,0.0021668172,0.002004686,0.001780005
739,0.0011423668,0.00024185925,0.002436762
740,0.0007272384,5.3876774e-05,0.001589078
741,0.0023956455,0.002826834,0.001874236
742,0.0023323912,0.0026003001,0.0018973516
743,0.0014576445,0.00055907416,0.002391302
744,0.0017510784,0.0010356596,0.0021265438
745,0.0017786414,0.0010980715,0.0020717385
746,0.0009127052,0.00011937118,0.0028274416
747,0.0019006645,0.0013847455,0.0019439186
748,0.0017641127,0.0010904131,0.0019932794
749,0.0013484244,0.00044974755,0.0022431663
750,0.0016157056,0.000827133,0.0020040195
751,0.0013103969,0.00041484376,0.0021858464
752,0.0015569113,0.0007421053,0.0019630177
753,0.0009414863,0.00013925406,0.0024729066
754,0.0010106701,0.00017774041,0.0023291574
755,0.0010098735,0.00017847224,0.0022716084
756,0.0013492057,0.00047338378,0.0019217917
757,0.0016508806,0.00093236257,0.0017076114
758,0.0016640761,0.00096360507,0.0016821468
759,0.0011171928,0.00025727577,0.002028291
760,0.00084603427,0.0001021525,0.0022771086
761,0.00065423286,4.349565e-05,0.0011457453
762,0.0015117282,0.0007187351,0.0017103608
763,0.00075012085,6.958262e-05,0.0020602895
764,0.0011767654,0.0003155816,0.0018784575
765,0.00078033534,8.035883e-05,0.0022566563
766,0.0015108434,0.0007387788,0.00179196
767,0.0012875145,0.00043635746,0.0019113169
768,0.0010969813,0.00025707876,0.0020294697
769,0.0007301396,6.621819e-05,0.0014614959
770,0.0013788983,0.0005592889,0.0019136502
771,0.0009959411,0.00018967626,0.0021946935
772,0.0009325023,0.0001529389,0.0022023807
773,0.00084195513,0.00010919153,0.0021826385
774,0.0007942115,9.022193e-05,0.0017909756
775,0.00093629886,0.00015713509,0.0020368176
776,0.00068010465,5.4199187e-05,0.00071925414
777,0.0010804043,0.00025799416,0.002226736
778,0.0008401349,0.00011204206,0.0013937895
779,0.0015010685,0.00078831357,0.0019745443
780,0.0018558197,0.0016198122,0.0015906937
781,0.0010070371,0.00021852649,0.0018234156
782,0.00080108433,0.00017007181,0.0007749342
783,0.0009082923,0.00018019318,0.0008874253
784,0.0014686276,0.0008452647,0.0010849341
785,0.0016562723,0.0012933428,0.000868158
786,0.0005487257,0.00015387815,0.00054950465
787,0.0004799614,0.00031830004,0.00046703854
788,0.0011140868,0.000478806,0.0010240359
789,0.0015692938,0.0016104894,0.00084935676
790,0.0014919002,0.0016010092,0.00078477996
791,0.0014513524,0.0014882387,0.0008102965
792,0.0009851162,0.00038858014,0.0010093752
793,0.0013562884,0.0010644568,0.0008176143
794,0.00094991975,0.00031809567,0.0009239026
795,0.00092861545,0.00028998216,0.0008819619
796,0.00126846,0.0008085008,0.0007512687
797,0.00040785983,0.00014423535,0.00039508322
798,0.0012614751,0.00077938364,0.00072460435
799,0.0013835843,0.0010501867,0.00066372426
800,0.0012486776,0.0007449936,0.00068177027
801,0.0011846018,0.00062335347,0.0006864779
802,0.0008576045,0.00021207918,0.0007949632
803,0.00065945473,0.00014067999,0.0006481137
804,0.0008064407,0.0001716686,0.00079658336
805,0.00094987074,0.00029588066,0.0007294645
806,0.0006561439,0.00013388913,0.0006470508
807,0.0008245067,0.00018460416,0.0008501088
808,0.00029533813,0.00013504771,0.00028971653
809,0.0009074236,0.0002529776,0.00079400634
810,0.0012097762,0.00065885234,0.000657437
811,0.0010069843,0.00035840785,0.0006973493
812,0.0009532639,0.00029886726,0.00069651793
813,0.0010069347,0.00035904843,0.000661866
814,0.0008963356,0.00024387974,0.00068879477
815,0.0008587444,0.0002117052,0.0006997846
816,0.0008962365,0.00024527952,0.00072885107
817,0.0009585835,0.00030772743,0.00067313254
818,0.00095967384,0.0003096667,0.00064960006
819,0.00091565493,0.00026562644,0.00065759633
820,0.0011117245,0.0005100432,0.0006326159
821,0.0011461582,0.0005680668,0.00058035227
822,0.0010574206,0.00043700653,0.0005739219
823,0.0009949537,0.000358559,0.00056818215
824,0.00092377095,0.00028120037,0.00057068566
825,0.0008962661,0.00025563987,0.00058340636
826,0.0010186946,0.00039803883,0.00067542354
827,0.0013112882,0.00096866983,0.0005311465
828,0.0011303653,0.0006260169,0.0004822203
829,0.0012649196,0.0009349392,0.00039241152
830,0.0015007672,0.0016606713,0.00032142905
831,0.0016032852,0.0020694705,0.0002889988
832,0.0012903427,0.0010276668,0.00030892747
833,0.0009984171,0.00044310492,0.00033816116
834,0.0009135478,0.00033192136,0.0003413585
835,0.0009857257,0.000429842,0.0003191835
836,0.0014359137,0.0014884776,0.00025799658
837,0.0012324189,0.00090417307,0.00027724387
838,0.00038153632,0.00023088983,0.00034394962
839,0.0010369383,0.0005146765,0.00032209215
840,0.0010325757,0.0005131786,0.00033370435
841,0.0010893517,0.00062194734,0.00029802244
842,0.0003923944,0.00030329567,0.00031749991
843,0.00028220285,0.00024336539,0.00028427795
844,0.0012310421,0.0009878315,0.00026294263
845,0.0012731467,0.0011467946,0.00022412326
846,0.0010362307,0.0005973204,0.00022653166
847,0.00085805455,0.000512912,0.00021458077
848,0.001185622,0.00096910284,0.0001889811
849,0.0013825209,0.0016300536,0.00016122535
850,0.0011461528,0.0008963686,0.00016705242
851,0.0005567665,0.0004450758,0.00017741187
852,5.569542e-05,4.6922563e-05,5.721122e-05
853,0.0004324948,0.00036342384,0.00016723809
854,0.0015247196,0.0024283594,0.000120441575
855,0.0008429811,0.00059921516,0.00014340934
856,0.00039699295,0.0003322418,0.00014510078
857,0.00058808015,0.0004913709,0.00013678803
858,0.000465012,0.00038815208,0.00013083713
859,0.0011338375,0.0009927559,0.00011439058
860,0.00064349215,0.0005362989,0.00012124851
861,0.00065092754,0.00054033403,0.00012681291
862,0.0023372532,0.005257438,8.4226835e-05
863,0.0019080491,0.004289527,8.596618e-05
864,0.0021604805,0.0052315034,7.6390665e-05
865,0.0013631397,0.0019472032,9.575066e-05
866,0.0013403116,0.0018545367,9.401387e-05
867,0.0012066648,0.0013261546,9.7547585e-05
868,0.0012068546,0.0012347475,0.0001192222
869,0.0015897264,0.002775226,9.6503776e-05
870,0.0011630866,0.0012165857,9.927045e-05
871,0.0012066194,0.0013821347,9.231906e-05
872,0.00130192,0.0019882212,8.006323e-05
873,0.001064648,0.0009635406,8.2165e-05
874,0.001178256,0.001577824,7.391702e-05
875,0.0015358088,0.0033452197,6.263899e-05
876,0.0010810051,0.0011820254,7.579405e-05
877,0.0019059216,0.0047162357,5.780888e-05
878,0.0010617679,0.001090097,8.030384e-05
879,0.0010426581,0.0010264065,8.3819534e-05
880,0.002307146,0.006017299,5.51889e-05
881,0.001793358,0.004655271,6.642315e-05
882,0.0016135646,0.003856309,7.3523e-05
883,0.0018757136,0.0051861824,7.1025366e-05
884,0.0020948898,0.0060169273,7.142498e-05
885,0.001259858,0.0016353755,9.982518e-05
886,0.0010468707,0.0008879238,0.000112096684
887,0.0017831103,0.0047248094,8.8674846e-05
888,0.001827042,0.004942823,9.305877e-05
889,0.0010738841,0.00090519973,0.00013006675
890,0.0020219781,0.005924676,0.000103492355
891,0.0019267366,0.0054190676,0.00011364106
892,0.0013925682,0.00195238,0.00014324226
893,0.0009994048,0.00065549073,0.00017377154
894,0.00075952575,0.00039607796,0.00020358906
895,0.00194636,0.005334712,0.00014304977
896,0.0016401615,0.0031090048,0.00016171475
897,0.0012724831,0.0013653259,0.00018838288
898,0.0011758351,0.0010466638,0.00019671755
899,0.0015190783,0.002372774,0.00017914237
900,0.0025257287,0.007630026,0.00013999997
901,0.0013411524,0.0015037515,0.0002104388
902,0.0025240448,0.006608626,0.0002004472
903,0.0015332748,0.0022777638,0.00024789022
904,0.0012631699,0.0012169433,0.0002551046
905,0.0014760995,0.002006855,0.00022335164
906,0.0014067285,0.0017096939,0.00022868742
907,0.00093300204,0.00044263367,0.00027363727
908,0.0013136835,0.0013731014,0.00026502114
909,0.0010935682,0.0007690919,0.00027171246
910,0.0011914893,0.0010420709,0.00023841311
911,0.0032544578,0.006424878,0.00019203355
912,0.0032603291,0.007295017,0.00019757556
913,0.0011430813,0.0010157906,0.00041761418
914,0.0012058633,0.0010616061,0.0004710921
915,0.0011099513,0.0007417248,0.0005062402
916,0.001309885,0.001216343,0.0004665147
917,0.004115019,0.011623596,0.0002595293
918,0.003827774,0.011514207,0.0003098635
919,0.0014202028,0.0013065884,0.0005905093
920,0.001075881,0.00051338243,0.00069378753
921,0.00079820765,0.00018704723,0.0008159384
922,0.0012963675,0.000926551,0.00070544874
923,0.00094309304,0.00031695902,0.0008564637
924,0.0025939792,0.0075710057,0.00052757777
925,0.00328443,0.010733201,0.00049466325
926,0.002211229,0.0043483786,0.0006734196
927,0.0031990982,0.011107509,0.0005791408
928,0.0033251445,0.011742912,0.00063926115
929,0.0039106524,0.013322182,0.00066667807
930,0.0019003906,0.0022007918,0.0011142589
931,0.0008462418,0.00015060537,0.0017005499
932,0.0007354295,9.391086e-05,0.0014807401
933,0.00068401085,7.342504e-05,0.0008466046
934,0.0010222773,0.00027997702,0.0016925745
935,0.001806407,0.0018218643,0.0012591954
936,0.0034002613,0.011183553,0.0009208398
937,0.0011076194,0.00033933154,0.0018160606
938,0.0008200196,0.00012382813,0.0020875887
939,0.0010608108,0.00029268226,0.0019388315
940,0.0011174121,0.0003468439,0.0019087173
941,0.0011215189,0.00035021934,0.0019691105
942,0.0010468451,0.00027768113,0.0021455286
943,0.0012944987,0.00056609465,0.002304495
944,0.0042470954,0.0120647345,0.0011015448
945,0.0041389526,0.0124016,0.0010896542
946,0.004220763,0.013010105,0.0010918649
947,0.0052219625,0.015089905,0.0010347944
948,0.003763063,0.011660752,0.0013682046
949,0.0042276005,0.0143741565,0.0013999016
950,0.0017185934,0.0010387059,0.00248232
951,0.0018826986,0.0014080197,0.002363818
952,0.0038457601,0.011427141,0.0016126889
953,0.0027132744,0.004296808,0.0021072912
954,0.003954109,0.011749638,0.0017643789
955,0.003471361,0.008263276,0.0020695124
956,0.0037910056,0.010132696,0.0020898127
957,0.004018457,0.011365784,0.0021802785
958,0.0031489162,0.0058292733,0.0026788462
959,0.0029708617,0.004869346,0.0028236562
960,0.0037006112,0.008915135,0.002559662
961,0.0015148761,0.0005398718,0.0041887024
962,0.0013782711,0.00039695084,0.0042046914
963,0.0019918357,0.0013595179,0.0033700208
964,0.0012814996,0.00031599906,0.004066315
965,0.0016879124,0.000799099,0.0034126574
966,0.0033778236,0.007077248,0.002352543
967,0.0009253345,0.00010624853,0.004591999
968,0.0018146029,0.0010160871,0.0031603996
969,0.00064775685,3.272684e-05,0.0023493934
970,0.0007292164,4.9086528e-05,0.0027263586
971,0.0011896624,0.0002552652,0.0043753395
972,0.0009974632,0.00014277417,0.00419647
973,0.0017887458,0.0010085495,0.003485393
974,0.0047729453,0.01622114,0.0022054722
975,0.005231065,0.018197266,0.0023861902
976,0.0041389638,0.011086637,0.003100586
977,0.0046489583,0.014009837,0.0031172393
978,0.0048039397,0.01456876,0.003352762
979,0.0035490026,0.0067602475,0.0042685685
980,0.0015797542,0.0005097066,0.00636109
981,0.0019369858,0.0010197934,0.005845582
982,0.00091725274,8.4427935e-05,0.004323675
983,0.000862991,6.9425296e-05,0.003621052
984,0.00095789024,9.914088e-05,0.0041834116
985,0.0012793012,0.00026455725,0.0056065745
986,0.0010265139,0.00012724719,0.004130732
987,0.0010936523,0.0001581886,0.004619435
988,0.0056283027,0.018633047,0.0030394206
989,0.0048603243,0.014428419,0.0037202847
990,0.0021079297,0.0012693411,0.006058821
991,0.0011000098,0.00014593538,0.005230753
992,0.002529761,0.0023401717,0.004925758
993,0.0011610779,0.00017814817,0.0055398108
994,0.0016754788,0.0006145903,0.0056353975
995,0.0015563862,0.00048795133,0.0059979586
996,0.0011282063,0.00016793454,0.0048783426
997,0.0023371784,0.0019140521,0.00464054
998,0.0029256376,0.0039201207,0.003968981
999,0.0026797664,0.002985764,0.0040684217
1000,0.0029136091,0.003886322,0.003817263
1001,0.0028350202,0.0035742891,0.003815328
1002,0.0016640833,0.0006332369,0.004860121
1003,0.002386135,0.0021011594,0.0040628742
1004,0.002415453,0.0022002112,0.003920468
1005,0.0008797741,7.6945325e-05,0.0033091079
1006,0.0021579256,0.001550139,0.004116885
1007,0.0030794071,0.004786928,0.003325189
1008,0.003291677,0.005799668,0.003236786
1009,0.0030009658,0.004383606,0.0034292715
1010,0.0024733501,0.0023969752,0.0037848325
1011,0.0034428227,0.0065658647,0.0031340662
1012,0.0014148916,0.00037745718,0.004932667
1013,0.0012524739,0.00025393703,0.005141074
1014,0.0013134222,0.00030091655,0.0047966945
1015,0.0012629002,0.00026794622,0.0051670754
1016,0.001289757,0.00029037497,0.0048531513
1017,0.0007118214,3.9991384e-05,0.0015893183
1018,0.00074318994,4.6534336e-05,0.0015951018
1019,0.0008706433,7.989858e-05,0.0020584348
1020,0.0019274203,0.0011461355,0.004132648
1021,0.002549522,0.0028634022,0.0032919636
1022,0.0033933395,0.006758268,0.0027200372
1023,0.0017143367,0.00077832735,0.0038428677
1024,0.0018431243,0.0010006673,0.0035859137
1025,0.0009920173,0.00012753757,0.0032700964
1026,0.001374511,0.00038584307,0.0042720535
1027,0.0016085547,0.00066782243,0.0042991624
1028,0.004324995,0.012792962,0.0021013622
1029,0.0016793971,0.00077470555,0.0031734088
1030,0.0029908973,0.0049955957,0.0021182017
1031,0.004531728,0.013729068,0.0015805273
1032,0.0029277299,0.00451461,0.0020863453
1033,0.0020586436,0.0014896593,0.0026588198
1034,0.0010228998,0.00014765453,0.0022663556
1035,0.0021586707,0.0018036547,0.0022344925
1036,0.003173174,0.006011806,0.0016444165
1037,0.0022476444,0.0020795492,0.0019053568
1038,0.0019667952,0.0013623781,0.0019348247
1039,0.0025291655,0.003091981,0.0016194677
1040,0.0018572862,0.001147541,0.0018549354
1041,0.002451638,0.0028494052,0.0016018051
1042,0.003184997,0.006285126,0.0013706639
1043,0.0042544985,0.012919995,0.0012127329
1044,0.0041672196,0.01198338,0.0013500258
1045,0.0031288892,0.005499283,0.0017126468
1046,0.002029621,0.0014119133,0.0023047873
1047,0.0027861642,0.003912144,0.0019513902
1048,0.0023002129,0.0021432668,0.0021419388
1049,0.0013472418,0.00036958713,0.0028497176
1050,0.0014788862,0.00051101524,0.0026127256
1051,0.0019336406,0.0012584206,0.0021864774
1052,0.002638201,0.0034462893,0.0018673657
1053,0.004177072,0.012157919,0.0015063623
1054,0.0015784123,0.00062587595,0.0026526286
1055,0.001823591,0.0010223492,0.0023615705
1056,0.0016931687,0.00080801727,0.0023765513
1057,0.0021122585,0.0016905076,0.0020658849
1058,0.0026428353,0.0034760078,0.0018260432
1059,0.002193413,0.0019273853,0.002006564
1060,0.0037729791,0.009603937,0.0015069557
1061,0.0038722055,0.010030778,0.0016010539
1062,0.003133284,0.005535313,0.0019179301
1063,0.0026076671,0.0031632145,0.0022875648
1064,0.0019891718,0.0013295976,0.0026737556
1065,0.0026143796,0.0032262113,0.0022642636
1066,0.0044076177,0.0133068785,0.00172594
1067,0.0012161115,0.0002492192,0.0036277957
1068,0.0007670582,5.3743417e-05,0.0017660588
1069,0.0015444179,0.0005711337,0.004024706
1070,0.0011496866,0.00021732523,0.0033059653
1071,0.0031664579,0.00585094,0.0020789201
1072,0.002843547,0.0042394437,0.0021212727
1073,0.0021951976,0.0018827295,0.0024192312
1074,0.003522369,0.007900413,0.0017935879
1075,0.0014721974,0.0004995516,0.0028384214
1076,0.002877426,0.0044152476,0.0019235257
1077,0.0009919014,0.000134498,0.0028302206
1078,0.0014622152,0.0004994657,0.0027453452
1079,0.0016054974,0.00069071056,0.0024613934
1080,0.002164108,0.0018660792,0.002018897
1081,0.0015628206,0.0006442504,0.0023194614
1082,0.0014291161,0.00048351457,0.0023451268
1083,0.0017290821,0.0009228947,0.0021355676
1084,0.0030639044,0.005685092,0.0015575035
1085,0.0012778057,0.000337589,0.0024436715
1086,0.00096998183,0.00013566401,0.0025525112
1087,0.0034916801,0.00823147,0.0013683888
1088,0.002854317,0.0045724497,0.0015998582
1089,0.002207789,0.0020437494,0.0018455302
1090,0.0028285838,0.004455742,0.0016079147
1091,0.0011993345,0.00027165393,0.0025050803
1092,0.0018914678,0.001248528,0.00193357
1093,0.0029512944,0.005112841,0.0015289722
1094,0.00265817,0.0037077274,0.001655362
1095,0.0025546206,0.0032753495,0.0017088075
1096,0.002310917,0.0023893078,0.0018109242
1097,0.0023018506,0.00236855,0.0018112569
1098,0.0026134779,0.0035420498,0.0016962123
1099,0.0014566175,0.0005287268,0.002297401
1100,0.001776209,0.0010307875,0.0020336288
1101,0.0009137982,0.00011296102,0.002774339
1102,0.002491352,0.0031204266,0.0016443449
1103,0.0021667818,0.0020046304,0.0017800494
1104,0.0011423482,0.00024185238,0.0024368207
1105,0.00072722643,5.3875214e-05,0.0015890781
1106,0.0023956064,0.0028267559,0.0018742832
1107,0.0023323528,0.0026002275,0.0018973986
1108,0.0014576208,0.0005590577,0.002391359
1109,0.00175105,0.0010356294,0.002126595
1110,0.0017786124,0.0010980386,0.0020717878
1111,0.0009126906,0.00011936755,0.002827508
1112,0.0019006346,0.0013847043,0.0019439651
1113,0.0017640849,0.0010903808,0.001993327
1114,0.0013484034,0.00044973363,0.0022432213
1115,0.0016156802,0.0008271071,0.0020040686
1116,0.0013103766,0.00041483025,0.0021859
1117,0.0015568872,0.00074208097,0.0019630673
1118,0.0009414717,0.00013924936,0.0024729664
1119,0.0010106545,0.00017773433,0.0023292154
1120,0.0010098579,0.00017846616,0.0022716657
1121,0.0013491852,0.000473368,0.0019218386
1122,0.0016508558,0.000932331,0.0017076548
1123,0.0016640506,0.00096357154,0.0016821903
1124,0.0011171754,0.0002572666,0.0020283435
1125,0.0008460215,0.00010214886,0.0022771657
1126,0.00065422273,4.3494074e-05,0.0011457461
1127,0.0015117048,0.00071870914,0.0017104049
1128,0.0007501092,6.9580004e-05,0.002060291
1129,0.0011767473,0.00031556937,0.0018785102
1130,0.00078032364,8.035577e-05,0.0022567157
1131,0.0015108201,0.0007387509,0.0017920086
1132,0.0012874948,0.00043634084,0.0019113675
1133,0.0010969643,0.00025706878,0.0020295265
1134,0.00073012826,6.621555e-05,0.0014614969
1135,0.0013788774,0.0005592666,0.0019137069
1136,0.0009959256,0.00018966832,0.0021947615
1137,0.00093248795,0.00015293252,0.0022024526
1138,0.00084194174,0.00010918681,0.0021826397
1139,0.0007941991,9.021799e-05,0.0017909765
1140,0.0009362843,0.00015712822,0.0020368905
1141,0.00068009406,5.4196815e-05,0.00071925437
1142,0.0010803875,0.0002579828,0.0022268177
1143,0.0008401222,0.00011203699,0.0013937897
1144,0.0015010454,0.00078827806,0.0019746346
1145,0.0018557927,0.0016197391,0.0015907722
1146,0.001007023,0.00021851574,0.0018235128
1147,0.0008010867,0.00017006326,0.0007749337
1148,0.0009082947,0.00018018394,0.0008874246
1149,0.0014686097,0.0008452219,0.0010850034
1150,0.0016562532,0.0012932782,0.0008682152
1151,0.0005487268,0.0001538702,0.0005495039
1152,0.00047996227,0.00031828365,0.0004670379
1153,0.0011140881,0.00047878036,0.0010241094
1154,0.001569282,0.0016104061,0.00084941596
1155,0.0014918908,0.0016009293,0.0007848333
1156,0.0014513463,0.0014881744,0.000810345
1157,0.0009851144,0.00038856713,0.0010094226
1158,0.0013562865,0.0010644279,0.00081764866
1159,0.00094991893,0.00031808802,0.000923937
1160,0.0009286149,0.00028997584,0.0008819923
1161,0.0012684593,0.000808485,0.00075129315
1162,0.00040785954,0.00014423269,0.00039508299
1163,0.0012614751,0.00077937054,0.00072462414
1164,0.0013835847,0.0010501706,0.0006637415
1165,0.001248678,0.00074498274,0.00068178715
1166,0.0011846024,0.000623345,0.0006864935
1167,0.0008576049,0.00021207645,0.00079498003
1168,0.00065945426,0.00014067824,0.00064811343
1169,0.00080644106,0.00017166647,0.00079659873
1170,0.00094987114,0.0002958773,0.0007294769
1171,0.0006561434,0.00013388754,0.0006470506
1172,0.0008245075,0.00018460215,0.0008501216
1173,0.00029533793,0.00013504643,0.00028971647
1174,0.00090742443,0.0002529756,0.0007940153
1175,0.0012097777,0.00065884774,0.00065744383
1176,0.0010069857,0.00035840544,0.00069735624
1177,0.0009532647,0.0002988653,0.0006965248
1178,0.0010069356,0.00035904636,0.0006618719
1179,0.00089633645,0.00024387836,0.0006888006
1180,0.0008587452,0.00021170422,0.0006997899
1181,0.0008962374,0.00024527835,0.00072885555
1182,0.00095858437,0.00030772627,0.0006731364
1183,0.0009596751,0.0003096654,0.0006496037
1184,0.0009156562,0.00026562557,0.0006575994
1185,0.001111726,0.0005100415,0.00063261884
1186,0.0011461598,0.0005680652,0.00058035506
1187,0.001057422,0.00043700548,0.0005739241
1188,0.0009949546,0.00035855794,0.00056818465
1189,0.0009237723,0.00028119984,0.0005706876
1190,0.00089626724,0.00025563964,0.00058340776
1191,0.001018696,0.00039803848,0.0006754245
1192,0.0013112904,0.0009686706,0.0005311465
1193,0.0011303669,0.0006260179,0.0004822194
1194,0.0012649217,0.00093494175,0.0003924104
1195,0.00150077,0.0016606774,0.00032142794
1196,0.0016032882,0.0020694772,0.00028899784
1197,0.0012903451,0.0010276699,0.0003089263
1198,0.000998419,0.0004431068,0.0003381594
1199,0.0009135495,0.00033192258,0.00034135688
1200,0.0009857274,0.0004298438,0.000319182
1201,0.0014359158,0.0014884837,0.00025799527
1202,0.0012324206,0.00090417685,0.00027724254
1203,0.00038153617,0.00023089068,0.00034394802
1204,0.0010369398,0.0005146789,0.0003220906
1205,0.0010325771,0.000513181,0.00033370274
1206,0.0010893537,0.00062195025,0.000298021
1207,0.00039239426,0.00030329725,0.00031749814
1208,0.00028220273,0.0002433653,0.00028427795
1209,0.0012310441,0.0009878374,0.0002629405
1210,0.0012731489,0.0011468016,0.00022412137
1211,0.0010362321,0.00059732504,0.00022652952
1212,0.00085805426,0.0005129159,0.00021457841
1213,0.0011856238,0.00096911046,0.00018897901
1214,0.001382523,0.0016300656,0.0001612236
1215,0.0011461544,0.0008963754,0.00016705068
1216,0.0005567664,0.00044507935,0.00017740992
1217,5.569536e-05,4.6922534e-05,5.7211233e-05
1218,0.00043249468,0.00036342363,0.00016723601
1219,0.0015247217,0.002428377,0.000120440134
1220,0.000842981,0.0005992198,0.00014340758
1221,0.0003969929,0.00033224162,0.00014509892
1222,0.00058808003,0.0004913707,0.0001367864
1223,0.00046501195,0.00038815185,0.00013083557
1224,0.0011338386,0.0009927636,0.000114389164
1225,0.0006434921,0.0005362986,0.00012124701
1226,0.0006509275,0.0005403337,0.0001268114
1227,0.002337255,0.005257435,8.422579e-05
1228,0.0019080509,0.0042895246,8.59652e-05
1229,0.002160482,0.0052315006,7.6389755e-05
1230,0.001363141,0.0019472172,9.5749514e-05
1231,0.0013403125,0.0018545502,9.40128e-05
1232,0.0012066656,0.0013261643,9.754647e-05
1233,0.0012068558,0.0012347468,0.00011922084
1234,0.0015897279,0.0027752244,9.650268e-05
1235,0.0011630874,0.0012165852,9.926937e-05
1236,0.0012066202,0.0013821339,9.231799e-05
1237,0.0013019211,0.00198822,8.0062324e-05
1238,0.0010646485,0.00096354005,8.2164064e-05
1239,0.0011782562,0.0015778354,7.391625e-05
1240,0.0015358088,0.003345218,6.263841e-05
1241,0.0010810051,0.0011820325,7.579337e-05
1242,0.0019059216,0.004716234,5.7808335e-05
1243,0.0010617675,0.0010901033,8.030315e-05
1244,0.0010426581,0.0010264124,8.381878e-05
1245,0.002307146,0.006017296,5.5188404e-05
1246,0.0017933577,0.0046552685,6.6422544e-05
1247,0.0016135637,0.0038563234,7.3522475e-05
1248,0.0018757127,0.005186181,7.102493e-05
1249,0.0020948888,0.006016926,7.142457e-05
1250,0.0012598574,0.00163538,9.98246e-05
1251,0.0010468701,0.0008879263,0.000112096044
1252,0.0017831094,0.0047248206,8.867434e-05
1253,0.0018270412,0.004942836,9.3058195e-05
1254,0.0010738836,0.0009052014,0.00013006605
1255,0.002021977,0.0059246747,0.000103491766
1256,0.0019267357,0.005419079,0.00011364042
1257,0.0013925676,0.001952385,0.00014324143
1258,0.0009994044,0.0006554924,0.00017377055
1259,0.000759526,0.00039607927,0.0002035879
1260,0.0019463592,0.005334726,0.00014304895
1261,0.0016401608,0.0031090127,0.00016171398
1262,0.0012724826,0.001365329,0.00018838217
1263,0.0011758349,0.0010466663,0.00019671662
1264,0.0015190778,0.0023727787,0.00017914169
1265,0.002525728,0.0076300246,0.00013999951
1266,0.001341152,0.0015037543,0.000210438
1267,0.0025240437,0.0066086254,0.00020044671
1268,0.0015332741,0.0022777664,0.00024788963
1269,0.0012631695,0.0012169435,0.0002551042
1270,0.0014760988,0.002006855,0.00022335142
1271,0.0014067275,0.0017096924,0.00022868742
1272,0.0009330012,0.00044263282,0.00027363768
1273,0.0013136825,0.0013730988,0.00026502175
1274,0.0010935672,0.00076908915,0.00027171362
1275,0.0011914882,0.0010420677,0.000238414
1276,0.0032544541,0.0064248797,0.00019203464
1277,0.0032603254,0.00729502,0.00019757697
1278,0.0011430803,0.0010157832,0.0004176179
1279,0.001205862,0.0010615982,0.0004710963
1280,0.0011099504,0.00074171973,0.00050624454
1281,0.0013098837,0.001216335,0.00046651892
1282,0.0041150167,0.011623602,0.00025953187
1283,0.003827772,0.011514214,0.00030986647
1284,0.0014202021,0.0013065801,0.000590515
1285,0.00107588,0.0005133791,0.000693794
1286,0.0007982073,0.00018704598,0.00081594614
1287,0.0012963667,0.00092654466,0.0007054554
1288,0.00094309263,0.00031695724,0.0008564706
1289,0.0025939774,0.0075709694,0.000527582
1290,0.0032844283,0.010733207,0.00049466727
1291,0.0022112282,0.004348358,0.00067342445
1292,0.0031990977,0.011107514,0.00057914434
1293,0.0033251436,0.011742917,0.00063926534
1294,0.0039106505,0.013322188,0.00066668243
1295,0.0019003901,0.002200784,0.0011142656
1296,0.0008462413,0.00015060477,0.0017005589
1297,0.0007354291,9.39105e-05,0.00148074
1298,0.00068401056,7.342476e-05,0.0008466046
1299,0.0010222773,0.00027997623,0.0016925812
1300,0.0018064065,0.0018218593,0.0012592
1301,0.0034002606,0.011183532,0.00092084333
1302,0.0011076194,0.00033933044,0.001816068
1303,0.0008200196,0.00012382779,0.002087595
1304,0.0010608108,0.00029268168,0.0019388361
1305,0.0011174121,0.00034684344,0.0019087202
1306,0.0011215189,0.00035021917,0.0019691119
1307,0.0010468451,0.000277681,0.00214553
1308,0.0012944989,0.00056609465,0.002304495
1309,0.0042470954,0.0120647345,0.0011015448
1310,0.004138953,0.0124016,0.0010896542
1311,0.0042207646,0.013010105,0.0010918649
1312,0.0052219625,0.015089905,0.0010347944
1313,0.003763063,0.011660753,0.0013682046
1314,0.0042276005,0.0143741565,0.0013999016
1315,0.0017185938,0.0010387059,0.00248232
1316,0.0018826991,0.0014080199,0.002363818
1317,0.0038457601,0.011427142,0.0016126889
1318,0.002713275,0.0042968085,0.0021072912
1319,0.0039541097,0.011749639,0.0017643789
1320,0.0034713617,0.008263277,0.0020695124
1321,0.0037910065,0.010132696,0.0020898127
1322,0.004018458,0.011365784,0.0021802785
1323,0.003148917,0.0058292737,0.0026788462
1324,0.0029708617,0.004869346,0.0028236562
1325,0.0037006112,0.008915136,0.002559662
1326,0.0015148765,0.0005398718,0.0041887024
1327,0.0013782715,0.00039695084,0.0042046914
1328,0.0019918361,0.0013595179,0.0033700208
1329,0.0012815,0.00031599918,0.004066315
1330,0.0016879129,0.000799099,0.0034126574
1331,0.0033778248,0.007077248,0.002352543
1332,0.00092533487,0.00010624853,0.004591999
1333,0.0018146032,0.0010160874,0.0031603996
1334,0.00064775685,3.272684e-05,0.0023493934
1335,0.0007292164,4.9086528e-05,0.0027263586
1336,0.0011896626,0.0002552652,0.0043753395
1337,0.0009974632,0.00014277417,0.00419647
1338,0.0017887462,0.0010085495,0.003485393
1339,0.0047729462,0.01622114,0.0022054722
1340,0.005231065,0.018197266,0.0023861902
1341,0.0041389647,0.011086637,0.003100586
1342,0.0046489597,0.014009837,0.0031172393
1343,0.004803941,0.01456876,0.003352762
1344,0.0035490033,0.006760249,0.0042685685
1345,0.0015797551,0.0005097071,0.006361087
1346,0.0019369863,0.001019794,0.0058455784
1347,0.00091725314,8.442802e-05,0.004323675
1348,0.0008629913,6.942536e-05,0.003621052
1349,0.00095789065,9.9140976e-05,0.0041834116
1350,0.0012793019,0.0002645575,0.0056065745
1351,0.0010265139,0.0001272473,0.004130732
1352,0.0010936523,0.00015818869,0.004619435
1353,0.005628304,0.018633047,0.0030394178
1354,0.0048603253,0.014428425,0.003720282
1355,0.0021079301,0.0012693424,0.006058816
1356,0.0011000105,0.00014593553,0.005230753
1357,0.0025297618,0.0023401736,0.004925754
1358,0.0011610785,0.00017814843,0.0055398103
1359,0.0016754793,0.0006145913,0.0056353933
1360,0.0015563866,0.00048795206,0.005997955
1361,0.0011282067,0.00016793488,0.004878342
1362,0.002337179,0.0019140551,0.0046405364
1363,0.002925639,0.003920123,0.003968981
1364,0.002679767,0.0029857664,0.0040684217
1365,0.0029136098,0.003886325,0.003817263
1366,0.002835021,0.0035742922,0.003815328
1367,0.0016640838,0.0006332373,0.0048601218
1368,0.0023861355,0.002101161,0.004062875
1369,0.0024154535,0.002200213,0.003920468
1370,0.0008797741,7.694536e-05,0.0033091076
1371,0.002157926,0.0015501404,0.004116885
1372,0.0030794078,0.004786931,0.003325189
1373,0.003291678,0.0057996716,0.003236786
1374,0.0030009663,0.004383609,0.0034292724
1375,0.0024733506,0.002396977,0.0037848332
1376,0.0034428244,0.0065658684,0.0031340662
1377,0.0014148919,0.00037745733,0.004932667
1378,0.0012524741,0.00025393715,0.005141074
1379,0.0013134226,0.0003009168,0.0047966945
1380,0.0012629004,0.00026794634,0.0051670754
1381,0.0012897573,0.0002903752,0.0048531513
1382,0.0007118217,3.999142e-05,0.0015893183
1383,0.0007431903,4.653438e-05,0.0015951013
1384,0.00087064365,7.989865e-05,0.0020584348
1385,0.0019274206,0.0011461363,0.004132649
1386,0.0025495228,0.0028634048,0.0032919636
1387,0.0033933402,0.006758272,0.0027200368
1388,0.0017143372,0.00077832787,0.0038428644
1389,0.0018431246,0.0010006682,0.0035859104
1390,0.0009920178,0.00012753769,0.0032700964
1391,0.0013745113,0.00038584345,0.0042720507
1392,0.0016085551,0.0006678229,0.00429916
1393,0.004324996,0.012792961,0.0021013601
1394,0.0016793973,0.0007747063,0.003173404
1395,0.002990898,0.004995598,0.0021181982
1396,0.004531729,0.0137290675,0.0015805258
1397,0.0029277306,0.0045146127,0.0020863432
1398,0.002058644,0.0014896608,0.0026588181
1399,0.0010228998,0.00014765459,0.0022663556
1400,0.0021586712,0.0018036562,0.0022344906
1401,0.0031731748,0.00601181,0.0016444153
1402,0.0022476455,0.0020795509,0.0019053556
1403,0.0019667957,0.0013623791,0.0019348229
1404,0.0025291662,0.0030919828,0.0016194667
1405,0.0018572867,0.001147542,0.0018549338
1406,0.0024516385,0.002849407,0.0016018039
1407,0.003184998,0.00628513,0.0013706629
1408,0.0042544995,0.0129200015,0.0012127317
1409,0.0041672196,0.011983386,0.0013500245
1410,0.00312889,0.005499286,0.0017126452
1411,0.002029621,0.0014119141,0.0023047857
1412,0.0027861642,0.0039121467,0.0019513884
1413,0.0023002129,0.002143268,0.0021419371
1414,0.0013472418,0.00036958748,0.0028497155
1415,0.0014788868,0.0005110155,0.0026127237
1416,0.0019336406,0.0012584217,0.002186476
1417,0.002638201,0.0034462905,0.0018673646
1418,0.004177072,0.012157924,0.0015063614
1419,0.0015784123,0.0006258765,0.0026526267
1420,0.001823591,0.0010223502,0.0023615684
1421,0.001693169,0.00080801785,0.0023765496
1422,0.0021122585,0.0016905089,0.0020658835
1423,0.0026428353,0.0034760102,0.0018260418
1424,0.002193413,0.0019273867,0.0020065622
1425,0.00377298,0.009603943,0.0015069545
1426,0.0038722062,0.010030783,0.0016010527
1427,0.003133284,0.0055353167,0.0019179287
1428,0.0026076671,0.0031632166,0.0022875632
1429,0.0019891718,0.0013295986,0.0026737538
1430,0.00261438,0.0032262143,0.0022642615
1431,0.0044076177,0.013306886,0.0017259389
1432,0.0012161115,0.00024921945,0.0036277922
1433,0.0007670582,5.374347e-05,0.0017660588
1434,0.0015444179,0.000571134,0.0040247026
1435,0.0011496872,0.00021732543,0.0033059653
1436,0.0031664583,0.0058509433,0.0020789187
1437,0.002843547,0.0042394437,0.0021212727
1438,0.0021951976,0.0018827295,0.0024192312
1439,0.003522369,0.007900413,0.0017935879
1440,0.0014721974,0.0004995516,0.0028384214
1441,0.002877426,0.0044152476,0.0019235257
1442,0.0009919014,0.000134498,0.0028302206
1443,0.0014622152,0.0004994657,0.0027453452
1444,0.0016054974,0.00069071056,0.0024613934
1445,0.002164108,0.0018660792,0.002018897
1446,0.0015628206,0.0006442504,0.0023194614
1447,0.0014291161,0.00048351457,0.0023451268
1448,0.0017290821,0.0009228947,0.0021355676
1449,0.0030639044,0.005685092,0.0015575035
1450,0.0012778057,0.000337589,0.0024436715
1451,0.00096998183,0.00013566401,0.0025525112
1452,0.0034916801,0.00823147,0.0013683888
1453,0.002854317,0.0045724497,0.0015998582
1454,0.002207789,0.0020437494,0.0018455302
1455,0.0028285838,0.004455742,0.0016079147
1456,0.0011993345,0.00027165393,0.0025050803
1457,0.0018914678,0.001248528,0.00193357
1458,0.0029512944,0.005112841,0.0015289722
1459,0.00265817,0.0037077274,0.001655362
1460,0.0010237443,0.00016121325,0.0026884105
1461,0.00076929864,6.244132e-05,0.0016506801
1462,0.0007967381,7.069558e-05,0.0018529297
1463,0.00080665376,7.421187e-05,0.0018941811
1464,0.0012354723,0.00031151727,0.0022960794
1465,0.0019742996,0.0014909296,0.0018170184
1466,0.001276623,0.0003536077,0.0022280687
1467,0.00075709424,6.201998e-05,0.0014497818
1468,0.001080271,0.00020513411,0.0023088783
1469,0.0018428928,0.0012246701,0.0017269987
1470,0.0018872835,0.0013337475,0.0016865543
1471,0.0012191995,0.00031464774,0.0020747832
1472,0.0008656653,0.000100795056,0.0023970983
1473,0.0011298311,0.0002477143,0.002058017
1474,0.00071062305,5.2886953e-05,0.0011837938
1475,0.0009569147,0.00014460314,0.0023800798
1476,0.0020298488,0.0017705808,0.0015855245
1477,0.00093528046,0.00013569713,0.0023290096
1478,0.0019532328,0.0015818193,0.0015667817
1479,0.0014543553,0.00060130964,0.0018005525
1480,0.0010934328,0.00023375453,0.0020329468
1481,0.0011566186,0.000284212,0.0019285688
1482,0.0016275052,0.0008934393,0.00159108
1483,0.0012787343,0.00040343413,0.0017711702
1484,0.00074055645,6.5360175e-05,0.0013863397
1485,0.0013956177,0.00054868654,0.0017505469
1486,0.0016542079,0.0009715245,0.0015753922
1487,0.0007320321,6.431335e-05,0.0010856378
1488,0.00082243205,9.538769e-05,0.0019640545
1489,0.00079292955,8.4929634e-05,0.001689347
1490,0.00077106,7.807807e-05,0.0010890594
1491,0.0015488865,0.00080700306,0.0016456458
1492,0.0016992523,0.0011035746,0.0015296135
1493,0.0016176709,0.0009441319,0.0015371459
1494,0.0014551999,0.0006691822,0.0015898735
1495,0.0016198994,0.00096091686,0.0014763016
1496,0.001405926,0.0006045162,0.0015609824
1497,0.001398757,0.00059826963,0.0015367751
1498,0.0012725974,0.00043953757,0.0015836797
1499,0.0014802561,0.000731521,0.0014423861
1500,0.001187029,0.00035288432,0.0015891006
1501,0.0013929552,0.000605276,0.0014418295
1502,0.0007895197,9.136094e-05,0.0017382627
1503,0.0012023757,0.00037499037,0.0015140129
1504,0.0013335826,0.0005329524,0.0014167489
1505,0.0014289708,0.00067465904,0.0013514684
1506,0.0015056906,0.00080706977,0.0013032508
1507,0.0013736357,0.000598491,0.0013536151
1508,0.0012033527,0.00038735432,0.0014311299
1509,0.0013265555,0.00053919386,0.0013458681
1510,0.0013723001,0.0006070444,0.0013098319
1511,0.0016701772,0.0011685146,0.0011765049
1512,0.0009841352,0.00020216298,0.0015289601
1513,0.0007535919,8.322314e-05,0.0017184828
1514,0.0008508108,0.0001254304,0.0015901279
1515,0.0015826692,0.0009973971,0.0011579382
1516,0.0013095309,0.00053492194,0.0012696792
1517,0.0009166558,0.00016348103,0.0015073603
1518,0.0009190749,0.00016574143,0.0014839148
1519,0.0009589465,0.00019198089,0.0014328132
1520,0.0015702165,0.0009960661,0.001105765
1521,0.0011491645,0.00035483667,0.0012904159
1522,0.0008082673,0.000110024426,0.0015212401
1523,0.0010583698,0.00027222754,0.0013134269
1524,0.00071150594,7.253697e-05,0.0015825762
1525,0.000992138,0.00022159435,0.0013495943
1526,0.0008044192,0.000110429406,0.0014801058
1527,0.0007200014,7.65808e-05,0.0015563683
1528,0.0009625723,0.0002031546,0.0013534611
1529,0.0007977285,0.00010890162,0.0014682312
1530,0.00064369355,5.3418367e-05,0.0007202475
1531,0.00080236944,0.00011194647,0.0014917906
1532,0.0008210645,0.000121377685,0.0014607069
1533,0.0006726841,6.266129e-05,0.0008570407
1534,0.0006124488,6.106915e-05,0.00060106616
1535,0.0008510226,0.00013858125,0.0015904062
1536,0.0009956022,0.00023472146,0.0014457523
1537,0.000766612,9.824986e-05,0.0014706827
1538,0.0007749093,0.00010251505,0.0011201726
1539,0.00088729727,0.00016144475,0.001600118
1540,0.0009907993,0.00023395967,0.0014746728
1541,0.000978885,0.00022529029,0.0014503201
1542,0.00075098994,9.318813e-05,0.0009792942
1543,0.0011045971,0.00033979167,0.0014104437
1544,0.0010959025,0.00033196603,0.0013721772
1545,0.00094044284,0.00019977584,0.0014409992
1546,0.0007180499,8.747484e-05,0.0007020047
1547,0.00067407486,8.540201e-05,0.000659554
1548,0.0012859645,0.0005714582,0.0012164615
1549,0.0011470389,0.00039188753,0.0012577694
1550,0.0011142327,0.00035697242,0.0012475405
1551,0.0010271185,0.0002729774,0.0012729546
1552,0.0008256564,0.0001320722,0.0013993882
1553,0.0008822719,0.00016541526,0.001342294
1554,0.0010443171,0.00029145484,0.0012084446
1555,0.00081436173,0.00012739419,0.0013445414
1556,0.00082040887,0.00013135477,0.0012984114
1557,0.0006199297,0.00026343798,0.00058158743
1558,0.0016676945,0.0016246256,0.0016999495
1559,0.0012245998,0.0006213626,0.0021598823
1560,0.0010363008,0.0003233306,0.00201093
1561,0.000840144,0.0001385717,0.001123867
1562,0.00030333415,8.097987e-05,0.00027683843
1563,0.0008869823,0.00014840308,0.0016364033
1564,0.0010587143,0.0002638333,0.0027392216
1565,0.0007817139,9.5246665e-05,0.0008897092
1566,0.00087551813,0.00013878803,0.0017258046
1567,0.0006328174,8.114568e-05,0.000602796
1568,0.0007342325,9.467865e-05,0.00069881324
1569,0.00096501544,0.00019328225,0.002088567
1570,0.0008486428,0.00012643453,0.001422397
1571,0.0006089839,8.427496e-05,0.0005899621
1572,0.00061689847,8.335168e-05,0.0005995155
1573,0.0009683286,0.00019835842,0.0016936851
1574,0.0010735673,0.0002815709,0.0015484131
1575,0.0012239574,0.00043857613,0.0014038141
1576,0.0011634933,0.00037263156,0.0014132916
1577,0.0011654773,0.00037699254,0.001385552
1578,0.000286812,8.828537e-05,0.0002786438
1579,0.00083900045,0.0001274029,0.0010419074
1580,0.0010108856,0.00023939849,0.0014383411
1581,0.0012954626,0.0005521718,0.0012111191
1582,0.001211732,0.00044557292,0.0011952128
1583,0.0012382924,0.0004825999,0.0011408742
1584,0.00085023645,0.00013854263,0.0013063453
1585,0.0011244827,0.00035595903,0.0012023741
1586,0.0010686436,0.00030319035,0.0011601072
1587,0.0015566009,0.0010662781,0.0009251411
1588,0.0012236566,0.0004840926,0.0010061547
1589,0.0010037916,0.0002520685,0.0010754674
1590,0.0010479895,0.00029324082,0.0010158129
1591,0.00082699134,0.0001338506,0.0010530469
1592,0.00053853326,0.00012383802,0.00053489
1593,0.0009382959,0.00020826941,0.0011366374
1594,0.0012230319,0.0005125967,0.00089045585
1595,0.00092146563,0.00020231353,0.0009615464
1596,0.0013040962,0.00066772883,0.0012543274
1597,0.0021822837,0.004383784,0.0007976843
1598,0.0019769252,0.0036316693,0.00078796357
1599,0.0017106165,0.0022897106,0.00086518313
1600,0.0017549375,0.0023548654,0.0008399611
1601,0.0016427333,0.0018344491,0.0008213665
1602,0.0016930272,0.0019745806,0.0007649001
1603,0.0013163905,0.0008554129,0.00083984516
1604,0.0008770361,0.00021979111,0.0010053937
1605,0.0016683906,0.0018296676,0.00077642844
1606,0.0017395223,0.0020703434,0.00071628153
1607,0.0015370746,0.0013758654,0.000737205
1608,0.0018744669,0.0025845186,0.00064946874
1609,0.0016497521,0.001702043,0.0006934656
1610,0.0011514729,0.0005192048,0.00082655036
1611,0.0017286331,0.0019616245,0.00066417136
1612,0.0015763764,0.0014504431,0.00074148836
1613,0.00084227894,0.0001810087,0.0010044836
1614,0.0004422828,0.00012802958,0.00043013628
1615,0.0006040739,0.00015322154,0.0005861233
1616,0.00043577972,0.00013908997,0.00042514643
1617,0.0015079558,0.0012455548,0.0007171332
1618,0.0029041057,0.0089351535,0.0005032194
1619,0.0016514525,0.0016085745,0.0007037036
1620,0.0019884012,0.00290141,0.0006270976
1621,0.0016739563,0.0016660109,0.00068607193
1622,0.0011645635,0.0005044562,0.00081822916
1623,0.00086414797,0.00018701388,0.00094177143
1624,0.002106498,0.0034702003,0.00067581754
1625,0.00086163956,0.00018539828,0.0010105526
1626,0.0012668957,0.00067431276,0.00082730746
1627,0.0020330152,0.0031344376,0.0006002247
1628,0.0027390984,0.007443579,0.000499722
1629,0.0011129577,0.0004266237,0.0008199951
1630,0.0018668527,0.0023358464,0.00063879375
1631,0.0010278022,0.0003291443,0.0008410223
1632,0.003629521,0.0109886015,0.00042949343
1633,0.0029491116,0.00857702,0.0005216932
1634,0.0016711021,0.0015137646,0.00075115036
1635,0.0014636803,0.000982512,0.0007992633
1636,0.0013533696,0.0007608206,0.00082242023
1637,0.001423706,0.00090225454,0.0007928318
1638,0.002504351,0.00538533,0.0006635155
1639,0.0040458925,0.012072431,0.00051956036
1640,0.002541798,0.0052929837,0.0007269315
1641,0.0012621968,0.00055887585,0.001066607
1642,0.0007792697,0.00011222723,0.0009487893
1643,0.0015573138,0.0011281997,0.0009553748
1644,0.0013347941,0.00068008725,0.0010138842
1645,0.0009799598,0.00024390005,0.0011619804
1646,0.0033414185,0.010906604,0.0006100863
1647,0.002585564,0.005327076,0.0007724779
1648,0.0020602695,0.0026296037,0.0009038445
1649,0.0028954651,0.007187906,0.0007691835
1650,0.0024302779,0.004247878,0.00089797063
1651,0.0017457369,0.0014821042,0.0010969954
1652,0.002037327,0.0024374428,0.0010168109
1653,0.0014263503,0.0007630642,0.0012903392
1654,0.0011969489,0.00042717461,0.0013960092
1655,0.0030183506,0.007820778,0.0008636842
1656,0.002750467,0.005903869,0.0009730101
1657,0.0021062791,0.0025890695,0.0011723764
1658,0.00082325557,0.000115917195,0.0018986188
1659,0.0012038416,0.00041420903,0.0015811373
1660,0.0015769646,0.0010183058,0.0013911958
1661,0.0038823201,0.013754262,0.0008746737
1662,0.003123541,0.007862956,0.0011191013
1663,0.0021204397,0.002435383,0.0014603304
1664,0.0021964223,0.0027158766,0.0014492858
1665,0.0012180433,0.0003922036,0.0019707966
1666,0.001066638,0.00025296587,0.0021235982
1667,0.0029425067,0.0065436037,0.0012808564
1668,0.0011943347,0.00036222715,0.0021239338
1669,0.0011757492,0.000344974,0.0021149223
1670,0.0007988255,9.5225056e-05,0.0023924094
1671,0.0008983706,0.00014154622,0.0025422354
1672,0.0007335618,7.2180475e-05,0.0012544428
1673,0.0008983955,0.00014299485,0.0019322605
1674,0.0014553684,0.0007211094,0.0027266638
1675,0.0014908022,0.00079334615,0.0022392496
1676,0.0022339732,0.0029753598,0.0015459916
1677,0.0018593916,0.001660286,0.0015263282
1678,0.001741761,0.0013500478,0.0014506446
1679,0.0021491228,0.0026689435,0.001226639
1680,0.0018108933,0.0015409136,0.0012984332
1681,0.0023743669,0.003649411,0.0010975605
1682,0.0013125167,0.0005318864,0.0014801463
1683,0.0011397534,0.00033431864,0.001551144
1684,0.0008186133,0.00011134883,0.0012927441
1685,0.0020405592,0.0023030767,0.0011793149
1686,0.0018434846,0.0016638074,0.001204822
1687,0.0041256263,0.01274541,0.000793503
1688,0.004052963,0.013011574,0.00087991136
1689,0.0023469026,0.0032488813,0.0012968748
1690,0.0031819441,0.007846535,0.0011159248
1691,0.0017846891,0.001313181,0.0015991247
1692,0.0010649306,0.00023745422,0.0020786147
1693,0.002104122,0.002262023,0.0014618561
1694,0.0024363652,0.0035837528,0.0013564911
1695,0.0034755385,0.009690204,0.001144625
1696,0.0034175203,0.009040554,0.0012502191
1697,0.0031259959,0.006959883,0.0014077555
1698,0.0015414836,0.00074453594,0.0021130224
1699,0.0012226,0.00034594518,0.0023253777
1700,0.0038656376,0.011805327,0.0012709893
1701,0.0013403182,0.00045184148,0.002398472
1702,0.0031979936,0.007133189,0.0015686766
1703,0.0009977845,0.00016611961,0.0029441302
1704,0.0008139052,8.469587e-05,0.0023410362
1705,0.00095153536,0.00014416176,0.002955051
1706,0.0012047706,0.00031946212,0.0029293862
1707,0.0030834586,0.0064849327,0.0017482003
1708,0.0009203169,0.0001278633,0.0027845877
1709,0.0011579713,0.00027725397,0.0028305827
1710,0.0021103027,0.002031408,0.0021010872
1711,0.0019208399,0.001502103,0.0022098213
1712,0.0014882315,0.0006498305,0.0024395336
1713,0.0020696803,0.0019320257,0.0020215332
1714,0.0058418512,0.017105589,0.0011643355
1715,0.0058645085,0.017749013,0.0013489183
1716,0.00439686,0.014144627,0.0018324199
1717,0.004365303,0.01349103,0.002059336
1718,0.0048648464,0.016232202,0.0021571186
1719,0.0040206,0.010425274,0.0026979598
1720,0.0037467545,0.0085364105,0.0029780397
1721,0.0018350264,0.0009281806,0.0044111176
1722,0.00076084165,4.9216294e-05,0.0030969793
1723,0.0011363494,0.00019076075,0.0054720864
1724,0.001671606,0.0007017453,0.0047084126
1725,0.0027157739,0.0034213865,0.0035397923
1726,0.006072962,0.02001561,0.002319909
1727,0.0044579506,0.012508815,0.003181459
1728,0.0035448945,0.0068350965,0.0038429007
1729,0.003613353,0.007139836,0.0038615013
1730,0.004865078,0.014489398,0.0033777666
1731,0.0030644212,0.004218997,0.004642744
1732,0.0023973258,0.0019493917,0.0051319106
1733,0.005014809,0.015100847,0.0034098125
1734,0.0015285849,0.00042429304,0.006610966
1735,0.002347999,0.0017844597,0.005099016
1736,0.0017928621,0.00074028893,0.0055482183
1737,0.0014988567,0.00041198166,0.0057402127
1738,0.0008382596,5.9455237e-05,0.0047000954
1739,0.0013992226,0.00033522738,0.005751755
1740,0.0026046995,0.0026354515,0.004032062
1741,0.003647419,0.0072636986,0.003327324
1742,0.0015855043,0.0005134459,0.005101294
1743,0.0012786393,0.00025271846,0.0053613684
1744,0.00066513126,2.8597766e-05,0.0030029663
1745,0.0016601139,0.0006166591,0.004381005
1746,0.00077683665,4.9215847e-05,0.0035992167
1747,0.0009324297,9.219404e-05,0.0038951873
1748,0.0017074512,0.00070491247,0.0052978694
1749,0.0019830395,0.0011694523,0.004723851
1750,0.0027677868,0.003449558,0.0038697792
1751,0.0037058354,0.008063787,0.0032909429
1752,0.0049352213,0.015419644,0.002937544
1753,0.002694352,0.0029729118,0.004405612
1754,0.0028297338,0.0034843078,0.0043249526
1755,0.002577281,0.0026072944,0.004578073
1756,0.0020318895,0.0012112973,0.004975013
1757,0.0011265583,0.00017163984,0.0049662543
1758,0.0008443841,6.577157e-05,0.0029298817
1759,0.0011464036,0.00018458138,0.004865614
1760,0.00092033594,8.9485424e-05,0.0028033578
1761,0.0009638866,0.00010516229,0.002989023
1762,0.0012388963,0.0002467537,0.0042342385
1763,0.0020966025,0.0014401663,0.0045284303
1764,0.0052163103,0.01624768,0.0025538942
1765,0.005458737,0.017203169,0.0026918687
1766,0.002475859,0.0022323094,0.004433005
1767,0.0041552535,0.010178073,0.003311293
1768,0.0013863109,0.00032155082,0.005865377
1769,0.003584509,0.0068275,0.0034373517
1770,0.0050779996,0.015526266,0.0029184513
1771,0.0027401792,0.0028939645,0.004395861
1772,0.0018352722,0.00078723155,0.00517218
1773,0.0019851371,0.001034407,0.0047111134
1774,0.002100478,0.0012635619,0.0045302324
1775,0.0031660413,0.004700434,0.0035423662
1776,0.002985163,0.003931005,0.0036361509
1777,0.0024640725,0.0021532162,0.003953618
1778,0.0030561408,0.004264651,0.0034521415
1779,0.0011985566,0.0001985648,0.005408478
1780,0.0021669432,0.001448963,0.003957897
1781,0.0027791383,0.003260402,0.0035365617
1782,0.0009377128,8.990304e-05,0.004017244
1783,0.0011813029,0.0001969609,0.0052484665
1784,0.0038493574,0.0085716,0.0027746686
1785,0.002917519,0.0038118453,0.0033262554
1786,0.003529614,0.006690621,0.0030017537
1787,0.0031810668,0.004915882,0.0032332672
1788,0.0015153604,0.00044571963,0.004656639
1789,0.0014709942,0.00040885573,0.0046325075
1790,0.0029619806,0.0040494967,0.0032077602
1791,0.0019791755,0.0011141018,0.003926682
1792,0.0011519735,0.00018467584,0.0049094437
1793,0.00075403706,4.5204826e-05,0.0025804914
1794,0.0011881563,0.00020916222,0.0048453216
1795,0.0014861668,0.00044766386,0.0041749086
1796,0.0007955555,5.5906417e-05,0.0024812147
1797,0.0030273763,0.00459068,0.0031673647
1798,0.002611998,0.0029064766,0.0033983474
1799,0.0021408023,0.0015386781,0.0036756478
1800,0.0038931402,0.0093175685,0.0026418457
1801,0.0008542253,7.0495145e-05,0.00309147
1802,0.0009469717,0.00010038691,0.0037165275
1803,0.0009769759,0.00011231164,0.0039861435
1804,0.0019557755,0.0011516325,0.0035421401
1805,0.0017289628,0.00077285385,0.0036372102
1806,0.0030115386,0.0046328027,0.002704167
1807,0.00090731616,8.9927504e-05,0.0036540686
1808,0.000846917,7.196149e-05,0.0031639473
1809,0.0011384444,0.00019537655,0.004072289
1810,0.0010141289,0.00013384705,0.004108652
1811,0.0009940226,0.00012629083,0.0039577754
1812,0.0024586744,0.0025635238,0.0024485483
1813,0.0012821158,0.00030067549,0.0033511347
1814,0.002331681,0.0021941208,0.0024072144
1815,0.001065946,0.00016458996,0.003528657
1816,0.0012414196,0.00027677757,0.0031505863
1817,0.0010819722,0.00017626282,0.003254969
1818,0.0020065922,0.0013921381,0.0023188852
1819,0.0011740453,0.00023581403,0.0029714834
1820,0.00081468315,6.994219e-05,0.0033912153
1821,0.00068733527,3.989895e-05,0.0021386107
1822,0.00082885893,7.539739e-05,0.0031330786
1823,0.0007752532,6.078823e-05,0.0025302218
1824,0.00076110265,5.752249e-05,0.0024217356
1825,0.00085835985,8.659011e-05,0.0031819802
1826,0.0016038321,0.0007065708,0.002267882
1827,0.0022921718,0.0022961071,0.0018591634
1828,0.0009083084,0.00010693603,0.0029296174
1829,0.002224252,0.0021093772,0.0018228834
1830,0.0021679208,0.001951843,0.0018417373
1831,0.0017249422,0.00092884793,0.002060308
1832,0.00077687216,6.511804e-05,0.0029670245
1833,0.0019004837,0.0012978431,0.0018743918
1834,0.0017906692,0.0010749992,0.0019108827
1835,0.001983157,0.0015145278,0.0017928027
1836,0.0022954706,0.002443115,0.0016535112
1837,0.0020136554,0.001607714,0.0017709439
1838,0.002031256,0.0016640871,0.0017523352
1839,0.0020295065,0.001669306,0.0017436025
1840,0.002192406,0.0021543126,0.001668499
1841,0.0013138537,0.00040015575,0.002153028
1842,0.00067510334,4.345441e-05,0.0024262022
1843,0.00089598243,0.000113121416,0.002698584
1844,0.00074382004,6.10913e-05,0.00276466
1845,0.0005959573,2.9309587e-05,0.0010365406
1846,0.0009659106,0.00014819387,0.002527546
1847,0.001178699,0.00029060492,0.0022323686
1848,0.0013255695,0.00043354815,0.0020601824
1849,0.0013172146,0.00042776857,0.0020272261
1850,0.001632098,0.00087937195,0.0017886802
1851,0.001684275,0.0009827287,0.0017396016
1852,0.0007828205,7.664279e-05,0.002509684
1853,0.0013317483,0.00045619975,0.0018823618
1854,0.0012467668,0.0003688109,0.0019121899
1855,0.0013030438,0.0004305873,0.0018376157
1856,0.0013453162,0.00048255725,0.0017790885
1857,0.0011130323,0.00025807315,0.0019239846
1858,0.0005693301,2.7640823e-05,0.0008529421
1859,0.00067833817,4.9996233e-05,0.0017715361
1860,0.0011020963,0.00025469635,0.0020828487
1861,0.0013121947,0.00045914252,0.0018730963
1862,0.0013332771,0.0004873923,0.001829078
1863,0.0012283837,0.0003732251,0.0018762122
1864,0.00087992265,0.0001230587,0.0021742857
1865,0.0007463068,7.132181e-05,0.0023094725
1866,0.0008852728,0.00012692712,0.0020753073
1867,0.0010052014,0.00019528747,0.0019098845
1868,0.0010208909,0.00020693344,0.0018603951
1869,0.0010261256,0.00021180423,0.0018226444
1870,0.0009294817,0.00015309294,0.0018888288
1871,0.000593277,3.4304903e-05,0.0010800355
1872,0.0009346552,0.00015740698,0.0018323876
1873,0.00086975703,0.00012444497,0.0018644552
1874,0.0009119371,0.00014663296,0.0017878091
1875,0.000738441,7.2796036e-05,0.0019483295
1876,0.0010716346,0.00025543364,0.0017456912
1877,0.000937648,0.00016431087,0.0018356716
1878,0.0010594206,0.00024848385,0.0016985802
1879,0.0007744578,8.7602486e-05,0.0019519718
1880,0.00086640276,0.00012817032,0.0018376961
1881,0.0009712789,0.00018877095,0.0017073806
1882,0.0010884334,0.0002777212,0.0015887454
1883,0.0009401226,0.00017111914,0.0016849303
1884,0.0008592556,0.00012731369,0.0017340202
1885,0.0008665584,0.00013161478,0.0016984819
1886,0.0010035122,0.00021608075,0.0015544991
1887,0.000713773,6.951488e-05,0.0018133477
1888,0.0006087924,4.1035593e-05,0.0011419376
1889,0.00072481873,7.420387e-05,0.0018102567
1890,0.00075544417,8.545637e-05,0.0019341281
1891,0.00032918772,4.9408354e-05,0.00031792535
1892,0.00086002727,0.00013267422,0.0020453609
1893,0.00074373244,8.1737715e-05,0.0014042368
1894,0.00096283044,0.00019407798,0.0018833687
1895,0.0014426666,0.0007488291,0.0015122207
1896,0.00074712146,8.347186e-05,0.0015147744
1897,0.00093675265,0.00017807924,0.0018292422
1898,0.00076414854,9.0343354e-05,0.0017480825
1899,0.00030942974,4.886625e-05,0.00030014315
1900,0.0002015708,5.365808e-05,0.00019422057
1901,0.0007168246,7.282846e-05,0.00088278577
1902,0.0011175226,0.00032139174,0.0017519142
1903,0.0009531039,0.00018925955,0.0018567867
1904,0.00091086596,0.00016299456,0.0018580984
1905,0.0008095932,0.0001101449,0.0019206739
1906,0.00072607055,7.66877e-05,0.0011592541
1907,0.00088221754,0.0001473011,0.0017893277
1908,0.00095642527,0.00019349705,0.0016876578
1909,0.00091442734,0.00016703017,0.0016968857
1910,0.001030739,0.00025005857,0.0015782667
1911,0.0007172499,7.4634074e-05,0.0012195846
1912,0.000758156,9.010198e-05,0.0015464703
1913,5.3080264e-05,4.647643e-05,5.1767565e-05
1914,7.213006e-05,5.273731e-05,6.995164e-05
1915,0.0005063995,6.325293e-05,0.00049155764
1916,0.00095264654,0.00019234628,0.001720775
1917,0.00077346247,9.6084754e-05,0.0014429013
1918,0.0008174197,0.00011587403,0.0018078478
1919,0.0005986824,6.5577675e-05,0.0005831417
1920,0.0011004811,0.0003160931,0.0017560606
1921,0.0011681289,0.0003872605,0.0015996905
1922,0.0008460952,0.0001323603,0.0015263136
1923,0.0010317485,0.00025899493,0.0017183275
1924,0.0010897092,0.0003133295,0.0015211838
1925,0.0011201948,0.00034608966,0.0013955809
1926,0.0008721143,0.00015096909,0.0014940308
1927,0.0011008221,0.00033111242,0.0013028792
1928,0.0009355249,0.00019365038,0.0013425157
1929,0.0009319495,0.00019246376,0.0012947421
1930,0.0008526335,0.00014385376,0.0013001903
1931,0.001600869,0.0011779601,0.0009606389
1932,0.0012944033,0.00058728247,0.0010315323
1933,0.0010845398,0.00032805558,0.0010884824
1934,0.0010302595,0.0002782306,0.0010839149
1935,0.0012079483,0.00047800588,0.0010682504
1936,0.0011529694,0.0004134956,0.0010198943
1937,0.0014771458,0.00094884116,0.0008525541
1938,0.0011179013,0.0003791001,0.0009448046
1939,0.00090359297,0.00018769175,0.0010129142
1940,0.0014365097,0.00088541093,0.00080786867
1941,0.0011812227,0.00046621735,0.0008597725
1942,0.0013130401,0.00066749746,0.00078781426
1943,0.0012854836,0.0006263284,0.00077570276
1944,0.0012175875,0.00052639446,0.0007795014
1945,0.00018081546,9.84724e-05,0.00018145284
1946,6.465096e-05,6.011935e-05,6.423541e-05
1947,2.1108426e-05,1.9631443e-05,2.1067448e-05
1948,0.0007481502,0.00022750544,0.000736756
1949,0.0011084045,0.00040906778,0.00082041445
1950,0.0011460906,0.00047359342,0.0006982987
1951,0.0011462608,0.00048803937,0.00061481574
1952,0.0010891944,0.00042195994,0.0005591577
1953,0.0010262817,0.00035273717,0.0005259348
1954,0.0017036987,0.0019123108,0.0004546046
1955,0.00172681,0.002099875,0.000381001
1956,0.0009949919,0.00036396875,0.00043995824
1957,0.00057222135,0.00034046502,0.00042573846
1958,0.0015351537,0.0015739868,0.00029341588
1959,0.0014095989,0.0012190907,0.00027894272
1960,0.0012364732,0.00080687733,0.00027782397
1961,0.0015957567,0.001882537,0.00023839215
1962,0.0010281162,0.0004508879,0.0002827418
1963,0.0015005887,0.0015922803,0.00024397118
1964,0.0013991293,0.0013012271,0.00022883834
1965,0.0014121949,0.0013667389,0.00021141335
1966,0.0014462324,0.0014984896,0.0002024439
1967,0.0012087331,0.0008454409,0.00021192362
1968,0.0026499548,0.006972427,0.00013951288
1969,0.0017742042,0.0028987895,0.00017494819
1970,0.001506016,0.0017265505,0.00018797794
1971,0.0016735984,0.002428971,0.00017520934
1972,0.0017013086,0.0025584828,0.00017343224
1973,0.0014718426,0.0016101988,0.00018762259
1974,0.0014459968,0.0015248859,0.00018881806
1975,0.0014179754,0.001435006,0.00019054413
1976,0.0012109142,0.0008589446,0.00020650092
1977,0.0016455163,0.002328176,0.00017589671
1978,0.0015015308,0.0017336484,0.00018698996
1979,0.0010655426,0.0005641325,0.00022529878
1980,0.0010699925,0.0005760514,0.00023562719
1981,0.0015927014,0.0021199621,0.00018998426
1982,0.0015204329,0.001824971,0.00019597699
1983,0.0016045563,0.002166036,0.00019189582
1984,0.0017397212,0.0027866948,0.0001865183
1985,0.0015671899,0.001991418,0.00020104548
1986,0.0010984277,0.00062321295,0.00024402709
1987,0.0009258082,0.00035526374,0.00027579043
1988,0.0010962303,0.0006256505,0.00025535753
1989,0.001774965,0.0029810227,0.00019815878
1990,0.0020223802,0.0043982235,0.00018970754
1991,0.0020483271,0.0044994163,0.00019620228
1992,0.0013949351,0.0013280386,0.00024925053
1993,0.0009276684,0.00034775352,0.00035017246
1994,0.0010954146,0.0006131067,0.00036759104
1995,0.0010839844,0.0006158645,0.00033012198
1996,0.002681899,0.007089995,0.00018045002
1997,0.0030559779,0.008189214,0.00016358182
1998,0.0018314435,0.0033198728,0.0002172648
1999,0.0021183218,0.005103724,0.00019899325
2000,0.0015714148,0.002009663,0.00023732419
2001,0.001456576,0.0015736151,0.00024497823
2002,0.0011288803,0.0006838613,0.00027698287
2003,0.00093543227,0.0004775342,0.0003587209
2004,0.0021922777,0.0042927465,0.00029279586
2005,0.0038416686,0.008451603,0.00019230212
2006,0.003943207,0.009419504,0.00019209812
2007,0.0021343543,0.006147057,0.0002829698
2008,0.0014532282,0.0018303747,0.00035087694
2009,0.0020987869,0.005485786,0.0002838245
2010,0.0031111825,0.009451695,0.00023976844
2011,0.001276151,0.0010498817,0.00041635893
2012,0.00085377845,0.00027377452,0.00051248434
2013,0.0012385554,0.00092997664,0.00043335537
2014,0.0031531064,0.009593212,0.00029235086
2015,0.0014556431,0.0014711566,0.00047157516
2016,0.0029296123,0.009545516,0.00032963086
2017,0.0010065258,0.00040630336,0.00062766235
2018,0.0030175562,0.009939951,0.00036979138
2019,0.0036659513,0.011624621,0.00037089622
2020,0.0043396894,0.013216856,0.00038542415
2021,0.0031047526,0.0106400885,0.0005320301
2022,0.0024574208,0.005487715,0.0006756679
2023,0.00272932,0.0071963607,0.00069055014
2024,0.0013327082,0.00074786047,0.0010739493
2025,0.0019262354,0.0024679631,0.0009125348
2026,0.002298189,0.0042206473,0.00090115314
2027,0.0009074803,0.00020098832,0.0014991568
2028,0.0016029825,0.0013265726,0.0012747227
2029,0.0038227665,0.012696428,0.0008069963
2030,0.00417173,0.013777035,0.0008718139
2031,0.0015168258,0.00094910443,0.0016732023
2032,0.0014352418,0.00078618346,0.001712657
2033,0.0019499295,0.0021273517,0.0014617471
2034,0.0022182125,0.0031677398,0.0013862759
2035,0.0013043573,0.0005575094,0.0018519666
2036,0.0022914337,0.0034517534,0.0013874497
2037,0.0032065767,0.008887341,0.0012015546
2038,0.0014799065,0.0008007651,0.0019321936
2039,0.0018117906,0.0015536663,0.0017383108
2040,0.003663191,0.011862241,0.001248479
2041,0.0037857187,0.012316877,0.001375611
2042,0.0009399198,0.00015696157,0.0030874463
2043,0.0019120201,0.0016585124,0.0021259303
2044,0.0012133294,0.00036826837,0.0026644939
2045,0.0012878908,0.00045008448,0.0025392482
2046,0.00085596537,0.00011505156,0.0030444877
2047,0.001517614,0.00078071083,0.002317168
2048,0.0018896634,0.0016066195,0.0020545374
2049,0.0034053642,0.009268214,0.0015237323
2050,0.0043820944,0.015776442,0.001446326
2051,0.004146916,0.013625089,0.0017126293
2052,0.0032344998,0.0071772556,0.002178239
2053,0.0037811778,0.01055328,0.0021048589
2054,0.0030421175,0.005765927,0.0025364032
2055,0.0034221478,0.007905043,0.0024538287
2056,0.0019296999,0.0013479311,0.0034147147
2057,0.0027364348,0.0041078897,0.0028076344
2058,0.0015348166,0.0006323393,0.0037549958
2059,0.001587617,0.00071239274,0.003573031
2060,0.0018586034,0.001207834,0.0032081478
2061,0.0013075595,0.00037770811,0.0037187082
2062,0.002100745,0.0018242111,0.0028478561
2063,0.0050945566,0.018673172,0.0017889752
2064,0.002729863,0.0039282055,0.0028422247
2065,0.0028365892,0.0044041434,0.0027950746
2066,0.002637043,0.003515009,0.0029182457
2067,0.0034598978,0.007741811,0.0025404003
2068,0.0024157348,0.002629921,0.0031549348
2069,0.0010335776,0.00015931297,0.0047485153
2070,0.0043896814,0.013657013,0.0022178448
2071,0.0009840839,0.00013059082,0.00504423
2072,0.0012976191,0.00033308216,0.0043210825
2073,0.0023795485,0.0024797462,0.0030817834
2074,0.0019962834,0.0014117385,0.0033146348
2075,0.0022411412,0.0020707247,0.003055231
2076,0.0020147187,0.0014739477,0.0031666504
2077,0.001345281,0.00039004462,0.0039934167
2078,0.0018012696,0.0010413253,0.0034985652
2079,0.0010119247,0.00015310232,0.0044848216
2080,0.001231427,0.00029775282,0.0039051564
2081,0.0008791429,9.715333e-05,0.0044844025
2082,0.0007083715,4.7643214e-05,0.004352415
2083,0.0007351217,5.4242606e-05,0.004639878
2084,0.0009585672,0.00013306299,0.004274422
2085,0.0016863103,0.0008841063,0.0031408018
2086,0.0014091696,0.0004900864,0.00335169
2087,0.0010926975,0.00021087364,0.0036734566
2088,0.0018248806,0.0011722614,0.0027653687
2089,0.0034292894,0.008128995,0.0019768034
2090,0.0030773035,0.0059355516,0.0021936153
2091,0.0028838934,0.0048707575,0.0023325104
2092,0.002398079,0.0027533686,0.0026226537
2093,0.0030613372,0.00578402,0.002348963
2094,0.0030521562,0.005687149,0.0024088377
2095,0.0017343026,0.00094721024,0.003273179
2096,0.0010987495,0.00020812606,0.0039722044
2097,0.0009382267,0.00012369303,0.0042180712
2098,0.0010402229,0.00017612202,0.0039016472
2099,0.00070718926,4.884309e-05,0.0044367397
2100,0.0014978804,0.00060710945,0.0033768911
2101,0.0022613208,0.0023577139,0.0026777019
2102,0.0025410384,0.0034097806,0.002507301
2103,0.0033006354,0.007323007,0.0022044794
2104,0.0024925307,0.0031568296,0.0026476032
2105,0.0028974914,0.004987513,0.0024543365
2106,0.00197403,0.0014865858,0.003019416
2107,0.0035170843,0.008562083,0.0023366471
2108,0.0036116373,0.009011658,0.0024212266
2109,0.0030806977,0.0057336893,0.002761301
2110,0.0010833578,0.00019252828,0.0046769427
2111,0.002333798,0.0024618742,0.0033224893
2112,0.0029443116,0.0050424347,0.002929612
2113,0.0023904021,0.0026440616,0.0032882954
2114,0.0041763023,0.0125144655,0.00245385
2115,0.0037701237,0.009585194,0.0028191586
2116,0.0021003496,0.0016459968,0.003956881
2117,0.0033898023,0.0071507837,0.0030394753
2118,0.0029654305,0.004822283,0.0033334268
2119,0.0013264149,0.00035453902,0.004936032
2120,0.001327784,0.00035918865,0.00478654
2121,0.0012969134,0.0003349073,0.004630861
2122,0.001369792,0.00040560265,0.0043108547
2123,0.001775596,0.0009705922,0.003647147
2124,0.00084259495,8.103012e-05,0.0050458782
2125,0.00066204596,3.649325e-05,0.0048276824
2126,0.0010393352,0.0001665482,0.0044691986
2127,0.0019781038,0.0014306281,0.0031372514
2128,0.001915426,0.0012962569,0.003117639
2129,0.0024129427,0.0027520456,0.0027647894
2130,0.002303111,0.0023802991,0.002808673
2131,0.0019260327,0.0013400887,0.0030625688
2132,0.003505121,0.008327215,0.0022259506
2133,0.0038777557,0.010583927,0.002208999
2134,0.002854678,0.004486347,0.0027440165
2135,0.0022083907,0.002006807,0.0031354898
2136,0.0010324536,0.0001618578,0.0044523943
2137,0.0024371222,0.0027847893,0.0028123083
2138,0.002466774,0.0029021674,0.0027719012
2139,0.0028937778,0.0047460557,0.0025410245
2140,0.003382059,0.0073814634,0.0023715424
2141,0.0032686573,0.0066482243,0.0024915277
2142,0.0033051735,0.00680034,0.0025391513
2143,0.0022534663,0.002107186,0.003151055
2144,0.0025459384,0.0031222224,0.0029359811
2145,0.0019545925,0.0013393306,0.003318607
2146,0.0012958222,0.00034478735,0.004008067
2147,0.002048908,0.0015890708,0.0030856289
2148,0.0022606363,0.002199117,0.00287908
2149,0.0019439096,0.0013554652,0.003082606
2150,0.0008034754,7.179589e-05,0.0047903676
2151,0.0030591062,0.005677034,0.0023833425
2152,0.003304821,0.0070254896,0.0023939454
2153,0.002208244,0.0020501083,0.0030190053
2154,0.0022611658,0.0022244253,0.00293523
2155,0.0027148915,0.0039630444,0.0026420096
2156,0.0023164684,0.0024147716,0.002874848
2157,0.0023080015,0.0023975112,0.0028450342
2158,0.0025375488,0.003246649,0.0026814865
2159,0.0023659104,0.0026110858,0.0027708905
2160,0.0015017451,0.0005933544,0.0035554068
2161,0.0024808806,0.0030794926,0.0028425856
2162,0.0020422006,0.0016578343,0.0031383538
2163,0.0017450841,0.0009961769,0.003333303
2164,0.0019831702,0.0015279786,0.0030724534
2165,0.001553395,0.0006883425,0.00351997
2166,0.0022449458,0.0023186898,0.0029441384
2167,0.0020206256,0.001657478,0.00306323
2168,0.0022905197,0.002493657,0.0028263878
2169,0.00071073667,5.1461593e-05,0.004915863
2170,0.0008827164,0.000107104446,0.0043652332
2171,0.0007052049,5.0848274e-05,0.00465038
2172,0.0004760848,1.3820546e-05,0.0030731196
2173,0.00042430035,9.450714e-06,0.002017275
2174,0.0011569101,0.00027091548,0.0037361465
2175,0.00095912983,0.00014559872,0.0039455304
2176,0.0010963866,0.0002293041,0.0035611896
2177,0.0020896087,0.001953474,0.0025113956
2178,0.0018875139,0.0014098404,0.0026141608
2179,0.00057444593,2.681859e-05,0.004563905
2180,0.00044416098,1.1435604e-05,0.0025319578
2181,0.0004991342,1.6964768e-05,0.0032210753
2182,0.00054447347,2.2773509e-05,0.0038443333
2183,0.00087189855,0.000110417284,0.0035572802
2184,0.00051699276,1.9413947e-05,0.0030769354
2185,0.00052733335,2.0836893e-05,0.0030563048
2186,0.00081952946,9.132905e-05,0.0037694208
2187,0.0016678049,0.000983575,0.0025910465
2188,0.0019727973,0.0017136562,0.0023430642
2189,0.0011091315,0.00025517234,0.00307968
2190,0.0012875773,0.0004226336,0.002783742
2191,0.0017333219,0.0011403477,0.0023477352
2192,0.0015860966,0.0008553613,0.002418728
2193,0.0013946107,0.0005612849,0.002533032
2194,0.0014883949,0.0007012429,0.002403081
2195,0.0016198833,0.00093385525,0.0022630563
2196,0.00075136946,7.228664e-05,0.0032418002
2197,0.0010637562,0.00023254774,0.0026543173
2198,0.0011894172,0.00033985337,0.0024522524
2199,0.0012610116,0.00041572307,0.0023315488
2200,0.0011509915,0.00030843384,0.002390035
2201,0.0011719707,0.00032968953,0.0023187113
2202,0.0012385702,0.00039903293,0.0022106457
2203,0.00072741054,6.77155e-05,0.0028119842
2204,0.0012937515,0.00046673685,0.002065034
2205,0.0011720826,0.00033784052,0.0021314
2206,0.0012270823,0.00039623643,0.0020452363
2207,0.00092755724,0.000156463,0.0023060134
2208,0.00090680993,0.0001458948,0.0022814544
2209,0.0010508124,0.00024024094,0.0020770761
2210,0.00085262867,0.00012012929,0.002258003
2211,0.00048091912,1.7821463e-05,0.0029169433
2212,0.000471367,1.6767583e-05,0.0028299869
2213,0.00068442785,5.8558173e-05,0.002493978
2214,0.00056224293,3.0493178e-05,0.0026778001
2215,0.00071876467,6.9578244e-05,0.0023196423
2216,0.0005224564,2.4081059e-05,0.0026478665
2217,0.0004976596,2.057213e-05,0.002689784
2218,0.00047127617,1.721782e-05,0.0026842027
2219,0.0006600564,5.3231175e-05,0.0022243406
2220,0.00055474346,2.9919582e-05,0.0023686327
2221,0.00038686395,9.0434005e-06,0.0008738169
2222,0.00043413852,1.33532785e-05,0.0014229276
2223,0.0007179781,7.1788956e-05,0.0022371786
2224,0.0007958324,0.000101737765,0.0020844238
2225,0.0009492742,0.00018434766,0.0018747214
2226,0.0005004244,2.1805301e-05,0.002519566
2227,0.00082583324,0.000116816474,0.001970142
2228,0.00070499605,6.915293e-05,0.002090389
2229,0.0007210467,7.487955e-05,0.002026957
2230,0.00063167204,4.8324575e-05,0.002121282
2231,0.0008522276,0.00013206353,0.0017949119
2232,0.0004876238,2.0546107e-05,0.0023192463
2233,0.0005926693,3.9542865e-05,0.00206208
2234,0.0009146414,0.00016933905,0.0016337155
2235,0.00063208706,4.9494407e-05,0.0019360065
2236,0.0004918647,2.1507763e-05,0.00214772
2237,0.0005961732,4.101793e-05,0.0019152687
2238,0.0006143134,4.5519457e-05,0.001852762
2239,0.0006171954,4.642688e-05,0.0018157666
2240,0.0006729692,6.2247e-05,0.0017100956
2241,0.00069003116,6.797916e-05,0.0016617569
2242,0.0005992734,4.262615e-05,0.0017528571
2243,0.00047192018,1.9278274e-05,0.001937038
2244,0.0004485291,1.6327243e-05,0.0019484608
2245,0.000552576,3.286305e-05,0.0017262913
2246,0.00046576484,1.8649504e-05,0.0018456278
2247,0.0004469655,1.631091e-05,0.0018494499
2248,0.00043660263,1.5184861e-05,0.0014634761
2249,0.0006173149,4.8380152e-05,0.0016407967
2250,0.00046026698,1.8229744e-05,0.0018650872
2251,0.00065814453,6.0357102e-05,0.0015370288
2252,0.0004659373,1.9131454e-05,0.0017944492
2253,0.00039971186,1.15119765e-05,0.0008059839
2254,0.00064184616,5.6097077e-05,0.0015259328
2255,0.00085495354,0.00014686807,0.0013055024
2256,0.00060050964,4.5410776e-05,0.0016015976
2257,0.0005151265,2.7313024e-05,0.0017009598
2258,0.00058906333,4.296331e-05,0.0016311608
2259,0.00044609452,1.7080334e-05,0.0010332477
2260,0.0005140474,2.76418e-05,0.0014388501
2261,0.000723128,8.650224e-05,0.0017070067
2262,0.00079133577,0.00011719113,0.0016114059
2263,0.0005736852,4.011469e-05,0.0018647779
2264,0.0005300099,3.0851785e-05,0.0017672168
2265,0.0008462131,0.00014864301,0.0017521092
2266,0.00071527506,8.472674e-05,0.0018860176
2267,0.00072990113,9.061717e-05,0.0018470222
2268,0.0008024893,0.00012445707,0.0017629612
2269,0.0007375531,9.4124494e-05,0.0019230018
2270,0.0005532344,3.6063382e-05,0.0007473589
2271,0.00080164615,0.00012447618,0.0022080522
2272,0.00084739743,0.0001482582,0.0021477728
2273,0.0008866928,0.00017095079,0.0020975166
2274,0.0007772664,0.00010921047,0.002232008
2275,0.0006975063,7.5506585e-05,0.0020955894
2276,0.0007369016,9.01429e-05,0.0022727263
2277,0.00094555557,0.00020684513,0.0021105832
2278,0.000878113,0.00016033462,0.0021819328
2279,0.0006833803,6.8890375e-05,0.0018110469
2280,0.0007471391,9.219001e-05,0.002341789
2281,0.00092940003,0.00019025993,0.0020836745
2282,0.00086167484,0.00014717887,0.0021464177
2283,0.0006835347,6.762478e-05,0.0019792216
2284,0.0005856429,4.0195835e-05,0.0008620133
2285,0.0005700549,3.6563626e-05,0.00068604224
2286,0.0005902892,4.0948875e-05,0.0008237675
2287,0.0006840092,6.6651446e-05,0.0019096597
2288,0.00071662175,7.7552155e-05,0.0022924875
2289,0.0006065134,4.427008e-05,0.0010880791
2290,0.00065220596,5.6200704e-05,0.0016586705
2291,0.0009572893,0.0002022199,0.0020739045
2292,0.0006903672,6.770547e-05,0.0021081956
2293,0.000669549,6.099699e-05,0.0019134451
2294,0.000697637,6.985365e-05,0.0022541876
2295,0.0006696574,6.0863273e-05,0.0019805331
2296,0.0006167233,4.618458e-05,0.0013846571
2297,0.0006505346,5.5128352e-05,0.0018135242
2298,0.00067980855,6.382893e-05,0.002175482
2299,0.00072534714,7.929154e-05,0.002160785
2300,0.0006890699,6.684411e-05,0.0021795933
2301,0.0007507324,8.910046e-05,0.0020548436
2302,0.0007353185,8.3285435e-05,0.0020633193
2303,0.0008059293,0.00011335387,0.001954134
2304,0.00097622245,0.00021654085,0.001930887
2305,0.0007468296,8.840169e-05,0.0021788226
2306,0.0006854772,6.6325985e-05,0.0018963016
2307,0.0007823026,0.00010315767,0.0021089772
2308,0.00072127016,7.859329e-05,0.002163479
2309,0.0010357208,0.00026486238,0.0020009107
2310,0.0009962801,0.00023206936,0.0020510252
2311,0.00094267883,0.00019226971,0.0020861186
2312,0.00090051856,0.00016453983,0.0021093802
2313,0.00074476976,8.6995744e-05,0.0020302976
2314,0.0006281643,4.9131675e-05,0.000783216
2315,0.001224722,0.00045938845,0.0021204327
2316,0.00080016215,0.000109889705,0.0017346449
2317,0.0011946395,0.00041582467,0.0020749294
2318,0.0012379456,0.00046571877,0.001999795
2319,0.0013122273,0.0005629954,0.0019076602
2320,0.0015040002,0.00088189694,0.0017571342
2321,0.0009664517,0.00020156219,0.0021676926
2322,0.00093254313,0.00017846563,0.0021653385
2323,0.0010527726,0.00026723876,0.0020031591
2324,0.0009257276,0.0001737247,0.0021013026
2325,0.0009297167,0.00017637329,0.0021204657
2326,0.0012813571,0.00051423,0.001777461
2327,0.0010552024,0.0002691302,0.0019505859
2328,0.0007329082,7.9718375e-05,0.0013026204
2329,0.0008806273,0.00014692763,0.0021866548
2330,0.0011079594,0.00031619804,0.001911542
2331,0.00082256476,0.00011680754,0.002176889
2332,0.0012218278,0.0004380208,0.0017553415
2333,0.0014807549,0.0008320063,0.0016566293
2334,0.0007521819,8.677806e-05,0.0014831171
2335,0.00062984903,6.571763e-05,0.0006001957
2336,0.00073756644,8.105857e-05,0.001047646
2337,0.0007816027,9.811043e-05,0.0015041978
2338,0.00071254716,7.1882096e-05,0.0008763849
2339,0.0014926492,0.0008462695,0.0016526408
2340,0.0008517189,0.00013032,0.0021456296
2341,0.0016611449,0.0012033243,0.0015017259
2342,0.00090455235,0.00015932068,0.0020151127
2343,0.0008326927,0.00012089617,0.0020533225
2344,0.00077119365,9.372146e-05,0.0015586086
2345,0.0017257899,0.0013745896,0.0015931542
2346,0.0010095313,0.00023166931,0.0020018246
2347,0.0020387287,0.0023510028,0.0013500305
2348,0.0021256078,0.002671131,0.0013105602
2349,0.0019992979,0.002187026,0.0013521472
2350,0.00095038314,0.00018678374,0.0019545492
2351,0.00080055516,0.000105398336,0.0017059937
2352,0.0012449925,0.00046528722,0.0019438412
2353,0.000967638,0.00020134993,0.0020000471
2354,0.0016369845,0.0011606603,0.0014280931
2355,0.000993073,0.00022115733,0.0017524754
2356,0.0023845555,0.0038706686,0.0010774081
2357,0.0012071279,0.0004221463,0.0015245124
2358,0.0010319493,0.00025118215,0.001599192
2359,0.0011226181,0.00033416433,0.0014922637
2360,0.0022354207,0.003195609,0.001125926
2361,0.0018652639,0.0017913566,0.0012115249
2362,0.0011462215,0.000359654,0.0015096249
2363,0.0009722601,0.00020851073,0.0015816848
2364,0.0009799134,0.0002154755,0.0015999523
2365,0.0023514298,0.0037745603,0.0009861042
2366,0.0013335589,0.00060031057,0.0013182865
2367,0.0022971292,0.0035032234,0.0009758571
2368,0.0027466258,0.0059140357,0.00090076256
2369,0.0015015458,0.0008698034,0.0012745626
2370,0.0019595139,0.0020798603,0.0011001952
2371,0.0013098094,0.0005547349,0.0013526822
2372,0.0007693846,9.421934e-05,0.0013351563
2373,0.0021658246,0.002875998,0.0010389023
2374,0.0036868053,0.012390772,0.00080049626
2375,0.0025166012,0.0043160203,0.0010959842
2376,0.0020372171,0.002216668,0.0012571596
2377,0.0027012567,0.005273327,0.0011425724
2378,0.002728672,0.005354965,0.0011813334
2379,0.0025928402,0.004543412,0.0012618726
2380,0.00308502,0.0073797842,0.0011912879
2381,0.0014690598,0.0007107343,0.0018415897
2382,0.00083376607,0.00010763235,0.0024026483
2383,0.0013422972,0.00053061126,0.0018714636
2384,0.0008739603,0.00012702911,0.002278075
2385,0.0022547722,0.002927086,0.0016960833
2386,0.003261277,0.008495605,0.0013833689
2387,0.003351022,0.008874483,0.0014390526
2388,0.003670266,0.010819923,0.0014623147
2389,0.0011360201,0.00027331442,0.0028630327
2390,0.0009142533,0.00013258874,0.0030756446
2391,0.001124146,0.00026567344,0.0026871155
2392,0.00084493257,0.000102598555,0.0025984957
2393,0.0015843421,0.00083997415,0.0021421567
2394,0.0008673721,0.00011288851,0.002832395
2395,0.00072308676,6.165653e-05,0.0015863484
2396,0.0022392427,0.0026211464,0.001797637
2397,0.0016855279,0.0010430339,0.002115653
2398,0.0026675193,0.0045014545,0.001653197
2399,0.0040062116,0.012961107,0.0013932355
2400,0.0038022562,0.011129938,0.0016014786
2401,0.004240641,0.013772221,0.0016573681
2402,0.00435253,0.014065769,0.0018345698
2403,0.002376083,0.0025837854,0.002793482
2404,0.0012557415,0.00031659627,0.0037870163
2405,0.0037536449,0.009763957,0.002158453
2406,0.0042793374,0.012960405,0.0021583473
2407,0.0037287683,0.0090785045,0.002549121
2408,0.0028110323,0.004000029,0.0031003715
2409,0.0031430658,0.0055639558,0.0029347122
2410,0.0027821776,0.003837399,0.0031705985
2411,0.0018218008,0.0009828374,0.0038949512
2412,0.0010983436,0.0001828741,0.0047927983
2413,0.0043060887,0.012617179,0.0024467085
2414,0.0033576952,0.006541553,0.0030232302
2415,0.003424475,0.0068437867,0.003062982
2416,0.0033388955,0.0063089826,0.003179389
2417,0.0022457456,0.0018465414,0.0039376277
2418,0.0013946684,0.0003840364,0.00481178
2419,0.0018431224,0.0009819727,0.0040055225
2420,0.0012595512,0.00027865983,0.004769883
2421,0.0005682241,1.9621782e-05,0.0015657856
2422,0.00080601964,6.389858e-05,0.0031802792
2423,0.0026873648,0.0034328543,0.0038331293
2424,0.001446432,0.0004532093,0.0051094447
2425,0.0023972865,0.0024297326,0.0046784575
2426,0.0036351855,0.008324659,0.0038546652
2427,0.00084737304,7.4536845e-05,0.0025253259
2428,0.003063981,0.005047953,0.0045065046
2429,0.0026444502,0.0031886024,0.004509324
2430,0.0008763545,8.2321385e-05,0.0026432718
2431,0.0013031348,0.0003121916,0.0053262003
2432,0.0016169487,0.0006471364,0.0048920778
2433,0.0037900296,0.009106751,0.0029871652
2434,0.0052611628,0.017554076,0.0026115996
2435,0.0053673773,0.017979512,0.0029248209
2436,0.0013826455,0.00032882282,0.006412893
2437,0.00446848,0.012191044,0.0033785694
2438,0.0017250946,0.00067168794,0.005740904
2439,0.002064766,0.0012332039,0.004957523
2440,0.0018706158,0.0008987508,0.0049533504
2441,0.0015613786,0.0004975583,0.005144234
2442,0.0018490688,0.0008843653,0.0044985395
2443,0.0026514577,0.0028890406,0.0036078452
2444,0.0033758737,0.006024192,0.003142454
2445,0.0047996463,0.014348173,0.002666355
2446,0.003748585,0.007732661,0.00332064
2447,0.0041138898,0.009747557,0.003252771
2448,0.004263091,0.0104800835,0.0033375432
2449,0.0033397954,0.005323678,0.003957262
2450,0.0023293225,0.0017235971,0.0047049867
2451,0.0013548788,0.00028760076,0.0059118546
2452,0.0014964922,0.00040628115,0.0052923504
2453,0.0018976068,0.00090865145,0.004467317
2454,0.0026971726,0.002893205,0.0037569879
2455,0.0016283761,0.000557088,0.004711795
2456,0.0030756653,0.0044149156,0.0032893242
2457,0.0033511757,0.005696518,0.0031812466
2458,0.0026570281,0.0028010271,0.003604116
2459,0.002491076,0.002296299,0.003679501
2460,0.0030806386,0.0044878707,0.0032395814
2461,0.00089635496,7.723406e-05,0.0058378335
2462,0.0013397598,0.000300632,0.004635358
2463,0.0014487769,0.00039519873,0.0042645363
2464,0.0032432503,0.005382146,0.0027447308
2465,0.002858414,0.0036714396,0.0029591324
2466,0.002351932,0.0019918499,0.0034378006
2467,0.0016272136,0.00059618196,0.004017209
2468,0.0032102885,0.0053311544,0.0028327992
2469,0.003952253,0.0094165355,0.0027342727
2470,0.0028502252,0.0036573007,0.003378108
2471,0.0018579881,0.00092259794,0.004243416
2472,0.0008118966,5.8366273e-05,0.00488972
2473,0.0016131925,0.00058871333,0.0043140817
2474,0.0016698379,0.0006680819,0.0041036075
2475,0.0017510147,0.0007909077,0.0038549823
2476,0.0017855889,0.0008528781,0.0036787984
2477,0.001546134,0.00053342443,0.003809454
2478,0.0005706021,1.9135849e-05,0.0022149167
2479,0.00057472615,1.9700086e-05,0.002270144
2480,0.0014524951,0.0004419483,0.0036463342
2481,0.0021475214,0.0016314547,0.0029230402
2482,0.0019050583,0.0011118414,0.003126953
2483,0.002173805,0.0017292163,0.0028535598
2484,0.0022589313,0.0019733063,0.0027488505
2485,0.00092654687,0.00010251213,0.004172141
2486,0.0032940358,0.006353162,0.0021390128
2487,0.0038763126,0.009727504,0.002025678
2488,0.0032590178,0.0059987796,0.0023656113
2489,0.0009203022,9.704964e-05,0.004490535
2490,0.0022730718,0.00198313,0.0027609211
2491,0.0032703732,0.0061027766,0.0022651365
2492,0.0020573637,0.0014381923,0.003138687
2493,0.0015798222,0.0006060056,0.0035800936
2494,0.0018815238,0.001093836,0.0032161507
2495,0.00092668843,0.00010363412,0.004445385
2496,0.0016135935,0.0006689634,0.003246511
2497,0.0015035075,0.00053364196,0.003258097
2498,0.0023227565,0.002252388,0.0025474099
2499,0.0027622741,0.0039020407,0.0023577863
2500,0.0019195318,0.0012220928,0.0029740164
2501,0.0021412466,0.0017642868,0.00286344
2502,0.0020999936,0.0016669979,0.0028419064
2503,0.0009253275,0.00010967094,0.004207354
2504,0.0015666848,0.00064419216,0.0031626967
2505,0.0014951751,0.00055619114,0.0031413808
2506,0.0010127157,0.00015239211,0.0037055037
2507,0.001191009,0.00026446118,0.0032957937
2508,0.0021319422,0.0018370957,0.002394298
2509,0.0019315586,0.0013401317,0.0024993566
2510,0.0022119025,0.0020961857,0.0022981057
2511,0.0032045133,0.0065080905,0.0018911276
2512,0.0019031756,0.0012774362,0.0025526027
2513,0.0016934542,0.00088288635,0.0031658257
2514,0.0018974122,0.0012933941,0.002917495
2515,0.0012290592,0.0003074544,0.003577516
2516,0.0023217697,0.002517549,0.0025291287
2517,0.0013284058,0.0004030058,0.0034043142
2518,0.0011506827,0.00025106806,0.0035489972
2519,0.001049007,0.00018566458,0.00367197
2520,0.0017229482,0.0009780362,0.0027808961
2521,0.004078169,0.012458764,0.0017646685
2522,0.0034365482,0.007963922,0.0021150166
2523,0.0028427073,0.0045739645,0.0024409068
2524,0.0024693464,0.0029560782,0.0026538917
2525,0.0010932109,0.00020191968,0.003935609
2526,0.0009381843,0.00012187328,0.00406727
2527,0.0010655611,0.00018819314,0.0037375581
2528,0.002212355,0.0021350377,0.0025802536
2529,0.0029816073,0.0053751683,0.0022007031
2530,0.0021119178,0.0018303385,0.0026748658
2531,0.0020015042,0.001545164,0.0027104632
2532,0.0010101887,0.00015984684,0.0037194712
2533,0.0017635617,0.0010332321,0.0027311025
2534,0.0010524227,0.00018605673,0.0034391698
2535,0.002288986,0.0024458086,0.0022683414
2536,0.0026608878,0.0039231107,0.002094913
2537,0.00081665284,8.023793e-05,0.0037806067
2538,0.0005874601,2.6847114e-05,0.0030540507
2539,0.00052192045,1.8193943e-05,0.0019898186
2540,0.0011372414,0.00024801955,0.003258762
2541,0.0025396037,0.0034749855,0.002123622
2542,0.0015588672,0.00071485154,0.0027255646
2543,0.0005045486,1.6574419e-05,0.001560396
2544,0.0005391023,2.0734256e-05,0.0020772382
2545,0.0006121759,3.1808053e-05,0.0030917204
2546,0.00067750586,4.4849414e-05,0.0037402825
2547,0.0026952398,0.0042495485,0.001827201
2548,0.0022949562,0.002573055,0.0020148398
2549,0.0008060303,8.050762e-05,0.0033651828
2550,0.0016142358,0.00082502543,0.0023170393
2551,0.0023421026,0.0027849865,0.0018903547
2552,0.0021047136,0.0019843213,0.0020006872
2553,0.002025719,0.0017611209,0.0020293298
2554,0.0020049938,0.001711708,0.0020253668
2555,0.0018026739,0.0012156571,0.002119711
2556,0.0017275226,0.0010634973,0.0021379513
2557,0.0020657333,0.0019187729,0.001928505
2558,0.002226483,0.0024493416,0.0018488073
2559,0.0017123348,0.0010471161,0.0021091455
2560,0.00124051,0.00036101646,0.0024387827
2561,0.00093485153,0.00014112012,0.00273706
2562,0.0010244206,0.0001929537,0.0025470927
2563,0.0015603262,0.0007910063,0.0020197004
2564,0.00059947476,3.2579395e-05,0.0031723294
2565,0.0013296434,0.00047023306,0.002083779
2566,0.0012557335,0.00039136535,0.0021047867
2567,0.0012616041,0.0004003828,0.0020604702
2568,0.0012055632,0.0003464847,0.0020686584
2569,0.00086486386,0.00011485918,0.002388805
2570,0.0009638943,0.00016612229,0.0022120927
2571,0.0012746606,0.0004256419,0.0018864654
2572,0.0013762678,0.0005535315,0.0017866154
2573,0.0015433265,0.00081548,0.0016636855
2574,0.0016047579,0.0009340236,0.0016138644
2575,0.0017381334,0.0012224925,0.0015361678
2576,0.0011593126,0.00032057433,0.0018670302
2577,0.0007824666,8.663641e-05,0.002226735
2578,0.0010791204,0.00025541295,0.0018601508
2579,0.0012004573,0.00036707285,0.0017346132
2580,0.0011244738,0.0002970489,0.0017648169
2581,0.0010981372,0.00027625277,0.0017574496
2582,0.0010269277,0.00022222729,0.0017878419
2583,0.0012752602,0.00046103512,0.0015795844
2584,0.0009725204,0.0001876767,0.0017834629
2585,0.0005105961,2.1909278e-05,0.002403005
2586,0.0006054397,3.8865557e-05,0.0021594672
2587,0.00066392263,5.3141437e-05,0.0020204617
2588,0.0007494127,8.0071084e-05,0.0018662825
2589,0.0006407505,4.7680205e-05,0.001978461
2590,0.0008520841,0.0001242835,0.0016866822
2591,0.0005686801,3.234458e-05,0.002023409
2592,0.0006787458,5.868066e-05,0.0018186223
2593,0.0009872903,0.0002065141,0.0014850787
2594,0.00074923795,8.257094e-05,0.0016786489
2595,0.00045133926,1.5272204e-05,0.002116009
2596,0.00037110425,8.009455e-06,0.0006300125
2597,0.00064594526,5.1095125e-05,0.0019121144
2598,0.00076759694,9.1391616e-05,0.0017241915
2599,0.0007010404,6.78304e-05,0.0017729967
2600,0.0006840357,6.278766e-05,0.0017637364
2601,0.0008680313,0.00013992847,0.0015417598
2602,0.00055507553,3.1565676e-05,0.001892937
2603,0.00049153564,2.1123275e-05,0.00197156
2604,0.00043317233,1.3908981e-05,0.0019245058
2605,0.0009199731,0.00017385032,0.0015791898
2606,0.00083852117,0.0001283451,0.0016757782
2607,0.0008012956,0.00011079275,0.0016877574
2608,0.00071620796,7.64754e-05,0.0017560876
2609,0.00075947086,9.344668e-05,0.0016782955
2610,0.00058850495,4.0030027e-05,0.0018752469
2611,0.00046486192,1.8286732e-05,0.001772157
2612,0.00062020635,4.8146147e-05,0.0018664605
2613,0.00056585146,3.5569552e-05,0.0019182289
2614,0.0006426673,5.4604363e-05,0.001770212
2615,0.00047798656,2.0397647e-05,0.0017676423
2616,0.0004630429,1.8463017e-05,0.0011135889
2617,0.00052815076,2.8687517e-05,0.0020097292
2618,0.00046125342,1.8327257e-05,0.0009923872
2619,0.00045223,1.719304e-05,0.00078611495
2620,0.00051484175,2.6544474e-05,0.0017885393
2621,0.0008919037,0.00016779605,0.0017442835
2622,0.0008066689,0.00012021483,0.0018106026
2623,0.0005824749,4.057719e-05,0.0020952725
2624,0.0005708074,3.7975664e-05,0.0020641077
2625,0.0006052459,4.62488e-05,0.0019868112
2626,0.001133879,0.00037896985,0.0015622119
2627,0.00088229135,0.00016434095,0.0017778699
2628,0.0007985122,0.00011786373,0.001847153
2629,0.000764651,0.00010207376,0.0018639287
2630,0.00072384125,8.50666e-05,0.0018903529
2631,0.00073416554,8.928934e-05,0.00185205
2632,0.000750449,9.621143e-05,0.0018079199
2633,0.000599462,4.5487475e-05,0.0019919807
2634,0.00068018737,6.944783e-05,0.0018434263
2635,0.0006153908,4.9783306e-05,0.0019088268
2636,0.00088114064,0.00016609557,0.0017027287
2637,0.00062556664,5.2913656e-05,0.0019969882
2638,0.00065462734,6.159039e-05,0.00192548
2639,0.0006412477,5.7555328e-05,0.0019476288
2640,0.00051913917,2.8434832e-05,0.0007542493
2641,0.0005799882,4.114643e-05,0.0015728626
2642,0.00059348106,4.44206e-05,0.0017708616
2643,0.00056860887,3.8507023e-05,0.0014645486
2644,0.0007236017,8.615604e-05,0.0017761904
2645,0.0005362679,3.1706993e-05,0.001060405
2646,0.0005199065,2.8591634e-05,0.00081810437
2647,0.0007529916,9.9291436e-05,0.0020311584
2648,0.00075683167,0.000100620506,0.0020157327
2649,0.0010593282,0.0003084749,0.0016944131
2650,0.0010176911,0.00026974085,0.0017854893
2651,0.00092868746,0.00019801453,0.0018613383
2652,0.0010069752,0.00025869577,0.001778604
2653,0.0009480339,0.00021096678,0.0018235883
2654,0.0006838656,7.0646354e-05,0.002125769
2655,0.0006541143,6.0746755e-05,0.0017826494
2656,0.00069505855,7.440342e-05,0.001955751
2657,0.0006906978,7.277574e-05,0.0015403462
2658,0.001063197,0.0003048869,0.0019367931
2659,0.0010245524,0.0002677534,0.001972192
2660,0.00082862715,0.0001309732,0.0021804175
2661,0.00086088554,0.00014800644,0.00212259
2662,0.0007986325,0.000114642426,0.0021836513
2663,0.0008644623,0.000148866,0.002094694
2664,0.00058780226,4.1983643e-05,0.00055810995
2665,0.0011172194,0.00035023334,0.0022051337
2666,0.0010159713,0.00025175273,0.002287065
2667,0.0009943275,0.00023180689,0.002284389
2668,0.0011674436,0.00039276466,0.0020862299
2669,0.0007248788,7.933051e-05,0.0015412464
2670,0.0008444214,0.00013128633,0.0024623743
2671,0.0012977505,0.0005513124,0.0022496902
2672,0.0013475337,0.0006172787,0.0021246362
2673,0.0013378193,0.0005974747,0.0020721129
2674,0.0008704713,0.0001414141,0.0024118368
2675,0.000872132,0.00014155355,0.0024286858
2676,0.0014183754,0.00071452145,0.0018737091
2677,0.0012992476,0.00053250784,0.0019300765
2678,0.00089659815,0.00015404134,0.0022821513
2679,0.00073865644,8.043891e-05,0.0014743564
2680,0.0007800417,9.629187e-05,0.0019070012
2681,0.00081046054,0.00010928731,0.0022219538
2682,0.0010473403,0.0002575115,0.001977949
2683,0.0008594618,0.00013304662,0.0021449279
2684,0.0006838689,6.198846e-05,0.0010944386
2685,0.0012139989,0.0004232761,0.001901045
2686,0.0014771293,0.0008122086,0.0016952369
2687,0.0009341419,0.00017629602,0.0021043823
2688,0.0010597411,0.00026880947,0.0019387287
2689,0.0011330692,0.00033640218,0.0018446452
2690,0.0010380185,0.00025219965,0.0020377468
2691,0.0012445529,0.00046239042,0.0018551202
2692,0.0007369679,8.024969e-05,0.0011951403
2693,0.0016721518,0.0012358422,0.0018280837
2694,0.0011367798,0.00034323902,0.0020581014
2695,0.0012092805,0.00042239492,0.001852271
2696,0.0013026332,0.0005422822,0.0016886238
2697,0.0008225315,0.000117075964,0.0014903628
2698,0.001066633,0.0002805745,0.0018551827
2699,0.0010278755,0.0002508586,0.0020440388
2700,0.0010929385,0.00031310273,0.0017173167
2701,0.00092457363,0.00018173917,0.0014741308
2702,0.00043431405,0.000119246695,0.0004230393
2703,0.0003771336,0.00017265805,0.00036348356
2704,0.0013814108,0.00075356016,0.0011650287
2705,0.0022597434,0.0038533437,0.00074549747
2706,0.001446523,0.00094488764,0.0008153415
2707,0.0010866498,0.0003741463,0.0008244993
2708,0.0013294104,0.0007440851,0.000670822
2709,0.0013524465,0.00079840515,0.0006174222
2710,0.001345743,0.00079494115,0.0005955809
2711,0.0019896103,0.0028455246,0.00046303094
2712,0.0013635434,0.00083978986,0.00055140397
2713,0.0012773616,0.0006823974,0.00055243063
2714,0.00262451,0.0065698847,0.0003725424
2715,0.001463387,0.0010521241,0.0005257879
2716,0.000920201,0.00022677335,0.00065587007
2717,0.0009630408,0.00026617592,0.00065176183
2718,0.0010458316,0.00035430683,0.0006546329
2719,0.0013751601,0.00089289475,0.00059782754
2720,0.0011187749,0.00046101635,0.0005893346
2721,0.0018162963,0.002299269,0.00046334116
2722,0.0020086057,0.0032275838,0.0003935545
2723,0.0018877567,0.0026929884,0.00037185798
2724,0.0010969191,0.00046309683,0.00046121192
2725,0.0015925182,0.0016051799,0.0003750024
2726,0.0010365244,0.00039603785,0.00043334818
2727,0.0015080037,0.0013847899,0.00033596557
2728,0.0019245166,0.0030400523,0.00028507295
2729,0.0021256388,0.0041335933,0.0002996621
2730,0.003326152,0.008900312,0.0002237452
2731,0.004109281,0.010605679,0.0002049485
2732,0.0025770466,0.0068520866,0.0002801561
2733,0.0013045416,0.0008058791,0.00041339127
2734,0.0030482335,0.009007628,0.00026814634
2735,0.0034414658,0.01009193,0.00027013966
2736,0.0017240511,0.0018676656,0.0004224364
2737,0.0011298714,0.00046716048,0.00052359066
2738,0.0015747298,0.0014044868,0.00043681244
2739,0.00093034096,0.0002468897,0.00056931947
2740,0.003113429,0.00987402,0.00030507895
2741,0.0030744255,0.009865846,0.00033885738
2742,0.0014535984,0.000999441,0.0005493585
2743,0.0008801635,0.00018942505,0.00070672616
2744,0.0017597023,0.0018880933,0.0005550769
2745,0.001568627,0.0013039218,0.00058134244
2746,0.0010387815,0.0003349261,0.00070560287
2747,0.0032931247,0.010384933,0.00038342815
2748,0.0019787876,0.0026585208,0.0005647178
2749,0.001361916,0.00079025165,0.0006912955
2750,0.0038310592,0.011055595,0.00044481104
2751,0.0025446818,0.0055082194,0.0005852017
2752,0.002166286,0.0033568467,0.00064691465
2753,0.0047622886,0.013101233,0.0004442969
2754,0.002350437,0.0040934547,0.00071645837
2755,0.0016084085,0.0012188773,0.00088157546
2756,0.0038623076,0.011942363,0.0005768017
2757,0.0033760103,0.010542929,0.00068311085
2758,0.0036759241,0.012255242,0.000714986
2759,0.0030636801,0.007658579,0.0008789913
2760,0.0019786556,0.0020168796,0.001170518
2761,0.0010967643,0.0002879454,0.0015761686
2762,0.0026402024,0.0049977135,0.0012654127
2763,0.0052000247,0.013986835,0.000854182
2764,0.003268842,0.008632524,0.0011390503
2765,0.0019223174,0.0017209408,0.0015249157
2766,0.0010215455,0.00021266626,0.0020118435
2767,0.0045801317,0.011937001,0.0012137078
2768,0.0012765081,0.0004550528,0.00214128
2769,0.0013939876,0.0006259911,0.0016986616
2770,0.0017178163,0.0012745131,0.0013879816
2771,0.0011665969,0.00036426343,0.0018228207
2772,0.001253572,0.0005081206,0.0016214127
2773,0.0028438848,0.007575989,0.000850537
2774,0.0053332057,0.012502078,0.0005512363
2775,0.004685352,0.012147257,0.000568615
2776,0.0024774696,0.0050872844,0.0007831717
2777,0.0038708833,0.011476778,0.0005923151
2778,0.0038396805,0.011787411,0.00062867726
2779,0.0031767187,0.009179001,0.000753308
2780,0.0009193748,0.00017719221,0.0015040229
2781,0.0010322045,0.0002620716,0.001378499
2782,0.0009288716,0.00018573184,0.0015247606
2783,0.0016803781,0.0013429086,0.0011862086
2784,0.0019308355,0.002122547,0.0010084735
2785,0.001188324,0.0004373653,0.0015382894
2786,0.0020385962,0.0026868554,0.0009886756
2787,0.0037339907,0.010245187,0.0006199245
2788,0.0033851005,0.009940489,0.0006188195
2789,0.0034605989,0.010422051,0.0006047657
2790,0.0035682968,0.01096181,0.00061533327
2791,0.00338979,0.010455821,0.000674426
2792,0.004278023,0.012941511,0.0006430132
2793,0.005281519,0.014943907,0.00064161915
2794,0.0057615545,0.016119624,0.0007016084
2795,0.006851804,0.018070381,0.0007418547
2796,0.0046033864,0.015502432,0.0010889787
2797,0.0036115197,0.009586193,0.0014220098
2798,0.0017664426,0.0010709333,0.002201874
2799,0.0040097455,0.012066266,0.0014297629
2800,0.006653629,0.019951964,0.0012070852
2801,0.004887442,0.016803686,0.0016970756
2802,0.0021436838,0.0017082089,0.0029564158
2803,0.001356885,0.0003779785,0.00363185
2804,0.0022301849,0.0019716127,0.002741861
2805,0.002455023,0.0026954906,0.0025772126
2806,0.0016935694,0.00080628844,0.0030779357
2807,0.0029423072,0.004757334,0.0022745717
2808,0.0034744197,0.007615672,0.0022457258
2809,0.0016811914,0.00077772135,0.0033646233
2810,0.0015530987,0.0006034993,0.0034900624
2811,0.0037644072,0.009390984,0.0021708792
2812,0.003940893,0.0103212185,0.0022519864
2813,0.002714431,0.0035387569,0.0029201636
2814,0.0022722234,0.0020175767,0.0031812757
2815,0.004023411,0.010679931,0.0023428919
2816,0.0040789153,0.010807848,0.0024878345
2817,0.004119652,0.010843105,0.0026418325
2818,0.0029520611,0.0042491322,0.0033255303
2819,0.003931173,0.009484194,0.0029804877
2820,0.0012046051,0.00022177189,0.0055788457
2821,0.002725674,0.0032942197,0.003549325
2822,0.0016983574,0.00070960156,0.0044085598
2823,0.0012020384,0.00022592055,0.005107518
2824,0.001319121,0.00031188136,0.004712577
2825,0.0007860051,5.5568606e-05,0.0044697127
2826,0.0005800148,2.0273246e-05,0.0020904974
2827,0.0021035415,0.0015073741,0.003553709
2828,0.0027051307,0.0033979472,0.0030835897
2829,0.0018311096,0.0009652892,0.0037108879
2830,0.0026158232,0.0030939043,0.003021779
2831,0.002686819,0.0033736574,0.002965072
2832,0.002902277,0.0042815004,0.0028377385
2833,0.0025586884,0.0028996654,0.0030655877
2834,0.00321344,0.0057985373,0.0027068432
2835,0.0030089475,0.0047538974,0.0028497227
2836,0.002128335,0.0016023571,0.0037095882
2837,0.0032139423,0.005813417,0.002997626
2838,0.0020765504,0.0014850163,0.004115482
2839,0.001530545,0.00054452894,0.0046146256
2840,0.0017063933,0.000789115,0.0041854936
2841,0.0006184722,2.6661059e-05,0.002429097
2842,0.00061264675,2.5923311e-05,0.002384008
2843,0.0011010353,0.00018529256,0.004729073
2844,0.00060293905,2.4974135e-05,0.0018935353
2845,0.0008284505,7.269905e-05,0.0039493795
2846,0.001796143,0.0009715498,0.0038767678
2847,0.0010693414,0.00017372132,0.005121239
2848,0.0006870312,3.980805e-05,0.0020964262
2849,0.00089224096,9.6149095e-05,0.0033953711
2850,0.0013953514,0.00043203312,0.005136973
2851,0.0009469551,0.000118768854,0.0029904146
2852,0.0018225044,0.0010561656,0.0043739295
2853,0.0022080988,0.0019853394,0.0038190342
2854,0.0037000005,0.009157385,0.0027908983
2855,0.0060135084,0.018414095,0.0022469251
2856,0.0030661242,0.0050229235,0.0036362247
2857,0.0037151491,0.008524312,0.0033164932
2858,0.001297646,0.00029920257,0.0058090053
2859,0.001304453,0.0003070007,0.005502912
2860,0.0017969634,0.00090121536,0.004438082
2861,0.001909862,0.0011112916,0.004126405
2862,0.0021721136,0.0017071521,0.00372774
2863,0.002717366,0.0035021775,0.0032440603
2864,0.003331036,0.0064064185,0.002910971
2865,0.0033517915,0.006451687,0.0029721907
2866,0.003602524,0.007788569,0.0029340473
2867,0.0037645372,0.008628211,0.0029736224
2868,0.0026928117,0.0032108743,0.0037112045
2869,0.003997857,0.009917294,0.0030013374
2870,0.003575425,0.007268017,0.0033746292
2871,0.0025744084,0.0026930848,0.004066158
2872,0.0029295925,0.0040459842,0.0037265876
2873,0.0028596558,0.0037586666,0.003739614
2874,0.0021324332,0.0014797633,0.0044860262
2875,0.0023947188,0.002175897,0.00413259
2876,0.0013877796,0.00036074786,0.005231061
2877,0.0014892161,0.0004614932,0.0047967667
2878,0.0013749036,0.0003571373,0.004814566
2879,0.001956141,0.0011669644,0.0038651864
2880,0.0006199045,2.5253325e-05,0.002200699
2881,0.0006193646,2.5312438e-05,0.0021158834
2882,0.0007867304,5.669282e-05,0.0037134856
2883,0.0008402756,7.113067e-05,0.0042395615
2884,0.0006055447,2.3937075e-05,0.0018350137
2885,0.00066511054,3.289024e-05,0.0025579329
2886,0.0007991498,6.111337e-05,0.003963333
2887,0.0009023202,9.273201e-05,0.0045380783
2888,0.0014282028,0.0004406565,0.0047766725
2889,0.0014510785,0.0004722877,0.005411524
2890,0.0040915306,0.011339708,0.002817518
2891,0.0031051997,0.005293069,0.003309578
2892,0.0017052287,0.0007767762,0.0043454785
2893,0.0018781279,0.0010788328,0.0038894585
2894,0.0008522007,7.751996e-05,0.0024590949
2895,0.0022506453,0.001975904,0.003334028
2896,0.0049431804,0.01654821,0.0021649057
2897,0.004421602,0.01279078,0.0025941704
2898,0.0040423917,0.010095565,0.002950937
2899,0.003679032,0.0077544334,0.003266192
2900,0.0035516133,0.0069503086,0.0034217376
2901,0.0020642874,0.0012776132,0.0045544715
2902,0.0015733349,0.00052342017,0.00496819
2903,0.0009833125,0.000109468994,0.0046343054
2904,0.001084733,0.00015347483,0.0053277235
2905,0.0027269707,0.0032494662,0.0032164615
2906,0.002578951,0.002735456,0.0032737553
2907,0.0021831011,0.0016080814,0.00350012
2908,0.0019610845,0.0011408492,0.0035888061
2909,0.0023555513,0.0020956194,0.0031759616
2910,0.0025844232,0.002836553,0.0029755544
2911,0.0032871722,0.0059014335,0.0026099202
2912,0.0038461094,0.008998082,0.0024597154
2913,0.0024972078,0.0024886427,0.0032089287
2914,0.00079015514,5.4582946e-05,0.0040324065
2915,0.000949462,0.000101781596,0.004809694
2916,0.0018302589,0.00092328957,0.0033282724
2917,0.0024219984,0.0023295134,0.002811134
2918,0.0025035748,0.0026053882,0.0027286485
2919,0.00255279,0.002785974,0.0026753955
2920,0.002069764,0.0014234143,0.002945387
2921,0.00088347855,8.378581e-05,0.0043460256
2922,0.0010954218,0.00017377843,0.0037399237
2923,0.0014506492,0.0004494915,0.0031351547
2924,0.001761454,0.0008670575,0.0027610927
2925,0.0014795753,0.0004898503,0.0029344996
2926,0.0014821928,0.0004976773,0.002847041
2927,0.0015391886,0.0005700968,0.0027188547
2928,0.0016898891,0.0007856878,0.0025293112
2929,0.001868107,0.0011054532,0.002353436
2930,0.0017379959,0.00087849196,0.00239575
2931,0.0017679248,0.0009382333,0.0023281411
2932,0.0007835484,6.231702e-05,0.0033961465
2933,0.0016408009,0.0007445653,0.002283649
2934,0.0015782326,0.0006603066,0.0022820875
2935,0.0014924211,0.0005531572,0.00229834
2936,0.0015521495,0.00063625583,0.0022063446
2937,0.0016262601,0.00074980286,0.0021137607
2938,0.0015435588,0.0006359646,0.0021307732
2939,0.0010214846,0.00016132942,0.0025609927
2940,0.0014329443,0.0005048057,0.0021112293
2941,0.001224306,0.00030097814,0.002237183
2942,0.00095362216,0.00013146248,0.0024722582
2943,0.0006805973,4.2827793e-05,0.0028372654
2944,0.0006108043,3.0018165e-05,0.002900223
2945,0.001190861,0.00028223338,0.00203064
2946,0.00049695134,1.5289059e-05,0.0019523227
2947,0.0006784266,4.351537e-05,0.002639393
2948,0.0012689087,0.00035618123,0.0018886896
2949,0.0013428282,0.00043397822,0.0018033829
2950,0.0006382965,3.6319965e-05,0.0025535093
2951,0.0005213079,1.8575704e-05,0.0023204365
2952,0.0005404901,2.1062542e-05,0.0026279618
2953,0.00085797417,9.9305646e-05,0.0020406947
2954,0.00063719024,3.695431e-05,0.0023097594
2955,0.00044017323,1.0808247e-05,0.0010049694
2956,0.0009843473,0.00015992043,0.0018087269
2957,0.0011361483,0.00026043603,0.0016608695
2958,0.00056258374,2.4989038e-05,0.002306483
2959,0.00046684474,1.3477912e-05,0.0015299858
2960,0.0010778598,0.0002221348,0.0016134662
2961,0.0009974315,0.00017263953,0.0016499101
2962,0.0008880871,0.000117882046,0.0017182343
2963,0.00090215047,0.00012509432,0.0016749658
2964,0.0008807723,0.00011623251,0.0016659262
2965,0.0008742161,0.00011412313,0.0016436047
2966,0.0005419246,2.3215734e-05,0.0020430994
2967,0.00049032696,1.67059e-05,0.0020996807
2968,0.00063159654,3.9095972e-05,0.0018150203
2969,0.0005364061,2.2774833e-05,0.0019290062
2970,0.0004292826,1.08821105e-05,0.0010621267
2971,0.0007244066,6.292961e-05,0.0017467618
2972,0.0005290167,2.2147547e-05,0.0020149548
2973,0.0008565064,0.000111443755,0.0015574963
2974,0.0007965827,8.849672e-05,0.0017929167
2975,0.0008195634,9.792692e-05,0.0017351796
2976,0.0010382026,0.00021761449,0.0015471616
2977,0.0010043033,0.00019609446,0.0015491572
2978,0.00083549734,0.00010665295,0.0016707355
2979,0.00067385164,5.2273994e-05,0.0018252318
2980,0.00053089816,2.3693618e-05,0.0017553156
2981,0.00052955234,2.3655759e-05,0.0014602705
2982,0.00089536875,0.00013749358,0.0015854146
2983,0.00056421617,2.9538245e-05,0.0019573786
2984,0.00052450504,2.325783e-05,0.0014439359
2985,0.000670308,5.3525822e-05,0.0021422668
2986,0.0006257968,4.2725853e-05,0.0017272849
2987,0.0010628775,0.00025251176,0.0016844673
2988,0.0007881027,9.359102e-05,0.0020201914
2989,0.0006175887,4.1598538e-05,0.0013126052
2990,0.0006953586,6.20565e-05,0.00211279
2991,0.0008513939,0.00012350637,0.002185521
2992,0.0006456605,4.9084632e-05,0.00086709915
2993,0.0006816202,5.920052e-05,0.00068317563
2994,0.00062077603,5.577667e-05,0.0005934478
2995,0.0013113879,0.00052500435,0.0019541974
2996,0.0010700563,0.00026656347,0.0021173547
2997,0.0011197256,0.0003105352,0.0020236918
2998,0.0009660141,0.00018984564,0.002132112
2999,0.00084019144,0.00011921265,0.0022333842
3000,0.0007460099,8.020878e-05,0.001549128
3001,0.00073091104,7.496207e-05,0.0014318336
3002,0.00088015234,0.00013985494,0.002134194
3003,0.0009877187,0.0002060336,0.0019721899
3004,0.0010104871,0.00022333804,0.0019971088
3005,0.001098494,0.00029580656,0.0018743508
3006,0.0011192479,0.0003156336,0.0018216653
3007,0.0009848152,0.00020633402,0.0019062208
3008,0.0007814923,9.5439e-05,0.0018378631
3009,0.00057091017,5.4116994e-05,0.00055277837
3010,0.00034097457,5.690837e-05,0.0003278111
3011,0.00077549764,9.3332696e-05,0.0011890273
3012,0.0011546314,0.00035332792,0.0018861699
3013,0.0011119193,0.00031223954,0.0018530483
3014,0.0009073297,0.00015862168,0.0019840768
3015,0.0010749996,0.0002802697,0.0017686058
3016,0.0007746148,9.3959636e-05,0.0013625183
3017,0.0011598278,0.00036289397,0.001630252
3018,0.0009778844,0.0002059039,0.0017385156
3019,0.001152197,0.00035732402,0.0015689313
3020,0.0010660698,0.00027666404,0.0016028582
3021,0.0008346751,0.0001225094,0.0017773675
3022,0.000685733,6.368595e-05,0.0006836739
3023,0.0011035462,0.00031366074,0.0015813996
3024,0.0008040136,0.00010917643,0.0016901356
3025,0.0008099985,0.000112194866,0.0017683589
3026,0.00090429035,0.00016259521,0.0016393777
3027,0.00072112086,7.652646e-05,0.0009899348
3028,0.0009633344,0.00020308462,0.0017400922
3029,0.00082009024,0.00011893165,0.0014151175
3030,0.0008350248,0.00012666259,0.0015881823
3031,0.0009468177,0.00019338848,0.0015769944
3032,0.00095019425,0.00019641839,0.0015306517
3033,0.00085820915,0.00014030129,0.0015789078
3034,0.0008244493,0.00012354381,0.0012586114
3035,0.0004500691,8.558364e-05,0.00043848297
3036,0.0008687139,0.00014787176,0.0015572893
3037,0.0008783897,0.00015414768,0.0014884042
3038,0.0008366865,0.0001316041,0.0014639194
3039,0.00086564367,0.00014810168,0.0014050535
3040,0.0012792232,0.0005478931,0.0011319477
3041,0.0010742018,0.00030762787,0.0012118883
3042,0.0008389167,0.00013536174,0.001354203
3043,0.0010919435,0.00032916418,0.0012530271
3044,0.0015089498,0.00096914486,0.0010238674
3045,0.0013535402,0.00067971763,0.0010545724
3046,0.0019151195,0.0021232574,0.00086459133
3047,0.0016796658,0.0013891406,0.0009214102
3048,0.0016140887,0.0012224235,0.0009326024
3049,0.0017027096,0.0014592066,0.0009009601
3050,0.001379748,0.0007322765,0.00099877
3051,0.0013579634,0.0006973431,0.0009968434
3052,0.0017563194,0.0016282998,0.0008678552
3053,0.0010966167,0.00034399593,0.0011028919
3054,0.0013124925,0.0006281141,0.0009974292
3055,0.0017030202,0.0014855,0.0008724779
3056,0.0012636525,0.00055643887,0.0010174685
3057,0.0010699886,0.00032086996,0.0010981834
3058,0.0011395552,0.00039748757,0.0010640478
3059,0.0013158428,0.0006436054,0.0009827102
3060,0.0016687906,0.0014119276,0.00087574427
3061,0.0012443363,0.0005369176,0.0010196719
3062,0.0009428583,0.00021353966,0.0011646445
3063,0.0015141008,0.0010342913,0.0009201845
3064,0.001860715,0.002032313,0.0009043266
3065,0.0018601365,0.0020238138,0.000909062
3066,0.00095588993,0.00022411536,0.00127767
3067,0.0019543169,0.0023683857,0.0009074501
3068,0.002072723,0.0028367657,0.00088890246
3069,0.0011808451,0.00044923404,0.0011991913
3070,0.001167197,0.000432852,0.0011935177
3071,0.0015814755,0.0011854273,0.0010343599
3072,0.0017681149,0.0017038562,0.0009797071
3073,0.0011238649,0.00038151146,0.001238984
3074,0.0018806338,0.0020782906,0.0009766779
3075,0.0015886256,0.0011977823,0.0010757523
3076,0.00076689746,0.00010614965,0.0013780087
3077,0.0011548899,0.00041660795,0.0012514591
3078,0.0016857502,0.0014538553,0.0010260782
3079,0.00084481086,0.00014656865,0.0014551971
3080,0.0014995813,0.0009901167,0.0010798448
3081,0.0020038194,0.0025297045,0.00093341793
3082,0.0017929713,0.0017631496,0.0010061192
3083,0.0011323247,0.00038664104,0.0012800471
3084,0.00087198307,0.00016179805,0.0014481581
3085,0.0021070677,0.002943771,0.0009239335
3086,0.0017444649,0.0016006337,0.0010416147
3087,0.0015967337,0.0011975368,0.0010993633
3088,0.0010174958,0.00026850568,0.0013834791
3089,0.00084769254,0.00014606839,0.0015032728
3090,0.001255211,0.00054203556,0.0012339784
3091,0.0018201827,0.0018497851,0.001158748
3092,0.0019244833,0.0021977453,0.0011358992
3093,0.0019334671,0.0022143214,0.0011485195
3094,0.0009952568,0.0002464401,0.0016232932
3095,0.0010188577,0.00026609498,0.0015883258
3096,0.00077054795,0.00010448989,0.0018057728
3097,0.0007918099,0.00011448058,0.0018283137
3098,0.0007579814,9.8789336e-05,0.0014973201
3099,0.0008988129,0.00017637438,0.0014540984
3100,0.0010341796,0.00028048377,0.0018234367
3101,0.0013672815,0.0007108271,0.0014304125
3102,0.0022048845,0.003331534,0.0010473393
3103,0.00294864,0.007679764,0.0008845364
3104,0.0014893471,0.000905775,0.0013036196
3105,0.0016646702,0.0013072947,0.0012020265
3106,0.0014455271,0.00082208274,0.0012708661
3107,0.0024454098,0.004405859,0.0009578789
3108,0.0013320172,0.00061913487,0.0013368567
3109,0.002438137,0.004320166,0.000971592
3110,0.0010303339,0.00026004895,0.0015429284
3111,0.0011049362,0.0003293381,0.0014784732
3112,0.0014472113,0.00080996467,0.001275006
3113,0.0014483011,0.00081362785,0.00126668
3114,0.0018563888,0.0018369361,0.0011238566
3115,0.0028453656,0.00671833,0.0009291032
3116,0.0022586742,0.003327818,0.0011082918
3117,0.00095949083,0.00019953672,0.001737899
3118,0.001116941,0.00033527025,0.0019355621
3119,0.004132923,0.012063289,0.0010503146
3120,0.004102458,0.012476631,0.0010407246
3121,0.002517322,0.004262115,0.0013849942
3122,0.0023997847,0.0036524413,0.0013862753
3123,0.0028363233,0.0059500146,0.001255961
3124,0.0014310938,0.0006707858,0.0018284278
3125,0.0011735243,0.00034788385,0.0019532787
3126,0.001961675,0.0019051278,0.0014802029
3127,0.0020836992,0.0023124504,0.0014167121
3128,0.0021609035,0.0025923492,0.0013875437
3129,0.0019068095,0.001732782,0.0014791662
3130,0.001597141,0.00097154296,0.0016060345
3131,0.002252432,0.002959462,0.001346496
3132,0.0022339371,0.002872085,0.0013660941
3133,0.0024561386,0.0038359608,0.0013153875
3134,0.0021782466,0.0026236598,0.0014562479
3135,0.00083981623,0.00011278765,0.0017290767
3136,0.0040200558,0.013085264,0.0012075707
3137,0.003934626,0.012862153,0.0013266981
3138,0.0041372306,0.013815525,0.0014199786
3139,0.0019528883,0.001572729,0.0023204098
3140,0.003850091,0.011387241,0.0016146384
3141,0.0015692938,0.0007342417,0.0027700206
3142,0.0014546658,0.00057472615,0.0029163638
3143,0.0020450081,0.0017781468,0.0024889763
3144,0.00089102413,0.00011312539,0.0021757353
3145,0.00091039675,0.00012230272,0.0020655496
3146,0.0030621148,0.0062434548,0.0019968506
3147,0.003150992,0.006675632,0.0019597649
3148,0.0026707803,0.0040566656,0.0021330793
3149,0.0020891628,0.0018635836,0.0023803115
3150,0.002842177,0.00487694,0.001979908
3151,0.0014430323,0.00054748065,0.0028297696
3152,0.004929884,0.015894994,0.0014623052
3153,0.004306767,0.013544652,0.0017886919
3154,0.00403901,0.011374003,0.0020543002
3155,0.0015281822,0.0005716001,0.0036138713
3156,0.0024925782,0.0028532394,0.0027344495
3157,0.0009429668,0.000114656425,0.0038093578
3158,0.00071458763,4.5603443e-05,0.0018385518
3159,0.0012657224,0.00031085731,0.0035637342
3160,0.0021110198,0.0017144849,0.0028649592
3161,0.0024020474,0.0026090888,0.0026333015
3162,0.0022579283,0.0021458478,0.002692834
3163,0.0025835433,0.0032976626,0.0024859435
3164,0.0031589197,0.00601301,0.002248498
3165,0.0027029968,0.0037457624,0.0025050358
3166,0.002447717,0.0027445622,0.002646266
3167,0.005500833,0.018891001,0.0017748475
3168,0.0024716556,0.002653974,0.0031197856
3169,0.0032677867,0.0061934288,0.0026806924
3170,0.002303086,0.0021015215,0.0032712999
3171,0.0024397296,0.0025402599,0.003120311
3172,0.002646066,0.0032918416,0.0029578363
3173,0.00340251,0.0069312104,0.002595002
3174,0.0035355827,0.007611427,0.0026302286
3175,0.004157283,0.011312517,0.002512885
3176,0.0031061736,0.005066141,0.0031266666
3177,0.0018939432,0.001050191,0.004082506
3178,0.0014105103,0.00039723862,0.004534043
3179,0.0010169715,0.00013408887,0.0050996304
3180,0.0018157014,0.00093951955,0.00365788
3181,0.0011268228,0.00019291573,0.0045576706
3182,0.0014550684,0.00045883842,0.003922187
3183,0.0023412975,0.0022214737,0.0029907587
3184,0.0017309797,0.0008312173,0.003416476
3185,0.0021478154,0.0017149408,0.0033351528
3186,0.0017270276,0.000842462,0.0036277454
3187,0.0029797563,0.0048503894,0.002719114
3188,0.0029783947,0.004820497,0.0027593412
3189,0.0038396323,0.009656441,0.002454487
3190,0.0010138691,0.0001379551,0.0049797874
3191,0.0032717925,0.0062086624,0.0026900189
3192,0.00401343,0.010550045,0.0024844485
3193,0.0054157386,0.018846229,0.0022697072
3194,0.0010510916,0.00014139315,0.005808586
3195,0.0012179866,0.0002340696,0.005103702
3196,0.0014777265,0.00045184846,0.004409493
3197,0.0013419611,0.00033097164,0.004484042
3198,0.00090701587,8.995107e-05,0.0051834993
3199,0.0013858879,0.00037662822,0.0041727875
3200,0.00091607805,9.504264e-05,0.0049319286
3201,0.0018655681,0.0010335237,0.0033236204
3202,0.0015104045,0.00051949604,0.00395949
3203,0.002397117,0.002404147,0.003339036
3204,0.0012543519,0.00028419323,0.0044935364
3205,0.004432693,0.013388503,0.0023600517
3206,0.0020031515,0.0013041252,0.0038525844
3207,0.0026471585,0.003220482,0.0032541507
3208,0.0023020064,0.0020707801,0.0034554594
3209,0.0031960465,0.0057194787,0.0028743169
3210,0.0012900479,0.0003050117,0.004910127
3211,0.0015341905,0.00054936804,0.004302598
3212,0.0015553193,0.00058063713,0.004165151
3213,0.001484281,0.0005016125,0.0041702758
3214,0.0015554528,0.00059158844,0.003910715
3215,0.0029904589,0.004877282,0.0027290555
3216,0.0031397894,0.005598464,0.0026959514
3217,0.0013819123,0.00039642668,0.0041186474
3218,0.0017603759,0.0008982415,0.0036845205
3219,0.0022827943,0.002119596,0.0031415205
3220,0.001027121,0.00015041082,0.004554152
3221,0.0008890566,9.3493356e-05,0.0046863384
3222,0.00060554245,2.6054195e-05,0.0018643816
3223,0.001079795,0.00018156973,0.0040987995
3224,0.0025423472,0.003078399,0.002583538
3225,0.003515911,0.007962128,0.0021891934
3226,0.0030075503,0.005052736,0.0024809162
3227,0.0025330798,0.0029773181,0.002747605
3228,0.001714404,0.00083982776,0.0033269245
3229,0.0025828509,0.0031979494,0.0026436038
3230,0.002261994,0.0021033005,0.0028176794
3231,0.0024434936,0.0027044374,0.0026750294
3232,0.0010275713,0.00015474603,0.0040537682
3233,0.0023821513,0.0025219836,0.0025774192
3234,0.001153898,0.00023109138,0.0036639879
3235,0.0040287506,0.011328406,0.0018941482
3236,0.0037938831,0.0095768785,0.002109419
3237,0.0032211458,0.006056122,0.002428945
3238,0.0024679834,0.002683341,0.0028408929
3239,0.0017938127,0.00095500145,0.0032916204
3240,0.0022952424,0.0021564958,0.0028328549
3241,0.001737028,0.0008715228,0.0032036281
3242,0.0013986733,0.0004273343,0.0034599598
3243,0.0011483746,0.00022290593,0.0036763125
3244,0.0012325016,0.0002850243,0.0034326934
3245,0.0017053621,0.0008512659,0.002927531
3246,0.0012618655,0.00031448476,0.003305091
3247,0.0007822916,6.397606e-05,0.0040526334
3248,0.001386772,0.00043866693,0.002991883
3249,0.0016894827,0.00085413916,0.002637591
3250,0.0014495277,0.0005175069,0.0027810694
3251,0.0010161437,0.00015903395,0.003219347
3252,0.0011976303,0.00027796265,0.002874545
3253,0.0025846497,0.0034825203,0.0019123397
3254,0.0034510174,0.00804483,0.0016630507
3255,0.002749725,0.00414241,0.00196025
3256,0.0033088347,0.0070713675,0.0018059012
3257,0.0028745148,0.004670444,0.0020151797
3258,0.0027047133,0.0038751052,0.002110501
3259,0.0023915542,0.0026411864,0.0022625343
3260,0.0010472749,0.00017312443,0.0033793796
3261,0.0006355693,3.2789307e-05,0.004143978
3262,0.0015938454,0.00071504357,0.0025457947
3263,0.0015996299,0.0007300155,0.0024861668
3264,0.0018078204,0.001105021,0.0023410816
3265,0.0019411318,0.0014068019,0.002222007
3266,0.0018363651,0.0011813161,0.002263145
3267,0.002555519,0.003436031,0.00188898
3268,0.0022891732,0.002433885,0.0020099522
3269,0.0014462176,0.00054195826,0.0025174737
3270,0.0009737155,0.00014551324,0.0029843783
3271,0.0004322947,9.7087695e-06,0.001976623
3272,0.00059166463,2.7798034e-05,0.0036537345
3273,0.0013443391,0.00043727513,0.0025369695
3274,0.0014070614,0.0005132911,0.0024226713
3275,0.0015269945,0.00067944615,0.0022765347
3276,0.0011312204,0.0002515485,0.0025879515
3277,0.0023733256,0.00289937,0.0017526709
3278,0.0022624915,0.0024975077,0.0018032828
3279,0.0012784152,0.00038366392,0.002395444
3280,0.0013842693,0.0005042846,0.002252472
3281,0.0010374552,0.0001937886,0.0025432217
3282,0.0013360035,0.00045476484,0.0021906178
3283,0.00077628717,7.451157e-05,0.0028000313
3284,0.0010241068,0.00018955578,0.0023780952
3285,0.0010702043,0.0002213076,0.0022902787
3286,0.0007266787,6.1027367e-05,0.002722263
3287,0.0014891028,0.0006756467,0.001862694
3288,0.00097408186,0.0001649315,0.0022629006
3289,0.0013259345,0.00046630547,0.0019568654
3290,0.0013674276,0.0005207996,0.0019101835
3291,0.0013344118,0.00048360202,0.0019026009
3292,0.00080137816,8.852589e-05,0.002408105
3293,0.00063388055,4.0654755e-05,0.002634073
3294,0.00082588335,9.902462e-05,0.0022549331
3295,0.00086796965,0.000117661795,0.0021516772
3296,0.0009102932,0.0001388528,0.0020575717
3297,0.00051499304,2.0808317e-05,0.0026604843
3298,0.00048735988,1.7519827e-05,0.0022000682
3299,0.0010488236,0.00022830244,0.002153414
3300,0.0018881347,0.0016135647,0.0015798935
3301,0.0012921963,0.0004633118,0.0019030825
3302,0.001182243,0.00034658675,0.0019576163
3303,0.0011902145,0.00035673782,0.001917944
3304,0.0013487122,0.00054472685,0.0017731173
3305,0.0012638262,0.00044146925,0.0018063562
3306,0.000982408,0.00019149015,0.0020152258
3307,0.00082995085,0.000109567845,0.002147962
3308,0.0007977401,9.649999e-05,0.0021447542
3309,0.0009786653,0.00019223489,0.0018999361
3310,0.0010912111,0.0002782888,0.0017689836
3311,0.00067803677,5.701615e-05,0.0021993618
3312,0.00075702753,8.2814404e-05,0.0020392751
3313,0.00043858093,1.345689e-05,0.0015336802
3314,0.0009374902,0.00017093238,0.0018307569
3315,0.0005677213,3.2134438e-05,0.0023001493
3316,0.0009184206,0.00016115374,0.0017766983
3317,0.00084749475,0.00012386154,0.0018178446
3318,0.0008313889,0.000116791554,0.001803517
3319,0.0007853901,9.706246e-05,0.0018229524
3320,0.00041099082,1.1220889e-05,0.0010839206
3321,0.00068806746,6.3136606e-05,0.0020895414
3322,0.0008372876,0.00012223319,0.0018603351
3323,0.0008754633,0.00014258821,0.0017888095
3324,0.00084709673,0.00012836093,0.0017884334
3325,0.00059856154,4.0398285e-05,0.0020853207
3326,0.00063990406,5.0695384e-05,0.0019779725
3327,0.0005486134,3.0440926e-05,0.0020919845
3328,0.0009218291,0.00017316593,0.0015888946
3329,0.0008689399,0.00014287526,0.001612669
3330,0.00050062285,2.2746568e-05,0.0020821241
3331,0.0004108191,1.1804414e-05,0.0007697728
3332,0.0005370257,2.9048702e-05,0.0021623494
3333,0.00076724985,9.614745e-05,0.0018436714
3334,0.0006930078,6.868488e-05,0.0019063774
3335,0.0010341592,0.00026282968,0.001538558
3336,0.0009355872,0.00018897397,0.0015997523
3337,0.00088168954,0.00015567949,0.0016255084
3338,0.00078939216,0.00010803699,0.001692866
3339,0.0008175022,0.00012194725,0.0016391911
3340,0.0010174557,0.0002545013,0.0014505108
3341,0.00083886343,0.00013415053,0.0015777228
3342,0.00087286584,0.0001538786,0.0015260748
3343,0.0005778617,3.8943122e-05,0.0018449844
3344,0.0008178563,0.00012482968,0.0015526077
3345,0.001085854,0.00032352182,0.0013581188
3346,0.000721969,8.309226e-05,0.0016458883
3347,0.00075367827,9.628588e-05,0.0015882073
3348,0.00050962117,2.6157984e-05,0.0019036833
3349,0.00053812226,3.1452993e-05,0.0018212856
3350,0.0005918394,4.3341897e-05,0.0017092989
3351,0.0008423686,0.0001414664,0.0014141868
3352,0.00095900364,0.00021916981,0.0013104373
3353,0.000712848,8.169581e-05,0.0015019648
3354,0.0006279793,5.369112e-05,0.00157751
3355,0.0009491333,0.00021433781,0.0012766247
3356,0.0007854056,0.00011441733,0.0014044688
3357,0.0007448017,9.620219e-05,0.0014246413
3358,0.00045115125,1.810677e-05,0.0011175983
3359,0.00050173845,2.5964484e-05,0.0015444051
3360,0.00068274577,7.276694e-05,0.0015590846
3361,0.0008267364,0.00013835823,0.0014002875
3362,0.0007620806,0.000105766136,0.0014419742
3363,0.00049316796,2.4803712e-05,0.0014981471
3364,0.00086793985,0.00016480571,0.0014200934
3365,0.00078264717,0.00011697805,0.0014813878
3366,0.00064138,6.0304956e-05,0.0016163882
3367,0.00072787,9.222573e-05,0.0014994905
3368,0.0008051665,0.00012956168,0.0014103892
3369,0.0006310466,5.7558835e-05,0.001574133
3370,0.00052993017,3.2198117e-05,0.0016934912
3371,0.0007843464,0.00011953491,0.0013765702
3372,0.0004982684,2.634329e-05,0.0013876138
3373,0.00048954657,2.4874793e-05,0.0012632436
3374,0.00053056487,3.268138e-05,0.0015873008
3375,0.0008854264,0.00018341221,0.0017344072
3376,0.0008570273,0.0001640001,0.001886892
3377,0.0006076562,5.1456864e-05,0.0009650041
3378,0.00059233286,4.67931e-05,0.000688019
3379,0.0005912494,4.5974204e-05,0.0006213237
3380,0.0006235732,5.41954e-05,0.0010504198
3381,0.0006948274,7.686532e-05,0.001888881
3382,0.00087844674,0.00016663878,0.0020805758
3383,0.000759493,0.000101639154,0.0022295949
3384,0.0007963588,0.0001182206,0.0021680347
3385,0.0007189429,8.3466184e-05,0.002265182
3386,0.00064821716,5.8716538e-05,0.0015836934
3387,0.00069612125,7.422583e-05,0.0019451027
3388,0.00082806963,0.00013213814,0.0023200037
3389,0.0006660428,6.3214546e-05,0.001362653
3390,0.0012033973,0.0004518185,0.0019301262
3391,0.0008318285,0.0001307756,0.0023132917
3392,0.00060577877,4.5024924e-05,0.0008072038
3393,0.00024552929,4.4397126e-05,0.00022933935
3394,0.0006660887,6.0605045e-05,0.0008439007
3395,0.0007230949,7.8453464e-05,0.0014834184
3396,0.000905025,0.00016476451,0.0025842618
3397,0.0009523033,0.00019167371,0.0027802156
3398,0.0006793032,6.1137864e-05,0.00072812964
3399,0.00088195526,0.00014488335,0.0024150058
3400,0.0006949107,6.4593434e-05,0.00080274884
3401,0.0010806621,0.00028001328,0.0025132108
3402,0.0011831139,0.00037690796,0.002336529
3403,0.0010288903,0.00023551213,0.0024445266
3404,0.00068856566,6.129541e-05,0.0009543395
3405,0.0010264184,0.00023214673,0.0024226464
3406,0.0011981099,0.00038843148,0.0021913364
3407,0.0010860444,0.0002795794,0.0022556563
3408,0.00092048256,0.00016073867,0.0023968336
3409,0.0009526742,0.00018027642,0.0023047181
3410,0.0009480142,0.00017742674,0.002266884
3411,0.00082535256,0.00011169736,0.0023768337
3412,0.0007625824,8.5791886e-05,0.0019367037
3413,0.00065207976,5.0862534e-05,0.0008100895
3414,0.0008309778,0.000115842035,0.0012294281
3415,0.001140884,0.00033477228,0.0025679434
3416,0.0015865061,0.0010070809,0.0018527869
3417,0.0015303458,0.0008998203,0.0016762917
3418,0.0012512876,0.0004641699,0.0017001079
3419,0.0016763216,0.0012301586,0.001385669
3420,0.0014952469,0.0008483537,0.0013969286
3421,0.0014434538,0.00075901794,0.001363868
3422,0.001298769,0.00053736276,0.001389282
3423,0.0015481245,0.0009667785,0.0012334374
3424,0.0012841049,0.00052254915,0.0013266187
3425,0.0011507939,0.00036479306,0.0013911454
3426,0.00076605525,9.408969e-05,0.0009442505
3427,0.00084624253,0.00013171491,0.0015445095
3428,0.0008540529,0.00013641785,0.0014974904
3429,0.0005662715,8.223657e-05,0.000556485
3430,0.0005481836,0.000116171956,0.00053051906
3431,0.00123047,0.0004736865,0.0013430432
3432,0.0011810425,0.00041862307,0.0012349354
3433,0.0018570969,0.0018775471,0.00090939744
3434,0.0011325761,0.00036992517,0.0011176063
3435,0.0013456155,0.00066199794,0.0009769202
3436,0.0012287515,0.00049324974,0.0009865048
3437,0.0011326304,0.00037881217,0.0009954321
3438,0.0015479461,0.00107443,0.00082692003
3439,0.0014120194,0.000797759,0.0008523486
3440,0.0013102089,0.0006261864,0.0008707103
3441,0.0017967263,0.0017749239,0.0007306895
3442,0.0015023643,0.0009918537,0.0007996183
3443,0.0013944204,0.00077923696,0.0008294819
3444,0.0021416661,0.0031305798,0.0006609186
3445,0.001280973,0.00058798207,0.0008732391
3446,0.0015054708,0.0010078968,0.0007975035
3447,0.002202326,0.0034234594,0.0006553296
3448,0.0024136365,0.0044885636,0.00064112793
3449,0.0014652489,0.00090724503,0.0008575781
3450,0.0016334731,0.0013010056,0.0008099933
3451,0.0020373238,0.0026526656,0.00072877744
3452,0.0017253953,0.0015530817,0.00080766453
3453,0.001775425,0.0017055916,0.0008012637
3454,0.001637982,0.0013133137,0.0008418091
3455,0.0013064928,0.00062456046,0.0009484107
3456,0.001841557,0.0019373216,0.0008638677
3457,0.0014299206,0.0008475938,0.0010022917
3458,0.0016038364,0.0012412365,0.0009829302
3459,0.00176034,0.0016811548,0.000931468
3460,0.0020687135,0.0028087313,0.0008588526
3461,0.0021821538,0.003296058,0.00084875926
3462,0.0012433081,0.0005268729,0.0011558755
3463,0.0016108116,0.0012418182,0.0010058336
3464,0.0012539212,0.0005432841,0.0011413405
3465,0.0015605944,0.0011220346,0.0010155374
3466,0.0020027321,0.0025122026,0.0008961129
3467,0.002037997,0.0026414418,0.0009038211
3468,0.00080020045,0.00012030698,0.0014705234
3469,0.0029574996,0.007874262,0.00079927465
3470,0.0028997466,0.0072693788,0.000869518
3471,0.00089584803,0.00016496403,0.0016784654
3472,0.0023652008,0.0039414847,0.0010174891
3473,0.0021867652,0.0030646103,0.0011025813
3474,0.0010007273,0.00023443403,0.0016661987
3475,0.0010293989,0.0002580838,0.0016280315
3476,0.00068811164,6.724685e-05,0.0011184759
3477,0.0006940075,6.94785e-05,0.0007810816
3478,0.0020949256,0.0026901409,0.0014085616
3479,0.0011309464,0.00035351815,0.0018482214
3480,0.0023468111,0.003829384,0.0015899519
3481,0.0045752153,0.011754372,0.0011173594
3482,0.0031916804,0.00907844,0.0012865696
3483,0.0018348772,0.001708129,0.001588203
3484,0.0031646418,0.008711361,0.0010601451
3485,0.0023307835,0.003544501,0.0012266557
3486,0.001342416,0.00059125,0.001561714
3487,0.0015375885,0.0009321995,0.0013841174
3488,0.001935645,0.0019840652,0.001187585
3489,0.002997139,0.0073936363,0.00095457217
3490,0.0015122403,0.0008640859,0.0014073302
3491,0.0031716593,0.008436684,0.00094244676
3492,0.004161325,0.013625622,0.0008721395
3493,0.0021736475,0.0025777582,0.0013772604
3494,0.0017344407,0.0012421208,0.0015501922
3495,0.0027876622,0.0055005685,0.0012081491
3496,0.0022858072,0.0029793123,0.0013897399
3497,0.0041174702,0.014331579,0.0010394162
3498,0.0032381911,0.0078062615,0.0013441799
3499,0.0041180374,0.013611804,0.001262648
3500,0.0033323024,0.007908896,0.0015887796
3501,0.003086222,0.006284175,0.0017523797
3502,0.0031051089,0.0063085016,0.0018194717
3503,0.0024015822,0.0028790217,0.0021557652
3504,0.0020358325,0.0016972285,0.002358931
3505,0.0019416176,0.0014605399,0.002391169
3506,0.0017083104,0.00096363004,0.0025159947
3507,0.0015539998,0.00070851494,0.0025882148
3508,0.0011758832,0.00028129574,0.0029034717
3509,0.00095857895,0.00014287472,0.003115373
3510,0.001534115,0.0006921265,0.0023999477
3511,0.0024130768,0.0030380015,0.0018779784
3512,0.0019745433,0.0016000815,0.0021164222
3513,0.0009577053,0.00014512546,0.0030499047
3514,0.00091548444,0.0001255888,0.0030502803
3515,0.0011419153,0.00026487155,0.0026821378
3516,0.0009669443,0.00015285835,0.0028680367
3517,0.0016259475,0.0008725199,0.0022229461
3518,0.0027140556,0.004526104,0.0018903
3519,0.0041343393,0.013432265,0.0016028865
3520,0.0010744175,0.00020783239,0.0035132314
3521,0.0024541318,0.0031781762,0.0026453466
3522,0.0035322034,0.009004307,0.0022510362
3523,0.0030875297,0.0060870727,0.0025509584
3524,0.0025254146,0.0032840723,0.002899378
3525,0.0029828553,0.005395904,0.0026631507
3526,0.0017576497,0.0010004943,0.0035511807
3527,0.004781982,0.016673379,0.0021863224
3528,0.003058221,0.005420218,0.0031399848
3529,0.0049180347,0.01679642,0.0025050906
3530,0.003798908,0.009207241,0.0032519826
3531,0.002456994,0.0025164636,0.004231435
3532,0.0025615953,0.0028776682,0.004048303
3533,0.001733871,0.000808529,0.0047963625
3534,0.001092944,0.00017450149,0.0055888137
3535,0.0030447945,0.004971404,0.0035933743
3536,0.0016002638,0.0006255788,0.0049333107
3537,0.0011342913,0.00019921448,0.0055294717
3538,0.00085585867,7.815146e-05,0.0037609998
3539,0.003600114,0.008065456,0.003128147
3540,0.0042318646,0.011835426,0.002994796
3541,0.0042374237,0.011569396,0.0032213428
3542,0.0019205952,0.0010650257,0.005076731
3543,0.0016029131,0.00058887765,0.005277206
3544,0.0022112406,0.0017243521,0.004491537
3545,0.003564678,0.007428548,0.0034280007
3546,0.004738947,0.014492747,0.00304703
3547,0.004453751,0.012348844,0.0034496833
3548,0.0045749242,0.0128103085,0.0036370475
3549,0.003810879,0.008000497,0.00425953
3550,0.003104961,0.0044038338,0.004806297
3551,0.001962358,0.0010159399,0.0061238944
3552,0.0021149162,0.0013152597,0.005567373
3553,0.001668731,0.00060547824,0.0059119323
3554,0.001962853,0.0010509897,0.0051516783
3555,0.001358993,0.0003126043,0.006237085
3556,0.0012880393,0.0002640363,0.005984423
3557,0.0011807468,0.00019937193,0.005845161
3558,0.0012747921,0.00026074928,0.0053751725
3559,0.0013964761,0.00035776064,0.0048594177
3560,0.0019505946,0.0011014794,0.0039308807
3561,0.0015415947,0.00050878304,0.0042482703
3562,0.0017537024,0.00079092477,0.0038638765
3563,0.002440352,0.0023615316,0.0032785342
3564,0.002948283,0.0042866487,0.0029671425
3565,0.0030547348,0.004772444,0.003024031
3566,0.002193841,0.0016846777,0.0036345054
3567,0.0016317283,0.00063907466,0.00408262
3568,0.0010314533,0.00013902296,0.0048989067
3569,0.0014329737,0.00042237566,0.003982502
3570,0.00078354287,5.644264e-05,0.0043356814
3571,0.0006491735,3.0309735e-05,0.002909338
3572,0.00082388014,6.780323e-05,0.004544754
3573,0.0009196522,9.925099e-05,0.0047699343
3574,0.0009418319,0.00010840258,0.0044875094
3575,0.0012185391,0.00025984802,0.0039769947
3576,0.0012961923,0.00032380593,0.0040291175
3577,0.0021905915,0.0018574246,0.0030031533
3578,0.0024135795,0.0025493794,0.0028157646
3579,0.0011966939,0.00025322384,0.0042188596
3580,0.0010462884,0.00016268458,0.004298686
3581,0.0017955836,0.0009959328,0.0032330249
3582,0.0021546902,0.0018237444,0.0028968635
3583,0.0029748643,0.0050086277,0.0024281882
3584,0.001953381,0.0013212452,0.0030482349
3585,0.00076124794,5.7246878e-05,0.0027843735
3586,0.0022771584,0.0022048827,0.0028690062
3587,0.0017614152,0.00095703773,0.0032643762
3588,0.0011191345,0.00021290527,0.0042699235
3589,0.0028611326,0.004576611,0.002677358
3590,0.0008112814,7.241438e-05,0.0025398124
3591,0.0007758375,6.25897e-05,0.002163758
3592,0.001021325,0.0001582984,0.0036420538
3593,0.0037404818,0.009645362,0.0023697766
3594,0.0018495482,0.0011157801,0.0036566027
3595,0.0021965038,0.0019659917,0.003215747
3596,0.0022192001,0.0020377433,0.0031107003
3597,0.0018667218,0.0011626042,0.0033079216
3598,0.0012642588,0.00031988753,0.00392645
3599,0.0035270255,0.0082456665,0.0022579203
3600,0.003739846,0.009415953,0.0023444516
3601,0.0018624112,0.0011081684,0.003562401
3602,0.0020011815,0.0014123028,0.0033274516
3603,0.002375533,0.0024723492,0.002976804
3604,0.0020641983,0.0015752127,0.003150751
3605,0.0036385916,0.00871704,0.0023201802
3606,0.0045032254,0.014071706,0.00219528
3607,0.0036966018,0.008578953,0.0026977288
3608,0.004084823,0.01082624,0.0026860966
3609,0.003864446,0.009232771,0.0029519896
3610,0.0037430197,0.008352468,0.0031459164
3611,0.003767034,0.00837278,0.003252359
3612,0.0027156791,0.0031784852,0.0039613578
3613,0.0012177441,0.00022733753,0.0058492785
3614,0.0027076963,0.0031927298,0.0037450027
3615,0.00076622167,4.8756974e-05,0.0038095943
3616,0.00068706006,3.4068322e-05,0.0030180828
3617,0.0011337027,0.00018356377,0.0052639954
3618,0.0016135838,0.0006045606,0.004217433
3619,0.0020455252,0.00134077,0.0036023015
3620,0.0009743871,0.000114009155,0.0051459568
3621,0.0007552829,4.9001508e-05,0.003729589
3622,0.0013693916,0.00036248314,0.0039761127
3623,0.0018314524,0.0009651637,0.0033117388
3624,0.0006849286,3.6290774e-05,0.0031345063
3625,0.0005489452,1.742425e-05,0.0014757947
3626,0.00065770984,3.2011594e-05,0.0028742785
3627,0.0013222827,0.00033414445,0.003470588
3628,0.0022189727,0.0018742855,0.0025962137
3629,0.0018599431,0.0010593343,0.002792938
3630,0.0013460839,0.0003642533,0.003196373
3631,0.0018926887,0.001143139,0.0026167375
3632,0.0006979809,4.1117382e-05,0.003651049
3633,0.00067089853,3.6267564e-05,0.0033761915
3634,0.0006862939,3.9384813e-05,0.0035855186
3635,0.0013488277,0.00038124254,0.0026921474
3636,0.0010771373,0.00018117427,0.002923062
3637,0.0010226809,0.0001535812,0.0029054142
3638,0.0015020028,0.00056059525,0.002333416
3639,0.002159723,0.0018731577,0.0019056586
3640,0.002259643,0.002180639,0.0018511291
3641,0.0016493045,0.00078194524,0.002159255
3642,0.0009253662,0.00011425358,0.0028147988
3643,0.00077873206,6.4612184e-05,0.0029690992
3644,0.0011404502,0.0002343324,0.0025605627
3645,0.0013958628,0.0004646199,0.0022576947
3646,0.0019846165,0.0015025646,0.0018551974
3647,0.001552351,0.0006727003,0.0020786384
3648,0.0016428031,0.00082016387,0.0020508678
3649,0.0014699055,0.00057168154,0.0021535314
3650,0.0017984451,0.0011252621,0.0019109416
3651,0.0010957299,0.00021765799,0.0024190638
3652,0.0019780248,0.0015608093,0.0017668629
3653,0.001316771,0.00040839292,0.0021482084
3654,0.00094648276,0.00013637218,0.002474528
3655,0.0014935683,0.00063129567,0.0019264669
3656,0.0007975099,7.806332e-05,0.0025806073
3657,0.0005518367,2.2946915e-05,0.002147661
3658,0.0012194567,0.00032778623,0.0020743816
3659,0.0017056725,0.0010090161,0.0017213129
3660,0.001421825,0.00055568083,0.0018644243
3661,0.0017738236,0.0011653429,0.0016434551
3662,0.0012425162,0.00035966147,0.001945016
3663,0.0010195058,0.00018699295,0.0021049785
3664,0.0017677296,0.0011771306,0.0015719222
3665,0.0013989838,0.0005460156,0.0017532161
3666,0.0012469318,0.00037481525,0.0018289925
3667,0.0014966788,0.0006939578,0.0016457585
3668,0.0014043575,0.000565836,0.0016850968
3669,0.0013007984,0.00044162362,0.0017266003
3670,0.0012768211,0.00041814207,0.0017164451
3671,0.0012497819,0.00039219586,0.0017086288
3672,0.0012484015,0.00039362718,0.0016836579
3673,0.0011270831,0.000281771,0.0017447597
3674,0.0011638287,0.00031590115,0.001689235
3675,0.0013267845,0.00049273204,0.0015584064
3676,0.0012058145,0.00036074838,0.0016134673
3677,0.0012187033,0.00037644914,0.0015820741
3678,0.0009410214,0.00015968544,0.0017730556
3679,0.0012662236,0.000435247,0.0016398175
3680,0.0012239125,0.0003912204,0.0016451222
3681,0.0011842805,0.00035286034,0.001648898
3682,0.00081959774,0.00010371552,0.0019487685
3683,0.00068977673,5.8583773e-05,0.002079601
3684,0.0012799914,0.00046555503,0.0015244137
3685,0.0010006973,0.00020593384,0.0017015105
3686,0.00079922285,9.7669465e-05,0.0018704721
3687,0.00063952775,4.660128e-05,0.0020478012
3688,0.00064491114,4.8351576e-05,0.0021799654
3689,0.00082817837,0.00011208824,0.001891167
3690,0.00065047963,5.023802e-05,0.0020900245
3691,0.0006069852,4.0039966e-05,0.0021179563
3692,0.0008340526,0.000116465315,0.0018121892
3693,0.0006621584,5.4104632e-05,0.0019943486
3694,0.0007171704,7.0967726e-05,0.0018852609
3695,0.00064131914,4.9068345e-05,0.0019562056
3696,0.000776138,9.3264156e-05,0.00174712
3697,0.00063010905,4.6689987e-05,0.001902616
3698,0.0011605237,0.00036177164,0.0014224957
3699,0.000724602,7.535364e-05,0.0017750903
3700,0.00096138247,0.00019489333,0.0015191542
3701,0.00091605785,0.00016679331,0.0015451283
3702,0.0005519439,3.0829236e-05,0.001948595
3703,0.0006298716,4.8100734e-05,0.0017966998
3704,0.00074566045,8.49046e-05,0.0016252293
3705,0.00056464993,3.385067e-05,0.0016087465
3706,0.0005303882,2.7586515e-05,0.000950938
3707,0.0008417655,0.0001298965,0.001850371
3708,0.0005789785,3.728393e-05,0.0012247937
3709,0.0008221858,0.00012051206,0.0018298433
3710,0.0010156499,0.00024497948,0.0016246954
3711,0.00087762903,0.0001508738,0.001726023
3712,0.0006356602,5.1484163e-05,0.0019947153
3713,0.0006185607,4.7471887e-05,0.0010285762
3714,0.0007791749,0.00010288094,0.0022736841
3715,0.00072374265,8.009165e-05,0.0017852943
3716,0.0008109793,0.00011678301,0.0022196737
3717,0.0008777529,0.00015187582,0.0021643883
3718,0.0009118873,0.00017196305,0.0020974968
3719,0.0011414201,0.00036315588,0.001855408
3720,0.0011500939,0.000371879,0.0018337346
3721,0.00082480686,0.00012229657,0.0021422552
3722,0.0007473236,8.779976e-05,0.0021205407
3723,0.0010123275,0.00024189419,0.001883177
3724,0.0009523672,0.00019724062,0.0019198336
3725,0.0007675402,9.587913e-05,0.0021089592
3726,0.0007907954,0.00010592234,0.0020471055
3727,0.00089673774,0.00016132259,0.0018964871
3728,0.0006515798,5.550999e-05,0.0013206523
3729,0.0006277003,4.897468e-05,0.0010682326
3730,0.0008435321,0.00013210883,0.0021171556
3731,0.0007008843,7.096948e-05,0.0014232688
3732,0.00071438454,7.5443095e-05,0.0015968195
3733,0.00079842453,0.000109202636,0.0021103108
3734,0.00082949584,0.00012397292,0.0020398702
3735,0.0009810359,0.00021720964,0.0018512106
3736,0.000882103,0.00015232574,0.0019275139
3737,0.00070138136,7.0807146e-05,0.0016427614
3738,0.00080197206,0.00011080696,0.001971018
3739,0.00079183944,0.00010627611,0.001954198
3740,0.0007131106,7.495404e-05,0.0018630221
3741,0.00089487125,0.00016026845,0.0017873186
3742,0.0010076722,0.00023879125,0.0016639389
3743,0.0009073041,0.00016853776,0.0017331254
3744,0.00079678866,0.00010939556,0.0018244755
3745,0.00078168814,0.000102809514,0.0018157032
3746,0.0010886294,0.0003117329,0.0015226518
3747,0.0009628481,0.00020746361,0.001604287
3748,0.00089707936,0.00016421804,0.0016428037
3749,0.0008885087,0.00015945555,0.0016307348
3750,0.0010636001,0.00029167824,0.0014739578
3751,0.0010744879,0.00030275164,0.001452996
3752,0.0011347223,0.00036440082,0.0014015427
3753,0.0010630075,0.0002940518,0.0014363746
3754,0.0006592603,5.9749764e-05,0.0017283255
3755,0.0009855017,0.00022955527,0.0014570979
3756,0.0009227503,0.00018486106,0.0014904379
3757,0.0007813417,0.00010634302,0.0016006763
3758,0.00096554006,0.00021640047,0.0014234984
3759,0.00092990726,0.00019150868,0.0014359566
3760,0.00061719335,4.8820883e-05,0.0014000837
3761,0.00061448896,4.8411446e-05,0.0009168145
3762,0.00083260646,0.00013360844,0.0016220756
3763,0.00068192545,6.865704e-05,0.0017573112
3764,0.0006258786,5.160581e-05,0.0011344473
3765,0.00062115607,5.049744e-05,0.0007697103
3766,0.00063274277,5.3738248e-05,0.0007418336
3767,0.0008691685,0.00015492571,0.0017105275
3768,0.0010539353,0.00029493208,0.0015395959
3769,0.0007065292,7.751657e-05,0.0016637669
3770,0.0008046525,0.00011965389,0.0017284958
3771,0.0008186819,0.00012679803,0.0016948287
3772,0.0007272891,8.5400665e-05,0.0017768433
3773,0.0007490554,9.4517985e-05,0.0018243518
3774,0.0006649047,6.341386e-05,0.0010959206
3775,0.0008596963,0.00014958257,0.001706634
3776,0.00076392636,0.00010165336,0.0011589897
3777,0.0002663545,7.90774e-05,0.00025092508
3778,0.00040338084,0.00011046483,0.00037738285
3779,0.0015937447,0.0011636552,0.0017919461
3780,0.0011614903,0.00041707285,0.0017782197
3781,0.00088142994,0.00016818315,0.0010515086
3782,0.0006596649,0.00015003284,0.0006339743
3783,0.0005696389,0.00013940509,0.00055320625
3784,0.0011890184,0.00047339202,0.0011065021
3785,0.0012818171,0.0006163712,0.00095086236
3786,0.0013007916,0.0006546145,0.00087255234
3787,0.0010030346,0.0002787999,0.0009709147
3788,0.0009764434,0.00025895963,0.0009826529
3789,0.0010527524,0.00034008923,0.0008607501
3790,0.0010812342,0.00037999015,0.0007726112
3791,0.0016537659,0.0015746072,0.00055531616
3792,0.0012455331,0.0006294566,0.0006209558
3793,0.0011718944,0.00052360294,0.00058640883
3794,0.0013939466,0.00094387523,0.00049858936
3795,0.0021463665,0.0037870992,0.00037962987
3796,0.0012489614,0.0006619183,0.00049555895
3797,0.0014767983,0.0011602757,0.00043988464
3798,0.0013616749,0.0008949019,0.00044829113
3799,0.0019015865,0.0026517285,0.00037173065
3800,0.0012568446,0.0006908396,0.0004602473
3801,0.0030837792,0.009479158,0.00028673236
3802,0.0021489547,0.0037431037,0.00037751134
3803,0.0011427377,0.00048233307,0.0005337539
3804,0.00096112146,0.00027260408,0.0005763208
3805,0.0009833863,0.00029664757,0.0005925672
3806,0.0013739989,0.00090844947,0.000518037
3807,0.0012146196,0.0006088223,0.0005351717
3808,0.002258207,0.004458696,0.00038006797
3809,0.0014174465,0.0010088744,0.000492893
3810,0.0024117578,0.0053761615,0.00037901447
3811,0.0020201772,0.0031101392,0.00042992472
3812,0.0010175306,0.00033044303,0.00061655417
3813,0.0009892661,0.0003025417,0.00061521895
3814,0.00084390846,0.00018002115,0.0006961737
3815,0.0013827448,0.0009341196,0.00054676237
3816,0.0009499854,0.0002714232,0.0006847952
3817,0.00089960004,0.00026024846,0.00068794226
3818,0.0028661003,0.0065571796,0.00048732435
3819,0.003090642,0.0076349704,0.00041121096
3820,0.0023789657,0.0064798538,0.00043294404
3821,0.0033242682,0.009105077,0.00033842542
3822,0.002608286,0.00786451,0.00037540012
3823,0.0011546612,0.0006250658,0.0005675618
3824,0.0010511399,0.00045852223,0.00056222244
3825,0.0020242825,0.0038065643,0.00039070772
3826,0.0025105972,0.006997006,0.00035060136
3827,0.0031900497,0.010010209,0.00032578284
3828,0.002448112,0.006089774,0.00041044716
3829,0.0015455087,0.0014406568,0.0005480692
3830,0.0017385375,0.0020990262,0.0005184172
3831,0.00094331906,0.00028003872,0.0007491991
3832,0.0031234936,0.01030973,0.0004011775
3833,0.003044531,0.010088439,0.00045064304
3834,0.001027278,0.00033509274,0.00086748536
3835,0.0012559077,0.0006540825,0.00077889184
3836,0.0012067625,0.0005732461,0.0007931825
3837,0.0012540855,0.0006515997,0.00077658554
3838,0.0012009663,0.0005675301,0.0008839502
3839,0.0031355158,0.00969834,0.00061218726
3840,0.002201427,0.0038477723,0.0007519278
3841,0.0012197922,0.00056746707,0.0009799721
3842,0.0017104652,0.0017258769,0.00078566215
3843,0.0009866211,0.00028023103,0.0010109193
3844,0.0024691755,0.0053827525,0.0006744381
3845,0.003251997,0.010308681,0.0005739993
3846,0.003104306,0.00947265,0.0006246457
3847,0.0015026447,0.0010217505,0.0009673006
3848,0.0013657585,0.00074715255,0.0009955782
3849,0.0043642516,0.013033666,0.00055365
3850,0.0019402463,0.0022276635,0.0009448312
3851,0.0013032851,0.0006047866,0.0011561628
3852,0.003815948,0.012632695,0.0006581843
3853,0.0012628015,0.0005151596,0.0013049457
3854,0.0010038533,0.00024037392,0.0014443309
3855,0.00075676746,9.375311e-05,0.0012899806
3856,0.0012806681,0.0005444717,0.0012477431
3857,0.0008359209,0.00013149201,0.0015268457
3858,0.0010965833,0.00032658587,0.0013130064
3859,0.001109304,0.0003405735,0.0012903535
3860,0.0011584648,0.0003949413,0.0012492072
3861,0.0015825935,0.0011143273,0.0010586113
3862,0.0013339035,0.00063486065,0.0011538095
3863,0.0017916174,0.0016783333,0.0009897144
3864,0.0014536342,0.00084645103,0.0011079861
3865,0.0007768875,0.00010511088,0.0015102355
3866,0.0007242516,8.3394836e-05,0.0013215414
3867,0.00087809237,0.00015907524,0.0014096965
3868,0.001825123,0.0017991093,0.00096655404
3869,0.0014559479,0.0008596195,0.0011147651
3870,0.0025963814,0.005356766,0.0008443755
3871,0.003948989,0.014032884,0.0007140384
3872,0.0017085185,0.0013429049,0.0012621281
3873,0.001319243,0.0005727634,0.001439862
3874,0.0017588617,0.001482333,0.0012381619
3875,0.0019830598,0.0021840166,0.0011706337
3876,0.0023486451,0.0037009679,0.0010877484
3877,0.0024937622,0.0044001495,0.001085709
3878,0.0019871618,0.0021497598,0.0012624877
3879,0.0024990016,0.004377076,0.0011637047
3880,0.0041717496,0.015662346,0.0009248691
3881,0.0043445244,0.016256144,0.001052565
3882,0.0036188553,0.010606199,0.0013470629
3883,0.004216795,0.014460286,0.0013611241
3884,0.0037025993,0.010469103,0.0016494569
3885,0.0038681466,0.011322891,0.0017489599
3886,0.0024145301,0.0029271129,0.0024228543
3887,0.001334299,0.0004194921,0.0032467989
3888,0.0011683814,0.00027107645,0.0034114458
3889,0.0015373939,0.00068248744,0.0029295024
3890,0.00082334585,8.5188505e-05,0.003940968
3891,0.0011738698,0.0002813682,0.0033329413
3892,0.0007302178,5.7746656e-05,0.0032442075
3893,0.0008135884,8.324068e-05,0.0037296806
3894,0.0010242576,0.00018145809,0.0034351053
3895,0.0010391143,0.00019143577,0.0033217298
3896,0.0047286553,0.017170357,0.0015055481
3897,0.0009487944,0.00013241757,0.0038704153
3898,0.0009143904,0.00011769529,0.0037872193
3899,0.0011242868,0.00023654608,0.00329821
3900,0.004529343,0.015482841,0.001588378
3901,0.004120866,0.012324806,0.0018888518
3902,0.0038381915,0.010164394,0.0021421588
3903,0.0026841282,0.0036426277,0.0027400546
3904,0.00085376354,8.326919e-05,0.004773781
3905,0.0012443691,0.0002964238,0.00380465
3906,0.00054367963,1.870606e-05,0.0018652226
3907,0.00058755727,2.4362782e-05,0.0023069417
3908,0.0008982468,0.000101866535,0.004765716
3909,0.00081311195,7.3538766e-05,0.0038735466
3910,0.0010116611,0.00015378557,0.004446382
3911,0.0007361676,5.3450167e-05,0.0028872436
3912,0.0009476446,0.00012489683,0.0044176923
3913,0.0010857211,0.00019815846,0.003957513
3914,0.0025537845,0.0033203403,0.002514397
3915,0.0027174975,0.004023297,0.0025845803
3916,0.0025168168,0.003161949,0.0027122719
3917,0.0021126142,0.0018085096,0.0029585594
3918,0.0026721584,0.0038130418,0.002593547
3919,0.0030043465,0.0053931368,0.0024627808
3920,0.002637546,0.0036174005,0.0026891266
3921,0.0031675333,0.0062102634,0.0024620139
3922,0.001291128,0.00034552265,0.003978323
3923,0.0014099124,0.0004670898,0.0036668354
3924,0.0015106045,0.0005927742,0.0034736115
3925,0.0018044049,0.0010767169,0.003085448
3926,0.0020688414,0.0016961448,0.0028173183
3927,0.0029534115,0.0051698894,0.0023226254
3928,0.0036805863,0.009384293,0.002121312
3929,0.0021425367,0.00184748,0.0030113328
3930,0.0022861767,0.002288318,0.0028965052
3931,0.0021357525,0.0018444333,0.0029618598
3932,0.0012728736,0.00033450156,0.0038143306
3933,0.00070083677,4.5714496e-05,0.003510064
3934,0.00097489654,0.00013868295,0.00408426
3935,0.0016260454,0.000771994,0.0030585455
3936,0.002300705,0.00241675,0.0025102529
3937,0.0022924747,0.00239635,0.002498892
3938,0.0023105282,0.0024643778,0.002473218
3939,0.0025042095,0.003184213,0.0023624753
3940,0.0029599615,0.0052813254,0.0021756997
3941,0.001630433,0.0007861319,0.00299067
3942,0.0026579911,0.0038308972,0.002336739
3943,0.0018236797,0.0011460534,0.0028455514
3944,0.0016952247,0.000906737,0.0028907973
3945,0.00094971765,0.00013192426,0.0037442585
3946,0.0008346283,8.631024e-05,0.0039483733
3947,0.0011894369,0.00028627279,0.0036425472
3948,0.0024361305,0.0030320412,0.0024758352
3949,0.001051127,0.00019022972,0.003739198
3950,0.0009061613,0.00011642681,0.0038744023
3951,0.00082751975,8.643019e-05,0.003920543
3952,0.0024942209,0.0033133847,0.002204185
3953,0.0018549124,0.001281322,0.0025975879
3954,0.0015292999,0.0006820248,0.002924456
3955,0.0012177348,0.00032114994,0.0032373497
3956,0.0010702184,0.00021005068,0.0034488156
3957,0.0013594098,0.00046995067,0.0029714731
3958,0.0021467968,0.0021264395,0.0023115007
3959,0.0010273316,0.00018569548,0.0033018081
3960,0.001281472,0.0003915059,0.0029140725
3961,0.0030506027,0.0062804385,0.0018439877
3962,0.0029901373,0.0058593266,0.0019347228
3963,0.0031278306,0.0065940744,0.0020405024
3964,0.0034487713,0.008470241,0.002018255
3965,0.0030581106,0.0059806933,0.0022669446
3966,0.0022394652,0.0022870777,0.0027283013
3967,0.0024534992,0.0030622042,0.0026449328
3968,0.0014461839,0.00054615334,0.0034993705
3969,0.0008851808,0.00010674834,0.004634591
3970,0.0018288397,0.001207977,0.0032692936
3971,0.0031177711,0.0063711917,0.0024690828
3972,0.0033451084,0.0076280064,0.0024842767
3973,0.0021846395,0.002080402,0.00321296
3974,0.0017404249,0.0009919206,0.0035438233
3975,0.0011241566,0.00023212431,0.004259475
3976,0.0009089573,0.000114799965,0.0047324337
3977,0.0032639268,0.0071118115,0.002421809
3978,0.0019193114,0.0013652542,0.0032800538
3979,0.00092754286,0.000121565245,0.0045559565
3980,0.0006128716,3.0539435e-05,0.0026896982
3981,0.0006427683,3.589927e-05,0.0030811212
3982,0.0006085164,3.0020454e-05,0.0025811817
3983,0.0007153715,5.171459e-05,0.0038016343
3984,0.0014754882,0.00058616395,0.0032654789
3985,0.0009822099,0.00015129131,0.0038632152
3986,0.0011766175,0.00027894677,0.0034917956
3987,0.0013067947,0.0003987849,0.0032233924
3988,0.0020168328,0.0016861077,0.0025292635
3989,0.0017660775,0.0010964789,0.002670195
3990,0.0014626589,0.00059044955,0.002876521
3991,0.0015626316,0.00074061356,0.0027237644
3992,0.0014488023,0.00058042584,0.0028415688
3993,0.001018513,0.00017993589,0.0033142087
3994,0.002216286,0.0023662476,0.0021906807
3995,0.0017363175,0.0010727199,0.002468765
3996,0.0022407705,0.0024676686,0.0021401444
3997,0.0025802176,0.0038358374,0.0019930187
3998,0.0018428916,0.0013087695,0.002389018
3999,0.0018511786,0.001334966,0.0023521965
4000,0.002148573,0.0021744238,0.0021565424
4001,0.002078444,0.0019594016,0.0021850858
4002,0.0013180771,0.00043802368,0.0027204463
4003,0.0013541112,0.0004824602,0.0026205403
4004,0.0024426528,0.0033174946,0.0019110197
4005,0.0012845505,0.0004066581,0.00265153
4006,0.0015126507,0.00070567225,0.0023894117
4007,0.002211693,0.0024557677,0.0019509096
4008,0.00094313244,0.00014688348,0.002970237
4009,0.00053959584,2.2830714e-05,0.0025895927
4010,0.0008899408,0.0001221178,0.0029041902
4011,0.0024312818,0.003357793,0.0017218897
4012,0.0024069138,0.0032498224,0.001749473
4013,0.0016638099,0.000987821,0.002124157
4014,0.0014746077,0.0006663436,0.0022241296
4015,0.000840424,0.000102473154,0.0028769097
4016,0.0004365038,1.1545443e-05,0.0012078064
4017,0.0006421602,4.201437e-05,0.0031891444
4018,0.0005507801,2.5402596e-05,0.0024557775
4019,0.0009532088,0.000160137,0.0029924358
4020,0.0011850495,0.00033368755,0.002705092
4021,0.0010599346,0.00023113495,0.0028736023
4022,0.0018168078,0.001389086,0.0021515659
4023,0.002143323,0.0023741317,0.00196867
4024,0.001942332,0.001729355,0.0020753331
4025,0.0017104549,0.0011438753,0.002203049
4026,0.0011418832,0.00029975091,0.0026601786
4027,0.0014236637,0.00062830414,0.0023347563
4028,0.0011143695,0.00027882837,0.0025900633
4029,0.0014372198,0.0006544317,0.0022360526
4030,0.0013796247,0.0005739689,0.0022468506
4031,0.0014693419,0.00071111263,0.0021429958
4032,0.0008870857,0.00013253334,0.00270555
4033,0.0008188739,0.00010184373,0.0027435357
4034,0.0014939044,0.0007612715,0.001991473
4035,0.00046926158,1.5994949e-05,0.0011766574
4036,0.0009568271,0.00017327839,0.00242686
4037,0.001048014,0.00023641219,0.0023324138
4038,0.0006917481,5.9208807e-05,0.0028181614
4039,0.0013210633,0.00051680487,0.0020106253
4040,0.0014184262,0.0006580535,0.0019128862
4041,0.00093607313,0.00016518733,0.002317847
4042,0.0006762038,5.5922577e-05,0.0026591327
4043,0.00061025895,3.9950744e-05,0.0028929873
4044,0.0011719927,0.00035515468,0.0020482996
4045,0.0009714732,0.00019058946,0.0022103963
4046,0.00073664007,7.586164e-05,0.0024819057
4047,0.0012071201,0.00039700585,0.0019040408
4048,0.0011585891,0.0003483817,0.001967511
4049,0.00090830534,0.00015518333,0.002195017
4050,0.00071804615,7.0989176e-05,0.0024150917
4051,0.0008442009,0.00012240614,0.002182624
4052,0.0006533186,5.2158255e-05,0.0024251721
4053,0.0005544763,3.0253574e-05,0.0023389459
4054,0.0005371453,2.732832e-05,0.0019328888
4055,0.0011769151,0.00037834895,0.0019123653
4056,0.0010375,0.00024923217,0.0020086938
4057,0.0009732364,0.00020198179,0.002041463
4058,0.0009472849,0.0001851768,0.0020356108
4059,0.0009053054,0.0001596946,0.0020475956
4060,0.00086616556,0.00013823582,0.0020574657
4061,0.00082242425,0.00011664437,0.0020741874
4062,0.00063575443,4.9492333e-05,0.002310437
4063,0.00057815394,3.6135018e-05,0.0023442083
4064,0.00064413284,5.198705e-05,0.0022063476
4065,0.0010068117,0.00023220191,0.0017442239
4066,0.0007459667,8.5562475e-05,0.0019932596
4067,0.00081320154,0.000114592425,0.0018769341
4068,0.00076419604,9.3449795e-05,0.0019034572
4069,0.001179193,0.00040028454,0.0015545115
4070,0.00091799546,0.00017420907,0.0017412612
4071,0.00095742324,0.0002013235,0.0016813279
4072,0.0010447635,0.00027066356,0.0015887514
4073,0.000818919,0.000120429526,0.001770239
4074,0.0007800891,0.0001027647,0.0017857057
4075,0.00073669595,8.518231e-05,0.0018082565
4076,0.00057349517,3.7023216e-05,0.0020116258
4077,0.00077988516,0.00010372415,0.0016984043
4078,0.0008099741,0.00011818085,0.0016423651
4079,0.00082262605,0.00012497339,0.001606777
4080,0.00071265374,7.766761e-05,0.0017006024
4081,0.0005690331,3.6751324e-05,0.0018702161
4082,0.00056446536,3.588511e-05,0.001845205
4083,0.0006800709,6.7079214e-05,0.0016552908
4084,0.00081015076,0.00012086785,0.0014957791
4085,0.00053523656,3.0384059e-05,0.0018099361
4086,0.0005462152,3.2614178e-05,0.0017617582
4087,0.0006294411,5.2538886e-05,0.0016163045
4088,0.0005225691,2.8325554e-05,0.0017444222
4089,0.00055642123,3.5045916e-05,0.0016727755
4090,0.0004441069,1.657024e-05,0.0006702413
4091,0.00042833356,1.8828483e-05,0.00041974126
4092,0.00062792184,5.304347e-05,0.0017162423
4093,0.0008140826,0.00012668075,0.0014883891
4094,0.0006809857,7.000155e-05,0.0016058818
4095,0.000540266,3.2434145e-05,0.0016801062
4096,0.00047646777,2.137173e-05,0.0006854702
4097,0.0004977503,2.479231e-05,0.0008733856
4098,0.00049776793,2.4846959e-05,0.00076116645
4099,0.0005787666,4.1338153e-05,0.0013697118
4100,0.000602057,4.749875e-05,0.00082026003
4101,0.0009439407,0.00021192008,0.0019158708
4102,0.00095118897,0.00021606039,0.0019044265
4103,0.0009475828,0.00021218379,0.0019022339
4104,0.0011255465,0.00037515198,0.0017406695
4105,0.0013432549,0.0006729236,0.0015924795
4106,0.0011459494,0.00039531756,0.0017275315
4107,0.0010865822,0.0003300497,0.0017700839
4108,0.0010099143,0.00025782944,0.0018286239
4109,0.0007987751,0.00011744877,0.0020408428
4110,0.0008701151,0.000155938,0.0019382781
4111,0.00075186894,9.551817e-05,0.0020638672
4112,0.0006788659,6.7766676e-05,0.0021451444
4113,0.00073356734,8.7797045e-05,0.0021101674
4114,0.00039686615,3.284552e-05,0.0003789249
4115,0.0007038233,7.587806e-05,0.0021691427
4116,0.000686806,6.976638e-05,0.0021326814
4117,0.00087170297,0.00015452967,0.0019042016
4118,0.00093505014,0.00019526026,0.0018209041
4119,0.0008743361,0.00015599885,0.0018652265
4120,0.0006445937,5.6304332e-05,0.0017959081
4121,0.000665244,6.250269e-05,0.0020648525
4122,0.0006175271,4.8725717e-05,0.0015296029
4123,0.000585396,4.07347e-05,0.0011470716
4124,0.0005570394,3.4478326e-05,0.00079285074
4125,0.0007171775,8.0106445e-05,0.0019577409
4126,0.0008394728,0.0001357028,0.0017868992
4127,0.0009106977,0.00017842316,0.0016961752
4128,0.0005925803,4.2504224e-05,0.0013793238
4129,0.0006276055,5.151741e-05,0.001803386
4130,0.00063978566,5.501209e-05,0.0018886206
4131,0.0006513347,5.8521535e-05,0.0018853175
4132,0.00060298096,4.5229735e-05,0.0013260237
4133,0.0004429921,3.2522814e-05,0.00042669207
4134,0.0006206655,4.9918788e-05,0.0010038001
4135,0.0008436282,0.00013875145,0.0019836782
4136,0.0007703566,0.00010217095,0.002054223
4137,0.0007591237,9.707585e-05,0.0020467117
4138,0.00083187904,0.0001316548,0.0019478496
4139,0.0010284588,0.00026753152,0.0017810926
4140,0.00091464614,0.0001805925,0.0018794906
4141,0.0006136682,4.7623573e-05,0.0006869065
4142,0.0010225944,0.00026173922,0.0019696422
4143,0.0010848348,0.00031735282,0.0019164386
4144,0.0007856657,0.00010744764,0.002231294
4145,0.0007635122,9.719739e-05,0.0021389988
4146,0.0010876387,0.00031591026,0.0018624521
4147,0.0010918144,0.00031920438,0.0018457144
4148,0.001001957,0.00023913334,0.0019114743
4149,0.0010399199,0.00027031868,0.0018597335
4150,0.0010483327,0.0002775234,0.0018585203
4151,0.000729227,8.238934e-05,0.0019710686
4152,0.0014381176,0.0007921757,0.0015657424
4153,0.0012655127,0.0005177525,0.0016670452
4154,0.000977108,0.00021836838,0.0018852969
4155,0.00074032124,8.638647e-05,0.0021645378
4156,0.0009112818,0.00017280126,0.0019422915
4157,0.00073652854,8.475842e-05,0.0021312046
4158,0.000669482,6.164758e-05,0.001365248
4159,0.0008359815,0.0001292419,0.002023081
4160,0.00129625,0.00055859634,0.001608353
4161,0.0010929066,0.00031643885,0.0017420669
4162,0.00063466013,5.1463892e-05,0.0011219571
4163,0.0007106485,7.4979725e-05,0.001993062
4164,0.00078063685,0.00010261788,0.002005296
4165,0.0011457031,0.0003712548,0.0017546739
4166,0.0007095494,7.4805306e-05,0.0017206859
4167,0.0011477574,0.00037256832,0.0017259064
4168,0.0015808536,0.0010773228,0.0014607931
4169,0.0013774793,0.00068295945,0.0015679897
4170,0.00068094005,6.5123306e-05,0.0014024245
4171,0.00090994965,0.00017126126,0.001999496
4172,0.00068773975,6.708289e-05,0.0014977372
4173,0.0013921048,0.00070465327,0.0015983912
4174,0.0007171836,7.6971395e-05,0.001875658
4175,0.0014274572,0.0007647506,0.0015775933
4176,0.0017452851,0.0014795503,0.0014239923
4177,0.0010565609,0.00028004852,0.0018398474
4178,0.0008190751,0.00011957444,0.0020650607
4179,0.0006429944,5.333733e-05,0.0009945643
4180,0.00073649874,8.373044e-05,0.001980276
4181,0.0011136949,0.0003331916,0.0018552258
4182,0.0026319877,0.005290286,0.0011952682
4183,0.0014139106,0.00072151056,0.0017143233
4184,0.0007841451,0.00010082899,0.0022829934
4185,0.00081420457,0.000114260634,0.0022134644
4186,0.0009902853,0.00022016755,0.0020494484
4187,0.00092703477,0.00017645823,0.0020910385
4188,0.00086301897,0.00013884828,0.0021366102
4189,0.0016114651,0.0011163297,0.0017676434
4190,0.00083257945,0.00012315028,0.0024201535
4191,0.0010617038,0.00027729778,0.002283787
4192,0.0021438445,0.0027692646,0.0016005151
4193,0.0018694389,0.00176684,0.0017272211
4194,0.0020110493,0.0022168355,0.0016640152
4195,0.00077782274,9.451988e-05,0.0018684196
4196,0.0020934516,0.0024869556,0.001616328
4197,0.0011408819,0.00033577162,0.00220997
4198,0.0011669192,0.00036147778,0.0021510776
4199,0.003408669,0.010080606,0.0015580624
4200,0.0014429096,0.00070010027,0.0024484561
4201,0.0013280405,0.00052931503,0.0023965316
4202,0.00087528833,0.00013127025,0.0021764704
4203,0.0036971162,0.01106688,0.001740554
4204,0.0015271769,0.00081657234,0.0025614263
4205,0.0010559387,0.00024070253,0.0026073768
4206,0.0012216851,0.0003952743,0.0021179172
4207,0.0028654833,0.006062564,0.0012589265
4208,0.0011232579,0.000296183,0.001993665
4209,0.0016350343,0.0010391921,0.0015589296
4210,0.0023032408,0.00314886,0.0012633393
4211,0.0016442068,0.0010613529,0.0014885119
4212,0.0016993372,0.0011890793,0.0014350021
4213,0.0035539786,0.010677508,0.0009674512
4214,0.0008566229,0.00011679133,0.0020502987
4215,0.0014043077,0.00061259675,0.0016721752
4216,0.0022768907,0.0029750958,0.0013512283
4217,0.002257298,0.0028909978,0.0013748802
4218,0.00122394,0.00038916394,0.0018553166
4219,0.001616775,0.000988306,0.0016127775
4220,0.0012258673,0.00039651728,0.0018277821
4221,0.0019886808,0.0019647863,0.0013821761
4222,0.0015391423,0.0008516518,0.0015519492
4223,0.0017722108,0.0013611681,0.00141428
4224,0.0016455031,0.0010710654,0.0014488803
4225,0.001873864,0.0016449523,0.0013382299
4226,0.0014077312,0.0006434936,0.0015358573
4227,0.0016451812,0.0010833982,0.0014086996
4228,0.0009867578,0.00019852068,0.0017974947
4229,0.000996255,0.00020652135,0.0018519773
4230,0.0016902107,0.0012065888,0.001483474
4231,0.0016871998,0.001209022,0.0015660756
4232,0.0021831102,0.0027973657,0.0013684243
4233,0.003252323,0.008891032,0.001022469
4234,0.0027441755,0.005451329,0.001129964
4235,0.002009082,0.002065551,0.0013219608
4236,0.0023087894,0.0032117805,0.001200222
4237,0.0010634818,0.00025253402,0.001759615
4238,0.0011706654,0.00035076894,0.0016658296
4239,0.002353252,0.003442954,0.0011349012
4240,0.002099096,0.0023969496,0.0012040008
4241,0.0022299348,0.0029008063,0.0011610301
4242,0.0023383591,0.0033571806,0.0011570273
4243,0.0019818568,0.0019828312,0.0012691172
4244,0.002578985,0.004506964,0.0011069425
4245,0.0037431447,0.012016285,0.000936585
4246,0.002847728,0.005712761,0.0012037976
4247,0.0022700645,0.0028409315,0.0014066977
4248,0.002998866,0.0065282276,0.0013081636
4249,0.003629873,0.010557742,0.0012383643
4250,0.0029861126,0.006127447,0.001494431
4251,0.0017334461,0.001102072,0.0020464764
4252,0.0018089317,0.0012750376,0.00202403
4253,0.0025142522,0.003675218,0.0018723765
4254,0.0013930202,0.00053805363,0.0025120615
4255,0.0027140756,0.0046262597,0.0017733594
4256,0.0014052368,0.0005508617,0.0024909456
4257,0.004432484,0.014964496,0.0013481199
4258,0.0034339817,0.008450041,0.0017482453
4259,0.002483009,0.0032283773,0.0021856464
4260,0.0009421022,0.00013202416,0.003518465
4261,0.0010651435,0.00020035396,0.00325114
4262,0.0008695774,0.00010216683,0.0029018652
4263,0.0013866816,0.00048949214,0.002716513
4264,0.001261255,0.00035935268,0.0028441509
4265,0.0010653018,0.00020549048,0.0029985078
4266,0.0011284463,0.00025061346,0.0028209335
4267,0.0018773803,0.0013684343,0.0021284888
4268,0.0023233073,0.0027300513,0.0018922214
4269,0.0029991032,0.0059032314,0.0016734055
4270,0.0031151555,0.0064906273,0.001706304
4271,0.0034256156,0.008282202,0.0016970346
4272,0.0029590027,0.0054050973,0.0019424962
4273,0.003291728,0.0072308662,0.00189536
4274,0.0020854364,0.0017737806,0.002499384
4275,0.0034537925,0.008131592,0.0019396085
4276,0.0019203208,0.0013311427,0.0027499546
4277,0.0016357347,0.000788601,0.0029221417
4278,0.003061773,0.0057824836,0.0020888646
4279,0.002491056,0.0030798472,0.0024789332
4280,0.0012464677,0.00031782646,0.0035845977
4281,0.0017043367,0.0009083575,0.0030227185
4282,0.0018668673,0.001237971,0.0030109184
4283,0.0012518419,0.00032960594,0.0036306507
4284,0.0009791825,0.00014559022,0.0039411876
4285,0.0010268791,0.00017161248,0.0036980612
4286,0.0010754961,0.00020160899,0.003520928
4287,0.0019633104,0.0015065878,0.0028048116
4288,0.0032950789,0.0074441484,0.003006195
4289,0.0025547035,0.0034609358,0.003065942
4290,0.0037029346,0.0098454375,0.0022663602
4291,0.0036007592,0.008947219,0.0022911532
4292,0.0015620842,0.000657696,0.0035409026
4293,0.0018969307,0.0012600209,0.0030175939
4294,0.0044531506,0.0144171575,0.0018752033
4295,0.0071109864,0.01945493,0.0016354857
4296,0.0067671034,0.019782012,0.0019659067
4297,0.0037650953,0.008604777,0.0031223816
4298,0.0034617311,0.0067392946,0.0033872346
4299,0.0034189643,0.006438321,0.0034748411
4300,0.0029605736,0.0041806633,0.0037992257
4301,0.0061989306,0.020938233,0.0025843407
4302,0.0044372506,0.011802183,0.0035907498
4303,0.0026353055,0.002637902,0.004928073
4304,0.0027584531,0.0030679598,0.0046766284
4305,0.001848946,0.00083991647,0.0056473967
4306,0.0020601344,0.0012163661,0.005149038
4307,0.0014162418,0.00035301785,0.0059721065
4308,0.0014951654,0.00042842902,0.0055335504
4309,0.0009303746,8.832408e-05,0.004715645
4310,0.00081515237,5.720566e-05,0.003737702
4311,0.0010910598,0.00015327442,0.005758881
4312,0.0013682751,0.00033088448,0.004857088
4313,0.0015384768,0.00049679243,0.00463581
4314,0.0019002155,0.0010151679,0.004064931
4315,0.0026992396,0.0031923514,0.0033051574
4316,0.0027393287,0.0033526104,0.003244413
4317,0.002590161,0.00282009,0.0033054983
4318,0.003544528,0.007209575,0.0027851025
4319,0.0013319998,0.00031294159,0.0047151977
4320,0.0008327636,6.554491e-05,0.0038125943
4321,0.0008853994,8.131859e-05,0.0039396146
4322,0.00081847835,6.306156e-05,0.0031953203
4323,0.001236488,0.00025350566,0.0048446814
4324,0.0021568616,0.0016265518,0.0035126905
4325,0.0018619482,0.0010122475,0.0037742367
4326,0.0049865553,0.016419642,0.0022200258
4327,0.0024804904,0.0024564029,0.0035745103
4328,0.001942371,0.0011145587,0.0039453786
4329,0.0007835624,5.4035703e-05,0.0031410886
4330,0.0016047728,0.00060042355,0.0040310933
4331,0.0016227281,0.0006295159,0.003846703
4332,0.0014939617,0.00048254838,0.003849916
4333,0.0010963455,0.00017287522,0.004289209
4334,0.0018484975,0.000999261,0.0031784156
4335,0.002176512,0.0017242962,0.002850723
4336,0.0023796966,0.0023167948,0.0026778872
4337,0.0021040032,0.0015645995,0.0028147167
4338,0.0011921615,0.00023866819,0.0036885634
4339,0.002355781,0.0022942347,0.0025416366
4340,0.004078895,0.011126875,0.0019054103
4341,0.0038822917,0.009652982,0.002109845
4342,0.0034895577,0.0071619432,0.0023649088
4343,0.0038271132,0.009059078,0.0023339665
4344,0.0034784991,0.0069108387,0.0025764094
4345,0.0022812742,0.0018882706,0.003271033
4346,0.0027136188,0.0033057623,0.0029358577
4347,0.0029454324,0.004265427,0.0027993508
4348,0.0023672774,0.0021520595,0.0031295978
4349,0.0011109947,0.00017604309,0.0044315406
4350,0.0007596079,4.9706312e-05,0.004739452
4351,0.0007989263,5.936469e-05,0.0047407597
4352,0.0009513289,0.000107624226,0.004279238
4353,0.0013778127,0.0003758078,0.0034198924
4354,0.0009130593,9.559028e-05,0.004022311
4355,0.0006667145,3.364275e-05,0.0036816143
4356,0.0010528689,0.00015665861,0.0035243665
4357,0.0018944886,0.0011233445,0.0025478818
4358,0.0014554579,0.00047201302,0.0028430354
4359,0.001208982,0.00025633618,0.003070338
4360,0.0009841984,0.00012986813,0.0032979718
4361,0.0018052397,0.0009939306,0.0023662783
4362,0.0005959744,2.4671837e-05,0.002811759
4363,0.0007784343,6.0674633e-05,0.003477286
4364,0.0007561369,5.5932927e-05,0.00360703
4365,0.0007548146,5.601342e-05,0.003566058
4366,0.0005841479,2.39596e-05,0.0015051607
4367,0.00076028507,5.8139933e-05,0.0034032918
4368,0.00060282374,2.692837e-05,0.0016741096
4369,0.0007068118,4.610614e-05,0.002752079
4370,0.0015125019,0.0006043009,0.004090992
4371,0.0011605701,0.00025109458,0.0040059676
4372,0.0018952101,0.0012932883,0.0030282468
4373,0.0014392025,0.0005228646,0.003243457
4374,0.000847393,8.961889e-05,0.0018608375
4375,0.0015963034,0.00074856816,0.002821703
4376,0.0009265146,0.00012243369,0.002607084
4377,0.00075738045,6.2734245e-05,0.0012198533
4378,0.0009485288,0.0001352852,0.0017358239
4379,0.0010633322,0.0002038906,0.0016120877
4380,0.0010815263,0.0002315535,0.0019365168
4381,0.0009599957,0.00016271058,0.0013117655
4382,0.0011886893,0.000343138,0.0020520894
4383,0.0012921552,0.00046571813,0.0016464257
4384,0.0025855354,0.0044839815,0.001219718
4385,0.0031212075,0.007916621,0.00093529624
4386,0.002670576,0.0051274034,0.00091436075
4387,0.0027130828,0.005387285,0.0008315221
4388,0.0027616022,0.0056529613,0.00078432943
4389,0.0029740445,0.0069115986,0.00074259145
4390,0.0029072242,0.0063958466,0.00076437765
4391,0.0023554657,0.0033848085,0.00087264937
4392,0.0030524433,0.007213955,0.000763266
4393,0.0027344972,0.005193755,0.00084648305
4394,0.0011547882,0.00031894853,0.0013459383
4395,0.0009275158,0.00015453633,0.0014634457
4396,0.0008550122,0.00011858773,0.0014839539
4397,0.0009439181,0.0001663368,0.0013837367
4398,0.0021411972,0.0025122378,0.0009830337
4399,0.00294533,0.006562989,0.0008216146
4400,0.0025572937,0.004289656,0.00091524114
4401,0.0013512941,0.00054567464,0.0012829852
4402,0.0010672824,0.0002503387,0.001408353
4403,0.00090406806,0.000144824,0.0014890712
4404,0.00092171994,0.00015578902,0.0014693545
4405,0.0017198429,0.0012525271,0.0010926842
4406,0.0009759235,0.00019180022,0.0014175384
4407,0.0010688787,0.0002621082,0.0013104929
4408,0.0017609316,0.0013839283,0.000991743
4409,0.0014288498,0.00069922465,0.0010893509
4410,0.0015496116,0.00092134334,0.0010278181
4411,0.0008438204,0.0001222638,0.0013741314
4412,0.0013585245,0.0006038134,0.0010695326
4413,0.001104685,0.00030521204,0.0011678368
4414,0.0012391933,0.0004509831,0.0010826787
4415,0.0012776195,0.0005027666,0.0010504202
4416,0.0015093442,0.0008799433,0.0009534495
4417,0.0009820845,0.00021163531,0.0011732139
4418,0.0009088663,0.00016445226,0.0012145793
4419,0.0008859775,0.00015193157,0.0012117134
4420,0.000893659,0.00015745517,0.0012112723
4421,0.0018321954,0.0017189067,0.0009181732
4422,0.0011823344,0.00040713008,0.0011222418
4423,0.001327004,0.0006023355,0.0010275916
4424,0.0008642273,0.00014499613,0.0012426103
4425,0.0007960404,0.00011085353,0.0009384882
4426,0.0018053858,0.0017085253,0.0010756569
4427,0.0011506154,0.00039945368,0.0011412703
4428,0.0012519002,0.0005428634,0.00094288576
4429,0.0011424964,0.00040859473,0.00088153477
4430,0.0009754854,0.00024531723,0.00087721145
4431,0.0017753955,0.0018069182,0.00065823464
4432,0.0017906978,0.0018961891,0.00058205205
4433,0.0013456519,0.00075599767,0.0006192935
4434,0.0009691008,0.00025762545,0.00068487215
4435,0.0005211532,0.00023575487,0.0005240388
4436,0.0003646161,0.0002162955,0.00037003384
4437,0.0010993573,0.00042299484,0.0005524547
4438,0.0015399955,0.0013283439,0.0004067041
4439,0.0010904911,0.0004343047,0.0004418114
4440,0.0010396561,0.00037763212,0.00041900048
4441,0.0010892379,0.00044852926,0.0003932139
4442,0.0021645916,0.004165722,0.00026573526
4443,0.0015061465,0.0013258549,0.00031474998
4444,0.0014717858,0.0012425145,0.0003075901
4445,0.00092661753,0.00028380306,0.000375567
4446,0.0016200669,0.0017308871,0.00028002425
4447,0.0014326898,0.0011685027,0.00029454462
4448,0.0013046456,0.0008661716,0.00030297664
4449,0.00050413294,0.00022636713,0.0003651037
4450,0.0013175673,0.0009104886,0.00031292014
4451,0.0012720481,0.000821637,0.00030393945
4452,0.001568616,0.0016477349,0.0002632387
4453,0.001722322,0.0022368263,0.0002460667
4454,0.0013005638,0.00090215384,0.0002819633
4455,0.0013200514,0.00095468847,0.0002750061
4456,0.0010065036,0.00039182382,0.00031117324
4457,0.0011127695,0.0005514856,0.0002936354
4458,0.0010073666,0.00039936448,0.0003038396
4459,0.0012317888,0.0007835971,0.00027025634
4460,0.00097299373,0.00036075246,0.00030167375
4461,0.0009163715,0.00029750812,0.00030706963
4462,0.0019036108,0.0032481381,0.00022732571
4463,0.00148388,0.0014698036,0.0002580959
4464,0.0010935686,0.0005419435,0.00029695037
4465,0.0013417731,0.0010722234,0.00026226812
4466,0.0010723358,0.0005146219,0.00029051036
4467,0.00094215147,0.00033700617,0.00030550853
4468,0.0016067136,0.0019625865,0.0002429221
4469,0.0010168088,0.00043938993,0.0003028459
4470,0.0012180622,0.0008072727,0.00028574318
4471,0.0014427248,0.0014202932,0.0002564944
4472,0.0011836371,0.00074861804,0.00027377444
4473,0.0011673144,0.0007215868,0.00026675017
4474,0.0012585982,0.000932474,0.0002528478
4475,0.0012581298,0.0009378266,0.00024717205
4476,0.0013456686,0.0011759031,0.00023473408
4477,0.0011054045,0.0006184533,0.00025657334
4478,0.0011683215,0.00074691814,0.00024605313
4479,0.0006614942,0.0002729064,0.00028414212
4480,0.0013083154,0.0010934911,0.00022982869
4481,0.0012826244,0.0010280852,0.00023109044
4482,0.0009884022,0.00043621476,0.00026276268
4483,0.0010550525,0.0005442328,0.00025208996
4484,0.0010811269,0.0005925675,0.0002475472
4485,0.00076626806,0.00026677953,0.00027842657
4486,0.0010173052,0.00048881903,0.0002628762
4487,0.0011175798,0.0006707099,0.0002508971
4488,0.0010429684,0.000535806,0.0002574192
4489,0.0014260757,0.0015051278,0.0002285753
4490,0.0012033556,0.00086587964,0.00024696943
4491,0.0011470659,0.00074217084,0.00025003837
4492,0.00096217677,0.00041620506,0.00027048017
4493,0.0008854906,0.000317074,0.00027881534
4494,0.0012299784,0.00095001166,0.00026613649
4495,0.0010760176,0.00061779865,0.00026830562
4496,0.00096492766,0.00043446865,0.00027027802
4497,0.00122493,0.000966311,0.00024943263
4498,0.0011850968,0.0008798902,0.00024162569
4499,0.0020076085,0.004715094,0.00017723255
4500,0.0014261904,0.0016211054,0.00020538394
4501,0.0012503256,0.0010638526,0.0002108267
4502,0.0010559254,0.00061424513,0.00022207963
4503,0.0014612264,0.0017872201,0.00018290152
4504,0.0013995876,0.001556668,0.00018590433
4505,0.0021807149,0.006050723,0.00014757324
4506,0.0019519068,0.0042892722,0.00016453005
4507,0.0017099829,0.0028224739,0.00018238374
4508,0.0015969443,0.002259411,0.00019282856
4509,0.0009654281,0.0004345144,0.0002528782
4510,0.0011184813,0.00071125076,0.00024913144
4511,0.0016142859,0.0023584652,0.00023181248
4512,0.0018123,0.003398355,0.00020535971
4513,0.0012441828,0.0010195732,0.00024260196
4514,0.00097516895,0.0004589571,0.0002646716
4515,0.0012580657,0.0010732898,0.00024202534
4516,0.0009584587,0.00044195118,0.00026135246
4517,0.0014493444,0.0017309533,0.00020161379
4518,0.0009287586,0.00040264984,0.00024687042
4519,0.001121975,0.0007593655,0.0002309082
4520,0.0016532905,0.0026788358,0.0001806037
4521,0.0011169693,0.00075297826,0.00021738102
4522,0.001520914,0.0020636173,0.00018105454
4523,0.0011638295,0.0008648428,0.00020661934
4524,0.0018577798,0.0038451445,0.00016084926
4525,0.0013297661,0.0013221718,0.00019604615
4526,0.00092399196,0.00039854206,0.00023585786
4527,0.0008703562,0.0003276422,0.000241154
4528,0.0010210696,0.00055829086,0.00022217899
4529,0.00086116913,0.00031786144,0.00024117531
4530,0.0010405706,0.0005969132,0.00021808209
4531,0.0030927174,0.008784811,0.00013314473
4532,0.0028969562,0.008598858,0.00015001341
4533,0.0018625134,0.0035859195,0.0002059441
4534,0.0026714574,0.008412587,0.00017679812
4535,0.0023445722,0.0066573415,0.0002074476
4536,0.0016156059,0.002113199,0.00027006923
4537,0.00091088953,0.00032062898,0.0003683545
4538,0.00080375955,0.00021183024,0.00040370453
4539,0.0012172081,0.0008443148,0.00036126436
4540,0.0009554204,0.00038077706,0.00044943078
4541,0.002720952,0.007461197,0.00026541823
4542,0.0024003354,0.0069199633,0.0002713882
4543,0.0022978482,0.006005073,0.00027472703
4544,0.0010124539,0.0004370637,0.00042016685
4545,0.0011804,0.00073249097,0.00039857847
4546,0.0020883377,0.004529333,0.0002789294
4547,0.0023230782,0.0060826945,0.00026337418
4548,0.0017731555,0.002651361,0.00031206317
4549,0.0009833956,0.000385262,0.00042106636
4550,0.0011260696,0.0006108273,0.00045550935
4551,0.0028586134,0.008066386,0.000251905
4552,0.002953629,0.008544748,0.00024877719
4553,0.0024012288,0.0063218367,0.00028822158
4554,0.002208332,0.004869692,0.00031093726
4555,0.0009338592,0.0003000882,0.0004938405
4556,0.0011123357,0.00054275745,0.00051191245
4557,0.001012452,0.00040331058,0.00048804874
4558,0.0010845796,0.00051330746,0.00043498812
4559,0.0010034622,0.00040044353,0.0004264123
4560,0.0021391977,0.004590829,0.00027719344
4561,0.0016074122,0.0018697814,0.00032515737
4562,0.001995649,0.0036885957,0.0003009639
4563,0.0027326774,0.008297004,0.0002561422
4564,0.001139218,0.0005806733,0.00042641067
4565,0.0012581674,0.00081024686,0.00039788516
4566,0.0016611376,0.0020084402,0.0003412323
4567,0.002085872,0.0040693,0.00030513454
4568,0.0014007823,0.0011391705,0.00038568597
4569,0.0030710797,0.009729913,0.00025777018
4570,0.004389889,0.012515532,0.00023629337
4571,0.0016781542,0.0018548527,0.00044461276
4572,0.0008120959,0.00016826567,0.00064952736
4573,0.0014320355,0.0011140199,0.0005365881
4574,0.0029561922,0.009659397,0.00036686333
4575,0.0012833336,0.0007417618,0.0006161015
4576,0.0016965371,0.0018497999,0.0005315055
4577,0.00083824736,0.00017968424,0.0007639596
4578,0.0026437086,0.0070572398,0.00044078057
4579,0.002461733,0.0056456714,0.0005112134
4580,0.0013686052,0.0008735209,0.0007158966
4581,0.0012822921,0.00070533087,0.0007313114
4582,0.0023347188,0.0047581824,0.0005338249
4583,0.0016953239,0.0017310434,0.0006529973
4584,0.0019495052,0.0027053219,0.00067016657
4585,0.0035973093,0.011313668,0.0004874704
4586,0.0021257594,0.0033462371,0.00070628227
4587,0.0022237704,0.0038047456,0.0007014462
4588,0.0013785709,0.0008118821,0.0009158737
4589,0.0017078471,0.0016391843,0.0008275001
4590,0.0019567022,0.002528247,0.0007825361
4591,0.0020009489,0.0027088297,0.0008749196
4592,0.001778454,0.0018500547,0.000923266
4593,0.0018742548,0.002193497,0.0009860226
4594,0.0017682503,0.0018242793,0.000966324
4595,0.002059722,0.0029715898,0.00081476645
4596,0.00145544,0.0009684372,0.0009197819
4597,0.0012826042,0.00064188824,0.00096111425
4598,0.003107466,0.009029612,0.00066788564
4599,0.0036493735,0.010498395,0.0005775338
4600,0.004976285,0.01308061,0.00048855226
4601,0.0021077227,0.0029461568,0.0008157185
4602,0.001650198,0.0013428483,0.0009039227
4603,0.0010743887,0.00032572122,0.0010893259
4604,0.0017307865,0.0015850518,0.000846039
4605,0.004104121,0.0121811135,0.0005457673
4606,0.0031253102,0.008865586,0.0006905527
4607,0.0031031559,0.008471709,0.00074316934
4608,0.0015506049,0.0009869135,0.0011310214
4609,0.0014872403,0.0008636412,0.0011395816
4610,0.0009081248,0.0001676938,0.0014384305
4611,0.00087572815,0.00014922896,0.0014418031
4612,0.0015376715,0.0009791817,0.001117364
4613,0.0012855439,0.0005439243,0.00123054
4614,0.0015095659,0.0009308455,0.0011073347
4615,0.00096050143,0.00020760375,0.0013645845
4616,0.0015660475,0.001059548,0.0010433623
4617,0.0016613702,0.001291033,0.0010125744
4618,0.003451737,0.011100424,0.0006916105
4619,0.0050685555,0.01486277,0.00064729096
4620,0.0046568676,0.014698089,0.0007793128
4621,0.003044299,0.0071124355,0.0011181167
4622,0.0031036772,0.0073514394,0.0011725167
4623,0.0032925792,0.008433058,0.0012074065
4624,0.00321561,0.0077411532,0.0013114134
4625,0.0036415725,0.010417428,0.0013086499
4626,0.0034910676,0.009126994,0.0014610396
4627,0.003490152,0.008911629,0.0015716783
4628,0.0019380798,0.0014853424,0.002368617
4629,0.0022397842,0.0023787692,0.002187882
4630,0.002630961,0.003933464,0.0020156526
4631,0.0029818509,0.0056747627,0.0019389692
4632,0.0024829926,0.0032357671,0.0022074468
4633,0.003669463,0.009794821,0.0018505075
4634,0.002688243,0.0040008524,0.002332137
4635,0.0028292215,0.0046442593,0.002301201
4636,0.0031764996,0.0064555304,0.002256037
4637,0.0022097079,0.0021076153,0.0028046742
4638,0.0014427323,0.0005195222,0.003419603
4639,0.0009023249,0.00010872465,0.004150851
4640,0.0013868918,0.00046486023,0.0038321265
4641,0.0012958758,0.00037266652,0.003985755
4642,0.0021787004,0.0020801467,0.003097701
4643,0.0021024768,0.0018542259,0.0031932169
4644,0.0023540624,0.0026704299,0.003243605
4645,0.0011444304,0.00024633587,0.004447173
4646,0.00082932605,8.4089785e-05,0.002090191
4647,0.0031392826,0.006335675,0.0025915522
4648,0.0055978703,0.017391605,0.0019420029
4649,0.0024574313,0.002801721,0.0033737144
4650,0.001067707,0.0001783164,0.004418997
4651,0.0012296832,0.00028749,0.004404585
4652,0.005948804,0.018852616,0.0019024624
4653,0.0054749865,0.018839495,0.002321546
4654,0.003444494,0.006827434,0.0034097785
4655,0.0025425788,0.0027112353,0.0040491265
4656,0.0027132537,0.0033344405,0.0038359137
4657,0.004044259,0.010303682,0.0030979058
4658,0.002950647,0.0042060046,0.0038348727
4659,0.0027779492,0.003492971,0.003957096
4660,0.0017561815,0.0007912141,0.0048669567
4661,0.0009611436,0.00010620749,0.0051785395
4662,0.00088959193,8.297236e-05,0.0041332305
4663,0.00081041775,6.1293635e-05,0.0030963076
4664,0.0014381032,0.00042235936,0.005708573
4665,0.0015282138,0.00052222016,0.0054062144
4666,0.002470278,0.0025497305,0.004161773
4667,0.0013949139,0.00039056066,0.0057705985
4668,0.0026359938,0.0031749273,0.0041520773
4669,0.0027858994,0.003766958,0.0038182305
4670,0.0023933565,0.00233293,0.0039533353
4671,0.0018652848,0.0010385569,0.0042681876
4672,0.0015687788,0.0005887616,0.004396497
4673,0.002605224,0.0031113164,0.003344689
4674,0.0022966962,0.0020860676,0.0034820007
4675,0.001026721,0.00014458747,0.0040220306
4676,0.0009821261,0.0001257182,0.0035225742
4677,0.0011846093,0.00023775804,0.0046102037
4678,0.0024763653,0.0027453501,0.0034060609
4679,0.0024825572,0.0027876166,0.003348176
4680,0.0020680486,0.0015604318,0.003309478
4681,0.0019703435,0.0013487485,0.003240705
4682,0.0036654535,0.008909948,0.0021277317
4683,0.0047276975,0.015023167,0.0018757273
4684,0.0028951582,0.004303996,0.0027521772
4685,0.002025879,0.0013865642,0.003265629
4686,0.0031240901,0.0054429853,0.0024641906
4687,0.0036779041,0.00850828,0.0023050045
4688,0.0019695216,0.0012435884,0.0033157675
4689,0.0025331052,0.002834631,0.0028220115
4690,0.005478831,0.016741402,0.0018378833
4691,0.0047723963,0.01485807,0.0022297697
4692,0.00493191,0.015386064,0.002429284
4693,0.001734544,0.0007042165,0.004541862
4694,0.0015356541,0.00047436953,0.00456987
4695,0.0023342972,0.0019237566,0.0038371696
4696,0.0036664961,0.007608018,0.0029498658
4697,0.0025271676,0.0024669354,0.00364756
4698,0.0019915241,0.0011455127,0.0041079083
4699,0.0022989574,0.001852052,0.0036620034
4700,0.0016173272,0.0005868466,0.0045284606
4701,0.0017621052,0.000791482,0.004281767
4702,0.0018995058,0.0010268084,0.0038815988
4703,0.0018747828,0.0009947708,0.0038022054
4704,0.0048242123,0.015115907,0.0022487426
4705,0.0040696496,0.01003429,0.0027271118
4706,0.0018712563,0.0009224676,0.004223595
4707,0.00093078916,9.0071175e-05,0.0034624552
4708,0.00079643267,5.3851774e-05,0.0023820966
4709,0.0007252265,3.9625815e-05,0.0016935966
4710,0.00081586995,5.9118574e-05,0.00253901
4711,0.003969786,0.009507217,0.0024844287
4712,0.0037901236,0.008285734,0.0026886682
4713,0.003955605,0.009133062,0.0027398074
4714,0.003036213,0.004260272,0.003282178
4715,0.002868812,0.003583065,0.0033656203
4716,0.0024235744,0.0021079904,0.0036216953
4717,0.003027613,0.0042701666,0.0031620488
4718,0.0011499344,0.00017864982,0.0050452286
4719,0.0008862513,7.537866e-05,0.0041371705
4720,0.00069988606,3.4482626e-05,0.0024235009
4721,0.0007313388,4.0196464e-05,0.0027764402
4722,0.00075304875,4.4631655e-05,0.0030234552
4723,0.00077459647,4.9403858e-05,0.0032655993
4724,0.00080569746,5.6969544e-05,0.003225516
4725,0.0036346302,0.0075824005,0.0023298198
4726,0.002923588,0.0039883107,0.0027040506
4727,0.0014338241,0.00039112678,0.0038439955
4728,0.0011769148,0.00020413772,0.004107456
4729,0.0008867395,7.991922e-05,0.004099849
4730,0.00075094716,4.619721e-05,0.0028969992
4731,0.0012064942,0.00022802963,0.0036908165
4732,0.0011521829,0.00019744369,0.003641344
4733,0.0009690848,0.00011172252,0.0038777022
4734,0.0014492196,0.00043968897,0.0039260616
4735,0.0010658865,0.00015874984,0.0040623713
4736,0.0008561785,7.696165e-05,0.0024084449
4737,0.00077965856,5.6768113e-05,0.0015116776
4738,0.00092793745,0.00010299798,0.00207531
4739,0.0012875316,0.00031313836,0.004121719
4740,0.002173539,0.0018137211,0.0029851776
4741,0.0018500147,0.0010916524,0.0028206138
4742,0.0014772607,0.00052699645,0.0027554275
4743,0.0018147457,0.0010612714,0.0022447405
4744,0.0043032174,0.013285842,0.0013441729
4745,0.0025961164,0.0032618921,0.0018815829
4746,0.0012527299,0.00029963252,0.0026533685
4747,0.0009883638,0.00013814906,0.0018134525
4748,0.0013258856,0.00037811446,0.0025908716
4749,0.0010319882,0.00016710135,0.0021805963
4750,0.0013851871,0.0004553994,0.0019721573
4751,0.0015750312,0.00071044074,0.0017321018
4752,0.0029705844,0.0054326705,0.0011717534
4753,0.0025867072,0.0035692768,0.0012555579
4754,0.0016520615,0.0008415433,0.0015565433
4755,0.0017908185,0.0011111106,0.0014421127
4756,0.0024469043,0.0030702122,0.0011980578
4757,0.0041184607,0.012780992,0.00091575686
4758,0.002156087,0.001967096,0.0014197676
4759,0.002682227,0.0039332625,0.0012601148
4760,0.0014755549,0.0005669442,0.001727702
4761,0.000960473,0.0001361412,0.0020875896
4762,0.0008830848,0.00010363835,0.0021111625
4763,0.0008482599,9.131238e-05,0.0018489579
4764,0.0019415718,0.001452581,0.0013503085
4765,0.0027314378,0.004303307,0.0011277864
4766,0.002280991,0.0024495786,0.0012674526
4767,0.0020349708,0.0017030236,0.0013496932
4768,0.0012401665,0.00033243943,0.0017237975
4769,0.0014467404,0.0005609766,0.0015652677
4770,0.0021162448,0.0019776416,0.0012731727
4771,0.0021626987,0.0021307024,0.001261434
4772,0.0020596103,0.0018280984,0.0012976608
4773,0.0012101841,0.00031640433,0.0016935396
4774,0.0009746058,0.00015457191,0.0018503877
4775,0.0007609718,6.802182e-05,0.0017263856
4776,0.0007493696,6.501972e-05,0.001634683
4777,0.00069696235,5.1463576e-05,0.00083719473
4778,0.0010809271,0.00022494255,0.0017630873
4779,0.0010499522,0.00020568445,0.001751338
4780,0.00076743023,7.258075e-05,0.0015376012
4781,0.00063456956,4.820785e-05,0.000636491
4782,0.0006900926,5.143306e-05,0.0007365183
4783,0.00085303566,0.00010505284,0.0018521708
4784,0.0017291292,0.0011168249,0.001301817
4785,0.0012723161,0.0004061216,0.0015070555
4786,0.0014376004,0.0006149466,0.0013958575
4787,0.001899486,0.0015523821,0.0011989368
4788,0.001658747,0.0010006736,0.0012828355
4789,0.001516605,0.0007490478,0.0013327878
4790,0.0011022879,0.00026036974,0.0015475379
4791,0.0007758802,8.0979065e-05,0.0018104237
4792,0.0008672889,0.00011824623,0.0016787967
4793,0.0009847906,0.00018363628,0.0018581175
4794,0.001117694,0.0002824751,0.0016854623
4795,0.0010185015,0.00020857298,0.0017180688
4796,0.0010973372,0.00026999047,0.0016679624
4797,0.0011645214,0.00033181405,0.001565707
4798,0.001644566,0.0010524177,0.0012800759
4799,0.0013938907,0.0006125965,0.001367857
4800,0.0010340036,0.00022772812,0.0015554577
4801,0.00084836653,0.00011825521,0.0016739799
4802,0.00087262236,0.00013072784,0.00160941
4803,0.0011943993,0.00037563886,0.0013454634
4804,0.0009953227,0.00020563097,0.0014476259
4805,0.00082003814,0.0001082401,0.0015625381
4806,0.0013054296,0.0005181648,0.0014047219
4807,0.0013837332,0.0006344648,0.0012997849
4808,0.0010864473,0.0002856157,0.0014109815
4809,0.0009857618,0.00020794755,0.0014262783
4810,0.0011359402,0.00033641252,0.0012846611
4811,0.0014721752,0.0008037168,0.0011247941
4812,0.0011298116,0.00033554618,0.0012515328
4813,0.001123798,0.0003320047,0.0012199632
4814,0.0011353758,0.00034596623,0.0011835255
4815,0.0009448442,0.000188547,0.0012679163
4816,0.0009940562,0.00022482888,0.001207934
4817,0.00081401755,0.00011598706,0.001306423
4818,0.001210271,0.00043962733,0.0010911307
4819,0.0012176216,0.00045161438,0.0010647045
4820,0.00087047985,0.0001481886,0.001234572
4821,0.0011711277,0.00040178653,0.0010548735
4822,0.0011384247,0.00036792178,0.0010501638
4823,0.0011863722,0.00042480745,0.001010964
4824,0.0012161181,0.00046415182,0.0009835056
4825,0.0011878709,0.00043175792,0.0009819533
4826,0.0010507924,0.0002884916,0.0010308187
4827,0.000851446,0.00014363756,0.0011288582
4828,0.001178103,0.00042698687,0.0009451949
4829,0.0009826611,0.0002343882,0.0010243023
4830,0.0007557934,9.7983786e-05,0.0009843679
4831,0.00094027235,0.00020491841,0.0010987108
4832,0.0008944574,0.00017433704,0.001102971
4833,0.00084857334,0.00014694402,0.0011100371
4834,0.0006247319,9.470351e-05,0.0006240957
4835,0.0007732332,0.00010863425,0.00084362115
4836,0.0009090475,0.0001873935,0.0010436412
4837,0.0006248086,9.6554795e-05,0.00062447495
4838,0.00044543014,8.834635e-05,0.0004455205
4839,0.0008227291,0.00013620773,0.0008626805
4840,0.00073736045,0.00012965439,0.00073070225
4841,0.00041864236,0.000110787856,0.00041605043
4842,0.00096641347,0.00023685872,0.0009822123
4843,0.0011681257,0.00044869003,0.0008645934
4844,0.0009685506,0.0002417511,0.0009258191
4845,0.00090942066,0.00019706147,0.0009319081
4846,0.00089480524,0.00018774097,0.00091822207
4847,0.0013476987,0.00073937,0.0007545566
4848,0.0011768107,0.00047408894,0.0007931107
4849,0.00122545,0.0005455592,0.0007627255
4850,0.0011779822,0.00048103617,0.0007660832
4851,0.0010731455,0.0003545636,0.00079132995
4852,0.00093909475,0.0002283497,0.0008338808
4853,0.0007908275,0.0001292465,0.0008950968
4854,0.0014081057,0.000892812,0.00077928347
4855,0.0009252135,0.00022326496,0.00089514477
4856,0.0012975353,0.0006946772,0.0007100145
4857,0.0011545742,0.00047531418,0.0007210936
4858,0.00092997757,0.00023287024,0.0007744697
4859,0.0010485845,0.00035096178,0.00074971776
4860,0.0014144746,0.00096246845,0.00070206734
4861,0.0013276032,0.0008022031,0.0006266342
4862,0.0010581713,0.00038540582,0.0006284399
4863,0.0015179109,0.0012893116,0.0004802559
4864,0.0014789298,0.0011962693,0.0004605389
4865,0.0012263326,0.0006512211,0.00048581112
4866,0.0013490302,0.0009003971,0.00044598203
4867,0.00090493896,0.00024091273,0.0005306855
4868,0.0005078318,0.00018582954,0.00051802694
4869,0.00093239546,0.00027088384,0.000541915
4870,0.00090368197,0.0002605881,0.0005084593
4871,0.00046882743,0.0002207153,0.0004777432
4872,0.00027657492,0.00024776024,0.00027964084
4873,0.0007410879,0.00031739584,0.00045034572
4874,0.001497599,0.0014180149,0.00034000253
4875,0.0011294232,0.00057599525,0.00034992382
4876,0.0011025396,0.0005435191,0.0003230812
4877,0.00042479127,0.00028439937,0.0003332965
4878,0.0010697081,0.0005065701,0.00030075063
4879,0.0011696016,0.00069312076,0.0002684757
4880,0.001166106,0.00069736975,0.00026424084
4881,0.0010884547,0.0005655947,0.00026659158
4882,0.0011520949,0.0006973722,0.00024716198
4883,0.0011311446,0.0006702732,0.00023055136
4884,0.0011762849,0.00077715697,0.00022269844
4885,0.0021129628,0.0050428975,0.00015414339
4886,0.0017929324,0.0030592447,0.0001660787
4887,0.0014981591,0.0017364323,0.00017923885
4888,0.0013520144,0.0012533534,0.0001850341
4889,0.0012957356,0.001098829,0.00018551026
4890,0.0012621587,0.0010152417,0.00018511122
4891,0.0016653602,0.002494594,0.0001587406
4892,0.0010053015,0.0004812491,0.0002067866
4893,0.0007215431,0.0003330559,0.00021611022
4894,0.0009264093,0.0003713812,0.00021036828
4895,0.0006877126,0.00032244742,0.0002128438
4896,0.0010057485,0.00049325835,0.00019777926
4897,0.0010890714,0.0006456135,0.0001888871
4898,0.0018496547,0.0035551523,0.00014367438
4899,0.0022619278,0.0063384697,0.0001338169
4900,0.0018447265,0.0034010662,0.00015886768
4901,0.0012517963,0.0009777369,0.00020656965
4902,0.0012545693,0.0009876962,0.00020652723
4903,0.001899375,0.0037095225,0.00017199694
4904,0.0020361028,0.0045184065,0.00017135339
4905,0.0015054751,0.0017418253,0.00020878876
4906,0.0016091545,0.0021520047,0.00020422542
4907,0.0013330608,0.0011683236,0.00022873332
4908,0.0010744884,0.0005751275,0.00025686363
4909,0.0025297913,0.007671461,0.00018019523
4910,0.002277007,0.005968487,0.00020465475
4911,0.0009182144,0.0003224072,0.00034355134
4912,0.0036399392,0.010315781,0.00017510986
4913,0.0018211314,0.0028871612,0.00027823594
4914,0.0011972914,0.0007395641,0.00035148856
4915,0.0012036925,0.0007542754,0.00034965383
4916,0.0012504341,0.00085675373,0.0003426244
4917,0.001064967,0.00050454837,0.00037202184
4918,0.0022944475,0.005755998,0.0002515982
4919,0.0034574731,0.009945063,0.00024786312
4920,0.0030938033,0.009482769,0.00028321915
4921,0.002248292,0.00493931,0.0003629248
4922,0.0010850469,0.00047181867,0.00054532266
4923,0.0011059314,0.0005037203,0.0005342037
4924,0.002389752,0.005816699,0.00037355535
4925,0.0009953736,0.00034722444,0.00060951617
4926,0.0018757044,0.002755417,0.000436323
4927,0.0010116212,0.00036423115,0.000606697
4928,0.0012691867,0.00077431026,0.0005363066
4929,0.0012681178,0.0007727672,0.00053514866
4930,0.0033392457,0.010491204,0.00034500618
4931,0.00339684,0.010918811,0.0003783604
4932,0.004084073,0.012566481,0.00038349925
4933,0.0019454015,0.0026427347,0.0006414591
4934,0.0015352088,0.0012260317,0.000738332
4935,0.0013220336,0.00074923504,0.0008003133
4936,0.0012801291,0.00067397096,0.00081362383
4937,0.00076436927,0.00012094919,0.001053098
4938,0.0008755902,0.00019212492,0.0011669211
4939,0.0008768163,0.00019312343,0.0011198607
4940,0.00107388,0.00038106253,0.0010216646
4941,0.0023861541,0.004962723,0.00064284954
4942,0.0012138758,0.00056383305,0.0009083345
4943,0.0013348056,0.00077402964,0.00083686283
4944,0.0014815007,0.0010929393,0.0007750611
4945,0.0008422612,0.00016750456,0.0010131218
4946,0.0011001237,0.00040973927,0.0008958365
4947,0.0020486792,0.003111186,0.00064928806
4948,0.0012772852,0.00067152904,0.0008888422
4949,0.0009797602,0.000279117,0.000968949
4950,0.0027353484,0.0073110964,0.00065106485
4951,0.004464897,0.011860417,0.00046816625
4952,0.0040731314,0.01162579,0.0005005256
4953,0.0031955591,0.010079552,0.00060090807
4954,0.0016862536,0.0014694968,0.0008876249
4955,0.0014750245,0.0009502187,0.0009296244
4956,0.0018305748,0.0019274313,0.0008159015
4957,0.0020307188,0.0026806262,0.0007748328
4958,0.0024250252,0.0045978595,0.00071140955
4959,0.0025581694,0.005311402,0.0007131856
4960,0.0015274074,0.0010318963,0.00096497004
4961,0.0023169275,0.0039054349,0.00077662955
4962,0.003047666,0.008419468,0.0006937479
4963,0.0026762679,0.005740274,0.0008025382
4964,0.0014402181,0.00079846923,0.0011545017
4965,0.004976183,0.015364261,0.00060649833
4966,0.0027874666,0.006019283,0.0009579312
4967,0.0029242572,0.006769589,0.0009843146
4968,0.0025609757,0.004531981,0.0011177302
4969,0.0011697421,0.00035585059,0.0017511077
4970,0.0007762604,9.0849e-05,0.001966085
4971,0.00232463,0.0033774027,0.0013214891
4972,0.0034630515,0.010250136,0.0011044586
4973,0.0020318034,0.002106013,0.0015894609
4974,0.0037457517,0.011934233,0.0011680407
4975,0.0027654653,0.005188597,0.0015222185
4976,0.0014097227,0.0005940649,0.0022112455
4977,0.0011933328,0.00034207889,0.0023611027
4978,0.0011961267,0.0003463958,0.002348817
4979,0.001140315,0.00029666847,0.0024025284
4980,0.0021841535,0.0025307017,0.0017820533
4981,0.0017385456,0.0012167842,0.0024217325
4982,0.0013589812,0.0005392809,0.0028168196
4983,0.0015905562,0.0009100123,0.002384046
4984,0.0028574641,0.005800594,0.0018971663
4985,0.0028243216,0.0055456446,0.0017452503
4986,0.0025829473,0.0042148908,0.0016919733
4987,0.0009819882,0.0001780041,0.0025029655
4988,0.0010731769,0.00024137273,0.002312652
4989,0.0008809085,0.00012580758,0.0016676894
4990,0.0017973799,0.0013611754,0.0016656087
4991,0.0036559673,0.011069706,0.001147258
4992,0.0034218666,0.009150387,0.0012248979
4993,0.0012603134,0.00039417602,0.0020986467
4994,0.0017412591,0.0011620534,0.0016994663
4995,0.0010790426,0.00023855467,0.0021613385
4996,0.0015024503,0.00072579394,0.0017444615
4997,0.0009386892,0.00015215533,0.0021164569
4998,0.0035441671,0.0100539895,0.0010590643
4999,0.0027190917,0.0047476343,0.0013765644
5000,0.0024151106,0.0032888595,0.0014582182
5001,0.0015007369,0.00070284423,0.0018357158
5002,0.0008995054,0.00012836485,0.0019691228
5003,0.0010779502,0.00023699815,0.0020683494
5004,0.0015040459,0.0007257989,0.0016764622
5005,0.0022911425,0.0028721308,0.0013150704
5006,0.005161695,0.015260395,0.00086116215
5007,0.0065818047,0.017717967,0.0008642136
5008,0.0076339403,0.019600682,0.00093547313
5009,0.006392367,0.018848805,0.0012324238
5010,0.0043929345,0.0137497,0.0017757185
5011,0.0026523022,0.0034297784,0.002559856
5012,0.0027034597,0.0036379574,0.0025378193
5013,0.0020655312,0.0015444618,0.002981668
5014,0.0021684305,0.0018207745,0.00285101
5015,0.0030228272,0.005149286,0.0023749203
5016,0.002701993,0.0036492588,0.0025620959
5017,0.0017208036,0.0008498713,0.0032130477
5018,0.003437109,0.007406972,0.0022148406
5019,0.0029417314,0.0046867034,0.0025841917
5020,0.0019192961,0.00120608,0.0033551934
5021,0.0016340216,0.000713663,0.00358079
5022,0.0010435139,0.00016100629,0.0045384536
5023,0.0020278445,0.0014814448,0.003133898
5024,0.002192342,0.0019202076,0.0029491114
5025,0.0013417548,0.00038091565,0.0037722574
5026,0.0012099559,0.00027179683,0.0038824128
5027,0.0013220252,0.00036841378,0.0035881707
5028,0.0016738238,0.0008167057,0.003198305
5029,0.001313153,0.00036624554,0.0034955984
5030,0.0015630708,0.0006612562,0.0032256509
5031,0.0015090088,0.0005922534,0.0031816172
5032,0.0016810357,0.0008540045,0.002927731
5033,0.0020904876,0.0017591418,0.0025710203
5034,0.0027494275,0.004191332,0.0022854332
5035,0.0025544455,0.0033283967,0.0024032206
5036,0.0023668066,0.0026197918,0.002596898
5037,0.0025874989,0.0034655672,0.0024824608
5038,0.0015889814,0.0007140941,0.0033746797
5039,0.0021281352,0.0018784229,0.002931076
5040,0.002601863,0.003554908,0.002608392
5041,0.0013395692,0.00040613845,0.003659299
5042,0.0019970941,0.0015348328,0.0029710818
5043,0.0010215235,0.00016558281,0.004050988
5044,0.001344852,0.0004187492,0.0035752307
5045,0.0010769145,0.00020038805,0.0039462117
5046,0.0014346758,0.00052583206,0.0033482716
5047,0.0024614022,0.0030761529,0.0024712393
5048,0.0026756222,0.0039702402,0.0023843513
5049,0.0015581427,0.00068933546,0.0031411962
5050,0.0010214188,0.00016915759,0.0038269812
5051,0.0014964887,0.0006110338,0.0032141295
5052,0.0019284758,0.0014247899,0.0029641502
5053,0.0015830352,0.00074496167,0.0031289537
5054,0.0030049258,0.0057122614,0.0021767279
5055,0.002442886,0.0030177964,0.0024629682
5056,0.0031417059,0.0063848016,0.0021555915
5057,0.0025777004,0.003498418,0.0024590744
5058,0.002393706,0.0027670637,0.0025844746
5059,0.0014896744,0.000586832,0.003259468
5060,0.0020297617,0.0016380639,0.002709169
5061,0.0035487236,0.00877401,0.0020123795
5062,0.00474631,0.016373143,0.0018396474
5063,0.0012930967,0.00033603908,0.004046614
5064,0.0011561556,0.00023279242,0.004143991
5065,0.0012204469,0.0002812356,0.0039288965
5066,0.0016125311,0.00071814604,0.0032939392
5067,0.0015225256,0.0005981709,0.0033575508
5068,0.0017137575,0.00089290243,0.0030800186
5069,0.0019979589,0.0014896096,0.002781325
5070,0.0021089127,0.001785458,0.0026605916
5071,0.0024940104,0.0030628645,0.0024386316
5072,0.0021855072,0.0020128447,0.002608207
5073,0.003226764,0.006616598,0.002122242
5074,0.0030693116,0.0056662546,0.0022605215
5075,0.0025711833,0.003303425,0.0026675146
5076,0.0018351548,0.00111549,0.0032400726
5077,0.0022434206,0.002159859,0.0029038591
5078,0.002273225,0.0022587045,0.0028512343
5079,0.0025860302,0.0033984866,0.0026469426
5080,0.0014199406,0.0004804199,0.003563461
5081,0.0017513519,0.0009726791,0.0031707934
5082,0.002097234,0.0017667759,0.0028294239
5083,0.0020988309,0.0017783866,0.0027892436
5084,0.0016023517,0.0007371055,0.003327662
5085,0.0022344766,0.0022072014,0.0028579577
5086,0.0021756575,0.0020282331,0.002868431
5087,0.002194955,0.002090757,0.0028285256
5088,0.0028667736,0.004799715,0.0024524871
5089,0.0023254706,0.002497464,0.0027745652
5090,0.0014524,0.0005342025,0.0035132822
5091,0.0011182837,0.00022525723,0.0042379005
5092,0.0018817808,0.0012783296,0.0031679673
5093,0.00078000023,6.790167e-05,0.002869168
5094,0.000634168,3.404984e-05,0.0013893622
5095,0.0006044128,2.906465e-05,0.0008603786
5096,0.0006391667,3.5027944e-05,0.0011919788
5097,0.00072726345,5.3932617e-05,0.0020627351
5098,0.001945893,0.0014366014,0.0030950187
5099,0.001995939,0.0015643708,0.0029992536
5100,0.0017663839,0.0010502586,0.0031323084
5101,0.0030854598,0.0060580187,0.002320363
5102,0.0016729183,0.00086698856,0.0032494762
5103,0.0024033668,0.0028257563,0.0026491922
5104,0.0019097526,0.0013463259,0.0029647094
5105,0.0022832067,0.0024089867,0.002664926
5106,0.0015342504,0.00065620505,0.0032226683
5107,0.00080081535,7.4999385e-05,0.003507294
5108,0.0010488866,0.00018605092,0.0036826553
5109,0.0013459198,0.00043105462,0.0031562895
5110,0.0017711815,0.0010801236,0.002679896
5111,0.0015023429,0.0006297022,0.0028697972
5112,0.0015725562,0.00073766685,0.0027385252
5113,0.0019990136,0.0016354842,0.0023933188
5114,0.001240925,0.00033849073,0.0029940978
5115,0.0015747128,0.0007538193,0.0025902381
5116,0.00081172725,8.280456e-05,0.0035006702
5117,0.00063562026,3.694065e-05,0.001510635
5118,0.0008725875,0.000107189495,0.0033860486
5119,0.0009808706,0.00015895956,0.0036574728
5120,0.0019172136,0.0014808448,0.0025457973
5121,0.0010399615,0.00019424652,0.003392385
5122,0.0013189507,0.0004327253,0.00307901
5123,0.0012024257,0.00031872827,0.0031339107
5124,0.00094241585,0.0001419158,0.0035925389
5125,0.00068805716,4.984526e-05,0.00089932675
5126,0.0019097438,0.0014938337,0.0028059967
5127,0.00070837885,5.4733187e-05,0.001028603
5128,0.0006802211,4.7656464e-05,0.0007679302
5129,0.0020778887,0.001950217,0.0025158843
5130,0.0014850076,0.0006460914,0.0029291664
5131,0.00078605884,7.719931e-05,0.0019334985
5132,0.0006871015,4.9235234e-05,0.0010017299
5133,0.0007257779,5.936712e-05,0.00095502986
5134,0.00084320665,9.7897595e-05,0.0020526135
5135,0.0022835925,0.0026480583,0.0022752925
5136,0.0020925081,0.001997788,0.0023310536
5137,0.002240377,0.0024845765,0.0022071598
5138,0.00094976893,0.00014520383,0.0031672653
5139,0.00081403437,8.69526e-05,0.0020948006
5140,0.00067227514,4.595164e-05,0.00074990327
5141,0.00053277705,4.1595984e-05,0.0005088004
5142,0.00067153486,4.5827048e-05,0.0006762461
5143,0.0007643751,7.09656e-05,0.0012490929
5144,0.0013149312,0.00043636933,0.0027777003
5145,0.0014692108,0.0006346244,0.0025084424
5146,0.0010117409,0.00018342177,0.0028990987
5147,0.0012573473,0.00038402335,0.0029061784
5148,0.0010887176,0.00023971872,0.0029168394
5149,0.0015512324,0.00078846025,0.0021748825
5150,0.0012892903,0.00042995106,0.002201279
5151,0.0015147213,0.0007415096,0.0019027211
5152,0.0013092022,0.0004600986,0.0019485387
5153,0.0010352447,0.00021159241,0.0020931775
5154,0.0015799159,0.00087211776,0.0016268227
5155,0.0008647162,0.00011749196,0.0019033714
5156,0.00069302844,6.602082e-05,0.0006799911
5157,0.00079932524,9.164842e-05,0.0009124412
5158,0.00075718877,8.338393e-05,0.0007389351
5159,0.0010979474,0.00026860717,0.0018088946
5160,0.0014327151,0.0006580097,0.0015130893
5161,0.0012659322,0.00043932357,0.0015524911
5162,0.0012092261,0.00038000414,0.0015353907
5163,0.00109297,0.00027316724,0.001565523
5164,0.0009085971,0.00014831485,0.0016656509
5165,0.00080175756,9.830372e-05,0.0011949501
5166,0.0017362654,0.0012958149,0.0011789778
5167,0.0016969749,0.001208663,0.0011747164
5168,0.0015197814,0.00084509293,0.0012249365
5169,0.0007901484,9.590694e-05,0.0011978026
5170,0.0012846085,0.0004900634,0.0013362785
5171,0.0011181993,0.00031066383,0.0013962999
5172,0.0011398392,0.00033344855,0.001348579
5173,0.0010750791,0.00027609477,0.0013573231
5174,0.0011160742,0.0003148789,0.0013036598
5175,0.0012302983,0.00043879737,0.0012267104
5176,0.0008543544,0.00013056769,0.0014452275
5177,0.0008173244,0.0001132003,0.0014457296
5178,0.001271851,0.00049916183,0.0011673053
5179,0.0012237058,0.00044169487,0.0011709175
5180,0.0012447034,0.00047032657,0.0011429808
5181,0.00085185835,0.00013330524,0.001360898
5182,0.0009984238,0.00022784571,0.0012341962
5183,0.00076934067,9.584431e-05,0.0011709428
5184,0.000844504,0.00013192595,0.0013914305
5185,0.0009357948,0.00018704988,0.0013045156
5186,0.00096026313,0.00020507134,0.0012558936
5187,0.0008665641,0.00014631213,0.0012919853
5188,0.00083119096,0.00012795012,0.0012901638
5189,0.00084440276,0.00013556368,0.0012538166
5190,0.0010561601,0.00028899193,0.001198133
5191,0.0013359779,0.0006366776,0.0010352081
5192,0.0009884082,0.00023473358,0.0011707655
5193,0.0012092631,0.00046289983,0.0010283015
5194,0.0010097991,0.0002552775,0.0011003105
5195,0.00091203523,0.00018271348,0.0011314078
5196,0.00085579226,0.00014850091,0.0011423982
5197,0.00056159147,9.227447e-05,0.00056076737
5198,0.000795829,0.0001173874,0.0011100413
5199,0.0008401906,0.000141401,0.0010945905
5200,0.0011526535,0.00041046544,0.0010197615
5201,0.0012555548,0.0005495679,0.00093954743
5202,0.0008721275,0.00016405543,0.001092841
5203,0.0008840018,0.00017267812,0.0010515131
5204,0.00079959515,0.00012424531,0.00083362067
5205,0.00040560588,0.000102037426,0.0004051447
5206,0.0010521141,0.00031364695,0.0009459715
5207,0.0009804555,0.00024959195,0.0009473652
5208,0.00086489145,0.0001652412,0.0009787463
5209,0.00015608873,0.00010942848,0.00015530922
5210,0.00068808923,0.00014673203,0.0006849073
5211,0.001015718,0.00028829175,0.00087735185
5212,0.00093062466,0.00021716346,0.0008753663
5213,0.0009225109,0.00021259132,0.0008453
5214,0.0009439554,0.00023135272,0.00081463094
5215,0.000869119,0.00017687515,0.00082241325
5216,0.0008831325,0.00018786035,0.0007929309
5217,0.000939089,0.00023217434,0.0007506014
5218,0.0013959204,0.00087496894,0.0006352902
5219,0.00096085644,0.00025472767,0.00074447336
5220,0.0003968209,0.00013155073,0.00040063966
5221,0.00124466,0.0006127153,0.00070041977
5222,0.001041179,0.00034376487,0.00069966965
5223,0.0012678641,0.00067037373,0.00058999506
5224,0.0012797816,0.000698967,0.00055762834
5225,0.0011640866,0.0005153387,0.00056179875
5226,0.0010747615,0.0003986889,0.0005649473
5227,0.0010454294,0.00036662398,0.00055583706
5228,0.0012904274,0.00074329064,0.00048705694
5229,0.00096356607,0.00028343018,0.00055421446
5230,0.00095547014,0.00027747836,0.0005457291
5231,0.0007016504,0.00017315375,0.0005791411
5232,0.00085028406,0.00019029278,0.0005604682
5233,0.00094124174,0.00027035127,0.0005947885
5234,0.00052122807,0.00020755282,0.00052813534
5235,0.00037759508,0.00019201956,0.00038423616
5236,0.00036531585,0.00018900934,0.00037302103
5237,0.0009556901,0.00029480623,0.0004765061
5238,0.0016556166,0.0018352692,0.00043126577
5239,0.0012385275,0.00074221345,0.0004279416
5240,0.0011292242,0.00056441047,0.0003912798
5241,0.0012359162,0.0007787357,0.00033702826
5242,0.0017293659,0.0023552803,0.00026356653
5243,0.0013369151,0.0010323286,0.0002893995
5244,0.002412319,0.0064780563,0.00020592129
5245,0.0017500634,0.0024315668,0.00025207427
5246,0.0011620193,0.00064254587,0.0003092312
5247,0.00065333064,0.0002648594,0.0003576575
5248,0.0013095418,0.0009697534,0.00029475082
5249,0.0010120012,0.00041735396,0.00032449816
5250,0.0007362952,0.00029626765,0.00033796835
5251,0.001503517,0.0015648773,0.00025294095
5252,0.0011341403,0.00062426925,0.00028720696
5253,0.0015373294,0.0017027948,0.00024090684
5254,0.0011678061,0.0006951221,0.00027508568
5255,0.00048789763,0.00024201971,0.00031835568
5256,0.001831523,0.0030118285,0.00023176178
5257,0.001870002,0.003211707,0.00022476848
5258,0.0011505291,0.0006689096,0.000286198
5259,0.0010326841,0.00047174995,0.00029876313
5260,0.0014523207,0.001460417,0.00024392019
5261,0.0009979148,0.00042647554,0.00029105396
5262,0.001068968,0.0005396854,0.0002753138
5263,0.0012310144,0.00086599344,0.0002539693
5264,0.0011248183,0.0006483057,0.00028061416
5265,0.00051586697,0.00038929086,0.00033817836
5266,0.0015655782,0.0020032178,0.00025972392
5267,0.001897765,0.0038616534,0.00020016501
5268,0.0015589299,0.002142581,0.00019947828
5269,0.0014378256,0.0016829759,0.00019062424
5270,0.0010672068,0.0006433563,0.00020827752
5271,0.0013319227,0.0013480869,0.0001769111
5272,0.0011434654,0.0008253045,0.00018556567
5273,0.0018048373,0.003584734,0.0001489216
5274,0.001042911,0.000613897,0.00019342144
5275,0.002197555,0.0059472527,0.0001300223
5276,0.0014164813,0.0016543075,0.00016694191
5277,0.0010700006,0.0006635233,0.0001896132
5278,0.00042483048,0.00036265215,0.00021987934
5279,0.002328651,0.0056796013,0.00014351228
5280,0.0013081086,0.001335029,0.00017872926
5281,0.002443353,0.0063471324,0.00011875852
5282,0.0035330385,0.008909961,9.807701e-05
5283,0.0027058444,0.0074524074,0.00011922742
5284,0.002855447,0.008009409,0.00012258296
5285,0.0032031464,0.008984428,0.00012409102
5286,0.002164112,0.005592215,0.00016646199
5287,0.0012246524,0.00092063454,0.00023588163
5288,0.0012012761,0.0008657542,0.00023843632
5289,0.0015013807,0.0017925766,0.0002155145
5290,0.00091275235,0.00034859017,0.00028032018
5291,0.0011193287,0.00068826263,0.00025693438
5292,0.0010568608,0.0005704394,0.00026367424
5293,0.004693384,0.011134067,0.00014387908
5294,0.0034813075,0.009510926,0.00017737533
5295,0.0018526915,0.0032681872,0.000261812
5296,0.0011295251,0.00065913674,0.00035681558
5297,0.0013008376,0.0010610574,0.00035917741
5298,0.0016702908,0.0024217488,0.00028807612
5299,0.004623739,0.011119147,0.00015603894
5300,0.0050987685,0.012169441,0.00015590884
5301,0.0055268486,0.013140217,0.00016392051
5302,0.0016027682,0.001881686,0.0003537641
5303,0.0012763679,0.00089414127,0.00039820562
5304,0.003653597,0.010795804,0.00023267549
5305,0.0037624876,0.011318119,0.0002559296
5306,0.0033752841,0.010881452,0.00030549316
5307,0.0014195505,0.0010836399,0.0005353852
5308,0.0019024245,0.0027766195,0.00046412053
5309,0.0018500891,0.0025240374,0.00048311308
5310,0.0023500833,0.0051884823,0.0004377036
5311,0.0009935873,0.00032027657,0.00071451336
5312,0.0028580753,0.008726936,0.00042612845
5313,0.0038493376,0.012787229,0.00040053835
5314,0.002994426,0.009092124,0.00052397535
5315,0.0014423685,0.0009552913,0.0008364238
5316,0.0014428089,0.00095694914,0.00084016885
5317,0.0017575057,0.0018216012,0.00076419994
5318,0.0017898771,0.0019266746,0.00076852535
5319,0.0015888244,0.0013058879,0.0008295382
5320,0.0014950532,0.001069399,0.0008633028
5321,0.0021067038,0.0032183058,0.00077066873
5322,0.0030979076,0.0095041385,0.00065219786
5323,0.001718305,0.0015992014,0.0009728847
5324,0.0014493116,0.00091436715,0.0010818967
5325,0.0019767692,0.0024985373,0.0009288602
5326,0.001092333,0.00035510643,0.0012787527
5327,0.0031618853,0.009617134,0.00074391084
5328,0.0013021027,0.00061011483,0.0012864755
5329,0.00084755494,0.00014579378,0.0015895579
5330,0.0008438195,0.00014457745,0.0017840149
5331,0.0013326008,0.00066924543,0.0018170202
5332,0.004836199,0.013986244,0.00086246367
5333,0.0023699126,0.0039394447,0.0013748519
5334,0.0033365404,0.010007569,0.0011556078
5335,0.0013319147,0.00057464855,0.0019897884
5336,0.0015485835,0.0009460322,0.0018493675
5337,0.0033521145,0.009741478,0.0012150096
5338,0.0037926196,0.012583946,0.001229052
5339,0.0031386374,0.007595098,0.0015122475
5340,0.001987129,0.0018647875,0.0020182475
5341,0.0023243772,0.0030616126,0.0018584008
5342,0.002928258,0.006070604,0.0016713615
5343,0.0019624464,0.0017387121,0.0021354195
5344,0.002812796,0.005308273,0.0017749596
5345,0.0019467506,0.0016656519,0.0022122606
5346,0.002803613,0.005183371,0.001833133
5347,0.0029098617,0.0056985575,0.0018604582
5348,0.002217764,0.0024543004,0.002215859
5349,0.0026711987,0.0043577664,0.0020237938
5350,0.002697055,0.004445138,0.002060714
5351,0.00438367,0.01511245,0.001658514
5352,0.0022541266,0.0023870892,0.002644331
5353,0.0026259148,0.0038452493,0.0024406435
5354,0.0035966646,0.009290376,0.0021055066
5355,0.0027183515,0.004134188,0.0025888304
5356,0.0012134549,0.0002968279,0.0038854918
5357,0.0009817069,0.00014699719,0.0042426204
5358,0.002933862,0.0052179676,0.0024162165
5359,0.0026088676,0.0036331953,0.0026223192
5360,0.0034469753,0.008087451,0.002292304
5361,0.004342951,0.013771791,0.0021394168
5362,0.004044558,0.011427246,0.0024553179
5363,0.0025792178,0.0031685852,0.0033148366
5364,0.0032021068,0.0060635526,0.002951058
5365,0.0037073821,0.008945417,0.0027963235
5366,0.0040303054,0.010819204,0.0028058542
5367,0.0030713435,0.0050924257,0.0034173422
5368,0.001566496,0.000583444,0.0047617527
5369,0.0031102593,0.00530358,0.0032537312
5370,0.0031343324,0.0053994744,0.003273699
5371,0.0036422445,0.008167315,0.0030601332
5372,0.0015239248,0.00052253593,0.0048380443
5373,0.004407864,0.012895164,0.002758732
5374,0.0037704266,0.008661822,0.0032152336
5375,0.0023540256,0.0021017285,0.0041943328
5376,0.0024977492,0.0025589967,0.0039556725
5377,0.0025778038,0.0028445339,0.0038111715
5378,0.0020013393,0.0012616485,0.004226007
5379,0.0013680718,0.00035925,0.004897622
5380,0.00080092053,6.0323386e-05,0.0059975605
5381,0.0011697651,0.00021814105,0.0054536955
5382,0.0009268461,0.00010088091,0.0057482333
5383,0.0031136826,0.005330514,0.0030404285
5384,0.00277518,0.0037584517,0.0032500017
5385,0.0031926008,0.005713234,0.0030127629
5386,0.002774093,0.0037382815,0.00330081
5387,0.0032810292,0.006155282,0.003015044
5388,0.0033253354,0.0063532875,0.0030423729
5389,0.0014421835,0.00043707315,0.004648912
5390,0.00082648505,6.8378286e-05,0.0058327694
5391,0.0023103503,0.0021182047,0.0036900032
5392,0.0032691313,0.006162683,0.0030347635
5393,0.0023585104,0.0022592647,0.003625297
5394,0.0021697804,0.0017362636,0.0036949764
5395,0.002592921,0.0030900089,0.0032962656
5396,0.002294936,0.002104656,0.0034974252
5397,0.0029235084,0.0045092697,0.003070026
5398,0.0039513456,0.010294435,0.0026456714
5399,0.0029815328,0.0046733436,0.0032134927
5400,0.003345248,0.006514184,0.0030375987
5401,0.0009914126,0.00012569934,0.0055574304
5402,0.0009631625,0.000115920724,0.0061050323
5403,0.0013504566,0.0003633486,0.005038744
5404,0.0017211603,0.00082353654,0.0042677834
5405,0.0025458978,0.0029659858,0.0033911993
5406,0.0029501207,0.0046740533,0.0031123445
5407,0.0026587208,0.0033972736,0.0032940418
5408,0.001773491,0.0009201102,0.0040006116
5409,0.0019212413,0.0012094723,0.0037450665
5410,0.0024107262,0.0025461696,0.0033001548
5411,0.0032375548,0.0062430156,0.002805347
5412,0.002062819,0.0015338425,0.0035750084
5413,0.0027823339,0.0039915647,0.003003773
5414,0.003367507,0.0069605242,0.0027332294
5415,0.001358742,0.00038254212,0.004371229
5416,0.0013939528,0.0004214444,0.004311117
5417,0.0017716292,0.00094490557,0.0036834276
5418,0.0008732112,8.96113e-05,0.0050665746
5419,0.00094042515,0.00011592629,0.0047655175
5420,0.0009963925,0.00014189619,0.004463398
5421,0.001038036,0.00016471058,0.0045219185
5422,0.00095737516,0.00012673109,0.004591725
5423,0.0021168976,0.0017948326,0.003290001
5424,0.0024361964,0.0028262266,0.0030103717
5425,0.0016896195,0.00086198206,0.0035728628
5426,0.00079033227,6.8460125e-05,0.0049803993
5427,0.00050699624,1.5674605e-05,0.001700494
5428,0.0006110654,2.9530887e-05,0.0021841791
5429,0.00075456564,5.973498e-05,0.003653395
5430,0.000644193,3.5230292e-05,0.00239516
5431,0.0012692214,0.00034210779,0.005173162
5432,0.0022200318,0.002164454,0.003814795
5433,0.0017800052,0.0010496083,0.004198683
5434,0.0013863877,0.0004582496,0.0047302046
5435,0.00071017444,4.889395e-05,0.002629474
5436,0.0011147434,0.00022196892,0.0051979604
5437,0.0009858686,0.00014631914,0.0044050505
5438,0.00066922774,3.9899933e-05,0.001588726
5439,0.0017291476,0.0009588662,0.005754614
5440,0.0028787188,0.004752998,0.0038765138
5441,0.0031952744,0.0063182716,0.0034686746
5442,0.0017959066,0.0010165162,0.004483042
5443,0.0016811519,0.0008179653,0.0043237573
5444,0.0018662217,0.001158986,0.003878019
5445,0.002792009,0.004199328,0.0030422995
5446,0.0030809003,0.00558505,0.0029275455
5447,0.0037979602,0.009723309,0.002668048
5448,0.003326171,0.006680794,0.0030853918
5449,0.0030140488,0.0049579693,0.0033209017
5450,0.0032841307,0.0063049276,0.0032013007
5451,0.0030232281,0.004899516,0.0034059945
5452,0.0028717371,0.0041722776,0.0035345482
5453,0.0029369437,0.0044473284,0.003486883
5454,0.0031241605,0.005317247,0.0033837203
5455,0.0025069874,0.0026922103,0.0038086562
5456,0.0007529156,4.972025e-05,0.00290868
5457,0.0011224351,0.00019023792,0.0054018917
5458,0.000667718,3.36968e-05,0.001977574
5459,0.0031958516,0.0057263863,0.003089047
5460,0.0024351622,0.0024746985,0.0035925815
5461,0.0007553487,5.074235e-05,0.003119098
5462,0.00077896105,5.651268e-05,0.0033799494
5463,0.00064140034,2.9664152e-05,0.0019394257
5464,0.0012408963,0.00027171933,0.0045844866
5465,0.0021557799,0.0017145597,0.0033491305
5466,0.0026788856,0.0034447375,0.0029402098
5467,0.0022586395,0.0020075415,0.0031899395
5468,0.0021418063,0.0016997386,0.0032144708
5469,0.0027509967,0.003782924,0.00277917
5470,0.0014727664,0.0004962624,0.0038906923
5471,0.0014915406,0.00052229,0.0037196376
5472,0.0010844754,0.0001813122,0.004179091
5473,0.0005967881,2.4745053e-05,0.0017781449
5474,0.0008092014,6.879135e-05,0.004083995
5475,0.00056231575,2.0509618e-05,0.001333727
5476,0.0007980223,6.6395274e-05,0.0039309626
5477,0.0021446568,0.0017992277,0.002599613
5478,0.002210715,0.0019966762,0.0025255396
5479,0.0015934089,0.0006845254,0.0029349057
5480,0.00076753687,5.99241e-05,0.0038825735
5481,0.00091387297,0.000108235785,0.0035839507
5482,0.0006214005,2.9994466e-05,0.0023306727
5483,0.00060429005,2.7614537e-05,0.0015003807
5484,0.00083727745,8.2930215e-05,0.003335552
5485,0.0012324201,0.0003044719,0.003550027
5486,0.0015451725,0.0006523058,0.0030676874
5487,0.0017801772,0.0010502214,0.0027833877
5488,0.0016071044,0.0007532726,0.002865762
5489,0.0015688555,0.0007001585,0.0028293577
5490,0.0011875841,0.00027833445,0.0031617114
5491,0.0007151402,5.12884e-05,0.0024289666
5492,0.0009770663,0.00014643818,0.0032823486
5493,0.0013366172,0.00042071132,0.002723249
5494,0.0012288981,0.00032005826,0.0027641659
5495,0.0011092566,0.00022884278,0.0028269477
5496,0.0006297298,3.4642206e-05,0.0016633278
5497,0.00066925585,4.2623637e-05,0.0021373844
5498,0.0010854204,0.00021606765,0.0026733445
5499,0.0013398516,0.00044013144,0.0023461822
5500,0.0012328444,0.000335803,0.0023910466
5501,0.0014168557,0.0005383333,0.0021813887
5502,0.001444891,0.00057898596,0.0021192008
5503,0.00060523703,3.1763124e-05,0.0016006489
5504,0.0009794796,0.00015968058,0.0024868986
5505,0.0014113941,0.00054526946,0.002025524
5506,0.0008684328,0.00010826182,0.002525996
5507,0.0005365817,2.1775937e-05,0.0007773901
5508,0.0014053126,0.0005513134,0.002326613
5509,0.0013731056,0.0005132239,0.0023102819
5510,0.0013928532,0.0005412993,0.002249965
5511,0.0014062827,0.0005620795,0.0021983914
5512,0.0012705461,0.00040298456,0.002270629
5513,0.0011671011,0.00030519057,0.0023207224
5514,0.0012102918,0.00034661617,0.0022355816
5515,0.001068536,0.00022987476,0.0023325987
5516,0.00093132653,0.00014593295,0.0024400584
5517,0.00076446007,7.57613e-05,0.002622164
5518,0.00069177063,5.45221e-05,0.00205267
5519,0.0010196713,0.00020046368,0.0022016966
5520,0.00078090234,8.2551305e-05,0.002455615
5521,0.0006549961,4.6069974e-05,0.001728664
5522,0.0011581633,0.00031124384,0.0019414683
5523,0.0011097948,0.00027153565,0.0019483363
5524,0.0005833607,3.1784122e-05,0.00094096153
5525,0.0006626902,4.8848062e-05,0.0018240497
5526,0.0005817418,3.1726122e-05,0.00084448024
5527,0.0010658681,0.00024103546,0.0019336229
5528,0.0008549334,0.00011591681,0.0021165812
5529,0.00082146004,0.00010193683,0.0021135618
5530,0.0005942852,3.4706274e-05,0.001110011
5531,0.00060440536,3.6942358e-05,0.0009301014
5532,0.0006096689,3.8143102e-05,0.0009298639
5533,0.0008175722,0.000101959806,0.0021953154
5534,0.00093736063,0.00016180449,0.002009678
5535,0.00062736904,4.2445205e-05,0.0012234093
5536,0.0006387426,4.519137e-05,0.001380235
5537,0.0013017902,0.00049005233,0.0016522735
5538,0.0010274946,0.00022359543,0.0018370101
5539,0.0011118506,0.0002925943,0.0017380865
5540,0.0008988083,0.00014442159,0.001902013
5541,0.00085705635,0.00012376485,0.0019125703
5542,0.0008095166,0.00010273374,0.0019314829
5543,0.0010128765,0.0002184141,0.001697862
5544,0.0007113103,6.7317735e-05,0.0019897646
5545,0.00039716536,2.7860311e-05,0.00039115478
5546,0.00057804934,3.3826953e-05,0.0008258028
5547,0.00071344327,6.86135e-05,0.0020033189
5548,0.0006769045,5.7784186e-05,0.0019021507
5549,0.000956997,0.00018536128,0.0018146393
5550,0.00088986225,0.00014593214,0.001857956
5551,0.00077690074,9.301876e-05,0.0019536137
5552,0.00046864522,3.5841244e-05,0.0004582497
5553,0.00011301297,3.2949058e-05,0.000110096764
5554,0.0009775225,0.00020116958,0.0018221722
5555,0.00087623246,0.00014006188,0.0019100962
5556,0.000806362,0.00010639438,0.0019566112
5557,0.00086630404,0.00013562285,0.0018559741
5558,0.00061248447,4.268654e-05,0.00064267707
5559,0.0010024344,0.00022292156,0.0018656171
5560,0.0006915651,6.4545035e-05,0.0011257523
5561,0.00091866596,0.00016687524,0.0019012443
5562,0.00066018815,5.5394947e-05,0.0008462644
5563,0.00067002524,5.8219965e-05,0.0009659905
5564,0.0007584858,8.8166205e-05,0.0019032205
5565,0.00068435725,6.261628e-05,0.001173805
5566,0.0006406495,5.0266775e-05,0.00071062427
5567,0.0006612528,5.5908466e-05,0.0009478234
5568,0.00065565057,5.448557e-05,0.00070258987
5569,0.00067591236,6.030229e-05,0.00094345945
5570,0.0007551822,8.78246e-05,0.0012363583
5571,0.0006964543,6.688618e-05,0.0006936637
5572,0.0010484364,0.0002621434,0.0018965045
5573,0.00092092017,0.00017006906,0.0019765184
5574,0.0007130904,7.236696e-05,0.0009835347
5575,0.0006910136,6.51107e-05,0.00078676257
5576,0.00039459104,5.3274576e-05,0.0003811163
5577,0.0008475126,0.00012888604,0.0019110668
5578,0.0011486233,0.00035618662,0.0017924178
5579,0.0009786529,0.0002089157,0.0018871196
5580,0.0009089347,0.00016342202,0.0019044948
5581,0.00095556444,0.00019350366,0.0018109394
5582,0.0007290101,7.84438e-05,0.001028254
5583,0.00041157615,6.6202156e-05,0.00039683608
5584,0.0007348656,8.065224e-05,0.00081600586
5585,0.0008748747,0.00014455522,0.0018882139
5586,0.00095038,0.00019106097,0.0017582839
5587,0.0011360754,0.00034776845,0.0015681449
5588,0.0008694007,0.00014267246,0.0017531515
5589,0.0011522807,0.0003671566,0.0015297853
5590,0.0010740805,0.00029131354,0.0015509813
5591,0.00086408545,0.0001412299,0.0016921703
5592,0.0009241161,0.00017728275,0.0016013023
5593,0.00018939894,5.5829743e-05,0.0001851233
5594,0.00065721176,9.8313685e-05,0.00063208735
5595,0.00026286556,8.3723986e-05,0.00025368307
5596,0.0009364345,0.0001875239,0.0017154743
5597,0.00080593576,0.00011438183,0.00083131
5598,0.0010998495,0.00032530027,0.0013861663
5599,0.001148236,0.00037820375,0.0012839689
5600,0.001059678,0.00029125792,0.0012789847
5601,0.0010374333,0.00027302981,0.0012445736
5602,0.00056833256,9.391823e-05,0.0005614615
5603,0.0010017054,0.00024547824,0.0012559658
5604,0.0011411331,0.00038181295,0.0011276302
5605,0.0012459458,0.0005149812,0.0010431114
5606,0.000714936,0.00010535146,0.0007088434
5607,0.0007819753,0.00011084936,0.0007754035
5608,0.0008443391,0.00014287188,0.0012110805
5609,0.000918548,0.00019042517,0.0011236706
5610,0.0012206602,0.0004946325,0.0009479295
5611,0.001435907,0.0008524932,0.0008560943
5612,0.00129965,0.00061583845,0.00088821567
5613,0.0011798687,0.0004488995,0.00091925403
5614,0.0009115543,0.00019077912,0.0010304729
5615,0.0009016099,0.00018481284,0.001018504
5616,0.0011415383,0.00040818314,0.0008909465
5617,0.00077542634,0.00011276252,0.0010085071
5618,0.00094473007,0.00022046371,0.0010926909
5619,0.0007944436,0.0001619423,0.0007804576
5620,0.00076849,0.00023358183,0.0007465482
5621,0.00044438342,0.0003165085,0.0004269532
5622,0.0014520424,0.0011855137,0.001250763
5623,0.0023084788,0.004717975,0.0012670304
5624,0.0005862276,0.00019378483,0.00051866705
5625,0.0019352202,0.0019450517,0.0046604304
5626,0.0020354656,0.0017632451,0.006677801
5627,0.00084764865,8.311949e-05,0.001878201
5628,0.0013831818,0.0004113183,0.00523975
5629,0.00080318947,6.57887e-05,0.0016520838
5630,0.0014684278,0.00049312145,0.005736456
5631,0.0010805754,0.00017722818,0.003864796
5632,0.0009153502,0.000101988546,0.0027933996
5633,0.00083440996,7.502008e-05,0.0022041881
5634,0.00077371387,5.8454498e-05,0.0016568713
5635,0.0011866763,0.00024627664,0.004388512
5636,0.0026999728,0.0036699404,0.003007996
5637,0.0022990964,0.002212134,0.0032804832
5638,0.0017238611,0.00086598314,0.0035953608
5639,0.00081362016,7.086128e-05,0.0019316059
5640,0.0011289248,0.00021327104,0.0040221554
5641,0.0010854678,0.00018851776,0.003885903
5642,0.0025440834,0.0031425904,0.0024467604
5643,0.0023767082,0.0025369667,0.0025096696
5644,0.0008950144,9.9890356e-05,0.002867583
5645,0.00072367303,4.9515835e-05,0.0010153409
5646,0.0021171945,0.0017953785,0.0033303383
5647,0.0014944447,0.0005787747,0.0033086783
5648,0.0008616651,9.320324e-05,0.0014106303
5649,0.0018600388,0.0012298322,0.00242465
5650,0.0024472359,0.0030152483,0.0019057621
5651,0.0025253838,0.0033406126,0.0017771331
5652,0.0021822012,0.0021098421,0.0018527822
5653,0.0017079869,0.0009539666,0.0020244068
5654,0.0029589382,0.005466106,0.0014748108
5655,0.0009276239,0.00012419916,0.0024099192
5656,0.00088200346,0.000106232925,0.0016138917
5657,0.00074939535,0.00011572706,0.0007165463
5658,0.00074437034,0.00015434422,0.00071095605
5659,0.0016665228,0.0010399114,0.002484944
5660,0.0025868162,0.0052047274,0.0016502446
5661,0.0037240977,0.009899448,0.0012540291
5662,0.0015015464,0.0010355791,0.002070679
5663,0.0029548013,0.007985762,0.0013839499
5664,0.0030268873,0.008147311,0.0013146072
5665,0.00095436117,0.00020058332,0.0022410287
5666,0.0030972406,0.008337723,0.0011608151
5667,0.0011971005,0.00041029303,0.0019056547
5668,0.0016720408,0.0012415918,0.0015308709
5669,0.001792184,0.0015636442,0.0015899304
5670,0.0014532546,0.000786162,0.0016302438
5671,0.0014218416,0.000735222,0.0016161993
5672,0.0029475938,0.0071837464,0.0010379106
5673,0.002573306,0.004776424,0.0011271151
5674,0.0012274142,0.0004353648,0.0016404177
5675,0.0034883453,0.010744244,0.0009303792
5676,0.0038374779,0.01292397,0.00096319837
5677,0.0031283223,0.007552548,0.0011980449
5678,0.0033102834,0.008585854,0.0012315133
5679,0.0036952288,0.011007906,0.001246125
5680,0.0022183268,0.002486247,0.0017758257
5681,0.0015453232,0.00076452,0.002132408
5682,0.0016497748,0.0009541916,0.0020287097
5683,0.0016065541,0.0008782149,0.0020270504
5684,0.001358625,0.0005057428,0.0021709683
5685,0.0014561813,0.0006405885,0.0020580832
5686,0.0022269592,0.002582657,0.0017096124
5687,0.0037719102,0.011407317,0.0013169601
5688,0.0018337377,0.0013197286,0.002094815
5689,0.0012930704,0.00041617543,0.0024641643
5690,0.0008739916,0.00011284727,0.0029158853
5691,0.0011101309,0.00025254893,0.002540543
5692,0.0025767435,0.003963446,0.0016379532
5693,0.0026994452,0.0045324233,0.0016335759
5694,0.0026965032,0.004481438,0.0016783908
5695,0.0017803125,0.0011920562,0.002120206
5696,0.0017596735,0.0011524817,0.0021092133
5697,0.0009496597,0.00014829832,0.002823018
5698,0.0020752752,0.0019971388,0.0020000804
5699,0.0021160832,0.0021280565,0.0019780379
5700,0.0018887832,0.0014742351,0.0020940409
5701,0.002493369,0.0035769145,0.0018089944
5702,0.002646522,0.004267505,0.0017839362
5703,0.0012968507,0.00042020343,0.0026022468
5704,0.0021756592,0.0023149897,0.0019729706
5705,0.0041325833,0.013647955,0.0015171464
5706,0.0022811405,0.0025613587,0.0023089494
5707,0.0012159058,0.00032282632,0.003149334
5708,0.0034894873,0.008892192,0.0018102544
5709,0.0013218477,0.00041641222,0.0031373594
5710,0.0012020229,0.0003048532,0.0031991012
5711,0.0015058126,0.0006520805,0.0029350498
5712,0.000987614,0.00016004684,0.0035170147
5713,0.0008309391,9.017043e-05,0.003638208
5714,0.0010237133,0.00018210652,0.0032210485
5715,0.0007783976,7.322932e-05,0.003127559
5716,0.0037909555,0.010966484,0.0016118876
5717,0.0035351613,0.008991511,0.0018589537
5718,0.0037710962,0.01034028,0.0019188904
5719,0.0034613102,0.00811532,0.0021623268
5720,0.0032895375,0.006947513,0.0023349202
5721,0.0033444285,0.007173616,0.0024038344
5722,0.0028135735,0.0042936937,0.002724055
5723,0.0026104623,0.0034015374,0.002851284
5724,0.003036561,0.0053611672,0.0026402886
5725,0.0027813336,0.004098672,0.0028092824
5726,0.0026225757,0.0034153135,0.0029324305
5727,0.0010251203,0.000154971,0.004610879
5728,0.0018479264,0.0011159629,0.0033503757
5729,0.0015196357,0.0005875837,0.003587439
5730,0.0009602992,0.00012802203,0.0046845437
5731,0.00093617564,0.00011842396,0.0045955013
5732,0.00095457555,0.0001273444,0.0044314833
5733,0.0011439137,0.00023512363,0.003927143
5734,0.0011312336,0.00022915496,0.00416501
5735,0.0008627047,9.3028444e-05,0.0042277016
5736,0.00072474894,5.2254163e-05,0.002786771
5737,0.00060305186,2.8360866e-05,0.001360245
5738,0.000632059,3.3303793e-05,0.0014048796
5739,0.0006269003,3.2455613e-05,0.0011375332
5740,0.0007286675,5.3896198e-05,0.0015960401
5741,0.0027193832,0.0041377447,0.0038723662
5742,0.004724361,0.015213083,0.002611608
5743,0.00312848,0.005801519,0.003363808
5744,0.002039098,0.0015078048,0.004055715
5745,0.0009963432,0.0001395174,0.0032793295
5746,0.00089260517,9.7291995e-05,0.0020416114
5747,0.0043507847,0.013016305,0.0030899588
5748,0.004341569,0.013078911,0.0028380544
5749,0.004112493,0.011278292,0.0027556964
5750,0.0034753045,0.007168356,0.002975629
5751,0.0032107693,0.0056716236,0.0029857096
5752,0.0033636882,0.0064446996,0.0029276013
5753,0.0018318929,0.0009461877,0.0038843094
5754,0.0031588932,0.0053983615,0.0029613334
5755,0.0047264826,0.014726199,0.0023296792
5756,0.0027020464,0.0031968,0.0033510497
5757,0.0014577234,0.00042482626,0.004387099
5758,0.0011816863,0.00021338432,0.004244712
5759,0.0012569933,0.00026579687,0.0044920887
5760,0.0012531098,0.0002662856,0.004141109
5761,0.0007905419,5.752183e-05,0.0014668352
5762,0.0011895285,0.00022966194,0.0034985244
5763,0.0026932866,0.00344497,0.0028598793
5764,0.0020499607,0.0014642642,0.0028167306
5765,0.0026578763,0.003425992,0.0021755393
5766,0.0023850682,0.0024597973,0.0021204401
5767,0.0017652996,0.00093298854,0.0023137084
5768,0.003849188,0.010042059,0.0014469629
5769,0.0031561782,0.0057681673,0.001671686
5770,0.002906495,0.0044968408,0.0017580959
5771,0.003543257,0.007900185,0.0016622922
5772,0.0023196558,0.0021919503,0.0021845528
5773,0.002197613,0.0018580094,0.002189966
5774,0.002712377,0.0036555983,0.0019563732
5775,0.0034943647,0.0076506366,0.0016967948
5776,0.0038653032,0.009805419,0.0016508996
5777,0.0027126586,0.0035220943,0.002150979
5778,0.003042056,0.004995203,0.0020235812
5779,0.003503802,0.00743478,0.0018876586
5780,0.0033767892,0.0066293497,0.002003744
5781,0.0019273619,0.001141109,0.0027278364
5782,0.0036385064,0.008111543,0.0019216113
5783,0.0032960845,0.0060827923,0.0021221996
5784,0.0026198784,0.0030220025,0.0024438782
5785,0.0026196658,0.003042742,0.0026343842
5786,0.0036734464,0.008208527,0.0021997625
5787,0.00299645,0.004532643,0.0025395362
5788,0.00093131204,9.7470984e-05,0.003055775
5789,0.001689136,0.00072160567,0.0032617836
5790,0.0018895594,0.0010601903,0.003109664
5791,0.003778318,0.008893344,0.0021172278
5792,0.002685062,0.0032560737,0.0026621541
5793,0.0026601695,0.0031717464,0.0026737081
5794,0.00259137,0.002929606,0.0026872742
5795,0.001780665,0.0008712778,0.003452693
5796,0.0013449299,0.00034509477,0.0037872707
5797,0.0012495967,0.00027264998,0.0037607315
5798,0.0024763749,0.002630512,0.002561128
5799,0.0027406667,0.0036276958,0.0024051697
5800,0.003891675,0.009765792,0.0020133646
5801,0.0025954684,0.0029851056,0.0026364296
5802,0.0014149065,0.00040950123,0.0035912055
5803,0.0025251121,0.0027739927,0.0025926966
5804,0.0024187395,0.0024297985,0.0026539674
5805,0.0018825596,0.0010803622,0.0029699092
5806,0.0015189608,0.0005363595,0.0034701587
5807,0.0013070996,0.00032770546,0.0035838336
5808,0.0018263806,0.0010087044,0.002917871
5809,0.001539907,0.00057736074,0.0030838924
5810,0.0016584025,0.000746064,0.002880687
5811,0.0020842464,0.0015992925,0.0025010759
5812,0.001448099,0.0004826901,0.0029496744
5813,0.0018575166,0.0011141091,0.0025308854
5814,0.0013422549,0.00038119938,0.0029086582
5815,0.0013470015,0.00039051005,0.003016263
5816,0.0019249743,0.0012896264,0.0024569067
5817,0.0026943327,0.0037994566,0.0020456554
5818,0.0023834652,0.002586867,0.0021982735
5819,0.0019275581,0.0013059209,0.0024370847
5820,0.0020476228,0.001603256,0.0023532312
5821,0.0011992127,0.00027314617,0.0030188628
5822,0.0010562413,0.00018013935,0.0031608243
5823,0.000735692,5.4121945e-05,0.0018206649
5824,0.0007918614,6.9632064e-05,0.0022746576
5825,0.0009185419,0.00011507097,0.0032556164
5826,0.0010783739,0.0001990159,0.0031174594
5827,0.0019402052,0.0014153093,0.0022750704
5828,0.0028577934,0.00481536,0.0018404503
5829,0.0030167473,0.00560161,0.0018294652
5830,0.0023414528,0.002560765,0.002142427
5831,0.0022510663,0.002263124,0.0021795763
5832,0.0023222526,0.002506519,0.002134547
5833,0.0012260737,0.00030613638,0.002919209
5834,0.001399101,0.0004796645,0.0026671623
5835,0.0022798993,0.0024032698,0.002038947
5836,0.0021193705,0.0019059741,0.0021119635
5837,0.0026899325,0.0040487684,0.0018609833
5838,0.0021959299,0.0021362784,0.0020955368
5839,0.0023464137,0.0026474115,0.0020188622
5840,0.0013093487,0.00039021796,0.0026993675
5841,0.002678495,0.00402573,0.001841589
5842,0.0014906019,0.00060343236,0.0025077697
5843,0.00089717255,0.000111338464,0.0031746237
5844,0.0006606507,4.0272193e-05,0.001685134
5845,0.0014237826,0.0005294757,0.0026181454
5846,0.0021812283,0.0021661115,0.0020688672
5847,0.002039534,0.0017486294,0.0021337282
5848,0.0017095183,0.0009847993,0.002312498
5849,0.00086511124,0.00010197114,0.0031728935
5850,0.00092925894,0.00013031813,0.002969708
5851,0.0018619458,0.0013275854,0.0020560515
5852,0.0020278816,0.0017625414,0.0019502408
5853,0.0018903598,0.0014079885,0.0020098833
5854,0.0021333192,0.0020938625,0.0018753554
5855,0.0010863933,0.00022520786,0.002615228
5856,0.002397144,0.0030563585,0.0017209164
5857,0.0019935267,0.0016959853,0.0019064702
5858,0.0016964133,0.0010039423,0.0020558753
5859,0.0017035204,0.0010241172,0.0020252543
5860,0.001594054,0.0008272356,0.002067375
5861,0.0013199537,0.0004444619,0.0022364645
5862,0.0014452969,0.00060547155,0.0020965813
5863,0.0012378003,0.00036353254,0.0022251785
5864,0.0012784965,0.00040775278,0.002145802
5865,0.0013078355,0.00044282235,0.0020816615
5866,0.0012443144,0.00037756003,0.0020950136
5867,0.0010749527,0.00023305642,0.0022092147
5868,0.001564767,0.0008201875,0.0017964586
5869,0.0014118645,0.0005866916,0.001868515
5870,0.00069291267,5.4676882e-05,0.0026100946
5871,0.0008729336,0.00011899716,0.002270338
5872,0.0010866189,0.0002491351,0.0020062472
5873,0.00088729436,0.00012726785,0.0021742904
5874,0.0008662789,0.00011814244,0.0021524203
5875,0.0010147146,0.0002017319,0.0019489072
5876,0.0005449662,2.538805e-05,0.001266494
5877,0.00033742795,2.544384e-05,0.00032597524
5878,0.00058492494,3.257035e-05,0.0006781772
5879,0.00073945185,7.132962e-05,0.002432777
5880,0.0015752192,0.0008926814,0.001865787
5881,0.0013844843,0.0005840048,0.001971237
5882,0.0011270059,0.0002952542,0.0021533866
5883,0.00068394275,5.5779696e-05,0.002020179
5884,0.00080961187,9.829719e-05,0.0024424
5885,0.00083485263,0.000109327055,0.0023522957
5886,0.00058424735,3.3322456e-05,0.00076351664
5887,0.0004660175,9.0469235e-05,0.0004286042
5888,0.00082900206,0.000108998494,0.0009269805
5889,0.0021135856,0.0024235242,0.002131319
5890,0.0011672283,0.000347517,0.0024396132
5891,0.00086578506,0.00012968086,0.0011671203
5892,0.0011690276,0.00035747638,0.0018304347
5893,0.0014089862,0.00067259604,0.0015135548
5894,0.0010412743,0.00024763288,0.001641594
5895,0.0009134104,0.00016110817,0.0016493547
5896,0.00097354903,0.0002029762,0.0012675112
5897,0.0015245159,0.00093318784,0.0012664391
5898,0.0015033195,0.000912998,0.0010913206
5899,0.0011585251,0.00039152172,0.0011054501
5900,0.0009214007,0.0001850597,0.001129193
5901,0.0010291085,0.00027118647,0.0009919953
5902,0.0014067364,0.0007762053,0.00080034154
5903,0.0011873018,0.00044639278,0.0008367742
5904,0.0010479648,0.0002972521,0.00085818465
5905,0.001057237,0.00030888233,0.0008260929
5906,0.0010670993,0.00032132832,0.0007986264
5907,0.0010479495,0.0003049624,0.00078575517
5908,0.00046144618,0.00011602515,0.000468707
5909,0.0001991429,0.000111138266,0.00020167412
5910,0.0012337994,0.0005341955,0.00072235585
5911,0.0010305888,0.00029602917,0.0007650109
5912,0.0009634412,0.0002390316,0.0008064165
5913,0.00052963133,0.00024667793,0.00052344904
5914,0.00078224816,0.00027751067,0.0007797447
5915,0.000529737,0.00032164087,0.00052624615
5916,0.001678848,0.0018611188,0.0005685139
5917,0.00011877023,0.00010393298,0.0001158847
5918,1.3673678e-05,1.1781405e-05,1.3204408e-05
5919,0.00019233197,0.00016322368,0.00018401502
5920,0.00022264977,0.00018756054,0.00021170016
5921,0.00080703944,0.0006751497,0.0005950479
5922,0.001591956,0.0023894645,0.00064248126
5923,0.0011273862,0.0006493231,0.0010088279
5924,0.0010394512,0.0004400712,0.0011124492
5925,0.0011282169,0.0005458728,0.001040166
5926,0.0013848891,0.0010398468,0.00091631676
5927,0.00096019014,0.00030165448,0.001087918
5928,0.0009994652,0.00033885628,0.0010518974
5929,0.0009855706,0.000318963,0.0010503
5930,0.0007571688,0.00013079286,0.001034117
5931,0.00094226486,0.0002690458,0.0011026667
5932,0.0009909979,0.00031502589,0.0010630394
5933,0.0010663264,0.0003986228,0.0010169537
5934,0.00071870873,0.00010605091,0.00071326917
5935,0.00079247967,0.00014623803,0.0011935111
5936,0.0009920715,0.00030689136,0.0010889658
5937,0.0010621734,0.00038276502,0.0010395754
5938,0.0008715554,0.00019677475,0.001137429
5939,0.0005522034,9.826317e-05,0.00053426455
5940,0.00083570456,0.00027862872,0.00077757123
5941,0.0009455978,0.0002706202,0.0010453445
5942,0.0012025703,0.00060106796,0.0012010327
5943,0.00077245425,0.00018181746,0.0007366943
5944,0.0010168342,0.00034156351,0.0010743896
5945,0.00089932274,0.00022743284,0.0010166565
5946,0.0009312096,0.0002562758,0.0009138614
5947,0.001005807,0.00033241525,0.0008234129
5948,0.0009378494,0.00026407637,0.0008121657
5949,0.001080763,0.00042543522,0.0007508372
5950,0.0011091881,0.00046660696,0.0007444129
5951,0.0011417918,0.0005167471,0.0006883695
5952,0.00055452663,0.00016063382,0.0005501919
5953,0.00021116086,0.00018941541,0.00020433875
5954,0.00044167577,0.0002859402,0.00042911936
5955,0.0010158992,0.00039777605,0.00064741203
5956,0.0009347469,0.0003261062,0.00057131815
5957,0.00015835965,0.00014020041,0.00015808904
5958,0.00095259136,0.00034164215,0.00046379265
5959,0.00096978416,0.0003678045,0.00042117733
5960,0.0009694887,0.00037159593,0.0003946366
5961,0.0005123588,0.00034476895,0.00044252747
5962,0.0019918638,0.0039791274,0.00026434808
5963,0.001574141,0.0019262357,0.00027499764
5964,0.0019500628,0.0037979567,0.00022979753
5965,0.0016493077,0.0022501417,0.00024449715
5966,0.0016870825,0.0024217698,0.0002358758
5967,0.0014494726,0.0014892606,0.00025198696
5968,0.0011349849,0.0006703578,0.0002811356
5969,0.00094397087,0.00036589426,0.0003027526
5970,0.0010363348,0.00050181226,0.00028348103
5971,0.0017976544,0.0030076073,0.00021381128
5972,0.0015121034,0.0017284687,0.00023715374
5973,0.0009781308,0.00041322722,0.00029668122
5974,0.001432757,0.0014577357,0.00024338135
5975,0.0015591773,0.001914058,0.00023394961
5976,0.0016517212,0.0022938214,0.00022963378
5977,0.001781857,0.0028965448,0.00022468506
5978,0.0021349662,0.0049607586,0.00021010413
5979,0.00093585113,0.0003452031,0.00033608868
5980,0.0008798783,0.00028189787,0.00034585485
5981,0.0008490539,0.00025108733,0.00035459604
5982,0.0011513737,0.0006921835,0.0003031893
5983,0.00088405755,0.00028845383,0.00034759202
5984,0.0021569133,0.005076808,0.00022721877
5985,0.0014401509,0.0014170243,0.0002943968
5986,0.0009039159,0.0003045968,0.00038768206
5987,0.0010034222,0.00043397906,0.00040706398
5988,0.001180303,0.0007459559,0.00036695244
5989,0.001926552,0.0036008437,0.00028762556
5990,0.0011288734,0.0006389772,0.00037787462
5991,0.0013550651,0.0011681695,0.0003364967
5992,0.0016406432,0.00216808,0.00031080283
5993,0.00087850715,0.00027780788,0.00042359479
5994,0.000877895,0.00027796646,0.00041571292
5995,0.00051814254,0.00021664446,0.0004299989
5996,0.0007489646,0.00024919029,0.00042262062
5997,0.0009134765,0.00031952895,0.0003968255
5998,0.002046053,0.004321856,0.00026047023
5999,0.001807647,0.0029174795,0.00028563666
6000,0.0010467287,0.00049079163,0.00038324093
6001,0.0009838219,0.00040019024,0.00039203028
6002,0.0010494003,0.00049674767,0.00037726384
6003,0.00090620475,0.0003056465,0.00040973976
6004,0.00094870134,0.0003566049,0.00039747302
6005,0.0026978285,0.008740101,0.00023191981
6006,0.0015995079,0.0018980225,0.00033304605
6007,0.00092051155,0.0003071079,0.00044706115
6008,0.0012621956,0.00087725854,0.00039816488
6009,0.0024002208,0.0064705173,0.0002866871
6010,0.0020242732,0.003838265,0.00033435348
6011,0.0022188423,0.0049717515,0.00033119298
6012,0.00159965,0.0017719287,0.00041221976
6013,0.00096023653,0.0003288557,0.0005418202
6014,0.0022534404,0.005083016,0.00035140952
6015,0.0010431253,0.00042351268,0.0005489889
6016,0.0026086837,0.0075093913,0.00034504695
6017,0.0023164833,0.0052324515,0.0003986348
6018,0.0024808818,0.0062379157,0.0004074474
6019,0.0016052,0.0016055818,0.0005598728
6020,0.0027405396,0.007971747,0.0004326239
6021,0.002284623,0.004637863,0.000518388
6022,0.0018970394,0.0025813177,0.00059891265
6023,0.0011558124,0.00050923874,0.0007897755
6024,0.0007074694,9.915332e-05,0.0010319739
6025,0.003076179,0.009828694,0.00065067195
6026,0.002696981,0.007015526,0.00071883085
6027,0.0020239425,0.002915757,0.0008552157
6028,0.0012075705,0.0005375297,0.0011049792
6029,0.00079567387,0.00013341107,0.0011799614
6030,0.00101826,0.00030371523,0.0011699008
6031,0.0010327419,0.00031915965,0.0012219045
6032,0.0033510174,0.010913381,0.0006370811
6033,0.0021867123,0.0034798344,0.00086067436
6034,0.0013290704,0.0006905028,0.0011168305
6035,0.0012644276,0.0005855883,0.0011327657
6036,0.0010927765,0.00036163043,0.001276098
6037,0.00402994,0.011568818,0.0007306626
6038,0.0037534868,0.011487253,0.0007599796
6039,0.0035467988,0.0114588095,0.00081641116
6040,0.0032465605,0.009367628,0.0009165709
6041,0.0010637611,0.00027475512,0.0017120346
6042,0.0016680881,0.0012271961,0.0013240264
6043,0.0033390769,0.009794268,0.0009149936
6044,0.0038056225,0.012877019,0.00092793844
6045,0.004789288,0.015293571,0.00092453236
6046,0.0031076805,0.007176661,0.0013359353
6047,0.0016205141,0.0009284365,0.001960632
6048,0.00088191347,0.00012252045,0.0026288154
6049,0.001005074,0.00019075641,0.0024596355
6050,0.0018222971,0.0013844712,0.001790945
6051,0.0019970816,0.0018691894,0.0016980813
6052,0.0011959961,0.0003488916,0.0029193352
6053,0.0024157264,0.0034971777,0.0019981118
6054,0.002856432,0.005783122,0.0015868063
6055,0.0016902228,0.0011075124,0.0019120923
6056,0.00421524,0.012859671,0.0011034659
6057,0.0016527767,0.0009896508,0.0018723937
6058,0.0040074345,0.01298925,0.0011296057
6059,0.0040264213,0.012892756,0.0012327872
6060,0.0044829915,0.014679963,0.0012849249
6061,0.003851006,0.010839887,0.0015686542
6062,0.0054673078,0.017141998,0.0014151473
6063,0.0044463496,0.013953105,0.0018251856
6064,0.0027422237,0.0037372515,0.0026039316
6065,0.00454661,0.014162477,0.0020160468
6066,0.004232564,0.011761831,0.0023296203
6067,0.004177517,0.0111335805,0.0025396694
6068,0.0024559842,0.0023657535,0.003617045
6069,0.00298869,0.0043850113,0.0032104661
6070,0.0042768023,0.011545406,0.002681587
6071,0.0036731893,0.007692223,0.0031092544
6072,0.0034453205,0.006370757,0.0033380124
6073,0.004507634,0.012533616,0.0029588966
6074,0.0029802273,0.0039999955,0.0039178138
6075,0.0037045253,0.0075290473,0.0034727617
6076,0.003273499,0.0052519836,0.0037776504
6077,0.0013598051,0.0003033215,0.005759582
6078,0.0014201031,0.00035493076,0.0053038523
6079,0.0022278766,0.0016030251,0.004038157
6080,0.0017503991,0.0007298199,0.0043877345
6081,0.0026922745,0.003005571,0.003403337
6082,0.004354193,0.011608461,0.0026313316
6083,0.0013416045,0.00029623377,0.0050051515
6084,0.00074260694,4.1258205e-05,0.0043500112
6085,0.00087067724,7.169888e-05,0.004135012
6086,0.001020476,0.00012295532,0.0053264233
6087,0.001856906,0.0009219095,0.00473767
6088,0.0018884842,0.00098486,0.004497621
6089,0.0013795977,0.00034915868,0.0050436878
6090,0.0017512531,0.00078396744,0.004424524
6091,0.0014231682,0.0003961681,0.004674049
6092,0.002582141,0.0028363618,0.0033608251
6093,0.0014975276,0.0004768726,0.0043431553
6094,0.0017023886,0.00073899823,0.0039207777
6095,0.001904645,0.0010828977,0.00357146
6096,0.0011543795,0.00020551094,0.004418515
6097,0.0013995988,0.0003957491,0.003881067
6098,0.0013996662,0.00039979344,0.0037398115
6099,0.0018179038,0.00096464535,0.003166269
6100,0.0040310305,0.010693745,0.0020642504
6101,0.0035443539,0.007526317,0.002367676
6102,0.0022638396,0.0019109305,0.0030788695
6103,0.0025868283,0.0029463845,0.0028263743
6104,0.0017674426,0.0008573363,0.0033835582
6105,0.0013313006,0.00033785758,0.00413542
6106,0.0052637802,0.018201334,0.0019906997
6107,0.0046527213,0.014029231,0.0024407068
6108,0.0023716814,0.002072305,0.003758103
6109,0.0015410966,0.0005034418,0.004519916
6110,0.0021337934,0.0014972349,0.0037081311
6111,0.0022025348,0.0016780567,0.003657082
6112,0.0013634486,0.00034457282,0.0044825436
6113,0.0012081603,0.0002321707,0.004536182
6114,0.0009747976,0.0001143201,0.0049081175
6115,0.0023490156,0.0021459125,0.0030432874
6116,0.00303176,0.004776113,0.0026342024
6117,0.0031545772,0.00535587,0.0026084913
6118,0.003031351,0.0047420585,0.002712728
6119,0.0023817155,0.0022363283,0.0030852207
6120,0.0033814332,0.00653111,0.0025455735
6121,0.0015263218,0.0005150733,0.003865248
6122,0.0031111839,0.0051434166,0.0026166379
6123,0.0033579806,0.0063881106,0.0025494734
6124,0.0032478322,0.005767096,0.0026545238
6125,0.0026832698,0.003231298,0.0030258095
6126,0.0016206632,0.00062707864,0.0038414344
6127,0.0016600613,0.00068686105,0.0037034815
6128,0.0020916632,0.0014934572,0.003386034
6129,0.0033503743,0.0064674607,0.0026095056
6130,0.002525727,0.0027397287,0.003078525
6131,0.0019426155,0.0011764112,0.0034591148
6132,0.0026967234,0.0034111629,0.0029004326
6133,0.0037726997,0.008961235,0.002445606
6134,0.005342869,0.018416395,0.002139157
6135,0.0041983286,0.01103169,0.0027529916
6136,0.0022201769,0.0016671275,0.004001414
6137,0.0030148013,0.0044163265,0.0033344626
6138,0.0026697777,0.003041094,0.0035711522
6139,0.0023430688,0.0020163644,0.003745329
6140,0.0018267359,0.0008985584,0.004120439
6141,0.0013606307,0.00033980963,0.0045842137
6142,0.0015180795,0.0004962913,0.004304749
6143,0.0010593288,0.00015023201,0.004894587
6144,0.00092173595,9.514056e-05,0.0049735997
6145,0.0021675334,0.0016627621,0.0032317839
6146,0.0027562298,0.0036006127,0.0028060894
6147,0.0021226523,0.0015700667,0.0031866808
6148,0.0011123742,0.00018541251,0.004820366
6149,0.00097439485,0.00012061655,0.0053730044
6150,0.0016001686,0.00064101367,0.0041319123
6151,0.0018718884,0.0010885091,0.003683503
6152,0.0035326967,0.0077853515,0.0026331088
6153,0.0035707199,0.007908673,0.002716237
6154,0.004038294,0.0106727015,0.0026447598
6155,0.0050621107,0.016822806,0.0024975766
6156,0.0035037869,0.0069583408,0.0033653579
6157,0.00412985,0.010580613,0.0031565244
6158,0.004027114,0.009779452,0.0033565233
6159,0.0018324158,0.00086684286,0.00512851
6160,0.0017916457,0.00081348675,0.0049477876
6161,0.0012024898,0.0002167999,0.0057209423
6162,0.00102475,0.00012845005,0.00610231
6163,0.0027263947,0.0032851826,0.0035845614
6164,0.0026101086,0.0028792494,0.0036694454
6165,0.002526013,0.002609348,0.003660467
6166,0.0018598734,0.0009690515,0.00418435
6167,0.0010866103,0.0001624215,0.0052045886
6168,0.0011958361,0.0002261957,0.0047335713
6169,0.0014988083,0.00048671046,0.0040458157
6170,0.00115279,0.0002041652,0.0044097756
6171,0.00062994333,2.7248854e-05,0.0045042145
6172,0.0010126706,0.00013453914,0.004359011
6173,0.0020532722,0.0014336125,0.0029767093
6174,0.001992986,0.0013114507,0.002955039
6175,0.0009177492,9.9429315e-05,0.0042030183
6176,0.0016415326,0.00070242037,0.003061411
6177,0.0014547462,0.00047407983,0.003158152
6178,0.0016646857,0.00075024395,0.0028670628
6179,0.0016932049,0.00080135086,0.0027710595
6180,0.0018447265,0.0010744116,0.0026017465
6181,0.001973953,0.0013543181,0.0024660763
6182,0.0009351363,0.000113039576,0.0034911765
6183,0.0011207046,0.00020993227,0.0033771044
6184,0.0007566573,5.6798977e-05,0.003937566
6185,0.0007444367,5.418095e-05,0.0038148928
6186,0.001008177,0.00015068644,0.0031684937
6187,0.0011929264,0.0002673563,0.0029174418
6188,0.0016373354,0.00077647716,0.002451818
6189,0.0017041917,0.00089586666,0.0024391958
6190,0.0018595491,0.0012047717,0.0022905027
6191,0.0011988056,0.00028179085,0.0028004851
6192,0.0008351808,8.5410255e-05,0.0038638678
6193,0.0010331601,0.00017532491,0.0033554346
6194,0.0012066809,0.00029713186,0.0030280568
6195,0.0014888927,0.0006041325,0.0026518232
6196,0.002155886,0.0020547824,0.0021562697
6197,0.0022348883,0.0023157226,0.0021049138
6198,0.0023901141,0.0028742403,0.0020284664
6199,0.0017683638,0.0010872337,0.0023624497
6200,0.0019186676,0.0014309194,0.002231724
6201,0.0014323639,0.0005477164,0.0025471353
6202,0.001280569,0.00037979445,0.002630323
6203,0.0005313191,2.0171616e-05,0.0024677354
6204,0.0016725373,0.0009343654,0.002193892
6205,0.0015293284,0.00069952867,0.0022569904
6206,0.0018167365,0.0012450077,0.0020343557
6207,0.001811268,0.0012406636,0.002013889
6208,0.00053738285,2.1641796e-05,0.0027931354
6209,0.0007402504,6.35612e-05,0.0031470305
6210,0.0010116079,0.00018185428,0.0026190022
6211,0.0017867276,0.0012164859,0.0019279384
6212,0.0015425791,0.0007535683,0.0020523197
6213,0.0019269305,0.0015776491,0.0018087366
6214,0.0008104056,8.882432e-05,0.0027596017
6215,0.0006081992,3.4244724e-05,0.0031368174
6216,0.00078107195,7.992215e-05,0.0030426867
6217,0.0015527083,0.00079734257,0.0021097064
6218,0.0011822857,0.000323615,0.0023774572
6219,0.0011704053,0.00031486698,0.0023382246
6220,0.0010060761,0.00019102824,0.0024648933
6221,0.0009896425,0.00018187298,0.002426745
6222,0.00088055234,0.00012376567,0.002509684
6223,0.0008843399,0.0001262714,0.0024451606
6224,0.0010168809,0.00020289878,0.0022868887
6225,0.0014363561,0.0006464653,0.0018877117
6226,0.0015340036,0.0008091168,0.0018020014
6227,0.0012037695,0.00036327873,0.0020085282
6228,0.00062563515,4.1141397e-05,0.002953356
6229,0.0013320922,0.00051776046,0.0021008586
6230,0.0015378796,0.0008383664,0.0019269913
6231,0.0008970511,0.00013946231,0.0024849784
6232,0.0011840742,0.00035441245,0.002120376
6233,0.0008739402,0.0001290135,0.0024185416
6234,0.00094262883,0.00016691451,0.0022793533
6235,0.0010604014,0.0002486429,0.0021075027
6236,0.00057278015,3.186429e-05,0.0022854246
6237,0.0008128272,0.00010298516,0.0023062117
6238,0.0014880993,0.00077874225,0.0016790435
6239,0.0005693643,3.1636384e-05,0.0023259989
6240,0.00059234543,3.6221747e-05,0.0025554777
6241,0.00048348852,1.8454299e-05,0.0010766736
6242,0.00085121964,0.00012269193,0.0021642845
6243,0.00097373564,0.00019325934,0.0019890072
6244,0.0007598123,8.469898e-05,0.0022068596
6245,0.00051881286,2.3768318e-05,0.0014883848
6246,0.0005164597,2.3464052e-05,0.0014712111
6247,0.001015169,0.00022534652,0.0018497006
6248,0.0009324857,0.00017048506,0.0018998915
6249,0.0009075128,0.00015644725,0.0018929818
6250,0.00080849114,0.00010711554,0.0020908609
6251,0.0010920021,0.00029381717,0.0017702255
6252,0.000987839,0.00021116287,0.0018342718
6253,0.00083668256,0.000121721685,0.0019600075
6254,0.0007355779,7.944939e-05,0.002051469
6255,0.0005237467,2.5636855e-05,0.0014362634
6256,0.00051648775,2.4537216e-05,0.0012740486
6257,0.0006000111,4.060429e-05,0.0022606354
6258,0.0004473153,1.9653144e-05,0.00043378887
6259,0.0006628941,5.7160778e-05,0.0023938075
6260,0.0011444861,0.00035559488,0.0018413594
6261,0.0010230043,0.00024501042,0.0019253974
6262,0.0007303403,7.957357e-05,0.0022421798
6263,0.000619954,4.608081e-05,0.0019257362
6264,0.0006900946,6.598463e-05,0.002230861
6265,0.00064903474,5.384319e-05,0.0022563569
6266,0.0007170805,7.52675e-05,0.0021083532
6267,0.0005346049,2.8279426e-05,0.0008951286
6268,0.0008063796,0.00011173472,0.0019475205
6269,0.0007824131,0.0001012961,0.0019452288
6270,0.00085591874,0.0001371638,0.001831412
6271,0.0007972613,0.00010852697,0.0018684824
6272,0.00075506186,9.080338e-05,0.001907038
6273,0.0007905739,0.000106235406,0.0018500424
6274,0.0009458907,0.00019437492,0.0017155029
6275,0.00080434605,0.00011340236,0.0018346338
6276,0.00075888407,9.361915e-05,0.0018623393
6277,0.0009293406,0.00018483539,0.0016599514
6278,0.00092202803,0.0001806325,0.0016456868
6279,0.0006832748,6.654907e-05,0.001883256
6280,0.0007070562,7.480929e-05,0.0018247988
6281,0.00068692135,6.8111796e-05,0.0018222911
6282,0.00078530714,0.00010684987,0.0016797102
6283,0.0005345114,2.9642524e-05,0.0010674188
6284,0.00053282303,2.9376268e-05,0.0010559891
6285,0.0005783026,3.8675054e-05,0.0017182025
6286,0.00055067614,3.2919677e-05,0.0013548493
6287,0.00049342634,2.2866141e-05,0.00050953217
6288,0.00053897995,3.073734e-05,0.0012212766
6289,0.00050039764,2.4035431e-05,0.00064646744
6290,0.00052697887,2.8622326e-05,0.0009999379
6291,0.0007692352,0.00010143927,0.0015969605
6292,0.0005044302,2.4858597e-05,0.00069715583
6293,0.00015384585,2.5192501e-05,0.00014915667
6294,0.0005023765,2.8927472e-05,0.0004870675
6295,0.00026295384,2.620174e-05,0.00025480357
6296,0.00030587305,2.9658555e-05,0.0002947424
6297,0.00068277214,6.8426874e-05,0.0018033976
6298,0.00082798343,0.00013013832,0.0019918273
6299,0.0008876204,0.00016388582,0.0019053728
6300,0.00076085096,9.77682e-05,0.002035504
6301,0.0006572756,5.9862607e-05,0.0015747927
6302,0.00081921316,0.00012476086,0.0019254966
6303,0.0007003113,7.3821975e-05,0.0020555137
6304,0.0005712592,3.7357702e-05,0.00061046646
6305,0.00035825037,3.412455e-05,0.0003440776
6306,0.0006260871,5.0440252e-05,0.0012508489
6307,0.0008871817,0.00016146687,0.001851168
6308,0.0007408672,8.840674e-05,0.0020003181
6309,0.000891897,0.00016439063,0.0018015832
6310,0.00056833855,3.648465e-05,0.000643763
6311,0.0003436059,4.0500483e-05,0.0003274097
6312,0.00064037525,5.41703e-05,0.00096174295
6313,0.0006668819,6.173599e-05,0.0012562618
6314,0.00077528827,0.00010167013,0.002206619
6315,0.0008357415,0.00013029536,0.002099733
6316,0.00062093843,4.816043e-05,0.0008322904
6317,0.00017748581,3.9993116e-05,0.00016863714
6318,2.2352324e-05,2.1576074e-05,2.1231826e-05
6319,0.00039253445,6.2680054e-05,0.00036676624
6320,0.0010037497,0.00023272265,0.002481197
6321,0.0010211094,0.0002440734,0.0023466132
6322,0.000751235,8.689716e-05,0.0012173265
6323,0.0009260919,0.00017392603,0.00235058
6324,0.0008167016,0.0001137954,0.0018684944
6325,0.00077233504,9.409868e-05,0.0015090909
6326,0.0010214745,0.0002402115,0.0023135697
6327,0.0010849976,0.00029310875,0.0021063087
6328,0.0007831609,9.8471784e-05,0.0012634727
6329,0.00032210042,6.811387e-05,0.0003069418
6330,0.00077503925,9.488898e-05,0.00081548165
6331,0.00083914306,0.00012381113,0.0014376997
6332,0.000960574,0.00019492484,0.0019439007
6333,0.001592521,0.0010548272,0.0015436014
6334,0.0011274401,0.00033669762,0.001703365
6335,0.001506641,0.0008875068,0.0013837087
6336,0.0015054487,0.0008892281,0.0013269994
6337,0.001561615,0.0010076811,0.0012604488
6338,0.0008166135,0.00011667967,0.001357419
6339,0.0011347334,0.00035166883,0.0013983286
6340,0.0008815725,0.00015199734,0.0015440738
6341,0.0007898467,0.00010569939,0.0012372197
6342,0.0012619745,0.0005083467,0.0012814933
6343,0.0014221754,0.000759623,0.0011765892
6344,0.001684012,0.0013303234,0.0010607108
6345,0.0011429434,0.00036975514,0.0012763116
6346,0.0013321721,0.0006185505,0.0011598881
6347,0.0011639508,0.00039641006,0.0012237582
6348,0.0008013265,0.000114387374,0.0014502185
6349,0.0008270638,0.00012842925,0.0010580881
6350,0.0013938117,0.0007358633,0.0011764376
6351,0.0009905294,0.00023724232,0.0013365835
6352,0.0013668007,0.0006972394,0.0010924924
6353,0.0010622675,0.00030283618,0.0012047429
6354,0.0015292722,0.0010224838,0.0010151471
6355,0.00095152773,0.0002123453,0.001279211
6356,0.0013203569,0.00063648203,0.0010390311
6357,0.0018736447,0.0020124225,0.00084466586
6358,0.0014753403,0.0009241772,0.00094437756
6359,0.00091320043,0.00018808646,0.0011793763
6360,0.0014157718,0.00081769505,0.0010283001
6361,0.0019289852,0.0022538644,0.00082944595
6362,0.0010149846,0.00027250638,0.0011142881
6363,0.0008841153,0.00017296396,0.0011497756
6364,0.0020374542,0.0027163827,0.00075217715
6365,0.0021859028,0.003375167,0.0007144018
6366,0.0015780623,0.0011852315,0.0008433078
6367,0.0011993478,0.00048026192,0.0009505007
6368,0.0020086581,0.002602161,0.00072007114
6369,0.0012717156,0.000585509,0.0009226297
6370,0.00097173336,0.00024022993,0.0010493562
6371,0.0024467898,0.004808263,0.00069387234
6372,0.0011346379,0.00040119077,0.0010234095
6373,0.001623724,0.0013227289,0.00085611973
6374,0.0011725343,0.00045359653,0.0009677224
6375,0.001891094,0.0021885983,0.00072994654
6376,0.0016548072,0.0014233589,0.00077124103
6377,0.0014216679,0.00086757215,0.0008199139
6378,0.003517782,0.011188018,0.0005155716
6379,0.0031011896,0.008983696,0.0006076659
6380,0.0022300235,0.0034074523,0.0007781815
6381,0.002488563,0.004716074,0.0007495519
6382,0.0019065562,0.0020410551,0.000888987
6383,0.0011286365,0.00036327564,0.0011642864
6384,0.0034031023,0.010856864,0.0006881375
6385,0.0029645767,0.007396865,0.00083943695
6386,0.0025370962,0.0046431855,0.00096581026
6387,0.0029618582,0.0071389433,0.00092005247
6388,0.0031202086,0.008039649,0.00095053104
6389,0.0024092167,0.0037325385,0.0011634395
6390,0.0031580755,0.0080555305,0.001036749
6391,0.0027307665,0.0052470453,0.0011979404
6392,0.0015392416,0.0008409536,0.0016636091
6393,0.0022471712,0.0028776377,0.0013624978
6394,0.0015272971,0.0008202559,0.0016774089
6395,0.00085360085,0.00011829809,0.002253675
6396,0.0011874401,0.00035856102,0.0019306149
6397,0.0021317883,0.002461499,0.0014173946
6398,0.0009799645,0.00018907023,0.002106105
6399,0.0018031612,0.0014379402,0.0015258302
6400,0.0010168613,0.00021521171,0.002024721
6401,0.001467786,0.000734894,0.0016647457
6402,0.0036916216,0.011682657,0.001055592
6403,0.0027870496,0.0053989477,0.0013586626
6404,0.002286953,0.0029280349,0.0015634265
6405,0.003509136,0.009894394,0.0012732022
6406,0.0032636905,0.007997876,0.0014390956
6407,0.0016180816,0.0008949976,0.002182842
6408,0.0012671913,0.00039884655,0.0024290166
6409,0.00067858346,4.9634535e-05,0.001952592
6410,0.0011564225,0.00029633805,0.0024828142
6411,0.0018892743,0.0015161121,0.0019069
6412,0.0011071268,0.0002583205,0.0024709757
6413,0.00089394517,0.0001269314,0.0026850882
6414,0.000792367,8.520877e-05,0.0028042481
6415,0.0011126533,0.0002665098,0.0023114188
6416,0.00083231734,0.00010152008,0.0026568638
6417,0.000928886,0.00014734588,0.002493707
6418,0.0015767453,0.0008650371,0.0018798128
6419,0.0033114096,0.008501507,0.0012782487
6420,0.0018103512,0.0013320586,0.0018754693
6421,0.0015168489,0.0007463236,0.0020348502
6422,0.0022824395,0.0028307913,0.0016368022
6423,0.0016996171,0.0010909559,0.0019169986
6424,0.0021753325,0.0024388751,0.0016791142
6425,0.0018988916,0.0015755715,0.001818366
6426,0.0031897412,0.007627055,0.001393746
6427,0.0030709503,0.0067496737,0.0015064477
6428,0.0028312146,0.005273857,0.0016474323
6429,0.0026339875,0.004214887,0.0017646577
6430,0.002612573,0.0040882234,0.0018090239
6431,0.0029445246,0.00578775,0.0017349094
6432,0.0014614954,0.00061639416,0.0025485612
6433,0.0018779702,0.0014193583,0.0022055055
6434,0.0029231866,0.0056569506,0.0017481437
6435,0.0015032247,0.0006759541,0.0025182744
6436,0.0021608202,0.0022316882,0.002061841
6437,0.0011156161,0.00025197264,0.0028514415
6438,0.00096140057,0.00015409647,0.0029828586
6439,0.00091681734,0.00013224676,0.0029740685
6440,0.001358426,0.00049538,0.0023834582
6441,0.001885229,0.0014733558,0.0019854556
6442,0.002409929,0.0032433218,0.0017556355
6443,0.0018378936,0.0013606928,0.0020330583
6444,0.0011745364,0.00030950143,0.0025123423
6445,0.0014363667,0.00060966954,0.002226657
6446,0.0015156484,0.0007335655,0.0021301946
6447,0.0008489216,0.00010648777,0.0027850734
6448,0.001732582,0.0011548897,0.0019177955
6449,0.002288895,0.0028496138,0.001651694
6450,0.002146207,0.0023243788,0.0017193435
6451,0.0045864875,0.01708533,0.001166855
6452,0.0027925512,0.0049449727,0.0017320461
6453,0.0028990826,0.0054805814,0.0017405917
6454,0.002472071,0.0033685272,0.0019406206
6455,0.0017095333,0.0010272387,0.0023507837
6456,0.0026666017,0.004268792,0.0018719058
6457,0.0036018325,0.009781815,0.0016319214
6458,0.003676806,0.010088706,0.0017237066
6459,0.0030844582,0.006203548,0.0020167094
6460,0.0011112995,0.0002293408,0.0034391256
6461,0.0034447042,0.008357359,0.001899924
6462,0.0021403187,0.0019856931,0.0025326917
6463,0.0031722828,0.0066116583,0.0020555058
6464,0.00266602,0.003934538,0.002315228
6465,0.0017733801,0.0010660696,0.0028538022
6466,0.0020712207,0.0017846595,0.0025955571
6467,0.00042869413,9.416582e-06,0.0022283404
6468,0.00060663896,3.0166775e-05,0.004731695
6469,0.00089326827,0.00011089505,0.0038643908
6470,0.00054932246,2.1979089e-05,0.0037567227
6471,0.0004810468,1.422573e-05,0.0022967944
6472,0.0008842164,0.00010968742,0.0042445906
6473,0.00091766723,0.00012507002,0.0041310755
6474,0.0008006811,7.9642596e-05,0.0042386325
6475,0.0013796606,0.0004958237,0.0033304933
6476,0.0010893563,0.00022634248,0.0036282546
6477,0.0012319591,0.00034344645,0.003304932
6478,0.0011954235,0.00031238468,0.0032544858
6479,0.0013805827,0.00050832983,0.0029451612
6480,0.0012315238,0.00034944707,0.0030670036
6481,0.0022282456,0.0024723057,0.002233158
6482,0.0015879599,0.0008217954,0.0027096535
6483,0.0013408947,0.00047090056,0.0028891591
6484,0.0031866932,0.0072906655,0.0019150706
6485,0.0037180604,0.010658409,0.0018782583
6486,0.0033271897,0.007845699,0.0021437663
6487,0.0031050222,0.006383664,0.0023260324
6488,0.0007715418,6.8183654e-05,0.004722718
6489,0.0012714459,0.0003656897,0.0037146844
6490,0.0027372176,0.0044199647,0.0024635864
6491,0.002862043,0.0050189327,0.0024413916
6492,0.0020561083,0.0017777545,0.0029302004
6493,0.0007024146,4.997674e-05,0.004797066
6494,0.0008236637,8.564203e-05,0.004426829
6495,0.0012803636,0.00037762593,0.0035517851
6496,0.0011094698,0.0002353192,0.00369208
6497,0.0015179792,0.00067495846,0.003118271
6498,0.0017958491,0.0011873113,0.002970021
6499,0.0017902912,0.0011804857,0.0029318533
6500,0.003297325,0.0077299313,0.002153257
6501,0.0013818933,0.0004920534,0.0034703708
6502,0.0024193737,0.003079034,0.002567327
6503,0.00089167384,0.00011410839,0.0041753417
6504,0.0012223158,0.00032964392,0.0034469184
6505,0.0006126187,3.2914595e-05,0.003375969
6506,0.0009444092,0.00014082974,0.0039724256
6507,0.001202597,0.00031780184,0.0034332706
6508,0.0017258483,0.0010630218,0.0028276984
6509,0.0014039493,0.0005385089,0.0030715468
6510,0.0010576765,0.00021014386,0.003434817
6511,0.00071799604,5.7868605e-05,0.0041504665
6512,0.002591947,0.0039758757,0.0021347706
6513,0.0030855453,0.006583738,0.001982707
6514,0.002738616,0.0046006166,0.0021885852
6515,0.0033340442,0.007973387,0.002018251
6516,0.0027971352,0.004774329,0.002316777
6517,0.0029990016,0.0058116945,0.0022762113
6518,0.001897667,0.0013826274,0.0029610281
6519,0.0013873895,0.0004928253,0.003410592
6520,0.0014456256,0.0005689174,0.0032470264
6521,0.0017437107,0.0010669179,0.0029229373
6522,0.0011252452,0.00024954905,0.00354276
6523,0.0020717755,0.0018955198,0.0025572276
6524,0.00096530974,0.00015088226,0.0036726932
6525,0.0005245757,1.9748128e-05,0.0026699782
6526,0.0019524224,0.0015924511,0.002814266
6527,0.002183747,0.0022904244,0.002628952
6528,0.0024148617,0.0031473269,0.0024881111
6529,0.0021085923,0.0020432097,0.002671342
6530,0.001782999,0.0011858076,0.0028785765
6531,0.00074943464,6.609988e-05,0.0043239966
6532,0.0018457161,0.0013416468,0.0027883588
6533,0.0018405097,0.0013338609,0.002752466
6534,0.0022123172,0.0024256872,0.0024759336
6535,0.0025638705,0.0038433615,0.002293803
6536,0.0017998082,0.0012381756,0.0027652015
6537,0.0021054132,0.0020697636,0.002524774
6538,0.0019966138,0.0017473483,0.0025780164
6539,0.0017300643,0.0010971325,0.002739001
6540,0.000979989,0.00016605658,0.0036259666
6541,0.0015379392,0.00075419876,0.0030591094
6542,0.00309361,0.0067864205,0.002179795
6543,0.0033060638,0.007996862,0.0021962677
6544,0.0027064176,0.004443429,0.0025556027
6545,0.0018190321,0.0012522339,0.0031576771
6546,0.0013538564,0.00047210796,0.0035770282
6547,0.0011960665,0.00031377646,0.0037306773
6548,0.0020080204,0.001751377,0.0028049054
6549,0.0011132864,0.00024863548,0.0036936451
6550,0.002634721,0.0041445987,0.0023402714
6551,0.0026651747,0.004268308,0.002356606
6552,0.0023675736,0.0029508842,0.002566224
6553,0.0020119771,0.0017538397,0.0027820156
6554,0.001661424,0.000939634,0.003018926
6555,0.000995923,0.00017161615,0.003901904
6556,0.00051904994,1.9578873e-05,0.002259743
6557,0.00048387906,1.5491183e-05,0.0016917926
6558,0.0005491176,2.3608127e-05,0.0026791526
6559,0.00054343883,2.2810545e-05,0.0026288193
6560,0.00060450844,3.2578773e-05,0.0034839155
6561,0.002501552,0.003563875,0.0023692434
6562,0.0024022388,0.0031323375,0.002437259
6563,0.001676672,0.0009793261,0.0029214274
6564,0.0029853221,0.0060156863,0.0021487854
6565,0.0011160066,0.00025018654,0.003595834
6566,0.001216324,0.00033551228,0.0033370864
6567,0.0017630449,0.0011585213,0.0027015642
6568,0.00072491984,6.0014772e-05,0.0040803137
6569,0.00043555073,1.0996569e-05,0.0014852921
6570,0.00045923222,1.315909e-05,0.0017284774
6571,0.0010752329,0.00022654003,0.0032714063
6572,0.0018029009,0.0012706612,0.0024647221
6573,0.0012593775,0.00038846608,0.0028985057
6574,0.00096557866,0.00016073676,0.0032136186
6575,0.0017446281,0.0011594838,0.0023339756
6576,0.0020250357,0.0018941935,0.0021377185
6577,0.0010510768,0.00021661287,0.0029339767
6578,0.0015338516,0.0007688723,0.0023725017
6579,0.0016616425,0.0010079052,0.0022409789
6580,0.0016184303,0.00092918077,0.0022383197
6581,0.0018485507,0.0014462054,0.0020645552
6582,0.0017164614,0.001139594,0.0021231717
6583,0.0015887886,0.00088794914,0.0021798515
6584,0.0015956992,0.0009060355,0.0021437097
6585,0.0015802205,0.0008823882,0.0021240164
6586,0.0012642555,0.0004230084,0.0023586885
6587,0.0013937938,0.0005891737,0.002209756
6588,0.0010750227,0.00024917664,0.002467502
6589,0.001242302,0.00040639966,0.0022476455
6590,0.001311019,0.0004893376,0.0021476052
6591,0.0014217504,0.0006448575,0.0020277717
6592,0.0009613811,0.0001757276,0.0024211651
6593,0.0009304419,0.0001584051,0.00240538
6594,0.00074978615,7.736291e-05,0.0026123982
6595,0.00075362035,7.908545e-05,0.0025411646
6596,0.00053785084,2.5744894e-05,0.002919117
6597,0.00045910067,1.5240764e-05,0.002826287
6598,0.0006847115,5.8123464e-05,0.0024549258
6599,0.00050249486,2.0775797e-05,0.002784202
6600,0.0009879039,0.00019988287,0.0019524152
6601,0.0011511501,0.00033525823,0.0017782978
6602,0.0009427745,0.00017305343,0.0019325636
6603,0.0011790155,0.0003675327,0.001699883
6604,0.0005243425,2.4642184e-05,0.0024919081
6605,0.00082382583,0.000112193324,0.002018589
6606,0.0005651576,3.200016e-05,0.0023799606
6607,0.0005834746,3.574604e-05,0.0022895427
6608,0.00051032106,2.295189e-05,0.0023894904
6609,0.0005035935,2.2051445e-05,0.0023659817
6610,0.00083756197,0.000121190715,0.0018031062
6611,0.00047083176,1.7782255e-05,0.0023484433
6612,0.00041309415,1.1537802e-05,0.0020540915
6613,0.0007255856,7.599753e-05,0.0018599039
6614,0.00085019803,0.00012975554,0.0016901484
6615,0.0009578974,0.00019440404,0.0015685029
6616,0.0007579567,8.936219e-05,0.0017356306
6617,0.0006217771,4.632581e-05,0.0018813399
6618,0.00056312757,3.34199e-05,0.0019390613
6619,0.0008947964,0.00015779147,0.0015155165
6620,0.0008232366,0.000120065735,0.0015574015
6621,0.0005751778,3.6408437e-05,0.0018306234
6622,0.00075873896,9.2261136e-05,0.0015696519
6623,0.00039085338,1.0124861e-05,0.0016998262
6624,0.00048409714,2.0744714e-05,0.001931079
6625,0.00044533657,1.576137e-05,0.0019738635
6626,0.00048156545,2.0653944e-05,0.002111989
6627,0.00071993686,7.9380225e-05,0.0017005578
6628,0.0005365127,2.9857625e-05,0.001944106
6629,0.00040516932,1.1743426e-05,0.0012299466
6630,0.00040730846,1.1978243e-05,0.0012883676
6631,0.00037630997,9.22205e-06,0.00063236745
6632,0.0009693529,0.00021833651,0.0014730626
6633,0.0009029904,0.00017311647,0.0015078073
6634,0.00057593145,3.869086e-05,0.0018570034
6635,0.00045102605,1.7169868e-05,0.0019009842
6636,0.00066408963,6.278237e-05,0.0017457653
6637,0.00071021565,7.886669e-05,0.0016625684
6638,0.00064355467,5.698099e-05,0.0017361427
6639,0.00046587337,1.9444411e-05,0.0019464557
6640,0.00068132346,6.937292e-05,0.0016317026
6641,0.00093396055,0.00019986571,0.0013771167
6642,0.00075430825,9.846181e-05,0.0015605419
6643,0.0005137713,2.740487e-05,0.0018588515
6644,0.00042215252,1.4272599e-05,0.0010570254
6645,0.00044497737,1.7185044e-05,0.00054150505
6646,0.0002773132,1.6035947e-05,0.00026675756
6647,0.0005010626,2.5569916e-05,0.0009450589
6648,0.00061376876,5.0355142e-05,0.0021619855
6649,0.0005803969,4.161217e-05,0.0017682678
6650,0.00067142484,6.7440065e-05,0.0022344748
6651,0.000661015,6.384883e-05,0.0022240127
6652,0.0007086027,8.0383026e-05,0.0021221354
6653,0.00055432034,3.5342906e-05,0.0015450538
6654,0.00057751004,4.0512346e-05,0.0016688153
6655,0.00051395065,2.7364162e-05,0.00078739703
6656,0.00052011415,2.8470075e-05,0.00049261353
6657,0.0006510418,5.979147e-05,0.0022134315
6658,0.0007521358,9.6337484e-05,0.0022940845
6659,0.00078100385,0.000108823646,0.0022296365
6660,0.0007062983,7.750742e-05,0.0023176796
6661,0.00068065006,6.829195e-05,0.0023306948
6662,0.00080037164,0.00011709211,0.0021246844
6663,0.0007834188,0.00010884631,0.0021223056
6664,0.0005518708,3.3721448e-05,0.0012145787
6665,0.000757957,9.730906e-05,0.0022247422
6666,0.0008860934,0.00016367834,0.0020377615
6667,0.0007640686,9.960517e-05,0.0021691078
6668,0.0005596278,3.5140947e-05,0.0012099606
6669,0.0006361904,5.3868833e-05,0.0020239886
6670,0.0005215281,2.7663222e-05,0.0005417424
6671,0.0005744201,3.81348e-05,0.0010040066
6672,0.0005370371,3.0278907e-05,0.0005302541
6673,0.0007392692,8.8238645e-05,0.0020588425
6674,0.00077935815,0.00010366032,0.0024753057
6675,0.0006561629,5.754289e-05,0.0012854548
6676,0.0007027821,7.162611e-05,0.0015743097
6677,0.00078198535,0.00010082827,0.0023471396
6678,0.0008146524,0.00011413463,0.0026426304
6679,0.00069642934,6.677166e-05,0.001571159
6680,0.00054222264,3.9481612e-05,0.0005071133
6681,0.00107193,0.00027727665,0.0028781523
6682,0.0008226407,0.00011289168,0.0023694932
6683,0.0009255706,0.00016524628,0.0030442018
6684,0.0016504852,0.001122054,0.0022480115
6685,0.0011175609,0.0003048277,0.002712719
6686,0.0006999653,6.337881e-05,0.001473105
6687,0.00045507893,4.0357983e-05,0.0004264242
6688,0.0007199603,6.853405e-05,0.0015671547
6689,0.0010091627,0.0002117947,0.0032967809
6690,0.0012735816,0.00045571837,0.0027917207
6691,0.0007629354,8.1605634e-05,0.0015488815
6692,0.0012553592,0.000428421,0.002652491
6693,0.00085784536,0.00011958638,0.0025001657
6694,0.0008925246,0.00013612238,0.002836623
6695,0.00086800475,0.00012391433,0.0026025227
6696,0.0013473191,0.00053834775,0.0023665824
6697,0.00082101504,0.000102808044,0.0022086627
6698,0.001167704,0.00033366613,0.0024198391
6699,0.0008384182,0.00011029451,0.0024562737
6700,0.0009792427,0.00018551595,0.0025099514
6701,0.0008745558,0.00012744722,0.0026521091
6702,0.0007718014,8.3987776e-05,0.0018555337
6703,0.0012452825,0.00041614255,0.0021292204
6704,0.0014941203,0.000764933,0.0019093922
6705,0.0014155661,0.00064107514,0.0019366997
6706,0.0012438498,0.00041800545,0.0020391215
6707,0.0008801606,0.00013194143,0.0023763732
6708,0.0006494595,4.785741e-05,0.0008528272
6709,0.0010563618,0.0002443161,0.0022395882
6710,0.0009830008,0.00019247763,0.0022696946
6711,0.00106381,0.00025194234,0.0022573948
6712,0.0010645627,0.00025297786,0.002200274
6713,0.0003759747,5.9843318e-05,0.0003568218
6714,0.0011620066,0.0003399445,0.0022598451
6715,0.0011548419,0.00033360455,0.002163032
6716,0.00073131087,7.255039e-05,0.00090441667
6717,0.0010991384,0.00028351598,0.002086447
6718,0.0012561247,0.00044404727,0.0018922354
6719,0.0011117713,0.00029640892,0.0019592964
6720,0.0007083588,6.594988e-05,0.0007060894
6721,0.00068511005,7.5946315e-05,0.000655886
6722,0.0003546134,6.441118e-05,0.0003405828
6723,0.0016403159,0.0010877424,0.0016354922
6724,0.0010077739,0.00021587183,0.002014772
6725,0.0008017731,0.00010087104,0.0013745809
6726,0.0009107015,0.00015561485,0.0018548872
6727,0.001295561,0.0005125878,0.0020366183
6728,0.0013146207,0.000552267,0.0016914844
6729,0.0024803395,0.004345621,0.0010684978
6730,0.0023558114,0.003724983,0.0009966204
6731,0.001035097,0.00025485305,0.0014179976
6732,0.0015707912,0.001031645,0.0010693193
6733,0.0012012179,0.00042799494,0.0011552545
6734,0.0016292982,0.0011884721,0.0009943519
6735,0.0017248589,0.0014465217,0.0009049188
6736,0.002717062,0.005942535,0.0006858595
6737,0.0012781093,0.0005338768,0.0010232624
6738,0.00093332614,0.00018858435,0.0011566038
6739,0.0017333624,0.0014978581,0.0010537466
6740,0.001977157,0.0023775487,0.0008566533
6741,0.0031086602,0.008939281,0.00057916105
6742,0.0017614098,0.0016612577,0.00074199715
6743,0.0013649561,0.00072992936,0.0007756333
6744,0.00249119,0.0050209896,0.0005743974
6745,0.001337617,0.00069468265,0.0007412453
6746,0.0022691167,0.003856454,0.00052221766
6747,0.0013498197,0.00072665693,0.0006631846
6748,0.0011490418,0.00043049428,0.00068688096
6749,0.0012524159,0.0005795287,0.0006335515
6750,0.0018739149,0.0021899668,0.0005254307
6751,0.002776778,0.0071442556,0.00041599773
6752,0.0013021422,0.0006563587,0.0006329337
6753,0.0022997658,0.004108918,0.0004596549
6754,0.0023460037,0.0043326756,0.00046160317
6755,0.0026416774,0.006069707,0.00044390908
6756,0.0017934858,0.0018244876,0.0005664449
6757,0.0015100577,0.0010447844,0.000618208
6758,0.0011002213,0.00036780155,0.00072163524
6759,0.0017079201,0.0015808198,0.0005699658
6760,0.00093841227,0.00021844359,0.0007716179
6761,0.0016213268,0.0013726298,0.00088213093
6762,0.001558581,0.0013425759,0.00090367947
6763,0.0020603454,0.0039105606,0.00066762394
6764,0.003276813,0.008377759,0.0004955716
6765,0.0035211896,0.009624428,0.0004899478
6766,0.003913736,0.010969796,0.00048011992
6767,0.0010699529,0.00044475117,0.00096792757
6768,0.0009428011,0.00028813796,0.0009936657
6769,0.0016622376,0.0018608015,0.00082322437
6770,0.004572754,0.012026991,0.00043613653
6771,0.00485178,0.01293616,0.00043448692
6772,0.00222114,0.0041134083,0.00070460973
6773,0.0014646844,0.0010781073,0.0008730554
6774,0.003048755,0.009690891,0.0005888789
6775,0.00288203,0.008093436,0.0006595177
6776,0.0015238856,0.0011204645,0.0009803826
6777,0.0010592666,0.00033501652,0.0011722122
6778,0.002439612,0.004915862,0.0007606552
6779,0.0011789515,0.00046877272,0.0011463561
6780,0.0010785533,0.00035010252,0.0013127216
6781,0.0009704658,0.0002467141,0.0014598073
6782,0.0062558507,0.013907047,0.0006698726
6783,0.0023467352,0.0042715473,0.0011080896
6784,0.0035378237,0.010803325,0.00080883666
6785,0.00160534,0.0012176478,0.001215256
6786,0.0020549668,0.002701389,0.0010029185
6787,0.0025275399,0.0050527104,0.0008802175
6788,0.0040377816,0.012477764,0.0007066345
6789,0.0025632186,0.004947931,0.0009822423
6790,0.0039203167,0.012850629,0.000805749
6791,0.00183606,0.0016333793,0.0013312025
6792,0.0032873082,0.009224337,0.0009831935
6793,0.0017710968,0.0014004783,0.0014574889
6794,0.0015353252,0.0008772514,0.0015567087
6795,0.0015229501,0.000856782,0.001546113
6796,0.0018221863,0.0015483261,0.0013991313
6797,0.00083869445,0.00011766572,0.0020635447
6798,0.0051818965,0.01569764,0.00085406686
6799,0.004154062,0.01448992,0.0011126957
6800,0.003155638,0.0073721297,0.0014659147
6801,0.0046465616,0.016128426,0.0012691133
6802,0.004671105,0.016713578,0.0014648605
6803,0.004835746,0.017272374,0.0016663236
6804,0.003773962,0.009828195,0.002193839
6805,0.0043723932,0.01349055,0.0021749758
6806,0.0030448749,0.0051451377,0.0028886516
6807,0.0017704801,0.0009113055,0.0038243697
6808,0.0009527387,0.00011574795,0.0049810265
6809,0.0014366192,0.00046165183,0.0039089257
6810,0.0034793993,0.0076070516,0.002473823
6811,0.0042831344,0.012527155,0.0023160134
6812,0.003384916,0.006734138,0.002844046
6813,0.0014697397,0.00046836326,0.00439423
6814,0.0016533696,0.0007009222,0.004048577
6815,0.0007772327,5.6509634e-05,0.003945882
6816,0.0006124353,2.5664463e-05,0.0020126505
6817,0.0007775484,5.7575166e-05,0.003144665
6818,0.0033616894,0.006756935,0.0029065043
6819,0.0033562218,0.006645582,0.002992442
6820,0.0012673059,0.00028860275,0.004930494
6821,0.004408308,0.013069073,0.0025347995
6822,0.002027835,0.0013339592,0.004071779
6823,0.002960072,0.004462727,0.0032679096
6824,0.004893988,0.01579075,0.0025353532
6825,0.0024761357,0.002437639,0.003976616
6826,0.0015481111,0.0005236268,0.004929329
6827,0.0024846864,0.0025044382,0.0037407859
6828,0.0031783313,0.005359056,0.0032432536
6829,0.0025347455,0.0026704036,0.0036695257
6830,0.0025883443,0.0028671154,0.0035621817
6831,0.0021790063,0.0016571145,0.0038118728
6832,0.00083850307,6.914782e-05,0.005206076
6833,0.0026757729,0.0032623746,0.0035943137
6834,0.0023042841,0.0020336648,0.0038200654
6835,0.0026032296,0.0030169466,0.0035077163
6836,0.002773357,0.003683265,0.0033531433
6837,0.0035412896,0.007509315,0.0029480283
6838,0.0022177459,0.001789297,0.0038660518
6839,0.002693488,0.0033565536,0.0036761747
6840,0.0015036165,0.0005013068,0.004829354
6841,0.0020323603,0.0013823933,0.0044989656
6842,0.0015285251,0.0005415725,0.00507755
6843,0.0010876254,0.00017462338,0.005682762
6844,0.00082829955,7.064749e-05,0.003999907
6845,0.0014484987,0.0004639079,0.005007485
6846,0.0008913976,9.19413e-05,0.0039326614
6847,0.0014364799,0.0004568184,0.00485047
6848,0.0013852491,0.000407395,0.004765463
6849,0.00069001946,3.972023e-05,0.002050316
6850,0.0017644331,0.00092305604,0.004306417
6851,0.003788705,0.009524014,0.0028368987
6852,0.0035866206,0.008077585,0.0030858067
6853,0.004079184,0.01097654,0.003038324
6854,0.003710433,0.008445986,0.0034048161
6855,0.00080101076,5.89765e-05,0.0034305204
6856,0.0013822258,0.00037077765,0.0062014717
6857,0.0012116475,0.00023990538,0.0058159516
6858,0.0009913489,0.00012319036,0.004459269
6859,0.001231995,0.00025707853,0.005682067
6860,0.0033554423,0.0064937617,0.003287694
6861,0.0018839993,0.0010529605,0.0044521433
6862,0.0025353474,0.0027829201,0.0037889925
6863,0.004020857,0.010413627,0.0029537994
6864,0.0032946793,0.0059897173,0.0034679312
6865,0.0028218606,0.0037452038,0.0037954808
6866,0.001999698,0.0012423451,0.0044422965
6867,0.0033735347,0.0063928114,0.0033036016
6868,0.00186787,0.0009894904,0.0045311833
6869,0.0024607487,0.0024563335,0.003946035
6870,0.0023201911,0.0020434037,0.003991115
6871,0.00285621,0.0039571463,0.0035931354
6872,0.002849498,0.0039239754,0.003576123
6873,0.002364047,0.002180186,0.0038957668
6874,0.0014885775,0.00047741947,0.0048302836
6875,0.0010765789,0.00016277815,0.005394904
6876,0.0009754919,0.000118290736,0.0048942356
6877,0.00124365,0.00026896567,0.004776693
6878,0.0011990267,0.00024021583,0.0046832366
6879,0.0013445012,0.0003565477,0.004454975
6880,0.0023162698,0.0021721101,0.0033897453
6881,0.002770794,0.003830076,0.003043463
6882,0.0014439723,0.00045845023,0.004182393
6883,0.0021450089,0.0017136299,0.0033645905
6884,0.0025421719,0.0029702142,0.003077585
6885,0.0012498065,0.0002880112,0.004394099
6886,0.0023589435,0.0023658215,0.003082316
6887,0.0015145171,0.0005539934,0.003793547
6888,0.0013973862,0.00042711012,0.0038387212
6889,0.00095889776,0.0001221087,0.0045151357
6890,0.001591311,0.0006703518,0.0034425016
6891,0.0017291342,0.0008907841,0.0032364682
6892,0.001324837,0.00036947997,0.0035806994
6893,0.00095822825,0.00012588565,0.0040739886
6894,0.0007986325,6.888936e-05,0.0031929035
6895,0.0013225987,0.00037548356,0.00329171
6896,0.0023387314,0.0024711713,0.0024050965
6897,0.002820829,0.0044292146,0.0021789228
6898,0.002057778,0.0016330786,0.0025917715
6899,0.0010565545,0.000179325,0.0036375555
6900,0.0009208378,0.000114049624,0.0038050916
6901,0.0015267798,0.0006237994,0.0029128015
6902,0.001216723,0.00029449098,0.0031674677
6903,0.0011275932,0.00022999571,0.0031817239
6904,0.0032057029,0.006639681,0.001837743
6905,0.003013212,0.0054967348,0.00197879
6906,0.0028606248,0.004678208,0.0020894832
6907,0.002854213,0.0046230424,0.0021398712
6908,0.0026264058,0.0035739974,0.0022729242
6909,0.0030298594,0.005478389,0.0021288767
6910,0.004136612,0.012216224,0.0018617642
6911,0.0034501064,0.007576078,0.0022334533
6912,0.002370161,0.002433502,0.0028111702
6913,0.0021608924,0.0018155503,0.0029174865
6914,0.00088898087,9.502709e-05,0.004409335
6915,0.0007033498,4.3748354e-05,0.003445824
6916,0.002217447,0.0020129532,0.0026647914
6917,0.0033803564,0.007243396,0.0021288237
6918,0.0011955695,0.0002576263,0.0036972924
6919,0.0015425379,0.0006090892,0.0031447434
6920,0.0017813361,0.0009910008,0.0028447695
6921,0.0030522132,0.0054782997,0.0021242
6922,0.0025247869,0.0030652843,0.0023915488
6923,0.00173468,0.0009104149,0.002877632
6924,0.0012114975,0.0002773118,0.0033450855
6925,0.00062160654,2.9944138e-05,0.0031889183
6926,0.00069946033,4.4915156e-05,0.0034818037
6927,0.0009495856,0.00012642599,0.004249453
6928,0.0012994019,0.00036373542,0.003509877
6929,0.002507368,0.0031549968,0.002465086
6930,0.0025938149,0.0035038365,0.0024275929
6931,0.0023149839,0.0024488003,0.0025824278
6932,0.0025955653,0.0035141087,0.0024240161
6933,0.0015097775,0.0006042566,0.0031828606
6934,0.0020062684,0.001556522,0.0026894854
6935,0.0011297575,0.00023231222,0.0035045934
6936,0.0005698405,2.3689725e-05,0.0018195477
6937,0.00054433505,2.04356e-05,0.0012531399
6938,0.0006132409,3.0664334e-05,0.0015507631
6939,0.0008028139,7.566078e-05,0.0033773489
6940,0.000667874,4.0986746e-05,0.0020446433
6941,0.00068287394,4.4192544e-05,0.0022365646
6942,0.00068952516,4.572989e-05,0.0023131543
6943,0.0036701933,0.009864721,0.0035645359
6944,0.0026092096,0.0036009417,0.00394782
6945,0.0021744547,0.0020038662,0.0037266237
6946,0.0022504742,0.0022407742,0.0032274732
6947,0.0020241432,0.0015941598,0.0031275542
6948,0.0022492867,0.0022508674,0.0027799492
6949,0.0020641186,0.0017098648,0.0027829236
6950,0.0016903529,0.0008910993,0.0029567317
6951,0.0010673159,0.00019329811,0.003545442
6952,0.00073259213,5.5183915e-05,0.0012319658
6953,0.000793083,7.219123e-05,0.0018229038
6954,0.0019187231,0.0013795751,0.002419549
6955,0.0021068035,0.0018799923,0.0022590936
6956,0.0016611464,0.0008659062,0.00250671
6957,0.0015295701,0.00066283054,0.002546216
6958,0.0017837511,0.0011104591,0.0022986792
6959,0.0019535471,0.0015050874,0.0021567773
6960,0.0019091818,0.0014030368,0.0021544865
6961,0.0020785881,0.0018591245,0.0020386367
6962,0.0017614879,0.0010865598,0.0021989103
6963,0.001704179,0.000980063,0.002200858
6964,0.0013590414,0.0004649262,0.0024212461
6965,0.00096076616,0.00014672779,0.0028022437
6966,0.00071718835,5.5479446e-05,0.0018174355
6967,0.0012490377,0.0003577775,0.002496808
6968,0.0016667284,0.0009403939,0.0021107832
6969,0.0013463863,0.00046538762,0.0023091482
6970,0.0012514814,0.00036696746,0.0023415762
6971,0.0014366742,0.00058528775,0.002137884
6972,0.0014269659,0.0005759321,0.0021056274
6973,0.0008784038,0.000114456656,0.0026228945
6974,0.00095953135,0.00015468808,0.0024432577
6975,0.0011570613,0.00029112693,0.0021729828
6976,0.00077096006,7.5291064e-05,0.0024507726
6977,0.0011188053,0.00026318285,0.0021101867
6978,0.001156148,0.00029563365,0.0020336886
6979,0.0013114631,0.0004533745,0.0018739366
6980,0.0010805456,0.00023893577,0.0020284965
6981,0.0009551596,0.00015913814,0.0021127395
6982,0.0012662449,0.00041099827,0.0017995993
6983,0.0007739909,7.972565e-05,0.0022562242
6984,0.0012116629,0.0003590318,0.001771571
6985,0.001007525,0.00019501708,0.0019098324
6986,0.00094308064,0.00015728317,0.0019361132
6987,0.00082289526,0.0001002612,0.002030208
6988,0.0007106398,6.172045e-05,0.0021359865
6989,0.00068197306,5.4438333e-05,0.0011534914
6990,0.0012128821,0.0003744454,0.0018476731
6991,0.000849228,0.00011428709,0.0021658146
6992,0.00075477123,7.7371114e-05,0.0019991202
6993,0.0005839349,4.0372302e-05,0.00057127036
6994,0.0009548792,0.00017261178,0.0024052006
6995,0.0011866835,0.00035812156,0.0020608741
6996,0.0009426602,0.00016653318,0.0022246272
6997,0.00097046176,0.00018440747,0.002161606
6998,0.0014525226,0.0007176385,0.0020857789
6999,0.0014457578,0.0007156208,0.0017989577
7000,0.001334611,0.00055463245,0.0016744775
7001,0.0012168383,0.00041168145,0.0016123449
7002,0.0010844022,0.00028269115,0.001598481
7003,0.000970454,0.00019849252,0.0013262938
7004,0.0009882621,0.00021728518,0.0015239374
7005,0.0010790657,0.00029858187,0.0013303966
7006,0.0009910299,0.00022893999,0.001225941
7007,0.0011624121,0.00039585185,0.0010302769
7008,0.0010695998,0.00030382676,0.0010012502
7009,0.0010786505,0.00031610593,0.0009418467
7010,0.00046771986,0.00012815685,0.00046986353
7011,0.0010899345,0.00033798325,0.001157213
7012,0.0007107008,0.00026488266,0.00070076226
7013,0.001484771,0.0010870579,0.00066059496
7014,0.0014203986,0.0009761333,0.0005732744
7015,0.0015407223,0.0013075692,0.00048413628
7016,0.0010315651,0.00035350813,0.0005417268
7017,0.0013683815,0.00092116836,0.0004796738
7018,0.0010785873,0.00043159456,0.00047471767
7019,2.5690184e-05,2.3173503e-05,2.6365014e-05
7020,1.3387762e-06,1.2055098e-06,1.3780373e-06
7021,0.0008072439,0.0003061504,0.0004010385
7022,0.0011928896,0.0006437523,0.00033529216
7023,0.0015078741,0.0014095294,0.00028304706
7024,0.0012330678,0.0007356618,0.00030444216
7025,0.0009931833,0.0003628238,0.0003288763
7026,0.0005905975,0.00025826212,0.000336305
7027,0.0011675286,0.00063198607,0.00028609677
7028,0.0009899014,0.00036860717,0.00030491504
7029,0.0010283184,0.00042204038,0.000293267
7030,0.0011482026,0.0006186953,0.000328
7031,0.0013725357,0.0011513947,0.00027053762
7032,0.0011225503,0.00061058084,0.00026951946
7033,0.001090304,0.000567063,0.00025374195
7034,0.0015017992,0.0016507673,0.00020234709
7035,0.0013653145,0.0012262468,0.00020326737
7036,0.0011543557,0.00071472715,0.00021361926
7037,0.0013236529,0.0011333504,0.00019280857
7038,0.0012378843,0.0009176269,0.00019520824
7039,0.001152809,0.00073196366,0.00019924548
7040,0.00077131356,0.00041239837,0.00022820536
7041,0.0013617898,0.0012942998,0.00018300743
7042,0.0012712271,0.0010434593,0.00018412426
7043,0.00088992034,0.00041185674,0.00020749892
7044,0.0013798086,0.0013874307,0.00016797644
7045,0.00083628134,0.00039381703,0.00020347099
7046,0.0013098192,0.001187326,0.0001707011
7047,0.0013315807,0.0012600977,0.00016715997
7048,0.0013923409,0.0014632166,0.00016211907
7049,0.0013525594,0.001335876,0.00016412276
7050,0.0010022123,0.0005000691,0.00019074013
7051,0.0012686864,0.0010940054,0.00016770745
7052,0.0011115656,0.0007109394,0.00017918856
7053,0.00095528696,0.0005086125,0.00021908603
7054,0.0014944586,0.0019300404,0.00019123593
7055,0.0021964975,0.0053616534,0.00013630878
7056,0.002247438,0.005716566,0.00012678231
7057,0.0016071175,0.002539326,0.00014771662
7058,0.0018760354,0.0040988293,0.0001322246
7059,0.001734672,0.003206419,0.00013802269
7060,0.0011657325,0.0008934837,0.00016947812
7061,0.0012518533,0.0011350235,0.00016060229
7062,0.0009652091,0.00048397775,0.00018129814
7063,0.001461202,0.001889617,0.00014561354
7064,0.0011153113,0.00078421924,0.00016763863
7065,0.0012279178,0.001079252,0.00015861906
7066,0.0012379901,0.001110689,0.00015782191
7067,0.0009374017,0.00044476477,0.00018188948
7068,0.0003467853,0.00029550135,0.00020314526
7069,0.0009428525,0.0004581485,0.0001908196
7070,0.0013719602,0.0015788259,0.00015563374
7071,0.0009702662,0.00050780625,0.00018417636
7072,0.0014155954,0.0017674344,0.00017233059
7073,0.0013262086,0.001469799,0.00020795368
7074,0.0014205863,0.002057984,0.00017142326
7075,0.0016749472,0.0036431442,0.00013713447
7076,0.0013987828,0.0021179824,0.00013781003
7077,0.0010015153,0.0007215876,0.00015185973
7078,0.0005228195,0.00042934352,0.00015839539
7079,0.0021372687,0.00511064,0.0001023725
7080,0.002100268,0.0052657146,9.7469354e-05
7081,0.0016657545,0.0037284724,0.00010768288
7082,0.0017325331,0.0041463054,0.00010476391
7083,0.0014533595,0.0023765818,0.000116117924
7084,0.0017732658,0.0043339487,0.00010526692
7085,0.000940164,0.0005602062,0.0001505058
7086,0.0017805165,0.0043051816,0.000114871895
7087,0.0019829303,0.00557794,0.00011120032
7088,0.0017070243,0.0036212362,0.00012602497
7089,0.0011163775,0.0009208468,0.00016130468
7090,0.001029792,0.00070422364,0.00016968795
7091,0.0009987369,0.0006379638,0.00019077922
7092,0.00065064,0.00045961924,0.00019760431
7093,0.0013151782,0.0015739242,0.00015712627
7094,0.001403128,0.0019310034,0.00015014796
7095,0.0011218315,0.0009297782,0.0001676139
7096,0.0010180307,0.0006744456,0.00017431947
7097,0.0018251572,0.0043159663,0.00012857378
7098,0.0012733552,0.0013697653,0.0001608938
7099,0.0011615774,0.0010111099,0.00017335743
7100,0.0010226606,0.00066408416,0.00019292843
7101,0.00027378864,0.00023045142,0.00021443359
7102,0.0011041691,0.00085399084,0.00020486386
7103,0.0021640225,0.0059907166,0.00013653374
7104,0.001862572,0.0043729367,0.00015068923
7105,0.0022499072,0.0065841028,0.00013943031
7106,0.0013323274,0.0014581039,0.00019289917
7107,0.0018853117,0.004304886,0.00017039891
7108,0.0014878052,0.0020325365,0.00019660946
7109,0.0021453518,0.006101021,0.00016362462
7110,0.0016983838,0.002965177,0.00019549544
7111,0.002798858,0.008567215,0.00015504447
7112,0.00096066116,0.0004401472,0.00029427034
7113,0.0017548307,0.0030992203,0.00021709733
7114,0.001026169,0.0005394751,0.00029827416
7115,0.00082531094,0.00026148255,0.00034377605
7116,0.0008413781,0.00027845844,0.00034220293
7117,0.0013941375,0.0014697684,0.00026513543
7118,0.00095400435,0.00041959755,0.0003250546
7119,0.00068052066,0.00029602888,0.00039181416
7120,0.001616586,0.002354108,0.00027757746
7121,0.0025752294,0.007803327,0.00021450252
7122,0.0014599884,0.0016201349,0.00030454842
7123,0.0010426864,0.00053440785,0.00036003545
7124,0.001644816,0.0023556144,0.00028485467
7125,0.0014816357,0.0016719878,0.00030416014
7126,0.0013428874,0.0012082062,0.00032230653
7127,0.0013847186,0.0013295684,0.00031902344
7128,0.0014579217,0.0015636265,0.00031354863
7129,0.0013852187,0.0013168802,0.00032609518
7130,0.0012363775,0.0009036004,0.00034951052
7131,0.0014939804,0.0016683222,0.00032014912
7132,0.001378974,0.00127854,0.0003395029
7133,0.0026623602,0.009083041,0.00024627981
7134,0.0016240493,0.0020542142,0.00035972186
7135,0.0010573149,0.00050053763,0.00045753788
7136,0.004035955,0.012322561,0.00023133999
7137,0.0038351608,0.012331413,0.00027393037
7138,0.00256471,0.0071385005,0.0003889856
7139,0.0014927245,0.0013250052,0.0005561782
7140,0.0013143825,0.0008718931,0.0006309587
7141,0.003825476,0.012766811,0.00036841218
7142,0.0030846305,0.010543513,0.0004760284
7143,0.0026900957,0.00714248,0.00057434605
7144,0.0033207126,0.011776863,0.00055662036
7145,0.0012389959,0.000578172,0.0010500853
7146,0.0010155664,0.00029809045,0.0011622432
7147,0.00073251507,0.00010014892,0.0013890085
7148,0.0017688181,0.0018566281,0.00090084225
7149,0.003110406,0.009653243,0.0006870516
7150,0.0032015496,0.010024309,0.0007491005
7151,0.0035752351,0.012529836,0.000784061
7152,0.0037327947,0.013249255,0.0008699755
7153,0.0030856847,0.008075128,0.001093539
7154,0.0029004684,0.00666264,0.0012149101
7155,0.0019061619,0.0018168237,0.0015911555
7156,0.0016275937,0.0010843592,0.0017314701
7157,0.0026693505,0.0051586973,0.0013455204
7158,0.002050368,0.002262571,0.0016004251
7159,0.0015291573,0.00086845265,0.0018700459
7160,0.001627781,0.0010696506,0.0018003706
7161,0.0012944249,0.0005015917,0.0020081268
7162,0.002806766,0.0059071733,0.0013458655
7163,0.0014288547,0.0006860607,0.0019775238
7164,0.0012572696,0.00044966658,0.002084887
7165,0.0022160176,0.002873655,0.001550382
7166,0.0012230827,0.0004099284,0.0021141088
7167,0.0012952692,0.00049805886,0.0020253656
7168,0.0013392731,0.00055869384,0.0019664143
7169,0.0010627742,0.0002592565,0.0021773838
7170,0.00080750044,0.00010382454,0.0024483274
7171,0.0008270097,0.00011279795,0.0023688253
7172,0.00063131185,4.5881305e-05,0.0026484912
7173,0.0008964055,0.00014866983,0.0022100608
7174,0.001550344,0.0009269546,0.0016856039
7175,0.0031393857,0.008132664,0.0011725407
7176,0.0018108576,0.0015062697,0.0016578316
7177,0.00084077165,0.00011783635,0.002418522
7178,0.0007064908,6.6123255e-05,0.0026164618
7179,0.002298104,0.0032500906,0.0014681099
7180,0.0039842864,0.014005725,0.0011267801
7181,0.0024541002,0.003762456,0.0016310838
7182,0.0043504466,0.01603414,0.0012389283
7183,0.0020489057,0.0020004772,0.0020821192
7184,0.0028760768,0.005678994,0.0017509871
7185,0.0022185193,0.0025507335,0.0020636558
7186,0.0020764465,0.002065414,0.0021377718
7187,0.0007942635,8.520893e-05,0.0034096863
7188,0.00068857864,5.3404947e-05,0.0036772427
7189,0.0017528599,0.0012094555,0.0025583406
7190,0.0023087342,0.0029394515,0.0022068485
7191,0.0006206174,3.7784903e-05,0.0028340875
7192,0.0008195738,9.5834235e-05,0.0036212953
7193,0.001217811,0.00036161605,0.0029137079
7194,0.0022455568,0.0027029577,0.002108909
7195,0.0009975705,0.00018679624,0.003495095
7196,0.000980632,0.00017731554,0.0037402257
7197,0.0018653508,0.001504986,0.0029387933
7198,0.001291017,0.00044202458,0.00352641
7199,0.0018271229,0.0013881779,0.0029254581
7200,0.0046802335,0.017655777,0.0018110916
7201,0.0038710008,0.011569853,0.0023447906
7202,0.0035878627,0.00932114,0.0026708734
7203,0.0046455734,0.016059304,0.0024954625
7204,0.0018710064,0.0011932085,0.004436149
7205,0.0010630161,0.00018174884,0.00564693
7206,0.0025606735,0.0032945892,0.0035779823
7207,0.0029836358,0.0052126586,0.0032997972
7208,0.0008424499,8.253462e-05,0.0050987424
7209,0.0014746484,0.0005397867,0.0044956133
7210,0.0022730026,0.002253446,0.0035881384
7211,0.0024248126,0.0027715692,0.0034198894
7212,0.0012988278,0.0003564754,0.004622508
7213,0.0029891583,0.0052773585,0.002964586
7214,0.0027497462,0.004081556,0.0031483837
7215,0.0020291102,0.0015563536,0.0038304718
7216,0.0013839719,0.0004402698,0.0045272755
7217,0.0016287084,0.00076206087,0.0040174997
7218,0.0010753105,0.00019164689,0.0047937003
7219,0.0014018229,0.00047104782,0.004563536
7220,0.0017249803,0.000943699,0.004075866
7221,0.0010217114,0.00016497594,0.0052137705
7222,0.0023311286,0.0025352163,0.003480603
7223,0.0030520433,0.0057457634,0.0030683072
7224,0.0019556864,0.0014132939,0.003914824
7225,0.0013831367,0.00044926317,0.0045265
7226,0.0015770387,0.0006988404,0.0041368604
7227,0.001139677,0.00023736329,0.0047798995
7228,0.0017166999,0.000934208,0.003762303
7229,0.0032201644,0.0067032175,0.002680513
7230,0.0028089588,0.0044460995,0.0029926961
7231,0.0020988672,0.0017686279,0.0034908531
7232,0.0024947855,0.0030774155,0.0031451094
7233,0.0016283734,0.0007689144,0.00385683
7234,0.00097354135,0.00013857572,0.004773364
7235,0.0008206599,7.864775e-05,0.004778245
7236,0.0014247659,0.00050311425,0.003937836
7237,0.0020184254,0.0015999085,0.003219993
7238,0.0010987644,0.00021322983,0.0043726885
7239,0.0014153931,0.0005020192,0.004073622
7240,0.00079210015,7.217161e-05,0.0035805926
7241,0.0023296564,0.0025858502,0.003079581
7242,0.0025156362,0.003283459,0.0029499203
7243,0.0012111159,0.00029780547,0.004230856
7244,0.0026032743,0.003647822,0.0028029361
7245,0.0015226656,0.0006387648,0.0036686943
7246,0.00095897797,0.00013676765,0.0044400697
7247,0.0015402687,0.000669882,0.0033862568
7248,0.00093899237,0.00012876024,0.0041761566
7249,0.0013021313,0.0003875692,0.003592778
7250,0.0009977865,0.0001601437,0.0041097007
7251,0.001850683,0.0012669557,0.0033492823
7252,0.0013873731,0.00048746972,0.0037906587
7253,0.00177282,0.0011016667,0.0032627343
7254,0.0010214353,0.00017561593,0.0041835406
7255,0.0009497685,0.00013818902,0.004255533
7256,0.0019519011,0.0015220372,0.0029712594
7257,0.0032673841,0.007343389,0.0022655097
7258,0.0031099464,0.006279486,0.0024387434
7259,0.0012017523,0.00029192676,0.004061924
7260,0.0018471497,0.0012273896,0.0033720448
7261,0.0013708227,0.00045705112,0.0038222405
7262,0.001762814,0.0010598241,0.0034444428
7263,0.0011430177,0.00025095703,0.004264987
7264,0.0010921384,0.00021602323,0.0042839134
7265,0.0016474108,0.000853153,0.0033976769
7266,0.0014139427,0.0005145683,0.0035981035
7267,0.0018786537,0.0013232606,0.0030816789
7268,0.002494909,0.0032879503,0.0026288955
7269,0.0027699599,0.004500028,0.0025076948
7270,0.0015005418,0.00062017294,0.0034663393
7271,0.0025884118,0.003651807,0.0027377498
7272,0.0026183608,0.0037552586,0.0027425825
7273,0.002300344,0.0024876571,0.002949818
7274,0.0021818157,0.002096363,0.0030107358
7275,0.0014060811,0.0004934386,0.0037014652
7276,0.0011508928,0.0002536192,0.003945454
7277,0.0009820319,0.0001497532,0.0041264724
7278,0.0011963053,0.0002912366,0.0036142883
7279,0.0024972828,0.003266438,0.0024336802
7280,0.0035489425,0.008937388,0.0020489283
7281,0.0033565997,0.0075510787,0.002244178
7282,0.0021726654,0.0019981945,0.0029225012
7283,0.00076802605,6.304256e-05,0.0034558484
7284,0.0008807698,0.00010056991,0.003985152
7285,0.0012382548,0.00031747136,0.0042870133
7286,0.0023702732,0.0026952694,0.0030255148
7287,0.0029651006,0.0053197993,0.0026909427
7288,0.0026661237,0.003823968,0.0029068578
7289,0.0021810252,0.002019395,0.0032309855
7290,0.0017134775,0.0009177618,0.00358457
7291,0.0017097126,0.0009149733,0.0034901653
7292,0.001484742,0.0005752194,0.003636757
7293,0.0010833791,0.00020172197,0.0041483776
7294,0.0013855046,0.00046193824,0.0035791965
7295,0.0011053159,0.00021820037,0.003877525
7296,0.0006529317,3.7696358e-05,0.001740861
7297,0.0009164835,0.00011759836,0.0040544383
7298,0.0017701453,0.0010623134,0.0029800972
7299,0.0009018044,0.00011238179,0.004041725
7300,0.0009966576,0.0001578349,0.0036971704
7301,0.0011924173,0.00028928032,0.0032663303
7302,0.00062349276,3.321877e-05,0.0014667062
7303,0.00074321066,5.993659e-05,0.0027133678
7304,0.00077810057,7.05391e-05,0.0024490007
7305,0.0012658559,0.00036026957,0.0032915305
7306,0.0011204368,0.00024061574,0.003382929
7307,0.0008484447,9.527052e-05,0.003214155
7308,0.00082416844,8.676643e-05,0.003042588
7309,0.0006620028,4.184318e-05,0.0014726166
7310,0.0010818646,0.00021846585,0.0035396498
7311,0.0024413907,0.0031772975,0.0022774963
7312,0.0021284777,0.0020480715,0.0024450826
7313,0.0023995235,0.0029961192,0.002282585
7314,0.0010559482,0.0002002186,0.0034240433
7315,0.0007810918,7.325051e-05,0.0023506489
7316,0.0018042377,0.0011989457,0.0024840848
7317,0.0020708558,0.0018857234,0.002283877
7318,0.0010856036,0.00022226696,0.0031148617
7319,0.0017468609,0.0010889986,0.002392168
7320,0.0019153641,0.0014793432,0.0022511259
7321,0.0019139622,0.0014807536,0.0022301548
7322,0.0007260441,5.8769838e-05,0.0022254402
7323,0.00082524924,9.04809e-05,0.003201856
7324,0.0017263362,0.001066865,0.0022012081
7325,0.00071400224,5.6273195e-05,0.0022240302
7326,0.0017329302,0.0010893284,0.002121322
7327,0.0017101782,0.0010482204,0.0021096026
7328,0.0012762832,0.00039852178,0.0024075292
7329,0.0013004021,0.0004268207,0.0023347358
7330,0.0014059528,0.0005570945,0.0022011714
7331,0.0014000458,0.0005527258,0.0021667134
7332,0.0013712847,0.0005189868,0.002151012
7333,0.0012306874,0.00036397978,0.0022290377
7334,0.001284728,0.00042274865,0.0021393828
7335,0.0015201215,0.0007447376,0.0019326896
7336,0.0009217472,0.00014097505,0.0024392495
7337,0.0006947468,5.5036868e-05,0.0025481884
7338,0.0006590453,4.6340152e-05,0.0021734978
7339,0.00061899144,3.7730075e-05,0.0017187182
7340,0.00062875013,3.996648e-05,0.0016621823
7341,0.0009475765,0.00015826497,0.0022882533
7342,0.00093408837,0.0001516981,0.0022663435
7343,0.00058468425,3.1824147e-05,0.0010741688
7344,0.00060620066,3.6007652e-05,0.0013387895
7345,0.0007787885,8.345129e-05,0.002387146
7346,0.0005593149,2.7725844e-05,0.00077036116
7347,0.0006997412,5.8839643e-05,0.0023135932
7348,0.001010167,0.00020178841,0.0020624115
7349,0.00077883,8.4975174e-05,0.002297699
7350,0.0007153621,6.4239015e-05,0.0023407368
7351,0.0011757527,0.00034004447,0.0017915196
7352,0.0008170397,0.000101245656,0.0021101607
7353,0.0006604746,4.9947696e-05,0.0020561381
7354,0.0006939797,5.91748e-05,0.0021939848
7355,0.000761807,8.1190614e-05,0.0020501688
7356,0.0010591325,0.00024567978,0.0017083542
7357,0.0006011527,3.720049e-05,0.0013721678
7358,0.00082511985,0.00010761114,0.0018995262
7359,0.0007936514,9.496499e-05,0.0019002906
7360,0.001153785,0.00033356567,0.0015505363
7361,0.0011289782,0.0003120936,0.0015470769
7362,0.00059110444,3.6087375e-05,0.001337117
7363,0.0008254795,0.00011060335,0.0017769593
7364,0.0008384782,0.000117127885,0.001733121
7365,0.0007452884,7.938374e-05,0.0018058954
7366,0.0007502386,8.154487e-05,0.001768105
7367,0.00052969763,2.5603762e-05,0.0005896224
7368,0.00095390226,0.00018347282,0.0015432205
7369,0.00073600176,7.749385e-05,0.0017289164
7370,0.0010657815,0.0002685641,0.0014156288
7371,0.00090778037,0.00015796963,0.0015142512
7372,0.00078031846,9.574838e-05,0.0016087636
7373,0.0005988399,3.971554e-05,0.0016767972
7374,0.0007410484,8.12747e-05,0.0015975521
7375,0.0006610525,5.573882e-05,0.0016635888
7376,0.00060700753,4.209887e-05,0.0017061759
7377,0.0008100092,0.00011139345,0.0015996569
7378,0.00039127903,2.8003218e-05,0.00038690458
7379,0.000105820945,2.5267107e-05,0.00010451302
7380,4.739291e-05,2.6696296e-05,4.6607573e-05
7381,0.0003804702,3.2886026e-05,0.00037285523
7382,9.100663e-05,2.8900173e-05,8.917833e-05
7383,0.0007607348,9.128624e-05,0.001663532
7384,0.00096159655,0.00019988295,0.0019657454
7385,0.00096847554,0.00020465252,0.0019229184
7386,0.0008745554,0.00014553315,0.0019868822
7387,0.0009831083,0.00021527828,0.0018419309
7388,0.0007461428,8.567788e-05,0.0015938884
7389,0.0008704262,0.00014357593,0.0019409562
7390,0.0009441545,0.00018859358,0.0018384099
7391,0.0008476056,0.00013162853,0.0019075687
7392,0.00072906853,7.962044e-05,0.0014431487
7393,0.00097557897,0.00021095588,0.0017292447
7394,0.0008465233,0.00013151363,0.0018283671
7395,0.0008491334,0.00013310048,0.001797128
7396,0.0007444416,8.588215e-05,0.0017322784
7397,0.0006754029,6.212332e-05,0.0010405327
7398,0.0007645346,9.471202e-05,0.0012907073
7399,0.00072788226,8.0291735e-05,0.00092688994
7400,3.0123687e-05,2.8755472e-05,2.870243e-05
7401,0.0011486749,0.00036809806,0.0018907349
7402,0.000993598,0.00022737803,0.0018597943
7403,0.0012316294,0.00046708036,0.0015614952
7404,0.001151672,0.0003748048,0.001536694
7405,0.0008565927,0.00013992008,0.0016722404
7406,0.0011583699,0.00038474653,0.001415118
7407,0.0009795863,0.00022068415,0.0014942808
7408,0.00039405294,7.327163e-05,0.00038529153
7409,0.0,0.0,0.0
7410,0.00018083252,9.14542e-05,0.00017482566
7411,0.0011067134,0.00033499912,0.0014465009
7412,0.0010903383,0.00032192544,0.0013304502
7413,0.0009228119,0.00018600671,0.001348682
7414,0.00097206514,0.00022300339,0.0012414934
7415,0.000792012,0.00011698116,0.0007835772
7416,0.00086390367,0.0001524277,0.001233913
7417,0.00045568682,0.0001095957,0.00045083475
7418,0.0010117637,0.00026216859,0.0011315505
7419,0.0008709476,0.00016051451,0.0011263314
7420,0.00024322048,0.00011061276,0.00024176051
7421,0.0009184297,0.00019503232,0.0010974668
7422,0.0011663924,0.00044003435,0.0008899546
7423,0.0010865089,0.00035214412,0.00085343316
7424,0.0009884564,0.00026097932,0.0009218838
7425,0.00119993,0.0005098829,0.0007941793
7426,0.0010976421,0.00038974662,0.0007204889
7427,0.0016960707,0.0016693134,0.0005189192
7428,0.0010328033,0.0003298114,0.00065411144
7429,0.0012642643,0.0006592562,0.0005346199
7430,0.0013853874,0.00090623234,0.00047497204
7431,0.0013534821,0.00084995764,0.00045605822
7432,0.0012616076,0.00068134506,0.0004534515
7433,0.0014322265,0.0010458761,0.00041074396
7434,0.001393271,0.00096314325,0.00040659282
7435,0.0012543963,0.0006864346,0.000420222
7436,0.0006449075,0.00020316664,0.0005092508
7437,0.0010839888,0.00043468704,0.0005620127
7438,0.00040528952,0.00030227055,0.0004105503
7439,0.0017644201,0.0023794146,0.0004104139
7440,0.0014455575,0.0015071605,0.00037003314
7441,0.00031898054,0.0002728387,0.0003152406
7442,0.00020109204,0.00016959198,0.0001952405
7443,0.0019830938,0.0041754874,0.00026660072
7444,0.0011076017,0.0009231029,0.00037785273
7445,0.0017340141,0.0035964064,0.00032492136
7446,0.0017282941,0.0032818746,0.00034131107
7447,0.0018867662,0.0040569226,0.00033060112
7448,0.0012013154,0.0009240879,0.0004280702
7449,0.0009974112,0.0004881577,0.00047100103
7450,0.00039438566,0.00018336443,0.00038503652
7451,0.0013916685,0.0014068378,0.00041167808
7452,0.0009686157,0.00041894658,0.00050022826
7453,0.00040872346,0.00019306304,0.00039771892
7454,0.0008931162,0.00031176722,0.00058038987
7455,0.0017845655,0.0029412732,0.00039601405
7456,0.0011580413,0.0007132496,0.00049248245
7457,0.00086025393,0.00026395597,0.0005884669
7458,0.0017915074,0.0028838587,0.00041306356
7459,0.0022722117,0.005776961,0.00035767548
7460,0.0019694376,0.0036831216,0.00039641795
7461,0.0015252982,0.0016176449,0.00045952408
7462,0.0011575712,0.00065001036,0.0005286757
7463,0.0019573986,0.003508389,0.0004025895
7464,0.0023683012,0.00604923,0.00037646006
7465,0.0021615128,0.0045179855,0.0004201232
7466,0.0010281277,0.00040550466,0.0006416422
7467,0.0007780676,0.00015975637,0.00074531283
7468,0.0008508068,0.00021493691,0.000737278
7469,0.00094477844,0.0003040815,0.000715852
7470,0.0014329936,0.0012017224,0.000575368
7471,0.0012043597,0.0006744731,0.0006306961
7472,0.0011525122,0.0005807642,0.0006447779
7473,0.0024449872,0.006194405,0.00044140714
7474,0.001618183,0.0017054178,0.0005822192
7475,0.0016615548,0.0018439064,0.00058374996
7476,0.0015847463,0.0015710023,0.0006091006
7477,0.00088507764,0.00022767292,0.00083200884
7478,0.001975204,0.0031340814,0.00056113425
7479,0.0010014368,0.00033793348,0.00081793766
7480,0.0013624883,0.0009351681,0.00070213823
7481,0.0020789106,0.0035977827,0.00057231117
7482,0.0010962811,0.00044624347,0.0008233004
7483,0.00076626503,0.0001348071,0.0009883991
7484,0.0024051722,0.005442782,0.000559983
7485,0.003828181,0.013241922,0.00046762484
7486,0.003933853,0.013859004,0.00053332804
7487,0.0029369628,0.008261565,0.00072095246
7488,0.0009942811,0.0002620896,0.0013572219
7489,0.0020770263,0.0029280062,0.0009418174
7490,0.002197811,0.0034643465,0.0009821675
7491,0.0018755356,0.002079418,0.0011013009
7492,0.0022635323,0.0037221815,0.0010200046
7493,0.0021580933,0.0031729052,0.0010836096
7494,0.0033943,0.011058696,0.0008850479
7495,0.0024542387,0.0044314726,0.0011693803
7496,0.0014261914,0.00077083166,0.0015992258
7497,0.0012081084,0.0004439412,0.0017345116
7498,0.0014680361,0.00084784353,0.0015651608
7499,0.00065456773,5.734263e-05,0.0016493325
7500,0.0018068374,0.0016736594,0.0014924392
7501,0.0023582526,0.0038562738,0.0013190184
7502,0.0029509922,0.0072792014,0.0012173865
7503,0.00071022403,7.152023e-05,0.0024219379
7504,0.00083158934,0.000121353936,0.002574738
7505,0.0014319993,0.00074139814,0.0019440358
7506,0.00065954914,5.5677454e-05,0.0014766548
7507,0.0009246753,0.00017308914,0.0028384265
7508,0.0012932464,0.0005206457,0.0025337161
7509,0.0009392306,0.00017666607,0.002897633
7510,0.0010115945,0.00022570966,0.0029848136
7511,0.0011347542,0.0003267671,0.0028306046
7512,0.0020563807,0.0023006173,0.0021296178
7513,0.0014565497,0.0007386102,0.0022855024
7514,0.0013262108,0.00054096704,0.002215381
7515,0.0017282639,0.0013000788,0.001789143
7516,0.0011029583,0.0002933018,0.002119069
7517,0.00083688187,0.00011709728,0.0014219758
7518,0.0013308639,0.0005531232,0.001804927
7519,0.0013970244,0.0006528515,0.0016708901
7520,0.0014367482,0.00071963907,0.0015817557
7521,0.00094086945,0.00017621552,0.001916729
7522,0.0016300001,0.0011015432,0.0013999041
7523,0.0027746558,0.005831695,0.0010461644
7524,0.0044968547,0.014231512,0.00084332924
7525,0.00437825,0.014482261,0.00097363297
7526,0.0016049824,0.0009126586,0.0018540641
7527,0.0010544722,0.00022616195,0.0022478588
7528,0.0008526608,0.00011163044,0.0024341499
7529,0.0011053926,0.00026811636,0.0022357025
7530,0.0029036403,0.005998562,0.0013386671
7531,0.0018726642,0.0015197464,0.0017699046
7532,0.0010789216,0.00024484273,0.0023585195
7533,0.0011629616,0.00031600933,0.0022031749
7534,0.00085300073,0.00011268806,0.002187163
7535,0.0013741388,0.00056217326,0.0024326893
7536,0.0010843258,0.0002576613,0.0023787448
7537,0.003617885,0.0109314285,0.001285507
7538,0.003619234,0.010675119,0.0012419436
7539,0.001391027,0.000557285,0.0020307535
7540,0.0017413796,0.0011850118,0.0017155996
7541,0.0013342685,0.0004950562,0.0018720166
7542,0.0023832181,0.0033036298,0.0013332288
7543,0.002569928,0.0041598016,0.0012613698
7544,0.0043231877,0.013451235,0.0009562725
7545,0.002679166,0.0044741365,0.0013571137
7546,0.0068201963,0.017659966,0.00084000744
7547,0.0057385783,0.016898876,0.0010791677
7548,0.0024926632,0.0031906783,0.0019300787
7549,0.0020182894,0.0016253835,0.002153726
7550,0.0031517667,0.006438199,0.001697996
7551,0.0027639545,0.004332539,0.0018893693
7552,0.0020959247,0.001807899,0.0022096245
7553,0.0009706108,0.00014069868,0.0031910087
7554,0.0043785954,0.014279138,0.0014624438
7555,0.0013770082,0.00043252885,0.0029489228
7556,0.004451872,0.01437489,0.0015849181
7557,0.002747097,0.003913444,0.0022822192
7558,0.0035887735,0.008385528,0.0020107836
7559,0.0008938141,9.482556e-05,0.004045124
7560,0.0010419296,0.00015976046,0.0037521485
7561,0.0018161393,0.0010313321,0.0028455944
7562,0.0011891087,0.00025342955,0.0034445552
7563,0.0012791767,0.0003274829,0.0034410951
7564,0.0015891967,0.0006814064,0.0029844628
7565,0.002055192,0.0016040413,0.0025557154
7566,0.0034183715,0.007587554,0.0019488629
7567,0.0015142594,0.0005771009,0.003067646
7568,0.0009252553,0.000111904345,0.003777329
7569,0.0023388637,0.0024383469,0.002303052
7570,0.0030747158,0.0056479014,0.0020557244
7571,0.004709326,0.01579466,0.0017029663
7572,0.0046933666,0.015208529,0.0019370944
7573,0.0047008735,0.014814842,0.0021849924
7574,0.0010720979,0.00015613831,0.0050265137
7575,0.001567894,0.0005633045,0.004015432
7576,0.0021380957,0.0015894528,0.0033927842
7577,0.0019137171,0.0011134559,0.003492021
7578,0.0010834777,0.00016819894,0.0044536446
7579,0.0019655318,0.001241557,0.0033879532
7580,0.0020220934,0.0013750485,0.0032885377
7581,0.0020825122,0.0015292822,0.0033020796
7582,0.003799134,0.0093247285,0.0024023855
7583,0.0039701476,0.010214407,0.0024846205
7584,0.002843513,0.0039385264,0.0031308364
7585,0.0035008383,0.007211199,0.0028157432
7586,0.0030129224,0.004631542,0.0031294543
7587,0.0038995424,0.009456442,0.0027583938
7588,0.004275815,0.011624332,0.002800717
7589,0.0030524973,0.004580457,0.0035481956
7590,0.0020855751,0.0013684019,0.004264647
7591,0.0050139083,0.015969133,0.0026526004
7592,0.0016267212,0.00057857,0.00535545
7593,0.0009083298,8.3422885e-05,0.004995268
7594,0.0020630828,0.0013032954,0.004781465
7595,0.0011932445,0.00021188142,0.0059329066
7596,0.0009974234,0.0001173099,0.005897728
7597,0.0015341651,0.0005023123,0.004811637
7598,0.0031340567,0.0050687324,0.0032318516
7599,0.0017227222,0.0007444716,0.0043696663
7600,0.0026399852,0.0030210817,0.0033991958
7601,0.0029738504,0.004376125,0.0031605903
7602,0.0021670726,0.0016089801,0.0036960016
7603,0.0021924493,0.0016854256,0.0035743495
7604,0.003538881,0.007323818,0.0027421631
7605,0.003007715,0.0045410856,0.003066057
7606,0.00083881646,6.7988614e-05,0.0053201597
7607,0.0017963748,0.00088602933,0.004599316
7608,0.002501601,0.002630183,0.0037521431
7609,0.0012016868,0.00023426626,0.005231723
7610,0.00070055854,3.8787024e-05,0.0028832252
7611,0.0015764446,0.0005907496,0.004503762
7612,0.001387574,0.0003890996,0.0045784498
7613,0.0024661352,0.0026053844,0.0033039993
7614,0.0025824187,0.0030239036,0.003182915
7615,0.0028243768,0.003997686,0.0030152963
7616,0.002199999,0.0018143911,0.0034185045
7617,0.0010010435,0.00013302553,0.0048916787
7618,0.0010164161,0.00014124144,0.004663061
7619,0.00089281803,9.22389e-05,0.004731273
7620,0.0015757239,0.000623553,0.0035090672
7621,0.0017100172,0.0008268716,0.003336278
7622,0.0017929821,0.00097630196,0.0031954704
7623,0.002584033,0.003207665,0.0025974573
7624,0.0012847484,0.00032470367,0.0036767935
7625,0.0017327227,0.00088968023,0.0031788738
7626,0.001424732,0.00046765027,0.0034135699
7627,0.0013695045,0.00041403805,0.0034941055
7628,0.0011466484,0.00023054678,0.003735488
7629,0.001190698,0.00026360436,0.0035283477
7630,0.0036444254,0.0090327505,0.0019523989
7631,0.0028931154,0.0046518375,0.0023303533
7632,0.0014614842,0.00051142904,0.0033148925
7633,0.0029830385,0.0051084617,0.0022542945
7634,0.0017390848,0.000913651,0.0030062306
7635,0.0006859032,4.104122e-05,0.00314807
7636,0.0008140291,7.3205214e-05,0.0040930086
7637,0.001219062,0.00028574967,0.0033547967
7638,0.0012677156,0.0003285854,0.0032097055
7639,0.0016767872,0.00084393594,0.002859274
7640,0.0012825116,0.00034852963,0.0032799412
7641,0.002189289,0.002054359,0.0024413955
7642,0.0015404572,0.00065018976,0.0028790266
7643,0.0015848948,0.000721193,0.0028487353
7644,0.0023144358,0.0025024908,0.0023051796
7645,0.0020573193,0.0017178814,0.0024378793
7646,0.0025277587,0.0033233184,0.0021750696
7647,0.0015589509,0.0006921273,0.0027810107
7648,0.00071795646,5.212658e-05,0.0033098797
7649,0.0008009542,7.556771e-05,0.0036198318
7650,0.00060342974,2.9520548e-05,0.0019281502
7651,0.00075462606,6.2639105e-05,0.0035403564
7652,0.0021372025,0.0020072917,0.0021252444
7653,0.00091582537,0.00012100528,0.0032377562
7654,0.0006581225,4.039573e-05,0.0023123056
7655,0.0006263354,3.4369394e-05,0.0019495697
7656,0.0008983178,0.00011552635,0.003334324
7657,0.0012788947,0.00038088835,0.003013881
7658,0.0011982328,0.00030794786,0.0030263055
7659,0.0010279556,0.0001853495,0.003168153
7660,0.002070842,0.0018997835,0.0021772888
7661,0.002201441,0.0023169536,0.002101819
7662,0.002496564,0.0034431017,0.0019732807
7663,0.0020917128,0.0019614587,0.0021822106
7664,0.0018302047,0.0012732483,0.0023221574
7665,0.00065775606,4.2079984e-05,0.0020793993
7666,0.00080614,8.334784e-05,0.0033666028
7667,0.0018986623,0.0014543168,0.0021861708
7668,0.0014368048,0.00058156234,0.0024865214
7669,0.0012147852,0.00033474356,0.0027497252
7670,0.001881009,0.0014357367,0.0022051025
7671,0.002046988,0.0018958746,0.0021084615
7672,0.0021395262,0.0021889354,0.002056016
7673,0.0012797134,0.00040334044,0.0026510472
7674,0.0020938758,0.0020544038,0.0020313878
7675,0.0015688927,0.00080002187,0.002342064
7676,0.0015067057,0.0007031484,0.0023513406
7677,0.0008400874,0.00010036549,0.0030735189
7678,0.0011655877,0.0003034201,0.002871978
7679,0.0016170102,0.00090573536,0.0024097727
7680,0.0011459575,0.00028857682,0.0028139045
7681,0.0006891284,5.2860527e-05,0.0019684506
7682,0.001190708,0.0003299648,0.0027668946
7683,0.0008220449,9.580102e-05,0.003236193
7684,0.0015655305,0.00082534435,0.0022939728
7685,0.00086678436,0.00011506834,0.0030201476
7686,0.0005786016,2.9883142e-05,0.0007293166
7687,0.0007379503,6.756665e-05,0.0022368494
7688,0.0013902326,0.00056242046,0.0024966607
7689,0.00140893,0.0005894709,0.0024367315
7690,0.0014556894,0.00065887364,0.0023577362
7691,0.0008214805,9.767686e-05,0.0030682348
7692,0.0015360924,0.00079151284,0.0021964067
7693,0.0016921654,0.0010930833,0.0020668244
7694,0.0015956128,0.0009030405,0.002114364
7695,0.001367406,0.0005427979,0.002257085
7696,0.0013435858,0.0005139197,0.0022407912
7697,0.001391335,0.0005795987,0.0021673976
7698,0.0011396663,0.00029908287,0.0023557686
7699,0.0008997508,0.00013619091,0.0025929399
7700,0.0006333382,4.223355e-05,0.0015905565
7701,0.00067131367,5.1455863e-05,0.0019120618
7702,0.0009760564,0.00018038607,0.0024521626
7703,0.0011712114,0.00033306738,0.0021946535
7704,0.0007761113,8.4442596e-05,0.0026361786
7705,0.0011621135,0.00032694268,0.0021111371
7706,0.0007919591,9.1062575e-05,0.0025034242
7707,0.00077210105,8.3945684e-05,0.0024753734
7708,0.0010395381,0.00022792968,0.002095269
7709,0.00088073337,0.00013163048,0.0022733745
7710,0.00061478995,3.9992374e-05,0.00066057337
7711,0.0007190253,6.8103756e-05,0.0007427202
7712,0.0014933377,0.0007751876,0.0023815397
7713,0.0010611009,0.00024741405,0.0026907835
7714,0.001183476,0.00035577742,0.002437746
7715,0.0012482783,0.00042501665,0.002290696
7716,0.0012672752,0.0004472951,0.002206603
7717,0.0012055514,0.00037914177,0.002203186
7718,0.0008911297,0.0001382622,0.0024919172
7719,0.00093953434,0.00016537005,0.0023938252
7720,0.0012438274,0.00042311137,0.0020280192
7721,0.00079893647,9.656398e-05,0.0019755336
7722,0.0011773236,0.00035363904,0.0019978255
7723,0.0011753332,0.00035274253,0.0019613164
7724,0.0011486921,0.0003278119,0.0019476812
7725,0.00081882067,0.00010602596,0.0022588233
7726,0.0009415385,0.00016960804,0.0020613526
7727,0.0018622874,0.0016385362,0.00150535
7728,0.001352832,0.00057204004,0.0017640357
7729,0.0009211443,0.0001590015,0.0021032137
7730,0.0011523152,0.0003370692,0.0018447808
7731,0.0007928963,9.689311e-05,0.002133695
7732,0.00064936903,4.9840488e-05,0.00065164827
7733,0.00070452574,6.5553744e-05,0.0011764838
7734,0.00081175595,0.00010539524,0.0021426748
7735,0.0007490939,8.076303e-05,0.0016876259
7736,0.00095874205,0.00018480813,0.0019137849
7737,0.0009318015,0.0001686291,0.0019225408
7738,0.0004281584,4.8307527e-05,0.0004150255
7739,0.0007214024,7.220841e-05,0.0008027218
7740,0.000785292,9.584986e-05,0.0014481692
7741,0.00076812226,8.908038e-05,0.0013198012
7742,0.00072432024,7.3252915e-05,0.00093280245
7743,0.00090406724,0.00015382616,0.0020224813
7744,0.00092875026,0.00016874105,0.0019437809
7745,0.0010022834,0.00021832039,0.0018276414
7746,0.00074171106,8.000826e-05,0.0012530474
7747,0.0008292019,0.00011660757,0.0018776366
7748,0.0007974543,0.00010256774,0.0016330996
7749,0.00096710643,0.00019604577,0.0018040545
7750,0.0007336957,7.807795e-05,0.0010517527
7751,0.00074690214,8.3014755e-05,0.0012118174
7752,0.00041459352,5.6900215e-05,0.0004039486
7753,0.0009786441,0.00020545964,0.0017513051
7754,0.00077146373,9.3035735e-05,0.0013737135
7755,0.00070989213,7.060542e-05,0.0007994212
7756,0.00079264946,0.00010228676,0.0015963741
7757,0.0007044819,6.915757e-05,0.000742235
7758,0.0010204784,0.00024018432,0.0017479378
7759,0.0006242577,7.712728e-05,0.0006057434
7760,0.00017029088,7.409059e-05,0.00016418472
7761,0.00022969156,7.760095e-05,0.00022204965
7762,0.0007816218,9.909182e-05,0.00077033974
7763,0.00090363296,0.00016167657,0.0016805321
7764,0.0011312463,0.0003444603,0.0014304628
7765,0.001228846,0.00045664207,0.0013211846
7766,0.0011203812,0.00033748595,0.0013413515
7767,0.00091556454,0.00017286843,0.001441298
7768,0.0010584675,0.00028284447,0.0013776195
7769,0.00092909904,0.00018416,0.0014207064
7770,0.0009894181,0.00022859691,0.0013247648
7771,0.0009910123,0.00023123028,0.0012861344
7772,0.00091482024,0.00017801263,0.001299935
7773,0.0007808737,0.00010542208,0.00091322843
7774,0.00026689394,0.00010068716,0.0002614637
7775,0.0011785793,0.0004228179,0.0011561532
7776,0.00119481,0.00044662377,0.0010812915
7777,0.0010246504,0.00026977705,0.0011132873
7778,0.00085044134,0.00014583829,0.0011716518
7779,0.00039234737,0.00010381378,0.000390367
7780,0.0008743555,0.00016167274,0.001099466
7781,0.0011988408,0.00046682946,0.0009071375
7782,0.00086348923,0.00015722773,0.0010415295
7783,0.00085641013,0.00015391687,0.0010177741
7784,0.0011354177,0.00039705337,0.0008627278
7785,0.0010213412,0.00028068502,0.0008931351
7786,0.0008476766,0.00015151338,0.0009625101
7787,0.0011780666,0.0004578795,0.00083468185
7788,0.0011870702,0.0004726737,0.00081407453
7789,0.0011551972,0.00043441463,0.00081023696
7790,0.0010750897,0.00034395713,0.0008260049
7791,0.0009815493,0.00025533754,0.00085060834
7792,0.0010275509,0.00029917204,0.00081818085
7793,0.0008764287,0.00017684606,0.00087353075
7794,0.0008271731,0.00014664674,0.0009046773
7795,0.0009075712,0.00020092116,0.0008488064
7796,0.0013591585,0.0007745418,0.0006827548
7797,0.0005813969,0.000107458516,0.00058546744
7798,0.0009969964,0.00028018994,0.00089933357
7799,0.0012817626,0.000652105,0.00075054367
7800,0.0013035419,0.0006946766,0.0007155693
7801,0.0011852671,0.00051006663,0.0007277459
7802,0.0009638736,0.00025779541,0.0007852866
7803,0.0010717075,0.00036983602,0.0007416633
7804,0.001509918,0.0011579925,0.00060897396
7805,0.0015539147,0.0012774217,0.00059035444
7806,0.001278411,0.00067435484,0.0006442694
7807,0.0011372899,0.00045969788,0.00067300926
7808,0.0006510384,0.00013382874,0.0006551349
7809,0.00072574144,0.00015933519,0.0007258127
7810,0.00087797013,0.0001973896,0.0007680145
7811,0.00085875735,0.00018467306,0.00076921325
7812,0.001882917,0.0024668146,0.00052234967
7813,0.0010254917,0.00033696453,0.00069241185
7814,0.0017723399,0.0020508638,0.00050497026
7815,0.0018892201,0.0025138867,0.00048302638
7816,0.0015289903,0.0012706601,0.0005374787
7817,0.0013289445,0.00080428773,0.00057089736
7818,0.0010377857,0.00035555026,0.0006382326
7819,0.0019704935,0.00290481,0.00048245373
7820,0.0018695088,0.002453239,0.00049478456
7821,0.002396109,0.005210826,0.00043520465
7822,0.0016558211,0.001631586,0.00054437894
7823,0.0014103951,0.00096726447,0.0005893304
7824,0.0013876008,0.0009196053,0.0005899474
7825,0.0009842272,0.00029502087,0.0006970514
7826,0.0015917862,0.001452838,0.0005552936
7827,0.0012811804,0.00071313576,0.00061873585
7828,0.0012272195,0.0006204738,0.00062713673
7829,0.00096665736,0.00028141742,0.00070150784
7830,0.0022026482,0.0040812707,0.0004575147
7831,0.0027291288,0.0074457256,0.000424221
7832,0.0022867639,0.004384284,0.0005002785
7833,0.0017781473,0.0019801173,0.0005920685
7834,0.0013346204,0.000774808,0.0006939159
7835,0.0020723054,0.0032084577,0.00055534294
7836,0.0014992603,0.001129411,0.00067343685
7837,0.0017389436,0.001830559,0.00062808214
7838,0.00249234,0.005525256,0.0005298854
7839,0.0009189759,0.00021768037,0.00092695106
7840,0.001885855,0.0023316396,0.00067674974
7841,0.0025726052,0.0059415908,0.00058951933
7842,0.0025702857,0.0058078133,0.0006254471
7843,0.0012576585,0.0005904849,0.000951367
7844,0.0012134269,0.0005252205,0.0009671224
7845,0.00082543923,0.00014553384,0.0011708846
7846,0.0010956678,0.0003764729,0.0010872125
7847,0.0017518476,0.0017702756,0.00088052056
7848,0.0023697703,0.004520314,0.00076091354
7849,0.0019944783,0.0026209946,0.0008645287
7850,0.002494822,0.005140902,0.0007865654
7851,0.0033200409,0.01080565,0.00071233587
7852,0.0026582289,0.0058017126,0.0008917114
7853,0.002348106,0.003947413,0.0010032927
7854,0.0026342433,0.0054842522,0.0009788614
7855,0.0025274726,0.004775646,0.0010514231
7856,0.0028703308,0.0067745997,0.0010275482
7857,0.0014161593,0.0007228368,0.0015628901
7858,0.0020437473,0.0023928431,0.001294477
7859,0.0018938783,0.0018677345,0.0013654454
7860,0.0016506151,0.0011919742,0.0014762285
7861,0.00076395524,9.169283e-05,0.002162659
7862,0.0015230371,0.00091646495,0.0015297793
7863,0.0017329946,0.0014017824,0.0014310961
7864,0.0006889061,6.5060856e-05,0.0018800355
7865,0.0021241112,0.002712541,0.0014963526
7866,0.0013179034,0.0005665922,0.001968649
7867,0.001440124,0.00075785595,0.0018683217
7868,0.0012295812,0.0004467877,0.0020097569
7869,0.0027120847,0.0055856747,0.0013403287
7870,0.0016823489,0.0012294882,0.001792337
7871,0.0009197002,0.00016454239,0.0024152568
7872,0.0016928421,0.0012518856,0.0018370548
7873,0.0013103124,0.00053481234,0.0020882702
7874,0.0027764102,0.005817246,0.0014200615
7875,0.0009525444,0.00018020267,0.0026962685
7876,0.0010289043,0.00023234391,0.0025456368
7877,0.0022565178,0.0030501513,0.0016979106
7878,0.0013486553,0.0005657869,0.0022358699
7879,0.0015767093,0.0009484048,0.0020465439
7880,0.0011522595,0.0003338829,0.0023775715
7881,0.0009725556,0.0001893457,0.0025438902
7882,0.003934821,0.013581226,0.0014552412
7883,0.0025429016,0.0041250084,0.0023204668
7884,0.00090343325,0.00013622914,0.002514461
7885,0.0010617475,0.0002353369,0.0022704455
7886,0.001442157,0.0006512521,0.0032667809
7887,0.0022892272,0.0029346594,0.002177987
7888,0.0039246553,0.0124605,0.0014912289
7889,0.0026826162,0.004545252,0.0018346222
7890,0.0016392588,0.0009383176,0.0022651413
7891,0.0063891523,0.017018726,0.001060933
7892,0.0028296537,0.0050305603,0.001852676
7893,0.002212725,0.0023336315,0.0021235396
7894,0.004273861,0.014187997,0.0014983055
7895,0.001152924,0.00025599694,0.0032386691
7896,0.0033365826,0.0076176715,0.0019930108
7897,0.0046417844,0.015587935,0.0017460085
7898,0.004453182,0.014242039,0.002015017
7899,0.004307783,0.0128505835,0.0022825785
7900,0.0008961269,9.172371e-05,0.0033672624
7901,0.00073556544,4.760904e-05,0.0019791678
7902,0.00078727386,6.0431925e-05,0.0017046938
7903,0.0037925753,0.009353159,0.00286629
7904,0.0045171296,0.0137340715,0.0026918193
7905,0.004594961,0.013810902,0.002892811
7906,0.0052615595,0.017385896,0.002934862
7907,0.0039245035,0.008855256,0.0038369366
7908,0.002432644,0.0020969834,0.0049985345
7909,0.0019930322,0.0011008985,0.005271839
7910,0.001160187,0.00018237397,0.0056972066
7911,0.0010121237,0.00011665096,0.004613411
7912,0.00069329486,3.321268e-05,0.0016016425
7913,0.0009060667,8.18727e-05,0.0032707541
7914,0.0009781774,0.000106494655,0.0038189625
7915,0.0019639744,0.0011031047,0.0046431664
7916,0.0019268155,0.0010457026,0.004459819
7917,0.0018572913,0.00093503256,0.004332924
7918,0.0025920966,0.002793155,0.0035205423
7919,0.002087124,0.0013939056,0.003841986
7920,0.004049787,0.010164505,0.0026678292
7921,0.0024978437,0.0024499896,0.0036043546
7922,0.002239909,0.0017343154,0.0037203012
7923,0.0027009067,0.0031794948,0.003295509
7924,0.002989759,0.0043585184,0.003097502
7925,0.0031312644,0.0049987826,0.0030308212
7926,0.004074382,0.01020969,0.0026735705
7927,0.0030924166,0.00469229,0.0032556846
7928,0.0035479183,0.006962953,0.0030445722
7929,0.0041638557,0.01047248,0.0028749
7930,0.00331779,0.005583956,0.0034083426
7931,0.0019892594,0.0011057813,0.0044088922
7932,0.0029435318,0.0039299927,0.0034929854
7933,0.0015196733,0.00045715945,0.004774279
7934,0.0016255358,0.00057919236,0.004396206
7935,0.002580394,0.0026668643,0.003355077
7936,0.0026292796,0.0028474121,0.0032676437
7937,0.0016169938,0.00058281195,0.004082195
7938,0.0010932847,0.00015882344,0.0047209966
7939,0.0017048658,0.0007110957,0.0037339886
7940,0.0027691065,0.0034718546,0.002836469
7941,0.0018425812,0.00093350705,0.003452499
7942,0.0020940672,0.0014396223,0.0032138547
7943,0.0010267996,0.00013522027,0.0046422984
7944,0.0025454154,0.0027651046,0.0030414544
7945,0.0013899952,0.000379802,0.004037364
7946,0.0010725631,0.00016091984,0.0043829074
7947,0.0007164525,4.225558e-05,0.0029045555
7948,0.0012007668,0.00024033787,0.0045111342
7949,0.0020999233,0.0015571936,0.003352784
7950,0.0007936211,6.1110055e-05,0.00328063
7951,0.0012051337,0.0002493977,0.004285976
7952,0.0010728256,0.00017058432,0.004449082
7953,0.0018030652,0.0009742345,0.0033176674
7954,0.0009247518,0.00010552004,0.0042576413
7955,0.0031060518,0.0055522183,0.0027025365
7956,0.003818555,0.00963343,0.0024814233
7957,0.0019271182,0.0011917894,0.0037014286
7958,0.0015833649,0.0006257805,0.003942429
7959,0.0019444622,0.0012462314,0.0034299726
7960,0.00073631236,4.896146e-05,0.0024390593
7961,0.0007751879,5.8598718e-05,0.0024915193
7962,0.0010686608,0.00017278669,0.004624825
7963,0.0013385898,0.0003701558,0.004040578
7964,0.0020825583,0.0016143273,0.0031255635
7965,0.0017325175,0.0008863959,0.0033634522
7966,0.0018582479,0.0011254906,0.0031493593
7967,0.0014059498,0.00044851072,0.0035129937
7968,0.0041497108,0.012129573,0.0019737552
7969,0.0013201892,0.00035111402,0.003816009
7970,0.0010483991,0.00016356313,0.0040936554
7971,0.0024314546,0.0026611327,0.002598227
7972,0.002498321,0.0029065853,0.0025482122
7973,0.0023128707,0.002279708,0.0026400262
7974,0.00087455,9.061174e-05,0.003997807
7975,0.0014607995,0.0005103603,0.003381739
7976,0.0010015079,0.00014583158,0.004161099
7977,0.001675877,0.0008211393,0.0031635866
7978,0.0031440323,0.006030731,0.002246933
7979,0.0031544233,0.0060250033,0.0023600175
7980,0.0008906849,9.733797e-05,0.0036155703
7981,0.0008560577,8.571652e-05,0.0033673546
7982,0.0008171277,7.3898904e-05,0.002846389
7983,0.0024285077,0.0027442726,0.0025972319
7984,0.0023084106,0.0023387296,0.0026509087
7985,0.0032334328,0.0065063727,0.002218314
7986,0.0030626876,0.0055037267,0.0023617859
7987,0.0015171393,0.00057680515,0.0034232058
7988,0.0007568716,5.6682355e-05,0.0027867954
7989,0.0013040924,0.00035239573,0.0034632857
7990,0.0017929527,0.0010254831,0.0028736289
7991,0.000835858,8.0959035e-05,0.003247848
7992,0.000786886,6.654746e-05,0.0027303728
7993,0.0013854856,0.00044437728,0.003268766
7994,0.0012116187,0.00028589735,0.0033766208
7995,0.0007914949,6.9183465e-05,0.0029029574
7996,0.00089527445,0.00010505623,0.0036559324
7997,0.0007583525,6.08333e-05,0.002336693
7998,0.000798573,7.329844e-05,0.0017534853
7999,0.0007991642,7.362951e-05,0.0017713467
8000,0.0009058691,0.00011227129,0.002697073
8001,0.0044063516,0.014479358,0.0017863308
8002,0.004000105,0.011326034,0.0020971517
8003,0.0012062681,0.00026597345,0.0040997025
8004,0.00094453606,0.000118030286,0.003537437
8005,0.0010101845,0.00014871232,0.004068546
8006,0.00072704675,4.9770366e-05,0.0017414202
8007,0.00070620305,4.532488e-05,0.0015578386
8008,0.00075584045,5.7100133e-05,0.0020706006
8009,0.00066724996,3.779313e-05,0.001191237
8010,0.0006980501,4.4228524e-05,0.0012220377
8011,0.001166044,0.00024768175,0.0036575934
8012,0.0011615739,0.0002468114,0.0036601466
8013,0.0017912067,0.0010534764,0.002853908
8014,0.0010416856,0.00017387407,0.0035898176
8015,0.0009438183,0.00012582187,0.0031416153
8016,0.0009472569,0.00012831016,0.0030888512
8017,0.002675084,0.003906627,0.002035084
8018,0.0025497605,0.0033583823,0.0020993904
8019,0.0025074177,0.0031833223,0.0021224197
8020,0.0028381173,0.004641976,0.0019974152
8021,0.0026844717,0.00389923,0.0020923421
8022,0.00081171544,7.561226e-05,0.0025166848
8023,0.0008912417,0.000103929364,0.003231252
8024,0.0007555627,6.015958e-05,0.0020628457
8025,0.0025073672,0.0031938464,0.0020004245
8026,0.0025649087,0.0034251655,0.00198977
8027,0.0024269957,0.002878893,0.0020636397
8028,0.0022150266,0.0021551163,0.0021663385
8029,0.0024007605,0.0027936527,0.0020702013
8030,0.00065799797,3.8198843e-05,0.0014971877
8031,0.0008666518,9.681944e-05,0.003033828
8032,0.001831129,0.0011807489,0.0024871414
8033,0.0019667284,0.0015007547,0.002357522
8034,0.0022088431,0.0021952947,0.0021956943
8035,0.0022223978,0.002244154,0.00217898
8036,0.0011285075,0.00023943452,0.0030301632
8037,0.0022597872,0.0023871493,0.0020851344
8038,0.0022608154,0.0023949686,0.0020824417
8039,0.0019499931,0.0014886715,0.0022400436
8040,0.0019081313,0.0013936849,0.0022395696
8041,0.0007771035,7.011456e-05,0.002894927
8042,0.0014342966,0.0005477937,0.0024784284
8043,0.001927691,0.0014657923,0.0020941796
8044,0.001095898,0.00022562053,0.002739313
8045,0.001297488,0.0003995724,0.0024531975
8046,0.002034337,0.0017785532,0.0019183825
8047,0.0020488391,0.0018272932,0.0019027797
8048,0.001235628,0.000344658,0.002434475
8049,0.0006565666,4.182065e-05,0.0020147557
8050,0.00076910434,7.1830684e-05,0.0023640846
8051,0.0019211457,0.0015196104,0.0021477346
8052,0.0015052458,0.00068215333,0.0024034001
8053,0.0015755526,0.0007978988,0.0023059377
8054,0.0017324374,0.0010973901,0.0021638211
8055,0.00091725704,0.0001323124,0.0029191093
8056,0.0014995886,0.0006869417,0.0022289548
8057,0.00074978935,6.808616e-05,0.002529424
8058,0.0017950463,0.0012573177,0.0020083284
8059,0.0010804413,0.00023341742,0.0025564448
8060,0.0010932125,0.00024405262,0.0024807216
8061,0.0014908866,0.0006908982,0.0020802668
8062,0.0015362131,0.0007673224,0.0020191253
8063,0.00072025065,6.139941e-05,0.0023541101
8064,0.00069257675,5.4309057e-05,0.0015856514
8065,0.0006283792,3.9307157e-05,0.0008486947
8066,0.0011017771,0.00025798453,0.0026270691
8067,0.0008624061,0.0001140189,0.0028859419
8068,0.0010045042,0.00019062233,0.0026382199
8069,0.0011278574,0.00028178474,0.0024293738
8070,0.0011009,0.00026090635,0.0024033436
8071,0.0011134294,0.0002720704,0.002337114
8072,0.001187086,0.0003384687,0.0022166502
8073,0.0012326826,0.00038561077,0.0021339862
8074,0.0011583114,0.0003146963,0.002160998
8075,0.0010041167,0.00019607598,0.0022744027
8076,0.000832255,0.00010507695,0.002440323
8077,0.0011555699,0.0003162811,0.002028681
8078,0.0013598141,0.0005470983,0.0018393437
8079,0.0010510033,0.00023268144,0.0020610688
8080,0.0009674017,0.00017719541,0.0021070817
8081,0.00077080174,8.324531e-05,0.0023088683
8082,0.0012446668,0.00041501294,0.0017835067
8083,0.0010544024,0.0002397194,0.0019087329
8084,0.00071927457,6.7021436e-05,0.0022386708
8085,0.00082599814,0.0001068812,0.0020690055
8086,0.00079842913,9.583801e-05,0.0020618553
8087,0.0006866676,5.8135476e-05,0.001972824
8088,0.0007341936,7.2996045e-05,0.0020648409
8089,0.0011851559,0.00036370318,0.001604384
8090,0.00063404697,4.5166846e-05,0.0014311862
8091,0.00070944405,6.5972956e-05,0.002012077
8092,0.0007525336,8.069544e-05,0.0019168577
8093,0.00071464735,6.819939e-05,0.001929972
8094,0.00096845557,0.00018931167,0.0016303393
8095,0.0008635486,0.00012975925,0.0017141063
8096,0.0006663691,5.4805118e-05,0.0019152677
8097,0.0008480196,0.00012380326,0.0018404964
8098,0.0009147975,0.00016017348,0.0017433512
8099,0.00069230335,6.333973e-05,0.001771063
8100,0.0006823423,6.054147e-05,0.001686478
8101,0.00068316265,6.0982533e-05,0.0017200697
8102,0.00061788334,4.3740998e-05,0.0009809893
8103,0.00059224863,3.8061677e-05,0.0006782522
8104,0.0003849223,4.667612e-05,0.00037283066
8105,0.0008211109,0.00011489105,0.0017714916
8106,0.0012148962,0.00042561564,0.0018219628
8107,0.0010007765,0.00022299422,0.001950769
8108,0.00072616327,7.6371136e-05,0.00095085904
8109,0.00024162547,0.00012405492,0.0002247435
8110,0.001146425,0.00036925531,0.0019400085
8111,0.0009674826,0.00022518255,0.0012180696
8112,0.0008970683,0.00017917655,0.0009612414
8113,0.00072223373,0.00015661224,0.00068698137
8114,0.001095031,0.0003585928,0.0014543161
8115,0.0011229796,0.0003978439,0.001214881
8116,0.0011671223,0.00046071946,0.0011246917
8117,0.0013306,0.00072835217,0.0009080294
8118,0.0012016105,0.00052845443,0.0008446257
8119,0.0011157353,0.00041867743,0.0007983792
8120,0.0012894035,0.0006847057,0.0006913049
8121,0.00060257147,0.00015841043,0.00060423254
8122,0.000795843,0.00018824742,0.0007969163
8123,0.0008194927,0.00018888152,0.0007510497
8124,0.0009060109,0.00021957883,0.0006972956
8125,0.0003638417,0.00015806752,0.00036714776
8126,0.00035544095,0.00016595371,0.0003587474
8127,0.00014837243,0.00013553053,0.00014955219
8128,0.0003685258,0.00018194,0.00037344254
8129,0.0010481026,0.00037354356,0.00057599734
8130,0.0010475903,0.00038017842,0.0005405148
8131,0.0007452246,0.00025505837,0.00053403084
8132,0.001120167,0.00049234746,0.00046361276
8133,0.0010871732,0.00045421816,0.00043256962
8134,0.00043566021,0.00023591622,0.00044765495
8135,0.00019375351,0.00017330953,0.00019691663
8136,0.00032558315,0.00029032756,0.0003338018
8137,0.00017458264,0.00015535665,0.00018032655
8138,0.0009353894,0.00039149076,0.00031977173
8139,0.00060304225,0.00033125782,0.00030399687
8140,0.0011718099,0.0006773459,0.0002572032
8141,0.0011021537,0.0005610213,0.00025325382
8142,0.0013312493,0.0010591275,0.00022150677
8143,0.0015480358,0.0017453332,0.00020002868
8144,0.0013634439,0.00116217,0.00021093921
8145,0.0010288348,0.0004623641,0.0002399134
8146,0.0014812005,0.0015449603,0.00019578567
8147,0.0009767375,0.0003940373,0.00024096387
8148,0.00045664408,0.00027196747,0.00025370542
8149,0.0014119277,0.0013484404,0.00021058971
8150,0.0013881531,0.0012872822,0.00020644435
8151,0.0015797717,0.0019684897,0.00018919169
8152,0.0010860928,0.000580762,0.00022706871
8153,0.0009961011,0.00043961735,0.00023261434
8154,0.0011772923,0.0007705976,0.00020995554
8155,0.000996108,0.00044613893,0.00022583269
8156,0.0010366605,0.0005128968,0.00021843257
8157,0.0009930735,0.00044774474,0.00022167087
8158,0.0016939669,0.0025694496,0.00017365503
8159,0.0014364729,0.0015150633,0.00019090527
8160,0.0015446116,0.0019184862,0.00018348012
8161,0.0014401589,0.0015317191,0.00019105448
8162,0.0016151918,0.0022150706,0.00018068259
8163,0.0013721419,0.0013080268,0.00019880335
8164,0.001377992,0.001328577,0.00019906479
8165,0.0014081402,0.0014271787,0.00019787988
8166,0.0012285472,0.00091474265,0.00021361317
8167,0.0012056766,0.0008622483,0.00021613344
8168,0.0014698941,0.0016490399,0.00019594308
8169,0.0011443907,0.000727166,0.00022525563
8170,0.000945361,0.00038718915,0.00024862617
8171,0.00031754773,0.00021521191,0.00027893626
8172,0.0007439933,0.000290518,0.0002802225
8173,0.0011422813,0.00073235866,0.00024043793
8174,0.0010818194,0.00061408704,0.0002465176
8175,0.0013156409,0.0011728848,0.00022316223
8176,0.0014105807,0.001472514,0.00021561174
8177,0.00093384867,0.00037858405,0.00026725853
8178,0.0010793648,0.00061413477,0.00024871773
8179,0.000994934,0.0004703396,0.00026162714
8180,0.0016401159,0.0024063597,0.00020515813
8181,0.0014938891,0.001777,0.00021886773
8182,0.001440219,0.0015749837,0.00022624717
8183,0.0015575864,0.0020205146,0.00021963855
8184,0.0006106085,0.00022660386,0.0003123409
8185,0.0009722017,0.00043290088,0.00032583092
8186,0.0018472719,0.0034708602,0.0002247205
8187,0.0011599332,0.0007734346,0.00028561824
8188,0.001866128,0.003556266,0.00021957737
8189,0.001638637,0.002347393,0.00023884911
8190,0.0010996377,0.0006384123,0.00029493647
8191,0.001195453,0.00084236095,0.0002804796
8192,0.0021829146,0.0055707307,0.0002057392
8193,0.002289412,0.0062319273,0.00021218532
8194,0.0010695637,0.0005514044,0.00033367268
8195,0.0014800464,0.001602535,0.00028897313
8196,0.00095334626,0.00037576174,0.00036501835
8197,0.0009627274,0.0003898318,0.00038895186
8198,0.0021746983,0.0052668448,0.00025301328
8199,0.001213881,0.00082040904,0.00035677562
8200,0.0010390519,0.0004903715,0.00038450977
8201,0.0011338514,0.00065511506,0.00036597968
8202,0.001198485,0.0007866054,0.00035544677
8203,0.001492235,0.0016084338,0.00031854332
8204,0.0019308628,0.0036043643,0.0002828553
8205,0.0014777798,0.0015288393,0.000336381
8206,0.0008328648,0.00022917805,0.00045545885
8207,0.0006649319,0.00022804886,0.00052611827
8208,0.0011364256,0.00065327866,0.0005285256
8209,0.0022261222,0.005591238,0.00032618476
8210,0.0027334073,0.007887493,0.00027589864
8211,0.0022321877,0.005426466,0.00030685426
8212,0.0020503844,0.0041513825,0.00032150638
8213,0.0017608306,0.0025645425,0.00034959445
8214,0.001214873,0.00076623727,0.0004212404
8215,0.0012606335,0.0008666979,0.0004067924
8216,0.001683775,0.0022171773,0.0003489652
8217,0.0010533485,0.00047608264,0.0004458533
8218,0.0009400112,0.0003264918,0.00046755906
8219,0.0011421839,0.00062470546,0.00042501514
8220,0.0009994897,0.00040153204,0.00045166173
8221,0.003419474,0.009308085,0.00029514663
8222,0.0033615709,0.009529397,0.0002950292
8223,0.0014620298,0.0013247819,0.00046640582
8224,0.00095343177,0.00032330892,0.0005566796
8225,0.0009626048,0.00033646362,0.000580529
8226,0.0010721326,0.0004862666,0.0005079128
8227,0.004150795,0.011059233,0.00023942605
8228,0.0021131982,0.004158219,0.00036562065
8229,0.0011660942,0.0006108424,0.0004999617
8230,0.001665735,0.0019698872,0.00042824063
8231,0.004937623,0.012503484,0.00024496682
8232,0.0036602162,0.01080825,0.00031593163
8233,0.0018731881,0.002602813,0.00049023045
8234,0.0018755415,0.0025984282,0.0004936007
8235,0.0016513746,0.0017217266,0.0005325163
8236,0.0015216686,0.001317986,0.0005572249
8237,0.0012107664,0.0006210532,0.00062616187
8238,0.00096269214,0.00029021865,0.0006987672
8239,0.0010291162,0.0003632119,0.0006701384
8240,0.0028556655,0.008770309,0.0004061925
8241,0.0043953774,0.012975418,0.00036241935
8242,0.003807069,0.012326821,0.00044685678
8243,0.0012663314,0.0006188635,0.000891617
8244,0.0010706751,0.00035496172,0.0009805163
8245,0.0010187645,0.00030266322,0.0011012296
8246,0.004711685,0.01301911,0.0005415081
8247,0.0042920895,0.0127894245,0.0006145865
8248,0.0037984448,0.01230741,0.000723385
8249,0.0028936267,0.007099955,0.0009258923
8250,0.00082549633,0.00012280003,0.0017886144
8251,0.0046452717,0.014400346,0.00075753353
8252,0.0028561323,0.0063608917,0.0011175922
8253,0.0027292245,0.005480462,0.00120508
8254,0.00102007,0.00022431435,0.002053907
8255,0.0012612091,0.00045708142,0.0018357168
8256,0.0011974087,0.00038550104,0.0018540111
8257,0.0009156274,0.00015842113,0.002292592
8258,0.0012161699,0.00041025516,0.0020043587
8259,0.001688613,0.0012265812,0.0018739926
8260,0.0023799601,0.0036735262,0.0014321819
8261,0.0015718061,0.00096476055,0.0016824038
8262,0.0019637852,0.0020011067,0.001422128
8263,0.0009929386,0.00020991339,0.0019373702
8264,0.0015662219,0.0009655516,0.0016333773
8265,0.005404602,0.014692142,0.0007936613
8266,0.0047239964,0.014177025,0.00093516905
8267,0.0027207483,0.00501322,0.001385587
8268,0.0044083563,0.01432041,0.0010982916
8269,0.006396433,0.017761791,0.0010167444
8270,0.0014429021,0.0005754696,0.0025560004
8271,0.0015644471,0.0007582413,0.0024530282
8272,0.0011776612,0.00029568103,0.002748976
8273,0.001790423,0.0011989217,0.002254882
8274,0.0032992882,0.0078308545,0.0016241987
8275,0.005138793,0.016680101,0.0013610905
8276,0.0016089414,0.00077115983,0.0028373026
8277,0.001647261,0.000838835,0.002731526
8278,0.004091926,0.0125089865,0.0016859258
8279,0.0018184594,0.0011167099,0.0028058914
8280,0.0012208603,0.00029826513,0.0033349893
8281,0.0048669497,0.017236654,0.0016085458
8282,0.00142454,0.00046970378,0.0034465052
8283,0.0046205553,0.015199209,0.0018458518
8284,0.0043524955,0.013024384,0.0021471758
8285,0.0030260696,0.0048905364,0.0028371075
8286,0.0038103801,0.009221502,0.0025739316
8287,0.0037411454,0.008641158,0.0027374262
8288,0.0032443905,0.005746705,0.003074293
8289,0.0028773856,0.004002784,0.003416011
8290,0.005160167,0.017191648,0.0027237735
8291,0.004049433,0.009936665,0.003479266
8292,0.0028886439,0.003763532,0.004305605
8293,0.0016751767,0.0006429328,0.005496775
8294,0.0013025583,0.00028001977,0.005849869
8295,0.001285118,0.0002711094,0.0057943477
8296,0.0007717123,4.9630966e-05,0.003607555
8297,0.0008420638,6.6943816e-05,0.004138167
8298,0.0006540921,2.8925035e-05,0.0023227832
8299,0.0007863029,5.3956115e-05,0.0033367884
8300,0.0014363792,0.0004087408,0.0050864373
8301,0.0015564478,0.0005398427,0.004640495
8302,0.0013581942,0.00034563386,0.0047205836
8303,0.001398973,0.00038537805,0.0044266856
8304,0.0041617667,0.0111943465,0.0024872946
8305,0.0051504266,0.017010413,0.0023934927
8306,0.0037065214,0.007839657,0.003196344
8307,0.0034491876,0.0063550444,0.0034118914
8308,0.002831818,0.0035115546,0.0038349968
8309,0.0023842254,0.0020430023,0.004126177
8310,0.0010960252,0.00015570904,0.005953904
8311,0.003985971,0.0094882455,0.0030301295
8312,0.0035168158,0.0066879992,0.0033746064
8313,0.001477115,0.00041543975,0.005225288
8314,0.0011180737,0.00016516038,0.005636704
8315,0.0006713986,3.0260984e-05,0.0032888292
8316,0.0010562246,0.00013917255,0.0055951085
8317,0.0015185623,0.00047490624,0.0044526807
8318,0.0017268934,0.0007374664,0.003999352
8319,0.0011729149,0.00020433555,0.0046303403
8320,0.0010240645,0.00013110862,0.0048176213
8321,0.0008476415,7.030314e-05,0.004853416
8322,0.0012499149,0.00026076334,0.0040250286
8323,0.001335262,0.0003286853,0.0037340873
8324,0.0022857278,0.0019695596,0.0027652706
8325,0.0010736117,0.0001611025,0.003932252
8326,0.0014363872,0.00043226374,0.0034279828
8327,0.0013322673,0.0003395094,0.0034450875
8328,0.0016236659,0.0006640091,0.0030174975
8329,0.00077543955,5.6491317e-05,0.0042094444
8330,0.0012548515,0.00028677145,0.0034434872
8331,0.001636502,0.00070330506,0.0029426992
8332,0.0030342995,0.0051122424,0.0021108242
8333,0.0028906267,0.004404741,0.0022069514
8334,0.0036269869,0.008359002,0.0019910478
8335,0.0026916936,0.0034756202,0.0024334725
8336,0.0011415378,0.0002077676,0.0037670361
8337,0.0016185427,0.0006747364,0.0031183932
8338,0.0029766494,0.0048104017,0.0022367495
8339,0.002853664,0.0042246683,0.0023203844
8340,0.0021127982,0.0016324533,0.0027209911
8341,0.0023415608,0.0022947898,0.0026033616
8342,0.002085703,0.0015873021,0.0027287798
8343,0.0018016762,0.000988647,0.0028815824
8344,0.000796009,6.501366e-05,0.0041936403
8345,0.0010733831,0.00017856428,0.0035557332
8346,0.0015614589,0.000631247,0.0028822252
8347,0.0026354406,0.0034868796,0.0021898402
8348,0.0016864483,0.0008239368,0.0027470193
8349,0.000941048,0.000118220334,0.0035602974
8350,0.0008238572,7.647187e-05,0.0038069235
8351,0.0009708041,0.000133565,0.0034194787
8352,0.0009865067,0.00014236316,0.0034247704
8353,0.00120801,0.00028351852,0.0031637896
8354,0.0015045666,0.0005957189,0.002805096
8355,0.0023958315,0.0027556324,0.0023342967
8356,0.0020731941,0.001736646,0.0025227005
8357,0.0012036818,0.00028816846,0.0033255552
8358,0.001311806,0.0003884992,0.0033469326
8359,0.0028088375,0.004596538,0.0022335865
8360,0.0031391948,0.0063058105,0.0021520876
8361,0.0031783343,0.0064480235,0.0022232002
8362,0.0024228694,0.0028179218,0.0026403954
8363,0.0023194132,0.0024596225,0.002797531
8364,0.0037297786,0.009760315,0.0021868406
8365,0.0041010235,0.011963051,0.0022264314
8366,0.0027953102,0.0041221674,0.0029419526
8367,0.001253595,0.00030050406,0.004367295
8368,0.0010184555,0.00015096802,0.004612236
8369,0.0011711927,0.00024286902,0.004112821
8370,0.0026366261,0.00350539,0.0026520435
8371,0.0007644791,5.8595873e-05,0.00395591
8372,0.00064256013,3.2960805e-05,0.0026792558
8373,0.0009665837,0.0001303577,0.0043493677
8374,0.0010283812,0.00016164128,0.00408521
8375,0.0016118153,0.0007321522,0.0032395176
8376,0.0022042734,0.002059564,0.0026991877
8377,0.0030461517,0.005597069,0.0022703058
8378,0.0009309664,0.0001169326,0.0041584494
8379,0.0024323228,0.0028195586,0.002496609
8380,0.0011692154,0.00025304,0.003565211
8381,0.002667165,0.0037864302,0.0022916233
8382,0.002499336,0.003091143,0.0023868883
8383,0.0009945665,0.00014811932,0.0037484856
8384,0.00065017043,3.595399e-05,0.002879273
8385,0.0008481087,8.833211e-05,0.0041520856
8386,0.00078763807,6.946299e-05,0.0036901098
8387,0.0021412126,0.0019467694,0.0025823077
8388,0.0023905882,0.0027790912,0.0024741327
8389,0.002179541,0.0020710933,0.0025882337
8390,0.002400788,0.002825331,0.0024452934
8391,0.0023383617,0.0026005001,0.002476775
8392,0.0026561166,0.003870854,0.0023172342
8393,0.0017631467,0.0010377903,0.0028692384
8394,0.0008719085,9.949182e-05,0.003949042
8395,0.0006714806,4.1759988e-05,0.002841842
8396,0.0024107185,0.0029000135,0.0022468863
8397,0.0020428277,0.001708859,0.0024442682
8398,0.0014316102,0.00053115096,0.0028795972
8399,0.0019549213,0.0014985421,0.0024064772
8400,0.0017233978,0.0009959756,0.0025290756
8401,0.0018831476,0.0013419868,0.0023765266
8402,0.0008430757,9.266563e-05,0.003468116
8403,0.002260567,0.0024497842,0.002063377
8404,0.00090213824,0.00011724192,0.00323619
8405,0.00058944867,2.8413042e-05,0.0024060004
8406,0.0005734627,2.6171669e-05,0.001576371
8407,0.0007562769,6.616324e-05,0.0036717607
8408,0.0009727388,0.00015441471,0.003157046
8409,0.0005766698,2.7034943e-05,0.0015888065
8410,0.00064104004,3.8657447e-05,0.0022295548
8411,0.0011898114,0.00030723185,0.0028321908
8412,0.0008982426,0.00012062159,0.0031611542
8413,0.0013791696,0.0005088654,0.0024856743
8414,0.0019798425,0.0016881875,0.002034771
8415,0.0011795341,0.0003049624,0.002612047
8416,0.0008371104,9.738409e-05,0.0030112867
8417,0.0016916854,0.0010246936,0.00209998
8418,0.0017413783,0.0011334878,0.002044179
8419,0.00076909387,7.460844e-05,0.0030160937
8420,0.0011370694,0.00027751928,0.002418782
8421,0.0007070568,5.695306e-05,0.0029785794
8422,0.0015105088,0.00072344544,0.0019933516
8423,0.0012719331,0.00041075816,0.0021389478
8424,0.0012807531,0.00042313425,0.0020940092
8425,0.0012362828,0.0003785234,0.0020925244
8426,0.0014591699,0.0006619118,0.0018925621
8427,0.0013386298,0.00050000666,0.0019478347
8428,0.001119199,0.00027680976,0.0020940877
8429,0.0012049645,0.0003565351,0.001980601
8430,0.0011763212,0.00033113244,0.001969514
8431,0.0013103627,0.00047776042,0.0018347015
8432,0.0012657153,0.00042836752,0.0018388622
8433,0.00052404776,2.2605722e-05,0.0014838971
8434,0.0005176872,2.179509e-05,0.0012655708
8435,0.00052835786,2.3393004e-05,0.0014432966
8436,0.0004835531,1.7457058e-05,0.0007410818
8437,0.00054883445,2.6769594e-05,0.0014443583
8438,0.0007814643,8.743808e-05,0.002362239
8439,0.00055257545,2.7615459e-05,0.0013931732
8440,0.00071248435,6.481314e-05,0.0025276223
8441,0.0005547403,2.8210108e-05,0.0012315104
8442,0.0006355342,4.456113e-05,0.0021693707
8443,0.0008598768,0.00012281894,0.0022697812
8444,0.0008432884,0.000115566654,0.002247016
8445,0.00070347387,6.329082e-05,0.0024038183
8446,0.0010830176,0.00026930883,0.0019452915
8447,0.0006440568,4.7584337e-05,0.0022914093
8448,0.0012427088,0.0004334521,0.0020977457
8449,0.0010332445,0.000234369,0.0022684224
8450,0.00094381114,0.0001734208,0.00233253
8451,0.0010452778,0.00024441985,0.0021791866
8452,0.00088625215,0.00014104736,0.002325102
8453,0.00069303985,6.208764e-05,0.002098647
8454,0.00063705846,4.690247e-05,0.001497099
8455,0.0010088028,0.00021864205,0.002152355
8456,0.0007668743,8.757487e-05,0.002421507
8457,0.0008126607,0.00010649526,0.002306155
8458,0.0013715342,0.00061302085,0.0017558289
8459,0.0007011248,6.546599e-05,0.0020033875
8460,0.00066311134,5.438062e-05,0.0015914513
8461,0.00062365533,4.4411652e-05,0.00091682095
8462,0.0007633449,8.767616e-05,0.001764471
8463,0.0007154731,7.02478e-05,0.001341191
8464,0.0011884406,0.00038262992,0.0023700243
8465,0.0011344634,0.00032624928,0.0023622818
8466,0.00069195015,6.226089e-05,0.0009356986
8467,0.001339818,0.00056400854,0.0021379194
8468,0.0010400576,0.00024180638,0.0023765469
8469,0.0008005895,0.000100634476,0.002066527
8470,0.00092730095,0.00016422155,0.0024085664
8471,0.0008234587,0.00011034542,0.002358821
8472,0.00091036723,0.00015432795,0.0023226975
8473,0.0007786723,9.182893e-05,0.0017311656
8474,0.0012271547,0.0004212121,0.0022323667
8475,0.0009643594,0.00018806585,0.0024118687
8476,0.0008274193,0.000112605674,0.0018932305
8477,0.0009641487,0.00018769832,0.0022524004
8478,0.0008245809,0.0001113438,0.001964281
8479,0.00087890803,0.0001379885,0.002250878
8480,0.0008378588,0.000117937954,0.0019361564
8481,0.0007182524,7.051709e-05,0.00087243423
8482,0.00093964423,0.00017601263,0.0011784527
8483,0.0014826849,0.00082574756,0.0020765949
8484,0.0011664674,0.00038219988,0.0019376879
8485,0.0011939184,0.0004207539,0.0016092991
8486,0.0010835179,0.000308901,0.001471753
8487,0.000937444,0.0001927195,0.0014250842
8488,0.001340335,0.0006429317,0.001166145
8489,0.0010586622,0.00029712246,0.0011898008
8490,0.0007362439,0.00013359537,0.00072955096
8491,0.00071121793,0.00016266736,0.00070044695
8492,0.0011533106,0.0004124137,0.0009742434
8493,0.0007039853,0.00015838219,0.0007033562
8494,0.00061221176,0.00015150862,0.000614482
8495,0.0010994949,0.00036511812,0.0007941269
8496,0.00101764,0.00028523605,0.000784689
8497,0.0010109908,0.00028189918,0.0007542349
8498,0.0009493001,0.00023060705,0.00075062935
8499,0.0011223973,0.00040672952,0.0006684385
8500,0.0010957952,0.00037864828,0.0006594567
8501,0.0011146134,0.00040395436,0.00063914544
8502,0.0011718832,0.00048090803,0.0006110465
8503,0.0009461551,0.00023738721,0.00066910876
8504,0.0011346719,0.000438096,0.000599903
8505,0.0011496851,0.00046080566,0.0005878229
8506,0.0012142858,0.00055625377,0.00056501414
8507,0.00092141196,0.00022315374,0.00064275716
8508,0.0008527867,0.0001733764,0.0006598424
8509,0.0008357101,0.00016321482,0.0006783242
8510,0.0007653817,0.00015953789,0.0006913644
8511,0.0005196544,0.00014352126,0.0005288987
8512,0.000849427,0.00017541816,0.0006588742
8513,0.000860802,0.00018456501,0.00064186257
8514,0.0011640412,0.000508097,0.0005472763
8515,0.0009459862,0.00025642134,0.0006083387
8516,0.0011415672,0.00048271145,0.000543214
8517,0.0010540737,0.00037252987,0.0005576062
8518,0.0011981287,0.00057381345,0.0005157069
8519,0.0009090389,0.00023008273,0.00058672467
8520,0.00096514245,0.00028265294,0.00056703825
8521,0.0009383709,0.00025898463,0.0005774985
8522,0.0008263796,0.0001704751,0.0006114588
8523,0.00092975213,0.00025437924,0.00058501714
8524,0.0009306916,0.0002568062,0.00057330396
8525,0.001506331,0.0012749559,0.00046437824
8526,0.001284834,0.0007596133,0.00049511355
8527,0.0010120154,0.00034596768,0.0005472313
8528,0.0012626427,0.00072587584,0.00048050247
8529,0.0009868459,0.0003226611,0.00056584313
8530,0.0015271073,0.0013757321,0.00043790275
8531,0.0011688966,0.00057316205,0.00049346377
8532,0.00095562375,0.0002950776,0.0005340652
8533,0.001291589,0.000807053,0.00044892574
8534,0.0017054864,0.0020045417,0.00038502045
8535,0.0017367887,0.0021225945,0.00038302707
8536,0.0010567503,0.000415819,0.0004963312
8537,0.00056666124,0.00020416036,0.000568265
8538,0.0007843794,0.00022914173,0.0005836591
8539,0.00093233853,0.00028150965,0.00053516007
8540,0.0016637834,0.0019108292,0.00038240544
8541,0.00127286,0.00079968077,0.0004304462
8542,0.0010948156,0.00048838067,0.00045368637
8543,0.0011277084,0.0005420571,0.00043710353
8544,0.00088174996,0.00024087385,0.00050958863
8545,0.0012285898,0.0007320134,0.0004332047
8546,0.0017021267,0.0021330593,0.00035117986
8547,0.0017551028,0.0023531027,0.00033957796
8548,0.0015926145,0.0017233167,0.00035431283
8549,0.0015356734,0.0015338871,0.00035799295
8550,0.0016318662,0.0018682581,0.0003451329
8551,0.0009541985,0.0003196895,0.00045716544
8552,0.0017438475,0.0023185404,0.000331507
8553,0.00079301413,0.00019665186,0.00048857706
8554,0.0018404422,0.002750135,0.00032679422
8555,0.0010607033,0.00045457692,0.00043905733
8556,0.00081674475,0.00019385842,0.0004959589
8557,0.0014786039,0.0013763679,0.0004163974
8558,0.0011883231,0.0006758706,0.0004416584
8559,0.0015348119,0.0015742325,0.00037362232
8560,0.0017043309,0.002208533,0.00034498965
8561,0.0014360299,0.001270118,0.00037264772
8562,0.0010558446,0.00046192476,0.00042913575
8563,0.0018234146,0.002746655,0.00031919108
8564,0.0010961435,0.00052229763,0.00041781986
8565,0.0010759354,0.0004933163,0.00042602568
8566,0.0008702841,0.00024483635,0.00048202623
8567,0.0009221338,0.00029841287,0.00045920242
8568,0.0009531545,0.0003363601,0.0004906777
8569,0.0029825664,0.008310826,0.00026926622
8570,0.0021495845,0.0045623593,0.00031697136
8571,0.0027234305,0.008144031,0.00027589287
8572,0.0015891298,0.001710374,0.00038037056
8573,0.0011844076,0.0006544721,0.00043412164
8574,0.0038534747,0.009625531,0.00028904807
8575,0.0014565835,0.0013019461,0.00045257245
8576,0.003025387,0.008528827,0.0002787571
8577,0.001905228,0.0030335402,0.0003568594
8578,0.003294288,0.009507817,0.00026183488
8579,0.0022993502,0.00514579,0.00033652308
8580,0.000933775,0.00027888283,0.00054593163
8581,0.0015042485,0.0013566901,0.00041956783
8582,0.0031914692,0.009853131,0.00028302582
8583,0.0014270315,0.001094523,0.00047007774
8584,0.0016006575,0.0015944832,0.00044221035
8585,0.0014384579,0.0011261093,0.00046895718
8586,0.0009883423,0.00032568708,0.0005668884
8587,0.0009870835,0.00032757802,0.00064579793
8588,0.0020196997,0.0033868295,0.00042625106
8589,0.0012662631,0.000749053,0.00053738593
8590,0.0014236199,0.0011063588,0.0004932075
8591,0.0013221876,0.0008703753,0.00050393643
8592,0.0029239194,0.008263761,0.00040232792
8593,0.001332177,0.0008860069,0.00057440123
8594,0.0010014096,0.0003484764,0.0006050216
8595,0.0022386895,0.0047599366,0.00053897186
8596,0.0022189016,0.0052510747,0.00047344685
8597,0.0015691193,0.0019084531,0.00051161915
8598,0.0010383079,0.00050309673,0.0005627168
8599,0.002388461,0.005907363,0.0004062158
8600,0.0013946964,0.0014228164,0.00050948636
8601,0.0017247357,0.0028295168,0.000416567
8602,0.0040696203,0.010628342,0.00024805305
8603,0.004888447,0.012336187,0.00023341444
8604,0.0040898477,0.011558311,0.00028076628
8605,0.003912391,0.011644359,0.0003195525
8606,0.003894306,0.011994787,0.00036097554
8607,0.0049332837,0.014105708,0.0003623145
8608,0.0025631099,0.006449749,0.0005962029
8609,0.001250189,0.0006562087,0.0009352733
8610,0.0032836662,0.011736812,0.00057637994
8611,0.0039415755,0.013491,0.0005958327
8612,0.001423065,0.0008777259,0.0011604364
8613,0.0027237372,0.0066180797,0.0008393693
8614,0.0016744079,0.0014467229,0.001151071
8615,0.001016182,0.00027575516,0.0014933622
8616,0.0024382172,0.0046700533,0.00095811544
8617,0.00096753077,0.00022927838,0.0016068075
8618,0.00085491565,0.00015138643,0.0016978506
8619,0.0007462318,9.618586e-05,0.0018492385
8620,0.005357623,0.015275161,0.00083927566
8621,0.004920105,0.015211163,0.0010054986
8622,0.0030885644,0.007888541,0.0014806327
8623,0.004253414,0.014961877,0.0013435746
8624,0.0017756762,0.0013167537,0.0024133564
8625,0.00093781675,0.00015673826,0.003275036
8626,0.0011853051,0.00034317508,0.0030367672
8627,0.000997283,0.00019181632,0.0032159158
8628,0.0007741539,8.19369e-05,0.0021073318
8629,0.0015239553,0.00078557373,0.0026172223
8630,0.0015097581,0.0007612049,0.0027079128
8631,0.0035135532,0.009926059,0.0017295865
8632,0.0049217804,0.016417418,0.001569088
8633,0.004374358,0.014915799,0.0019315196
8634,0.0040775184,0.012386449,0.0022727782
8635,0.0014029576,0.00046875954,0.004237278
8636,0.0011173467,0.00021966465,0.0045527625
8637,0.0027293728,0.004086012,0.002822049
8638,0.0023557849,0.0025688019,0.0030640156
8639,0.0026984317,0.003918471,0.002842229
8640,0.0031370502,0.0060809753,0.0026560826
8641,0.002556602,0.0032558416,0.0030365435
8642,0.0037453792,0.009640792,0.0025017979
8643,0.003526961,0.008073672,0.0027443992
8644,0.00081310625,6.9783884e-05,0.004010485
8645,0.0019997475,0.0014162186,0.0039029666
8646,0.0008952235,9.751186e-05,0.004444379
8647,0.0017223505,0.00087338145,0.003899199
8648,0.004660071,0.015339423,0.0023013956
8649,0.0037843862,0.009298331,0.0028698256
8650,0.002052759,0.0014467972,0.004086042
8651,0.002928911,0.004481271,0.0033238884
8652,0.003415322,0.006961522,0.0030850586
8653,0.0032528916,0.0060015246,0.0032444485
8654,0.0026093198,0.0030670138,0.003698372
8655,0.0027247637,0.0035173323,0.0035667801
8656,0.0027575663,0.0036526737,0.0035110333
8657,0.0020461858,0.0014091625,0.0040296153
8658,0.0017705894,0.0008814043,0.0041832426
8659,0.0039198482,0.009969825,0.002715897
8660,0.002748387,0.0035902688,0.0034225578
8661,0.0010924098,0.00017284587,0.0052883406
8662,0.0013549222,0.00035896915,0.0045186733
8663,0.0017016152,0.000775409,0.0038673256
8664,0.0027168733,0.0035596536,0.0029687795
8665,0.0019248556,0.0011793138,0.0035096963
8666,0.0011043663,0.00018648915,0.004458241
8667,0.002437936,0.0025815195,0.0028968717
8668,0.0018990609,0.0011536118,0.0032389106
8669,0.0025195172,0.0029016624,0.002742973
8670,0.003387518,0.007025425,0.0023465257
8671,0.0043696254,0.013068517,0.002135468
8672,0.0034021863,0.0068384083,0.002635023
8673,0.0015962668,0.00061965844,0.0039309855
8674,0.003001592,0.0047775474,0.0029110955
8675,0.0040125945,0.010503912,0.002527275
8676,0.004482145,0.013287851,0.0025239023
8677,0.0021416375,0.0015582076,0.003939451
8678,0.0012010996,0.0002297024,0.0051198886
8679,0.0016685082,0.0006973266,0.0042410693
8680,0.0020858624,0.0014733383,0.0036548378
8681,0.0016904428,0.0007429024,0.003986531
8682,0.0013180193,0.00032745674,0.0045050853
8683,0.0016794169,0.00074460247,0.004029315
8684,0.0012449557,0.0002776117,0.004847653
8685,0.0022513014,0.0019971533,0.0036021785
8686,0.002672724,0.0034761324,0.0036343648
8687,0.0027560724,0.003819654,0.003557026
8688,0.0014677754,0.0004919434,0.004827071
8689,0.0007599412,5.473754e-05,0.0046026586
8690,0.0005965369,2.4549718e-05,0.0024911468
8691,0.00092473486,0.000106957224,0.005464486
8692,0.0025476054,0.0030639386,0.0035533977
8693,0.0026005155,0.0032671916,0.0034802388
8694,0.0017175563,0.00085230934,0.004231921
8695,0.0011905879,0.00025284092,0.0049622036
8696,0.001500145,0.0005519673,0.0042931745
8697,0.0009829612,0.0001361271,0.0051540253
8698,0.0006852081,4.076441e-05,0.0025898837
8699,0.00091297383,0.000106558655,0.0047013587
8700,0.0013690778,0.00041549353,0.0045391684
8701,0.0020741401,0.0016527273,0.0035608814
8702,0.002234539,0.0021113064,0.0033949441
8703,0.0016123917,0.00072553137,0.0039163874
8704,0.0015720585,0.00067156466,0.0039043422
8705,0.0026194945,0.0035354076,0.0029382014
8706,0.002609369,0.0034875632,0.0030099077
8707,0.0033712748,0.0073575894,0.002648167
8708,0.0020588378,0.0016060926,0.0035153318
8709,0.003242506,0.006530503,0.0027435038
8710,0.0027211,0.003852835,0.0030825753
8711,0.0031372963,0.0058619766,0.0028739944
8712,0.0022903797,0.0022150755,0.0034289793
8713,0.0015638593,0.00063525693,0.0040562255
8714,0.004094391,0.011712283,0.002423404
8715,0.0029667898,0.0048319777,0.0030738865
8716,0.002877925,0.0043926984,0.0031440172
8717,0.00104669,0.00015978518,0.00513607
8718,0.0019931637,0.0013777182,0.0035776317
8719,0.0019284531,0.0012453636,0.0035373047
8720,0.0010958855,0.00019080137,0.004513282
8721,0.0005806781,2.2987471e-05,0.0027941088
8722,0.0016103188,0.0007129198,0.0051870146
8723,0.0024525642,0.0028092368,0.004117864
8724,0.0021701069,0.0018886497,0.0043180864
8725,0.0016513712,0.0007693451,0.0049189418
8726,0.00067883864,3.9355393e-05,0.0021131202
8727,0.0009789668,0.00013367648,0.004774422
8728,0.0014114077,0.0004557413,0.004826453
8729,0.001108671,0.00020396424,0.0051754573
8730,0.0011679825,0.00024396136,0.0047993613
8731,0.0039059154,0.010604662,0.0025314349
8732,0.0034167944,0.0073295464,0.0029066212
8733,0.002912043,0.0045637293,0.0032606237
8734,0.0007279835,4.7362653e-05,0.0033210143
8735,0.00090856676,9.986523e-05,0.004939985
8736,0.002068326,0.0015583306,0.0035990814
8737,0.00092033023,0.00010556243,0.0051256637
8738,0.001084542,0.00018424561,0.0045695053
8739,0.0008835259,9.348011e-05,0.0048220987
8740,0.0019721938,0.0013706814,0.003160499
8741,0.0018719054,0.001162692,0.0031786286
8742,0.0010217329,0.00015564654,0.0042778724
8743,0.0015433246,0.0006230019,0.0033547268
8744,0.0011604655,0.00024214805,0.003732262
8745,0.00081091165,7.3449184e-05,0.0042619575
8746,0.0025946412,0.0034409312,0.0023102707
8747,0.0025149027,0.0031220121,0.0023572359
8748,0.0012758808,0.00033767777,0.0032951306
8749,0.0021950398,0.0020449108,0.0024423052
8750,0.0018048427,0.0010850328,0.0026657232
8751,0.0011671223,0.0002558588,0.0032326495
8752,0.0016716802,0.0008551132,0.0026244707
8753,0.0008372018,8.543666e-05,0.0035928509
8754,0.0006313452,3.3666074e-05,0.0022394538
8755,0.00065554096,3.8306247e-05,0.0025488373
8756,0.0006321653,3.4060435e-05,0.0023014979
8757,0.0006872318,4.5202883e-05,0.0029610624
8758,0.0010604527,0.00019409825,0.0031764898
8759,0.001881913,0.001318779,0.002321716
8760,0.0024316066,0.0030227732,0.002015103
8761,0.0022963108,0.002524645,0.0020839917
8762,0.0023460072,0.0027074513,0.00206095
8763,0.002486629,0.0032538965,0.0020044786
8764,0.0009530636,0.0001380928,0.0032349594
8765,0.00056401995,2.4040874e-05,0.0019083284
8766,0.0012777073,0.0003727874,0.0027534268
8767,0.0012772151,0.00037505402,0.0026826179
8768,0.0015006127,0.00064678874,0.002416222
8769,0.0013251728,0.00043049184,0.0025166795
8770,0.00058475113,2.8081124e-05,0.0022148497
8771,0.0005899025,2.9074716e-05,0.0021292493
8772,0.0009250248,0.00013161635,0.0029717695
8773,0.0016816545,0.00097306434,0.0021517815
8774,0.0008253723,9.1014255e-05,0.0030062946
8775,0.0011587605,0.00028504245,0.0024760566
8776,0.0012933223,0.0004144488,0.0023010839
8777,0.0006642815,4.4913788e-05,0.0030831615
8778,0.0005752661,2.7919175e-05,0.0019509931
8779,0.00057682756,2.8278078e-05,0.0019934287
8780,0.0012882547,0.0004172559,0.0021157083
8781,0.0015118526,0.000716066,0.0019179154
8782,0.0016002008,0.0008703231,0.0018380722
8783,0.0014924124,0.0006952641,0.0018800182
8784,0.00054237735,2.3763832e-05,0.0017101467
8785,0.0005718329,2.8492354e-05,0.0019900906
8786,0.0016895438,0.0010650198,0.0017598643
8787,0.0017857966,0.0012851688,0.0017023046
8788,0.00063319196,4.0703035e-05,0.0027937603
8789,0.0010225484,0.0002032457,0.0021648626
8790,0.0010642312,0.00023377432,0.0020788733
8791,0.0010357612,0.00021486545,0.0020655352
8792,0.001105447,0.00026883913,0.0019612215
8793,0.0008574326,0.00011563966,0.0021815735
8794,0.0010333356,0.00021715718,0.0019477472
8795,0.0005216049,2.2219025e-05,0.001480949
8796,0.0004975885,1.9053052e-05,0.0010835476
8797,0.001053917,0.00023493537,0.0018628592
8798,0.0006059491,3.7126745e-05,0.002399862
8799,0.0005911885,3.4345045e-05,0.0023696509
8800,0.0009309654,0.00015752182,0.001852086
8801,0.00081711274,0.00010242089,0.0019392878
8802,0.0006987698,6.102786e-05,0.0020534457
8803,0.0008048685,9.8412114e-05,0.0018763606
8804,0.0009872254,0.00019596913,0.0016652148
8805,0.0010316672,0.00022847549,0.001603747
8806,0.0009759414,0.00019094841,0.0016239624
8807,0.00090886327,0.0001513977,0.0016563273
8808,0.00056499144,3.1099164e-05,0.0020949
8809,0.00085241126,0.00012357545,0.0016942832
8810,0.00079705403,9.926576e-05,0.0017224533
8811,0.0008388263,0.00011839385,0.0016512825
8812,0.0009595643,0.00018667626,0.0015204409
8813,0.00056597556,3.21427e-05,0.0019430739
8814,0.0010449704,0.0002529521,0.0016912977
8815,0.00093225355,0.0001736256,0.0017821465
8816,0.00097431435,0.00020214237,0.0017171546
8817,0.0009411444,0.00018087293,0.0017215871
8818,0.0006450067,5.136239e-05,0.0020419352
8819,0.0007523854,8.623688e-05,0.0018573862
8820,0.0006194889,4.5213907e-05,0.0020080092
8821,0.0005465348,2.9853332e-05,0.0012594849
8822,0.0005024566,2.2602866e-05,0.00061659224
8823,0.00069231057,6.605655e-05,0.0018389664
8824,0.0006511945,5.403989e-05,0.0018623656
8825,0.00081688736,0.0001157419,0.0016367252
8826,0.0009122368,0.0001681877,0.0015269376
8827,0.00083535264,0.00012590228,0.0015735963
8828,0.0009199441,0.00017463374,0.0014791546
8829,0.000861441,0.00014087644,0.001508474
8830,0.0005992239,4.2065498e-05,0.0017793021
8831,0.00049297663,2.2006345e-05,0.0006485387
8832,0.0006240855,4.9042046e-05,0.0011948365
8833,0.00058278296,3.8976876e-05,0.0007059737
8834,0.0006354424,5.1962576e-05,0.0013797731
8835,0.00070993934,7.534238e-05,0.0020717715
8836,0.0007528366,9.176258e-05,0.0020711413
8837,0.0008669891,0.00014704521,0.001905632
8838,0.0009090547,0.00017233314,0.0018392854
8839,0.0009941543,0.00023258243,0.0017398694
8840,0.00089530484,0.00016406889,0.0018136405
8841,0.00086536806,0.00014658688,0.0018227348
8842,0.000791019,0.000108677064,0.0018818292
8843,0.0006879293,6.821192e-05,0.0019700038
8844,0.00059828645,4.2815907e-05,0.000943379
8845,0.0006693275,6.227515e-05,0.0018157789
8846,0.00060176733,4.379705e-05,0.00076063187
8847,0.00077289774,0.00010147405,0.0020769108
8848,0.0010186015,0.0002544988,0.001848319
8849,0.0008953305,0.00016505417,0.0019510912
8850,0.0006925944,6.983225e-05,0.0013976436
8851,0.0009243294,0.00018357456,0.0020619172
8852,0.000990242,0.00023010148,0.0019641642
8853,0.0008778892,0.00015333625,0.0020569535
8854,0.00072634744,8.113487e-05,0.001474981
8855,0.00026310535,4.5733723e-05,0.00025157374
8856,0.00035976132,6.7748726e-05,0.00033854623
8857,0.00093824643,0.0001879745,0.002257001
8858,0.000915729,0.00017244238,0.0021833323
8859,0.000849669,0.00013380981,0.0020046106
8860,0.0008633012,0.00014079051,0.00209841
8861,0.00075174356,8.8522684e-05,0.0012255051
8862,0.00032781257,6.6674984e-05,0.0003126068
8863,0.00097090035,0.00020817331,0.0021859407
8864,0.00097638246,0.00021234067,0.0019795336
8865,0.0009287276,0.0001800494,0.0018878117
8866,0.0008640525,0.00014182972,0.0016993843
8867,0.0001976703,6.925923e-05,0.00019154185
8868,0.0003706821,8.621765e-05,0.00035750016
8869,0.001050647,0.00027356306,0.0015982188
8870,0.00092137035,0.00017739553,0.0016083323
8871,0.0009031466,0.00016679657,0.0015461433
8872,0.00081300974,0.00011794345,0.0011841297
8873,0.0005586404,8.792846e-05,0.0005484291
8874,0.00045126732,8.2829334e-05,0.00044381293
8875,0.00031593756,7.724887e-05,0.00031118037
8876,0.0002952686,7.802341e-05,0.00029083493
8877,0.0009450577,0.00019663162,0.0013347806
8878,0.0009446143,0.00019736752,0.0012983195
8879,0.00090314914,0.0001707507,0.0012944152
8880,0.001231162,0.0004827625,0.0010845552
8881,0.00088511215,0.00016128793,0.0012573147
8882,0.001117284,0.0003528833,0.0010973322
8883,0.0012917266,0.00057505205,0.0010051352
8884,0.0010019226,0.00024777482,0.0011285621
8885,0.0010065532,0.00025284596,0.0011094242
8886,0.0014218389,0.00080388744,0.00096955197
8887,0.0011106569,0.00035527983,0.0010837206
8888,0.00083808566,0.00013935799,0.0012261927
8889,0.0012323024,0.00050999096,0.0011394602
8890,0.0013141438,0.0006362693,0.0010380719
8891,0.0011769676,0.00044401534,0.0010478515
8892,0.0009399957,0.00021105935,0.0011273028
8893,0.0009891579,0.00025170925,0.0010601984
8894,0.0011762485,0.00045112334,0.00094338396
8895,0.00089487334,0.00018217562,0.0010563781
8896,0.0013728266,0.0007615613,0.0008329385
8897,0.0014176088,0.0008507709,0.00080899
8898,0.0013080727,0.00065479765,0.0008333306
8899,0.0014805737,0.0009903633,0.00077410234
8900,0.0009135812,0.00019962364,0.0009803125
8901,0.0009260689,0.00020978751,0.0009592327
8902,0.0008714804,0.00017198257,0.0009752494
8903,0.0006340609,0.00010910179,0.00063029473
8904,0.001316599,0.0006865077,0.00082019134
8905,0.001810788,0.0019547066,0.0006886406
8906,0.001653532,0.0014565032,0.0007234478
8907,0.0017811671,0.001854642,0.0006963545
8908,0.0014874077,0.001030837,0.00076712837
8909,0.0012395437,0.0005656642,0.0008386251
8910,0.00080313644,0.00013348712,0.0010340164
8911,0.00060010306,9.307498e-05,0.000597507
8912,0.00085962843,0.00016855529,0.0010162692
8913,0.0015615777,0.0012323414,0.0008135789
8914,0.0015098101,0.001105871,0.000808011
8915,0.0010600991,0.00034342275,0.000946762
8916,0.0014241233,0.0009180783,0.0007970341
8917,0.0011499845,0.00045323378,0.00087580166
8918,0.0008662947,0.00017677025,0.0009926573
8919,0.0008736989,0.00018400568,0.00088576064
8920,0.00089124753,0.000198861,0.0010355788
8921,0.0011120678,0.0004201085,0.0008499435
8922,0.0008895275,0.00020117854,0.00089234626
8923,0.0010250573,0.00032548895,0.00080028834
8924,0.002447661,0.005352075,0.0004909738
8925,0.0018126625,0.0021003382,0.0005842649
8926,0.000826287,0.00015689357,0.0008601735
8927,0.0008442978,0.00016984897,0.00086903904
8928,0.0011348902,0.0004584819,0.0007183675
8929,0.0017595513,0.0019459081,0.00055801787
8930,0.0021011133,0.0034011763,0.00050572
8931,0.0014491485,0.0010284656,0.00061897543
8932,0.0011932271,0.0005429744,0.0006756819
8933,0.0015853393,0.001392449,0.00059690967
8934,0.00088016025,0.00019856048,0.00079494034
8935,0.0010266213,0.00033547412,0.00082613254
8936,0.0005718329,0.00017679298,0.0005672836
8937,0.001169557,0.0005292981,0.0006869614
8938,0.002317198,0.0047716303,0.00044813927
8939,0.0040249475,0.011263453,0.00033290352
8940,0.0022838074,0.0043515936,0.000484901
8941,0.0015052265,0.0011534254,0.00062082906
8942,0.0022392552,0.0040806006,0.00049789326
8943,0.0011684706,0.000496817,0.0007036498
8944,0.0011560577,0.0004822671,0.0006968517
8945,0.0011562373,0.00048512156,0.0006835638
8946,0.0014791812,0.0011010899,0.0005993055
8947,0.0019131333,0.0025324041,0.00052174233
8948,0.003264136,0.010119983,0.00043387938
8949,0.002876675,0.008061462,0.0005017595
8950,0.0014817961,0.0010291272,0.0007468618
8951,0.001174925,0.0004792567,0.0008271839
8952,0.0033301197,0.010891902,0.00047744808
8953,0.0027325242,0.0066111786,0.0005862979
8954,0.0023809785,0.0043499544,0.00066646055
8955,0.0009653691,0.00022892308,0.0010865747
8956,0.0007971513,0.00012122008,0.0011789937
8957,0.0007883291,0.00011749264,0.0010913153
8958,0.0013796976,0.00076563196,0.0010201258
8959,0.0016905649,0.0015000954,0.00087654055
8960,0.0038182288,0.011794276,0.0005601364
8961,0.0019840233,0.002393256,0.0008637872
8962,0.0009541971,0.00021445686,0.001271755
8963,0.0011929255,0.00045400753,0.0011116576
8964,0.0012520453,0.00053583016,0.0010579021
8965,0.0011363452,0.00038977232,0.0010876887
8966,0.002852831,0.0071910806,0.00071362196
8967,0.0046856976,0.013635014,0.0005734572
8968,0.001810274,0.001677475,0.0010571419
8969,0.0018271836,0.0017301767,0.0010456367
8970,0.0010003275,0.00023590281,0.0014089637
8971,0.0010499376,0.00027844633,0.0013504785
8972,0.0009658481,0.00021153477,0.0013819642
8973,0.0011943898,0.00043152185,0.0012209809
8974,0.0013373864,0.00063121004,0.0011386797
8975,0.0013597697,0.0006695662,0.0011186115
8976,0.0026930897,0.005835287,0.00078483846
8977,0.0011468729,0.00037379036,0.001270571
8978,0.00084579224,0.00013679455,0.0013516544
8979,0.0012340571,0.00048861356,0.0016238852
8980,0.0045326385,0.012227043,0.00072949927
8981,0.0046472372,0.0128645655,0.00071065687
8982,0.0034090106,0.010365499,0.00087070785
8983,0.003433284,0.01023844,0.00090915436
8984,0.006049612,0.016026905,0.0007175527
8985,0.0016467266,0.0010336457,0.001612053
8986,0.0018555077,0.0015355385,0.0014867684
8987,0.0020917642,0.002266585,0.0013830563
8988,0.0025940652,0.0044184155,0.0012386073
8989,0.0023068401,0.0030581655,0.0013472167
8990,0.003422358,0.009418181,0.0011129254
8991,0.0025526963,0.0040287753,0.0014008477
8992,0.0009287621,0.00014592998,0.0023678713
8993,0.0026747049,0.0046260348,0.0013809812
8994,0.0029846942,0.00629859,0.0013444574
8995,0.0015099202,0.00072208105,0.0019844826
8996,0.0012121429,0.00034920647,0.002177583
8997,0.0023774107,0.0031795723,0.0015240727
8998,0.002515054,0.0037706106,0.0015022941
8999,0.0019608221,0.0017074833,0.0017381265
9000,0.0031575256,0.0072768247,0.0013621121
9001,0.00207107,0.0019986404,0.0017851507
9002,0.0029267839,0.0057884445,0.0014988575
9003,0.0024722926,0.0034535935,0.0016997675
9004,0.0017325757,0.0010993946,0.002061821
9005,0.001252331,0.00037586468,0.0023933612
9006,0.0007510678,6.8366404e-05,0.0026592924
9007,0.0012376627,0.00036564918,0.0023740572
9008,0.0007995669,8.553933e-05,0.0026625583
9009,0.0008207279,9.408763e-05,0.0023667575
9010,0.0024664225,0.003545111,0.0021016705
9011,0.0021335897,0.0022283187,0.0022309877
9012,0.0027695342,0.0049714455,0.0019478559
9013,0.002203703,0.002428031,0.0022201887
9014,0.0036104284,0.010056827,0.0017095277
9015,0.0039911917,0.012356332,0.0017487648
9016,0.0024807493,0.0032241135,0.0024574045
9017,0.0010373574,0.00018228561,0.0037705577
9018,0.0024875167,0.003249596,0.0023592608
9019,0.0016067886,0.00078591367,0.0029419723
9020,0.0016451614,0.0008540256,0.0028405034
9021,0.0013578917,0.0004531852,0.0030492444
9022,0.001218209,0.00031702642,0.003123597
9023,0.0027909903,0.0046831113,0.0020097825
9024,0.0044356105,0.014985057,0.0016213574
9025,0.004530378,0.015107291,0.0018190014
9026,0.0041395356,0.012085867,0.0021532641
9027,0.0025620414,0.0031025007,0.0029933683
9028,0.0019251667,0.0012368354,0.003426735
9029,0.0018238333,0.0010421952,0.003425273
9030,0.0014492639,0.00049018516,0.0039075534
9031,0.00066351076,3.6147205e-05,0.0020976895
9032,0.0009675221,0.00012827158,0.0046582287
9033,0.0023076602,0.0023071754,0.0029534162
9034,0.0010814909,0.00018830963,0.0042807474
9035,0.0036104182,0.008721663,0.0022784641
9036,0.0035102128,0.007947078,0.002441829
9037,0.003797944,0.009588916,0.0024537963
9038,0.0020942064,0.0015873017,0.0035018786
9039,0.0035200564,0.0077506052,0.0026377286
9040,0.0027280757,0.0036419462,0.003116398
9041,0.0014581529,0.0004730871,0.0042160144
9042,0.002331728,0.0022411468,0.0032485737
9043,0.0026557124,0.0033948105,0.002994982
9044,0.0037378238,0.009046738,0.0025111772
9045,0.00067705533,3.593184e-05,0.0032933776
9046,0.0011691196,0.00022547932,0.0046471427
9047,0.0017874372,0.0009393171,0.0036798015
9048,0.0013094561,0.00033655527,0.0043543517
9049,0.0016760943,0.0007740374,0.0037402986
9050,0.0016937486,0.0008081184,0.0035957904
9051,0.0026883935,0.0036256046,0.0027911188
9052,0.0010990534,0.0001920254,0.0043300064
9053,0.0009875379,0.00013523897,0.004353985
9054,0.0010482407,0.00016660105,0.0041174605
9055,0.0022825717,0.0022205801,0.0028626597
9056,0.0013999115,0.00044542016,0.0035924236
9057,0.0010122852,0.00015166469,0.004052081
9058,0.0005915154,2.530284e-05,0.00183297
9059,0.0006649448,3.7749305e-05,0.0021210634
9060,0.0011812598,0.00025947162,0.003964943
9061,0.0012675357,0.00033081044,0.0037028394
9062,0.0007320566,5.3014614e-05,0.0027652858
9063,0.001806255,0.0010901513,0.0031269554
9064,0.002442652,0.0029073844,0.0026315025
9065,0.0017558547,0.000997784,0.0030932676
9066,0.0025571526,0.0033707323,0.0025076664
9067,0.003168275,0.00635787,0.002263097
9068,0.0030221716,0.0054864455,0.0024081888
9069,0.0026788572,0.0037927437,0.002630674
9070,0.002557184,0.0032786245,0.0027517653
9071,0.0020526287,0.0016243327,0.00306872
9072,0.0012947476,0.000354623,0.0038123562
9073,0.0017010325,0.00088958367,0.0034554922
9074,0.001440258,0.0005145028,0.0036707702
9075,0.0010791685,0.00019710377,0.0040809484
9076,0.0009738157,0.00014149919,0.0041943984
9077,0.0011863145,0.00027525643,0.004328132
9078,0.00075088383,5.965059e-05,0.0021971818
9079,0.00160534,0.0007585327,0.0036665585
9080,0.0013575065,0.00043605862,0.004052517
9081,0.0025934218,0.0035979387,0.0028206694
9082,0.0029352696,0.0051848446,0.0026510744
9083,0.0026003816,0.0035560187,0.0028695846
9084,0.001716104,0.0009280261,0.0036548632
9085,0.0015273561,0.0006320335,0.0037418515
9086,0.001449625,0.0005342687,0.003879185
9087,0.0013681625,0.00044203686,0.003857203
9088,0.0017419916,0.0009907047,0.0033017404
9089,0.001410239,0.0004935374,0.0036827405
9090,0.001475921,0.0005778042,0.0036117283
9091,0.0009857409,0.0001509054,0.0032571026
9092,0.0017155849,0.00096194574,0.0034211113
9093,0.0030512987,0.0059058913,0.0024153658
9094,0.0017919183,0.0010946912,0.003170396
9095,0.0011566072,0.0002556654,0.003766702
9096,0.0013080918,0.00038810784,0.0034319218
9097,0.0012712384,0.0003546643,0.0033289897
9098,0.0023030168,0.0025214918,0.0024219756
9099,0.0016916525,0.00092401507,0.0027883926
9100,0.0013863258,0.00047924745,0.0029858663
9101,0.001505699,0.0006348948,0.002772333
9102,0.0010251078,0.00017670261,0.0032474694
9103,0.0016198881,0.00081881334,0.0025069702
9104,0.0018949987,0.0013811506,0.0022677388
9105,0.0026536125,0.004038937,0.0018890871
9106,0.0020517341,0.0017863081,0.002185097
9107,0.0014012296,0.00051207235,0.0029086813
9108,0.0030751082,0.006269841,0.001948865
9109,0.0027823404,0.0046160053,0.0021152946
9110,0.001960535,0.0015229965,0.0026633719
9111,0.0022974906,0.0025443416,0.0024040272
9112,0.002900777,0.0051906705,0.0021195218
9113,0.0035244208,0.008794105,0.0019626815
9114,0.002502213,0.0031937817,0.0024791877
9115,0.0016811306,0.0008796428,0.003027258
9116,0.0016132094,0.0007714659,0.0030153976
9117,0.0017858332,0.00108618,0.0027993298
9118,0.0027212687,0.0041851476,0.002228388
9119,0.0022209974,0.002206179,0.0025033432
9120,0.002165029,0.002036234,0.0025217163
9121,0.0021204255,0.0019089123,0.0025356477
9122,0.00095760584,0.00013663997,0.003701796
9123,0.0008954673,0.00010999284,0.0035813518
9124,0.00094103394,0.0001307102,0.0037532786
9125,0.0019997067,0.0016122384,0.0025142878
9126,0.000759255,6.429814e-05,0.0022260253
9127,0.0023515436,0.0027290916,0.0022751575
9128,0.0025840588,0.0036576877,0.0021717208
9129,0.0022839054,0.0024753513,0.002335853
9130,0.0021843985,0.0021480445,0.0023837101
9131,0.0012752075,0.000364581,0.0030889881
9132,0.0015205666,0.0006597139,0.002751991
9133,0.0025243992,0.0034337868,0.0020905263
9134,0.0010943763,0.00022055635,0.0031868087
9135,0.00075112697,6.292548e-05,0.0027623284
9136,0.0006885263,4.7282436e-05,0.002020234
9137,0.0011356024,0.0002545383,0.0032971273
9138,0.0014730953,0.0006097104,0.0028124086
9139,0.0019113603,0.0014542716,0.0026521592
9140,0.0009823405,0.0001590353,0.00359818
9141,0.000691384,4.925265e-05,0.0011931323
9142,0.00092972687,0.00013329624,0.002849813
9143,0.0014309654,0.00056923105,0.0036301576
9144,0.0008598812,0.00010425537,0.0015675642
9145,0.002413522,0.0031532645,0.0021480536
9146,0.0013281738,0.0004479992,0.0027226573
9147,0.0008108743,8.658834e-05,0.0014221272
9148,0.0008126259,8.8007684e-05,0.0010252385
9149,0.0009158822,0.00013367776,0.0009569416
9150,0.0010717708,0.00023449688,0.0021954132
9151,0.0021209305,0.0022911003,0.0015894659
9152,0.000995698,0.00019117874,0.0019727896
9153,0.0015257222,0.00080631935,0.0014626082
9154,0.0018528674,0.0015470529,0.0012208077
9155,0.002352638,0.0033376701,0.0010247361
9156,0.0013048758,0.00049086637,0.0013522035
9157,0.00087631977,0.0001310613,0.0014416503
9158,0.001345662,0.00055429793,0.001240098
9159,0.0017941,0.0014469664,0.0010606834
9160,0.0018181102,0.0015218797,0.0010233765
9161,0.0011604987,0.0003467706,0.0012540367
9162,0.00094618177,0.00017678157,0.0013440975
9163,0.0012095569,0.000404811,0.0011524565
9164,0.0010428587,0.00024872966,0.0012106358
9165,0.0015509665,0.00093891943,0.00096826087
9166,0.0016478073,0.001153761,0.0009267513
9167,0.0014885775,0.00083033106,0.0009666605
9168,0.0013778721,0.00064703554,0.0009934672
9169,0.0009771361,0.00020708099,0.0011648347
9170,0.0013273383,0.00058006484,0.0010138361
9171,0.00086390006,0.00013926484,0.001236238
9172,0.0007708515,9.572531e-05,0.0008565323
9173,0.0010695134,0.00028764372,0.0010708441
9174,0.0003218006,9.851173e-05,0.0003191874
9175,0.00091433746,0.0001732655,0.001243183
9176,0.0013639476,0.0006636707,0.0009705779
9177,0.0011381325,0.0003665638,0.0010256773
9178,0.0015357059,0.000999017,0.00085330935
9179,0.0009855507,0.00023018639,0.0010442684
9180,0.0016013536,0.0011633425,0.00081006926
9181,0.0014395955,0.0008244019,0.000844107
9182,0.0009757256,0.00022743962,0.0010057496
9183,0.001638793,0.0012796264,0.0007562933
9184,0.0011864566,0.00044196073,0.00088206376
9185,0.001193461,0.00045372796,0.0008645437
9186,0.0012165483,0.00048674678,0.0008432859
9187,0.0009717168,0.00023148366,0.0009310439
9188,0.00081234664,0.00012796604,0.0010019136
9189,0.001105174,0.0003597381,0.0008449819
9190,0.0012741823,0.000581134,0.00077744946
9191,0.0010169487,0.00027572634,0.0008634074
9192,0.0009146852,0.0001946159,0.000899893
9193,0.0008207321,0.00013619596,0.00093834155
9194,0.0016478684,0.0013849211,0.00065307866
9195,0.000967499,0.00023784574,0.00085691037
9196,0.0016953861,0.0015308585,0.0006399964
9197,0.0012611281,0.0005794538,0.0007481259
9198,0.0011995911,0.00049313187,0.0007639401
9199,0.0010147864,0.00028377623,0.0008266676
9200,0.00094674743,0.0002261841,0.000849532
9201,0.00076483656,0.000111500325,0.00095690094
9202,0.0008224626,0.00014344224,0.0010198046
9203,0.0008412641,0.00015539752,0.0009841777
9204,0.0010049976,0.00028271507,0.000881426
9205,0.00081137917,0.00013899268,0.00096382137
9206,0.0010433631,0.00032519843,0.0009510507
9207,0.0012247169,0.000559291,0.0008235414
9208,0.0010279121,0.00031454995,0.0008567017
9209,0.00091404223,0.00021408044,0.00087144284
9210,0.00088884623,0.00019633051,0.00085997983
9211,0.0013069113,0.0007130286,0.0006852558
9212,0.0009734723,0.00026917816,0.00077671406
9213,0.000957077,0.00025580588,0.0007644382
9214,0.0013772029,0.00086379604,0.0006535151
9215,0.0011301207,0.00045107986,0.00070292776
9216,0.0011169018,0.0004365626,0.0006943281
9217,0.0011693538,0.00051156105,0.0006616803
9218,0.00091484183,0.00022703789,0.0007332449
9219,0.0006927089,0.00014434777,0.0006966708
9220,0.0005916632,0.00017167567,0.0005892698
9221,0.00094383786,0.0002584089,0.0007894409
9222,0.0012335839,0.00064089213,0.00061642134
9223,0.0012876432,0.000748583,0.0005569335
9224,0.0012505008,0.00068683556,0.000533078
9225,0.001031475,0.00036589272,0.00056642847
9226,0.0011311955,0.00050469814,0.00058019615
9227,0.0012157444,0.0006550358,0.0004979972
9228,0.0010159431,0.00036676764,0.00050073676
9229,0.00024141464,0.00019563918,0.00024576683
9230,0.00036326534,0.00021083179,0.00037070064
9231,0.00067771436,0.0002434226,0.0004597912
9232,0.0011266243,0.0005385005,0.00041038822
9233,0.0009991148,0.0003666983,0.00040790215
9234,0.00088734843,0.0002878586,0.00040175038
9235,0.0010205483,0.00040301378,0.00036595328
9236,0.0011935722,0.00068588293,0.00034250962
9237,0.0012075014,0.00072201574,0.00032622178
9238,0.0012397304,0.0007966752,0.00030797435
9239,0.0009407155,0.0003220629,0.0003421815
9240,0.0014641722,0.0014002603,0.00026483662
9241,0.0012510932,0.00084124797,0.0002826849
9242,0.0013335026,0.0010443426,0.00026917504
9243,0.0010747042,0.0005151662,0.00029694894
9244,0.0009388185,0.00033096285,0.00031440804
9245,0.00095699297,0.0003561122,0.00032564727
9246,0.0010414682,0.00047765984,0.00032289268
9247,0.0020928562,0.004532199,0.00021226876
9248,0.0015907405,0.0019229123,0.00024403054
9249,0.001461586,0.001469246,0.0002499734
9250,0.0012048645,0.00078467914,0.000271104
9251,0.0011698585,0.00071675505,0.00026987214
9252,0.0011073194,0.0006014845,0.00027297562
9253,0.0016244461,0.0021110866,0.00022152583
9254,0.0012169005,0.0008253644,0.00025808314
9255,0.0011346304,0.0006580072,0.00026560287
9256,0.0008967651,0.0003027196,0.00029699042
9257,0.001688308,0.0024286343,0.00024484744
9258,0.0016921978,0.0024561128,0.00023526276
9259,0.0011905339,0.0007878813,0.00027519546
9260,0.0011038275,0.0006203675,0.0002942878
9261,0.0012237953,0.0008836762,0.00026269504
9262,0.0014500747,0.0015522306,0.00023021536
9263,0.0015753272,0.0020350972,0.00021499887
9264,0.0009671532,0.00041252948,0.0002742775
9265,0.0012534473,0.000984004,0.00026104212
9266,0.001573733,0.0020906795,0.00021391577
9267,0.0014255026,0.001532725,0.00021473985
9268,0.0018055239,0.003257333,0.00018367237
9269,0.0017288249,0.0028349126,0.00018719799
9270,0.0015795934,0.0021256062,0.0001962198
9271,0.0011467725,0.0007502501,0.00023057975
9272,0.0012362066,0.0009698744,0.00024483603
9273,0.0012347202,0.0009838719,0.00025815476
9274,0.0023265702,0.0053649144,0.00018820666
9275,0.0022833734,0.005606351,0.00016763441
9276,0.0015369885,0.0022432539,0.00018810564
9277,0.0020023761,0.0050950507,0.00015019375
9278,0.0010318696,0.00061773777,0.00020617513
9279,0.0030472812,0.0074315974,0.00012888234
9280,0.001235436,0.0011380215,0.00019421995
9281,0.0010288662,0.00063555205,0.00019607543
9282,0.00049482594,0.00041559935,0.00021451252
9283,0.0012427495,0.001252533,0.00019122256
9284,0.002162912,0.004945679,0.00012134591
9285,0.0020648483,0.005011496,0.00011382992
9286,0.0012588683,0.001545036,0.00013896197
9287,0.0021907638,0.0056533692,0.00010126715
9288,0.0021782976,0.0058371043,0.00010111484
9289,0.0018983983,0.0051725307,0.000111252535
9290,0.0018179484,0.0045217634,0.00011904741
9291,0.002427673,0.006790595,0.000110140456
9292,0.0012966944,0.0014965785,0.00016087384
9293,0.0009328289,0.00050663407,0.00019751555
9294,0.0015042104,0.00240641,0.00016647602
9295,0.004163022,0.010043088,9.2536044e-05
9296,0.003109329,0.008488827,0.000114944916
9297,0.0026650648,0.007752957,0.0001333405
9298,0.0016699763,0.0029612747,0.00018242678
9299,0.003627669,0.009045151,0.00015262893
9300,0.0028727,0.007886916,0.00017164339
9301,0.0011820613,0.0009157721,0.0002742574
9302,0.0013901275,0.0015541142,0.00024342278
9303,0.0013725704,0.0014869916,0.00024017997
9304,0.0024815307,0.0074490495,0.00017593034
9305,0.0010114636,0.0005232301,0.00029660936
9306,0.0010373208,0.0005733152,0.00034746047
9307,0.0029901604,0.008132624,0.00018041108
9308,0.0011096216,0.00070506765,0.0003021808
9309,0.0029732478,0.008461158,0.00017394619
9310,0.0031453734,0.0087646,0.00018993349
9311,0.002555904,0.007669186,0.00022065283
9312,0.0010764622,0.0005716874,0.0003608608
9313,0.003436143,0.009308269,0.00021838429
9314,0.0033198122,0.0093943495,0.00022740524
9315,0.003019486,0.009047117,0.00025239028
9316,0.001457739,0.0013809935,0.00039324674
9317,0.0014702387,0.0014181683,0.00038794355
9318,0.003173292,0.009825082,0.00026027777
9319,0.0026124641,0.007702126,0.00031758536
9320,0.0037031476,0.01141755,0.0002860947
9321,0.003025886,0.010314682,0.00035911112
9322,0.0038529155,0.012340888,0.0003533706
9323,0.004744553,0.014250122,0.00036124585
9324,0.0028181598,0.0076375166,0.0005527809
9325,0.0025490704,0.0056316406,0.0006295057
9326,0.0020606888,0.0029162704,0.00074198074
9327,0.0024564394,0.004937136,0.00069592433
9328,0.0014336739,0.00088293676,0.00095894485
9329,0.0010190924,0.00028442504,0.0011402355
9330,0.0032300495,0.010214816,0.0006366349
9331,0.0009537516,0.00021818702,0.0013088475
9332,0.00083925435,0.00014289176,0.001437883
9333,0.00082374323,0.00013480935,0.0015272968
9334,0.0018294781,0.0019028573,0.0011475604
9335,0.0039345175,0.013059906,0.0007803946
9336,0.0019319899,0.0021149497,0.0012741145
9337,0.0011821601,0.00041830784,0.0016403397
9338,0.00096705696,0.00021372223,0.0017887471
9339,0.003180412,0.009061997,0.0009676509
9340,0.0008538994,0.00013504553,0.002038964
9341,0.00074871193,8.7717075e-05,0.00080367434
9342,0.0035143658,0.011227438,0.0011282748
9343,0.0018816744,0.0017588813,0.001673566
9344,0.0019614177,0.0020021333,0.0016112227
9345,0.003586395,0.011263342,0.001174528
9346,0.0011250792,0.0003022464,0.0023151287
9347,0.0010896372,0.0002718619,0.002292039
9348,0.0012032227,0.0003793366,0.002150102
9349,0.0019938436,0.002012828,0.001749494
9350,0.0008467102,0.00011727467,0.0021682284
9351,0.000997491,0.00020312263,0.0024238424
9352,0.0010025225,0.00020693129,0.0023710427
9353,0.0007574586,8.1397884e-05,0.0009874832
9354,0.0010319436,0.00023192326,0.001826321
9355,0.0021690086,0.0027309998,0.0017812677
9356,0.0025913129,0.0047422927,0.0013974827
9357,0.00472503,0.013382336,0.0009295444
9358,0.005550308,0.015078571,0.0008885309
9359,0.003127226,0.007369144,0.001318889
9360,0.0015448709,0.00080169056,0.0019394173
9361,0.0009890228,0.00018213027,0.0023321656
9362,0.0054719574,0.015566286,0.0009838308
9363,0.0020384642,0.0019005837,0.0018495097
9364,0.002458787,0.0034462155,0.0016525575
9365,0.0011913658,0.0003215112,0.0023773795
9366,0.0036472573,0.010401342,0.0013270174
9367,0.0038953824,0.011809169,0.0013980882
9368,0.001065762,0.00020435771,0.002940054
9369,0.0012128623,0.0003171405,0.0026981917
9370,0.0032543347,0.007352922,0.0015962906
9371,0.00258853,0.0037096406,0.0018864308
9372,0.0024713045,0.0032025508,0.001954279
9373,0.0020488333,0.0017603473,0.0021614642
9374,0.0032557452,0.007219817,0.0016963395
9375,0.0030037763,0.0056623323,0.0018575366
9376,0.0035480503,0.0088358885,0.001762561
9377,0.0035742167,0.008824363,0.0018983063
9378,0.0013606846,0.00041885764,0.0032703334
9379,0.0012926937,0.0003559384,0.0033198907
9380,0.00315661,0.0062567177,0.0021081865
9381,0.0019721685,0.0014365187,0.0027619128
9382,0.0017650749,0.0010030338,0.0028672428
9383,0.0028086095,0.00444219,0.002230925
9384,0.0021814075,0.0020053885,0.0025730475
9385,0.0023022916,0.002392821,0.0024829262
9386,0.005221897,0.0190878,0.001623309
9387,0.0036877608,0.008966918,0.00229548
9388,0.0029542004,0.0047381595,0.002713552
9389,0.0017044899,0.00081199536,0.0036249808
9390,0.0029965434,0.004972654,0.0028538448
9391,0.0016288977,0.0007016599,0.003903088
9392,0.0017073939,0.0008273507,0.003711295
9393,0.001380864,0.0004118486,0.004155989
9394,0.0015104115,0.00056062336,0.0039249184
9395,0.0032225577,0.006283144,0.00263972
9396,0.003030108,0.005220074,0.0030605101
9397,0.0020321622,0.0014779369,0.00378118
9398,0.0033290777,0.0067958958,0.002917869
9399,0.001042549,0.00015826242,0.0050012176
9400,0.0022841992,0.002148487,0.0035770538
9401,0.0022016028,0.0019130253,0.0035840361
9402,0.0015263823,0.00057638023,0.0045518912
9403,0.0016891549,0.0008117353,0.004162992
9404,0.00094674923,0.000118025746,0.0037922466
9405,0.0015891896,0.00066957093,0.0041737794
9406,0.0017278694,0.0008887111,0.0038477709
9407,0.0020872822,0.0016625483,0.003388046
9408,0.0013023907,0.0003495102,0.004161679
9409,0.0014910018,0.0005526476,0.0037364752
9410,0.0018984729,0.0012398286,0.0032393644
9411,0.0028279643,0.004416399,0.0025944503
9412,0.0014237085,0.00047682424,0.0037092303
9413,0.002999155,0.005259788,0.0024776568
9414,0.0024511167,0.0028185055,0.002799721
9415,0.002324162,0.0023828754,0.0028625904
9416,0.0020307312,0.0015478109,0.00315382
9417,0.0035149325,0.008185448,0.002349784
9418,0.003042244,0.0053737843,0.0026574146
9419,0.0010754175,0.00018225727,0.004905521
9420,0.0027048446,0.0037864526,0.003113371
9421,0.0024002949,0.002596008,0.0033063788
9422,0.0008327656,7.754884e-05,0.003335429
9423,0.0023575588,0.0024620767,0.0032701618
9424,0.0035440403,0.008225819,0.0026333507
9425,0.0008552593,8.311586e-05,0.0036800122
9426,0.0008311726,7.590943e-05,0.0033982736
9427,0.0007852872,6.3253894e-05,0.0025664903
9428,0.0010974153,0.00019452175,0.0048631146
9429,0.0009244933,0.00011016202,0.0035211274
9430,0.0011613602,0.0002384228,0.0045907246
9431,0.0011168264,0.00021019523,0.0041603525
9432,0.0012195064,0.00028353193,0.0046846177
9433,0.0008549338,8.6755776e-05,0.0022415847
9434,0.001022546,0.00015845007,0.003548336
9435,0.000962038,0.00012982212,0.0031761357
9436,0.00167358,0.000831049,0.0032791507
9437,0.0022483692,0.0021995502,0.0027685948
9438,0.0024860392,0.0030389894,0.0026994257
9439,0.0014150351,0.0004812629,0.0034486875
9440,0.0013280577,0.00039240398,0.003388921
9441,0.0018962119,0.0012899048,0.002714179
9442,0.0011768664,0.00026588363,0.0033968876
9443,0.0013979579,0.0004763496,0.0029625124
9444,0.0019609774,0.0014714638,0.002401775
9445,0.002919917,0.0051518255,0.0019628936
9446,0.0034392083,0.008072668,0.0018343952
9447,0.0028792948,0.004795582,0.0021090144
9448,0.0028690964,0.004711451,0.0021462687
9449,0.0032357082,0.006623383,0.0020578003
9450,0.0021453204,0.0018579521,0.0026233809
9451,0.0027627442,0.0041346964,0.0022770273
9452,0.0027226415,0.003938743,0.0023191771
9453,0.0028475064,0.0044956575,0.0022880188
9454,0.0013570988,0.0004050208,0.0033479906
9455,0.0013449523,0.00039682165,0.003366213
9456,0.0010380067,0.0001679654,0.0036882441
9457,0.0023285055,0.0024516094,0.0024096067
9458,0.0019341531,0.0013483287,0.0026277709
9459,0.003063314,0.005704609,0.0020515947
9460,0.0035212657,0.008298411,0.0019687465
9461,0.0030723833,0.00558489,0.0022295464
9462,0.0034315174,0.007546934,0.0021633303
9463,0.000769522,5.8677957e-05,0.0030602715
9464,0.0008929129,9.714816e-05,0.004110792
9465,0.00067894236,3.915376e-05,0.0019645363
9466,0.0010158224,0.00015174584,0.0040301913
9467,0.001645111,0.000767699,0.0032070433
9468,0.0013927524,0.00044400952,0.0033776367
9469,0.00094942586,0.00012426704,0.003927641
9470,0.0013805196,0.00043809126,0.0032921596
9471,0.002529293,0.003195906,0.0024083604
9472,0.002275138,0.0022852258,0.0025459891
9473,0.0015226929,0.00061364466,0.0030779447
9474,0.001566919,0.00067992177,0.0029480043
9475,0.0009715681,0.0001385175,0.0036171824
9476,0.0021360787,0.0019089628,0.0023787525
9477,0.0031898452,0.00652403,0.0019260653
9478,0.003269183,0.006897008,0.0019784668
9479,0.0011239544,0.00022077521,0.0034964464
9480,0.0006114742,2.8986242e-05,0.0013021424
9481,0.0010099697,0.00015857199,0.003116617
9482,0.0015567888,0.00067559036,0.0037101973
9483,0.00084568356,8.822434e-05,0.0020132218
9484,0.0007818505,6.808182e-05,0.001437488
9485,0.0011067684,0.0002186348,0.0037442273
9486,0.0021878285,0.002100601,0.0025112992
9487,0.0012476133,0.000329514,0.0032192974
9488,0.0015177499,0.0006383519,0.0027985475
9489,0.001780436,0.0010909942,0.002498614
9490,0.0011765198,0.00027650775,0.0030136216
9491,0.0011697167,0.00027325857,0.0029497687
9492,0.0022662235,0.0024366605,0.002045874
9493,0.0023691265,0.0028080323,0.001985777
9494,0.0021796033,0.002154019,0.002067548
9495,0.0023271064,0.0026595276,0.0019860116
9496,0.002228964,0.002320172,0.0020284038
9497,0.001753332,0.0010649604,0.0022781778
9498,0.0012481948,0.00034597993,0.0026456786
9499,0.00095944566,0.00014438204,0.0029265718
9500,0.0019247014,0.0014773582,0.0021547175
9501,0.0026102473,0.0038991217,0.0018231497
9502,0.001854149,0.0013055975,0.002194874
9503,0.0008123099,8.3734856e-05,0.0023951656
9504,0.002286894,0.0025921299,0.0018957522
9505,0.0019280927,0.0014969873,0.0020694386
9506,0.0017458195,0.0010855356,0.0021529524
9507,0.0008079926,8.3445055e-05,0.002598627
9508,0.0013212074,0.0004345997,0.002367734
9509,0.0012284123,0.0003429777,0.0023993496
9510,0.0011020942,0.0002401277,0.0024714821
9511,0.00097475376,0.00016020413,0.0025612386
9512,0.0007507571,6.724752e-05,0.002242356
9513,0.0020736859,0.00197722,0.0016774104
9514,0.000679092,4.8439528e-05,0.0015926808
9515,0.00068888016,5.1003277e-05,0.0017227432
9516,0.00093038287,0.00013998926,0.0024119213
9517,0.0010750276,0.00022842649,0.0021915673
9518,0.0006585908,4.4635715e-05,0.0014061977
9519,0.001049842,0.00021326658,0.002168244
9520,0.0013119061,0.0004520181,0.0019011114
9521,0.001634766,0.0009451284,0.001676311
9522,0.001369475,0.0005283079,0.0018134598
9523,0.0017915784,0.0012934789,0.0015630272
9524,0.0008685807,0.00011664796,0.002225376
9525,0.0007076286,5.908727e-05,0.0022222083
9526,0.0011114968,0.00026899288,0.0018828526
9527,0.00074813486,7.1981594e-05,0.0022460923
9528,0.0018768728,0.0015462118,0.0014144173
9529,0.0013542895,0.0005294007,0.001700797
9530,0.0014177689,0.00062045467,0.001640891
9531,0.0007855424,8.678351e-05,0.0021699588
9532,0.0016032498,0.0009428284,0.0014919793
9533,0.001220118,0.00038255635,0.0016973927
9534,0.00062042935,4.009857e-05,0.0013621522
9535,0.0010769046,0.0002550072,0.0018327531
9536,0.0011175431,0.00029025832,0.0017700029
9537,0.0012120649,0.0003828778,0.0016740802
9538,0.00086754636,0.00012588319,0.0019475129
9539,0.0007037254,6.281991e-05,0.0021172846
9540,0.0010216619,0.00021957654,0.001725883
9541,0.0011421958,0.00032057465,0.0016077135
9542,0.00093377806,0.0001644017,0.0017520612
9543,0.00097408186,0.00019037887,0.0016878172
9544,0.00058932166,3.566033e-05,0.0010439788
9545,0.0010783855,0.00027023023,0.0016214012
9546,0.0012925233,0.0004973212,0.0014616397
9547,0.0009756316,0.00019549855,0.0016635896
9548,0.0005717931,3.2928037e-05,0.00073592993
9549,0.0006468243,4.9977e-05,0.0013735358
9550,0.00071218534,6.9127294e-05,0.002010035
9551,0.0006217512,4.4057608e-05,0.001116401
9552,0.00105714,0.0002605483,0.0016092942
9553,0.0006555565,5.296699e-05,0.0015725826
9554,0.0010445121,0.0002530621,0.0016851525
9555,0.0009621437,0.00019305773,0.0017317123
9556,0.00063588534,4.8516948e-05,0.0010820027
9557,0.0006524057,5.302125e-05,0.0011563624
9558,0.000391945,5.9360278e-05,0.00037389388
9559,0.0004683641,6.2340245e-05,0.00044686603
9560,0.00033624616,5.780878e-05,0.0003213631
9561,0.000459046,7.3146584e-05,0.00043560774
9562,0.00094103767,0.00019206372,0.00086904946
9563,0.0009924814,0.00023068851,0.001491917
9564,0.001119529,0.00035140582,0.0020880927
9565,0.0011376186,0.00037502678,0.0017450582
9566,0.0011555629,0.00040085454,0.0016368149
9567,0.0009803658,0.00023625813,0.001496027
9568,0.0008124969,0.00015982483,0.00079011265
9569,0.0009874558,0.00024967946,0.0011802312
9570,0.0009689023,0.00023743388,0.0010799766
9571,0.0011471518,0.00042311632,0.0009882961
9572,0.0009289925,0.00021294391,0.0009812897
9573,0.0015622659,0.0012155104,0.00074679725
9574,0.0010154874,0.00029729508,0.0008263506
9575,0.0013816691,0.0008424105,0.00067455746
9576,0.0013857977,0.0008673772,0.0006173537
9577,0.0014641596,0.0010568287,0.0005497857
9578,0.0012124511,0.0005740878,0.0005677902
9579,0.0010049882,0.00031120505,0.00059190334
9580,0.0011104926,0.00043876687,0.0005377377
9581,0.0010375812,0.0003534783,0.00053653424
9582,0.001002265,0.00031787148,0.00052896497
9583,0.0006293475,0.00018088822,0.00056081
9584,0.00087370194,0.00022561883,0.0005584245
9585,0.00097259437,0.00029580054,0.00052271446
9586,0.0011560143,0.00053196924,0.00046873267
9587,0.0010653358,0.0004101159,0.0004670814
9588,0.000978271,0.00031225916,0.00047927754
9589,0.0006397698,0.00025738546,0.0005120746
9590,0.0004245051,0.00023155834,0.00043475148
9591,0.0009753434,0.00046377006,0.00049793004
9592,0.0012919887,0.00089099555,0.00037781548
9593,0.0013692239,0.0011337114,0.0003105437
9594,0.001542969,0.0017245949,0.00025739963
9595,0.0010638924,0.0005198183,0.00028519874
9596,0.0012074279,0.0008134304,0.0003141356
9597,0.0012805114,0.0011041398,0.00026372433
9598,0.0018271465,0.0037583946,0.0001820534
9599,0.0014743466,0.0020063596,0.0001790674
9600,0.0015280468,0.0023063216,0.00015745441
9601,0.0017146737,0.0033405419,0.0001381244
9602,0.0014088488,0.0018020632,0.0001479192
9603,0.0014824511,0.0021287529,0.0001397773
9604,0.0013204181,0.0014691764,0.00014615012
9605,0.0011477779,0.00093274395,0.0001548097
9606,0.0007354806,0.0004262969,0.00017219817
9607,0.00061631313,0.000451218,0.00017854932
9608,0.0010266434,0.0006575141,0.00016939244
9609,0.0011540881,0.0009766385,0.00015284047
9610,0.0016844858,0.003287186,0.00012175162
9611,0.002372249,0.0065611554,0.00010253319
9612,0.0013684606,0.0016494005,0.00014333239
9613,0.0010041257,0.0005987996,0.00016770246
9614,0.00047736728,0.00035136883,0.000180327
9615,0.00016886985,0.00014296555,0.00017568537
9616,0.0008580919,0.0005799137,0.0001938223
9617,0.0014395111,0.001998298,0.00016048191
9618,0.0010340791,0.0007020725,0.0001693744
9619,0.00028781733,0.000240266,0.00016388201
9620,0.0011942928,0.00116866,0.00014209923
9621,0.0016065307,0.0030704858,0.00011172343
9622,0.001583598,0.0029460927,0.0001079901
9623,0.00114484,0.0010430245,0.00012479571
9624,0.0009972535,0.0008253429,0.0001453818
9625,0.0014209511,0.0021970044,0.00011123019
9626,0.0016369793,0.0034601816,9.625883e-05
9627,0.001258254,0.0015098455,0.00010699481
9628,0.0012609721,0.0015288205,0.000103503
9629,0.0011132776,0.0010229928,0.00010813982
9630,0.0014509357,0.0024152594,0.00010216867
9631,0.0014925286,0.0026554281,9.60125e-05
9632,0.0010861136,0.00095677585,0.000110323985
9633,0.0011277427,0.0010882879,0.00010521235
9634,0.0015811257,0.0032019592,8.8385874e-05
9635,0.002346989,0.006300804,7.288603e-05
9636,0.0024174924,0.006567459,7.743325e-05
9637,0.0012789442,0.001534375,0.00011391953
9638,0.0017831124,0.0043085515,9.658579e-05
9639,0.00096215814,0.0005907134,0.00013779973
9640,0.0014439909,0.0022109377,0.00011230276
9641,0.0015430711,0.0027017975,0.00011080851
9642,0.0012805585,0.0014767613,0.0001253252
9643,0.0010527577,0.0007756343,0.00014045021
9644,0.0011037997,0.0009047181,0.00013813753
9645,0.0021165332,0.006479704,0.00010050433
9646,0.0011192132,0.00091091846,0.00015045433
9647,0.0011894411,0.0011112463,0.00015532527
9648,0.0009164804,0.0004703241,0.00018841028
9649,0.0010953032,0.000852841,0.00020300313
9650,0.0013938796,0.0018906684,0.00016340696
9651,0.0028444047,0.007581298,0.00010833338
9652,0.0023342725,0.006570462,0.0001242887
9653,0.0014122596,0.0018540139,0.00016799761
9654,0.0018994312,0.004603262,0.00014420082
9655,0.0026552589,0.0073286146,0.000139468
9656,0.0024775064,0.007121028,0.00014893874
9657,0.0031877074,0.008981759,0.00013715979
9658,0.0026017742,0.007906212,0.0001657592
9659,0.0015723238,0.0021925143,0.0002324459
9660,0.0021878479,0.005901973,0.0001995259
9661,0.0017503252,0.0029578912,0.0002408969
9662,0.0024167711,0.0074818293,0.00021061275
9663,0.0026092906,0.008227273,0.00023785057
9664,0.0012925868,0.0010207321,0.0003683704
9665,0.002428301,0.0070802267,0.00026953957
9666,0.0016365122,0.002104876,0.00035420377
9667,0.0012548075,0.0008819981,0.00041183908
9668,0.0035090244,0.010901878,0.00024385228
9669,0.00313828,0.010436726,0.00029190406
9670,0.0011442283,0.00058019714,0.0005494331
9671,0.001027016,0.00040478262,0.0005824901
9672,0.0010912966,0.0004948842,0.0005675615
9673,0.0012511564,0.00077734445,0.0005318708
9674,0.0025322565,0.0069581084,0.0003938836
9675,0.0013748273,0.0010283167,0.0006482022
9676,0.0014490375,0.0012157707,0.0006375467
9677,0.0019726173,0.003232678,0.00053809583
9678,0.0019817618,0.0032315927,0.00054592977
9679,0.0026520551,0.0074348203,0.00048057965
9680,0.002421626,0.005595569,0.00054197194
9681,0.00097148237,0.0002915511,0.0009086099
9682,0.0016333482,0.0016242281,0.00077420496
9683,0.001038382,0.00036210756,0.0009585053
9684,0.002182269,0.0039924025,0.00064442924
9685,0.0013766448,0.0009022647,0.0008349875
9686,0.0029698762,0.009252765,0.00056117406
9687,0.002606496,0.006301691,0.0006579642
9688,0.0010557624,0.00034468973,0.0011038011
9689,0.0013652922,0.0008085545,0.0009642225
9690,0.0025481584,0.005751499,0.00070302864
9691,0.0024225418,0.004860408,0.00076390017
9692,0.0020785143,0.0029995749,0.0008661391
9693,0.0042761746,0.014322265,0.00061281223
9694,0.0039527784,0.013586229,0.0008054054
9695,0.0035408265,0.0116611505,0.000978969
9696,0.0028589496,0.006488397,0.0012263115
9697,0.0013160333,0.0005445116,0.0019188784
9698,0.0009599335,0.00018993217,0.0022196933
9699,0.0032415208,0.008904186,0.0012498538
9700,0.0035835358,0.011069818,0.0013337153
9701,0.0032700815,0.008512034,0.0015486986
9702,0.003336781,0.008725742,0.0016493348
9703,0.0012001984,0.0003409776,0.0029533522
9704,0.0014871513,0.0006974194,0.0025984626
9705,0.0008070827,9.061436e-05,0.00294676
9706,0.0010110008,0.00019271091,0.0030107724
9707,0.0013240561,0.0004764609,0.0026512588
9708,0.0013033876,0.00045306075,0.002620042
9709,0.0007084627,5.9112666e-05,0.0020067731
9710,0.0014881673,0.000708988,0.0025825752
9711,0.0037746853,0.01160625,0.0015900579
9712,0.0018459386,0.0013731566,0.0025241845
9713,0.001640424,0.00093147776,0.002649003
9714,0.00068855844,5.138073e-05,0.001752154
9715,0.0011833914,0.0003153258,0.0032463311
9716,0.0021394172,0.0022230293,0.0023624694
9717,0.0011182182,0.000260055,0.0032464261
9718,0.00085997995,0.00010813156,0.003236828
9719,0.00072037044,5.9842776e-05,0.0019742085
9720,0.0012041676,0.00033536967,0.0031988947
9721,0.0017677603,0.0012004536,0.0025730925
9722,0.0030993628,0.0068205292,0.0019283176
9723,0.0040439945,0.012944748,0.0017644276
9724,0.0015679906,0.0007457489,0.0031639824
9725,0.0034841043,0.008774018,0.0020917577
9726,0.0042026616,0.013341714,0.0020254082
9727,0.0035274858,0.008495438,0.0024666481
9728,0.0039989073,0.011347574,0.0024433944
9729,0.004032542,0.011263239,0.0026356035
9730,0.0028994093,0.0044795075,0.003353574
9731,0.0012910282,0.00032079135,0.0049807406
9732,0.0037396427,0.009133147,0.0028534331
9733,0.0023732283,0.0023507893,0.0037636014
9734,0.0015891772,0.0006327465,0.004478331
9735,0.0019309547,0.0012162699,0.003906927
9736,0.0014962074,0.00052539946,0.0042798384
9737,0.0012792855,0.00031376755,0.004424144
9738,0.001104957,0.00019366315,0.0045379098
9739,0.0036826541,0.008891488,0.00239616
9740,0.0038436002,0.009741301,0.002466938
9741,0.0042194594,0.011944134,0.002488705
9742,0.0031033242,0.0051782923,0.0031308385
9743,0.0037960305,0.0089993,0.00285149
9744,0.0038599914,0.009250349,0.0029512267
9745,0.003070101,0.004820406,0.0034555562
9746,0.001973643,0.0011849181,0.004329356
9747,0.0009518524,0.00010465441,0.005898308
9748,0.00079503335,5.7775524e-05,0.0055029253
9749,0.001233363,0.00025443063,0.004845125
9750,0.002167721,0.0016751599,0.0035906092
9751,0.0018029127,0.0009212663,0.0038248582
9752,0.0010861391,0.00017109716,0.0047526676
9753,0.0006613976,3.2780277e-05,0.0038901973
9754,0.00057362777,2.0574493e-05,0.0023527225
9755,0.0009015849,9.381325e-05,0.0050096237
9756,0.0033504597,0.0066768234,0.0025053262
9757,0.0012115152,0.00025178204,0.0042413888
9758,0.0032214136,0.005965922,0.0025106613
9759,0.0021408605,0.0016709178,0.0031438335
9760,0.00089289027,9.137067e-05,0.0047008
9761,0.0019303252,0.0012095018,0.0030855082
9762,0.001261774,0.00029624006,0.0037013
9763,0.000566799,2.0509757e-05,0.0028239992
9764,0.0010782419,0.00017799751,0.0039634313
9765,0.0018989218,0.0011854346,0.0028894886
9766,0.001848949,0.0010948126,0.0028623203
9767,0.0006362649,3.123231e-05,0.003556215
9768,0.0017929926,0.0010134218,0.00337717
9769,0.0012311459,0.0002917677,0.0039802394
9770,0.002091907,0.0017053358,0.0029546493
9771,0.0018493744,0.0011462832,0.0031276774
9772,0.00069765304,4.4542012e-05,0.0029454296
9773,0.0007885204,6.751691e-05,0.003608797
9774,0.0032261843,0.0065938137,0.0023757524
9775,0.0031883887,0.0062981406,0.0024737234
9776,0.0025652265,0.003254319,0.0028427069
9777,0.0014535665,0.00050992804,0.0037476479
9778,0.0026796907,0.0037480732,0.0026782579
9779,0.0034670082,0.007871156,0.002361777
9780,0.0021113034,0.0017253248,0.0031611524
9781,0.0013422486,0.00038838643,0.004089684
9782,0.0013083878,0.00035963752,0.0040789987
9783,0.0012925449,0.00034802585,0.004009092
9784,0.0015037124,0.00058101123,0.0035836566
9785,0.001865845,0.0011965604,0.003126473
9786,0.0017743367,0.0010202398,0.0031361124
9787,0.0022722918,0.0023001232,0.0027518768
9788,0.002837047,0.004591949,0.002453232
9789,0.0030132176,0.0054565184,0.0024455113
9790,0.0024227109,0.002786463,0.0027890648
9791,0.0018502263,0.001167151,0.0031686104
9792,0.0022172935,0.002118294,0.002863065
9793,0.0021273908,0.0018602427,0.002887408
9794,0.0012405353,0.00031349176,0.0037202868
9795,0.0017010226,0.00090963097,0.0034837772
9796,0.0016160855,0.00077146786,0.0034768567
9797,0.00081482506,7.861718e-05,0.004131335
9798,0.0009947037,0.00015467656,0.0045495667
9799,0.0014172411,0.0005082723,0.0038248738
9800,0.0023632734,0.0027208114,0.0028926763
9801,0.0020921973,0.001838519,0.0030645702
9802,0.0030610624,0.005941117,0.0025071627
9803,0.0023017453,0.0024627207,0.0029808497
9804,0.0028519535,0.0047685485,0.0026609744
9805,0.003905679,0.011030044,0.0023087822
9806,0.0054425723,0.020209149,0.0021001743
9807,0.0019228671,0.0012174061,0.0041537597
9808,0.0026699023,0.003510578,0.0034223266
9809,0.0013522789,0.00037968022,0.0047274143
9810,0.0015348794,0.0005842976,0.0042677564
9811,0.0015175677,0.000568234,0.0043002367
9812,0.000838432,7.858364e-05,0.0047074044
9813,0.0024610513,0.0027994562,0.003154354
9814,0.0020665687,0.0016002528,0.0034048483
9815,0.002805522,0.00422968,0.0029250642
9816,0.0024445308,0.0027520861,0.0031499441
9817,0.0028214206,0.0042966385,0.0029403493
9818,0.0024526245,0.002776685,0.0031701643
9819,0.0029794434,0.005044441,0.0028485765
9820,0.002840254,0.0043491134,0.0029605117
9821,0.001729195,0.0008840257,0.0037969693
9822,0.0019239563,0.0012700484,0.0036701374
9823,0.0019728371,0.0013898965,0.0036471072
9824,0.0017969736,0.001028138,0.003717788
9825,0.0012246659,0.0002886936,0.00441416
9826,0.0022115286,0.0020550487,0.003211271
9827,0.0026561047,0.0036738876,0.0028917606
9828,0.0017681936,0.0009911181,0.0035367825
9829,0.0029006943,0.0048140837,0.002691274
9830,0.0019802544,0.0014391587,0.003293066
9831,0.0024543067,0.0028857514,0.002898213
9832,0.0022008894,0.0020425972,0.0030394031
9833,0.0018239503,0.0011117245,0.0032872802
9834,0.0014613118,0.00053689716,0.0036298116
9835,0.00078967965,6.8943205e-05,0.004707407
9836,0.0012449581,0.00031874047,0.0036249436
9837,0.0010579039,0.0001862096,0.0037828572
9838,0.0014466994,0.00053437176,0.0031294464
9839,0.0015733929,0.00071231445,0.0029213766
9840,0.0023833364,0.0027775727,0.0023194319
9841,0.002199031,0.0021544618,0.002410349
9842,0.0030973656,0.006149311,0.0020128472
9843,0.0027889495,0.0044852784,0.0021873913
9844,0.002498532,0.003192801,0.002343636
9845,0.0021482229,0.0019786803,0.0025297457
9846,0.0015387337,0.0006643471,0.002949195
9847,0.0008863347,0.00010608453,0.003932631
9848,0.0011954629,0.000290969,0.0032987252
9849,0.0017570879,0.0010567522,0.0026541066
9850,0.002298029,0.0025416762,0.00227837
9851,0.0014727922,0.0005943307,0.0028334667
9852,0.0007027675,5.0422073e-05,0.0039979583
9853,0.0011446341,0.00026016464,0.0031613852
9854,0.0016505982,0.0008878441,0.0025699579
9855,0.0009296827,0.00013152786,0.0033369977
9856,0.0007179307,5.5734836e-05,0.003659048
9857,0.0009775942,0.00015807567,0.0032555964
9858,0.00078507786,7.6407545e-05,0.0035748645
9859,0.0009813451,0.00016216029,0.0030969768
9860,0.0010912337,0.00023314517,0.0029415127
9861,0.0017630258,0.0011586817,0.0022907553
9862,0.0016374664,0.0009132186,0.0023438553
9863,0.0008950004,0.00012235259,0.003097068
9864,0.0011005297,0.00024582664,0.0027168263
9865,0.001310692,0.00044369756,0.002430534
9866,0.0009587001,0.00015696172,0.0027717485
9867,0.00076249085,7.337751e-05,0.0030136246
9868,0.0010736948,0.00023195786,0.0024756447
9869,0.0016460485,0.00096896576,0.0019586617
9870,0.0018550378,0.0014433813,0.0018230034
9871,0.0016229618,0.00093512115,0.0019354061
9872,0.0010008423,0.00018782784,0.0024258737
9873,0.0010794271,0.00024339161,0.002283668
9874,0.0014132023,0.0006021096,0.0019572093
9875,0.0010225129,0.00020573741,0.002260546
9876,0.0013520014,0.0005263359,0.0019284008
9877,0.0013436156,0.00051898183,0.001904453
9878,0.0008871529,0.00013046479,0.0022999994
9879,0.00050166826,1.9515594e-05,0.0023308413
9880,0.00068237726,5.4757864e-05,0.0025116464
9881,0.0008297279,0.000105835185,0.0022265813
9882,0.0006294661,4.2254916e-05,0.0024917407
9883,0.0007009214,6.160089e-05,0.003006614
9884,0.00080987724,0.00010012332,0.002728024
9885,0.0006364813,4.4875258e-05,0.0028106207
9886,0.00058266515,3.348841e-05,0.00215675
9887,0.000584881,3.4009252e-05,0.0021174115
9888,0.0005885856,3.4990706e-05,0.0015670139
9889,0.0006466048,4.7854242e-05,0.0023002296
9890,0.000831578,0.0001110101,0.0027428924
9891,0.0009850839,0.00019601725,0.0024688605
9892,0.0010591266,0.0002504419,0.0023367286
9893,0.00077418424,8.805177e-05,0.0026737195
9894,0.00088089076,0.00013627262,0.0025802385
9895,0.0013864288,0.0006208669,0.0020268678
9896,0.00086937175,0.00013100455,0.0025210858
9897,0.0009250778,0.0001616132,0.0023958923
9898,0.00072317134,7.110584e-05,0.0026489047
9899,0.0011626832,0.00034951055,0.0021570332
9900,0.00076662214,8.7031745e-05,0.0026061677
9901,0.0010735755,0.00026887294,0.002163397
9902,0.00061753736,4.2426345e-05,0.001878743
9903,0.0012036229,0.00039530787,0.0019843082
9904,0.00059248536,3.7096608e-05,0.001630578
9905,0.00080186594,0.00010264739,0.0026415507
9906,0.00067339366,5.723197e-05,0.0020601323
9907,0.00059445953,3.76956e-05,0.001159724
9908,0.0007180969,7.076514e-05,0.0026005034
9909,0.0006031676,3.951792e-05,0.0013260444
9910,0.00064813794,5.031488e-05,0.0016565244
9911,0.0006700231,5.61823e-05,0.0018394433
9912,0.00065122615,5.1004346e-05,0.0016594497
9913,0.0006852456,6.0381008e-05,0.0020685159
9914,0.0006941313,6.3000574e-05,0.0021968528
9915,0.0006466549,4.9711518e-05,0.001699164
9916,0.0006006886,3.8897193e-05,0.0010210132
9917,0.0012152359,0.00041141713,0.002289841
9918,0.0010852194,0.00028133747,0.0023931959
9919,0.0008512009,0.00012465636,0.0026591711
9920,0.00070990453,6.783363e-05,0.0018375053
9921,0.0008422208,0.000119860146,0.002646025
9922,0.0010114699,0.00022084969,0.0023730411
9923,0.0010083701,0.00021855082,0.0023383664
9924,0.00088404387,0.00014077045,0.002453351
9925,0.0007513156,8.171486e-05,0.002406729
9926,0.0006511579,5.068947e-05,0.0012965656
9927,0.000708942,6.738768e-05,0.0017343917
9928,0.00088915275,0.00014426823,0.0027660904
9929,0.00077229465,8.962302e-05,0.0018337994
9930,0.0008496778,0.00012276563,0.0025659224
9931,0.00069506245,6.253869e-05,0.0011496611
9932,0.0005716705,4.8302263e-05,0.0005416493
9933,0.00078183616,9.189073e-05,0.001958186
9934,0.00066738913,5.4024767e-05,0.0007701486
9935,0.0005167427,4.7393853e-05,0.00048998697
9936,0.0007422864,7.6510194e-05,0.0013592063
9937,0.0011864963,0.00036745903,0.002626919
9938,0.0009980493,0.00020542457,0.0026814828
9939,0.0010275191,0.00022604974,0.0025051194
9940,0.00082946545,0.00011041429,0.0018853333
9941,0.00041230398,5.7677702e-05,0.0003923718
9942,0.00063298154,0.000118124146,0.0005878224
9943,0.00089368795,0.00014549965,0.0008610855
9944,0.00067514845,0.00012217497,0.0006382882
9945,0.0010269755,0.00024074993,0.0020178878
9946,0.0010360474,0.00025174476,0.0017239125
9947,0.00089089933,0.00015392031,0.0013352894
9948,0.0011986603,0.00041901227,0.0013138261
9949,0.0011681266,0.0003882545,0.0012478787
9950,0.0010251309,0.00025330915,0.001264696
9951,0.00093117857,0.00018519838,0.0012686679
9952,0.0011614227,0.00039396284,0.0013386473
9953,0.0010268404,0.00026881407,0.0012006225
9954,0.0010415054,0.000288216,0.0010668328
9955,0.0009123862,0.00019259902,0.0009093695
9956,0.0010433769,0.00030276136,0.00091948727
9957,0.0007416624,0.00019723902,0.0007463554
9958,0.00096148724,0.00024084272,0.0007667833
9959,0.0008425001,0.00021907204,0.00072691735
9960,0.00077706244,0.0002554961,0.0007136577
9961,0.0009881215,0.00028290288,0.0006132863
9962,0.0010089363,0.00031049384,0.00054535334
9963,0.0011259483,0.00045607018,0.0004761436
9964,0.0011882058,0.00055420044,0.0004353181
9965,0.001088764,0.00042032037,0.00043454644
9966,0.0012564308,0.000684888,0.00038736104
9967,0.001499688,0.001239531,0.0003428916
9968,0.0014946233,0.0012357708,0.0003366421
9969,0.001060389,0.0004005097,0.00039423883
9970,0.0010407487,0.00037983473,0.00038931478
9971,0.0015740575,0.0014991821,0.00031019095
9972,0.0011264385,0.0005008978,0.00036583614
9973,0.0013811687,0.0009903549,0.00032544296
9974,0.0018971896,0.0027809711,0.00030485916
9975,0.0013229625,0.00087131443,0.00035827002
9976,0.0013779885,0.0010065129,0.00033934636
9977,0.0010845846,0.00046003304,0.00037344603
9978,0.0010015892,0.00035643505,0.00038036265
9979,0.0014591396,0.0012479459,0.00031126896
9980,0.0009502863,0.00030439065,0.00038546178
9981,0.0012010883,0.0006691257,0.00033269203
9982,0.0010474748,0.0004284948,0.00034917588
9983,0.0010264344,0.000403836,0.00034569635
9984,0.0011098078,0.0005275351,0.00032646526
9985,0.001773758,0.0024667906,0.00030156577
9986,0.0017890547,0.0025751363,0.0002750973
9987,0.0015524533,0.0016534472,0.0002796264
9988,0.0014938539,0.0014746857,0.00027238944
9989,0.0010610556,0.00048285976,0.00031300882
9990,0.0010697797,0.0005015628,0.00030055194
9991,0.00094336655,0.00033349433,0.00031223474
9992,0.0011772859,0.0007062021,0.00030871312
9993,0.0015394038,0.0017379717,0.00024330967
9994,0.0012840788,0.00097711,0.00025034032
9995,0.0012224776,0.0008427267,0.00024342288
9996,0.0010804093,0.00056700077,0.0002485984
9997,0.0010148062,0.00069575774,0.00030520873
9998,0.0016272098,0.0024225356,0.00020890057
9999,0.0014216343,0.0016552785,0.00019345887
10000,0.001123529,0.00079344265,0.00019355945
10001,0.0015690967,0.0023930247,0.00014862203
10002,0.0014087384,0.0017122957,0.0001495385
10003,0.0013682899,0.0015713746,0.00014621328
10004,0.0011046141,0.00078636024,0.00015879348
10005,0.0013682467,0.0015929185,0.00013874882
10006,0.0015213032,0.0022411013,0.00013020127
10007,0.00167085,0.0029996673,0.00012448081
10008,0.0016028484,0.0026195445,0.00013188277
10009,0.0015959145,0.0025719004,0.0001334986
10010,0.0019596852,0.0047750636,0.00012181758
10011,0.0017789378,0.0035128214,0.00013372116
10012,0.0011473382,0.00085503055,0.00017240035
10013,0.0012771894,0.0012166437,0.00016342408
10014,0.0016987335,0.0030329118,0.00015844288
10015,0.0015229704,0.0021411146,0.00016722981
10016,0.0011920672,0.0009717138,0.00020726326
10017,0.0015142228,0.0021306397,0.00017200783
10018,0.0028315042,0.007167161,0.00013504291
10019,0.0010659469,0.000680177,0.00021503496
10020,0.0016662449,0.002916386,0.00015883941
10021,0.00123366,0.0011149561,0.00018070493
10022,0.002128456,0.005833929,0.00013412308
10023,0.0028665324,0.0070871077,0.00013903176
10024,0.0013235793,0.0013946187,0.00019516461
10025,0.0015835754,0.0025137858,0.0001634118
10026,0.0015016262,0.0021337052,0.0001605088
10027,0.001116491,0.00081839145,0.00018121822
10028,0.0027583053,0.006631799,0.00013390242
10029,0.0025742427,0.006520451,0.00012832276
10030,0.0018090565,0.0039077234,0.00014802128
10031,0.0013773896,0.0016603506,0.00016445517
10032,0.0016855098,0.0031561092,0.00014676666
10033,0.0017120241,0.0032994195,0.0001425581
10034,0.0024831395,0.0069402647,0.00011740353
10035,0.0011081427,0.00078821933,0.00018688745
10036,0.0033448194,0.0069330167,0.000161766
10037,0.0013980881,0.0019770968,0.00023225167
10038,0.001481423,0.0025015257,0.0002074783
10039,0.0018470483,0.0048244745,0.00017622304
10040,0.0010825932,0.0008687699,0.00023263998
10041,0.0010188748,0.0007019284,0.0002279216
10042,0.0030289623,0.006563844,0.00018589055
10043,0.004925323,0.010478858,0.00015604858
10044,0.0016316449,0.0030283916,0.0003458473
10045,0.0010540904,0.0006663931,0.00046570384
10046,0.0011603711,0.0008660135,0.00045068786
10047,0.0021962773,0.006097122,0.00032315668
10048,0.0010859207,0.00063148275,0.00049177645
10049,0.0008941259,0.0003244142,0.00054828415
10050,0.0033711507,0.0095286975,0.00033492883
10051,0.002041895,0.0043023485,0.00045044458
10052,0.003311331,0.010054981,0.00035251593
10053,0.0028325955,0.009334467,0.00041288562
10054,0.0032167307,0.010527653,0.00042102762
10055,0.0025907476,0.0070478,0.00052452943
10056,0.0031319165,0.010915699,0.0005113966
10057,0.0012331253,0.0006296013,0.0009282823
10058,0.0009182345,0.0002347975,0.0010777825
10059,0.0010359187,0.00035166022,0.0011526651
10060,0.002218569,0.00412695,0.00089602853
10061,0.0015389926,0.0012798739,0.0011359307
10062,0.0031603787,0.0095121525,0.0006851096
10063,0.0021227156,0.0034408134,0.0008199696
10064,0.0016868307,0.0016488159,0.000867429
10065,0.0012121034,0.0005561067,0.00097185245
10066,0.001289138,0.0006839343,0.00089740276
10067,0.0016063468,0.001427593,0.0009850512
10068,0.0017629325,0.0019953423,0.0009649468
10069,0.002773438,0.007428517,0.0006877815
10070,0.0046918676,0.011563097,0.0004861708
10071,0.0049687354,0.012567565,0.0004660858
10072,0.0024389024,0.005531758,0.0006894468
10073,0.001380345,0.0009025676,0.00090246083
10074,0.0015149988,0.0012234253,0.00081846054
10075,0.0027499772,0.007552702,0.0006264368
10076,0.0046118363,0.01285347,0.00048389612
10077,0.0044764294,0.0130746355,0.00053758884
10078,0.0011234911,0.0003921219,0.001217376
10079,0.0010883748,0.00035346727,0.0012330066
10080,0.005448889,0.013416689,0.0006594689
10081,0.0057006916,0.013944839,0.00067618844
10082,0.0068329056,0.015885992,0.0006157789
10083,0.0030710765,0.008161043,0.0010122433
10084,0.0011000367,0.00031119902,0.0017427864
10085,0.0028179183,0.0063126446,0.0010546698
10086,0.0038638113,0.012666515,0.0009177482
10087,0.0022142895,0.0028624074,0.0013508118
10088,0.00489935,0.015029855,0.0008959808
10089,0.0050131273,0.015714541,0.0010137937
10090,0.002341846,0.0030147363,0.001733428
10091,0.00552327,0.017184833,0.0011203379
10092,0.0015844464,0.0007918482,0.0024900215
10093,0.0015052728,0.00067151117,0.002525348
10094,0.0018429218,0.0013167799,0.002235579
10095,0.0018891484,0.0014330244,0.0021815891
10096,0.0029679448,0.005873147,0.0018792076
10097,0.0021668223,0.0022128513,0.0023247157
10098,0.0013584456,0.00047658608,0.00295583
10099,0.0011198911,0.00025147377,0.0033137423
10100,0.0059890924,0.01725093,0.001444631
10101,0.003997065,0.011974611,0.0020465588
10102,0.003904621,0.010983484,0.002254469
10103,0.0025442268,0.0032004653,0.0030161557
10104,0.0010110763,0.0001526823,0.0039375345
10105,0.0020801236,0.0016875541,0.003342317
10106,0.0030359456,0.005477726,0.0026958773
10107,0.0017274171,0.0009068512,0.0036248332
10108,0.001672406,0.0008188632,0.0035619289
10109,0.0012208312,0.0002888555,0.00422495
10110,0.0011914907,0.00026762605,0.0040718694
10111,0.0016372066,0.00077885477,0.0034688136
10112,0.0018987638,0.0012796508,0.0032276332
10113,0.0017352346,0.0009549584,0.0032804995
10114,0.0011085587,0.00021524576,0.0039352514
10115,0.0016681021,0.00084730104,0.0031368108
10116,0.0021842027,0.0020588315,0.0026587455
10117,0.0020464768,0.0016713791,0.0027122006
10118,0.0014627515,0.00055361463,0.003142242
10119,0.0016844183,0.00089137,0.002910904
10120,0.0024174352,0.0028933696,0.0023694318
10121,0.0036784136,0.0096449675,0.0019145283
10122,0.0031148926,0.006021756,0.0022350685
10123,0.0019023889,0.0012762178,0.002948391
10124,0.0019410133,0.0013723213,0.002938398
10125,0.0020366404,0.0016190975,0.003038895
10126,0.0013546092,0.00042105015,0.0036267575
10127,0.001516818,0.00061748223,0.003303678
10128,0.006144039,0.019092977,0.001571337
10129,0.0024177923,0.0026599749,0.002988636
10130,0.0019201268,0.0012640877,0.003334363
10131,0.0021425358,0.0018208202,0.0031985438
10132,0.0037934515,0.009848041,0.0023566685
10133,0.0012507063,0.00029729758,0.004342753
10134,0.0025152052,0.0029760953,0.0029546884
10135,0.0029676573,0.0049331933,0.00270479
10136,0.0015587657,0.0006208536,0.003845801
10137,0.0023341356,0.002359298,0.0032862031
10138,0.0014966645,0.00055060786,0.004276514
10139,0.00095509406,0.00012342584,0.003561517
10140,0.0013561252,0.00040060538,0.0044679907
10141,0.002828881,0.0043724356,0.00299986
10142,0.0041685654,0.0122313965,0.0025045201
10143,0.0033660338,0.006906263,0.003030611
10144,0.0024743595,0.0027045042,0.0036373076
10145,0.0058553675,0.019275075,0.0023236147
10146,0.0038019344,0.008910163,0.0033765542
10147,0.0032843228,0.005867284,0.003926876
10148,0.0036319946,0.0076959874,0.00376173
10149,0.0027865549,0.00349586,0.0043966277
10150,0.0013062459,0.00029107614,0.006182761
10151,0.0013785919,0.00035247736,0.0058464045
10152,0.0016867466,0.00069830846,0.0050510904
10153,0.001995283,0.0012331526,0.0047179377
10154,0.0024968288,0.0025700012,0.0040529766
10155,0.0020979582,0.0014701803,0.004347734
10156,0.004154774,0.011075531,0.0029883177
10157,0.0026130907,0.0029060945,0.0040174997
10158,0.0011941333,0.00022008654,0.005817271
10159,0.0009516364,0.000103753795,0.0046296064
10160,0.0013771162,0.00036140232,0.00505352
10161,0.0035537297,0.0074296193,0.0030236272
10162,0.0013275096,0.00031747125,0.005038215
10163,0.0015642586,0.00055516965,0.0044383053
10164,0.0012206336,0.00024444997,0.0047939387
10165,0.0008552814,7.492128e-05,0.003956553
10166,0.002622075,0.0030866372,0.0031470906
10167,0.0032236786,0.0057693985,0.0028123413
10168,0.00286445,0.0040340843,0.0030394217
10169,0.0025297236,0.0027396106,0.0032334966
10170,0.0018125267,0.0009298395,0.0037561252
10171,0.002036118,0.0013785778,0.0034979093
10172,0.0035527945,0.007651072,0.0025888567
10173,0.003206977,0.0056710867,0.0028510164
10174,0.0028007033,0.0037602722,0.0031017435
10175,0.0027361803,0.0035017573,0.0031363722
10176,0.0016942167,0.00074224116,0.004061711
10177,0.0014641483,0.00046091425,0.00425951
10178,0.0014327298,0.00043286622,0.004134674
10179,0.0022749489,0.0020231842,0.0035541295
10180,0.001161355,0.00021866006,0.004804953
10181,0.0009454908,0.00011151866,0.0038241332
10182,0.0010401479,0.00015431947,0.00440351
10183,0.0031101694,0.005468435,0.0031083415
10184,0.0039683795,0.010418833,0.002785153
10185,0.005123544,0.017346205,0.0026022801
10186,0.0046682055,0.0140636405,0.0031051554
10187,0.0035594536,0.007039933,0.0038941281
10188,0.0030804358,0.0045874882,0.0042518494
10189,0.0023105207,0.0018559386,0.0048444904
10190,0.0026005325,0.0027323742,0.0043991874
10191,0.0025433633,0.0025584293,0.004330577
10192,0.002286995,0.0018280464,0.004436721
10193,0.0014555824,0.00041260445,0.00531656
10194,0.0020039773,0.0012090887,0.004383836
10195,0.0023828028,0.0021485551,0.0039693974
10196,0.0008317236,6.5065564e-05,0.004327963
10197,0.0007108379,3.876023e-05,0.0031056984
10198,0.0012661319,0.00027019728,0.0050606015
10199,0.001003022,0.00012542044,0.0050883926
10200,0.0008005842,5.9614034e-05,0.0030582729
10201,0.00076930656,5.2462954e-05,0.0026609325
10202,0.000978266,0.00011798931,0.004229701
10203,0.0024679631,0.0025522665,0.0036780527
10204,0.0018452338,0.0009935331,0.004151959
10205,0.0010446615,0.00014965699,0.0049094446
10206,0.0007441662,4.8464397e-05,0.0023592662
10207,0.0008810503,8.568485e-05,0.003559916
10208,0.00080665445,6.4175925e-05,0.002884032
10209,0.0013069095,0.00032677295,0.0047877175
10210,0.0023326701,0.002232187,0.0034104062
10211,0.0020080546,0.0013773557,0.0035818107
10212,0.0014742546,0.0004975782,0.0040267287
10213,0.0017615695,0.0009072433,0.0035339387
10214,0.0027197388,0.0037048059,0.0027560436
10215,0.002874323,0.0043754643,0.0026828875
10216,0.003141745,0.0056653083,0.0025868614
10217,0.0022818586,0.0020975864,0.003100072
10218,0.0014080099,0.00042835867,0.0038559877
10219,0.0013010979,0.00033172444,0.003847868
10220,0.0016930937,0.0008055795,0.0032516543
10221,0.0015143063,0.00056034036,0.0033317287
10222,0.0008304804,7.5639575e-05,0.0034879304
10223,0.0010064228,0.00014517605,0.003923262
10224,0.0011268861,0.00021400877,0.0036794066
10225,0.0009082554,0.00010483663,0.003733229
10226,0.0012623931,0.00031927225,0.0035800992
10227,0.0011528846,0.00023735769,0.00359331
10228,0.00176107,0.0009831075,0.0028682572
10229,0.001964823,0.0014189195,0.0026481957
10230,0.002538975,0.00324273,0.0022875394
10231,0.0015988298,0.0007219895,0.0028852734
10232,0.0023740889,0.0026422339,0.002309439
10233,0.0016762044,0.0008521625,0.0027379768
10234,0.0017748324,0.0010369825,0.0026011493
10235,0.0020841977,0.0017735579,0.0025673904
10236,0.0018515092,0.0012092937,0.0026840568
10237,0.0022195792,0.0021915198,0.0024043953
10238,0.0010923212,0.00021020559,0.0033780849
10239,0.00068697316,4.4790082e-05,0.0015141033
10240,0.00071474264,5.1282637e-05,0.0018225966
10241,0.0006922877,4.627433e-05,0.0015370944
10242,0.0025227347,0.0033512842,0.0022891816
10243,0.001945717,0.0014568188,0.002611527
10244,0.0018554601,0.0012517422,0.0026252908
10245,0.0014549975,0.00056210393,0.002901252
10246,0.0018565058,0.0012671415,0.0025016386
10247,0.0019349965,0.0014578211,0.002409914
10248,0.0018062245,0.0011680844,0.0024598427
10249,0.0017707126,0.0010996838,0.0024433348
10250,0.001701183,0.0009686175,0.0024507768
10251,0.0015007436,0.0006427552,0.0025607594
10252,0.0013010269,0.000401743,0.0026868412
10253,0.0012464331,0.00035034228,0.0026748024
10254,0.0013201509,0.00042752945,0.0025750785
10255,0.0013684917,0.00048510055,0.0024703336
10256,0.000744509,6.37326e-05,0.0023244356
10257,0.0014670604,0.00061924366,0.0023940187
10258,0.001104303,0.00024123429,0.0026968564
10259,0.001096754,0.00023709734,0.0026344974
10260,0.0009954643,0.00017240549,0.0026907763
10261,0.0007260811,6.0709208e-05,0.0014209719
10262,0.0013495651,0.0004833208,0.002564484
10263,0.000517773,3.831221e-05,0.0004954047
10264,0.0008941108,0.00012253343,0.0028858457
10265,0.00094195537,0.0001463934,0.0029646333
10266,0.0015305543,0.0007433383,0.0022615788
10267,0.0013012348,0.0004349778,0.0024009466
10268,0.0013864341,0.00054001407,0.002272261
10269,0.0013644536,0.00051454,0.0022428427
10270,0.0011990789,0.00033598134,0.0023417776
10271,0.0008879506,0.0001235913,0.0026506968
10272,0.0014830815,0.00068877154,0.0020040872
10273,0.0012972036,0.0004433735,0.0021157411
10274,0.0011250682,0.00027704024,0.0022272547
10275,0.00095416035,0.00016046583,0.0023635547
10276,0.00092506304,0.00014536611,0.0023431971
10277,0.0012422643,0.00039451246,0.0023210691
10278,0.0009314328,0.00015148756,0.0026754253
10279,0.0009436401,0.00015867542,0.002583742
10280,0.0012254106,0.00038162438,0.0022095966
10281,0.0009271523,0.00015081695,0.0024611996
10282,0.0010717275,0.0002459954,0.0022465507
10283,0.0010281987,0.00021508196,0.0022242772
10284,0.0011632426,0.0003282711,0.002297968
10285,0.0013517004,0.00054496754,0.0019779908
10286,0.0013535181,0.0005506942,0.001869679
10287,0.0013352192,0.0005293786,0.0017999148
10288,0.0014533433,0.0007057051,0.0016620692
10289,0.0015922938,0.00095974666,0.0015419883
10290,0.0016614601,0.0011093791,0.001484274
10291,0.0012320261,0.00041517243,0.0018739761
10292,0.0013870222,0.00062038685,0.0016557319
10293,0.0012050319,0.00039089978,0.0016914267
10294,0.00087985554,0.00013748967,0.0018509234
10295,0.0009084292,0.00015384618,0.0017872978
10296,0.0012120921,0.00040558737,0.0014943198
10297,0.0012176239,0.0004143183,0.0014506645
10298,0.0012112055,0.0004095238,0.0014195913
10299,0.0019342918,0.0019249258,0.0010982845
10300,0.0012548754,0.0004641998,0.0013630093
10301,0.0008490155,0.00012652086,0.0016255553
10302,0.0009240449,0.00016893272,0.0015609533
10303,0.001128358,0.00033102804,0.0013811023
10304,0.001348767,0.00060315203,0.0012402898
10305,0.0011469867,0.0003534234,0.0013269606
10306,0.0008623363,0.00013812807,0.0012165912
10307,0.0010247394,0.00024799386,0.0015363592
10308,0.0011822605,0.00040313584,0.0013355159
10309,0.0011408685,0.00036081727,0.0012899359
10310,0.0010303102,0.00025864888,0.0012998428
10311,0.00086890394,0.00014816286,0.0009620653
10312,0.0013978241,0.0007419583,0.0014533418
10313,0.0016934923,0.0015440928,0.0011313292
10314,0.0016871656,0.0016611395,0.0009326467
10315,0.0014113744,0.0009667273,0.00085869484
10316,0.0010720738,0.00039873828,0.00084369525
10317,0.0009668326,0.0002878895,0.000777756
10318,0.0011323041,0.0004960841,0.00071089464
10319,0.0008120689,0.0002522346,0.0006836048
10320,0.00075361616,0.00024254955,0.0006179176
10321,0.0006647786,0.00025891722,0.00059417414
10322,0.00047350166,0.00023864674,0.00047792826
10323,0.0008245709,0.00027644564,0.00048721794
10324,0.0012218013,0.0007119241,0.00042398483
10325,0.0009897703,0.0003620845,0.00042328276
10326,0.001106523,0.0005346701,0.0003774412
10327,0.0014695309,0.0013841486,0.00030162965
10328,0.00096686935,0.00035182913,0.0003537433
10329,0.0012962715,0.00094610994,0.00033052708
10330,0.0012098666,0.0007790269,0.00030037062
10331,0.0010355756,0.0004767395,0.00029441525
10332,0.001481878,0.0015816091,0.0002464382
10333,0.0007602222,0.00043128882,0.00027273054
10334,0.0012722033,0.0010108829,0.00021852044
10335,0.0013249669,0.0011741663,0.00020060233
10336,0.0012316891,0.000937012,0.00020235767
10337,0.0013640844,0.0013334816,0.00020972421
10338,0.0016401975,0.002515002,0.00018725303
10339,0.0018688225,0.0040105195,0.00014938311
10340,0.00076096406,0.0005937713,0.00018326312
10341,0.00040462863,0.00034162277,0.00017899265
10342,0.00036913587,0.00030943926,0.00016823482
10343,0.0013090367,0.0015576446,0.0001295074
10344,0.0017719241,0.0036372654,9.967746e-05
10345,0.001450042,0.0023577379,0.00010056407
10346,0.0016875622,0.0033041614,9.33867e-05
10347,0.0019510204,0.0043943436,7.800998e-05
10348,0.0017421745,0.0039028588,7.8452234e-05
10349,0.0010960869,0.0010288552,9.6824595e-05
10350,0.0013784087,0.002175029,8.411046e-05
10351,0.0011037319,0.001066194,9.2832466e-05
10352,0.0016088879,0.0035439185,7.4643984e-05
10353,0.0020902604,0.0054524983,6.62135e-05
10354,0.0009936568,0.0007341605,0.00010128345
10355,0.0008940498,0.0006851053,0.000107461936
10356,0.0010723775,0.00095388084,0.00010361463
10357,0.0013791721,0.0021623692,8.826103e-05
10358,0.0016399988,0.003689749,8.0268124e-05
10359,0.0017634992,0.004523208,7.900808e-05
10360,0.0021112384,0.0057944413,7.488023e-05
10361,0.0015345914,0.0028354353,9.357821e-05
10362,0.0010443975,0.000813876,0.00011680638
10363,0.00047824948,0.00039613553,0.00013272313
10364,0.0011828038,0.0012330139,0.00014024429
10365,0.0020014928,0.0047981786,9.652804e-05
10366,0.0013394507,0.0018944411,0.000113580325
10367,0.0015004074,0.0027262755,0.000106254156
10368,0.002303045,0.0059227846,8.2637285e-05
10369,0.0012019295,0.0013194816,0.00011703447
10370,0.0014274505,0.0023001165,0.00011472593
10371,0.0015561456,0.0030287367,0.00010371463
10372,0.0016611532,0.003680875,9.8130266e-05
10373,0.0019220636,0.0050928695,9.146766e-05
10374,0.0017894765,0.004447541,9.822049e-05
10375,0.0022963588,0.0064955647,8.953588e-05
10376,0.001592165,0.002968881,0.00011549084
10377,0.0012926859,0.0015150658,0.00013200288
10378,0.0015692881,0.0027896003,0.000121087876
10379,0.0021488464,0.006520356,0.000106208936
10380,0.0017332918,0.0036153751,0.00012811356
10381,0.002076202,0.006032002,0.00012193791
10382,0.0018243529,0.0040249215,0.00014022047
10383,0.0020037855,0.0052077724,0.00014043918
10384,0.0023928564,0.007923741,0.00013669739
10385,0.0013740037,0.0015175139,0.00020001706
10386,0.0010555465,0.00063679524,0.00023330252
10387,0.0009311396,0.00041963588,0.000251125
10388,0.0017197066,0.0030786325,0.00020590788
10389,0.00096569833,0.0004684425,0.00029876584
10390,0.0022014778,0.0062774355,0.00019625359
10391,0.0011141637,0.0007219338,0.00029743847
10392,0.0020441026,0.0049078814,0.00021969253
10393,0.0020085794,0.004551029,0.00023466784
10394,0.001575073,0.0021037797,0.00028035097
10395,0.0012406609,0.00096158043,0.00032472154
10396,0.0013242689,0.0011861168,0.00032901883
10397,0.0009290306,0.00036619994,0.00041294785
10398,0.0023245323,0.0066338023,0.00027251302
10399,0.0016319068,0.0022188288,0.00034944768
10400,0.0010886238,0.00058626203,0.00044324365
10401,0.0009493367,0.00037064144,0.00049054343
10402,0.0008351977,0.00024073628,0.0005244204
10403,0.001026378,0.00047735244,0.0005108078
10404,0.0010764163,0.0005572032,0.0004949758
10405,0.0040674717,0.01119963,0.00023854557
10406,0.0036602737,0.010772886,0.00028017777
10407,0.0044074384,0.01242447,0.00028041977
10408,0.0018708301,0.0028160152,0.0004969609
10409,0.004220597,0.011855187,0.00037873094
10410,0.0019783354,0.0031481404,0.0006126744
10411,0.0013668576,0.0009463135,0.00073878956
10412,0.003100817,0.010201509,0.00048693613
10413,0.0026741757,0.00712813,0.0005753124
10414,0.0016532063,0.0016044352,0.00078243396
10415,0.0020666046,0.0032389623,0.00070230395
10416,0.0031054039,0.010046027,0.00058487797
10417,0.0028252683,0.0075958148,0.00068032194
10418,0.0016345108,0.0013942025,0.00096971844
10419,0.00077176397,0.000114965434,0.0014197079
10420,0.0013995396,0.0008706806,0.0013696415
10421,0.0021583184,0.002810692,0.0045365887
10422,0.0015308018,0.0005305851,0.0038787825
10423,0.0033769691,0.0054117073,0.01004149
10424,0.0031499614,0.0037196483,0.010460621
10425,0.0027668907,0.002376191,0.010122562
10426,0.0014423638,0.00027383358,0.0060965586
10427,0.0028409574,0.0026106685,0.010411093
10428,0.0014435884,0.0002802219,0.0064434665
10429,0.0007536431,3.1978732e-05,0.0020762756
10430,0.0021118536,0.0010220134,0.008627945
10431,0.003125082,0.0036845414,0.007312239
10432,0.0024997022,0.0018227779,0.0074784732
10433,0.0028354358,0.002771041,0.0064521017
10434,0.0026737705,0.0023197262,0.0062264157
10435,0.0030286463,0.0034792556,0.005517369
10436,0.0019558677,0.0008465031,0.0065131923
10437,0.0014017101,0.00028154065,0.0067926836
10438,0.00095754163,7.9391444e-05,0.004129848
10439,0.0018607414,0.0007442891,0.0054541607
10440,0.0025291254,0.00207383,0.004439741
10441,0.0011411556,0.00014815042,0.0056212
10442,0.0009889476,9.3202354e-05,0.004016597
10443,0.002274339,0.0015215378,0.0044594556
10444,0.0035264858,0.0060374006,0.0034410432
10445,0.0017227002,0.00060999737,0.004922452
10446,0.0020513353,0.0011048579,0.0042856284
10447,0.0009358586,8.085532e-05,0.0040333373
10448,0.00066926406,2.6545347e-05,0.0016180859
10449,0.0042924117,0.01051273,0.0030378448
10450,0.005038941,0.014738328,0.0029491354
10451,0.0040952303,0.008878612,0.0035954355
10452,0.0009227151,7.206607e-05,0.003862526
10453,0.0022366517,0.001407552,0.004885752
10454,0.002206898,0.0013635976,0.0046848697
10455,0.0020201944,0.0010309574,0.00466882
10456,0.003316631,0.0050594704,0.0034904238
10457,0.0015304269,0.00041318324,0.0050811903
10458,0.0011190155,0.00014635775,0.005563027
10459,0.0006547692,2.457674e-05,0.0016779737
10460,0.0015720051,0.00046782196,0.0047615273
10461,0.0026450956,0.002626911,0.003505543
10462,0.002238734,0.0015439439,0.0037261706
10463,0.0011649529,0.00017673464,0.0049464186
10464,0.0024085573,0.002005891,0.0034662734
10465,0.00394159,0.008790446,0.0026395575
10466,0.0018167791,0.0007861019,0.0040520984
10467,0.0017079952,0.00064767414,0.004002031
10468,0.001307205,0.00026775582,0.0043605296
10469,0.0008783621,7.135783e-05,0.0038173008
10470,0.0014530335,0.0003915891,0.004215929
10471,0.0021447316,0.0014450615,0.0033253646
10472,0.0027893793,0.003388359,0.0028365029
10473,0.0013797571,0.00033779,0.0039853603
10474,0.0013602134,0.00032893446,0.0047131637
10475,0.0015582492,0.00052519434,0.004200581
10476,0.0012705369,0.00026840324,0.004347546
10477,0.003574781,0.007399992,0.0024513055
10478,0.0014776062,0.00044326548,0.003901716
10479,0.0050427252,0.01630129,0.0020079939
10480,0.0014046497,0.00035692748,0.004302858
10481,0.0017654625,0.0007749844,0.003657486
10482,0.0037898964,0.008396182,0.0024391324
10483,0.0010848903,0.00015073559,0.004598653
10484,0.0020256198,0.0012256791,0.0032940607
10485,0.0038225786,0.008597034,0.0023242051
10486,0.0012444739,0.00023910186,0.004240125
10487,0.0037839871,0.00831436,0.00233239
10488,0.0035204857,0.0067390655,0.0025331548
10489,0.0040899673,0.009931317,0.0024147087
10490,0.004620768,0.012974718,0.0024045021
10491,0.0008251606,5.5594184e-05,0.0036347762
10492,0.0033001197,0.005343053,0.003484553
10493,0.0040756734,0.009496701,0.003141866
10494,0.004062978,0.009271356,0.0032900984
10495,0.0037017823,0.0071301307,0.0035899598
10496,0.0038962946,0.008125635,0.003560664
10497,0.0028415706,0.0031852662,0.0042745937
10498,0.0033531229,0.005299659,0.0038438055
10499,0.003035095,0.0039232564,0.0040314374
10500,0.0026731347,0.0026469138,0.004224713
10501,0.0033133433,0.0051617646,0.0036944859
10502,0.0022069807,0.0014332562,0.004502736
10503,0.0009766879,9.512302e-05,0.005482492
10504,0.0011079755,0.0001470387,0.005896007
10505,0.002679386,0.0027751003,0.0036444983
10506,0.0023991705,0.0019613677,0.0037764572
10507,0.0020225698,0.0011326218,0.0040343227
10508,0.0027472253,0.0030847066,0.0033425498
10509,0.0045346976,0.012402155,0.0025848923
10510,0.0029767791,0.0038624299,0.0034446253
10511,0.002673145,0.0027699468,0.0036005077
10512,0.0019407251,0.0009837312,0.0041273804
10513,0.0021299657,0.0013531876,0.0037981423
10514,0.0016281299,0.00056104,0.0042267465
10515,0.0039668847,0.0090801995,0.002603253
10516,0.00096295483,9.582608e-05,0.00541773
10517,0.0028660793,0.0035573652,0.0030229718
10518,0.002433355,0.0021283673,0.0032704638
10519,0.0034881625,0.0064561088,0.0027652998
10520,0.0027113198,0.003012987,0.0032019452
10521,0.00064907485,2.61949e-05,0.0033854723
10522,0.0006647124,2.8694814e-05,0.0030133193
10523,0.0011896311,0.00020439869,0.005508332
10524,0.0007787882,4.9902246e-05,0.0035305957
10525,0.0014239885,0.00038048087,0.0046821595
10526,0.002088144,0.001373551,0.0037020417
10527,0.0043293997,0.011775768,0.002490405
10528,0.0024630693,0.0022968287,0.0035555668
10529,0.0017473602,0.000751499,0.004247706
10530,0.0014787765,0.0004352157,0.004409802
10531,0.0010596005,0.00014394074,0.0049367836
10532,0.0016982818,0.00070591224,0.0037876528
10533,0.0012772285,0.00027517704,0.0041851797
10534,0.0032757814,0.0058233864,0.002518932
10535,0.0017121171,0.0007356446,0.0035439876
10536,0.00071908865,4.0703944e-05,0.0034151017
10537,0.0008745294,7.903731e-05,0.0046758857
10538,0.0014986843,0.00048495998,0.0034404176
10539,0.0025782508,0.0029001199,0.0025418303
10540,0.0017511422,0.00082700694,0.0030618045
10541,0.0023846037,0.0022944433,0.002554743
10542,0.0012726841,0.00028962712,0.003443638
10543,0.0013232304,0.00033492214,0.0036135751
10544,0.0020265265,0.0013944627,0.0028243887
10545,0.0019065698,0.0011506204,0.002851223
10546,0.0012386981,0.00027619727,0.0035101168
10547,0.0015124131,0.00054533547,0.0032808976
10548,0.0023738698,0.00242898,0.002802461
10549,0.0020621307,0.001547408,0.0029735148
10550,0.0033687134,0.007019636,0.0022796511
10551,0.0014326918,0.00045894284,0.00361311
10552,0.0027442488,0.0038342664,0.002529282
10553,0.002720908,0.0037303392,0.002553867
10554,0.0024148193,0.0025668635,0.0027217192
10555,0.0015811912,0.0006442241,0.0033244651
10556,0.0015301018,0.00058283436,0.0033067614
10557,0.0010742109,0.0001801737,0.0038672178
10558,0.0012241544,0.0002818459,0.003606516
10559,0.0014183924,0.0004660127,0.0033717593
10560,0.0011529285,0.00023611744,0.0040257135
10561,0.0010513791,0.00017454718,0.0040554847
10562,0.0011103968,0.00021184779,0.0041320543
10563,0.00078217837,6.593529e-05,0.00212519
10564,0.0014934378,0.0005758307,0.0033988452
10565,0.0018061637,0.0010886963,0.002987342
10566,0.00078433636,6.751288e-05,0.0023021083
10567,0.0007350112,5.4504377e-05,0.0018662354
10568,0.00097590336,0.00014269284,0.0028116917
10569,0.0014776422,0.00057573704,0.0037123223
10570,0.0016403879,0.0008234304,0.0032295717
10571,0.0015950778,0.0007584541,0.0029700778
10572,0.000886058,0.0001073854,0.0019113648
10573,0.0012688732,0.00035996095,0.0028117395
10574,0.0009228709,0.00012516232,0.0022973164
10575,0.0021322474,0.0020306401,0.0019330413
10576,0.0029403626,0.005489157,0.0016004508
10577,0.0019571667,0.0015281374,0.0020002972
10578,0.0036580411,0.009846185,0.0014243416
10579,0.0032631136,0.007123177,0.0016220027
10580,0.0022119125,0.0021677513,0.0020628753
10581,0.0023611384,0.002677711,0.0019789035
10582,0.0030365575,0.0057516526,0.0017393759
10583,0.0014040654,0.00048216694,0.0026390294
10584,0.0010966117,0.0002126168,0.002893847
10585,0.0007434482,5.8280406e-05,0.0017624819
10586,0.0007306713,5.544774e-05,0.0012992355
10587,0.0010152361,0.00016796324,0.0032013461
10588,0.0010033045,0.00016257554,0.0030642364
10589,0.002053092,0.0017776199,0.0023988949
10590,0.0030090064,0.005827397,0.0018161506
10591,0.0028923755,0.005144967,0.0018252763
10592,0.0028195959,0.004734978,0.001838365
10593,0.002400428,0.0028729604,0.00199405
10594,0.002237973,0.0023027523,0.002037117
10595,0.002362262,0.0027415333,0.0019518572
10596,0.0022410182,0.0023216666,0.0019898615
10597,0.0024017112,0.002898061,0.0019039826
10598,0.0018720939,0.0012998176,0.0021548653
10599,0.0010491827,0.00019028221,0.0028135797
10600,0.0022497752,0.0023858072,0.0018643606
10601,0.0021722412,0.0021371087,0.0018935044
10602,0.0011313609,0.0002479368,0.0026035982
10603,0.00094093924,0.00013470638,0.0027652676
10604,0.0014898543,0.0006301584,0.002138288
10605,0.0007118946,5.3691812e-05,0.0014503205
10606,0.0021094978,0.0020087003,0.0019634152
10607,0.0019965058,0.0016858648,0.0019912454
10608,0.0018870168,0.0014082816,0.0020183297
10609,0.0023399903,0.0028245621,0.001783527
10610,0.0018924098,0.0014269496,0.0019880305
10611,0.0015033517,0.0006707655,0.0022004144
10612,0.001998659,0.001722702,0.0018692226
10613,0.001149171,0.0002763723,0.0024408884
10614,0.0017282723,0.0010812124,0.001943169
10615,0.00090168277,0.00012417515,0.0026411966
10616,0.0016634101,0.00096339156,0.0018977947
10617,0.0018180446,0.0012980681,0.0017921457
10618,0.0009650985,0.00015847871,0.0024295521
10619,0.0008955516,0.00012408965,0.0024561817
10620,0.001153866,0.00029251768,0.002287736
10621,0.0012557838,0.0003903684,0.002140425
10622,0.0008386246,0.00010171335,0.002518188
10623,0.0011708684,0.00031223378,0.0021067227
10624,0.0012370117,0.00037739862,0.0020067832
10625,0.0008822707,0.000122581,0.002323121
10626,0.0009978843,0.0001862646,0.0021836592
10627,0.0010483626,0.00022092416,0.0020866673
10628,0.0007999522,8.987051e-05,0.002259837
10629,0.00067726336,5.173444e-05,0.0010583665
10630,0.0011490472,0.00030441856,0.0019071645
10631,0.0014221496,0.0006235416,0.0016841876
10632,0.0008657675,0.00011971024,0.0022136352
10633,0.0016598278,0.0010556384,0.0016592768
10634,0.0014713396,0.0007115012,0.0017412583
10635,0.0007197658,6.559406e-05,0.0011915673
10636,0.0011453822,0.00031130342,0.0019405707
10637,0.00080069626,9.444333e-05,0.0019725908
10638,0.0006820452,5.5484838e-05,0.0007361341
10639,0.00066508946,6.8441695e-05,0.0006393674
10640,0.0008716911,0.00012714863,0.0019943516
10641,0.0016255943,0.0010193062,0.0016811787
10642,0.001336158,0.00053593493,0.0019170841
10643,0.0015808416,0.0009415569,0.0016640178
10644,0.0016136959,0.0010125816,0.0015815783
10645,0.0012755151,0.00046626624,0.0017227363
10646,0.0014821279,0.0007734276,0.0016035889
10647,0.0012949856,0.0004968111,0.0016696673
10648,0.0012853587,0.0004874127,0.0016131693
10649,0.0011226818,0.00031208884,0.0016699644
10650,0.00110509,0.00029767674,0.0016315538
10651,0.0008204652,0.00011061387,0.0015128677
10652,0.00094523665,0.00017894813,0.0018050395
10653,0.0012332008,0.00043770598,0.0015046574
10654,0.0011522417,0.00035120526,0.0014987917
10655,0.0010920169,0.00029536695,0.0014885779
10656,0.0011625877,0.00036620582,0.0014000619
10657,0.000782926,9.82351e-05,0.0011099913
10658,0.0009922774,0.00022078848,0.001485746
10659,0.0010406452,0.0002671111,0.0016444719
10660,0.001215197,0.00046362466,0.0012552417
10661,0.001056657,0.0002980059,0.0011540741
10662,0.0011260231,0.0003752742,0.0009929041
10663,0.001001608,0.00025810712,0.0009948517
10664,0.0010889458,0.0003466617,0.00086892454
10665,0.0012521375,0.00055935496,0.0007548289
10666,0.0010739354,0.00033946146,0.00077311514
10667,0.0012630357,0.00058936985,0.00069936324
10668,0.0010920595,0.00036739546,0.00071661593
10669,0.0012868972,0.00064084947,0.0006325456
10670,0.00090456853,0.0001998568,0.000731377
10671,0.0009579533,0.00024468746,0.0007203318
10672,0.0014115765,0.0008976645,0.0005717287
10673,0.0014254444,0.0009360758,0.0005478115
10674,0.0009082025,0.00021104637,0.000667112
10675,0.0011219388,0.0004370419,0.0007892172
10676,0.0009171824,0.00035482817,0.0006682097
10677,0.0010668901,0.00042735843,0.000554801
10678,0.00076164945,0.0003336786,0.00049158395
10679,9.024853e-05,8.049417e-05,9.198632e-05
10680,0.00085092365,0.00034335017,0.0003885242
10681,0.0010404837,0.00044087172,0.0003434506
10682,0.0010502198,0.00046235323,0.00031974883
10683,0.001088213,0.00052756455,0.00029815012
10684,0.0015128357,0.0015744969,0.00024224177
10685,0.00088941294,0.0003216594,0.00030311506
10686,0.0013319314,0.0010570744,0.00024962908
10687,0.001092358,0.00055406697,0.00026995112
10688,0.0012349269,0.0008382578,0.00024793448
10689,0.0009653432,0.00037342118,0.0002763344
10690,0.0011960604,0.00077026023,0.00027808972
10691,0.0012370482,0.0008813661,0.00027108213
10692,0.0010772145,0.00057661254,0.00025729253
10693,0.0018623581,0.0034755415,0.00021993398
10694,0.0011174793,0.0007439466,0.0002409089
10695,0.0014992631,0.0020651817,0.00018559127
10696,0.0013335063,0.0015032688,0.00016922847
10697,0.0015558094,0.0025415875,0.00013839298
10698,0.0010561204,0.0007374181,0.00015638296
10699,0.0009608314,0.0006282958,0.00015130876
10700,0.0012490712,0.0013155772,0.00012807199
10701,0.0010747309,0.00081099063,0.00013377795
10702,0.0013363449,0.001664353,0.00012214926
10703,0.001175935,0.0011078656,0.0001255267
10704,0.0010927791,0.0008778274,0.00012635585
10705,0.0011081167,0.00092474255,0.00012249587
10706,0.00043824807,0.00036551742,0.0001344805
10707,0.0017700187,0.0039919717,0.000107985376
10708,0.0017700207,0.004135041,0.00010265511
10709,0.0018775063,0.004652161,9.6749565e-05
10710,0.0012686638,0.0014459871,0.000118306
10711,0.0011686271,0.0011120555,0.00012055974
10712,0.00097650854,0.00061913417,0.00012966721
10713,0.0012495163,0.0013947256,0.00011244678
10714,0.0010036991,0.000681535,0.00012518509
10715,0.0005061036,0.00042145787,0.0001327492
10716,0.00036612968,0.00030476702,0.00013485222
10717,0.0003194117,0.00026566916,0.0001365676
10718,0.0012034936,0.0012457292,0.000116696676
10719,0.0009664988,0.0006082515,0.0001289113
10720,0.0013487705,0.0018105161,0.00010722041
10721,0.0014967832,0.0025111714,0.000102071026
10722,0.00092705776,0.0005264584,0.00013235403
10723,0.00073416624,0.00046894044,0.00013493594
10724,0.00092902884,0.00053181924,0.00013170719
10725,0.0009868626,0.0006511797,0.00013161784
10726,0.001478013,0.002414931,0.00010825557
10727,0.0018696887,0.00489708,9.73051e-05
10728,0.0011028523,0.0009107898,0.00013358414
10729,0.0013996363,0.0019761575,0.0001289933
10730,0.0013619644,0.0018251939,0.0001656353
10731,0.0011785853,0.0012191826,0.00015466733
10732,0.0012006747,0.0013349368,0.0001368964
10733,0.0012382533,0.0014958704,0.00012368013
10734,0.002581163,0.006745299,8.042556e-05
10735,0.001161019,0.0011849517,0.00012522217
10736,0.0010815866,0.00093955366,0.00012942625
10737,0.0020842878,0.005352661,9.8842036e-05
10738,0.0022440078,0.0060085226,9.502985e-05
10739,0.0020729646,0.005704653,0.00010207812
10740,0.001465518,0.0023266373,0.00012718665
10741,0.00093128846,0.00052786164,0.00016162753
10742,0.0015218125,0.0025937692,0.00012630619
10743,0.0017468362,0.0039160494,0.00012002303
10744,0.0012023784,0.0011819853,0.00015098866
10745,0.0009079839,0.00046720068,0.00017737204
10746,0.0016286823,0.003091061,0.00013664053
10747,0.000961229,0.00055505044,0.00018391274
10748,0.0013713336,0.0017676358,0.00015343087
10749,0.0024074302,0.00731915,0.00011686244
10750,0.0012159938,0.0011399094,0.0001805163
10751,0.001117652,0.0008603419,0.0001908235
10752,0.0010297868,0.00065475557,0.00020450017
10753,0.0016246791,0.0028432827,0.0001641643
10754,0.00061541167,0.00027236197,0.00024389492
10755,0.0014206913,0.0018371883,0.00020880059
10756,0.0010599807,0.00070144766,0.00023933222
10757,0.0009116323,0.00042529425,0.0002670887
10758,0.0009900101,0.0005589264,0.0002537047
10759,0.0016856652,0.0031229437,0.00020077867
10760,0.0027583179,0.007395022,0.00015972138
10761,0.0019389747,0.0046190103,0.00019006549
10762,0.0022702534,0.0066091917,0.00017386992
10763,0.0012702548,0.0011662728,0.00024267034
10764,0.0011754358,0.00090277754,0.00024864436
10765,0.0032579778,0.009193252,0.00014990126
10766,0.003068986,0.0087983105,0.00017674861
10767,0.002873299,0.008629681,0.00019576194
10768,0.0016899406,0.0025548988,0.00027840777
10769,0.0011645384,0.00075815205,0.0003412597
10770,0.00086501887,0.00028225977,0.00039516366
10771,0.0012293342,0.00090731186,0.00035881568
10772,0.0013821726,0.0013292279,0.00032936616
10773,0.001114065,0.00065286347,0.0003626981
10774,0.00096012425,0.0003984529,0.00038653845
10775,0.002685535,0.0077101225,0.0002603695
10776,0.0015012709,0.0016850642,0.00035036905
10777,0.0017483021,0.0027304918,0.00031084058
10778,0.002072776,0.0045517636,0.00028121012
10779,0.0011251424,0.0006374599,0.000391476
10780,0.0008823843,0.0002845812,0.00043473102
10781,0.0010047873,0.00044037876,0.00043101853
10782,0.00093638955,0.00034982944,0.00043457054
10783,0.0029925415,0.0088461535,0.00023168228
10784,0.003334443,0.009727982,0.00023830651
10785,0.0010801428,0.0005167879,0.0004589902
10786,0.000868584,0.00025129152,0.0005303515
10787,0.0025852483,0.0075289207,0.00032639646
10788,0.0022757798,0.005435616,0.00034276946
10789,0.0015483438,0.00162945,0.00041392597
10790,0.0017610107,0.0024597691,0.00037551107
10791,0.0010776647,0.00049397995,0.00047641178
10792,0.0012931423,0.0009057145,0.0004238569
10793,0.0032629857,0.0099097965,0.00025967555
10794,0.0021179928,0.00416242,0.00035687888
10795,0.0012389771,0.000740209,0.0004843094
10796,0.0021242057,0.004146575,0.00036666082
10797,0.0018787413,0.0028058537,0.00040523545
10798,0.001970359,0.0032276346,0.00040473053
10799,0.0017794968,0.0023233194,0.0004389242
10800,0.0011521424,0.000559496,0.00055781886
10801,0.0009408681,0.00028557846,0.00061944686
10802,0.0009699591,0.00031847297,0.0006946855
10803,0.0023740982,0.0056439475,0.00054094085
10804,0.0016960928,0.002026764,0.00058153487
10805,0.0010496996,0.00042417346,0.000661486
10806,0.0027087005,0.0077230786,0.00040514805
10807,0.0020305288,0.0035791267,0.00044601542
10808,0.0011326044,0.0005443612,0.00058943994
10809,0.0011652845,0.0006091487,0.0005581715
10810,0.0014711496,0.0013455575,0.0004827835
10811,0.0012635234,0.0008515491,0.00047848656
10812,0.0018634355,0.0031131299,0.00033554464
10813,0.0027488377,0.0074941115,0.00024460358
10814,0.004031534,0.010301572,0.00019406993
10815,0.0026991914,0.007938089,0.0002491449
10816,0.0011593463,0.0006333484,0.0003993794
10817,0.0015746796,0.001741089,0.00035339408
10818,0.0019433361,0.0034017144,0.00031532304
10819,0.0020300874,0.0038822885,0.00030031102
10820,0.004020554,0.010683646,0.00020627405
10821,0.0046777134,0.01206305,0.00020553742
10822,0.004276707,0.011810124,0.00024013229
10823,0.0037828353,0.011298624,0.0002872606
10824,0.005967741,0.014939708,0.00025204467
10825,0.0045344965,0.013401935,0.00034153654
10826,0.0027207558,0.0069060447,0.0005134755
10827,0.0018614808,0.0021544858,0.000667518
10828,0.002699554,0.0065932246,0.0005605018
10829,0.0035466566,0.012132356,0.0005506699
10830,0.0028006202,0.006834388,0.000703898
10831,0.0012246398,0.0004902129,0.0011433347
10832,0.0010185224,0.00026711577,0.0013623465
10833,0.0013875229,0.0007490646,0.0011487657
10834,0.0030118618,0.008204427,0.00076663616
10835,0.005555018,0.015926529,0.00059820636
10836,0.004809008,0.015345068,0.0007573314
10837,0.003943044,0.013769457,0.0009778517
10838,0.0017483492,0.0012800137,0.0016874713
10839,0.0011823617,0.0003508782,0.00207096
10840,0.0011302764,0.00030337146,0.0021463304
10841,0.0009109075,0.00014806892,0.00240958
10842,0.00095420604,0.00017355486,0.00236621
10843,0.00095708115,0.00017611284,0.0024347121
10844,0.000977243,0.0001896416,0.0024898457
10845,0.0016236784,0.0010294244,0.0018685526
10846,0.0039491146,0.013524874,0.0011603308
10847,0.001515531,0.0007712935,0.0021171295
10848,0.0013764155,0.0005621034,0.0022147275
10849,0.0040963627,0.013852837,0.0013226857
10850,0.0040706242,0.013433819,0.0014816758
10851,0.0022052461,0.0023503606,0.0022576922
10852,0.003756167,0.010801905,0.0017441518
10853,0.003741123,0.010392516,0.0019454547
10854,0.0029282426,0.005209684,0.0023745133
10855,0.0028184645,0.0046009244,0.0024764766
10856,0.003350079,0.007471501,0.0023162302
10857,0.0031204922,0.0060190987,0.0025107467
10858,0.0043121837,0.013408862,0.002190497
10859,0.0030175878,0.0051644,0.0029084643
10860,0.0017840831,0.0009655268,0.0038254065
10861,0.0022201745,0.0019880906,0.003352151
10862,0.0019306157,0.0012683242,0.003697728
10863,0.0016455571,0.0007517014,0.003889185
10864,0.0033589376,0.007101731,0.0027788528
10865,0.002475058,0.0028116067,0.0033519778
10866,0.0016424078,0.0007395103,0.004180449
10867,0.0026990008,0.003705458,0.0031635377
10868,0.0036455363,0.008717865,0.0027205958
10869,0.0021444913,0.0017366519,0.0037248721
10870,0.0031359482,0.0056668036,0.003018517
10871,0.00096799264,0.00012226102,0.004689775
10872,0.0025814632,0.0031407918,0.0033566277
10873,0.0013068233,0.0003365497,0.004693937
10874,0.0011361019,0.00021244331,0.0049749548
10875,0.002979793,0.004929578,0.0029735428
10876,0.002971032,0.004851697,0.0030147021
10877,0.0010123565,0.00014295723,0.005060768
10878,0.0013464761,0.0003741839,0.0042457497
10879,0.0017861488,0.0009666165,0.0035481052
10880,0.0015470235,0.00060413906,0.0036898404
10881,0.0015866472,0.00066253555,0.0035185532
10882,0.0012095122,0.00026990008,0.003948973
10883,0.0013387314,0.0003826362,0.003725089
10884,0.001518205,0.0005869453,0.0033763067
10885,0.0019120529,0.0012714389,0.0029974065
10886,0.0022103903,0.0020505474,0.0027308397
10887,0.0016846943,0.0008458664,0.0030854591
10888,0.00096278207,0.00013136012,0.0039393706
10889,0.0012741404,0.0003393258,0.0035669077
10890,0.0017777903,0.0010355972,0.0029336372
10891,0.0012085284,0.00028822187,0.003485877
10892,0.0011635162,0.0002556983,0.0034646136
10893,0.0007813929,6.790626e-05,0.0030111242
10894,0.0010103585,0.00016202754,0.003868821
10895,0.0008976144,0.00011066876,0.0024864085
10896,0.0014135772,0.00050897745,0.0041568135
10897,0.0014984602,0.0006225991,0.0035677832
10898,0.0011859561,0.00028760824,0.0034984448
10899,0.0013507095,0.00044880382,0.0030450213
10900,0.0034981887,0.0088458555,0.0017655076
10901,0.0017991718,0.0011435103,0.002474004
10902,0.0027412437,0.004400606,0.00195163
10903,0.0010726762,0.00020529224,0.0030598638
10904,0.0012590013,0.0003540998,0.0026286833
10905,0.0019243506,0.0014590824,0.0020217844
10906,0.0021673895,0.0021587221,0.0018472761
10907,0.0022809382,0.0025497586,0.0017629797
10908,0.002917814,0.0054172818,0.0015498587
10909,0.0024753849,0.003267798,0.0017218553
10910,0.0021441206,0.0020738882,0.0018980589
10911,0.0023659428,0.0028477544,0.0018109003
10912,0.0021091362,0.0019790838,0.0019843718
10913,0.002346478,0.0027949582,0.0019141347
10914,0.0029300023,0.005487321,0.0016766866
10915,0.002786905,0.004687376,0.001746921
10916,0.0027416328,0.0044311346,0.0017864932
10917,0.0023725454,0.0028228662,0.0019703035
10918,0.0029787584,0.005631971,0.0018158128
10919,0.002500319,0.0032916781,0.0020361957
10920,0.0032255219,0.0069632432,0.0017970797
10921,0.0037801664,0.01035061,0.0017202549
10922,0.0037103898,0.0096340915,0.0018712736
10923,0.0025683718,0.0032937839,0.002412058
10924,0.0029845352,0.0051903287,0.0023239404
10925,0.0030270591,0.005363267,0.002348788
10926,0.0032887314,0.006732675,0.0023009572
10927,0.004096269,0.011643128,0.0021293482
10928,0.0043077357,0.012700676,0.0022560754
10929,0.0031827386,0.0056462325,0.0028824375
10930,0.0014288216,0.0004269688,0.004349516
10931,0.0007638368,5.3020674e-05,0.0024250448
10932,0.0009127716,9.670898e-05,0.0036834285
10933,0.0010900525,0.00017686679,0.004671393
10934,0.0013969907,0.00040895876,0.004256257
10935,0.002189005,0.0018221762,0.0032638868
10936,0.0017028456,0.0008026865,0.0036277545
10937,0.0014404608,0.00046348368,0.0038206454
10938,0.0020140645,0.0014213134,0.0031754258
10939,0.0015147636,0.0005570687,0.0035581866
10940,0.0009360041,0.00011208429,0.0038644474
10941,0.0007346675,5.0146544e-05,0.0021421844
10942,0.00087083125,8.907461e-05,0.003336218
10943,0.002235257,0.002074121,0.0030638229
10944,0.0021329622,0.0017887651,0.0030380166
10945,0.001844076,0.0011160779,0.0031677308
10946,0.0028842904,0.0046493863,0.0024508385
10947,0.0007817644,6.341392e-05,0.0020631596
10948,0.0009922215,0.00014217275,0.0032431136
10949,0.0016917215,0.0008506597,0.0033119132
10950,0.0021169907,0.0017891645,0.0028274662
10951,0.0021658423,0.0019347194,0.0027099254
10952,0.0022538214,0.0022075435,0.0025925664
10953,0.0022612687,0.002237319,0.0025429383
10954,0.0022688922,0.002267659,0.00250165
10955,0.0008867441,0.000100626625,0.0029516574
10956,0.0007850594,6.738601e-05,0.0019597316
10957,0.0027540564,0.0042061126,0.0022251413
10958,0.0017291292,0.0009428038,0.00283227
10959,0.0009696307,0.0001375312,0.003546868
10960,0.0006786378,4.1912128e-05,0.0010180278
10961,0.0006689562,4.005938e-05,0.00093773124
10962,0.0006476513,3.604947e-05,0.0007265783
10963,0.0015629733,0.0006896466,0.0027747697
10964,0.0020867917,0.001797249,0.0023346446
10965,0.00223591,0.0022533678,0.00222575
10966,0.0022899404,0.002437403,0.002184355
10967,0.0021300516,0.0019359876,0.0022559888
10968,0.002252925,0.0023257963,0.0021742065
10969,0.002013929,0.0016235084,0.0022905017
10970,0.000949561,0.00013377302,0.0032714063
10971,0.00062231143,3.2780044e-05,0.0006440487
10972,0.00097562297,0.00015135258,0.0015066448
10973,0.0017559432,0.001106492,0.0032014833
10974,0.0020254492,0.001801537,0.0024377117
10975,0.0020885319,0.00201672,0.0020478123
10976,0.0021945026,0.0023860505,0.0017852171
10977,0.0014667135,0.0006426587,0.002029718
10978,0.0011935125,0.00032664198,0.0020929936
10979,0.001241727,0.00037656535,0.0019301333
10980,0.00083642354,0.00010134032,0.0013924404
10981,0.0005502176,6.752044e-05,0.0005411294
10982,0.00080900296,9.1710936e-05,0.0011572038
10983,0.0015560824,0.0008202828,0.0015055882
10984,0.0015721617,0.0008555194,0.0014560207
10985,0.002159111,0.002421163,0.0012131393
10986,0.0016174908,0.00094874116,0.001398806
10987,0.0020547244,0.002084217,0.001218257
10988,0.0017985479,0.001357493,0.0012996887
10989,0.0012799603,0.00044270157,0.0015264484
10990,0.0008167704,9.927402e-05,0.0016737079
10991,0.0008122694,9.805923e-05,0.0016146533
10992,0.00072061137,6.607085e-05,0.0007620534
10993,0.0008709091,0.00012515161,0.001745222
10994,0.0010036874,0.00020243219,0.0015885344
10995,0.0008187019,0.000103058366,0.0017197526
10996,0.0009632303,0.00017888313,0.0016091645
10997,0.0011439127,0.0003198964,0.0014434584
10998,0.001978596,0.001964685,0.0010811839
10999,0.0014892735,0.0007772965,0.0012501688
11000,0.0011772392,0.00035769548,0.0013921155
11001,0.001315421,0.0005212447,0.0012955198
11002,0.0013655188,0.0005940422,0.0012547645
11003,0.0013594059,0.0005888945,0.0012431481
11004,0.0010382567,0.00024111832,0.0014061953
11005,0.0015467558,0.0009142016,0.0011345589
11006,0.00082410855,0.00011261922,0.0015431511
11007,0.0012137705,0.0004134049,0.0012826785
11008,0.00088916277,0.00014699035,0.0014781262
11009,0.0007341846,7.7864635e-05,0.0011329232
11010,0.0007387247,7.981524e-05,0.0012030508
11011,0.0010280838,0.0002420966,0.0013167773
11012,0.0007086378,7.014169e-05,0.00094892486
11013,0.0010694609,0.00028019512,0.00139904
11014,0.00093159254,0.00017759875,0.001466378
11015,0.00094158266,0.00018497066,0.0014274277
11016,0.0008018331,0.00010862342,0.0014759074
11017,0.0012633227,0.0004999456,0.0012792299
11018,0.0011257257,0.00034235406,0.0013184752
11019,0.0011962199,0.00042159262,0.0012462932
11020,0.0009929233,0.00022762224,0.0013376066
11021,0.0009912772,0.00022753312,0.0013084235
11022,0.0007420587,8.68511e-05,0.0007688962
11023,0.00025541984,7.2480565e-05,0.00025214045
11024,0.00053071306,8.137012e-05,0.0005244814
11025,0.0009328938,0.00018780032,0.0013073962
11026,0.0010265225,0.0002598239,0.0012200609
11027,0.001233213,0.00048159724,0.0010929037
11028,0.0009988043,0.00023959485,0.0011974314
11029,0.0011842018,0.00042502684,0.00108217
11030,0.0010337643,0.00027148958,0.0011438243
11031,0.0008216251,0.00012661178,0.0012644553
11032,8.8633096e-05,6.223879e-05,8.812826e-05
11033,0.00076028076,9.821898e-05,0.0007603856
11034,0.00094977743,0.00020770107,0.0012600658
11035,0.00089617795,0.00017191975,0.0012591933
11036,0.0009584845,0.00021626445,0.0011855733
11037,0.0009888626,0.0002412134,0.0011405137
11038,0.0008906555,0.00017089631,0.0011769567
11039,0.0010790181,0.00032586505,0.0010484969
11040,0.00088129606,0.0001665455,0.00114153
11041,0.0004787372,8.381196e-05,0.00047639315
11042,0.00070609926,0.000112411166,0.0006964501
11043,0.0009619706,0.00022635129,0.001142841
11044,0.0010849122,0.0003401114,0.0010394733
11045,0.0006913326,0.00010979797,0.00068554666
11046,1.19311735e-05,1.1210097e-05,1.1797529e-05
11047,0.00095853803,0.00022741259,0.0010917546
11048,0.0012252885,0.0005192211,0.0009278792
11049,0.001068585,0.00033133198,0.0009616594
11050,0.0008740162,0.00017072195,0.0010725454
11051,0.0010084175,0.00027749568,0.0009778219
11052,0.0009318694,0.00021485597,0.00097053585
11053,0.0013049667,0.0006642395,0.00078801444
11054,0.0003732751,0.000112087066,0.00037311646
11055,0.00095504965,0.00023724533,0.0009073108
11056,0.001060869,0.00033936038,0.0008281233
11057,0.0011442616,0.00043972576,0.00077270187
11058,0.00083570456,0.00015510661,0.0008814273
11059,2.1309825e-05,1.9814994e-05,2.1380372e-05
11060,0.00087422633,0.000181484,0.00084448926
11061,0.0012897959,0.0006682004,0.0006992896
11062,0.0012003325,0.0005303818,0.0007113135
11063,0.0011004545,0.00040013052,0.00072075817
11064,0.0013039629,0.00070781144,0.000644123
11065,0.0011515636,0.00047138467,0.00067257456
11066,0.0015040623,0.0011462523,0.0005767579
11067,0.00080829207,0.00014618716,0.00078124506
11068,0.0012584982,0.00064258854,0.0006151166
11069,0.0012184173,0.0005801246,0.000619074
11070,0.0014376842,0.0010071588,0.0005637843
11071,0.0008685361,0.0001894134,0.0007235858
11072,0.0008020136,0.00014581732,0.00074334187
11073,0.0004073853,0.00015189292,0.000405967
11074,0.001366455,0.00087231584,0.00061910355
11075,0.0013185925,0.0007813441,0.0006033908
11076,0.0014719352,0.0011297143,0.0005513456
11077,0.0016189155,0.0015478807,0.00051338517
11078,0.0008869589,0.0002119961,0.0006863422
11079,0.0016209648,0.0015684898,0.00050808396
11080,0.001366025,0.0008991254,0.0005511351
11081,0.0014877538,0.0011955947,0.00051749643
11082,0.00096015853,0.00028128375,0.00063740154
11083,0.0010079461,0.0003324628,0.0006097352
11084,0.00056754926,0.00014519569,0.0005731738
11085,0.0011890854,0.0005812195,0.00056090124
11086,0.0013434477,0.0008745548,0.00051804096
11087,0.0014032089,0.0010130525,0.00050103746
11088,0.0010186544,0.00035174415,0.0005845153
11089,0.0008879572,0.00022352036,0.00061792234
11090,0.0010227697,0.0003595885,0.0005679731
11091,0.0011213102,0.00049034157,0.00053682126
11092,0.0011897738,0.00059922866,0.0005172589
11093,0.0008815788,0.00022167803,0.0005983846
11094,0.0011833081,0.00059265684,0.00051163195
11095,0.0014898359,0.0012693214,0.00045406134
11096,0.0019416311,0.002962449,0.00039907882
11097,0.0018226671,0.0024148799,0.00043333013
11098,0.0013521852,0.00091422413,0.00051345513
11099,0.0009718068,0.0003061413,0.00060739025
11100,0.0009696057,0.0003058119,0.0006553848
11101,0.0015521667,0.0014507573,0.00050853734
11102,0.001886942,0.0027062532,0.00046040516
11103,0.0014213033,0.001079994,0.0005405691
11104,0.0017300593,0.0020429124,0.000489251
11105,0.0017684659,0.0021825393,0.00048994314
11106,0.0017388843,0.0020586397,0.0005018992
11107,0.0010471084,0.0003879259,0.0006582614
11108,0.0016716899,0.0018095466,0.0005180152
11109,0.0009131858,0.00024540653,0.0007122441
11110,0.00096267666,0.00029304822,0.00069072715
11111,0.0017292113,0.0020157665,0.00051255256
11112,0.0009432846,0.0002729791,0.00070815295
11113,0.0004738099,9.9371195e-05,0.00047211972
11114,0.0010817216,0.00043250504,0.00072418695
11115,0.00087558065,0.00021379879,0.00079780887
11116,0.0008775717,0.00021713878,0.0009337412
11117,0.0016041334,0.0016009485,0.00063843647
11118,0.0012781442,0.0007610212,0.0006790568
11119,0.00092726736,0.00026263256,0.0007626395
11120,0.0009728064,0.00030958522,0.0007428696
11121,0.00027780986,0.00015620353,0.00027397362
11122,0.00019751186,0.00017784689,0.00019349286
11123,0.0012826778,0.00079943746,0.00068197254
11124,0.0023213413,0.005441103,0.00044843156
11125,0.0019382511,0.0032463712,0.00044083886
11126,0.0014750863,0.0013846062,0.00044942307
11127,0.0015197903,0.0015479838,0.00039813636
11128,0.0024891098,0.0069852606,0.0002946112
11129,0.0020849053,0.00413034,0.00034538616
11130,0.0028000684,0.0080618495,0.00027962239
11131,0.000982562,0.00035362638,0.0004833144
11132,0.0009488025,0.00031811534,0.00047842128
11133,0.0010686748,0.00047742602,0.00042552603
11134,0.0033788912,0.009492009,0.00023146856
11135,0.001300843,0.0008925301,0.00043563693
11136,0.0011895241,0.0006732807,0.00042171305
11137,0.0007247046,0.00030317076,0.00048557558
11138,0.0013963516,0.0011961346,0.00049118354
11139,0.0035379068,0.008127086,0.00025412595
11140,0.003593156,0.008858402,0.00023502944
11141,0.0018324731,0.0035459402,0.00032401335
11142,0.0017393136,0.002987176,0.00031003903
11143,0.0012769682,0.0010986816,0.000344998
11144,0.0023814153,0.007259825,0.0002395155
11145,0.002303213,0.0065016374,0.00025479827
11146,0.0016344045,0.0022521587,0.00031928642
11147,0.0032805281,0.009963506,0.00022486871
11148,0.0012997465,0.0010100865,0.00040113225
11149,0.0035543563,0.0108943805,0.0002400863
11150,0.0031124747,0.010288731,0.00029034103
11151,0.0009541756,0.00032315723,0.0005950496
11152,0.0019976308,0.0035552038,0.00041340422
11153,0.0027662814,0.008806051,0.0003634804
11154,0.0014935776,0.0013324845,0.00054987415
11155,0.0026983942,0.007945928,0.0004121783
11156,0.0018596939,0.0025790064,0.0005451769
11157,0.0019523483,0.0029759952,0.00054706656
11158,0.0010192421,0.0003533394,0.0007847415
11159,0.0028145842,0.00845385,0.0004697272
11160,0.0034771503,0.012614716,0.00046605113
11161,0.0022830586,0.004310117,0.00066462235
11162,0.00082123384,0.00015168679,0.0011624133
11163,0.002614019,0.0062876684,0.000649806
11164,0.0014432146,0.0009651282,0.0009887054
11165,0.00247557,0.0052628447,0.00075787556
11166,0.0014041305,0.0008597109,0.0010673143
11167,0.001076492,0.0003551592,0.0012259657
11168,0.0006782937,7.585067e-05,0.0013091296
11169,0.0013351728,0.0007260175,0.0011539572
11170,0.0028902441,0.007901922,0.000783701
11171,0.0034389817,0.011779192,0.00077877543
11172,0.003158455,0.009235609,0.00092043175
11173,0.0027914224,0.006437008,0.0010763393
11174,0.0012347874,0.00047344386,0.0017248008
11175,0.0006142722,4.593099e-05,0.001079787
11176,0.0009459115,0.00019619377,0.0024621398
11177,0.0013481441,0.00063418684,0.0021746315
11178,0.00091650063,0.00017268794,0.0025379544
11179,0.0011643871,0.0003807966,0.0022161438
11180,0.0026115556,0.005077712,0.0014350568
11181,0.0007781083,9.5778334e-05,0.0016623267
11182,0.0008849435,0.00014746125,0.0018716188
11183,0.0016984824,0.0012867971,0.002259727
11184,0.0019423213,0.001982537,0.0018189686
11185,0.0025241808,0.0044741738,0.00141654
11186,0.0042870035,0.013152085,0.0010206484
11187,0.0041256472,0.013308077,0.0011181533
11188,0.002057365,0.002105735,0.0017528296
11189,0.0012545297,0.00041300722,0.002201694
11190,0.0009294424,0.00015213722,0.0024631105
11191,0.0031277852,0.0074449093,0.001294753
11192,0.0018135044,0.0013732413,0.0017995244
11193,0.003943798,0.012902147,0.0012425287
11194,0.00089257164,0.00012322652,0.0027070856
11195,0.0008385252,0.00010035648,0.0022990766
11196,0.00094711495,0.00015236139,0.002517836
11197,0.0029588512,0.006081249,0.0016158745
11198,0.0039512403,0.012506308,0.0014121591
11199,0.0009911533,0.0001658861,0.0030843094
11200,0.0009358145,0.00013769102,0.0028031627
11201,0.001986001,0.0016911365,0.002174949
11202,0.0021450701,0.0021760897,0.0020356125
11203,0.003310497,0.007944652,0.0015956117
11204,0.000933771,0.00013484187,0.0027962262
11205,0.0032304723,0.0073188045,0.0016376892
11206,0.0049642064,0.015915997,0.0013653608
11207,0.0034108593,0.0079134945,0.0018972134
11208,0.0037876968,0.010155964,0.0018900465
11209,0.0041506216,0.012281545,0.0019393251
11210,0.0045973207,0.014818079,0.002018239
11211,0.0043654684,0.012888437,0.0023258529
11212,0.0045226,0.01353309,0.0025020754
11213,0.0046189735,0.013768028,0.0027172319
11214,0.0030128462,0.004356924,0.0036903657
11215,0.00071335846,3.7461097e-05,0.0027687089
11216,0.0009944534,0.00011530293,0.0045045237
11217,0.0012739239,0.00026680427,0.005970962
11218,0.00087194657,7.565458e-05,0.0032892933
11219,0.0033700885,0.0062294006,0.0034969144
11220,0.0040131486,0.009848011,0.0032924924
11221,0.0016350996,0.00060180546,0.005351705
11222,0.003023031,0.0044251406,0.0037550274
11223,0.0013668549,0.00033309363,0.005473191
11224,0.001928314,0.0010602825,0.004389491
11225,0.0012947917,0.00028346304,0.0050897547
11226,0.0012382722,0.00024661302,0.0049457806
11227,0.001151567,0.00019538413,0.0049104295
11228,0.003590127,0.0075822896,0.0030171024
11229,0.0013022008,0.00029447276,0.0051008705
11230,0.0012804231,0.00028114495,0.0049188607
11231,0.001556383,0.0005454592,0.0042409063
11232,0.0018361604,0.0009548332,0.0037422283
11233,0.0006773889,3.428527e-05,0.001709328
11234,0.0007059206,3.965995e-05,0.0016733268
11235,0.0021658994,0.0016795787,0.003572874
11236,0.0030217883,0.004805356,0.002940083
11237,0.0022154688,0.0018100686,0.0034524286
11238,0.0035188736,0.0074252114,0.0026715803
11239,0.0029239294,0.0042938273,0.0030502372
11240,0.0034706811,0.007059773,0.0030252775
11241,0.0035389634,0.0073553217,0.003105787
11242,0.0033741235,0.006355898,0.0032729856
11243,0.0022191415,0.0017287029,0.004130234
11244,0.0022761587,0.001897417,0.0042905393
11245,0.0027891225,0.0036328274,0.0037620151
11246,0.0010338055,0.00013807384,0.004498953
11247,0.002941276,0.004296704,0.003452302
11248,0.0023830272,0.0022192695,0.003818191
11249,0.0040888553,0.010637968,0.0028419795
11250,0.0034424546,0.0066298,0.0032996652
11251,0.0034541509,0.0066275094,0.0033634095
11252,0.003778956,0.008382352,0.0032836157
11253,0.0034516542,0.0064521064,0.003571549
11254,0.0016667036,0.0006341958,0.0051629087
11255,0.003817221,0.00849185,0.003277381
11256,0.0023931544,0.002073891,0.0043220557
11257,0.0012339841,0.00023220004,0.0058191093
11258,0.002690625,0.0030701633,0.0038884373
11259,0.001994715,0.0011719499,0.0044215424
11260,0.0021264926,0.0014609296,0.0041509042
11261,0.0011753913,0.00020451883,0.0053335843
11262,0.0012856051,0.00028034393,0.0053155064
11263,0.0042682737,0.011593128,0.0027873907
11264,0.002228598,0.001701831,0.004130313
11265,0.0028250953,0.003647011,0.003557367
11266,0.0016095235,0.000586133,0.004628459
11267,0.0027962115,0.0035732263,0.00339251
11268,0.0025065094,0.0025396354,0.0035496592
11269,0.003908577,0.009333792,0.002787616
11270,0.0035487202,0.007112412,0.003125025
11271,0.0034196484,0.006351561,0.0032622353
11272,0.0029420112,0.004049429,0.0035720312
11273,0.0019354799,0.0010582863,0.004349617
11274,0.0020224655,0.0012363255,0.004095469
11275,0.0023573553,0.0020584615,0.0036803153
11276,0.002007797,0.0012287382,0.0038811236
11277,0.0031175327,0.0049906652,0.0030206419
11278,0.0030177112,0.00451859,0.0030903516
11279,0.0033150897,0.0059496616,0.0029530413
11280,0.0032851382,0.005765742,0.003011174
11281,0.0019679077,0.0011439996,0.0039252667
11282,0.00095572736,0.00010337537,0.005345502
11283,0.0025316163,0.0026425763,0.0032076056
11284,0.0013382813,0.00032493757,0.004305474
11285,0.0018817969,0.0010231327,0.003491122
11286,0.0014322336,0.0004163391,0.0038687962
11287,0.00068774493,3.6096037e-05,0.0040666615
11288,0.0008696544,7.988657e-05,0.004900454
11289,0.0017607646,0.0008548175,0.0034016238
11290,0.0008832958,8.5858584e-05,0.004596669
11291,0.0013464463,0.00035584136,0.0036044118
11292,0.00075485336,5.19105e-05,0.0040427065
11293,0.0007901618,6.1108956e-05,0.0040409924
11294,0.00090513,9.698247e-05,0.004488652
11295,0.0008534045,8.0407954e-05,0.0044936882
11296,0.0013150347,0.00034620252,0.0037865276
11297,0.0015136306,0.00055944757,0.0034889567
11298,0.00070787966,4.434179e-05,0.00257118
11299,0.00093601027,0.00011364529,0.0043192203
11300,0.0011864697,0.00025383048,0.0038229628
11301,0.0012897332,0.0003382895,0.0035326416
11302,0.0025021064,0.0030040466,0.002494793
11303,0.002859411,0.004527714,0.0023311765
11304,0.002961078,0.004999135,0.002325006
11305,0.0020432847,0.0015519308,0.0028516685
11306,0.0023509825,0.002454709,0.0026124534
11307,0.0024082337,0.0026577974,0.0025624442
11308,0.0018502335,0.0011343203,0.0029049974
11309,0.0009839304,0.00013892898,0.0038582988
11310,0.0013750063,0.00042919593,0.0031510866
11311,0.0009796028,0.00013906653,0.0035982255
11312,0.0010121465,0.0001563509,0.003424915
11313,0.002394979,0.0027128176,0.0021639806
11314,0.0019713407,0.0014531453,0.0023858128
11315,0.0015607104,0.00067649776,0.0026402397
11316,0.00093823817,0.00012437398,0.0033033586
11317,0.0010936343,0.00020934377,0.0029647867
11318,0.0006948867,4.6209418e-05,0.003189968
11319,0.00055337464,2.171329e-05,0.0014611771
11320,0.00059005216,2.7007223e-05,0.001972626
11321,0.0013296088,0.00041141306,0.0024414454
11322,0.0019269898,0.0014189056,0.0019843811
11323,0.0020522391,0.0017529923,0.0019038033
11324,0.0018861962,0.0013388563,0.0019736171
11325,0.0017251013,0.0010048412,0.0020417569
11326,0.0011951721,0.00029828996,0.0024128137
11327,0.0005517005,2.2747674e-05,0.0011852386
11328,0.00058596395,2.7924734e-05,0.0015576482
11329,0.00058548513,2.7937045e-05,0.0015715549
11330,0.0015510779,0.0007282172,0.0022633127
11331,0.0015852985,0.00078845397,0.0021993765
11332,0.001649717,0.0009058866,0.002120598
11333,0.0016053638,0.0008333048,0.0021177756
11334,0.00143398,0.00057662657,0.0022050769
11335,0.0015410244,0.0007377845,0.0020887768
11336,0.0011230884,0.00025857656,0.0024022595
11337,0.00059367093,3.0843898e-05,0.0020211441
11338,0.0016443871,0.0009312742,0.0019229176
11339,0.0013958787,0.0005441373,0.0020598897
11340,0.0006499465,4.251131e-05,0.0027886734
11341,0.0007272326,6.227207e-05,0.002769153
11342,0.0011533624,0.00029301152,0.0021485672
11343,0.001245837,0.00038174712,0.0020269053
11344,0.0009954199,0.00018148762,0.0022223706
11345,0.0005624107,2.7054979e-05,0.0016904741
11346,0.00062720315,3.9267547e-05,0.0020316336
11347,0.0007370208,6.762146e-05,0.002701461
11348,0.00074137165,6.928434e-05,0.0026212074
11349,0.00067790406,5.1605246e-05,0.0026451293
11350,0.0006318531,4.0973806e-05,0.0021309138
11351,0.00065052166,4.544742e-05,0.002108878
11352,0.001022238,0.00020733282,0.0022314326
11353,0.0012409741,0.0003984801,0.0019871455
11354,0.0010947658,0.0002635964,0.002079575
11355,0.0011825016,0.00034292886,0.0019653523
11356,0.0009983969,0.00019583495,0.0021007953
11357,0.0010649266,0.0002442827,0.0019960916
11358,0.001228336,0.00039575843,0.0018273079
11359,0.0012595312,0.00043277483,0.0017782892
11360,0.0011179794,0.0002923314,0.0018601516
11361,0.0013503974,0.000552047,0.0016671033
11362,0.0006582278,5.0270108e-05,0.0023455098
11363,0.00054261234,2.6470896e-05,0.0009005121
11364,0.0010880488,0.00027224296,0.0018546187
11365,0.0006764027,5.581e-05,0.0023056406
11366,0.00036947915,2.2788163e-05,0.00036092591
11367,0.00048003407,2.9078472e-05,0.00046433043
11368,0.00059566676,3.6790996e-05,0.0010124566
11369,0.0006376089,4.622762e-05,0.0015466283
11370,0.00083056476,0.00011210006,0.002201238
11371,0.00058600464,3.5048455e-05,0.0009623638
11372,0.00034062774,2.8928e-05,0.00032904162
11373,0.0012106514,0.00039807896,0.0019758544
11374,0.0009754859,0.00019393858,0.0021687173
11375,0.0008036941,0.00010168289,0.0023434649
11376,0.0010580873,0.0002556141,0.002007231
11377,0.0008323827,0.00011491671,0.0022235091
11378,0.0006295273,4.52715e-05,0.0012048964
11379,0.0006065908,4.0037885e-05,0.00090872217
11380,0.0005829507,3.5090983e-05,0.00057218736
11381,0.0008248694,0.000112769165,0.0023763017
11382,0.00090709864,0.00015467068,0.00240235
11383,0.0010156813,0.00022558175,0.002225847
11384,0.0009142838,0.00015870562,0.002301075
11385,0.000971402,0.00019442191,0.002190452
11386,0.0009750774,0.00019706912,0.002147333
11387,0.0009974384,0.00021285948,0.0020866932
11388,0.00064280047,4.9052862e-05,0.0008471217
11389,0.0006649621,5.50609e-05,0.0008024009
11390,0.0009611612,0.0001883191,0.0022163193
11391,0.001065045,0.00026552269,0.002066791
11392,0.0007362797,7.733111e-05,0.0016570459
11393,0.00039736007,4.2604843e-05,0.00038169976
11394,0.00017483128,4.2685428e-05,0.00016712304
11395,0.0007719054,9.014098e-05,0.0014438989
11396,0.0007428668,7.905378e-05,0.0012150805
11397,0.00069389923,6.2839164e-05,0.0006628963
11398,0.001099178,0.00029175653,0.0021890982
11399,0.0010127686,0.00022195201,0.0022121791
11400,0.0010637447,0.0002617226,0.002099633
11401,0.0008253385,0.000112147696,0.0020776398
11402,0.0008092472,0.000105103616,0.0019462701
11403,0.0010453091,0.00024819144,0.0020798324
11404,0.00071605796,7.013201e-05,0.00091253105
11405,0.00073408696,7.617403e-05,0.0011253132
11406,0.0008977106,0.00014932228,0.0021165754
11407,0.0006513838,5.8696616e-05,0.000628826
11408,0.001277831,0.0004901281,0.002018372
11409,0.0011770503,0.00037376923,0.001950038
11410,0.00095443334,0.00018613863,0.002038458
11411,0.0011612476,0.00035969383,0.0017585763
11412,0.00092832395,0.00017089104,0.0018889789
11413,0.0010389554,0.00024991046,0.0017224277
11414,0.0009484597,0.00018502338,0.0017482644
11415,0.00081266114,0.0001107769,0.0015593178
11416,0.00019983761,6.553696e-05,0.00019415631
11417,0.0003709641,8.040995e-05,0.0003588423
11418,0.00090772315,0.00016148918,0.0017813832
11419,0.00040089226,7.906995e-05,0.0003909507
11420,0.0008349207,0.00012305852,0.0012318516
11421,0.0008254613,0.0001191223,0.0011960946
11422,0.00066622347,9.1747264e-05,0.0006536223
11423,0.0011729092,0.00039311644,0.0016603273
11424,0.001083263,0.00031052344,0.0014342192
11425,0.0010212555,0.00026053633,0.0012702023
11426,0.0010362798,0.00027814697,0.0011270824
11427,0.0006343864,0.00015847525,0.0006276058
11428,0.0012527555,0.00054321584,0.00097308244
11429,0.0011606314,0.00043430756,0.0008629764
11430,0.001144558,0.0004240465,0.00076918775
11431,0.0009914823,0.0002674456,0.00075416843
11432,0.0010773388,0.00035828273,0.0006808798
11433,0.0014382424,0.00094739714,0.00055217586
11434,0.0012802838,0.0006522492,0.00056043133
11435,0.0010503257,0.00034130955,0.00059599895
11436,0.001031095,0.00032420564,0.00058070885
11437,0.00048846635,0.00017771182,0.00049890473
11438,0.0013149309,0.0007427283,0.0005070578
11439,0.0011775844,0.00052128115,0.0005129892
11440,0.0010102631,0.00031646274,0.0005346974
11441,0.0012878677,0.0007164865,0.0004566925
11442,0.0013228094,0.00078979216,0.00043929997
11443,0.00090561825,0.00022588792,0.00052094564
11444,0.001234676,0.00063968694,0.00044463572
11445,0.0010563812,0.00038440016,0.0004730793
11446,0.001455418,0.0011193238,0.00039268122
11447,0.00081313687,0.0002014539,0.00050365936
11448,0.001286073,0.00075667247,0.0004260402
11449,0.0017896354,0.002237282,0.00035273845
11450,0.0015195954,0.0013238282,0.00037962123
11451,0.0015650997,0.0014652918,0.00036845618
11452,0.0010119921,0.00034906596,0.00045502925
11453,0.0015292928,0.001374999,0.00036226827
11454,0.0015419148,0.0014176957,0.00035903888
11455,0.0010604686,0.0004140088,0.0004329129
11456,0.00085232145,0.00020115566,0.0004789699
11457,0.0017529571,0.0021808113,0.00034824936
11458,0.0020405771,0.003508551,0.0003208821
11459,0.0012447808,0.0007108872,0.00041886367
11460,0.0014280414,0.001123774,0.0003854362
11461,0.0014423588,0.0011657873,0.00038103186
11462,0.0012898966,0.00081055856,0.000401638
11463,0.0014660341,0.0012394361,0.00037406964
11464,0.001848499,0.0026155736,0.0003325304
11465,0.0019963828,0.0033098785,0.0003253746
11466,0.0019917283,0.0032614325,0.00033464932
11467,0.0011021955,0.0004751561,0.00046432498
11468,0.0015490528,0.0014739503,0.00045915088
11469,0.0036448557,0.010339777,0.000282681
11470,0.0012114806,0.00063428824,0.00053504354
11471,0.001270934,0.0007507738,0.00055803003
11472,0.001665769,0.0018366554,0.00045244792
11473,0.0020335028,0.003454933,0.00039230697
11474,0.0016015163,0.0016164042,0.00043951234
11475,0.0011369191,0.0005259675,0.00051268
11476,0.0016218898,0.0017217012,0.00056790817
11477,0.0010760272,0.0004824865,0.00060902233
11478,0.0011139879,0.0005810548,0.0005617387
11479,0.0025053006,0.006283655,0.0003195138
11480,0.001975002,0.004179178,0.0003274814
11481,0.0012238472,0.00092338526,0.00037834875
11482,0.0010631094,0.0005876076,0.00036545473
11483,0.0011053941,0.0006750929,0.00033679084
11484,0.0015378312,0.0019966667,0.00026756324
11485,0.0034992045,0.00865452,0.00019428709
11486,0.0035063806,0.009058129,0.00018480424
11487,0.001520016,0.0018780607,0.00028303952
11488,0.0022060978,0.005850717,0.00022189139
11489,0.001442995,0.0015547987,0.0002799615
11490,0.0021407092,0.0052565495,0.00022441897
11491,0.0013067916,0.0011005558,0.0002983638
11492,0.0018191114,0.0031646139,0.00024996186
11493,0.000949578,0.00037899596,0.0003543962
11494,0.003089666,0.008779243,0.00021511051
11495,0.0026219755,0.007956739,0.00024487035
11496,0.0010518206,0.0004957259,0.0004120279
11497,0.0015999163,0.0019607302,0.00032600976
11498,0.0013542635,0.0011387934,0.0003548993
11499,0.0010836276,0.0005460382,0.00039518427
11500,0.0025680345,0.0079669105,0.00025726418
11501,0.001038264,0.00045840236,0.0004966438
11502,0.0016711368,0.0022002913,0.00042791723
11503,0.0022408229,0.005476434,0.00032402534
11504,0.0011323482,0.00063215906,0.00052231725
11505,0.0014999256,0.0017049749,0.00039961273
11506,0.0013777367,0.0013676501,0.00035848987
11507,0.0010907263,0.0006534115,0.00035567107
11508,0.004245964,0.009458623,0.00018697539
11509,0.0037193561,0.009162265,0.00018971757
11510,0.004669997,0.011101537,0.00016354742
11511,0.0037912133,0.010137317,0.00018857092
11512,0.0043586185,0.011434722,0.00018583529
11513,0.004454348,0.011967641,0.00020272746
11514,0.0041962634,0.0119400155,0.00023581952
11515,0.004000621,0.011980321,0.00027467977
11516,0.0034805066,0.011357723,0.00033712675
11517,0.0031312706,0.010935785,0.00040409304
11518,0.0025874402,0.0066935937,0.0005034131
11519,0.0033861394,0.012039915,0.0004708886
11520,0.0014679348,0.0010635734,0.00082334306
11521,0.0009760047,0.0002741847,0.0010184697
11522,0.0011457535,0.00046854274,0.0009752402
11523,0.0008947526,0.00020530011,0.0011170601
11524,0.0007647259,0.00012152309,0.0012524704
11525,0.0014001068,0.0009196165,0.0012466836
11526,0.0018963029,0.0024470324,0.00095693965
11527,0.0013478886,0.00080214127,0.0010392391
11528,0.003664442,0.011186911,0.0005750589
11529,0.0029238502,0.008263619,0.0006886985
11530,0.004128543,0.0127096055,0.0006052876
11531,0.002817706,0.006932437,0.00082531705
11532,0.0040415223,0.013207134,0.0007222754
11533,0.004282888,0.01406605,0.00079461664
11534,0.0012637798,0.00047702322,0.0016936456
11535,0.00083030254,0.00011750174,0.002053717
11536,0.0012712079,0.0004899352,0.0017354725
11537,0.0013128025,0.000547962,0.0017853001
11538,0.0019150951,0.0018969259,0.0014328681
11539,0.0017793676,0.0014913235,0.0014732295
11540,0.0012208129,0.00042915333,0.001759498
11541,0.0022295713,0.003066738,0.0012739734
11542,0.0019251364,0.0019129751,0.0014035727
11543,0.0045587276,0.014838806,0.0009010428
11544,0.0024817032,0.003980021,0.0014211846
11545,0.0026475799,0.004786556,0.0014203421
11546,0.0019914398,0.0019521301,0.0017316467
11547,0.0016495866,0.0010547781,0.0019039704
11548,0.001981924,0.0019212944,0.001721314
11549,0.002267911,0.0029442878,0.001611655
11550,0.0017216479,0.0012069485,0.001876025
11551,0.0028214175,0.0056623234,0.0014541309
11552,0.00350097,0.009941952,0.0013592588
11553,0.0019019253,0.0015808988,0.0020187737
11554,0.0018161851,0.0013614947,0.002058123
11555,0.0018869876,0.0015451072,0.0020069496
11556,0.0025272432,0.003899348,0.001726697
11557,0.0027067799,0.00476398,0.0017717554
11558,0.00279107,0.005155854,0.0018086532
11559,0.0022527787,0.0026452758,0.002091525
11560,0.0030661302,0.006641918,0.0018017838
11561,0.0031419366,0.006984307,0.0018666299
11562,0.0036001045,0.009799987,0.0018296507
11563,0.0040129423,0.012340692,0.0018662995
11564,0.0021728536,0.0020889582,0.0028189823
11565,0.0022567355,0.0023690476,0.002945773
11566,0.0036336237,0.009482679,0.0023056099
11567,0.004656957,0.015979283,0.0021685224
11568,0.003681323,0.0091415765,0.002773785
11569,0.0026294962,0.0034135117,0.003462184
11570,0.005819996,0.021661138,0.0022958159
11571,0.0041512097,0.011325995,0.0032311322
11572,0.004073954,0.010591738,0.0034694737
11573,0.004467264,0.01283789,0.003484361
11574,0.0043675075,0.011925408,0.003771586
11575,0.003978437,0.009322641,0.00417547
11576,0.00431261,0.011198645,0.004123556
11577,0.0011896499,0.00019444173,0.007915535
11578,0.0006395818,2.4667912e-05,0.003644675
11579,0.0010173047,0.000117305666,0.0071517057
11580,0.001435792,0.0003773223,0.006884461
11581,0.0014279675,0.00037488222,0.0065521975
11582,0.0027714162,0.0033318729,0.0044736085
11583,0.0016583155,0.0006273135,0.0055896156
11584,0.0017661878,0.0007826357,0.0051689837
11585,0.0035932784,0.0073199747,0.0034748362
11586,0.0042803283,0.011323524,0.0032447418
11587,0.0031172782,0.0047155833,0.004014128
11588,0.0030827222,0.0045599234,0.0040033804
11589,0.002907466,0.003819622,0.004090452
11590,0.0024707015,0.002296545,0.0043577612
11591,0.002608397,0.0027505876,0.0041153454
11592,0.0031377382,0.004884933,0.0036655683
11593,0.0021771467,0.0015451212,0.0043701907
11594,0.0026174362,0.002822413,0.0038520047
11595,0.002394774,0.0021381394,0.0039384738
11596,0.0011488422,0.00018820654,0.0054436834
11597,0.0013599448,0.0003359888,0.0051092347
11598,0.0024872394,0.0024896865,0.0036237815
11599,0.004173871,0.011021102,0.0028435297
11600,0.0027004643,0.0031761972,0.0037366836
11601,0.001645998,0.00063556054,0.004766627
11602,0.0018353426,0.000924169,0.0044530784
11603,0.0012663784,0.00027094572,0.0052876603
11604,0.0008492668,7.180293e-05,0.0062044873
11605,0.00069879653,3.785611e-05,0.0043096347
11606,0.00092958,9.9305646e-05,0.0060726837
11607,0.0020126856,0.0013224937,0.004083599
11608,0.003848761,0.00940345,0.0028819775
11609,0.0028906185,0.004136215,0.0035604155
11610,0.003865425,0.0093718525,0.0032487982
11611,0.0024650537,0.0024695818,0.004236665
11612,0.0021363932,0.0015640283,0.004451669
11613,0.0011932375,0.00022708566,0.0057019945
11614,0.0012709147,0.00028329986,0.0052721226
11615,0.0010732311,0.00016226497,0.005414793
11616,0.0014632397,0.00046259284,0.0044319807
11617,0.0015744262,0.00059667736,0.0041147806
11618,0.0017766666,0.0009011656,0.0037897956
11619,0.0014012875,0.00041238518,0.004105515
11620,0.00065148104,3.2053664e-05,0.0034770179
11621,0.0009197767,0.00010235471,0.0048620906
11622,0.00072021864,4.560279e-05,0.003895296
11623,0.0014957117,0.0005315501,0.0038987664
11624,0.0009391962,0.00011325701,0.0050127343
11625,0.0013838791,0.00041998827,0.0043955795
11626,0.0013248726,0.00036580302,0.004384801
11627,0.0014870453,0.00054256455,0.0041256906
11628,0.0019158245,0.0012651249,0.0035593894
11629,0.0011564221,0.00023678639,0.0044264826
11630,0.0015002192,0.00056902756,0.0037580002
11631,0.0021637236,0.0019170912,0.003143098
11632,0.004081811,0.011876268,0.002248477
11633,0.0034130153,0.007362276,0.0026839387
11634,0.0029469538,0.0047673113,0.0030005672
11635,0.0029252234,0.0046363226,0.0030465578
11636,0.0020465695,0.0014952767,0.003662754
11637,0.0024433108,0.0026637325,0.0033188513
11638,0.0027239746,0.0037467808,0.0031059228
11639,0.0024060279,0.002537484,0.0033001394
11640,0.0017882935,0.0009687975,0.0037634256
11641,0.0020809765,0.0016059498,0.0033841613
11642,0.0009920622,0.00013724258,0.0047648787
11643,0.0007026087,4.362665e-05,0.0030976795
11644,0.0009699299,0.00012968433,0.004836842
11645,0.0011538698,0.00023323637,0.004563836
11646,0.0014505242,0.0005045493,0.003906776
11647,0.0014249935,0.00047876843,0.0037972187
11648,0.0015906524,0.0006956319,0.003472264
11649,0.0018253467,0.0011051275,0.0031478575
11650,0.0010760347,0.00019093609,0.0039684423
11651,0.001462467,0.00053660636,0.0032857703
11652,0.0018831687,0.0012497477,0.0028155565
11653,0.0012392026,0.00031299258,0.00342346
11654,0.0027136821,0.0040605753,0.0023285893
11655,0.003311333,0.0071987663,0.002130531
11656,0.0037913101,0.010089829,0.0020832543
11657,0.0032754445,0.006716636,0.0024034672
11658,0.003371464,0.0071885125,0.002448767
11659,0.0025638717,0.00315835,0.0029133894
11660,0.0007575775,5.5845187e-05,0.00408999
11661,0.00062441296,2.943853e-05,0.002593276
11662,0.0006248415,2.9715397e-05,0.002265634
11663,0.0012436693,0.00030372068,0.0053323763
11664,0.0023813604,0.0025765551,0.0039084093
11665,0.00080953335,7.1481794e-05,0.0025313008
11666,0.001063855,0.0001780735,0.004487701
11667,0.0029587154,0.004988776,0.003181184
11668,0.0023649796,0.0024748817,0.0035887542
11669,0.0012623839,0.00031242086,0.004932696
11670,0.0010823176,0.00018763871,0.004574738
11671,0.00076269207,5.825182e-05,0.002159771
11672,0.00091384974,0.00010688029,0.0033462783
11673,0.0013437239,0.00038955436,0.0043254723
11674,0.0011938949,0.00026360998,0.0043652486
11675,0.00089853915,0.0001022797,0.0033991896
11676,0.0017949007,0.0010388785,0.0035145697
11677,0.0027781376,0.004213174,0.0027348239
11678,0.002296256,0.0023113333,0.0030222365
11679,0.0014050863,0.00045968578,0.0037843052
11680,0.0012621781,0.00032313375,0.003830483
11681,0.0012560325,0.00031991804,0.003686143
11682,0.0015296133,0.000621903,0.0032227738
11683,0.0012674597,0.00033423866,0.003423453
11684,0.0011675431,0.000255677,0.003438103
11685,0.0008952572,0.000106309955,0.0030897518
11686,0.0018175063,0.0011339542,0.0028665096
11687,0.0013925225,0.00047074986,0.0031866173
11688,0.00077519077,6.667013e-05,0.0022137566
11689,0.0026002147,0.0036310127,0.0023045922
11690,0.0014090799,0.00049316225,0.0031359638
11691,0.0010994495,0.00021640015,0.0034228154
11692,0.0018065056,0.0011382514,0.0025865992
11693,0.0008889591,0.00010742353,0.0032866143
11694,0.00071964605,5.3232972e-05,0.0017864094
11695,0.0023673037,0.0027882317,0.0025488979
11696,0.0009534044,0.00013795568,0.0029359271
11697,0.00086707796,0.00010078864,0.002320238
11698,0.002272051,0.0024634772,0.0023536866
11699,0.0019077326,0.0014013734,0.0025107728
11700,0.0018261422,0.0012192782,0.0024916867
11701,0.0012601108,0.00035723252,0.0029087977
11702,0.0017955087,0.0011657258,0.0023612778
11703,0.0018229614,0.0012313556,0.002291834
11704,0.0020772233,0.0018929377,0.002106566
11705,0.002081846,0.0019113452,0.0020842627
11706,0.00087369804,0.00010710612,0.002856936
11707,0.0017524271,0.0010972684,0.0021788618
11708,0.0018770618,0.001382016,0.002072776
11709,0.001271684,0.00038180072,0.0024840266
11710,0.00080327527,8.2566396e-05,0.002454313
11711,0.00086200977,0.000105661624,0.0023522775
11712,0.001197369,0.00032081013,0.0030823448
11713,0.0019543206,0.0016370055,0.0021877585
11714,0.0009063348,0.00012786475,0.0021603242
11715,0.0011457653,0.0002817978,0.002525738
11716,0.0015194967,0.0007274574,0.0020817996
11717,0.001042058,0.00020798795,0.0024118412
11718,0.0015015352,0.0007084845,0.0019307594
11719,0.00083294394,9.9567056e-05,0.0018315488
11720,0.0012679847,0.0004097333,0.002149134
11721,0.0007717716,7.844459e-05,0.000968875
11722,0.0010277854,0.00020743285,0.0021125483
11723,0.0009513029,0.00016339876,0.0016347022
11724,0.0010791436,0.000253377,0.0019153503
11725,0.0018469212,0.0015272663,0.0013123022
11726,0.0011594997,0.00033051512,0.0015692506
11727,0.0019720648,0.0019321609,0.0011455853
11728,0.0016989666,0.0011992638,0.0011726678
11729,0.0016278911,0.001051828,0.0011447185
11730,0.0011266395,0.00031241158,0.0013254742
11731,0.0016740425,0.001173827,0.0010441237
11732,0.0010120957,0.00022201511,0.0013116666
11733,0.0012163229,0.00041363272,0.0011605856
11734,0.0012642152,0.00047442532,0.0011125791
11735,0.0011358195,0.000334596,0.0011464766
11736,0.00091088645,0.00016126159,0.0012509247
11737,0.0010122971,0.00023139808,0.0011863038
11738,0.0008263886,0.00011833519,0.0011376294
11739,0.00054569123,0.00015178115,0.0005347886
11740,0.00061776355,0.00015496438,0.0006117363
11741,0.00093822886,0.00019301324,0.0011118622
11742,0.0010862908,0.0003208389,0.0009339358
11743,0.0014857041,0.000922249,0.00073666434
11744,0.0011509124,0.00040027907,0.0007927575
11745,0.0006860952,0.00015611787,0.00069651095
11746,0.0011728775,0.00043810983,0.0007939049
11747,0.0010143298,0.00030011233,0.00087281165
11748,0.0012023734,0.00051753916,0.0007032912
11749,0.0014253451,0.00095981796,0.0005342234
11750,0.0014114886,0.0009632792,0.00046356884
11751,0.0013443815,0.0008417119,0.00042565394
11752,0.0022188155,0.0042340686,0.00030367926
11753,0.0015964385,0.0015047576,0.00035170442
11754,0.0014275545,0.0010554909,0.000358759
11755,0.0014815769,0.001204519,0.00034081176
11756,0.0015953063,0.0015455075,0.0003205317
11757,0.0014435935,0.0011248268,0.0003443079
11758,0.001356071,0.00092493155,0.00034510277
11759,0.0014349053,0.0011237815,0.00032696442
11760,0.0009954863,0.000337695,0.00038621947
11761,0.0010071942,0.00035624747,0.00042068734
11762,0.0011774179,0.0006106825,0.00035755098
11763,0.0013021042,0.00086545735,0.00031943934
11764,0.001440345,0.0012204874,0.00029008675
11765,0.0016599006,0.0019518728,0.0002681247
11766,0.0013347922,0.000968294,0.0002914256
11767,0.0015470452,0.001582114,0.00026244397
11768,0.001249933,0.0007925481,0.00028772888
11769,0.0011810599,0.0006628183,0.000290091
11770,0.0010789069,0.0004951781,0.0002981235
11771,0.0011207823,0.0005663973,0.00028738804
11772,0.0015214825,0.0015569755,0.00024670977
11773,0.001246482,0.00081452064,0.0002717232
11774,0.0012495149,0.000826304,0.00026849954
11775,0.00096241443,0.00034988354,0.0003037228
11776,0.00091133156,0.00029376094,0.0003082928
11777,0.00037039397,0.00026829875,0.00034646023
11778,0.0009724364,0.0003722516,0.00031339715
11779,0.001118605,0.0005996937,0.00028074815
11780,0.0011048875,0.0005816798,0.00027316005
11781,0.0012129088,0.00079903804,0.0002533702
11782,0.0011834158,0.0007424081,0.0002513518
11783,0.0010538611,0.00050948455,0.00026199155
11784,0.001090369,0.00057471864,0.00025532368
11785,0.0010098199,0.0004486909,0.0002614014
11786,0.0009628106,0.0003855997,0.00026420798
11787,0.0013291853,0.0011294566,0.00023831977
11788,0.0012679477,0.0009754695,0.00023703206
11789,0.0010710824,0.00056324987,0.0002521028
11790,0.00092863326,0.0003534581,0.00026472015
11791,0.00068914087,0.000322278,0.00026980112
11792,0.0009464045,0.00038228705,0.00025603978
11793,0.0010555079,0.00055335305,0.00023706832
11794,0.0010892373,0.00061823876,0.00022957976
11795,0.0009761018,0.00043439586,0.00026424677
11796,0.0007742933,0.00039187536,0.00025461504
11797,0.00047737028,0.00034163927,0.00024930478
11798,0.0006222285,0.0004001501,0.00024508394
11799,0.0009558909,0.00045845433,0.00022536903
11800,0.0011128847,0.0007137263,0.00020111153
11801,0.0010517825,0.0005985288,0.00019935131
11802,0.00081069564,0.00040845966,0.00020524689
11803,0.000761052,0.0005941138,0.0002290858
11804,0.0017803877,0.003495579,0.00016172566
11805,0.0014428692,0.0018904454,0.00015837008
11806,0.0013797171,0.0016866472,0.00014564957
11807,0.0015234175,0.0023562424,0.0001278234
11808,0.00091593893,0.00059255055,0.00015173845
11809,0.0010286084,0.0006740129,0.00014559836
11810,0.00035925134,0.0003010928,0.00015082459
11811,0.00075503084,0.00062950345,0.00014924926
11812,0.001176933,0.001136505,0.0001231693
11813,0.0015669023,0.0029116364,9.66433e-05
11814,0.0015395253,0.002777495,9.319824e-05
11815,0.0013627423,0.001895327,9.6774864e-05
11816,0.0012130742,0.0013085484,0.00010058208
11817,0.0011507507,0.0011078296,0.00010146258
11818,0.0010958553,0.00094855233,0.00010258597
11819,0.0013277391,0.0017744394,9.208538e-05
11820,0.0015452916,0.002860337,8.555012e-05
11821,0.0016245598,0.0033093367,8.5142034e-05
11822,0.0020611614,0.0054906,8.1984246e-05
11823,0.0012538478,0.0014133558,0.00011052759
11824,0.0011322749,0.0010139641,0.00011638017
11825,0.0016582762,0.0034171597,9.569537e-05
11826,0.0016080526,0.0030702853,0.0001002451
11827,0.0009457538,0.00054698385,0.00013507537
11828,0.0013671127,0.0018239622,0.00011207177
11829,0.0013102244,0.0015832743,0.000116454714
11830,0.0010182639,0.00069245195,0.00013432391
11831,0.0014644592,0.00224919,0.000112315756
11832,0.0016694007,0.003353765,0.000107742155
11833,0.0016607158,0.003253902,0.0001123977
11834,0.0011959407,0.0011288163,0.00013811926
11835,0.001579702,0.0027449054,0.00012460127
11836,0.0011171777,0.0008914901,0.00015583349
11837,0.0009034129,0.00044125482,0.00017529038
11838,0.00092812633,0.00048268057,0.00017783183
11839,0.000858788,0.00037266637,0.00018571745
11840,0.0008559062,0.00036831023,0.00018840545
11841,0.0011985694,0.0011168342,0.00015962044
11842,0.0016797257,0.0032560644,0.00013642936
11843,0.0011656804,0.0009991282,0.00017097952
11844,0.000372351,0.00024938825,0.00021401719
11845,0.00040795756,0.0002837403,0.00022415779
11846,0.00029582696,0.00025041885,0.00022667967
11847,0.0011574249,0.0009602296,0.0001877936
11848,0.0017779128,0.0037414548,0.00015230525
11849,0.0012667051,0.0012590123,0.00019027846
11850,0.000987786,0.00055303273,0.00021892319
11851,0.0025637546,0.0076678707,0.0001485994
11852,0.0014425573,0.0018273545,0.00021690041
11853,0.0013918307,0.0016141238,0.00022325877
11854,0.0021862262,0.006332534,0.00017936096
11855,0.002768265,0.008741791,0.00017048251
11856,0.0032949916,0.010165812,0.00017240977
11857,0.0011804596,0.0008131274,0.00032897622
11858,0.0009181923,0.0003524297,0.00037743762
11859,0.0022768383,0.0062715677,0.00024351763
11860,0.0018419558,0.0032595592,0.00029262045
11861,0.0008951343,0.0003068454,0.00043924732
11862,0.00090314914,0.00031591204,0.00046250838
11863,0.00084999006,0.00025703086,0.00047847864
11864,0.0015170623,0.001726293,0.00035851452
11865,0.0022423873,0.0056698928,0.000300133
11866,0.001782429,0.0027697822,0.000361356
11867,0.0020004425,0.003897136,0.00035280557
11868,0.003184931,0.010978956,0.0002912424
11869,0.0040779337,0.013081586,0.0002909588
11870,0.002082225,0.0038522922,0.0004792708
11871,0.0012283409,0.00069735234,0.0006554435
11872,0.0014950009,0.0013260072,0.0005994219
11873,0.00272318,0.00808266,0.00044894786
11874,0.0009998727,0.0003352856,0.0008180198
11875,0.0020793707,0.0036077572,0.0005676453
11876,0.0019001338,0.0026913895,0.0006194507
11877,0.0010002687,0.00032661515,0.0008827537
11878,0.000801676,0.0001558217,0.0009892015
11879,0.00065933965,8.110393e-05,0.0009928178
11880,0.0007376297,0.000118624994,0.0009002189
11881,0.0022679106,0.0045487867,0.00077903835
11882,0.0014361632,0.0010407858,0.0010304352
11883,0.003513135,0.011900588,0.0006510079
11884,0.0011552816,0.0004660403,0.0012965125
11885,0.0013310139,0.00073947647,0.0012041796
11886,0.0018367514,0.002098725,0.001029014
11887,0.003412233,0.011545475,0.000866961
11888,0.002001035,0.002561433,0.0012508954
11889,0.0031489725,0.009350611,0.0009971522
11890,0.0037813387,0.0132301375,0.0009873854
11891,0.0010739409,0.00028969446,0.0021192145
11892,0.001301288,0.000547524,0.0019009281
11893,0.0019410977,0.002029485,0.0015738474
11894,0.003973635,0.01371761,0.0011731683
11895,0.0029471233,0.006711557,0.0015525129
11896,0.0030846265,0.007416606,0.001598514
11897,0.0019287386,0.0017376877,0.002151622
11898,0.0009298701,0.00015366264,0.003071404
11899,0.0010233069,0.00021140442,0.0028616416
11900,0.0011107788,0.00027909732,0.0029100752
11901,0.0007149578,6.3906555e-05,0.0010836041
11902,0.0009564972,0.00016925424,0.002462146
11903,0.0031787613,0.0077756266,0.0018107361
11904,0.00086220563,0.00011468285,0.0020304658
11905,0.0007969726,8.8014094e-05,0.0015359067
11906,0.0008882325,0.00012753879,0.0014344451
11907,0.004502756,0.012956364,0.0015347783
11908,0.003478102,0.009345332,0.0016929142
11909,0.001546763,0.0007587459,0.0024630441
11910,0.0018639098,0.0014153135,0.0020632711
11911,0.006218763,0.015724078,0.0011585199
11912,0.005806324,0.01569299,0.0012590603
11913,0.0028463851,0.0049218293,0.0019553918
11914,0.0025793873,0.0036334328,0.0020549702
11915,0.0012127904,0.00030822642,0.0029587501
11916,0.0015917417,0.0007723078,0.0025830306
11917,0.0012684865,0.00036639444,0.0026718322
11918,0.0022147542,0.002319548,0.0018829597
11919,0.00280847,0.004848476,0.0016227596
11920,0.0020693324,0.0018587558,0.0018943935
11921,0.0028021291,0.004805675,0.0015967324
11922,0.0037455147,0.010478911,0.0013912098
11923,0.0040835147,0.01246998,0.0014341578
11924,0.0047717835,0.015855992,0.0014579929
11925,0.004687551,0.01551647,0.0016803087
11926,0.0014629215,0.0004820478,0.0034935882
11927,0.0016905342,0.00078879733,0.0032184548
11928,0.0013367378,0.00036358772,0.0034842957
11929,0.002921365,0.00462861,0.0022734588
11930,0.0015515863,0.00060071936,0.0031849633
11931,0.0011374204,0.00021494515,0.0037220519
11932,0.0014580346,0.00050061377,0.0035755495
11933,0.003919926,0.010556718,0.002052077
11934,0.0018835529,0.0011421324,0.0031437397
11935,0.0012954414,0.00033124423,0.0036257945
11936,0.0010100009,0.00014517529,0.003602071
11937,0.0014996409,0.0005510958,0.003263786
11938,0.0021754247,0.0018965069,0.00259987
11939,0.0034518524,0.0076811938,0.002004998
11940,0.0023851744,0.0025122324,0.0025133442
11941,0.0019610059,0.0013396667,0.00281275
11942,0.0019183736,0.0012560489,0.0027826682
11943,0.004944189,0.016354326,0.0016693282
11944,0.0047514024,0.015453085,0.0019458876
11945,0.0029631036,0.0044906866,0.0027914944
11946,0.0048394287,0.015485106,0.0021911445
11947,0.0028552082,0.003809576,0.0032159274
11948,0.0014605721,0.00042846412,0.004449539
11949,0.002698175,0.0032334775,0.0032181113
11950,0.0029430368,0.004233763,0.003050279
11951,0.0034933574,0.006964099,0.0028573067
11952,0.0039197253,0.009353578,0.0027717475
11953,0.0026942214,0.0031168056,0.0035166997
11954,0.0028417993,0.003691026,0.0033756583
11955,0.004053423,0.0100409975,0.0028412426
11956,0.0036051597,0.0072558466,0.0031846857
11957,0.003797622,0.008262853,0.003181601
11958,0.0016383233,0.00058472354,0.004961281
11959,0.002959132,0.004024432,0.0035373222
11960,0.0024556583,0.0022501494,0.0040688105
11961,0.0043833116,0.011825385,0.00296164
11962,0.0034161836,0.0060468256,0.003591383
11963,0.003833334,0.008285282,0.0036809791
11964,0.0030098394,0.0040898006,0.004278269
11965,0.002632814,0.002700713,0.0045298017
11966,0.0018479319,0.00085632957,0.0052536055
11967,0.0029039723,0.0037356142,0.004097461
11968,0.0033440609,0.0057091652,0.0037601674
11969,0.0014716198,0.00040435352,0.0056089777
11970,0.0021533594,0.0014497912,0.0044468185
11971,0.0019691654,0.0010908539,0.004465122
11972,0.0017567025,0.00075495924,0.0045267325
11973,0.0010349179,0.00012987085,0.005617581
11974,0.00096647296,0.00010439402,0.005575418
11975,0.003033715,0.004515677,0.0030994199
11976,0.0045665186,0.013213632,0.002523308
11977,0.0038036383,0.008302395,0.0030104804
11978,0.0034585223,0.0063210274,0.0032674924
11979,0.0033674666,0.0058248336,0.003368631
11980,0.0017448406,0.00071470666,0.0046826983
11981,0.0013922447,0.0003402212,0.005067607
11982,0.0018943596,0.0009636842,0.004315295
11983,0.0021398873,0.0014568553,0.003953849
11984,0.002650953,0.002939161,0.0036489398
11985,0.0016784379,0.0006637186,0.0044756066
11986,0.0009463072,9.861847e-05,0.005528077
11987,0.0010425162,0.00013785163,0.00539228
11988,0.0027944858,0.0035906297,0.0032317275
11989,0.0019499763,0.0011312851,0.0038292326
11990,0.0026827573,0.0031982511,0.0031648383
11991,0.0027118544,0.0033183743,0.0031177865
11992,0.0027636883,0.0035290858,0.0030636261
11993,0.004002245,0.01005038,0.0025270325
11994,0.0037261508,0.008224488,0.0027710658
11995,0.002755509,0.0033768353,0.003343103
11996,0.0010809358,0.0001547984,0.0051902803
11997,0.00091129466,8.828918e-05,0.00542677
11998,0.000627551,2.5588235e-05,0.002996395
11999,0.00056037557,1.7632676e-05,0.0021095267
12000,0.0010511281,0.00014632248,0.0052352413
12001,0.00088440854,8.2788814e-05,0.0049584354
12002,0.0016355644,0.00065499125,0.0038741177
12003,0.0011150474,0.00018361685,0.004505735
12004,0.0011931872,0.00023383345,0.00463299
12005,0.0015235845,0.0005347165,0.0039216997
12006,0.0025805894,0.003023171,0.0029252777
12007,0.0035746521,0.007888249,0.0024656833
12008,0.0028393154,0.0040064044,0.0028857214
12009,0.0027701904,0.0037127826,0.0029262041
12010,0.0022999255,0.0020657973,0.0032162822
12011,0.0032086968,0.005794879,0.0027368292
12012,0.0029137423,0.0043298635,0.0029275902
12013,0.002759505,0.0036621846,0.0030195233
12014,0.0017404858,0.000826655,0.0037741303
12015,0.0029580113,0.0045745904,0.0029645537
12016,0.0030836414,0.0051598847,0.0029207948
12017,0.0025549224,0.0028917503,0.0032438259
12018,0.0008288179,6.9529364e-05,0.0046716295
12019,0.00066814135,3.4042045e-05,0.003089605
12020,0.00092934456,0.000103522994,0.0050547924
12021,0.0015836497,0.000621753,0.0037127966
12022,0.00086405047,8.253812e-05,0.004781504
12023,0.0012431125,0.00028152362,0.003818969
12024,0.0016492746,0.00073053106,0.0031993508
12025,0.0034301917,0.007310322,0.0021558434
12026,0.0028938553,0.004428285,0.0024418635
12027,0.0022032585,0.0018786984,0.0028251526
12028,0.0022567098,0.0020432698,0.0027467294
12029,0.0021351674,0.0017185815,0.0027838298
12030,0.000978595,0.00012904475,0.0040091462
12031,0.0011033454,0.00019453041,0.0036266148
12032,0.00091304636,0.00010404339,0.003821991
12033,0.0008584866,8.531497e-05,0.003778422
12034,0.00056808454,2.1616925e-05,0.0023798356
12035,0.00080257957,6.917866e-05,0.0039107525
12036,0.0007885705,6.579452e-05,0.0038996993
12037,0.0012882968,0.00034315078,0.0029698021
12038,0.0020020592,0.0014945761,0.0023196915
12039,0.0019060052,0.0012813031,0.0023450847
12040,0.0021450024,0.001896902,0.002177672
12041,0.0021934072,0.0020499064,0.0021353876
12042,0.0022619525,0.0022740986,0.0020888038
12043,0.002115061,0.0018403144,0.0021510413
12044,0.0019643386,0.0014556112,0.0022202504
12045,0.0017937325,0.0010876355,0.002293714
12046,0.00082874193,8.3213046e-05,0.0032889594
12047,0.0006792936,4.3071963e-05,0.003494332
12048,0.00051018246,1.6654265e-05,0.0016919523
12049,0.0005017197,1.581421e-05,0.0015551806
12050,0.0011072959,0.00022455052,0.0026451475
12051,0.00094641437,0.00013377277,0.0027789234
12052,0.0019616121,0.0015235386,0.0018850142
12053,0.0017135578,0.0009836131,0.0019999184
12054,0.0011252295,0.00024402546,0.0024267118
12055,0.0019190457,0.0014492315,0.0018345665
12056,0.00071933185,5.5370718e-05,0.0029451444
12057,0.0018508853,0.0013033259,0.0017951222
12058,0.00145075,0.0005862019,0.0020081417
12059,0.0014400352,0.0005764502,0.0019811613
12060,0.0009833401,0.00016232503,0.0023499487
12061,0.0012518371,0.00036669135,0.0020376549
12062,0.0011446078,0.00027391838,0.0020891186
12063,0.00134029,0.0004676443,0.0018935339
12064,0.00085557124,0.000104989835,0.0023215916
12065,0.0013546057,0.0004916798,0.0018286593
12066,0.001203948,0.00033422004,0.0019079922
12067,0.0015722995,0.0008191477,0.0016416345
12068,0.0012830147,0.00041948163,0.0017960392
12069,0.0011803732,0.0003198822,0.0018419831
12070,0.0010637796,0.00022756317,0.0019058706
12071,0.001289453,0.00043592055,0.0017010787
12072,0.0013179828,0.00047238785,0.0016580176
12073,0.0012878783,0.00044056153,0.0016538148
12074,0.0012134804,0.00036383094,0.0016793513
12075,0.0011472367,0.00030377606,0.0017009319
12076,0.0011730945,0.0003295792,0.0016560701
12077,0.00067142013,5.1326406e-05,0.002146297
12078,0.00066837686,5.0821e-05,0.0021042149
12079,0.00087659154,0.00012656517,0.0018031887
12080,0.0012047306,0.00036883837,0.0015134226
12081,0.000726994,6.857682e-05,0.0019161757
12082,0.0010533051,0.0002383904,0.0015655115
12083,0.0010691244,0.00025225658,0.0015313408
12084,0.0010649596,0.00025065886,0.0015126667
12085,0.0010373198,0.00023109195,0.0015112001
12086,0.0010095971,0.00021246614,0.0015101552
12087,0.0008094496,0.00010210982,0.0016604842
12088,0.00062001194,4.211062e-05,0.0018617599
12089,0.0004214891,1.1718436e-05,0.00073242467
12090,0.0007050802,6.549874e-05,0.0018783436
12091,0.00071118656,6.775536e-05,0.0018355396
12092,0.0008122071,0.00010618639,0.0016882517
12093,0.00070791604,6.742935e-05,0.0017765374
12094,0.00071767415,7.0944705e-05,0.0017335771
12095,0.0006839234,6.069956e-05,0.0017446518
12096,0.00054869533,2.9218212e-05,0.0019098131
12097,0.0004593296,1.6211725e-05,0.0015617242
12098,0.00059137534,3.781996e-05,0.0017845429
12099,0.000606598,4.1355834e-05,0.0017315219
12100,0.0005236685,2.5496473e-05,0.0019370475
12101,0.00062355783,4.5858895e-05,0.0017440063
12102,0.000742137,8.2433166e-05,0.0015732723
12103,0.0005819164,3.675234e-05,0.001745795
12104,0.00052289723,2.5825673e-05,0.0018077198
12105,0.00058221706,3.7119622e-05,0.0016840509
12106,0.00062662974,4.7655853e-05,0.0015971226
12107,0.0007086084,7.2199706e-05,0.0014795333
12108,0.00057885813,3.6910842e-05,0.0016106808
12109,0.00047426412,1.9137453e-05,0.0012055938
12110,0.0005878777,3.937844e-05,0.0017609694
12111,0.0004486691,1.6040014e-05,0.0005847821
12112,0.0005127535,2.5257381e-05,0.00094456656
12113,0.0007185203,7.808282e-05,0.0017762522
12114,0.0007614022,9.510723e-05,0.0016993348
12115,0.00076384144,9.6484575e-05,0.0016718069
12116,0.00052977557,2.8713617e-05,0.0005406854
12117,0.00086869637,0.0001501803,0.001891371
12118,0.00087447185,0.00015362736,0.0018633209
12119,0.0007252839,8.2260354e-05,0.002018634
12120,0.00062986417,5.138851e-05,0.0016290048
12121,0.00064536516,5.606232e-05,0.0011633537
12122,0.0008462302,0.00013851238,0.0022924303
12123,0.0008597477,0.0001449392,0.0022528556
12124,0.00089425425,0.00016427688,0.0021870285
12125,0.0008675594,0.00014768432,0.0021970402
12126,0.00074609043,8.879848e-05,0.0020236315
12127,0.00076911884,9.7882374e-05,0.0022807806
12128,0.000646562,5.4615906e-05,0.0010509383
12129,0.0010277964,0.0002564354,0.0019975891
12130,0.0008084645,0.00011466335,0.00222553
12131,0.00074009097,8.511921e-05,0.0020437485
12132,0.00086392235,0.00014246053,0.0020984497
12133,0.00094829086,0.00019470515,0.0020629657
12134,0.0008774132,0.00014992143,0.0021347182
12135,0.00079112925,0.00010584027,0.0022158024
12136,0.00064935925,5.4596123e-05,0.0010222669
12137,0.00088093465,0.00015127027,0.0021690235
12138,0.00096994225,0.0002081963,0.002039456
12139,0.0008462509,0.00013173067,0.0021529987
12140,0.0010553416,0.00027520713,0.0019032018
12141,0.0007403582,8.4092666e-05,0.001942367
12142,0.00021342875,3.9373204e-05,0.00020430936
12143,0.0006883334,6.578457e-05,0.00082190684
12144,0.0005867097,6.0735507e-05,0.0005547607
12145,0.00090468716,0.00016262005,0.0021964817
12146,0.0007622587,9.100054e-05,0.001074093
12147,0.00083045615,0.00012046627,0.0017396065
12148,0.00082715764,0.00011844876,0.0017692609
12149,0.00022618138,5.577624e-05,0.00021590898
12150,0.00040149112,7.456696e-05,0.00038005202
12151,0.0010116474,0.00023061305,0.0022921087
12152,0.0009636037,0.00019660125,0.0021000945
12153,0.0008213576,0.000115697796,0.0012134289
12154,0.00089142774,0.00015261398,0.0018513749
12155,0.00078731054,0.0001011556,0.0010157749
12156,0.00043451472,7.653669e-05,0.00042247714
12157,0.00089425425,0.00015544398,0.0017079602
12158,0.00080687064,0.00011070769,0.001259217
12159,0.00081296416,0.00011396159,0.0013515444
12160,0.0008155071,0.00011561333,0.0014110053
12161,0.00021793938,6.7089306e-05,0.00021401909
12162,0.00041681464,7.62993e-05,0.00040888065
12163,0.00065495976,0.000102668084,0.00063757715
12164,0.001037039,0.00026608014,0.0010021193
12165,0.0010175095,0.00027762956,0.0012508675
12166,0.0009529016,0.00023513389,0.0010531478
12167,0.0014939585,0.0010844303,0.0011107805
12168,0.00088804984,0.00025488719,0.0008549411
12169,0.0004040705,0.0001937074,0.00039315957
12170,0.0007181851,0.00028724832,0.00069717434
12171,0.0011375094,0.0005241549,0.00071929913
12172,0.0009786901,0.00032824988,0.000658952
12173,0.00039082262,0.00022013899,0.00039014997
12174,0.0010313487,0.00040596118,0.0005617658
12175,0.0010347436,0.00042360098,0.00048249806
12176,0.0012624027,0.00083657645,0.00038890576
12177,0.00016038987,0.00014240902,0.00016310017
12178,0.0009954307,0.00039126648,0.00041187834
12179,0.0010431499,0.000468585,0.00035927095
12180,0.00048053355,0.0003236978,0.00036544123
12181,0.00062060915,0.00043939837,0.0003563382
12182,0.0012945044,0.0010493571,0.00026586495
12183,0.0013097019,0.0011259833,0.00023328522
12184,0.0014529498,0.0016117814,0.00020211845
12185,0.0014457903,0.0016073531,0.00019099953
12186,0.0012623833,0.0010440187,0.00019645291
12187,0.0010563494,0.0005863265,0.00020763134
12188,0.0012491903,0.0010286341,0.0001848044
12189,0.0013498076,0.0013334441,0.00017416127
12190,0.0010485363,0.00058451685,0.00019569653
12191,0.0009320042,0.00039822678,0.00020432136
12192,0.00025595422,0.00022031856,0.0002213992
12193,0.0014287053,0.0016530989,0.0001825771
12194,0.00076678547,0.00048881606,0.00020449785
12195,0.00065159675,0.00047294304,0.00019562396
12196,0.0010336207,0.0006030816,0.00017754415
12197,0.0010298888,0.0006048722,0.00017096366
12198,0.0012121304,0.0010193537,0.00020483103
12199,0.0012536922,0.0012557147,0.0001743475
12200,0.002346388,0.005376569,0.00010788203
12201,0.0013164034,0.0019104942,0.00013502703
12202,0.0011642303,0.0012991168,0.00013225908
12203,0.0018716359,0.0046136235,0.00010151516
12204,0.0010394303,0.0008834852,0.00013498976
12205,0.00095633516,0.0007781793,0.00014492641
12206,0.001983661,0.0031255346,0.00014658317
12207,0.0022730334,0.0048473137,0.00014709645
12208,0.0022079214,0.005769033,0.00019970613
12209,0.0012432801,0.0013385146,0.0003545661
12210,0.0018212138,0.0040224316,0.00031283504
12211,0.0023394863,0.0076638553,0.00029355276
12212,0.0006954445,0.00020447493,0.0005760772
12213,0.0015343218,0.0019864428,0.0004286463
12214,0.0022438841,0.0060855476,0.00036412152
12215,0.001560796,0.0019251556,0.00047551538
12216,0.002795025,0.009743881,0.00036531713
12217,0.0018095803,0.002806458,0.00051881117
12218,0.0010438401,0.00045725322,0.00071637926
12219,0.0019312602,0.0033105174,0.00053418445
12220,0.0013510707,0.001030723,0.0006731923
12221,0.001883563,0.0029546502,0.0005826339
12222,0.00093331776,0.000291992,0.00086840655
12223,0.0010102646,0.00037611971,0.0008460513
12224,0.00076006545,0.00014415984,0.000989008
12225,0.0016793723,0.0019677605,0.00075485354
12226,0.0020780908,0.003748627,0.00070200895
12227,0.0022647872,0.004716678,0.000706438
12228,0.0020823237,0.003554596,0.00078402663
12229,0.001973796,0.0029414748,0.00084529165
12230,0.0023131722,0.0046702754,0.0008121707
12231,0.0010780074,0.00038915258,0.001265811
12232,0.0009914349,0.00029151078,0.0013313164
12233,0.0007475283,0.00011250528,0.0015408496
12234,0.0014636137,0.001042459,0.0011061205
12235,0.000689249,8.428038e-05,0.0013175091
12236,0.00084738387,0.00016829431,0.0018108069
12237,0.0013600048,0.00080193067,0.0016818662
12238,0.002895986,0.0080101695,0.0010563742
12239,0.0029905715,0.008360312,0.0010344377
12240,0.0022847399,0.0037311432,0.00121963
12241,0.0007975193,0.00011626926,0.0013456576
12242,0.0018561351,0.0019037087,0.0013682992
12243,0.0011453194,0.00038525657,0.0016916043
12244,0.0013184443,0.0006141668,0.0015196762
12245,0.0008792231,0.00015873981,0.0018086828
12246,0.0011389314,0.00037895897,0.0017833521
12247,0.0038337873,0.011968902,0.0008800982
12248,0.0037693449,0.012248976,0.0009378764
12249,0.003906029,0.012912766,0.0009997525
12250,0.002008482,0.0020719261,0.0015568357
12251,0.0009872543,0.00019755348,0.0021942672
12252,0.0011192609,0.00030136103,0.0019986725
12253,0.00087546906,0.00013295113,0.002196233
12254,0.00085258455,0.00012201743,0.0021623273
12255,0.0008255752,0.00010988578,0.0020365056
12256,0.0008431812,0.00011867928,0.0018587405
12257,0.0009217944,0.00016133745,0.0018730678
12258,0.0010012032,0.00021413442,0.0020937757
12259,0.0016674629,0.0011754957,0.0014831639
12260,0.0019621446,0.002006756,0.001316377
12261,0.0034363691,0.010239627,0.00094790355
12262,0.0009022638,0.00014725197,0.0019770549
12263,0.002421337,0.0037609602,0.0011558592
12264,0.0013972622,0.0006333186,0.001535651
12265,0.0010511162,0.0002464533,0.0017249711
12266,0.0010956329,0.00028495814,0.0016793035
12267,0.0008036415,0.00010165258,0.0013828477
12268,0.00090738054,0.00015419106,0.001641907
12269,0.002549062,0.0045100213,0.0010931438
12270,0.0027398453,0.0055316626,0.0010374787
12271,0.002067932,0.0023120104,0.0012114522
12272,0.0018029208,0.0014875002,0.0012771967
12273,0.0023871388,0.003638541,0.0010863079
12274,0.0014919419,0.0007968405,0.0013893165
12275,0.0011752726,0.0003627297,0.0015705542
12276,0.0012694807,0.00047262726,0.001512239
12277,0.004359185,0.013546938,0.0007794569
12278,0.0046490286,0.014469165,0.00084713486
12279,0.005181926,0.015789257,0.0009108996
12280,0.0047470992,0.015619223,0.0011027526
12281,0.0025931157,0.003813705,0.0017343865
12282,0.002079007,0.0018923408,0.0019678422
12283,0.0019718609,0.0015995966,0.0020188603
12284,0.0010412913,0.00019264486,0.0027405757
12285,0.0013429594,0.00045391257,0.002348884
12286,0.00081096246,8.4679115e-05,0.0023581614
12287,0.0024835079,0.0034254382,0.0019398454
12288,0.0041099754,0.0132205505,0.0014952194
12289,0.004166154,0.013161897,0.0016493578
12290,0.0013186589,0.00038906495,0.0032543817
12291,0.0012055106,0.00029011347,0.0032754734
12292,0.00090191176,0.000110511835,0.0031807562
12293,0.000809756,7.787234e-05,0.0018613446
12294,0.0011243994,0.00023458627,0.0034118684
12295,0.0025133714,0.003311023,0.0022121014
12296,0.001459459,0.0005634054,0.002896495
12297,0.0014792499,0.0005951222,0.0029671255
12298,0.0020922085,0.00187869,0.0024612823
12299,0.0011485355,0.00025874068,0.0031622718
12300,0.0019079609,0.0014159904,0.0026855716
12301,0.0014446009,0.00057081605,0.0027644539
12302,0.004322775,0.013536588,0.001422006
12303,0.0034966252,0.008610413,0.0016908178
12304,0.0022057043,0.0021482506,0.0022025981
12305,0.0061434284,0.016665109,0.00135099
12306,0.0052873045,0.016057244,0.0016246747
12307,0.004705946,0.015446893,0.00193413
12308,0.0047505503,0.015227702,0.002152418
12309,0.0027304427,0.0034203301,0.003182644
12310,0.0038256573,0.009011552,0.0026534137
12311,0.0037628666,0.008479389,0.002806314
12312,0.0045900117,0.013409256,0.0026421368
12313,0.0050431634,0.015791478,0.0027503048
12314,0.0045546056,0.01242593,0.0032274295
12315,0.000779981,4.5283246e-05,0.0031510638
12316,0.001581329,0.00048770863,0.0055935727
12317,0.0015853001,0.00049786177,0.005257748
12318,0.0015393996,0.00045751128,0.0052131964
12319,0.000888263,7.329932e-05,0.0039895796
12320,0.0012448038,0.00022923756,0.005328702
12321,0.0022341732,0.0016244174,0.0037924044
12322,0.0029186776,0.003835823,0.0032215544
12323,0.0010442142,0.00013013599,0.0052581746
12324,0.001965585,0.0010900978,0.0036827638
12325,0.0017660325,0.0007725536,0.003748725
12326,0.0026402487,0.0028985103,0.0029643492
12327,0.0034397377,0.0064486987,0.0025683916
12328,0.0041222814,0.010322953,0.0024052444
12329,0.0027718458,0.003287491,0.003121594
12330,0.0016323666,0.00058658334,0.004006779
12331,0.0007636752,4.6671208e-05,0.003462407
12332,0.00094512163,9.654952e-05,0.004424603
12333,0.0009779955,0.000109362496,0.0045404853
12334,0.0007852584,5.292325e-05,0.002856903
12335,0.0006810676,3.307726e-05,0.0018137372
12336,0.0030709773,0.0047942926,0.0036609622
12337,0.0012959974,0.0002886824,0.0054082237
12338,0.0011185955,0.00017881994,0.0039008483
12339,0.0030207532,0.004640356,0.0033754678
12340,0.0028092666,0.0037130003,0.003402495
12341,0.0029586833,0.0043502,0.0032235405
12342,0.0016728169,0.00069064146,0.004200288
12343,0.0013484749,0.00034026807,0.0046039647
12344,0.00084614014,7.211086e-05,0.0022522493
12345,0.0011154185,0.00018421443,0.0036384005
12346,0.0026277653,0.0031434027,0.0030950252
12347,0.001267928,0.00028776284,0.0041787517
12348,0.0013323346,0.00034365815,0.0037676727
12349,0.0010696515,0.000166624,0.0035202024
12350,0.0013361415,0.0003548976,0.0034072523
12351,0.00147765,0.0005034217,0.0031851602
12352,0.0015752261,0.00063077325,0.002925745
12353,0.0028313415,0.0042323754,0.0020709096
12354,0.0038465497,0.009894279,0.0017622242
12355,0.0036899408,0.008712325,0.001911647
12356,0.0032307387,0.005947272,0.0021511582
12357,0.0016389379,0.00068157545,0.00308431
12358,0.0019116994,0.0011476324,0.0027910254
12359,0.0030744749,0.0051964954,0.0021402377
12360,0.0037283765,0.008813595,0.0019766637
12361,0.004123347,0.011110312,0.0019964776
12362,0.004510395,0.013287351,0.0020600136
12363,0.003944895,0.009443613,0.0024315394
12364,0.0034498612,0.006481593,0.002814998
12365,0.0030849206,0.0046464717,0.0030981274
12366,0.001273748,0.00025935294,0.004775101
12367,0.0017116737,0.000709256,0.004503314
12368,0.0023834535,0.0021283152,0.0036376673
12369,0.002957351,0.0042136824,0.003172836
12370,0.0030523543,0.004629851,0.003110523
12371,0.0029591448,0.004206639,0.003165834
12372,0.0040221126,0.009883887,0.0027056525
12373,0.0028147479,0.003520979,0.003421926
12374,0.0033449268,0.005913977,0.003124167
12375,0.0015670991,0.0005187744,0.0045899907
12376,0.0021573002,0.0015135789,0.0037637053
12377,0.0014049574,0.00036941393,0.0049846163
12378,0.0011621283,0.00019785739,0.005134362
12379,0.0013675786,0.0003447792,0.0046173767
12380,0.0011075612,0.00017227445,0.004562713
12381,0.0014349738,0.00041514562,0.004520152
12382,0.001963501,0.0011902635,0.003661322
12383,0.0026768723,0.0032635648,0.0031213623
12384,0.0027602986,0.003595624,0.0030233385
12385,0.0033532337,0.006402146,0.0027128768
12386,0.0032773945,0.0059418664,0.002834478
12387,0.0023569188,0.0021451497,0.003527843
12388,0.0009160794,9.314228e-05,0.0032400307
12389,0.001089625,0.00016811573,0.0042831977
12390,0.0026455885,0.0031670835,0.003141754
12391,0.0023099238,0.0020620492,0.0032986836
12392,0.0020056376,0.0013096688,0.0034386518
12393,0.0023433354,0.002189805,0.003077594
12394,0.004460475,0.013319831,0.0021770056
12395,0.0029776816,0.004456752,0.0029466397
12396,0.003951732,0.009749313,0.0025624516
12397,0.0040841014,0.010372103,0.0026679635
12398,0.0009918525,0.00011397388,0.004583651
12399,0.0007719964,4.967922e-05,0.002718724
12400,0.002346388,0.0020664546,0.00509743
12401,0.00413396,0.010810577,0.0032158508
12402,0.0011847202,0.00021039043,0.004150749
12403,0.00077604724,5.154774e-05,0.0012901239
12404,0.0008083929,5.9514943e-05,0.0015833955
12405,0.0008277329,6.488022e-05,0.0017869645
12406,0.0007949768,5.709032e-05,0.0015317234
12407,0.0015313543,0.0005245931,0.004515359
12408,0.0032676207,0.006129346,0.0027799122
12409,0.0038130572,0.009345096,0.0022146476
12410,0.0020914725,0.0015233504,0.002814015
12411,0.0017186436,0.00080991944,0.002799094
12412,0.0011347824,0.00020539227,0.0031516305
12413,0.0014834895,0.0005104681,0.0025570747
12414,0.0022100464,0.0019263292,0.0019791252
12415,0.002212727,0.0019506213,0.0019176175
12416,0.0025884474,0.003235289,0.0017284327
12417,0.0029565685,0.0048602954,0.0016059467
12418,0.0032553647,0.0063923476,0.0015517848
12419,0.0027703785,0.003935194,0.0017472963
12420,0.0013801398,0.00040686576,0.0024935275
12421,0.0023306364,0.0023108895,0.0018650166
12422,0.0016489226,0.000748599,0.0022137957
12423,0.0025525482,0.0031266513,0.0017347325
12424,0.0029195705,0.0047208746,0.00162707
12425,0.0014284669,0.00046707926,0.0023772889
12426,0.0012673399,0.00031607275,0.002453431
12427,0.0020442812,0.0015595921,0.0018856883
12428,0.0025491875,0.003181756,0.0016695803
12429,0.0021066174,0.0017343698,0.0018524438
12430,0.002136856,0.0018282721,0.0018248899
12431,0.0017480758,0.0009526574,0.002004683
12432,0.0013640897,0.0004209372,0.002229693
12433,0.0017660661,0.0010028923,0.0019161396
12434,0.0017109566,0.00091065257,0.0019185724
12435,0.0019916575,0.0015134444,0.0017515314
12436,0.0013211728,0.00039102396,0.0021317347
12437,0.0010278095,0.00017020063,0.0023589842
12438,0.0007729218,6.605161e-05,0.0023814647
12439,0.0017424391,0.0010048543,0.001725621
12440,0.0013456412,0.00042900813,0.0019416239
12441,0.0014902905,0.00060823635,0.0018107203
12442,0.0015644456,0.0007209164,0.0017394363
12443,0.0017174081,0.0009900815,0.001637107
12444,0.0014907477,0.00062397873,0.0017386475
12445,0.00079724175,7.761746e-05,0.0023689116
12446,0.000989708,0.00016157978,0.002189444
12447,0.0007302091,5.8808702e-05,0.001927756
12448,0.0011555807,0.00027671567,0.0022177992
12449,0.0017726872,0.0011585668,0.0018051178
12450,0.0013459377,0.00046763397,0.0020393487
12451,0.0014514093,0.0006057153,0.0019196764
12452,0.0010761025,0.00022460338,0.002181415
12453,0.00084390497,0.00010022885,0.0023812144
12454,0.001385864,0.00052971154,0.0018235167
12455,0.0008506599,0.00010430941,0.0022772811
12456,0.0008441544,0.0001022707,0.0022258933
12457,0.00081392174,9.2049006e-05,0.0011131617
12458,0.00097009214,0.00016692601,0.0023239055
12459,0.0013778352,0.0005444454,0.0019188402
12460,0.0014087424,0.00059182703,0.001783372
12461,0.0013304538,0.00049359864,0.0017461249
12462,0.0013131428,0.00047655046,0.0016842055
12463,0.0014657286,0.00069260644,0.0015370776
12464,0.0012942358,0.0004612884,0.0015887307
12465,0.0012350549,0.00039761886,0.001580173
12466,0.0014585584,0.00069692475,0.0014161734
12467,0.0010918697,0.0002672778,0.0016031438
12468,0.0010708765,0.00025221432,0.0015791632
12469,0.00080279086,9.683831e-05,0.0014604147
12470,0.0003353727,6.6613386e-05,0.0003303925
12471,0.0010513336,0.0002425664,0.0018112244
12472,0.00051336264,9.51993e-05,0.0005030234
12473,0.0015099554,0.000833746,0.0015386266
12474,0.0013627231,0.0006151045,0.001350354
12475,0.0017014231,0.0013142888,0.0010285306
12476,0.0013722869,0.0006589183,0.0010248262
12477,0.0010305118,0.00025786838,0.0010815429
12478,0.001253156,0.00050211896,0.0009112808
12479,0.0013644494,0.000674423,0.0008263008
12480,0.0009474353,0.00020214429,0.00095057045
12481,0.0012471782,0.00051091117,0.0007946017
12482,0.0013492286,0.00066986814,0.00074010587
12483,0.0008644111,0.00015311954,0.0009020786
12484,0.0012995256,0.00060179713,0.0007215961
12485,0.0014005048,0.0007777676,0.00067973975
12486,0.0013851476,0.0007557149,0.000671743
12487,0.0014027113,0.000793736,0.0006573901
12488,0.0010735065,0.00032855142,0.0007424748
12489,0.00089711894,0.00018175745,0.00079855754
12490,0.00042811985,0.00012815825,0.0004336311
12491,0.001159387,0.00043832054,0.0008754594
12492,0.0009936186,0.00027154593,0.00080117036
12493,0.0011203969,0.00041589496,0.0006644101
12494,0.0012767653,0.0006554737,0.0005672118
12495,0.0012201315,0.00057375,0.0005365924
12496,0.0010679783,0.00037388763,0.0005398508
12497,0.00094897905,0.00025548012,0.0005444901
12498,0.0011404764,0.00047689123,0.00047538703
12499,0.0009410471,0.00025409425,0.00050697254
12500,0.0009655419,0.0002802199,0.00050708465
12501,0.0012310159,0.00063872046,0.00045939325
12502,0.0015579836,0.0014149161,0.00039428123
12503,0.0012355847,0.00067461806,0.0004041484
12504,0.0010912673,0.0004551414,0.00039906972
12505,0.0010389686,0.00039273564,0.00038510576
12506,0.0006307245,0.0002568203,0.00039182752
12507,0.000791733,0.00028433756,0.00037687825
12508,0.0009621908,0.00031533994,0.00035605396
12509,0.0013193504,0.0009085667,0.00029290668
12510,0.0011331037,0.0005545929,0.00030904467
12511,0.00095547066,0.00031763542,0.0003292324
12512,0.0009496882,0.0003147085,0.0003349787
12513,0.0009954247,0.0003721721,0.00031634426
12514,0.0013968843,0.0011520415,0.00025921114
12515,0.0009340514,0.00030635978,0.00031304773
12516,0.00040802307,0.00023509248,0.00032076088
12517,0.0005204502,0.00025577575,0.0003163767
12518,0.00073576474,0.00029369403,0.00030959063
12519,0.0011071735,0.00055558287,0.00027362688
12520,0.0017570389,0.0025479412,0.00027892052
12521,0.0011738746,0.00074127375,0.00028865592
12522,0.00045116886,0.00039170543,0.00027102028
12523,0.0010962966,0.0006407038,0.00022521718
12524,0.00067681994,0.00044759145,0.00021780157
12525,0.000297777,0.00025547543,0.00023262152
12526,0.000586732,0.000500223,0.00019617521
12527,0.0011954764,0.0009958134,0.00015770813
12528,0.0010964692,0.000773995,0.00014830935
12529,0.00115148,0.00093065575,0.00013371173
12530,0.00062262383,0.0005244359,0.00014197163
12531,0.0017790884,0.003419223,0.00011449371
12532,0.0015255952,0.0025678775,0.00010799885
12533,0.0011510843,0.0010779009,0.000111913636
12534,0.00026620546,0.00021992263,0.00011373707
12535,0.00042825035,0.0003526198,0.00010657963
12536,0.0010935743,0.0009764136,9.251512e-05
12537,0.0007718293,0.0006328374,9.001672e-05
12538,0.0011337218,0.0011523076,8.1474864e-05
12539,0.0011260497,0.0011416,8.2058556e-05
12540,0.0015734249,0.0033027332,6.6138244e-05
12541,0.0011299852,0.0011677911,7.796656e-05
12542,0.0013291012,0.001982892,7.040473e-05
12543,0.0013014005,0.001854639,7.099175e-05
12544,0.0011005256,0.0010786032,7.741301e-05
12545,0.0016370827,0.0037092674,6.643324e-05
12546,0.0013647268,0.0021454352,7.389886e-05
12547,0.0010748548,0.0009913598,8.358976e-05
12548,0.00043980934,0.00035896187,9.368629e-05
12549,0.0009445768,0.00076388655,0.00010706198
12550,0.0010439839,0.00083309214,9.206091e-05
12551,0.0011806415,0.0013243997,7.882349e-05
12552,0.0011731996,0.001475585,7.214463e-05
12553,0.001880138,0.004409671,5.36217e-05
12554,0.0011006988,0.0013452695,7.096977e-05
12555,0.001045495,0.0011336909,7.222031e-05
12556,0.001575988,0.0037077493,5.8264657e-05
12557,0.0013887256,0.0027308068,6.4334774e-05
12558,0.0011769709,0.0015911157,7.1986025e-05
12559,0.0019113072,0.0051926165,5.7235586e-05
12560,0.0010606785,0.0010878553,8.2677994e-05
12561,0.0017588508,0.004886796,6.500723e-05
12562,0.0016551024,0.004236969,7.166211e-05
12563,0.0017019968,0.0044865543,7.496584e-05
12564,0.0021438196,0.0065072095,7.094612e-05
12565,0.0017873888,0.004861369,8.5113075e-05
12566,0.0018713941,0.00540001,8.902134e-05
12567,0.002635378,0.008294492,8.04346e-05
12568,0.0009647006,0.00061647047,0.00014992814
12569,0.0008485598,0.00040185766,0.000168843
12570,0.0015025241,0.0025657325,0.00013033823
12571,0.0015258898,0.0026491997,0.00013469227
12572,0.0009125198,0.00049123936,0.00018229589
12573,0.0011038186,0.00091630797,0.00017705974
12574,0.00156733,0.0027962944,0.00015138625
12575,0.0009013429,0.00045571793,0.00020930647
12576,0.0013299207,0.0016262222,0.00019599937
12577,0.0012329805,0.0012519445,0.00020724631
12578,0.0013541342,0.0016712205,0.00020072683
12579,0.0010841783,0.0007975337,0.00023030433
12580,0.00084049156,0.00033958498,0.000265673
12581,0.001126858,0.0008878247,0.00023714632
12582,0.0014057314,0.0017996537,0.00021519336
12583,0.0012423387,0.0011885525,0.00023547394
12584,0.0010331208,0.0006409492,0.0002640598
12585,0.00092739594,0.00044662485,0.00032152608
12586,0.002786138,0.007874235,0.00020033869
12587,0.0009250492,0.0004176838,0.0003601969
12588,0.0010148155,0.0005652942,0.000361703
12589,0.0036695614,0.008857733,0.00020583831
12590,0.002993357,0.00807192,0.00022392864
12591,0.0013235429,0.0012964815,0.00033662212
12592,0.0021338575,0.0056490977,0.00024949748
12593,0.0011468874,0.0007822416,0.00035605687
12594,0.0007965765,0.00030581432,0.0003905982
12595,0.00090753584,0.0003593476,0.00038359314
12596,0.0010910586,0.0006684386,0.00040651133
12597,0.0011092894,0.00073955423,0.0004019952
12598,0.0038340485,0.007603038,0.00025317562
12599,0.0016888466,0.003166759,0.00047541855
12600,0.0026383253,0.0077413446,0.0005134731
12601,0.0008924978,0.00028325888,0.0011206387
12602,0.00083576475,0.00021101686,0.0011121058
12603,0.0030759408,0.010125758,0.0005879699
12604,0.0024638122,0.006006285,0.0007188837
12605,0.0023108725,0.004800595,0.0007825232
12606,0.0012436209,0.0006454277,0.00115289
12607,0.0033173526,0.011120985,0.00073788664
12608,0.0036801316,0.011861822,0.00081857544
12609,0.0035179844,0.011971767,0.0009116415
12610,0.0009226878,0.00019092677,0.0019794567
12611,0.000853858,0.00014796916,0.0009901203
12612,0.0009925229,0.0002451957,0.0009303994
12613,0.0014685146,0.00096657185,0.0025903983
12614,0.0036850865,0.010338565,0.0018994821
12615,0.0030567488,0.0076717497,0.0027858417
12616,0.0018859052,0.0015691039,0.003755751
12617,0.0009625822,0.00016145654,0.0027347996
12618,0.0019055578,0.0015374996,0.003066015
12619,0.0030951418,0.0067619514,0.0022698361
12620,0.0031767222,0.0070917327,0.0022618233
12621,0.0040551065,0.012704553,0.0020494794
12622,0.0024954246,0.0032351161,0.0028714
12623,0.0024358998,0.002980824,0.0028888932
12624,0.0009222469,0.00011997541,0.0034433606
12625,0.001627156,0.0008096055,0.0042021954
12626,0.0009031585,0.000113183414,0.0023219378
12627,0.0025785726,0.0035794864,0.0027216475
12628,0.004250727,0.013518009,0.0020330122
12629,0.0010927811,0.00020134336,0.004105715
12630,0.00078571413,6.702893e-05,0.0018392215
12631,0.001021442,0.00016193208,0.0036407828
12632,0.0013939186,0.00046254415,0.0036592442
12633,0.002409541,0.002798222,0.002604821
12634,0.0028050358,0.0044677733,0.0023494675
12635,0.0031710928,0.0063432707,0.002206164
12636,0.00097627606,0.0001380011,0.0034253362
12637,0.0010071946,0.00015410421,0.0036830315
12638,0.0044228276,0.014293841,0.0017362464
12639,0.004453751,0.014036992,0.0019384439
12640,0.003269224,0.006303087,0.0025308994
12641,0.0011899174,0.0002399166,0.004265939
12642,0.00079994433,6.3935644e-05,0.0027181557
12643,0.00081002485,6.703451e-05,0.002838869
12644,0.0008269267,7.236603e-05,0.0028338942
12645,0.00073926116,5.0014234e-05,0.0020345738
12646,0.0013014098,0.00033816468,0.00460528
12647,0.0024244627,0.0026604342,0.0033779035
12648,0.0008798522,9.345846e-05,0.0016074511
12649,0.0014720696,0.0005311612,0.0036164408
12650,0.0017018028,0.0008768808,0.0028479467
12651,0.0016384833,0.0007887566,0.0028431239
12652,0.003143499,0.0062999097,0.0018394847
12653,0.004418135,0.012842328,0.0014068877
12654,0.0029808814,0.00525346,0.0017141434
12655,0.005828979,0.015392447,0.0011961396
12656,0.004526101,0.013943572,0.0014628712
12657,0.0033460553,0.006742636,0.0018501681
12658,0.0032027676,0.0058958093,0.0019222988
12659,0.001612479,0.000658816,0.0027460058
12660,0.0039502876,0.010319545,0.0016771232
12661,0.0040303795,0.010596158,0.0017772631
12662,0.0033130453,0.006167622,0.0021122477
12663,0.0030216807,0.004675333,0.0022724366
12664,0.003808131,0.008904863,0.0020427203
12665,0.002695138,0.003219825,0.0025716824
12666,0.003694683,0.008107531,0.002182321
12667,0.0015892222,0.00056560634,0.0034767985
12668,0.0013361766,0.00032009135,0.0036403565
12669,0.0014405745,0.000417696,0.0036281776
12670,0.005203915,0.017442858,0.0018232395
12671,0.004869722,0.014944798,0.0021699246
12672,0.004157073,0.010207775,0.0026261602
12673,0.0047232066,0.013440981,0.0026071658
12674,0.0050102235,0.014823143,0.0027585032
12675,0.005170332,0.015381718,0.002986192
12676,0.0053164023,0.01583361,0.0032383052
12677,0.0038863365,0.0073836637,0.004168565
12678,0.0013136426,0.00022444311,0.0070588877
12679,0.0009797803,8.499914e-05,0.0056211534
12680,0.0007854222,4.1039402e-05,0.0037209028
12681,0.0013169103,0.00023440107,0.0061950274
12682,0.0018559766,0.00074980134,0.0049229306
12683,0.0010651205,0.0001180612,0.006072052
12684,0.00071359624,3.1193635e-05,0.003206795
12685,0.0012302414,0.00019611372,0.0055919196
12686,0.0016842195,0.00056920946,0.0045251814
12687,0.002980346,0.0037063768,0.0033868265
12688,0.0019701812,0.0009783881,0.0041077333
12689,0.0010395853,0.00011648392,0.0053465576
12690,0.0039738994,0.008672125,0.0026153543
12691,0.0052998457,0.016334103,0.0023506335
12692,0.003947831,0.00811706,0.0030552687
12693,0.0022891497,0.0015240132,0.0041258116
12694,0.0046770773,0.012318884,0.0027831723
12695,0.003490891,0.0056264317,0.0034553285
12696,0.003777511,0.007033627,0.003334461
12697,0.003069443,0.0038009891,0.0037603504
12698,0.000981352,8.8291665e-05,0.0063698916
12699,0.004031725,0.008465861,0.0031016697
12700,0.003573193,0.0060124374,0.0033998322
12701,0.005019803,0.014062766,0.0028803733
12702,0.0046281028,0.011520999,0.003245034
12703,0.0054763034,0.016165048,0.003132642
12704,0.005407279,0.015458133,0.003442504
12705,0.0047536977,0.011502617,0.0039689387
12706,0.0031780857,0.0037137032,0.0050380724
12707,0.0017782174,0.00056383625,0.0068072723
12708,0.0015000474,0.00032354458,0.0069008544
12709,0.0030384988,0.0033557103,0.004687521
12710,0.0010497179,0.000100230944,0.007902953
12711,0.0006804802,2.4032648e-05,0.0030910382
12712,0.0007187789,2.9092174e-05,0.003357946
12713,0.0010719743,0.0001123164,0.005863258
12714,0.0021225621,0.001119247,0.0065583945
12715,0.0021809428,0.0012412621,0.0060564405
12716,0.0018487241,0.0007268301,0.0061800084
12717,0.0008485566,5.4091215e-05,0.0044150366
12718,0.0012576942,0.00020478807,0.006834565
12719,0.0031573803,0.0042514745,0.0041267783
12720,0.004744792,0.012683495,0.0033153878
12721,0.0036423204,0.006321707,0.0040445384
12722,0.003641683,0.006298623,0.004057251
12723,0.0029471072,0.0033308256,0.0045143324
12724,0.0015703429,0.00042556616,0.00602808
12725,0.0019083918,0.00082886213,0.0052972417
12726,0.002506714,0.0020597458,0.0044068266
12727,0.0033586,0.0051704166,0.0036842527
12728,0.0038541183,0.007638587,0.0034321
12729,0.004072544,0.008778259,0.0034082725
12730,0.0015613829,0.00042438376,0.0055956487
12731,0.00092308165,7.376071e-05,0.0059913625
12732,0.00096723094,8.736267e-05,0.006156713
12733,0.0028545212,0.0031911663,0.0036636551
12734,0.0026926177,0.002671409,0.0037048054
12735,0.0024706784,0.0020451057,0.0038281227
12736,0.0027743566,0.002990065,0.0035145744
12737,0.0017594877,0.00067963306,0.0043123127
12738,0.0020224531,0.001093112,0.003858647
12739,0.0025437933,0.0023375554,0.0033272621
12740,0.0025869792,0.0024876064,0.003233643
12741,0.0026346152,0.0026570936,0.0031475662
12742,0.0036972717,0.007365477,0.002613952
12743,0.005104084,0.015590219,0.0022813033
12744,0.00343593,0.005746926,0.0030806134
12745,0.0025084843,0.002175335,0.0036335154
12746,0.0023608475,0.0018043137,0.0036514949
12747,0.002083483,0.0012104225,0.0037840542
12748,0.000763527,4.2562824e-05,0.0058905487
12749,0.00095623033,9.149637e-05,0.00517437
12750,0.0015467291,0.0004644423,0.0040065804
12751,0.0013862873,0.0003255595,0.0040534497
12752,0.0022159722,0.0015677669,0.0031647459
12753,0.0019985107,0.0011276737,0.0032507307
12754,0.0014966801,0.00043523023,0.0036385176
12755,0.0024016213,0.002100976,0.0028132629
12756,0.0015822418,0.00053489493,0.0034010867
12757,0.0010162788,0.00012263628,0.0040692016
12758,0.0007926734,5.3826454e-05,0.004385579
12759,0.0019964906,0.0011918355,0.002677986
12760,0.0014418229,0.00040752627,0.0030762323
12761,0.002253905,0.0018082112,0.00239305
12762,0.0025085406,0.002571808,0.0022385227
12763,0.0020453872,0.0013363005,0.0024647163
12764,0.0018998863,0.0010577281,0.0025121528
12765,0.0019582186,0.0011801756,0.0024256539
12766,0.0020852468,0.0014644681,0.0023087363
12767,0.002568018,0.0028872536,0.0020506168
12768,0.0019953935,0.0012849739,0.0023250913
12769,0.00047976326,1.1076601e-05,0.0027811516
12770,0.0007242844,4.421576e-05,0.0038364455
12771,0.00055519573,1.8311855e-05,0.0037149906
12772,0.0007178657,4.351098e-05,0.003561716
12773,0.00090375356,9.477166e-05,0.0030737487
12774,0.0014444914,0.00045972728,0.0023683917
12775,0.001481725,0.0005053065,0.0022866696
12776,0.0008888939,9.212419e-05,0.0028733893
12777,0.00093806844,0.00011120631,0.0027200708
12778,0.0006558115,3.3813634e-05,0.0031440784
12779,0.00084806554,8.047044e-05,0.002687263
12780,0.0005328135,1.7127662e-05,0.003269771
12781,0.00044304316,9.308903e-06,0.0020954919
12782,0.00048782898,1.2990327e-05,0.0019830212
12783,0.0008020993,6.883543e-05,0.0029528032
12784,0.0013134171,0.00036175427,0.0022499093
12785,0.0011875896,0.00026056063,0.0023122218
12786,0.0014607947,0.000525255,0.0020393836
12787,0.0017047011,0.00088569,0.001853972
12788,0.0014252131,0.0004924005,0.0019984876
12789,0.0013216714,0.0003861281,0.0020366337
12790,0.0014433203,0.00052265904,0.0019121043
12791,0.0012918742,0.0003640853,0.001985548
12792,0.0012861233,0.00036177144,0.0019523342
12793,0.0017175169,0.000955653,0.0016596508
12794,0.001315118,0.00039633687,0.0018744734
12795,0.0012075794,0.00030048518,0.0019211888
12796,0.001282472,0.0003704923,0.001830323
12797,0.0012370363,0.00033112508,0.0018314865
12798,0.00061920576,3.2930984e-05,0.0025255745
12799,0.00047636626,1.3795169e-05,0.0023445277
12800,0.0004772311,1.4038698e-05,0.0015451105
12801,0.00068451127,4.7291604e-05,0.0029073309
12802,0.0005916878,2.9231203e-05,0.0026333765
12803,0.0010106536,0.00017623157,0.0022740855
12804,0.0013183664,0.00043189002,0.0019491613
12805,0.0012770222,0.00039137012,0.0019449708
12806,0.0007435747,6.457391e-05,0.0025013972
12807,0.0011594538,0.0002881614,0.0020731883
12808,0.00074711157,6.6680754e-05,0.0025189612
12809,0.0006418204,4.035925e-05,0.0026405826
12810,0.00054254,2.3290248e-05,0.0011276486
12811,0.0005484998,2.4228215e-05,0.0012151658
12812,0.0011458421,0.00028568256,0.0021646088
12813,0.0011116364,0.00025989348,0.0021523873
12814,0.00062537397,3.817967e-05,0.0023142418
12815,0.000636025,4.0576146e-05,0.002470239
12816,0.0006771368,5.0263472e-05,0.0025570584
12817,0.0010093262,0.00019211309,0.0020487169
12818,0.0011380514,0.00028892595,0.0018923996
12819,0.0012262035,0.00037327546,0.0017917538
12820,0.001420628,0.000613896,0.0016391849
12821,0.0012073123,0.00035935064,0.0017553946
12822,0.00084087456,0.00010789629,0.0020650097
12823,0.0007082389,6.11107e-05,0.0021991653
12824,0.0010572872,0.00023475291,0.0017658994
12825,0.0008603911,0.00011857534,0.0019218759
12826,0.0007883878,8.903273e-05,0.0019675496
12827,0.0007695484,8.257197e-05,0.0019513965
12828,0.0005374708,2.5209576e-05,0.00067307986
12829,0.00057209557,3.1180603e-05,0.0009233679
12830,0.00059731246,3.6168818e-05,0.0009781898
12831,0.00065408467,4.9153554e-05,0.0014139087
12832,0.00084105344,0.00011401641,0.0024525172
12833,0.0006979605,6.125819e-05,0.001956564
12834,0.00070703815,6.4069536e-05,0.002081896
12835,0.0006535156,4.9344195e-05,0.0015221377
12836,0.00041543457,3.972237e-05,0.0003961476
12837,0.00070072274,6.269044e-05,0.0011114228
12838,0.000963993,0.00018157817,0.0025838593
12839,0.0006682775,5.327927e-05,0.000848792
12840,0.00073379074,7.312177e-05,0.0008779478
12841,0.00091753603,0.00015351087,0.0025085886
12842,0.0012577232,0.00043954913,0.0023184738
12843,0.0012901674,0.00047859093,0.0022067935
12844,0.0010820335,0.00026622505,0.002329552
12845,0.00081467885,0.000103150895,0.0019020019
12846,0.0012036252,0.00038059262,0.0020861416
12847,0.0011144017,0.00029495452,0.00211478
12848,0.0009827765,0.0001942328,0.0021961576
12849,0.0009662969,0.00018400542,0.002160381
12850,0.00088049937,0.00013517655,0.0022083272
12851,0.0009697943,0.00018723897,0.0020563805
12852,0.0006881321,5.961267e-05,0.0009680537
12853,0.0007846342,9.301459e-05,0.0014359885
12854,0.0009172053,0.0001569046,0.002215832
12855,0.0011183415,0.00030517686,0.0019455192
12856,0.00086096575,0.00012765279,0.0021554898
12857,0.00089303387,0.00014463821,0.0020581014
12858,0.0010210149,0.00022704781,0.0018779725
12859,0.0009050666,0.00015229732,0.0019624736
12860,0.001067271,0.00026520377,0.0017719344
12861,0.0012835389,0.00049281464,0.0015859362
12862,0.0007249458,7.332195e-05,0.0011813034
12863,0.0009147631,0.0001599388,0.001825042
12864,0.0010079966,0.00022206747,0.0017063251
12865,0.00075227406,8.378247e-05,0.0015509893
12866,0.0008053588,0.000105537605,0.0018436878
12867,0.0009191721,0.00016478656,0.0016950998
12868,0.0010216619,0.00023587869,0.0016229954
12869,0.0007346765,7.8610414e-05,0.0013731421
12870,0.0010019203,0.00022245434,0.0015909235
12871,0.00091577333,0.00016536824,0.0016382704
12872,0.00097654754,0.00020580525,0.0015620176
12873,0.0009191626,0.00016876996,0.001586308
12874,0.00093784137,0.00018123596,0.001547317
12875,0.0009941702,0.0002211654,0.0014820213
12876,0.0009455765,0.00018785057,0.0014995798
12877,0.00101121,0.00023608022,0.0014312341
12878,0.0011329158,0.00034659248,0.0013364325
12879,0.0008421728,0.0001292198,0.0015327297
12880,0.0007453966,8.6240616e-05,0.0016051731
12881,0.0008339333,0.00012647448,0.0016320422
12882,0.0008569938,0.0001389462,0.001584278
12883,0.0008662238,0.00014444902,0.0015519202
12884,0.0011043957,0.00032639626,0.0013624242
12885,0.00079642213,0.000109848035,0.001584537
12886,0.0009669388,0.00021075197,0.001418124
12887,0.0011245086,0.0003502,0.0012998421
12888,0.0009427098,0.00019506321,0.001405621
12889,0.0010120007,0.0002481197,0.0013411263
12890,0.001011624,0.00024874293,0.0013274162
12891,0.0009707986,0.00021757315,0.0013411063
12892,0.00090663816,0.00017375767,0.0013728152
12893,0.0008066127,0.000117957345,0.0014383381
12894,0.0006465474,5.65197e-05,0.0006893888
12895,0.0006957743,7.2623756e-05,0.0008585719
12896,0.0006878234,6.994145e-05,0.0008004489
12897,0.001034348,0.00027375345,0.0013541637
12898,0.0011176358,0.0003554654,0.0012892731
12899,0.0011419865,0.00038304602,0.0012643366
12900,0.00087655237,0.00015877659,0.0014302325
12901,0.00070584676,7.715147e-05,0.0011631855
12902,0.0011947824,0.0004491844,0.0012529984
12903,0.0011998502,0.00045663028,0.0012413753
12904,0.0007697892,0.00010394438,0.001535969
12905,0.0007764177,0.000107127154,0.0015089839
12906,0.00072145864,8.395348e-05,0.0012832732
12907,0.0011255185,0.00037415233,0.0014266473
12908,0.0010559546,0.0003025653,0.001434189
12909,0.000906763,0.00018204142,0.0015105471
12910,0.00080321246,0.00012146289,0.0014953461
12911,0.0008009198,0.00012067638,0.001258568
12912,0.00075185794,9.7808224e-05,0.00075359875
12913,0.0011311483,0.00038281718,0.001318834
12914,0.0010901911,0.00033915468,0.0013088244
12915,0.00081106636,0.0001265184,0.0014415132
12916,0.001259616,0.00055391056,0.0013223882
12917,0.0010596045,0.00031269202,0.0013411698
12918,0.001036465,0.00029169876,0.0012801796
12919,0.000984978,0.00024707566,0.0012543362
12920,0.00081782206,0.00013324257,0.0011644503
12921,0.00081590796,0.0001328051,0.0010602882
12922,0.00086890155,0.00016468065,0.0012611664
12923,0.000844894,0.00015065054,0.0012251597
12924,0.0012000666,0.0004880559,0.0009914695
12925,0.00196197,0.0024458726,0.00075397134
12926,0.0010432511,0.00030661287,0.0010373315
12927,0.0011731507,0.00045531263,0.00095775054
12928,0.0021245882,0.003156151,0.0007039206
12929,0.0018761108,0.002119519,0.00076169375
12930,0.0011539606,0.00042914928,0.0009788779
12931,0.0019921295,0.002568527,0.00073416636
12932,0.002127913,0.0031442998,0.00072009215
12933,0.0013069595,0.0006440926,0.00094160525
12934,0.0007666001,0.00010900072,0.0012173223
12935,0.0015159869,0.0010582004,0.00087628677
12936,0.00096645433,0.00023767474,0.0010961448
12937,0.0008579322,0.00016011702,0.0011496975
12938,0.0020684947,0.0029319562,0.0009656087
12939,0.0016704596,0.0014860855,0.000965073
12940,0.0013388767,0.0007233159,0.0009863263
12941,0.0014045784,0.0008537584,0.00089638535
12942,0.0021588877,0.0034186665,0.00068482367
12943,0.0012233799,0.0005401188,0.0009045288
12944,0.0017668128,0.0018148244,0.0007272317
12945,0.001278288,0.0006285389,0.00084636785
12946,0.0010827932,0.0003635298,0.0009007528
12947,0.0025591734,0.0057097673,0.00057050976
12948,0.0015594171,0.0011965785,0.0007669508
12949,0.002780825,0.007091051,0.0005728322
12950,0.0025215182,0.005257716,0.00064112735
12951,0.0014980377,0.0010041074,0.00087254815
12952,0.0025396717,0.005299826,0.00067390007
12953,0.0018377815,0.0019243718,0.00083120837
12954,0.0009428493,0.00021190931,0.0011711904
12955,0.0010106848,0.0002702962,0.0013274446
12956,0.0024668456,0.0048583457,0.00081420876
12957,0.0025571054,0.005328356,0.00079121435
12958,0.001392851,0.0007654807,0.0010888024
12959,0.0028051068,0.006840268,0.000740309
12960,0.0016916697,0.0014175929,0.0010018998
12961,0.0012687024,0.0005497661,0.0011454064
12962,0.0009958583,0.00024614332,0.0012689476
12963,0.0044101463,0.011512983,0.00080209016
12964,0.002047441,0.002631581,0.0011842125
12965,0.0022112909,0.0034183527,0.0011027075
12966,0.0033280961,0.00936428,0.0007844171
12967,0.0016419026,0.0013614056,0.0010373993
12968,0.002362065,0.0043529193,0.000748732
12969,0.003934415,0.010878988,0.0005744908
12970,0.0032942926,0.009999072,0.0006207058
12971,0.0016495587,0.0013166664,0.0009007137
12972,0.0012790804,0.0005733359,0.000972209
12973,0.0017066649,0.0014946472,0.0008019567
12974,0.0023993659,0.004378231,0.0006564555
12975,0.00131241,0.00062675716,0.00090310286
12976,0.0015256569,0.0010375069,0.00081718556
12977,0.0019073937,0.0021526045,0.0007185958
12978,0.0016031853,0.0012271223,0.00078501715
12979,0.004163638,0.01272405,0.00047639484
12980,0.0014433337,0.00082634634,0.0009279909
12981,0.0016561669,0.0013049792,0.00085879274
12982,0.001177572,0.00042395826,0.0010254784
12983,0.0014963145,0.0009432744,0.000898352
12984,0.0019192827,0.002128417,0.00078849983
12985,0.0024158068,0.0043451823,0.0007082061
12986,0.0010217397,0.00026321353,0.0011321049
12987,0.00093182165,0.00019437769,0.0011714336
12988,0.0012612313,0.0005372229,0.0010472331
12989,0.0013579087,0.00068949885,0.0009983444
12990,0.004353003,0.013745329,0.0005447375
12991,0.0045448514,0.014502494,0.00061072747
12992,0.00097621366,0.00020379429,0.0015426397
12993,0.0012059432,0.00041465843,0.0013679928
12994,0.0011457906,0.0003512805,0.0013880519
12995,0.0011597387,0.0003676809,0.0013780004
12996,0.0023882957,0.0038566233,0.00094721816
12997,0.0016231693,0.0011169096,0.0011858172
12998,0.0012229555,0.00043857057,0.0013645845
12999,0.00084392435,0.00012756107,0.0016242051
13000,0.0008509137,0.0001317216,0.0016183114
13001,0.0008533941,0.0001335284,0.0015991641
13002,0.0012057561,0.00042531666,0.0013274071
13003,0.00094504043,0.00018935109,0.0014845327
13004,0.001976464,0.002174352,0.001013818
13005,0.0018422189,0.0017363315,0.0011116999
13006,0.0041438784,0.014551198,0.0007377008
13007,0.003717179,0.012229157,0.00090136944
13008,0.0016123786,0.0010022606,0.001548028
13009,0.0038302094,0.012683416,0.0010372072
13010,0.0009121279,0.00014303734,0.0023985482
13011,0.0030927653,0.007235516,0.0013038709
13012,0.0018463943,0.0014627107,0.0018008561
13013,0.0027575926,0.0051503805,0.0015620015
13014,0.0009054071,0.0001361099,0.0028680426
13015,0.003099284,0.0071079293,0.0016427555
13016,0.0018320874,0.001381926,0.0022502332
13017,0.0011505022,0.00029516954,0.002794479
13018,0.0019063477,0.0015765915,0.0021198813
13019,0.0013148787,0.0004622015,0.0025284255
13020,0.0015596751,0.0008197259,0.0023899316
13021,0.001279862,0.0004264733,0.0027325687
13022,0.0047383253,0.015701622,0.0013659422
13023,0.003248751,0.007559911,0.0019078492
13024,0.0015847909,0.0007892632,0.002875435
13025,0.0016812305,0.00096245506,0.0027273772
13026,0.001433403,0.0005685712,0.002890554
13027,0.0013895264,0.0005146535,0.002872621
13028,0.0013008221,0.0004167584,0.0032180427
13029,0.0009235699,0.00013290491,0.0030105347
13030,0.00090008427,0.00012208201,0.002790904
13031,0.0020991697,0.0020285954,0.0023857837
13032,0.0014428066,0.0005911022,0.0028340614
13033,0.0020382765,0.0018489022,0.0023371086
13034,0.0022774239,0.0026367009,0.0022017632
13035,0.0020390027,0.0018455569,0.002320609
13036,0.0012605627,0.00037695363,0.0029126047
13037,0.0014028533,0.0005417869,0.002804921
13038,0.0023462994,0.0029171407,0.00219682
13039,0.003687697,0.010459391,0.0017395668
13040,0.0035902406,0.009505797,0.0019118501
13041,0.0037799396,0.010512069,0.0019952292
13042,0.002048707,0.001682596,0.0029351814
13043,0.0055323835,0.018417757,0.0017391923
13044,0.002984253,0.005100515,0.0027943058
13045,0.0018733935,0.0011606814,0.0035755932
13046,0.0049032914,0.016887454,0.0021420806
13047,0.0038224806,0.009510886,0.0027814775
13048,0.0032341313,0.0059305993,0.0031967333
13049,0.0011529764,0.00020885046,0.005496684
13050,0.0017132177,0.0007916477,0.004374969
13051,0.002855594,0.004136064,0.003334796
13052,0.00322952,0.005930982,0.0031355503
13053,0.0044169724,0.013034393,0.0027232345
13054,0.0023572557,0.0021530718,0.00405531
13055,0.0029192648,0.0042282445,0.0035544843
13056,0.0005902301,2.1414935e-05,0.0018566363
13057,0.0009069327,9.123898e-05,0.004004187
13058,0.0013067928,0.00031197243,0.006152457
13059,0.0010613393,0.00015623918,0.005003501
13060,0.00085038017,7.473741e-05,0.0034426705
13061,0.001221545,0.00025324695,0.0057288255
13062,0.002988086,0.004694507,0.0036569661
13063,0.002982882,0.004638558,0.003656699
13064,0.004960913,0.016306631,0.0028257512
13065,0.0037180423,0.008182537,0.0036745255
13066,0.0022393996,0.0017396199,0.0049922196
13067,0.003541231,0.007107683,0.0038978017
13068,0.0038023342,0.008500762,0.003830938
13069,0.003244779,0.0053815665,0.004273884
13070,0.0039252676,0.009045015,0.0038799755
13071,0.003023364,0.004255706,0.0045650713
13072,0.0026384664,0.0027887146,0.0048006345
13073,0.0028969569,0.0037513184,0.004447306
13074,0.003711668,0.0077193044,0.0038723343
13075,0.0039724577,0.009127314,0.0038206233
13076,0.0025886286,0.0025606877,0.0048699086
13077,0.003871924,0.008462347,0.0038599318
13078,0.0043910053,0.01142862,0.0037155044
13079,0.004321284,0.010802649,0.003939096
13080,0.0017718001,0.0006980155,0.0065365103
13081,0.0023126674,0.0017060236,0.0055161263
13082,0.0023495555,0.0018145844,0.0052159964
13083,0.002191098,0.0014611396,0.0053168763
13084,0.001414302,0.00034416936,0.006226785
13085,0.0026256423,0.0026817692,0.004430713
13086,0.0037442816,0.0077482383,0.0036117611
13087,0.0023050806,0.0017558547,0.0046802303
13088,0.0024444761,0.002144023,0.0043748566
13089,0.0021633396,0.0014536431,0.004497261
13090,0.0015434601,0.0004788778,0.0050825817
13091,0.002599076,0.002687319,0.0037893767
13092,0.0013668915,0.00032493356,0.0050540995
13093,0.0015511009,0.00050252205,0.0046586846
13094,0.0017313866,0.0007345868,0.0043487865
13095,0.002242478,0.0017423969,0.0036751213
13096,0.0016190894,0.0005993228,0.004185915
13097,0.0030179655,0.004518854,0.0029573988
13098,0.0030856077,0.0048263636,0.0029321038
13099,0.0026590223,0.0030571527,0.0031741795
13100,0.0015262585,0.000499186,0.004150956
13101,0.0030538386,0.004739892,0.0028317983
13102,0.0012155989,0.00023515592,0.0044617075
13103,0.00075310905,4.7826114e-05,0.005190837
13104,0.0012259212,0.000247063,0.0042441497
13105,0.0006171108,2.5034613e-05,0.0036228127
13106,0.0007002393,3.846039e-05,0.0045946124
13107,0.00084900553,7.386157e-05,0.0044706776
13108,0.0006570269,3.15801e-05,0.004176613
13109,0.0012273082,0.00025802068,0.0034164048
13110,0.0014225523,0.00042708978,0.0030686469
13111,0.002765833,0.0037657684,0.0021509116
13112,0.0028805155,0.004267118,0.002123546
13113,0.0022925064,0.0020865973,0.0024055738
13114,0.00074978615,5.088419e-05,0.0040966496
13115,0.000704245,4.15737e-05,0.0040409076
13116,0.0015252965,0.0005603201,0.0030022834
13117,0.00080458354,6.649282e-05,0.0040430054
13118,0.0007265249,4.77848e-05,0.004200817
13119,0.00071721873,4.609532e-05,0.0041404814
13120,0.00058804307,2.4062832e-05,0.0018294724
13121,0.00096964167,0.0001293796,0.004292692
13122,0.0033558563,0.0071289567,0.0022505266
13123,0.002386131,0.0025308002,0.0027775674
13124,0.0025606921,0.00317048,0.0026587083
13125,0.0010174651,0.00015124903,0.0041600284
13126,0.0032084407,0.006265117,0.0022651216
13127,0.0028295582,0.004293496,0.0024871707
13128,0.0028977934,0.004598648,0.0024815102
13129,0.0017970562,0.0009986738,0.0031832997
13130,0.0011484199,0.00022606718,0.003849681
13131,0.0010749607,0.00018287532,0.0039089518
13132,0.0006055304,2.7018987e-05,0.0021333008
13133,0.0012662372,0.00032113004,0.0035862562
13134,0.002327687,0.0024104177,0.0025661478
13135,0.0022686631,0.0022281418,0.0025800215
13136,0.0019405312,0.001347943,0.0027621367
13137,0.0012388059,0.00030539779,0.0033748322
13138,0.0019423644,0.0013720227,0.0026174262
13139,0.002224458,0.0021444873,0.002405591
13140,0.002552616,0.0033265061,0.002227547
13141,0.0019245571,0.0013463437,0.0025748292
13142,0.0019455275,0.001404396,0.0025183284
13143,0.00154913,0.0006660559,0.0027735948
13144,0.0018516725,0.0012116136,0.0024784217
13145,0.0022396212,0.002262579,0.002216991
13146,0.0024455183,0.0030002056,0.0021107811
13147,0.0022489973,0.0023044925,0.0022066932
13148,0.0010090969,0.00016285999,0.0032547943
13149,0.0027195178,0.0042071906,0.0019295117
13150,0.0014481541,0.0005473408,0.00267878
13151,0.001949968,0.0014753385,0.0022569308
13152,0.0021163896,0.0019364662,0.0021402165
13153,0.00091594766,0.00012055295,0.003203883
13154,0.00068194413,4.5223147e-05,0.0035712258
13155,0.0004559424,1.1857587e-05,0.0011200439
13156,0.0004960743,1.5820624e-05,0.0013421287
13157,0.0006058231,3.092984e-05,0.0028925051
13158,0.000672141,4.400464e-05,0.0036405176
13159,0.0005462984,2.2131742e-05,0.0020511365
13160,0.001479643,0.00062191125,0.0023484943
13161,0.0007571442,6.6651985e-05,0.0031897218
13162,0.0009370216,0.00013689318,0.0027948902
13163,0.00093683845,0.0001377222,0.002716237
13164,0.0012418501,0.0003560939,0.0023017845
13165,0.0007822296,7.637636e-05,0.0028215447
13166,0.0014228292,0.0005687602,0.0020819455
13167,0.0012314693,0.0003538742,0.0021965657
13168,0.0007897291,8.0596204e-05,0.002673356
13169,0.00064129464,4.0408562e-05,0.002876064
13170,0.00068314624,5.0185354e-05,0.0027069177
13171,0.00084098574,0.00010143165,0.002515112
13172,0.00049582863,1.7449072e-05,0.0012548252
13173,0.00053736306,2.306098e-05,0.0010893419
13174,0.0009102153,0.00013467766,0.0027238803
13175,0.0008468485,0.00010631597,0.002747824
13176,0.0012126429,0.0003551681,0.0022443659
13177,0.0009461267,0.00015577734,0.0024848967
13178,0.0009689537,0.0001696343,0.0023978618
13179,0.00071122113,6.0608305e-05,0.0027234904
13180,0.00064816023,4.4637265e-05,0.0026737684
13181,0.0009155026,0.00014232889,0.0022803436
13182,0.00078776455,8.656134e-05,0.0023996532
13183,0.000865794,0.00011935751,0.0022413672
13184,0.0012811107,0.00044512333,0.0018290699
13185,0.0009585042,0.0001698641,0.0020787735
13186,0.0011487916,0.00031307215,0.001863859
13187,0.00055792014,2.8143873e-05,0.0016492804
13188,0.00092881225,0.00015549253,0.00207108
13189,0.0011033398,0.00027811332,0.0018655754
13190,0.00068867445,5.781756e-05,0.0023116015
13191,0.0006678825,5.2419015e-05,0.0022926016
13192,0.0009903873,0.00019669232,0.0018471174
13193,0.0007753176,8.720953e-05,0.0020474044
13194,0.0006793144,5.6329907e-05,0.0021401884
13195,0.00091815606,0.00015502758,0.0018078916
13196,0.0009935179,0.0002029807,0.001709116
13197,0.0008322993,0.0001129133,0.0018355087
13198,0.0009343359,0.00016718509,0.0017140434
13199,0.0007233193,7.14103e-05,0.0019126832
13200,0.0007881925,9.5629955e-05,0.0017991462
13201,0.00073573185,7.6341596e-05,0.0018284133
13202,0.0008609475,0.00012981657,0.0016734838
13203,0.000982885,0.00020327787,0.0015426911
13204,0.0007136515,7.00863e-05,0.0017809701
13205,0.0005601433,3.134768e-05,0.0018937028
13206,0.0007178755,7.219159e-05,0.0017563611
13207,0.0006496649,5.1947063e-05,0.0018129147
13208,0.00065607805,5.395576e-05,0.001800813
13209,0.0009853743,0.00021237005,0.0016333713
13210,0.00088036724,0.00014637054,0.0017036899
13211,0.0011049615,0.00031420714,0.0015001721
13212,0.0011906266,0.0004051061,0.001429366
13213,0.0008397083,0.0001267601,0.0016825406
13214,0.00060613593,4.281299e-05,0.0018709392
13215,0.0009282533,0.0001785547,0.0015501071
13216,0.0011186731,0.0003346342,0.00139474
13217,0.0009940767,0.0002266981,0.0014639561
13218,0.00083730347,0.00012832534,0.001574839
13219,0.00064187194,5.2998843e-05,0.0017700781
13220,0.0005218265,2.663828e-05,0.00084129826
13221,0.0005263133,2.7569695e-05,0.00052030175
13222,0.0005587391,3.3829227e-05,0.00055875955
13223,0.0009448543,0.00019693187,0.0019210328
13224,0.0010175349,0.00025195142,0.0018344787
13225,0.00073983637,8.674015e-05,0.0021083655
13226,0.0009787724,0.00022088808,0.0018404461
13227,0.00083769206,0.00013123335,0.0019685307
13228,0.000798193,0.00011160784,0.0019905935
13229,0.0007285129,8.221103e-05,0.0020540985
13230,0.0008633275,0.00014517157,0.0019078351
13231,0.0007339461,8.446449e-05,0.0019475562
13232,0.0006528898,5.7065838e-05,0.0010759704
13233,0.0008216364,0.00012320376,0.0021190455
13234,0.0007054973,7.379069e-05,0.0013581858
13235,0.00090845657,0.00017124755,0.0019779128
13236,0.00081591407,0.000119364486,0.0020585803
13237,0.0009265747,0.00018236334,0.0019077364
13238,0.0007536129,9.1326925e-05,0.0019931651
13239,0.00045366792,4.616873e-05,0.00043545594
13240,0.00036299002,6.315972e-05,0.00034276675
13241,0.0005953021,6.786743e-05,0.0005637058
13242,0.00082637614,0.00012229674,0.0018476851
13243,0.0015995197,0.0011036559,0.0018521257
13244,0.0012556928,0.0004925569,0.001931805
13245,0.0009106878,0.00016823524,0.0021241473
13246,0.00076781935,9.501539e-05,0.0010232807
13247,0.0009737868,0.00021071066,0.0020019517
13248,0.001146373,0.00036397978,0.0017246214
13249,0.0011660169,0.000386192,0.0016258581
13250,0.0009552071,0.00019896613,0.0017234865
13251,0.0007566737,9.153735e-05,0.00090326864
13252,0.00041916757,7.9704376e-05,0.00040540227
13253,0.00084581814,0.00013345708,0.0013319968
13254,0.001095982,0.00031855822,0.0015199427
13255,0.0010036092,0.00023891575,0.0015564043
13256,0.0010548476,0.00028373935,0.0014344781
13257,0.0009037425,0.00017018101,0.0014801188
13258,0.0011486544,0.00038115235,0.0012726166
13259,0.00086732965,0.00014993323,0.001414966
13260,0.0008283425,0.00012917593,0.001350224
13261,0.000977714,0.0002258738,0.0012562489
13262,0.0009815663,0.00023000519,0.0012227113
13263,0.0012985406,0.00058978185,0.0011279113
13264,0.001173377,0.00042364848,0.0011381211
13265,0.0013832136,0.00073630403,0.0010110154
13266,0.0015152151,0.0010000861,0.000940922
13267,0.00090796343,0.00018287869,0.0011971076
13268,0.0012500663,0.0005340462,0.0009933481
13269,0.001082583,0.00033245512,0.0010492024
13270,0.0008957827,0.00017778297,0.0011700856
13271,0.001019343,0.00027547847,0.0010965312
13272,0.00071893685,0.00011212978,0.00071198994
13273,0.0008699309,0.00019474466,0.00084372197
13274,0.0009601437,0.00023612897,0.0011454037
13275,0.0010124354,0.0002879193,0.0009661319
13276,0.0009178639,0.00021097256,0.0009107534
13277,0.0013134661,0.0007054285,0.0007109776
13278,0.001132693,0.00043679582,0.0007156804
13279,0.00089202524,0.0001991168,0.00076436176
13280,0.0013791374,0.0008585793,0.00061818724
13281,0.0016870163,0.0016790724,0.0005231129
13282,0.00093917106,0.00024418742,0.0006755968
13283,0.0010106877,0.00031525313,0.00063115405
13284,0.001147521,0.00048600484,0.00056661654
13285,0.0009999326,0.00031010568,0.0005866717
13286,0.00141582,0.000997764,0.00055556337
13287,0.0013077134,0.0007916368,0.00060038536
13288,0.0014616088,0.0012193169,0.00046703673
13289,0.0017185879,0.0021390417,0.00036737561
13290,0.0014163265,0.0011695687,0.00036325358
13291,0.0028485816,0.00791586,0.00023276055
13292,0.0022903455,0.0052237622,0.00026542429
13293,0.0024809646,0.006480225,0.0002569456
13294,0.001845071,0.0026278025,0.00031014442
13295,0.0013260203,0.00090323004,0.0003666904
13296,0.0009570433,0.00030825674,0.00042540368
13297,0.00093407993,0.00032118114,0.00048074237
13298,0.00096827775,0.00033176594,0.0004355277
13299,0.0015930729,0.0017376933,0.00031305724
13300,0.0019730404,0.0034370406,0.0002685724
13301,0.0013519849,0.0010250888,0.00032233377
13302,0.0013970821,0.0011504208,0.0003082628
13303,0.001302426,0.00091987825,0.00031305905
13304,0.00095881586,0.0003356705,0.0003592103
13305,0.0020870792,0.0041887714,0.00026415478
13306,0.0022353919,0.0051153274,0.0002484555
13307,0.0014043087,0.0011824649,0.00031530205
13308,0.0019024733,0.0031406,0.0002618665
13309,0.0012433142,0.00079603965,0.00032514503
13310,0.0014342368,0.0012804555,0.00029619728
13311,0.0011205255,0.0005708461,0.00033193853
13312,0.0015208323,0.001565082,0.00027996578
13313,0.001925858,0.0033090904,0.00024783236
13314,0.0016592294,0.002058475,0.0002732609
13315,0.0012835806,0.00089327997,0.00031435964
13316,0.0015606756,0.0016953218,0.00028387777
13317,0.0030616692,0.009445686,0.0002023442
13318,0.0019838023,0.0034619225,0.00027974087
13319,0.00086374686,0.0002279627,0.00043975833
13320,0.0009095557,0.00027305825,0.0004661044
13321,0.0014884324,0.0013976637,0.000357128
13322,0.0009049101,0.0002703233,0.00045707214
13323,0.0015401735,0.0015741121,0.00036112385
13324,0.0028223973,0.008706441,0.0002625642
13325,0.0013375669,0.00095665886,0.0004151692
13326,0.0021835126,0.004524238,0.000320686
13327,0.0015064818,0.0013932628,0.00040155824
13328,0.0012066326,0.0006727163,0.00045007296
13329,0.0012334238,0.0007261545,0.00045079636
13330,0.0016360008,0.0018388097,0.00042449293
13331,0.0014639497,0.0012836473,0.0004403662
13332,0.0033961544,0.010171975,0.00028065348
13333,0.0012801748,0.00079088093,0.0005085142
13334,0.0014864986,0.0012948859,0.00046617258
13335,0.0029453957,0.009489494,0.0003335332
13336,0.0020388528,0.0033897632,0.0004412618
13337,0.0012155472,0.00063269807,0.0005875028
13338,0.0020485169,0.003415386,0.00044840772
13339,0.0012435537,0.0006768014,0.00059372623
13340,0.0032037052,0.010706423,0.00036500793
13341,0.0026198586,0.006658444,0.00045336323
13342,0.0012868317,0.0007007384,0.000696082
13343,0.0011778956,0.0005237084,0.00072774274
13344,0.000960768,0.00026633122,0.00080456835
13345,0.0015682676,0.0013518545,0.00062929455
13346,0.0009891654,0.00029418702,0.0008003419
13347,0.0021094247,0.003481659,0.00057789526
13348,0.0010040042,0.00030709614,0.00086622406
13349,0.0010426517,0.00035072348,0.0009518263
13350,0.0010396482,0.00035069947,0.0011149556
13351,0.0013713378,0.00089130877,0.00086020463
13352,0.003619849,0.010422851,0.00046212404
13353,0.0018126251,0.0021446403,0.0006737082
13354,0.0016776705,0.0016737012,0.00067711476
13355,0.002630221,0.0066348626,0.0006070814
13356,0.0018733615,0.0023776137,0.00066940073
13357,0.0028842255,0.008457262,0.0004924421
13358,0.00145751,0.0010292634,0.0007084448
13359,0.0012614271,0.00064414635,0.00075610675
13360,0.0012668525,0.00065948616,0.0007109171
13361,0.0012426628,0.0006236778,0.0006828364
13362,0.0037878766,0.011112829,0.00037071068
13363,0.003960987,0.011763972,0.00039618328
13364,0.0026203368,0.0060366355,0.0005464272
13365,0.0020102118,0.0026708671,0.000656081
13366,0.0009703761,0.0002435503,0.0009581024
13367,0.004134357,0.012589064,0.00046383636
13368,0.0047065485,0.013937824,0.0004886277
13369,0.0021181442,0.0028362612,0.0008486537
13370,0.0036931885,0.012674096,0.00064775255
13371,0.0016333603,0.0011582733,0.0011136082
13372,0.0022797412,0.0033773717,0.00093881524
13373,0.0010461952,0.00026301463,0.0014209227
13374,0.0024774289,0.004341243,0.000908917
13375,0.0037993344,0.013163254,0.0007542093
13376,0.002904883,0.0064891563,0.0009851785
13377,0.0012421561,0.00042792383,0.0015978606
13378,0.0023626443,0.003482198,0.0011426635
13379,0.0025119411,0.0041748458,0.0011333307
13380,0.003808557,0.012521262,0.0009424405
13381,0.0016591185,0.0010518779,0.0016164667
13382,0.0023714632,0.003342798,0.0014741842
13383,0.0018376304,0.0014746545,0.0017066022
13384,0.0021161577,0.0023322143,0.0016415841
13385,0.0013685322,0.0005588203,0.002094857
13386,0.0026448162,0.0046524424,0.001483155
13387,0.0015682069,0.000869604,0.0019899604
13388,0.0041048797,0.014193733,0.0012073375
13389,0.004314972,0.015126363,0.0013399299
13390,0.0018144447,0.0012464421,0.0023803734
13391,0.0020299274,0.001803673,0.002228891
13392,0.0043480555,0.014865971,0.0015041685
13393,0.0032831868,0.007356625,0.0019746274
13394,0.0024058633,0.0028794862,0.0024255968
13395,0.0027736083,0.00445606,0.0022611276
13396,0.003225488,0.0068485187,0.0021315136
13397,0.0032575028,0.006938671,0.002208351
13398,0.0018648513,0.0012152526,0.0030343877
13399,0.003207343,0.006584469,0.0022664957
13400,0.0019339877,0.0013570186,0.0030204062
13401,0.0022983493,0.0023858724,0.0027178775
13402,0.0013553852,0.00042111578,0.0035289444
13403,0.00107013,0.00019339279,0.0042714165
13404,0.003402851,0.007811884,0.0023274738
13405,0.0022084862,0.0020967338,0.0030303884
13406,0.0007015663,4.6328212e-05,0.0029759808
13407,0.001907294,0.0013166529,0.0035440011
13408,0.0029331478,0.0051100324,0.0028188413
13409,0.0014360205,0.00050909386,0.0040792893
13410,0.0025487847,0.0033176795,0.0029733814
13411,0.001222398,0.00029739665,0.0042534606
13412,0.0009864339,0.00014599436,0.0046851984
13413,0.0037037267,0.009653937,0.002338758
13414,0.003150127,0.006108207,0.002710298
13415,0.0012324841,0.00029493246,0.0044056145
13416,0.000980278,0.0001378722,0.004737612
13417,0.0008226946,7.715694e-05,0.0040022032
13418,0.0011038431,0.00020783358,0.0042933356
13419,0.0010126886,0.00015714118,0.0045663053
13420,0.0014757876,0.0005568139,0.0036643737
13421,0.00223025,0.0021783835,0.0029702655
13422,0.0038332366,0.010465188,0.002238215
13423,0.004919817,0.01719085,0.0021183186
13424,0.0019518906,0.0012823816,0.003854324
13425,0.0037951586,0.009544317,0.0026882342
13426,0.0021462822,0.0017129626,0.0037731864
13427,0.0028593168,0.004255652,0.0032078195
13428,0.0017274064,0.00084088463,0.0041178204
13429,0.0012950356,0.00032462046,0.004690305
13430,0.0025322512,0.0029654368,0.0032870763
13431,0.0023612236,0.0023820437,0.0034526351
13432,0.001225637,0.0002743808,0.004837789
13433,0.0011148213,0.00020126169,0.0048719053
13434,0.0016648106,0.00077443884,0.0038598762
13435,0.0018099296,0.0010337492,0.0039463397
13436,0.0018747334,0.0011672693,0.0037824698
13437,0.0017917799,0.0010126864,0.0039320886
13438,0.0033523403,0.007134299,0.002828815
13439,0.003073354,0.0054921717,0.0030850172
13440,0.0024252462,0.0026421773,0.0036435286
13441,0.0031865595,0.0060577043,0.0034002091
13442,0.0023634736,0.0024030085,0.0040400014
13443,0.002327574,0.0022989532,0.0044970787
13444,0.0024234748,0.0026087041,0.004503092
13445,0.0017987681,0.0009842169,0.00513476
13446,0.0030273886,0.0051409686,0.0039215675
13447,0.0029893413,0.00488887,0.004025195
13448,0.0015769597,0.0006182699,0.005420769
13449,0.0016216605,0.00068157655,0.0051941783
13450,0.0011355417,0.00020803022,0.0047190697
13451,0.0012277387,0.0002717025,0.004984484
13452,0.00079140835,6.27493e-05,0.0017187567
13453,0.0013682815,0.00039600575,0.0045498395
13454,0.004037507,0.011146657,0.0029501216
13455,0.0035761,0.008010537,0.0030013153
13456,0.003906197,0.009896096,0.0027848918
13457,0.0009686376,0.000114957016,0.0030618578
13458,0.002907587,0.004283976,0.003189806
13459,0.0025929133,0.0030096157,0.00344864
13460,0.00215779,0.0016778202,0.0035885326
13461,0.0030718974,0.0051084845,0.0029214495
13462,0.0014635981,0.00046609904,0.004122359
13463,0.0020280415,0.0013908184,0.0033215708
13464,0.0016779375,0.00075022614,0.0034667205
13465,0.0009933582,0.00013118163,0.0033004
13466,0.0016382579,0.0007056856,0.003187927
13467,0.0009991396,0.00013630174,0.0033822572
13468,0.0013317871,0.00036036986,0.003305249
13469,0.0028246606,0.0042000376,0.0021856893
13470,0.0040898733,0.0114519335,0.0018515033
13471,0.0036056282,0.008146851,0.00214181
13472,0.0027003016,0.0034614995,0.0025929122
13473,0.0024356327,0.002505327,0.00271954
13474,0.0037323434,0.008832975,0.0023270485
13475,0.0035716975,0.0077205133,0.0024932798
13476,0.005228482,0.017583495,0.002123348
13477,0.00428379,0.011466388,0.0026955546
13478,0.004003292,0.009505984,0.0029919469
13479,0.0015894558,0.00052759645,0.0049332534
13480,0.002927728,0.0038893744,0.0034736306
13481,0.0017364884,0.0007179723,0.0044438844
13482,0.0025181654,0.0024565458,0.003604243
13483,0.00246781,0.0023174922,0.0035608152
13484,0.0031029312,0.0047500427,0.003107581
13485,0.0013493726,0.0003163042,0.0046795662
13486,0.0020909347,0.0013736401,0.0035985769
13487,0.0032655245,0.0056072036,0.0027972544
13488,0.0025758483,0.0027059785,0.003198023
13489,0.002734283,0.0032819577,0.0030594226
13490,0.0013577503,0.0003308985,0.0042681536
13491,0.0008910422,8.145982e-05,0.0046298243
13492,0.0006850518,3.4074634e-05,0.0026940154
13493,0.00072833366,4.2087184e-05,0.0031814883
13494,0.0007427211,4.5308523e-05,0.0031951058
13495,0.0013560032,0.00034338678,0.0036540087
13496,0.0015094854,0.00049674185,0.0033404569
13497,0.0017803349,0.00087075256,0.0030463645
13498,0.0031554091,0.005415948,0.002226715
13499,0.0015881138,0.00059785804,0.0031972912
13500,0.0022286812,0.0018469839,0.0026208046
13501,0.0011426997,0.00020229311,0.0035782987
13502,0.0007650449,5.3227675e-05,0.003680277
13503,0.002033598,0.0014032329,0.002495499
13504,0.0021229465,0.001628662,0.0024016087
13505,0.0020982737,0.0015803294,0.0023899504
13506,0.0007875427,6.0626193e-05,0.0037949618
13507,0.0014220746,0.00044240966,0.002734589
13508,0.00094482815,0.000113627575,0.003289167
13509,0.0015486372,0.0005990957,0.0024936588
13510,0.0023079286,0.0022426299,0.0019971298
13511,0.0017770617,0.000960736,0.0022656797
13512,0.002253012,0.0021052142,0.0019766742
13513,0.0018705736,0.0011550011,0.0021580746
13514,0.0014229148,0.00046958696,0.0024333007
13515,0.0012491691,0.00030660618,0.002532809
13516,0.0020556354,0.0016146272,0.0019283695
13517,0.0013013019,0.0003573058,0.0023978555
13518,0.00059389987,2.614424e-05,0.0022057395
13519,0.00056716165,2.2635568e-05,0.0013415706
13520,0.00079139427,6.9846836e-05,0.0028929615
13521,0.0013832831,0.00045533665,0.002923983
13522,0.0011361861,0.00023780689,0.0031993922
13523,0.0011522913,0.00025104062,0.003073041
13524,0.0006827241,4.3825086e-05,0.0018329478
13525,0.0006639844,4.0199302e-05,0.001346587
13526,0.0018818026,0.0013042311,0.00241134
13527,0.0019296369,0.0014236032,0.0023469096
13528,0.002072632,0.0018053539,0.0022356021
13529,0.00083596853,8.843727e-05,0.0032489332
13530,0.0012838574,0.00037395355,0.0027115482
13531,0.0016451718,0.0008600241,0.0023376618
13532,0.0007844077,7.286256e-05,0.0029149866
13533,0.0017324184,0.0010323037,0.0021690964
13534,0.0014747715,0.0006091918,0.0023151317
13535,0.0014759097,0.0006151143,0.0022687144
13536,0.0015716696,0.00076340867,0.0021573643
13537,0.001217227,0.00032791978,0.0024063713
13538,0.0012861016,0.0003969217,0.0022883909
13539,0.0015303316,0.0007134766,0.0020558785
13540,0.0014798847,0.0006426989,0.0020572518
13541,0.0008234156,9.116477e-05,0.002696697
13542,0.0010796472,0.0002271122,0.0022969886
13543,0.00096884905,0.00015912816,0.0023672574
13544,0.0009693794,0.00016045647,0.002313682
13545,0.00082050037,9.241147e-05,0.00245126
13546,0.00066931994,4.730356e-05,0.0016343134
13547,0.0015539303,0.0007926951,0.0019943444
13548,0.0011830701,0.00032135425,0.0022532004
13549,0.0012394018,0.0003775408,0.0021573233
13550,0.0013350812,0.00048670132,0.002040445
13551,0.0010364632,0.00021008273,0.002272707
13552,0.0008534255,0.00011023818,0.0024452421
13553,0.0012674442,0.00041589496,0.0019650992
13554,0.00079995336,8.9757166e-05,0.0024219444
13555,0.0008067772,9.27879e-05,0.0023534875
13556,0.0012415708,0.0003949973,0.0019269796
13557,0.0007204843,6.434798e-05,0.002253012
13558,0.0011055127,0.00027066562,0.0019625155
13559,0.00081721274,9.904355e-05,0.0022358268
13560,0.00059897004,3.5225192e-05,0.0009135688
13561,0.0006791808,5.4152613e-05,0.0010758488
13562,0.0006780988,5.391696e-05,0.001052865
13563,0.0008612736,0.00012079914,0.0021458913
13564,0.0007852476,8.8766385e-05,0.001441484
13565,0.00083484565,0.00010897214,0.0018720048
13566,0.000927498,0.00015509431,0.0025187305
13567,0.0010557876,0.00024055445,0.0024304746
13568,0.00094525353,0.00016673097,0.0024349703
13569,0.0010170947,0.00021374198,0.0022305183
13570,0.00080750656,9.915393e-05,0.0015240355
13571,0.0008704204,0.00012831602,0.0016682611
13572,0.0014736636,0.00074885547,0.0018521007
13573,0.0007870643,9.2931354e-05,0.00086470274
13574,0.0011131904,0.00029920074,0.0020546261
13575,0.0012256886,0.00041815007,0.0017162898
13576,0.0010725092,0.00027087296,0.0016674517
13577,0.0010123028,0.0002284374,0.0011434421
13578,0.0019573488,0.0021720093,0.0016188433
13579,0.0016582686,0.0015470638,0.0014591024
13580,0.0015660619,0.0013933935,0.0013438379
13581,0.0011564513,0.0005125076,0.0014359953
13582,0.0012371147,0.00063239486,0.0012339293
13583,0.00078902364,0.0001609619,0.00075394235
13584,0.000842683,0.0001744036,0.0008601732
13585,0.0011531622,0.0004996783,0.0011177761
13586,0.0010574018,0.0003806292,0.0009990174
13587,0.0011103613,0.00045297956,0.0008553603
13588,0.00094079913,0.00026333742,0.00085617293
13589,0.0012938718,0.0007695467,0.00074041454
13590,0.0013017344,0.0008001181,0.00064461713
13591,0.0014274974,0.0010981546,0.00055617135
13592,0.0017920648,0.0023097275,0.0004622254
13593,0.0014415769,0.0011457128,0.0004982144
13594,0.0013680843,0.0009701278,0.00049402285
13595,0.001070251,0.00043269497,0.00054378435
13596,0.001300764,0.000831225,0.00048780756
13597,0.0011196176,0.00050868106,0.0005155982
13598,0.0010231195,0.00037921182,0.0005304421
13599,0.0009730376,0.00032308616,0.00054664596
13600,0.0012311559,0.0007138503,0.00052485766
13601,0.0012402441,0.0007467832,0.0005449902
13602,0.001267635,0.00083559006,0.00045692708
13603,0.0012774536,0.000879731,0.00040157235
13604,0.0012377718,0.00080801704,0.00036861
13605,0.00091550004,0.0003446881,0.00040290147
13606,0.0008689756,0.000439546,0.00040789982
13607,0.0010798427,0.00055829453,0.00034270014
13608,0.0013470723,0.001196069,0.00026683015
13609,0.0011158964,0.00065811846,0.00026651967
13610,0.00145079,0.0015802623,0.00021641543
13611,0.0011005803,0.0006457751,0.00023798738
13612,0.0010933775,0.00063890684,0.00022899816
13613,0.00092108815,0.00041354608,0.00024314557
13614,0.0011247387,0.00071707997,0.00021829181
13615,0.0018118956,0.003350638,0.00016530832
13616,0.0015442239,0.0020212776,0.00017958545
13617,0.0012044742,0.00090382213,0.00020236721
13618,0.001540008,0.00201613,0.00017600298
13619,0.00140036,0.0014844349,0.00018515789
13620,0.0011800124,0.00084999925,0.00020180934
13621,0.0012843465,0.001126295,0.00019222159
13622,0.0011573355,0.0008021661,0.00020253034
13623,0.001033073,0.0005530203,0.0002139226
13624,4.147587e-06,3.5889825e-06,4.309055e-06
13625,2.1125248e-05,1.8067978e-05,2.1268206e-05
13626,0.00029367,0.00024961383,0.00025375918
13627,0.0009184748,0.00060739764,0.00021077383
13628,0.0012831322,0.0013109301,0.00016772535
13629,0.0013250824,0.0014796926,0.00015283532
13630,0.0010411155,0.0006795582,0.00016388482
13631,0.0008594559,0.0006025948,0.00017077218
13632,0.0004065776,0.00034141282,0.00016467075
13633,0.0010897726,0.00082561595,0.0001424932
13634,0.0012590938,0.0013411798,0.00013381557
13635,0.0010641185,0.0007851043,0.00013700323
13636,0.00058320997,0.00048590975,0.0001457035
13637,0.0012745716,0.0013856449,0.0001412663
13638,0.001604588,0.0030490085,0.00010595171
13639,0.0012557835,0.0016167351,0.00010717488
13640,0.0006846897,0.00055736676,0.000110031026
13641,0.00048258773,0.00039096005,0.00011333559
13642,0.0013165073,0.0020498422,8.7008295e-05
13643,0.0016492545,0.0035542513,7.1484545e-05
13644,0.0005176582,0.00041741796,9.1780414e-05
13645,0.0003930654,0.00031541224,9.88943e-05
13646,0.0010835615,0.00086441595,8.64658e-05
13647,0.00074868905,0.0005947311,7.989917e-05
13648,0.0013732085,0.0024187928,6.3227824e-05
13649,0.0017362428,0.0039529516,5.413435e-05
13650,0.001712164,0.0040236376,5.4917913e-05
13651,0.001101897,0.0013050542,7.0413014e-05
13652,0.0017888473,0.0045115403,5.5015676e-05
13653,0.0015114981,0.003434684,6.282889e-05
13654,0.002064618,0.0056383824,5.5649427e-05
13655,0.0016415833,0.004188487,6.709731e-05
13656,0.0013482824,0.0022326363,7.829131e-05
13657,0.0009509088,0.0007115649,9.672562e-05
13658,0.0009994154,0.0008371377,0.00010515362
13659,0.001680526,0.0043087043,8.040166e-05
13660,0.0018437267,0.0051060547,8.025658e-05
13661,0.0012342992,0.0015594753,0.00010455961
13662,0.0011108323,0.001097136,0.000112363836
13663,0.0006040851,0.00044652002,0.00013282528
13664,0.0019957304,0.0054936297,9.378351e-05
13665,0.0014103601,0.002261902,0.00011759617
13666,0.001515423,0.0027942357,0.00011533497
13667,0.0015353388,0.0028611557,0.00011789223
13668,0.0011033558,0.0009769022,0.00014793666
13669,0.0042036762,0.009207584,9.9544275e-05
13670,0.002895554,0.007407983,0.00011986802
13671,0.0019116547,0.005150697,0.00014876566
13672,0.0016384289,0.0032447942,0.00016124721
13673,0.0013405415,0.0016911784,0.00017878241
13674,0.0013687912,0.0017869944,0.000176232
13675,0.0016574301,0.0032213342,0.00016084658
13676,0.0013746528,0.0017532333,0.00018223064
13677,0.0020461113,0.00582789,0.00015119635
13678,0.0010550714,0.000704714,0.00022687808
13679,0.00082461536,0.00030939607,0.00026021435
13680,0.00089384255,0.0004027866,0.0002601832
13681,0.002293956,0.007297948,0.00016156264
13682,0.0024542878,0.007949064,0.00017028078
13683,0.00094677065,0.00043999418,0.0003046647
13684,0.0009571139,0.0004553135,0.00032913036
13685,0.0016578013,0.0026964794,0.0002486818
13686,0.0008796247,0.00033564548,0.00035220652
13687,0.0010623378,0.0006277581,0.0003675719
13688,0.002615907,0.0076430594,0.00023259122
13689,0.0009882143,0.0004712119,0.00039112996
13690,0.003930766,0.009940624,0.00021325167
13691,0.0023632692,0.00699819,0.0002783319
13692,0.0027398153,0.008226898,0.00025885057
13693,0.00097392686,0.0004001716,0.000458715
13694,0.0016801888,0.002375934,0.0003405478
13695,0.0018838499,0.0033636198,0.00032075358
13696,0.0017034294,0.0024374232,0.0003885397
13697,0.0032674875,0.009442378,0.0002630348
13698,0.0014092526,0.0012632264,0.00042703113
13699,0.00096313126,0.0003588852,0.0005054775
13700,0.0010362921,0.0004619795,0.00056896283
13701,0.0010052886,0.0008675408,0.00071546796
13702,0.00082234945,0.00069568376,0.0007570688
13703,0.0017781924,0.0027802524,0.0010312741
13704,0.00284573,0.008953338,0.0012043027
13705,0.0035399743,0.011587556,0.0013553902
13706,0.004365639,0.013830265,0.0013250845
13707,0.0022525815,0.0031772498,0.002057563
13708,0.0021862357,0.0028354626,0.0023881658
13709,0.0037847871,0.012091786,0.001907875
13710,0.0031847935,0.0078061065,0.0020747
13711,0.0029607015,0.006187832,0.0020890613
13712,0.0012447304,0.00037886557,0.0031610413
13713,0.0010463418,0.0002121472,0.0032458233
13714,0.0020304588,0.0019090658,0.0022187235
13715,0.0018342976,0.0013707203,0.002274294
13716,0.00080171076,8.709829e-05,0.0018296269
13717,0.0012534969,0.00038957087,0.0026973095
13718,0.0027021854,0.0046851323,0.0018729358
13719,0.0033509359,0.008463704,0.0016648809
13720,0.0037955663,0.011243142,0.0016316327
13721,0.0037396557,0.010520394,0.0017813003
13722,0.0011554525,0.00026122425,0.0034415014
13723,0.0009609973,0.00014163206,0.0034869479
13724,0.0012568183,0.0003494273,0.0030406495
13725,0.0013407063,0.00043615446,0.002848466
13726,0.0010381022,0.00018646651,0.0031299437
13727,0.0009070862,0.000119348035,0.0032260872
13728,0.003467238,0.008659668,0.0016080068
13729,0.0034806496,0.008560591,0.0017127325
13730,0.004842639,0.017254092,0.0015358949
13731,0.0015307858,0.0006089981,0.0031798505
13732,0.0020768915,0.0016803305,0.002702101
13733,0.00255863,0.0032827174,0.002399661
13734,0.0016735665,0.00082976435,0.002970051
13735,0.000994283,0.00014673427,0.0037250856
13736,0.0034612033,0.0079995245,0.001934045
13737,0.0025059844,0.0030525895,0.0023995573
13738,0.0013216571,0.00037512774,0.0032897745
13739,0.00064065645,3.3470275e-05,0.0018011681
13740,0.0013400128,0.0004012626,0.003784588
13741,0.0037981223,0.01017595,0.0021694559
13742,0.001021131,0.00015665728,0.004382718
13743,0.0011625608,0.0002434355,0.0040186886
13744,0.00088329776,9.815093e-05,0.0027476524
13745,0.0009295472,0.000117494084,0.0024558161
13746,0.0015984435,0.00072712346,0.004294158
13747,0.0032714324,0.0069760866,0.0024796906
13748,0.0051818383,0.015228493,0.0018309312
13749,0.0016652193,0.0007891326,0.003406532
13750,0.0034346823,0.007609374,0.0021922954
13751,0.0034720884,0.007712673,0.0022129372
13752,0.0019682795,0.0013303356,0.003016875
13753,0.0014365854,0.0004717777,0.0033917462
13754,0.0046167225,0.01499026,0.001814111
13755,0.0010056436,0.000136171,0.003695888
13756,0.002281415,0.0020850198,0.0027676763
13757,0.0031619712,0.005721723,0.0023061575
13758,0.0034084758,0.0070130588,0.0022699754
13759,0.0011255512,0.0001962186,0.004055692
13760,0.0009575906,0.000115233306,0.0037311267
13761,0.0009749254,0.00012334214,0.0039064037
13762,0.0012847253,0.00031421738,0.0035047487
13763,0.0042351144,0.01229148,0.0019478919
13764,0.0044486457,0.013323126,0.0020759949
13765,0.0040745125,0.010597672,0.0023945726
13766,0.0024258879,0.0023070015,0.0033223946
13767,0.0022113528,0.0017209793,0.0034072846
13768,0.0035760002,0.0074889422,0.0026115386
13769,0.0018827645,0.0010071219,0.0037219813
13770,0.0019465459,0.0011358929,0.0035657221
13771,0.0013367842,0.00032976767,0.0046581132
13772,0.00078946655,5.700117e-05,0.0023301227
13773,0.0008563723,7.568561e-05,0.002307434
13774,0.0011831595,0.00022509108,0.004502249
13775,0.0019261739,0.001154245,0.0037295136
13776,0.00082496414,6.865855e-05,0.0017921275
13777,0.0011288712,0.0001976448,0.0040113735
13778,0.0016571571,0.00072041317,0.0035798554
13779,0.001231342,0.00026995805,0.003964352
13780,0.0011987551,0.00024955365,0.0038665219
13781,0.0014499048,0.00047684344,0.0033565979
13782,0.0013613907,0.00039173834,0.0035153886
13783,0.0022528938,0.0021005152,0.0027763962
13784,0.0014757126,0.00052834733,0.0030775757
13785,0.0024370977,0.0027731943,0.002215137
13786,0.0043218154,0.013400835,0.0015443539
13787,0.002432823,0.0026563364,0.0022182083
13788,0.0031102155,0.0056380616,0.0018991808
13789,0.0030561492,0.0053189998,0.0019363187
13790,0.0012628284,0.00030318307,0.0030578724
13791,0.0055139777,0.016566535,0.0013860964
13792,0.0049334806,0.016206529,0.001684351
13793,0.0038563483,0.009179923,0.0021768669
13794,0.0048751547,0.015304857,0.0020371494
13795,0.0046276944,0.013358332,0.0023484847
13796,0.004283019,0.010922468,0.0026785184
13797,0.003541815,0.006508744,0.0031447473
13798,0.0026032357,0.0025427153,0.0037313236
13799,0.0027762114,0.0031386635,0.0035301833
13800,0.0016099099,0.0005301867,0.004527126
13801,0.0009918986,0.00010576508,0.0048497445
13802,0.0012351479,0.00022305663,0.0046516885
13803,0.0013630659,0.00031392722,0.004211528
13804,0.0019000586,0.00096270896,0.00343668
13805,0.003944392,0.009117883,0.002310323
13806,0.00236175,0.0019496843,0.0031982616
13807,0.0019247712,0.0010059028,0.003476147
13808,0.0040526176,0.009768965,0.0023178891
13809,0.00396927,0.00911685,0.0024802687
13810,0.0032296919,0.005070287,0.002890268
13811,0.0012927327,0.00025811602,0.0047774077
13812,0.0019752583,0.0010754027,0.0036997674
13813,0.0014902273,0.0004253821,0.0041113505
13814,0.002333785,0.0019011718,0.0032185658
13815,0.0031514417,0.0049012736,0.0027103762
13816,0.0015479239,0.00049261766,0.003881065
13817,0.000731142,4.0336843e-05,0.003371742
13818,0.0006016309,2.117669e-05,0.0018548812
13819,0.0012210149,0.0002286505,0.004245061
13820,0.0017729839,0.0008054953,0.0034842787
13821,0.0019528179,0.0011225187,0.0032831198
13822,0.002776307,0.00352062,0.0027344876
13823,0.0017105457,0.0007333107,0.0034647738
13824,0.0021922253,0.0016834164,0.0031162347
13825,0.0031778214,0.0053993757,0.00253236
13826,0.0027415615,0.003444141,0.00281411
13827,0.003590021,0.0075923824,0.0024484822
13828,0.0016035786,0.00059332047,0.0037884926
13829,0.0009374074,9.925287e-05,0.0047098096
13830,0.0035831532,0.007578845,0.0023201716
13831,0.0029216416,0.0041555976,0.002673644
13832,0.0027270494,0.0033625553,0.0027787916
13833,0.0017065178,0.00073572295,0.0034862836
13834,0.0032436852,0.005751526,0.0026751214
13835,0.0030689607,0.0048611993,0.0028027291
13836,0.0026997167,0.00328025,0.0030156947
13837,0.0031985133,0.0054879137,0.0027519786
13838,0.0015595086,0.00054563215,0.0039765183
13839,0.002512867,0.0026370287,0.0030270023
13840,0.0032848166,0.0059771403,0.002616137
13841,0.0032256257,0.0056363917,0.002694796
13842,0.00094497687,0.00010208749,0.0049862657
13843,0.0012763172,0.00028267055,0.0042191683
13844,0.0022830626,0.0019624552,0.00304024
13845,0.0019867648,0.0012560873,0.0031954136
13846,0.003412192,0.006788193,0.0024000544
13847,0.001086155,0.000167281,0.00433212
13848,0.0014970015,0.00049460283,0.0035439197
13849,0.0019970522,0.0013007222,0.0029865764
13850,0.0015557107,0.0005735057,0.0032984694
13851,0.001316017,0.00033107068,0.0034627737
13852,0.0007671963,5.4804415e-05,0.0043238774
13853,0.0006392709,3.0003295e-05,0.0032564083
13854,0.00081866333,6.930096e-05,0.0041255686
13855,0.0009143056,0.00010116776,0.0037640454
13856,0.0025382577,0.002988229,0.0021909827
13857,0.0024824548,0.002794844,0.0022154439
13858,0.0008841191,9.1818714e-05,0.003664296
13859,0.00053551653,1.7339788e-05,0.0014951439
13860,0.0007821751,6.185334e-05,0.003931556
13861,0.0020793169,0.0016229192,0.0023566708
13862,0.0023552338,0.0024419627,0.0021854395
13863,0.002361228,0.0024726526,0.002173364
13864,0.0025102273,0.0030125496,0.0020995105
13865,0.0016333385,0.0007464958,0.0026037355
13866,0.00060448184,2.7084012e-05,0.0026994303
13867,0.0006523516,3.5166e-05,0.0032017282
13868,0.0011229011,0.00021922695,0.0032735078
13869,0.0019533485,0.0013946256,0.0024319293
13870,0.0020472396,0.0016366463,0.0023411165
13871,0.0021681474,0.001983065,0.0022545913
13872,0.0014897574,0.0005796954,0.0026926438
13873,0.0014774983,0.0005686596,0.0026371726
13874,0.0015926318,0.00073601527,0.002480516
13875,0.0019680716,0.0014908247,0.0021867638
13876,0.0017959785,0.0011113356,0.0022623178
13877,0.0019042379,0.0013566742,0.0021635545
13878,0.0018825874,0.0013154221,0.0021492036
13879,0.0019827997,0.0015686472,0.002068359
13880,0.001431814,0.0005383255,0.002407468
13881,0.0009418257,0.0001336584,0.0028901333
13882,0.001675763,0.0009214382,0.0021140762
13883,0.00080632407,8.0626196e-05,0.0029782425
13884,0.0008636741,0.0001021491,0.002799971
13885,0.00102542,0.0001827185,0.0025010568
13886,0.0015152072,0.00067827094,0.0020118426
13887,0.00061192294,3.2966207e-05,0.0029761556
13888,0.00056986825,2.6130252e-05,0.0024205905
13889,0.00048074068,1.4887035e-05,0.0010319494
13890,0.0012708496,0.00038654686,0.0021524525
13891,0.00132956,0.00045291352,0.0020692889
13892,0.0012592252,0.00038059833,0.002086323
13893,0.0009367029,0.00014248033,0.0023660439
13894,0.0015323272,0.0007421562,0.0018121257
13895,0.00074896147,6.83399e-05,0.0025413895
13896,0.0011438789,0.00028362725,0.002011707
13897,0.0009882852,0.00017524908,0.0021475896
13898,0.00061927625,3.693152e-05,0.0026393337
13899,0.00054791715,2.4659355e-05,0.0020139848
13900,0.000542766,2.4086292e-05,0.0015187039
13901,0.0006277626,3.929499e-05,0.002662167
13902,0.0006559468,4.5730063e-05,0.0025347231
13903,0.0012907836,0.00044227188,0.0017714517
13904,0.0011908973,0.00034036543,0.0018157406
13905,0.0012063691,0.00035782135,0.0017747027
13906,0.00064786966,4.5031164e-05,0.0023693377
13907,0.0012031816,0.00035887808,0.0017061399
13908,0.0006430609,4.444868e-05,0.0022855506
13909,0.00074994663,7.46955e-05,0.0020706113
13910,0.0012523702,0.00041733196,0.0015743772
13911,0.0007375111,7.151456e-05,0.0020168934
13912,0.0005026159,1.9965617e-05,0.0012401076
13913,0.0010792499,0.0002585214,0.0017068002
13914,0.0006496483,4.762999e-05,0.0021556362
13915,0.0005189528,2.2597902e-05,0.0012731818
13916,0.0010181025,0.00021611218,0.0017248701
13917,0.00073940994,7.4579795e-05,0.0019872624
13918,0.00073891034,7.478958e-05,0.0019506703
13919,0.0005668612,3.0993575e-05,0.0018858239
13920,0.00088495435,0.00013796912,0.0017172468
13921,0.00050217734,2.0882837e-05,0.00096611376
13922,0.0007415565,7.70403e-05,0.0018278963
13923,0.001065759,0.00026063042,0.0015179799
13924,0.0008721152,0.00013427423,0.0016989548
13925,0.0009199519,0.00016140926,0.001627993
13926,0.0008918902,0.00014633693,0.0016278708
13927,0.00078523357,9.609755e-05,0.0017066653
13928,0.0010917125,0.000294146,0.0018271105
13929,0.0011725037,0.00037458862,0.0017496478
13930,0.0005837923,3.6523e-05,0.0008563821
13931,0.00064307573,5.064836e-05,0.0012148726
13932,0.00080912793,0.000109892884,0.002101513
13933,0.0011151797,0.00031947915,0.0021900777
13934,0.00081974745,0.000113811955,0.0023012296
13935,0.00065991,5.493068e-05,0.0007779808
13936,0.0012406766,0.00045355898,0.0022450928
13937,0.0010601131,0.00026690573,0.0023428993
13938,0.0007836403,9.6795826e-05,0.0016177439
13939,0.00076980225,9.082977e-05,0.0015336192
13940,0.0008698303,0.00013622636,0.0024031284
13941,0.00084063207,0.00012135936,0.0022588177
13942,0.00089706795,0.00015150783,0.0021993716
13943,0.00084413454,0.00012334318,0.0018347254
13944,0.0011299767,0.00032803178,0.0022419312
13945,0.001212518,0.00041654496,0.0020882061
13946,0.001061175,0.00026795638,0.0020174924
13947,0.0010785812,0.00028416957,0.0018532462
13948,0.0009695091,0.00019990133,0.0018409983
13949,0.0011537904,0.00035930998,0.0016248475
13950,0.00091301283,0.00016633752,0.0013938748
13951,0.00083638885,0.00012556893,0.0008721225
13952,0.0009996779,0.00023065062,0.0016138732
13953,0.0013783228,0.0006818478,0.0012230551
13954,0.00094373187,0.00019504705,0.0013623354
13955,0.0011105018,0.0003393002,0.0011811086
13956,0.0013971032,0.0007351685,0.000994942
13957,0.0009276104,0.00018935718,0.0011735747
13958,0.00086287083,0.00014983596,0.0011671428
13959,0.00089237024,0.0001688594,0.0011066953
13960,0.0006056399,0.0001375312,0.0005993353
13961,0.00084095896,0.00015671311,0.00083556114
13962,0.0010830557,0.00033397152,0.00094507664
13963,0.00092411175,0.00019885186,0.0009623589
13964,0.0009667064,0.00023348918,0.00089379156
13965,0.0008789332,0.00017147335,0.0008983998
13966,0.0006451516,0.0002113865,0.0006385489
13967,0.0014004954,0.0008529571,0.00076159893
13968,0.0013199878,0.00073309225,0.00065639627
13969,0.0012122155,0.00056987104,0.00059391296
13970,0.0012242942,0.0006024393,0.00052979914
13971,0.001014758,0.00032850486,0.0005367625
13972,0.0011002753,0.0004366686,0.0004826137
13973,0.0011580195,0.00052443484,0.0004469409
13974,0.0012936294,0.00076561776,0.00040591529
13975,0.001380695,0.0009582768,0.00038102304
13976,0.001123786,0.0004890476,0.00041337695
13977,0.0014158158,0.0010585336,0.00035919086
13978,0.0010964801,0.00045776242,0.00040318753
13979,0.00095617113,0.0002929952,0.00044066715
13980,0.0013689505,0.0009759532,0.00038969173
13981,0.0010311382,0.0003877066,0.0004210839
13982,0.00094751146,0.00029665668,0.00041529557
13983,0.0010425475,0.00041287031,0.0003778205
13984,0.0002052813,0.00018444072,0.0002126225
13985,0.000290889,0.00022547292,0.000300678
13986,0.00041633265,0.00023778898,0.00038321296
13987,0.00028447958,0.00024841767,0.00029396557
13988,0.0013830945,0.0011034744,0.00031466066
13989,0.0011876518,0.00068586995,0.000306175
13990,0.0013789405,0.0011442623,0.00026189312
13991,0.0012749229,0.0008980031,0.00025767324
13992,0.0010217578,0.00043750828,0.00027558667
13993,0.00010553759,9.3035516e-05,0.000109809276
13994,0.00037251832,0.00032769452,0.000281721
13995,0.0008692456,0.00041265535,0.00025379827
13996,0.0014784196,0.0015650899,0.0001957708
13997,0.0010005606,0.00043803503,0.00023102114
13998,0.0015745416,0.0019581818,0.00017702945
13999,0.001729319,0.0026461761,0.00016679935
14000,0.0011595769,0.0007257921,0.0002048293
14001,0.0011987701,0.0008164032,0.00019815237
14002,0.0016798108,0.0024489006,0.00016489298
14003,0.0012419655,0.0009221526,0.0001941808
14004,0.0015695088,0.001983344,0.0001751011
14005,0.0017461039,0.0027793788,0.00016641307
14006,0.0013994671,0.0013660972,0.00018921697
14007,0.0014128316,0.0014128018,0.00018850011
14008,0.0015880121,0.002061882,0.00017819216
14009,0.0012238169,0.00088429713,0.00020593345
14010,0.00096179446,0.00040028754,0.00023511467
14011,0.00133377,0.001185358,0.00020493643
14012,0.0009527776,0.00039199466,0.00024226191
14013,0.0013448411,0.0012366399,0.00023281851
14014,0.0018829204,0.0036417525,0.00018332277
14015,0.0019608906,0.0041053863,0.00017627275
14016,0.0014709206,0.0016593043,0.00020578734
14017,0.0018454827,0.0034159832,0.00019601558
14018,0.0013040819,0.0011346311,0.00022421226
14019,0.0010813357,0.0006195268,0.00023491509
14020,0.001208643,0.00090415106,0.00021560641
14021,0.0012584517,0.0010415104,0.00020410873
14022,0.0012800812,0.0011091825,0.00019879098
14023,0.002151984,0.0056123408,0.0001493696
14024,0.0015239317,0.0019199437,0.00018547445
14025,0.001999523,0.0044472646,0.00016164998
14026,0.0013043701,0.001142405,0.00020818436
14027,0.0009202163,0.00040982146,0.00027331256
14028,0.0011339396,0.00073553505,0.00023716738
14029,0.0015701514,0.0021370752,0.00019315894
14030,0.0018389019,0.0035004797,0.0001759275
14031,0.001006963,0.0004974556,0.00024122908
14032,0.00051133573,0.00029470972,0.0002562622
14033,0.0012878749,0.0011315137,0.00021604079
14034,0.00039919838,0.0003018805,0.00025806573
14035,0.0011717024,0.0008478817,0.00028114815
14036,0.0021865994,0.0053034425,0.00017067991
14037,0.0028491465,0.0072374204,0.00013558049
14038,0.0022435067,0.005990262,0.00014870988
14039,0.0013783177,0.0015527752,0.00018922273
14040,0.0024114563,0.0067449813,0.00013690449
14041,0.001153932,0.00085015263,0.0002075821
14042,0.001566458,0.002294139,0.00017450307
14043,0.0023510922,0.0069202087,0.00014229574
14044,0.0020486836,0.005021148,0.0001628191
14045,0.0013475422,0.0013355991,0.00021106338
14046,0.001667968,0.0026381852,0.00019023086
14047,0.0016562863,0.0025609902,0.00019629707
14048,0.0011350418,0.00074841693,0.0002430745
14049,0.0009616879,0.00043446088,0.00028847778
14050,0.003042998,0.008811049,0.0001572208
14051,0.0030159315,0.009001065,0.00017163115
14052,0.0025588858,0.00814502,0.00020491167
14053,0.0010010119,0.0004368696,0.00036099917
14054,0.0023253988,0.006300413,0.00025029763
14055,0.0009993362,0.0004231012,0.00040550716
14056,0.0010369145,0.0004789293,0.0003935961
14057,0.0010371374,0.0004797934,0.00039037605
14058,0.0017486493,0.0026298624,0.00030036733
14059,0.0014920103,0.0015721584,0.00033208678
14060,0.0022700694,0.0056969803,0.00027054994
14061,0.0026367155,0.008370719,0.00026575028
14062,0.0012516502,0.00082307495,0.00042605112
14063,0.0027693252,0.009031414,0.00031026418
14064,0.0026616647,0.0080237165,0.00035291037
14065,0.0022057104,0.0045831418,0.00042004578
14066,0.0030562698,0.010255965,0.00036990555
14067,0.0011319137,0.00050378253,0.0006837397
14068,0.0008181798,0.00017081323,0.00080248265
14069,0.0010714115,0.00042180976,0.0007736298
14070,0.001126257,0.0004977311,0.0007369254
14071,0.0017868623,0.002249551,0.0005736316
14072,0.0013621569,0.00092653773,0.0006628599
14073,0.002053266,0.003444347,0.00053571595
14074,0.0017852127,0.0021956724,0.00059086207
14075,0.0014541544,0.0011250541,0.0006865603
14076,0.0015787497,0.0014673165,0.00066011236
14077,0.0021535875,0.003891424,0.0005681951
14078,0.0031704016,0.010935747,0.00048135812
14079,0.0008787943,0.00019520629,0.0010340471
14080,0.0026045665,0.0063648657,0.0006168535
14081,0.0011853805,0.00051440403,0.0009763573
14082,0.0011782318,0.00050380547,0.0009744738
14083,0.0030034867,0.009079969,0.0006133425
14084,0.0037361793,0.012782348,0.0006002854
14085,0.0048178066,0.015110826,0.00059928594
14086,0.00096746127,0.0002186322,0.0015868543
14087,0.0012965726,0.0005811351,0.0013722474
14088,0.0008900773,0.00016580992,0.0016507391
14089,0.0008934149,0.00016797423,0.0016285707
14090,0.0008958215,0.00016960959,0.0016079895
14091,0.0007273217,8.462718e-05,0.0015481976
14092,0.0015331652,0.0010162701,0.001245748
14093,0.000991399,0.00023867316,0.0015668336
14094,0.004587755,0.0132429525,0.00094267953
14095,0.0012978548,0.00055660505,0.0018716626
14096,0.0015545993,0.0010097552,0.0016010319
14097,0.0027805057,0.0061921813,0.001143133
14098,0.0011685491,0.00038110508,0.0018281057
14099,0.004270554,0.013506802,0.0009458602
14100,0.004715957,0.0147211,0.0009987573
14101,0.004787447,0.015339985,0.0011264216
14102,0.0031462775,0.0073023355,0.001607629
14103,0.0037036878,0.010842675,0.0015582464
14104,0.002696601,0.004422713,0.0020037678
14105,0.0029104706,0.00549092,0.0020091394
14106,0.0029887622,0.005847055,0.002045612
14107,0.0027777317,0.0046526943,0.0021980663
14108,0.0026735505,0.004108171,0.0022899888
14109,0.00285606,0.004968295,0.0022498837
14110,0.00074939115,6.126889e-05,0.0025228276
14111,0.00077232195,6.8068184e-05,0.0025047793
14112,0.0009807582,0.00015266266,0.0035164761
14113,0.0018221794,0.0012041576,0.003272364
14114,0.0028108982,0.0047432655,0.0025395714
14115,0.0027616243,0.004444644,0.0025844865
14116,0.0019529081,0.0014729932,0.0030959025
14117,0.0020708626,0.0017844185,0.002938608
14118,0.0019750814,0.0015324255,0.0030313851
14119,0.0015602903,0.0007052729,0.00333005
14120,0.004256642,0.013645947,0.0019522876
14121,0.0039791567,0.011358965,0.0022557839
14122,0.0042095436,0.012551694,0.0023808817
14123,0.004293092,0.012730257,0.0025823696
14124,0.003906299,0.009915551,0.002961062
14125,0.0034815823,0.007178499,0.0033208383
14126,0.002763494,0.0035983145,0.0038521676
14127,0.0008597934,7.603782e-05,0.004241643
14128,0.0012590655,0.00027464383,0.0053138887
14129,0.0031271353,0.005282625,0.0032342975
14130,0.002580938,0.0029263063,0.0035915182
14131,0.003055446,0.004918708,0.0032538918
14132,0.0031099822,0.005161164,0.0032439108
14133,0.0029016507,0.004176138,0.0033836074
14134,0.0029227484,0.0042665396,0.003407841
14135,0.0036038165,0.007770073,0.003068205
14136,0.0031775865,0.005387062,0.003372186
14137,0.0012860869,0.00028649572,0.005262805
14138,0.0023571989,0.0021510113,0.0037544346
14139,0.0029271184,0.00426313,0.0032961697
14140,0.0033274875,0.006206541,0.0030860442
14141,0.0032423853,0.005723166,0.0031846876
14142,0.0019987545,0.0012465985,0.004085122
14143,0.002799742,0.003706721,0.0034303274
14144,0.0027146162,0.003376059,0.0035006702
14145,0.0011426939,0.00019657209,0.0054970356
14146,0.005016946,0.01653729,0.0025387
14147,0.0013322325,0.00031481957,0.0054376004
14148,0.0008573649,7.256562e-05,0.005758753
14149,0.00079460023,5.67331e-05,0.005234316
14150,0.0006457998,2.8620365e-05,0.0034744137
14151,0.0014271394,0.0004103201,0.004444502
14152,0.0018499037,0.0009841641,0.0037602168
14153,0.001865813,0.0010224463,0.0036264437
14154,0.0018933151,0.0010834202,0.0034861045
14155,0.002303494,0.0020764065,0.0031238364
14156,0.001616226,0.0006518967,0.003647306
14157,0.0014597701,0.00046869888,0.0036987918
14158,0.001879088,0.0010960472,0.0031633517
14159,0.0016070536,0.0006614236,0.0036565738
14160,0.0030002515,0.004939316,0.0025965958
14161,0.0030760595,0.00529457,0.00259606
14162,0.0032827961,0.00635125,0.0025505747
14163,0.002125559,0.0016466096,0.0032446058
14164,0.000754794,5.273819e-05,0.004392927
14165,0.00083097233,7.338135e-05,0.0049073147
14166,0.0020548757,0.0015151991,0.00339634
14167,0.0008426862,7.807417e-05,0.005013744
14168,0.00077272154,5.890435e-05,0.004248833
14169,0.0021640754,0.0018319604,0.0030362268
14170,0.0027426907,0.0038930618,0.0026511082
14171,0.0036887366,0.009005693,0.0022914473
14172,0.0033259913,0.006706954,0.0025446822
14173,0.0037324224,0.009040995,0.002469745
14174,0.0010881033,0.0001770028,0.004738662
14175,0.0012935565,0.0003192787,0.004284315
14176,0.0017120369,0.00082140305,0.0036146299
14177,0.002303353,0.0021895075,0.0030375663
14178,0.001158964,0.00022643866,0.004174986
14179,0.00079146813,6.364165e-05,0.0047958726
14180,0.0017225052,0.0008683437,0.0034732574
14181,0.0014436287,0.00048631342,0.0036701672
14182,0.0011721991,0.00024444913,0.003951813
14183,0.0006793359,3.965081e-05,0.0034459257
14184,0.0006095212,2.7748849e-05,0.0026090103
14185,0.0007077911,4.597228e-05,0.0037086776
14186,0.0008333789,8.0242404e-05,0.0044454886
14187,0.00086710975,9.2303875e-05,0.004275317
14188,0.00125073,0.0003171847,0.0034830184
14189,0.0008968254,0.000104911014,0.003952066
14190,0.0011139815,0.00021995326,0.003957959
14191,0.0015941506,0.00073272805,0.0032359348
14192,0.0015323376,0.0006465515,0.003237278
14193,0.0010411091,0.00017869745,0.0037936699
14194,0.002534684,0.00336792,0.0026400657
14195,0.0009187522,0.00011854606,0.0036130867
14196,0.000998448,0.00015730072,0.0039870385
14197,0.0017144565,0.00095940527,0.003391441
14198,0.002923371,0.005212171,0.0025223522
14199,0.0016407383,0.00081909285,0.0034215236
14200,0.003669516,0.009601926,0.0022567334
14201,0.0012484791,0.00031915738,0.004100885
14202,0.001412294,0.00048407097,0.003705181
14203,0.003153175,0.006290447,0.0024950241
14204,0.0024727124,0.00298941,0.002907731
14205,0.0022852893,0.0023290347,0.0031607924
14206,0.002786568,0.0043151705,0.0028511821
14207,0.0021777924,0.0019781482,0.0032682796
14208,0.0014128035,0.0004752195,0.003962213
14209,0.001404054,0.00046795548,0.0038556491
14210,0.0012353348,0.00030727277,0.004133522
14211,0.0008931871,0.000104209495,0.003341366
14212,0.0011684325,0.00025699945,0.0039687227
14213,0.001149887,0.00024483123,0.0038349736
14214,0.0034799722,0.008259753,0.002131383
14215,0.0021236197,0.0018337608,0.0028831835
14216,0.0015705646,0.0006819438,0.0032962784
14217,0.0010000627,0.00015179705,0.0040105814
14218,0.0035494694,0.008632008,0.0020594723
14219,0.0034983056,0.008145538,0.0021994004
14220,0.0035828236,0.008519421,0.0022872093
14221,0.0019207884,0.0012492925,0.0032906835
14222,0.00093052106,0.000112025875,0.0045472267
14223,0.0015035875,0.0005622373,0.0034418784
14224,0.0020486924,0.0015757831,0.002875538
14225,0.002130832,0.0018010347,0.0027706004
14226,0.0030337991,0.005417947,0.0022879813
14227,0.0022989523,0.002291927,0.0026906054
14228,0.0013156009,0.00036537927,0.0035407385
14229,0.0035831542,0.008600977,0.0020789527
14230,0.0014852881,0.00053976825,0.0033999553
14231,0.0010553069,0.00017344303,0.0038796586
14232,0.0029107747,0.004782832,0.0022627912
14233,0.0020686402,0.001630028,0.0027286846
14234,0.001670914,0.00081247377,0.0029819491
14235,0.00080796593,7.211954e-05,0.004124203
14236,0.00146576,0.00053339964,0.0029647094
14237,0.0013301052,0.00038895276,0.003021888
14238,0.0019447572,0.0013833768,0.0024341499
14239,0.0014196128,0.0004910868,0.002798937
14240,0.0022108587,0.0021287599,0.0021891503
14241,0.0015930651,0.0007305129,0.0025594337
14242,0.0011308832,0.00023454605,0.0029599871
14243,0.0010424018,0.00017995559,0.002987252
14244,0.0015751779,0.0007203789,0.0023663125
14245,0.0015278351,0.00065619155,0.0023543728
14246,0.0012029578,0.00029783123,0.002593931
14247,0.0006242741,3.3410142e-05,0.003118468
14248,0.0007160425,5.314655e-05,0.0031442475
14249,0.0006678667,4.2364667e-05,0.003144485
14250,0.0007019301,5.0334053e-05,0.0029689013
14251,0.0005044691,1.679376e-05,0.0015364649
14252,0.0006570378,4.087252e-05,0.003097485
14253,0.000619297,3.3781547e-05,0.0027023759
14254,0.0014142285,0.00053825154,0.0021016023
14255,0.00087124057,0.00010731806,0.0026157803
14256,0.0013817044,0.0005052546,0.0020300224
14257,0.00068444567,4.855591e-05,0.002810349
14258,0.0009819145,0.00016342553,0.0022900782
14259,0.0011765078,0.0003024327,0.0021989364
14260,0.0005895344,3.0181882e-05,0.002034956
14261,0.00086934306,0.00011221592,0.0030016361
14262,0.0006749266,4.83214e-05,0.0020032688
14263,0.00079223147,8.3037696e-05,0.0029216514
14264,0.00068016816,5.011759e-05,0.0016085992
14265,0.00085171725,0.000108780114,0.0010465228
14266,0.00091193063,0.00013689852,0.0011433675
14267,0.0010738312,0.00024095632,0.0021149206
14268,0.0015133333,0.0007769719,0.0026817245
14269,0.0017876453,0.0013744402,0.0020307393
14270,0.0016769653,0.001131166,0.0017845994
14271,0.0013772515,0.0005971019,0.0017387037
14272,0.0016017158,0.0009957912,0.0014647108
14273,0.0020330257,0.0021821156,0.0012156132
14274,0.0024529046,0.0039348635,0.0010659496
14275,0.0012028787,0.0003874845,0.0015177692
14276,0.0008951339,0.0001462558,0.0012670917
14277,0.001272536,0.00048189744,0.0015739079
14278,0.0010769353,0.0002823527,0.001467511
14279,0.0018357203,0.0016762642,0.0009990638
14280,0.0017503686,0.0014512883,0.0009530222
14281,0.0010975315,0.0003124247,0.0011420087
14282,0.0015848635,0.0010695598,0.0008997748
14283,0.0018458212,0.0017728996,0.00080451526
14284,0.0013967594,0.0007144685,0.000908134
14285,0.0012477578,0.00049558666,0.0009500497
14286,0.0012814099,0.00054614875,0.0009091291
14287,0.0013975074,0.00073423324,0.0008481814
14288,0.0014158174,0.0007722387,0.0008258956
14289,0.0011179448,0.00035458137,0.0009142743
14290,0.0012783963,0.00055987877,0.0008919389
14291,0.0011784101,0.00043225562,0.0009714074
14292,0.0010989924,0.00034706606,0.0009351409
14293,0.00091245683,0.00018903105,0.0010118532
14294,0.0015720403,0.0011673967,0.0007117535
14295,0.0010780038,0.00033785027,0.00081900606
14296,0.0013874109,0.0007898749,0.0006876341
14297,0.0010691319,0.00033529304,0.000757614
14298,0.0012911259,0.0006338578,0.00066627614
14299,0.001370689,0.0007790247,0.00063043955
14300,0.0009904974,0.0002663957,0.0007277988
14301,0.00086768554,0.00017251355,0.00076004333
14302,0.0015366694,0.0011706416,0.00068591064
14303,0.0015945735,0.0013549635,0.00058861915
14304,0.0012991016,0.00070311606,0.00059298344
14305,0.0013556089,0.00082221313,0.0005374861
14306,0.00046630736,0.0001796533,0.00047539806
14307,0.0015411861,0.0012853494,0.00050269935
14308,0.0009989686,0.00031299377,0.0005623927
14309,0.00020294904,0.00018415818,0.00020603911
14310,0.001343044,0.000876472,0.00043287023
14311,0.0013996774,0.0010319515,0.00037693008
14312,0.0013131903,0.00085361174,0.0003576436
14313,0.0011528479,0.0005641847,0.00035804184
14314,0.0014477089,0.0012122825,0.0003026323
14315,0.0013996072,0.0010967187,0.00029745896
14316,0.0010594022,0.0004411747,0.00033311875
14317,0.0012362555,0.0007436284,0.00029921214
14318,0.0011033822,0.0005149148,0.00031068674
14319,0.0014327486,0.0012286976,0.00026657182
14320,0.0012993511,0.0008971297,0.00027749955
14321,0.0011120287,0.0005398842,0.0002970292
14322,0.0011149906,0.0005486623,0.00029284746
14323,0.00094415713,0.00031785693,0.00031496206
14324,0.000896882,0.00026973037,0.00031923366
14325,0.0009869857,0.00037350075,0.0003006657
14326,0.0014145978,0.0012338046,0.0002483456
14327,0.0010006018,0.00039481831,0.00029684082
14328,0.0011873549,0.0007005378,0.0002703065
14329,0.0010453392,0.00046164988,0.00028758327
14330,0.0012161508,0.00076632755,0.00026643107
14331,0.0009668558,0.00035979968,0.0002987813
14332,0.0010212138,0.0004338537,0.0002891171
14333,0.0010000458,0.00040671942,0.00029107236
14334,0.001130618,0.0006141514,0.0002729568
14335,0.00095034926,0.0003465019,0.00029774013
14336,0.0009367116,0.0003329517,0.00032272385
14337,0.00091578707,0.00031105103,0.00032998226
14338,0.00046358554,0.00023355504,0.00033952078
14339,0.00092483615,0.00032489368,0.00032339574
14340,0.0011532357,0.0006804528,0.00028327163
14341,0.0010271865,0.00046632517,0.00029619926
14342,0.0013327064,0.001107212,0.00025613853
14343,0.001079173,0.0005541345,0.00028388572
14344,0.0010932463,0.0005811662,0.0002796532
14345,0.00105037,0.0005112158,0.00028347777
14346,0.0009579271,0.00037820093,0.00029722147
14347,0.0010730671,0.0005537174,0.00027879057
14348,0.0009365633,0.00035378974,0.00029722374
14349,0.0010139629,0.00046246283,0.00028389055
14350,0.0010173467,0.00046930584,0.00028237992
14351,0.00094677816,0.000370871,0.000291996
14352,0.0004889087,0.000266397,0.00034519055
14353,0.0013355504,0.001169705,0.00026720585
14354,0.0015534271,0.0019136854,0.00024277058
14355,0.0010570572,0.00054307265,0.00029374156
14356,0.0010533906,0.00053927326,0.0002897199
14357,0.0010454842,0.00052811485,0.0002871118
14358,0.0009778618,0.00042460152,0.0002938035
14359,0.0010476444,0.00053563365,0.00028101797
14360,0.0015845502,0.0020747634,0.00022814832
14361,0.0013206319,0.0011475781,0.00025333517
14362,0.0008493607,0.0002665994,0.00031742334
14363,0.0006826977,0.0002896768,0.00034303335
14364,0.001375591,0.0013249755,0.0002633958
14365,0.00043190364,0.00024627172,0.000336004
14366,0.00030786812,0.00024292468,0.00031352844
14367,0.00027319632,0.00023634406,0.00027364955
14368,0.0003232691,0.00027902992,0.00032619844
14369,0.00072715105,0.00041227834,0.00028747768
14370,0.00077787123,0.00041240905,0.00026401988
14371,9.0446265e-05,7.7551784e-05,9.198507e-05
14372,0.0009273165,0.0007098615,0.0002577637
14373,0.001177384,0.00097048376,0.000207792
14374,0.0016823047,0.0031702232,0.0001500746
14375,0.0017467679,0.0036022284,0.00013576986
14376,0.0013553412,0.0016257453,0.00014817885
14377,0.0009841054,0.0005778132,0.00017006822
14378,0.002004463,0.004649287,0.00012998407
14379,0.001663608,0.0032392037,0.00013091454
14380,0.0013351598,0.0016347497,0.00013696359
14381,0.001685484,0.0034338771,0.000114995004
14382,0.0019437051,0.0050976183,0.000105489526
14383,0.0017506317,0.0037677074,0.000113866874
14384,0.001307613,0.0014893345,0.00013442252
14385,0.00097323366,0.000566036,0.00015547269
14386,0.0014969559,0.0023015263,0.00012361661
14387,0.0015870152,0.002748104,0.00012159849
14388,0.0012755529,0.0013577106,0.00013888357
14389,0.0011937264,0.0010921932,0.00014466852
14390,0.00083572103,0.00038867994,0.00017055664
14391,0.00051896024,0.00042150886,0.00018815993
14392,0.00089020556,0.0007153717,0.00020096032
14393,0.00076777476,0.00063931535,0.00017854916
14394,0.0015712933,0.002843976,0.0001274416
14395,0.00078891654,0.0005974101,0.0001562062
14396,0.0014913602,0.0024600718,0.00013031684
14397,0.0018772843,0.0045361286,0.00010574544
14398,0.001707906,0.0037846693,0.000107612665
14399,0.0021950463,0.0057828417,9.428956e-05
14400,0.002884527,0.0076815067,8.391468e-05
14401,0.0018931564,0.0048485156,0.000111071226
14402,0.0010815272,0.0008118137,0.00015350929
14403,0.0013377428,0.0016236656,0.00013707287
14404,0.0017814063,0.003958666,0.000119392345
14405,0.0015974343,0.0027885183,0.00013122328
14406,0.0012583575,0.0012887843,0.00015219659
14407,0.0011860182,0.0010592899,0.00015854996
14408,0.0011202353,0.00087662047,0.00016466441
14409,0.0016043651,0.0027765248,0.0001383029
14410,0.001017418,0.00062946684,0.0001798903
14411,0.002305628,0.007286946,0.00011966831
14412,0.002478882,0.0079156505,0.00012665137
14413,0.0029450392,0.0092691975,0.00012742545
14414,0.0011303563,0.00077813567,0.00023254094
14415,0.0010125817,0.0005420197,0.00026791223
14416,0.00087190594,0.0003295302,0.00029517227
14417,0.0015397085,0.0021194136,0.0002214619
14418,0.0028088833,0.00887122,0.00016819368
14419,0.003171138,0.009932525,0.00017525817
14420,0.0018367224,0.0033116553,0.00026101316
14421,0.00083787384,0.00025312102,0.00040383317
14422,0.0021767835,0.0054166173,0.000263931
14423,0.0020105212,0.0041829906,0.00029294036
14424,0.0014866211,0.0015948168,0.0003584815
14425,0.00167357,0.0023148637,0.00035033617
14426,0.0021284684,0.004794235,0.00034050093
14427,0.002589123,0.008080898,0.00032324507
14428,0.004118384,0.012191419,0.00028349904
14429,0.0033583178,0.011124666,0.0003609868
14430,0.0009686216,0.00031461252,0.00077003706
14431,0.0027704174,0.008452368,0.00048043174
14432,0.003498041,0.011706815,0.0004651483
14433,0.00226942,0.0044187782,0.0006604286
14434,0.0026704788,0.006913056,0.00063605193
14435,0.0020707734,0.0031797846,0.00078009436
14436,0.0011693158,0.000490578,0.0010747296
14437,0.000771884,0.00012245166,0.0013367803
14438,0.0012490003,0.00060871296,0.0010957831
14439,0.00095424283,0.00024735177,0.0012559206
14440,0.0011018376,0.00039875653,0.0012077024
14441,0.00305832,0.009394893,0.00072119915
14442,0.003312367,0.010995294,0.0007633419
14443,0.0030842575,0.008870462,0.00088853884
14444,0.0023650262,0.0040629767,0.0011141731
14445,0.0016149745,0.0011924374,0.0014017798
14446,0.002546759,0.004977807,0.0011190267
14447,0.0017563142,0.0015323987,0.001414875
14448,0.0012554189,0.0005046851,0.0016873684
14449,0.0013912088,0.00070964394,0.0016146146
14450,0.0013777089,0.00068831374,0.0017319898
14451,0.00084723707,0.00013542663,0.002195032
14452,0.0012244148,0.0004635974,0.001982701
14453,0.0012755673,0.00052810146,0.0019520198
14454,0.0035492359,0.011605336,0.0011771006
14455,0.0018665341,0.0017303023,0.0018194315
14456,0.0010212933,0.00023342803,0.0024983191
14457,0.0016650925,0.0011797859,0.0019509131
14458,0.0012032739,0.00039984524,0.002276928
14459,0.002227486,0.0029814234,0.0016489888
14460,0.0025216949,0.004315962,0.0015753845
14461,0.0012956113,0.0004957567,0.002267283
14462,0.002494646,0.004110637,0.0016136902
14463,0.0013729134,0.00059188774,0.0022635993
14464,0.0007533483,7.9594276e-05,0.0021273007
14465,0.0014291346,0.00067423575,0.0021618383
14466,0.0010036936,0.00020739462,0.0025440708
14467,0.0022738418,0.0030448632,0.0016640666
14468,0.002164727,0.0025904651,0.0017363486
14469,0.0014717744,0.00073367736,0.0021307427
14470,0.0036322486,0.011153302,0.001366123
14471,0.0046563456,0.017133104,0.0013285251
14472,0.002121564,0.0021538876,0.0023239446
14473,0.001070092,0.00022382056,0.0032496934
14474,0.0016046978,0.0008666996,0.0025926058
14475,0.0020206177,0.0018492215,0.0022770776
14476,0.00089649146,0.00012456284,0.0033758876
14477,0.0023027987,0.0028213654,0.0021659143
14478,0.0011086974,0.00025404867,0.0031434686
14479,0.0039764256,0.012690716,0.0016175081
14480,0.0036424354,0.010014633,0.0018836522
14481,0.004082104,0.012727604,0.0019174024
14482,0.0014821355,0.00058726565,0.0035088127
14483,0.0022896172,0.0024546052,0.002750868
14484,0.0031548468,0.006466123,0.0023293525
14485,0.0017018793,0.0009205163,0.0032755495
14486,0.0023048613,0.0024845828,0.0027515825
14487,0.0030582342,0.005877334,0.002373445
14488,0.0026629684,0.0038583037,0.0026158502
14489,0.002736043,0.0041754087,0.0025981131
14490,0.004949978,0.017727707,0.0019365356
14491,0.0017077967,0.0008615162,0.0037787706
14492,0.001250729,0.00030714125,0.0042479197
14493,0.0012936372,0.00034653474,0.0040071183
14494,0.0020439816,0.0015917734,0.0030885192
14495,0.0028001168,0.0043215016,0.0025896744
14496,0.001444856,0.0005071515,0.0036664656
14497,0.000641163,3.3692355e-05,0.0036517924
14498,0.000901642,0.0001060926,0.0043792017
14499,0.0012950931,0.00035925608,0.003519367
14500,0.0013238891,0.0003897782,0.0033639078
14501,0.0010122606,0.00015998707,0.0037052226
14502,0.0017920431,0.0010833616,0.0027120719
14503,0.0013619962,0.00043852866,0.0030397063
14504,0.0005079296,1.6304613e-05,0.0019915565
14505,0.00056040206,2.2850578e-05,0.0021004996
14506,0.0028368898,0.004775885,0.0022731794
14507,0.001572707,0.00071791146,0.0031013356
14508,0.0022748304,0.0024156207,0.0025183219
14509,0.0023335994,0.002625207,0.0024725378
14510,0.0029398033,0.005321567,0.0021999807
14511,0.003070359,0.005989233,0.0022387155
14512,0.0021655867,0.00203291,0.0027556554
14513,0.0018183445,0.0011557824,0.0030295935
14514,0.0016295752,0.00081153034,0.0032978442
14515,0.0010872472,0.00021149107,0.003904412
14516,0.0024828333,0.0032113318,0.0025102943
14517,0.0015551996,0.0007026548,0.0031677166
14518,0.0011616198,0.00026743524,0.0036590216
14519,0.0011857166,0.00028852475,0.0035683184
14520,0.0011229696,0.00024200791,0.0035413578
14521,0.0005871196,2.7797387e-05,0.0026075754
14522,0.00082888315,8.835668e-05,0.0038712947
14523,0.0007961735,7.766432e-05,0.003817045
14524,0.0012182271,0.00032436,0.0029935143
14525,0.003244093,0.007336797,0.0017871857
14526,0.0021094945,0.0019683004,0.0023230684
14527,0.0014822577,0.0006198784,0.002776613
14528,0.003137774,0.0066606873,0.0018816362
14529,0.002765966,0.004568896,0.0020837246
14530,0.0026382662,0.003941781,0.0021712666
14531,0.0016642669,0.0008969663,0.0028611503
14532,0.0008744197,0.00010543797,0.003990801
14533,0.0016033511,0.00080565666,0.0030030266
14534,0.0029435365,0.0055574654,0.002197573
14535,0.0019850947,0.0016170768,0.002748785
14536,0.0011514898,0.00026662476,0.003537218
14537,0.001114054,0.000240126,0.0034761238
14538,0.0006346787,3.6746635e-05,0.0033966664
14539,0.00063098816,3.6345577e-05,0.0028171781
14540,0.0009648301,0.00015223821,0.0045425114
14541,0.0011015763,0.00023736992,0.0042764484
14542,0.001339653,0.0004559085,0.0037907807
14543,0.0012535285,0.00036501227,0.0038124898
14544,0.00085729867,0.000102422746,0.00395524
14545,0.0020434288,0.0018357615,0.0028446575
14546,0.0032853992,0.007679633,0.0022271343
14547,0.0017543893,0.0010855114,0.0032096845
14548,0.0041633155,0.013361094,0.0020495057
14549,0.0008893246,0.0001069375,0.004772159
14550,0.0011785722,0.00027551962,0.004076858
14551,0.0009969558,0.00015806752,0.0042660483
14552,0.0012564991,0.00034452567,0.0036646863
14553,0.0009141944,0.0001194409,0.004125869
14554,0.0008272993,8.650717e-05,0.0036409635
14555,0.0026813867,0.004124175,0.002619917
14556,0.0037005646,0.01000221,0.002261361
14557,0.0032181651,0.006749285,0.002609585
14558,0.0025759675,0.003442733,0.0030263932
14559,0.0033066222,0.0071402285,0.002701355
14560,0.0018224694,0.001106772,0.0037726946
14561,0.0016038604,0.0007282871,0.003902908
14562,0.00066937867,3.9389764e-05,0.002809968
14563,0.00082638115,8.028421e-05,0.003794956
14564,0.0015174822,0.0006197346,0.004969078
14565,0.0020333605,0.0016194059,0.004177274
14566,0.0022977975,0.0023880827,0.0038319747
14567,0.0009569107,0.00013019792,0.004051887
14568,0.0014819308,0.000561473,0.0044932
14569,0.002194272,0.002045515,0.0035716312
14570,0.0030309549,0.005528977,0.0029946568
14571,0.0016558473,0.0007995483,0.004117568
14572,0.00096588576,0.00013284408,0.004156921
14573,0.0017063294,0.0008899985,0.004112687
14574,0.0010727819,0.0001896339,0.004780846
14575,0.0019048719,0.0012856745,0.0037099146
14576,0.0016041417,0.000729907,0.003924219
14577,0.0026531243,0.0037228565,0.0029634058
14578,0.0033962019,0.007577851,0.0026289106
14579,0.0041521685,0.0122508565,0.0024814087
14580,0.00097109185,0.00012685708,0.004717802
14581,0.00089474843,9.708567e-05,0.0039036144
14582,0.0013012959,0.0003428295,0.004993009
14583,0.0016727307,0.0007960022,0.004276919
14584,0.002396552,0.0025828416,0.0034506107
14585,0.0022250991,0.0020356153,0.0035291058
14586,0.0018442322,0.0011072016,0.0039617587
14587,0.0021653469,0.0018817015,0.003709131
14588,0.0028499824,0.0044528255,0.003159417
14589,0.002477997,0.0028706861,0.0034065815
14590,0.0036241808,0.008673395,0.0027869532
14591,0.0026072552,0.0032742529,0.003454797
14592,0.0010052735,0.00014101724,0.0047824252
14593,0.0023470891,0.0023560196,0.003438156
14594,0.0024557067,0.0027254992,0.0033090436
14595,0.0026769468,0.003571322,0.0031352297
14596,0.002613683,0.0033097772,0.0031669713
14597,0.002224206,0.0019821597,0.0034133508
14598,0.0023004666,0.0022179703,0.0032928977
14599,0.0025444003,0.003062821,0.0030830961
14600,0.0013209204,0.0003567376,0.0042142863
14601,0.0006335646,3.0744566e-05,0.0019971023
14602,0.0008616052,8.6758046e-05,0.0035837805
14603,0.0010721849,0.000180979,0.0049325097
14604,0.0014234474,0.00046988728,0.0041163466
14605,0.0020952504,0.0017010649,0.0034328601
14606,0.0014833255,0.00054537714,0.0039736074
14607,0.0011940142,0.0002655714,0.004246156
14608,0.0006297396,3.136374e-05,0.0013696537
14609,0.000699718,4.491971e-05,0.0015574172
14610,0.0008944969,0.00010233864,0.0030837043
14611,0.0014334662,0.00049650855,0.0041233078
14612,0.0018878733,0.0012425793,0.0034485196
14613,0.0026772693,0.0038046972,0.0028178857
14614,0.0018589628,0.0011780774,0.0033826143
14615,0.0016198321,0.00075025164,0.0035194731
14616,0.0018263281,0.0011219501,0.003213922
14617,0.0009782573,0.00014046,0.0042345515
14618,0.0017861093,0.001052989,0.0030263984
14619,0.0017748046,0.0010369305,0.0029649811
14620,0.0013429037,0.00041260544,0.003319851
14621,0.000995196,0.00015232558,0.0037135072
14622,0.0010447841,0.00018036176,0.0034903195
14623,0.0006048581,2.914002e-05,0.0010214583
14624,0.0006328405,3.4053537e-05,0.0011051875
14625,0.00082248816,8.201859e-05,0.0029855373
14626,0.00072071835,5.293333e-05,0.0020547477
14627,0.0009014145,0.00011228741,0.0036114424
14628,0.00085704017,9.534996e-05,0.0033932747
14629,0.0007126281,5.1694973e-05,0.0020710332
14630,0.0005988424,2.9008637e-05,0.0008013833
14631,0.00068219355,4.4970006e-05,0.0017165414
14632,0.000717465,5.380555e-05,0.0013185814
14633,0.0008781952,0.0001059297,0.0027934287
14634,0.00081002974,8.109774e-05,0.0022326552
14635,0.0006794542,4.5237164e-05,0.0008296643
14636,0.0008073374,8.114012e-05,0.0013943366
14637,0.00095486164,0.0001443873,0.0013829938
14638,0.00066108996,0.00013452847,0.0006081029
14639,0.00078918197,0.00013244123,0.0007284912
14640,0.000897768,0.0001377665,0.00089195045
14641,0.0007327325,0.0001161783,0.0006896104
14642,0.0010776843,0.00026522347,0.0023444407
14643,0.0018865971,0.0017245731,0.0014842245
14644,0.0016450459,0.0011158511,0.0014124849
14645,0.001735991,0.0013456745,0.001256361
14646,0.001036326,0.00024500478,0.0015266283
14647,0.0017911623,0.0015162672,0.0010922175
14648,0.0019495008,0.0020052087,0.0010123865
14649,0.0012919114,0.00052087643,0.0012212349
14650,0.00094406895,0.00018418001,0.0013841535
14651,0.0015273831,0.00092054595,0.0010534907
14652,0.000878032,0.00014643866,0.001362789
14653,0.00069173623,8.985052e-05,0.00068885763
14654,0.0008674247,0.00014210344,0.0013106249
14655,0.0008163602,0.000116696814,0.0012991033
14656,0.0009593871,0.00020151271,0.0012110929
14657,0.0013356025,0.0006112801,0.0010042343
14658,0.00094953115,0.000197138,0.0011737635
14659,0.0010456068,0.00027367604,0.0010975862
14660,0.0008239868,0.00012418382,0.0012153235
14661,0.0010556644,0.0002857941,0.0010548389
14662,0.0009447394,0.0001983965,0.001098999
14663,0.00083441427,0.00013172197,0.0011515898
14664,0.0008392058,0.00013496065,0.0011305271
14665,0.000936301,0.0001956107,0.0010548498
14666,0.00086653687,0.00015182263,0.0010826167
14667,0.000757575,9.763149e-05,0.00076704554
14668,0.0007583768,9.843533e-05,0.0007758793
14669,0.00088449457,0.00016536392,0.001093962
14670,0.00087905186,0.00016285038,0.001081979
14671,0.0011734273,0.0004306789,0.0009841443
14672,0.0012434677,0.00052554545,0.0009341393
14673,0.0011198616,0.00037301576,0.0009658825
14674,0.0009889889,0.00024780145,0.0010095151
14675,0.0012492063,0.0005427855,0.0008821106
14676,0.0009030379,0.0001848807,0.0010237251
14677,0.0011013089,0.00036047198,0.0009114219
14678,0.0011156527,0.00037833216,0.00089376175
14679,0.0010521689,0.0003127789,0.0009095716
14680,0.0007935295,0.00012248517,0.0010346738
14681,0.00026055897,0.00011199101,0.00025688118
14682,0.00090918684,0.00019672551,0.0009777219
14683,0.0011794281,0.00047720305,0.00091610814
14684,0.0010886855,0.00037107404,0.00086276635
14685,0.0011893971,0.00050437305,0.00076461636
14686,0.0009758713,0.00026363667,0.00079727615
14687,0.0009227481,0.00022077186,0.0007809338
14688,0.0011950994,0.0005271849,0.00065849494
14689,0.0012303379,0.00058517756,0.00062953425
14690,0.0010359809,0.000332657,0.0006695563
14691,0.0014400556,0.0009983858,0.00055371056
14692,0.0013225162,0.00075798965,0.00057065545
14693,0.0011345298,0.00045842177,0.0006084385
14694,0.0011601842,0.0004967729,0.00059287215
14695,0.0011766232,0.00052353024,0.0005814186
14696,0.0007085909,0.00014087737,0.0007013161
14697,0.0009364771,0.00024789094,0.00067972246
14698,0.0011807483,0.0005402907,0.0005954875
14699,0.0013710281,0.0008915751,0.0005391723
14700,0.0009498047,0.0002648744,0.00063825015
14701,0.0009967495,0.00031380876,0.00064697175
14702,0.00096865435,0.00028752096,0.000631657
14703,0.00093366305,0.00025615311,0.0006229895
14704,0.0010259721,0.00035310944,0.00057790586
14705,0.0013522499,0.00088782434,0.0004916
14706,0.0009018435,0.00023229276,0.0005949325
14707,0.001066699,0.00040875713,0.00053692586
14708,0.0011422241,0.0005164596,0.00052353094
14709,0.00092998636,0.00026194382,0.00057097396
14710,0.00094717316,0.00027997702,0.0005577914
14711,0.001274779,0.0007558297,0.0004834868
14712,0.0013326606,0.00087913906,0.00046650457
14713,0.0015189163,0.0013547227,0.00043258496
14714,0.0014082048,0.0010598177,0.00044882132
14715,0.0011399493,0.0005288781,0.00049782085
14716,0.0009723957,0.00031293745,0.00053500634
14717,0.00082778826,0.00018365876,0.0005745365
14718,0.00091556023,0.00025805607,0.0005410296
14719,0.0013521968,0.000946216,0.00045649183
14720,0.0010957001,0.00047311842,0.0005054998
14721,0.0010274805,0.00038347175,0.0005178267
14722,0.00093376444,0.00027986386,0.0005389132
14723,0.0013553282,0.0009661301,0.00044306144
14724,0.001360912,0.0009810821,0.00044258853
14725,0.0007347409,0.0001505915,0.000589041
14726,0.0012552426,0.00075617386,0.0004777439
14727,0.0013474972,0.00095734355,0.0004589984
14728,0.0014546729,0.0012317824,0.0004413902
14729,0.0010906362,0.00047644923,0.00051252614
14730,0.001355663,0.000980337,0.00045751967
14731,0.0014996028,0.0013646295,0.00043619442
14732,0.0013665516,0.0010064116,0.0004610669
14733,0.0010669761,0.00044421884,0.00052494684
14734,0.00092480134,0.00027646526,0.0005633951
14735,0.0008684606,0.00022460509,0.0005798086
14736,0.0011293009,0.00054420036,0.000615733
14737,0.0016376573,0.001846213,0.00048218286
14738,0.0015826408,0.0016515182,0.0004810389
14739,0.001604869,0.0017253523,0.00046782108
14740,0.0009750902,0.00033375132,0.0005945349
14741,0.0005010888,0.00016518036,0.00049932563
14742,0.0008498341,0.00021184338,0.00062907336
14743,0.0011544649,0.00058889284,0.0005242919
14744,0.0013889894,0.0010861417,0.0004688879
14745,0.0010383808,0.0004154423,0.0005382837
14746,0.0016005301,0.0017285815,0.0004391759
14747,0.0011701444,0.0006183113,0.00051297515
14748,0.0010249355,0.00039896474,0.0005416364
14749,0.0010064228,0.00037632653,0.0005427867
14750,0.001083462,0.0004818354,0.0005170372
14751,0.0012156512,0.00070679554,0.00048394193
14752,0.0008000302,0.00017591022,0.0005948453
14753,0.0008525059,0.00021774575,0.0005710415
14754,0.0015992596,0.0017390782,0.00041291243
14755,0.0020062237,0.0035373913,0.00037230624
14756,0.0015084685,0.0014167157,0.00044528884
14757,0.0020373862,0.0036566323,0.00038611636
14758,0.0012044,0.00066605135,0.0005230928
14759,0.0010054553,0.0003659386,0.0005751998
14760,0.0014850816,0.0013279046,0.00047582376
14761,0.001991711,0.0033676436,0.00041453817
14762,0.0013029047,0.00085237186,0.0005326019
14763,0.001959853,0.0031663894,0.00043590987
14764,0.0020031815,0.003351664,0.00044582674
14765,0.0022984676,0.005006558,0.00043074047
14766,0.0017997397,0.0023241737,0.00051547086
14767,0.0012145638,0.000641359,0.0006444417
14768,0.0019553541,0.002995888,0.00050909317
14769,0.0012349291,0.0006706936,0.0006634932
14770,0.0009885307,0.00032008335,0.00074624084
14771,0.0008265707,0.0001762432,0.00081727153
14772,0.0009420147,0.0002757944,0.000979616
14773,0.0010863694,0.0004408066,0.0008822618
14774,0.0013969191,0.0010082739,0.00076302694
14775,0.0017151991,0.0019540475,0.0006823922
14776,0.0014769727,0.0011933848,0.00073728984
14777,0.0011962431,0.00059257686,0.0008166359
14778,0.0010039093,0.00033143914,0.0009844868
14779,0.0020640919,0.0034563928,0.0007057438
14780,0.0022798455,0.0046091806,0.00063394505
14781,0.002131295,0.003700919,0.0006462353
14782,0.0021596414,0.0038032923,0.0006381642
14783,0.002730256,0.007373092,0.00057023007
14784,0.0034020855,0.011231635,0.0005384157
14785,0.0010824408,0.00036553125,0.0010715447
14786,0.0027808812,0.0072111306,0.00065546896
14787,0.0029463025,0.008198745,0.00067995675
14788,0.0029789247,0.008200118,0.0007314971
14789,0.0021977748,0.003311074,0.00092528824
14790,0.0025924302,0.005384127,0.0008726477
14791,0.0014015075,0.00075327174,0.0012504972
14792,0.0028445758,0.0068853404,0.00087090954
14793,0.0022805263,0.0035241637,0.0010406674
14794,0.001699988,0.0013713633,0.0012418161
14795,0.001085139,0.00030995044,0.0015600615
14796,0.0010617694,0.00028877944,0.001561904
14797,0.0014130085,0.0007491487,0.0013417782
14798,0.0010625501,0.00029059805,0.0015417893
14799,0.0027344103,0.0060282075,0.0009934031
14800,0.000896111,0.00016131028,0.0018363406
14801,0.001986165,0.002238629,0.0012190266
14802,0.0007442921,8.6459055e-05,0.0020043608
14803,0.001716267,0.001397471,0.0014141713
14804,0.0010762886,0.0002971403,0.001790017
14805,0.0038727797,0.013976112,0.00092600123
14806,0.0031076106,0.007952364,0.001195127
14807,0.0016196197,0.001046148,0.0017853067
14808,0.0028139045,0.0059000454,0.0013461926
14809,0.000925531,0.00015901154,0.0024592066
14810,0.0008756367,0.00013256432,0.0025827016
14811,0.0017986377,0.0014554609,0.0018842109
14812,0.0025097614,0.0041571707,0.0015926858
14813,0.0029732527,0.00671327,0.0015053197
14814,0.0026031402,0.004475019,0.0017038294
14815,0.0036816294,0.011244133,0.001472711
14816,0.003243185,0.007917884,0.0017378792
14817,0.0009358493,0.0001448502,0.003420775
14818,0.0019366345,0.001626046,0.0023259132
14819,0.0010042991,0.00018387772,0.0031923703
14820,0.0012919382,0.0004280598,0.0027504899
14821,0.0008769078,0.00011752508,0.0032483048
14822,0.0010427119,0.00021051607,0.0029157288
14823,0.0027727666,0.0050460966,0.0017541255
14824,0.0036461505,0.010441948,0.0015744296
14825,0.0014473529,0.00060011836,0.0027224782
14826,0.0010496883,0.00020620412,0.003116787
14827,0.0010779068,0.00022641636,0.0029888423
14828,0.0011771271,0.00030550777,0.0027851178
14829,0.0020051445,0.001789312,0.00208886
14830,0.0009383413,0.00014419899,0.0030191203
14831,0.0006836886,5.0360464e-05,0.0025136047
14832,0.0018161782,0.0013175221,0.0023985265
14833,0.0029766085,0.006140398,0.0020049312
14834,0.002361664,0.0030128828,0.002352977
14835,0.00087843364,0.0001145203,0.0037751554
14836,0.0020440316,0.0018928595,0.0024651221
14837,0.0012373988,0.00036038124,0.0031413801
14838,0.0006829809,4.9478218e-05,0.0020731185
14839,0.0012666511,0.00039313736,0.003407094
14840,0.0020183767,0.0018288181,0.0026394022
14841,0.0023857516,0.0031015298,0.002415572
14842,0.0031175953,0.0068022534,0.002131081
14843,0.0019296244,0.0015250789,0.0028411932
14844,0.0013060695,0.00041877583,0.0034007365
14845,0.0008281152,9.159874e-05,0.0030312068
14846,0.00091304677,0.00012747076,0.0031788568
14847,0.00079228485,7.9110425e-05,0.0018812432
14848,0.0012426632,0.00035571016,0.0044028554
14849,0.0018358802,0.0012911281,0.0032666004
14850,0.0012983598,0.00040834196,0.0035942798
14851,0.00093441014,0.00013693792,0.0020372241
14852,0.0017732854,0.0011611872,0.0028617312
14853,0.0015505494,0.00074952113,0.0027297747
14854,0.0018730342,0.0014068073,0.002280608
14855,0.0013903766,0.0005278228,0.002498058
14856,0.0021257396,0.0021456142,0.0019519839
14857,0.001425501,0.0005792936,0.0023047235
14858,0.0017625528,0.0011774346,0.0019848554
14859,0.0021061015,0.0021112713,0.001763196
14860,0.0014843709,0.0006720332,0.0020708744
14861,0.0012457732,0.00037744615,0.0022382087
14862,0.0034294853,0.009001616,0.0013046449
14863,0.0030222307,0.006246454,0.0014870608
14864,0.003999153,0.012526742,0.0013372484
14865,0.004418657,0.014951383,0.0014099648
14866,0.004437152,0.01456856,0.0015994376
14867,0.0018781997,0.001196609,0.0027869092
14868,0.0032166336,0.006438578,0.0021462983
14869,0.0036086845,0.008679769,0.002096412
14870,0.0054070633,0.018569006,0.00179811
14871,0.004611301,0.014359829,0.002277288
14872,0.0048625646,0.015497671,0.002459851
14873,0.0051259035,0.01662565,0.0027414062
14874,0.0040394925,0.009604025,0.003567072
14875,0.0035583777,0.006736917,0.0039607515
14876,0.0032386077,0.005097423,0.004196002
14877,0.0033911702,0.005816961,0.004080602
14878,0.0015606126,0.00047957883,0.0059447535
14879,0.0007694179,4.529897e-05,0.0038427303
14880,0.00082467863,5.7732417e-05,0.0039824774
14881,0.0010188977,0.00011811052,0.005580183
14882,0.0025391136,0.0024732465,0.0041350885
14883,0.0010532557,0.00013427081,0.0059250793
14884,0.0035145946,0.006718388,0.0033267613
14885,0.004158919,0.010364032,0.0031127757
14886,0.0034043177,0.0059621073,0.0036262968
14887,0.002876135,0.0035859386,0.00401349
14888,0.0037250402,0.0076564616,0.003522635
14889,0.002555032,0.0024546222,0.0044561913
14890,0.004247018,0.010675447,0.0033563517
14891,0.0033680731,0.0056360755,0.0039647054
14892,0.001664294,0.00058798806,0.005705542
14893,0.0023764246,0.0019305282,0.0046070595
14894,0.004482223,0.01206,0.0032394996
14895,0.0019201038,0.0009388038,0.0052244007
14896,0.0009120863,7.8542755e-05,0.005776172
14897,0.0008521658,6.317123e-05,0.005265964
14898,0.000680933,3.007339e-05,0.0036050098
14899,0.0030500812,0.004307488,0.003580849
14900,0.0031973633,0.0049662306,0.0034753527
14901,0.0035180026,0.006539872,0.0033230803
14902,0.0016823363,0.00062474736,0.0048531233
14903,0.00083893526,6.1433e-05,0.005173722
14904,0.0026853073,0.0029457966,0.003576846
14905,0.0017385524,0.00071686227,0.0043424736
14906,0.002825849,0.0035157485,0.0033842486
14907,0.0029927224,0.0042061545,0.003254457
14908,0.0013267265,0.0002955366,0.004812183
14909,0.0019794684,0.0011396762,0.004131081
14910,0.004477221,0.012615139,0.0026608584
14911,0.0037974797,0.00825261,0.003119196
14912,0.003981622,0.009228522,0.0031563074
14913,0.0034620794,0.006238449,0.0035535677
14914,0.001082202,0.00014224641,0.006259933
14915,0.0031956178,0.0049656113,0.0034941027
14916,0.0016029993,0.0005364564,0.004882417
14917,0.002020362,0.0011714816,0.004155045
14918,0.001686902,0.0006507485,0.0043645897
14919,0.0015789743,0.0005279238,0.0043255314
14920,0.00081450975,5.8051413e-05,0.0056563267
14921,0.002350125,0.002003725,0.0032651725
14922,0.0014858997,0.00044398315,0.0040038694
14923,0.0005692566,1.8051616e-05,0.0029245268
14924,0.0014136835,0.0003823031,0.0038708982
14925,0.0022974848,0.0019283064,0.0029337811
14926,0.0019843183,0.0012043801,0.0030966636
14927,0.0013268813,0.00031835327,0.0036749502
14928,0.0014820726,0.00046621426,0.0034222798
14929,0.0014750317,0.00046391273,0.0033553708
14930,0.0029277,0.004327447,0.0023136123
14931,0.002993379,0.0046245595,0.0023068986
14932,0.003123735,0.0052404953,0.0022819617
14933,0.0021619548,0.0016541113,0.002786975
14934,0.0011198809,0.00018702887,0.0037995228
14935,0.0018045747,0.00092979457,0.002905851
14936,0.0029003033,0.0042952797,0.0022550954
14937,0.0031635882,0.005554204,0.0021765805
14938,0.0020122444,0.0013384068,0.0027836717
14939,0.0009267006,0.000101560814,0.0039935517
14940,0.00060738897,2.49346e-05,0.004099676
14941,0.0014589455,0.00047226067,0.003021859
14942,0.0013052528,0.00032862075,0.0030970743
14943,0.0008046355,6.5582884e-05,0.0037891471
14944,0.00058203575,2.2368176e-05,0.003918735
14945,0.0007151547,4.482708e-05,0.0036955914
14946,0.00084648427,7.980487e-05,0.0036443837
14947,0.0008352375,7.7087636e-05,0.003703377
14948,0.001074419,0.00018146748,0.0034709324
14949,0.0008476116,8.274882e-05,0.003808355
14950,0.001490045,0.0005511687,0.0027825849
14951,0.0029196145,0.0048392843,0.001938291
14952,0.002192173,0.0019747082,0.0022817224
14953,0.0017753342,0.0009966749,0.0025099893
14954,0.0011104369,0.00021008591,0.0030953302
14955,0.0006442232,3.425363e-05,0.0035144615
14956,0.0022534952,0.0022244866,0.0021727942
14957,0.001317145,0.00038046218,0.002816746
14958,0.0014869913,0.00057530426,0.0025812474
14959,0.0015827032,0.00071414025,0.002444303
14960,0.0017759649,0.0010547169,0.002260573
14961,0.0009741569,0.00014332386,0.0029843654
14962,0.0010576219,0.00019052983,0.0028852022
14963,0.0010480445,0.00018624438,0.002813976
14964,0.0006924438,4.685676e-05,0.003338943
14965,0.0006616683,4.051536e-05,0.0033235678
14966,0.0018873892,0.0013460179,0.0019213367
14967,0.0016136982,0.00080847443,0.0020565428
14968,0.0018441558,0.0012657515,0.0018938178
14969,0.0017757091,0.0011254775,0.0019099023
14970,0.0016594157,0.00090648164,0.0019523619
14971,0.0019452324,0.0015393156,0.0017785563
14972,0.0016850528,0.00096656266,0.0018978476
14973,0.0013956046,0.0005207713,0.0020572566
14974,0.0008568571,0.000102756116,0.0026168695
14975,0.0009975625,0.00017228401,0.0024233267
14976,0.0011504855,0.00028009777,0.002282269
14977,0.0013324785,0.00046126932,0.0021159516
14978,0.0012371764,0.0003626974,0.0021538604
14979,0.0008017689,8.556728e-05,0.0026114925
14980,0.00081231416,8.9938876e-05,0.0025324961
14981,0.00067991245,4.9894526e-05,0.0026897884
14982,0.00048293357,1.601876e-05,0.0011275285
14983,0.00069964345,5.548378e-05,0.0026695682
14984,0.0005264744,2.1567414e-05,0.0017391674
14985,0.0004796393,1.586162e-05,0.0010093069
14986,0.0005532768,2.5965897e-05,0.00068562804
14987,0.0009749899,0.0001735631,0.0031777716
14988,0.001449042,0.0006518929,0.0025517314
14989,0.001617309,0.0009392734,0.0023800451
14990,0.0015480632,0.00081355916,0.002404968
14991,0.0015497244,0.00081773574,0.0023731522
14992,0.0016822813,0.0010742283,0.0022503496
14993,0.0015090293,0.00075117673,0.0023532214
14994,0.0010135503,0.00019957304,0.0028213465
14995,0.00071251293,6.1523766e-05,0.0024175865
14996,0.00063996087,4.301007e-05,0.0016516012
14997,0.0005998232,3.4695993e-05,0.0010613073
14998,0.000755573,7.5199816e-05,0.0025103043
14999,0.00107896,0.00024768562,0.0027345696
15000,0.0010219823,0.0002069861,0.0027465217
15001,0.0013139,0.00048028832,0.0023740514
15002,0.001173151,0.00033001418,0.0024683652
15003,0.0013000506,0.0004664107,0.0023023693
15004,0.0011357226,0.00029804578,0.0024202783
15005,0.00062191807,3.9894767e-05,0.0013709874
15006,0.0009274034,0.00015190279,0.002597319
15007,0.00069340086,5.7605677e-05,0.0022444488
15008,0.00065611955,4.7982176e-05,0.0018595429
15009,0.0006825653,5.5175507e-05,0.0015409667
15010,0.00073639565,7.120917e-05,0.0018406698
15011,0.000775987,8.463265e-05,0.0022574058
15012,0.0009883316,0.00019014488,0.0028097515
15013,0.001023925,0.00021401727,0.0027100896
15014,0.0010796923,0.0002557116,0.0026010328
15015,0.00067789154,5.3944583e-05,0.0011894214
15016,0.00083035446,0.00010621123,0.0025842441
15017,0.0009265273,0.00015319507,0.0027340043
15018,0.0007426955,7.315101e-05,0.0018610648
15019,0.00072151946,6.6385735e-05,0.0016844945
15020,0.0006606968,4.9443483e-05,0.001074027
15021,0.0008280481,0.00010546765,0.0024032122
15022,0.0007758546,8.481157e-05,0.0019486118
15023,0.00091373076,0.00014652176,0.0026675109
15024,0.0011211768,0.00029116488,0.0024071268
15025,0.0012632712,0.0004367506,0.0024843172
15026,0.00070905196,6.329495e-05,0.00081555545
15027,0.00075847615,7.92841e-05,0.0010765581
15028,0.00059293874,7.470431e-05,0.0005575444
15029,0.0008388081,0.00011811701,0.00078229094
15030,0.0010583568,0.00024942035,0.0013931443
15031,0.0009219214,0.0001711788,0.00087453425
15032,0.0006723741,0.00013858196,0.0006314253
15033,0.0008813093,0.00015466688,0.0008976136
15034,0.00059092476,0.000137615,0.0005650803
15035,0.0005422085,0.0001339724,0.0005237098
15036,0.0011526995,0.00039786057,0.001266208
15037,0.0012016975,0.0004637945,0.001107317
15038,0.0009741056,0.00023301694,0.0011296136
15039,0.0012766371,0.00057992653,0.00092182955
15040,0.0012187453,0.00050160114,0.0008982395
15041,0.0009102379,0.00019105888,0.0009979995
15042,0.0010350684,0.0002957167,0.00090092956
15043,0.0008224939,0.00013822374,0.00088853145
15044,0.0005363127,0.00014051209,0.00053432764
15045,0.0006995156,0.00019732992,0.0006909165
15046,0.0011463343,0.00043925518,0.0008192944
15047,0.0010574295,0.00034308713,0.00075792597
15048,0.0009416456,0.00023712337,0.0007309285
15049,0.00050145306,0.00017448858,0.0005085888
15050,0.00086474087,0.00023156611,0.0006842539
15051,0.00030024978,0.00018020882,0.00030518457
15052,0.0004707583,0.00019617815,0.00048051245
15053,0.0009983834,0.00030839888,0.00056675484
15054,0.0011147559,0.00045409167,0.0004904231
15055,0.0010259822,0.00035019967,0.00047788915
15056,0.0010236329,0.00035254488,0.00045262926
15057,0.0003591333,0.00023657497,0.00036829378
15058,0.00039894838,0.00028481457,0.00040791565
15059,0.0009398717,0.0003623319,0.00040644483
15060,0.0010303194,0.0003953274,0.00036356907
15061,0.0012205337,0.00070861576,0.0003071001
15062,0.0008640969,0.00033843817,0.0003242121
15063,0.0011022637,0.00052170333,0.00028895924
15064,0.0011806191,0.00066372065,0.00026810484
15065,0.0008510675,0.0003244951,0.00029016708
15066,0.0012660342,0.00085408567,0.00024340552
15067,0.0012545004,0.0008361588,0.00023982121
15068,0.0010504952,0.0004686535,0.00025813762
15069,0.0010649846,0.000496694,0.00027406026
15070,0.0013600956,0.0011310696,0.0002353965
15071,0.0010863036,0.00054683303,0.0002513739
15072,0.001027891,0.00046151012,0.00024754417
15073,0.001149914,0.0006775108,0.0002256223
15074,0.0010264815,0.00047001007,0.0002325036
15075,0.0011236495,0.0006411211,0.00022019277
15076,0.0013116387,0.0010773515,0.00019854365
15077,0.0014497895,0.0015033075,0.0001857988
15078,0.0010349791,0.0004991107,0.00021891654
15079,0.00040076295,0.00028059934,0.000235542
15080,0.00028383825,0.0002484113,0.00023740948
15081,0.00042686795,0.00029599562,0.00023206466
15082,0.0004415449,0.0003151684,0.00023269847
15083,0.00030025223,0.00026014005,0.00026018245
15084,0.0018041234,0.0030470977,0.00021217008
15085,0.0012107516,0.0010992402,0.00021557914
15086,0.0011133874,0.000921882,0.00019144274
15087,0.0013116157,0.0017161176,0.00015559583
15088,0.001603768,0.0033536036,0.00012589534
15089,0.0011110704,0.0010524235,0.00014057517
15090,0.00054380245,0.0004447953,0.00014778125
15091,0.0012818597,0.0017109633,0.00012341092
15092,0.0013906227,0.0022440096,0.000109231
15093,0.0014437435,0.0025246304,0.00010258768
15094,0.0013462678,0.002012286,0.0001044589
15095,0.0021381362,0.005796583,8.176206e-05
15096,0.0012203789,0.0014171073,0.00011436325
15097,0.0011315914,0.001102972,0.000119163524
15098,0.000948527,0.0006161186,0.00013435462
15099,0.0010408732,0.0008382231,0.00013821777
15100,0.001054396,0.0008762859,0.00013213168
15101,0.0010160889,0.0007760445,0.00013189683
15102,0.0003732675,0.0003068529,0.0001438009
15103,0.0020042858,0.00484491,0.000104540195
15104,0.0023019519,0.0057672136,9.6226155e-05
15105,0.0019466734,0.0049402574,0.00010315749
15106,0.0012728296,0.0015719613,0.00012728549
15107,0.0013317355,0.0018149585,0.00012124453
15108,0.0015509705,0.002919912,0.00011111671
15109,0.0019359255,0.0054090875,0.00010053477
15110,0.0018741861,0.004960895,0.00010760785
15111,0.0009232461,0.00050885824,0.00016226753
15112,0.00082311896,0.0006212305,0.00019058844
15113,0.0010006771,0.00067795225,0.00017247663
15114,0.0010257568,0.000742261,0.00015894177
15115,0.0011886989,0.001208782,0.00014112896
15116,0.0009576329,0.0005951271,0.00015312224
15117,0.00047911404,0.00039663108,0.00016361917
15118,0.00073213346,0.00060424657,0.00016339158
15119,0.0011418544,0.001102091,0.00015176313
15120,0.0010852102,0.00097427366,0.00013726008
15121,0.0011338731,0.0011504295,0.00012134731
15122,0.0006303928,0.00051468477,0.00012488056
15123,0.0006314011,0.0005119682,0.00013690298
15124,0.002272077,0.004193717,0.00010231514
15125,0.0016739392,0.0026967872,0.00013243683
15126,0.00211271,0.005120124,0.00015566315
15127,0.0015945523,0.003307468,0.0002544176
15128,0.0025229256,0.0077754217,0.00023187295
15129,0.0018356651,0.004007461,0.00031000518
15130,0.0018384674,0.0038003668,0.00033335818
15131,0.0008770258,0.00032991727,0.000519583
15132,0.0006545078,0.00020624732,0.00060909055
15133,0.0015899652,0.0021953632,0.0004739871
15134,0.0009555559,0.00039761604,0.00061011605
15135,0.0008711537,0.0002850312,0.00062903354
15136,0.0013793537,0.001276758,0.00049862853
15137,0.0019826847,0.0039398363,0.00041683283
15138,0.0024836443,0.007308587,0.000387126
15139,0.001067359,0.00049659907,0.0006467927
15140,0.0017509034,0.0024659464,0.0005074867
15141,0.0011558547,0.00062800664,0.0006461428
15142,0.0016876664,0.002148968,0.00061184005
15143,0.002027587,0.0037307884,0.0005627801
15144,0.0019189704,0.0030708164,0.0005917315
15145,0.0026950624,0.008040116,0.0005083571
15146,0.0016809116,0.0018882962,0.000703524
15147,0.0022556677,0.004639918,0.0006160025
15148,0.002159643,0.003981497,0.0006749647
15149,0.0013489991,0.0008682279,0.0009173734
15150,0.001056287,0.0003823687,0.0010404376
15151,0.0010278287,0.000346591,0.0010531826
15152,0.0029989074,0.009548286,0.0006189991
15153,0.0010795889,0.0003843949,0.0011517677
15154,0.0007566904,0.0001171015,0.0011217155
15155,0.0018495762,0.0022251827,0.0009325782
15156,0.0026085977,0.006217844,0.00079537893
15157,0.0008904717,0.00019085401,0.0014526853
15158,0.00088588713,0.00018674505,0.0014732641
15159,0.0021730813,0.003499346,0.0009582014
15160,0.0023860112,0.0045646974,0.00094044546
15161,0.0021483868,0.003253283,0.0010350355
15162,0.0018148929,0.0018818687,0.0011602486
15163,0.0021799863,0.003329035,0.0010725544
15164,0.002701451,0.0061985026,0.0009915944
15165,0.0033244144,0.0104235625,0.0009483076
15166,0.0019530593,0.0021546988,0.0013834311
15167,0.0024247426,0.004194729,0.0012594669
15168,0.0010880624,0.00030656348,0.0019515756
15169,0.0030663642,0.008052723,0.0011910266
15170,0.0009409826,0.00018203788,0.0023891411
15171,0.0020077259,0.0022177587,0.0016185063
15172,0.0026047179,0.0049119415,0.0014388231
15173,0.0033840789,0.00985099,0.0013134093
15174,0.0035650472,0.010824391,0.001403311
15175,0.0036054917,0.010758004,0.0015416519
15176,0.0036879051,0.010997764,0.0016763293
15177,0.00084295194,0.00010143613,0.0038152593
15178,0.0034543108,0.009086069,0.0018388968
15179,0.0032008183,0.0072474037,0.0020519355
15180,0.0033529715,0.008060545,0.002106079
15181,0.0032024796,0.0069757006,0.0022788253
15182,0.003487871,0.008624594,0.002276773
15183,0.0038376004,0.010724623,0.0022942577
15184,0.0032068368,0.0065442985,0.0027051764
15185,0.0016905649,0.00086460204,0.0038230075
15186,0.0029392943,0.005054884,0.0028216506
15187,0.00074934453,5.678027e-05,0.0043497863
15188,0.00065145834,3.5849658e-05,0.0028590523
15189,0.0009560282,0.00013107406,0.004398429
15190,0.0009980362,0.0001506466,0.004714021
15191,0.0007752123,6.446043e-05,0.0028986419
15192,0.000867948,9.436891e-05,0.0029006568
15193,0.003743295,0.009730234,0.0034408225
15194,0.002038773,0.0015296985,0.0048772893
15195,0.000861516,8.6174274e-05,0.0032209093
15196,0.0011425911,0.00022159856,0.004914188
15197,0.0010519138,0.00016743806,0.0043799058
15198,0.0010892327,0.00018783205,0.004692155
15199,0.0009297177,0.00011110949,0.0030718818
15200,0.001249406,0.00029851924,0.0049585826
15201,0.001446524,0.00048783602,0.005045518
15202,0.00095250324,0.00012080607,0.0031599933
15203,0.0012305245,0.00028674028,0.004496504
15204,0.0011701346,0.00024348723,0.0042612744
15205,0.0018115758,0.0010519384,0.0035464992
15206,0.0028447683,0.004459446,0.0026741468
15207,0.0022656084,0.0021805246,0.0029746091
15208,0.0026153487,0.0034431976,0.0027632501
15209,0.0013206012,0.0003682821,0.0038758314
15210,0.0016968572,0.00085661246,0.0033258756
15211,0.0037101454,0.009422041,0.002142429
15212,0.0042590336,0.012758796,0.002103891
15213,0.0019847208,0.0013419769,0.0034871325
15214,0.0016033027,0.00066676777,0.0037238619
15215,0.0018410463,0.0010632331,0.0033312796
15216,0.003344556,0.006869521,0.002391174
15217,0.004189328,0.011993008,0.0022020803
15218,0.0023170826,0.0021447728,0.003227717
15219,0.0019160502,0.0011600882,0.0034733848
15220,0.0012274209,0.00026595508,0.0044594635
15221,0.0034408364,0.0072356923,0.002600913
15222,0.004705091,0.015004482,0.0022909686
15223,0.003999047,0.010122735,0.0027831013
15224,0.0034621872,0.0067808186,0.003173318
15225,0.0013982257,0.00036964164,0.005044614
15226,0.0008942979,8.342764e-05,0.0039299466
15227,0.0016882959,0.0007057294,0.0041771857
15228,0.00069539266,3.655285e-05,0.0021972675
15229,0.00071151234,3.9672308e-05,0.0023426744
15230,0.0011258275,0.00018642984,0.005125452
15231,0.0011720764,0.00021527901,0.004753297
15232,0.0023877292,0.0022967665,0.0033042778
15233,0.0011081162,0.0001812107,0.004699162
15234,0.0011678915,0.00021829072,0.0044619665
15235,0.00083079276,7.03606e-05,0.0028530322
15236,0.0018315637,0.0010016573,0.0038136772
15237,0.0013729819,0.00038675094,0.004168857
15238,0.0022749978,0.0020690802,0.003083532
15239,0.0034553476,0.0073436103,0.0024386074
15240,0.002697458,0.0035021754,0.0028640572
15241,0.0022164716,0.0018810005,0.0032539156
15242,0.0026973556,0.0035244783,0.002874137
15243,0.0033945015,0.006929627,0.00255221
15244,0.005623633,0.018577224,0.0020283172
15245,0.0056117787,0.019233119,0.0023538803
15246,0.0019881744,0.0011392827,0.004595268
15247,0.0011090545,0.00016393948,0.0053094956
15248,0.0012746435,0.00026403193,0.0053295563
15249,0.0021351087,0.0014850434,0.003928715
15250,0.001661684,0.0006538138,0.0043038838
15251,0.0029283944,0.0041270824,0.003139982
15252,0.0015093178,0.00047906348,0.004334072
15253,0.0010030026,0.00012305248,0.0049013514
15254,0.0013674615,0.00035113405,0.0041159973
15255,0.0016778042,0.00070260005,0.003566125
15256,0.0013539648,0.00034673512,0.0038172991
15257,0.003117421,0.005195094,0.002428621
15258,0.004349283,0.01236585,0.00208366
15259,0.00129831,0.00029157347,0.0041304124
15260,0.0013972463,0.00037678552,0.0038122162
15261,0.0019514534,0.0011578213,0.0031129047
15262,0.00477814,0.01499096,0.0019276747
15263,0.0042336853,0.0112201795,0.0022887783
15264,0.003973728,0.009419805,0.002534124
15265,0.0031567526,0.004902779,0.002992018
15266,0.003845799,0.008519136,0.002722817
15267,0.0006884171,3.1895303e-05,0.0036598027
15268,0.0010370406,0.00012717582,0.005477917
15269,0.0015781824,0.00052621536,0.0044185044
15270,0.0012891012,0.000270282,0.0046491716
15271,0.0011164271,0.00016866766,0.004734343
15272,0.0029058112,0.00394696,0.0028222122
15273,0.003925119,0.009251332,0.0024233807
15274,0.003656051,0.0075610504,0.002640043
15275,0.00456306,0.012914687,0.0024329803
15276,0.0039214883,0.008783327,0.0028445418
15277,0.0034428872,0.006093437,0.0033444462
15278,0.0033840248,0.005774244,0.00341009
15279,0.0010653217,0.00013325909,0.005981314
15280,0.0020874038,0.0012750186,0.00408078
15281,0.00080014026,5.2285344e-05,0.00500284
15282,0.0011537612,0.00018025367,0.0053202515
15283,0.0008586886,6.765855e-05,0.0054372405
15284,0.0023326685,0.0019219252,0.0038062593
15285,0.0031543195,0.0049758162,0.0033046063
15286,0.0025055672,0.0024370537,0.003715964
15287,0.00093133305,9.156735e-05,0.005431546
15288,0.0007738324,4.975092e-05,0.003912651
15289,0.00075801776,4.690154e-05,0.0034412812
15290,0.0008224131,6.2628584e-05,0.002970466
15291,0.000771704,5.0847066e-05,0.0024942965
15292,0.0018032393,0.00087460515,0.0046943473
15293,0.0016779066,0.00069509645,0.0047209286
15294,0.00094522693,0.00010266906,0.003990137
15295,0.0015549879,0.0005478286,0.0044636475
15296,0.0016321262,0.0006507796,0.004270855
15297,0.004130455,0.011056353,0.00257928
15298,0.004620756,0.0138728805,0.002611178
15299,0.0039560315,0.00940937,0.0031058379
15300,0.004033627,0.009712538,0.0032211295
15301,0.0043239347,0.011298737,0.0032583366
15302,0.0037450537,0.007694708,0.0037916894
15303,0.0031358167,0.00457857,0.0042279745
15304,0.00154017,0.00045636218,0.0058794166
15305,0.0015975247,0.00052197516,0.0054457025
15306,0.0019013683,0.0009435019,0.0047370084
15307,0.00071759935,3.6529476e-05,0.0033162287
15308,0.0006382649,2.4846224e-05,0.0024519605
15309,0.0015381369,0.00047620392,0.0047154045
15310,0.003358478,0.005887065,0.003062469
15311,0.003470173,0.0064312764,0.0030530286
15312,0.0029030784,0.0037692457,0.0033975828
15313,0.0027957754,0.00336397,0.0034317498
15314,0.000844832,6.4214655e-05,0.0051372796
15315,0.0007423966,4.202285e-05,0.004197942
15316,0.0017440825,0.00074077473,0.003888021
15317,0.0019559474,0.0010959196,0.0035518464
15318,0.0018271762,0.0008839695,0.003561417
15319,0.00094039243,9.679421e-05,0.0047822413
15320,0.000975458,0.000110800014,0.0047394927
15321,0.0014863894,0.0004589992,0.0036791565
15322,0.0019724017,0.0011883356,0.0030851923
15323,0.0012092999,0.00023478104,0.0038130344
15324,0.00071271317,4.039881e-05,0.0035906786
15325,0.0007758382,5.4050517e-05,0.0042762333
15326,0.00072641426,4.373296e-05,0.003739513
15327,0.0006021077,2.3559558e-05,0.002104244
15328,0.0024674414,0.002582729,0.0024588346
15329,0.0020938173,0.0015285687,0.0026499208
15330,0.0020162398,0.0013621239,0.0026519096
15331,0.0019960995,0.0013294215,0.0026141482
15332,0.0020458514,0.0014535807,0.0025335823
15333,0.0019202154,0.0011903791,0.0025699893
15334,0.0011130146,0.00019487135,0.003289585
15335,0.0011268418,0.00020494028,0.003156564
15336,0.0014751096,0.0005093401,0.0026763293
15337,0.00058832427,2.3697254e-05,0.0024041885
15338,0.0022828134,0.0021780322,0.0020860191
15339,0.001958541,0.0013318456,0.002238839
15340,0.0021837202,0.0019136227,0.0020898108
15341,0.0021808946,0.001917684,0.0020744943
15342,0.0015345633,0.000606606,0.0024506547
15343,0.0015928402,0.0006930581,0.0023519679
15344,0.0017864418,0.0010228853,0.002176137
15345,0.0016318792,0.00076440995,0.0022392345
15346,0.0014472923,0.00051711494,0.0023312028
15347,0.0013347,0.0003980925,0.0023733503
15348,0.0016179355,0.0007627369,0.0021086466
15349,0.0016261365,0.00078233995,0.0020668996
15350,0.0013737796,0.00044996061,0.0022091283
15351,0.0014221761,0.00050945755,0.002126644
15352,0.0014321192,0.0005259285,0.0020782463
15353,0.0010568935,0.00019202475,0.0023680439
15354,0.0010816966,0.00020917156,0.00228474
15355,0.0011364799,0.00024875154,0.002178399
15356,0.0010056124,0.0001664654,0.0022628747
15357,0.0007276242,5.6771405e-05,0.002588222
15358,0.00058008934,2.678211e-05,0.0028100582
15359,0.0013064336,0.0004074322,0.0018340537
15360,0.0010380589,0.00019033645,0.0020214396
15361,0.0010282658,0.00018578478,0.0019894869
15362,0.00055096,2.3209837e-05,0.002642912
15363,0.00055674114,2.4160614e-05,0.0025571706
15364,0.0004915562,1.6026983e-05,0.0019591372
15365,0.0010610746,0.00021129349,0.0018205025
15366,0.00107947,0.00022548958,0.0017732307
15367,0.0010531525,0.00020917074,0.0017636004
15368,0.0013008475,0.0004270152,0.0015606493
15369,0.0012042315,0.0003325648,0.0015993853
15370,0.0011871032,0.00031945066,0.0015869504
15371,0.0011304623,0.00027333718,0.0016019103
15372,0.00092088507,0.00013864384,0.0017457422
15373,0.0005132296,1.976462e-05,0.0022828453
15374,0.0015175228,0.00074346527,0.0013063032
15375,0.0013772774,0.0005426007,0.0013596538
15376,0.0010854723,0.00024686364,0.0015144462
15377,0.0005681976,2.8526178e-05,0.0020520007
15378,0.00044735175,1.2905026e-05,0.0014561355
15379,0.00046598032,1.4869972e-05,0.0015850557
15380,0.0008266578,0.00010138615,0.0016845223
15381,0.00075495767,7.530536e-05,0.001731319
15382,0.000519381,2.1701888e-05,0.002042409
15383,0.00073694636,7.019096e-05,0.0016845649
15384,0.0006666016,5.0473813e-05,0.0017391923
15385,0.0005592679,2.8223512e-05,0.0018615776
15386,0.0007854596,8.942625e-05,0.0020365703
15387,0.0006598188,5.0187027e-05,0.0021727409
15388,0.0007240191,6.877914e-05,0.002030992
15389,0.0010652747,0.0002515964,0.0016466212
15390,0.0008695836,0.000128394,0.001792769
15391,0.0010709092,0.0002591392,0.0015893745
15392,0.0011377456,0.00031924268,0.0015203272
15393,0.0007020784,6.392657e-05,0.0019035689
15394,0.0008163483,0.0001063743,0.0017340035
15395,0.00055591535,2.9607647e-05,0.0018325078
15396,0.00047666766,1.7813081e-05,0.00047417136
15397,0.00070258026,6.527174e-05,0.00186523
15398,0.000671301,5.640912e-05,0.0019365285
15399,0.0007142427,6.970805e-05,0.0018426677
15400,0.00082040305,0.00011131803,0.0016902381
15401,0.0007595882,8.647875e-05,0.0017270906
15402,0.0006368537,4.821001e-05,0.0018515054
15403,0.0011164304,0.00031633797,0.0013778554
15404,0.00073100656,7.723273e-05,0.0016794573
15405,0.0006960819,6.5883534e-05,0.0016921856
15406,0.0006659805,5.709437e-05,0.0017006124
15407,0.000542748,2.896105e-05,0.001475893
15408,0.0005437992,2.9254983e-05,0.0014946804
15409,0.000787942,0.00010138813,0.0015100511
15410,0.0006557914,5.515747e-05,0.0016290171
15411,0.000782272,9.990431e-05,0.0014694873
15412,0.00076374284,9.267088e-05,0.0014660383
15413,0.0006461962,5.326443e-05,0.0015694262
15414,0.00077930745,0.000100089615,0.0014170761
15415,0.00082367193,0.00012120274,0.0013974062
15416,0.0007286595,8.085398e-05,0.0014653291
15417,0.0005629381,3.4295674e-05,0.0016403901
15418,0.0006590911,5.8299913e-05,0.0014934824
15419,0.00069808593,7.1296905e-05,0.0015848379
15420,0.00013815699,2.2682827e-05,0.00013644702
15421,0.00067913334,6.552985e-05,0.0017766678
15422,0.000892157,0.00016356733,0.0015335351
15423,0.00064676296,5.599479e-05,0.0017756877
15424,0.0007062147,7.531267e-05,0.0016770819
15425,0.00041125456,2.9972682e-05,0.000403692
15426,0.00044124614,3.633699e-05,0.0004291751
15427,0.00077349046,0.000102859805,0.0018084878
15428,0.00078292785,0.000107188986,0.0017754084
15429,0.00068915635,7.003853e-05,0.0017411313
15430,0.00061823014,4.8756672e-05,0.00094011554
15431,0.00052578485,4.1301926e-05,0.00050969864
15432,0.00077580934,0.00010415444,0.0018156432
15433,0.000632703,5.2710624e-05,0.00096389244
15434,0.0007367689,8.763765e-05,0.0018540705
15435,0.0008236056,0.00012723007,0.0017323458
15436,0.0007958275,0.00011354138,0.0017413265
15437,0.0003251146,3.8237213e-05,0.00031546527
15438,0.00022864799,4.250744e-05,0.00022021122
15439,0.0003614566,4.4405562e-05,0.00034818682
15440,0.00072226994,8.1313905e-05,0.0017189715
15441,0.0008554275,0.00014304319,0.0017954127
15442,0.000719871,8.035393e-05,0.001762701
15443,0.0010094086,0.0002490353,0.0016600161
15444,0.000830403,0.00012980776,0.0018356942
15445,0.0009495633,0.00020316549,0.0016972334
15446,0.00078141165,0.00010592653,0.0018488688
15447,0.0006471401,5.6404522e-05,0.00093670725
15448,0.0004354172,4.4769655e-05,0.00042084628
15449,0.0007330502,8.528798e-05,0.0017798552
15450,0.00094039296,0.00019681643,0.0018376956
15451,0.00078597513,0.00010783616,0.0019423523
15452,0.00092802424,0.00018756185,0.001797555
15453,0.0011182544,0.00034934797,0.0016186413
15454,0.0006872786,6.8643814e-05,0.0010845439
15455,0.0009703528,0.00021718105,0.001733812
15456,0.00090604974,0.00017264627,0.0017726003
15457,0.0009604802,0.0002097912,0.0017010099
15458,0.0011348648,0.00036634953,0.0015486642
15459,0.0008736808,0.00015302474,0.0017481184
15460,0.0010038052,0.00024350958,0.0016124294
15461,0.00070578814,7.5086136e-05,0.0014810035
15462,0.0006534493,5.8033067e-05,0.0009351062
15463,0.0006237759,5.6718927e-05,0.0006007962
15464,0.0003736152,6.124099e-05,0.0003566679
15465,0.0007535646,9.3176386e-05,0.0012013128
15466,0.00088548724,0.00015923202,0.0019917882
15467,0.001194015,0.00043104286,0.0016778699
15468,0.00075883936,9.466141e-05,0.0013061551
15469,0.000919903,0.00017973222,0.0018420493
15470,0.0008532527,0.00013966416,0.0018726235
15471,0.0013075415,0.000580245,0.00148615
15472,0.00063457707,6.3675645e-05,0.0006122107
15473,0.0010698125,0.0002974703,0.00169747
15474,0.0012804674,0.0005414875,0.0015225128
15475,0.0009035323,0.00016917444,0.0017863709
15476,0.0008999996,0.00016811813,0.0019346891
15477,0.0014186254,0.00076557905,0.0015227135
15478,0.0010240587,0.00025883174,0.00172343
15479,0.0006473992,8.6612854e-05,0.00062358216
15480,0.0008211469,0.00012435562,0.00095698005
15481,0.0010382293,0.00027327487,0.0016232923
15482,0.0014621674,0.0008576646,0.0012709968
15483,0.0023819932,0.004097101,0.00094619615
15484,0.001019712,0.00025681092,0.0014498756
15485,0.0017027704,0.0014102784,0.0010816079
15486,0.0016010114,0.0011548037,0.0010981086
15487,0.0013268582,0.0006225832,0.0011889262
15488,0.0008581914,0.00014603212,0.0014498022
15489,0.0019621628,0.0022517818,0.0009413754
15490,0.0015200779,0.0009808035,0.0010757907
15491,0.001429182,0.00080233667,0.001100546
15492,0.0009907117,0.00023765305,0.0013095752
15493,0.0010105155,0.0002553536,0.0013405959
15494,0.0008737824,0.00015809525,0.0015069322
15495,0.0009233225,0.00019075054,0.001405636
15496,0.0014797942,0.00091993745,0.001072838
15497,0.0019606787,0.0023012243,0.00091293803
15498,0.0007898068,0.00011361543,0.0011708463
15499,0.00080699293,0.00012249996,0.0012937258
15500,0.0015450228,0.0010698396,0.0010554547
15501,0.0025304542,0.005071692,0.00080058945
15502,0.0008834312,0.00016436254,0.0013939963
15503,0.0023566326,0.004058415,0.00083327125
15504,0.0020433373,0.0025844437,0.00091497245
15505,0.0017972158,0.0017082613,0.0009837566
15506,0.0018760362,0.0019612054,0.0009623959
15507,0.0019585728,0.0022477335,0.0009457891
15508,0.0007199559,8.1677244e-05,0.00071226584
15509,0.0018906415,0.0020097329,0.0010134389
15510,0.002630142,0.0055231946,0.0008595474
15511,0.0030419207,0.008114857,0.0008317106
15512,0.0025696328,0.004928981,0.00097472954
15513,0.0014064907,0.0007117534,0.0013726618
15514,0.0018725066,0.0018231919,0.0011784865
15515,0.0007410765,8.4241015e-05,0.001074341
15516,0.0021826618,0.0029836204,0.0012498525
15517,0.0029967881,0.0075124614,0.0010713978
15518,0.001524814,0.00090270425,0.001575299
15519,0.0013315475,0.0005768492,0.001646224
15520,0.0005926776,8.071905e-05,0.0005670248
15521,0.0008425145,0.00012606768,0.0013000633
15522,0.001510984,0.00088723126,0.0015758945
15523,0.0009774601,0.00020987022,0.00197848
15524,0.0010896949,0.00030624922,0.0018347049
15525,0.0030892354,0.008299085,0.0009135079
15526,0.0044072806,0.01255669,0.00072979263
15527,0.0048143677,0.013631874,0.0007310582
15528,0.004191816,0.012959327,0.00086979935
15529,0.0028988784,0.006075045,0.001156036
15530,0.0011267214,0.00028814122,0.0019107396
15531,0.0011603499,0.00032004932,0.0018190624
15532,0.0007693171,8.1488884e-05,0.0011142895
15533,0.0017529047,0.0012728494,0.001424779
15534,0.0034000084,0.009355971,0.0010056116
15535,0.0029561007,0.0062664314,0.0011651465
15536,0.0030565774,0.0067764684,0.0011960976
15537,0.0018217023,0.0013492197,0.001633874
15538,0.0018899476,0.0015281605,0.0015893542
15539,0.0010067966,0.0001895823,0.0021870108
15540,0.001606989,0.00091337506,0.0019970576
15541,0.0036081506,0.010481842,0.0012521379
15542,0.0013367957,0.00047893001,0.0021968596
15543,0.0008604696,0.000110490415,0.0019730658
15544,0.0008485386,0.00010600434,0.0018950183
15545,0.004970726,0.014651903,0.001092879
15546,0.0011380584,0.00026981012,0.0025449346
15547,0.003981834,0.012547483,0.0012891837
15548,0.0039649312,0.012035298,0.001420718
15549,0.0026953684,0.004109425,0.001899416
15550,0.0012930266,0.00037561366,0.0027634841
15551,0.0008914483,0.0001089464,0.0027815024
15552,0.0036819007,0.009843927,0.001525546
15553,0.004176027,0.012885883,0.0015408575
15554,0.0027571258,0.0041200756,0.0021165602
15555,0.0028416256,0.004497866,0.0021351469
15556,0.003920749,0.010754358,0.0018485293
15557,0.0025215554,0.0030025523,0.0025036489
15558,0.0010190862,0.0001510754,0.003888441
15559,0.0014375113,0.00048163233,0.0031543926
15560,0.0017604512,0.00095318747,0.0027661761
15561,0.0031124225,0.0057947906,0.0020324143
15562,0.0024311077,0.002714685,0.0024086647
15563,0.00078607653,6.438075e-05,0.0029769475
15564,0.0032340214,0.0064507774,0.0020114582
15565,0.0033964042,0.007306207,0.002033848
15566,0.003159247,0.0058846595,0.0022034796
15567,0.0021099476,0.0016694319,0.002772558
15568,0.004891486,0.01660698,0.0017954591
15569,0.004022446,0.010629419,0.002263685
15570,0.0034659028,0.0070749675,0.0026137794
15571,0.0028264567,0.0038561067,0.002987522
15572,0.0011694187,0.00021344904,0.0045794053
15573,0.0010216376,0.00013708841,0.004713689
15574,0.0019610042,0.0012203857,0.0033175312
15575,0.00068558066,3.671948e-05,0.003082209
15576,0.0017948325,0.0009247438,0.0032894793
15577,0.0041857115,0.011681505,0.0020961266
15578,0.003902092,0.00964735,0.0023480635
15579,0.0040904307,0.010647733,0.0024224953
15580,0.00438348,0.01227429,0.0024876469
15581,0.0039209053,0.0091848355,0.0028356567
15582,0.0032825116,0.0055624163,0.0032363834
15583,0.0027510251,0.0032512154,0.0035602625
15584,0.0013943968,0.0003510774,0.00487212
15585,0.0011102916,0.0001654246,0.0052071894
15586,0.001569235,0.0005328982,0.0041979747
15587,0.0014219864,0.00038750935,0.00421762
15588,0.0012309176,0.00024157438,0.004345555
15589,0.00092568854,9.386367e-05,0.004758073
15590,0.004123819,0.010742173,0.0021710703
15591,0.0012272336,0.0002376824,0.0042044055
15592,0.0047104727,0.014278975,0.002060664
15593,0.0036253084,0.007416547,0.002583271
15594,0.0032438268,0.005370509,0.0028120028
15595,0.0039025773,0.008928522,0.002585111
15596,0.0031670853,0.004928156,0.0029908905
15597,0.0033031902,0.0055745314,0.0029391597
15598,0.0025811414,0.0026165107,0.003353813
15599,0.0014486847,0.0003930077,0.0043611075
15600,0.0007644233,4.65932e-05,0.0056392015
15601,0.0009938853,0.00011351747,0.0048843883
15602,0.0029119845,0.003949705,0.0027535826
15603,0.0026141908,0.0028311547,0.0029028908
15604,0.0007411851,4.327685e-05,0.005263472
15605,0.00071618124,3.890727e-05,0.005064699
15606,0.00096307334,0.00010581401,0.0041786893
15607,0.0010179963,0.00012859984,0.0038967095
15608,0.001098755,0.00016765068,0.0036082603
15609,0.0023921249,0.0022362524,0.0023743778
15610,0.0054209847,0.018658191,0.0015487253
15611,0.0016436602,0.0006225188,0.0032263808
15612,0.0010138068,0.00012465702,0.0039539034
15613,0.0014305515,0.00039915682,0.0032245289
15614,0.0015363115,0.0005119671,0.0030260747
15615,0.0010315747,0.00013648024,0.0037404594
15616,0.0010690492,0.00015585506,0.0038437615
15617,0.0005314096,1.5179926e-05,0.0034302368
15618,0.00058175536,2.0686824e-05,0.0040196483
15619,0.00076886924,5.295536e-05,0.0043021743
15620,0.00091893837,9.6999815e-05,0.00377706
15621,0.0008396005,7.2286195e-05,0.003790139
15622,0.0006477544,3.0583862e-05,0.004128303
15623,0.0010004843,0.00013244394,0.0033975234
15624,0.0016708166,0.0007431559,0.0025686608
15625,0.00082062127,6.947262e-05,0.0035520873
15626,0.0018709522,0.0010999226,0.0022889748
15627,0.002587059,0.0031576734,0.0019132914
15628,0.0012381381,0.00028137886,0.002770974
15629,0.0008728408,8.8052446e-05,0.0032395513
15630,0.0010263487,0.00015342995,0.0031842992
15631,0.0013183061,0.00035792365,0.002726555
15632,0.001601399,0.00069149927,0.002413811
15633,0.0006554185,3.5112254e-05,0.0036436839
15634,0.0008490299,8.434245e-05,0.003321944
15635,0.002673017,0.0037279536,0.0018902591
15636,0.0034404676,0.007739154,0.0016782752
15637,0.0012082248,0.00027304725,0.002960301
15638,0.00073375547,5.1889794e-05,0.0037472502
15639,0.0016245861,0.000746509,0.0024544566
15640,0.0024272192,0.0027854717,0.0019676136
15641,0.0017314124,0.000933337,0.0023303926
15642,0.0017118767,0.0009069877,0.0023235087
15643,0.0023848969,0.002687219,0.0019378301
15644,0.0018613788,0.0012102507,0.0022059097
15645,0.002424352,0.0028688938,0.002034965
15646,0.0021901585,0.0020815178,0.0021440936
15647,0.0015581503,0.0006844422,0.0025229908
15648,0.0009668098,0.00013995983,0.0031146444
15649,0.0008650864,9.720184e-05,0.0032021636
15650,0.00090929406,0.000115750314,0.0030654222
15651,0.0019981533,0.0016018949,0.0020338541
15652,0.00077876396,6.9865586e-05,0.0031995384
15653,0.0011287789,0.000243949,0.0026307672
15654,0.0017314685,0.0010237708,0.002127167
15655,0.0013532804,0.0004548175,0.0023672706
15656,0.0025636582,0.0036620835,0.001694407
15657,0.0028588236,0.00507525,0.0016287888
15658,0.00230491,0.0026078343,0.0018626997
15659,0.0013256343,0.00042563607,0.0024547915
15660,0.001261213,0.00036325218,0.002461862
15661,0.0016402237,0.0008781026,0.00211553
15662,0.0009194421,0.00012807708,0.0027661405
15663,0.00092794566,0.00013299267,0.0026769387
15664,0.00048517602,1.5362557e-05,0.001629388
15665,0.00108443,0.00023129184,0.0037212586
15666,0.0009254466,0.00013612601,0.003908447
15667,0.00095424865,0.00015094528,0.003724499
15668,0.0043308223,0.014960124,0.0017169936
15669,0.0036335036,0.009735895,0.0021374512
15670,0.0031818128,0.00668153,0.0024558546
15671,0.0022363635,0.0022613176,0.0030420164
15672,0.0013764268,0.0004581653,0.0038185108
15673,0.0011931553,0.00028616315,0.004119127
15674,0.0020128654,0.0016279774,0.0030781364
15675,0.0007890795,7.233918e-05,0.0035416228
15676,0.00072228775,5.386885e-05,0.00293508
15677,0.00061679265,3.1907533e-05,0.0014533037
15678,0.0009051164,0.00011533521,0.0037685751
15679,0.0031930443,0.0068395673,0.003708732
15680,0.004294953,0.013659642,0.002976065
15681,0.0036425092,0.008885053,0.0033433475
15682,0.00283919,0.00427654,0.0038300196
15683,0.00225833,0.0020673114,0.0041884924
15684,0.0010668271,0.00017156504,0.0043521146
15685,0.0013928794,0.00042103077,0.0050056004
15686,0.001361207,0.00039162376,0.0047518746
15687,0.0017574112,0.000922167,0.003966228
15688,0.0028047129,0.0041523497,0.003046488
15689,0.00089446496,9.640928e-05,0.0032513996
15690,0.0007179029,4.634889e-05,0.0017087697
15691,0.00089348125,9.688621e-05,0.002975066
15692,0.0011108033,0.00020158713,0.0045676157
15693,0.0013248349,0.00036589772,0.004019738
15694,0.0016832289,0.00081861444,0.003416315
15695,0.001464307,0.00051837834,0.0035302388
15696,0.002499119,0.002995986,0.0026135275
15697,0.0021392729,0.0018242808,0.0028124892
15698,0.0013905353,0.00044137661,0.0034156009
15699,0.0011023417,0.0002043957,0.0036874472
15700,0.0020534247,0.001626734,0.0026146965
15701,0.0012145923,0.0002864096,0.0033293222
15702,0.0010116838,0.00015643617,0.0035104689
15703,0.00085866917,9.097597e-05,0.0033799002
15704,0.0011069182,0.00021450948,0.0031864427
