,0,1,2
0,1.0161056e-30,5.0025967e-05,1.6482e-35
1,1.0161056e-30,5.0025967e-05,1.6482e-35
2,1.0161056e-30,5.0025967e-05,1.6482e-35
3,1.0161056e-30,5.0025967e-05,1.6482e-35
4,1.0161056e-30,5.0025967e-05,1.6482e-35
5,1.0161056e-30,5.0025967e-05,1.6482e-35
6,1.0161056e-30,5.0025967e-05,1.6482e-35
7,1.0861041e-30,5.1329193e-05,1.7970935e-35
8,1.0860876e-30,5.132826e-05,1.7970386e-35
9,1.086071e-30,5.1327428e-05,1.7969975e-35
10,2.0174553e-30,6.518387e-05,4.014436e-35
11,6.46907e-30,0.000102174694,1.8213534e-34
12,6.465666e-30,0.00010212229,1.8199088e-34
13,6.462287e-30,0.000102069134,1.8184514e-34
14,6.458122e-30,0.000102000646,1.8166489e-34
15,6.454331e-30,0.000101939484,1.8150004e-34
16,6.450589e-30,0.00010187904,1.813367e-34
17,8.145137e-30,0.00011141559,2.4540426e-34
18,8.139825e-30,0.00011134189,2.4515722e-34
19,8.134393e-30,0.00011126676,2.4490483e-34
20,8.128283e-30,0.00011117915,2.44621e-34
21,8.122641e-30,0.00011110042,2.4436172e-34
22,8.116509e-30,0.00011101295,2.4407478e-34
23,8.110876e-30,0.00011093348,2.4381422e-34
24,8.321293e-30,0.00011196947,2.5199745e-34
25,8.314218e-30,0.00011186832,2.5166505e-34
26,8.307117e-30,0.000111767564,2.5132928e-34
27,8.3009386e-30,0.000111681176,2.5103988e-34
28,8.295241e-30,0.00011160261,2.5077572e-34
29,8.2896734e-30,0.00011152623,2.5051566e-34
30,8.283005e-30,0.000111431735,2.502024e-34
31,8.9858016e-30,0.000114918934,2.78037e-34
32,1.2686618e-29,0.0001311824,4.3490453e-34
33,1.3399892e-29,0.00013390505,4.668053e-34
34,1.3383341e-29,0.00013372884,4.659086e-34
35,1.3369819e-29,0.00013358828,4.6518403e-34
36,5.486777e-29,0.00023015421,2.9065993e-33
37,5.5081885e-29,0.00023025957,2.9203363e-33
38,5.498343e-29,0.0002298418,2.9124818e-33
39,5.487865e-29,0.00022939022,2.9040722e-33
40,1.6228111e-28,0.0003480004,1.18560346e-32
41,1.6232197e-28,0.00034749,1.1854587e-32
42,1.6185082e-28,0.00034646547,1.1803417e-32
43,1.6390992e-28,0.00034750326,1.19917645e-32
44,1.634884e-28,0.00034647013,1.19443744e-32
45,1.6297219e-28,0.00034534457,1.1887827e-32
46,1.6249235e-28,0.00034430635,1.183552e-32
47,1.5799732e-27,0.0008258731,2.2647697e-31
48,1.5707665e-27,0.0008212529,2.2462538e-31
49,1.2701213e-26,0.0018300262,3.3831344e-30
50,2.638963e-26,0.0024117678,8.741806e-30
51,2.6046884e-26,0.0023855073,8.601977e-30
52,1.1784858e-25,0.0042270655,6.1037444e-29
53,1.3642282e-25,0.004419857,7.395088e-29
54,2.0452244e-25,0.0051000207,1.2535254e-28
55,1.9883583e-25,0.004986564,1.2128516e-28
56,1.9350727e-25,0.004880181,1.1750564e-28
57,1.1562796e-23,0.0226226,2.3811273e-26
58,2.4039528e-23,0.028367892,6.355161e-26
59,1.8344424e-22,0.05560608,9.252814e-25
60,1.2888858e-22,0.044155426,6.4285567e-25
61,9.794858e-23,0.036656212,4.8152997e-25
62,7.8117936e-23,0.03129205,3.7770926e-25
63,6.623489e-23,0.027383363,3.1646553e-25
64,5.885729e-23,0.024597038,2.8003196e-25
65,4.9936482e-23,0.02167187,2.3147284e-25
66,6.650351e-23,0.022643544,3.4149882e-25
67,5.7112854e-23,0.020112535,2.85833e-25
68,7.88313e-23,0.02189282,4.455191e-25
69,6.762453e-23,0.019378398,3.710599e-25
70,5.8875485e-23,0.017321128,3.1378007e-25
71,5.16527e-23,0.0155322775,2.667877e-25
72,4.5652087e-23,0.013980671,2.2821739e-25
73,4.1146262e-23,0.012809238,2.0050348e-25
74,3.8219923e-23,0.012098331,1.8426487e-25
75,3.755152e-23,0.011568126,1.8112874e-25
76,3.436234e-23,0.010536487,1.6061999e-25
77,1.00994984e-22,0.0154225575,6.5606776e-25
78,9.37013e-23,0.014420712,6.0314954e-25
79,1.456921e-22,0.016610505,1.0882701e-24
80,1.3458031e-22,0.015295891,9.913501e-25
81,1.1648821e-22,0.013454068,8.196664e-25
82,1.0251306e-22,0.011998604,6.9210026e-25
83,9.17723e-23,0.010867682,5.980952e-25
84,8.1553015e-23,0.009738803,5.089657e-25
85,8.479687e-23,0.009432485,5.3408984e-25
86,1.9748153e-22,0.012486909,1.6002989e-24
87,1.7957729e-22,0.011527669,1.422022e-24
88,1.6154968e-22,0.010493113,1.2379461e-24
89,1.7691328e-22,0.01029193,1.3880427e-24
90,4.5138323e-22,0.014006829,4.6801118e-24
91,3.9163185e-22,0.012335399,3.8780844e-24
92,3.3981333e-22,0.010820063,3.1963106e-24
93,3.016108e-22,0.00969591,2.719595e-24
94,2.7223123e-22,0.0088276975,2.369161e-24
95,3.7340131e-22,0.0095305145,3.5641375e-24
96,6.197089e-21,0.026320947,1.3695251e-22
97,1.1256249e-20,0.03080091,3.0776783e-22
98,8.7402965e-21,0.025266018,2.277924e-22
99,7.201567e-21,0.021732556,1.8151082e-22
100,5.8962302e-21,0.018377468,1.4118669e-22
101,4.7322264e-21,0.015066054,1.0502596e-22
102,3.8029152e-21,0.012259034,7.7385475e-23
103,3.239049e-21,0.010554919,6.204474e-23
104,2.93226e-21,0.009677182,5.4584113e-23
105,2.7244227e-21,0.00908322,4.9863857e-23
106,2.4857777e-21,0.008369126,4.4200527e-23
107,2.1002895e-21,0.0070711495,3.4521506e-23
108,2.2247459e-21,0.006668325,3.6434443e-23
109,4.9708276e-21,0.0089059165,1.04112486e-22
110,1.10469155e-20,0.011461983,2.927022e-22
111,9.959976e-21,0.0105012115,2.571526e-22
112,1.0545263e-20,0.010139559,2.7659995e-22
113,4.9104078e-20,0.017693797,2.0631215e-21
114,8.0385315e-20,0.020551138,4.024692e-21
115,6.7473627e-20,0.0177927,3.2595686e-21
116,6.587541e-20,0.016238289,3.1820087e-21
117,6.7058447e-20,0.015543841,3.3128703e-21
118,1.0219773e-19,0.017453488,5.8332405e-21
119,9.443023e-20,0.0157812,5.3237013e-21
120,7.8628396e-20,0.013421765,4.184363e-21
121,6.8876376e-20,0.011986711,3.537904e-21
122,2.8410384e-19,0.01981265,2.2596649e-20
123,2.527788e-19,0.018337863,2.0113984e-20
124,2.2484925e-19,0.016888687,1.7777158e-20
125,1.8283883e-19,0.014043522,1.35053835e-20
126,2.4976044e-19,0.015185202,2.0577623e-20
127,2.7868e-19,0.015324656,2.4263852e-20
128,2.5167996e-19,0.014225204,2.1708366e-20
129,2.4316548e-19,0.013606715,2.1176554e-20
130,2.1417079e-19,0.012226603,1.8063584e-20
131,6.407314e-19,0.017889824,7.599108e-20
132,1.9531378e-18,0.025962923,3.3116478e-19
133,1.3893953e-18,0.019224929,2.1042646e-19
134,1.068848e-18,0.015173588,1.4770265e-19
135,8.1643445e-19,0.011741682,1.0089404e-19
136,7.077305e-19,0.010235011,8.3119276e-20
137,6.16176e-19,0.008962107,6.8688374e-20
138,6.5965755e-18,0.020540405,1.4799317e-18
139,1.3481394e-17,0.025046697,3.839808e-18
140,1.03980805e-17,0.020279568,2.7905722e-18
141,1.7299296e-17,0.022939933,5.541909e-18
142,1.5874726e-17,0.020604325,5.103849e-18
143,1.3008277e-17,0.017550228,4.0092675e-18
144,1.1779557e-17,0.016017519,3.60414e-18
145,1.0088473e-17,0.014107007,2.9802302e-18
146,8.665315e-18,0.011961698,2.417804e-18
147,1.063756e-17,0.012254458,3.1759378e-18
148,8.380245e-18,0.009745433,2.2603914e-18
149,1.178095e-17,0.010556954,3.526443e-18
150,1.0993795e-17,0.009820801,3.2447235e-18
151,8.403614e-18,0.0075053093,2.1796844e-18
152,6.8559264e-18,0.0061092973,1.6113916e-18
153,5.7468357e-18,0.005103121,1.2380633e-18
154,4.6685276e-18,0.0041127144,9.01536e-19
155,3.7118233e-18,0.003228096,6.3180794e-19
156,3.2919824e-18,0.002851623,5.2653577e-19
157,3.9287605e-18,0.002901962,6.5228904e-19
158,3.2407596e-18,0.0023643728,4.8306024e-19
159,2.6589917e-18,0.0019122215,3.5397977e-19
160,6.0080146e-18,0.0024724999,9.99235e-19
161,4.844049e-18,0.0019630815,7.124504e-19
162,3.942182e-18,0.0015724247,5.146997e-19
163,3.4330196e-18,0.0013558742,4.1417913e-19
164,7.2961474e-18,0.0017319556,1.0837247e-18
165,1.5184912e-17,0.0022567248,2.7968813e-18
166,1.2407567e-17,0.0018187804,2.0374484e-18
167,1.1032235e-17,0.0015505526,1.6716683e-18
168,9.8407246e-18,0.0013738235,1.3989709e-18
169,1.2964683e-17,0.0014297101,1.950431e-18
170,1.1144877e-17,0.0012157538,1.5371548e-18
171,8.580646e-18,0.0009151804,1.0132454e-18
172,1.5363036e-16,0.002540964,4.1301674e-17
173,1.2196633e-16,0.0019703263,2.8678216e-17
174,1.0568603e-16,0.0016956459,2.2974607e-17
175,9.613026e-17,0.001526631,1.9813358e-17
176,1.10764335e-16,0.0014672718,2.2952093e-17
177,9.739187e-17,0.0012803007,1.8777452e-17
178,6.7003615e-16,0.0026195496,2.2772446e-16
179,1.0343812e-15,0.0028964106,3.9201037e-16
180,1.4057162e-15,0.0031340977,5.7951845e-16
181,1.4119465e-13,0.017172148,2.2700062e-13
182,1.1971748e-13,0.013130724,1.7955137e-13
183,8.114439e-14,0.009153413,1.04006586e-13
184,6.9640386e-14,0.00806726,8.592389e-14
185,5.912016e-14,0.0069625145,6.913126e-14
186,5.561373e-14,0.0063069295,6.350523e-14
187,4.8112966e-14,0.0053927847,5.158745e-14
188,3.5076746e-14,0.003653111,3.097177e-14
189,2.3484285e-14,0.0024185672,1.6610182e-14
190,1.9594625e-14,0.0020099485,1.25894964e-14
191,1.736352e-14,0.001780333,1.0488265e-14
192,4.605214e-14,0.0025118669,3.69318e-14
193,5.8851056e-14,0.0025026274,4.908802e-14
194,8.954155e-14,0.0027995135,8.362521e-14
195,6.683928e-14,0.0020554122,5.2973037e-14
196,4.7901085e-14,0.0014572361,3.143185e-14
197,3.6598366e-14,0.0010995932,2.0579413e-14
198,2.8128351e-14,0.0008395498,1.3593084e-14
199,2.2317155e-14,0.00066441845,9.440147e-15
200,1.83473e-14,0.0005494513,6.944284e-15
201,1.4434288e-14,0.0004262423,4.7395026e-15
202,1.7184157e-14,0.0004334743,5.8175582e-15
203,2.3198469e-14,0.0004731497,8.489786e-15
204,4.058123e-14,0.0005781225,1.7444547e-14
205,3.63507e-14,0.00051592826,1.467382e-14
206,2.8989706e-14,0.00040633607,1.0236711e-14
207,2.4740182e-14,0.00034942306,7.984045e-15
208,2.1817399e-14,0.00030444397,6.5222325e-15
209,4.4823127e-14,0.00038407106,1.6281334e-14
210,5.394176e-14,0.0003815435,2.0014084e-14
211,8.6167774e-14,0.00042018507,3.5433597e-14
212,1.9500902e-13,0.00053099316,9.8753206e-14
213,2.877643e-12,0.0014048102,3.1620394e-12
214,3.318761e-12,0.0013746558,3.698188e-12
215,2.7585907e-12,0.0011695453,2.7947247e-12
216,2.3225853e-12,0.0010088752,2.1532864e-12
217,1.981277e-12,0.00088438776,1.6936676e-12
218,1.7204114e-12,0.0008008055,1.3757002e-12
219,1.4868486e-12,0.0007097791,1.1026076e-12
220,1.3019035e-12,0.00064227165,9.037873e-13
221,1.408754e-12,0.0005950169,9.551251e-13
222,1.2002071e-12,0.00050862896,7.4337704e-13
223,1.0687331e-12,0.0004672799,6.2469447e-13
224,9.444498e-13,0.00042013283,5.165542e-13
225,8.5038145e-13,0.00039180546,4.420868e-13
226,7.663808e-13,0.00036379817,3.782198e-13
227,6.948943e-13,0.00034176826,3.272277e-13
228,6.327386e-13,0.00032390712,2.8540546e-13
229,5.7522677e-13,0.00030304995,2.4738916e-13
230,5.2398976e-13,0.00028360687,2.1498257e-13
231,4.8082355e-13,0.00027046772,1.8965346e-13
232,4.305637e-13,0.00024378482,1.5956263e-13
233,3.859563e-13,0.00021959087,1.3439521e-13
234,3.5262982e-13,0.00020367316,1.1692815e-13
235,3.1800745e-13,0.0001844681,9.939836e-14
236,3.0464756e-13,0.00017380323,9.191723e-14
237,2.8397795e-13,0.00016813286,8.30346e-14
238,2.5533715e-13,0.00015110003,7.01685e-14
239,2.535715e-13,0.0001458391,6.8249395e-14
240,7.604834e-13,0.00021371807,2.7852352e-13
241,2.33366e-12,0.00031339942,1.1669806e-12
242,4.387396e-12,0.00037555263,2.5720981e-12
243,3.917548e-12,0.00033384273,2.1481178e-12
244,7.868843e-12,0.00041930485,5.1984376e-12
245,7.212501e-12,0.00041085726,4.6370104e-12
246,6.5736357e-12,0.00040503163,4.125989e-12
247,6.0512524e-12,0.0003956806,3.6921126e-12
248,5.54695e-12,0.00038953137,3.3017324e-12
249,5.0709415e-12,0.00038457577,2.9493244e-12
250,4.853053e-12,0.00037984716,2.7707556e-12
251,1.1791238e-11,0.0005149092,8.596068e-12
252,1.2498528e-11,0.00051013834,9.108641e-12
253,2.1968677e-11,0.0005922184,1.83786e-11
254,3.1839014e-11,0.00063784624,2.888108e-11
255,1.1643407e-10,0.000981473,1.5087384e-10
256,1.08466604e-10,0.00089697464,1.3406563e-10
257,9.911285e-11,0.0008067548,1.1580129e-10
258,1.179563e-10,0.00080915313,1.4126783e-10
259,1.035197e-10,0.00079538784,1.2154565e-10
260,9.239003e-11,0.0007810845,1.06007335e-10
261,8.406466e-11,0.0007342598,9.244659e-11
262,7.630618e-11,0.00066741026,7.949265e-11
263,1.1500274e-10,0.00077361095,1.3409275e-10
264,1.0436386e-10,0.00070579007,1.15453716e-10
265,2.8967545e-10,0.0010125017,4.2722095e-10
266,3.536326e-10,0.0010477784,5.4329163e-10
267,5.334923e-10,0.0011562876,9.043059e-10
268,4.8219634e-10,0.0010899971,7.8500956e-10
269,4.372347e-10,0.0010453082,6.8817363e-10
270,4.1446474e-10,0.0010156324,6.3788697e-10
271,3.7693132e-10,0.0009775532,5.616956e-10
272,3.4341074e-10,0.000941245,4.955793e-10
273,5.5665844e-10,0.0010983426,9.138791e-10
274,5.2114296e-10,0.0010569334,8.323805e-10
275,6.22247e-10,0.0011193419,1.0401949e-09
276,9.0086827e-10,0.0012143154,1.6426919e-09
277,8.1562884e-10,0.0011467898,1.4306895e-09
278,7.8951895e-10,0.0011380321,1.3714422e-09
279,7.136615e-10,0.0011055951,1.205943e-09
280,6.985631e-10,0.0011022171,1.1726876e-09
281,6.3580635e-10,0.0010563269,1.0325113e-09
282,5.74344e-10,0.0010320082,9.096255e-10
283,8.291435e-10,0.0011471254,1.4424332e-09
284,8.5081586e-10,0.0011090782,1.4656792e-09
285,2.9678384e-09,0.001724097,7.297791e-09
286,2.9492055e-09,0.0016333901,7.116307e-09
287,2.6360427e-09,0.0014897505,6.05052e-09
288,5.3740097e-09,0.0019061903,1.5166556e-08
289,2.5244466e-08,0.003353834,1.1256097e-07
290,2.6829163e-08,0.0032812164,1.2175776e-07
291,2.2927248e-08,0.0029500287,9.8712455e-08
292,1.9793628e-08,0.0027226298,8.159244e-08
293,1.73401e-08,0.0025848534,6.9402816e-08
294,1.946885e-08,0.0025760813,7.9760156e-08
295,1.9596936e-08,0.002473424,7.966946e-08
296,7.844632e-08,0.003954512,4.747223e-07
297,7.5209977e-07,0.008664986,8.804487e-06
298,6.681488e-07,0.007403069,7.60942e-06
299,5.013816e-07,0.006474184,5.4747024e-06
300,5.3650314e-07,0.0059895827,5.939928e-06
301,4.189941e-07,0.00517332,4.3560035e-06
302,3.2909333e-07,0.004665886,3.2918622e-06
303,7.725592e-07,0.0061617377,9.976308e-06
304,9.915717e-07,0.0061413525,1.3676463e-05
305,1.2918736e-06,0.0064107627,1.9548657e-05
306,9.623398e-07,0.0051467414,1.3206244e-05
307,7.77168e-07,0.004474519,1.0017084e-05
308,6.283363e-07,0.0037721905,7.4689046e-06
309,4.9249456e-07,0.0031218715,5.3105105e-06
310,4.0440074e-07,0.002718844,4.043259e-06
311,4.631016e-07,0.0026256212,4.6846e-06
312,3.7834312e-07,0.0022923523,3.5375624e-06
313,3.3328422e-07,0.0021261177,2.9792861e-06
314,2.7017603e-07,0.0019704471,2.296272e-06
315,2.2133703e-07,0.0018345757,1.7916952e-06
316,3.5976458e-07,0.0021675928,3.3391514e-06
317,3.9389306e-07,0.002099234,3.6628016e-06
318,3.3431112e-07,0.0019056259,2.9245225e-06
319,4.6170547e-07,0.0020557356,4.3594814e-06
320,4.436748e-07,0.0018622975,4.0174623e-06
321,3.773914e-07,0.001605078,3.1496136e-06
322,4.5832445e-07,0.0016360017,3.956478e-06
323,5.72405e-07,0.001736452,5.2147675e-06
324,4.666892e-07,0.001632661,4.067964e-06
325,3.892729e-07,0.0014164585,3.1208908e-06
326,3.4520127e-07,0.0012820677,2.606416e-06
327,3.0879647e-07,0.0011620034,2.1986261e-06
328,2.9926392e-07,0.0011118687,2.0736966e-06
329,2.5918857e-07,0.0010419646,1.7053278e-06
330,2.3750518e-07,0.0009842297,1.4996618e-06
331,2.1578259e-07,0.0009744189,1.3404855e-06
332,1.8227158e-07,0.0009407559,1.0931367e-06
333,3.162224e-07,0.0011780764,2.2372585e-06
334,3.7916232e-07,0.0012538882,2.8104341e-06
335,3.270899e-07,0.0011471091,2.2809522e-06
336,2.852788e-07,0.001083291,1.8979897e-06
337,2.3198857e-07,0.0010427918,1.498341e-06
338,2.2745664e-07,0.000968142,1.4170794e-06
339,6.103025e-06,0.003360348,9.9977886e-05
340,5.1623733e-06,0.0028844555,7.8686106e-05
341,4.385985e-06,0.0025587056,6.3024105e-05
342,3.5628889e-06,0.0023453643,4.8475988e-05
343,4.2583624e-06,0.0024744424,6.1018494e-05
344,3.503555e-06,0.0021996147,4.6800815e-05
345,2.9127216e-06,0.0020656558,3.7371818e-05
346,2.395674e-06,0.001778227,2.8224802e-05
347,2.4676576e-06,0.0017904018,2.9317693e-05
348,4.1921744e-06,0.0021062798,5.75275e-05
349,3.441821e-06,0.0018110326,4.336461e-05
350,2.884019e-06,0.0015933649,3.3676017e-05
351,2.5948284e-06,0.0014891711,2.8989698e-05
352,2.393984e-06,0.0013681431,2.5510195e-05
353,3.3120002e-06,0.0014635291,3.7876336e-05
354,3.3443368e-06,0.0014087522,3.7625174e-05
355,2.8211118e-06,0.001336932,3.0371062e-05
356,2.9953685e-06,0.0012838881,3.193949e-05
357,2.6938671e-06,0.0011930936,2.7501806e-05
358,2.3383595e-06,0.0011644983,2.3284414e-05
359,2.000859e-06,0.0011108287,1.9079784e-05
360,1.7351882e-06,0.0010420469,1.5720587e-05
361,1.4937366e-06,0.0009993087,1.2987196e-05
362,1.2884827e-06,0.0008924814,1.0441976e-05
363,1.225197e-06,0.00086238846,9.65822e-06
364,1.0599508e-06,0.0008367662,8.063031e-06
365,9.2592353e-07,0.00080835214,6.7783885e-06
366,8.1206844e-07,0.00078038115,5.718921e-06
367,7.167401e-07,0.00074969267,4.8452134e-06
368,6.340202e-07,0.0007216965,4.1182675e-06
369,5.58153e-07,0.0007019966,3.5004596e-06
370,4.961901e-07,0.0006543004,2.9544535e-06
371,4.4379578e-07,0.0006222484,2.5286226e-06
372,4.2361532e-07,0.0005848487,2.3282305e-06
373,3.7748424e-07,0.00057286426,2.0097516e-06
374,3.3892186e-07,0.00055693113,1.742473e-06
375,5.643451e-07,0.0006562157,3.3123972e-06
376,1.700488e-06,0.0009906777,1.3758305e-05
377,1.4940771e-06,0.0009564389,1.1652405e-05
378,1.3166517e-06,0.0009234364,9.897918e-06
379,1.1679554e-06,0.0008618376,8.352741e-06
380,1.0414713e-06,0.00081928744,7.1359045e-06
381,9.3117285e-07,0.0007819487,6.1230194e-06
382,1.0533255e-06,0.00078794186,7.048138e-06
383,9.438341e-07,0.0007582447,6.081894e-06
384,8.4817697e-07,0.000727269,5.2578503e-06
385,7.627553e-07,0.00068520417,4.5203487e-06
386,6.891067e-07,0.00065636856,3.928803e-06
387,6.228422e-07,0.00062058703,3.4011166e-06
388,5.654107e-07,0.00059584546,2.9743246e-06
389,5.234579e-07,0.00055866974,2.6413932e-06
390,4.7441824e-07,0.000522862,2.2863503e-06
391,4.31315e-07,0.00049091195,1.9882257e-06
392,3.9521944e-07,0.0004715505,1.7575168e-06
393,3.6286642e-07,0.0004600228,1.5654123e-06
394,3.3356815e-07,0.00044965398,1.3972709e-06
395,3.0641036e-07,0.00042878554,1.2360327e-06
396,3.0443147e-07,0.00041551754,1.2053716e-06
397,4.1151443e-07,0.00046484976,1.774456e-06
398,4.010012e-07,0.00046266537,1.7060972e-06
399,3.7307763e-07,0.0004410363,1.5352529e-06
400,3.4432506e-07,0.00042397832,1.3695302e-06
401,1.3038767e-06,0.00069027394,7.5942503e-06
402,1.1986153e-06,0.00066973164,6.772966e-06
403,1.09686e-06,0.0006425883,5.9857234e-06
404,1.0036376e-06,0.0006112708,5.27469e-06
405,2.804182e-06,0.0008999753,1.9883684e-05
406,2.5531679e-06,0.00086276134,1.7491117e-05
407,2.312133e-06,0.00080979103,1.5184141e-05
408,2.1298833e-06,0.0007635084,1.346471e-05
409,1.958077e-06,0.0007232376,1.1941033e-05
410,1.8222033e-06,0.0006931796,1.079196e-05
411,1.664252e-06,0.0006542872,9.47281e-06
412,1.5615564e-05,0.0015575,0.00017181238
413,1.3786359e-05,0.0014374091,0.00014479032
414,0.00010324196,0.0030856577,0.0017911764
415,0.0001745148,0.003561308,0.003191005
416,0.00013284253,0.0029760266,0.0023325044
417,0.0004963023,0.004636552,0.008023615
418,0.00040587896,0.0036341809,0.0067041665
419,0.00045471403,0.0033168944,0.0071530677
420,0.0003081439,0.0024175167,0.0049190265
421,0.00022945415,0.0019503611,0.003564424
422,0.008875133,0.008308217,0.01698967
423,0.009010657,0.008389246,0.016980512
424,0.01969042,0.014134218,0.017311785
425,0.009775194,0.014261394,0.017036876
426,0.004123877,0.009423752,0.016036632
427,0.0018987125,0.0054972144,0.013661418
428,0.0010828202,0.0034438598,0.010601248
429,0.00071238197,0.002431802,0.007885714
430,0.0004985875,0.001819398,0.005687786
431,0.0005841928,0.0017434498,0.006327939
432,0.00043635917,0.0014170562,0.004720543
433,0.0005511938,0.0014339762,0.0057261703
434,0.00042349254,0.0011984308,0.0043501016
435,0.00034043193,0.001054515,0.0034140896
436,0.0002840038,0.0009532185,0.0027623894
437,0.00024285576,0.0008788199,0.0022877792
438,0.00021216433,0.00081036385,0.0019286413
439,0.00019163567,0.00076456857,0.0016950077
440,0.00018338452,0.0007390185,0.0015908753
441,0.00016830774,0.000709099,0.0014232979
442,0.000479364,0.0010551934,0.004492462
443,0.0004029007,0.0009287986,0.0036788678
444,0.00057995465,0.0010110155,0.0051681567
445,0.00048257972,0.00087713945,0.0042063105
446,0.00039703428,0.0007845558,0.003373581
447,0.00033769387,0.0007148173,0.002781094
448,0.0002934139,0.000662336,0.002340594
449,0.0002586204,0.000624183,0.0020021463
450,0.00026254312,0.0006217426,0.0020153031
451,0.0005854492,0.00084036204,0.0047060233
452,0.000479582,0.000736424,0.0037587087
453,0.0004053123,0.00066707627,0.0030845338
454,0.00042420655,0.00066503644,0.003189666
455,0.0010038137,0.0009109838,0.007090758
456,0.0007622396,0.00076004,0.0054377355
457,0.0006105503,0.00066663406,0.0042951377
458,0.0005090718,0.00060294097,0.0034950913
459,0.0004364545,0.0005571347,0.002914384
460,0.00056683744,0.0006093712,0.0037979316
461,0.006995708,0.0016952034,0.01571367
462,0.0077850684,0.0018295147,0.015853362
463,0.004513948,0.0015309263,0.013972871
464,0.0027804365,0.0011859363,0.011340005
465,0.0018510383,0.0009404765,0.008692737
466,0.0013174306,0.0007867208,0.006558128
467,0.0009924251,0.00069066725,0.0050195977
468,0.0008043263,0.000629832,0.004023772
469,0.00068267854,0.00058564404,0.003342218
470,0.00059622206,0.0005536486,0.0028510941
471,0.0005252996,0.00053038716,0.002455454
472,0.0004558626,0.00051610963,0.002097249
473,0.00048936123,0.00054441334,0.0022795636
474,0.0010165314,0.0007140548,0.0049084183
475,0.0019813143,0.00092036277,0.008472502
476,0.0014635962,0.0007783729,0.006518866
477,0.0013483671,0.00073495106,0.0059491275
478,0.004807131,0.0011889614,0.013062655
479,0.005340465,0.0011969212,0.013338932
480,0.0034079275,0.0010065967,0.010689371
481,0.0026781803,0.00089959323,0.009031501
482,0.002231101,0.0008188687,0.007737075
483,0.0027933521,0.0008797367,0.008938504
484,0.0021790806,0.0007900285,0.0072801174
485,0.0016281272,0.0007058835,0.0055835764
486,0.0013061006,0.0006515171,0.004458884
487,0.004437826,0.0010733638,0.011363629
488,0.0031042532,0.0008985603,0.008927164
489,0.0023027514,0.00077620806,0.006929795
490,0.0017023822,0.00070114195,0.0052608573
491,0.0020647824,0.0007628571,0.006209121
492,0.0020198468,0.0007440956,0.0059745107
493,0.0016294342,0.0006786388,0.00479261
494,0.0014435973,0.000643589,0.0041821036
495,0.0012052251,0.00061608164,0.0034448376
496,0.0031883307,0.0009279668,0.008419382
497,0.007007365,0.001327619,0.013027659
498,0.004097037,0.0012016916,0.009863049
499,0.0026597024,0.0010544794,0.007182376
500,0.0018183065,0.0009431567,0.0051748795
501,0.0014447252,0.0008835447,0.0041169683
502,0.0011820911,0.000840928,0.0033452136
503,0.009097198,0.0021159514,0.014407814
504,0.011037445,0.0028217295,0.015135337
505,0.006451818,0.0027891155,0.01262732
506,0.0071990765,0.0031850005,0.013136608
507,0.0048803813,0.002947708,0.010812738
508,0.003153484,0.002540479,0.008019657
509,0.0023625717,0.0022837878,0.0062601855
510,0.0017671897,0.00205733,0.004763875
511,0.0013922967,0.0019116517,0.0037978974
512,0.0015501863,0.0020321847,0.0042786035
513,0.0011395602,0.0018511465,0.0031826103
514,0.0014608804,0.0020820887,0.0041832337
515,0.0012197797,0.0019590622,0.0034753643
516,0.0008878274,0.0017979625,0.0025597524
517,0.0006932035,0.0016790791,0.0020009791
518,0.00055964757,0.0015859288,0.0016129486
519,0.00044497804,0.0014999933,0.0012842402
520,0.00035051507,0.001422768,0.0010156311
521,0.00031066086,0.0014011551,0.0008959653
522,0.0003643513,0.0015325063,0.0011102478
523,0.0002961963,0.0014591183,0.0009038891
524,0.00024158064,0.00139396,0.0007390501
525,0.0005379857,0.0019580468,0.001991915
526,0.00041268734,0.0018081528,0.0015329716
527,0.0003241956,0.0016881459,0.0012065683
528,0.00028187223,0.001644268,0.0010431914
529,0.0005758088,0.0022152672,0.002471531
530,0.001051514,0.0027822324,0.0047033937
531,0.00073918403,0.002385427,0.0033782378
532,0.00060498447,0.0022088874,0.0027755795
533,0.0005039306,0.0020639594,0.0022851157
534,0.0006230327,0.002259098,0.0029318458
535,0.0005028883,0.0020890457,0.00234981
536,0.00036515764,0.0018920362,0.0017224548
537,0.0054439856,0.005779626,0.014294192
538,0.002706742,0.004219873,0.010908364
539,0.0016618842,0.003198672,0.007922289
540,0.0011799571,0.0026221361,0.0059165
541,0.0011483534,0.0025103837,0.005766525
542,0.00086321455,0.0021723798,0.0043849116
543,0.0044852816,0.004154824,0.013337314
544,0.0043028556,0.0038900925,0.013006686
545,0.0036831768,0.0034476472,0.0120414095
546,0.030390859,0.016068935,0.017354418
547,0.023679495,0.029967945,0.017251683
548,0.009584766,0.029365823,0.016457517
549,0.0031560967,0.01658312,0.013570612
550,0.0014105595,0.00965865,0.009458474
551,0.00090193166,0.006879455,0.0068692723
552,0.0006230394,0.005358532,0.004980086
553,0.00039340428,0.004475732,0.003396373
554,0.00023969202,0.0037488504,0.002146479
555,0.00019568476,0.0034225096,0.0017271832
556,0.00016582035,0.0031569987,0.001436076
557,0.00040014237,0.004333752,0.0038818405
558,0.00045898624,0.004340002,0.004468974
559,0.00058053015,0.0044006873,0.0055404836
560,0.00037027136,0.0034892093,0.0037082974
561,0.00023355016,0.0028935717,0.002409965
562,0.00017907958,0.0026203815,0.0018346171
563,0.00012113886,0.0023005474,0.0012524318
564,8.287993e-05,0.002055378,0.0008624184
565,5.5656517e-05,0.0018706099,0.0005840594
566,4.7877165e-05,0.0018190796,0.0004943055
567,5.5134675e-05,0.0018885727,0.00058956153
568,7.0095186e-05,0.0020329207,0.0007949405
569,0.00011447239,0.0024258532,0.0014505389
570,9.7750024e-05,0.0022133952,0.0011949276
571,8.22817e-05,0.0020958774,0.0009830866
572,5.7594552e-05,0.0019045974,0.00068821316
573,5.1050614e-05,0.001795116,0.00059112866
574,9.932772e-05,0.0022560516,0.0013338466
575,0.00011480144,0.0023116288,0.0015760958
576,0.00017580978,0.0026353712,0.0025578171
577,0.00036399014,0.0033049195,0.0053154426
578,0.0039022402,0.007590671,0.015894253
579,0.0024157935,0.00501084,0.014446307
580,0.0010119019,0.0030845867,0.010472762
581,0.0004957713,0.0020992057,0.006545822
582,0.0002766707,0.001617079,0.0039870637
583,0.00016075477,0.0013807947,0.0024159611
584,0.000106617714,0.0012105684,0.0016042601
585,6.870163e-05,0.0010728305,0.0010347059
586,7.508651e-05,0.0011057098,0.0011450775
587,6.316894e-05,0.001036187,0.0009235789
588,4.4281394e-05,0.00095728884,0.0006404787
589,3.5907116e-05,0.00091930525,0.0005042414
590,2.5362124e-05,0.00085928827,0.0003514511
591,1.9212657e-05,0.00082003366,0.00026034814
592,1.4078221e-05,0.00077726843,0.00018691743
593,1.0090196e-05,0.00073307747,0.00013124224
594,7.9921965e-06,0.000704731,0.000100428035
595,6.4415726e-06,0.0006783343,7.793928e-05
596,4.84029e-06,0.00064705155,5.6892237e-05
597,4.130149e-06,0.0005927394,4.534374e-05
598,3.5432042e-06,0.0005413858,3.631707e-05
599,3.0458962e-06,0.00051562994,2.9663492e-05
600,2.6372516e-06,0.00047268128,2.4042341e-05
601,2.406828e-06,0.00045570885,2.109848e-05
602,1.9041889e-06,0.0004441188,1.6261227e-05
603,1.6414557e-06,0.0003964924,1.2993869e-05
604,1.5430919e-06,0.0003908135,1.1898248e-05
605,4.576236e-06,0.00058184983,4.800407e-05
606,1.3818214e-05,0.000866503,0.00019655527
607,2.452731e-05,0.0010301933,0.00039817396
608,2.0928988e-05,0.0009145533,0.00031632392
609,3.9016173e-05,0.0011534628,0.0006871059
610,2.464068e-05,0.0010319832,0.0004277197
611,1.5090539e-05,0.00092431164,0.00025775481
612,1.0551365e-05,0.0008513483,0.00017369364
613,7.012298e-06,0.0007766165,0.00011155051
614,4.6107025e-06,0.00070632336,7.0627466e-05
615,3.5665328e-06,0.0006601861,5.1926967e-05
616,7.5852436e-06,0.0008231367,0.00013202576
617,7.009731e-06,0.00076033286,0.00011551937
618,1.1870395e-05,0.00087972375,0.00022074525
619,1.683204e-05,0.0009596222,0.0003366635
620,5.8901966e-05,0.0014667172,0.0015455195
621,4.77503e-05,0.0012173144,0.0011477342
622,4.0823626e-05,0.0010647881,0.00091667776
623,4.4802535e-05,0.0010238241,0.0009916279
624,2.6120098e-05,0.00089354604,0.00056553126
625,1.6595239e-05,0.00079147134,0.00034416962
626,1.2936798e-05,0.0006829034,0.0002421776
627,1.0888354e-05,0.00059501606,0.00018681625
628,1.42198305e-05,0.00065463386,0.00025953766
629,1.1810095e-05,0.0005651876,0.00019637457
630,2.915346e-05,0.0007593284,0.0005982471
631,3.1286763e-05,0.0007228822,0.0006263896
632,4.387434e-05,0.0007675651,0.00091873156
633,3.4492612e-05,0.00068302796,0.0006685355
634,2.677384e-05,0.00062800344,0.00048802482
635,2.2205842e-05,0.0005895956,0.0003839657
636,1.7536428e-05,0.0005508303,0.00028617462
637,1.40027805e-05,0.0005169262,0.00021567897
638,2.0747266e-05,0.0005799068,0.00034652167
639,1.7437376e-05,0.0005441369,0.00027522404
640,1.8757344e-05,0.0005647564,0.0003002707
641,2.6886322e-05,0.000624026,0.00046362611
642,2.2054703e-05,0.00057343324,0.00035541962
643,1.8561193e-05,0.0005570001,0.00029044188
644,1.4402755e-05,0.00052840705,0.00021552443
645,1.23826585e-05,0.0005170419,0.00018021454
646,1.0198264e-05,0.00048728217,0.00014002346
647,7.882524e-06,0.00046541417,0.00010386361
648,1.0546809e-05,0.00049757044,0.00014650998
649,1.0057263e-05,0.00046097676,0.00013302355
650,3.2791697e-05,0.00069365976,0.00058249256
651,3.0177616e-05,0.000626938,0.00050509296
652,2.5206877e-05,0.0005514799,0.0003885326
653,5.1146697e-05,0.00071666547,0.00093395356
654,0.00023489073,0.0012644775,0.0050369515
655,0.0002186552,0.001097959,0.004529621
656,0.00015750498,0.00087254227,0.0031048902
657,0.00011753849,0.00075422466,0.00221024
658,8.622684e-05,0.00068107696,0.0015746913
659,9.092569e-05,0.0006674929,0.0016321209
660,8.589176e-05,0.0006330679,0.0014907497
661,0.00033262616,0.0010108793,0.0060318056
662,0.0025246658,0.0019377136,0.015327512
663,0.0015223748,0.0012102907,0.013239589
664,0.00068953197,0.00076572294,0.009044085
665,0.00062817335,0.00062516285,0.008112457
666,0.00039791077,0.00048145233,0.005495674
667,0.00023684539,0.00039452576,0.0034554626
668,0.0005143154,0.00053652294,0.0070786322
669,0.000602507,0.0005158263,0.007703284
670,0.00067157636,0.00046553902,0.00797866
671,0.00045926837,0.0003630514,0.005659199
672,0.00032807596,0.0003125854,0.004110394
673,0.0002652738,0.00028259022,0.0032420717
674,0.00021512102,0.00025737335,0.0025335343
675,0.00017617237,0.0002443582,0.0020242813
676,0.0002123473,0.0002648813,0.0024766976
677,0.00017200461,0.00025016657,0.0019501724
678,0.0001409528,0.00024462622,0.0015933546
679,9.548561e-05,0.00022736235,0.0010812167
680,6.735677e-05,0.00021626851,0.0007608524
681,0.000105410116,0.0002757142,0.0013605
682,0.00011907603,0.00029347083,0.0015618913
683,9.807535e-05,0.00028376386,0.0012545426
684,0.00013639902,0.00033206132,0.0018573424
685,0.0001337136,0.00031856087,0.0017685001
686,0.000117655785,0.0002968637,0.0014878861
687,0.00014441347,0.00032516065,0.0018776964
688,0.00017174425,0.00035935378,0.002308575
689,0.00011455396,0.00032504057,0.0015395618
690,9.76015e-05,0.00030131682,0.0012466382
691,8.762907e-05,0.00029132463,0.001082216
692,7.98422e-05,0.0002826457,0.0009545511
693,7.7124234e-05,0.000287415,0.0009148873
694,6.426276e-05,0.00028194342,0.0007420529
695,5.840841e-05,0.0002821441,0.0006615944
696,4.6515142e-05,0.00028039483,0.0005305172
697,3.4424374e-05,0.0002715672,0.0003881447
698,5.5870485e-05,0.0003511496,0.0007395206
699,6.443913e-05,0.0003873828,0.0008929602
700,5.493087e-05,0.00036865112,0.0007270912
701,4.5964563e-05,0.0003594307,0.00058919966
702,3.161343e-05,0.0003391606,0.00040142587
703,3.1440362e-05,0.0003284529,0.0003891253
704,0.000819577,0.0011533656,0.010715978
705,0.00052599376,0.00077146257,0.007700398
706,0.0003639601,0.00056387926,0.0053843525
707,0.00024706396,0.00047094675,0.0036815063
708,0.00026567886,0.00048269096,0.003954954
709,0.00020433932,0.00042159634,0.0029366936
710,0.00014901417,0.00038449277,0.0021252022
711,0.00012429143,0.00034638128,0.0016772283
712,0.00012154199,0.0003576093,0.0016596116
713,0.00019973633,0.00041403173,0.0028440224
714,0.00016331047,0.00036567482,0.0022050198
715,0.00013732658,0.00033477938,0.0017667721
716,0.0001217953,0.00032522963,0.0015269442
717,0.000114252056,0.00031519626,0.0013924656
718,0.00016130945,0.00035665915,0.0020542894
719,0.0001613874,0.00035463116,0.002024497
720,0.00012452189,0.00033532048,0.0015319742
721,0.00013477304,0.00033845016,0.0016484176
722,0.00011668728,0.00030768476,0.001353467
723,9.101087e-05,0.00029886066,0.0010528358
724,7.418198e-05,0.00029254096,0.0008397293
725,6.395497e-05,0.00028735955,0.0007025246
726,5.286694e-05,0.00028431957,0.00056895125
727,4.7211284e-05,0.00026991114,0.00048589738
728,4.5306886e-05,0.0002746108,0.0004618215
729,3.7326736e-05,0.00027348462,0.00037415174
730,3.1681924e-05,0.00027349556,0.0003111608
731,2.7165679e-05,0.00027384097,0.00026113953
732,2.3726685e-05,0.00027393326,0.00022262696
733,2.0762815e-05,0.00027428326,0.0001902194
734,1.7791315e-05,0.00027541793,0.00015979346
735,1.6082864e-05,0.00026856046,0.00013937708
736,1.4472872e-05,0.0002662144,0.0001217858
737,1.4011172e-05,0.00025803206,0.000114827395
738,1.2177114e-05,0.00026018487,9.7937205e-05
739,1.0811827e-05,0.00026144288,8.501084e-05
740,1.8300252e-05,0.00032000532,0.00016569249
741,5.4944656e-05,0.00048742568,0.00066566374
742,4.6627487e-05,0.00047784782,0.0005493336
743,3.9903978e-05,0.00046992087,0.00045715767
744,3.5457586e-05,0.00045106097,0.00039008123
745,3.144063e-05,0.00044055007,0.0003343612
746,2.7939217e-05,0.00043200352,0.0002876922
747,3.1627816e-05,0.00044225593,0.0003310026
748,2.8019562e-05,0.00043617078,0.00028475406
749,2.500738e-05,0.00042924177,0.0002465225
750,2.2567247e-05,0.00041561635,0.00021454092
751,2.0326968e-05,0.0004086691,0.00018742963
752,1.8439549e-05,0.00039681577,0.00016422114
753,1.6702605e-05,0.00039085167,0.00014443048
754,1.5606112e-05,0.00037595944,0.000130566
755,1.4249175e-05,0.00036073584,0.000114803304
756,1.3043365e-05,0.00034701754,0.00010132577
757,1.1956182e-05,0.00034135772,9.0244495e-05
758,1.0901004e-05,0.00034053897,8.0361686e-05
759,9.943235e-06,0.00034014243,7.163828e-05
760,9.160356e-06,0.00033147584,6.39756e-05
761,9.158243e-06,0.0003278899,6.318825e-05
762,1.2338552e-05,0.00036930133,9.2539405e-05
763,1.1950251e-05,0.00037499255,8.890904e-05
764,1.1067359e-05,0.00035993548,7.9631645e-05
765,1.0213901e-05,0.00035286648,7.143391e-05
766,3.8647227e-05,0.00058178557,0.00038995687
767,3.4996305e-05,0.00057089137,0.00034349397
768,3.172411e-05,0.0005546343,0.000301642
769,2.8870121e-05,0.0005345238,0.00026528566
770,7.97479e-05,0.00078816694,0.00094797404
771,7.0565664e-05,0.00075197034,0.0008092405
772,6.279157e-05,0.0007053653,0.00069043133
773,5.7085595e-05,0.0006668996,0.00060456543
774,5.1425577e-05,0.0006272361,0.00052289537
775,4.7025194e-05,0.0005980787,0.000462247
776,4.2685755e-05,0.00057006144,0.00040450474
777,0.00039124856,0.0013533281,0.005208153
778,0.00029940304,0.0011018232,0.0038729138
779,0.0019135106,0.0021445202,0.013325357
780,0.0022540675,0.0018889451,0.013693687
781,0.0012909846,0.0012816018,0.010633145
782,0.0035816836,0.001644161,0.014879056
783,0.0024971745,0.001221996,0.013238486
784,0.0023539138,0.0010234436,0.012633847
785,0.0014742564,0.00074693444,0.0097558
786,0.001008665,0.0005871928,0.0072812135
787,0.020178366,0.0023561025,0.017220173
788,0.020198978,0.0044495864,0.017221918
789,0.028630165,0.013439383,0.017357633
790,0.02000489,0.021938475,0.017245697
791,0.009092815,0.02106307,0.016694006
792,0.0034598904,0.013070235,0.014765309
793,0.0016629492,0.0077433684,0.011527989
794,0.0009897305,0.005250077,0.008439115
795,0.0006582633,0.003866262,0.006014952
796,0.00074612454,0.0036772836,0.0065826997
797,0.00053791533,0.0029555955,0.004843461
798,0.00065397,0.0029255587,0.005714405
799,0.000492486,0.002440855,0.0043119807
800,0.00038875852,0.0021408228,0.003360227
801,0.000320175,0.0019336753,0.0027100716
802,0.00027092575,0.0017823577,0.0022407253
803,0.00023541535,0.0016493317,0.0018955105
804,0.00020890047,0.0015398732,0.001640526
805,0.00019868845,0.0014894834,0.0015411649
806,0.00018143887,0.0014315025,0.0013821503
807,0.000508817,0.0021096908,0.004341789
808,0.00042065405,0.0018421131,0.0035142286
809,0.00059636653,0.0019901912,0.0049204514
810,0.00049428904,0.0017346229,0.004013108
811,0.00040379327,0.0015512392,0.0032138694
812,0.00034173345,0.001414401,0.0026509934
813,0.00029553767,0.0013108455,0.0022326733
814,0.0002591445,0.0012340961,0.0019094957
815,0.00026189742,0.0012283428,0.0019243023
816,0.00058140594,0.0016580721,0.004532829
817,0.00047320596,0.001450972,0.0036129293
818,0.00039746074,0.0013113477,0.002959101
819,0.0004136007,0.001303754,0.003059669
820,0.0009737853,0.0017802407,0.0068772733
821,0.0007330431,0.0014773542,0.0052417656
822,0.00058315514,0.0012896771,0.004123011
823,0.00048351754,0.0011616865,0.0033455035
824,0.00041247954,0.0010692368,0.0027833732
825,0.0005334134,0.0011649306,0.0036352517
826,0.006634113,0.003222407,0.015627256
827,0.007255979,0.0033457149,0.015741589
828,0.0040906984,0.002667126,0.0136945965
829,0.0024817353,0.0020051084,0.010921411
830,0.001644523,0.0015663374,0.00826196
831,0.0011699613,0.0012994676,0.006192083
832,0.0008815207,0.001133781,0.0047268863
833,0.00071426807,0.0010286723,0.0037862614
834,0.0006056291,0.00095201354,0.0031434228
835,0.0005281221,0.00089573744,0.0026799098
836,0.00046446646,0.00085382455,0.0023061
837,0.0004024893,0.0008262082,0.0019682338
838,0.0004313174,0.00086674764,0.0021405963
839,0.0008951795,0.0011325438,0.004655958
840,0.0017501727,0.0014500903,0.008169984
841,0.0012900188,0.0012118166,0.0062513584
842,0.00118828,0.0011340982,0.005706839
843,0.004287221,0.0018213888,0.012864182
844,0.0047593624,0.0017799969,0.013141904
845,0.0030150719,0.0014474195,0.010430486
846,0.0023699298,0.0012683886,0.008782451
847,0.0019758048,0.0011375609,0.0075117825
848,0.0024829537,0.0012091129,0.008727123
849,0.0019385125,0.0010694612,0.0070943506
850,0.0014515404,0.0009450903,0.00543868
851,0.0011653032,0.0008644307,0.00434174
852,0.003999349,0.0014139409,0.0112246005
853,0.0027858166,0.0011568143,0.008775202
854,0.0020623265,0.0009835744,0.006788931
855,0.0015316631,0.0008799738,0.005163878
856,0.0018614912,0.0009498185,0.006108449
857,0.0018202424,0.00091669755,0.005875198
858,0.0014666396,0.00082760555,0.0047054226
859,0.0012984881,0.00077838,0.004102673
860,0.0010862042,0.00073995773,0.0033835378
861,0.0028890308,0.0011072555,0.008319957
862,0.006427649,0.0015600002,0.012953436
863,0.0037333062,0.001366127,0.009766156
864,0.0024183886,0.0011753096,0.007092528
865,0.0016524125,0.0010373555,0.005103395
866,0.0013197267,0.0009666016,0.0040746224
867,0.0010845214,0.0009160976,0.0033214912
868,0.008534946,0.0022950396,0.0143923275
869,0.010413283,0.0029653728,0.01511832
870,0.0060341074,0.0028345492,0.012594431
871,0.0067635006,0.003170591,0.01310958
872,0.004581163,0.002875017,0.010788352
873,0.002963036,0.002445919,0.008007685
874,0.0022250698,0.0021819174,0.0062601166
875,0.0016713925,0.0019577108,0.0047788536
876,0.0013195543,0.001811992,0.0038156305
877,0.001477279,0.001924855,0.0043120054
878,0.0010877412,0.0017476577,0.003212082
879,0.0014012929,0.0019652096,0.004230348
880,0.0011745015,0.001846993,0.0035242394
881,0.0008560027,0.0016912371,0.0025989206
882,0.00066934153,0.0015772708,0.0020338353
883,0.00054484786,0.0014954822,0.0016512295
884,0.0004336713,0.0014133876,0.00131561
885,0.00034200252,0.0013400363,0.0010412779
886,0.00030436224,0.0013221285,0.0009217183
887,0.0003578983,0.0014474292,0.0011437155
888,0.00029335136,0.0013846438,0.0009380422
889,0.00024107845,0.0013287701,0.0007722284
890,0.0005377729,0.0018676533,0.0020759047
891,0.00041235093,0.0017221703,0.0015965275
892,0.0003260381,0.0016136043,0.0012636541
893,0.00028410426,0.0015729557,0.0010940622
894,0.0005807125,0.0021189128,0.002579979
895,0.0010595091,0.0026564419,0.0048669986
896,0.00074677146,0.0022777996,0.0035066872
897,0.0006120453,0.0021086186,0.002882977
898,0.0005098807,0.0019684173,0.002372394
899,0.00063051615,0.0021532034,0.0030349977
900,0.0005094553,0.001990766,0.0024337242
901,0.00036978128,0.0018015906,0.0017833137
902,0.0055073295,0.005506491,0.014390638
903,0.0027463937,0.0040351143,0.0110632805
904,0.0016870555,0.0030588699,0.008074175
905,0.0011966067,0.0025038302,0.006037729
906,0.0011641433,0.0023952352,0.0058756885
907,0.0008749418,0.0020714502,0.004470083
908,0.0045380676,0.0039599487,0.013410769
909,0.0043605496,0.0037198619,0.013085264
910,0.0037362839,0.0033059898,0.012127889
911,0.030445248,0.015452881,0.017355178
912,0.023898127,0.029254155,0.01725652
913,0.009892765,0.029295055,0.016501183
914,0.0032724098,0.016749019,0.013708045
915,0.0014516731,0.0097323945,0.009608042
916,0.0009224729,0.0069022384,0.006974983
917,0.00063478376,0.0053605675,0.0050496594
918,0.00039996457,0.0044709677,0.003440506
919,0.00024339331,0.0037420455,0.0021731153
920,0.00019854917,0.0034145114,0.0017473599
921,0.00016817809,0.0031488617,0.0014522801
922,0.00040570728,0.0043222806,0.003917754
923,0.00046493908,0.004325894,0.0045037847
924,0.000587644,0.004384545,0.0055757756
925,0.00037418635,0.003472914,0.0037290412
926,0.00023597163,0.0028802843,0.0024237018
927,0.0001808208,0.0026077032,0.0018442352
928,0.00012232515,0.002290116,0.0012592537
929,8.370134e-05,0.0020467942,0.0008673288
930,5.6215827e-05,0.0018635851,0.0005875457
931,4.8356567e-05,0.0018126632,0.00049732474
932,5.5710807e-05,0.0018829318,0.0005935253
933,7.082334e-05,0.0020268336,0.00080012815
934,0.0001156507,0.0024185178,0.0014594086
935,9.878211e-05,0.0022075907,0.0012028017
936,8.3141924e-05,0.0020907067,0.0009896362
937,5.813023e-05,0.0018989665,0.00069216435
938,5.154383e-05,0.0017906819,0.0005948709
939,0.00010032884,0.0022517086,0.0013427559
940,0.00011598126,0.0023079824,0.0015869534
941,0.00017763217,0.0026319223,0.0025747875
942,0.00036771697,0.0033009439,0.005343859
943,0.0039366856,0.007580594,0.015903985
944,0.002438092,0.0050142477,0.014464525
945,0.001020992,0.0030892687,0.010500919
946,0.0004998896,0.0021021361,0.006568954
947,0.0002788281,0.0016190971,0.0040021143
948,0.00016196402,0.0013825956,0.0024253682
949,0.00010730124,0.0012115277,0.0016093274
950,6.915033e-05,0.0010740506,0.0010383278
951,7.5597825e-05,0.00110749,0.0011496684
952,6.360909e-05,0.0010382328,0.0009276846
953,4.455536e-05,0.000958908,0.00064299064
954,3.6124544e-05,0.00092099974,0.0005062744
955,2.5500529e-05,0.0008607284,0.00035273653
956,1.9311146e-05,0.0008214078,0.00026127053
957,1.4145242e-05,0.00077854906,0.00018754945
958,1.0134631e-05,0.00073426054,0.00013166439
959,8.026906e-06,0.00070598035,0.000100765064
960,6.4694927e-06,0.0006796615,7.821526e-05
961,4.8603715e-06,0.0006483491,5.7092548e-05
962,4.1484996e-06,0.00059415423,4.552685e-05
963,3.5599412e-06,0.0005428767,3.648154e-05
964,3.0607305e-06,0.00051717466,2.9806908e-05
965,2.650718e-06,0.0004742434,2.4168592e-05
966,2.4194796e-06,0.00045731972,2.1215443e-05
967,1.9138593e-06,0.00044568707,1.6350097e-05
968,1.6501396e-06,0.0003979993,1.3069691e-05
969,1.5513857e-06,0.00039235887,1.1969905e-05
970,4.6006717e-06,0.0005841418,4.8290894e-05
971,1.3891198e-05,0.0008698881,0.00019770802
972,2.4659284e-05,0.0010343863,0.00040056472
973,2.1038204e-05,0.0009181672,0.00031816945
974,3.9219107e-05,0.0011580933,0.00069106265
975,2.475625e-05,0.0010358251,0.00043000575
976,1.5160286e-05,0.0009277772,0.00025913297
977,1.0597124e-05,0.000854435,0.00017458588
978,7.040744e-06,0.0007793409,0.00011209958
979,4.6282958e-06,0.0007087306,7.096192e-05
980,3.5796982e-06,0.0006624126,5.216862e-05
981,7.613379e-06,0.0008259568,0.00013264571
982,7.0355163e-06,0.0007629479,0.00011606212
983,1.1913277e-05,0.0008827063,0.00022175976
984,1.6891348e-05,0.0009628106,0.0003381649
985,5.910304e-05,0.0014714671,0.0015517354
986,4.7899535e-05,0.0012209377,0.0011520339
987,4.0942832e-05,0.0010677626,0.00091991195
988,4.492626e-05,0.0010265408,0.000994908
989,2.618899e-05,0.0008958428,0.00056736026
990,1.6635458e-05,0.0007934034,0.00034522268
991,1.2967567e-05,0.0006845603,0.00024291419
992,1.0913691e-05,0.0005964352,0.00018737446
993,1.4252224e-05,0.0006561813,0.00026029922
994,1.1836347e-05,0.0005664984,0.00019693957
995,2.9217561e-05,0.0007610856,0.00059991877
996,3.1353404e-05,0.0007245172,0.0006280854
997,4.396413e-05,0.0007692431,0.0009210767
998,3.4559598e-05,0.0006844647,0.00067018165
999,2.6823063e-05,0.00062927726,0.00048918044
1000,2.2244956e-05,0.0005907589,0.00038484688
1001,1.756602e-05,0.0005518896,0.00028681202
1002,1.4025504e-05,0.00051789806,0.00021614607
1003,2.0780266e-05,0.0005809843,0.00034725413
1004,1.7464115e-05,0.0005451267,0.0002757901
1005,1.8785147e-05,0.00056576193,0.00030086943
1006,2.6925152e-05,0.00062511605,0.00046452016
1007,2.2085242e-05,0.00057440926,0.0003560832
1008,1.8585624e-05,0.00055792055,0.00029096325
1009,1.4420725e-05,0.00052925356,0.00021589613
1010,1.2397434e-05,0.0005178478,0.0001805149
1011,1.0209977e-05,0.00048802543,0.00014025003
1012,7.891142e-06,0.00046610544,0.00010402555
1013,1.05580375e-05,0.0004982961,0.00014673237
1014,1.0067653e-05,0.0004616357,0.00013322002
1015,3.2824562e-05,0.00069463503,0.0005833092
1016,3.0206327e-05,0.0006277908,0.0005057694
1017,2.5229636e-05,0.0005522083,0.00038903125
1018,5.119128e-05,0.00071759237,0.0009350786
1019,0.00023508236,0.001266053,0.005041247
1020,0.0002187976,0.0010991454,0.004532813
1021,0.00015758732,0.0008733752,0.0031068316
1022,0.00011759,0.0007548837,0.0022114739
1023,8.625921e-05,0.00068163325,0.0015754875
1024,9.095692e-05,0.000668017,0.0016328773
1025,8.5918575e-05,0.00063354574,0.0014913874
1026,0.00033272008,0.0010116114,0.006033492
1027,0.0025251943,0.0019389902,0.015328132
1028,0.0015226315,0.0012110741,0.013240485
1029,0.0006896205,0.0007661942,0.009045048
1030,0.00062823074,0.00062552677,0.00811319
1031,0.0003979327,0.0004817157,0.00549612
1032,0.00023685436,0.0003947332,0.0034557232
1033,0.0005143277,0.000536797,0.0070789526
1034,0.0006025146,0.0005160826,0.007703549
1035,0.00067157566,0.0004657649,0.007978851
1036,0.00045926377,0.00036322323,0.0056593227
1037,0.00032806958,0.00031272994,0.004110461
1038,0.0002652679,0.00028271927,0.0032421171
1039,0.00021511602,0.0002574888,0.0025335685
1040,0.00017616777,0.00024446665,0.002024306
1041,0.00021234126,0.0002649976,0.002476724
1042,0.00017199914,0.00025027498,0.0019501862
1043,0.0001409478,0.0002447297,0.0015933602
1044,9.548189e-05,0.00022745668,0.0010812182
1045,6.7353925e-05,0.00021635533,0.0007608507
1046,0.000105405605,0.00027582308,0.0013604964
1047,0.000119070835,0.00029358553,0.0015618866
1048,9.8070865e-05,0.00028387204,0.0012545353
1049,0.00013639255,0.00033218638,0.0018573289
1050,0.00013370698,0.00031868066,0.001768485
1051,0.00011765003,0.00029697566,0.0014878757
1052,0.0001444066,0.00032528263,0.0018776868
1053,0.00017173626,0.00035948656,0.0023085675
1054,0.000114548246,0.0003251588,0.0015395504
1055,9.759658e-05,0.00030142558,0.00124663
1056,8.7624576e-05,0.00029142824,0.0010822068
1057,7.983801e-05,0.00028274514,0.0009545421
1058,7.7120014e-05,0.00028751473,0.0009148765
1059,6.425911e-05,0.0002820399,0.00074204244
1060,5.840499e-05,0.00028223917,0.00066158373
1061,4.6512352e-05,0.00028048785,0.00053050707
1062,3.4422326e-05,0.00027165655,0.00038813765
1063,5.5867084e-05,0.00035126324,0.0007395057
1064,6.443508e-05,0.00038750615,0.00089294
1065,5.4927263e-05,0.00036876797,0.00072707294
1066,4.5961544e-05,0.0003595421,0.0005891846
1067,3.161138e-05,0.00033926452,0.0004014156
1068,3.1438238e-05,0.00032855297,0.0003891143
1069,0.0008195198,0.0011537132,0.010715841
1070,0.0005259553,0.0007716881,0.0077002435
1071,0.0003639335,0.00056404364,0.0053842315
1072,0.0002470463,0.0004710832,0.0036814164
1073,0.00026566014,0.0004828292,0.0039548636
1074,0.00020432449,0.00042171509,0.0029366156
1075,0.00014900419,0.00038460054,0.0021251559
1076,0.00012428252,0.00034647572,0.0016771815
1077,0.00012153338,0.0003577056,0.0016595671
1078,0.00019972232,0.0004141436,0.0028439553
1079,0.00016329854,0.00036577327,0.0022049602
1080,0.00013731615,0.00033486888,0.0017667185
1081,0.00012178593,0.00032531613,0.001526895
1082,0.0001142431,0.00031527976,0.001392419
1083,0.00016129644,0.00035675315,0.0020542187
1084,0.00016137416,0.0003547231,0.0020244254
1085,0.00012451205,0.00033540567,0.0015319216
1086,0.00013476236,0.00033853482,0.0016483598
1087,0.000116677926,0.00030776192,0.0013534201
1088,9.1003734e-05,0.00029893455,0.0010527982
1089,7.417626e-05,0.00029261247,0.00083970046
1090,6.395008e-05,0.0002874276,0.00070249883
1091,5.2862863e-05,0.00028438558,0.0005689292
1092,4.720753e-05,0.0002699721,0.00048587678
1093,4.5303128e-05,0.00027467206,0.00046179976
1094,3.7323625e-05,0.00027354513,0.0003741334
1095,3.167927e-05,0.00027355592,0.0003111451
1096,2.7163389e-05,0.0002738989,0.00026112553
1097,2.372464e-05,0.0002739907,0.0002226144
1098,2.0760974e-05,0.00027433998,0.00019020791
1099,1.778972e-05,0.00027547358,0.00015978348
1100,1.6081362e-05,0.00026861383,0.00013936772
1101,1.4471479e-05,0.0002662664,0.00012177698
1102,1.4009743e-05,0.00025808116,0.000114818155
1103,1.217586e-05,0.00026023298,9.792912e-05
1104,1.0810726e-05,0.00026149148,8.5003914e-05
1105,1.8298342e-05,0.00032006283,0.00016567831
1106,5.4938846e-05,0.00048751273,0.0006656079
1107,4.662258e-05,0.0004779332,0.00054928724
1108,3.9899725e-05,0.00047000218,0.0004571177
1109,3.5453788e-05,0.0004511392,0.0003900469
1110,3.1437172e-05,0.00044062498,0.00033433014
1111,2.793617e-05,0.00043207582,0.00028766575
1112,3.1624382e-05,0.00044232843,0.00033097225
1113,2.8016544e-05,0.00043624078,0.0002847279
1114,2.5004661e-05,0.00042930906,0.0002464996
1115,2.2564742e-05,0.00041567898,0.00021452011
1116,2.0324645e-05,0.00040872928,0.00018741061
1117,1.843742e-05,0.0003968727,0.00016420429
1118,1.6700664e-05,0.00039090548,0.00014441526
1119,1.5604292e-05,0.00037601,0.00013055203
1120,1.4247511e-05,0.00036078435,0.00011479107
1121,1.3041823e-05,0.0003470622,0.00010131471
1122,1.1954747e-05,0.00034140132,9.023448e-05
1123,1.0899685e-05,0.00034058216,8.035265e-05
1124,9.942041e-06,0.0003401844,7.163029e-05
1125,9.159239e-06,0.00033151614,6.396825e-05
1126,9.157091e-06,0.00032792866,6.318069e-05
1127,1.2336987e-05,0.0003693448,9.2528266e-05
1128,1.1948725e-05,0.00037503493,8.8898196e-05
1129,1.1065956e-05,0.0003599767,7.9622114e-05
1130,1.0212605e-05,0.0003529065,7.142523e-05
1131,3.864226e-05,0.0005818509,0.00038990978
1132,3.4991754e-05,0.0005709523,0.00034345145
1133,3.172001e-05,0.00055469456,0.00030160512
1134,2.8866352e-05,0.0005345811,0.0002652528
1135,7.9737656e-05,0.00078825373,0.0009478638
1136,7.055636e-05,0.0007520516,0.0008091441
1137,6.278338e-05,0.00070544187,0.00069034944
1138,5.707815e-05,0.000666973,0.00060449436
1139,5.1418872e-05,0.0006273024,0.0005228332
1140,4.701919e-05,0.0005981417,0.00046219357
1141,4.2680265e-05,0.00057012145,0.00040445774
1142,0.00039119838,0.0013534693,0.0052077146
1143,0.0002993668,0.0011019438,0.003872588
1144,0.0019133057,0.0021447756,0.013325065
1145,0.0022538374,0.0018891526,0.01369343
1146,0.001290852,0.0012817287,0.0106328
1147,0.0035813688,0.0016443267,0.014878902
1148,0.0024969548,0.0012221014,0.013238272
1149,0.0023537239,0.0010235255,0.012633649
1150,0.001474142,0.0007469899,0.009755587
1151,0.0010085907,0.00058723555,0.007281036
1152,0.02017775,0.0023562647,0.017220166
1153,0.020198427,0.0044497373,0.017221913
1154,0.028629856,0.013439371,0.01735763
1155,0.020004373,0.021938132,0.01724569
1156,0.009092511,0.021062413,0.016693989
1157,0.0034598133,0.013069814,0.01476529
1158,0.0016629265,0.00774315,0.011527999
1159,0.0009897222,0.005249924,0.008439144
1160,0.00065826083,0.0038661594,0.0060149943
1161,0.00074612175,0.0036771845,0.006582742
1162,0.00053791277,0.0029555084,0.0048434827
1163,0.0006539685,0.0029254754,0.00571444
1164,0.0004924864,0.0024407923,0.004312018
1165,0.00038875852,0.002140765,0.003360254
1166,0.000320175,0.0019336201,0.0027100893
1167,0.00027092535,0.0017823043,0.0022407384
1168,0.00023541502,0.0016492807,0.0018955185
1169,0.00020890016,0.0015398256,0.0016405331
1170,0.0001986876,0.0014894317,0.0015411644
1171,0.00018143766,0.0014314494,0.0013821449
1172,0.0005088145,0.0021096147,0.0043417807
1173,0.00042065248,0.0018420465,0.003514221
1174,0.00059636537,0.0019901218,0.00492045
1175,0.00049428904,0.0017345642,0.0040131113
1176,0.00040379362,0.0015511934,0.003213874
1177,0.00034173345,0.0014143592,0.0026509976
1178,0.00029553822,0.0013108081,0.002232679
1179,0.00025914496,0.0012340616,0.0019095013
1180,0.0002618983,0.0012283088,0.0019243105
1181,0.00058140536,0.0016580191,0.0045328243
1182,0.00047320622,0.0014509273,0.0036129267
1183,0.00039746112,0.0013113071,0.002959099
1184,0.0004136015,0.0013037148,0.0030596715
1185,0.0009737871,0.0017801874,0.0068772766
1186,0.0007330449,0.0014773099,0.0052417708
1187,0.00058315706,0.001289639,0.004123019
1188,0.00048351934,0.0011616527,0.0033455086
1189,0.0004124815,0.0010692069,0.0027833795
1190,0.00053341675,0.0011648985,0.0036352654
1191,0.0066341357,0.0032223125,0.01562726
1192,0.007256022,0.0033456227,0.015741594
1193,0.0040907296,0.0026670652,0.013694616
1194,0.0024817593,0.0020050644,0.010921448
1195,0.0016445423,0.0015663053,0.008262001
1196,0.0011699741,0.0012994404,0.0061921193
1197,0.0008815285,0.0011337582,0.004726906
1198,0.0007142754,0.0010286528,0.0037862826
1199,0.00060563453,0.0009519981,0.0031434377
1200,0.0005281268,0.00089572294,0.0026799238
1201,0.00046446998,0.0008538091,0.0023061056
1202,0.0004024929,0.00082619756,0.0019682446
1203,0.00043132104,0.000866737,0.0021406068
1204,0.00089519034,0.0011325331,0.0046559954
1205,0.0017501932,0.0014500766,0.00817003
1206,0.0012900343,0.001211805,0.0062514003
1207,0.0011882916,0.0011340854,0.00570687
1208,0.0042872587,0.0018213672,0.012864206
1209,0.0047594076,0.0017799758,0.013141928
1210,0.003015102,0.0014474017,0.010430519
1211,0.0023699603,0.001268376,0.008782494
1212,0.0019758262,0.0011375463,0.007511809
1213,0.0024829812,0.001209098,0.008727152
1214,0.0019385315,0.001069451,0.0070943763
1215,0.0014515537,0.0009450839,0.0054386994
1216,0.0011653143,0.000864425,0.004341758
1217,0.00399938,0.0014139288,0.011224607
1218,0.0027858387,0.0011568044,0.008775215
1219,0.0020623354,0.0009835669,0.006788927
1220,0.0015316715,0.000879967,0.005163873
1221,0.0018615006,0.00094981125,0.0061084437
1222,0.0018202522,0.00091669004,0.005875191
1223,0.0014666469,0.00082759885,0.004705418
1224,0.001298494,0.00077837374,0.0041026683
1225,0.0010862097,0.000739952,0.0033835338
1226,0.0028890423,0.0011072502,0.008319949
1227,0.0064276736,0.0015599928,0.01295343
1228,0.0037333283,0.0013661232,0.009766161
1229,0.0024184017,0.0011753102,0.0070925322
1230,0.0016524214,0.0010373561,0.0051033967
1231,0.0013197339,0.000966602,0.0040746247
1232,0.0010845275,0.0009160985,0.0033214937
1233,0.008534983,0.0022950408,0.0143923275
1234,0.010413324,0.0029653728,0.015118321
1235,0.006034133,0.0028345585,0.012594431
1236,0.006763527,0.0031706032,0.01310958
1237,0.0045811846,0.002875028,0.010788354
1238,0.0029630465,0.002445934,0.008007683
1239,0.002225081,0.0021819435,0.0062601278
1240,0.0016713962,0.001957736,0.0047788504
1241,0.0013195572,0.0018120159,0.0038156277
1242,0.0014772823,0.0019248815,0.004312002
1243,0.0010877438,0.0017476812,0.0032120794
1244,0.0014012962,0.0019652357,0.004230345
1245,0.0011745037,0.0018470184,0.003524238
1246,0.00085600425,0.0016912596,0.0025989197
1247,0.0006693409,0.0015772888,0.00203383
1248,0.00054484606,0.0014954956,0.0016512201
1249,0.00043366966,0.001413401,0.001315602
1250,0.00034200135,0.001340049,0.0010412722
1251,0.00030436114,0.001322141,0.0009217133
1252,0.00035789696,0.0014474429,0.0011437087
1253,0.0002933504,0.0013846576,0.00093803706
1254,0.0002410772,0.0013287815,0.0007722228
1255,0.0005377712,0.0018676701,0.0020758926
1256,0.00041234956,0.0017221856,0.0015965186
1257,0.0003260367,0.0016136188,0.0012636469
1258,0.00028410333,0.0015729701,0.0010940554
1259,0.0005807109,0.002118934,0.0025799652
1260,0.0010595052,0.0026564659,0.0048669768
1261,0.00074677105,0.0022778204,0.0035066816
1262,0.00061204383,0.0021086347,0.0028829682
1263,0.0005098797,0.0019684322,0.0023723855
1264,0.000630515,0.0021532194,0.0030349873
1265,0.0005094553,0.001990786,0.002433723
1266,0.00036978128,0.0018016079,0.0017833128
1267,0.005507323,0.0055065425,0.014390633
1268,0.0027463888,0.0040351506,0.01106327
1269,0.0016870508,0.003058896,0.00807416
1270,0.0011966018,0.0025038482,0.006037709
1271,0.0011641368,0.00239525,0.0058756657
1272,0.00087493774,0.002071466,0.004470069
1273,0.0045380564,0.003959988,0.013410765
1274,0.0043605277,0.00371989,0.0130852545
1275,0.0037362634,0.0033060166,0.012127874
1276,0.03044522,0.0154529745,0.017355178
1277,0.023898045,0.02925426,0.017256519
1278,0.009892679,0.029295025,0.016501173
1279,0.003272373,0.016748957,0.013708015
1280,0.0014516611,0.009732358,0.0096080145
1281,0.0009224652,0.0069022095,0.006974958
1282,0.00063478044,0.005360544,0.0050496524
1283,0.0003999623,0.0044709463,0.003440501
1284,0.00024339194,0.0037420283,0.0021731118
1285,0.00019854805,0.0034144954,0.001747357
1286,0.00016817712,0.0031488468,0.0014522775
1287,0.00040570495,0.0043222597,0.003917748
1288,0.0004649362,0.0043258653,0.0045037726
1289,0.0005876407,0.0043845186,0.005575761
1290,0.0003741839,0.0034728926,0.0037290307
1291,0.00023597061,0.0028802692,0.0024236958
1292,0.00018082022,0.002607692,0.0018442336
1293,0.00012232468,0.0022901061,0.0012592525
1294,8.370104e-05,0.0020467856,0.0008673277
1295,5.621572e-05,0.0018635788,0.0005875457
1296,4.8356476e-05,0.0018126562,0.0004973246
1297,5.571057e-05,0.001882921,0.0005935237
1298,7.0823044e-05,0.0020268222,0.0008001256
1299,0.00011565042,0.0024185062,0.001459406
1300,9.878187e-05,0.0022075805,0.0012027996
1301,8.3141684e-05,0.002090697,0.0009896344
1302,5.8130063e-05,0.0018989574,0.0006921634
1303,5.1543608e-05,0.0017906699,0.00059486786
1304,0.00010032846,0.0022516947,0.0013427511
1305,0.000115981034,0.0023079715,0.00158695
1306,0.0001776321,0.0026319108,0.0025747863
1307,0.00036771662,0.0033009297,0.0053438554
1308,0.003936689,0.0075805727,0.015903985
1309,0.002438093,0.005014231,0.014464526
1310,0.0010209923,0.0030892598,0.010500921
1311,0.0004998899,0.0021021292,0.0065689567
1312,0.00027882837,0.0016190918,0.0040021157
1313,0.00016196418,0.0013825917,0.0024253693
1314,0.00010730135,0.0012115237,0.001609328
1315,6.9150396e-05,0.0010740471,0.0010383283
1316,7.55979e-05,0.0011074869,0.0011496684
1317,6.360915e-05,0.0010382299,0.00092768495
1318,4.4555403e-05,0.00095890526,0.0006429909
1319,3.612458e-05,0.0009209967,0.0005062746
1320,2.5500554e-05,0.00086072594,0.0003527367
1321,1.9311165e-05,0.000821405,0.00026127082
1322,1.4145249e-05,0.00077854685,0.00018754962
1323,1.0134642e-05,0.0007342584,0.00013166445
1324,8.026913e-06,0.000705978,0.000100765115
1325,6.4694987e-06,0.0006796596,7.8215286e-05
1326,4.8603765e-06,0.00064834696,5.7092602e-05
1327,4.1485036e-06,0.00059415255,4.552687e-05
1328,3.5599444e-06,0.0005428752,3.6481575e-05
1329,3.0607334e-06,0.0005171732,2.980692e-05
1330,2.6507207e-06,0.00047424206,2.4168601e-05
1331,2.4194821e-06,0.0004573182,2.1215463e-05
1332,1.9138593e-06,0.00044568558,1.6350104e-05
1333,1.6501411e-06,0.00039799817,1.3069696e-05
1334,1.5513857e-06,0.00039235756,1.1969912e-05
1335,4.6006717e-06,0.0005841399,4.829094e-05
1336,1.38912055e-05,0.00086988515,0.00019770813
1337,2.4659299e-05,0.0010343834,0.000400565
1338,2.1038226e-05,0.0009181646,0.00031816956
1339,3.9219143e-05,0.0011580901,0.000691063
1340,2.4756258e-05,0.0010358222,0.00043000592
1341,1.5160294e-05,0.0009277742,0.00025913323
1342,1.0597134e-05,0.0008544322,0.00017458596
1343,7.040751e-06,0.0007793384,0.00011209958
1344,4.6282958e-06,0.0007087282,7.096192e-05
1345,3.5797052e-06,0.00066241104,5.2168714e-05
1346,7.6134e-06,0.0008259549,0.00013264598
1347,7.035537e-06,0.00076294644,0.00011606234
1348,1.1913299e-05,0.0008827042,0.00022176017
1349,1.6891381e-05,0.0009628087,0.00033816553
1350,5.910315e-05,0.0014714636,0.0015517382
1351,4.7899648e-05,0.0012209354,0.0011520353
1352,4.0942934e-05,0.00106776,0.00091991446
1353,4.4926346e-05,0.0010265383,0.0009949098
1354,2.6189038e-05,0.0008958411,0.0005673613
1355,1.6635497e-05,0.00079340185,0.00034522323
1356,1.2967599e-05,0.0006845586,0.00024291466
1357,1.0913712e-05,0.00059643376,0.00018737481
1358,1.42522995e-05,0.00065618195,0.00026030093
1359,1.183641e-05,0.0005664989,0.00019694077
1360,2.9217716e-05,0.00076108635,0.0005999222
1361,3.1353564e-05,0.0007245182,0.00062808924
1362,4.3964363e-05,0.00076924387,0.00092108175
1363,3.455973e-05,0.0006844647,0.00067018444
1364,2.6823178e-05,0.0006292775,0.0004891828
1365,2.224505e-05,0.00059075915,0.00038484889
1366,1.756609e-05,0.0005518896,0.00028681336
1367,1.4025565e-05,0.0005178984,0.0002161472
1368,2.0780355e-05,0.00058098463,0.00034725593
1369,1.7464197e-05,0.0005451267,0.00027579165
1370,1.878522e-05,0.00056576193,0.00030087098
1371,2.6925281e-05,0.00062511605,0.00046452237
1372,2.2085349e-05,0.00057440926,0.00035608505
1373,1.8585695e-05,0.00055792084,0.00029096473
1374,1.4420787e-05,0.00052925356,0.00021589723
1375,1.2397493e-05,0.00051784806,0.00018051584
1376,1.0210026e-05,0.00048802543,0.0001402507
1377,7.891172e-06,0.00046610544,0.00010402605
1378,1.0558077e-05,0.0004982964,0.00014673313
1379,1.0067702e-05,0.0004616357,0.00013322064
1380,3.282469e-05,0.00069463503,0.00058331195
1381,3.0206471e-05,0.0006277908,0.0005057721
1382,2.522973e-05,0.00055220857,0.00038903314
1383,5.1191502e-05,0.0007175927,0.0009350832
1384,0.00023508324,0.001266053,0.0050412673
1385,0.00021879854,0.0010991459,0.0045328303
1386,0.00015758799,0.0008733752,0.0031068434
1387,0.00011759044,0.0007548833,0.0022114823
1388,8.625941e-05,0.00068163156,0.0015754903
1389,9.095709e-05,0.00066801574,0.00163288
1390,8.5918735e-05,0.0006335445,0.00149139
1391,0.00033272072,0.0010116086,0.0060335016
1392,0.0025252,0.0019389855,0.015328137
1393,0.0015226351,0.0012110713,0.013240492
1394,0.00068962085,0.0007661908,0.009045043
1395,0.00062823104,0.00062552385,0.008113183
1396,0.00039793365,0.00048171481,0.0054961275
1397,0.00023685482,0.00039473243,0.003455727
1398,0.00051432865,0.00053679576,0.007078961
1399,0.00060251576,0.0005160817,0.007703557
1400,0.0006715773,0.0004657638,0.007978858
1401,0.00045926485,0.00036322256,0.005659328
1402,0.00032807037,0.00031272936,0.004110467
1403,0.0002652684,0.00028271874,0.003242122
1404,0.00021511642,0.0002574883,0.0025335727
1405,0.0001761681,0.0002444662,0.0020243095
1406,0.00021234168,0.00026499695,0.0024767283
1407,0.00017199939,0.00025027522,0.0019501889
1408,0.000140948,0.00024472992,0.0015933624
1409,9.548198e-05,0.0002274569,0.0010812196
1410,6.735402e-05,0.00021635555,0.00076085137
1411,0.00010540576,0.00027582332,0.001360498
1412,0.000119070995,0.00029358585,0.0015618887
1413,9.807096e-05,0.00028387233,0.001254537
1414,0.00013639269,0.0003321867,0.0018573313
1415,0.00013370719,0.00031868098,0.0017684863
1416,0.00011765019,0.00029697592,0.0014878777
1417,0.00014440675,0.00032528295,0.0018776893
1418,0.00017173648,0.0003594869,0.0023085694
1419,0.000114548406,0.0003251591,0.0015395524
1420,9.759677e-05,0.00030142584,0.0012466316
1421,8.762466e-05,0.0002914285,0.0010822084
1422,7.983813e-05,0.0002827454,0.00095454295
1423,7.712012e-05,0.000287515,0.0009148774
1424,6.42592e-05,0.00028204016,0.0007420435
1425,5.8405076e-05,0.00028223943,0.00066158467
1426,4.6512418e-05,0.0002804881,0.00053050776
1427,3.442236e-05,0.00027165678,0.0003881382
1428,5.586716e-05,0.0003512636,0.00073950674
1429,6.443521e-05,0.00038750656,0.0008929412
1430,5.492734e-05,0.0003687683,0.00072707393
1431,4.596161e-05,0.0003595424,0.00058918534
1432,3.1611427e-05,0.00033926484,0.00040141615
1433,3.1438278e-05,0.0003285533,0.0003891149
1434,0.00081952126,0.0011537143,0.010715847
1435,0.00052595604,0.0007716889,0.0077002496
1436,0.00036393406,0.00056404417,0.005384235
1437,0.0002470463,0.0004710832,0.0036814164
1438,0.00026566014,0.0004828292,0.0039548636
1439,0.00020432449,0.00042171509,0.0029366156
1440,0.00014900419,0.00038460054,0.0021251559
1441,0.00012428252,0.00034647572,0.0016771815
1442,0.00012153338,0.0003577056,0.0016595671
1443,0.00019972232,0.0004141436,0.0028439553
1444,0.00016329854,0.00036577327,0.0022049602
1445,0.00013731615,0.00033486888,0.0017667185
1446,0.00012178593,0.00032531613,0.001526895
1447,0.0001142431,0.00031527976,0.001392419
1448,0.00016129644,0.00035675315,0.0020542187
1449,0.00016137416,0.0003547231,0.0020244254
1450,0.00012451205,0.00033540567,0.0015319216
1451,0.00013476236,0.00033853482,0.0016483598
1452,0.000116677926,0.00030776192,0.0013534201
1453,9.1003734e-05,0.00029893455,0.0010527982
1454,7.417626e-05,0.00029261247,0.00083970046
1455,6.395008e-05,0.0002874276,0.00070249883
1456,5.2862863e-05,0.00028438558,0.0005689292
1457,4.720753e-05,0.0002699721,0.00048587678
1458,4.5303128e-05,0.00027467206,0.00046179976
1459,3.7323625e-05,0.00027354513,0.0003741334
1460,3.167927e-05,0.00027355592,0.0003111451
1461,3.0147829e-05,0.00026428115,0.00028722387
1462,3.3788536e-05,0.0002749331,0.00032901534
1463,3.726721e-05,0.00028317465,0.00036847751
1464,3.579289e-05,0.0002761685,0.00034583025
1465,4.425807e-05,0.00030027778,0.00044790792
1466,3.9185798e-05,0.00029771822,0.00038566953
1467,3.5392248e-05,0.00028737992,0.00033541187
1468,3.3118737e-05,0.00027961412,0.0003056698
1469,3.094312e-05,0.00027111795,0.00027678374
1470,2.7822227e-05,0.00027048148,0.00024265781
1471,2.5010477e-05,0.00027058905,0.00021296882
1472,2.2865708e-05,0.0002634672,0.00018830414
1473,2.2619086e-05,0.00025876277,0.00018302686
1474,2.2125292e-05,0.0002578758,0.00017637585
1475,6.5945045e-05,0.00039501634,0.00070321735
1476,5.9043447e-05,0.0003711478,0.0006021175
1477,5.7484114e-05,0.00038278513,0.00058694615
1478,5.1769704e-05,0.00036131873,0.0005064126
1479,4.594948e-05,0.00035939852,0.00043876184
1480,4.16126e-05,0.0003524623,0.0003855591
1481,3.7925514e-05,0.00033999627,0.00033925136
1482,3.4671346e-05,0.0003302817,0.000300195
1483,3.1509127e-05,0.00032876205,0.00026629984
1484,2.890559e-05,0.0003229204,0.00023743002
1485,6.0252605e-05,0.00042899582,0.0005996829
1486,5.438267e-05,0.00041819806,0.00052468444
1487,4.8912156e-05,0.0004132418,0.00045976066
1488,4.5972334e-05,0.00040421568,0.00042279708
1489,4.5809073e-05,0.0003989384,0.00041587575
1490,0.000115670606,0.00056661933,0.0013019916
1491,0.00013128783,0.0005877958,0.0014992737
1492,0.000114436705,0.00056026166,0.001262181
1493,0.00010011399,0.0005414707,0.0010709023
1494,8.847762e-05,0.00052558846,0.0009183906
1495,7.904156e-05,0.0005100239,0.0007955705
1496,7.05978e-05,0.0005002666,0.0006916873
1497,6.371741e-05,0.0004887337,0.00060664606
1498,5.7726305e-05,0.00047900734,0.00053470937
1499,5.2594976e-05,0.0004682708,0.0004736419
1500,4.7830454e-05,0.00046307023,0.00042046764
1501,4.386095e-05,0.00045308375,0.00037512736
1502,4.0164727e-05,0.00044850283,0.00033554068
1503,4.1518786e-05,0.0004510227,0.00034681984
1504,3.8611095e-05,0.00044525112,0.0003153395
1505,3.553039e-05,0.00044121552,0.0002836812
1506,3.266726e-05,0.00043950073,0.0002554765
1507,3.0001696e-05,0.00043947474,0.00023017346
1508,2.769096e-05,0.00043779754,0.00020816446
1509,2.5675974e-05,0.00043340345,0.00018878402
1510,2.3779712e-05,0.00043186115,0.00017139391
1511,2.2019585e-05,0.00043147278,0.00015574183
1512,2.0188792e-05,0.00043532345,0.0001406697
1513,1.8826215e-05,0.00042750908,0.0001280791
1514,1.7558219e-05,0.0004141452,0.00011616783
1515,1.7958584e-05,0.000418757,0.00011893076
1516,1.6571068e-05,0.0004226163,0.00010815229
1517,1.5938056e-05,0.0004281131,0.00010317079
1518,1.491629e-05,0.0004202313,9.4338044e-05
1519,1.3975035e-05,0.00041298528,8.640145e-05
1520,1.31053275e-05,0.0004071922,7.929794e-05
1521,1.2133861e-05,0.00041187316,7.2456714e-05
1522,1.1370912e-05,0.00041045708,6.668271e-05
1523,1.0830851e-05,0.00040388992,6.230595e-05
1524,1.0270664e-05,0.00040272396,5.8147583e-05
1525,1.2293336e-05,0.00043050063,7.290519e-05
1526,1.1546559e-05,0.0004260411,6.7136876e-05
1527,1.2134919e-05,0.0004356785,7.1271774e-05
1528,1.4220279e-05,0.0004621584,8.6966545e-05
1529,1.3348473e-05,0.00045646811,8.00063e-05
1530,1.5827774e-05,0.0004888203,9.926639e-05
1531,1.8706905e-05,0.00052697415,0.00012325251
1532,1.8370183e-05,0.00052397867,0.00011985905
1533,2.5043568e-05,0.00059220823,0.00017792835
1534,3.9561117e-05,0.00071167725,0.00031956064
1535,6.9107366e-05,0.0008886934,0.0006479865
1536,6.2890686e-05,0.00084852,0.00057167624
1537,5.7451096e-05,0.0008202184,0.00050818775
1538,0.00015726744,0.0012005655,0.0017369861
1539,0.00014752717,0.0011428263,0.0015944904
1540,0.00012958611,0.001058208,0.0013490226
1541,0.00011499643,0.0009957891,0.001157311
1542,0.00011638542,0.0009897279,0.0011653905
1543,0.00020974518,0.001229741,0.0023184663
1544,0.00017979613,0.0011280072,0.0019177903
1545,0.00015655275,0.0010497941,0.0016135006
1546,0.00013813788,0.0009800589,0.0013746661
1547,0.00013203305,0.00095367915,0.0012947359
1548,0.00018825504,0.0010838433,0.001960597
1549,0.00016344017,0.0010184407,0.001650188
1550,0.00014401069,0.0009620716,0.0014091444
1551,0.00012814796,0.0009155116,0.0012167313
1552,0.000123289,0.0008974834,0.0011537052
1553,0.00012908597,0.0008999243,0.0012088044
1554,0.00011615264,0.00085338525,0.0010539433
1555,0.00010548772,0.0008225894,0.00093214726
1556,0.00020319277,0.0010496527,0.0020288306
1557,0.019108554,0.007959078,0.017262347
1558,0.031834994,0.031981092,0.017383639
1559,0.023479229,0.042997137,0.017344657
1560,0.0084432345,0.033386324,0.017003775
1561,0.0027142272,0.016721508,0.015583359
1562,0.001758742,0.010262183,0.014272032
1563,0.0012207679,0.006616785,0.012586298
1564,0.00077267445,0.004259058,0.009866615
1565,0.00057646516,0.0030451033,0.00784246
1566,0.00044689875,0.002379778,0.006217187
1567,0.0003885207,0.00198562,0.0053164703
1568,0.00061783363,0.0021680128,0.007635594
1569,0.00045474913,0.0016848342,0.005754087
1570,0.0003437074,0.001347147,0.004266262
1571,0.00028664657,0.0011644744,0.0034488174
1572,0.00024603814,0.0010419894,0.002873182
1573,0.00021537201,0.0009506024,0.0024400507
1574,0.00018945186,0.0008700318,0.0020684276
1575,0.00016750171,0.0008100185,0.0017661767
1576,0.00016407362,0.00079675927,0.0017067464
1577,0.0001605646,0.00078228716,0.0016465586
1578,0.00051202584,0.0012180664,0.005579679
1579,0.0004724318,0.0010716537,0.0050388263
1580,0.00038078314,0.0009135428,0.003965372
1581,0.00034752968,0.00083354756,0.0035182172
1582,0.0002893564,0.0007528894,0.0028380516
1583,0.00025829163,0.0007054271,0.0024634863
1584,0.00024523542,0.0006832434,0.0022946896
1585,0.0004727031,0.0008572132,0.0045314743
1586,0.0003838967,0.0007493978,0.0035802417
1587,0.00037055093,0.0007120044,0.0033783147
1588,0.000308975,0.0006571531,0.002744666
1589,0.00027920486,0.0006238836,0.0024191244
1590,0.00024464334,0.0005824377,0.0020505907
1591,0.00021702128,0.0005516969,0.0017637152
1592,0.00046927002,0.0007351373,0.0040740147
1593,0.001123365,0.0009817072,0.008454455
1594,0.0008151817,0.0007712025,0.0063621867
1595,0.0007521768,0.00070081407,0.005768907
1596,0.03017274,0.0061009848,0.01736995
1597,0.026267966,0.013869668,0.017339308
1598,0.015903788,0.019883484,0.01715246
1599,0.0065333103,0.01640916,0.016309796
1600,0.0026408345,0.009907657,0.013927061
1601,0.0012840955,0.006092776,0.0103078
1602,0.0007641289,0.004255671,0.007191647
1603,0.0005186784,0.0033262973,0.005110588
1604,0.00042525103,0.00287866,0.0041754055
1605,0.0010153858,0.0037794865,0.008618824
1606,0.00066876825,0.0028689287,0.00614647
1607,0.0004819161,0.0023669873,0.0045090546
1608,0.00037482145,0.0020625233,0.00347096
1609,0.0003035881,0.0018808022,0.0027880382
1610,0.00024955234,0.001736371,0.0022502008
1611,0.00021664955,0.0016227544,0.0019071044
1612,0.00035546164,0.0019964424,0.0033527708
1613,0.0003029818,0.0018444068,0.002820357
1614,0.00045426431,0.002075432,0.0042652194
1615,0.0007550012,0.002357406,0.0066669025
1616,0.0006034583,0.0019401083,0.0053439527
1617,0.00059540087,0.0017693463,0.0051616747
1618,0.00060092687,0.0016993469,0.0051381057
1619,0.00039278265,0.0014100695,0.0034841024
1620,0.00031980436,0.0012883605,0.0027849497
1621,0.00026090493,0.0012041826,0.002242582
1622,0.00022128412,0.0011436708,0.0018650764
1623,0.00021444331,0.0011288654,0.0017923181
1624,0.00092397636,0.001968434,0.0076191155
1625,0.00062832044,0.0015804911,0.005468431
1626,0.0009429399,0.0017149469,0.0074961334
1627,0.0006898909,0.001388861,0.005624377
1628,0.0005093809,0.0011959994,0.0041955286
1629,0.0003662872,0.0010529938,0.0030679917
1630,0.00052470155,0.0011868853,0.0043984638
1631,0.000413817,0.0010663121,0.0034382932
1632,0.00039888846,0.0010199314,0.00325576
1633,0.00026646577,0.0009066031,0.0022214397
1634,0.00020688951,0.0008523068,0.0017489255
1635,0.00018448726,0.0008337345,0.0015363089
1636,0.00016327621,0.00080989016,0.0013306257
1637,0.00014623287,0.00078966335,0.0011663806
1638,0.00050313835,0.001306327,0.004641736
1639,0.0003634044,0.0011379068,0.0033832195
1640,0.00023484325,0.001004957,0.00224455
1641,0.00018364756,0.0009419591,0.0017402258
1642,0.00017519294,0.0009252181,0.0016381937
1643,0.0002258147,0.0010051139,0.0021812718
1644,0.00019367985,0.00095221744,0.0018235449
1645,0.00017266402,0.0009133406,0.0015868751
1646,0.00015551601,0.0008681681,0.0013890085
1647,0.000114285234,0.00081145274,0.001032724
1648,9.3005285e-05,0.00078986224,0.00083388586
1649,8.0674705e-05,0.0007818012,0.00071323226
1650,6.437941e-05,0.00076183624,0.0005686636
1651,5.4357635e-05,0.0007553108,0.00047575028
1652,4.875544e-05,0.00075257354,0.00041970282
1653,7.2918316e-05,0.00092312956,0.0007115681
1654,6.5509244e-05,0.0009021052,0.00062421913
1655,5.9406364e-05,0.00087649364,0.0005515461
1656,4.6396948e-05,0.00084839476,0.00042925918
1657,3.7846617e-05,0.0008340267,0.0003476444
1658,3.3115048e-05,0.0008312092,0.00029978916
1659,3.951419e-05,0.0008796262,0.0003725693
1660,4.4742515e-05,0.00093164964,0.00043587145
1661,4.0164403e-05,0.00091711176,0.00038270038
1662,2.7839626e-05,0.000854106,0.00026621818
1663,2.1852418e-05,0.00083173264,0.00020762594
1664,1.9130182e-05,0.000826986,0.00017846575
1665,1.6670103e-05,0.0008229067,0.00015283121
1666,2.0219873e-05,0.0008916473,0.0001952792
1667,2.3315975e-05,0.0009374962,0.00023295904
1668,1.8739413e-05,0.0009173257,0.00018529408
1669,1.7894432e-05,0.0009014869,0.00017381732
1670,2.7985141e-05,0.0010712575,0.00030681255
1671,4.3051437e-05,0.0012332784,0.0005239092
1672,8.974184e-05,0.0015901586,0.0012833813
1673,0.00053667434,0.0030982925,0.0078332005
1674,0.003947584,0.005864921,0.016028965
1675,0.0019179602,0.003527361,0.013786032
1676,0.0010582863,0.0022250155,0.010545647
1677,0.00064316473,0.0015878555,0.007448498
1678,0.00044988515,0.0012543094,0.0053688325
1679,0.00034112856,0.0010619871,0.0040227724
1680,0.0002639855,0.00094570505,0.0030611828
1681,0.00021612983,0.0008670882,0.002436496
1682,0.00017302278,0.0008124858,0.0019144787
1683,0.00016258682,0.0007856504,0.0017615256
1684,0.00019601504,0.0008320539,0.002160555
1685,0.0003300151,0.0009875961,0.0037533888
1686,0.00026046555,0.0008898433,0.0029032566
1687,0.00028067108,0.000913728,0.003131129
1688,0.00018058947,0.0008048543,0.00205657
1689,0.000119831195,0.0007267309,0.0013778587
1690,9.972994e-05,0.00070245715,0.0011222893
1691,8.39651e-05,0.0006964825,0.00095856615
1692,9.247944e-05,0.0007394747,0.0010814797
1693,0.00010036029,0.0007495335,0.0011783618
1694,8.924557e-05,0.0007387015,0.0010312131
1695,7.439873e-05,0.0007192905,0.0008424243
1696,5.5078377e-05,0.00068335724,0.0006201173
1697,4.158954e-05,0.00065615505,0.00046450135
1698,3.2877586e-05,0.0006399049,0.00036249755
1699,2.9317524e-05,0.00062065263,0.0003123321
1700,2.6328518e-05,0.00059396774,0.0002697756
1701,1.9065663e-05,0.0005675521,0.00019448384
1702,2.5664747e-05,0.00063856243,0.00028243614
1703,2.0283967e-05,0.0006239719,0.00022000106
1704,3.4849712e-05,0.00075089606,0.000431527
1705,0.000107781605,0.0011337303,0.0017076428
1706,0.00013651146,0.0011717475,0.0021887484
1707,0.000115334784,0.0010377205,0.0017549526
1708,8.679674e-05,0.0009604338,0.0012937762
1709,8.1683655e-05,0.000895404,0.0011754006
1710,0.00010940388,0.0009685919,0.0016353297
1711,0.00011826116,0.001005503,0.0017908914
1712,9.792297e-05,0.00093081436,0.001423185
1713,9.374556e-05,0.0008996407,0.0013322608
1714,7.85561e-05,0.00085212407,0.0010771175
1715,4.8701906e-05,0.0008056246,0.00067541987
1716,3.0238363e-05,0.00076313317,0.00042201873
1717,2.0429472e-05,0.0007077457,0.00028190948
1718,1.4016649e-05,0.0006606765,0.00019034199
1719,9.144405e-06,0.000610036,0.00012233495
1720,6.6297694e-06,0.00057651126,8.6085536e-05
1721,4.9742634e-06,0.0005478587,6.231936e-05
1722,4.1818735e-06,0.0005033277,4.880903e-05
1723,1.259798e-05,0.0007443228,0.00019847216
1724,2.1392207e-05,0.00084825343,0.0003756008
1725,1.7589544e-05,0.00075619546,0.00028510878
1726,1.41623705e-05,0.00071138993,0.000217629
1727,8.490002e-06,0.00065661775,0.00012892506
1728,5.831652e-06,0.0006070105,8.538868e-05
1729,4.4037374e-06,0.00056744966,6.1134386e-05
1730,3.3135514e-06,0.0005307241,4.362387e-05
1731,2.2789145e-06,0.00049425184,2.917228e-05
1732,1.7825118e-06,0.00045731384,2.129071e-05
1733,1.4411045e-06,0.00041645017,1.5879887e-05
1734,9.569377e-07,0.0003843215,1.016086e-05
1735,9.091813e-07,0.00035022962,9.089967e-06
1736,7.415641e-07,0.00032024988,6.8492973e-06
1737,6.634788e-07,0.0002949233,5.742874e-06
1738,7.9132616e-07,0.00029893412,6.9546813e-06
1739,1.3325641e-06,0.00034384345,1.3212407e-05
1740,1.1659678e-06,0.00030760118,1.0690794e-05
1741,9.638378e-07,0.00029145033,8.329223e-06
1742,7.4457654e-07,0.00027961572,6.1709725e-06
1743,6.4051324e-07,0.0002541194,4.924436e-06
1744,6.3294794e-07,0.00023946638,4.6775795e-06
1745,5.7695274e-07,0.00022360474,4.063417e-06
1746,1.9750132e-06,0.00035277705,1.960257e-05
1747,1.7363835e-05,0.00078237255,0.00031593104
1748,2.3033617e-05,0.0008285247,0.00044023598
1749,2.216401e-05,0.00077486556,0.00040597544
1750,2.028207e-05,0.00072816137,0.00035466495
1751,1.612256e-05,0.00067759975,0.00026565316
1752,1.1933681e-05,0.0006344496,0.00018834039
1753,7.767689e-06,0.0005810535,0.00011906324
1754,9.17128e-06,0.0006254467,0.00014698088
1755,1.0797264e-05,0.00067544903,0.00018150672
1756,8.623231e-06,0.0006195329,0.00013484883
1757,3.1520027e-05,0.0009963514,0.00068674405
1758,2.9842178e-05,0.0009041527,0.0006177923
1759,4.6201694e-05,0.0010263834,0.0010397455
1760,0.0001434783,0.0014669166,0.0036612973
1761,0.00017801658,0.0014385923,0.004387017
1762,0.00046825391,0.0018579592,0.009239047
1763,0.00030416355,0.0012395132,0.0063655553
1764,0.00020205502,0.00091523014,0.004160808
1765,0.000112252485,0.0007400028,0.0023703454
1766,6.5001834e-05,0.00063362817,0.0013681683
1767,5.9544775e-05,0.0005992009,0.0012081208
1768,4.0764917e-05,0.0005405186,0.0007954466
1769,3.244319e-05,0.00045566584,0.0005712251
1770,2.427223e-05,0.00042635543,0.00040762042
1771,1.5620617e-05,0.00039124666,0.0002552133
1772,1.24770995e-05,0.00036315402,0.00019032904
1773,1.0286038e-05,0.00032566235,0.00014409955
1774,1.3372214e-05,0.0003541865,0.00019736458
1775,1.1062717e-05,0.0003257564,0.00015169491
1776,8.7823055e-06,0.00031134766,0.000114533184
1777,7.0780875e-06,0.00029761225,8.759024e-05
1778,5.8809196e-06,0.00028179926,6.853286e-05
1779,4.930041e-06,0.00027526257,5.5350945e-05
1780,6.121313e-06,0.00028133453,7.046558e-05
1781,8.905809e-06,0.00032747543,0.00011303234
1782,9.531921e-06,0.00034778754,0.00012415701
1783,1.1010508e-05,0.0003510971,0.00014527346
1784,9.207797e-06,0.00030798963,0.00011108801
1785,6.9381094e-06,0.0002968606,8.1055834e-05
1786,5.6694525e-06,0.00028662613,6.320834e-05
1787,4.422383e-06,0.00027746012,4.7484e-05
1788,3.554605e-06,0.00026858388,3.6547146e-05
1789,4.441214e-06,0.00028353132,4.7427067e-05
1790,5.0777826e-06,0.0002887319,5.4839733e-05
1791,4.5547868e-06,0.000290043,4.8372527e-05
1792,3.9522224e-06,0.0002749075,3.9683946e-05
1793,6.918061e-06,0.0003237537,7.9152414e-05
1794,8.847439e-06,0.00034801237,0.000106945634
1795,8.780924e-06,0.00032940833,0.000102416794
1796,1.8563936e-05,0.00042898665,0.00026185333
1797,4.0973027e-05,0.0005690321,0.00070162566
1798,3.214144e-05,0.00053570897,0.0005253572
1799,2.6123533e-05,0.0005052665,0.0004050572
1800,2.2238257e-05,0.00047637278,0.00032661666
1801,1.6347687e-05,0.00045261168,0.00023297263
1802,2.0423153e-05,0.00047711987,0.00030316444
1803,1.7785484e-05,0.00043286936,0.00024735281
1804,1.573997e-05,0.00039405943,0.00020553886
1805,1.3439665e-05,0.00037240417,0.00016587187
1806,1.3873213e-05,0.0003750397,0.00017008319
1807,1.1283602e-05,0.00036547708,0.00013346906
1808,1.0558963e-05,0.0003423711,0.000119456265
1809,9.451841e-06,0.00031787856,0.00010135901
1810,8.208841e-06,0.00029011338,8.2255196e-05
1811,7.150662e-06,0.0002636383,6.690265e-05
1812,6.8487675e-06,0.00024925737,6.1593026e-05
1813,5.9464696e-06,0.00024754382,5.1864474e-05
1814,5.2751357e-06,0.00023314031,4.361088e-05
1815,5.102292e-06,0.00024072542,4.212055e-05
1816,4.5289785e-06,0.00022391554,3.530874e-05
1817,4.075791e-06,0.00021271627,3.0290255e-05
1818,3.6497859e-06,0.0001999363,2.5750858e-05
1819,3.251848e-06,0.00019832543,2.2226364e-05
1820,2.9320338e-06,0.00018881726,1.9132402e-05
1821,2.63241e-06,0.00017520272,1.6261032e-05
1822,6.3395773e-06,0.00024273212,5.0143808e-05
1823,7.717548e-06,0.0002544705,6.335686e-05
1824,7.07294e-06,0.00024142598,5.570944e-05
1825,6.5075847e-06,0.00022983534,4.9275288e-05
1826,6.0525085e-06,0.00021730205,4.393806e-05
1827,5.4827447e-06,0.00021390193,3.851353e-05
1828,4.8454344e-06,0.00021529972,3.3275548e-05
1829,4.392699e-06,0.0002031759,2.8784385e-05
1830,3.9057736e-06,0.0002047193,2.5034213e-05
1831,3.5777362e-06,0.000208195,2.259564e-05
1832,3.2478442e-06,0.000206929,1.994015e-05
1833,3.0715105e-06,0.00019727471,1.8195611e-05
1834,2.7803937e-06,0.00019782991,1.6077674e-05
1835,2.5280613e-06,0.000197807,1.42546505e-05
1836,2.283618e-06,0.00019902975,1.2592561e-05
1837,2.02991e-06,0.0002014282,1.0989051e-05
1838,1.8318366e-06,0.00020282659,9.704168e-06
1839,1.6522763e-06,0.00020435486,8.569102e-06
1840,1.4908493e-06,0.00020591562,7.5709136e-06
1841,1.3342374e-06,0.00020812187,6.6481243e-06
1842,1.3412244e-06,0.00021131337,6.652721e-06
1843,3.171774e-06,0.00028890523,2.0017093e-05
1844,3.0356805e-06,0.00027946732,1.8624003e-05
1845,3.278832e-06,0.0002810275,2.0229327e-05
1846,4.1229214e-06,0.0003083196,2.713472e-05
1847,3.7780203e-06,0.00029511563,2.3915483e-05
1848,3.468254e-06,0.0002870038,2.1231504e-05
1849,3.1867658e-06,0.00028189676,1.8934305e-05
1850,2.9322434e-06,0.00027713866,1.691978e-05
1851,2.6852138e-06,0.00027656945,1.5129997e-05
1852,2.456798e-06,0.00027667568,1.3532557e-05
1853,2.2595364e-06,0.00026337153,1.1966051e-05
1854,2.0882142e-06,0.00026031063,1.07702435e-05
1855,1.9335414e-06,0.00025645632,9.704686e-06
1856,1.791279e-06,0.00025366113,8.762767e-06
1857,1.6601306e-06,0.0002516448,7.924971e-06
1858,2.3179985e-06,0.0002888711,1.21469575e-05
1859,5.93088e-06,0.00041792137,4.0986495e-05
1860,5.714625e-06,0.00040858224,3.873185e-05
1861,5.2597456e-06,0.00039721906,3.454147e-05
1862,4.8422335e-06,0.00039123345,3.0952568e-05
1863,4.461495e-06,0.0003861506,2.7784978e-05
1864,4.11993e-06,0.00037954337,2.496875e-05
1865,3.8949725e-06,0.0003688149,2.298149e-05
1866,3.6182726e-06,0.00035299244,2.0626143e-05
1867,3.3682927e-06,0.0003418497,1.8624065e-05
1868,3.1300788e-06,0.00033367926,1.6822612e-05
1869,2.9124603e-06,0.00032643598,1.52298135e-05
1870,2.8607449e-06,0.00032643616,1.4796444e-05
1871,2.6659354e-06,0.0003181588,1.34059765e-05
1872,2.5900104e-06,0.0003156439,1.2870802e-05
1873,2.4180106e-06,0.0003083095,1.1694887e-05
1874,2.2590152e-06,0.0003002297,1.062609e-05
1875,2.113654e-06,0.0002935317,9.684145e-06
1876,5.9655576e-06,0.00043476233,3.682698e-05
1877,5.54241e-06,0.00042652004,3.334535e-05
1878,5.1545676e-06,0.00041554432,3.016397e-05
1879,4.800096e-06,0.00040830937,2.740099e-05
1880,5.278069e-06,0.00042049534,3.0713345e-05
1881,4.939919e-06,0.00040945673,2.7991739e-05
1882,4.609801e-06,0.00040113705,2.5469804e-05
1883,4.304585e-06,0.0003959803,2.3249637e-05
1884,4.024407e-06,0.00038794277,2.1202675e-05
1885,3.764879e-06,0.00037852017,1.9327339e-05
1886,3.5261016e-06,0.00036990547,1.7650176e-05
1887,3.3063773e-06,0.00036482402,1.618658e-05
1888,3.3704484e-06,0.00036516477,1.6457972e-05
1889,1.4829841e-05,0.00064820703,0.00011165741
1890,1.3907151e-05,0.0006262939,0.00010200714
1891,5.5606255e-05,0.0010578298,0.00059475517
1892,6.245018e-05,0.0010977082,0.00068861106
1893,5.5845092e-05,0.0010286047,0.00059243356
1894,5.6864497e-05,0.0010242292,0.0006027366
1895,5.11334e-05,0.0009714632,0.00052333414
1896,4.5889286e-05,0.0009476167,0.00045771414
1897,4.214687e-05,0.0009074758,0.00040856877
1898,3.8305265e-05,0.0008679936,0.00035950186
1899,4.7029673e-05,0.0009280295,0.00046303906
1900,0.000101707876,0.0012435355,0.0012090286
1901,9.555215e-05,0.0011858894,0.0011178915
1902,8.718874e-05,0.0011312343,0.0009950296
1903,7.7245524e-05,0.001068523,0.000851029
1904,6.892633e-05,0.0010059128,0.0007320135
1905,6.227784e-05,0.00095228094,0.0006391039
1906,5.614375e-05,0.000897406,0.00055542117
1907,5.2172192e-05,0.00086788245,0.00050442776
1908,4.7418926e-05,0.00082784164,0.00044363496
1909,4.326744e-05,0.0007961578,0.00039273372
1910,4.1200234e-05,0.0007777072,0.00036685032
1911,3.7767975e-05,0.00075464,0.00032724885
1912,4.5572564e-05,0.00080988166,0.00041417984
1913,4.86876e-05,0.00082362175,0.00044758315
1914,9.3588824e-05,0.001048587,0.0010136758
1915,8.858651e-05,0.001004484,0.00094584445
1916,8.5135194e-05,0.0009805601,0.00089875696
1917,7.7422315e-05,0.00093258324,0.0007921454
1918,8.1065846e-05,0.0009368266,0.00083237933
1919,7.7159726e-05,0.0009012098,0.00077468157
1920,0.00038655306,0.0016779219,0.0048017567
1921,0.00030144007,0.0014012883,0.0036432706
1922,0.0002455184,0.0012261868,0.0028651748
1923,0.0006744386,0.0017287523,0.0073182317
1924,0.00049581303,0.0013490473,0.0054445025
1925,0.0003844825,0.001122249,0.00414083
1926,0.00031252846,0.0009790821,0.0032621599
1927,0.00036217718,0.0009844888,0.003722654
1928,0.0002999889,0.00087427767,0.0029829652
1929,0.0002741937,0.0008115926,0.0026490763
1930,0.00023664742,0.00074226304,0.0022043525
1931,0.0003599709,0.0008501141,0.0034423333
1932,0.00029759365,0.00078006426,0.0027748311
1933,0.00025485424,0.00072520867,0.0023049023
1934,0.00023002521,0.00068727136,0.0020241183
1935,0.00060802716,0.0009929278,0.0055273655
1936,0.00047805233,0.0008485838,0.004281278
1937,0.0003928034,0.0007535246,0.0034240137
1938,0.00032857305,0.00069516024,0.0027917118
1939,0.0002842237,0.0006466621,0.0023413282
1940,0.0003975979,0.0007233471,0.0033394317
1941,0.00033576478,0.0006709991,0.0027494067
1942,0.00029093272,0.00062826765,0.002313521
1943,0.00025471314,0.0005990393,0.0019726516
1944,0.0002257809,0.00057674997,0.0017049337
1945,0.00020433488,0.00056074705,0.0015084232
1946,0.0006577463,0.00086628395,0.00528987
1947,0.0005579046,0.000745824,0.0043988475
1948,0.0031626532,0.001398789,0.013493691
1949,0.002973625,0.0011978414,0.012915559
1950,0.0023441154,0.00097384717,0.011377917
1951,0.0018570882,0.0008026839,0.009731302
1952,0.0013115819,0.0006427353,0.007409794
1953,0.0009998581,0.0005444587,0.005732201
1954,0.0056171645,0.0010801752,0.014678814
1955,0.0033252423,0.0008719468,0.012160262
1956,0.0021138492,0.00069495564,0.009342736
1957,0.0031745862,0.00077535684,0.011473157
1958,0.0021682824,0.0006138077,0.00892533
1959,0.0015478105,0.0005217557,0.006773066
1960,0.001190398,0.00046364334,0.005268855
1961,0.0013945677,0.0004921395,0.0059964643
1962,0.0010808883,0.00044538837,0.00467258
1963,0.0026256414,0.0006360033,0.009522163
1964,0.0018564499,0.0005429983,0.0072676507
1965,0.0014062317,0.00048172855,0.005620665
1966,0.0014187503,0.00048641072,0.005600393
1967,0.0011944276,0.00045767633,0.0047032856
1968,0.0013932664,0.00049098255,0.0053890715
1969,0.00097135623,0.00043981703,0.0038723752
1970,0.000783612,0.00041591635,0.0031020185
1971,0.0006660323,0.00040218033,0.002597966
1972,0.0005649027,0.00039186262,0.002178121
1973,0.000483729,0.00038487773,0.0018458725
1974,0.00042836493,0.00038219077,0.0016142442
1975,0.00038283257,0.00038137863,0.0014260333
1976,0.0003448743,0.00038204712,0.0012709572
1977,0.00031677764,0.00038362129,0.0011538911
1978,0.00028141102,0.00038506044,0.0010187123
1979,0.00026553398,0.0003947928,0.0009641884
1980,0.00044606207,0.00049984787,0.0018162166
1981,0.00040500346,0.00049330055,0.0016212778
1982,0.00035572457,0.000489188,0.0014101117
1983,0.00031675366,0.000487845,0.0012437234
1984,0.00028226257,0.000488248,0.0011010718
1985,0.00024831164,0.00048796475,0.0009643017
1986,0.00022317663,0.0004906959,0.0008615382
1987,0.0003210951,0.0005845468,0.0013558316
1988,0.00036525793,0.0006274013,0.0015848813
1989,0.0003324399,0.000619808,0.0014203159
1990,0.0002930499,0.0006167731,0.0012496586
1991,0.00024573234,0.0006044147,0.0010454584
1992,0.00020690195,0.0005946826,0.0008791755
1993,0.0008037988,0.00105236,0.0042358385
1994,0.00449115,0.00209086,0.013466669
1995,0.0041534347,0.0019401277,0.012884055
1996,0.0026887164,0.0015449659,0.01024587
1997,0.0015892799,0.001224546,0.007152465
1998,0.0010045094,0.0010281525,0.0048814625
1999,0.0007688209,0.00092703995,0.0037510607
2000,0.0005979137,0.00085435767,0.0029334314
2001,0.0005021679,0.00081414793,0.0024307952
2002,0.0004331034,0.0007865956,0.002065191
2003,0.0041234046,0.001993013,0.012954722
2004,0.02750317,0.006956747,0.017312502
2005,0.019467382,0.012487508,0.017103713
2006,0.009199229,0.014075433,0.016188651
2007,0.0034375677,0.009982274,0.013269594
2008,0.0015864214,0.0063439724,0.009216271
2009,0.0009905066,0.0046935743,0.0064712223
2010,0.0006339127,0.0036924025,0.004394709
2011,0.00040043212,0.0030615216,0.0028893708
2012,0.0003278029,0.00278417,0.0023317882
2013,0.00035183033,0.0027944888,0.0025336018
2014,0.00072798494,0.0036673471,0.0053899675
2015,0.00044541346,0.002954621,0.0034916652
2016,0.00035459414,0.0026436662,0.0027479425
2017,0.00024117481,0.0023010042,0.0018982647
2018,0.00030097796,0.0024782703,0.002455615
2019,0.00020546999,0.0021734233,0.0016992885
2020,0.00013871375,0.0019630452,0.00116388
2021,9.205781e-05,0.0018173262,0.00078518887
2022,6.6545406e-05,0.00167548,0.0005711087
2023,6.4926455e-05,0.0017396878,0.0005823915
2024,5.0691233e-05,0.0016596928,0.00045390605
2025,5.5745328e-05,0.0017519951,0.0005174149
2026,8.804906e-05,0.0021665243,0.00093981135
2027,7.1542985e-05,0.0020671657,0.0007554156
2028,0.0002767395,0.0034295188,0.0036439393
2029,0.00021316374,0.002957723,0.0027528189
2030,0.00013681827,0.0025344403,0.0018082343
2031,8.7015236e-05,0.002227253,0.0011640602
2032,7.396904e-05,0.0020818673,0.0009588383
2033,6.365736e-05,0.0019573304,0.0007994238
2034,5.384852e-05,0.0018743762,0.00066068216
2035,4.487627e-05,0.0018042028,0.0005400951
2036,3.943305e-05,0.0017128488,0.00045966016
2037,3.2985237e-05,0.0016614646,0.00037778227
2038,2.4821627e-05,0.0015724937,0.0002822212
2039,2.1908285e-05,0.0015118527,0.00024165696
2040,2.4927613e-05,0.0016288669,0.00028877956
2041,1.7748243e-05,0.0015163396,0.000204752
2042,1.2542483e-05,0.0014116298,0.00014377169
2043,1.0996891e-05,0.0012979835,0.00011972901
2044,9.847639e-06,0.0012740667,0.00010490223
2045,8.716281e-06,0.0012016571,8.8985915e-05
2046,7.740622e-06,0.0011420114,7.5942444e-05
2047,1.0153733e-05,0.0012270453,0.000106237516
2048,8.985178e-06,0.0011795259,9.0762755e-05
2049,7.870073e-06,0.0011502758,7.724912e-05
2050,5.9824697e-06,0.0011027822,5.8064237e-05
2051,4.018e-06,0.0010188059,3.8826816e-05
2052,2.8124036e-06,0.0009534857,2.6890848e-05
2053,2.2120273e-06,0.0009192878,2.0654415e-05
2054,1.6369958e-06,0.0008730206,1.4989237e-05
2055,1.3156778e-06,0.0008420407,1.1680786e-05
2056,1.0190621e-06,0.0008068009,8.802255e-06
2057,8.7526473e-07,0.0007639015,7.184421e-06
2058,7.2413195e-07,0.00073770655,5.7293337e-06
2059,6.275859e-07,0.00068694015,4.6852074e-06
2060,5.463406e-07,0.0006446703,3.8621097e-06
2061,4.7561468e-07,0.0006154513,3.2076307e-06
2062,4.167803e-07,0.00057165883,2.6531006e-06
2063,3.6244862e-07,0.00055394147,2.2176625e-06
2064,2.3689147e-07,0.0005139152,1.4392574e-06
2065,1.9819358e-07,0.00049909466,1.1608879e-06
2066,1.6469778e-07,0.0004849966,9.3132047e-07
2067,1.3882028e-07,0.00047072425,7.556624e-07
2068,1.09493364e-07,0.00045533208,5.7967316e-07
2069,1.0773078e-07,0.00046449772,5.7016524e-07
2070,9.2918505e-08,0.00041622063,4.5634317e-07
2071,6.6734e-08,0.00039525208,3.2199594e-07
2072,8.1292924e-08,0.00040179797,4.021589e-07
2073,7.065926e-08,0.00036823307,3.2710713e-07
2074,6.073322e-08,0.00035702935,2.6977096e-07
2075,5.3009103e-08,0.0003427913,2.2473513e-07
2076,4.6014026e-08,0.00033253562,1.872038e-07
2077,8.196528e-08,0.00042190825,3.942956e-07
2078,1.2873933e-07,0.0004897735,6.937217e-07
2079,1.1224887e-07,0.0004647979,5.747121e-07
2080,9.8769256e-08,0.00042159413,4.7309666e-07
2081,1.0645984e-07,0.00042216302,5.103825e-07
2082,2.2104044e-07,0.00053063786,1.2787413e-06
2083,2.1032558e-07,0.0004907295,1.1635922e-06
2084,3.566257e-07,0.00056472013,2.2357335e-06
2085,3.4061878e-07,0.0005290423,2.0501423e-06
2086,3.1199724e-07,0.00051321794,1.8139889e-06
2087,2.7614286e-07,0.00048441743,1.5262727e-06
2088,2.514158e-07,0.0004537844,1.3236282e-06
2089,2.2291435e-07,0.00044028522,1.128863e-06
2090,1.7680645e-07,0.00043032385,8.791569e-07
2091,1.4827906e-07,0.0004260691,7.243823e-07
2092,1.3785457e-07,0.00043638778,6.7671465e-07
2093,1.4646129e-07,0.0004629445,7.393524e-07
2094,1.2029389e-07,0.00045311463,5.9149033e-07
2095,1.0458658e-07,0.00045281096,5.0879004e-07
2096,9.2062294e-08,0.00043235382,4.2716792e-07
2097,1.09638705e-07,0.00044698687,5.2359286e-07
2098,1.14487996e-07,0.0004342669,5.39199e-07
2099,1.8147442e-07,0.00050081464,9.579214e-07
2100,3.6497516e-07,0.0006173959,2.3009031e-06
2101,3.2116506e-07,0.0005825451,1.9241527e-06
2102,2.7776747e-07,0.00056752155,1.6055586e-06
2103,2.3659864e-07,0.00055532326,1.3249997e-06
2104,1.9357327e-07,0.0005454042,1.0671052e-06
2105,1.6666667e-07,0.00053393154,8.901739e-07
2106,1.3846856e-07,0.0005218661,7.1871034e-07
2107,2.2513602e-07,0.00063900393,1.3472674e-06
2108,1.7503348e-07,0.00061524176,1.0223858e-06
2109,1.351725e-07,0.00059099845,7.70366e-07
2110,1.0974122e-07,0.00057109894,6.0489043e-07
2111,2.3709012e-07,0.0007310031,1.5966788e-06
2112,2.0813768e-07,0.00070784515,1.3524121e-06
2113,1.6974474e-07,0.00068074226,1.0626837e-06
2114,1.4356412e-07,0.00065138435,8.5870954e-07
2115,1.1367735e-07,0.0006356156,6.824039e-07
2116,8.6043826e-08,0.00060337305,5.0063903e-07
2117,7.417642e-08,0.00056978234,4.09196e-07
2118,5.8460124e-08,0.000544715,3.1092424e-07
2119,4.7707402e-08,0.0005211798,2.4298595e-07
2120,5.1086793e-08,0.0005114442,2.5794066e-07
2121,4.5341228e-08,0.00046828485,2.1487645e-07
2122,3.9202355e-08,0.00042547588,1.7318688e-07
2123,3.4063078e-08,0.000391024,1.4097674e-07
2124,2.982751e-08,0.00037057517,1.1719352e-07
2125,4.235851e-08,0.00039783036,1.7848204e-07
2126,5.9319035e-08,0.0004232319,2.6703728e-07
2127,5.308428e-08,0.00038721843,2.2479257e-07
2128,4.6541594e-08,0.00037327476,1.8867708e-07
2129,5.017309e-08,0.00038910005,2.0689164e-07
2130,4.3311637e-08,0.00038010825,1.7234855e-07
2131,4.2043705e-08,0.00038707745,1.666924e-07
2132,3.8004526e-08,0.00037741574,1.4554976e-07
2133,3.0144133e-08,0.00036760067,1.1297136e-07
2134,2.30338e-08,0.00035478515,8.4648256e-08
2135,1.9332548e-08,0.00034648497,6.873688e-08
2136,1.705971e-08,0.00033715955,5.8413203e-08
2137,1.5408446e-08,0.0003100522,4.9778187e-08
2138,1.3336527e-08,0.000303198,4.157765e-08
2139,1.15369065e-08,0.00029685747,3.473941e-08
2140,9.722446e-09,0.0002916382,2.8435919e-08
2141,7.87091e-09,0.0002852655,2.2471514e-08
2142,6.439003e-09,0.00027914226,1.7902023e-08
2143,5.2529607e-09,0.00027281287,1.4214359e-08
2144,5.006625e-09,0.00027382415,1.3352186e-08
2145,4.30977e-09,0.00026726845,1.1081267e-08
2146,4.540435e-09,0.00027553452,1.1773705e-08
2147,4.0138923e-09,0.00025625614,9.820624e-09
2148,3.542153e-09,0.00024851563,8.3213285e-09
2149,3.4209813e-09,0.0002519906,7.973185e-09
2150,4.87046e-09,0.00029297502,1.254736e-08
2151,4.3052717e-09,0.0002634863,1.0354322e-08
2152,4.8833577e-09,0.00029173036,1.2538985e-08
2153,4.09117e-09,0.00028836366,1.0328129e-08
2154,3.5840777e-09,0.00028033042,8.701521e-09
2155,3.1382275e-09,0.00027327266,7.339388e-09
2156,2.8057316e-09,0.00027287696,6.444984e-09
2157,2.454069e-09,0.00026654766,5.4375e-09
2158,2.1497895e-09,0.00026059366,4.59704e-09
2159,1.9095803e-09,0.0002583146,3.983407e-09
2160,2.58704e-09,0.00029960877,5.9418164e-09
2161,4.453545e-09,0.0003659888,1.1846441e-08
2162,4.2862465e-09,0.0003722133,1.1369677e-08
2163,3.91575e-09,0.00036477676,1.007903e-08
2164,3.816555e-09,0.00036194138,9.655027e-09
2165,5.263758e-09,0.00041558887,1.4602349e-08
2166,6.889594e-09,0.00045729947,2.04275e-08
2167,5.9964838e-09,0.00044351953,1.7114125e-08
2168,5.2702176e-09,0.00042822448,1.4440018e-08
2169,4.59206e-09,0.00041690684,1.2138652e-08
2170,5.9173213e-09,0.00043067336,1.6319376e-08
2171,5.208529e-09,0.00039055472,1.3455343e-08
2172,1.24500055e-08,0.0005145791,4.0420574e-08
2173,1.551226e-08,0.00053743256,5.2723056e-08
2174,1.4933113e-08,0.0005172533,4.961837e-08
2175,1.32456455e-08,0.00048057456,4.1641577e-08
2176,1.17419665e-08,0.00044145886,3.4792855e-08
2177,1.04953894e-08,0.00041211856,2.9512385e-08
2178,9.299164e-09,0.00040417656,2.5330104e-08
2179,8.30706e-09,0.00039461223,2.1867928e-08
2180,9.821097e-09,0.00039483004,2.6336776e-08
2181,1.5944982e-08,0.00046133116,4.862675e-08
2182,1.7940012e-08,0.00046258443,5.5494084e-08
2183,1.6040351e-08,0.00042025457,4.6771387e-08
2184,3.285128e-08,0.0005356727,1.1614066e-07
2185,4.5273957e-08,0.0005823323,1.7271779e-07
2186,5.228083e-08,0.0005915178,2.0425055e-07
2187,5.0138024e-08,0.00055819785,1.8909464e-07
2188,4.4948802e-08,0.00054184324,1.6360306e-07
2189,3.997963e-08,0.0005317997,1.4118501e-07
2190,3.603866e-08,0.000502518,1.2162243e-07
2191,3.2615496e-08,0.00048159136,1.0577377e-07
2192,2.9396096e-08,0.0004717986,9.2423335e-08
2193,2.6616316e-08,0.00046022973,8.0996415e-08
2194,2.4197483e-08,0.00044578774,7.1095016e-08
2195,2.2011752e-08,0.00043440703,6.2598914e-08
2196,2.0002211e-08,0.00042613447,5.521456e-08
2197,1.8131413e-08,0.00039718958,4.76845e-08
2198,1.6603131e-08,0.0003804957,4.2042206e-08
2199,1.5244293e-08,0.00036803746,3.730582e-08
2200,1.4018115e-08,0.00035796873,3.322827e-08
2201,1.29115065e-08,0.00034664915,2.9607616e-08
2202,1.1911394e-08,0.00033663533,2.6457565e-08
2203,1.1002914e-08,0.00032854968,2.3720663e-08
2204,1.011663e-08,0.0003104835,2.0934172e-08
2205,9.370981e-09,0.00030482927,1.8870079e-08
2206,8.695833e-09,0.00029782692,1.7015829e-08
2207,8.0769045e-09,0.00029214635,1.5382728e-08
2208,7.505076e-09,0.00028211816,1.3841955e-08
2209,6.982676e-09,0.00027250487,1.2476195e-08
2210,6.512804e-09,0.00026592347,1.1315246e-08
2211,6.071817e-09,0.0002566862,1.0222707e-08
2212,9.3502885e-09,0.00029282997,1.7573774e-08
2213,1.2029766e-08,0.00031188942,2.3938874e-08
2214,1.1161113e-08,0.00029709784,2.142446e-08
2215,1.0557753e-08,0.00028283204,1.9615003e-08
2216,9.840625e-09,0.00027121953,1.768833e-08
2217,1.1351449e-08,0.00027853198,2.0949111e-08
2218,1.0514335e-08,0.00026233008,1.8652281e-08
2219,9.747681e-09,0.00024696699,1.6623781e-08
2220,9.122573e-09,0.0002371561,1.507358e-08
2221,1.3401896e-08,0.00026919504,2.4492993e-08
2222,3.123819e-08,0.00037257478,7.323814e-08
2223,2.9810906e-08,0.00036210992,6.8463024e-08
2224,2.803642e-08,0.00034870696,6.251623e-08
2225,2.6195073e-08,0.00033699008,5.6706913e-08
2226,2.454193e-08,0.0003292836,5.177998e-08
2227,2.9828026e-08,0.0003453067,6.5691616e-08
2228,2.7935748e-08,0.0003351392,5.984423e-08
2229,2.6142914e-08,0.00032292499,5.4351542e-08
2230,2.4506027e-08,0.0003119599,4.9500215e-08
2231,2.2954001e-08,0.00029970944,4.496966e-08
2232,2.1607487e-08,0.00029282534,4.1301174e-08
2233,2.0187354e-08,0.00027845232,3.729618e-08
2234,1.8963993e-08,0.00026778472,3.4014185e-08
2235,1.8546382e-08,0.00026702503,3.288547e-08
2236,1.7473766e-08,0.00025812778,3.0145223e-08
2237,1.645149e-08,0.00024711166,2.7532169e-08
2238,1.552392e-08,0.00023881608,2.5284514e-08
2239,1.4671089e-08,0.00023138881,2.3280906e-08
2240,1.3880152e-08,0.00022448244,2.1472715e-08
2241,1.3158257e-08,0.00021887464,1.9881641e-08
2242,1.2487629e-08,0.00021384259,1.8444172e-08
2243,1.1841884e-08,0.00020777663,1.7068714e-08
2244,1.1198954e-08,0.00019998406,1.5702485e-08
2245,1.0593243e-08,0.00019229593,1.4445859e-08
2246,1.00643005e-08,0.00018676164,1.3398668e-08
2247,9.545769e-09,0.00018025946,1.23810056e-08
2248,2.0804505e-08,0.00023966095,3.3678365e-08
2249,1.9893434e-08,0.0002332457,3.1541884e-08
2250,1.889851e-08,0.00022737808,2.9289367e-08
2251,1.7893502e-08,0.00021908466,2.7000397e-08
2252,1.7038623e-08,0.0002145534,2.5176787e-08
2253,1.6165586e-08,0.00020723649,2.3284304e-08
2254,1.9795197e-08,0.00022427914,3.02073e-08
2255,1.8856023e-08,0.0002195645,2.8179404e-08
2256,2.940134e-08,0.00026321868,5.001497e-08
2257,2.7940755e-08,0.0002565832,4.647881e-08
2258,4.2573518e-08,0.00029851813,7.959709e-08
2259,6.577782e-08,0.000350541,1.3897072e-07
2260,3.2063534e-07,0.0006441963,1.0822159e-06
2261,3.0921666e-07,0.00062938576,1.0274525e-06
2262,2.898376e-07,0.00061040075,9.3953435e-07
2263,2.7303716e-07,0.00059595157,8.6589654e-07
2264,2.5725814e-07,0.0005739798,7.949956e-07
2265,1.5684722e-06,0.0011356752,8.238463e-06
2266,1.4479579e-06,0.0010957154,7.411513e-06
2267,1.3413165e-06,0.0010503844,6.6798984e-06
2268,1.4155252e-06,0.0010605864,7.1315894e-06
2269,2.5221113e-06,0.0013162836,1.5041853e-05
2270,4.9386704e-06,0.0016809633,3.581301e-05
2271,1.8803286e-05,0.0028086947,0.00020264336
2272,1.6451415e-05,0.0025885121,0.00017092311
2273,1.4484107e-05,0.002403589,0.00014528893
2274,1.2818068e-05,0.0022459086,0.00012429476
2275,1.1371346e-05,0.002087995,0.0001063232
2276,1.0602197e-05,0.001980154,9.693838e-05
2277,1.8526709e-05,0.0023885395,0.00019817747
2278,1.6339663e-05,0.0022317262,0.00016885863
2279,1.4464624e-05,0.0020824498,0.00014423713
2280,1.3065853e-05,0.0019599479,0.00012652579
2281,1.1625446e-05,0.0018208115,0.00010831966
2282,1.0415648e-05,0.0017203259,9.3881135e-05
2283,9.353394e-06,0.0016216297,8.14605e-05
2284,8.488173e-06,0.001529791,7.159502e-05
2285,8.031935e-06,0.0014954566,6.699442e-05
2286,1.0829075e-05,0.0016808148,9.918708e-05
2287,1.106718e-05,0.001691883,0.00010262941
2288,1.0040621e-05,0.0015968584,9.025263e-05
2289,9.0280455e-06,0.0014934664,7.8169e-05
2290,8.432346e-06,0.0014473905,7.1774695e-05
2291,8.639846e-06,0.0014400828,7.391741e-05
2292,7.819422e-06,0.0013719173,6.478916e-05
2293,7.1092886e-06,0.0012945003,5.6935623e-05
2294,6.513184e-06,0.0012296432,5.0588158e-05
2295,5.9172335e-06,0.0011581909,4.4324566e-05
2296,5.5157643e-06,0.0011072455,4.0223335e-05
2297,5.1601933e-06,0.0010709725,3.684037e-05
2298,4.7673357e-06,0.0010237107,3.3075496e-05
2299,4.3634172e-06,0.00096945674,2.9244817e-05
2300,3.9974243e-06,0.00092088396,2.589562e-05
2301,3.6667395e-06,0.0008738315,2.2950608e-05
2302,3.7929356e-06,0.00087332656,2.3803697e-05
2303,3.7732461e-06,0.00085906737,2.3464914e-05
2304,1.0963602e-05,0.0012839834,9.2775976e-05
2305,9.96286e-06,0.001230602,8.1799175e-05
2306,9.0482445e-06,0.0011625295,7.171923e-05
2307,1.0156076e-05,0.0011961274,8.28201e-05
2308,9.241403e-06,0.0011343849,7.28501e-05
2309,3.282377e-05,0.0018122616,0.00036854303
2310,3.469554e-05,0.0018276616,0.00039487958
2311,3.0739957e-05,0.0017164649,0.0003376864
2312,2.7356224e-05,0.0016128441,0.00028996536
2313,2.444163e-05,0.0015166986,0.00024994556
2314,2.3734634e-05,0.001467401,0.00023940255
2315,0.00017178433,0.0031453427,0.0027032283
2316,0.00015364318,0.002835169,0.0023607705
2317,0.00013174425,0.002512494,0.001957578
2318,0.00011201117,0.0022621602,0.0016046428
2319,9.414983e-05,0.0020517912,0.0012957449
2320,8.023167e-05,0.001893703,0.0010636459
2321,6.8808906e-05,0.0017797761,0.00088272797
2322,5.9920978e-05,0.0016399893,0.00073753006
2323,5.2612806e-05,0.0015194269,0.00062180776
2324,4.655237e-05,0.001428191,0.00053044304
2325,5.789117e-05,0.0015228558,0.00069231837
2326,5.109033e-05,0.0014172194,0.0005872612
2327,4.9765007e-05,0.0014037313,0.00056800345
2328,7.531632e-05,0.0016277999,0.00094692747
2329,7.3458854e-05,0.0015798314,0.000914382
2330,6.425159e-05,0.0014535155,0.00076652254
2331,5.6722496e-05,0.0013679381,0.0006528042
2332,5.031031e-05,0.0012704348,0.0005558754
2333,8.089961e-05,0.0015265046,0.0010020619
2334,7.0304195e-05,0.0014495649,0.00084393576
2335,0.0001370513,0.0018383152,0.0018754341
2336,0.00013704512,0.0017865811,0.0018658157
2337,0.000120485434,0.001645316,0.0015908299
2338,0.00010674245,0.001517151,0.0013626781
2339,0.00011173723,0.0015153786,0.0014328044
2340,9.579722e-05,0.0014213428,0.0011878662
2341,8.349013e-05,0.0013003995,0.0009909606
2342,7.254766e-05,0.0012491281,0.0008374565
2343,6.430978e-05,0.0011651507,0.0007137732
2344,7.428873e-05,0.0012024591,0.0008449594
2345,0.0002883308,0.001993358,0.0039817328
2346,0.00022376319,0.0017259233,0.0030141869
2347,0.00018330044,0.0015020199,0.0023661887
2348,0.00014858776,0.0013878677,0.0018696395
2349,0.00012183286,0.0013048417,0.0014966509
2350,0.00010223362,0.001241969,0.0012246106
2351,8.9613604e-05,0.0011492701,0.0010306641
2352,0.000628351,0.0023894778,0.0077121337
2353,0.000436974,0.0018023305,0.005518584
2354,0.0003313524,0.0014512792,0.004096343
2355,0.00026428746,0.001275429,0.0031880105
2356,0.00021901478,0.0011218042,0.0025375334
2357,0.00017319516,0.0010412864,0.0019726176
2358,0.00014969274,0.0009667493,0.0016442096
2359,0.0001335955,0.00090661005,0.001418545
2360,0.0003313194,0.0012770289,0.00388937
2361,0.00025407225,0.0011375414,0.0029422478
2362,0.00020730557,0.0010453047,0.0023392993
2363,0.00017758591,0.00095896376,0.0019306563
2364,0.0002721048,0.0011012868,0.0030713244
2365,0.00023119377,0.0009849851,0.0025130562
2366,0.00018430938,0.00092012674,0.0019706446
2367,0.00015984835,0.0008648333,0.0016543362
2368,0.0001320116,0.00083153305,0.0013432988
2369,0.00010462748,0.0007978827,0.0010546767
2370,9.299399e-05,0.000775393,0.00091330643
2371,8.249211e-05,0.00076871796,0.000798373
2372,7.46431e-05,0.00074900355,0.0007041423
2373,8.711466e-05,0.00078872044,0.00084743806
2374,7.4825664e-05,0.000777859,0.00071652344
2375,5.285116e-05,0.00072717,0.00050786615
2376,4.444373e-05,0.0007203299,0.0004220583
2377,6.276919e-05,0.00086111156,0.00066342554
2378,5.1241488e-05,0.0008418567,0.00053510664
2379,4.1915544e-05,0.00082550984,0.0004325534
2380,3.4952256e-05,0.000814234,0.00035577797
2381,2.7581646e-05,0.00079352356,0.00027837575
2382,2.4820525e-05,0.00077458005,0.00024335088
2383,2.4767314e-05,0.00075817254,0.00023969228
2384,2.2421971e-05,0.000738413,0.00021065626
2385,0.00020937604,0.0017230874,0.0031586573
2386,0.00016107621,0.0015316298,0.002370067
2387,0.00011396523,0.0013689101,0.0016645833
2388,8.1969905e-05,0.0012501924,0.0011846612
2389,5.761224e-05,0.0011465438,0.00082553655
2390,4.9702398e-05,0.0010496163,0.0006757694
2391,4.312141e-05,0.0009529058,0.0005543116
2392,3.787345e-05,0.00088716723,0.0004641447
2393,3.369775e-05,0.0008234606,0.00039410073
2394,3.0129722e-05,0.000798505,0.0003412495
2395,2.7039287e-05,0.0007429187,0.0002922796
2396,5.038052e-05,0.00093590026,0.0006383616
2397,5.2976215e-05,0.0009882704,0.0006899152
2398,4.6085148e-05,0.0009459478,0.0005787705
2399,4.427593e-05,0.0009775467,0.00056746166
2400,3.0640884e-05,0.0009076816,0.00039057265
2401,2.2099392e-05,0.00085670926,0.0002785857
2402,1.5183877e-05,0.00079910975,0.00018966255
2403,1.0393151e-05,0.00074589014,0.00012828903
2404,8.769337e-06,0.00071992894,0.0001039739
2405,9.517156e-06,0.0007213697,0.00011319475
2406,7.081605e-06,0.00068918295,8.2452134e-05
2407,4.96624e-06,0.0006485304,5.6775087e-05
2408,3.7300738e-06,0.000619257,4.1452586e-05
2409,3.053454e-06,0.0005954482,3.2514905e-05
2410,2.4385895e-06,0.000573165,2.4999976e-05
2411,2.0042487e-06,0.00055115233,1.9667885e-05
2412,1.7148528e-06,0.00051538734,1.5840053e-05
2413,2.695309e-06,0.000581581,2.7581109e-05
2414,1.910599e-06,0.00054880226,1.911034e-05
2415,1.4984076e-06,0.0005262439,1.4425177e-05
2416,1.1690274e-06,0.0005039844,1.0829294e-05
2417,9.1983236e-07,0.0004826038,8.179967e-06
2418,7.738533e-07,0.00045478847,6.488195e-06
2419,6.57673e-07,0.00041000592,5.1043626e-06
2420,8.038618e-07,0.0004399763,6.5210106e-06
2421,1.4755578e-06,0.00053149177,1.3916124e-05
2422,1.2050532e-05,0.0011824201,0.00020865843
2423,1.1033099e-05,0.0010958583,0.00018286114
2424,8.796862e-06,0.0010179711,0.00013756279
2425,9.072925e-05,0.0023715878,0.0024039072
2426,0.00013161947,0.0025586353,0.0035278653
2427,0.00010573175,0.0022404408,0.0028368696
2428,0.00026602324,0.002931015,0.006716414
2429,0.0001564524,0.0020734277,0.004038321
2430,0.00010603394,0.0016335035,0.0026080199
2431,0.00011592528,0.001560841,0.0027961936
2432,0.000108962195,0.0013461849,0.0024874904
2433,8.249259e-05,0.001101734,0.0017358048
2434,5.6753986e-05,0.0009757325,0.0011548419
2435,3.400026e-05,0.0008559774,0.0006812277
2436,2.0473399e-05,0.0007574865,0.0004005264
2437,1.6546597e-05,0.0006386151,0.00029132946
2438,1.126417e-05,0.00058593036,0.000190527
2439,9.12655e-06,0.00051199686,0.00014024653
2440,7.461536e-06,0.00046339052,0.00010573522
2441,6.3476277e-06,0.00042337528,8.363212e-05
2442,5.424964e-06,0.00038161335,6.61318e-05
2443,4.5627025e-06,0.00035083364,5.1733583e-05
2444,3.774621e-06,0.00033561033,4.060041e-05
2445,2.9769103e-06,0.00032385046,3.0743387e-05
2446,2.0330779e-06,0.00030537296,2.0484084e-05
2447,1.550037e-06,0.0002922856,1.49794e-05
2448,1.1422158e-06,0.0002783117,1.0621073e-05
2449,8.3026873e-07,0.00026399287,7.4238656e-06
2450,6.5403225e-07,0.00025094688,5.53834e-06
2451,6.2749314e-07,0.0002465437,5.16704e-06
2452,5.2002866e-07,0.0002152669,3.8887547e-06
2453,4.3944698e-07,0.00019305576,3.0233366e-06
2454,6.2448316e-07,0.00021866005,4.6733453e-06
2455,5.3484086e-07,0.00021207999,3.8280405e-06
2456,4.557442e-07,0.00019413639,3.029408e-06
2457,4.3108307e-07,0.0001994537,2.8642005e-06
2458,3.4604275e-07,0.00019389649,2.2091735e-06
2459,3.2078364e-07,0.00019426145,2.0063799e-06
2460,2.7771188e-07,0.00018833006,1.6601791e-06
2461,2.2811528e-07,0.00018333444,1.3077857e-06
2462,2.447286e-07,0.00017414623,1.3721434e-06
2463,2.2062727e-07,0.00016146066,1.1656111e-06
2464,1.9190266e-07,0.00014944836,9.4947256e-07
2465,1.5745609e-07,0.00014735026,7.543413e-07
2466,2.675877e-07,0.00018991307,1.5216586e-06
2467,2.2948645e-07,0.00018348832,1.243469e-06
2468,2.7311995e-07,0.00019390545,1.5283788e-06
2469,4.5298313e-07,0.0002499268,3.0239737e-06
2470,3.448831e-07,0.00024197574,2.2385987e-06
2471,4.0312312e-07,0.00026726988,2.768511e-06
2472,3.5370098e-07,0.00025177424,2.293775e-06
2473,5.051197e-07,0.00027090058,3.5149849e-06
2474,4.9438484e-07,0.00026336816,3.3427546e-06
2475,4.348089e-07,0.00024731766,2.7745073e-06
2476,3.7758005e-07,0.00023303955,2.2728843e-06
2477,3.2924024e-07,0.00022104302,1.8759351e-06
2478,2.8848913e-07,0.00020766434,1.5512744e-06
2479,2.8182407e-07,0.0002017102,1.483886e-06
2480,2.9365933e-07,0.00020069731,1.5426933e-06
2481,2.8391796e-07,0.00019584036,1.4499832e-06
2482,3.5115335e-07,0.00021860198,1.908649e-06
2483,3.0932875e-07,0.00021140598,1.6076208e-06
2484,2.7105995e-07,0.00020698414,1.3549023e-06
2485,2.371177e-07,0.00020346056,1.142499e-06
2486,2.0887879e-07,0.00018553286,9.424704e-07
2487,1.7101537e-07,0.00018429899,7.5516755e-07
2488,1.4564911e-07,0.00018792668,6.510344e-07
2489,1.212295e-07,0.00018701055,5.3051383e-07
2490,1.0605632e-07,0.00016904145,4.3256844e-07
2491,9.29911e-08,0.00016636372,3.657647e-07
2492,1.7879132e-07,0.0002291048,8.845289e-07
2493,2.1557219e-07,0.00025118646,1.1226119e-06
2494,2.2221836e-07,0.00025261857,1.1495598e-06
2495,2.2061862e-07,0.00025497534,1.1297967e-06
2496,1.9271253e-07,0.00023034737,9.198145e-07
2497,1.7118035e-07,0.00022052684,7.791329e-07
2498,1.5259307e-07,0.00021051985,6.619955e-07
2499,1.6907732e-07,0.00022781473,7.6136234e-07
2500,2.4879736e-07,0.00027908717,1.2821822e-06
2501,3.5153934e-07,0.00032459522,1.9985794e-06
2502,3.0722964e-07,0.0003164479,1.6791352e-06
2503,3.162565e-07,0.00032832852,1.743565e-06
2504,3.2450706e-07,0.0003168507,1.7534022e-06
2505,2.8844153e-07,0.00030308272,1.4874049e-06
2506,2.7943844e-07,0.00029907378,1.4098603e-06
2507,2.483948e-07,0.00027696503,1.1829771e-06
2508,2.2258507e-07,0.00026136113,1.0083692e-06
2509,2.1000992e-07,0.00026484203,9.397315e-07
2510,1.8749552e-07,0.0002605055,8.1123625e-07
2511,1.6575444e-07,0.00025845252,6.9664804e-07
2512,1.4336314e-07,0.00026175394,6.0102525e-07
2513,1.0552358e-06,0.00057964993,8.00848e-06
2514,9.260136e-07,0.00055283896,6.702613e-06
2515,9.417572e-07,0.00056499237,6.8316645e-06
2516,8.297265e-07,0.0005259208,5.6905424e-06
2517,1.0056649e-06,0.00058706297,7.3767487e-06
2518,9.377083e-07,0.00056261657,6.6323087e-06
2519,1.1185336e-06,0.00058714347,8.180591e-06
2520,9.861775e-07,0.000541563,6.802829e-06
2521,8.7384853e-07,0.00052318344,5.789291e-06
2522,6.369893e-07,0.00050043664,4.171169e-06
2523,5.0184514e-07,0.00048736925,3.2179178e-06
2524,4.183692e-07,0.00047768553,2.6048708e-06
2525,3.580491e-07,0.00046707466,2.1533158e-06
2526,3.1456483e-07,0.00042928229,1.7783726e-06
2527,3.4667596e-07,0.00042693055,1.965805e-06
2528,4.112731e-07,0.00044203596,2.4006997e-06
2529,3.5879083e-07,0.00043313508,2.0234952e-06
2530,2.9715372e-07,0.00042644647,1.6354469e-06
2531,2.6045447e-07,0.00041661508,1.3824022e-06
2532,2.2953549e-07,0.00040621543,1.1737661e-06
2533,2.0362882e-07,0.00037542076,9.827514e-07
2534,1.8157708e-07,0.00036483604,8.433921e-07
2535,1.6238023e-07,0.00034086665,7.155126e-07
2536,1.4257112e-07,0.00033764497,6.107547e-07
2537,1.2483903e-07,0.00033814125,5.255383e-07
2538,1.2355653e-07,0.00032333788,5.0604245e-07
2539,1.5782382e-07,0.00034278605,6.814616e-07
2540,3.244071e-07,0.00044443615,1.716204e-06
2541,2.9024918e-07,0.0004178903,1.4608113e-06
2542,2.5006497e-07,0.00041430033,1.2275577e-06
2543,2.2515815e-07,0.00040113815,1.0638995e-06
2544,2.2157674e-07,0.00039431034,1.0339446e-06
2545,2.070046e-07,0.00037663136,9.353417e-07
2546,1.8813226e-07,0.00035005272,8.097746e-07
2547,1.6802784e-07,0.00032006955,6.8193225e-07
2548,1.4422145e-07,0.0003197864,5.743406e-07
2549,1.2727418e-07,0.00031887967,4.949331e-07
2550,1.1474618e-07,0.00029652123,4.237031e-07
2551,1.042504e-07,0.00029123647,3.7303732e-07
2552,9.204281e-08,0.0002914585,3.2239694e-07
2553,8.234017e-08,0.00029069913,2.8153354e-07
2554,7.395562e-08,0.00028954595,2.4664953e-07
2555,6.6515945e-08,0.00028836724,2.1639038e-07
2556,6.0305894e-08,0.0002857737,1.9093007e-07
2557,5.484096e-08,0.00028273315,1.6888359e-07
2558,4.9284928e-08,0.000282416,1.4833978e-07
2559,4.393655e-08,0.00028281374,1.295097e-07
2560,4.002629e-08,0.00027995365,1.148246e-07
2561,3.6743362e-08,0.00027166016,1.0186533e-07
2562,3.3704428e-08,0.00025899312,8.977905e-08
2563,3.1026946e-08,0.00024906357,7.9683524e-08
2564,2.8527264e-08,0.00024662304,7.138089e-08
2565,2.6035083e-08,0.00022969242,6.210655e-08
2566,2.4094115e-08,0.00022593279,5.590112e-08
2567,2.2335284e-08,0.00022169364,5.037245e-08
2568,2.07281e-08,0.00021786075,4.5476927e-08
2569,1.9263751e-08,0.00021373926,4.1103725e-08
2570,1.7888707e-08,0.00020567911,3.6892406e-08
2571,1.6660646e-08,0.00019959532,3.331623e-08
2572,1.553491e-08,0.00019726314,3.031153e-08
2573,1.4479189e-08,0.0001959965,2.7621086e-08
2574,1.3459047e-08,0.0001960862,2.5167042e-08
2575,1.2496112e-08,0.0001966467,2.2928146e-08
2576,1.155643e-08,0.00019799663,2.0842855e-08
2577,1.0817392e-08,0.00019519447,1.9038257e-08
2578,1.0111759e-08,0.00018832683,1.7247398e-08
2579,9.487621e-09,0.00018531614,1.5790228e-08
2580,8.904503e-09,0.00018361692,1.4495235e-08
2581,8.367584e-09,0.0001814132,1.3313557e-08
2582,7.870114e-09,0.00017914876,1.22399495e-08
2583,7.4091546e-09,0.00017640967,1.1255772e-08
2584,6.96832e-09,0.00017589495,1.0383315e-08
2585,6.5694827e-09,0.00017296102,9.5614725e-09
2586,6.1443624e-09,0.00016465512,8.639439e-09
2587,5.7758824e-09,0.00015836893,7.878086e-09
2588,5.444834e-09,0.0001532414,7.2212067e-09
2589,5.1466063e-09,0.00014936061,6.654785e-09
2590,4.8597752e-09,0.00014461523,6.1141865e-09
2591,4.607347e-09,0.00014215345,5.669353e-09
2592,4.3512087e-09,0.00013715727,5.205285e-09
2593,4.124386e-09,0.00013360164,4.8135735e-09
2594,3.92063e-09,0.00013263224,4.4915565e-09
2595,3.725735e-09,0.00013001205,4.1742245e-09
2596,7.999206e-09,0.0001711705,1.1111766e-08
2597,1.1289005e-08,0.00019609995,1.7348324e-08
2598,1.0659358e-08,0.00019003788,1.594856e-08
2599,1.0094926e-08,0.00018591496,1.4754876e-08
2600,9.560146e-09,0.00018125103,1.3637405e-08
2601,9.05943e-09,0.00017666719,1.261409e-08
2602,8.606869e-09,0.00017432198,1.1745007e-08
2603,8.146792e-09,0.00016858871,1.0826097e-08
2604,7.703987e-09,0.00016235057,9.956078e-09
2605,3.175001e-08,0.00027550117,6.1867844e-08
2606,4.1635122e-08,0.00030802222,8.75743e-08
2607,3.9291507e-08,0.00030175486,8.0765474e-08
2608,3.7100047e-08,0.00029519288,7.450549e-08
2609,3.5026975e-08,0.0002874362,6.863156e-08
2610,3.367795e-08,0.00028277372,6.479713e-08
2611,3.2250153e-08,0.00027485655,6.06755e-08
2612,5.8366425e-08,0.00034047326,1.2978776e-07
2613,5.4960804e-08,0.00032910847,1.1897129e-07
2614,5.1868437e-08,0.0003174138,1.0927404e-07
2615,4.897335e-08,0.00030803616,1.00606016e-07
2616,1.10070125e-07,0.00041494955,2.851383e-07
2617,1.0567509e-07,0.0004069881,2.6944494e-07
2618,1.2989426e-07,0.00043291945,3.48481e-07
2619,1.4327226e-07,0.0004489026,3.9471473e-07
2620,1.5721078e-07,0.000466145,4.4484437e-07
2621,5.914095e-07,0.0007656178,2.461821e-06
2622,5.501762e-07,0.0007441782,2.233409e-06
2623,5.12051e-07,0.000720158,2.0243406e-06
2624,4.7499773e-07,0.0006858999,1.8188491e-06
2625,4.4139415e-07,0.000653957,1.6379346e-06
2626,1.122938e-06,0.0009222049,5.454618e-06
2627,1.2013436e-06,0.0009573914,5.963632e-06
2628,1.1116746e-06,0.00092651794,5.376702e-06
2629,1.0292557e-06,0.000892744,4.843255e-06
2630,9.538381e-07,0.0008592318,4.3652585e-06
2631,8.846212e-07,0.00082559197,3.935319e-06
2632,8.217308e-07,0.00079488195,3.5559353e-06
2633,7.645089e-07,0.00076712435,3.2208675e-06
2634,7.099767e-07,0.0007326709,2.9017453e-06
2635,6.616129e-07,0.00070529676,2.6306377e-06
2636,1.5366804e-06,0.00096175924,7.791128e-06
2637,1.4447635e-06,0.00093778764,7.1757827e-06
2638,1.3354403e-06,0.0008937907,6.432293e-06
2639,1.4800761e-06,0.00091629475,7.3017077e-06
2640,1.3700813e-06,0.00087535597,6.56053e-06
2641,1.5041586e-06,0.00090995483,7.4216655e-06
2642,1.424737e-06,0.0008813189,6.888517e-06
2643,1.3270741e-06,0.00084541726,6.245218e-06
2644,1.2477477e-06,0.00081820134,5.744122e-06
2645,1.1612331e-06,0.0007891975,5.2059054e-06
2646,1.1618444e-06,0.0007877929,5.2055334e-06
2647,8.251757e-06,0.0016800021,6.616733e-05
2648,7.732618e-06,0.0016075802,6.0661412e-05
2649,7.033236e-06,0.0015223012,5.349625e-05
2650,9.831991e-06,0.0017345806,8.27272e-05
2651,8.884972e-06,0.0016620002,7.274844e-05
2652,8.045539e-06,0.0015865209,6.400588e-05
2653,7.301469e-06,0.0015240847,5.6542965e-05
2654,6.6384164e-06,0.0014610824,4.999735e-05
2655,6.6431335e-06,0.001429343,4.9771454e-05
2656,1.2374876e-05,0.0017868053,0.00011090747
2657,2.8508292e-05,0.0024110829,0.00032299123
2658,2.5632215e-05,0.0022667237,0.00028284878
2659,2.319777e-05,0.0021554609,0.0002496835
2660,2.0550953e-05,0.0020308855,0.00021415026
2661,1.8251683e-05,0.0018943512,0.00018338888
2662,1.628681e-05,0.0017773074,0.00015801903
2663,1.5904492e-05,0.0017217355,0.00015263898
2664,1.8549938e-05,0.001795052,0.00018550154
2665,0.00011044165,0.0035716395,0.0017311253
2666,8.9888395e-05,0.0031349242,0.0013509291
2667,7.472918e-05,0.0027859407,0.0010749756
2668,6.314715e-05,0.0025081004,0.0008699153
2669,5.4042757e-05,0.0023078157,0.00071645173
2670,6.071838e-05,0.002351572,0.00082738895
2671,0.00026295616,0.003964072,0.004358187
2672,0.00019427213,0.0031963903,0.0031355065
2673,0.0001516617,0.0027225045,0.0023584287
2674,0.00012268538,0.0023960134,0.001832592
2675,0.00010195846,0.002100774,0.0014507431
2676,9.251067e-05,0.0019227009,0.0012728493
2677,7.884465e-05,0.0017853824,0.0010461332
2678,6.808032e-05,0.0016653802,0.00087058544
2679,6.00874e-05,0.0015356762,0.00073782104
2680,5.414716e-05,0.0014470492,0.0006449384
2681,4.8679605e-05,0.001355453,0.0005599183
2682,4.4065982e-05,0.001269046,0.00048890075
2683,3.9387753e-05,0.00120287,0.0004219206
2684,3.5317407e-05,0.0011303518,0.0003641672
2685,7.932616e-05,0.0015378847,0.0010027051
2686,6.9192196e-05,0.0014400315,0.0008429599
2687,6.0495728e-05,0.0013741406,0.00071448926
2688,5.3529373e-05,0.0012816159,0.00060766545
2689,4.768841e-05,0.001212237,0.00052250596
2690,9.886406e-05,0.0015995168,0.0012830781
2691,0.00010707578,0.0016029171,0.0013977484
2692,9.215374e-05,0.0014850426,0.0011580756
2693,0.0005851592,0.002977971,0.007706778
2694,0.00043391716,0.0023313568,0.005885827
2695,0.0003197122,0.0018448442,0.004284653
2696,0.00025085607,0.0015589154,0.0032569855
2697,0.00020459275,0.0013762255,0.0025619643
2698,0.00041341563,0.0017248824,0.005186749
2699,0.001953299,0.0029023779,0.013294764
2700,0.0013738767,0.0020259325,0.011195642
2701,0.0008753672,0.0014143426,0.008248656
2702,0.0010392873,0.0013228589,0.008948152
2703,0.0058906204,0.002378212,0.016004287
2704,0.0058262832,0.0021997087,0.01585521
2705,0.003380551,0.0016578678,0.014036675
2706,0.0018884328,0.0011975154,0.011043464
2707,0.001245851,0.00090920564,0.008332725
2708,0.0009118844,0.000733427,0.0063202684
2709,0.00070738205,0.00063192553,0.004900342
2710,0.0006965949,0.00061244145,0.004741001
2711,0.00056851906,0.0005531762,0.0038013386
2712,0.00045569855,0.00051406806,0.0030148807
2713,0.0003924647,0.00048749044,0.0025357646
2714,0.0003445521,0.00046767437,0.0021733749
2715,0.00026700893,0.00044336825,0.0016830284
2716,0.00023850768,0.0004365704,0.0014757627
2717,0.00033375516,0.0005013329,0.0021767921
2718,0.0006953841,0.0006674681,0.0047170743
2719,0.001864347,0.00095554057,0.010026631
2720,0.001286822,0.0007588758,0.007583928
2721,0.0028205712,0.0009815468,0.011904568
2722,0.0020751718,0.0008152093,0.009942664
2723,0.0013691835,0.0006579366,0.007335899
2724,0.0010099171,0.0005684296,0.0055909194
2725,0.0013938916,0.0006272343,0.007208014
2726,0.0010421361,0.000543255,0.0055122594
2727,0.0008519932,0.000487477,0.004447586
2728,0.00069800625,0.00045234754,0.0035941144
2729,0.0019392773,0.00069778634,0.00886648
2730,0.0013297976,0.00058399735,0.0065921713
2731,0.0008506735,0.0005001291,0.0045006536
2732,0.0005540703,0.00045374615,0.0030497664
2733,0.00041605736,0.0004204028,0.0022995702
2734,0.00047942466,0.00045320642,0.0026909919
2735,0.00034566357,0.00041872307,0.0019605588
2736,0.00024820928,0.0003946158,0.0014237672
2737,0.00021976161,0.000392887,0.0012445843
2738,0.00020235674,0.0003894835,0.0011257527
2739,0.00018359303,0.00039121017,0.0010099089
2740,0.00018108454,0.0003958777,0.0009915873
2741,0.00013526612,0.00037776335,0.0007462718
2742,0.00010199967,0.0003620666,0.00056668353
2743,9.4474664e-05,0.00036695696,0.00051974645
2744,0.00034635817,0.0006184034,0.0025005355
2745,0.00029433667,0.0005932673,0.0020862883
2746,0.0002569125,0.0005753113,0.0017847923
2747,0.00023295838,0.0005564954,0.0015802347
2748,0.00023324629,0.00059076905,0.0017027322
2749,0.00021649359,0.00059650594,0.0015836303
2750,0.0006432641,0.0009301893,0.0051323874
2751,0.0004051113,0.00079317146,0.0033908067
2752,0.00030664497,0.00072490063,0.002561184
2753,0.00036119123,0.0007928229,0.0031062681
2754,0.000239583,0.00073547487,0.002134994
2755,0.00019417811,0.00070147525,0.0017090194
2756,0.00026702965,0.0008097802,0.0024706838
2757,0.00017949467,0.0007330209,0.0016855033
2758,0.00012799403,0.00067660585,0.0012066597
2759,8.9364745e-05,0.0006267373,0.00084722554
2760,6.9594375e-05,0.0006065393,0.0006566881
2761,6.1309256e-05,0.00060298893,0.0005680821
2762,0.00091447815,0.0017324553,0.009331755
2763,0.00078173756,0.0014693354,0.008289214
2764,0.0004080284,0.0011324058,0.0050462596
2765,0.00026818432,0.00094604865,0.0034024527
2766,0.00021481421,0.00085311505,0.0026479112
2767,0.005413243,0.0030024701,0.016251639
2768,0.0022593383,0.0020676802,0.013928111
2769,0.0012963008,0.0013472638,0.010902037
2770,0.0014435953,0.0011995634,0.011134902
2771,0.009168532,0.0023640743,0.016737476
2772,0.017156886,0.0037704436,0.017193116
2773,0.009893966,0.0042599128,0.016760727
2774,0.0051668603,0.0036242928,0.015679197
2775,0.002199959,0.0026394173,0.012760019
2776,0.0010265476,0.0018406986,0.008702372
2777,0.0006501493,0.0014180731,0.0060703363
2778,0.00038975014,0.0011530187,0.003900016
2779,0.00024955897,0.0009946014,0.0025712217
2780,0.00017718061,0.0008978445,0.0018323067
2781,0.00015854934,0.00083868916,0.001585042
2782,0.0003381805,0.0011110497,0.0036629885
2783,0.00086174964,0.0015113035,0.008185247
2784,0.0006018224,0.0011884365,0.0059863394
2785,0.0058778613,0.002903043,0.016082663
2786,0.0045824237,0.0024213858,0.01537642
2787,0.002794364,0.0018228828,0.013491937
2788,0.0013645975,0.001270569,0.009775932
2789,0.00076045847,0.00094334886,0.006484487
2790,0.00046656755,0.00076415,0.0042633195
2791,0.00030373436,0.000658162,0.0028576767
2792,0.00020938089,0.0005896453,0.0019903127
2793,0.00014002422,0.000545168,0.0013495655
2794,9.104885e-05,0.0005226944,0.0008929912
2795,5.8520065e-05,0.000510222,0.0005840236
2796,3.6270205e-05,0.0005135926,0.000369719
2797,2.4292778e-05,0.00048425916,0.00024849764
2798,1.839431e-05,0.00047051077,0.00018646602
2799,1.6373317e-05,0.00046110572,0.00016057954
2800,1.1847365e-05,0.00044290035,0.00011544334
2801,7.2808566e-06,0.0004349109,7.168718e-05
2802,4.8072325e-06,0.00040781297,4.702863e-05
2803,4.238884e-06,0.00039828997,3.9952596e-05
2804,3.7146688e-06,0.00037174427,3.3035776e-05
2805,3.2180974e-06,0.00036332538,2.7536065e-05
2806,2.760374e-06,0.0003572775,2.281749e-05
2807,2.4352362e-06,0.0003429171,1.9215802e-05
2808,3.908508e-06,0.0004370649,3.649418e-05
2809,3.0704123e-06,0.00042662775,2.8018285e-05
2810,3.8260464e-06,0.0004644636,3.6817186e-05
2811,3.3426436e-06,0.0004374145,3.0450334e-05
2812,2.5367067e-06,0.0004235569,2.2629278e-05
2813,2.0077016e-06,0.00041751852,1.7845307e-05
2814,1.6774769e-06,0.00040619745,1.4335753e-05
2815,1.4363725e-06,0.0003920367,1.1726919e-05
2816,1.0653592e-06,0.00037692653,8.504646e-06
2817,7.870183e-07,0.00036148218,6.129385e-06
2818,5.7995703e-07,0.00034586323,4.3957552e-06
2819,7.424472e-07,0.00039623547,6.1464334e-06
2820,6.0536485e-07,0.0003907327,4.9677674e-06
2821,5.0673407e-07,0.00034227874,3.7966383e-06
2822,4.204222e-07,0.00032844214,2.998e-06
2823,4.979929e-07,0.00034388722,3.6542694e-06
2824,5.284027e-07,0.0003335457,3.815207e-06
2825,5.118577e-07,0.00031642665,3.555939e-06
2826,5.6641227e-07,0.00031060888,3.9278443e-06
2827,7.980809e-07,0.00034811202,6.0517755e-06
2828,7.7183455e-07,0.00034783894,5.7534994e-06
2829,6.4662913e-07,0.00033782105,4.6239625e-06
2830,5.848457e-07,0.00032484886,4.0055747e-06
2831,5.110821e-07,0.00032032208,3.3942586e-06
2832,4.306249e-07,0.00031233495,2.7498263e-06
2833,4.079228e-07,0.00032103856,2.6122805e-06
2834,3.461976e-07,0.00031218195,2.1270553e-06
2835,2.828777e-07,0.0003057159,1.6863013e-06
2836,6.556747e-07,0.0004445846,5.1305283e-06
2837,7.011522e-07,0.00046008002,5.5549276e-06
2838,1.5946558e-06,0.0006638592,1.6591695e-05
2839,1.3386842e-06,0.0006181872,1.3073117e-05
2840,1.1341198e-06,0.00056090095,1.0285035e-05
2841,9.682673e-07,0.0005187461,8.223881e-06
2842,8.9060575e-07,0.00048977725,7.272102e-06
2843,8.208285e-07,0.0004632201,6.448966e-06
2844,1.879208e-06,0.00060583104,1.8309987e-05
2845,3.4702687e-06,0.0007554965,4.015714e-05
2846,3.3288354e-06,0.00070694735,3.707776e-05
2847,6.273606e-06,0.00089427806,8.303494e-05
2848,9.001934e-06,0.000961379,0.00012788658
2849,3.2227872e-05,0.0015392442,0.00064359006
2850,7.521644e-05,0.0020216813,0.0017670727
2851,0.00018456331,0.002593662,0.004502679
2852,0.00014735083,0.0020885207,0.003456687
2853,0.00015093648,0.0019095197,0.0034249425
2854,0.00010983034,0.001572655,0.0023640657
2855,7.373827e-05,0.0013566085,0.0015468708
2856,4.269059e-05,0.0012064802,0.00089484185
2857,3.4438566e-05,0.0011245441,0.00069539674
2858,3.0150573e-05,0.0011068088,0.0006141914
2859,2.8738761e-05,0.00099714,0.00055458804
2860,2.312753e-05,0.00084934215,0.0004053248
2861,1.9434909e-05,0.00077129615,0.00031781284
2862,1.615244e-05,0.00070680527,0.0002467459
2863,1.345067e-05,0.00066099595,0.00019366173
2864,1.0966132e-05,0.0006301765,0.00015058633
2865,8.534208e-06,0.0006025958,0.00011285272
2866,6.642101e-06,0.00057635613,8.451621e-05
2867,5.0536737e-06,0.00054968504,6.201471e-05
2868,4.405278e-06,0.0005539747,5.451649e-05
2869,3.5987314e-06,0.0005250576,4.2171512e-05
2870,2.9250382e-06,0.00051700894,3.4122182e-05
2871,2.2349652e-06,0.00049055147,2.4952253e-05
2872,1.8338011e-06,0.0004613736,1.9266226e-05
2873,1.4810968e-06,0.00043852907,1.47590235e-05
2874,2.2211525e-06,0.0005282412,2.5167124e-05
2875,2.1482274e-06,0.0005172952,2.3735007e-05
2876,1.8402917e-06,0.0004911651,1.9294015e-05
2877,1.5771099e-06,0.0004397623,1.5279407e-05
2878,1.6178201e-06,0.00042791077,1.5356098e-05
2879,1.3819765e-06,0.00038612983,1.2153181e-05
2880,1.2042789e-06,0.00036631103,1.0037422e-05
2881,1.4015424e-06,0.00038089047,1.205902e-05
2882,2.0399018e-06,0.00043240408,1.9376708e-05
2883,1.8191338e-06,0.00039581035,1.6283793e-05
2884,1.5872641e-06,0.00035640155,1.32453215e-05
2885,1.4879857e-06,0.00034330023,1.2057458e-05
2886,1.3664995e-06,0.0003241276,1.0622931e-05
2887,2.5930572e-06,0.00039582807,2.3715573e-05
2888,4.5726294e-05,0.0011322086,0.0009056198
2889,0.0003811656,0.0024121297,0.007955485
2890,0.00023497152,0.0015860888,0.0050094053
2891,0.00013820894,0.0012392721,0.003008444
2892,9.7504366e-05,0.0010592596,0.002041187
2893,7.628743e-05,0.00090247544,0.0014812502
2894,6.378535e-05,0.0008124834,0.0011670408
2895,7.0264534e-05,0.00080980605,0.0012847479
2896,5.6691504e-05,0.0007408607,0.0009799481
2897,3.5410092e-05,0.0006642008,0.0006053122
2898,2.3974815e-05,0.00061122247,0.00039960904
2899,1.7121689e-05,0.0005704763,0.0002755968
2900,1.2772923e-05,0.0005368471,0.00019697318
2901,9.680442e-06,0.00050659385,0.00014254716
2902,8.002452e-06,0.00046443884,0.00010946405
2903,6.675523e-06,0.00041609711,8.4064864e-05
2904,5.7131538e-06,0.000370162,6.6495835e-05
2905,4.793903e-06,0.00032381286,5.0991766e-05
2906,3.9872752e-06,0.0003136183,4.0547136e-05
2907,3.3465346e-06,0.0003032393,3.247673e-05
2908,2.8611053e-06,0.00029034977,2.6350395e-05
2909,2.4679023e-06,0.00027635912,2.1521044e-05
2910,2.114013e-06,0.0002681565,1.7623275e-05
2911,1.7920836e-06,0.00026198025,1.4342859e-05
2912,1.4456896e-06,0.00025712897,1.1218527e-05
2913,1.1051243e-06,0.00025028415,8.360799e-06
2914,9.3952e-07,0.00024306487,6.7964666e-06
2915,8.2893166e-07,0.00022069686,5.614297e-06
2916,7.1470475e-07,0.00019694933,4.4766657e-06
2917,6.2777144e-07,0.00018912478,3.7437208e-06
2918,5.4299755e-07,0.00018604989,3.1186241e-06
2919,4.6835314e-07,0.0001835373,2.5954664e-06
2920,4.0330116e-07,0.00018135768,2.1591325e-06
2921,3.546812e-07,0.00017705029,1.8224204e-06
2922,3.1108007e-07,0.00016032706,1.4915951e-06
2923,2.7652814e-07,0.00014910492,1.2512887e-06
2924,2.4791697e-07,0.00014288859,1.0710946e-06
2925,2.2230974e-07,0.00013960227,9.2402826e-07
2926,2.0032833e-07,0.00013475046,7.979647e-07
2927,1.8259222e-07,0.0001308883,6.9996366e-07
2928,1.652653e-07,0.00012739745,6.0959087e-07
2929,1.4960543e-07,0.00012517118,5.330017e-07
2930,1.3512198e-07,0.0001240742,4.6669942e-07
2931,1.2255796e-07,0.00012251762,4.0990565e-07
2932,1.1124022e-07,0.000121294266,3.6074618e-07
2933,1.006495e-07,0.0001130089,3.098796e-07
2934,9.1928584e-08,0.00011174381,2.745376e-07
2935,8.415458e-08,0.000110336216,2.4374302e-07
2936,7.722526e-08,0.00010866414,2.1681385e-07
2937,7.090862e-08,0.00010746797,1.9332018e-07
2938,6.5104864e-08,0.00010675418,1.7268088e-07
2939,5.992276e-08,0.00010578731,1.5454002e-07
2940,5.5275354e-08,0.00010196933,1.3739358e-07
2941,5.108884e-08,0.00010083164,1.234767e-07
2942,4.7333028e-08,9.876534e-05,1.1093136e-07
2943,4.3839737e-08,9.526359e-05,9.916442e-08
2944,4.0406405e-08,9.006349e-05,8.762559e-08
2945,3.7227284e-08,8.479637e-05,7.73118e-08
2946,3.4725968e-08,8.35152e-05,7.0173314e-08
2947,4.6050857e-08,9.169264e-05,1.000195e-07
2948,4.2667857e-08,8.719262e-05,8.913188e-08
2949,3.985876e-08,8.641418e-05,8.122305e-08
2950,3.7243908e-08,8.6028915e-05,7.415864e-08
2951,3.461996e-08,8.1922044e-05,6.639665e-08
2952,3.2426e-08,7.820111e-05,6.009755e-08
2953,3.0135737e-08,7.406981e-05,5.3725298e-08
2954,2.8303537e-08,7.2175244e-05,4.9044413e-08
2955,2.649362e-08,6.925371e-05,4.4401688e-08
2956,2.6795336e-08,6.955708e-05,4.4848882e-08
2957,2.6528332e-08,6.9834474e-05,4.3974172e-08
2958,2.5024852e-08,6.9422495e-05,4.060525e-08
2959,2.4002995e-08,6.704577e-05,3.7926235e-08
2960,2.3023041e-08,6.5420245e-05,3.561957e-08
2961,2.1776874e-08,6.501378e-05,3.300011e-08
2962,2.0614667e-08,6.4380074e-05,3.0572405e-08
2963,1.9522156e-08,6.34031e-05,2.8294226e-08
2964,1.8504386e-08,6.2549174e-05,2.6229447e-08
2965,1.7551542e-08,6.168068e-05,2.4334229e-08
2966,1.6660104e-08,6.085117e-05,2.260066e-08
2967,1.5735925e-08,5.867518e-05,2.0735756e-08
2968,1.4853672e-08,5.6387194e-05,1.8994063e-08
2969,1.4096206e-08,5.4908895e-05,1.757798e-08
2970,1.3357747e-08,5.3120253e-05,1.6210716e-08
2971,3.3066176e-08,7.5279495e-05,5.230189e-08
2972,3.418606e-08,7.612965e-05,5.4158757e-08
2973,3.2369922e-08,7.345003e-05,4.9852684e-08
2974,1.2856596e-07,0.00012599112,2.969387e-07
2975,1.2134505e-07,0.00012318835,2.732465e-07
2976,1.4534233e-07,0.00013232403,3.428004e-07
2977,1.3737004e-07,0.00013134084,3.1740387e-07
2978,1.2993391e-07,0.00013022035,2.9407497e-07
2979,1.229315e-07,0.00012794023,2.7183884e-07
2980,1.1616212e-07,0.00012443328,2.5021654e-07
2981,2.0354143e-07,0.00015286637,5.130656e-07
2982,1.9434684e-07,0.00014934267,4.795921e-07
2983,1.8393429e-07,0.00014732442,4.441102e-07
2984,1.7335218e-07,0.00014208544,4.066204e-07
2985,2.00401e-06,0.0003634149,9.6709555e-06
2986,1.8630827e-06,0.00034810542,8.69746e-06
2987,2.3516202e-06,0.0003776255,1.1667307e-05
2988,3.9440265e-06,0.000465946,2.273204e-05
2989,3.6599731e-06,0.00044890944,2.0446898e-05
2990,4.1304247e-06,0.00046967535,2.3811917e-05
2991,2.3721655e-05,0.00090853404,0.0002252962
2992,2.1515154e-05,0.0008612383,0.00019693957
2993,8.84022e-05,0.0014905571,0.0011669733
2994,8.062541e-05,0.0014204824,0.001041066
2995,8.84059e-05,0.0014561892,0.0011636553
2996,7.654105e-05,0.0013600125,0.0009697874
2997,6.6958964e-05,0.0012638791,0.00081423525
2998,5.9051883e-05,0.0011872478,0.00069110125
2999,5.2408403e-05,0.0011113354,0.0005893675
3000,4.6725796e-05,0.0010367198,0.0005042039
3001,4.2738437e-05,0.0009888643,0.00044770603
3002,5.4960063e-05,0.0010791213,0.0006116844
3003,4.909563e-05,0.0010111801,0.00052516407
3004,7.3589275e-05,0.0011687814,0.0008641448
3005,6.515735e-05,0.0010951143,0.0007360168
3006,5.8075108e-05,0.0010382181,0.000633198
3007,5.203597e-05,0.0009904731,0.0005486201
3008,4.6849967e-05,0.0009414184,0.00047702846
3009,5.05121e-05,0.0009537168,0.00052012416
3010,0.00011438113,0.0013083172,0.0014265133
3011,0.00018471113,0.001537101,0.0024777523
3012,0.00018152909,0.0014620437,0.0023944685
3013,0.00015226408,0.0013126878,0.0019265688
3014,0.0001302503,0.0011981229,0.0015817137
3015,0.00011303904,0.0010949626,0.0013147382
3016,9.93118e-05,0.0010232234,0.0011122203
3017,9.126456e-05,0.00097273197,0.0009941524
3018,8.129187e-05,0.0009260056,0.00085661473
3019,7.293344e-05,0.00087770174,0.0007422582
3020,6.572678e-05,0.0008445153,0.00064899534
3021,5.9538226e-05,0.00081224093,0.00057030376
3022,5.5607685e-05,0.0007810332,0.00051871245
3023,8.978855e-05,0.0009441459,0.0009427254
3024,8.0391364e-05,0.0009005445,0.0008172399
3025,7.2629206e-05,0.0008511104,0.0007132922
3026,6.57392e-05,0.00080565107,0.000623533
3027,6.0718954e-05,0.00077538163,0.0005602323
3028,0.00023079006,0.0012985109,0.0027640774
3029,0.00019386662,0.0011556358,0.0022284742
3030,0.00016813978,0.0010534786,0.0018611649
3031,0.00014699314,0.00096763234,0.0015648543
3032,0.00012960774,0.0009017643,0.0013296719
3033,0.00012362839,0.0008714251,0.0012428211
3034,0.0002661081,0.0011504844,0.0029795696
3035,0.00026656213,0.001098909,0.0029281108
3036,0.00023419884,0.0009989791,0.0024991278
3037,0.00020105505,0.00090386346,0.0020616418
3038,0.00017556283,0.000831933,0.0017328527
3039,0.00015532531,0.0007735627,0.0014776371
3040,0.00014751457,0.00074486854,0.0013726669
3041,0.00013166916,0.0007180761,0.0011921225
3042,0.00013126376,0.00071766245,0.0011804845
3043,0.0002901068,0.0009640577,0.0029338233
3044,0.0002466136,0.0008774958,0.002409271
3045,0.00021100015,0.00082583533,0.0020046465
3046,0.00018420094,0.0007841319,0.0017004594
3047,0.0001575619,0.00075928756,0.0014263965
3048,0.00013818059,0.00073996297,0.0012244532
3049,0.00012244964,0.00072484376,0.0010626636
3050,0.00010854751,0.00071452156,0.00092472555
3051,9.817589e-05,0.00070229283,0.0008188075
3052,8.919686e-05,0.00069218164,0.0007289136
3053,7.969701e-05,0.00068971096,0.00064165296
3054,7.425706e-05,0.0006798982,0.00058683497
3055,7.158e-05,0.00068701187,0.0005625896
3056,6.451481e-05,0.0006874026,0.00050012313
3057,5.9456554e-05,0.00068191823,0.00045275834
3058,6.1511935e-05,0.0007013112,0.0004729374
3059,5.7474812e-05,0.0006955523,0.00043476568
3060,5.8762835e-05,0.00072078186,0.00044963663
3061,5.3212792e-05,0.0007225669,0.0004019587
3062,4.9148955e-05,0.0007176334,0.00036497778
3063,5.207873e-05,0.00074066245,0.00039260733
3064,0.00012898346,0.001089435,0.0012280914
3065,0.000111419686,0.0010608505,0.0010420618
3066,9.686741e-05,0.0010388746,0.000890821
3067,0.0001257088,0.0011448235,0.0012207946
3068,0.00010764187,0.001113072,0.001027746
3069,9.184093e-05,0.001087764,0.0008642341
3070,8.279206e-05,0.001052575,0.00076000986
3071,9.3260685e-05,0.001111802,0.0008815093
3072,8.5658976e-05,0.0011026069,0.00080041424
3073,7.690688e-05,0.0010927839,0.0007100266
3074,9.910501e-05,0.00121312,0.0009723472
3075,8.8471315e-05,0.001198854,0.0008593913
3076,8.243312e-05,0.0011942887,0.0007945524
3077,7.620911e-05,0.0011428721,0.0007168439
3078,6.890348e-05,0.0011069503,0.0006324801
3079,6.1253864e-05,0.0010921105,0.0005528375
3080,5.5892353e-05,0.0010467276,0.00049066305
3081,5.046549e-05,0.0010344234,0.00043528824
3082,4.4213077e-05,0.0010290553,0.00037697822
3083,3.942619e-05,0.0010247062,0.00033163145
3084,3.617255e-05,0.0010036917,0.0002978929
3085,3.4289733e-05,0.0009821933,0.00027768654
3086,2.9964927e-05,0.0009811858,0.00024040695
3087,2.694733e-05,0.0009804863,0.0002133889
3088,2.4451056e-05,0.0009779977,0.00019082824
3089,2.2575949e-05,0.0009561562,0.00017239717
3090,2.2750988e-05,0.00095810037,0.00017377024
3091,9.2008224e-05,0.0016771195,0.0010216462
3092,7.886367e-05,0.0016152463,0.00085783494
3093,6.7529516e-05,0.0015651825,0.0007211102
3094,5.8093385e-05,0.0015235044,0.00060944
3095,5.2026735e-05,0.0014475476,0.000529561
3096,4.6799058e-05,0.0013827244,0.00046282215
3097,6.6930384e-05,0.0015582296,0.0007216282
3098,7.27414e-05,0.0015712237,0.0007952046
3099,0.0014405544,0.00492592,0.01231193
3100,0.00084492384,0.0031801618,0.009072597
3101,0.00056460366,0.0022878589,0.0065041683
3102,0.0004121909,0.0018328012,0.00477793
3103,0.00030590352,0.0015793393,0.0035408959
3104,0.00021472036,0.0013807961,0.0024993941
3105,0.00018019315,0.0012717115,0.0020334464
3106,0.00015262939,0.0011959441,0.0016756263
3107,0.00013225782,0.0011323757,0.0014099157
3108,0.0001073837,0.0010853744,0.0011292822
3109,9.516667e-05,0.001041567,0.0009728791
3110,7.860873e-05,0.0010130426,0.0007936378
3111,7.848524e-05,0.0010076596,0.00078805635
3112,7.212032e-05,0.0009751735,0.00070675364
3113,6.5657274e-05,0.0009585155,0.00063093676
3114,6.765651e-05,0.0009898661,0.00065808464
3115,7.648418e-05,0.0010758295,0.0007781842
3116,6.037574e-05,0.0010369675,0.00061006576
3117,5.1403695e-05,0.0010209063,0.0005119976
3118,0.0004830055,0.002412391,0.0062546195
3119,0.0015403886,0.0033829636,0.01243911
3120,0.00071135594,0.0022024207,0.008252923
3121,0.00038049364,0.001619074,0.005078123
3122,0.0002706493,0.0013656787,0.0036241587
3123,0.00020515022,0.0012128389,0.0027029866
3124,0.00017032302,0.0011474821,0.002252159
3125,0.00014697018,0.0010596798,0.001875921
3126,0.00014753494,0.001032129,0.0018555712
3127,0.00012364637,0.00097489316,0.0015108857
3128,0.00010684866,0.0009425166,0.0012794617
3129,8.994938e-05,0.00090838014,0.0010514567
3130,7.764068e-05,0.00087990303,0.0008837685
3131,7.717595e-05,0.00089140574,0.00087781204
3132,6.5877415e-05,0.00087280455,0.00073533005
3133,5.632126e-05,0.00085662975,0.0006164705
3134,5.929985e-05,0.00091841986,0.0006762679
3135,0.00020938346,0.0015553838,0.0030548028
3136,0.00028825048,0.0016515045,0.0041658888
3137,0.00017474404,0.0013603496,0.002605129
3138,0.00011235838,0.0011769445,0.0016868268
3139,7.30914e-05,0.0010445165,0.0010974829
3140,6.151241e-05,0.0009839782,0.00088695355
3141,4.3312422e-05,0.0009121521,0.0006182089
3142,6.1844854e-05,0.0010399877,0.0009529745
3143,8.826176e-05,0.0011679651,0.0014455447
3144,0.00025397618,0.0017553221,0.004587533
3145,0.00042692982,0.0019321505,0.007017786
3146,0.00031255325,0.0014725943,0.005152032
3147,0.00024125463,0.0012779699,0.0040250956
3148,0.00016647157,0.0010898,0.0027597656
3149,0.00012629076,0.0009781284,0.0020325766
3150,0.00010241006,0.0008958672,0.0015796642
3151,9.031944e-05,0.00087918405,0.0013889793
3152,7.7961886e-05,0.00080873485,0.0011418571
3153,4.9600294e-05,0.0007399006,0.000727584
3154,3.3540513e-05,0.0006830215,0.00048682324
3155,2.3795717e-05,0.00064164243,0.0003391691
3156,2.0395766e-05,0.0005934434,0.00027358055
3157,1.7072807e-05,0.00057355926,0.00022004996
3158,1.4851358e-05,0.0005197707,0.00017927386
3159,1.4432484e-05,0.00050801935,0.00017109072
3160,2.9421011e-05,0.00065293716,0.00041674575
3161,2.5000683e-05,0.0006237859,0.00033844277
3162,2.1038868e-05,0.0006028772,0.00027390226
3163,1.7904174e-05,0.00058275386,0.00022386992
3164,1.49870775e-05,0.0005677725,0.00018103389
3165,1.1967437e-05,0.0005529088,0.00014074618
3166,9.960352e-06,0.00053975364,0.00011327608
3167,1.0859151e-05,0.0005795591,0.00012800685
3168,6.801554e-06,0.0005397277,7.9790596e-05
3169,5.7093744e-06,0.0005197058,6.40206e-05
3170,4.5246793e-06,0.0005030349,4.908184e-05
3171,3.8364e-06,0.00048269762,3.9658917e-05
3172,3.2405683e-06,0.00046593804,3.203626e-05
3173,2.7106737e-06,0.00045214396,2.5730087e-05
3174,2.1629517e-06,0.00044087807,1.9994493e-05
3175,1.6818242e-06,0.00042640037,1.508328e-05
3176,1.2379954e-06,0.00040844557,1.0862537e-05
3177,1.2185088e-06,0.00042559797,1.0883783e-05
3178,1.045329e-06,0.0003984566,8.782895e-06
3179,1.0115457e-06,0.00038025828,8.196849e-06
3180,8.6065893e-07,0.00033590075,6.4146197e-06
3181,1.0058692e-06,0.0003567873,7.7509685e-06
3182,1.1223117e-06,0.0003556086,8.673256e-06
3183,9.915565e-07,0.00033259141,7.2367297e-06
3184,8.5245694e-07,0.00032363491,5.9681533e-06
3185,2.9304126e-06,0.0005221892,2.9249482e-05
3186,2.5047966e-06,0.00049941696,2.3793194e-05
3187,2.5665329e-06,0.000501922,2.422941e-05
3188,2.1491821e-06,0.00049289176,1.9743064e-05
3189,1.7562791e-06,0.000479142,1.5574507e-05
3190,1.3208055e-06,0.00046024923,1.1417841e-05
3191,1.2385055e-06,0.00042270467,1.0149777e-05
3192,1.0010557e-06,0.00041244624,7.967416e-06
3193,7.5739e-07,0.0003983317,5.9129097e-06
3194,4.8632586e-07,0.00037030934,3.7442812e-06
3195,4.1611426e-07,0.00032368273,2.9341084e-06
3196,3.53761e-07,0.00028852766,2.2981142e-06
3197,3.7247253e-07,0.00028640928,2.3973234e-06
3198,3.5061026e-07,0.00027042287,2.1577002e-06
3199,4.912787e-07,0.000288351,3.2210887e-06
3200,5.0835945e-07,0.00028466096,3.2887906e-06
3201,4.3703005e-07,0.00025268373,2.6102016e-06
3202,1.3195768e-06,0.00039077998,1.08471895e-05
3203,3.6074202e-06,0.0005655819,3.916364e-05
3204,3.032975e-06,0.00054132723,3.135889e-05
3205,3.6130355e-06,0.0005555257,3.8270828e-05
3206,2.520789e-06,0.0005230695,2.614537e-05
3207,2.1425255e-06,0.0004915656,2.0942683e-05
3208,1.7817317e-06,0.0004730203,1.6638038e-05
3209,1.5098526e-06,0.00045226308,1.3403523e-05
3210,3.0970216e-06,0.0006289215,3.50302e-05
3211,2.666388e-06,0.00056476257,2.7979693e-05
3212,2.801242e-06,0.0005605475,2.916856e-05
3213,3.0584577e-06,0.0005667969,3.2013562e-05
3214,2.6234088e-06,0.0005206331,2.5677095e-05
3215,2.2649945e-06,0.00048366332,2.08365e-05
3216,1.8502551e-06,0.0004705789,1.644059e-05
3217,1.5424358e-06,0.00046316508,1.3384492e-05
3218,2.3826262e-06,0.0005329692,2.2996248e-05
3219,2.0742004e-06,0.0005028641,1.8960594e-05
3220,1.8179493e-06,0.00048962445,1.6009559e-05
3221,1.744478e-06,0.000457817,1.4724069e-05
3222,1.5566005e-06,0.0004128234,1.2292348e-05
3223,1.961353e-06,0.0004453075,1.642305e-05
3224,1.7097241e-06,0.00040613126,1.3395263e-05
3225,1.4572098e-06,0.00039879247,1.10365345e-05
3226,1.1424041e-06,0.0003893243,8.462298e-06
3227,9.4073033e-07,0.00038207095,6.7642486e-06
3228,8.4412216e-07,0.0003814081,5.9430095e-06
3229,7.6064225e-07,0.00036734765,5.1351676e-06
3230,6.4777714e-07,0.0003605511,4.22581e-06
3231,5.615813e-07,0.00035198525,3.5248252e-06
3232,4.881673e-07,0.000346703,2.967039e-06
3233,4.2875874e-07,0.00031728586,2.4437163e-06
3234,3.9390883e-07,0.0003193942,2.2086472e-06
3235,3.491418e-07,0.00029730037,1.8493606e-06
3236,2.6146563e-07,0.00028837463,1.3657091e-06
3237,2.0148404e-07,0.00028119914,1.032762e-06
3238,1.6445497e-07,0.0002764644,8.2049553e-07
3239,1.4154449e-07,0.00027071056,6.8034984e-07
3240,1.2473573e-07,0.00025964982,5.717535e-07
3241,1.0861621e-07,0.00025418575,4.7947003e-07
3242,9.6220504e-08,0.00024425818,4.0567107e-07
3243,8.5609614e-08,0.00023106481,3.4286907e-07
3244,7.9737916e-08,0.0002194263,3.0614942e-07
3245,1.07661336e-07,0.00024246989,4.439294e-07
3246,9.617949e-08,0.00023478696,3.805213e-07
3247,9.509822e-08,0.00023085848,3.6879092e-07
3248,1.0144965e-07,0.00022593624,3.9022714e-07
3249,9.1437116e-08,0.00021674695,3.3675417e-07
3250,8.240059e-08,0.0002117095,2.926359e-07
3251,7.459191e-08,0.00020479104,2.546333e-07
3252,6.746336e-08,0.00019308503,2.1946454e-07
3253,6.329986e-08,0.00018726656,1.9933012e-07
3254,5.5249895e-08,0.00018801808,1.7045832e-07
3255,4.466805e-08,0.00018686905,1.36122e-07
3256,3.8501057e-08,0.00018720068,1.1495455e-07
3257,3.1614768e-08,0.00018636075,9.295795e-08
3258,2.6979878e-08,0.00018623428,7.77035e-08
3259,2.3314254e-08,0.00018600804,6.5621485e-08
3260,2.0538666e-08,0.00018523399,5.6284936e-08
3261,1.8533315e-08,0.00017424772,4.8326623e-08
3262,1.651054e-08,0.0001581405,4.0418414e-08
3263,1.5066476e-08,0.00015498372,3.567587e-08
3264,1.7786826e-08,0.00016798063,4.4014325e-08
3265,1.6131704e-08,0.00016603888,3.8735976e-08
3266,1.5300133e-08,0.00016804726,3.624978e-08
3267,1.3887409e-08,0.00016652446,3.19741e-08
3268,1.2194701e-08,0.00016727726,2.7529568e-08
3269,1.0878119e-08,0.00016757753,2.4006454e-08
3270,9.953861e-09,0.00016357565,2.1233765e-08
3271,9.101812e-09,0.00015546146,1.860128e-08
3272,1.01055795e-08,0.00015875534,2.1046956e-08
3273,2.1160503e-08,0.00020205154,5.3591428e-08
3274,1.9373891e-08,0.0001964095,4.7378347e-08
3275,1.7762229e-08,0.00019188572,4.2031942e-08
3276,1.628672e-08,0.00018879674,3.7399758e-08
3277,1.5563709e-08,0.00018494338,3.4859017e-08
3278,1.3846055e-08,0.00018619024,3.045084e-08
3279,1.23982025e-08,0.00018720517,2.6740297e-08
3280,1.1423308e-08,0.00018247511,2.3847184e-08
3281,1.0534449e-08,0.00017909447,2.1343766e-08
3282,9.726461e-09,0.00017267154,1.9016808e-08
3283,8.999067e-09,0.0001695995,1.7092137e-08
3284,8.296214e-09,0.00016101563,1.5133702e-08
3285,8.41045e-09,0.00016139541,1.524216e-08
3286,8.450771e-09,0.00016176868,1.5192846e-08
3287,7.814232e-09,0.00015370408,1.3508418e-08
3288,7.258397e-09,0.00015295735,1.2261166e-08
3289,9.521194e-09,0.00016940317,1.7262932e-08
3290,9.7573905e-09,0.00017376943,1.7751802e-08
3291,9.080215e-09,0.00017212964,1.6121943e-08
3292,8.619674e-09,0.00017163769,1.5019424e-08
3293,8.023455e-09,0.00016493227,1.35129286e-08
3294,7.4463657e-09,0.00015662111,1.2073515e-08
3295,6.9586448e-09,0.00015133472,1.0933799e-08
3296,6.5162835e-09,0.00014687309,9.93995e-09
3297,6.11283e-09,0.00014312979,9.067361e-09
3298,3.6144467e-08,0.00027636575,8.9529046e-08
3299,4.764207e-08,0.00030064955,1.2644607e-07
3300,4.533842e-08,0.00029523676,1.1762046e-07
3301,4.1397882e-08,0.0002967991,1.0550841e-07
3302,3.8444554e-08,0.00029274513,9.554211e-08
3303,3.57668e-08,0.0002874924,8.6567816e-08
3304,3.3307884e-08,0.0002827419,7.856839e-08
3305,3.0993114e-08,0.00028034873,7.146032e-08
3306,2.889262e-08,0.00027715467,6.506327e-08
3307,2.6982091e-08,0.00027025433,5.908981e-08
3308,2.5190813e-08,0.00026129908,5.351166e-08
3309,2.3539297e-08,0.00025244438,4.8502997e-08
3310,2.2064103e-08,0.00024706213,4.429984e-08
3311,2.070131e-08,0.00024352224,4.060146e-08
3312,1.936506e-08,0.000234058,3.680048e-08
3313,2.2998616e-08,0.00024820547,4.5555666e-08
3314,2.5260169e-08,0.00025443875,5.1038015e-08
3315,2.3735572e-08,0.00024917803,4.6774915e-08
3316,2.2176291e-08,0.00023786126,4.226024e-08
3317,2.0883421e-08,0.00023323712,3.8849034e-08
3318,1.9674818e-08,0.00022794724,3.5698946e-08
3319,1.8551159e-08,0.00022277654,3.283768e-08
3320,1.7687212e-08,0.00021819715,3.062756e-08
3321,5.483604e-08,0.00033630308,1.3239189e-07
3322,5.1290947e-08,0.0003237417,1.201356e-07
3323,4.81528e-08,0.00031536154,1.0988015e-07
3324,4.5267136e-08,0.0003082566,1.00766854e-07
3325,4.2585942e-08,0.00030108186,9.247288e-08
3326,3.9928608e-08,0.000289181,8.4111356e-08
3327,3.7528928e-08,0.0002790748,7.683859e-08
3328,3.5225458e-08,0.00026763862,6.995569e-08
3329,3.3292352e-08,0.00026371193,6.472623e-08
3330,3.148341e-08,0.00025925803,5.9890255e-08
3331,2.9594716e-08,0.00024839435,5.4613935e-08
3332,9.31085e-08,0.0003871699,2.4125214e-07
3333,1.3260103e-07,0.00043484522,3.7721856e-07
3334,1.2431475e-07,0.0004219681,3.4440342e-07
3335,1.1677813e-07,0.00040810902,3.148753e-07
3336,1.1182396e-07,0.0004059196,2.9699876e-07
3337,1.0523058e-07,0.00039905513,2.7344726e-07
3338,9.909022e-08,0.00039140187,2.517813e-07
3339,9.332978e-08,0.00038205914,2.3156727e-07
3340,8.822015e-08,0.00037428166,2.1411306e-07
3341,8.3245965e-08,0.00037061915,1.9823061e-07
3342,7.86107e-08,0.00036369573,1.8317726e-07
3343,7.4295286e-08,0.00035786006,1.6957304e-07
3344,8.3901675e-08,0.00037049325,1.9677505e-07
3345,1.0026438e-07,0.00039799896,2.468359e-07
3346,9.4606854e-08,0.0003957387,2.2890659e-07
3347,8.9317616e-08,0.00038593926,2.1114849e-07
3348,8.75909e-08,0.0003828745,2.0476466e-07
3349,8.243406e-08,0.0003679663,1.8738812e-07
3350,7.774244e-08,0.0003549358,1.7209332e-07
3351,7.3496146e-08,0.0003442071,1.5874826e-07
3352,6.973024e-08,0.00033954968,1.4778541e-07
3353,6.6175026e-08,0.0003371706,1.3790397e-07
3354,6.2805576e-08,0.0003304163,1.2819378e-07
3355,6.4510665e-08,0.00033223038,1.3186582e-07
3356,7.0277146e-08,0.00034803324,1.4720001e-07
3357,6.67624e-08,0.0003427743,1.3721001e-07
3358,6.3446116e-08,0.00033698234,1.2788777e-07
3359,1.6026284e-07,0.0004800222,4.239994e-07
3360,1.518821e-07,0.00046523017,3.928551e-07
3361,1.4355618e-07,0.00045372927,3.6320125e-07
3362,1.3592614e-07,0.000446758,3.37418e-07
3363,1.287451e-07,0.00043849542,3.132974e-07
3364,2.900151e-07,0.00059394876,8.931534e-07
3365,2.761608e-07,0.0005863096,8.366823e-07
3366,2.6034297e-07,0.00057393115,7.725731e-07
3367,2.452405e-07,0.0005570356,7.109284e-07
3368,2.3147123e-07,0.0005442445,6.569599e-07
3369,2.1873045e-07,0.0005345974,6.0886117e-07
3370,2.0649118e-07,0.0005196437,5.6191516e-07
3371,1.9468891e-07,0.0005016712,5.1677097e-07
3372,1.8438372e-07,0.00049325166,4.802695e-07
3373,1.754011e-07,0.00048007752,4.47788e-07
3374,3.4752568e-07,0.00062134716,1.0829758e-06
3375,8.111023e-06,0.0020675703,6.401558e-05
3376,1.6372562e-05,0.0026820695,0.00015904628
3377,1.4492697e-05,0.0025093472,0.00013657863
3378,1.7991139e-05,0.0027005957,0.00018215089
3379,2.069006e-05,0.0028310448,0.00022074899
3380,1.9101513e-05,0.002727208,0.00020201164
3381,1.7352542e-05,0.0025938074,0.00018031686
3382,1.5633555e-05,0.0024268718,0.00015802933
3383,1.3830649e-05,0.0022665472,0.0001351666
3384,1.2376019e-05,0.0021120114,0.00011691689
3385,1.1026412e-05,0.0019728618,0.00010056792
3386,9.915602e-06,0.0018418758,8.7338434e-05
3387,1.442221e-05,0.0020942609,0.00014173726
3388,2.9068107e-05,0.0026779228,0.00034767724
3389,2.52736e-05,0.0024541377,0.00029046708
3390,2.2796296e-05,0.0023168866,0.00025580762
3391,2.004458e-05,0.002191465,0.00021808095
3392,1.7678016e-05,0.0020309994,0.00018502478
3393,6.972985e-05,0.0034279162,0.001053244
3394,8.650922e-05,0.0036023331,0.0013819489
3395,7.483151e-05,0.003290826,0.001167692
3396,0.0002317195,0.0048857313,0.0041602463
3397,0.00016947725,0.0038234482,0.0029452192
3398,0.00013058986,0.003141106,0.002163377
3399,0.00018547413,0.0034419799,0.003183668
3400,0.00014473089,0.0028490182,0.0023783841
3401,0.00012356456,0.0025574365,0.0019755524
3402,0.00010110043,0.0022345276,0.0015393543
3403,8.4572646e-05,0.0020062225,0.0012303721
3404,7.184894e-05,0.0018098435,0.0009969925
3405,8.232382e-05,0.0018746639,0.0011756327
3406,7.029095e-05,0.0016983745,0.00095784484
3407,6.07487e-05,0.0015730112,0.00079431816
3408,5.298232e-05,0.0014590794,0.0006643097
3409,4.6505862e-05,0.0013475687,0.0005579169
3410,4.2075353e-05,0.0012668953,0.0004870697
3411,3.7400292e-05,0.0011859052,0.00041577686
3412,3.3356857e-05,0.0011051602,0.00035549692
3413,3.1314336e-05,0.0010590939,0.00032543726
3414,0.00077229243,0.0036689183,0.009692159
3415,0.001663002,0.004117125,0.013336846
3416,0.0009222602,0.0025354847,0.009949563
3417,0.000589324,0.0018072651,0.0070799184
3418,0.00042122262,0.0014248397,0.0051400037
3419,0.00036706502,0.001246721,0.0043780915
3420,0.00028842376,0.0010887424,0.003362421
3421,0.0002367568,0.0009798816,0.0026738208
3422,0.00019957995,0.0009019536,0.0021800406
3423,0.00017198527,0.00084019726,0.0018149156
3424,0.00014937924,0.00080066145,0.0015316249
3425,0.00015932514,0.00082067866,0.0016421888
3426,0.00014051114,0.000774656,0.0014003321
3427,0.00012780295,0.00073807477,0.0012385129
3428,0.00011472455,0.0006954914,0.0010732173
3429,0.00015460077,0.00077045476,0.0015225093
3430,0.0009642366,0.0015509493,0.008933288
3431,0.0008789821,0.0012942773,0.008103035
3432,0.0006295507,0.0010121951,0.0059993644
3433,0.00048601712,0.00084660307,0.0045839623
3434,0.00038202998,0.0007545185,0.0035530073
3435,0.00032094424,0.0006818959,0.0028907587
3436,0.0002742841,0.00063514954,0.0023984262
3437,0.00023923258,0.0005986536,0.0020295726
3438,0.0002118317,0.0005689283,0.0017440888
3439,0.00018663087,0.0005528748,0.0015016762
3440,0.00016677887,0.00053951686,0.001311278
3441,0.00015056769,0.000528002,0.001157107
3442,0.00013320305,0.00052392675,0.001007627
3443,0.00013032828,0.00053601427,0.0009861267
3444,0.00011849168,0.0005307441,0.0008796939
3445,0.000102616556,0.0005294899,0.0007545646
3446,9.434765e-05,0.00052567135,0.0006812234
3447,8.617129e-05,0.000526199,0.0006129603
3448,7.4782954e-05,0.0005280098,0.0005282476
3449,6.356103e-05,0.00052815315,0.000446999
3450,5.8529426e-05,0.000530674,0.00040599215
3451,5.5694953e-05,0.00054384227,0.00038607576
3452,4.9451985e-05,0.0005495282,0.0003402395
3453,4.5017663e-05,0.000555544,0.00030656188
3454,4.0881514e-05,0.000562178,0.00027575658
3455,3.7896167e-05,0.0005707851,0.00025372402
3456,9.2812734e-05,0.0008321525,0.0007927541
3457,9.628037e-05,0.0008783388,0.00084295304
3458,0.00014519577,0.0010534199,0.0013985534
3459,0.00012696844,0.0010188883,0.0011959043
3460,0.00011077249,0.0009939483,0.0010236114
3461,9.487673e-05,0.0009745544,0.00086439465
3462,8.373022e-05,0.00097174663,0.00076028606
3463,7.582252e-05,0.00094764197,0.0006728852
3464,6.7910114e-05,0.0009366428,0.00059220946
3465,6.186084e-05,0.0009188708,0.00052823074
3466,5.584156e-05,0.0009115513,0.00046897636
3467,4.9048893e-05,0.0009090014,0.00040731247
3468,4.3038646e-05,0.000907564,0.00035362213
3469,8.054675e-05,0.0011504766,0.00077594287
3470,6.211496e-05,0.0010993195,0.00059652585
3471,4.8807004e-05,0.0010610423,0.00046659636
3472,4.4363056e-05,0.0010143527,0.00041138876
3473,4.1653486e-05,0.001043827,0.00039293733
3474,3.5937934e-05,0.0010346357,0.00033461672
3475,3.406438e-05,0.001012335,0.00031164353
3476,3.109176e-05,0.0009786696,0.00027675464
3477,8.117625e-05,0.0014145256,0.00092604314
3478,0.0004199228,0.0026486346,0.0056442893
3479,0.00029811516,0.0021682135,0.0040358184
3480,0.004581951,0.0060402425,0.016065719
3481,0.007793759,0.0068141716,0.016757248
3482,0.0030482197,0.004834029,0.015096683
3483,0.0013461171,0.0029674938,0.011743588
3484,0.00079936517,0.0020325112,0.008519931
3485,0.0004637123,0.001506962,0.005569812
3486,0.00033248638,0.0012661421,0.004024128
3487,0.000267061,0.0011040908,0.0031324234
3488,0.00022030137,0.0010012413,0.00250314
3489,0.00023361375,0.0010304134,0.0026732816
3490,0.00017102153,0.0009367285,0.0019497207
3491,0.00014691353,0.000881214,0.0016213289
3492,0.00010903561,0.00082328764,0.0011978499
3493,7.3444804e-05,0.00075984496,0.0008121428
3494,6.300322e-05,0.00074556196,0.0006818757
3495,5.572394e-05,0.00072975096,0.0005873708
3496,4.5412555e-05,0.00071573054,0.00047282674
3497,3.906039e-05,0.00070906687,0.00039924335
3498,2.6757463e-05,0.00066200894,0.00027400514
3499,2.0974301e-05,0.0006463856,0.00021263806
3500,1.4674533e-05,0.00061062153,0.00014838688
3501,1.14886925e-05,0.0005965975,0.000114626746
3502,9.276909e-06,0.00058683736,9.0945396e-05
3503,7.486356e-06,0.000576914,7.204432e-05
3504,6.772485e-06,0.00058079173,6.434527e-05
3505,5.936295e-06,0.00056927855,5.4559838e-05
3506,5.230468e-06,0.0005571572,4.646515e-05
3507,4.6489426e-06,0.00054148637,3.97967e-05
3508,4.152655e-06,0.00052362157,3.4194876e-05
3509,3.7229138e-06,0.0004964344,2.928763e-05
3510,3.370249e-06,0.0004662551,2.5294263e-05
3511,3.0354431e-06,0.00045408477,2.1993517e-05
3512,3.0176934e-06,0.00047720212,2.2261385e-05
3513,3.3471347e-06,0.0005141856,2.5628982e-05
3514,3.3677788e-06,0.00050365966,2.540239e-05
3515,3.4160132e-06,0.0004940485,2.5431485e-05
3516,3.5769244e-06,0.00049910013,2.6681457e-05
3517,4.561641e-06,0.00053798384,3.6014342e-05
3518,1.5051784e-05,0.000869811,0.00016826736
3519,1.7005194e-05,0.0009607448,0.00020314888
3520,1.1807331e-05,0.0008979274,0.00013982189
3521,6.668119e-05,0.0016930021,0.001218687
3522,7.160269e-05,0.0017510584,0.0013408273
3523,5.0494255e-05,0.001576195,0.0009234225
3524,3.8154332e-05,0.0014549299,0.0006741945
3525,3.0588726e-05,0.0013570113,0.0005170054
3526,2.5221509e-05,0.0013030923,0.00041741453
3527,3.6800564e-05,0.0014840027,0.00066457054
3528,2.2931928e-05,0.0013151169,0.00040847526
3529,1.7679977e-05,0.0012249219,0.00030123
3530,1.1145683e-05,0.0010994272,0.00018601461
3531,8.058744e-06,0.0010162398,0.00012903073
3532,6.4982655e-06,0.00093611144,9.7393866e-05
3533,5.245347e-06,0.00086956675,7.389592e-05
3534,7.5677035e-06,0.0009689977,0.00011588656
3535,1.0751757e-05,0.0010266438,0.00017526801
3536,8.38092e-06,0.0009588067,0.00012971167
3537,6.9157527e-06,0.0008529327,9.8575445e-05
3538,7.4526765e-06,0.0008159798,0.00010453039
3539,1.4639158e-05,0.0010095459,0.00024307895
3540,1.0842288e-05,0.0009412952,0.00017288227
3541,7.5268235e-06,0.0008677994,0.00011597799
3542,5.248108e-06,0.00080020324,7.7825855e-05
3543,4.288394e-06,0.0007172309,5.8526064e-05
3544,6.2444756e-06,0.0007912476,9.226615e-05
3545,5.111155e-06,0.000725627,7.0313814e-05
3546,3.8595385e-06,0.0006820212,5.0737748e-05
3547,2.5831162e-06,0.0006277457,3.2881144e-05
3548,1.788478e-06,0.0005798452,2.1852924e-05
3549,1.2261812e-06,0.000533494,1.4343454e-05
3550,9.382522e-07,0.0005004979,1.0462125e-05
3551,1.2334033e-06,0.0005642218,1.4962367e-05
3552,9.883665e-07,0.0004935031,1.0850845e-05
3553,8.013038e-07,0.00044147417,8.049537e-06
3554,6.5522653e-07,0.00038728816,5.978814e-06
3555,1.2662424e-06,0.0004866217,1.3705308e-05
3556,1.0319899e-06,0.00041794428,1.0070294e-05
3557,8.50418e-07,0.00036172895,7.517348e-06
3558,8.5375945e-07,0.0003376374,7.2512935e-06
3559,7.177285e-07,0.00029844418,5.584664e-06
3560,6.1124194e-07,0.00026947306,4.400162e-06
3561,5.250793e-07,0.00025423968,3.5623525e-06
3562,5.202836e-07,0.00024805288,3.4411507e-06
3563,6.883611e-07,0.00027494354,4.8680968e-06
3564,6.7925447e-07,0.0002816917,4.7933436e-06
3565,8.5588545e-07,0.0003233232,6.588414e-06
3566,8.357676e-07,0.00033659732,6.524573e-06
3567,7.135593e-07,0.0003210546,5.280481e-06
3568,6.5117877e-07,0.00030526295,4.5976562e-06
3569,5.764412e-07,0.00027543213,3.7948541e-06
3570,5.370791e-07,0.0002626655,3.3888289e-06
3571,4.998843e-07,0.00024200678,2.9936666e-06
3572,7.050539e-07,0.00026790818,4.587367e-06
3573,1.9337992e-06,0.0003735367,1.644236e-05
3574,1.7104072e-06,0.00033571912,1.3557552e-05
3575,2.7717185e-06,0.000383949,2.4578902e-05
3576,6.839494e-06,0.0005276326,7.729463e-05
3577,6.207829e-06,0.0004927892,6.6621295e-05
3578,5.4162656e-06,0.0004789754,5.588997e-05
3579,1.1084508e-05,0.00065378327,0.00014203975
3580,9.493031e-06,0.0005907775,0.00011331661
3581,1.0726325e-05,0.000589958,0.00012892758
3582,1.0197914e-05,0.0005808712,0.00011973458
3583,8.85896e-06,0.0005632371,9.999698e-05
3584,7.215886e-06,0.0005494913,7.9012396e-05
3585,6.660493e-06,0.00054057734,7.0956965e-05
3586,1.2713324e-05,0.0006746523,0.00016062133
3587,1.2972577e-05,0.00069793826,0.0001656442
3588,2.8875404e-05,0.00095060153,0.0004560275
3589,3.920125e-05,0.0010127446,0.0006513309
3590,3.1535485e-05,0.00096232584,0.0005062899
3591,3.4855395e-05,0.0009686979,0.00056523195
3592,9.874501e-05,0.001409684,0.0019780092
3593,8.008497e-05,0.0012008941,0.0014978384
3594,8.0244725e-05,0.0012444459,0.0015785113
3595,6.478497e-05,0.0011043652,0.0011973112
3596,5.2355976e-05,0.0010103689,0.00091667107
3597,4.2840184e-05,0.0009374386,0.0007124463
3598,4.2763848e-05,0.00092845596,0.0007029638
3599,3.5953923e-05,0.0008295905,0.0005513102
3600,3.347188e-05,0.0008536929,0.000529993
3601,2.8352018e-05,0.000848598,0.00045545673
3602,2.3820143e-05,0.0007864335,0.00036068007
3603,2.0098289e-05,0.00073900685,0.00028842472
3604,1.6792897e-05,0.0007064492,0.00023039232
3605,1.4279962e-05,0.000671803,0.00018651907
3606,1.07605465e-05,0.0006428725,0.00013704361
3607,7.3475057e-06,0.0006010446,9.192494e-05
3608,5.535364e-06,0.0005737283,6.7108056e-05
3609,4.005124e-06,0.00054285344,4.7166683e-05
3610,2.9752478e-06,0.0005153856,3.383612e-05
3611,2.241131e-06,0.0004896443,2.4514977e-05
3612,1.6862629e-06,0.00046453928,1.7712588e-05
3613,1.8794373e-06,0.00049484475,2.0433054e-05
3614,1.55176e-06,0.0004280178,1.5301917e-05
3615,1.2755833e-06,0.000407264,1.1917238e-05
3616,1.1674865e-06,0.00037557664,1.034621e-05
3617,1.1882858e-06,0.00036565895,1.0375228e-05
3618,1.0435372e-06,0.00032740008,8.45388e-06
3619,8.9779445e-07,0.0003032012,6.807724e-06
3620,1.1442359e-06,0.00033626432,9.241409e-06
3621,9.735766e-07,0.00029631075,7.2247117e-06
3622,8.729565e-07,0.00027185844,6.110523e-06
3623,7.62631e-07,0.00025228105,5.0153512e-06
3624,6.6893114e-07,0.00024198946,4.1890085e-06
3625,6.0652985e-07,0.00022520791,3.6116085e-06
3626,5.7678716e-07,0.00021947337,3.3571569e-06
3627,5.273249e-07,0.00020581398,2.9316784e-06
3628,4.6888806e-07,0.00019412221,2.4719427e-06
3629,4.1228472e-07,0.00019165373,2.099771e-06
3630,3.6710068e-07,0.00018714448,1.7976714e-06
3631,3.290196e-07,0.00017825858,1.535736e-06
3632,2.9406823e-07,0.00017513492,1.3241471e-06
3633,2.6375517e-07,0.00016098155,1.1210276e-06
3634,2.3854187e-07,0.00014912484,9.614457e-07
3635,2.1460461e-07,0.00013742325,8.176289e-07
3636,1.9533405e-07,0.00013312203,7.1584844e-07
3637,1.7785598e-07,0.0001269964,6.239958e-07
3638,1.6223937e-07,0.000121023375,5.450436e-07
3639,1.4852885e-07,0.00011905264,4.832405e-07
3640,1.3362802e-07,0.000119954166,4.251769e-07
3641,1.1967406e-07,0.000121107056,3.7289183e-07
3642,1.0954527e-07,0.00012015976,3.3175792e-07
3643,1.0043846e-07,0.00011450003,2.9172557e-07
3644,2.1124487e-07,0.00014896823,7.517015e-07
3645,1.9386499e-07,0.00014391141,6.645775e-07
3646,1.7822103e-07,0.00014137357,5.921269e-07
3647,1.6173931e-07,0.00014218505,5.2554486e-07
3648,2.1877425e-07,0.00016363537,7.758372e-07
3649,2.2585925e-07,0.00017028664,8.07928e-07
3650,2.0753077e-07,0.00016799504,7.208678e-07
3651,1.9698044e-07,0.00017059149,6.757306e-07
3652,1.8845243e-07,0.0001675796,6.3115294e-07
3653,1.7117169e-07,0.00016871572,5.6145495e-07
3654,1.580719e-07,0.0001657975,5.0331215e-07
3655,1.4598326e-07,0.00015953099,4.482255e-07
3656,1.3601976e-07,0.00015904955,4.0821612e-07
3657,1.3880624e-07,0.00015776402,4.129385e-07
3658,1.892057e-07,0.00017461424,6.092143e-07
3659,1.7545864e-07,0.00017145746,5.48882e-07
3660,1.6153814e-07,0.00017207829,4.947717e-07
3661,1.4977387e-07,0.00017095031,4.47613e-07
3662,1.3774233e-07,0.00017211241,4.0370438e-07
3663,1.2813584e-07,0.00016976647,3.6573888e-07
3664,1.2247185e-07,0.00016721398,3.4191692e-07
3665,1.1287126e-07,0.00016864706,3.0940922e-07
3666,1.0506033e-07,0.00016797695,2.8154992e-07
3667,1.0030369e-07,0.00016774648,2.641053e-07
3668,9.8063545e-08,0.00017121504,2.567479e-07
3669,9.141837e-08,0.00017086542,2.3427097e-07
3670,8.541104e-08,0.00016986733,2.1401098e-07
3671,7.988001e-08,0.00016881774,1.9572396e-07
3672,7.4784154e-08,0.0001676918,1.7919477e-07
3673,7.0065475e-08,0.00016668743,1.6425419e-07
3674,6.575405e-08,0.00016483542,1.5059992e-07
3675,6.174466e-08,0.00016344392,1.3830963e-07
3676,5.7911e-08,0.00016338237,1.272191e-07
3677,5.443152e-08,0.00016254648,1.1711521e-07
3678,5.118687e-08,0.00016191605,1.07930234e-07
3679,1.3344604e-07,0.00023563308,3.7195312e-07
3680,1.248257e-07,0.00023427878,3.4057322e-07
3681,1.1689825e-07,0.00023263847,3.1213668e-07
3682,1.0959302e-07,0.0002307409,2.8633428e-07
3683,1.02780575e-07,0.00022433036,2.6115163e-07
3684,1.1528199e-07,0.00023188333,2.9980578e-07
3685,1.08117774e-07,0.00023139334,2.757859e-07
3686,1.0168569e-07,0.0002279276,2.5342615e-07
3687,9.560728e-08,0.00022197109,2.3201842e-07
3688,2.5350366e-07,0.00031931416,8.135519e-07
3689,2.4208953e-07,0.00030873326,7.573044e-07
3690,2.268146e-07,0.00030027993,6.904119e-07
3691,2.1295322e-07,0.00028906114,6.2913324e-07
3692,2.553046e-07,0.00030509368,7.8686554e-07
3693,2.3967263e-07,0.00029750774,7.197392e-07
3694,2.3168414e-07,0.00029032322,6.817716e-07
3695,2.1952476e-07,0.00028239336,6.300993e-07
3696,2.0609278e-07,0.00027248828,5.746978e-07
3697,1.9417307e-07,0.00026586378,5.2810105e-07
3698,2.5810593e-07,0.00029358847,7.566735e-07
3699,2.429779e-07,0.00029254347,6.993565e-07
3700,2.3129559e-07,0.0002857593,6.5092263e-07
3701,2.3626312e-07,0.00029105457,6.668134e-07
3702,2.2306618e-07,0.0002869038,6.1634177e-07
3703,2.097205e-07,0.00027600085,5.628858e-07
3704,1.9843867e-07,0.00026785085,5.193078e-07
3705,6.5007924e-07,0.00042314196,2.4069964e-06
3706,9.2702265e-07,0.0004808343,3.7876569e-06
3707,2.470629e-06,0.00070304814,1.3490152e-05
3708,2.2923057e-06,0.0006800893,1.2173425e-05
3709,2.174158e-06,0.00066447986,1.1336719e-05
3710,2.021077e-06,0.00064318976,1.0253495e-05
3711,1.8821188e-06,0.0006306455,9.329859e-06
3712,1.7540949e-06,0.00061388785,8.477525e-06
3713,1.10564015e-05,0.001229386,9.1246875e-05
3714,2.95645e-05,0.0017923741,0.00032355444
3715,2.7741444e-05,0.0016998512,0.00029642243
3716,2.9002233e-05,0.00169572,0.00031283728
3717,3.5545407e-05,0.0017883918,0.00040284023
3718,3.1495336e-05,0.0016675092,0.0003436542
3719,2.8060389e-05,0.0015654691,0.00029530923
3720,2.5109273e-05,0.0014959488,0.00025630064
3721,2.2537199e-05,0.001433973,0.00022330413
3722,2.0267134e-05,0.0013498074,0.00019370047
3723,1.8313356e-05,0.0012706398,0.00016889274
3724,1.6603466e-05,0.0012183551,0.00014856504
3725,1.5086843e-05,0.0011662567,0.00013089334
3726,1.3712514e-05,0.0011041602,0.00011492165
3727,1.2502373e-05,0.0010497582,0.000101353246
3728,1.1440492e-05,0.0010076894,8.999966e-05
3729,1.0701453e-05,0.0009772613,8.2431005e-05
3730,3.469699e-05,0.0015370264,0.00037353399
3731,3.0989253e-05,0.0014400622,0.00032147454
3732,2.8409717e-05,0.0013764532,0.00028729634
3733,2.597218e-05,0.0013115803,0.00025539563
3734,2.3418736e-05,0.0012356244,0.0002221473
3735,2.1201302e-05,0.0011704483,0.00019433426
3736,1.9273783e-05,0.0011230772,0.00017142597
3737,1.755489e-05,0.0010729985,0.00015128824
3738,1.6202e-05,0.0010291332,0.00013588255
3739,1.4809881e-05,0.0009815767,0.00012027518
3740,1.3567034e-05,0.00093748287,0.000106742904
3741,1.2495467e-05,0.0008963317,9.537971e-05
3742,1.1506176e-05,0.000865401,8.539691e-05
3743,1.0613645e-05,0.00084248226,7.680079e-05
3744,9.803031e-06,0.00081624056,6.905865e-05
3745,9.059899e-06,0.0007860666,6.201881e-05
3746,8.5604e-06,0.00076338835,5.7302357e-05
3747,8.007382e-06,0.0007526442,5.2567073e-05
3748,7.433374e-06,0.00073497806,4.764308e-05
3749,6.9076928e-06,0.00071562635,4.318941e-05
3750,6.42634e-06,0.00069714425,3.9205883e-05
3751,5.981557e-06,0.00068647217,3.573081e-05
3752,5.571175e-06,0.00067678763,3.260028e-05
3753,5.188766e-06,0.000669574,2.9778177e-05
3754,4.8396073e-06,0.0006605104,2.7217397e-05
3755,4.5186644e-06,0.0006372098,2.4742074e-05
3756,4.2247643e-06,0.00062711595,2.2656614e-05
3757,3.9536776e-06,0.0006154598,2.075061e-05
3758,3.7011905e-06,0.0005992657,1.8966366e-05
3759,3.4691504e-06,0.0005904424,1.7422553e-05
3760,3.2542462e-06,0.0005809769,1.601225e-05
3761,9.0399835e-06,0.000858083,5.991537e-05
3762,8.61103e-06,0.00084486307,5.632918e-05
3763,7.996609e-06,0.0008197956,5.1028168e-05
3764,7.4295476e-06,0.00078852585,4.61273e-05
3765,1.5245349e-05,0.0010402466,0.000116709416
3766,2.2772605e-05,0.001219731,0.00019624962
3767,2.1483547e-05,0.0011964383,0.00018280998
3768,1.9652543e-05,0.0011488344,0.00016262563
3769,1.8009161e-05,0.001117017,0.00014549591
3770,1.6597436e-05,0.0010704324,0.0001304755
3771,1.5262636e-05,0.0010284843,0.000116689844
3772,1.4063199e-05,0.0009907263,0.000104654566
3773,2.43514e-05,0.0012108177,0.00021113083
3774,2.2407134e-05,0.001155908,0.00018882818
3775,2.53909e-05,0.0012103259,0.00022186105
3776,0.00021534202,0.0027406802,0.002996099
3777,0.0005366862,0.0036749379,0.007038045
3778,0.0020441634,0.005402223,0.013865471
3779,0.005673583,0.0066011567,0.016359592
3780,0.002766575,0.0043385783,0.014550192
3781,0.0015092134,0.0027585437,0.011613341
3782,0.0018014762,0.002469147,0.0122026885
3783,0.0011493382,0.0017212069,0.009385322
3784,0.0011843145,0.0015065871,0.00926176
3785,0.0008219361,0.0011529464,0.006876627
3786,0.0006463559,0.000970528,0.005433099
3787,0.0008132753,0.0010098467,0.0064950255
3788,0.0015707577,0.0012119348,0.010073019
3789,0.0015756428,0.0010716686,0.009772802
3790,0.0015173437,0.0009457757,0.009250204
3791,0.0010814175,0.0007498605,0.007005579
3792,0.001276472,0.0007682496,0.0078113694
3793,0.0010175958,0.0006576603,0.0063319253
3794,0.0008113207,0.0005737229,0.005032086
3795,0.0006670476,0.0005215146,0.0040826397
3796,0.0005199553,0.00048058602,0.003171202
3797,0.0004489692,0.0004548765,0.002673163
3798,0.00038909222,0.00043825398,0.0022697325
3799,0.00035420028,0.000431114,0.0020333675
3800,0.00030226907,0.000421777,0.0017138761
3801,0.00027886542,0.00041849687,0.0015573245
3802,0.00020621764,0.00039549134,0.0011601567
3803,0.00017620948,0.00039332855,0.0009855676
3804,0.00016340746,0.0003923482,0.0008998085
3805,0.00027564896,0.00049013656,0.001694939
3806,0.00046999133,0.0006085495,0.0030914536
3807,0.00040278948,0.00057539187,0.002589952
3808,0.0003533722,0.00054984924,0.0022179256
3809,0.00028666743,0.0005275526,0.0017866843
3810,0.000324476,0.0005677127,0.0020687082
3811,0.00025878503,0.00054275186,0.001642918
3812,0.00022026987,0.000532471,0.0013838785
3813,0.00020173019,0.000521159,0.0012410631
3814,0.00036871605,0.0006678936,0.002511608
3815,0.0005024944,0.00074331084,0.003477871
3816,0.0009373894,0.0009461864,0.0062763817
3817,0.0016511853,0.0011133883,0.009346024
3818,0.022185128,0.0040166774,0.017240362
3819,0.014227376,0.0061683166,0.016933242
3820,0.0068183253,0.005996511,0.015824825
3821,0.0032060056,0.0043071797,0.013290072
3822,0.001549121,0.0029777156,0.009471186
3823,0.00088907476,0.002196804,0.0063492525
3824,0.000673175,0.0018406304,0.0048431093
3825,0.00061156705,0.0016919883,0.0043434654
3826,0.00046174222,0.0015014414,0.0032867198
3827,0.00033580457,0.0013397762,0.0024078186
3828,0.00023440523,0.001209326,0.001702082
3829,0.00018362039,0.0011409891,0.0013304997
3830,0.0001618403,0.0011155608,0.0011554485
3831,0.00024242359,0.0013505679,0.0019055227
3832,0.00021485788,0.0012763686,0.0016470869
3833,0.00015298963,0.0011665422,0.0011822472
3834,0.000111443725,0.001080637,0.00086588744
3835,0.00010179636,0.001052629,0.0007752302
3836,9.268139e-05,0.0010366472,0.00069424947
3837,8.498234e-05,0.001022924,0.0006266985
3838,0.00027296884,0.001644634,0.0025596307
3839,0.0011689336,0.0028581196,0.00938666
3840,0.0007489823,0.0021885068,0.006924538
3841,0.0005120944,0.0017712164,0.004935297
3842,0.00040359463,0.0015221102,0.0038257746
3843,0.00032321573,0.001371516,0.003013062
3844,0.0007906941,0.0018819387,0.0069785696
3845,0.0005254875,0.0015182531,0.004885976
3846,0.0003361299,0.0012621147,0.0032468245
3847,0.00023155232,0.0011083658,0.0022633441
3848,0.00019817632,0.0010444692,0.0018869314
3849,0.00023885511,0.0011256037,0.0023312103
3850,0.00015595304,0.0010238178,0.0015514849
3851,0.000132773,0.0009881678,0.0012952782
3852,0.000117964424,0.0009502372,0.0011204031
3853,8.1461425e-05,0.0008796517,0.00077960116
3854,7.355381e-05,0.0008551358,0.0006861461
3855,6.6932036e-05,0.00082409283,0.0006069442
3856,6.572934e-05,0.0008130563,0.00059014
3857,5.9829796e-05,0.0007972929,0.00052507594
3858,5.4873784e-05,0.000766235,0.0004678872
3859,5.0415198e-05,0.0007493143,0.000419883
3860,4.6415375e-05,0.0007347425,0.00037795265
3861,4.278279e-05,0.00072338985,0.00034108147
3862,3.8957216e-05,0.000723314,0.00030583524
3863,3.5856727e-05,0.0007188422,0.00027650682
3864,3.2348093e-05,0.00072248746,0.00024637746
3865,2.9707911e-05,0.0007218027,0.00022271606
3866,3.321369e-05,0.0007511725,0.0002557728
3867,3.116775e-05,0.00073128275,0.00023495185
3868,2.8958106e-05,0.0007130071,0.00021324545
3869,3.2626263e-05,0.0007824791,0.00025298886
3870,3.6244473e-05,0.00084070105,0.00029186922
3871,3.054475e-05,0.00083740155,0.00024560373
3872,2.1234717e-05,0.00078599725,0.00017190294
3873,1.920908e-05,0.00078539946,0.00015296743
3874,1.7637209e-05,0.00077606976,0.00013751781
3875,1.5937767e-05,0.0007771001,0.00012236983
3876,1.4209139e-05,0.00078014855,0.000107696265
3877,1.2290763e-05,0.0007817882,9.228387e-05
3878,1.0483382e-05,0.00078137545,7.805095e-05
3879,1.2324738e-05,0.00087170483,9.809261e-05
3880,1.0476688e-05,0.00086836435,8.256518e-05
3881,7.1125155e-06,0.0008068589,5.628973e-05
3882,4.7843905e-06,0.00074960984,3.7967366e-05
3883,3.5950816e-06,0.00072218676,2.8338301e-05
3884,2.5100308e-06,0.00068048295,1.9711297e-05
3885,1.8876818e-06,0.0006554045,1.4651773e-05
3886,1.4078933e-06,0.0006299601,1.0817663e-05
3887,1.2060119e-06,0.0006172639,8.978821e-06
3888,1.2847958e-06,0.000624735,9.612338e-06
3889,1.348387e-06,0.00062239694,1.00587395e-05
3890,1.5154582e-06,0.0006522107,1.1608402e-05
3891,2.2331456e-06,0.0007219969,1.8714565e-05
3892,1.9736274e-06,0.0006737612,1.568902e-05
3893,1.7659021e-06,0.0006214809,1.3315211e-05
3894,3.4792945e-06,0.0007726894,3.132986e-05
3895,3.3262365e-06,0.0007366345,2.9013234e-05
3896,2.9459318e-06,0.00068413623,2.4359286e-05
3897,1.9497575e-06,0.00063568976,1.6061735e-05
3898,1.7090767e-06,0.000579793,1.322109e-05
3899,1.5047626e-06,0.0005301636,1.0948144e-05
3900,1.338997e-06,0.0004962473,9.249323e-06
3901,9.22876e-07,0.00046845735,6.3351567e-06
3902,6.726831e-07,0.00044861226,4.5549286e-06
3903,5.084807e-07,0.00043293906,3.3764402e-06
3904,4.2828918e-07,0.00042279132,2.7451106e-06
3905,3.8274442e-07,0.0003808251,2.2949323e-06
3906,3.6567195e-07,0.0003649372,2.117905e-06
3907,5.0028825e-07,0.0004055496,3.1478965e-06
3908,2.286344e-06,0.00071229204,2.2289349e-05
3909,2.9711166e-06,0.00073980127,3.0306453e-05
3910,3.513619e-06,0.00075167674,3.6730922e-05
3911,4.6557125e-06,0.00079506286,5.140215e-05
3912,4.2116194e-06,0.0007405136,4.4397188e-05
3913,3.639797e-06,0.0006627964,3.5706806e-05
3914,3.3644787e-06,0.00061886845,3.149723e-05
3915,5.5281535e-06,0.0007816907,6.092434e-05
3916,4.5854217e-06,0.0007590981,4.888735e-05
3917,3.849666e-06,0.00073549384,3.9545725e-05
3918,3.3057906e-06,0.0007074441,3.252309e-05
3919,2.7548622e-06,0.0006879637,2.6196183e-05
3920,2.2356471e-06,0.00066851743,2.0630869e-05
3921,1.8696252e-06,0.0006495242,1.6649241e-05
3922,1.6855813e-06,0.00065943314,1.5104091e-05
3923,1.4614558e-06,0.00060585444,1.2288114e-05
3924,1.5170675e-06,0.0006036358,1.267838e-05
3925,1.3272146e-06,0.00056748,1.0510773e-05
3926,1.1615896e-06,0.00054376666,8.7880735e-06
3927,1.0113017e-06,0.0005274526,7.3523147e-06
3928,8.382261e-07,0.00051809207,5.941001e-06
3929,8.050332e-07,0.0005465496,5.9828367e-06
3930,7.8101664e-07,0.0005518267,5.757044e-06
3931,6.7072995e-07,0.00053496246,4.74973e-06
3932,7.128274e-07,0.00055987615,5.146068e-06
3933,7.418513e-07,0.00055404595,5.311589e-06
3934,6.6171765e-07,0.00050762837,4.475629e-06
3935,5.79133e-07,0.00046193317,3.669097e-06
3936,5.1287543e-07,0.00044246123,3.1056713e-06
3937,4.4546562e-07,0.00043455107,2.6100372e-06
3938,3.874016e-07,0.0004269674,2.1967883e-06
3939,3.3685794e-07,0.00041988725,1.849805e-06
3940,2.8979696e-07,0.00041411817,1.5454143e-06
3941,2.4086805e-07,0.00040828798,1.2540362e-06
3942,2.7549632e-07,0.0004324183,1.4802409e-06
3943,2.4087333e-07,0.00043071483,1.2686903e-06
3944,2.1514414e-07,0.00041852996,1.0913254e-06
3945,1.9435758e-07,0.00040636296,9.502878e-07
3946,2.4806124e-07,0.00043089135,1.2748111e-06
3947,1.0654619e-06,0.00072290737,8.236618e-06
3948,9.348342e-07,0.0006690353,6.822566e-06
3949,7.9849434e-07,0.0006539944,5.6430335e-06
3950,7.135028e-07,0.0006053522,4.7741514e-06
3951,6.8841564e-07,0.00057241524,4.449882e-06
3952,6.3059696e-07,0.00052846776,3.8726703e-06
3953,6.154874e-07,0.00054798875,3.822333e-06
3954,8.758533e-07,0.0006404445,6.040112e-06
3955,9.2803896e-07,0.0006557767,6.458582e-06
3956,1.2003735e-06,0.0007119736,8.885346e-06
3957,1.061787e-06,0.0006605151,7.4418986e-06
3958,9.457163e-07,0.0006278303,6.3358243e-06
3959,8.2727877e-07,0.00061667233,5.3759895e-06
3960,8.766957e-07,0.0006147136,5.695574e-06
3961,7.848297e-07,0.000584593,4.878123e-06
3962,6.415555e-07,0.00057517237,3.91602e-06
3963,8.854163e-07,0.0006909261,6.179303e-06
3964,7.1412563e-07,0.0006743179,4.87889e-06
3965,5.569439e-07,0.00065282395,3.732373e-06
3966,4.5291227e-07,0.0006363705,2.9588941e-06
3967,5.133731e-07,0.00068681,3.5049452e-06
3968,5.618904e-07,0.0007362402,3.9933116e-06
3969,1.2614191e-06,0.0009913523,1.1242877e-05
3970,1.8555367e-06,0.001081135,1.8009256e-05
3971,1.6833885e-06,0.0010426675,1.5802658e-05
3972,1.4596505e-06,0.0010356683,1.3661049e-05
3973,1.1314396e-06,0.0009884308,1.0292321e-05
3974,9.591614e-07,0.00094077643,8.328532e-06
3975,8.257221e-07,0.0008825571,6.7932924e-06
3976,1.2408428e-06,0.0009886365,1.1247491e-05
3977,1.0564672e-06,0.00087240484,8.858184e-06
3978,8.3200143e-07,0.00083894754,6.786512e-06
3979,7.1720166e-07,0.0007970355,5.5733135e-06
3980,6.1656016e-07,0.0007103756,4.4492713e-06
3981,5.6180465e-07,0.00066411187,3.8825524e-06
3982,6.4775486e-07,0.000675596,4.582685e-06
3983,6.4204085e-07,0.0006538979,4.4637773e-06
3984,7.76063e-07,0.0006697284,5.569277e-06
3985,6.8647836e-07,0.00063383346,4.6933665e-06
3986,8.090955e-07,0.00064945803,5.676942e-06
3987,7.522777e-07,0.0006166586,5.0746617e-06
3988,6.681221e-07,0.00058154116,4.2905885e-06
3989,5.872175e-07,0.0005678959,3.6426884e-06
3990,5.2100313e-07,0.0005506417,3.1115076e-06
3991,4.7947384e-07,0.0005335835,2.7685874e-06
3992,5.9345473e-07,0.00058361306,3.6287702e-06
3993,5.75642e-07,0.0005770696,3.4580241e-06
3994,5.1374093e-07,0.00053826766,2.9306527e-06
3995,4.501023e-07,0.00053147704,2.4973333e-06
3996,4.023469e-07,0.00051843154,2.1568567e-06
3997,3.5262252e-07,0.0005127509,1.8405641e-06
3998,3.0217015e-07,0.0005081288,1.5419654e-06
3999,2.6964267e-07,0.00049782556,1.3320969e-06
4000,2.4082948e-07,0.00048838294,1.1526466e-06
4001,2.1260908e-07,0.00048296677,9.903747e-07
4002,1.8844308e-07,0.00047713073,8.537256e-07
4003,1.7030708e-07,0.00045829976,7.415442e-07
4004,1.5423946e-07,0.00044209242,6.466795e-07
4005,1.3428351e-07,0.0004399954,5.5104334e-07
4006,1.2184613e-07,0.00042344088,4.81173e-07
4007,1.1697487e-07,0.00042213628,4.544436e-07
4008,1.035624e-07,0.0004201627,3.931793e-07
4009,9.399021e-08,0.00039666452,3.4125694e-07
4010,9.1307285e-08,0.00038099592,3.23473e-07
4011,8.5723904e-08,0.0003642558,2.933719e-07
4012,7.5163676e-08,0.00036467367,2.5261465e-07
4013,6.601587e-08,0.00036490939,2.1777268e-07
4014,6.0080524e-08,0.00036011875,1.927598e-07
4015,5.494529e-08,0.000353104,1.7105857e-07
4016,5.0196444e-08,0.000333694,1.4971438e-07
4017,5.6038125e-08,0.00034599294,1.7179228e-07
4018,1.7138339e-07,0.00051386235,7.18415e-07
4019,4.2359474e-07,0.0007089589,2.2920105e-06
4020,5.619284e-07,0.00077284133,3.2591472e-06
4021,7.132483e-07,0.00084026926,4.3993145e-06
4022,6.402806e-07,0.0007924013,3.7787004e-06
4023,5.753829e-07,0.00077944377,3.3073318e-06
4024,5.0511875e-07,0.00076957874,2.833797e-06
4025,4.482894e-07,0.00075732556,2.4482179e-06
4026,4.01671e-07,0.0007409288,2.1288815e-06
4027,3.629952e-07,0.0007063368,1.8488671e-06
4028,3.2838796e-07,0.0006853115,1.6180405e-06
4029,2.9793577e-07,0.0006547936,1.4125179e-06
4030,2.704356e-07,0.0006378769,1.2426191e-06
4031,2.4600433e-07,0.00062056805,1.0951537e-06
4032,2.2377786e-07,0.00060693413,9.67244e-07
4033,2.038124e-07,0.00057463144,8.456197e-07
4034,1.8580894e-07,0.00054249517,7.394426e-07
4035,1.6983202e-07,0.0005338408,6.580566e-07
4036,1.6233608e-07,0.000521703,6.182167e-07
4037,2.0544698e-07,0.0005657864,8.3061497e-07
4038,2.0593167e-07,0.0005636934,8.2616737e-07
4039,1.9999504e-07,0.00054175215,7.8288366e-07
4040,1.8378192e-07,0.0005307686,6.9978614e-07
4041,1.6879942e-07,0.00052272703,6.264708e-07
4042,1.5549291e-07,0.00050220615,5.5777855e-07
4043,2.933162e-07,0.0006253972,1.2524695e-06
4044,2.6684359e-07,0.0005829576,1.0892513e-06
4045,2.4574734e-07,0.0005679099,9.745044e-07
4046,2.2654352e-07,0.0005475065,8.697846e-07
4047,2.0836328e-07,0.0005197224,7.705042e-07
4048,2.6552027e-07,0.00057647505,1.0522177e-06
4049,2.6020993e-07,0.00057585584,1.0210374e-06
4050,2.4023421e-07,0.000554236,9.1270726e-07
4051,2.2136996e-07,0.0005267631,8.108812e-07
4052,2.049286e-07,0.0005065275,7.268866e-07
4053,1.8918948e-07,0.00048058285,6.4684474e-07
4054,2.5472747e-07,0.0005262183,9.392333e-07
4055,6.2829554e-07,0.0007325634,3.0022738e-06
4056,5.7819756e-07,0.00071480573,2.6891835e-06
4057,5.329417e-07,0.00069293036,2.4075566e-06
4058,4.91792e-07,0.00066999,2.156326e-06
4059,4.543958e-07,0.0006476398,1.933874e-06
4060,4.2030155e-07,0.0006252027,1.7357515e-06
4061,3.891742e-07,0.0006028186,1.5591746e-06
4062,3.6068113e-07,0.0005803185,1.4013101e-06
4063,3.3387656e-07,0.00055166276,1.2528302e-06
4064,3.1912347e-07,0.0005294387,1.1666222e-06
4065,3.111691e-07,0.00051492197,1.1166265e-06
4066,2.9034553e-07,0.00050422933,1.0167573e-06
4067,2.7063632e-07,0.00048610632,9.2026454e-07
4068,2.5284598e-07,0.0004714694,8.366823e-07
4069,3.3071962e-07,0.00051939004,1.176414e-06
4070,3.086322e-07,0.00051386945,1.0753982e-06
4071,2.8857716e-07,0.00050187705,9.810163e-07
4072,2.7009693e-07,0.00049173145,8.968627e-07
4073,2.5294966e-07,0.00048444004,8.2195214e-07
4074,2.3698661e-07,0.00047145685,7.5077594e-07
4075,2.2216985e-07,0.0004581212,6.8595256e-07
4076,2.0838178e-07,0.00044431523,6.267326e-07
4077,1.9496983e-07,0.0004260029,5.6903974e-07
4078,1.8339394e-07,0.00041532813,5.224601e-07
4079,1.7270729e-07,0.0004060653,4.807598e-07
4080,1.6279313e-07,0.00039764997,4.4308518e-07
4081,1.5340842e-07,0.00038697125,4.0749424e-07
4082,1.4428335e-07,0.00037290232,3.72841e-07
4083,1.3584399e-07,0.000359638,3.416415e-07
4084,1.2834681e-07,0.00035027682,3.1524849e-07
4085,1.2151726e-07,0.0003443037,2.9239428e-07
4086,1.1464468e-07,0.00033222706,2.6863393e-07
4087,1.0831034e-07,0.00032122032,2.4735573e-07
4088,1.0261428e-07,0.0003128741,2.2900919e-07
4089,1.0340893e-07,0.00030998868,2.2927448e-07
4090,9.893838e-08,0.00030188027,2.1476377e-07
4091,3.3052757e-07,0.00048298796,1.0269235e-06
4092,3.255228e-07,0.0004838828,1.008979e-06
4093,3.0729086e-07,0.00046912828,9.2964694e-07
4094,2.9007458e-07,0.00046037187,8.5952485e-07
4095,3.3647493e-07,0.0004854301,1.0360369e-06
4096,3.2426763e-07,0.00047298628,9.801765e-07
4097,4.645883e-07,0.0005459357,1.5635042e-06
4098,5.974377e-07,0.0006024962,2.1653323e-06
4099,2.1367493e-06,0.0009880615,1.1321382e-05
4100,1.5101907e-05,0.0020820673,0.0001419998
4101,1.6901762e-05,0.002164689,0.0001655183
4102,1.5069321e-05,0.0020432496,0.00014310266
4103,1.3481208e-05,0.0019344059,0.00012419971
4104,1.2097137e-05,0.0018351896,0.000108146305
4105,1.0878237e-05,0.0017623053,9.471734e-05
4106,9.764162e-06,0.001711212,8.310507e-05
4107,8.809057e-06,0.0016490251,7.30687e-05
4108,7.965958e-06,0.0015863687,6.43402e-05
4109,7.2191683e-06,0.0015217431,5.670961e-05
4110,6.5461877e-06,0.0014419787,4.9795362e-05
4111,5.9553495e-06,0.0013759393,4.3961532e-05
4112,5.421634e-06,0.0013041387,3.874389e-05
4113,7.4370746e-06,0.0014414506,5.7956997e-05
4114,7.3862293e-06,0.0014094025,5.7154208e-05
4115,7.283155e-06,0.0014032141,5.654194e-05
4116,6.6073035e-06,0.0013220736,4.9543352e-05
4117,6.013553e-06,0.0012480147,4.358108e-05
4118,5.498058e-06,0.0011956751,3.8693706e-05
4119,5.060575e-06,0.0011539301,3.4693392e-05
4120,4.642249e-06,0.0011088054,3.0932213e-05
4121,4.28958e-06,0.0010599769,2.7789729e-05
4122,3.937668e-06,0.0010065177,2.4693923e-05
4123,3.6952413e-06,0.00097279594,2.266988e-05
4124,3.4898342e-06,0.0009487326,2.1044618e-05
4125,3.331166e-06,0.0009347434,1.9861913e-05
4126,3.0733738e-06,0.0008941176,1.7778539e-05
4127,2.8449094e-06,0.0008639925,1.6021177e-05
4128,2.6378152e-06,0.00083958975,1.4488608e-05
4129,2.7178432e-06,0.0008439187,1.5018007e-05
4130,3.073808e-06,0.0008731391,1.7507396e-05
4131,4.1247063e-06,0.0009635282,2.5461206e-05
4132,3.8134585e-06,0.00092088,2.2857013e-05
4133,5.334789e-06,0.0010423108,3.524797e-05
4134,1.3352226e-05,0.0014911016,0.00011607109
4135,1.3968216e-05,0.0015122619,0.00012346405
4136,1.2662728e-05,0.0014356372,0.000108461005
4137,1.1552208e-05,0.0013610356,9.589383e-05
4138,1.143854e-05,0.0013321856,9.4202216e-05
4139,1.4098697e-05,0.001426322,0.00012293673
4140,1.3269335e-05,0.0013908921,0.00011373404
4141,2.1906239e-05,0.0016735041,0.00021636492
4142,3.920624e-05,0.0020943058,0.00045744516
4143,3.8236325e-05,0.002040816,0.00044301548
4144,3.372328e-05,0.0019213182,0.00037802357
4145,3.0317195e-05,0.0017911918,0.0003282708
4146,2.7482894e-05,0.0016798353,0.00028808924
4147,2.4598343e-05,0.0016006588,0.00025010348
4148,2.2067066e-05,0.0015291604,0.00021771682
4149,1.9859199e-05,0.0014568238,0.00018990388
4150,2.0639147e-05,0.0014723134,0.00019940776
4151,1.982475e-05,0.0014436373,0.00018926295
4152,1.7965092e-05,0.0013629359,0.0001659231
4153,1.6160326e-05,0.0013322737,0.00014588445
4154,1.4618895e-05,0.0012948797,0.0001286954
4155,1.6573635e-05,0.001351908,0.00015096807
4156,1.5220191e-05,0.0012800121,0.00013435913
4157,1.3824887e-05,0.0012222129,0.00011829252
4158,1.791041e-05,0.0013238996,0.0001639645
4159,1.6584532e-05,0.0012745288,0.00014842297
4160,1.5047962e-05,0.0012103339,0.00013029014
4161,1.3659836e-05,0.0011820211,0.00011549032
4162,1.2451801e-05,0.0011444798,0.000102495724
4163,1.1679134e-05,0.0011135913,9.442882e-05
4164,1.0835334e-05,0.0010636707,8.5160114e-05
4165,2.2570786e-05,0.0013921093,0.00021781577
4166,2.0569472e-05,0.0013461009,0.0001935521
4167,1.8952514e-05,0.0012853243,0.00017361091
4168,1.7182978e-05,0.0012430202,0.00015321113
4169,1.543667e-05,0.0012243019,0.00013488333
4170,2.2005384e-05,0.0014279702,0.0002140475
4171,2.2296948e-05,0.0014206973,0.0002175504
4172,2.0522473e-05,0.001358546,0.00019483925
4173,1.9619576e-05,0.0013204835,0.00018358765
4174,1.7673518e-05,0.0012885829,0.00016148337
4175,1.8992805e-05,0.0013030056,0.00017627896
4176,1.7105524e-05,0.0012738904,0.00015512327
4177,1.5228123e-05,0.0012574634,0.00013552059
4178,1.3827569e-05,0.001210463,0.00011955366
4179,2.145806e-05,0.0014126032,0.00020922786
4180,2.2217602e-05,0.0014271227,0.00021934285
4181,2.4493911e-05,0.0014525707,0.00024721102
4182,2.207931e-05,0.0013926794,0.00021637398
4183,1.812277e-05,0.001361452,0.0001757554
4184,1.6256316e-05,0.0013240993,0.0001536564
4185,1.5263657e-05,0.0012638081,0.00014058636
4186,2.0765823e-05,0.0013962475,0.00020738249
4187,1.8679724e-05,0.0013268839,0.00018037592
4188,1.6847884e-05,0.0012590192,0.00015719791
4189,7.381778e-05,0.0021902998,0.0010125289
4190,6.2666084e-05,0.002054956,0.00083269575
4191,0.00012643592,0.0025862928,0.001919558
4192,0.0001286054,0.0024709601,0.0019350061
4193,0.000101991376,0.0022569443,0.001494666
4194,8.4298284e-05,0.0020948034,0.0011987059
4195,6.9666574e-05,0.0019675372,0.0009632031
4196,6.107194e-05,0.001809046,0.0008128246
4197,5.114127e-05,0.0017289709,0.00066372467
4198,4.4638615e-05,0.0016115591,0.00055668567
4199,0.00058515737,0.0043017953,0.008465599
4200,0.00032038288,0.003019562,0.00531071
4201,0.00023267999,0.0023908932,0.0037875464
4202,0.00019100154,0.0020472845,0.003005841
4203,0.0039766217,0.006364198,0.016070696
4204,0.001563346,0.003747153,0.013308385
4205,0.0008613739,0.002333335,0.009892138
4206,0.00055266556,0.0016027883,0.0069747563
4207,0.00042304586,0.001272293,0.0053403294
4208,0.00028975535,0.0010656093,0.0037197582
4209,0.0002348171,0.0009210098,0.0028940656
4210,0.00019440649,0.0008406871,0.0023156414
4211,0.00015731045,0.00078931137,0.0018317424
4212,0.0001418598,0.000761446,0.0016136612
4213,0.00012473682,0.0007326736,0.0013813734
4214,8.910341e-05,0.0006812343,0.0009860208
4215,0.00010025851,0.00069592084,0.0011219049
4216,0.00016366644,0.0008449915,0.0019970017
4217,0.00016487205,0.00086632697,0.0020330995
4218,0.00013487268,0.00081791467,0.001622101
4219,0.000168348,0.000876384,0.0020729774
4220,0.0001735527,0.0008824336,0.002128796
4221,0.00014847795,0.00080961717,0.0017475561
4222,0.0001252997,0.00077238295,0.0014346173
4223,0.00010925209,0.00073691725,0.001210582
4224,9.515233e-05,0.00071361696,0.0010255834
4225,8.390445e-05,0.0006932447,0.0008794466
4226,7.3560186e-05,0.00068039156,0.00075312
4227,7.23378e-05,0.0006855335,0.0007362084
4228,6.446082e-05,0.0006726691,0.00063983613
4229,0.0001142317,0.00083344366,0.0012835223
4230,0.000229914,0.0010708997,0.0028451434
4231,0.0005177072,0.0014467313,0.0062460606
4232,0.000845716,0.001618299,0.008825517
4233,0.00055425824,0.0012344128,0.006258076
4234,0.0003492581,0.0009936143,0.0041545457
4235,0.00025380828,0.0008738133,0.0030139242
4236,0.0002056135,0.0008034295,0.0023779906
4237,0.00016651516,0.0007551713,0.0018850889
4238,0.00020408418,0.00079691067,0.0023424134
4239,0.00018824318,0.0007518718,0.0020998644
4240,0.00015314628,0.0007134685,0.0016743762
4241,0.00012913771,0.0006867322,0.0013790638
4242,0.0001329487,0.0007208615,0.001449658
4243,0.00011186928,0.00070051436,0.0011992775
4244,9.872167e-05,0.00068873086,0.0010389487
4245,8.125522e-05,0.00067220797,0.00084280234
4246,5.9203987e-05,0.00063703314,0.0006191817
4247,4.83556e-05,0.00062668923,0.00050049886
4248,8.416311e-05,0.00081521086,0.0010180429
4249,6.585478e-05,0.00078218925,0.0007856956
4250,4.7820206e-05,0.00073804386,0.0005671704
4251,3.8187038e-05,0.00071816024,0.00044575366
4252,4.5187535e-05,0.00078179385,0.00055172323
4253,0.00012970775,0.0011992318,0.001993093
4254,0.00010514278,0.0011205081,0.0015770856
4255,0.00011325177,0.001122344,0.0016947326
4256,8.8663764e-05,0.001047545,0.0012933474
4257,7.5704724e-05,0.00096583256,0.0010530222
4258,4.9358056e-05,0.0008774807,0.0006866686
4259,3.7057394e-05,0.00083296996,0.00050675776
4260,3.0882195e-05,0.00080621557,0.0004091694
4261,3.3079647e-05,0.0007925915,0.0004361759
4262,3.1083957e-05,0.0007487914,0.00039516232
4263,3.1890286e-05,0.00073180604,0.00040074612
4264,3.902844e-05,0.00078580494,0.0005117964
4265,3.5111585e-05,0.0007416045,0.00044134437
4266,3.1237127e-05,0.00069001754,0.0003738012
4267,2.7643215e-05,0.0006459888,0.00031512065
4268,2.4675117e-05,0.0006346557,0.00027344975
4269,2.1826057e-05,0.00063320337,0.0002376492
4270,1.7898936e-05,0.00062521576,0.00019218435
4271,1.4344214e-05,0.00061317655,0.00015140684
4272,1.1112876e-05,0.00059671653,0.0001155694
4273,9.110753e-06,0.0005875025,9.277593e-05
4274,7.2017883e-06,0.00057414395,7.196205e-05
4275,7.2199537e-06,0.0005920119,7.254832e-05
4276,5.6079984e-06,0.00057565916,5.5306293e-05
4277,4.903487e-06,0.00055730506,4.6437537e-05
4278,4.4029935e-06,0.0005378421,4.008892e-05
4279,5.5766864e-06,0.0006266645,5.652625e-05
4280,6.627039e-06,0.00069794786,7.175779e-05
4281,7.1279405e-06,0.00070025056,7.739509e-05
4282,1.3613499e-05,0.00090286956,0.00017701494
4283,1.3792262e-05,0.00091408705,0.00017934688
4284,1.191736e-05,0.0008390443,0.0001458557
4285,1.0299207e-05,0.0007573494,0.000117916316
4286,1.030352e-05,0.0007294254,0.000115411196
4287,3.083365e-05,0.0010784816,0.00046022618
4288,0.001570627,0.005012918,0.014358688
4289,0.00069033616,0.0028541193,0.01038574
4290,0.0003916196,0.0019007695,0.0068840045
4291,0.0002260255,0.0014226632,0.00424831
4292,0.00015412625,0.0012005906,0.0029186585
4293,0.00012035389,0.0010162408,0.0021445518
4294,9.668146e-05,0.00090630626,0.0016326458
4295,6.826681e-05,0.0008352512,0.0011707591
4296,3.961946e-05,0.0007989401,0.0006871496
4297,2.3258117e-05,0.0007556415,0.00040348357
4298,1.6987868e-05,0.0007040779,0.00028319884
4299,1.2856914e-05,0.00066031003,0.00020462285
4300,1.0051742e-05,0.00062675076,0.00015357479
4301,7.970775e-06,0.0005891742,0.00011515132
4302,4.722039e-06,0.0005407254,6.7108e-05
4303,3.2761034e-06,0.00050000264,4.455836e-05
4304,2.7774706e-06,0.00046880968,3.5606343e-05
4305,3.0551607e-06,0.0004905355,4.008312e-05
4306,3.0484007e-06,0.00046970308,3.871093e-05
4307,3.2195312e-06,0.0004683703,4.0566607e-05
4308,3.122301e-06,0.00043316293,3.7438203e-05
4309,3.0650183e-06,0.00040778032,3.5273173e-05
4310,2.9505227e-06,0.00037853967,3.245479e-05
4311,3.4135317e-06,0.00038325146,3.819106e-05
4312,2.833503e-06,0.00033112962,2.8768945e-05
4313,5.1659977e-06,0.00040005872,6.071286e-05
4314,5.55354e-06,0.00039822506,6.489743e-05
4315,4.9382656e-06,0.00037814718,5.4848333e-05
4316,4.093423e-06,0.0003644402,4.3373973e-05
4317,3.3920608e-06,0.00035207518,3.4340348e-05
4318,2.8398408e-06,0.00033971528,2.7425149e-05
4319,2.7553747e-06,0.00035822383,2.7461447e-05
4320,3.1621855e-06,0.000362478,3.186499e-05
4321,6.01228e-06,0.0004443669,7.129335e-05
4322,8.3325e-06,0.0004811877,0.00010574854
4323,1.2244509e-05,0.00053923577,0.00016998124
4324,1.0382406e-05,0.00047979946,0.0001330435
4325,1.2268825e-05,0.00051796326,0.00016392895
4326,1.0437079e-05,0.00048432237,0.0001312507
4327,6.8204067e-06,0.00045050253,8.444329e-05
4328,5.6784115e-06,0.0004292373,6.6648136e-05
4329,4.8244947e-06,0.00040195556,5.3215674e-05
4330,4.3504674e-06,0.00037362412,4.55847e-05
4331,3.7435718e-06,0.0003468471,3.677602e-05
4332,3.239947e-06,0.0003243395,2.994899e-05
4333,2.8179122e-06,0.00030242084,2.4502142e-05
4334,2.44674e-06,0.00027476158,1.9833931e-05
4335,2.1452713e-06,0.00026436997,1.6583437e-05
4336,1.8720373e-06,0.00025854603,1.39074455e-05
4337,1.6192417e-06,0.0002544625,1.160171e-05
4338,1.6552569e-06,0.00026407922,1.1933496e-05
4339,1.4780393e-06,0.00024680412,1.0082847e-05
4340,1.2852993e-06,0.00024386069,8.477294e-06
4341,9.583871e-07,0.00023753339,6.232068e-06
4342,7.3232883e-07,0.00023231136,4.67359e-06
4343,5.8336343e-07,0.00022854397,3.6305803e-06
4344,4.494259e-07,0.00022330141,2.7337974e-06
4345,3.5851005e-07,0.00021898381,2.1190626e-06
4346,3.092382e-07,0.00021214146,1.7457945e-06
4347,2.6189662e-07,0.0002079636,1.423107e-06
4348,2.187292e-07,0.00020443845,1.147966e-06
4349,1.8870726e-07,0.00019911779,9.489475e-07
4350,1.645615e-07,0.00018130132,7.7204066e-07
4351,1.6299927e-07,0.0001698751,7.3688534e-07
4352,2.0899097e-07,0.00017617623,9.835173e-07
4353,1.8362495e-07,0.00016036925,8.0793336e-07
4354,1.637651e-07,0.0001520315,6.846494e-07
4355,1.451542e-07,0.00013942909,5.6999295e-07
4356,1.6601722e-07,0.00014059152,6.612775e-07
4357,1.4905827e-07,0.0001316613,5.629272e-07
4358,1.3383284e-07,0.00012983182,4.884222e-07
4359,1.4471715e-07,0.00013457739,5.3470524e-07
4360,1.3788849e-07,0.00013096757,4.9439336e-07
4361,1.24587e-07,0.00012318282,4.2493934e-07
4362,1.287866e-07,0.00012830696,4.4282794e-07
4363,1.4023848e-07,0.00012879097,4.854021e-07
4364,1.0468124e-06,0.00027033009,6.443469e-06
4365,1.0658836e-06,0.00026138293,6.436056e-06
4366,1.2960827e-06,0.00027088897,8.096121e-06
4367,1.5971837e-06,0.0002919515,1.0536321e-05
4368,1.4358548e-06,0.00027010188,8.97025e-06
4369,1.8761048e-06,0.00029698786,1.2577886e-05
4370,0.00035488454,0.0021907866,0.0068521746
4371,0.00026189408,0.0016389962,0.005011366
4372,0.00021927113,0.0013255073,0.0040204544
4373,0.00016493222,0.0011072091,0.0028983806
4374,0.00017903744,0.001068304,0.0030719852
4375,0.00014954245,0.0009328874,0.0024533777
4376,0.0001214659,0.00082587905,0.0018900564
4377,0.00010326159,0.0007354595,0.001521551
4378,0.0013050025,0.0019362407,0.012643791
4379,0.007937768,0.0033650666,0.016881747
4380,0.0047347876,0.0026338915,0.016175779
4381,0.0026193708,0.001767723,0.014502783
4382,0.0018255813,0.0012573797,0.0127067985
4383,0.0011132524,0.0008518114,0.009641077
4384,0.00560678,0.0014633307,0.015976582
4385,0.0030174756,0.0010982255,0.014068535
4386,0.0015419282,0.00076485187,0.0107209375
4387,0.00096731907,0.00058384443,0.007860421
4388,0.0006386551,0.00047411825,0.0055463896
4389,0.0004512673,0.00041089524,0.003995076
4390,0.00032572215,0.00036964536,0.002901329
4391,0.00024599585,0.00034441566,0.0021823237
4392,0.00020280347,0.00033236798,0.001768929
4393,0.0001559019,0.00031832987,0.0013536653
4394,0.00012674852,0.0003121171,0.0010895625
4395,0.00011508933,0.00030277894,0.00096016546
4396,0.00010520327,0.0002914892,0.00085018226
4397,0.00010195395,0.00028653812,0.0008088929
4398,0.0002746943,0.00042160173,0.0026042259
4399,0.00022710816,0.00040082406,0.0021070926
4400,0.00017481827,0.0003805193,0.0016110168
4401,0.00014346093,0.0003707769,0.001303726
4402,0.00012862141,0.0003597659,0.0011350261
4403,0.000116586736,0.00034651055,0.0009967227
4404,0.00013920016,0.00036892036,0.0012236122
4405,0.00021113797,0.00042984,0.0019815958
4406,0.00018280651,0.00041393904,0.0016698842
4407,0.00016316908,0.000391013,0.0014381367
4408,0.00014682866,0.00037446525,0.0012529998
4409,0.0001300928,0.0003697888,0.0010865864
4410,0.00011759866,0.0003639055,0.00095880375
4411,0.000106441796,0.00036112784,0.0008498152
4412,0.00010989441,0.00036425042,0.00087566994
4413,0.0001003245,0.00036021415,0.0007817038
4414,9.242281e-05,0.00035358945,0.0007027307
4415,8.5187814e-05,0.00035018285,0.0006338861
4416,7.864704e-05,0.00034817358,0.0005735474
4417,7.220541e-05,0.000349519,0.0005178866
4418,7.7540055e-05,0.00036359925,0.00056445214
4419,7.4146556e-05,0.0003598873,0.00053074135
4420,8.830404e-05,0.00038761273,0.0006576937
4421,0.00026501185,0.00059624517,0.0024471574
4422,0.00022414543,0.00056753267,0.0020212727
4423,0.000197697,0.0005380446,0.0017274147
4424,0.00017552168,0.0005181042,0.0014915499
4425,0.00015996941,0.0004940593,0.0013187361
4426,0.0032846255,0.0016345835,0.014313309
4427,0.0019705817,0.0011822337,0.011747724
4428,0.0013407129,0.0008807022,0.009217519
4429,0.0009945731,0.00070627325,0.0072013177
4430,0.00083401083,0.00061072275,0.0060302177
4431,0.0019016785,0.0007970545,0.010553977
4432,0.0012625285,0.0006252667,0.007905807
4433,0.00091093685,0.000523767,0.0059343483
4434,0.0007734448,0.000473506,0.0049914615
4435,0.002808452,0.00076718826,0.012041788
4436,0.0018965502,0.0005828901,0.00947438
4437,0.0024536739,0.0005845326,0.010694756
4438,0.0016992971,0.00046875182,0.008222569
4439,0.0012438967,0.0003998062,0.00626817
4440,0.0009891541,0.00035392493,0.0049620275
4441,0.001036817,0.0003546756,0.0050869617
4442,0.0010528216,0.00035180783,0.005061565
4443,0.0007946644,0.00032048853,0.003850857
4444,0.0006661033,0.00030391282,0.00317326
4445,0.00057125103,0.00029286597,0.0026708199
4446,0.00060124166,0.00030098544,0.0027995508
4447,0.0005418909,0.0002984944,0.0024997627
4448,0.0004753174,0.0002921745,0.0021530022
4449,0.00042463184,0.00028790114,0.0018880739
4450,0.00095038075,0.00039366717,0.0045122546
4451,0.00078881497,0.00036682741,0.0036843172
4452,0.0006731545,0.0003484918,0.0030809855
4453,0.00057319243,0.00033647093,0.0025812518
4454,0.0004884741,0.00032808402,0.0021706412
4455,0.00043572343,0.00032305156,0.0019014151
4456,0.0003913773,0.00032015098,0.0016798642
4457,0.00040301293,0.00033134682,0.0017359611
4458,0.00036764276,0.0003283429,0.0015559627
4459,0.000338644,0.00032582844,0.0014086801
4460,0.00031018152,0.00032607358,0.001272361
4461,0.00028853805,0.00032533408,0.0011657466
4462,0.0006859027,0.0004677423,0.0031893204
4463,0.00056011236,0.00044570386,0.002583028
4464,0.0004855015,0.00043366745,0.002202303
4465,0.00043599738,0.0004238979,0.0019383141
4466,0.00038939132,0.000418588,0.0017035689
4467,0.0003553935,0.00041380138,0.0015278741
4468,0.0006188916,0.00052477303,0.0028942942
4469,0.0005243459,0.0005053209,0.0024171616
4470,0.00089299143,0.00063121016,0.0042645507
4471,0.000925965,0.0006399027,0.004373924
4472,0.0007592153,0.00059518445,0.0035411818
4473,0.0006497501,0.0005637936,0.00297026
4474,0.0006410494,0.0005683567,0.0029119684
4475,0.00055680476,0.00054721837,0.0024813185
4476,0.0004900782,0.000532298,0.0021443153
4477,0.00043324335,0.000522166,0.0018654878
4478,0.00039191378,0.0005141263,0.0016584509
4479,0.0003556148,0.0005091878,0.0014818053
4480,0.00037803888,0.00052568334,0.0015907285
4481,0.00034060847,0.000521979,0.0014140835
4482,0.0003090648,0.0005202317,0.0012671829
4483,0.00028611126,0.0005176669,0.0011566554
4484,0.00026499818,0.0005171925,0.0010579705
4485,0.00024586896,0.0005180864,0.00097048806
4486,0.00036653088,0.0006162116,0.001579632
4487,0.00038206115,0.0006400274,0.0016623754
4488,0.0003464429,0.00063132984,0.0014838816
4489,0.0005495985,0.00077404646,0.002548193
4490,0.00047376083,0.0007473927,0.002163079
4491,0.0004200836,0.00072799914,0.001885153
4492,0.00037697353,0.0007133811,0.0016638427
4493,0.00034362418,0.0007001572,0.0014909361
4494,0.0013745737,0.0012285992,0.0064569493
4495,0.00106756,0.0010795286,0.005054006
4496,0.0008683752,0.0009770814,0.0040635047
4497,0.001759857,0.0012829965,0.007611116
4498,0.0017343923,0.0012327211,0.0073879426
4499,0.0018319652,0.0012217623,0.0075726816
4500,0.0012496267,0.0010313,0.005476002
4501,0.0009804574,0.00093109574,0.004296117
4502,0.0008095433,0.0008647152,0.0034989016
4503,0.0006934954,0.00081681483,0.0029393411
4504,0.0006068215,0.0007927353,0.00254814
4505,0.0005374197,0.0007750309,0.0022336117
4506,0.00041920156,0.0007289101,0.0017439475
4507,0.00034645663,0.0007050664,0.0014357939
4508,0.0002995426,0.0006947611,0.0012330707
4509,0.00026421342,0.0006900198,0.0010799434
4510,0.00050600927,0.0009106647,0.002348781
4511,0.0018776547,0.0015549046,0.00825813
4512,0.0013176729,0.0013014054,0.0061411415
4513,0.0009648194,0.0011352397,0.0045961747
4514,0.0007864688,0.0010388943,0.0037027092
4515,0.0014967149,0.0013331025,0.006746717
4516,0.0011390083,0.0011617457,0.0052088946
4517,0.0009255776,0.0010460732,0.0041854093
4518,0.0007520197,0.00096904946,0.003366916
4519,0.0012448297,0.0011807529,0.0055298666
4520,0.0010054011,0.0010654455,0.0044429437
4521,0.0007918515,0.0009769456,0.0034893309
4522,0.000674415,0.000921126,0.0029178434
4523,0.000565862,0.00087899395,0.0024182883
4524,0.00049712183,0.0008505777,0.0020881274
4525,0.00040998758,0.000817228,0.001712647
4526,0.00036400493,0.0008040358,0.0015015671
4527,0.00033326584,0.00079123024,0.0013537551
4528,0.00032749,0.0007998993,0.0013289076
4529,0.0003002864,0.0007920339,0.0012026859
4530,0.00027811914,0.0007833284,0.001098935
4531,0.0005378691,0.0010406754,0.0024199921
4532,0.00038651426,0.00096615584,0.0017611777
4533,0.00028576178,0.00090592355,0.0013135999
4534,0.00024237331,0.0008855969,0.0011091911
4535,0.00018452524,0.00083777757,0.0008500897
4536,0.00014793666,0.00080749195,0.0006837751
4537,0.00013266722,0.0008096349,0.0006105731
4538,0.00017343072,0.0009181213,0.00085879245
4539,0.0005155088,0.0014207967,0.0031037629
4540,0.001589279,0.002209392,0.00858193
4541,0.0031089052,0.0026727777,0.012222894
4542,0.0016771918,0.0019650639,0.008701642
4543,0.0010315994,0.0015345725,0.0059878966
4544,0.0007084753,0.0012948273,0.004265696
4545,0.0012151446,0.0015612115,0.0068895877
4546,0.00092012086,0.0013256903,0.005293207
4547,0.00067073014,0.0011579732,0.0039218655
4548,0.0004928518,0.0010352213,0.0029069951
4549,0.0004055387,0.00097640906,0.0023648713
4550,0.002336,0.0019600186,0.010802758
4551,0.0015647616,0.001522596,0.008188869
4552,0.0009577131,0.0012165918,0.0055622957
4553,0.0006302509,0.0010337672,0.003825115
4554,0.00046286694,0.0009268188,0.0028326134
4555,0.00036294025,0.0008642838,0.0022134692
4556,0.0016754041,0.0015794693,0.009149695
4557,0.0012671128,0.0012974241,0.0072835027
4558,0.00095970987,0.0010886135,0.0056073633
4559,0.0007660953,0.0009584315,0.0044380217
4560,0.0006371855,0.000869544,0.003618679
4561,0.00049207394,0.0007992494,0.0027922268
4562,0.00067439605,0.00092179154,0.003927804
4563,0.00053440273,0.0008501873,0.0031067245
4564,0.0003843324,0.00076811825,0.0022584887
4565,0.0003406249,0.00073939725,0.0019589653
4566,0.0003031048,0.0007194309,0.0017106205
4567,0.00026409383,0.00070558774,0.0014718071
4568,0.00022129471,0.0006889654,0.001227018
4569,0.00019984193,0.0006841434,0.0010937757
4570,0.00014831558,0.00064762624,0.0008184295
4571,0.00010341098,0.0006284957,0.00058031536
4572,9.354189e-05,0.0006340789,0.00052155444
4573,0.00028103607,0.0009844963,0.002001273
4574,0.0002457526,0.000949055,0.0017166489
4575,0.00017848297,0.000873688,0.001255005
4576,0.00016107483,0.0008569479,0.001112535
4577,0.00014236072,0.000847699,0.00097137195
4578,0.00021465062,0.0009979177,0.0015942695
4579,0.0002893043,0.0011688877,0.0023684101
4580,0.0002240084,0.0010877552,0.0018261821
4581,0.00019657565,0.0010445239,0.0015676683
4582,0.00017471594,0.001009075,0.0013635072
4583,0.00014277361,0.0009743475,0.0011069481
4584,0.00035888553,0.0014403411,0.0032542967
4585,0.00029623928,0.0013377209,0.0026593092
4586,0.00019957362,0.0011933867,0.0018217975
4587,0.00016474442,0.0011403002,0.0014835586
4588,0.00013615322,0.0010985695,0.0012120883
4589,0.0001421779,0.0011341382,0.0012820074
4590,0.00014082638,0.0011596888,0.0012816349
4591,0.00043280644,0.0018526559,0.0045328434
4592,0.0003892922,0.0017276793,0.0040737325
4593,0.0011879513,0.0026089165,0.009936141
4594,0.0012118126,0.0023284203,0.009840849
4595,0.0008167826,0.0017691093,0.0073368778
4596,0.000566577,0.0014321127,0.0053059305
4597,0.0006593768,0.0014435968,0.0059657674
4598,0.0028170252,0.0024180275,0.013621496
4599,0.0013958146,0.001642888,0.009997076
4600,0.0007561911,0.0012100874,0.0065681855
4601,0.00042923942,0.0010041308,0.004102328
4602,0.00033373025,0.0009035025,0.0031554871
4603,0.00027735357,0.00083664875,0.0025593373
4604,0.00030718147,0.00085358846,0.0028271913
4605,0.00035547317,0.00090789853,0.0033025173
4606,0.00023069313,0.00080758997,0.002197332
4607,0.00017383996,0.0007531737,0.0016694798
4608,0.00012957444,0.0007060637,0.0012424361
4609,0.000114839524,0.00068729493,0.0010741905
4610,0.00010264842,0.00067157944,0.0009372331
4611,0.000100054276,0.00066035154,0.00090046984
4612,0.00015783809,0.000781684,0.0015521978
4613,0.00018145969,0.0008364707,0.0018280136
4614,0.00015909744,0.00079236063,0.001553703
4615,0.00013973878,0.00076327863,0.0013290446
4616,0.0001253256,0.00072426366,0.0011538366
4617,0.00012503866,0.00074078026,0.0011546321
4618,0.00011058916,0.000725776,0.000999607
4619,0.00011703599,0.00078913063,0.0011607107
4620,7.651883e-05,0.0007501973,0.00077075296
4621,5.110707e-05,0.00070885685,0.00051984156
4622,4.0448034e-05,0.00069141824,0.00040803727
4623,3.195163e-05,0.00067539694,0.00031964318
4624,2.4749797e-05,0.0006569994,0.00024579756
4625,1.9468307e-05,0.00064260885,0.00019152806
4626,1.4539205e-05,0.0006195473,0.00014211595
4627,1.11428035e-05,0.0006021904,0.00010782796
4628,1.4589917e-05,0.0007192805,0.00016271752
4629,1.3464185e-05,0.0007148674,0.00014726796
4630,1.1609386e-05,0.0007012073,0.00012320589
4631,1.0824163e-05,0.0007184842,0.00011551478
4632,9.223815e-06,0.0007168546,9.7705015e-05
4633,9.339305e-06,0.00075306796,0.00010121006
4634,7.0017218e-06,0.00072283705,7.4672e-05
4635,5.832592e-06,0.00070627086,6.0375653e-05
4636,6.109826e-06,0.00075673335,6.596729e-05
4637,4.855767e-06,0.0007336823,5.1087376e-05
4638,4.157592e-06,0.00070913206,4.2016996e-05
4639,3.6322938e-06,0.00066442887,3.4774235e-05
4640,2.4784506e-05,0.0013250276,0.0004009578
4641,3.5292902e-05,0.0014652878,0.00061478035
4642,4.8299677e-05,0.0015763523,0.0008885257
4643,5.605191e-05,0.0016640949,0.0010663638
4644,0.00013849974,0.00233137,0.003031608
4645,0.00010150658,0.0019672783,0.0021237205
4646,0.00014078597,0.0020226217,0.0029527813
4647,0.00013244196,0.0018279179,0.0026964748
4648,9.336049e-05,0.0015835845,0.0018487888
4649,5.4703334e-05,0.0013925796,0.0010879356
4650,4.3127486e-05,0.0012667332,0.0008123536
4651,3.653686e-05,0.0011080119,0.0006401699
4652,3.0275392e-05,0.00097260706,0.0004908581
4653,1.833678e-05,0.0009021309,0.0002961841
4654,1.1193923e-05,0.00081754243,0.00017823899
4655,8.481417e-06,0.00076612557,0.00012892281
4656,6.8753247e-06,0.0007134915,9.819303e-05
4657,5.551157e-06,0.0006701879,7.486376e-05
4658,4.004597e-06,0.0006279107,5.205023e-05
4659,3.560372e-06,0.0006168583,4.5204513e-05
4660,2.8712725e-06,0.0005797905,3.438463e-05
4661,2.3992634e-06,0.00052487984,2.6574644e-05
4662,6.08543e-06,0.0007017405,8.542746e-05
4663,1.2872501e-05,0.0008885918,0.00021797646
4664,3.259437e-05,0.0012234524,0.00069439504
4665,4.1615414e-05,0.0012404713,0.0009041142
4666,4.8383234e-05,0.0012202901,0.0010486697
4667,0.000109574576,0.00164514,0.0027027645
4668,0.0001746194,0.0017316707,0.0041994597
4669,0.00012834353,0.0014182444,0.0029756592
4670,9.1891605e-05,0.0011959163,0.0020246112
4671,6.998217e-05,0.0010407725,0.0014467351
4672,5.558365e-05,0.000909886,0.0010671683
4673,6.3975924e-05,0.0009129541,0.0012294565
4674,5.032133e-05,0.00083554396,0.00091673894
4675,4.0789735e-05,0.0007697118,0.0007015772
4676,5.808354e-05,0.0008331774,0.0010536691
4677,9.276358e-05,0.0009440682,0.0017945461
4678,0.00031344398,0.0013874776,0.0060899807
4679,0.00047705762,0.0014758421,0.00820222
4680,0.00033120048,0.0011114815,0.0059347246
4681,0.00042013175,0.0010972647,0.006974999
4682,0.00028684843,0.00083345233,0.00478857
4683,0.00018475212,0.0006902098,0.003120384
4684,0.0001870027,0.00071982475,0.0033824595
4685,0.00018660449,0.0007085046,0.003359295
4686,0.00014348565,0.00060800475,0.002452886
4687,0.00013868437,0.00060942356,0.0023888836
4688,0.00013140075,0.00061463774,0.0023230808
4689,0.00013056344,0.0005932227,0.0022528647
4690,0.000102114805,0.00053824816,0.0016837202
4691,6.228685e-05,0.00048845017,0.0010293496
4692,4.0264382e-05,0.00044493383,0.00065605214
4693,2.601336e-05,0.00040853352,0.00041613143
4694,2.1619007e-05,0.00036925645,0.00032022875
4695,4.8770387e-05,0.0004876461,0.0008661672
4696,3.9535556e-05,0.000448822,0.00065895834
4697,2.9434583e-05,0.00042285313,0.0004723461
4698,3.446272e-05,0.00045695924,0.00057425303
4699,2.8514702e-05,0.00041886335,0.0004434899
4700,5.8523718e-05,0.0005581957,0.0010775815
4701,8.306255e-05,0.0006086136,0.0015904565
4702,6.6555e-05,0.0005323434,0.0011819993
4703,7.2285715e-05,0.0005360038,0.001276863
4704,5.913853e-05,0.00048321325,0.0009772591
4705,3.8088474e-05,0.00044029002,0.00062045816
4706,2.7217051e-05,0.0004130402,0.00042995237
4707,2.2696024e-05,0.00037832832,0.00033404422
4708,1.9932842e-05,0.00034606006,0.00027597407
4709,2.0119593e-05,0.00034026598,0.0002747984
4710,1.990444e-05,0.0003358508,0.0002682187
4711,1.8628332e-05,0.00032003995,0.00024216008
4712,1.3921284e-05,0.0003089923,0.00017672735
4713,1.05303325e-05,0.00029820504,0.00012956932
4714,7.8459325e-06,0.0002869722,9.3589726e-05
4715,6.3565494e-06,0.0002773131,7.244921e-05
4716,5.2168407e-06,0.00026779636,5.6695786e-05
4717,4.388395e-06,0.00025639325,4.5185836e-05
4718,3.581839e-06,0.00024919846,3.5338006e-05
4719,3.0402462e-06,0.0002213972,2.758258e-05
4720,2.6636737e-06,0.0002007152,2.256236e-05
4721,2.4579838e-06,0.0001908429,2.001473e-05
4722,2.2458141e-06,0.00017974069,1.7477358e-05
4723,2.0382122e-06,0.00016819233,1.5098767e-05
4724,4.0167356e-06,0.00021148904,3.5572404e-05
4725,3.6146516e-06,0.00019673456,3.0352478e-05
4726,2.8357383e-06,0.00019387533,2.3237317e-05
4727,2.3660411e-06,0.00019142107,1.873135e-05
4728,2.4314816e-06,0.00019029224,1.9001298e-05
4729,2.9495493e-06,0.00019842359,2.377624e-05
4730,2.5899262e-06,0.00018031654,1.9514266e-05
4731,2.4651033e-06,0.00017230632,1.7952982e-05
4732,2.327805e-06,0.00016480463,1.6302467e-05
4733,2.6508922e-06,0.000169254,1.8871657e-05
4734,4.8906146e-05,0.00050270144,0.00077461166
4735,4.510528e-05,0.00047018047,0.00068207283
4736,5.2172418e-05,0.0004716703,0.00079243997
4737,8.748861e-05,0.0005595495,0.0014601387
4738,0.00040892465,0.0009908277,0.0070040827
4739,0.00053654937,0.00095329515,0.008225495
4740,0.0009104483,0.00096546207,0.010799869
4741,0.0006827206,0.00072318455,0.0087701585
4742,0.00045280173,0.0005325958,0.0061367755
4743,0.00033981056,0.00042750174,0.0045171203
4744,0.00026375952,0.00036809605,0.0033915835
4745,0.00016648893,0.00032058492,0.0021763863
4746,0.00013361429,0.00030223487,0.0016933605
4747,0.0009733821,0.0006371439,0.010228924
4748,0.0008576692,0.000507865,0.009089983
4749,0.0005820427,0.00037287144,0.006512113
4750,0.00043794658,0.00029761452,0.0048331385
4751,0.0004120948,0.0002730811,0.004407727
4752,0.00033024175,0.00024053444,0.0034206114
4753,0.00024835477,0.00022191141,0.0025482918
4754,0.00019964043,0.00021127058,0.0020058062
4755,0.00017269245,0.00020146892,0.0016749023
4756,0.00015038696,0.00019526028,0.0014137026
4757,0.00012918226,0.00019402629,0.0011945021
4758,8.952972e-05,0.0001834717,0.00083157176
4759,7.8448466e-05,0.00018313844,0.0007119881
4760,6.63015e-05,0.0001837905,0.0005924365
4761,6.009644e-05,0.00018079957,0.0005209659
4762,5.4815195e-05,0.00017322574,0.00045745334
4763,5.015021e-05,0.00016569368,0.00040288243
4764,4.634344e-05,0.00015988956,0.00036011866
4765,4.1844163e-05,0.00016174662,0.00031903764
4766,3.5697984e-05,0.00016440052,0.00026946893
4767,3.1664407e-05,0.00016739119,0.00023552336
4768,2.854111e-05,0.00016998171,0.00020868005
4769,2.6395162e-05,0.00016788857,0.00018783133
4770,2.4374489e-05,0.0001677596,0.0001694785
4771,2.1933094e-05,0.00017103557,0.00015028515
4772,1.9688176e-05,0.00017450572,0.00013302866
4773,1.778967e-05,0.0001778159,0.000118417294
4774,1.6527703e-05,0.00017600566,0.00010724639
4775,1.5382804e-05,0.00017203203,9.696302e-05
4776,1.44314035e-05,0.0001675098,8.848623e-05
4777,2.5891659e-05,0.0002098216,0.00018641658
4778,3.135704e-05,0.00022859158,0.00023781804
4779,2.901958e-05,0.0002238292,0.00021383721
4780,2.6909145e-05,0.00021918284,0.00019272589
4781,2.5266761e-05,0.00021398402,0.00017635952
4782,2.7556767e-05,0.00022418605,0.00019699713
4783,2.660177e-05,0.0002241026,0.00018800845
4784,3.15349e-05,0.00023878079,0.00023162925
4785,2.8850254e-05,0.00024114216,0.00020816855
4786,2.6763226e-05,0.00023960989,0.00018868217
4787,2.4775909e-05,0.00024010366,0.00017116344
4788,2.2545277e-05,0.0002440152,0.0001535176
4789,2.075482e-05,0.00024667368,0.00013896236
4790,1.9212557e-05,0.0002483579,0.00012631652
4791,1.793586e-05,0.00024565222,0.00011518062
4792,1.675347e-05,0.00023832213,0.000104502695
4793,0.00013579891,0.000536581,0.0014529554
4794,0.000120164455,0.0005011507,0.0012338685
4795,0.000110888745,0.00048232684,0.0011058797
4796,0.00015284037,0.000540822,0.0016067736
4797,0.00013494061,0.00050797075,0.0013651056
4798,0.00012021809,0.00048344585,0.0011741323
4799,0.00010654151,0.00047240526,0.0010134135
4800,9.577736e-05,0.00046027315,0.0008856468
4801,8.701234e-05,0.00044286367,0.00077916315
4802,7.940784e-05,0.00042314842,0.0006873331
4803,7.279999e-05,0.00040673706,0.0006103433
4804,6.685952e-05,0.00039949463,0.00054654473
4805,6.170213e-05,0.0003893944,0.0004908282
4806,0.00031208224,0.00072686863,0.0033460443
4807,0.0002604214,0.00065655616,0.0026964815
4808,0.00022192611,0.0006085228,0.0022214574
4809,0.00019345629,0.0005657142,0.0018662851
4810,0.00017114887,0.0005299762,0.0015920405
4811,0.00020378557,0.0005652775,0.0019343379
4812,0.00017817161,0.0005406785,0.0016425797
4813,0.00015878446,0.0005152334,0.0014176394
4814,0.00014270128,0.00049480365,0.0012360339
4815,0.00012909318,0.0004785461,0.0010868667
4816,0.00011769795,0.00046083555,0.00096208137
4817,0.0001078023,0.000447087,0.0008574791
4818,0.00015625283,0.0005138648,0.0013379978
4819,0.00014084448,0.00049795746,0.0011736735
4820,0.00012768764,0.00048541112,0.0010372079
4821,0.00013571884,0.00049523334,0.0011079488
4822,0.00012351802,0.00048321512,0.0009833444
4823,0.00011300381,0.0004728529,0.0008781758
4824,0.00010367842,0.0004653335,0.0007879415
4825,9.536618e-05,0.00045987483,0.00070983666
4826,8.803018e-05,0.00045516287,0.00064215553
4827,8.168568e-05,0.00044889108,0.0005835242
4828,7.612811e-05,0.00043917014,0.0005315393
4829,7.077642e-05,0.00043728278,0.00048550812
4830,6.615289e-05,0.00043236392,0.0004450668
4831,0.00014658696,0.00059189205,0.0011944019
4832,0.00013351522,0.00057034066,0.0010582728
4833,0.00012229121,0.0005509489,0.00094368926
4834,0.000112545014,0.0005331243,0.0008461009
4835,0.00013430063,0.0005712723,0.0010481387
4836,0.00012428629,0.0005542173,0.00094757875
4837,0.00011440277,0.0005384928,0.0008508773
4838,0.00010744129,0.0005259231,0.0007842838
4839,0.0003752456,0.00085182395,0.0033789307
4840,0.0003657445,0.00081141334,0.0032255065
4841,0.00031640488,0.00073928037,0.0027051733
4842,0.00028208012,0.0006820404,0.0023433173
4843,0.0002482873,0.00063893327,0.0019982061
4844,0.00022029072,0.0006106838,0.0017247575
4845,0.00019813376,0.0005839017,0.0015079161
4846,0.00017972894,0.00056073075,0.0013308178
4847,0.00023122925,0.0006182894,0.0017837372
4848,0.00020555017,0.0005991666,0.0015487884
4849,0.00018526912,0.000581724,0.0013629021
4850,0.00016779118,0.0005690058,0.0012075693
4851,0.00015298948,0.0005583335,0.0010780772
4852,0.00014050539,0.000547923,0.0009695299
4853,0.000129872,0.00053648156,0.0008771779
4854,0.0008158791,0.0011014143,0.0064502032
4855,0.000621037,0.0009319974,0.0049301395
4856,0.00050477084,0.00081219216,0.003917766
4857,0.00042027145,0.0007409341,0.0031852766
4858,0.0003603572,0.00068818685,0.0026573313
4859,0.00064069167,0.00084853935,0.0047784722
4860,0.0025907988,0.0014250445,0.0123294955
4861,0.001644096,0.0010681788,0.0095013585
4862,0.0011517197,0.0008514274,0.00717038
4863,0.00087953475,0.0007163106,0.005535133
4864,0.00069304294,0.0006372884,0.0043386095
4865,0.00056856114,0.000585665,0.0035015463
4866,0.00048543396,0.0005483475,0.0029203545
4867,0.0004196585,0.0005230755,0.0024698724
4868,0.00044288306,0.0005326489,0.0025975339
4869,0.0010099798,0.0007198789,0.0059115943
4870,0.0008083302,0.0006286092,0.004684255
4871,0.000858622,0.00062421063,0.0048652873
4872,0.002452184,0.00090453203,0.010608417
4873,0.0019547634,0.0007417535,0.008961489
4874,0.0025748333,0.0007725283,0.010352009
4875,0.0017612681,0.00063513353,0.007865034
4876,0.0013287467,0.0005458172,0.006088714
4877,0.001060155,0.00048834365,0.004836717
4878,0.0013798566,0.0005217555,0.006048411
4879,0.0011163652,0.0004707729,0.0048665223
4880,0.0013591981,0.00050863496,0.005768403
4881,0.0016510871,0.00054544257,0.0067188186
4882,0.0017942489,0.00055452494,0.007050377
4883,0.0013889702,0.0004928617,0.0055209002
4884,0.0018516754,0.0005524449,0.0069891303
4885,0.0015512565,0.0005096804,0.0058818306
4886,0.0011191199,0.00045523964,0.0043498995
4887,0.0008866162,0.00042617123,0.0034347668
4888,0.00074601563,0.00040955722,0.0028494487
4889,0.00064681843,0.00039883464,0.0024293887
4890,0.00057168753,0.000392183,0.0021124783
4891,0.0005100421,0.0003877561,0.0018549524
4892,0.000441862,0.0003836809,0.0015920639
4893,0.00040661515,0.0003820484,0.0014427177
4894,0.00038372405,0.0003797339,0.0013440888
4895,0.00035835168,0.0003799315,0.0012387938
4896,0.00033727134,0.00037733663,0.0011506175
4897,0.0003191999,0.00038135392,0.0010800319
4898,0.0002967775,0.00038415473,0.0009936943
4899,0.0002581214,0.0003840601,0.00086322817
4900,0.0002101357,0.00037494267,0.0007053543
4901,0.00026765018,0.00043561167,0.0009845227
4902,0.00024694775,0.00043927736,0.0009003934
4903,0.00030784582,0.00049827836,0.0011937147
4904,0.00026353897,0.0004932399,0.0010185385
4905,0.00022250297,0.000486877,0.0008593193
4906,0.00020184937,0.0004910738,0.0007750688
4907,0.00018173117,0.00049529615,0.00069497636
4908,0.00016802439,0.0005014213,0.00063878915
4909,0.0004031362,0.0007289913,0.0018754628
4910,0.0003061162,0.0006833094,0.0014307908
4911,0.00024561997,0.0006568752,0.0011483886
4912,0.00035751707,0.0007745719,0.0018054496
4913,0.00025631546,0.0007352139,0.0013159593
4914,0.00022152328,0.0007251158,0.001129113
4915,0.00020281797,0.00072049245,0.0010204426
4916,0.00018625642,0.00071787543,0.00092598004
4917,0.00017110928,0.0007173853,0.0008416571
4918,0.00016111833,0.00071934634,0.00078599324
4919,0.0006402547,0.0012979124,0.004060859
4920,0.00042451208,0.0011414848,0.0027748556
4921,0.00029774223,0.0010297539,0.0019728602
4922,0.0002385262,0.0009777094,0.0015729707
4923,0.00021480738,0.0009480075,0.0013884151
4924,0.0003165891,0.0011172738,0.002194582
4925,0.0002463912,0.0010452172,0.00170418
4926,0.00022112828,0.0010043412,0.0014956129
4927,0.00019058287,0.0009823191,0.0012778292
4928,0.0001734002,0.00095597096,0.0011402545
4929,0.0001569985,0.0009409686,0.0010164359
4930,0.00027857462,0.0012043637,0.0020322273
4931,0.0001950523,0.0010996073,0.0014396182
4932,0.00013817659,0.0010176243,0.0010297758
4933,9.542093e-05,0.0009598492,0.00072074577
4934,8.337535e-05,0.00095340586,0.00062405627
4935,7.53867e-05,0.0009490244,0.00055707106
4936,6.9027104e-05,0.0009423215,0.00050276105
4937,6.386464e-05,0.0009385505,0.0004593906
4938,0.00047134995,0.002037675,0.0046844464
4939,0.00042135516,0.0018091829,0.0041030245
4940,0.00064084725,0.002002588,0.0059723807
4941,0.0005139973,0.0016900948,0.0047595818
4942,0.0003707184,0.001460023,0.0034671067
4943,0.0003080912,0.0013182965,0.0028060528
4944,0.00026100667,0.0012213497,0.002316633
4945,0.00022339546,0.0011534716,0.0019372549
4946,0.0002911778,0.0012534695,0.0025956
4947,0.00031095385,0.0012630315,0.0027661296
4948,0.0005721439,0.0016225515,0.005211083
4949,0.0004876831,0.0014407117,0.004384787
4950,0.002737955,0.00272014,0.013409184
4951,0.0014123786,0.0018642646,0.009892185
4952,0.00073745206,0.001400632,0.0063476455
4953,0.00043666412,0.0011432534,0.0040664575
4954,0.00029013422,0.000979324,0.0027651882
4955,0.00024299344,0.0009159153,0.0022612966
4956,0.00020938742,0.0008672017,0.0018978285
4957,0.0001929229,0.0008595595,0.0017374052
4958,0.00016311473,0.0008310327,0.0014451344
4959,0.0001333154,0.00080352137,0.0011695777
4960,0.000108224485,0.00077991234,0.0009424032
4961,9.70443e-05,0.0007678151,0.0008284631
4962,8.2109626e-05,0.00075836753,0.00069430796
4963,6.333397e-05,0.00073066173,0.0005353153
4964,5.1967963e-05,0.0007203405,0.0004369469
4965,4.7421952e-05,0.0007149651,0.00039128232
4966,3.1885575e-05,0.00069077744,0.00026719994
4967,2.6188765e-05,0.0006843982,0.00021820134
4968,2.1204221e-05,0.0006758062,0.00017578086
4969,2.3047229e-05,0.0007431289,0.00020318778
4970,3.348073e-05,0.0008654463,0.0003268642
4971,5.911187e-05,0.0010606914,0.0006645824
4972,5.3539567e-05,0.0010663612,0.00060204713
4973,3.9315855e-05,0.0010071835,0.00044021112
4974,3.414904e-05,0.0009885159,0.00037360922
4975,2.4440256e-05,0.0009306292,0.000266551
4976,2.0053762e-05,0.0009126351,0.0002152001
4977,1.790891e-05,0.0008794318,0.00018556246
4978,1.9499552e-05,0.00090478227,0.00020549782
4979,2.2004586e-05,0.0009436436,0.00023824972
4980,3.346767e-05,0.0010995094,0.0004033981
4981,0.00025956094,0.002513333,0.004489827
4982,0.00050881074,0.0030149263,0.007825283
4983,0.00039277432,0.0023024885,0.00612976
4984,0.0014711207,0.0034599165,0.013049716
4985,0.00087667245,0.0023429364,0.010203073
4986,0.00050352974,0.0016458106,0.006887366
4987,0.00035363244,0.0013293037,0.004995448
4988,0.0002878042,0.0011001339,0.003931636
4989,0.00034406403,0.0010900896,0.0045510028
4990,0.0003802065,0.0010421096,0.004856183
4991,0.00051688676,0.0011158995,0.006263588
4992,0.0003101865,0.00088384177,0.0040033753
4993,0.00020875329,0.0007627089,0.0027237313
4994,0.00017429978,0.00068300066,0.0021734047
4995,0.0002226851,0.0007494314,0.0028330297
4996,0.00019379871,0.0006747182,0.0023646306
4997,0.00016441966,0.0006235979,0.0019302316
4998,0.00017862162,0.0006197156,0.002078208
4999,0.00024419295,0.0007341654,0.0031114288
5000,0.00018571962,0.00066901394,0.002328349
5001,0.00015128548,0.0006305221,0.0018538109
5002,0.00020248657,0.00070049573,0.0025538874
5003,0.00017716708,0.00063303026,0.0021418987
5004,0.00015191817,0.0005757604,0.0017538468
5005,0.0001315752,0.00054378243,0.0014642833
5006,0.00011042806,0.00052720215,0.0012008502
5007,7.174696e-05,0.0005007576,0.0007901332
5008,4.4515746e-05,0.0004965489,0.0004994857
5009,2.6689244e-05,0.00050699856,0.00030590987
5010,1.6538326e-05,0.00049491756,0.00019135328
5011,1.1454845e-05,0.00046807493,0.00013113185
5012,9.598118e-06,0.00045778864,0.00010612822
5013,1.0733363e-05,0.00050152355,0.00012485267
5014,9.266708e-06,0.00048333762,0.00010309633
5015,7.979055e-06,0.00046838305,8.5123786e-05
5016,6.505513e-06,0.00045886086,6.741733e-05
5017,5.4470247e-06,0.00044945546,5.457104e-05
5018,4.8728875e-06,0.0004323602,4.6772762e-05
5019,5.7228312e-06,0.00049292133,6.0387476e-05
5020,7.3099395e-06,0.0005708898,8.501432e-05
5021,7.4474274e-06,0.0005788842,8.6413296e-05
5022,1.2761276e-05,0.0007064057,0.0001705278
5023,1.0840894e-05,0.0006272304,0.00013406097
5024,9.293055e-06,0.00059921766,0.00010952849
5025,1.0482112e-05,0.00064262847,0.00012816812
5026,1.1291738e-05,0.00064464257,0.00013824638
5027,1.0377062e-05,0.0006033739,0.00012119385
5028,1.4077094e-05,0.00066394557,0.0001761366
5029,1.2208289e-05,0.00062761526,0.00014513284
5030,1.7332084e-05,0.0007035282,0.00022361864
5031,1.5041686e-05,0.00066123344,0.00018412205
5032,1.3182496e-05,0.00062377605,0.0001534355
5033,1.1945324e-05,0.00060375367,0.00013413414
5034,1.5159703e-05,0.00068028015,0.00018296244
5035,1.2530096e-05,0.0006639721,0.00014680599
5036,1.6081063e-05,0.0007632121,0.000205915
5037,1.4290604e-05,0.0007532448,0.00017882594
5038,2.5107265e-05,0.00097513455,0.0003743227
5039,3.2286833e-05,0.0010588485,0.00050798076
5040,2.7006674e-05,0.0009987513,0.00040545836
5041,2.4766796e-05,0.0009978474,0.00036939105
5042,2.8166633e-05,0.001016893,0.0004266782
5043,2.5310428e-05,0.0009828976,0.00037170333
5044,4.011233e-05,0.0011139469,0.0006474661
5045,4.929429e-05,0.0011647383,0.0008205703
5046,5.299917e-05,0.0011302378,0.0008734299
5047,4.4649754e-05,0.0010257876,0.0006932373
5048,4.0410316e-05,0.0010133117,0.0006194203
5049,3.2812964e-05,0.0009679816,0.00048631727
5050,3.7589154e-05,0.0010071066,0.0005701186
5051,6.1138664e-05,0.0011539013,0.0010170883
5052,0.00013472293,0.0015217274,0.0025343902
5053,0.00010567517,0.0013313518,0.0018898146
5054,8.592184e-05,0.0011790314,0.0014509889
5055,6.542219e-05,0.0010912658,0.0010730425
5056,5.3061536e-05,0.001025152,0.0008368976
5057,4.0801315e-05,0.00096773694,0.0006262015
5058,3.781382e-05,0.0009696345,0.000578247
5059,3.3042765e-05,0.0009436875,0.0004926185
5060,2.8312723e-05,0.0008732979,0.00039922615
5061,2.4139772e-05,0.00083410385,0.00032613755
5062,1.8148708e-05,0.00079588033,0.00024021947
5063,1.2784789e-05,0.000754911,0.00017139278
5064,1.2732197e-05,0.00072760915,0.00016658423
5065,1.3398034e-05,0.00071102136,0.00017336513
5066,1.1536018e-05,0.00064781815,0.00013973798
5067,1.3043552e-05,0.0006759118,0.00016171813
5068,1.1868872e-05,0.0006450222,0.00014123684
5069,1.0328126e-05,0.00061342306,0.00011708406
5070,8.953845e-06,0.00059244747,9.7365555e-05
5071,8.712732e-06,0.0006021703,9.431764e-05
5072,7.419375e-06,0.0005903884,7.7829354e-05
5073,6.405235e-06,0.0005750951,6.473811e-05
5074,5.1069946e-06,0.0005616646,5.0433504e-05
5075,7.4988793e-06,0.00069090276,8.587484e-05
5076,8.676275e-06,0.00075981056,0.00010528596
5077,8.885513e-06,0.0007698317,0.00010782321
5078,7.5465055e-06,0.00074040575,8.7751505e-05
5079,6.415601e-06,0.0007141354,7.158169e-05
5080,5.4000625e-06,0.0006950497,5.8234833e-05
5081,5.9364816e-06,0.0007086651,6.476681e-05
5082,5.1563275e-06,0.00067348115,5.3568372e-05
5083,4.474745e-06,0.0006521785,4.4690314e-05
5084,7.778738e-06,0.00082645495,9.161577e-05
5085,1.0855827e-05,0.00093339954,0.0001392891
5086,9.183661e-06,0.00089502387,0.0001129658
5087,7.968836e-06,0.00086559006,9.450153e-05
5088,6.855131e-06,0.0008359125,7.822876e-05
5089,5.58837e-06,0.0008102018,6.181655e-05
5090,5.451467e-06,0.0008259935,6.0409177e-05
5091,1.4835921e-05,0.0011957798,0.00021643717
5092,1.2915732e-05,0.0010774928,0.00017671534
5093,1.1008744e-05,0.0010162384,0.00014331593
5094,1.00655325e-05,0.0009494242,0.00012569324
5095,1.5449828e-05,0.001111145,0.00021726583
5096,1.8365901e-05,0.001186892,0.00027135943
5097,2.0873133e-05,0.0012373525,0.00031892632
5098,1.8865805e-05,0.0011623058,0.00027773425
5099,1.5967435e-05,0.0010946052,0.00022382062
5100,1.3557745e-05,0.0010374286,0.00018138626
5101,1.1636602e-05,0.0009781122,0.00014814487
5102,9.221978e-06,0.0009414337,0.0001141463
5103,7.96005e-06,0.0008860752,9.3591865e-05
5104,6.7074243e-06,0.00085672556,7.5988966e-05
5105,5.7920843e-06,0.00081907684,6.2745465e-05
5106,4.9365008e-06,0.0007933097,5.1504743e-05
5107,4.3200835e-06,0.00074884057,4.2875632e-05
5108,4.436994e-06,0.00072561356,4.3430104e-05
5109,4.0347823e-06,0.0006757122,3.760114e-05
5110,3.5642718e-06,0.0006371415,3.160695e-05
5111,3.3798592e-06,0.00063372136,2.9437346e-05
5112,2.9985122e-06,0.00060603104,2.4997214e-05
5113,2.8577513e-06,0.0005991272,2.3342844e-05
5114,2.5133168e-06,0.0005867862,1.9859235e-05
5115,2.2437891e-06,0.00055566645,1.6922027e-05
5116,2.005629e-06,0.00053783396,1.4559606e-05
5117,7.2650737e-06,0.00085012463,7.5459204e-05
5118,1.9305304e-05,0.0012282983,0.00026422
5119,1.9585059e-05,0.0011819412,0.0002639762
5120,1.687556e-05,0.0010671848,0.00021360953
5121,1.456255e-05,0.00102497,0.00017732634
5122,2.3470137e-05,0.001191157,0.0003209403
5123,2.0386718e-05,0.0011064733,0.0002648718
5124,3.605178e-05,0.0013461604,0.0005388094
5125,9.9398116e-05,0.0018904477,0.0018196498
5126,0.00014394445,0.0021091015,0.0027483872
5127,0.000111288275,0.0018239099,0.0020288639
5128,0.000100816564,0.0016884508,0.0017904105
5129,9.258131e-05,0.0015871255,0.0016080445
5130,8.016918e-05,0.0014895188,0.0013522956
5131,6.669395e-05,0.0013442605,0.0010660278
5132,6.0502178e-05,0.0012527035,0.00093408755
5133,0.00017526974,0.0018625464,0.0032013194
5134,0.00014788263,0.001642888,0.0026145573
5135,0.00013653772,0.0014922445,0.0023374886
5136,0.00010705099,0.0013447857,0.0017656515
5137,8.682486e-05,0.0012349208,0.0013747012
5138,7.45343e-05,0.0011769608,0.001149456
5139,6.618872e-05,0.0010666348,0.00097111834
5140,6.0396575e-05,0.0009979843,0.0008549964
5141,6.392819e-05,0.00101405,0.0009141853
5142,7.0036e-05,0.0010414753,0.0010200927
5143,0.00016314269,0.0014327238,0.0027356788
5144,0.00013938194,0.0012800613,0.0022519596
5145,0.000114372495,0.0011275248,0.0017512069
5146,9.584233e-05,0.0010246189,0.001397665
5147,0.00049261306,0.0018439579,0.0073063895
5148,0.00056987593,0.0016703913,0.007821232
5149,0.00039122018,0.001217106,0.0054814904
5150,0.00029331807,0.000997988,0.004027246
5151,0.0002332146,0.000852888,0.0030762472
5152,0.00019151422,0.00076431595,0.0024275964
5153,0.00016178472,0.00069512386,0.0019643302
5154,0.00013935295,0.00063347333,0.001615535
5155,0.00012079147,0.0006018961,0.0013525572
5156,0.00010721232,0.00055971823,0.0011512268
5157,0.00032306294,0.00085472345,0.00398305
5158,0.00027128635,0.00075385405,0.003240055
5159,0.0002348507,0.00068396324,0.002715804
5160,0.00020367606,0.00062261306,0.0022639856
5161,0.0001747146,0.00058102503,0.0018732061
5162,0.00015258115,0.0005459165,0.0015767616
5163,0.00013487428,0.0005172151,0.0013450057
5164,0.00012045217,0.0004913804,0.0011593968
5165,0.00013046499,0.0004996635,0.0012604132
5166,0.00014347394,0.00051283714,0.0013978163
5167,0.00012582053,0.0004997207,0.0011949901
5168,0.000111315625,0.00048971054,0.0010317003
5169,0.000103685416,0.00048732606,0.000945413
5170,0.00014708962,0.0005546996,0.001433313
5171,0.00013092377,0.00053226505,0.0012365385
5172,0.00011773303,0.00051042886,0.0010771037
5173,0.000106507294,0.000493012,0.0009458112
5174,9.693279e-05,0.00047704004,0.0008360417
5175,9.6330645e-05,0.00047987836,0.00082527904
5176,8.7906745e-05,0.00047012515,0.0007343944
5177,8.079774e-05,0.0004531142,0.0006552605
5178,0.00010180275,0.0004932693,0.0008663206
5179,9.2758906e-05,0.0004840165,0.00077039155
5180,8.4919586e-05,0.00047562347,0.0006887343
5181,7.7950426e-05,0.00046917392,0.0006182251
5182,7.207781e-05,0.000454904,0.000556358
5183,6.679829e-05,0.00044597406,0.0005035315
5184,0.00013940352,0.0005937714,0.0012473135
5185,0.00014572756,0.0005963218,0.001301206
5186,0.00013156657,0.0005686926,0.0011381134
5187,0.00011953012,0.0005464481,0.0010038307
5188,0.0001092226,0.00052497134,0.0008905779
5189,0.000100506295,0.00050598267,0.00079679384
5190,0.00025041474,0.0007195173,0.0023566426
5191,0.00023493657,0.0006888502,0.0021604612
5192,0.00020502844,0.00065322174,0.0018308073
5193,0.0001823589,0.0006170619,0.0015764013
5194,0.00016306722,0.0005940413,0.0013712026
5195,0.00014744923,0.00057080603,0.0012049143
5196,0.00013429335,0.00054895494,0.0010667141
5197,0.00012310773,0.0005291404,0.0009513376
5198,0.00011568208,0.00051519217,0.0008771812
5199,0.00010705985,0.0004991166,0.0007914614
5200,0.00033277838,0.00077644794,0.0029986326
5201,0.00028467595,0.0007154562,0.0024856369
5202,0.00024720893,0.00067315594,0.0020960446
5203,0.0002191303,0.0006305428,0.0017975928
5204,0.00021738415,0.0006211785,0.0017608893
5205,0.00020524155,0.00060128915,0.0016289792
5206,0.00030102034,0.0006854868,0.002513297
5207,0.00026318282,0.0006415601,0.0021301853
5208,0.00023347496,0.00060606026,0.0018329704
5209,0.00043950914,0.0007668234,0.003660447
5210,0.00052670384,0.0007768884,0.004315071
5211,0.00044195913,0.0006877737,0.0035224538
5212,0.00037592716,0.0006274829,0.0029068245
5213,0.00032696596,0.00058149185,0.0024497274
5214,0.00031733874,0.0005669201,0.002337177
5215,0.0002814853,0.0005356452,0.0020125147
5216,0.000252739,0.00050950976,0.0017553807
5217,0.00023127798,0.0004909297,0.0015664017
5218,0.00039363487,0.000606023,0.0028642395
5219,0.00033875866,0.00057376776,0.0024057017
5220,0.00030021754,0.00054288504,0.0020715946
5221,0.0011308418,0.0008938404,0.0075714868
5222,0.00084455614,0.00074195274,0.0057761776
5223,0.00067320734,0.0006439264,0.004550175
5224,0.0005542736,0.00058352965,0.0036727071
5225,0.0004691513,0.0005424691,0.003036236
5226,0.00040715156,0.0005119332,0.0025681923
5227,0.00035977634,0.0004882429,0.0022113882
5228,0.00032188947,0.0004699715,0.0019300089
5229,0.000287961,0.00045924407,0.0016913812
5230,0.00026543447,0.00044911934,0.0015274663
5231,0.00026136683,0.00045163237,0.0014933944
5232,0.00024086419,0.00043742993,0.001345037
5233,0.0009617884,0.00075937324,0.0059307124
5234,0.00083589274,0.00068227237,0.0050842064
5235,0.000690562,0.0005973926,0.0041118474
5236,0.00059184135,0.0005364,0.003430207
5237,0.00051856536,0.00049068185,0.0029210532
5238,0.0046840827,0.0012013759,0.013987603
5239,0.0029132925,0.00096203084,0.011452122
5240,0.0019502845,0.00076749123,0.00882753
5241,0.0014304364,0.0006427876,0.0067955195
5242,0.0011076406,0.00056443585,0.005305814
5243,0.0008640253,0.00051341846,0.0041407435
5244,0.00072165445,0.0004809956,0.0034003311
5245,0.00055052806,0.00044658006,0.0026139386
5246,0.00046547822,0.00043269817,0.0021824436
5247,0.0005834515,0.00048277352,0.002811167
5248,0.00076466735,0.0005317075,0.0037197457
5249,0.00064744905,0.00050218916,0.003090736
5250,0.0007134895,0.0005241294,0.0033997807
5251,0.0006350342,0.0004948228,0.002956553
5252,0.0005513125,0.0004797485,0.0025304584
5253,0.00049775554,0.0004688063,0.0022439256
5254,0.0004332829,0.00045922695,0.0019251602
5255,0.00039068755,0.00045226415,0.001705431
5256,0.0009954766,0.00065110484,0.0047185267
5257,0.00077773695,0.00059696246,0.003683823
5258,0.00062358973,0.0005598769,0.002934034
5259,0.00064834894,0.0005753278,0.0030449943
5260,0.0005683063,0.000549645,0.0026103654
5261,0.0004915383,0.0005330441,0.0022213513
5262,0.00044189295,0.0005187651,0.0019562216
5263,0.00043206697,0.00052492484,0.0019038421
5264,0.0008186117,0.00069316867,0.0038770954
5265,0.0033790958,0.0012341473,0.011550528
5266,0.007562008,0.0016583385,0.0150251025
5267,0.004456841,0.0014341632,0.012626185
5268,0.0026799382,0.0011590229,0.009599639
5269,0.0018370921,0.0009725482,0.007196743
5270,0.001371232,0.0008544167,0.0055091237
5271,0.0011529032,0.0007899597,0.0045955335
5272,0.0009983674,0.00075231947,0.0039487216
5273,0.001400207,0.0008687507,0.005469212
5274,0.0010516826,0.0007825261,0.0041571143
5275,0.0011174846,0.00080431526,0.0043783723
5276,0.0008190973,0.00072696625,0.0032504778
5277,0.0006905604,0.0006950576,0.002702206
5278,0.0017179511,0.0010168098,0.0066798744
5279,0.0046472894,0.0014753768,0.012387099
5280,0.002696268,0.0012025902,0.009168287
5281,0.0019101471,0.0010267402,0.0069556152
5282,0.0012784991,0.0008862347,0.0049266885
5283,0.0008485536,0.0008016941,0.0034009235
5284,0.00061536743,0.0007376201,0.0024977773
5285,0.0004526935,0.0006904847,0.0018553665
5286,0.00033243958,0.0006564139,0.0013786484
5287,0.00028306135,0.0006457897,0.0011866324
5288,0.00026220668,0.0006478123,0.0010903926
5289,0.00027497142,0.0006819956,0.0011662503
5290,0.0002467589,0.00068082113,0.0010390059
5291,0.00029143796,0.0007422945,0.001278151
5292,0.00026659895,0.00073642784,0.0011542162
5293,0.0016258772,0.001540375,0.0076670093
5294,0.00092574593,0.0013008959,0.0049224375
5295,0.0006029582,0.0011359445,0.0033434553
5296,0.000879923,0.0013365212,0.004964459
5297,0.0027613523,0.002064861,0.011319746
5298,0.002285327,0.0017761436,0.010002543
5299,0.0015122449,0.0014225564,0.007406072
5300,0.00087100174,0.0012047902,0.0047675017
5301,0.0005295482,0.0010900303,0.003072594
5302,0.00033117126,0.0010325237,0.0019981675
5303,0.00028505703,0.0009982964,0.0016961468
5304,0.00028037987,0.0010107566,0.0016718353
5305,0.00019709424,0.000946213,0.0011917382
5306,0.00013926324,0.0008948398,0.0008533778
5307,0.00010101856,0.0008451013,0.00062519824
5308,9.238322e-05,0.00084599387,0.0005660454
5309,8.141726e-05,0.0008468358,0.0004964163
5310,7.230559e-05,0.00084983936,0.00043865576
5311,6.0604438e-05,0.00084098976,0.00036769922
5312,7.281149e-05,0.0009208901,0.00046666648
5313,5.629866e-05,0.0008841797,0.0003624627
5314,3.986734e-05,0.00084013207,0.000259638
5315,3.08514e-05,0.0008116502,0.00020176831
5316,2.8473443e-05,0.0008160478,0.00018426136
5317,2.6289032e-05,0.0008206704,0.00016836425
5318,2.383605e-05,0.00082865247,0.00015153954
5319,2.1567826e-05,0.0008367822,0.00013615593
5320,1.9777512e-05,0.00084367004,0.00012374284
5321,3.401053e-05,0.0010802065,0.00025185524
5322,2.9633178e-05,0.0010789374,0.00021806873
5323,2.2638065e-05,0.0010356337,0.00016704059
5324,2.2628832e-05,0.0010787381,0.00017002587
5325,2.0680933e-05,0.0010737051,0.00015317167
5326,1.8308041e-05,0.00107505,0.00013439644
5327,1.6913002e-05,0.0010567635,0.00012182974
5328,1.2946181e-05,0.0010171313,9.341045e-05
5329,1.1904853e-05,0.0010068833,8.4393534e-05
5330,4.6745005e-05,0.0017025995,0.00048627058
5331,0.00081988296,0.005069189,0.009544992
5332,0.00051436585,0.0035145588,0.0066585205
5333,0.0003000537,0.0027983035,0.0043262998
5334,0.00022839221,0.0024219195,0.00329357
5335,0.00016609943,0.0021343695,0.0024507078
5336,0.00019589945,0.002182079,0.0029059795
5337,0.00015705512,0.0019257627,0.0022485293
5338,0.000108279084,0.0017033542,0.0015472881
5339,7.2221344e-05,0.0015150557,0.0010319992
5340,5.4256707e-05,0.0014159008,0.0007637385
5341,4.5951016e-05,0.0013504534,0.0006258274
5342,3.829078e-05,0.001299627,0.0005075168
5343,3.0242221e-05,0.0012464654,0.00039334182
5344,2.6001057e-05,0.0012015898,0.00032729647
5345,2.0986376e-05,0.0011628037,0.00025874595
5346,1.8148421e-05,0.0011245008,0.00021648609
5347,1.47512255e-05,0.0010926663,0.00017226682
5348,1.1886243e-05,0.0010606505,0.00013594808
5349,1.01699325e-05,0.0010323866,0.00011281028
5350,8.4203675e-06,0.001006975,9.112814e-05
5351,7.713597e-06,0.001021596,8.3887695e-05
5352,5.2174078e-06,0.0009470273,5.626916e-05
5353,4.444213e-06,0.0009154345,4.6178313e-05
5354,3.6996414e-06,0.0008890556,3.7241683e-05
5355,2.7964672e-06,0.0008502817,2.7573653e-05
5356,2.3122032e-06,0.000823688,2.2044576e-05
5357,2.6844202e-06,0.00084470987,2.6208221e-05
5358,2.7585422e-06,0.0008123241,2.6451733e-05
5359,2.2448912e-06,0.00078826083,2.0900727e-05
5360,1.876783e-06,0.00076495676,1.687959e-05
5361,1.4537536e-06,0.0007361403,1.2757601e-05
5362,1.0175074e-06,0.00069065567,8.776677e-06
5363,7.4066867e-07,0.00065322453,6.2350987e-06
5364,6.165966e-07,0.00062503206,4.955558e-06
5365,4.912688e-07,0.0006001612,3.804828e-06
5366,3.732541e-07,0.0005720775,2.8003763e-06
5367,2.7460447e-07,0.0005411746,1.9987642e-06
5368,2.2098966e-07,0.0005164501,1.5372129e-06
5369,1.8754612e-07,0.00046885814,1.2110402e-06
5370,1.5582454e-07,0.00045499243,9.730585e-07
5371,1.2566022e-07,0.00043656604,7.523276e-07
5372,9.7112505e-08,0.00041740577,5.608508e-07
5373,9.3307705e-08,0.000396767,5.183603e-07
5374,6.7047026e-08,0.00037498292,3.6252956e-07
5375,5.1378336e-08,0.0003575108,2.675157e-07
5376,4.3173653e-08,0.0003363251,2.1165371e-07
5377,3.7084344e-08,0.00032193912,1.7318852e-07
5378,3.1104506e-08,0.0003068903,1.3782929e-07
5379,2.718477e-08,0.00028988146,1.1399255e-07
5380,2.380562e-08,0.00026449867,9.319451e-08
5381,1.2085746e-07,0.00045522058,7.350619e-07
5382,1.0208106e-07,0.0004009616,5.6951205e-07
5383,9.408213e-08,0.00035983705,4.918033e-07
5384,7.6715764e-08,0.00034840597,3.8615354e-07
5385,6.406813e-08,0.0003366838,3.0901523e-07
5386,5.799484e-08,0.00034009526,2.785045e-07
5387,4.8438633e-08,0.0003283188,2.2274035e-07
5388,3.9222847e-08,0.00031816715,1.7413883e-07
5389,3.1544143e-08,0.00030763578,1.350444e-07
5390,3.1460594e-08,0.00029734743,1.3110593e-07
5391,8.30303e-08,0.0003990683,4.4305435e-07
5392,7.0594666e-08,0.00038011136,3.5754454e-07
5393,5.677904e-08,0.0003669265,2.7716354e-07
5394,4.8308404e-08,0.0003505891,2.2418844e-07
5395,4.1474348e-08,0.0003338752,1.8266577e-07
5396,4.0052253e-08,0.0003392763,1.7560875e-07
5397,3.9259223e-08,0.0003426146,1.7067141e-07
5398,3.30628e-08,0.00033409614,1.3889387e-07
5399,2.5114604e-08,0.00032083728,1.02720286e-07
5400,2.0799188e-08,0.00031048205,8.175586e-08
5401,1.6734662e-08,0.00030015918,6.3462814e-08
5402,7.992002e-08,0.0005127533,4.649363e-07
5403,9.5293416e-08,0.00050492125,5.5955957e-07
5404,8.093376e-08,0.00045248403,4.392093e-07
5405,6.9515444e-08,0.0004194789,3.5378437e-07
5406,5.8984636e-08,0.0004039109,2.871659e-07
5407,4.96194e-08,0.0003933422,2.3360033e-07
5408,4.4475833e-08,0.00038867845,2.0431504e-07
5409,4.2663626e-08,0.00037893528,1.9053026e-07
5410,4.4579107e-08,0.00038566993,1.9944078e-07
5411,3.8083147e-08,0.0003716497,1.6293913e-07
5412,3.0865746e-08,0.00036060368,1.2780704e-07
5413,2.6726964e-08,0.00034405326,1.0524089e-07
5414,2.3172918e-08,0.0003384037,8.867844e-08
5415,1.8633944e-08,0.00032848015,6.915427e-08
5416,2.7019945e-08,0.00036766063,1.09335126e-07
5417,2.3635957e-08,0.0003392891,8.978915e-08
5418,2.43613e-08,0.0003423112,9.2171234e-08
5419,2.8828982e-08,0.00034293867,1.10791795e-07
5420,2.8551106e-08,0.0003234789,1.0601432e-07
5421,6.527745e-08,0.00042487256,3.0139162e-07
5422,7.536523e-08,0.0004283465,3.5295167e-07
5423,2.1095978e-07,0.00060481724,1.3029385e-06
5424,1.8153621e-07,0.0005786397,1.0699359e-06
5425,1.5439149e-07,0.00055909413,8.7374934e-07
5426,1.3467749e-07,0.00052753504,7.2285167e-07
5427,2.8978954e-07,0.0006624881,1.8879912e-06
5428,2.219467e-06,0.0014292083,2.6278243e-05
5429,2.5902698e-06,0.0014770443,3.184859e-05
5430,3.080695e-06,0.0014996743,3.9082373e-05
5431,9.250306e-06,0.0022212458,0.00016023077
5432,8.006765e-06,0.0019586815,0.00012960251
5433,6.610649e-06,0.0018090737,0.000101410915
5434,7.639949e-06,0.0018631263,0.00012083572
5435,7.631598e-06,0.0017663555,0.00011802073
5436,3.058278e-05,0.0029068813,0.000685223
5437,2.430444e-05,0.0024247156,0.0004989087
5438,2.710272e-05,0.0023476242,0.0005588423
5439,0.0007620428,0.008259075,0.012546042
5440,0.00035294905,0.0042946474,0.007944167
5441,0.0002204584,0.0030317726,0.005287962
5442,0.00013628298,0.002305778,0.0032759325
5443,9.916139e-05,0.0018448662,0.0022309283
5444,7.612384e-05,0.0015441,0.0015924344
5445,6.0185273e-05,0.0013497182,0.0011774932
5446,5.4570726e-05,0.0013138173,0.0010579833
5447,4.121152e-05,0.0012049128,0.0007665041
5448,3.7517766e-05,0.0012149824,0.0007210938
5449,2.8245195e-05,0.0011232728,0.0005218098
5450,2.1913329e-05,0.0010445896,0.00038601313
5451,1.670595e-05,0.0009755597,0.00028178783
5452,1.4055145e-05,0.000940249,0.00023044004
5453,1.1138492e-05,0.0008814263,0.00017335376
5454,8.82248e-06,0.0008294511,0.00013054635
5455,6.909669e-06,0.00078286,9.75146e-05
5456,6.4367096e-06,0.00077232847,8.905784e-05
5457,5.9390068e-06,0.000724235,7.885975e-05
5458,6.651145e-06,0.0007058597,8.795294e-05
5459,6.1414594e-06,0.0006730998,7.854818e-05
5460,4.839718e-06,0.0006428859,5.9404494e-05
5461,4.0213345e-06,0.0006094917,4.678248e-05
5462,3.6026695e-06,0.00056387606,3.9777922e-05
5463,3.5601784e-06,0.00053968804,3.8314607e-05
5464,4.0240234e-06,0.00055737805,4.4441425e-05
5465,3.4890124e-06,0.00050452974,3.5900182e-05
5466,2.9797964e-06,0.00048247367,2.9167988e-05
5467,2.4863914e-06,0.0004681452,2.3380811e-05
5468,2.1240132e-06,0.00045081624,1.906998e-05
5469,1.8267827e-06,0.00043351768,1.5647674e-05
5470,2.1551773e-06,0.00048326506,1.972156e-05
5471,1.8691226e-06,0.00044868325,1.6081029e-05
5472,1.6360922e-06,0.00042003475,1.3293594e-05
5473,1.42418e-06,0.00038243382,1.0814529e-05
5474,1.3634899e-06,0.00037166636,1.0124101e-05
5475,1.3138208e-06,0.00034871226,9.380091e-06
5476,1.4313063e-06,0.00035902142,1.0420413e-05
5477,1.2631622e-06,0.00032653494,8.625204e-06
5478,1.1075634e-06,0.00032067444,7.298256e-06
5479,9.695489e-07,0.00031581018,6.1756305e-06
5480,8.644848e-07,0.0003042199,5.272387e-06
5481,7.661818e-07,0.00027735025,4.3892933e-06
5482,6.956919e-07,0.00025849664,3.7852635e-06
5483,2.6864843e-06,0.00042652452,2.1529377e-05
5484,9.605451e-06,0.00069291785,0.00011121192
5485,1.06537e-05,0.00069435744,0.00012447272
5486,9.291948e-06,0.0006420196,0.00010238631
5487,8.1537555e-06,0.00060920836,8.559475e-05
5488,7.1532336e-06,0.000586867,7.199008e-05
5489,6.3133793e-06,0.00056233624,6.0793773e-05
5490,5.591536e-06,0.00053938705,5.155318e-05
5491,4.9686128e-06,0.00050690054,4.3548982e-05
5492,4.5534707e-06,0.0004797947,3.8358492e-05
5493,4.0593877e-06,0.0004467122,3.242615e-05
5494,3.6477782e-06,0.00042856924,2.7944245e-05
5495,3.2861847e-06,0.00040952678,2.4118812e-05
5496,2.9659589e-06,0.0003892751,2.082662e-05
5497,2.8317338e-06,0.00037937448,1.945552e-05
5498,2.6287023e-06,0.0003628985,1.7456607e-05
5499,2.3875411e-06,0.00034673655,1.5212605e-05
5500,2.1747157e-06,0.00033741593,1.3384838e-05
5501,1.9851775e-06,0.00032695368,1.17893915e-05
5502,1.8132123e-06,0.0003205875,1.0436072e-05
5503,1.6577909e-06,0.00031521037,9.2588625e-06
5504,1.6338843e-06,0.0003113112,9.01507e-06
5505,1.4980247e-06,0.00029853836,7.956889e-06
5506,1.3755746e-06,0.00029424994,7.1016175e-06
5507,1.2637007e-06,0.00028091035,6.2753265e-06
5508,1.136078e-05,0.00065990794,0.00010780017
5509,1.031554e-05,0.00064075884,9.471405e-05
5510,9.294783e-06,0.0006199748,8.236473e-05
5511,8.391083e-06,0.00060173107,7.185821e-05
5512,7.588586e-06,0.00058552023,6.2873165e-05
5513,6.8843315e-06,0.0005666957,5.5092507e-05
5514,6.3951293e-06,0.0005507778,4.968813e-05
5515,5.92224e-06,0.0005366574,4.4689823e-05
5516,5.402478e-06,0.0005159258,3.931783e-05
5517,4.931998e-06,0.00049231556,3.453933e-05
5518,5.2382843e-06,0.00049275375,3.679498e-05
5519,4.8573233e-06,0.000471985,3.3020686e-05
5520,4.4606777e-06,0.00045554992,2.9315723e-05
5521,4.0893187e-06,0.00043276604,2.5847481e-05
5522,3.835102e-06,0.0004187071,2.3594079e-05
5523,3.5408025e-06,0.00040968214,2.117082e-05
5524,3.2737457e-06,0.00040026504,1.9019117e-05
5525,3.981857e-06,0.00043377493,2.4471836e-05
5526,3.8433936e-06,0.0004237123,2.3170984e-05
5527,3.701406e-06,0.00042034406,2.2048409e-05
5528,3.4262894e-06,0.0004102121,1.9832345e-05
5529,3.1713355e-06,0.0003953508,1.7768718e-05
5530,2.9387713e-06,0.00038074004,1.593851e-05
5531,5.9776853e-06,0.0005017702,3.987905e-05
5532,6.9817224e-06,0.0005354546,4.870549e-05
5533,6.6778975e-06,0.00052897003,4.593549e-05
5534,6.1475707e-06,0.00050642306,4.0845323e-05
5535,5.6790072e-06,0.0004899726,3.6582936e-05
5536,5.394026e-06,0.000480472,3.410228e-05
5537,5.6094473e-06,0.00048666386,3.5704314e-05
5538,5.241342e-06,0.00048360362,3.2700995e-05
5539,4.859199e-06,0.0004721141,2.9496934e-05
5540,4.5092384e-06,0.00046365857,2.6688569e-05
5541,4.1881513e-06,0.00045003893,2.408281e-05
5542,3.893769e-06,0.00043617995,2.1747237e-05
5543,3.6230438e-06,0.0004219223,1.9645864e-05
5544,3.3796175e-06,0.0004140558,1.7878292e-05
5545,3.170371e-06,0.00039971323,1.629836e-05
5546,3.2541127e-06,0.00040682603,1.6888374e-05
5547,4.4909543e-06,0.0004638813,2.5626246e-05
5548,4.317872e-06,0.00045176645,2.4121648e-05
5549,1.0421161e-05,0.0006278282,7.481097e-05
5550,1.0031197e-05,0.0006192877,7.0851704e-05
5551,9.280358e-06,0.0005994204,6.367601e-05
5552,8.587999e-06,0.0005764552,5.713055e-05
5553,1.2597522e-05,0.0006735164,9.3982315e-05
5554,1.6068268e-05,0.0007379539,0.000129068
5555,1.6352098e-05,0.0007430114,0.00013139163
5556,1.5037464e-05,0.0007149886,0.0001171614
5557,1.3844861e-05,0.0006859071,0.00010450443
5558,1.27809635e-05,0.0006620502,9.3665934e-05
5559,3.80837e-05,0.0010184338,0.00038114673
5560,3.447776e-05,0.00097422645,0.00033405577
5561,3.215991e-05,0.0009456785,0.00030516903
5562,2.9258472e-05,0.00090412,0.00026874238
5563,2.8594124e-05,0.000898954,0.00026113706
5564,2.71843e-05,0.0008826794,0.0002447033
5565,2.4892419e-05,0.0008413482,0.00021688802
5566,2.3372706e-05,0.0008200697,0.00019965389
5567,2.3358654e-05,0.0008254528,0.0001998602
5568,3.6271067e-05,0.0009808266,0.00035084924
5569,3.4936642e-05,0.00097066944,0.00033505633
5570,0.000120000754,0.001563134,0.0015486303
5571,0.00010608815,0.0014488728,0.0013253
5572,9.62487e-05,0.0013754519,0.0011744493
5573,8.420035e-05,0.0012785494,0.0009883037
5574,7.429845e-05,0.001188854,0.00083820143
5575,6.81821e-05,0.0011395874,0.0007510867
5576,6.317856e-05,0.0011020277,0.0006822209
5577,0.00015591929,0.0015499517,0.002033944
5578,0.00014068453,0.0014205744,0.0017748507
5579,0.00012070678,0.0013043396,0.0014640832
5580,0.00010502219,0.0012010272,0.0012231118
5581,9.235678e-05,0.0011125027,0.0010333383
5582,8.197163e-05,0.0010426359,0.00088361057
5583,0.0001527492,0.0013143388,0.0018609914
5584,0.0001523998,0.0012744651,0.0018425032
5585,0.00013598731,0.0011917835,0.0015976762
5586,0.00011838221,0.0010911863,0.0013337592
5587,0.000104314,0.0010155715,0.0011310236
5588,9.2661205e-05,0.0009635672,0.0009718426
5589,0.0001128236,0.0010203307,0.0012229441
5590,9.998028e-05,0.00096707704,0.001048407
5591,8.933016e-05,0.00091935956,0.00090657367
5592,8.034339e-05,0.0008682685,0.0007873829
5593,7.2690986e-05,0.0008277045,0.0006898104
5594,0.0004824642,0.0017044395,0.005712378
5595,0.00047125024,0.0015366157,0.005443937
5596,0.0005554845,0.0014849587,0.0061340192
5597,0.00044199076,0.0012176575,0.004814144
5598,0.00037899485,0.0010691783,0.0040339124
5599,0.00030969898,0.0009364395,0.0031918187
5600,0.00026069343,0.0008467559,0.00259615
5601,0.00022451258,0.00077844155,0.0021581263
5602,0.00019653111,0.0007260014,0.0018254559
5603,0.00030607876,0.0008461397,0.0029826728
5604,0.00026112748,0.00076877914,0.0024558622
5605,0.00022656919,0.00071619364,0.0020622665
5606,0.00019885862,0.00067911827,0.0017569211
5607,0.0002117168,0.00068682863,0.0018724594
5608,0.0002343483,0.0007051329,0.0020844152
5609,0.00020711456,0.0006568089,0.0017792045
5610,0.00018505467,0.0006210329,0.0015398721
5611,0.00016589504,0.0006002315,0.0013449128
5612,0.00014859333,0.00058775774,0.0011785558
5613,0.00013454094,0.0005762285,0.0010437719
5614,0.00012282378,0.0005649623,0.0009319387
5615,0.00011311702,0.0005493505,0.00083760056
5616,0.00010456984,0.0005357217,0.0007564327
5617,9.6580974e-05,0.00052966346,0.00068530056
5618,0.0004362086,0.0009531449,0.003938468
5619,0.00093416515,0.0012252349,0.0076176105
5620,0.004999821,0.0022096597,0.015390213
5621,0.0192747,0.004390749,0.017210854
5622,0.033685844,0.03313355,0.017388323
5623,0.033398878,0.07903164,0.01738803
5624,0.022578081,0.05486205,0.017352767
5625,0.019195503,0.064857565,0.017345605
5626,0.00361102,0.029686287,0.016743217
5627,0.00092202745,0.010879508,0.013852066
5628,0.0005617092,0.006371038,0.011332208
5629,0.00037153673,0.003913114,0.0085675
5630,0.00026031668,0.002793057,0.006303994
5631,0.00016640032,0.0019072205,0.0039178682
5632,0.00012469251,0.0015034128,0.002765949
5633,0.000101199344,0.0012765132,0.0021216173
5634,0.00010016232,0.001199036,0.0020481476
5635,0.00017071769,0.0014056076,0.0036071665
5636,0.00013214812,0.001126519,0.0026150083
5637,0.00014998417,0.0011642744,0.0029918558
5638,0.00011345503,0.0010034107,0.0021528949
5639,9.041744e-05,0.00087496557,0.0016099012
5640,7.917166e-05,0.00079884566,0.001347828
5641,6.922507e-05,0.00071059284,0.0011082917
5642,6.4291664e-05,0.0006513524,0.0009814346
5643,5.2574796e-05,0.0006201319,0.00077241106
5644,4.381335e-05,0.00059370353,0.00061862584
5645,9.38911e-05,0.00077004766,0.0015415865
5646,0.0012561494,0.002074211,0.012941505
5647,0.0006895937,0.001301331,0.009371364
5648,0.00044385734,0.00090632733,0.0064804815
5649,0.0005185154,0.0008565351,0.007079053
5650,0.0003651297,0.00067124557,0.005035109
5651,0.00026785248,0.0005733835,0.0036502338
5652,0.00020478902,0.0005137962,0.002726154
5653,0.00016554164,0.00047366283,0.0021299424
5654,0.00013959433,0.00044016234,0.0017229774
5655,0.00010938948,0.00041957808,0.0013245294
5656,0.0002931122,0.00059477065,0.003924276
5657,0.0033548505,0.0014746106,0.015343013
5658,0.008265146,0.0018802284,0.016766667
5659,0.02825791,0.0055158813,0.017368242
5660,0.025259862,0.012557643,0.017351013
5661,0.015111652,0.017687108,0.017217712
5662,0.0055200243,0.014138641,0.01649705
5663,0.0030217213,0.009093341,0.015306326
5664,0.001241132,0.005204484,0.011846991
5665,0.00061192,0.0033177768,0.007860255
5666,0.0004863821,0.002560769,0.0063293506
5667,0.00030056428,0.0020004432,0.004133535
5668,0.00023590012,0.0016900435,0.0031387396
5669,0.0006302102,0.0024089338,0.0076832194
5670,0.00043072624,0.0018560132,0.005463677
5671,0.0005483997,0.0018815692,0.0065697324
5672,0.00042314807,0.0015380193,0.0050746906
5673,0.00028542225,0.00128766,0.0034963167
5674,0.00021373297,0.0011510857,0.0025930805
5675,0.00018015564,0.0010436085,0.0021032498
5676,0.00012492215,0.00094146107,0.0014626222
5677,8.453319e-05,0.0008541258,0.0009936428
5678,6.490804e-05,0.00081558985,0.0007552137
5679,4.915595e-05,0.00077953434,0.00056698127
5680,3.564556e-05,0.0007380846,0.00040893428
5681,3.0709918e-05,0.00072595954,0.00034352395
5682,2.733108e-05,0.0007030425,0.0002953731
5683,2.433131e-05,0.00068571605,0.00025475732
5684,2.1741402e-05,0.00066928327,0.00022059989
5685,1.9567266e-05,0.0006473999,0.00019177678
5686,2.9252464e-05,0.0007668497,0.00032019394
5687,2.5902145e-05,0.00076411216,0.00027893283
5688,1.8833563e-05,0.0007275454,0.0002016245
5689,1.6636093e-05,0.00071193324,0.0001726619
5690,1.489742e-05,0.0006815799,0.0001486197
5691,1.4796333e-05,0.0006613669,0.00014488914
5692,1.4041599e-05,0.0006421949,0.0001339788
5693,1.1910773e-05,0.00063803315,0.00011157303
5694,9.997276e-06,0.0006331174,9.2025075e-05
5695,8.399856e-06,0.0006281372,7.593141e-05
5696,7.489834e-06,0.00061704783,6.56916e-05
5697,6.691703e-06,0.0006064388,5.696061e-05
5698,1.3624522e-05,0.0007819632,0.00014060085
5699,1.1901686e-05,0.000769375,0.000119488745
5700,1.0385435e-05,0.00075817143,0.00010151991
5701,9.174979e-06,0.0007440354,8.707212e-05
5702,7.815561e-06,0.00073617324,7.259605e-05
5703,6.574236e-06,0.0007276816,5.98512e-05
5704,6.0160705e-06,0.00070172787,5.2926654e-05
5705,1.0971832e-05,0.00092154706,0.000116718256
5706,7.649126e-06,0.00086409244,8.079139e-05
5707,6.5526947e-06,0.0008436359,6.707055e-05
5708,5.7810444e-06,0.0007896418,5.6251858e-05
5709,4.4816798e-06,0.0007656933,4.305746e-05
5710,4.0403415e-06,0.00072667625,3.7173522e-05
5711,6.8284885e-06,0.0008737425,7.2239316e-05
5712,6.0013176e-06,0.0008293891,6.0646285e-05
5713,5.3084277e-06,0.00076402334,5.0734947e-05
5714,4.668894e-06,0.0006963117,4.2011656e-05
5715,5.2494597e-06,0.00071005255,4.806931e-05
5716,4.8889997e-06,0.00066742644,4.3034324e-05
5717,4.566964e-06,0.00070070126,4.2568794e-05
5718,3.5007001e-06,0.0006775014,3.2093874e-05
5719,2.6154478e-06,0.00065025967,2.3589248e-05
5720,2.0316068e-06,0.0006292287,1.7919985e-05
5721,1.6093048e-06,0.00061044615,1.3828915e-05
5722,1.2687917e-06,0.00059112255,1.0612406e-05
5723,1.0495763e-06,0.00057427085,8.476038e-06
5724,8.813086e-07,0.0005572045,6.8507857e-06
5725,7.1730625e-07,0.00054130325,5.3982235e-06
5726,6.623269e-07,0.00054751406,4.959566e-06
5727,5.558603e-07,0.00053049356,4.002151e-06
5728,5.534911e-07,0.00050283776,3.86257e-06
5729,4.8189514e-07,0.00047924454,3.200418e-06
5730,1.1379765e-06,0.0006602302,9.610047e-06
5731,1.201913e-06,0.0006365218,1.0002492e-05
5732,1.3267578e-06,0.00062483805,1.1030135e-05
5733,1.3132446e-06,0.00059059146,1.0575345e-05
5734,3.5779408e-06,0.0008402517,3.7916187e-05
5735,3.4860861e-06,0.0007975466,3.5785684e-05
5736,4.618077e-06,0.000841781,5.0110015e-05
5737,5.323747e-06,0.0008620227,5.9302034e-05
5738,1.0688545e-05,0.0011199238,0.0001453107
5739,1.7491486e-05,0.0013408149,0.00027254448
5740,7.6257566e-05,0.0023452686,0.0016923025
5741,0.0007710035,0.005471031,0.011963229
5742,0.00037924963,0.0032280425,0.0077459575
5743,0.0001834825,0.0022121822,0.004271031
5744,0.00012065575,0.0017739851,0.0027522855
5745,0.00016909017,0.0018895954,0.0038372828
5746,0.00047970357,0.0025247685,0.008934556
5747,0.002985541,0.0043055285,0.01600348
5748,0.0011195096,0.0023940592,0.012941338
5749,0.0004830836,0.0014283066,0.008395944
5750,0.00030342588,0.001076211,0.005857511
5751,0.00019024409,0.0008440217,0.0037361158
5752,0.00018825043,0.00082237157,0.0036937678
5753,0.00012945033,0.00069968344,0.0024817032
5754,0.00021864849,0.000811156,0.0041953265
5755,0.00015084322,0.0006811434,0.0028322393
5756,9.140929e-05,0.0005807718,0.0017167781
5757,7.099942e-05,0.00052777637,0.0012644646
5758,0.0001410025,0.00065097807,0.0027106314
5759,0.00014662748,0.0006011678,0.0027090095
5760,0.00011450781,0.00049632887,0.0019564931
5761,9.6772485e-05,0.00043281532,0.0015452219
5762,0.0006357443,0.0008771642,0.009204569
5763,0.0012467158,0.0009347083,0.01240509
5764,0.0007690825,0.00064644346,0.009445618
5765,0.0005707263,0.00049594074,0.007373727
5766,0.00041414268,0.00040568275,0.005497865
5767,0.0003351825,0.00035661596,0.0043993085
5768,0.00026232956,0.00030804938,0.003321754
5769,0.00017751956,0.00027487555,0.0022555555
5770,0.00013541081,0.0002584344,0.0016862204
5771,0.00018065039,0.00030286005,0.0023916156
5772,0.00018700589,0.00032163225,0.0025724014
5773,0.00017591674,0.00031558,0.0023804759
5774,0.00020843558,0.00033849644,0.0028445441
5775,0.00018306663,0.0003268588,0.0024664379
5776,0.0001330324,0.00030154613,0.0017670915
5777,0.00013330857,0.00032131065,0.0018673977
5778,0.00012338247,0.0003211553,0.0017162438
5779,9.630949e-05,0.0003044843,0.0013023562
5780,7.942283e-05,0.0003005858,0.0010732639
5781,6.201618e-05,0.00029054593,0.00082072464
5782,5.431878e-05,0.00027927227,0.00068950496
5783,4.258135e-05,0.00027391134,0.0005344801
5784,3.3714157e-05,0.00026789517,0.00041252412
5785,7.513325e-05,0.0003829904,0.0011332907
5786,6.686712e-05,0.00037689277,0.0009873526
5787,4.989351e-05,0.0003584055,0.00071963074
5788,4.0904728e-05,0.0003484614,0.00057243294
5789,3.7563575e-05,0.00032588918,0.00050233566
5790,5.5977725e-05,0.00037866234,0.00081477687
5791,4.7528767e-05,0.00035568114,0.0006558191
5792,3.7432495e-05,0.00034854395,0.0005130544
5793,3.389242e-05,0.0003497766,0.00045758675
5794,2.8159066e-05,0.0003395408,0.00036565747
5795,5.8232876e-05,0.0004684763,0.0009184291
5796,4.8930095e-05,0.00043182552,0.0007265506
5797,4.5414108e-05,0.00040505093,0.00064474804
5798,3.8865204e-05,0.00036762713,0.0005162198
5799,3.2678432e-05,0.00035691075,0.00041758223
5800,2.7112095e-05,0.0003489598,0.00033499155
5801,2.0109468e-05,0.0003368265,0.00024389333
5802,2.101545e-05,0.00035810674,0.00026100207
5803,1.8247876e-05,0.00033294124,0.00021341987
5804,1.7359424e-05,0.00034112533,0.0002022719
5805,1.4797073e-05,0.00033354538,0.00016594773
5806,3.3034205e-05,0.00046174327,0.00045975568
5807,2.8431301e-05,0.00042871933,0.0003729619
5808,2.463082e-05,0.00039538488,0.00030387944
5809,2.1424843e-05,0.00037887675,0.0002522562
5810,1.9133166e-05,0.00036182255,0.00021527316
5811,1.6956876e-05,0.0003479306,0.0001825863
5812,1.5216398e-05,0.0003443838,0.00015915993
5813,1.3612429e-05,0.00032947835,0.0001361328
5814,1.2091707e-05,0.00032235976,0.00011657737
5815,2.485819e-05,0.00042411772,0.0002902453
5816,2.3109971e-05,0.00040825797,0.0002603699
5817,2.1275537e-05,0.00040539578,0.00023401172
5818,1.7997767e-05,0.00040205178,0.00019320451
5819,1.5581372e-05,0.00039811296,0.00016258023
5820,1.5937327e-05,0.00041256243,0.00016740749
5821,1.3968795e-05,0.0004050349,0.00014178565
5822,1.535433e-05,0.00041449422,0.00015761046
5823,1.8138911e-05,0.0004320208,0.0001916268
5824,2.1632704e-05,0.0004579224,0.0002378272
5825,1.9770398e-05,0.00043447927,0.00020899222
5826,4.16696e-05,0.00056109525,0.00052871834
5827,4.197594e-05,0.00054651214,0.000522837
5828,3.6492125e-05,0.00052983186,0.0004381698
5829,2.991201e-05,0.000520005,0.0003510927
5830,2.4208102e-05,0.00051028765,0.00027824895
5831,2.0774802e-05,0.0005020198,0.00023170446
5832,1.796087e-05,0.0004940292,0.0001942399
5833,1.5490605e-05,0.00048744032,0.00016268794
5834,1.4695917e-05,0.00047227272,0.00014985385
5835,1.31222e-05,0.00045276462,0.00012824313
5836,1.141452e-05,0.00044906588,0.000108570064
5837,1.0027382e-05,0.00044443,9.26543e-05
5838,8.482057e-06,0.0004422595,7.670918e-05
5839,7.4298873e-06,0.00043851696,6.534445e-05
5840,6.4555484e-06,0.00043598897,5.5335586e-05
5841,5.8025985e-06,0.00041799707,4.7692673e-05
5842,4.930531e-06,0.0004168679,3.969531e-05
5843,5.06462e-06,0.00042565414,4.0838713e-05
5844,5.638378e-06,0.00043144877,4.6033005e-05
5845,1.1508611e-05,0.000563775,0.000114849805
5846,1.027854e-05,0.0005414423,9.8455406e-05
5847,8.980468e-06,0.00053552375,8.366467e-05
5848,7.911279e-06,0.00052850606,7.156837e-05
5849,7.0627443e-06,0.00051670533,6.1766164e-05
5850,6.466422e-06,0.00048446615,5.405287e-05
5851,6.146914e-06,0.00046431672,4.977439e-05
5852,5.4965117e-06,0.00045938586,4.326644e-05
5853,4.884094e-06,0.0004568075,3.7474685e-05
5854,4.3693003e-06,0.0004529089,3.262748e-05
5855,3.8662465e-06,0.0004517096,2.8197564e-05
5856,3.5077271e-06,0.0004315378,2.4561938e-05
5857,3.0577812e-06,0.00043224668,2.0997495e-05
5858,2.7310518e-06,0.0004306092,1.8299725e-05
5859,2.4683613e-06,0.00042547428,1.6077978e-05
5860,2.232607e-06,0.00042088382,1.414552e-05
5861,2.0271923e-06,0.0004150039,1.2479706e-05
5862,1.8507614e-06,0.0004044991,1.1026967e-05
5863,1.6897175e-06,0.00039731298,9.7725215e-06
5864,1.5478435e-06,0.00038665382,8.664204e-06
5865,1.4197689e-06,0.00037771513,7.704027e-06
5866,1.303791e-06,0.00037006944,6.866897e-06
5867,1.1994215e-06,0.00036185136,6.129134e-06
5868,1.1051453e-06,0.00035085637,5.465482e-06
5869,1.0141168e-06,0.00034898173,4.897504e-06
5870,9.343297e-07,0.00034522248,4.3983546e-06
5871,8.584187e-07,0.00032648424,3.879892e-06
5872,8.596024e-07,0.00032389336,3.844339e-06
5873,7.971256e-07,0.00031636364,3.4630361e-06
5874,7.3919665e-07,0.0003054887,3.1086754e-06
5875,6.8637434e-07,0.0002950394,2.7952249e-06
5876,6.3907146e-07,0.00028819122,2.5303784e-06
5877,5.3081544e-06,0.0006505295,3.9208157e-05
5878,8.597626e-06,0.00078686344,7.340759e-05
5879,8.431646e-06,0.0007864274,7.173932e-05
5880,7.673326e-06,0.0007415317,6.274255e-05
5881,6.9341745e-06,0.000729923,5.5224864e-05
5882,6.300432e-06,0.0007135782,4.8750626e-05
5883,5.7457246e-06,0.00068913045,4.3018357e-05
5884,5.311739e-06,0.0006585455,3.8504204e-05
5885,4.8671986e-06,0.00062538113,3.397699e-05
5886,6.4300602e-06,0.0006861162,4.8202022e-05
5887,0.0025845703,0.007120353,0.015317221
5888,0.0015667301,0.00449562,0.013430825
5889,0.003026197,0.0046466314,0.01539124
5890,0.0015653028,0.002925106,0.012839356
5891,0.0009067133,0.0018689444,0.0095412135
5892,0.00062301254,0.0013693621,0.007064465
5893,0.0004554351,0.0010758468,0.0051973113
5894,0.00035394263,0.00091261434,0.003958044
5895,0.0002892545,0.00079414115,0.0031185944
5896,0.0030216817,0.0019258397,0.014478576
5897,0.0019669773,0.0013616476,0.012346726
5898,0.0012275759,0.00097542093,0.009412254
5899,0.0008467109,0.0007563442,0.006988353
5900,0.0006408229,0.00062332617,0.0053162207
5901,0.00051489327,0.00053517276,0.004176427
5902,0.00042939628,0.00047914797,0.0033812604
5903,0.00036378708,0.00044610517,0.0027890455
5904,0.00031659388,0.00041988987,0.0023565104
5905,0.00028042827,0.00039829337,0.0020255814
5906,0.00025113276,0.000381909,0.0017634567
5907,0.0002273613,0.0003696894,0.0015555877
5908,0.00020690724,0.00035957788,0.0013806695
5909,0.00030104368,0.00041223108,0.002130538
5910,0.0003670477,0.0004331002,0.002634455
5911,0.00032129174,0.0004118,0.0022438285
5912,0.00050998654,0.0004923799,0.003680507
5913,0.0059237885,0.0013189974,0.01544157
5914,0.0039718933,0.0010591251,0.013873498
5915,0.009105695,0.001429415,0.016185269
5916,0.021624304,0.0028864073,0.017206606
5917,0.014517069,0.004428951,0.016875172
5918,0.020819943,0.008097411,0.017187009
5919,0.01851894,0.0131274145,0.017116062
5920,0.014538032,0.016923193,0.016927913
5921,0.028367704,0.041528538,0.017351178
5922,0.0141871935,0.040859997,0.017070469
5923,0.0038219574,0.022910599,0.015298944
5924,0.0014101204,0.011588884,0.0113759255
5925,0.0007428456,0.00713402,0.007652278
5926,0.0004932494,0.005242683,0.0053937156
5927,0.00035293322,0.004219989,0.0038936136
5928,0.00027418113,0.003556363,0.0029679048
5929,0.0002221009,0.0031171492,0.0023449073
5930,0.00018515298,0.0027998963,0.0019030516
5931,0.0002444509,0.003005966,0.0026080513
5932,0.00020263971,0.0026760576,0.0021019906
5933,0.00017169706,0.0024363173,0.0017323685
5934,0.00014767602,0.0022579168,0.001451832
5935,0.00025453515,0.002732094,0.0027239327
5936,0.0002118028,0.002415323,0.0021974875
5937,0.00017981236,0.0021998049,0.0018125729
5938,0.0001549972,0.002039775,0.0015207006
5939,0.00016119558,0.002026178,0.001589642
5940,0.0131613985,0.012774786,0.017089123
5941,0.006791328,0.0108549325,0.016445758
5942,0.0032142405,0.0071049654,0.014680934
5943,0.0016756464,0.004496517,0.011670396
5944,0.001635642,0.0037035588,0.011274182
5945,0.0010258504,0.0025983793,0.008312123
5946,0.00072450493,0.0019947211,0.0061403434
5947,0.00055453286,0.0016480618,0.004686407
5948,0.00044675788,0.0014333789,0.003701292
5949,0.0005356222,0.0014781336,0.0043794448
5950,0.0007665704,0.0016288994,0.0060154595
5951,0.0005926425,0.0013763211,0.0046352088
5952,0.00048019842,0.0012158498,0.0036866579
5953,0.008310724,0.0038368602,0.016303346
5954,0.007106775,0.0036473982,0.015917202
5955,0.0041142036,0.0027961177,0.014121725
5956,0.0024577978,0.0020499192,0.011413709
5957,0.0016245124,0.0015536976,0.008723508
5958,0.0014537185,0.0013266063,0.007824276
5959,0.0010859309,0.0011015706,0.0060031237
5960,0.0008606892,0.0009606689,0.0047340095
5961,0.0037165633,0.0017000791,0.01274094
5962,0.0027461415,0.0013687199,0.010820824
5963,0.0017253922,0.0010870587,0.007943457
5964,0.0012453161,0.00092360034,0.005988387
5965,0.0009136667,0.0008118083,0.0044831187
5966,0.0007290283,0.0007470479,0.003554094
5967,0.000596309,0.00070262613,0.002876365
5968,0.00050966186,0.00067405973,0.002418838
5969,0.00045114633,0.0006524795,0.0020993352
5970,0.00040669448,0.00063377694,0.0018542303
5971,0.00041964758,0.0006534616,0.0019232784
5972,0.00035608126,0.00063705957,0.0016179202
5973,0.0003146327,0.0006294802,0.0014131558
5974,0.00030556266,0.00063515047,0.0013664732
5975,0.0002738851,0.0006314318,0.0012114927
5976,0.00024390928,0.0006291861,0.0010698107
5977,0.00021615165,0.000627879,0.0009419582
5978,0.00018953688,0.00062621513,0.00082254614
5979,0.00015888503,0.00061656424,0.0006899446
5980,0.00014948857,0.0006174039,0.0006426535
5981,0.00015762264,0.000644872,0.0006901516
5982,0.00014858317,0.0006435354,0.0006435974
5983,0.00014003119,0.00065052335,0.0006033983
5984,0.00018467853,0.0007411049,0.00085735164
5985,0.00015385155,0.00072647835,0.0007145216
5986,0.00019641338,0.0008320036,0.0009837338
5987,0.0006142918,0.001319136,0.003682652
5988,0.00057996606,0.0012652953,0.0034318273
5989,0.00069247786,0.0013458314,0.004101077
5990,0.000534327,0.001217355,0.003161719
5991,0.00045660854,0.0011379172,0.0026460453
5992,0.00054665917,0.001232792,0.0032296826
5993,0.0004489582,0.0011514939,0.002619893
5994,0.00040794228,0.0010994194,0.0023364497
5995,0.00042863068,0.0011158667,0.0024592273
5996,0.0005027789,0.0011603853,0.0029132348
5997,0.00043836015,0.0010797882,0.0024782233
5998,0.000424355,0.0010620296,0.0023765108
5999,0.00034109296,0.0010030936,0.0019003638
6000,0.00028779687,0.00096915825,0.0015883973
6001,0.00026015475,0.0009445321,0.0014107006
6002,0.00024197568,0.0009307386,0.0012955104
6003,0.0002593295,0.0009732434,0.001414097
6004,0.0002402034,0.00095388346,0.0012906512
6005,0.00021993961,0.00093418825,0.0011625671
6006,0.00016627238,0.00087800017,0.00088461774
6007,0.00014852794,0.00087530806,0.0007844188
6008,0.00023421149,0.0010629181,0.001377344
6009,0.00021031829,0.0010419523,0.0012186645
6010,0.00016663081,0.0009946701,0.0009664038
6011,0.00014144806,0.000977066,0.00081718503
6012,0.00011757089,0.0009557316,0.0006785904
6013,0.000105647305,0.00095538906,0.0006055057
6014,9.845028e-05,0.0009469624,0.0005573404
6015,8.268717e-05,0.000933684,0.00046881186
6016,7.71804e-05,0.000930615,0.00043300053
6017,6.141522e-05,0.0009013286,0.00034604347
6018,5.158154e-05,0.0008921959,0.00029101808
6019,5.8260903e-05,0.000992026,0.00035988315
6020,5.2859818e-05,0.0009968847,0.0003243977
6021,4.1721785e-05,0.00096485653,0.00025708193
6022,3.5504487e-05,0.00096026104,0.0002186513
6023,3.1629697e-05,0.0009664291,0.00019399259
6024,3.7229205e-05,0.0010559616,0.00024128113
6025,0.0009368261,0.0036928959,0.008515307
6026,0.0005177755,0.0026643386,0.0054133325
6027,0.0003420007,0.002177612,0.0036972202
6028,0.00026291373,0.0019328996,0.0028123204
6029,0.00021962139,0.0017506622,0.002282046
6030,0.0002379253,0.0017397853,0.0024713054
6031,0.0004850412,0.0022252896,0.0051161256
6032,0.00037667606,0.0018613738,0.003906491
6033,0.00024309043,0.0015703923,0.0025880998
6034,0.00019314364,0.0014516742,0.0020263146
6035,0.00018030668,0.0014023966,0.0018642843
6036,0.0003291741,0.0017578958,0.0036174138
6037,0.0014492125,0.0029935522,0.011264169
6038,0.00071276195,0.0020613174,0.007323624
6039,0.00040508702,0.001578223,0.004615178
6040,0.0002533226,0.0013035958,0.0029924016
6041,0.00017512945,0.0011501878,0.0020804033
6042,0.00015195957,0.0010556007,0.0017375752
6043,0.00013056485,0.0010028206,0.0014510087
6044,9.4483876e-05,0.00092963065,0.0010483972
6045,6.496799e-05,0.00085432513,0.00072294165
6046,4.278426e-05,0.0008026701,0.0004799318
6047,3.3629945e-05,0.0007791669,0.0003728896
6048,3.2865446e-05,0.00078651926,0.00036242598
6049,3.9884886e-05,0.0008260694,0.00045644335
6050,3.700152e-05,0.00078765146,0.0004097758
6051,3.264921e-05,0.00077186566,0.00035169485
6052,0.0008782787,0.002869905,0.010564323
6053,0.0019631337,0.003172599,0.01402696
6054,0.0010216156,0.0020183888,0.010665605
6055,0.00060372526,0.0014370632,0.0074965325
6056,0.00049456453,0.0011885514,0.006172987
6057,0.0002853208,0.0009434679,0.0038300026
6058,0.0002272375,0.0008279819,0.0029475216
6059,0.00014604829,0.0007210794,0.0019196166
6060,9.724675e-05,0.0006489163,0.0012813173
6061,6.365058e-05,0.00059347646,0.0008404816
6062,4.56438e-05,0.000559271,0.0005963855
6063,2.896484e-05,0.0005279683,0.00037950737
6064,1.9752928e-05,0.0004950128,0.00025594915
6065,1.6325303e-05,0.00048133326,0.00020404001
6066,1.1146862e-05,0.00045292533,0.0001373484
6067,7.956477e-06,0.00043066233,9.591465e-05
6068,7.0935253e-06,0.00044496753,8.864728e-05
6069,5.9087088e-06,0.0004233842,6.993523e-05
6070,4.815078e-06,0.00040878163,5.462461e-05
6071,3.4489572e-06,0.00038820333,3.8051836e-05
6072,2.9254848e-06,0.00038716622,3.202714e-05
6073,2.2807083e-06,0.0003706391,2.3898761e-05
6074,1.602108e-06,0.0003494662,1.6267904e-05
6075,1.2906718e-06,0.00033180427,1.2392675e-05
6076,9.859405e-07,0.00031628239,9.055608e-06
6077,7.806295e-07,0.0003013368,6.8088243e-06
6078,6.4847126e-07,0.00026402168,5.1483885e-06
6079,5.4562986e-07,0.00023542112,3.9771926e-06
6080,4.6242684e-07,0.00022274478,3.1744296e-06
6081,3.9607593e-07,0.00020660306,2.541003e-06
6082,3.3268623e-07,0.00020016269,2.0370608e-06
6083,2.436383e-07,0.00019282095,1.454423e-06
6084,2.4277134e-07,0.00018437262,1.4023074e-06
6085,4.08539e-06,0.0005183513,5.28759e-05
6086,3.6725448e-06,0.00047245141,4.47494e-05
6087,5.846551e-06,0.0005273061,7.857611e-05
6088,5.0316517e-06,0.00048582157,6.323817e-05
6089,4.670858e-06,0.00046410525,5.628173e-05
6090,6.2047698e-06,0.0004934468,7.867696e-05
6091,5.230558e-06,0.00045238095,6.173193e-05
6092,4.9595387e-06,0.0004264357,5.6014134e-05
6093,4.4567323e-06,0.00042173697,4.902665e-05
6094,4.0523105e-06,0.00039536474,4.2304782e-05
6095,3.4853513e-06,0.00036913788,3.4195986e-05
6096,3.1486813e-06,0.00035664247,2.9648163e-05
6097,3.1028778e-06,0.0003399007,2.8265895e-05
6098,2.8370637e-06,0.00032162,2.4641266e-05
6099,2.4829558e-06,0.0003002031,2.0322828e-05
6100,2.1787512e-06,0.00028857292,1.7006705e-05
6101,1.6249079e-06,0.00028021116,1.2464029e-05
6102,1.2794501e-06,0.0002745833,9.56934e-06
6103,1.104334e-06,0.00026684254,7.907379e-06
6104,9.4031867e-07,0.0002617296,6.4842343e-06
6105,2.6284267e-06,0.00039108173,2.4313375e-05
6106,2.275946e-06,0.0003592651,1.9695013e-05
6107,1.4717915e-06,0.0003360388,1.2610419e-05
6108,1.0231216e-06,0.00031847917,8.583154e-06
6109,8.864808e-07,0.0003066384,7.094637e-06
6110,8.186584e-07,0.00028928497,6.239154e-06
6111,1.0313653e-06,0.0003197532,8.3464765e-06
6112,8.79714e-07,0.0003049406,6.744947e-06
6113,7.7505126e-07,0.00028075185,5.57105e-06
6114,9.241627e-07,0.0002884493,6.8000377e-06
6115,7.9569094e-07,0.00025680172,5.4097177e-06
6116,6.8523957e-07,0.00025018706,4.4660505e-06
6117,5.68072e-07,0.00024641398,3.587799e-06
6118,4.884863e-07,0.00024688223,3.0343745e-06
6119,4.0413818e-07,0.00024256026,2.4284157e-06
6120,3.477352e-07,0.00023621872,2.0027821e-06
6121,2.7989825e-07,0.00023189915,1.566761e-06
6122,2.4504362e-07,0.00021734442,1.2933226e-06
6123,2.0235656e-07,0.00021408613,1.0356309e-06
6124,1.637348e-07,0.0002104714,8.144842e-07
6125,1.6703918e-07,0.00022536887,8.6099567e-07
6126,1.4158607e-07,0.00022022733,7.0150196e-07
6127,1.4502552e-07,0.00022021728,7.1101044e-07
6128,2.6001246e-07,0.00027445023,1.4929527e-06
6129,2.2546368e-07,0.0002638481,1.2333023e-06
6130,1.8169071e-07,0.0002582869,9.648653e-07
6131,1.5515015e-07,0.00025160128,7.906701e-07
6132,1.6221446e-07,0.0002583523,8.2993085e-07
6133,1.4366601e-07,0.00025719064,7.1745035e-07
6134,1.1139968e-07,0.00025031817,5.427913e-07
6135,7.37025e-08,0.00023576498,3.5489347e-07
6136,5.4898884e-08,0.00022651756,2.5712623e-07
6137,4.684775e-08,0.00021478425,2.0720007e-07
6138,4.45347e-08,0.00021976605,1.9681069e-07
6139,3.748368e-08,0.00021174876,1.5787546e-07
6140,3.230177e-08,0.00020331911,1.2945847e-07
6141,2.9337873e-08,0.00019449402,1.1229872e-07
6142,3.9835577e-08,0.00021169042,1.6259887e-07
6143,3.4866467e-08,0.00019667408,1.3369684e-07
6144,3.0865188e-08,0.00017826265,1.1049466e-07
6145,3.9744506e-08,0.0001854692,1.4826482e-07
6146,3.51064e-08,0.00018065206,1.2574884e-07
6147,3.0273746e-08,0.00017862231,1.0514659e-07
6148,1.2317687e-07,0.0003134544,6.4727607e-07
6149,3.5285802e-07,0.00044756272,2.45841e-06
6150,4.2933613e-07,0.00045066376,3.05432e-06
6151,3.739396e-07,0.00041933742,2.5031384e-06
6152,3.692696e-07,0.00041747716,2.4340445e-06
6153,2.8903574e-07,0.0004038135,1.849791e-06
6154,2.255536e-07,0.00038990335,1.3998997e-06
6155,1.68032e-07,0.00037286445,1.0149884e-06
6156,1.1287783e-07,0.00034874017,6.685995e-07
6157,8.9722626e-08,0.0003353846,5.116852e-07
6158,6.65108e-08,0.00031839588,3.6617723e-07
6159,4.9838498e-08,0.00030216112,2.6389077e-07
6160,4.329454e-08,0.00027816213,2.1415146e-07
6161,3.8901582e-08,0.00026007945,1.8176875e-07
6162,6.109274e-08,0.0002906171,3.1425972e-07
6163,5.1011916e-08,0.00025060718,2.381254e-07
6164,5.2159116e-08,0.00026044677,2.4628474e-07
6165,4.387127e-08,0.00024980577,1.9701538e-07
6166,3.9583515e-08,0.0002456637,1.7232128e-07
6167,3.44841e-08,0.00023107274,1.4161976e-07
6168,3.1318343e-08,0.00021035194,1.2070994e-07
6169,2.7143708e-08,0.00019070886,9.7318775e-08
6170,2.4073282e-08,0.00017893028,8.157751e-08
6171,2.526677e-08,0.00017558516,8.453015e-08
6172,2.3847566e-08,0.00016160528,7.592587e-08
6173,2.2651083e-08,0.00015194615,6.905634e-08
6174,2.0044853e-08,0.00014832581,5.872723e-08
6175,1.7799518e-08,0.0001447591,5.0126374e-08
6176,1.7277141e-08,0.00013721286,4.692499e-08
6177,1.5583433e-08,0.00013286792,4.0625004e-08
6178,1.4034783e-08,0.00012748859,3.499445e-08
6179,1.2657986e-08,0.00012401813,3.035504e-08
6180,1.1918552e-08,0.00012301006,2.7878741e-08
6181,1.0798148e-08,0.00012121104,2.4446065e-08
6182,9.723818e-09,0.000119954726,2.1338227e-08
6183,2.6199396e-08,0.00017117082,7.564127e-08
6184,2.360512e-08,0.00016141156,6.485135e-08
6185,2.159004e-08,0.00014929441,5.6260898e-08
6186,1.9373038e-08,0.00013736195,4.765795e-08
6187,2.5866521e-08,0.00015078728,6.813293e-08
6188,2.6819137e-08,0.00015191849,7.041741e-08
6189,3.7272475e-08,0.00017576537,1.07445395e-07
6190,3.381718e-08,0.00017289838,9.437249e-08
6191,3.091235e-08,0.00017193168,8.401756e-08
6192,2.3582753e-07,0.00037493036,1.1592441e-06
6193,2.1243112e-07,0.0003451746,9.871744e-07
6194,2.0706601e-07,0.0003337479,9.369986e-07
6195,1.8666697e-07,0.00031738658,8.073026e-07
6196,1.6870496e-07,0.00030770575,7.0253355e-07
6197,1.4981116e-07,0.00030576604,6.0734294e-07
6198,1.3256613e-07,0.0003043507,5.238575e-07
6199,1.1630333e-07,0.00030354643,4.4887742e-07
6200,1.0489193e-07,0.00029858644,3.9222468e-07
6201,9.427003e-08,0.00029546072,3.4249163e-07
6202,8.5707065e-08,0.00028710108,3.0042054e-07
6203,7.811493e-08,0.00027723963,2.6368423e-07
6204,7.294359e-08,0.00026301717,2.3753795e-07
6205,6.641794e-08,0.00025971775,2.1012501e-07
6206,6.071307e-08,0.00025526655,1.8632075e-07
6207,5.5173178e-08,0.00025381363,1.6503597e-07
6208,5.018189e-08,0.00025248688,1.4636083e-07
6209,8.3110244e-08,0.0002971662,2.7666468e-07
6210,7.553806e-08,0.00027776413,2.3969568e-07
6211,6.9321736e-08,0.000266238,2.1171466e-07
6212,6.319503e-08,0.00026527396,1.8842138e-07
6213,5.8020344e-08,0.00026226367,1.6839245e-07
6214,5.4278186e-08,0.0002656225,1.5556488e-07
6215,6.163722e-08,0.00027350223,1.8064135e-07
6216,2.4523698e-07,0.00044969725,1.0627294e-06
6217,2.2235658e-07,0.00042083167,9.193707e-07
6218,2.0271061e-07,0.00041416136,8.145696e-07
6219,1.8573311e-07,0.00040079062,7.211737e-07
6220,1.7046858e-07,0.00038827083,6.400137e-07
6221,1.5658607e-07,0.00037296454,5.6696626e-07
6222,1.4408754e-07,0.00035858812,5.0346864e-07
6223,1.3384332e-07,0.00034400227,4.5179087e-07
6224,1.6709573e-07,0.00037045174,5.953743e-07
6225,1.5423225e-07,0.00035797028,5.3159965e-07
6226,1.422186e-07,0.00035404318,4.780829e-07
6227,1.3096748e-07,0.00035174197,4.301697e-07
6228,3.6434156e-07,0.00052683864,1.6151486e-06
6229,5.9252113e-07,0.00061435177,2.9822534e-06
6230,5.4144675e-07,0.0005996571,2.6454716e-06
6231,4.934696e-07,0.0005910846,2.3494172e-06
6232,4.5161755e-07,0.0005633632,2.0707644e-06
6233,4.1486456e-07,0.00054791616,1.8452986e-06
6234,3.8093788e-07,0.0005232722,1.6337602e-06
6235,3.5082198e-07,0.0005031821,1.4545923e-06
6236,3.2388036e-07,0.0004883203,1.3026156e-06
6237,3.003269e-07,0.0004637366,1.1661627e-06
6238,2.8533788e-07,0.0004489368,1.079326e-06
6239,2.6317602e-07,0.0004463344,9.742535e-07
6240,2.4405944e-07,0.00042365864,8.718657e-07
6241,2.2537407e-07,0.0004001693,7.745398e-07
6242,3.662555e-07,0.00048157256,1.4494967e-06
6243,3.4500613e-07,0.0004666347,1.3289338e-06
6244,3.203645e-07,0.00045350555,1.1991004e-06
6245,2.9709025e-07,0.00043490113,1.0758783e-06
6246,2.818859e-07,0.0004224371,9.984312e-07
6247,3.109039e-07,0.00043500168,1.1265391e-06
6248,2.9291505e-07,0.00042709656,1.0373607e-06
6249,2.7313328e-07,0.0004159173,9.413046e-07
6250,5.1832495e-07,0.0005323122,2.147566e-06
6251,4.813724e-07,0.0005126405,1.934005e-06
6252,4.4771477e-07,0.0005028471,1.7548023e-06
6253,4.168757e-07,0.00049085607,1.591738e-06
6254,3.8820932e-07,0.0004751381,1.4402802e-06
6255,3.6142902e-07,0.00045721405,1.30056e-06
6256,4.0056395e-07,0.00047205383,1.4774743e-06
6257,5.2159317e-07,0.00052005803,2.0719099e-06
6258,7.614486e-07,0.00058921997,3.345069e-06
6259,2.1251217e-06,0.0008820165,1.2703772e-05
6260,2.6120954e-06,0.0009323009,1.641934e-05
6261,2.3955483e-06,0.0009074871,1.46621005e-05
6262,2.2005609e-06,0.0008783472,1.30902945e-05
6263,2.0176878e-06,0.0008341988,1.1590685e-05
6264,1.8712019e-06,0.0007973369,1.04321625e-05
6265,1.7205745e-06,0.00075744686,9.265139e-06
6266,1.5834648e-06,0.00071839977,8.231791e-06
6267,1.4628473e-06,0.0006865817,7.3623546e-06
6268,1.4012829e-06,0.0006765263,6.9626317e-06
6269,1.2994168e-06,0.0006522319,6.270271e-06
6270,1.2062637e-06,0.0006285921,5.65293e-06
6271,1.1222763e-06,0.0006096628,5.1191246e-06
6272,1.1671069e-06,0.0006153862,5.3510926e-06
6273,1.1985252e-06,0.0006165663,5.499037e-06
6274,1.5563528e-06,0.0006780198,7.668999e-06
6275,1.4478047e-06,0.00066127843,6.9589955e-06
6276,1.3658571e-06,0.0006432479,6.414458e-06
6277,1.2714721e-06,0.00062106544,5.8067367e-06
6278,1.1866201e-06,0.00060699834,5.291488e-06
6279,1.1084289e-06,0.0005935062,4.827516e-06
6280,1.0505967e-06,0.00057519507,4.4687677e-06
6281,9.815069e-07,0.0005556332,4.062433e-06
6282,9.1775667e-07,0.00053656974,3.6963133e-06
6283,8.603282e-07,0.00052234385,3.3810988e-06
6284,8.3274995e-07,0.0005155889,3.2336934e-06
6285,7.972708e-07,0.0005068749,3.0491954e-06
6286,7.4969654e-07,0.0004894831,2.7940869e-06
6287,7.1234086e-07,0.0004774705,2.6023608e-06
6288,6.928654e-07,0.00047664656,2.5151178e-06
6289,6.7202393e-07,0.00046968475,2.408266e-06
6290,7.6296703e-07,0.000496533,2.8415734e-06
6291,7.3288703e-07,0.0004892453,2.691931e-06
6292,6.895524e-07,0.0004775804,2.4750161e-06
6293,2.555353e-06,0.00079599017,1.3548304e-05
6294,2.5012428e-06,0.0007887429,1.3235921e-05
6295,2.561953e-06,0.00080236327,1.37072875e-05
6296,4.613605e-06,0.0010083596,2.9515444e-05
6297,1.110398e-05,0.0014164646,9.247166e-05
6298,1.242723e-05,0.0014554766,0.00010659337
6299,1.1266029e-05,0.0013815128,9.359337e-05
6300,1.0245178e-05,0.0013194536,8.259159e-05
6301,9.322713e-06,0.0012511523,7.2741284e-05
6302,8.623617e-06,0.0012006278,6.562143e-05
6303,7.886456e-06,0.0011473232,5.822271e-05
6304,7.3030287e-06,0.0010937157,5.2366584e-05
6305,8.634543e-06,0.001173767,6.5353604e-05
6306,8.3101595e-06,0.0011580614,6.2573694e-05
6307,7.842433e-06,0.0011266875,5.805122e-05
6308,7.1895206e-06,0.0010830563,5.1716986e-05
6309,6.590541e-06,0.0010319394,4.593239e-05
6310,6.0642183e-06,0.0009954167,4.1116575e-05
6311,2.256102e-05,0.0016613231,0.00022491098
6312,2.3921752e-05,0.0016912853,0.00024431694
6313,2.415558e-05,0.0016892009,0.0002484235
6314,2.2584674e-05,0.0016295781,0.00022831968
6315,2.0211251e-05,0.001523684,0.00019683458
6316,1.8178262e-05,0.0014361325,0.00017095653
6317,3.4346656e-05,0.0018344625,0.00038744963
6318,3.504238e-05,0.0018249967,0.0004004681
6319,0.00025572354,0.0038598436,0.00417613
6320,0.00026462268,0.0035665384,0.004274458
6321,0.00019811075,0.0028546555,0.0030935982
6322,0.00015823325,0.0024174317,0.0023686825
6323,0.00015246855,0.0022673116,0.0022487114
6324,0.00012547121,0.001974063,0.0017642209
6325,0.00010932139,0.0017870297,0.0014801024
6326,0.0003415762,0.0026840765,0.0050371443
6327,0.00025541332,0.002139976,0.0036686778
6328,0.00020230543,0.0018110172,0.0027943926
6329,0.00029575918,0.0019907765,0.004101573
6330,0.00044904355,0.0021639343,0.005957611
6331,0.00034685142,0.0017645677,0.0045687566
6332,0.000276319,0.0014830389,0.003535853
6333,0.00052590243,0.0017770767,0.0063525513
6334,0.00038471023,0.0014403849,0.004660978
6335,0.0003030153,0.0012161374,0.0035660267
6336,0.00024642595,0.0010861009,0.0028137155
6337,0.0002059375,0.000995957,0.0022775922
6338,0.00017506623,0.0009321074,0.0018780582
6339,0.0001544326,0.00086342706,0.0015978588
6340,0.00013629672,0.0008148732,0.0013636576
6341,0.00012159698,0.00076503545,0.0011737335
6342,0.00017711027,0.0008736543,0.001821712
6343,0.00015502411,0.00082506734,0.0015442715
6344,0.00013645008,0.00079156447,0.001321625
6345,0.00011965935,0.00077022554,0.0011326094
6346,0.00010764848,0.0007410812,0.0009900405
6347,9.69545e-05,0.0007224031,0.0008699235
6348,8.807734e-05,0.0007024371,0.0007702484
6349,0.00040933423,0.0012625471,0.0044289283
6350,0.00034361638,0.0011024526,0.0036183794
6351,0.00028257814,0.0009908207,0.0028907494
6352,0.00024103552,0.00089787616,0.0023785268
6353,0.0002074127,0.0008414996,0.0019861446
6354,0.00029024784,0.0009455155,0.0028688968
6355,0.00032167367,0.000976647,0.0031809662
6356,0.00027222096,0.0008781875,0.002597983
6357,0.00023403532,0.0008197367,0.0021681488
6358,0.00019784494,0.00078333955,0.0017948992
6359,0.00017340301,0.00075307797,0.001533855
6360,0.0005354648,0.0011548985,0.005137668
6361,0.00042107268,0.0009994475,0.003977774
6362,0.0003339372,0.0009042543,0.0031068462
6363,0.00029907093,0.00083882216,0.0027063016
6364,0.00038157974,0.0008939596,0.0034626496
6365,0.00030536257,0.0008232434,0.0027291994
6366,0.00024667574,0.0007735402,0.0021732796
6367,0.00021297754,0.00073928566,0.0018315503
6368,0.0002012388,0.0007243175,0.0017029212
6369,0.0001990515,0.0007463727,0.0017053327
6370,0.00020816686,0.0007646684,0.0017902373
6371,0.0004573578,0.0010287443,0.004200005
6372,0.0003406749,0.0009160941,0.003129806
6373,0.0004642367,0.0010075225,0.004249863
6374,0.00037320924,0.0009043271,0.0033526644
6375,0.00031516486,0.0008251078,0.002748059
6376,0.000261518,0.00077794574,0.0022371016
6377,0.00022447473,0.0007441112,0.0018777029
6378,0.00024183503,0.00077529374,0.0020436787
6379,0.00016990009,0.0007118461,0.0014534113
6380,0.00012651378,0.0006696458,0.0010835796
6381,0.000107563625,0.0006600213,0.00091023603
6382,8.937482e-05,0.0006497185,0.0007502418
6383,7.903592e-05,0.00064749573,0.0006539322
6384,0.00012657726,0.00078706886,0.0011686687
6385,0.00012548646,0.000830986,0.0012491613
6386,9.8009295e-05,0.0007962408,0.00097338774
6387,8.075181e-05,0.0007776931,0.00079257414
6388,6.3489315e-05,0.0007528395,0.00061935454
6389,4.9246806e-05,0.00072824705,0.0004781565
6390,4.1909898e-05,0.00072284916,0.0004014226
6391,3.2715412e-05,0.00070349296,0.0003116946
6392,2.7096805e-05,0.00069669815,0.00025537127
6393,2.44916e-05,0.0006863401,0.00022505086
6394,2.133e-05,0.00068547437,0.00019287379
6395,2.388544e-05,0.0007336719,0.00022373046
6396,3.09351e-05,0.0007978824,0.00030810625
6397,2.8011473e-05,0.00077031134,0.000270179
6398,2.4505362e-05,0.0007664445,0.00023212278
6399,2.227229e-05,0.00073303905,0.00020368726
6400,1.9944635e-05,0.0007283608,0.00017860132
6401,1.912671e-05,0.00071436807,0.0001681029
6402,2.252187e-05,0.00077809906,0.00020794479
6403,1.6424849e-05,0.00074184785,0.00015145402
6404,1.358865e-05,0.00073447597,0.00012376861
6405,1.1795956e-05,0.0007312692,0.000105474755
6406,8.945748e-06,0.0007072986,7.9490026e-05
6407,7.0384485e-06,0.0006914979,6.188278e-05
6408,6.3075668e-06,0.0006755564,5.37225e-05
6409,6.1727624e-06,0.0006705082,5.187365e-05
6410,6.3622615e-06,0.0006688381,5.3463405e-05
6411,5.8197984e-06,0.0006432237,4.7215424e-05
6412,5.1899287e-06,0.0006368056,4.10454e-05
6413,4.78534e-06,0.00061348383,3.6603586e-05
6414,4.9505097e-06,0.00060980424,3.773127e-05
6415,4.4777707e-06,0.0005716506,3.2616626e-05
6416,5.1052466e-06,0.0006001964,3.8344366e-05
6417,5.622095e-06,0.0006099582,4.284193e-05
6418,5.2195023e-06,0.0005846554,3.8463153e-05
6419,4.7374724e-06,0.00057727523,3.40093e-05
6420,4.1151047e-06,0.00058850244,3.0199573e-05
6421,3.696496e-06,0.0005834349,2.6458561e-05
6422,3.3531885e-06,0.00057293574,2.3317847e-05
6423,2.9379783e-06,0.00057284243,2.0055122e-05
6424,2.654001e-06,0.00056661526,1.7653036e-05
6425,2.4976173e-06,0.0005802489,1.659956e-05
6426,2.2384097e-06,0.00057690986,1.4534537e-05
6427,1.7950067e-06,0.0005683107,1.1543404e-05
6428,1.4619798e-06,0.0005616116,9.287532e-06
6429,1.2224427e-06,0.00055747794,7.643714e-06
6430,1.0412517e-06,0.00055423926,6.3895295e-06
6431,8.886036e-07,0.00055072794,5.3468752e-06
6432,7.3544965e-07,0.00054468046,4.3519644e-06
6433,6.623004e-07,0.00052688434,3.7764205e-06
6434,5.914338e-07,0.00051888026,3.274335e-06
6435,4.916062e-07,0.00051372504,2.675972e-06
6436,4.430097e-07,0.00049821043,2.3257965e-06
6437,3.9101235e-07,0.00049386587,2.0007876e-06
6438,3.534474e-07,0.0004694516,1.7323338e-06
6439,3.3326003e-07,0.00044968846,1.5799487e-06
6440,3.0183634e-07,0.0004235121,1.3671267e-06
6441,2.749572e-07,0.00041161932,1.2037037e-06
6442,2.7209876e-07,0.00042383853,1.1944771e-06
6443,2.3964316e-07,0.00042484203,1.0342867e-06
6444,2.1613764e-07,0.00042096642,9.087313e-07
6445,2.0062485e-07,0.00040819458,8.171628e-07
6446,1.8320182e-07,0.00039945848,7.2350895e-07
6447,1.6728515e-07,0.00039275578,6.418234e-07
6448,1.6222683e-07,0.0003804065,6.0747965e-07
6449,1.4765872e-07,0.0003778696,5.395704e-07
6450,1.3078538e-07,0.00037908048,4.6953508e-07
6451,1.1687072e-07,0.00037973622,4.115217e-07
6452,8.054077e-08,0.0003582187,2.8404048e-07
6453,6.8541695e-08,0.00035714454,2.3772286e-07
6454,5.7778383e-08,0.000355333,1.9714902e-07
6455,5.0416844e-08,0.0003541203,1.6837124e-07
6456,5.172331e-08,0.00036501235,1.7383056e-07
6457,4.4471758e-08,0.00036347707,1.4657552e-07
6458,3.485726e-08,0.000355216,1.1361422e-07
6459,2.7604626e-08,0.0003485099,8.9309374e-08
6460,2.3019615e-08,0.00034475164,7.312996e-08
6461,2.0992307e-08,0.00032550114,6.370166e-08
6462,1.683753e-08,0.0003194172,5.0271098e-08
6463,1.4900691e-08,0.00031400533,4.3080846e-08
6464,1.2293499e-08,0.00030959802,3.484074e-08
6465,1.0594577e-08,0.0003063007,2.9267198e-08
6466,9.88439e-09,0.00030210812,2.6604615e-08
6467,8.780676e-09,0.00029645764,2.2863885e-08
6468,1.4054687e-08,0.0003464642,4.1521897e-08
6469,1.7464336e-08,0.00035258997,5.32535e-08
6470,2.0169303e-08,0.00035865852,6.269032e-08
6471,4.2493728e-08,0.0004545896,1.6075744e-07
6472,1.2818522e-07,0.0006777486,6.64639e-07
6473,1.6586561e-07,0.0007120312,9.044121e-07
6474,1.4688315e-07,0.0006483787,7.533018e-07
6475,2.7254703e-07,0.00078032137,1.6352986e-06
6476,2.4038133e-07,0.000733456,1.371488e-06
6477,2.1212604e-07,0.0006781493,1.1440612e-06
6478,1.8843645e-07,0.00063648575,9.665939e-07
6479,1.6794068e-07,0.0005981038,8.2003874e-07
6480,1.6983947e-07,0.0005980582,8.236407e-07
6481,1.5671694e-07,0.0005726681,7.3239386e-07
6482,1.8917017e-07,0.0006384903,9.4598937e-07
6483,1.7135332e-07,0.00061908417,8.278773e-07
6484,2.6116382e-07,0.00072471454,1.416246e-06
6485,2.465424e-07,0.0007513961,1.3774228e-06
6486,1.8622335e-07,0.00071946246,1.024703e-06
6487,1.4738661e-07,0.000696063,7.936223e-07
6488,1.1940763e-07,0.00067563495,6.2660644e-07
6489,1.7818569e-07,0.0007394367,1.0207764e-06
6490,1.5627249e-07,0.0006856533,8.456697e-07
6491,1.3142954e-07,0.0006694478,6.913686e-07
6492,1.08936966e-07,0.00065178995,5.567799e-07
6493,1.1310951e-07,0.0006731111,5.851344e-07
6494,1.2444772e-07,0.00065225235,6.4107223e-07
6495,1.6495778e-07,0.00068758504,8.98084e-07
6496,1.4926141e-07,0.00064789155,7.7585565e-07
6497,1.6381368e-07,0.000651757,8.5834364e-07
6498,2.9579715e-07,0.000815798,1.8301962e-06
6499,2.7242152e-07,0.00079653476,1.6393566e-06
6500,2.8499792e-07,0.0008174529,1.732874e-06
6501,2.2516245e-07,0.0007892475,1.3391094e-06
6502,2.0671696e-07,0.00075131346,1.1816726e-06
6503,1.7659818e-07,0.0007311368,9.766432e-07
6504,1.5424153e-07,0.0006608502,7.985767e-07
6505,1.971887e-07,0.00071154954,1.0806916e-06
6506,3.322975e-07,0.00083229,2.0830353e-06
6507,3.197187e-07,0.0007849108,1.9361269e-06
6508,3.2952985e-07,0.00077658583,1.981826e-06
6509,2.907218e-07,0.0007464128,1.678919e-06
6510,2.5811676e-07,0.0007078458,1.4238699e-06
6511,3.5609452e-07,0.0007797125,2.124017e-06
6512,3.1864357e-07,0.00070622115,1.790317e-06
6513,2.7056228e-07,0.0006940051,1.4826031e-06
6514,2.1977634e-07,0.0006778803,1.1803639e-06
6515,1.852258e-07,0.00066561194,9.71272e-07
6516,1.4684646e-07,0.00064600207,7.5520285e-07
6517,1.2266833e-07,0.0006315774,6.1407303e-07
6518,1.1192254e-07,0.00064156775,5.636949e-07
6519,1.0662109e-07,0.00063754036,5.280018e-07
6520,9.5436114e-08,0.0006025573,4.5083107e-07
6521,1.0079484e-07,0.0006104287,4.781331e-07
6522,8.916077e-08,0.0005871642,4.0581733e-07
6523,8.5007336e-08,0.0005618249,3.7451088e-07
6524,7.4751846e-08,0.0005486135,3.1838792e-07
6525,7.384976e-08,0.0005277324,3.0686763e-07
6526,3.213976e-07,0.0009006702,2.0363054e-06
6527,2.7988915e-07,0.0008668806,1.7046272e-06
6528,2.417679e-07,0.00084037206,1.4213913e-06
6529,2.0633604e-07,0.00081783254,1.1750798e-06
6530,1.7920306e-07,0.00079240586,9.843224e-07
6531,1.7135038e-07,0.0007860137,9.26233e-07
6532,2.3711524e-07,0.0008407551,1.3733359e-06
6533,2.0953459e-07,0.0008117959,1.1692495e-06
6534,1.8426103e-07,0.00078291446,9.893099e-07
6535,1.5982116e-07,0.0007632099,8.308193e-07
6536,1.3566324e-07,0.0007464046,6.860147e-07
6537,1.2378416e-07,0.0007293014,6.081729e-07
6538,1.0991636e-07,0.00071486057,5.2479663e-07
6539,9.6603266e-08,0.0006951424,4.4554406e-07
6540,1.1161363e-07,0.0007428441,5.359631e-07
6541,2.6623175e-07,0.0010036272,1.6239717e-06
6542,3.3459216e-07,0.0010914964,2.1693688e-06
6543,2.6745454e-07,0.0010515299,1.6936384e-06
6544,2.0934863e-07,0.0010077445,1.2957779e-06
6545,1.7363227e-07,0.00097314746,1.0411544e-06
6546,1.5091085e-07,0.0009251309,8.6460034e-07
6547,1.5348805e-07,0.0009123641,8.709417e-07
6548,1.3457337e-07,0.0008422568,7.2126176e-07
6549,1.1722624e-07,0.0008122282,6.0449946e-07
6550,1.032171e-07,0.0007498244,5.0291436e-07
6551,8.716309e-08,0.00073212705,4.129893e-07
6552,8.555575e-08,0.00075781194,4.124698e-07
6553,7.347196e-08,0.0007373076,3.4277033e-07
6554,6.424691e-08,0.00071286963,2.8861163e-07
6555,8.245043e-08,0.0007870201,3.96438e-07
6556,1.911144e-07,0.0010462888,1.1550278e-06
6557,1.9762848e-07,0.0010303722,1.1936949e-06
6558,1.8933298e-07,0.000995076,1.1223187e-06
6559,1.7220682e-07,0.00092636485,9.783724e-07
6560,1.5723042e-07,0.0008647403,8.57214e-07
6561,1.4114819e-07,0.00079086825,7.295164e-07
6562,1.202018e-07,0.00077205757,6.0340915e-07
6563,1.0309924e-07,0.0007532347,5.0193165e-07
6564,9.117466e-08,0.0007219698,4.2578836e-07
6565,7.4839946e-08,0.0007038636,3.4153337e-07
6566,6.6254465e-08,0.00065306586,2.8628486e-07
6567,5.898677e-08,0.00061292306,2.4249587e-07
6568,5.2460127e-08,0.0005934762,2.0779211e-07
6569,4.6303548e-08,0.00053707045,1.7214356e-07
6570,6.6697865e-08,0.00061021623,2.7457295e-07
6571,6.2797014e-08,0.0005859823,2.517993e-07
6572,5.6263303e-08,0.00054937426,2.148027e-07
6573,5.0299516e-08,0.0005363558,1.8579978e-07
6574,4.5368004e-08,0.0005115575,1.6068218e-07
6575,4.088001e-08,0.00047948776,1.3798764e-07
6576,3.6827522e-08,0.00047001737,1.2053393e-07
6577,3.2871146e-08,0.0004645929,1.0477423e-07
6578,2.9827486e-08,0.0004406563,9.107622e-08
6579,2.7105113e-08,0.00043020412,8.0153626e-08
6580,2.4597485e-08,0.0004226052,7.0632765e-08
6581,2.2368196e-08,0.00041491888,6.236831e-08
6582,2.0222615e-08,0.00041068305,5.4955418e-08
6583,1.8374415e-08,0.00040519785,4.8598007e-08
6584,1.6764004e-08,0.00039837538,4.3095802e-08
6585,1.5307634e-08,0.00039214932,3.827403e-08
6586,1.5550564e-08,0.00040217454,3.9034205e-08
6587,1.4756616e-08,0.00039566946,3.6215432e-08
6588,1.3551019e-08,0.00038721433,3.2290647e-08
6589,1.2472443e-08,0.00037317697,2.8709033e-08
6590,1.15006555e-08,0.00036363958,2.5677226e-08
6591,1.0613478e-08,0.00035600757,2.3028159e-08
6592,9.7920765e-09,0.00035061786,2.0695255e-08
6593,9.054662e-09,0.0003374772,1.8496946e-08
6594,8.383974e-09,0.0003247518,1.655785e-08
6595,7.749045e-09,0.00030897863,1.4739997e-08
6596,7.1775292e-09,0.00029469526,1.316573e-08
6597,6.6077868e-09,0.0002761581,1.1612867e-08
6598,6.1059726e-09,0.0002588396,1.0294419e-08
6599,5.6809317e-09,0.0002471607,9.248809e-09
6600,5.36665e-09,0.00023431865,8.4421075e-09
6601,5.0326956e-09,0.00022920508,7.713004e-09
6602,4.7230793e-09,0.00022633742,7.075366e-09
6603,4.436597e-09,0.00022126216,6.4766668e-09
6604,4.1697215e-09,0.00021915318,5.958096e-09
6605,5.8244987e-09,0.00024322352,9.058026e-09
6606,5.468496e-09,0.00023625205,8.272461e-09
6607,5.109127e-09,0.00022528124,7.4706525e-09
6608,4.784354e-09,0.00021554792,6.772307e-09
6609,4.86883e-09,0.00021198831,6.8301764e-09
6610,4.5569277e-09,0.00020190173,6.1801377e-09
6611,4.3046473e-09,0.00019753526,5.6990594e-09
6612,4.0340775e-09,0.0001880844,5.164827e-09
6613,4.8810573e-09,0.00019825011,6.53353e-09
6614,4.617433e-09,0.00019304756,6.027862e-09
6615,4.3736037e-09,0.00018956703,5.5837153e-09
6616,4.1468913e-09,0.00018739424,5.1892313e-09
6617,3.930521e-09,0.00018327398,4.805584e-09
6618,3.720239e-09,0.00017774692,4.432502e-09
6619,3.5196122e-09,0.00017179453,4.082392e-09
6620,3.347361e-09,0.00016981081,3.808279e-09
6621,3.184712e-09,0.00016729817,3.5508714e-09
6622,3.0215863e-09,0.00016228849,3.2856107e-09
6623,2.8777019e-09,0.00015953463,3.065629e-09
6624,3.4037078e-09,0.00016767679,3.7752645e-09
6625,3.2251115e-09,0.00016170376,3.482364e-09
6626,1.3464977e-08,0.00027574893,2.2004471e-08
6627,1.2708206e-08,0.00026428647,2.0168134e-08
6628,1.2857443e-08,0.00026467937,2.0332752e-08
6629,1.2183496e-08,0.00025544522,1.8764952e-08
6630,1.1722185e-08,0.00024991608,1.7746522e-08
6631,1.126338e-08,0.00024415576,1.6746736e-08
6632,2.2196582e-08,0.00031806997,4.0344627e-08
6633,2.1099666e-08,0.0003151653,3.7674614e-08
6634,1.9981334e-08,0.00031085516,3.497616e-08
6635,1.886311e-08,0.00030040546,3.215924e-08
6636,2.9761932e-08,0.00035188833,5.7517244e-08
6637,2.8107177e-08,0.00034189512,5.3002644e-08
6638,2.985395e-08,0.00034879005,5.694678e-08
6639,2.8211426e-08,0.00033875898,5.25142e-08
6640,2.658879e-08,0.0003250928,4.8113343e-08
6641,2.5430381e-08,0.00031836962,4.5115236e-08
6642,3.4635974e-08,0.00036257424,6.722315e-08
6643,3.280463e-08,0.0003551302,6.232335e-08
6644,3.0954475e-08,0.00034213735,5.7252976e-08
6645,2.3926773e-07,0.0007500394,8.108023e-07
6646,3.0852092e-07,0.0008309386,1.1307183e-06
6647,8.004332e-07,0.0012023692,3.9134447e-06
6648,1.7292747e-06,0.0016115187,1.0655141e-05
6649,1.5709315e-06,0.0015133461,9.357837e-06
6650,1.4460908e-06,0.0014386087,8.382568e-06
6651,1.3146155e-06,0.0013541866,7.360804e-06
6652,1.1977424e-06,0.0012762387,6.4792657e-06
6653,1.0951877e-06,0.0012099026,5.7349953e-06
6654,1.6576722e-06,0.0014003448,9.794425e-06
6655,1.5917252e-06,0.0013564277,9.269476e-06
6656,3.953836e-06,0.0019233068,3.029692e-05
6657,3.737362e-06,0.0018850281,2.8455208e-05
6658,3.3648737e-06,0.0017611261,2.4733992e-05
6659,3.0255194e-06,0.001650211,2.1452013e-05
6660,2.7302526e-06,0.0015535033,1.8697183e-05
6661,2.466265e-06,0.0014568521,1.6284808e-05
6662,2.2325644e-06,0.0013664071,1.4210734e-05
6663,2.0320388e-06,0.0012968717,1.2518806e-05
6664,1.8530272e-06,0.0012315632,1.1049743e-05
6665,3.0064057e-06,0.0014731428,2.0704447e-05
6666,2.7440574e-06,0.0013932415,1.8292709e-05
6667,2.4967935e-06,0.0013288144,1.6136304e-05
6668,2.272402e-06,0.0012583744,1.4200542e-05
6669,3.2469434e-06,0.0014336338,2.2569928e-05
6670,3.0212725e-06,0.0013647825,2.045467e-05
6671,5.6982635e-06,0.0017494966,4.6852747e-05
6672,5.319195e-06,0.0016939732,4.3074586e-05
6673,3.721665e-05,0.0035885584,0.00052823004
6674,3.3657547e-05,0.0033142962,0.0004669432
6675,2.869752e-05,0.0029797133,0.00038115593
6676,4.6694284e-05,0.0035157686,0.0007090342
6677,4.5359924e-05,0.0033562963,0.0006875708
6678,4.395494e-05,0.0031638537,0.000660066
6679,3.7147012e-05,0.0028205677,0.0005318539
6680,3.2808115e-05,0.002615123,0.00045598682
6681,9.33165e-05,0.003872047,0.0016663125
6682,8.813692e-05,0.0035361948,0.0015444205
6683,7.246113e-05,0.003076828,0.001212106
6684,6.021857e-05,0.0026863653,0.0009552366
6685,5.002353e-05,0.0024715585,0.00076329015
6686,4.2322405e-05,0.0022340405,0.0006151265
6687,5.2183448e-05,0.0023650648,0.0007984704
6688,5.379266e-05,0.0023532095,0.00083432783
6689,0.00021840508,0.003919114,0.0041338564
6690,0.00015922775,0.0030456842,0.002885842
6691,0.00012371124,0.0025570167,0.00213628
6692,0.00010438865,0.002268825,0.0017357742
6693,8.578071e-05,0.0020062607,0.0013563045
6694,7.2769406e-05,0.0017883366,0.0010946896
6695,7.536912e-05,0.0017231153,0.0011232805
6696,8.2411745e-05,0.0017019772,0.0012323696
6697,6.992966e-05,0.0015601901,0.0009998807
6698,6.107636e-05,0.0014272083,0.00083563616
6699,5.2993142e-05,0.0013211413,0.0006933157
6700,4.6602498e-05,0.0012153797,0.0005823048
6701,5.5424054e-05,0.0012660486,0.0007146216
6702,4.8449074e-05,0.0011590492,0.000594716
6703,4.387923e-05,0.0010924215,0.0005203873
6704,3.8941205e-05,0.0010382872,0.00044493435
6705,3.457228e-05,0.0010028959,0.00038271272
6706,3.1309875e-05,0.000974048,0.00033706863
6707,2.8090857e-05,0.0009352509,0.00029230522
6708,2.5255169e-05,0.0008798222,0.0002522746
6709,4.7448604e-05,0.0011252407,0.00056226243
6710,4.2117998e-05,0.0010577795,0.00047937603
6711,7.273126e-05,0.0012832005,0.0009390685
6712,6.354717e-05,0.0011892332,0.00078572275
6713,0.00023414243,0.0019311735,0.003545491
6714,0.0002038443,0.0017099831,0.003011473
6715,0.00016512902,0.0014815041,0.0023321463
6716,0.00013764606,0.0013195075,0.0018575607
6717,0.00012237066,0.0012277853,0.0016023732
6718,0.00010526286,0.0011237353,0.0013192698
6719,9.160054e-05,0.001050557,0.0011043315
6720,0.00011480521,0.0011275993,0.0014353694
6721,0.0002650131,0.0015372268,0.0036566616
6722,0.00022771416,0.0013676265,0.0030570247
6723,0.00022341916,0.0012856863,0.0029488767
6724,0.00018789813,0.0011732505,0.0024058153
6725,0.00015900377,0.0010497632,0.0019472514
6726,0.00042517393,0.0014888721,0.005389302
6727,0.0028505737,0.0028710025,0.01474329
6728,0.0017770979,0.0019425227,0.01253969
6729,0.0013939057,0.0014698962,0.010913217
6730,0.00083739584,0.0010741038,0.007791621
6731,0.000589155,0.00087589753,0.0057618553
6732,0.0004983528,0.0007548107,0.0047778804
6733,0.00039648113,0.0006658088,0.0037281085
6734,0.0006204464,0.0007670918,0.005636038
6735,0.00048000293,0.000663036,0.004324575
6736,0.00038575023,0.0005981283,0.0034094565
6737,0.00028924807,0.00054702215,0.0025519358
6738,0.00025233274,0.0005153849,0.0021601815
6739,0.0038052665,0.0015043254,0.014692766
6740,0.0033465833,0.0012958659,0.014004909
6741,0.0019426567,0.0009466933,0.011147935
6742,0.0010728145,0.00069536286,0.007697305
6743,0.0007780556,0.00057826657,0.0057690023
6744,0.0014505744,0.00071001233,0.009125219
6745,0.00095522555,0.0005708278,0.006628959
6746,0.00073572487,0.0004884541,0.005119377
6747,0.0005530497,0.0004366998,0.0038681414
6748,0.00046473657,0.00040401446,0.0031725091
6749,0.00041713365,0.00038447115,0.0027797476
6750,0.000649127,0.00045904212,0.0043810946
6751,0.00053411233,0.0004266286,0.0035693194
6752,0.00039143287,0.00038922558,0.002634099
6753,0.00034265168,0.000372401,0.0022476949
6754,0.00028031203,0.0003598259,0.0018218847
6755,0.00023115358,0.00035112302,0.0014903812
6756,0.00018516659,0.00034161028,0.0011906398
6757,0.00016475895,0.0003417798,0.0010453089
6758,0.00015394368,0.00034573814,0.0009677203
6759,0.0001429527,0.00034313698,0.0008822518
6760,0.00012917392,0.00034587426,0.0007879782
6761,0.011230014,0.0022847436,0.016744748
6762,0.025025561,0.005534245,0.017314393
6763,0.020697188,0.010702189,0.01724332
6764,0.014242712,0.014802469,0.017038394
6765,0.0056820624,0.012295087,0.01587896
6766,0.0021403977,0.0075841234,0.012701089
6767,0.00093127135,0.00481953,0.008322136
6768,0.00082288636,0.003992383,0.0074513825
6769,0.0033281995,0.0061942786,0.014442765
6770,0.0017525674,0.004096139,0.011378908
6771,0.00083077804,0.002869476,0.00730607
6772,0.0004472207,0.002258696,0.0044560987
6773,0.00032760153,0.0019538696,0.003276115
6774,0.00026987452,0.0017720929,0.0026418439
6775,0.00018677147,0.0015623565,0.0018450451
6776,0.00013770798,0.0014337014,0.001359999
6777,0.000120043194,0.0013775786,0.0011595805
6778,0.00010707511,0.0013125816,0.0010067809
6779,8.721179e-05,0.0012674693,0.00081335305
6780,0.00024731673,0.0019111157,0.0027940527
6781,0.00053888507,0.0024879493,0.005983994
6782,0.0059410804,0.006003716,0.01624847
6783,0.0022640699,0.0043110033,0.013683357
6784,0.001180358,0.0028225947,0.010267374
6785,0.00061238266,0.001967759,0.006610629
6786,0.00044812995,0.0016021361,0.0048943968
6787,0.00035893382,0.0014202595,0.0039102887
6788,0.00031878415,0.0013495845,0.0035106763
6789,0.00020236058,0.0011686262,0.0022881723
6790,0.0001577125,0.0010874612,0.0017606509
6791,0.0001056364,0.0009835563,0.0011894271
6792,9.127346e-05,0.0009508784,0.0010020038
6793,6.783734e-05,0.0008974893,0.0007416983
6794,5.965451e-05,0.00087696366,0.0006361509
6795,5.318744e-05,0.0008544887,0.00055199274
6796,4.7609996e-05,0.0008350126,0.00048129
6797,4.4615812e-05,0.0008425841,0.00044808097
6798,8.5283646e-05,0.0010637126,0.0009961844
6799,5.4771503e-05,0.0010003443,0.0006478104
6800,3.677752e-05,0.0009197264,0.0004355646
6801,2.8688224e-05,0.0008884197,0.00033523946
6802,1.8840468e-05,0.00082392804,0.00022028938
6803,1.2293001e-05,0.00075975124,0.00014331275
6804,7.954262e-06,0.0007002292,9.2180766e-05
6805,5.917493e-06,0.00066912966,6.710169e-05
6806,4.1141866e-06,0.00062847475,4.5818433e-05
6807,3.3100587e-06,0.0006056882,3.5494777e-05
6808,2.9658627e-06,0.0005759019,3.0353636e-05
6809,2.6957612e-06,0.0005202783,2.5904823e-05
6810,2.9216176e-06,0.00052520575,2.8184559e-05
6811,2.2750366e-06,0.00050810043,2.1343532e-05
6812,1.6226827e-06,0.00048193702,1.49091975e-05
6813,1.2767357e-06,0.00046481742,1.1330151e-05
6814,1.3857469e-06,0.00046575576,1.2299683e-05
6815,1.1915824e-06,0.00043271016,9.926441e-06
6816,1.5763294e-06,0.00045903926,1.38872765e-05
6817,6.2077997e-06,0.00076590054,8.105687e-05
6818,5.5299456e-06,0.0007060214,6.8459274e-05
6819,4.294192e-06,0.000674359,5.123724e-05
6820,3.3411586e-06,0.0006439377,3.8369002e-05
6821,2.815492e-06,0.0005725762,2.9794752e-05
6822,1.9711408e-06,0.0005381353,2.0358411e-05
6823,1.664463e-06,0.0005025458,1.6142672e-05
6824,1.3511789e-06,0.00048258292,1.253534e-05
6825,9.0573275e-07,0.0004499461,8.222631e-06
6826,8.847595e-07,0.00045221957,7.949191e-06
6827,7.729011e-07,0.00041346948,6.4845776e-06
6828,6.510136e-07,0.00039456182,5.1850966e-06
6829,5.44998e-07,0.00038588978,4.2127795e-06
6830,4.5580717e-07,0.00036835278,3.3433025e-06
6831,3.8123483e-07,0.00035293022,2.6594782e-06
6832,3.7436422e-07,0.00035366195,2.5761312e-06
6833,1.3213763e-06,0.000536095,1.2742736e-05
6834,1.088529e-06,0.0005105843,9.971812e-06
6835,9.144072e-07,0.00048274364,7.914705e-06
6836,7.6058205e-07,0.00046158468,6.2636245e-06
6837,6.2781396e-07,0.00044337922,4.937095e-06
6838,5.439076e-07,0.0004441182,4.2638367e-06
6839,1.1208666e-06,0.0005917294,1.0814462e-05
6840,9.562299e-07,0.0005700794,8.855965e-06
6841,3.6217107e-06,0.0009168498,4.8430735e-05
6842,3.877814e-06,0.0009263562,5.2120773e-05
6843,3.291535e-06,0.0008298789,4.09785e-05
6844,3.270981e-06,0.00076695374,3.908862e-05
6845,9.078713e-06,0.0010795424,0.00014240095
6846,1.0735472e-05,0.0010935877,0.0001716807
6847,1.2427858e-05,0.0010974344,0.00020210036
6848,1.2114038e-05,0.0010335135,0.00019021994
6849,1.0085522e-05,0.00091639423,0.00014616472
6850,2.4925888e-05,0.0012733444,0.0004600395
6851,2.0416013e-05,0.0011416398,0.00035037813
6852,1.4704542e-05,0.0010572957,0.00024389668
6853,1.229353e-05,0.0010326972,0.00020280882
6854,8.639154e-06,0.000952039,0.00013749077
6855,6.355465e-06,0.0008848388,9.6769916e-05
6856,2.4902572e-05,0.0014342,0.0005432792
6857,1.9434352e-05,0.001189009,0.00038046396
6858,1.5570859e-05,0.0010024048,0.00027536487
6859,2.0568275e-05,0.0010491798,0.00038088625
6860,1.6580154e-05,0.00089100056,0.00027808174
6861,1.2612898e-05,0.0008345293,0.00020221891
6862,1.4050596e-05,0.00085080654,0.00022785975
6863,1.1391581e-05,0.00079439237,0.0001742526
6864,8.154835e-06,0.00074117584,0.00012048501
6865,6.299567e-06,0.00069827464,8.871683e-05
6866,5.0542862e-06,0.0006568962,6.730441e-05
6867,4.2038714e-06,0.00060348224,5.214437e-05
6868,3.606227e-06,0.00059620966,4.40991e-05
6869,4.7905764e-06,0.0006524556,6.242635e-05
6870,4.231074e-06,0.00062923227,5.3028725e-05
6871,4.7156636e-06,0.00066056795,6.0644987e-05
6872,3.7998825e-06,0.0006258755,4.6402678e-05
6873,3.0711153e-06,0.0005940962,3.5629735e-05
6874,3.1535071e-06,0.00060660695,3.6718215e-05
6875,2.894036e-06,0.00056379574,3.1948446e-05
6876,4.903258e-06,0.00064524123,6.0894185e-05
6877,4.154025e-06,0.0005678479,4.748504e-05
6878,4.166303e-06,0.0005414376,4.6237008e-05
6879,6.9386715e-06,0.00062803517,8.678168e-05
6880,9.249293e-06,0.0006747012,0.0001224769
6881,7.747584e-06,0.0006412509,9.746325e-05
6882,6.3444872e-06,0.0006164289,7.648471e-05
6883,6.681165e-06,0.00061086967,7.994321e-05
6884,6.997103e-06,0.0006305068,8.458168e-05
6885,7.3878564e-06,0.0006642574,9.156324e-05
6886,6.300817e-06,0.00059893064,7.2576055e-05
6887,5.642621e-06,0.0005893162,6.3206935e-05
6888,5.528686e-06,0.0005745924,6.0467097e-05
6889,6.219424e-06,0.00058769895,6.902688e-05
6890,6.8563722e-06,0.00057709846,7.59255e-05
6891,6.832995e-06,0.00057223503,7.4567455e-05
6892,5.9450977e-06,0.00054364715,6.16922e-05
6893,5.886131e-06,0.0005308138,5.979096e-05
6894,5.685173e-06,0.0005003589,5.5649994e-05
6895,5.838941e-06,0.0004886818,5.6442463e-05
6896,5.155462e-06,0.0004595575,4.7284902e-05
6897,4.450888e-06,0.0004523163,3.9521743e-05
6898,3.7170676e-06,0.00044675436,3.216023e-05
6899,4.5805273e-06,0.00049834716,4.2262887e-05
6900,4.9952487e-06,0.00049928966,4.6264457e-05
6901,5.469634e-06,0.00049632415,5.076511e-05
6902,4.85026e-06,0.00047507652,4.3039567e-05
6903,4.3138634e-06,0.00044741813,3.6397774e-05
6904,3.9750967e-06,0.00042562533,3.2187814e-05
6905,3.2743014e-06,0.00042359182,2.619934e-05
6906,2.6969285e-06,0.00041921876,2.1126614e-05
6907,2.353442e-06,0.00042217126,1.823595e-05
6908,1.9812119e-06,0.00041881466,1.5010203e-05
6909,1.6855475e-06,0.0004140416,1.2417004e-05
6910,1.3873919e-06,0.0004086305,9.982933e-06
6911,1.0119326e-06,0.00039263736,7.185962e-06
6912,7.9983033e-07,0.00038371162,5.54965e-06
6913,7.045323e-07,0.00037807925,4.738328e-06
6914,6.1879086e-07,0.0003690306,4.007558e-06
6915,6.8299266e-07,0.00036392754,4.4204808e-06
6916,6.4433243e-07,0.0003417189,4.0046393e-06
6917,5.622705e-07,0.00033505136,3.370824e-06
6918,4.5012635e-07,0.00032930303,2.6413352e-06
6919,3.9804573e-07,0.0003065114,2.2052484e-06
6920,3.5420257e-07,0.00029320954,1.8729611e-06
6921,3.1510794e-07,0.00028462557,1.6001387e-06
6922,2.61642e-07,0.0002821758,1.298893e-06
6923,2.260146e-07,0.00027941112,1.0893831e-06
6924,2.014948e-07,0.00027082762,9.322659e-07
6925,1.8032216e-07,0.00025541685,7.9313884e-07
6926,6.1880445e-07,0.0003960692,3.846036e-06
6927,2.3370062e-06,0.0006343656,2.1065247e-05
6928,2.1049627e-06,0.00057993334,1.7896926e-05
6929,1.9418285e-06,0.00055156706,1.5844053e-05
6930,1.6537849e-06,0.0005408823,1.3068159e-05
6931,1.4011266e-06,0.00053083687,1.0734739e-05
6932,1.2083719e-06,0.00051927747,8.941604e-06
6933,1.025162e-06,0.0005099527,7.356882e-06
6934,9.065406e-07,0.0004846843,6.1990777e-06
6935,7.958549e-07,0.0004721395,5.241214e-06
6936,7.676716e-07,0.00045437328,4.9066084e-06
6937,1.2387915e-06,0.0005388754,9.043161e-06
6938,4.8152656e-06,0.0009056148,5.232567e-05
6939,6.6576995e-06,0.0010152796,7.916455e-05
6940,6.1877013e-06,0.00094661984,7.061599e-05
6941,5.68249e-06,0.0008987276,6.268769e-05
6942,5.4913044e-06,0.0008676779,5.9333066e-05
6943,0.0034877502,0.010492254,0.016418219
6944,0.0012085651,0.005350554,0.013768637
6945,0.0005670248,0.00301433,0.009707774
6946,0.0003316243,0.0019989316,0.0063514644
6947,0.0002223602,0.0015256963,0.0042653116
6948,0.00016363792,0.0012576807,0.0030198062
6949,0.00012529167,0.0010978554,0.0022147722
6950,9.992141e-05,0.0009848512,0.0016827595
6951,8.2412065e-05,0.00089015515,0.0013144468
6952,7.155484e-05,0.0007961582,0.0010762993
6953,6.598661e-05,0.0007589564,0.0009649456
6954,5.9368114e-05,0.00071125006,0.00083521334
6955,5.0764895e-05,0.0006775333,0.00068524183
6956,4.3346245e-05,0.0006532196,0.0005641127
6957,3.7813064e-05,0.0006235557,0.00047165964
6958,3.324363e-05,0.0005946851,0.0003972116
6959,2.9195005e-05,0.00057624327,0.00033623297
6960,2.5567566e-05,0.00056336535,0.00028492854
6961,2.249232e-05,0.0005514665,0.00024262155
6962,1.9680801e-05,0.00054334843,0.00020616975
6963,1.7479319e-05,0.0005313641,0.000177118
6964,1.5584475e-05,0.0005196157,0.00015275691
6965,1.4010652e-05,0.0005010003,0.00013217053
6966,1.2927052e-05,0.0004762536,0.000117291325
6967,2.4535682e-05,0.0006041504,0.00026484244
6968,2.1956572e-05,0.00057644316,0.00022740192
6969,1.959613e-05,0.0005634964,0.00019649469
6970,1.763287e-05,0.000543907,0.00017040578
6971,1.5918878e-05,0.00052360736,0.00014817547
6972,1.4384322e-05,0.0005104294,0.00012955841
6973,1.3025943e-05,0.000498342,0.000113614115
6974,1.1806205e-05,0.0004707794,9.8628225e-05
6975,1.07500355e-05,0.0004490147,8.633076e-05
6976,9.826181e-06,0.00043511364,7.629124e-05
6977,9.16857e-06,0.00041571422,6.878872e-05
6978,8.415327e-06,0.00040359693,6.1116894e-05
6979,7.737278e-06,0.00039340858,5.448227e-05
6980,7.116376e-06,0.00038728924,4.875658e-05
6981,6.5623926e-06,0.0003769129,4.3594002e-05
6982,6.057474e-06,0.00036444038,3.8945018e-05
6983,5.597767e-06,0.0003594701,3.506691e-05
6984,5.2988394e-06,0.00034730442,3.2268235e-05
6985,4.911681e-06,0.00034248628,2.9156048e-05
6986,4.560697e-06,0.00033420327,2.6307898e-05
6987,4.23913e-06,0.00032522294,2.3747565e-05
6988,3.940733e-06,0.0003143045,2.1396629e-05
6989,2.1838292e-05,0.00060069317,0.00019341779
6990,2.0602189e-05,0.00058790477,0.00017890426
6991,1.8847544e-05,0.0005736152,0.0001589788
6992,1.7258837e-05,0.00054791925,0.00014046041
6993,1.5924677e-05,0.0005248123,0.0001253858
6994,0.00018217693,0.0013588122,0.0025657634
6995,0.00015087653,0.0011864826,0.0020210901
6996,0.00012821246,0.0010773076,0.0016438036
6997,0.00014359076,0.0010818827,0.0018430885
6998,0.0012953472,0.0024543917,0.011795084
6999,0.0007828628,0.001652129,0.008601686
7000,0.0005360875,0.0012430889,0.0062014046
7001,0.00040197454,0.0010128217,0.0046154554
7002,0.00031987054,0.0008679288,0.0035657499
7003,0.002656234,0.0019166686,0.014098108
7004,0.0018350515,0.0013754943,0.012121101
7005,0.0011630744,0.00096323143,0.009197821
7006,0.00081613206,0.0007367362,0.006846427
7007,0.00062165334,0.0006038173,0.0052140336
7008,0.00049907266,0.0005255755,0.0041007465
7009,0.0004166339,0.00047191302,0.0033227818
7010,0.00050846,0.0004988955,0.0040140375
7011,0.008531909,0.0015601309,0.01637365
7012,0.0059665223,0.0014195727,0.015509019
7013,0.0035410472,0.0010856296,0.013466964
7014,0.0021859484,0.0008248807,0.010707261
7015,0.0014805506,0.0006525426,0.008140674
7016,0.0010801005,0.0005486527,0.006179212
7017,0.002519999,0.0007406946,0.010916073
7018,0.0017117935,0.00059411203,0.008363148
7019,0.0012847804,0.00050053507,0.0064908294
7020,0.0013201636,0.0004691766,0.006454377
7021,0.0011662922,0.00041500744,0.0056193178
7022,0.0009520256,0.00037046042,0.0045229266
7023,0.00079557317,0.00034450495,0.0037103803
7024,0.00068352703,0.00033084818,0.0031413226
7025,0.00059458707,0.0003183566,0.0026746949
7026,0.000529976,0.00030794798,0.0023289346
7027,0.0004805428,0.00029538918,0.0020604837
7028,0.00043349265,0.00029140865,0.0018238375
7029,0.00039673684,0.0002877412,0.0016373202
7030,0.0028522601,0.000650426,0.010381634
7031,0.0025455689,0.0005985011,0.009452084
7032,0.0018117155,0.00050936756,0.007221227
7033,0.0015297484,0.00046709474,0.0061219684
7034,0.0012982809,0.00043319017,0.0051640114
7035,0.0010395589,0.00040179433,0.00411262
7036,0.00087328145,0.0003821063,0.003404216
7037,0.00075547484,0.00036753205,0.002886386
7038,0.0006567406,0.0003580919,0.002465468
7039,0.0006043769,0.00035718762,0.0022421798
7040,0.0011266366,0.00047040946,0.0044016703
7041,0.0009659002,0.0004391277,0.0036997043
7042,0.0008153688,0.00042024715,0.003074071
7043,0.0007060297,0.00040747752,0.0026145806
7044,0.00063106354,0.000395862,0.0022877632
7045,0.0006047804,0.00040369036,0.002190654
7046,0.00063617463,0.0004186337,0.002313241
7047,0.00056153355,0.00041226842,0.0020100002
7048,0.0004993091,0.00040847962,0.001762067
7049,0.00044501846,0.00040658264,0.0015514351
7050,0.00040046836,0.00040642224,0.0013802666
7051,0.0003703229,0.0004062987,0.0012591054
7052,0.0003383164,0.00040841755,0.0011386354
7053,0.0017388082,0.0008089728,0.0066823754
7054,0.0058724037,0.0013361626,0.0135265915
7055,0.003630099,0.0011363641,0.010763498
7056,0.002234103,0.00093937747,0.007789305
7057,0.0014871962,0.0008034686,0.0055589587
7058,0.0011446855,0.00073130755,0.0043055173
7059,0.00088105607,0.0006743975,0.003322933
7060,0.0007141724,0.0006395471,0.0026752695
7061,0.00062582106,0.00062126847,0.002303402
7062,0.0005512483,0.00060847466,0.0019977551
7063,0.00053006975,0.0006124275,0.0019085014
7064,0.00046356814,0.00060332246,0.0016506659
7065,0.00042038783,0.00059837964,0.0014762644
7066,0.00038032,0.00059590815,0.0013201984
7067,0.00034542804,0.0005952389,0.0011867221
7068,0.00076191593,0.00083354244,0.0030044399
7069,0.00072173995,0.000800292,0.0028021724
7070,0.0007003465,0.00079961255,0.0026987884
7071,0.0006046419,0.0007744019,0.0022996198
7072,0.002577939,0.0014093688,0.009036536
7073,0.015551853,0.0033816972,0.016615827
7074,0.010823134,0.0041975384,0.015823131
7075,0.006095849,0.0038885286,0.013726126
7076,0.0034249467,0.0031062523,0.010590881
7077,0.0021978936,0.002510595,0.0078070904
7078,0.003765267,0.0030455496,0.010969821
7079,0.0052050725,0.0033463542,0.012633029
7080,0.0029308693,0.0026847338,0.009289615
7081,0.0018207404,0.0021881117,0.0065119513
7082,0.0013114479,0.001897745,0.0048564887
7083,0.0009677535,0.0016848216,0.0036297678
7084,0.0007767659,0.0015619495,0.002895627
7085,0.0006086377,0.0014470649,0.002266443
7086,0.0010499167,0.0018138258,0.0041243522
7087,0.0007898221,0.001630374,0.0031219614
7088,0.0005954809,0.0014828745,0.0023643987
7089,0.00048322644,0.0013991783,0.0019095523
7090,0.00046598705,0.0014046304,0.0018467647
7091,0.0013030813,0.0021400503,0.005562566
7092,0.0013259609,0.0020966532,0.0055986103
7093,0.0010700376,0.0018452747,0.004502597
7094,0.0008929824,0.0017089754,0.0037476001
7095,0.00073168037,0.0015875361,0.0030498123
7096,0.0006207855,0.0014965102,0.0025482033
7097,0.0005392638,0.0014273081,0.002177198
7098,0.0004332097,0.0013447216,0.0017441285
7099,0.00047421348,0.0014265344,0.0019663752
7100,0.0006573671,0.0016497076,0.0028776096
7101,0.0005754566,0.0015681684,0.0024837398
7102,0.0019266373,0.002468828,0.007936092
7103,0.0013918382,0.0020666197,0.005984667
7104,0.00094619277,0.0017512832,0.00423601
7105,0.0007092635,0.0015661377,0.0031971505
7106,0.00052148895,0.0014117811,0.0023704928
7107,0.00079648,0.001694529,0.0037995572
7108,0.0006064112,0.001530507,0.0029008486
7109,0.0005027388,0.001439487,0.0023782586
7110,0.00038462333,0.0013263999,0.0018236213
7111,0.0003232467,0.0012756682,0.0015214352
7112,0.00023957447,0.0011906425,0.0011370417
7113,0.00022024357,0.0011718695,0.0010328972
7114,0.00021767076,0.0012132844,0.0010501159
7115,0.00027897477,0.0013623085,0.0014318738
7116,0.00027960274,0.0013705038,0.0014405206
7117,0.00026231998,0.0013444824,0.0013387519
7118,0.00023169316,0.0013159743,0.0011702785
7119,0.0009574952,0.002322791,0.00557198
7120,0.0009429286,0.0021655713,0.0054066377
7121,0.00070908794,0.0018842244,0.004101186
7122,0.0004897878,0.001632883,0.0028940896
7123,0.0004087946,0.0015291262,0.002381895
7124,0.00038777653,0.0014959701,0.0022437875
7125,0.00032490565,0.0014228588,0.0018592394
7126,0.00028036343,0.0013715642,0.0015839372
7127,0.00024696166,0.0013328386,0.0013766366
7128,0.00021842618,0.0013026992,0.0012032674
7129,0.00019321805,0.0012789723,0.0010538446
7130,0.00017279513,0.0012609442,0.00093329634
7131,0.00015671818,0.0012460081,0.0008377717
7132,0.00013997334,0.0012349732,0.0007429663
7133,0.00012820728,0.0012334792,0.0006776227
7134,0.000121648525,0.0012639536,0.0006861731
7135,0.0001080069,0.0012550115,0.0006058321
7136,9.975779e-05,0.0012434444,0.00055390416
7137,6.986019e-05,0.0011853337,0.00039386252
7138,4.9445985e-05,0.0011260913,0.00028257692
7139,3.973615e-05,0.001094201,0.00022798117
7140,6.238381e-05,0.0013549328,0.00041334043
7141,5.7012647e-05,0.001346473,0.00037408856
7142,3.9984418e-05,0.0012677804,0.00026554317
7143,2.975688e-05,0.0011969199,0.00019883897
7144,2.3905923e-05,0.0011664149,0.00015999787
7145,1.8830035e-05,0.0011305977,0.0001296462
7146,1.7383889e-05,0.0011220364,0.000117998105
7147,1.9931122e-05,0.0011977182,0.00014139825
7148,2.1441196e-05,0.0012261792,0.00015529807
7149,1.9216579e-05,0.0012257464,0.00013787804
7150,1.4651388e-05,0.0011741056,0.000105380466
7151,1.1108882e-05,0.0011241938,8.0053665e-05
7152,8.019218e-06,0.0010590233,5.7992624e-05
7153,5.719013e-06,0.0009954142,4.1474203e-05
7154,4.5239717e-06,0.0009704315,3.2646243e-05
7155,3.6776858e-06,0.00095362286,2.6326004e-05
7156,3.2754633e-06,0.00094654004,2.2994791e-05
7157,2.955425e-06,0.00093368767,2.0275502e-05
7158,2.4748074e-06,0.0009239052,1.6784847e-05
7159,2.1861454e-06,0.0009177022,1.4550854e-05
7160,1.9778213e-06,0.0009008631,1.2831074e-05
7161,1.7853546e-06,0.0008878074,1.1308095e-05
7162,1.6254209e-06,0.0008640761,1.0002644e-05
7163,1.3458472e-06,0.00085315737,8.194631e-06
7164,1.2219754e-06,0.0008342579,7.2375783e-06
7165,1.1135323e-06,0.00081015547,6.3998623e-06
7166,9.76673e-07,0.0008068535,5.519258e-06
7167,8.910424e-07,0.0007825588,4.8836746e-06
7168,8.1349464e-07,0.00076272665,4.332325e-06
7169,7.431365e-07,0.0007457278,3.8502076e-06
7170,6.8085507e-07,0.0007193751,3.4161906e-06
7171,6.229884e-07,0.00068295316,3.01084e-06
7172,5.791511e-07,0.0006540913,2.7106723e-06
7173,6.262987e-07,0.00065518665,2.957165e-06
7174,7.1691517e-07,0.0006841434,3.4944337e-06
7175,6.552403e-07,0.00067804556,3.124878e-06
7176,5.324464e-07,0.0006690672,2.5346383e-06
7177,4.81137e-07,0.00066601683,2.2445536e-06
7178,5.301745e-07,0.00068089436,2.518708e-06
7179,6.8413283e-07,0.00073273334,3.4593302e-06
7180,5.9841784e-07,0.0007314663,2.9809994e-06
7181,4.2928164e-07,0.00069214404,2.1370558e-06
7182,3.708011e-07,0.0006882442,1.814873e-06
7183,2.566279e-07,0.0006447037,1.2550088e-06
7184,2.2725911e-07,0.00063621835,1.0825493e-06
7185,1.8919452e-07,0.00062749063,8.8607044e-07
7186,1.6595739e-07,0.0006199193,7.57933e-07
7187,1.4675965e-07,0.0006112251,6.524366e-07
7188,5.851743e-07,0.0010045179,3.849694e-06
7189,8.3818367e-07,0.0010978618,6.004487e-06
7190,7.37101e-07,0.0010579799,5.09174e-06
7191,6.469504e-07,0.0010419657,4.376172e-06
7192,6.0716064e-07,0.0009810321,3.9710017e-06
7193,5.795788e-07,0.000923192,3.663493e-06
7194,5.3028464e-07,0.00088120013,3.2310954e-06
7195,1.5637407e-06,0.0013863745,1.3356295e-05
7196,3.9439624e-06,0.0019089072,4.361341e-05
7197,1.0970785e-05,0.0027010827,0.00016092682
7198,9.4587e-06,0.0025397916,0.0001340764
7199,7.9529955e-06,0.0022933225,0.000106401574
7200,6.6887687e-06,0.002141703,8.558212e-05
7201,4.2127076e-06,0.0019077054,5.3399905e-05
7202,2.9735256e-06,0.0017545797,3.681275e-05
7203,2.1841283e-06,0.0016287398,2.621546e-05
7204,1.4259047e-06,0.0014688268,1.6736947e-05
7205,1.2538812e-06,0.0013646929,1.3978189e-05
7206,1.2867426e-06,0.0012740049,1.3949999e-05
7207,1.0477382e-06,0.0011946837,1.0786499e-05
7208,8.305054e-07,0.0011256374,8.176405e-06
7209,7.2464735e-07,0.0009913825,6.6244006e-06
7210,8.2598837e-07,0.0010062082,7.679511e-06
7211,6.907528e-07,0.0009479407,6.0928473e-06
7212,6.505965e-07,0.0009423174,5.6684507e-06
7213,5.9085875e-07,0.0008684797,4.8767974e-06
7214,4.935454e-07,0.0008425128,3.9633724e-06
7215,6.90257e-07,0.000988918,6.226133e-06
7216,6.4132126e-07,0.00095862045,5.6198774e-06
7217,5.4655055e-07,0.0008665414,4.460633e-06
7218,5.473387e-07,0.00085062423,4.398023e-06
7219,2.1392877e-06,0.0013598868,2.502109e-05
7220,2.460099e-06,0.0013746074,2.933499e-05
7221,2.8863328e-06,0.0014312328,3.5623427e-05
7222,3.919197e-06,0.0014971474,5.127286e-05
7223,3.90935e-06,0.0015089901,5.1410163e-05
7224,3.0487147e-06,0.0014169229,3.8477596e-05
7225,2.625626e-06,0.0013237881,3.1481886e-05
7226,2.5641377e-06,0.0012566261,2.9859868e-05
7227,2.8821466e-06,0.0012795858,3.418362e-05
7228,2.4512797e-06,0.0011347784,2.696152e-05
7229,2.086303e-06,0.0010525143,2.1634967e-05
7230,1.7867596e-06,0.0010390407,1.841506e-05
7231,1.449902e-06,0.0009917534,1.4353549e-05
7232,1.2261123e-06,0.00093556975,1.1522533e-05
7233,1.021103e-06,0.0008936026,9.18201e-06
7234,8.762218e-07,0.00082895864,7.4206177e-06
7235,7.851741e-07,0.0007484145,6.2418844e-06
7236,1.821366e-06,0.00096933584,1.8001998e-05
7237,1.6217823e-06,0.00090303976,1.5214888e-05
7238,2.0129255e-06,0.0009912688,2.0103944e-05
7239,5.3125195e-06,0.00137273,6.889074e-05
7240,4.6564896e-06,0.0012619741,5.7082045e-05
7241,5.5970045e-06,0.001291561,7.097082e-05
7242,4.656858e-06,0.0012253912,5.6453566e-05
7243,3.9792453e-06,0.0011840815,4.67557e-05
7244,3.3885271e-06,0.0010662324,3.7137423e-05
7245,2.7991566e-06,0.0010234948,2.9527966e-05
7246,2.4100893e-06,0.0009494197,2.3991404e-05
7247,2.0644973e-06,0.00084629765,1.909682e-05
7248,1.7982209e-06,0.00079490995,1.5782947e-05
7249,2.7885478e-06,0.0008962054,2.7163973e-05
7250,3.9200977e-06,0.0009983402,4.154495e-05
7251,1.7009823e-05,0.0016754443,0.0002690562
7252,1.4701262e-05,0.001571069,0.00022243067
7253,1.2416217e-05,0.001424501,0.00017633649
7254,1.0916949e-05,0.0013482152,0.00014872929
7255,1.401401e-05,0.0014075446,0.00020022804
7256,1.45403e-05,0.001345558,0.00020469973
7257,1.2324232e-05,0.0012710238,0.00016568614
7258,9.477974e-06,0.0012089979,0.00012413444
7259,8.203552e-06,0.0011988557,0.000107291235
7260,1.4365774e-05,0.0014276177,0.00021601084
7261,1.2352133e-05,0.0013390058,0.00017706532
7262,1.947654e-05,0.0015459538,0.00031200188
7263,2.309022e-05,0.0016293364,0.0003846723
7264,2.545428e-05,0.0015984249,0.00042509113
7265,2.3236758e-05,0.0014536094,0.00036930345
7266,2.1963018e-05,0.0013990039,0.000340427
7267,2.233887e-05,0.0013682095,0.00034265747
7268,1.885006e-05,0.0012808142,0.0002751667
7269,1.5503789e-05,0.0012222555,0.00021792472
7270,1.3107977e-05,0.0011906113,0.0001804856
7271,2.3429306e-05,0.0014625612,0.00037462302
7272,1.8929019e-05,0.0013817573,0.00029086103
7273,1.5330223e-05,0.0013102732,0.00022649662
7274,1.2724808e-05,0.0012412708,0.00017986527
7275,1.0974008e-05,0.0011894385,0.00014942531
7276,9.38284e-06,0.001090894,0.00012020486
7277,8.729054e-06,0.0010190227,0.000107198386
7278,7.75479e-06,0.00092568557,8.97394e-05
7279,6.737878e-06,0.0008513236,7.3476636e-05
7280,5.6707822e-06,0.00082846545,5.9858878e-05
7281,4.3134564e-06,0.0007954166,4.4625827e-05
7282,3.3616375e-06,0.00076709845,3.3935587e-05
7283,2.8780105e-06,0.0007386244,2.7853424e-05
7284,7.664465e-06,0.0010333412,9.6829e-05
7285,2.4111043e-05,0.0015258515,0.00041076986
7286,2.2179067e-05,0.0014010745,0.00036073028
7287,1.816108e-05,0.0013169042,0.00028205602
7288,1.4475914e-05,0.0012525091,0.00021762266
7289,1.1713936e-05,0.0011879368,0.00016893487
7290,9.786204e-06,0.0011202223,0.00013432467
7291,8.352586e-06,0.0010421139,0.000108364264
7292,7.1398645e-06,0.0009728561,8.762968e-05
7293,7.1454624e-06,0.0009549257,8.643048e-05
7294,7.0590013e-06,0.00090793055,8.303135e-05
7295,6.4285214e-06,0.00085759896,7.24197e-05
7296,7.4503882e-06,0.00087388814,8.5726446e-05
7297,1.0539361e-05,0.0009858042,0.000133203
7298,9.069128e-06,0.0008830855,0.000106991254
7299,7.863652e-06,0.0008407315,8.859447e-05
7300,6.8040063e-06,0.0007560544,7.161876e-05
7301,5.9492368e-06,0.0006911591,5.8902697e-05
7302,5.252559e-06,0.0006457406,4.9338803e-05
7303,5.8648034e-06,0.0006694063,5.6601093e-05
7304,2.1861584e-05,0.0010816547,0.00030323947
7305,1.9590165e-05,0.0010081572,0.0002602127
7306,1.7000622e-05,0.00093218725,0.00021367313
7307,1.4817463e-05,0.0008577819,0.00017591723
7308,1.3088024e-05,0.000787961,0.00014710503
7309,1.1686713e-05,0.00072952337,0.00012487313
7310,5.8195903e-05,0.0013457788,0.0009518185
7311,4.8906524e-05,0.0011939761,0.0007498653
7312,4.0103045e-05,0.0011357905,0.0005939897
7313,3.3758515e-05,0.0010821517,0.00048100812
7314,2.8100443e-05,0.0010402704,0.00038717734
7315,2.4297446e-05,0.00094694085,0.00031543963
7316,2.1880574e-05,0.000886978,0.00027247568
7317,1.9058014e-05,0.0008533491,0.00022830248
7318,1.6472199e-05,0.0008299161,0.00019082465
7319,1.4520112e-05,0.0007712484,0.00015967038
7320,1.2796117e-05,0.00074740016,0.0001357044
7321,1.1236091e-05,0.00072991266,0.0001153267
7322,9.883936e-06,0.000713897,9.824454e-05
7323,9.051135e-06,0.0006770833,8.6703156e-05
7324,8.059021e-06,0.0006254949,7.319904e-05
7325,7.191708e-06,0.00061253546,6.327534e-05
7326,6.610013e-06,0.000582314,5.6082208e-05
7327,5.919056e-06,0.0005723806,4.8730344e-05
7328,5.3106146e-06,0.00056280044,4.2434538e-05
7329,4.806715e-06,0.0005430508,3.702299e-05
7330,4.359213e-06,0.0005258073,3.241368e-05
7331,3.9567326e-06,0.00051287183,2.848364e-05
7332,3.5972764e-06,0.00050087785,2.5087993e-05
7333,3.2765158e-06,0.0004891847,2.2143535e-05
7334,2.9921996e-06,0.00047492085,1.9560533e-05
7335,2.7362028e-06,0.00046320437,1.7333927e-05
7336,2.4965505e-06,0.00045738468,1.5397092e-05
7337,2.2863003e-06,0.00043719442,1.3577592e-05
7338,2.0970183e-06,0.00041326304,1.1960304e-05
7339,1.9455356e-06,0.0003948293,1.07240885e-05
7340,2.842084e-06,0.00045282757,1.7388227e-05
7341,3.2797202e-06,0.00047467448,2.0780506e-05
7342,3.218067e-06,0.00046781098,2.0073843e-05
7343,2.958431e-06,0.00044958477,1.7821307e-05
7344,3.0219385e-06,0.0004541294,1.8269668e-05
7345,2.880638e-06,0.0004446738,1.7087237e-05
7346,2.6490477e-06,0.0004236471,1.5136464e-05
7347,3.8104922e-06,0.0004908874,2.424379e-05
7348,3.5106016e-06,0.00046685798,2.153021e-05
7349,3.239728e-06,0.0004526485,1.9260024e-05
7350,2.9855958e-06,0.00043234968,1.7122664e-05
7351,2.7526798e-06,0.000411634,1.5216331e-05
7352,2.5523475e-06,0.00040496464,1.3752138e-05
7353,2.366032e-06,0.0003900005,1.2342465e-05
7354,2.2206166e-06,0.00037530146,1.1245583e-05
7355,2.0598761e-06,0.00035911897,1.0082059e-05
7356,1.9217728e-06,0.00034646533,9.122811e-06
7357,2.0577086e-06,0.00035941822,9.928632e-06
7358,1.955364e-06,0.0003515149,9.242272e-06
7359,1.8255812e-06,0.0003412037,8.386568e-06
7360,1.7058869e-06,0.00033089123,7.616112e-06
7361,1.5965547e-06,0.00032820602,6.9782077e-06
7362,1.6446018e-06,0.00033750196,7.2388516e-06
7363,1.5970481e-06,0.00033301534,6.9318194e-06
7364,1.4969852e-06,0.0003246062,6.3291686e-06
7365,1.4048594e-06,0.00031702936,5.7905936e-06
7366,1.3183554e-06,0.00030797996,5.289631e-06
7367,1.238658e-06,0.0002996409,4.8411544e-06
7368,1.2657209e-06,0.00030527706,4.9812456e-06
7369,1.1917427e-06,0.0003011512,4.5894626e-06
7370,1.1214537e-06,0.0002932464,4.2097763e-06
7371,1.0570386e-06,0.0002914763,3.8930357e-06
7372,9.974862e-07,0.00028743007,3.5963578e-06
7373,9.4139443e-07,0.00028143148,3.3159836e-06
7374,8.8961514e-07,0.00027321273,3.0560211e-06
7375,8.407663e-07,0.0002673049,2.8220484e-06
7376,7.94399e-07,0.0002602872,2.6018274e-06
7377,2.29193e-06,0.0003886757,1.0202574e-05
7378,2.2543302e-06,0.00038691057,9.9335575e-06
7379,2.5007155e-06,0.0004057444,1.1384102e-05
7380,3.8950284e-06,0.00048144863,2.0270694e-05
7381,5.6260315e-06,0.0005537565,3.273809e-05
7382,5.536699e-06,0.00055367075,3.2150256e-05
7383,5.569331e-05,0.0013466851,0.00062448357
7384,6.830411e-05,0.0014298501,0.00080069684
7385,6.0402323e-05,0.0013362969,0.0006818163
7386,5.3771768e-05,0.0012571248,0.0005854171
7387,4.8107584e-05,0.0011812784,0.0005048063
7388,4.3284752e-05,0.0011232642,0.0004393548
7389,5.0994502e-05,0.0011810125,0.00053759204
7390,4.777455e-05,0.0011321683,0.0004913655
7391,4.3090164e-05,0.0010765429,0.00042870422
7392,3.8994047e-05,0.0010207562,0.00037491022
7393,3.594038e-05,0.0009804672,0.00033654433
7394,3.2753025e-05,0.0009429784,0.00029772872
7395,2.9962528e-05,0.0009022311,0.00026404386
7396,2.7439848e-05,0.00086502446,0.00023453565
7397,2.527088e-05,0.0008291087,0.00020970676
7398,0.00012073794,0.0015180967,0.0014825617
7399,0.00012047117,0.0014760612,0.0014662745
7400,0.00035454478,0.0021965513,0.004740817
7401,0.0005811618,0.0024119455,0.0071491892
7402,0.00041302905,0.0018490097,0.0051539456
7403,0.00031750218,0.0015133533,0.0038660064
7404,0.0002559524,0.0013169236,0.0030169683
7405,0.00021334866,0.0011778235,0.002424048
7406,0.00018234427,0.0010598396,0.0019884622
7407,0.00015817113,0.0009856629,0.0016655884
7408,0.00013918985,0.0009191902,0.0014138493
7409,0.00032032825,0.0012462098,0.003601898
7410,0.0007014219,0.0015784256,0.007257718
7411,0.00069362303,0.0013801261,0.006973037
7412,0.0005138983,0.0011029181,0.0051984787
7413,0.00040581395,0.0009357514,0.004016574
7414,0.00033472732,0.00081932766,0.0032031247
7415,0.00028878867,0.00074459973,0.0026722483
7416,0.0003024556,0.00073816936,0.0027694665
7417,0.0003928371,0.0007897185,0.0035991052
7418,0.00054384535,0.0008522004,0.004882888
7419,0.00045254655,0.00074665423,0.0039654193
7420,0.000488849,0.0007319674,0.004185
7421,0.0010588224,0.00093081343,0.008028036
7422,0.00078172196,0.00074134424,0.006077536
7423,0.00061175384,0.00063307816,0.004717517
7424,0.0014126492,0.000846182,0.009118258
7425,0.0021278097,0.0008993136,0.011186362
7426,0.0014252939,0.00068870327,0.008538026
7427,0.0010446733,0.0005610538,0.0065096603
7428,0.0013546858,0.000604862,0.007859494
7429,0.0010193703,0.00050366996,0.0060470547
7430,0.000806415,0.0004436618,0.004758158
7431,0.00066046516,0.0004056947,0.003834255
7432,0.0005576409,0.00038005103,0.003168767
7433,0.00048279818,0.0003617067,0.0026795196
7434,0.00042066138,0.00034985977,0.0022867543
7435,0.00037180583,0.0003416606,0.0019810065
7436,0.00045160615,0.00037725247,0.0024708568
7437,0.005665223,0.0010545632,0.014676326
7438,0.0037749705,0.0008773508,0.012703498
7439,0.022121511,0.0022807615,0.017180474
7440,0.014777221,0.003604317,0.016784271
7441,0.008547959,0.0039018255,0.015732234
7442,0.026108926,0.009837128,0.017288527
7443,0.024226742,0.020422054,0.017259037
7444,0.012492472,0.023985388,0.016729906
7445,0.0047942987,0.016492065,0.014744285
7446,0.0019628326,0.0097455615,0.010785173
7447,0.0010419339,0.0065128305,0.0071781063
7448,0.0006484511,0.004934159,0.004824257
7449,0.0004824318,0.0041314485,0.0036039383
7450,0.00039764497,0.003658999,0.002944833
7451,0.00043791777,0.0035863537,0.00327299
7452,0.000352122,0.0032167083,0.0026098904
7453,0.0006299023,0.0039269,0.0048072417
7454,0.00093657075,0.0042027934,0.006782404
7455,0.00074723066,0.0034822773,0.005499677
7456,0.0005354807,0.0029161165,0.0040160413
7457,0.0007111919,0.0031352781,0.005273798
7458,0.0009889646,0.0033231291,0.0069291624
7459,0.00068206975,0.0026915965,0.004989503
7460,0.0004726911,0.002267146,0.0035416295
7461,0.00036221955,0.0020319838,0.0027070798
7462,0.0003000615,0.0018873158,0.0022084662
7463,0.0002589693,0.0017741268,0.001867795
7464,0.00021176197,0.0016792713,0.0015149707
7465,0.00016551289,0.0015766118,0.0011827921
7466,0.0001355541,0.0015144469,0.0009644802
7467,0.00013757333,0.0015369819,0.0009884024
7468,0.00019207661,0.0017421374,0.0014845807
7469,0.00024026938,0.0018814593,0.0019335954
7470,0.00021081274,0.001764421,0.0016575268
7471,0.00018259924,0.0016887689,0.0014115755
7472,0.0001615412,0.0016228331,0.001225907
7473,0.0001487227,0.0015855994,0.0011161296
7474,0.00011767089,0.0015072436,0.0008824351
7475,0.000103616294,0.0014794811,0.0007684038
7476,9.131132e-05,0.0014570011,0.0006704066
7477,8.4235406e-05,0.0014592308,0.00061789673
7478,8.751845e-05,0.0014877849,0.0006513151
7479,7.515413e-05,0.0014630982,0.00055580476
7480,6.887086e-05,0.0014294803,0.0005012666
7481,6.244786e-05,0.0014140372,0.00044927088
7482,5.3486372e-05,0.0013962875,0.0003831745
7483,4.918693e-05,0.0013750318,0.00034754124
7484,5.0552568e-05,0.0013909179,0.000361127
7485,4.1718762e-05,0.0013611957,0.0002977293
7486,2.9104205e-05,0.001275043,0.00020989208
7487,2.0169857e-05,0.0011939052,0.00014690598
7488,1.5826592e-05,0.0011561852,0.000115346535
7489,1.6099055e-05,0.0011726265,0.00011822812
7490,2.3362918e-05,0.001422356,0.00019675719
7491,2.0052472e-05,0.0014075104,0.00016737366
7492,1.7715412e-05,0.0013964017,0.00014602317
7493,1.5146932e-05,0.0013819064,0.00012375532
7494,1.3100876e-05,0.0013701675,0.00010593765
7495,9.669255e-06,0.0012970648,7.823281e-05
7496,8.157494e-06,0.001280868,6.534961e-05
7497,7.3784936e-06,0.0012556842,5.7810066e-05
7498,6.711192e-06,0.0012207762,5.1265208e-05
7499,8.5561005e-06,0.0013696259,7.075728e-05
7500,1.1882362e-05,0.0015332885,0.00010789758
7501,1.04831315e-05,0.0015067692,9.338405e-05
7502,8.875624e-06,0.001481514,7.802665e-05
7503,7.030775e-06,0.0014337443,6.1312414e-05
7504,1.37810375e-05,0.0018075986,0.00014496125
7505,1.2249057e-05,0.0016773053,0.00012363573
7506,1.6746715e-05,0.0019081382,0.00018595337
7507,0.00019560703,0.004837315,0.0036397958
7508,0.00014441524,0.00382043,0.0025794497
7509,0.000112252055,0.0032328386,0.0019184257
7510,0.00048797225,0.005287532,0.007902386
7511,0.0004856641,0.004304195,0.0076176734
7512,0.0009838721,0.00472626,0.011332944
7513,0.00058153784,0.0031516254,0.008105237
7514,0.00047668786,0.0024939391,0.006735938
7515,0.0003477809,0.0019380541,0.0049345386
7516,0.00026429057,0.0016284772,0.0036848453
7517,0.0003484911,0.0016862712,0.0047319
7518,0.00029433303,0.0014454793,0.0038927044
7519,0.0002350109,0.0012498796,0.0030026855
7520,0.00019383465,0.0011207049,0.0023870957
7521,0.00019511761,0.0011028688,0.0023772467
7522,0.00016613459,0.0009899165,0.0019375162
7523,0.00014178564,0.00093254686,0.0016026207
7524,0.00011103261,0.0008844723,0.0012400594
7525,7.349419e-05,0.0008202106,0.0008285256
7526,4.9169957e-05,0.0007622964,0.00055718725
7527,4.361564e-05,0.00074033276,0.00047902158
7528,3.9490522e-05,0.0007042154,0.0004178226
7529,8.1209466e-05,0.00090909185,0.0010143132
7530,7.1295755e-05,0.00084720075,0.00085251377
7531,6.972787e-05,0.0008864022,0.00086413854
7532,8.1063416e-05,0.0009598973,0.0010443414
7533,7.0830865e-05,0.0008886171,0.0008716251
7534,8.4784944e-05,0.00093894557,0.001074728
7535,0.0009285473,0.0023082641,0.010419935
7536,0.0005851335,0.0015872137,0.007401583
7537,0.0012845693,0.001871074,0.011537275
7538,0.00064379093,0.0012555068,0.007623312
7539,0.0003717662,0.0009532647,0.0048570815
7540,0.00035278968,0.00086721824,0.004477183
7541,0.00032716044,0.0008044627,0.004062629
7542,0.00031316522,0.0007476401,0.0037816183
7543,0.00026500458,0.00069745776,0.0031687065
7544,0.00020466646,0.0006387039,0.002406447
7545,0.00013306152,0.00057495706,0.0015847742
7546,0.00010715536,0.0005515803,0.0012510761
7547,6.5237284e-05,0.0005452034,0.00077938533
7548,4.1368286e-05,0.00052376173,0.00049949327
7549,3.4946243e-05,0.0005144394,0.00041065394
7550,3.0472396e-05,0.0005030119,0.00034639295
7551,2.4334324e-05,0.00049337157,0.00027178085
7552,2.0262287e-05,0.00048728564,0.00022113122
7553,1.7693432e-05,0.00047896334,0.00018700829
7554,1.7562204e-05,0.0004642364,0.0001815868
7555,1.2128894e-05,0.00043978562,0.00012480174
7556,1.0771682e-05,0.00041816657,0.000105720785
7557,7.4524273e-06,0.00039725713,7.265288e-05
7558,6.258806e-06,0.00039239854,5.9296563e-05
7559,4.8473344e-06,0.00038345513,4.505054e-05
7560,4.5201296e-06,0.00035636048,4.0026414e-05
7561,6.037592e-06,0.00038541527,5.6859175e-05
7562,5.8856153e-06,0.0003878141,5.4727345e-05
7563,1.2338133e-05,0.0005051738,0.00013962876
7564,1.0815293e-05,0.00047062038,0.00011565724
7565,9.527352e-06,0.00044944193,9.721157e-05
7566,8.322362e-06,0.0004391417,8.182718e-05
7567,6.541658e-06,0.00043026786,6.309889e-05
7568,5.7835746e-06,0.00041005868,5.317567e-05
7569,5.0953204e-06,0.00037533007,4.4022505e-05
7570,6.212744e-06,0.000423431,5.7554276e-05
7571,5.254337e-06,0.000423655,4.8078175e-05
7572,3.5508313e-06,0.0003996967,3.2248125e-05
7573,2.5835498e-06,0.00038735848,2.3630184e-05
7574,1.771279e-06,0.0003660948,1.5938305e-05
7575,1.733174e-06,0.0003424719,1.4964619e-05
7576,1.9876059e-06,0.00035510142,1.7517134e-05
7577,1.7074119e-06,0.00034053004,1.4311996e-05
7578,1.479379e-06,0.00032451696,1.1764969e-05
7579,2.728865e-06,0.0003928419,2.5269814e-05
7580,2.7320052e-06,0.00039712465,2.5108451e-05
7581,4.0298833e-06,0.00046801785,4.1305346e-05
7582,3.7605914e-06,0.00046264063,3.7596008e-05
7583,2.836263e-06,0.0004456255,2.7652897e-05
7584,2.1238898e-06,0.00042876223,2.0243815e-05
7585,1.7489203e-06,0.0004145132,1.5975105e-05
7586,1.3654222e-06,0.00040031289,1.20591e-05
7587,1.1118049e-06,0.0003869773,9.420473e-06
7588,9.733072e-07,0.00039363175,8.369797e-06
7589,7.0268976e-07,0.00037357054,5.8677724e-06
7590,5.677671e-07,0.0003576674,4.5175398e-06
7591,4.8563163e-07,0.0003357476,3.6351666e-06
7592,5.6673275e-07,0.00038911393,4.8835627e-06
7593,1.7972146e-06,0.0005820339,2.1145546e-05
7594,1.5450902e-06,0.00051320955,1.6772272e-05
7595,1.2799956e-06,0.00046955966,1.2886253e-05
7596,1.0567876e-06,0.00040529456,9.640566e-06
7597,1.3905959e-06,0.00041599758,1.3182481e-05
7598,1.1762951e-06,0.0003764338,1.031985e-05
7599,9.858239e-07,0.0003684653,8.385054e-06
7600,8.4090425e-07,0.00034027538,6.6790517e-06
7601,7.031911e-07,0.00032782805,5.326112e-06
7602,5.770831e-07,0.00031767535,4.1924563e-06
7603,4.9907356e-07,0.0003039138,3.4458787e-06
7604,4.2769778e-07,0.00029070853,2.8035583e-06
7605,3.3689332e-07,0.00028259426,2.140076e-06
7606,2.7732412e-07,0.00027489234,1.6936611e-06
7607,3.0487524e-06,0.0006451199,3.651584e-05
7608,2.56528e-06,0.0005893889,2.857933e-05
7609,2.1228452e-06,0.00055765506,2.2372125e-05
7610,2.2112067e-06,0.0005338878,2.278023e-05
7611,3.5622877e-06,0.00062163785,4.1494703e-05
7612,3.0236417e-06,0.0005663373,3.2771808e-05
7613,2.5708391e-06,0.0005120129,2.5855741e-05
7614,2.1595613e-06,0.00049154664,2.0711115e-05
7615,1.8068102e-06,0.00047391138,1.6570677e-05
7616,1.514811e-06,0.00046163396,1.3404097e-05
7617,1.3388157e-06,0.00044752282,1.1383789e-05
7618,1.3230558e-06,0.00042002532,1.0839646e-05
7619,1.1857977e-06,0.00038181746,9.112466e-06
7620,1.3734132e-06,0.00038082604,1.0664797e-05
7621,1.5956309e-06,0.0004009979,1.276438e-05
7622,1.5823069e-06,0.00040055005,1.24858625e-05
7623,1.4010092e-06,0.00038525552,1.05721565e-05
7624,1.2863575e-06,0.0003897189,9.599968e-06
7625,1.7847841e-06,0.00043292236,1.4392975e-05
7626,1.6363463e-06,0.00042109523,1.2743384e-05
7627,2.283705e-06,0.00047384072,1.93302e-05
7628,2.4394803e-06,0.00047880883,2.0704161e-05
7629,2.1427522e-06,0.00044236006,1.7125765e-05
7630,1.8932327e-06,0.00041230832,1.4306494e-05
7631,1.4608845e-06,0.0004020092,1.0849134e-05
7632,1.2161673e-06,0.0003961747,8.785047e-06
7633,1.0754917e-06,0.00037526767,7.3838055e-06
7634,8.907111e-07,0.00037028745,5.9595936e-06
7635,7.875866e-07,0.00035670132,5.0420613e-06
7636,7.256687e-07,0.0003336759,4.440825e-06
7637,1.0239993e-06,0.00036309726,6.751322e-06
7638,1.0191574e-06,0.00035638153,6.5932895e-06
7639,1.7305266e-06,0.00043198606,1.2899885e-05
7640,2.220534e-06,0.00048047502,1.7704522e-05
7641,1.969388e-06,0.000452334,1.4915364e-05
7642,1.719874e-06,0.0004447507,1.2603347e-05
7643,2.172798e-06,0.0004889671,1.6917023e-05
7644,1.9349504e-06,0.00047061322,1.444398e-05
7645,1.6801378e-06,0.00046441559,1.2171216e-05
7646,1.4785523e-06,0.0004560277,1.03596385e-05
7647,1.2684917e-06,0.00045148394,8.654477e-06
7648,1.1328108e-06,0.00043532246,7.417323e-06
7649,1.0177218e-06,0.000402289,6.3176813e-06
7650,1.1900527e-06,0.00041060633,7.55926e-06
7651,1.409695e-06,0.00043206097,9.319998e-06
7652,1.2574653e-06,0.00039694528,7.85147e-06
7653,1.2658669e-06,0.00041422076,7.993909e-06
7654,2.0386785e-06,0.00048436044,1.4552102e-05
7655,1.9438094e-06,0.00046588207,1.35028e-05
7656,3.1120549e-06,0.00055064977,2.4606255e-05
7657,9.745199e-06,0.00082838896,0.00010567089
7658,8.6040545e-06,0.0007793413,8.8881236e-05
7659,7.6217384e-06,0.0007320455,7.498151e-05
7660,6.7625288e-06,0.00068159035,6.317466e-05
7661,5.9229974e-06,0.0006701649,5.3708995e-05
7662,5.1561506e-06,0.00066094374,4.5478206e-05
7663,4.402868e-06,0.00065355934,3.791669e-05
7664,3.859222e-06,0.0006433552,3.227335e-05
7665,3.426211e-06,0.00062953355,2.7733346e-05
7666,3.2893104e-06,0.00060922763,2.6034617e-05
7667,3.7725626e-06,0.0006190813,3.0462003e-05
7668,3.3476836e-06,0.0006087985,2.6229645e-05
7669,4.78144e-06,0.00070347625,4.139628e-05
7670,5.397808e-06,0.000731281,4.7926977e-05
7671,5.117675e-06,0.00073617994,4.4971974e-05
7672,4.493164e-06,0.0007245231,3.837978e-05
7673,3.928566e-06,0.0007146151,3.2666074e-05
7674,3.5236415e-06,0.0006829909,2.8127257e-05
7675,3.0969982e-06,0.0006746751,2.4075553e-05
7676,2.7773276e-06,0.0006562619,2.0867825e-05
7677,2.4976077e-06,0.00063757226,1.8132365e-05
7678,9.629016e-06,0.0010417588,0.000102238155
7679,9.5187615e-06,0.0010205812,9.963879e-05
7680,8.407739e-06,0.0009836933,8.486712e-05
7681,9.642621e-06,0.0010216623,0.00010021805
7682,1.1235951e-05,0.0010650693,0.000121153746
7683,9.9569625e-06,0.0010031023,0.00010267321
7684,8.834711e-06,0.00092228834,8.6418506e-05
7685,7.864035e-06,0.00089292426,7.432818e-05
7686,7.717681e-06,0.00086022564,7.140434e-05
7687,1.4993566e-05,0.0011169027,0.00016851777
7688,1.7479177e-05,0.0011583518,0.0002032667
7689,1.5431224e-05,0.0011019345,0.00017241001
7690,1.3667436e-05,0.0010526385,0.00014692835
7691,1.2134162e-05,0.0010107128,0.00012574889
7692,1.0758986e-05,0.0009318616,0.00010591532
7693,9.601825e-06,0.00090362213,9.14582e-05
7694,8.777584e-06,0.00089199963,8.1781436e-05
7695,7.84493e-06,0.00086930336,7.086503e-05
7696,7.053927e-06,0.0008398505,6.1575694e-05
7697,6.357095e-06,0.00081191765,5.364416e-05
7698,5.7364296e-06,0.0007881659,4.6869794e-05
7699,5.194048e-06,0.0007558642,4.0920626e-05
7700,4.7024037e-06,0.0007144225,3.5547902e-05
7701,6.0326834e-06,0.00077969214,4.8807564e-05
7702,6.2929266e-06,0.00078128953,5.1143634e-05
7703,5.704395e-06,0.00074308494,4.4597058e-05
7704,5.188445e-06,0.00071743486,3.923038e-05
7705,4.706392e-06,0.0006746603,3.4106986e-05
7706,4.2998468e-06,0.00065380346,3.0186637e-05
7707,3.9207816e-06,0.0006185834,2.6450665e-05
7708,3.6799627e-06,0.0005918608,2.4059886e-05
7709,4.222561e-06,0.0006238221,2.8565131e-05
7710,2.1404729e-05,0.001153582,0.00023003119
7711,0.00028428543,0.003140719,0.0048791277
7712,0.0002233089,0.0026003686,0.003771557
7713,0.00017084765,0.0021780238,0.002781318
7714,0.00013674702,0.0018533343,0.002115638
7715,0.00011290895,0.0016380644,0.0016641326
7716,9.5160256e-05,0.001483012,0.0013398742
7717,8.1413855e-05,0.0013638745,0.0010976378
7718,7.049394e-05,0.0012639523,0.00091076223
7719,7.314544e-05,0.0012370434,0.00093879574
7720,6.390976e-05,0.0011374402,0.00078328623
7721,5.6349632e-05,0.0010752511,0.0006650992
7722,5.057067e-05,0.0010079882,0.00057460344
7723,4.5132223e-05,0.00095993554,0.0004947638
7724,4.046401e-05,0.0009180701,0.00042854642
7725,3.6428733e-05,0.0008800283,0.00037300523
7726,3.2847467e-05,0.0008278763,0.0003231815
7727,5.0130155e-05,0.00096448866,0.00054769363
7728,4.399881e-05,0.00094594416,0.000469503
7729,3.9468843e-05,0.0009156032,0.00040869444
7730,3.560455e-05,0.0008674396,0.0003552302
7731,3.2250355e-05,0.0008367925,0.00031187627
7732,3.2679865e-05,0.00082589086,0.0003138981
7733,3.914944e-05,0.00089123903,0.00039560543
7734,3.6446716e-05,0.0008635948,0.00036011092
7735,3.300229e-05,0.0008158283,0.00031399255
7736,3.280652e-05,0.00080532394,0.00030945748
7737,3.3144734e-05,0.0008036289,0.00031138473
7738,4.2503107e-05,0.00087803154,0.00042418027
7739,0.00013760167,0.0013805832,0.0017998037
7740,0.00012280265,0.0012899281,0.0015615118
7741,0.000110650086,0.0012026113,0.0013629716
7742,9.883172e-05,0.001124496,0.0011778063
7743,8.9988185e-05,0.0010702154,0.0010447047
7744,7.9528014e-05,0.0009945148,0.00088614953
7745,7.0858776e-05,0.0009328754,0.00075967435
7746,6.356067e-05,0.0008847301,0.0006577571
7747,9.747312e-05,0.0010351257,0.0011099112
7748,8.652527e-05,0.0009625952,0.00094701035
7749,8.762945e-05,0.0009488111,0.00095225277
7750,7.8227196e-05,0.0008941955,0.00081948744
7751,7.2081144e-05,0.00086029735,0.00073659036
7752,6.774611e-05,0.0008331453,0.0006778146
7753,9.299962e-05,0.0009365831,0.0010028091
7754,8.30116e-05,0.00088342023,0.00086334866
7755,7.564704e-05,0.00084146875,0.00076340674
7756,7.673751e-05,0.0008450044,0.0007749657
7757,7.412441e-05,0.00082164485,0.0007355803
7758,0.00019722406,0.0011999699,0.0023685545
7759,0.00016774438,0.0010838845,0.0019334684
7760,0.00039054506,0.0014695522,0.004732848
7761,0.0003963119,0.0013523243,0.0046886536
7762,0.0003381189,0.001167454,0.003911066
7763,0.00028403412,0.0010325831,0.0031904806
7764,0.00023756574,0.00091186987,0.0025621955
7765,0.00020324228,0.0008351179,0.0021128121
7766,0.00017651106,0.0007809492,0.0017736776
7767,0.00015578842,0.00073601375,0.0015139362
7768,0.00026416907,0.0008881528,0.0027458544
7769,0.0002445001,0.00083493954,0.0024752994
7770,0.00021240638,0.00076496665,0.002071854
7771,0.00019597675,0.00072637666,0.0018608425
7772,0.00017590806,0.0006857967,0.0016186034
7773,0.00015764867,0.0006477043,0.0014036179
7774,0.00057419454,0.0010619696,0.005585248
7775,0.00047939175,0.0009019386,0.004584887
7776,0.00038809748,0.0007891231,0.0036167568
7777,0.00032478262,0.0007134909,0.0029350515
7778,0.00027919005,0.00065485097,0.0024390088
7779,0.00029679653,0.0006528267,0.0025688063
7780,0.000268313,0.0006066778,0.0022591671
7781,0.00023695061,0.00056634436,0.0019287525
7782,0.00021057909,0.0005427143,0.0016671057
7783,0.00018992338,0.00051651086,0.0014585004
7784,0.00017261192,0.00049493054,0.001287935
7785,0.00015716416,0.00048326165,0.0011452866
7786,0.0001441597,0.00047177545,0.001026021
7787,0.00021357535,0.0005507319,0.0016386213
7788,0.00019200858,0.00053319347,0.0014363871
7789,0.00017376988,0.0005196902,0.0012696438
7790,0.00015830122,0.0005085894,0.0011308985
7791,0.000145187,0.0004983479,0.0010145697
7792,0.00013395044,0.0004881789,0.00091573905
7793,0.00012391683,0.000480731,0.0008301623
7794,0.0001471873,0.000518237,0.0010230667
7795,0.00013604017,0.0005039296,0.00092351926
7796,0.0001260964,0.00049367367,0.0008378899
7797,0.000116942145,0.0004948978,0.0007670787
7798,0.0005338256,0.0008943717,0.0043683564
7799,0.00044066418,0.00079298863,0.0035122838
7800,0.00037151272,0.00073010725,0.0028853288
7801,0.00031953785,0.00068575324,0.002417784
7802,0.0002803409,0.0006510509,0.0020653263
7803,0.000324913,0.0006857385,0.0024215742
7804,0.00030158085,0.00066236214,0.0022032869
7805,0.0002627247,0.0006384721,0.0018788228
7806,0.00023065938,0.0006215685,0.0016177453
7807,0.00020711642,0.0006064683,0.001422044
7808,0.00019655011,0.000602787,0.0013330113
7809,0.00039988558,0.000790287,0.0030053267
7810,0.00034832337,0.00072659214,0.0025391812
7811,0.00039840952,0.0007534367,0.0029099241
7812,0.00058314035,0.000854951,0.004275217
7813,0.00046155244,0.00077764527,0.0033520388
7814,0.00039553057,0.0007174588,0.002793803
7815,0.00033170276,0.00068196276,0.0023033656
7816,0.00027954864,0.0006564373,0.0019128391
7817,0.00024551884,0.00063910376,0.0016485904
7818,0.00021987845,0.00062487664,0.0014474322
7819,0.00040192337,0.0007987034,0.0028916218
7820,0.00033175116,0.000756023,0.0023585008
7821,0.00027904246,0.0007252363,0.0019541131
7822,0.00022327305,0.0006927093,0.0015552852
7823,0.00019627112,0.0006800711,0.0013456194
7824,0.00017639263,0.0006698381,0.0011883951
7825,0.00015951473,0.00066238205,0.0010571227
7826,0.000200581,0.000732763,0.0013945809
7827,0.0001777819,0.00072148413,0.0012168775
7828,0.0001612232,0.0007104352,0.0010840129
7829,0.00014716912,0.00070124207,0.0009725893
7830,0.0001358937,0.00068826845,0.00088120607
7831,0.000115403585,0.00068150717,0.000744791
7832,9.1312184e-05,0.00066077063,0.000590479
7833,7.770438e-05,0.00065822195,0.00050099357
7834,6.993589e-05,0.0006635017,0.00044744497
7835,6.4767446e-05,0.0006662434,0.00040963234
7836,5.6870882e-05,0.0006705912,0.00035818433
7837,5.2364332e-05,0.0006765836,0.000326755
7838,4.7505593e-05,0.00068430824,0.00029442893
7839,3.9780145e-05,0.00068109646,0.00024659184
7840,6.899739e-05,0.0008553976,0.0004982282
7841,6.303451e-05,0.0008665051,0.0004548979
7842,5.1758863e-05,0.00085274794,0.00037304114
7843,4.2731415e-05,0.000841989,0.0003075076
7844,3.9519517e-05,0.00083846477,0.00028024905
7845,3.717463e-05,0.000839109,0.00026080673
7846,8.300942e-05,0.0011495245,0.00072096154
7847,0.00010949747,0.0012897649,0.001017369
7848,9.549791e-05,0.0012591379,0.00087256724
7849,7.889002e-05,0.001224652,0.0007148465
7850,6.822199e-05,0.0012057732,0.0006105032
7851,5.6100766e-05,0.0011777804,0.0004988514
7852,4.108308e-05,0.0011087367,0.00036626734
7853,3.3572775e-05,0.001086872,0.0002975958
7854,2.85621e-05,0.0010772232,0.00025080264
7855,2.3571703e-05,0.001060947,0.00020557616
7856,1.97572e-05,0.0010495923,0.00017085065
7857,1.5915055e-05,0.001027897,0.00013684062
7858,1.444819e-05,0.0010106065,0.00012145099
7859,1.2725304e-05,0.0010069183,0.0001053991
7860,1.1326315e-05,0.0010021897,9.226839e-05
7861,1.0214046e-05,0.0009932134,8.160034e-05
7862,1.0650288e-05,0.000992177,8.5435204e-05
7863,9.6583735e-06,0.0009803155,7.587476e-05
7864,9.146027e-06,0.0009937709,7.162767e-05
7865,5.0674626e-05,0.0018946368,0.0006364486
7866,5.2471514e-05,0.0019753403,0.0006802746
7867,4.558031e-05,0.0018564665,0.00057067646
7868,3.974174e-05,0.0017638408,0.00048200157
7869,3.5318484e-05,0.0016736091,0.00041493395
7870,2.851853e-05,0.0016159615,0.00033111128
7871,2.4946348e-05,0.0015617423,0.00028182313
7872,3.717463e-05,0.0017791605,0.00046458628
7873,3.2572236e-05,0.0017136486,0.00039656114
7874,2.8628912e-05,0.0016244566,0.00033661776
7875,4.6143035e-05,0.0020502436,0.0006449983
7876,3.9692404e-05,0.0018624375,0.0005285075
7877,3.5338053e-05,0.0017314212,0.00045275476
7878,2.956146e-05,0.00166966,0.0003699897
7879,2.589405e-05,0.0015793011,0.00031230238
7880,2.293217e-05,0.0015212036,0.0002686845
7881,2.026524e-05,0.0014324799,0.00022825501
7882,0.00011979276,0.0027785515,0.0020392751
7883,0.00032429746,0.0041525667,0.006074011
7884,0.00022535476,0.0032643199,0.0043177586
7885,0.0046809223,0.009763357,0.016545288
7886,0.002148012,0.0056499033,0.014867974
7887,0.0010643331,0.0032250378,0.011643532
7888,0.00072265253,0.0022981449,0.009212795
7889,0.00037136275,0.0015976718,0.0056387736
7890,0.0002545537,0.0013063034,0.0039040726
7891,0.00019869795,0.0011202672,0.0029358345
7892,0.00011479032,0.0010226304,0.0017556207
7893,8.886899e-05,0.00095137197,0.0013246572
7894,7.3511364e-05,0.0008981596,0.0010567426
7895,4.8673854e-05,0.00081651617,0.0006970699
7896,0.00011023518,0.0010822103,0.001840426
7897,8.302471e-05,0.0009997797,0.001366505
7898,5.2397027e-05,0.0008902254,0.000859502
7899,3.4493205e-05,0.00080877566,0.0005585186
7900,2.350685e-05,0.00074598036,0.0003730059
7901,2.121919e-05,0.0006875153,0.00031996597
7902,0.00012651493,0.001345158,0.0027615342
7903,0.00013308416,0.0012874126,0.00285082
7904,8.7822176e-05,0.0010969316,0.0018404009
7905,5.5268913e-05,0.00095110846,0.0011371204
7906,3.5497113e-05,0.00084317406,0.0007110834
7907,2.1599113e-05,0.0007473557,0.0004221408
7908,1.5373509e-05,0.00068297074,0.0002852397
7909,1.2199058e-05,0.0006153763,0.0002086598
7910,9.863227e-06,0.00054802216,0.00015453908
7911,1.1431879e-05,0.00053814077,0.00017921455
7912,2.1761802e-05,0.00065047346,0.00039475676
7913,3.585275e-05,0.0007781347,0.00073285046
7914,3.369035e-05,0.00072415225,0.000661227
7915,2.8737773e-05,0.00064483756,0.00052595005
7916,2.338604e-05,0.0005791598,0.0003957733
7917,1.9275278e-05,0.0005258136,0.00030277795
7918,1.6062044e-05,0.0004806057,0.00023479188
7919,1.3194805e-05,0.00045642874,0.00018286148
7920,1.1101492e-05,0.00042802253,0.00014473617
7921,8.102452e-06,0.00040781975,0.00010259314
7922,6.737441e-06,0.00038855828,8.0818354e-05
7923,5.6795216e-06,0.00036842193,6.435207e-05
7924,4.707482e-06,0.00035520177,5.08876e-05
7925,3.836353e-06,0.00034419203,3.9769293e-05
7926,3.0967738e-06,0.00033387265,3.0848973e-05
7927,2.2863744e-06,0.00032042255,2.2135679e-05
7928,1.8502285e-06,0.00030966205,1.7147588e-05
7929,1.4434523e-06,0.00029909587,1.288427e-05
7930,1.0607708e-06,0.00028618617,9.17596e-06
7931,8.4349847e-07,0.00027543752,6.976578e-06
7932,7.1703613e-07,0.0002566594,5.54864e-06
7933,5.8834934e-07,0.0002475061,4.340817e-06
7934,5.014576e-07,0.00022520628,3.4304155e-06
7935,4.3098112e-07,0.00020812136,2.7535361e-06
7936,3.648436e-07,0.00020177763,2.2254835e-06
7937,3.0871047e-07,0.00019619102,1.8012095e-06
7938,2.687908e-07,0.00018342203,1.4745789e-06
7939,3.3381542e-07,0.00019015494,1.892568e-06
7940,2.9376017e-07,0.00018039186,1.5777688e-06
7941,2.4880234e-07,0.00017758617,1.2888497e-06
7942,2.8797783e-07,0.00018930373,1.540481e-06
7943,4.5977524e-07,0.00023151492,2.8130696e-06
7944,9.038043e-07,0.00028594688,6.5521763e-06
7945,7.679521e-07,0.0002786313,5.3408376e-06
7946,6.7463736e-07,0.0002589934,4.4141416e-06
7947,2.3012706e-06,0.000398334,2.1067524e-05
7948,3.858409e-06,0.0004717213,4.0391657e-05
7949,4.3080017e-06,0.00047109803,4.5267763e-05
7950,4.880267e-06,0.0005015936,5.294764e-05
7951,5.187772e-06,0.00049526215,5.6087694e-05
7952,6.297957e-06,0.00051308156,7.018241e-05
7953,5.758246e-06,0.0004719571,6.0682316e-05
7954,5.9169174e-06,0.00047919748,6.224574e-05
7955,2.37191e-05,0.00077809015,0.00036040467
7956,1.8782848e-05,0.0007443909,0.00027571322
7957,1.3761188e-05,0.0007032414,0.00019654221
7958,1.1630689e-05,0.00065682764,0.00015653648
7959,9.923783e-06,0.000605441,0.00012519324
7960,8.484969e-06,0.0005728615,0.00010145055
7961,1.7133754e-05,0.00073440914,0.00024693608
7962,2.454906e-05,0.0008219954,0.00038487074
7963,2.4271963e-05,0.0007690417,0.00036724762
7964,2.1232603e-05,0.00070366956,0.00030229753
7965,1.9312232e-05,0.00068673026,0.00026693754
7966,1.6570872e-05,0.00064448937,0.00021683706
7967,1.4263371e-05,0.0006119277,0.00017755239
7968,1.2387728e-05,0.0005691674,0.00014553012
7969,8.837213e-06,0.00054075144,0.000102198224
7970,7.66323e-06,0.0004986854,8.323457e-05
7971,6.673283e-06,0.0004530708,6.777645e-05
7972,5.6982576e-06,0.00044366324,5.5841832e-05
7973,4.8523e-06,0.00043528716,4.594545e-05
7974,4.249511e-06,0.00042872754,3.897838e-05
7975,9.149009e-06,0.0005501862,0.00010227373
7976,1.6518396e-05,0.0006833452,0.00021549664
7977,1.8161583e-05,0.00067402696,0.00023664715
7978,1.5724785e-05,0.0006365391,0.00019467679
7979,1.599545e-05,0.0006793777,0.00020668058
7980,1.2692846e-05,0.0006572423,0.00015933056
7981,1.1168147e-05,0.0005996791,0.00013195594
7982,1.6082711e-05,0.00066483725,0.00020638044
7983,1.5020974e-05,0.000628297,0.00018573622
7984,1.2693257e-05,0.0006104433,0.00015125057
7985,1.08231725e-05,0.0005928896,0.0001241281
7986,8.587376e-06,0.0005769761,9.6018506e-05
7987,6.93846e-06,0.0005626321,7.538719e-05
7988,6.0533634e-06,0.0005287546,6.22799e-05
7989,5.543414e-06,0.00049713824,5.463671e-05
7990,5.1219367e-06,0.00047367206,4.8456008e-05
7991,1.0368577e-05,0.00063026266,0.000119928365
7992,1.1847394e-05,0.000640178,0.00013951388
7993,1.0679479e-05,0.00059836457,0.00012006173
7994,9.386393e-06,0.00056223583,0.00010014092
7995,8.261613e-06,0.00052398635,8.340799e-05
7996,7.4444247e-06,0.00048905116,7.1607945e-05
7997,1.3488653e-05,0.0005913177,0.00015057481
7998,0.00012278429,0.0013589996,0.0022959686
7999,0.00011287225,0.0012471826,0.002043848
8000,9.752616e-05,0.0011237154,0.001691492
8001,8.274178e-05,0.000997941,0.0013578514
8002,5.3424475e-05,0.0008915055,0.0008711744
8003,3.7221722e-05,0.0008220604,0.00059577293
8004,3.1360152e-05,0.0007326883,0.00046696237
8005,2.7175027e-05,0.00066280685,0.00037993258
8006,2.3258835e-05,0.00059309835,0.00030287428
8007,2.1487245e-05,0.0005684011,0.0002711142
8008,2.0204508e-05,0.0005505197,0.00024860384
8009,1.866314e-05,0.0005252923,0.00022187954
8010,3.778892e-05,0.0006889818,0.0005418231
8011,5.1188796e-05,0.0007689784,0.0007867884
8012,7.5166e-05,0.00085344864,0.0012288122
8013,7.365015e-05,0.00080249243,0.0011653552
8014,6.195333e-05,0.0007438823,0.0009317772
8015,5.49949e-05,0.0006754432,0.00078244496
8016,6.293752e-05,0.00068255485,0.0009032413
8017,5.6485504e-05,0.00062729756,0.00077145366
8018,4.6329125e-05,0.0006069848,0.00061451894
8019,3.8597067e-05,0.00059014297,0.0004966012
8020,3.2396638e-05,0.00057582185,0.00040433617
8021,2.6548387e-05,0.0005632363,0.00032301407
8022,2.2112119e-05,0.0005523691,0.00026171195
8023,1.9993426e-05,0.00051905605,0.00022647831
8024,1.7719667e-05,0.00047890606,0.00018990532
8025,1.6310603e-05,0.0004572515,0.00016873133
8026,1.393668e-05,0.00045332906,0.00014051676
8027,1.186941e-05,0.0004497744,0.00011672699
8028,1.02178155e-05,0.00044601993,9.783606e-05
8029,8.91762e-06,0.00044120545,8.29165e-05
8030,7.704116e-06,0.000437915,6.9754846e-05
8031,2.2758559e-05,0.00066211645,0.0002794031
8032,2.0200794e-05,0.0006118062,0.00023527179
8033,1.770806e-05,0.00059255585,0.00019847459
8034,1.549229e-05,0.0005781121,0.00016765695
8035,1.342654e-05,0.0005684263,0.00014090996
8036,1.16448355e-05,0.0005597126,0.00011859414
8037,1.0363359e-05,0.0005257612,0.000100439844
8038,9.00796e-06,0.0005201227,8.491619e-05
8039,7.836266e-06,0.00051484146,7.1868075e-05
8040,6.9292973e-06,0.0005064855,6.157731e-05
8041,6.145203e-06,0.0004982197,5.291337e-05
8042,5.749868e-06,0.00047209024,4.770231e-05
8043,5.1776556e-06,0.00045715238,4.137514e-05
8044,4.613183e-06,0.00045236957,3.5827226e-05
8045,4.1679205e-06,0.00043047173,3.100453e-05
8046,3.7785644e-06,0.00041613894,2.7082413e-05
8047,3.3661477e-06,0.00041473348,2.3538283e-05
8048,2.9980174e-06,0.0004135794,2.0461492e-05
8049,2.7271142e-06,0.00039958718,1.7940543e-05
8050,1.7088169e-05,0.0007998353,0.00019033327
8051,1.5496991e-05,0.00075325737,0.00016577999
8052,1.3617529e-05,0.0007371453,0.00014120559
8053,1.2136146e-05,0.00071138685,0.00012124379
8054,1.0828467e-05,0.0006903936,0.00010446194
8055,9.641261e-06,0.0006754882,9.01194e-05
8056,8.637795e-06,0.0006317582,7.696251e-05
8057,7.772889e-06,0.000615155,6.6987865e-05
8058,9.779497e-06,0.00065694813,8.8890556e-05
8059,8.725119e-06,0.0006469742,7.709283e-05
8060,7.87822e-06,0.00061608077,6.683311e-05
8061,7.1340396e-06,0.00058880216,5.819641e-05
8062,6.4579494e-06,0.0005765393,5.1103627e-05
8063,5.8483965e-06,0.00056637026,4.495639e-05
8064,1.6909593e-05,0.00083635433,0.0001748678
8065,1.769392e-05,0.0008433302,0.00018431648
8066,2.9856737e-05,0.0010351498,0.00036008167
8067,2.6408045e-05,0.0009695939,0.00030444973
8068,2.748e-05,0.0009532675,0.00031517734
8069,2.443099e-05,0.00089207996,0.00026781362
8070,2.1845173e-05,0.0008458819,0.00022993487
8071,1.9604602e-05,0.0008035734,0.000198287
8072,1.7655382e-05,0.0007665492,0.0001718631
8073,1.5948595e-05,0.00073672284,0.00014982352
8074,1.4440823e-05,0.00071166584,0.00013116878
8075,1.310934e-05,0.0006860182,0.00011507227
8076,1.1922462e-05,0.00065628043,0.000100897574
8077,1.0843581e-05,0.00062137557,8.8179055e-05
8078,9.914978e-06,0.0006030754,7.81457e-05
8079,9.061833e-06,0.0005924506,6.952042e-05
8080,8.312149e-06,0.0005731345,6.176443e-05
8081,7.635106e-06,0.0005524267,5.4896147e-05
8082,7.006116e-06,0.00052573695,4.8542897e-05
8083,6.455671e-06,0.00051687,4.358239e-05
8084,5.96206e-06,0.00050346676,3.910761e-05
8085,5.4962184e-06,0.00047993826,3.478923e-05
8086,5.0846334e-06,0.0004619847,3.116349e-05
8087,4.7098524e-06,0.00044454838,2.7954398e-05
8088,4.384066e-06,0.00042734857,2.5227784e-05
8089,4.2666006e-06,0.000418107,2.4109075e-05
8090,3.9709635e-06,0.00041362297,2.1937678e-05
8091,3.7582902e-06,0.00040378986,2.031437e-05
8092,3.5157404e-06,0.00038918553,1.8446535e-05
8093,3.2964322e-06,0.00037692973,1.6820186e-05
8094,3.077192e-06,0.00036379404,1.5242175e-05
8095,3.1878237e-06,0.00037176837,1.5889504e-05
8096,2.9857633e-06,0.00036318015,1.4508682e-05
8097,8.864198e-06,0.000546809,5.8864134e-05
8098,8.227741e-06,0.0005295759,5.3095748e-05
8099,7.651402e-06,0.00051586237,4.80809e-05
8100,7.1436507e-06,0.0004982541,4.365687e-05
8101,6.6900066e-06,0.00048253484,3.982058e-05
8102,6.2624176e-06,0.0004670186,3.6288202e-05
8103,5.9950607e-06,0.00046154336,3.424321e-05
8104,3.5828216e-05,0.000929132,0.0003431225
8105,0.0001350308,0.0015488634,0.0017704075
8106,0.00014227105,0.0015171756,0.0018555007
8107,0.00012117629,0.0013886609,0.001519264
8108,0.00010482537,0.001273019,0.0012606569
8109,0.0067306897,0.0067237774,0.016659407
8110,0.012836014,0.008656135,0.017137837
8111,0.0063672545,0.007245529,0.016519157
8112,0.0032009939,0.004866914,0.015006836
8113,0.0024351664,0.0035852017,0.013843498
8114,0.0026473831,0.0030574831,0.013913776
8115,0.0015323156,0.0020407008,0.010966742
8116,0.0023167948,0.002071843,0.01279276
8117,0.0015658899,0.0015171004,0.010391781
8118,0.0010494116,0.0011479107,0.0077678817
8119,0.0007732278,0.00093309215,0.005873457
8120,0.0006087706,0.00080059207,0.004580063
8121,0.0004974184,0.0007185075,0.003668421
8122,0.00070286414,0.0007887294,0.0050714794
8123,0.0005895119,0.0006947598,0.00416247
8124,0.000495803,0.00062325195,0.003404652
8125,0.00056774967,0.000642008,0.0038567379
8126,0.0006824033,0.0006573143,0.004547309
8127,0.0010083573,0.0007236644,0.006361659
8128,0.00081783975,0.00061054475,0.0051177437
8129,0.0012583721,0.00068048557,0.007256884
8130,0.0012851047,0.0006465728,0.0071773003
8131,0.0011450321,0.0005842489,0.0063464884
8132,0.0013344731,0.0005864676,0.007018996
8133,0.0010315487,0.00050647225,0.0054711765
8134,0.0009888794,0.00048543935,0.0051494604
8135,0.0038220575,0.00080361625,0.012609049
8136,0.0025921762,0.0006287625,0.010131171
8137,0.001887833,0.0005080097,0.007941716
8138,0.0015521239,0.0004364585,0.0065881354
8139,0.0012299614,0.00038728557,0.0052200705
8140,0.0010341814,0.00035129522,0.0043120887
8141,0.00087121595,0.00033084364,0.0035659876
8142,0.000753207,0.00031646283,0.0030173298
8143,0.00065359264,0.00030751972,0.002570295
8144,0.0005650219,0.00030164112,0.0021897482
8145,0.00050145236,0.00029839197,0.0019124162
8146,0.0004571917,0.0002954351,0.0017120331
8147,0.00040774263,0.00029514474,0.0015083773
8148,0.00041636592,0.0003059001,0.0015467264
8149,0.0008906063,0.00041337925,0.0036474953
8150,0.0007516876,0.00039523083,0.0030293756
8151,0.0006474972,0.00038304663,0.0025652647
8152,0.0005561034,0.00037441243,0.0021735807
8153,0.00050081004,0.00036846285,0.0019210317
8154,0.00045630054,0.00036388592,0.001718557
8155,0.00041462368,0.0003622385,0.0015379908
8156,0.0003821779,0.00036069687,0.0013956107
8157,0.00036807466,0.0003664439,0.0013369652
8158,0.0005218034,0.00043240635,0.002029141
8159,0.00046614686,0.00043178294,0.0018075715
8160,0.00041388386,0.00042845428,0.0015846596
8161,0.00036626987,0.00042657755,0.0013882269
8162,0.0003292285,0.00042689493,0.001235211
8163,0.00029230438,0.00042741868,0.0010888897
8164,0.0002666117,0.00043035808,0.0009846074
8165,0.00024380632,0.00043415106,0.00089345063
8166,0.00022299738,0.00043864927,0.0008117715
8167,0.00020712859,0.00044365204,0.0007483828
8168,0.00019300249,0.00044909792,0.0006924525
8169,0.00017658612,0.00045508414,0.000630861
8170,0.00016566698,0.0004611901,0.00058811175
8171,0.00021371768,0.0005248878,0.000814508
8172,0.000378756,0.0006547306,0.0016365403
8173,0.00034767325,0.0006387833,0.0014749019
8174,0.00032962163,0.0006431346,0.0013904256
8175,0.0003225168,0.0006545685,0.0013604938
8176,0.00029129416,0.0006510121,0.0012148042
8177,0.00026229332,0.0006493847,0.0010836412
8178,0.00026277406,0.0006649642,0.0010903644
8179,0.00027826126,0.00069957826,0.0011772828
8180,0.00030509458,0.00074259256,0.0013227172
8181,0.00026709246,0.00073455705,0.0011493869
8182,0.0002471758,0.000741472,0.0010635555
8183,0.00022254558,0.0007400292,0.0009498828
8184,0.00019888104,0.0007392814,0.00084379944
8185,0.00095063506,0.001374366,0.004976965
8186,0.0007731399,0.001229521,0.003995353
8187,0.00061258656,0.0011298549,0.0031639484
8188,0.000524795,0.0010647126,0.0026597574
8189,0.0004262221,0.0010057543,0.0021451365
8190,0.00036230314,0.00097027444,0.001803157
8191,0.00032482418,0.0009450444,0.0015894659
8192,0.00029173156,0.00092689827,0.0014067232
8193,0.00023529932,0.0008888571,0.0011341907
8194,0.0001886049,0.0008535705,0.0009105516
8195,0.0002207435,0.0009303014,0.0011132201
8196,0.00019852536,0.00092495565,0.0009935017
8197,0.0004150098,0.0012546676,0.0023980467
8198,0.00036502123,0.0011902243,0.0020642471
8199,0.0002938456,0.0011276787,0.0016633203
8200,0.00026194492,0.0010972617,0.0014590459
8201,0.0002370671,0.0010698995,0.0012986808
8202,0.0002159147,0.0010521802,0.00116701
8203,0.00019586502,0.0010375205,0.0010450601
8204,0.00017484247,0.0010278276,0.0009245201
8205,0.00014947118,0.0010112546,0.00078774145
8206,0.00013476599,0.0010083448,0.000705026
8207,0.0006537391,0.0018891231,0.0043779886
8208,0.004779875,0.0040427176,0.014571429
8209,0.0029025031,0.0030335647,0.012184732
8210,0.0016249913,0.002210238,0.008819539
8211,0.0009665118,0.0017073828,0.005956634
8212,0.00067056966,0.0014409722,0.004272237
8213,0.0005067131,0.0012877862,0.0032384673
8214,0.00041117021,0.0011969263,0.0025992687
8215,0.00035577355,0.0011336748,0.0022033036
8216,0.00032596453,0.0011066865,0.001995671
8217,0.0002779169,0.0010670538,0.0016801762
8218,0.0002496939,0.0010332644,0.001480984
8219,0.00026043237,0.0010582514,0.0015581523
8220,0.00023403532,0.0010304105,0.0013760898
8221,0.0022873802,0.0025674307,0.011180351
8222,0.0012295528,0.0019008698,0.0076527777
8223,0.0007304061,0.0015111131,0.0050400742
8224,0.0005745016,0.0013354662,0.003937804
8225,0.0012638168,0.0017663966,0.007843152
8226,0.0009851981,0.0014687793,0.0062527447
8227,0.0008362264,0.001301118,0.0052843587
8228,0.0005180649,0.0011249627,0.0034660862
8229,0.00040317932,0.0010320195,0.002687017
8230,0.0006048569,0.0012070556,0.004114513
8231,0.00067424285,0.0012509153,0.00457325
8232,0.00041140287,0.0011153776,0.0029454827
8233,0.0002777403,0.0010058094,0.002029094
8234,0.00023400142,0.00096679997,0.001686537
8235,0.00019937514,0.0009384464,0.0014189593
8236,0.00017482422,0.0009194909,0.0012263525
8237,0.00015569713,0.0009053036,0.0010761163
8238,0.00014161406,0.00089016865,0.00096224644
8239,0.00013028494,0.00087097095,0.00086891535
8240,0.00015973998,0.0009569367,0.0011193105
8241,0.000158868,0.0010033735,0.0011895751
8242,0.000107882675,0.00095015444,0.0008208566
8243,7.5752716e-05,0.00089396216,0.00058244314
8244,8.200025e-05,0.0009433524,0.00064717076
8245,0.0002374246,0.0014409474,0.0023317551
8246,0.0006423909,0.0020728316,0.006286394
8247,0.000362567,0.001681037,0.0038819101
8248,0.00022413586,0.0014449054,0.0024876304
8249,0.0001474897,0.0012762557,0.0016601799
8250,0.000111771544,0.0011909439,0.0012493135
8251,0.000120773395,0.0011929971,0.0013552172
8252,7.882586e-05,0.0011028195,0.0008956436
8253,6.370101e-05,0.0010688938,0.0007204329
8254,5.139611e-05,0.0010360273,0.00057376566
8255,5.363488e-05,0.0010397837,0.000600282
8256,4.8171773e-05,0.0009987941,0.00052252907
8257,0.00013637324,0.0014926455,0.0018557751
8258,0.0001877403,0.0016076879,0.0026216158
8259,0.00074775395,0.0026305383,0.008982139
8260,0.0005227346,0.001974051,0.0066924784
8261,0.0003554247,0.0015782965,0.004690221
8262,0.00027415078,0.0013411784,0.0035345852
8263,0.00021631805,0.0011986064,0.0027210377
8264,0.0005852314,0.0016776946,0.0069598905
8265,0.00042468263,0.0013381983,0.0051138373
8266,0.00024167317,0.0011345992,0.00310925
8267,0.00014941528,0.0009980949,0.001970623
8268,0.000116516014,0.00093311706,0.001508052
8269,7.605854e-05,0.0008479623,0.0009904301
8270,4.654029e-05,0.0008193148,0.00061604957
8271,5.5331042e-05,0.0008709328,0.0007571165
8272,4.8124493e-05,0.000823788,0.0006310432
8273,6.7799745e-05,0.0009208437,0.0009514551
8274,5.864145e-05,0.00087650574,0.000792603
8275,4.4571512e-05,0.0008342822,0.0005927346
8276,2.8504257e-05,0.0007775313,0.000379854
8277,2.4781468e-05,0.0007361287,0.00031510575
8278,2.1641325e-05,0.00070177997,0.00026325384
8279,1.5290312e-05,0.000662673,0.00018400613
8280,1.3312979e-05,0.00063583726,0.00015337445
8281,1.1685321e-05,0.0005917534,0.00012740336
8282,7.602954e-06,0.0005492971,8.2499566e-05
8283,6.6473854e-06,0.0005145142,6.8242894e-05
8284,4.5128e-06,0.00048391643,4.583923e-05
8285,3.185186e-06,0.00045923027,3.1790176e-05
8286,2.8656789e-06,0.00046365,2.8409215e-05
8287,2.159452e-06,0.00044533555,2.0816076e-05
8288,1.6414415e-06,0.000427744,1.5336314e-05
8289,1.9108356e-06,0.00047731356,1.9202955e-05
8290,3.814986e-06,0.00064585934,4.765282e-05
8291,2.4480375e-06,0.0005920469,2.9850728e-05
8292,1.7733969e-06,0.00055298384,2.0705325e-05
8293,1.4143013e-06,0.0005159585,1.5494652e-05
8294,1.1658777e-06,0.00045762904,1.1679695e-05
8295,1.7251764e-06,0.0004978645,1.8657673e-05
8296,2.2295412e-06,0.000513911,2.5009133e-05
8297,2.7067656e-06,0.00053004234,3.1377567e-05
8298,2.3578154e-06,0.0004769855,2.549459e-05
8299,4.805862e-06,0.0006141379,6.32245e-05
8300,4.28291e-06,0.00056480995,5.328843e-05
8301,3.5788894e-06,0.0005024668,4.0925548e-05
8302,3.0248762e-06,0.00045584652,3.2072447e-05
8303,2.569273e-06,0.0004106429,2.52131e-05
8304,2.4546553e-06,0.00039040102,2.3156523e-05
8305,1.8314541e-06,0.0003767432,1.6974247e-05
8306,1.20235e-06,0.00035202605,1.09464645e-05
8307,9.2044667e-07,0.00033709352,8.056596e-06
8308,7.7177714e-07,0.00033148943,6.594139e-06
8309,6.648754e-07,0.00032214492,5.46319e-06
8310,7.856055e-07,0.00034710686,6.729821e-06
8311,7.8761747e-07,0.0003220318,6.468771e-06
8312,5.891876e-07,0.00030802004,4.6737055e-06
8313,4.6058233e-07,0.00029547408,3.4999257e-06
8314,3.8792177e-07,0.00026454608,2.711696e-06
8315,4.731094e-07,0.00026715026,3.3721485e-06
8316,6.400931e-07,0.00028887784,4.8793186e-06
8317,5.663999e-07,0.0002571362,3.9999877e-06
8318,4.923457e-07,0.00023728964,3.2528667e-06
8319,4.3090097e-07,0.00022344726,2.687069e-06
8320,5.101466e-07,0.00022839739,3.24588e-06
8321,5.710921e-07,0.00022615853,3.6350245e-06
8322,4.929818e-07,0.00020089756,2.8998368e-06
8323,4.3261713e-07,0.0001858671,2.3896048e-06
8324,3.9191053e-07,0.00017577273,2.059357e-06
8325,3.424754e-07,0.00017299995,1.7341039e-06
8326,5.2784117e-07,0.00019795708,2.9657551e-06
8327,4.9161093e-07,0.00019113296,2.6599905e-06
8328,4.375338e-07,0.00018054325,2.2461807e-06
8329,4.210277e-07,0.00017933367,2.114731e-06
8330,9.346301e-07,0.00023194434,5.7780044e-06
8331,9.2354867e-07,0.00022727168,5.5841747e-06
8332,8.5403383e-07,0.00022262857,4.998072e-06
8333,7.1206375e-07,0.00022184078,4.0732853e-06
8334,6.008258e-07,0.00022098972,3.351988e-06
8335,4.7317886e-07,0.00021801874,2.5934132e-06
8336,4.861306e-07,0.00023222035,2.7317597e-06
8337,5.517988e-07,0.00023739011,3.1482748e-06
8338,4.9091665e-07,0.00022806865,2.6751964e-06
8339,4.1112838e-07,0.00022669404,2.1849494e-06
8340,3.4762547e-07,0.00022518622,1.7982235e-06
8341,4.094873e-07,0.00024721606,2.2257595e-06
8342,3.567658e-07,0.00024375739,1.8740901e-06
8343,3.1445805e-07,0.00023894531,1.5914209e-06
8344,2.982226e-07,0.00023792681,1.4766291e-06
8345,3.485882e-07,0.00024045295,1.7563742e-06
8346,3.500463e-07,0.00023481852,1.7290957e-06
8347,3.6282768e-07,0.00023988412,1.7942889e-06
8348,3.1245784e-07,0.00023907711,1.506078e-06
8349,2.8012894e-07,0.00023259888,1.2986058e-06
8350,4.145422e-07,0.0002623971,2.1121937e-06
8351,4.283476e-07,0.00025505264,2.1486926e-06
8352,6.6861855e-07,0.00029479837,3.7508667e-06
8353,1.1640924e-06,0.00035539025,7.5448725e-06
8354,1.3105572e-06,0.00036710003,8.659725e-06
8355,2.7862568e-06,0.0004937953,2.2826152e-05
8356,2.587297e-06,0.0005009101,2.102317e-05
8357,2.9530868e-06,0.0005430177,2.5060077e-05
8358,6.9909743e-06,0.000742907,7.520383e-05
8359,6.3910384e-06,0.0007051722,6.594968e-05
8360,5.2791006e-06,0.00068990875,5.3006093e-05
8361,4.3914924e-06,0.0006820699,4.3526143e-05
8362,3.5055505e-06,0.0006634549,3.3885528e-05
8363,4.743584e-06,0.0007726927,5.074339e-05
8364,4.0298028e-06,0.000746751,4.1433676e-05
8365,3.0169197e-06,0.0007139698,3.0358577e-05
8366,2.1685796e-06,0.0006751936,2.1384629e-05
8367,1.7822805e-06,0.0006510869,1.6894941e-05
8368,1.5298726e-06,0.0005901497,1.35110195e-05
8369,1.3130832e-06,0.00052740116,1.0751787e-05
8370,1.141202e-06,0.00048189936,8.746862e-06
8371,9.627731e-07,0.0004711007,7.129078e-06
8372,8.482676e-07,0.0004270353,5.8886644e-06
8373,1.9350741e-06,0.00057061465,1.688033e-05
8374,1.9490546e-06,0.0005442248,1.6561191e-05
8375,2.3688044e-06,0.0005627275,2.0788939e-05
8376,2.0790721e-06,0.0005344357,1.7365406e-05
8377,1.7992243e-06,0.000520779,1.4473816e-05
8378,1.4689899e-06,0.00051037275,1.15133935e-05
8379,1.3029544e-06,0.0004649946,9.590954e-06
8380,1.1193007e-06,0.00045677245,7.974236e-06
8381,9.896378e-07,0.0004252195,6.665325e-06
8382,8.399473e-07,0.00041987567,5.501748e-06
8383,7.2135845e-07,0.00041405106,4.5844595e-06
8384,6.3805874e-07,0.0003815408,3.820933e-06
8385,1.8597385e-06,0.0005586735,1.5029144e-05
8386,2.2646254e-06,0.0005729406,1.8875098e-05
8387,2.8527495e-06,0.0005992559,2.4857572e-05
8388,3.224573e-06,0.0006470685,2.9302902e-05
8389,2.7573826e-06,0.0006328726,2.4241792e-05
8390,2.3873795e-06,0.00061699405,2.024824e-05
8391,2.0445916e-06,0.00060441607,1.678958e-05
8392,1.7589223e-06,0.00059180945,1.3974306e-05
8393,1.4824464e-06,0.0005811795,1.1444532e-05
8394,1.3061766e-06,0.00055988465,9.667881e-06
8395,1.1824654e-06,0.000515002,8.284516e-06
8396,1.0759738e-06,0.00048152113,7.2032562e-06
8397,9.2978235e-07,0.00047567833,6.051201e-06
8398,8.194121e-07,0.0004668184,5.158869e-06
8399,7.332975e-07,0.00044733204,4.4223398e-06
8400,6.505829e-07,0.0004393035,3.7972102e-06
8401,5.819326e-07,0.00042844363,3.2774806e-06
8402,5.189462e-07,0.0004208758,2.8297168e-06
8403,4.6418933e-07,0.00038937863,2.3963978e-06
8404,4.084631e-07,0.00038721858,2.0561115e-06
8405,3.6770928e-07,0.00036184015,1.7601484e-06
8406,1.3875916e-06,0.0005897057,9.719734e-06
8407,1.3730006e-06,0.00058154314,9.524144e-06
8408,1.2168784e-06,0.00053098326,7.953685e-06
8409,1.3518826e-06,0.0005397076,8.960933e-06
8410,1.9057511e-06,0.00061024004,1.3893048e-05
8411,1.8543391e-06,0.0005916387,1.3252145e-05
8412,1.6660988e-06,0.0005624134,1.1398249e-05
8413,1.494144e-06,0.0005244834,9.720762e-06
8414,1.3502489e-06,0.00050726504,8.467865e-06
8415,1.2028981e-06,0.00050266675,7.346983e-06
8416,1.0904282e-06,0.0004818236,6.4023034e-06
8417,1.1709722e-06,0.00048232428,6.9020416e-06
8418,1.0576535e-06,0.00047549908,6.058081e-06
8419,9.547373e-07,0.00046996365,5.3206663e-06
8420,8.641526e-07,0.00043921327,4.592049e-06
8421,7.8972636e-07,0.0004234895,4.0481386e-06
8422,7.171572e-07,0.00039573584,3.5076127e-06
8423,6.559999e-07,0.00039060015,3.1223794e-06
8424,6.090651e-07,0.00038321843,2.8206764e-06
8425,5.6018945e-07,0.0003750914,2.5184297e-06
8426,5.1605076e-07,0.00036676167,2.2519348e-06
8427,4.746133e-07,0.00036283763,2.0189505e-06
8428,4.3773582e-07,0.000357365,1.812737e-06
8429,4.047368e-07,0.00034835548,1.6264233e-06
8430,3.7461493e-07,0.00034163534,1.464097e-06
8431,3.4717985e-07,0.0003349238,1.319828e-06
8432,3.217144e-07,0.00033089344,1.1929598e-06
8433,2.98535e-07,0.0003265141,1.0795854e-06
8434,3.8537604e-07,0.0003575105,1.4931849e-06
8435,3.6822408e-07,0.00034986043,1.4003083e-06
8436,3.680805e-07,0.00034736385,1.3904204e-06
8437,6.999549e-07,0.00044722334,3.198673e-06
8438,6.6389464e-07,0.00043517415,2.96857e-06
8439,8.542644e-07,0.00047247345,4.068503e-06
8440,1.1582446e-06,0.0005281929,6.0066745e-06
8441,1.266048e-06,0.0005347006,6.650451e-06
8442,1.5935309e-06,0.00058250903,8.930195e-06
8443,1.4750697e-06,0.00055492454,7.990306e-06
8444,1.3803038e-06,0.0005350132,7.2579155e-06
8445,1.2721272e-06,0.000512766,6.463572e-06
8446,1.5341387e-06,0.00054033945,8.13731e-06
8447,1.4178191e-06,0.00052669784,7.3104384e-06
8448,1.127284e-05,0.0011478076,0.00010593485
8449,1.0147384e-05,0.001104821,9.2324466e-05
8450,9.157012e-06,0.0010523746,8.0369355e-05
8451,8.278384e-06,0.0009986495,7.000063e-05
8452,7.5095404e-06,0.0009564603,6.137473e-05
8453,6.8172726e-06,0.00090793567,5.369161e-05
8454,6.2581917e-06,0.0008628427,4.7651458e-05
8455,8.581353e-06,0.00096707104,7.1412345e-05
8456,7.801147e-06,0.0009263036,6.276735e-05
8457,7.0825704e-06,0.00087330124,5.4797885e-05
8458,6.791723e-06,0.0008449802,5.1412466e-05
8459,9.617299e-06,0.000983024,8.079603e-05
8460,9.380525e-06,0.00095757516,7.765366e-05
8461,1.5533398e-05,0.0011519773,0.00014823454
8462,6.844545e-05,0.0020404845,0.0009714599
8463,6.0311253e-05,0.0018814754,0.0008259791
8464,0.000118242104,0.002386806,0.0018551735
8465,9.753506e-05,0.0021151784,0.0014609961
8466,8.2045044e-05,0.0019027563,0.0011735363
8467,8.615511e-05,0.0018993022,0.0012426759
8468,7.3309166e-05,0.0017484773,0.0010151352
8469,6.313031e-05,0.0015980183,0.0008354071
8470,5.562754e-05,0.0014745714,0.00070685096
8471,4.872299e-05,0.0013595711,0.0005920873
8472,4.308444e-05,0.001257516,0.0005013031
8473,7.766898e-05,0.001541565,0.0010336488
8474,0.00019348178,0.0021311212,0.0029654186
8475,0.00015541166,0.0018420309,0.002281168
8476,0.00012852681,0.0016107947,0.001795756
8477,0.000110383706,0.0014525782,0.0014777854
8478,9.475847e-05,0.0013168511,0.001211268
8479,9.433401e-05,0.0012717907,0.001189128
8480,0.00012366805,0.0013620701,0.0016204051
8481,0.00010715995,0.0012385359,0.0013450969
8482,0.00474621,0.0055276,0.016214507
8483,0.004382331,0.0045688776,0.015959663
8484,0.002236513,0.0029376333,0.013811706
8485,0.0012777423,0.001903221,0.010742451
8486,0.0008276155,0.001355695,0.007889342
8487,0.00059658784,0.0010553269,0.0058360226
8488,0.0009025223,0.0011349109,0.007904943
8489,0.00066530117,0.00091154344,0.005987625
8490,0.0005176619,0.0007638735,0.0046032663
8491,0.0013453101,0.0010507539,0.009630752
8492,0.0009955121,0.00081697706,0.00756132
8493,0.00074238516,0.000667257,0.005738754
8494,0.00062559434,0.00058037415,0.004752155
8495,0.00052341464,0.000510568,0.0038766295
8496,0.00044202988,0.00046610675,0.003183038
8497,0.00038262922,0.00043313217,0.002673329
8498,0.00033687058,0.00040868056,0.0022851117
8499,0.00030077685,0.0003891427,0.001982259
8500,0.00027020078,0.0003766066,0.0017364107
8501,0.00024487553,0.00036677023,0.0015365073
8502,0.00022326618,0.00035954104,0.0013702357
8503,0.00020431016,0.00035484604,0.001228938
8504,0.00018892024,0.00034863935,0.0011125441
8505,0.0001745509,0.0003462212,0.0010095896
8506,0.00016173413,0.0003449784,0.00091991073
8507,0.000149953,0.0003452692,0.00084008346
8508,0.00014132539,0.00034341964,0.0007793662
8509,0.00018899818,0.00039021208,0.0011135316
8510,0.0002527535,0.00044077053,0.0015743737
8511,0.00024998185,0.00043821512,0.0015415582
8512,0.0002310508,0.0004210503,0.0013914459
8513,0.00021341175,0.0004107431,0.0012569263
8514,0.00022122961,0.0004202469,0.0013068162
8515,0.0002425338,0.00044552697,0.0014596018
8516,0.00022258502,0.0004353374,0.0013104562
8517,0.00020417348,0.00043023916,0.0011799181
8518,0.000188592,0.00042550874,0.0010701541
8519,0.00017396826,0.00042401344,0.0009717669
8520,0.00017972648,0.00043628635,0.0010101139
8521,0.00020276144,0.00046550977,0.0011699278
8522,0.00020602059,0.0004751478,0.0011903626
8523,0.00027248843,0.0005341387,0.0016591392
8524,0.00024924372,0.00051930564,0.0014842189
8525,0.00040459775,0.00063298503,0.0025933804
8526,0.00035638333,0.0006123984,0.0022461293
8527,0.0003147289,0.00059137156,0.0019407792
8528,0.00029293093,0.000578772,0.0017747579
8529,0.0004894801,0.00072125153,0.0031711021
8530,0.00042405436,0.0006728662,0.0026749803
8531,0.00037032255,0.0006486694,0.0022973686
8532,0.00032802823,0.00062398385,0.0019889853
8533,0.00029553333,0.00060137484,0.0017498737
8534,0.0002649894,0.00058915233,0.00153998
8535,0.00023241666,0.000581724,0.0013339517
8536,0.00020457956,0.0005771933,0.0011614547
8537,0.00079933275,0.0010025084,0.0052287914
8538,0.0007677425,0.0009256247,0.004912587
8539,0.00063112617,0.0008169035,0.003956829
8540,0.0005421785,0.0007503563,0.0033192178
8541,0.0004504215,0.00070643204,0.0027152048
8542,0.00039182996,0.0006744743,0.0023111808
8543,0.00034802378,0.0006484695,0.0020065585
8544,0.0005389236,0.0007791877,0.00326499
8545,0.000745433,0.00087052654,0.0045009465
8546,0.0006163456,0.000793346,0.0036580581
8547,0.0005041293,0.00074024074,0.0029537564
8548,0.00041942668,0.0007031627,0.0024243824
8549,0.00036019995,0.0006784901,0.0020487146
8550,0.00031523485,0.0006618765,0.0017654669
8551,0.00030419373,0.0006750544,0.0017125315
8552,0.00027645956,0.00065648614,0.0015242994
8553,0.00024076943,0.0006471332,0.0013134297
8554,0.00027028643,0.00068165886,0.0015056299
8555,0.00023571061,0.00067347725,0.0013040233
8556,0.00022261117,0.0006712737,0.0012186811
8557,0.00095355464,0.0011964218,0.0058836285
8558,0.0007363629,0.001046353,0.0045541553
8559,0.00065041514,0.0009739014,0.0039647217
8560,0.0005322565,0.0008986176,0.0031987831
8561,0.0004396991,0.00084542204,0.0026070136
8562,0.00037860652,0.0008092341,0.002204043
8563,0.00033694634,0.0007780887,0.0019189368
8564,0.0002863825,0.0007559348,0.0016135453
8565,0.00033280288,0.0008143949,0.0019270002
8566,0.0004318577,0.000910885,0.0025917669
8567,0.0004104303,0.00088520575,0.002426733
8568,0.0012157409,0.0013528112,0.0070366156
8569,0.0017831145,0.0014790035,0.009097092
8570,0.0010566646,0.00116045,0.0061739367
8571,0.0007516649,0.0009949201,0.0045200903
8572,0.0005183862,0.00086608593,0.0031930418
8573,0.00043347286,0.00081599917,0.0026267665
8574,0.0043644337,0.0020924837,0.014021631
8575,0.0021420333,0.0015711721,0.010494772
8576,0.0014326001,0.0012348315,0.007894036
8577,0.0008793309,0.0009953148,0.0053415755
8578,0.0006664239,0.0008822861,0.0040728785
8579,0.00045070326,0.0007819844,0.0028278632
8580,0.0003520105,0.0007303246,0.0022018948
8581,0.00031768566,0.0007005458,0.0019416279
8582,0.00027889063,0.0006830507,0.001675866
8583,0.00020250883,0.0006390678,0.0012279211
8584,0.00018282351,0.00063408434,0.0010926874
8585,0.00016380085,0.000632014,0.0009678083
8586,0.00014895936,0.0006312782,0.000869465
8587,0.0006758028,0.0011587703,0.0048166662
8588,0.0005509717,0.0010227375,0.0038520365
8589,0.0004318463,0.00093482086,0.003000801
8590,0.00037009674,0.0008773671,0.002513008
8591,0.00032224302,0.0008402053,0.002146421
8592,0.0025485365,0.0019369576,0.012042162
8593,0.0013709822,0.0014035678,0.008499246
8594,0.0009854947,0.0011387124,0.006415994
8595,0.021033047,0.0049499483,0.01721586
8596,0.013830174,0.0071961624,0.016910773
8597,0.0068065138,0.006726037,0.015810397
8598,0.0037218332,0.005072089,0.0138104735
8599,0.015895186,0.009512872,0.017021993
8600,0.008807947,0.010007891,0.016322171
8601,0.00427286,0.0074604037,0.014400948
8602,0.00217709,0.005066428,0.011176614
8603,0.0010550607,0.0035953056,0.00719907
8604,0.00056695787,0.002870233,0.004385381
8605,0.00034557533,0.0024324325,0.0028054204
8606,0.00022330499,0.0021457234,0.0018590319
8607,0.00014857929,0.001939357,0.0012581941
8608,9.597787e-05,0.0018151996,0.00082980876
8609,9.0533395e-05,0.0018521533,0.00081670756
8610,8.418477e-05,0.0018194618,0.0007531722
8611,5.9220667e-05,0.0016621852,0.0005329797
8612,4.043983e-05,0.0015384026,0.0003672823
8613,3.6337162e-05,0.0015078753,0.0003241713
8614,2.9047258e-05,0.0014605147,0.00025816076
8615,2.5885933e-05,0.0014420912,0.00022655379
8616,2.3580264e-05,0.0013938904,0.0002014807
8617,2.1496931e-05,0.0014182444,0.00018687108
8618,1.9585143e-05,0.0013660587,0.00016592984
8619,3.3512453e-05,0.0016676091,0.00032976991
8620,0.0002889266,0.0037508807,0.0042022187
8621,0.00015942755,0.0031015987,0.002453122
8622,9.463383e-05,0.0026743894,0.0014894173
8623,6.815144e-05,0.0024088,0.0010591518
8624,4.3292235e-05,0.0021212797,0.0006731727
8625,3.6386733e-05,0.0019801597,0.00054377894
8626,6.7491e-05,0.0023919956,0.001151639
8627,5.5865803e-05,0.0021194497,0.00090181356
8628,4.6887304e-05,0.0018786169,0.00071394554
8629,7.162024e-05,0.0021383662,0.0011924302
8630,0.00010770411,0.0024409082,0.0019232736
8631,8.9838526e-05,0.0021785586,0.0015370009
8632,6.210275e-05,0.0019419689,0.0010490874
8633,3.836576e-05,0.0017305991,0.0006482308
8634,2.4819366e-05,0.001546439,0.00041439346
8635,1.6976714e-05,0.0014107103,0.0002774616
8636,1.4566188e-05,0.001275281,0.00022333337
8637,1.236514e-05,0.0011294162,0.0001760691
8638,1.0016919e-05,0.0010769222,0.00013712453
8639,8.338978e-06,0.0010242882,0.000109096305
8640,6.8667096e-06,0.0009837083,8.657523e-05
8641,5.6030326e-06,0.0009536519,6.901718e-05
8642,4.6296864e-06,0.0009116277,5.4619493e-05
8643,3.4316486e-06,0.00086262095,3.939433e-05
8644,2.6118912e-06,0.00081961055,2.9018016e-05
8645,5.23419e-06,0.0010167774,6.953489e-05
8646,4.3801547e-06,0.0009436916,5.473096e-05
8647,3.74799e-06,0.0008372811,4.345174e-05
8648,3.3380127e-06,0.00078986445,3.6863956e-05
8649,2.2407269e-06,0.0007315618,2.4285373e-05
8650,1.6685713e-06,0.0006919535,1.7488175e-05
8651,1.4022869e-06,0.00064431323,1.380004e-05
8652,1.1346206e-06,0.00061533786,1.066951e-05
8653,8.8290784e-07,0.0005871586,7.986574e-06
8654,7.540885e-07,0.000577569,6.692238e-06
8655,6.227567e-07,0.0005479976,5.241134e-06
8656,5.12326e-07,0.0005221708,4.1012067e-06
8657,4.2153025e-07,0.0004986175,3.213763e-06
8658,3.5783336e-07,0.0004673881,2.5678175e-06
8659,3.0632444e-07,0.0004341792,2.0617974e-06
8660,2.3010641e-07,0.0004151184,1.5043956e-06
8661,1.9090018e-07,0.0003986055,1.1912523e-06
8662,1.6198241e-07,0.00035188298,9.287839e-07
8663,1.3975969e-07,0.0003210717,7.469673e-07
8664,1.2388455e-07,0.00030395712,6.28437e-07
8665,1.0689669e-07,0.00029893572,5.2535444e-07
8666,9.452614e-08,0.00028702815,4.43527e-07
8667,8.2362085e-08,0.00026088633,3.6058697e-07
8668,7.107828e-08,0.000255156,2.9960057e-07
8669,6.256938e-08,0.0002457507,2.519564e-07
8670,5.3949602e-08,0.0002414704,2.0981145e-07
8671,4.6572765e-08,0.00024338426,1.802349e-07
8672,3.4096455e-08,0.00023416012,1.2984349e-07
8673,2.8262377e-08,0.00023136214,1.053821e-07
8674,4.416938e-08,0.00027151444,1.847224e-07
8675,3.665768e-08,0.00026492676,1.4795634e-07
8676,2.7829465e-08,0.00025567107,1.0961409e-07
8677,2.0186814e-08,0.00024414362,7.777178e-08
8678,2.1277954e-08,0.00025061195,8.2409024e-08
8679,2.359283e-08,0.00024793754,9.1195375e-08
8680,2.0464661e-08,0.0002309877,7.4314606e-08
8681,2.0948189e-08,0.00023534618,7.5938694e-08
8682,3.002847e-08,0.00026772413,1.1908048e-07
8683,4.8320615e-08,0.00031080848,2.1506875e-07
8684,1.1186214e-07,0.00042442748,6.2803144e-07
8685,1.5230768e-07,0.00045650837,9.0981433e-07
8686,5.320556e-07,0.00074942457,4.595584e-06
8687,4.516907e-07,0.00071890454,3.744549e-06
8688,3.9837877e-07,0.00070244574,3.2150929e-06
8689,4.1944546e-07,0.0006882727,3.3473057e-06
8690,7.27954e-07,0.00079827564,6.6318125e-06
8691,1.3027731e-06,0.0009702615,1.3915717e-05
8692,1.1294861e-06,0.00084919576,1.1140852e-05
8693,9.3139573e-07,0.00080367713,8.728979e-06
8694,7.873238e-07,0.0007703099,7.0756882e-06
8695,8.732146e-07,0.00078614365,7.9525935e-06
8696,8.836221e-07,0.0007475472,7.83177e-06
8697,5.302732e-06,0.0014489569,7.817888e-05
8698,4.388755e-06,0.0012499093,5.9255774e-05
8699,4.111273e-06,0.0011808163,5.3783137e-05
8700,3.7687225e-06,0.0010692058,4.6635058e-05
8701,3.1864952e-06,0.00096062175,3.663281e-05
8702,3.0553038e-06,0.0009493298,3.4553996e-05
8703,2.5663935e-06,0.0008990417,2.7596803e-05
8704,2.753268e-06,0.00090698956,2.9761115e-05
8705,2.356844e-06,0.00083762646,2.3943641e-05
8706,2.5149566e-06,0.0008877393,2.6445792e-05
8707,2.08074e-06,0.00085115625,2.0986407e-05
8708,1.6153429e-06,0.00081375113,1.5787784e-05
8709,1.3732716e-06,0.00076915236,1.2732962e-05
8710,1.0840971e-06,0.000737969,9.719882e-06
8711,8.939106e-07,0.000708461,7.685957e-06
8712,7.14298e-07,0.0006804655,5.9235063e-06
8713,6.039688e-07,0.0006481762,4.766542e-06
8714,5.1985614e-07,0.0005993712,3.851743e-06
8715,3.790152e-07,0.0005682135,2.7435797e-06
8716,3.0891104e-07,0.0005468569,2.1485675e-06
8717,2.5365603e-07,0.00052621076,1.6926584e-06
8718,2.1568157e-07,0.00046492682,1.3252171e-06
8719,1.8607066e-07,0.00044175802,1.0851105e-06
8720,1.6128907e-07,0.00042003632,8.932752e-07
8721,2.1631251e-07,0.00044953445,1.2708323e-06
8722,1.7101342e-05,0.0023424416,0.0003557255
8723,1.5807873e-05,0.0021349778,0.00031442023
8724,1.2368494e-05,0.0019234028,0.00023052505
8725,1.3037298e-05,0.0019255668,0.00024514084
8726,1.0936709e-05,0.00171181,0.00019155399
8727,9.898299e-06,0.0016026474,0.00016735453
8728,8.223286e-06,0.0013909602,0.00012803171
8729,6.7901046e-06,0.001227704,9.7489174e-05
8730,5.6188746e-06,0.0010652236,7.388127e-05
8731,4.714665e-06,0.00094065507,5.7193414e-05
8732,3.425378e-06,0.00088443107,4.044453e-05
8733,2.6317925e-06,0.00083950785,2.9967672e-05
8734,2.116926e-06,0.0007987487,2.3045875e-05
8735,2.127129e-06,0.00076778914,2.2717117e-05
8736,1.8038097e-06,0.00067378016,1.7735332e-05
8737,1.6895096e-06,0.0006611175,1.6191956e-05
8738,1.4318634e-06,0.0005788285,1.26078885e-05
8739,1.533558e-06,0.00056551263,1.3383926e-05
8740,1.3277057e-06,0.000502099,1.0736432e-05
8741,1.1939483e-06,0.00048858754,9.313581e-06
8742,1.4934446e-06,0.000537998,1.237154e-05
8743,1.2953982e-06,0.00048644686,1.0009544e-05
8744,1.1389743e-06,0.0004603947,8.360145e-06
8745,1.0024371e-06,0.00042618564,6.93519e-06
8746,8.7610647e-07,0.0003837118,5.655286e-06
8747,7.490684e-07,0.00037941625,4.699739e-06
8748,6.4405356e-07,0.00037488126,3.9233078e-06
8749,5.738009e-07,0.0003537767,3.3230199e-06
8750,5.036656e-07,0.00034874617,2.8244094e-06
8751,4.4869486e-07,0.00033997907,2.423433e-06
8752,4.0204696e-07,0.0003206923,2.0666062e-06
8753,3.6084248e-07,0.00031239376,1.7871324e-06
8754,1.499311e-06,0.0005217418,1.1086705e-05
8755,1.3863352e-06,0.00049594336,9.891284e-06
8756,1.2710055e-06,0.00046753156,8.704882e-06
8757,1.1744266e-06,0.000443976,7.753613e-06
8758,1.1036213e-06,0.00041982706,7.0207043e-06
8759,9.895576e-07,0.00039450132,5.9902677e-06
8760,8.836575e-07,0.00038843238,5.1825164e-06
8761,7.6823926e-07,0.00038684404,4.3990003e-06
8762,6.736878e-07,0.00038465954,3.7598077e-06
8763,5.891881e-07,0.0003827131,3.207016e-06
8764,5.106704e-07,0.0003811403,2.7154633e-06
8765,4.8014556e-07,0.0003629374,2.46038e-06
8766,6.4457583e-07,0.0004005014,3.5679004e-06
8767,5.824156e-07,0.000384145,3.093899e-06
8768,5.2752114e-07,0.00036937246,2.6928606e-06
8769,4.781232e-07,0.00036023665,2.3582177e-06
8770,4.3474256e-07,0.0003487731,2.0670554e-06
8771,5.90892e-07,0.00038479705,3.038602e-06
8772,7.578185e-07,0.00041578675,4.146154e-06
8773,6.874145e-07,0.00039198215,3.593804e-06
8774,6.2735313e-07,0.00038773875,3.192865e-06
8775,5.8195985e-07,0.00036704735,2.8455916e-06
8776,5.6076357e-07,0.00036133372,2.6853015e-06
8777,5.131059e-07,0.00035176525,2.3769578e-06
8778,5.0889685e-07,0.0003390043,2.3057396e-06
8779,4.770256e-07,0.00032569634,2.097374e-06
8780,4.4678836e-07,0.00031261492,1.9050902e-06
8781,4.1144455e-07,0.00030628085,1.7028416e-06
8782,3.78113e-07,0.00030352213,1.5253124e-06
8783,3.4703652e-07,0.00030203586,1.3669012e-06
8784,3.1953942e-07,0.00029952955,1.2275565e-06
8785,4.2082337e-07,0.00032934794,1.7390371e-06
8786,4.9351246e-07,0.00034473254,2.1149608e-06
8787,4.7068642e-07,0.0003496238,1.9973031e-06
8788,4.2910688e-07,0.00034990648,1.7831051e-06
8789,3.9304803e-07,0.00032855594,1.5637905e-06
8790,3.6381067e-07,0.00031881084,1.402536e-06
8791,3.3729836e-07,0.00031061776,1.2620345e-06
8792,3.1311112e-07,0.00030253764,1.1372314e-06
8793,2.9105746e-07,0.000296265,1.0282699e-06
8794,2.70457e-07,0.0002859729,9.2524425e-07
8795,2.5434227e-07,0.00028060778,8.4869936e-07
8796,2.6443897e-07,0.00028273504,8.86248e-07
8797,2.543755e-07,0.00027830346,8.3929547e-07
8798,2.3752555e-07,0.00027302647,7.635145e-07
8799,2.2049788e-07,0.00025965736,6.834211e-07
8800,2.0497374e-07,0.0002471033,6.128936e-07
8801,1.9212276e-07,0.00024169715,5.59606e-07
8802,1.8008603e-07,0.00023493374,5.1006475e-07
8803,1.6866505e-07,0.00022668747,4.6349706e-07
8804,1.5846267e-07,0.00022073044,4.2389468e-07
8805,1.4919294e-07,0.00021759424,3.901014e-07
8806,1.4056546e-07,0.0002151965,3.596868e-07
8807,1.3254515e-07,0.00021234217,3.3174842e-07
8808,1.5447868e-07,0.0002266289,4.0246047e-07
8809,1.6451412e-07,0.00022835482,4.314853e-07
8810,1.5516584e-07,0.00022390562,3.974176e-07
8811,1.464099e-07,0.00021897316,3.6596674e-07
8812,1.3832484e-07,0.00021492332,3.378891e-07
8813,1.3082591e-07,0.0002126001,3.1310233e-07
8814,1.0640433e-06,0.00047079823,4.703172e-06
8815,1.115354e-06,0.00048370968,4.983417e-06
8816,1.0404478e-06,0.0004720673,4.5300694e-06
8817,9.716565e-07,0.00046232555,4.127883e-06
8818,9.0822545e-07,0.00045232452,3.7641837e-06
8819,8.465107e-07,0.0004339066,3.4009643e-06
8820,7.918689e-07,0.00042031624,3.0948606e-06
8821,7.396169e-07,0.0004034773,2.8037643e-06
8822,7.0568956e-07,0.00039508674,2.6261569e-06
8823,6.8670164e-07,0.00039401927,2.5362315e-06
8824,6.4400626e-07,0.0003813579,2.3143632e-06
8825,6.041802e-07,0.00036838488,2.1116339e-06
8826,5.687929e-07,0.00036043892,1.9418346e-06
8827,5.361175e-07,0.0003549893,1.7917516e-06
8828,5.055742e-07,0.00034828993,1.6524148e-06
8829,4.77218e-07,0.00034366702,1.5282388e-06
8830,4.5072e-07,0.00033819687,1.4132887e-06
8831,4.4513055e-07,0.00033317663,1.3785817e-06
8832,8.200025e-06,0.0010320204,6.0309732e-05
8833,7.706269e-06,0.0010043549,5.5636054e-05
8834,7.3510932e-06,0.0009913864,5.2525953e-05
8835,1.0042575e-05,0.0011112022,7.84793e-05
8836,1.2672872e-05,0.0011933628,0.00010524375
8837,1.1539252e-05,0.0011311121,9.265843e-05
8838,1.0550058e-05,0.0010834157,8.219705e-05
8839,9.667761e-06,0.0010424147,7.3190895e-05
8840,8.876115e-06,0.0010097179,6.543839e-05
8841,8.159712e-06,0.0009733985,5.8491893e-05
8842,7.511811e-06,0.0009378832,5.2349158e-05
8843,6.921234e-06,0.00090034265,4.6835507e-05
8844,6.379763e-06,0.00085938437,4.184488e-05
8845,6.064536e-06,0.00084458926,3.922131e-05
8846,1.0731327e-05,0.0010395214,8.157014e-05
8847,3.7597085e-05,0.0016924605,0.00040910454
8848,3.3521344e-05,0.0015785757,0.0003515259
8849,3.0038336e-05,0.0015004949,0.0003052352
8850,2.7004075e-05,0.0014195619,0.00026541116
8851,7.06959e-05,0.0020357093,0.000892348
8852,6.147052e-05,0.0018723044,0.0007457448
8853,5.3935062e-05,0.0017430537,0.0006306511
8854,4.762086e-05,0.0016205837,0.000536014
8855,4.4874258e-05,0.0015577888,0.0004961339
8856,0.00030209572,0.0032166627,0.0045485315
8857,0.00024308858,0.0026885145,0.0035997902
8858,0.00019070036,0.0022394545,0.0027117915
8859,0.0001555739,0.0019335886,0.0021150701
8860,0.00013094505,0.0017144228,0.0017036642
8861,0.00011177579,0.0015405088,0.0013906781
8862,0.00023129473,0.0019902817,0.0031667547
8863,0.0006110689,0.0027315614,0.0076468275
8864,0.00042331466,0.0020196592,0.005430551
8865,0.00032053638,0.0016264877,0.0040254113
8866,0.000256449,0.001377686,0.0031034467
8867,0.00022153996,0.0012268305,0.002585504
8868,0.00045232984,0.0015441059,0.005301654
8869,0.0003675692,0.0012971223,0.0042345095
8870,0.00029574858,0.0011140933,0.0032972938
8871,0.00024655176,0.0009826076,0.0026433005
8872,0.00021070788,0.00088690413,0.0021712275
8873,0.0001984849,0.000842165,0.0019970327
8874,0.00017951349,0.000791144,0.001757785
8875,0.00016604539,0.0007510026,0.0015889328
8876,0.00017953316,0.0007570509,0.0017288536
8877,0.00017097512,0.0007243851,0.0016178446
8878,0.00015268497,0.0006832238,0.0013972518
8879,0.0001371872,0.0006491191,0.0012157658
8880,0.00012543771,0.00062194176,0.001080139
8881,0.00011361048,0.0006061385,0.00095423503
8882,0.000103896156,0.0005835586,0.0008482114
8883,9.53377e-05,0.0005711775,0.0007604054
8884,8.726125e-05,0.0005643447,0.00068190787
8885,8.0585305e-05,0.0005522526,0.0006153166
8886,0.00013648676,0.00068447355,0.0011780341
8887,0.00012242736,0.00066961517,0.0010331228
8888,0.00011137632,0.00065080845,0.0009165725
8889,0.00050535996,0.0011656975,0.0049617602
8890,0.00040151298,0.0010057045,0.0038614452
8891,0.0003307216,0.00090287864,0.0030949311
8892,0.00028086387,0.0008272112,0.002547519
8893,0.00024414717,0.00076354545,0.0021404163
8894,0.00021525337,0.0007165187,0.0018278841
8895,0.00019121142,0.0006851405,0.0015793041
8896,0.00017388517,0.000654657,0.0013968244
8897,0.00015741427,0.0006416909,0.0012393623
8898,0.00014154763,0.00063029263,0.0010919108
8899,0.00012846955,0.0006200091,0.00097102387
8900,0.0001162174,0.0006148304,0.00086336397
8901,0.00010727757,0.0005994629,0.0007789303
8902,9.9336314e-05,0.0005866104,0.00070582697
8903,0.00017202525,0.0007303347,0.0013809162
8904,0.00017722255,0.0007323059,0.0014221249
8905,0.00015884983,0.00071292906,0.0012463871
8906,0.00013923361,0.00070294907,0.0010759797
8907,0.00012407436,0.0006958376,0.00094367046
8908,0.000110051275,0.00069183327,0.00082582387
8909,9.978463e-05,0.0006878146,0.00073707587
8910,9.1670925e-05,0.00068112987,0.0006653451
8911,8.556971e-05,0.000664634,0.0006082625
8912,0.00012338762,0.0007678227,0.0009582259
8913,0.0003282734,0.0011217716,0.0029983842
8914,0.00027447322,0.0010410119,0.0024486335
8915,0.00023451296,0.0009822914,0.0020421473
8916,0.00020655725,0.0009262829,0.0017473599
8917,0.0001816282,0.0008925673,0.0015017928
8918,0.0001627049,0.00085976336,0.0013124996
8919,0.0012316117,0.0018869524,0.009374103
8920,0.00087213016,0.0014389667,0.00709377
8921,0.00065492967,0.0011631387,0.005374828
8922,0.0005201126,0.0010032412,0.004205555
8923,0.0005078083,0.0009475081,0.0040175645
8924,0.00042493612,0.00085244386,0.0032741555
8925,0.00032433134,0.00078238966,0.0024935533
8926,0.00027317164,0.00074655854,0.0020634579
8927,0.00042667336,0.00087563775,0.0033500292
8928,0.00036510907,0.0007961392,0.0027789301
8929,0.0003167474,0.0007463741,0.0023458728
8930,0.0002693759,0.00071635837,0.001959877
8931,0.0002243617,0.00069183426,0.0016137484
8932,0.00019946665,0.0006762151,0.0014071376
8933,0.00026450137,0.00076636707,0.0019630387
8934,0.00023127261,0.0007432627,0.0016848241
8935,0.0010053006,0.0013150856,0.0073871277
8936,0.00090753357,0.0011563498,0.00660753
8937,0.0009922354,0.001094895,0.0069083376
8938,0.0007550772,0.00091877324,0.00530387
8939,0.0005492616,0.0008031044,0.003915549
8940,0.00035762604,0.00071695086,0.0026333744
8941,0.00035544,0.0007367663,0.0026716713
8942,0.0003164647,0.00071025454,0.0023381226
8943,0.00025655451,0.0006766832,0.0018773656
8944,0.00024391992,0.00066828943,0.0017616508
8945,0.00021873035,0.000646167,0.0015426485
8946,0.00021920746,0.0006548176,0.0015432587
8947,0.00019663671,0.0006441542,0.0013610992
8948,0.00043046067,0.000910865,0.0033834898
8949,0.00031237846,0.00082586484,0.0025194916
8950,0.00022953036,0.0007575579,0.0018572895
8951,0.00020153329,0.0007320137,0.0015946464
8952,0.00018071877,0.0007070594,0.0013951873
8953,0.00012943127,0.00065711176,0.0010063251
8954,0.00010318543,0.000637972,0.00080019986
8955,8.696517e-05,0.0006320625,0.0006697977
8956,8.039829e-05,0.00061814836,0.00060548255
8957,0.00013596975,0.00075741473,0.0011550748
8958,0.00045366754,0.0011991045,0.004425267
8959,0.00036483686,0.0010574276,0.0034808107
8960,0.00029840684,0.00096805993,0.0027852042
8961,0.00019868428,0.0008662266,0.0018869443
8962,0.00021404432,0.0009151029,0.0020784088
8963,0.00020492166,0.00088005513,0.0019505899
8964,0.00017985022,0.00083144195,0.001660637
8965,0.00015927189,0.00079524575,0.0014300817
8966,0.00030219165,0.0010210278,0.0029665846
8967,0.00022150532,0.00092503097,0.002175257
8968,0.00014370507,0.0008529652,0.0014394714
8969,0.00012437621,0.00082685286,0.0012181452
8970,0.0001083404,0.00080728513,0.001039088
8971,0.00010020747,0.00077913876,0.0009373446
8972,9.0766924e-05,0.00074989727,0.0008249361
8973,8.264242e-05,0.0007216893,0.0007297665
8974,7.533034e-05,0.0007051413,0.0006493104
8975,6.863551e-05,0.0006948961,0.00057914597
8976,6.2657644e-05,0.00068699487,0.0005181697
8977,5.1398263e-05,0.0006780915,0.00042305453
8978,0.00036540182,0.0014704568,0.004233892
8979,0.002153713,0.0027629533,0.013383353
8980,0.0017461228,0.0020985599,0.012069907
8981,0.00083804654,0.0014636837,0.008044682
8982,0.00045465693,0.0011348865,0.0050027976
8983,0.0002900289,0.0009416825,0.0033072499
8984,0.00019614259,0.00082555966,0.0022612365
8985,0.00011952296,0.00077924784,0.0014175383
8986,0.00010357802,0.0007437293,0.0011887093
8987,8.9684756e-05,0.0007196485,0.0010007267
8988,7.705726e-05,0.0007030816,0.00083988596
8989,6.3714746e-05,0.0006884337,0.00068354805
8990,5.4412245e-05,0.0006790144,0.0005726677
8991,4.096571e-05,0.00065226294,0.00042889157
8992,3.4515688e-05,0.0006458901,0.00035540198
8993,3.6713234e-05,0.00065049826,0.0003795255
8994,3.070793e-05,0.00064456003,0.00031295794
8995,2.480421e-05,0.0006343767,0.00024978793
8996,2.230547e-05,0.0006193656,0.00021775742
8997,2.0184463e-05,0.0005970512,0.0001902081
8998,1.7434368e-05,0.0005957518,0.00016136702
8999,1.48971285e-05,0.000594272,0.0001356186
9000,1.3242759e-05,0.0005907938,0.00011777778
9001,1.0583826e-05,0.0005820434,9.3188275e-05
9002,9.354365e-06,0.00057910214,8.047837e-05
9003,7.70029e-06,0.00057436933,6.5355474e-05
9004,6.6233247e-06,0.0005725503,5.513655e-05
9005,5.954958e-06,0.00056437665,4.818699e-05
9006,6.1126634e-06,0.0005712284,4.947313e-05
9007,7.422283e-06,0.0006005733,6.264669e-05
9008,1.6338832e-05,0.00081523025,0.00017212747
9009,4.7660415e-05,0.0011992621,0.0006620862
9010,0.00017575432,0.0019229688,0.0030576054
9011,0.00013167637,0.0016860524,0.0022279266
9012,0.00012412484,0.0016268096,0.002079213
9013,9.75674e-05,0.0014981816,0.0016034007
9014,7.880917e-05,0.0013834529,0.0012473057
9015,5.568997e-05,0.0012639025,0.00086948904
9016,3.808412e-05,0.0011539427,0.00058778963
9017,3.122815e-05,0.0010986793,0.00046459393
9018,2.6642196e-05,0.0009847269,0.0003709698
9019,2.2132275e-05,0.0009493985,0.00029794945
9020,1.9487143e-05,0.00090114103,0.00025117988
9021,1.6946567e-05,0.0008553529,0.00020869028
9022,1.4840376e-05,0.0008024668,0.00017382119
9023,1.305222e-05,0.00074944994,0.00014519354
9024,1.0770173e-05,0.00073453225,0.000116954536
9025,7.317492e-06,0.00068660063,7.887375e-05
9026,4.961516e-06,0.000641908,5.2915177e-05
9027,3.5540186e-06,0.00060836977,3.719647e-05
9028,2.9735345e-06,0.000587437,2.9846678e-05
9029,2.5593888e-06,0.00055768166,2.4385641e-05
9030,4.01189e-06,0.00066500256,4.3244625e-05
9031,4.5398747e-06,0.00068181794,4.9786744e-05
9032,5.256683e-06,0.00070832367,5.954092e-05
9033,5.3027115e-06,0.0006698898,5.835917e-05
9034,5.4130333e-06,0.0006933979,6.026301e-05
9035,5.0703316e-06,0.0006456151,5.3908225e-05
9036,3.8633275e-06,0.0006210977,4.0103452e-05
9037,2.981638e-06,0.0005983674,3.0117168e-05
9038,2.2334227e-06,0.0005723831,2.1981687e-05
9039,1.9053987e-06,0.0005439013,1.7793756e-05
9040,1.4762419e-06,0.0005237627,1.3372496e-05
9041,1.2235449e-06,0.00050529273,1.0621245e-05
9042,1.1861042e-06,0.00048613295,9.975975e-06
9043,1.0088685e-06,0.00046758188,8.100205e-06
9044,8.4519183e-07,0.00045337225,6.5170543e-06
9045,6.451041e-07,0.00043670522,4.843061e-06
9046,8.465696e-07,0.00046618917,6.741164e-06
9047,9.182303e-07,0.0004591268,7.272813e-06
9048,1.4850726e-06,0.0005511237,1.3395338e-05
9049,1.4635967e-06,0.00052869413,1.281768e-05
9050,1.2663137e-06,0.00049559923,1.0466204e-05
9051,1.1920539e-06,0.0004818433,9.548839e-06
9052,1.0406453e-06,0.00047677214,8.132928e-06
9053,9.017449e-07,0.00043214313,6.5718696e-06
9054,9.851173e-07,0.0004263457,7.1630197e-06
9055,1.7399174e-06,0.0005100239,1.4598087e-05
9056,1.4948795e-06,0.00049533934,1.2049939e-05
9057,1.3109473e-06,0.00046343883,9.989633e-06
9058,1.2119357e-06,0.00043163667,8.7939825e-06
9059,4.443209e-06,0.0007029136,4.6925394e-05
9060,4.977243e-06,0.0007206644,5.376785e-05
9061,4.609045e-06,0.00067532033,4.7589365e-05
9062,4.6870446e-06,0.0006624044,4.770356e-05
9063,8.224682e-06,0.0007992893,9.71167e-05
9064,7.1097625e-06,0.0007594098,7.9984886e-05
9065,6.0008883e-06,0.0007368997,6.5091954e-05
9066,5.2184923e-06,0.00070168375,5.3977226e-05
9067,4.445001e-06,0.0006874324,4.4631644e-05
9068,3.721501e-06,0.00068050565,3.6924837e-05
9069,3.1461452e-06,0.0006728543,3.070586e-05
9070,3.1661984e-06,0.00070366956,3.1563057e-05
9071,2.6557352e-06,0.00068216125,2.5502979e-05
9072,2.6170444e-06,0.00068946666,2.500095e-05
9073,5.3880326e-06,0.0008868657,6.245483e-05
9074,5.0832077e-06,0.00086209364,5.733829e-05
9075,4.4377425e-06,0.00080199,4.7331672e-05
9076,2.1573964e-05,0.0014138332,0.00035363765
9077,3.174577e-05,0.0015445304,0.00056187867
9078,2.6240938e-05,0.0013524896,0.00043052074
9079,3.9684997e-05,0.001541828,0.00071661186
9080,6.2812614e-05,0.0017836026,0.001240672
9081,5.070803e-05,0.0015440463,0.0009317806
9082,4.005748e-05,0.0014284614,0.0007048995
9083,3.106567e-05,0.0013332602,0.00052670186
9084,3.861643e-05,0.0014818495,0.0007021425
9085,3.186846e-05,0.0013404838,0.0005443371
9086,4.6956433e-05,0.0015088976,0.0008680521
9087,4.2240168e-05,0.0013851642,0.00074544945
9088,3.617067e-05,0.0012483866,0.0006009875
9089,4.662942e-05,0.0013578706,0.0008164612
9090,6.461849e-05,0.0014798238,0.0011940593
9091,0.00014554364,0.0019373139,0.002988437
9092,0.0001778903,0.0019012999,0.0035799872
9093,0.00013370406,0.0015693755,0.0025559026
9094,9.6476964e-05,0.0013819333,0.001793427
9095,7.806782e-05,0.0012316048,0.0013725017
9096,7.893597e-05,0.0011624111,0.0013519799
9097,6.68405e-05,0.0010397026,0.0010792728
9098,6.866273e-05,0.0010091155,0.0010910815
9099,5.6419907e-05,0.0009504391,0.0008616437
9100,4.8004866e-05,0.0008867952,0.00069813704
9101,4.135983e-05,0.00082113605,0.0005705322
9102,3.5899557e-05,0.0007719561,0.0004721141
9103,3.2022766e-05,0.0007132612,0.00040015657
9104,2.8094284e-05,0.0006828718,0.00033688208
9105,2.4549994e-05,0.00066343026,0.00028421913
9106,2.050472e-05,0.00065239903,0.00023180681
9107,6.353804e-05,0.0010420341,0.00097116636
9108,7.326212e-05,0.0010752896,0.001138082
9109,5.616827e-05,0.00100989,0.00085141964
9110,7.237258e-05,0.001156419,0.0011903938
9111,6.03591e-05,0.0010750009,0.00094888225
9112,4.9771927e-05,0.0010160193,0.0007526564
9113,3.9398015e-05,0.000967818,0.0005790701
9114,2.9281313e-05,0.00091407925,0.0004217776
9115,2.4879682e-05,0.00088732014,0.00034806476
9116,2.2044247e-05,0.0008447577,0.00029575767
9117,1.9669737e-05,0.0008056304,0.00025328685
9118,1.7632829e-05,0.0007789733,0.0002192716
9119,1.4553231e-05,0.00075871433,0.00017579638
9120,1.2691213e-05,0.0007419354,0.00014864717
9121,1.1409438e-05,0.00073299714,0.00013050404
9122,9.935315e-06,0.00071437965,0.00010982815
9123,1.5288242e-05,0.00081025966,0.00018699082
9124,2.051383e-05,0.0008695696,0.00026652488
9125,1.9235387e-05,0.00080978795,0.00023963164
9126,2.0126534e-05,0.0008422504,0.00025473628
9127,1.8281406e-05,0.00079429476,0.00022257016
9128,1.553362e-05,0.0007743938,0.0001831808
9129,1.30054505e-05,0.000757158,0.00014906336
9130,1.1133723e-05,0.0007391262,0.00012351222
9131,9.600471e-06,0.00072115916,0.00010297277
9132,8.476478e-06,0.0006778874,8.649369e-05
9133,7.5076077e-06,0.0006491636,7.340641e-05
9134,6.3788807e-06,0.00063998473,6.0754854e-05
9135,5.6626936e-06,0.00059799495,5.1222356e-05
9136,6.8292047e-06,0.00062541984,6.422489e-05
9137,2.3088935e-05,0.0009852952,0.00030492764
9138,2.0283967e-05,0.00090974086,0.00025394632
9139,5.4694996e-05,0.0013279216,0.0008801014
9140,4.5789744e-05,0.0012399001,0.000704315
9141,4.5319375e-05,0.0011718232,0.00067913847
9142,0.00012806234,0.0017275946,0.0023496368
9143,0.00095970376,0.0035103709,0.011845799
9144,0.0005406233,0.0021613361,0.008212027
9145,0.00037967117,0.0015974251,0.005978169
9146,0.00026304997,0.0012868216,0.0041655675
9147,0.00020362789,0.0010700651,0.0030877595
9148,0.0005285324,0.0014655025,0.007355495
9149,0.004031991,0.0029322964,0.01595429
9150,0.0022311597,0.001942615,0.014097064
9151,0.0012811414,0.0012467976,0.011130944
9152,0.00079097896,0.0008973761,0.008072682
9153,0.0005880716,0.0006944385,0.006117849
9154,0.0004474649,0.0005814298,0.004618758
9155,0.00035245053,0.0005157732,0.0035682996
9156,0.00027673846,0.00047405137,0.0027581716
9157,0.0002397953,0.0004409211,0.0023101508
9158,0.00024541357,0.0004321219,0.0023255714
9159,0.00028259843,0.0004544246,0.0026896766
9160,0.00023840934,0.00042944474,0.0022086792
9161,0.00020404682,0.0004121824,0.001842442
9162,0.00018108697,0.00039196215,0.0015818124
9163,0.0001625926,0.0003719555,0.00137233
9164,0.00014666597,0.0003604573,0.0012029927
9165,0.00013346778,0.00034861386,0.0010632476
9166,0.00012044359,0.00034556238,0.00093937607
9167,0.00010864403,0.00034460725,0.00083154987
9168,9.9042176e-05,0.00034337823,0.00074339577
9169,9.091831e-05,0.0003419031,0.0006690623
9170,0.00012258813,0.00038759445,0.0009649078
9171,0.0001118234,0.0003825647,0.0008606493
9172,0.000103148544,0.00037077392,0.000772384
9173,9.6640506e-05,0.00036342687,0.0007085622
9174,0.0004072429,0.00064471475,0.0037737433
9175,0.00036081023,0.00058108114,0.0032516487
9176,0.00031435888,0.00052994344,0.0027379
9177,0.00027071254,0.0004977383,0.0022886898
9178,0.00023815829,0.00047022456,0.0019510617
9179,0.00021069859,0.00045641174,0.0016863062
9180,0.0002318855,0.00047192,0.0018675677
9181,0.00021568309,0.00046916047,0.0017154659
9182,0.00019169546,0.00045643508,0.0014882553
9183,0.00017383666,0.00043938932,0.0013119645
9184,0.00015532362,0.00043496888,0.0011509045
9185,0.00014189382,0.00042709595,0.0010278771
9186,0.00013015368,0.00042112614,0.000923019
9187,0.00011973993,0.0004169682,0.00083251845
9188,0.0001110856,0.0004098276,0.0007558209
9189,0.00010351152,0.0004005869,0.00068844645
9190,9.631975e-05,0.00039803688,0.00062914385
9191,8.9387744e-05,0.00039866247,0.00057492615
9192,8.3654144e-05,0.00039603558,0.00052868325
9193,7.8544144e-05,0.00039217455,0.00048747924
9194,7.393209e-05,0.0003870697,0.0004503601
9195,6.782863e-05,0.00039296417,0.0004093732
9196,6.3920495e-05,0.00039156716,0.00037978348
9197,5.8743037e-05,0.00039875938,0.00034650374
9198,5.5050852e-05,0.00040240245,0.00032093018
9199,5.17326e-05,0.00040552346,0.00029798644
9200,4.8869904e-05,0.0004060343,0.00027768605
9201,5.8842637e-05,0.0004451217,0.00035243848
9202,0.00020161508,0.0007231125,0.0016188455
9203,0.00018170169,0.0006864604,0.0014162275
9204,0.00016495836,0.00065692654,0.0012504502
9205,0.00015036641,0.00063732546,0.0011126314
9206,0.0006227687,0.0011056832,0.005291448
9207,0.00050311896,0.0009559317,0.0041998257
9208,0.0004142904,0.00085740094,0.0033761566
9209,0.00035267716,0.0007834947,0.0027900815
9210,0.00033983222,0.00075514364,0.002638841
9211,0.00029910117,0.00070402416,0.0022533762
9212,0.00026244437,0.0006736678,0.0019292964
9213,0.00023514315,0.0006435268,0.0016825058
9214,0.00036797428,0.0007663682,0.0027903342
9215,0.00031636097,0.0007235814,0.0023415003
9216,0.00030598664,0.00071311346,0.0022366778
9217,0.00027063955,0.0006797735,0.0019273908
9218,0.00024147257,0.00065530214,0.0016789766
9219,0.00023311698,0.0006462067,0.001599775
9220,0.0007122663,0.0009910357,0.005280434
9221,0.0014818684,0.0012377275,0.009192766
9222,0.001055483,0.00097221625,0.006949296
9223,0.0008035279,0.00082194654,0.0053451424
9224,0.00064304314,0.0007283982,0.00422845
9225,0.00059386285,0.0006939661,0.0038423447
9226,0.0018419998,0.0010673656,0.009722951
9227,0.0012953704,0.00085067644,0.0073866863
9228,0.0009793902,0.00072099944,0.005687501
9229,0.00081399037,0.000644004,0.0046705534
9230,0.00080412184,0.0006054872,0.004511686
9231,0.0007158381,0.0005499721,0.003924294
9232,0.0010954025,0.0006326658,0.005810799
9233,0.0008772648,0.00056268036,0.004616652
9234,0.00073280203,0.0005142753,0.0037787869
9235,0.0006301509,0.00047849372,0.0031696802
9236,0.00094714516,0.0005629716,0.0047703334
9237,0.00085849385,0.0005362477,0.0042622644
9238,0.00071937946,0.0004989327,0.0035052386
9239,0.0006160239,0.00047337273,0.0029405511
9240,0.0005436644,0.0004521558,0.0025332333
9241,0.00047264423,0.00044024052,0.0021656388
9242,0.0004214885,0.0004317286,0.0018961645
9243,0.00037706085,0.00042647045,0.0016693113
9244,0.00035836708,0.0004282965,0.0015714554
9245,0.0006560585,0.0005532774,0.003135035
9246,0.0012327195,0.0007112381,0.005825788
9247,0.0009899368,0.00063589873,0.0046441075
9248,0.00074699504,0.00057757477,0.0035283936
9249,0.000621027,0.0005476281,0.0028938053
9250,0.0005324346,0.00052766874,0.0024401757
9251,0.0004710225,0.0005131604,0.0021174522
9252,0.00042164954,0.00050265784,0.0018609043
9253,0.00038163463,0.00049480674,0.0016547431
9254,0.0003346881,0.0004899833,0.001436081
9255,0.0003051129,0.00048787106,0.0012912255
9256,0.00028061017,0.0004867084,0.0011716769
9257,0.001236948,0.00089093484,0.005910657
9258,0.0009493287,0.00079548213,0.0045801913
9259,0.0007643744,0.0007351772,0.003674094
9260,0.0012956765,0.0009095425,0.006077423
9261,0.0010492245,0.00081473513,0.004908398
9262,0.00085568475,0.000745601,0.0039556217
9263,0.00070697593,0.0006986489,0.003224711
9264,0.00064773747,0.00068974675,0.0029457358
9265,0.0019345838,0.0010726836,0.008140542
9266,0.0014236632,0.00091596856,0.0062285266
9267,0.0010820869,0.0008142755,0.004792014
9268,0.0008718404,0.00074948097,0.003829974
9269,0.0006937766,0.0006989135,0.0030328804
9270,0.00057167356,0.0006657784,0.0024752691
9271,0.00048764164,0.0006450206,0.002085103
9272,0.0015248928,0.0010359543,0.0066828663
9273,0.0041363738,0.0015351519,0.012380232
9274,0.010466197,0.0023541553,0.015888913
9275,0.005633104,0.0021861605,0.013726328
9276,0.0031153206,0.0017526089,0.0105458535
9277,0.0020492822,0.0014350257,0.00787958
9278,0.0013982555,0.0012105004,0.0057533197
9279,0.0048558014,0.0020047347,0.012829352
9280,0.0026298708,0.0016146603,0.0093664415
9281,0.0019751,0.0013922205,0.0074833697
9282,0.007258319,0.0023955456,0.01449213
9283,0.01579865,0.0039294264,0.016609762
9284,0.009393012,0.0044844607,0.01533494
9285,0.0049446863,0.0038936774,0.012643713
9286,0.00275409,0.0030495941,0.009259853
9287,0.0025373066,0.002848287,0.008671424
9288,0.0015815923,0.0023144463,0.0060135527
9289,0.0010710177,0.0019744523,0.004246295
9290,0.00089047034,0.0018401082,0.0036063609
9291,0.0010499686,0.0019813813,0.0043847007
9292,0.00078842114,0.0017918807,0.0033863848
9293,0.0010583143,0.0020214776,0.004611893
9294,0.0026006654,0.00284826,0.009561779
9295,0.0017119655,0.002301241,0.006989908
9296,0.0010198449,0.0019642613,0.0045865173
9297,0.0006771393,0.0017188445,0.0031533358
9298,0.000481895,0.0015452174,0.0022758506
9299,0.003631902,0.003562282,0.012296927
9300,0.0019164587,0.0027266722,0.008748785
9301,0.0011284776,0.0021384556,0.005864604
9302,0.00091375614,0.0018936348,0.0047645713
9303,0.0007409245,0.0017139241,0.0038522955
9304,0.0006409477,0.0016105343,0.0033117656
9305,0.00046474577,0.0014424438,0.0024344658
9306,0.0030901984,0.0030861627,0.011807228
9307,0.0019746814,0.0023574824,0.008986807
9308,0.0011567107,0.0018532127,0.006039493
9309,0.00091999024,0.0016247841,0.004815871
9310,0.0012088353,0.0018375778,0.006408235
9311,0.00075994874,0.0015281724,0.0043069455
9312,0.00052751624,0.001328118,0.0030553325
9313,0.0016285761,0.0020620804,0.0084988875
9314,0.0009446699,0.0016316514,0.0056137512
9315,0.0006015143,0.0013779562,0.003769645
9316,0.00041132307,0.0012123017,0.0026345577
9317,0.0003500449,0.0011491663,0.0022034668
9318,0.000301925,0.0011027644,0.0018694516
9319,0.00021608447,0.0010180607,0.0013520446
9320,0.00016578888,0.0009594134,0.0010401823
9321,0.000117601005,0.00090665795,0.0007470494
9322,8.6956155e-05,0.00085182075,0.0005562772
9323,6.166323e-05,0.00081108685,0.00039927982
9324,4.2004933e-05,0.00078553864,0.00027654448
9325,3.3538054e-05,0.00076848123,0.00022129569
9326,2.8000934e-05,0.0007640722,0.00018461708
9327,2.4788023e-05,0.0007707421,0.00016253722
9328,2.103175e-05,0.0007704588,0.00013761119
9329,1.943878e-05,0.0007739098,0.00012567564
9330,1.9839144e-05,0.0007923643,0.0001293719
9331,1.5082981e-05,0.0007635334,9.875153e-05
9332,2.2151658e-05,0.0008944011,0.00016214381
9333,4.1966105e-05,0.0011450839,0.00036681493
9334,0.00016147498,0.0019130157,0.0019194488
9335,0.00014546826,0.0018464207,0.0017148312
9336,9.5723146e-05,0.0016478887,0.0011398433
9337,8.101993e-05,0.0015779888,0.00094338675
9338,7.1303344e-05,0.0014905344,0.0008038905
9339,6.3365966e-05,0.0014007846,0.0006902464
9340,4.7403188e-05,0.001321865,0.0005143835
9341,0.00034474878,0.0027874773,0.0049838964
9342,0.00027731498,0.0023366362,0.003945941
9343,0.00017491498,0.0019300084,0.0025468264
9344,0.00014043403,0.0017443667,0.0019821625
9345,0.00011471981,0.0016121478,0.0015713334
9346,7.8830744e-05,0.0014498476,0.001077842
9347,6.8125795e-05,0.0013345797,0.0008908145
9348,6.6334476e-05,0.0012906912,0.00085273915
9349,0.00012703842,0.0016350189,0.0018509405
9350,0.00010534315,0.001522016,0.0014902228
9351,0.00011856214,0.0015251978,0.0016874182
9352,0.00012044919,0.0014652835,0.0016887722
9353,0.00023436006,0.0018134319,0.0034930627
9354,0.004861701,0.0057732994,0.016316392
9355,0.0024823674,0.0036714463,0.014589328
9356,0.0012900988,0.0023446004,0.01149996
9357,0.00073286187,0.0016253374,0.008103076
9358,0.00038963277,0.0012360201,0.004960572
9359,0.00022096356,0.0010526852,0.0029971302
9360,0.00015863938,0.00094140007,0.002137839
9361,0.00013351178,0.0008658493,0.0017276194
9362,0.00019965682,0.0009722315,0.0026797974
9363,0.000121197125,0.00088039954,0.0016680174
9364,0.000101121535,0.0008297983,0.0013447377
9365,8.286436e-05,0.0007936512,0.0010733485
9366,8.373361e-05,0.00078110985,0.0010709752
9367,6.41383e-05,0.00074866734,0.00082663965
9368,4.5172623e-05,0.0006994396,0.0005784048
9369,4.613455e-05,0.00068576506,0.0005830627
9370,4.0594787e-05,0.0006421523,0.0004890368
9371,3.165142e-05,0.0006227291,0.00037541485
9372,2.654908e-05,0.0006120837,0.0003071784
9373,2.2530488e-05,0.0006025812,0.0002539363
9374,1.9763736e-05,0.00059183035,0.0002161129
9375,1.5598269e-05,0.0005786151,0.00016782196
9376,1.2686991e-05,0.0005690969,0.00013374812
9377,1.1458676e-05,0.0005887839,0.00012477886
9378,8.950099e-06,0.0005750674,9.638212e-05
9379,1.0378407e-05,0.0006010533,0.000114922084
9380,1.1874424e-05,0.00062224903,0.00013447799
9381,9.4875395e-06,0.0006069561,0.00010491446
9382,8.300387e-06,0.00058811845,8.824836e-05
9383,7.5337016e-06,0.0005728353,7.74578e-05
9384,6.2502722e-06,0.0005625921,6.252361e-05
9385,5.499825e-06,0.00055261806,5.3310727e-05
9386,4.736732e-06,0.0005413128,4.4376495e-05
9387,3.240559e-06,0.0005159666,3.0943433e-05
9388,2.4688177e-06,0.00049798616,2.3023727e-05
9389,2.2020786e-06,0.0005008636,2.0345247e-05
9390,4.559145e-06,0.00065972656,5.152439e-05
9391,3.7100565e-06,0.0006380294,4.048095e-05
9392,3.553578e-06,0.00061793055,3.764102e-05
9393,5.253105e-06,0.00071257364,6.15652e-05
9394,6.2894537e-06,0.00074014836,7.598572e-05
9395,6.4175774e-06,0.00072973844,7.656016e-05
9396,1.469273e-05,0.0010589064,0.00023078812
9397,1.1534924e-05,0.0009998683,0.00017364649
9398,1.1217082e-05,0.0009853364,0.00016615301
9399,1.13931565e-05,0.0010377832,0.00017612297
9400,1.1583688e-05,0.0009750017,0.00017398143
9401,9.994169e-06,0.0009290974,0.0001437525
9402,2.3165407e-05,0.0012935005,0.00042017674
9403,2.0065077e-05,0.0011687775,0.0003416186
9404,3.0606207e-05,0.0013363039,0.0005723816
9405,2.6942258e-05,0.0012013701,0.0004753887
9406,2.2401071e-05,0.0010795954,0.00036846238
9407,1.8744924e-05,0.0009876275,0.00028915398
9408,1.5685951e-05,0.0009259958,0.0002293024
9409,1.3302424e-05,0.00083503086,0.0001812331
9410,1.3018786e-05,0.00081055023,0.00017324684
9411,1.1134807e-05,0.00076665735,0.0001408171
9412,1.0016212e-05,0.00076971727,0.00012587127
9413,8.637342e-06,0.00071121246,0.00010214418
9414,6.9736984e-06,0.0006895488,7.99385e-05
9415,5.9350446e-06,0.0006698662,6.5594846e-05
9416,8.163681e-06,0.00077958853,9.971204e-05
9417,6.978168e-06,0.0007428826,8.123762e-05
9418,5.340891e-06,0.0007129814,6.058407e-05
9419,1.2495603e-05,0.0010396095,0.00018691858
9420,1.7538834e-05,0.0011097514,0.00027948173
9421,1.4114396e-05,0.0010478043,0.00021490111
9422,1.1623684e-05,0.0009881002,0.00016831473
9423,1.39572885e-05,0.001017031,0.00020864398
9424,1.1548662e-05,0.0009607292,0.00016426807
9425,8.686315e-06,0.00090884557,0.000119731405
9426,9.799704e-06,0.0009088629,0.00013665839
9427,2.4382794e-05,0.0012385009,0.00042961581
9428,2.8770733e-05,0.0012755162,0.0005219092
9429,3.5223977e-05,0.0012826779,0.0006510446
9430,0.00010927048,0.0018814665,0.0024687136
9431,0.00014170406,0.0018666948,0.0031551041
9432,0.00015392656,0.001718797,0.0033098368
9433,0.00013088365,0.0014267719,0.0026538703
9434,0.00010870343,0.001238425,0.0020971235
9435,8.906799e-05,0.001060375,0.0016087161
9436,9.692242e-05,0.0010302747,0.0017284098
9437,0.0001036463,0.0010200955,0.0018304588
9438,0.00015715223,0.0011899787,0.002909128
9439,0.000119673336,0.0010482607,0.0021306975
9440,0.00010711534,0.00094790995,0.00182138
9441,9.4313604e-05,0.000855847,0.0015250483
9442,0.00010649595,0.00088843744,0.0017402325
9443,8.9188325e-05,0.00078338804,0.0013694938
9444,7.540908e-05,0.0007123372,0.0010951236
9445,8.310748e-05,0.000746271,0.0012269408
9446,6.5385306e-05,0.0007081725,0.00093956
9447,4.9057748e-05,0.000670688,0.000691477
9448,3.9477243e-05,0.00064674404,0.0005407636
9449,3.3122415e-05,0.00063509116,0.00044507737
9450,2.6033673e-05,0.00061434647,0.0003418497
9451,2.2283733e-05,0.0005931608,0.00028106276
9452,1.8392146e-05,0.00057894876,0.00022508042
9453,1.5262798e-05,0.0005658697,0.00018112385
9454,1.255821e-05,0.0005535711,0.00014474207
9455,1.6959682e-05,0.00061211956,0.00020949358
9456,1.5129855e-05,0.0005753215,0.00017786119
9457,1.4950121e-05,0.00055195455,0.0001711056
9458,1.280701e-05,0.0005401575,0.00014167906
9459,1.128073e-05,0.00052566186,0.00012024813
9460,9.1491065e-06,0.00051627617,9.528621e-05
9461,7.072192e-06,0.0005022995,7.226662e-05
9462,5.7416337e-06,0.0004925636,5.7163958e-05
9463,4.4979656e-06,0.00048000272,4.377225e-05
9464,4.8478746e-06,0.00047845946,4.7299203e-05
9465,6.0573125e-06,0.0004966421,6.13643e-05
9466,8.366039e-06,0.0005548407,9.2183516e-05
9467,1.2998931e-05,0.0006298071,0.00015851318
9468,1.1357434e-05,0.0005966702,0.00013177171
9469,1.6295242e-05,0.00067579554,0.00020630666
9470,1.5353768e-05,0.0006299484,0.00018618265
9471,1.6942811e-05,0.00064482004,0.00020800701
9472,1.4396064e-05,0.00063144026,0.00017148611
9473,1.2312195e-05,0.0006143108,0.00014137692
9474,1.0798003e-05,0.0005819363,0.000118033924
9475,9.504579e-06,0.00055488327,9.91818e-05
9476,8.855152e-06,0.00052063493,8.848866e-05
9477,7.717504e-06,0.00051090476,7.458547e-05
9478,6.19768e-06,0.00050210115,5.8717174e-05
9479,4.9407195e-06,0.00049241085,4.586819e-05
9480,4.6050823e-06,0.0004670393,4.105118e-05
9481,0.00028213856,0.0022812576,0.0057723434
9482,0.00022226236,0.0017879048,0.0044298414
9483,0.00016372118,0.0014227038,0.0031129008
9484,0.00016246123,0.0013177874,0.0030054355
9485,0.00014278966,0.00117971,0.0025501568
9486,0.000113714144,0.0009907022,0.0018970426
9487,9.1862246e-05,0.0009084593,0.0014675952
9488,8.000002e-05,0.00082316494,0.0012125511
9489,7.009045e-05,0.00076729973,0.0010157803
9490,6.9057794e-05,0.0007640288,0.0009898196
9491,7.241805e-05,0.000752846,0.0010275977
9492,6.3153246e-05,0.00069119665,0.00085051433
9493,5.32839e-05,0.00066731207,0.00069446187
9494,4.4914195e-05,0.00064856466,0.0005680123
9495,3.849893e-05,0.000631526,0.0004715742
9496,3.2825046e-05,0.00061837333,0.00039062012
9497,2.8250095e-05,0.000606392,0.00032637207
9498,2.4908959e-05,0.00058871467,0.000277618
9499,2.242338e-05,0.0005611375,0.00023981337
9500,4.5185683e-05,0.0007173788,0.0005741067
9501,3.9186205e-05,0.00069418293,0.00048077427
9502,3.263298e-05,0.0006796499,0.00039079602
9503,2.8577115e-05,0.0006603449,0.00033060808
9504,2.5817102e-05,0.0006208005,0.00028630212
9505,2.2254677e-05,0.000612604,0.00024045793
9506,1.960008e-05,0.00060138,0.00020540788
9507,1.7415474e-05,0.0005880723,0.0001766768
9508,1.5749349e-05,0.00055250095,0.00015289515
9509,1.4185915e-05,0.000532726,0.00013264848
9510,1.2816077e-05,0.0005122318,0.00011535239
9511,1.1727055e-05,0.0004918423,0.00010175151
9512,1.0716686e-05,0.0004687849,8.9405075e-05
9513,9.85535e-06,0.0004466424,7.925141e-05
9514,8.766779e-06,0.0004472553,6.903016e-05
9515,8.230134e-06,0.00043417956,6.316884e-05
9516,7.700973e-06,0.00042009517,5.749604e-05
9517,7.042309e-06,0.00040154762,5.060144e-05
9518,7.5690746e-06,0.00041301895,5.5081462e-05
9519,7.1543454e-06,0.00040338826,5.0922696e-05
9520,6.574161e-06,0.0003903402,4.525209e-05
9521,6.0453804e-06,0.0003840714,4.0475657e-05
9522,5.525729e-06,0.00038340912,3.6178462e-05
9523,5.086626e-06,0.00037897626,3.2456628e-05
9524,4.6288783e-06,0.00038056515,2.8963737e-05
9525,4.2701663e-06,0.00036573774,2.580925e-05
9526,3.9526067e-06,0.00034957196,2.3065199e-05
9527,3.664733e-06,0.00034257898,2.0802105e-05
9528,4.102e-06,0.00035291238,2.3785558e-05
9529,4.8371894e-06,0.0003939053,2.979749e-05
9530,4.4683316e-06,0.0003904855,2.6880109e-05
9531,4.1257094e-06,0.00038844146,2.4270206e-05
9532,3.818276e-06,0.00037287423,2.1714273e-05
9533,3.5143464e-06,0.00037413047,1.9611787e-05
9534,3.2638522e-06,0.00036979123,1.7783104e-05
9535,5.1055827e-06,0.00043871003,3.1594664e-05
9536,4.7328535e-06,0.00042935432,2.8504288e-05
9537,4.391794e-06,0.00042164273,2.5776179e-05
9538,4.076261e-06,0.00041652776,2.3363427e-05
9539,3.788027e-06,0.00040363288,2.1076545e-05
9540,3.5155663e-06,0.0003869084,1.8923622e-05
9541,3.2787477e-06,0.00037970784,1.7210452e-05
9542,3.0589476e-06,0.00037544366,1.5697671e-05
9543,2.8578768e-06,0.000367205,1.4291923e-05
9544,2.6865819e-06,0.00036110615,1.3129498e-05
9545,3.8681233e-06,0.00041706755,2.1006968e-05
9546,3.609736e-06,0.00041110907,1.9154204e-05
9547,3.3622243e-06,0.00040971357,1.7495193e-05
9548,3.2652188e-06,0.00040806935,1.6772681e-05
9549,6.5658287e-06,0.00053881976,4.147973e-05
9550,6.2775366e-06,0.0005283673,3.8965758e-05
9551,5.821824e-06,0.0005070024,3.50103e-05
9552,5.544973e-06,0.00049864186,3.2788754e-05
9553,5.1665547e-06,0.00049054605,2.9846222e-05
9554,1.0787982e-05,0.00064813544,7.69354e-05
9555,9.9835015e-06,0.0006335591,6.94072e-05
9556,9.263881e-06,0.0006173756,6.274583e-05
9557,1.2194221e-05,0.00068802363,8.9370515e-05
9558,0.00013946682,0.001762803,0.0018974077
9559,0.00015102357,0.001755888,0.0020690698
9560,0.00013740401,0.0016333163,0.0018421325
9561,0.00035739306,0.0022854859,0.0050620274
9562,0.011514715,0.009145454,0.01710729
9563,0.0057613268,0.007387009,0.016472563
9564,0.0028751683,0.004795189,0.014887285
9565,0.001529384,0.0029701116,0.012023997
9566,0.0025343846,0.0029962158,0.0139830345
9567,0.0014536495,0.0019756088,0.011011671
9568,0.0013443391,0.0016144163,0.010217442
9569,0.0009219509,0.0011995309,0.007705023
9570,0.00068944297,0.00095957064,0.0058695213
9571,0.0012343677,0.0011200054,0.008949624
9572,0.00088046445,0.0008785229,0.0067347684
9573,0.0015893491,0.0010225247,0.00992543
9574,0.0010831322,0.00080105726,0.0074269036
9575,0.0013842346,0.0008149284,0.008621743
9576,0.0011915249,0.00071261474,0.0075146556
9577,0.00089075655,0.00059959997,0.0057417126
9578,0.00070176786,0.0005304743,0.004498431
9579,0.0005838424,0.00048371012,0.0036650326
9580,0.0005005033,0.00044789165,0.0030580608
9581,0.00043618047,0.00042357325,0.0025964826
9582,0.00038663234,0.00040480433,0.002242459
9583,0.00034696702,0.00039024276,0.0019627362
9584,0.0005820472,0.00047372896,0.0034602673
9585,0.00060913735,0.0004740333,0.0035711986
9586,0.0006727279,0.00048651942,0.003898259
9587,0.0005709693,0.000452412,0.0032324498
9588,0.0006285849,0.00046862007,0.0035375352
9589,0.0013050204,0.0006197186,0.006940588
9590,0.0010530888,0.0005319023,0.0055993954
9591,0.0075405925,0.0011649124,0.015414729
9592,0.005055612,0.001035827,0.013804191
9593,0.0031609403,0.00084295403,0.01117846
9594,0.0021273016,0.00069198915,0.008584276
9595,0.0015278535,0.00059257,0.0065081757
9596,0.012158779,0.0015016535,0.016247759
9597,0.011981405,0.0020065694,0.016177863
9598,0.0072238585,0.0020424759,0.014600149
9599,0.0041181752,0.00172958,0.011849699
9600,0.0026408483,0.0014245607,0.009051117
9601,0.0018247246,0.0012065422,0.006750836
9602,0.0013195511,0.0010569037,0.005036764
9603,0.0010449463,0.0009690073,0.0039779744
9604,0.000848208,0.00090725726,0.0032019436
9605,0.0007171614,0.0008665071,0.002669116
9606,0.00062522513,0.0008378107,0.0022884414
9607,0.0010956735,0.0010530931,0.0042054453
9608,0.0014465803,0.0011570108,0.005454251
9609,0.0012340809,0.0010770708,0.004623215
9610,0.0010099807,0.0009982747,0.0037422
9611,0.0008017877,0.00093105814,0.0029597369
9612,0.00060085,0.00086385274,0.0022326643
9613,0.0005209018,0.00084108626,0.0019112738
9614,0.00046879353,0.0008245175,0.0016930399
9615,0.00044015818,0.0008041307,0.0015693157
9616,0.0025458701,0.0016008422,0.008899488
9617,0.0047176797,0.0020076327,0.012362639
9618,0.0029625897,0.0016591373,0.009490944
9619,0.002099061,0.0014064041,0.007238931
9620,0.0032527295,0.0016097273,0.009742597
9621,0.0023217949,0.0013877482,0.0075360937
9622,0.0016476385,0.0012092011,0.0055953865
9623,0.0012445295,0.0010920669,0.004274481
9624,0.0049738428,0.001971763,0.012101938
9625,0.003251726,0.001666612,0.009379953
9626,0.002230725,0.001430176,0.007005006
9627,0.0015908581,0.0012557044,0.005187647
9628,0.0012594133,0.0011555252,0.004099302
9629,0.0010307991,0.0010858972,0.003322468
9630,0.002479425,0.0015791045,0.007638269
9631,0.0017763735,0.0013824226,0.0057141175
9632,0.0013420987,0.0012485285,0.0043685543
9633,0.0011074366,0.0011689973,0.003564601
9634,0.0011044737,0.0011885705,0.0035585752
9635,0.0008840399,0.001115073,0.0028386973
9636,0.00082879636,0.0011357089,0.002762477
9637,0.0006204667,0.0010589669,0.0020828038
9638,0.0005398648,0.001031797,0.0017910622
9639,0.0004424322,0.0009891426,0.0014639483
9640,0.00041199697,0.0009852595,0.0013530557
9641,0.00036073127,0.0009705229,0.0011769877
9642,0.00031376994,0.00095594913,0.0010193293
9643,0.0002828795,0.00095174887,0.0009132091
9644,0.00026057227,0.0009502097,0.00083491916
9645,0.0002506594,0.0009667502,0.00080689235
9646,0.00020115009,0.00092603907,0.000650466
9647,0.00033471026,0.001167133,0.0012408993
9648,0.00054381776,0.0014510226,0.0022376548
9649,0.0032098205,0.002985421,0.010832408
9650,0.0021117253,0.0023857637,0.008146034
9651,0.0016220489,0.0020726572,0.0065423385
9652,0.0010389384,0.0017512655,0.0044663246
9653,0.00073219667,0.0015396769,0.0032137919
9654,0.00060431234,0.0014421447,0.002623457
9655,0.0014777279,0.0020993466,0.006582657
9656,0.0009527593,0.001751348,0.004515892
9657,0.00066177046,0.0015276573,0.0032123518
9658,0.00045710933,0.0013799581,0.0022634175
9659,0.0003360756,0.001265069,0.0016772848
9660,0.00028966164,0.0012283608,0.0014321257
9661,0.00026193957,0.0012250041,0.0013323153
9662,0.00023090476,0.0012083359,0.0011752235
9663,0.00043463006,0.0016067281,0.0026210647
9664,0.0003128307,0.0014423257,0.0019042027
9665,0.0003070832,0.0014506133,0.0018772434
9666,0.00023310904,0.0013418746,0.0014287549
9667,0.0002017367,0.0013061833,0.0012236675
9668,0.00018118268,0.0012792748,0.0010843716
9669,0.00012897287,0.0011997198,0.00078133575
9670,9.4374394e-05,0.0011251796,0.00057709654
9671,8.706482e-05,0.001117193,0.0005265156
9672,8.2816914e-05,0.0011176151,0.0004982412
9673,7.674634e-05,0.0011102533,0.0004567385
9674,0.00012755711,0.0013917941,0.00087452785
9675,0.0003596414,0.0021756494,0.0031177548
9676,0.0003840446,0.0021921287,0.0033431435
9677,0.00031267467,0.0019853641,0.0026738944
9678,0.00024922157,0.0018309196,0.0021094086
9679,0.00020270224,0.0017194983,0.001696719
9680,0.00015234151,0.0015876916,0.0012759934
9681,0.00012109604,0.001508724,0.0010100432
9682,0.00037220886,0.0023303342,0.0036753311
9683,0.00029498982,0.0020769096,0.0028681844
9684,0.00024760747,0.0018766277,0.0023414309
9685,0.00019584004,0.0017389444,0.0018336351
9686,0.0001692357,0.001645557,0.0015497729
9687,0.00012278097,0.0015056145,0.0011278993
9688,9.646963e-05,0.0014308967,0.0008824266
9689,8.6841246e-05,0.001375904,0.00077578804
9690,7.782599e-05,0.0013429828,0.00068231754
9691,6.2948944e-05,0.0013011756,0.00054942205
9692,5.2126805e-05,0.0012730137,0.00045221575
9693,4.50849e-05,0.0012599858,0.0003874054
9694,7.952726e-05,0.0017087356,0.000885917
9695,5.3400294e-05,0.001556519,0.0005986457
9696,3.7833244e-05,0.00144045,0.00042389246
9697,2.9978704e-05,0.0013884271,0.0003323302
9698,2.6693235e-05,0.0013323289,0.00028676816
9699,4.380805e-05,0.0015870281,0.00053436693
9700,4.9140417e-05,0.0017494624,0.00066073425
9701,3.4799315e-05,0.0016125373,0.00046465537
9702,2.6110667e-05,0.0015203347,0.00034392125
9703,1.9587296e-05,0.0014370113,0.00025420636
9704,1.7051112e-05,0.001332614,0.00021063682
9705,1.4903591e-05,0.0012629881,0.00017662744
9706,1.3355907e-05,0.0011682025,0.00015115108
9707,1.6954307e-05,0.0012463278,0.00020263248
9708,1.4912168e-05,0.0011763051,0.00017072156
9709,1.33386275e-05,0.0011184639,0.00014693357
9710,3.3509004e-05,0.0015654244,0.00047323783
9711,2.890735e-05,0.0014672768,0.00039094023
9712,2.045865e-05,0.0013626955,0.00027374394
9713,1.7576916e-05,0.0012995721,0.0002261525
9714,1.6377477e-05,0.0012681171,0.00020620687
9715,3.2934488e-05,0.00163271,0.00049955887
9716,2.853449e-05,0.0014917308,0.00041073703
9717,2.4038716e-05,0.0014244765,0.00033404873
9718,2.074416e-05,0.0013020061,0.00027268348
9719,1.8928866e-05,0.0012053199,0.00023830439
9720,5.1959945e-05,0.0017436387,0.0008469373
9721,4.4363685e-05,0.0015751909,0.0006849955
9722,4.119786e-05,0.0015284239,0.0006238477
9723,3.1554056e-05,0.0014406261,0.00046719072
9724,2.1589183e-05,0.0013213777,0.00031584274
9725,2.051307e-05,0.0012794598,0.000293296
9726,1.5300628e-05,0.0012071923,0.00021399358
9727,1.0494712e-05,0.0011153035,0.00014441936
9728,7.876972e-06,0.0010543052,0.00010537033
9729,5.6168656e-06,0.000984799,7.327351e-05
9730,4.0088225e-06,0.0009193495,5.0832856e-05
9731,3.2093974e-06,0.00087064964,3.8824914e-05
9732,3.1467364e-06,0.00081921025,3.672103e-05
9733,2.342837e-06,0.0007735638,2.6435719e-05
9734,1.9445376e-06,0.00072820927,2.0740708e-05
9735,1.6450582e-06,0.0006629748,1.6329292e-05
9736,1.3978208e-06,0.00061984314,1.306476e-05
9737,1.1964034e-06,0.0005678363,1.0445122e-05
9738,1.0377217e-06,0.0005171612,8.461789e-06
9739,8.931293e-07,0.00046544586,6.7662477e-06
9740,6.8544153e-07,0.00044948157,5.064874e-06
9741,5.177534e-07,0.00043204037,3.730075e-06
9742,3.7613208e-07,0.00041121824,2.6460468e-06
9743,3.0475712e-07,0.00039680838,2.059318e-06
9744,2.3226639e-07,0.0003804611,1.5199779e-06
9745,1.7607131e-07,0.00036389424,1.1144086e-06
9746,1.5972074e-07,0.0003645121,9.984809e-07
9747,1.4058689e-07,0.000344081,8.321895e-07
9748,1.17814196e-07,0.00029708337,6.341569e-07
9749,1.7699539e-07,0.0003219827,1.0331147e-06
9750,2.0008851e-07,0.00032245566,1.1747358e-06
9751,1.7184983e-07,0.0003081049,9.581836e-07
9752,1.6779468e-07,0.00030418596,9.154644e-07
9753,1.4483797e-07,0.00027350092,7.3307376e-07
9754,3.4510416e-07,0.00036375417,2.2011222e-06
9755,3.220321e-07,0.0003457518,1.9828333e-06
9756,2.763038e-07,0.00030595492,1.5691996e-06
9757,2.2211603e-07,0.00029937286,1.2267398e-06
9758,1.938295e-07,0.00027448699,1.00197e-06
9759,1.5834257e-07,0.00026967184,7.95874e-07
9760,1.4295533e-07,0.0002649059,6.951482e-07
9761,1.2452536e-07,0.00023754357,5.626052e-07
9762,1.0983294e-07,0.00023001274,4.751838e-07
9763,9.743124e-08,0.00021519599,3.9858324e-07
9764,1.8858655e-07,0.00026896968,9.2165834e-07
9765,1.6732888e-07,0.00024837823,7.701479e-07
9766,1.483598e-07,0.00024163401,6.5587386e-07
9767,1.3195476e-07,0.00023508763,5.6051664e-07
9768,1.5242778e-06,0.0005785052,1.3088729e-05
9769,1.4989693e-06,0.0005761327,1.2690297e-05
9770,1.3040869e-06,0.00052912196,1.0358968e-05
9771,1.3307214e-06,0.0005447389,1.0636598e-05
9772,1.8997488e-06,0.00063096575,1.6778793e-05
9773,3.1212385e-06,0.00073911983,3.136924e-05
9774,2.819396e-06,0.0006799287,2.687522e-05
9775,2.2403765e-06,0.0006590193,2.0779666e-05
9776,1.7884286e-06,0.0006385804,1.6110644e-05
9777,1.5019784e-06,0.0006187694,1.30184835e-05
9778,1.3061367e-06,0.00057575083,1.0673705e-05
9779,1.093712e-06,0.00056081486,8.6313485e-06
9780,8.5430753e-07,0.000542704,6.5724234e-06
9781,1.4729484e-06,0.00068137224,1.3304627e-05
9782,1.7264389e-06,0.00070287246,1.5997763e-05
9783,1.8294152e-06,0.000696444,1.687352e-05
9784,1.5832292e-06,0.00063880556,1.3693331e-05
9785,1.4075227e-06,0.00060255476,1.157997e-05
9786,1.2456719e-06,0.0005804151,9.831117e-06
9787,1.3170888e-06,0.00059689535,1.0494817e-05
9788,1.2024852e-06,0.0005937321,9.389789e-06
9789,1.1586599e-06,0.0006147628,9.180992e-06
9790,9.4450314e-07,0.00059875776,7.2689554e-06
9791,8.0435564e-07,0.00058168574,5.960878e-06
9792,8.037774e-07,0.0005863947,5.919805e-06
9793,6.929506e-07,0.0005683031,4.904321e-06
9794,6.398178e-07,0.00056381477,4.431059e-06
9795,2.518689e-06,0.0009324421,2.5701434e-05
9796,2.1699077e-06,0.00087481725,2.0980502e-05
9797,2.1388837e-06,0.0008623975,2.0362775e-05
9798,5.9208855e-06,0.0012092596,7.413469e-05
9799,8.085852e-06,0.0012847906,0.000107860826
9800,7.1334e-06,0.0011902073,9.0298105e-05
9801,5.9530676e-06,0.0011365004,7.228138e-05
9802,5.1384177e-06,0.0010878971,5.9913604e-05
9803,4.078314e-06,0.0010431417,4.6102978e-05
9804,3.432398e-06,0.0009976646,3.717087e-05
9805,2.7869053e-06,0.00095968426,2.9157369e-05
9806,2.0282248e-06,0.00090458244,2.0743002e-05
9807,1.2507606e-06,0.0008207954,1.2649681e-05
9808,1.0533777e-06,0.00075959426,9.988572e-06
9809,8.6572226e-07,0.0007226929,7.822932e-06
9810,7.7880543e-07,0.000664501,6.636926e-06
9811,1.1221907e-06,0.0007452879,1.0440166e-05
9812,1.1499593e-06,0.00073141826,1.0551389e-05
9813,9.853484e-07,0.0006463406,8.362835e-06
9814,8.2939897e-07,0.0006211826,6.7351066e-06
9815,9.2649674e-07,0.00065505685,7.741988e-06
9816,7.648312e-07,0.0006327397,6.1530786e-06
9817,7.4873986e-07,0.0006443184,6.025509e-06
9818,6.1638553e-07,0.0006217127,4.7723856e-06
9819,5.198864e-07,0.00059762824,3.8513826e-06
9820,4.3433806e-07,0.000582979,3.126049e-06
9821,3.5811055e-07,0.00056306034,2.4799062e-06
9822,5.7540814e-07,0.000670366,4.524898e-06
9823,7.445836e-07,0.00074029184,6.264147e-06
9824,6.3591256e-07,0.0006975328,5.0652507e-06
9825,6.779938e-07,0.00071094895,5.4409484e-06
9826,6.702466e-07,0.00067912636,5.225647e-06
9827,5.8578513e-07,0.0006564023,4.392445e-06
9828,4.8914035e-07,0.0006346724,3.5297926e-06
9829,4.2407208e-07,0.0005992017,2.9020857e-06
9830,3.4914447e-07,0.0005816013,2.31052e-06
9831,3.0529466e-07,0.0005577406,1.9317545e-06
9832,2.5980154e-07,0.0005407893,1.5812179e-06
9833,2.2754733e-07,0.0005251622,1.3336743e-06
9834,2.440485e-07,0.0005423675,1.4492548e-06
9835,2.1405396e-07,0.0005081578,1.2029957e-06
9836,1.9490923e-07,0.0004604649,1.0313635e-06
9837,1.7233826e-07,0.00042959698,8.6274633e-07
9838,1.5249472e-07,0.00039684583,7.1997806e-07
9839,1.3793243e-07,0.00038033258,6.243691e-07
9840,1.2334897e-07,0.000366132,5.35393e-07
9841,1.0749002e-07,0.00036194758,4.5340775e-07
9842,9.4627886e-08,0.0003568283,3.870406e-07
9843,7.8143465e-08,0.0003524141,3.1323972e-07
9844,6.62776e-08,0.00034868167,2.5926204e-07
9845,5.7377534e-08,0.00034454383,2.1819592e-07
9846,5.0614602e-08,0.00033861696,1.8628272e-07
9847,8.059132e-08,0.00040656343,3.3747625e-07
9848,7.8749515e-08,0.0003866229,3.194975e-07
9849,7.303583e-08,0.00036940165,2.8501515e-07
9850,6.5384484e-08,0.0003598086,2.4603213e-07
9851,5.8392313e-08,0.00035830477,2.147474e-07
9852,6.1320506e-08,0.00036627753,2.2673547e-07
9853,8.882384e-08,0.00040216517,3.5709405e-07
9854,8.235517e-08,0.00038444332,3.1868197e-07
9855,7.538931e-08,0.00037689292,2.8296577e-07
9856,6.9297016e-08,0.00035493902,2.4881737e-07
9857,1.4299064e-07,0.00045000398,6.221355e-07
9858,1.6454864e-07,0.00046341872,7.332493e-07
9859,1.4710297e-07,0.0004268209,6.1999435e-07
9860,1.9199912e-07,0.0004630389,8.616216e-07
9861,2.0400006e-07,0.00046731374,9.1914626e-07
9862,1.8341737e-07,0.00045890984,8.013329e-07
9863,1.6563341e-07,0.00044908337,7.007578e-07
9864,1.497533e-07,0.00042132684,6.0431097e-07
9865,1.3629973e-07,0.00040266104,5.283771e-07
9866,1.243827e-07,0.00039055786,4.6580124e-07
9867,1.1348152e-07,0.000371224,4.077562e-07
9868,1.0328337e-07,0.00034815187,3.5446251e-07
9869,9.484571e-08,0.0003353218,3.1402695e-07
9870,8.6729344e-08,0.0003325358,2.799993e-07
9871,7.880713e-08,0.00033198128,2.488525e-07
9872,7.2191476e-08,0.00032930588,2.223666e-07
9873,6.654062e-08,0.00031708015,1.9789495e-07
9874,6.147602e-08,0.00030739515,1.7699989e-07
9875,5.6764744e-08,0.00030356174,1.5926383e-07
9876,5.2679013e-08,0.00029431304,1.4321986e-07
9877,4.8792902e-08,0.00029053,1.2931211e-07
9878,4.5238995e-08,0.0002869506,1.1691936e-07
9879,4.1987008e-08,0.00027658182,1.0498588e-07
9880,4.2121563e-08,0.00027030005,1.0393647e-07
9881,3.9028446e-08,0.00025724358,9.2801784e-08
9882,3.635632e-08,0.00024815695,8.3731834e-08
9883,8.094451e-07,0.00080367667,4.630006e-06
9884,7.295309e-07,0.00074624154,3.979321e-06
9885,6.6200363e-07,0.00070211967,3.4612235e-06
9886,6.016475e-07,0.0006553655,3.0094163e-06
9887,6.824815e-07,0.0006737121,3.5061782e-06
9888,2.5109262e-06,0.0010907357,1.8805264e-05
9889,2.3554378e-06,0.0010512936,1.7247343e-05
9890,2.1512492e-06,0.0009907918,1.5184727e-05
9891,1.9375984e-06,0.00092814706,1.3095879e-05
9892,1.7553901e-06,0.0008822794,1.1421797e-05
9893,1.5950285e-06,0.00084469543,1.001757e-05
9894,2.6443406e-06,0.0010012274,1.9051147e-05
9895,2.439506e-06,0.0009515785,1.698288e-05
9896,2.2087622e-06,0.0009265714,1.493694e-05
9897,2.0025657e-06,0.0008759221,1.30194585e-05
9898,1.8219567e-06,0.0008335095,1.1415665e-05
9899,2.9899375e-06,0.0009825329,2.1417814e-05
9900,2.7143521e-06,0.0009468998,1.8826773e-05
9901,2.4578455e-06,0.0008891199,1.6357017e-05
9902,2.2412464e-06,0.0008558267,1.4438339e-05
9903,2.0797897e-06,0.00081862847,1.3009864e-05
9904,1.9020945e-06,0.000796193,1.1560446e-05
9905,6.798513e-06,0.0012861843,5.990344e-05
9906,6.0897482e-06,0.0011998072,5.14086e-05
9907,5.5681e-06,0.0011362645,4.547007e-05
9908,5.2347245e-06,0.0011047595,4.1985884e-05
9909,4.722251e-06,0.0010321733,3.631482e-05
9910,7.5528183e-06,0.0012288338,6.6584464e-05
9911,8.642829e-06,0.0012774107,7.89929e-05
9912,7.929819e-06,0.0012154749,7.034237e-05
9913,7.325988e-06,0.0011636347,6.327177e-05
9914,6.6960943e-06,0.001102237,5.592635e-05
9915,6.106867e-06,0.0010414028,4.9224756e-05
9916,8.1192875e-06,0.0011476754,7.0826514e-05
9917,2.6406282e-05,0.0018045828,0.00032324187
9918,2.3173112e-05,0.0016972646,0.00027306873
9919,2.0704312e-05,0.0015981711,0.00023529437
9920,2.0345848e-05,0.0015392852,0.00022782233
9921,2.079236e-05,0.0015227566,0.00023329572
9922,1.8392642e-05,0.0014090209,0.00019730235
9923,1.6392409e-05,0.0013264151,0.00016909113
9924,1.46638085e-05,0.0012525102,0.00014558216
9925,1.3141867e-05,0.0011756626,0.00012529804
9926,1.4493961e-05,0.0011908022,0.0001407411
9927,2.2315102e-05,0.0013969657,0.00024477165
9928,8.2896295e-05,0.0022785517,0.0012622535
9929,7.0948656e-05,0.002029831,0.0010292869
9930,6.206652e-05,0.0018623624,0.0008668201
9931,5.57158e-05,0.0017119403,0.0007486827
9932,6.3702064e-05,0.0017741353,0.0008826656
9933,6.011447e-05,0.0017150522,0.0008234805
9934,6.6019245e-05,0.001724215,0.0009168288
9935,6.679407e-05,0.0017108093,0.0009304451
9936,9.91068e-05,0.001965378,0.0015031097
9937,0.0002979861,0.002905989,0.004920825
9938,0.00021955639,0.0023009921,0.0035231593
9939,0.00017162955,0.0019065354,0.0026275471
9940,0.00013965386,0.001645704,0.0020343766
9941,0.0001746411,0.0017079114,0.0025775332
9942,0.0040392657,0.0056972196,0.016035886
9943,0.004314399,0.004855569,0.016041873
9944,0.0023293605,0.0031798873,0.014211038
9945,0.0013717742,0.0020828834,0.011506692
9946,0.00085816067,0.0014180487,0.008454441
9947,0.0006034374,0.0010717501,0.006185881
9948,0.0004651532,0.00087729236,0.004715252
9949,0.00037343163,0.0007604335,0.0036868397
9950,0.0003109615,0.0006816107,0.0029708485
9951,0.00026609324,0.00062168104,0.0024524743
9952,0.0023512542,0.0014369935,0.01299266
9953,0.0014582665,0.0010129596,0.010113199
9954,0.0013005119,0.0008473815,0.009106921
9955,0.0012357275,0.0007419708,0.008502833
9956,0.0017688087,0.0007732986,0.010315052
9957,0.0012219022,0.00059625343,0.00782242
9958,0.0010965699,0.0005210351,0.006953963
9959,0.0010769095,0.00048340415,0.006644836
9960,0.0022725428,0.0006119947,0.010775228
9961,0.0015722348,0.00047603922,0.008278062
9962,0.0011748872,0.0003961113,0.0063751773
9963,0.0009410289,0.0003476394,0.0050779833
9964,0.0007745897,0.00031574364,0.0041069826
9965,0.00067723397,0.00029848272,0.0035182324
9966,0.0005859096,0.00028209045,0.0029688156
9967,0.0005121709,0.00027166808,0.0025367935
9968,0.0004474779,0.00026546748,0.002175337
9969,0.0003953695,0.000261664,0.0018886277
9970,0.00036002696,0.00025743886,0.0016843169
9971,0.00033639156,0.00025629427,0.0015488543
9972,0.00030110913,0.000256504,0.0013684618
9973,0.0002781177,0.00025611708,0.0012437328
9974,0.00082126004,0.00040763497,0.004245875
9975,0.0006552915,0.00037970493,0.0033642347
9976,0.0005627358,0.0003619162,0.0028285407
9977,0.00048969226,0.00034991596,0.002412195
9978,0.00046268414,0.000347203,0.002246857
9979,0.0004967396,0.0003616574,0.0024206736
9980,0.00051108876,0.00037641713,0.0025033145
9981,0.00045757365,0.00036320632,0.0021880057
9982,0.00040971243,0.00035576726,0.0019203015
9983,0.00037228432,0.00034944055,0.001710025
9984,0.00034074468,0.00034480912,0.0015357421
9985,0.0021769032,0.00073987135,0.0093263155
9986,0.0014977567,0.0006168007,0.0069691082
9987,0.0011049315,0.0005399519,0.005277622
9988,0.0008778769,0.0004929843,0.0041738516
9989,0.0007247464,0.00046217183,0.00339783
9990,0.00062853517,0.0004390277,0.0028803726
9991,0.00058315514,0.00043119368,0.0026304263
9992,0.0022005301,0.00074009475,0.008928329
9993,0.0016092331,0.00062775554,0.006878122
9994,0.0012165501,0.000555806,0.0052945693
9995,0.0009838662,0.0005096091,0.0042442135
9996,0.0008246348,0.00047838062,0.003496863
9997,0.011005013,0.0015080689,0.01600101
9998,0.0066642873,0.0014746366,0.014289072
9999,0.0040039965,0.0012622889,0.011641882
10000,0.0026199,0.0010523124,0.00892216
10001,0.0019009891,0.000905167,0.006840245
10002,0.001412048,0.0008047842,0.0052049616
10003,0.0011210882,0.0007415642,0.00412108
10004,0.00092333916,0.0006991305,0.0033554428
10005,0.0007945348,0.0006700446,0.002835319
10006,0.0006847243,0.000650484,0.0024113057
10007,0.0005843921,0.0006332452,0.0020353585
10008,0.00062075525,0.00067503157,0.0022297853
10009,0.0005275029,0.0006570949,0.0018771517
10010,0.0004535967,0.00064439146,0.0016002912
10011,0.00037278526,0.0006237698,0.0013128462
10012,0.0003188138,0.0006144185,0.0011185057
10013,0.0002932224,0.00061549176,0.0010187932
10014,0.000911879,0.0009979828,0.0038246952
10015,0.00072636,0.0009277326,0.0030315663
10016,0.0017356905,0.0013423759,0.0070862733
10017,0.0013127209,0.0011699065,0.0054646954
10018,0.0034045388,0.001728422,0.010973649
10019,0.0019617416,0.0013865684,0.0077131633
10020,0.0014668056,0.0011941103,0.0059356303
10021,0.0011411934,0.0010776026,0.0046868967
10022,0.0011009285,0.0010622754,0.00449179
10023,0.0047076545,0.0019694793,0.012759968
10024,0.0025786383,0.0015758487,0.009338563
10025,0.0017993762,0.0013198911,0.007040205
10026,0.0013127722,0.0011492138,0.0052985614
10027,0.00102489,0.0010426482,0.004146283
10028,0.0065272814,0.0022850225,0.014134063
10029,0.00348646,0.0018893259,0.010926122
10030,0.0020387608,0.0015176438,0.007726632
10031,0.0014041634,0.0012863497,0.005635741
10032,0.0014669,0.0013024608,0.0058272877
10033,0.0010919222,0.0011558128,0.004407473
10034,0.0008468372,0.0010569087,0.0034211706
10035,0.0006187114,0.0009651472,0.0025270828
10036,0.024359956,0.0064365626,0.017214585
10037,0.015220346,0.010316148,0.016757771
10038,0.007827346,0.010024791,0.015399352
10039,0.0038104493,0.0073911687,0.01252252
10040,0.0024033901,0.0055986876,0.010002835
10041,0.0015242294,0.0042374805,0.0072152093
10042,0.025360322,0.018893616,0.017271774
10043,0.0150013445,0.025898913,0.016901359
10044,0.00460324,0.019408941,0.014718961
10045,0.0017895916,0.010933431,0.010526305
10046,0.0012160054,0.007846816,0.008275386
10047,0.00076674944,0.005739834,0.0057115806
10048,0.00048348706,0.004485036,0.0037932966
10049,0.00040452587,0.0039807935,0.0031627084
10050,0.0024955294,0.007817081,0.012525349
10051,0.00114338,0.005089715,0.008356122
10052,0.000780826,0.0039654262,0.0062372573
10053,0.00045763436,0.0030968043,0.0039564637
10054,0.00029877745,0.0025779763,0.0026535324
10055,0.00019948595,0.0022415745,0.0018012637
10056,0.00014905131,0.0020496554,0.0013457877
10057,0.00010837181,0.0018734409,0.0009944137
10058,9.607485e-05,0.0018004896,0.00086398615
10059,0.0003921592,0.0030837,0.00430569
10060,0.0019803836,0.005441424,0.012831111
10061,0.004196144,0.0063325274,0.015433238
10062,0.0021449584,0.004145606,0.012855802
10063,0.0010466367,0.0027275442,0.008995728
10064,0.00066938886,0.0020682008,0.006347203
10065,0.00049286085,0.0017172786,0.004733955
10066,0.00039146826,0.0014858276,0.003690419
10067,0.004603962,0.0039089895,0.01539653
10068,0.014190859,0.006348707,0.01705719
10069,0.012081897,0.007954036,0.016928216
10070,0.005423015,0.006661367,0.015760915
10071,0.002187101,0.0045590634,0.012705339
10072,0.0009714251,0.0031132076,0.008434889
10073,0.00062094536,0.0023863753,0.005936287
10074,0.00047349243,0.0019965828,0.004534493
10075,0.0008290531,0.0023890273,0.007336842
10076,0.0005440878,0.0018998982,0.0051907767
10077,0.00032025183,0.0015945806,0.0032555847
10078,0.00020076924,0.0014065861,0.002103726
10079,0.00022016365,0.0014304481,0.0023179068
10080,0.0025148257,0.0036569294,0.013860801
10081,0.001988795,0.0031744277,0.012967247
10082,0.0008665856,0.002191582,0.008663652
10083,0.00041797897,0.0017402667,0.00508428
10084,0.00027667722,0.0014440288,0.003459038
10085,0.00028335414,0.0013762895,0.0034694485
10086,0.00021080836,0.0012316904,0.0025819207
10087,0.00013750624,0.0010809065,0.0017050796
10088,0.000113354465,0.0010261312,0.0013721677
10089,7.301442e-05,0.0009506522,0.000894381
10090,4.7162997e-05,0.0008889227,0.00058259617
10091,3.986652e-05,0.0008674136,0.00048034018
10092,2.6671116e-05,0.0008399429,0.00032844863
10093,2.620499e-05,0.000839318,0.00031965895
10094,2.3080376e-05,0.0008011839,0.00027015203
10095,2.0226465e-05,0.00077824877,0.00022879774
10096,5.02384e-05,0.001133796,0.0007277357
10097,5.02855e-05,0.0011869022,0.0007564276
10098,5.1812072e-05,0.0012227114,0.00079065986
10099,8.2673876e-05,0.0014291403,0.0013798195
10100,0.00014066782,0.0016610286,0.0024995687
10101,8.112244e-05,0.0014756849,0.0014733354
10102,5.4135384e-05,0.0013122445,0.00096914097
10103,3.7429843e-05,0.00119237,0.00065575354
10104,5.2451636e-05,0.0013809043,0.0010049765
10105,5.042657e-05,0.0012725709,0.0009306652
10106,4.1093885e-05,0.0011647398,0.0007170245
10107,3.1765998e-05,0.0010901133,0.00053385814
10108,2.6935262e-05,0.0010038837,0.00042724964
10109,4.3300195e-05,0.0011855554,0.00076474954
10110,3.5917878e-05,0.0010416771,0.0005887096
10111,4.8446032e-05,0.0011115354,0.0008329328
10112,6.347708e-05,0.0012035703,0.0011416776
10113,5.529444e-05,0.0011222522,0.0009533044
10114,4.603378e-05,0.0010255849,0.00074944523
10115,4.803363e-05,0.0009877249,0.0007690425
10116,4.06155e-05,0.0009129319,0.00061581586
10117,3.4883593e-05,0.0008758988,0.0005100557
10118,2.960047e-05,0.00083380245,0.0004143728
10119,3.4368422e-05,0.000870917,0.0004937288
10120,2.955719e-05,0.0008197515,0.0004044095
10121,2.4892277e-05,0.00079402816,0.000329421
10122,1.8443678e-05,0.00075609324,0.00023976466
10123,1.46475895e-05,0.0007313451,0.00018533753
10124,1.767334e-05,0.00079525297,0.00023498466
10125,3.865789e-05,0.0010878547,0.00063267973
10126,3.2267566e-05,0.0010173713,0.0005023542
10127,2.7430175e-05,0.0009254089,0.00040106254
10128,2.353424e-05,0.00085850555,0.00032545553
10129,1.438657e-05,0.0008134668,0.00019940664
10130,1.2777722e-05,0.00079735514,0.00017252345
10131,1.720082e-05,0.00089733594,0.0002509065
10132,1.4467533e-05,0.00084910844,0.00020078437
10133,1.0613342e-05,0.00080275757,0.00014365744
10134,9.018616e-06,0.00072202826,0.00011347674
10135,7.519915e-06,0.0006945798,9.069406e-05
10136,7.7923305e-06,0.0007383596,9.753542e-05
10137,1.6855874e-05,0.00097567955,0.0002585812
10138,2.9866525e-05,0.001234388,0.0005362436
10139,5.286777e-05,0.0014735997,0.0010650229
10140,5.7663627e-05,0.0014309742,0.0011537976
10141,5.4891734e-05,0.0013132386,0.0010540652
10142,5.073341e-05,0.0012934586,0.00097126217
10143,3.3993554e-05,0.0011615611,0.0006354883
10144,2.6259724e-05,0.0010888285,0.00047560042
10145,2.32835e-05,0.0010464431,0.00040875986
10146,1.3935292e-05,0.00095253217,0.00024170651
10147,1.575426e-05,0.0010455536,0.00029644842
10148,1.1873898e-05,0.0009608189,0.00021099401
10149,8.722407e-06,0.00088498875,0.00014714128
10150,6.8662903e-06,0.0008134144,0.00010824336
10151,8.589785e-06,0.00081839226,0.00013842019
10152,7.993096e-06,0.00074163696,0.00012131891
10153,1.4336353e-05,0.00089242624,0.00025000336
10154,1.167766e-05,0.00080385,0.000188369
10155,1.0635078e-05,0.0007808171,0.00016655559
10156,8.822329e-06,0.00071835006,0.00012907789
10157,6.255453e-06,0.0006700465,8.841862e-05
10158,6.270072e-06,0.0006802254,8.870142e-05
10159,5.501289e-06,0.0005998231,7.1906994e-05
10160,7.155894e-06,0.0006255509,9.777699e-05
10161,6.1938167e-06,0.0005622543,7.8583565e-05
10162,4.76158e-06,0.0005373041,5.8241116e-05
10163,4.266556e-06,0.0004894383,4.8916532e-05
10164,3.835354e-06,0.000456791,4.1602165e-05
10165,3.725062e-06,0.00043009737,3.8823084e-05
10166,4.974885e-06,0.0004588569,5.494272e-05
10167,4.147396e-06,0.0004429278,4.3806216e-05
10168,3.3122972e-06,0.00042934038,3.3764987e-05
10169,2.7239148e-06,0.0004158951,2.6647458e-05
10170,2.2892716e-06,0.0004012395,2.1389029e-05
10171,2.5224963e-06,0.00041539603,2.3918743e-05
10172,2.2801344e-06,0.00040366285,2.082377e-05
10173,1.9344634e-06,0.00040455133,1.7600723e-05
10174,1.5534287e-06,0.00039262653,1.3637265e-05
10175,1.3305031e-06,0.00038533375,1.131079e-05
10176,1.5948763e-06,0.00042954212,1.4476167e-05
10177,1.6805415e-06,0.00043231592,1.5210156e-05
10178,1.5092867e-06,0.000403801,1.2927045e-05
10179,5.329628e-06,0.00064062944,6.4812644e-05
10180,4.475428e-06,0.0006073159,5.158242e-05
10181,2.6846137e-05,0.0011489327,0.0004985686
10182,3.1756725e-05,0.0011597124,0.0006002627
10183,2.6437077e-05,0.001011569,0.000461936
10184,2.044066e-05,0.000947385,0.00034182388
10185,1.4535263e-05,0.0008788283,0.00023539909
10186,9.128134e-06,0.0007950288,0.00014466536
10187,6.0788943e-06,0.0007272014,9.313419e-05
10188,4.555121e-06,0.0006758454,6.610412e-05
10189,3.553717e-06,0.00062780245,4.8430204e-05
10190,2.8866411e-06,0.00057310204,3.643522e-05
10191,2.3494415e-06,0.000533558,2.7773021e-05
10192,1.9245697e-06,0.0004981015,2.1329133e-05
10193,1.593651e-06,0.00046244691,1.6499775e-05
10194,1.6120019e-06,0.00044195636,1.6198028e-05
10195,1.8243474e-06,0.00045927885,1.8698935e-05
10196,1.5203087e-06,0.00043305708,1.4681569e-05
10197,1.6266597e-06,0.00042069732,1.5544842e-05
10198,2.1286405e-06,0.000450682,2.1582102e-05
10199,4.78035e-06,0.00058448943,5.9545986e-05
10200,1.0422055e-05,0.00073876476,0.00015709171
10201,1.2919095e-05,0.0007745008,0.00020304284
10202,1.7603272e-05,0.000847139,0.00029685136
10203,1.5423417e-05,0.00076077617,0.00024344894
10204,1.2617384e-05,0.0007135591,0.00018814833
10205,1.0784712e-05,0.00066105457,0.00015113564
10206,1.2596639e-05,0.00065873563,0.00017831285
10207,1.2807077e-05,0.0006479703,0.00017962673
10208,1.3387609e-05,0.00063186267,0.00018568076
10209,4.9243336e-05,0.0010122752,0.00094588974
10210,3.9934894e-05,0.00087164214,0.000704629
10211,3.2547854e-05,0.0008097066,0.0005434225
10212,2.7087473e-05,0.00075025804,0.00042620918
10213,2.2864497e-05,0.0006803585,0.00033580657
10214,1.9460322e-05,0.00063413515,0.00026963014
10215,1.5980575e-05,0.000611484,0.00021294164
10216,1.3005123e-05,0.0005912631,0.00016708943
10217,1.0363279e-05,0.00057184184,0.00012883473
10218,8.780748e-06,0.000549149,0.00010422746
10219,7.5853304e-06,0.00050700415,8.452792e-05
10220,6.5850704e-06,0.00046738388,6.889558e-05
10221,5.750455e-06,0.00044444817,5.7192217e-05
10222,5.206936e-06,0.0004251071,4.9587205e-05
10223,7.0971178e-06,0.00046120875,7.233254e-05
10224,9.264429e-06,0.00049103453,9.949307e-05
10225,1.13098695e-05,0.00051432033,0.00012587533
10226,2.6642765e-05,0.0006863535,0.00036825048
10227,2.299314e-05,0.0006295027,0.00029887594
10228,2.574286e-05,0.0006363945,0.0003376661
10229,2.2326003e-05,0.0006062445,0.0002795574
10230,1.9336998e-05,0.00058485457,0.00023239004
10231,1.6292974e-05,0.00057259115,0.0001897821
10232,1.4311454e-05,0.0005463406,0.00015920274
10233,1.22526135e-05,0.00053637597,0.00013202826
10234,1.0861118e-05,0.00051735237,0.000112343085
10235,2.6978894e-05,0.0007477231,0.0003598666
10236,2.3109847e-05,0.0007202081,0.00029626352
10237,2.0043874e-05,0.0006908981,0.00024629943
10238,1.7180208e-05,0.0006722512,0.00020382399
10239,1.6694083e-05,0.00064577407,0.0001926463
10240,1.5772051e-05,0.00062725757,0.00017792347
10241,1.7568935e-05,0.0006460996,0.00020253423
10242,4.395653e-05,0.00091339846,0.00064504734
10243,3.6200352e-05,0.0008762897,0.00051350263
10244,3.0960884e-05,0.0008356156,0.00042098365
10245,2.6701604e-05,0.0007983236,0.00034801898
10246,2.3318196e-05,0.0007518929,0.0002895503
10247,2.030082e-05,0.00072504085,0.0002424344
10248,1.7681714e-05,0.0007031704,0.00020357325
10249,1.5512313e-05,0.0006807261,0.00017199393
10250,1.3660402e-05,0.0006598167,0.00014593074
10251,1.2082701e-05,0.0006393226,0.0001243469
10252,1.0755211e-05,0.0006152649,0.00010636023
10253,9.614383e-06,0.00058717286,9.110895e-05
10254,1.042273e-05,0.0006027502,0.000100055266
10255,9.345344e-06,0.0005778197,8.615231e-05
10256,1.0168438e-05,0.0005995623,9.5399206e-05
10257,1.3732987e-05,0.00066036155,0.00013880982
10258,1.2280364e-05,0.0006377658,0.000119593584
10259,1.1020663e-05,0.00060429086,0.000102733
10260,9.9227045e-06,0.00057419506,8.8656234e-05
10261,4.9943657e-05,0.0010544468,0.0006888564
10262,4.5610297e-05,0.0010028158,0.00061058643
10263,3.999748e-05,0.0009428564,0.0005124175
10264,5.2182328e-05,0.0010437059,0.0007156581
10265,4.8933864e-05,0.0009787899,0.00064812694
10266,4.3231477e-05,0.00089904555,0.00054439023
10267,3.79735e-05,0.0008591131,0.00046010097
10268,3.3620036e-05,0.0008152028,0.00039087253
10269,2.988244e-05,0.0007807145,0.00033444565
10270,2.667034e-05,0.0007496452,0.00028762626
10271,2.3912462e-05,0.0007155441,0.0002480093
10272,2.145348e-05,0.00067044207,0.00021266661
10273,2.0094094e-05,0.00066414825,0.00019528676
10274,1.8165218e-05,0.0006430001,0.00017070035
10275,1.6473572e-05,0.0006178307,0.00014933068
10276,1.496174e-05,0.00058835186,0.00013046866
10277,8.9975816e-05,0.0011616722,0.0012423645
10278,0.0001366096,0.0013343422,0.0020099059
10279,0.000114381575,0.0011738297,0.0015941934
10280,0.00011133102,0.0011074826,0.0015117154
10281,0.00010027724,0.0010368807,0.001314744
10282,0.000104482046,0.0010128319,0.001355601
10283,9.3939554e-05,0.00094433286,0.0011734347
10284,0.00036003615,0.0015478899,0.0050686705
10285,0.0002743538,0.0012607583,0.0037500064
10286,0.0002196753,0.0010919952,0.002890924
10287,0.00018177264,0.0009773726,0.0022972194
10288,0.00015394272,0.00089410687,0.0018688272
10289,0.00013221329,0.0008358216,0.0015472842
10290,0.00012141707,0.00081319106,0.0013917547
10291,0.0003504183,0.0012414947,0.0044779927
10292,0.0002764539,0.001053432,0.0034201343
10293,0.00022628024,0.0009364867,0.0027004054
10294,0.00019085787,0.00084750337,0.0021887692
10295,0.0001644885,0.00076777564,0.0018055342
10296,0.00014384024,0.0007067628,0.0015143462
10297,0.00012706831,0.0006697495,0.001292528
10298,0.00011321744,0.0006402274,0.00111492
10299,0.00010159556,0.0006159951,0.00097020064
10300,8.897678e-05,0.00060796307,0.0008331461
10301,8.059512e-05,0.00059179007,0.00073434645
10302,9.732716e-05,0.00063040736,0.00091887976
10303,8.823309e-05,0.00060185,0.00080608996
10304,8.028291e-05,0.00058394176,0.00071321917
10305,7.3001276e-05,0.0005741324,0.00063336967
10306,0.00056292716,0.0012829746,0.006128316
10307,0.0004562821,0.0010697622,0.0049035484
10308,0.00036291132,0.00090699387,0.0037943404
10309,0.0002993971,0.0008056101,0.0030292575
10310,0.00025510404,0.00073460746,0.00249348
10311,0.0008566062,0.0011506409,0.007780668
10312,0.011942064,0.0033035567,0.01695838
10313,0.011502997,0.0040380256,0.016902564
10314,0.006147864,0.003618798,0.015971793
10315,0.0032888327,0.002670868,0.013993232
10316,0.001965582,0.0019114655,0.011275297
10317,0.0012882565,0.0014151487,0.008525878
10318,0.0025538674,0.0016900499,0.01215406
10319,0.001641711,0.0012600567,0.009362324
10320,0.0012179,0.0010060143,0.0073372256
10321,0.0017453582,0.0010725232,0.009230497
10322,0.0014295622,0.0008951419,0.0077784453
10323,0.00108664,0.0007337215,0.00602505
10324,0.0019731657,0.0008876371,0.009289956
10325,0.001411038,0.00073016284,0.007086329
10326,0.001452458,0.00070467364,0.0070724674
10327,0.0011317923,0.0006133863,0.005565399
10328,0.00089587574,0.00055451674,0.0043906313
10329,0.0031633019,0.00091454975,0.011312653
10330,0.0021262423,0.000745447,0.008710351
10331,0.0015554536,0.00063393667,0.0066858805
10332,0.00291887,0.00080099434,0.010270428
10333,0.0021234732,0.0006881846,0.008156672
10334,0.0016046806,0.0005892865,0.006344634
10335,0.0012577156,0.00053162343,0.004992074
10336,0.0012459061,0.0005341448,0.0048964713
10337,0.0043748934,0.00090710435,0.012024825
10338,0.008700043,0.0012713576,0.015030341
10339,0.005160571,0.001168605,0.012620379
10340,0.0031255367,0.0009804775,0.009607079
10341,0.0048238127,0.0011577843,0.0119987205
10342,0.008267442,0.001485757,0.014473828
10343,0.006935183,0.0015183015,0.01353384
10344,0.006071808,0.0015760039,0.012731253
10345,0.0040053893,0.0014187491,0.010232154
10346,0.00652178,0.0018192077,0.012984236
10347,0.0039548697,0.0015951592,0.0099921515
10348,0.0025273052,0.0013705911,0.007232043
10349,0.001773241,0.0012098271,0.005307722
10350,0.0016766787,0.0011990498,0.004998065
10351,0.0014213112,0.0011456067,0.004250095
10352,0.001172669,0.0010808329,0.0034665745
10353,0.00093072036,0.0010158675,0.0027430397
10354,0.00071894634,0.0009574584,0.002124274
10355,0.0011838098,0.0011969565,0.0037223338
10356,0.0015240468,0.0013373456,0.004803983
10357,0.0012357439,0.0012414847,0.0038635226
10358,0.0010002743,0.0011666671,0.0031049838
10359,0.0007980064,0.0010974479,0.0024684318
10360,0.00063637824,0.001036303,0.0019645777
10361,0.00049905205,0.0009827348,0.0015438643
10362,0.0004277359,0.0009605642,0.0013158161
10363,0.000530549,0.0010757594,0.0017225592
10364,0.005239849,0.00275366,0.012583088
10365,0.0036448243,0.0023904243,0.0103484765
10366,0.0022508586,0.0019641619,0.007419146
10367,0.0024593265,0.002020042,0.007900235
10368,0.0019126767,0.0018093729,0.006411917
10369,0.0012939045,0.0015692099,0.004548267
10370,0.0027869162,0.0021562965,0.008769501
10371,0.001914441,0.0018267323,0.006483479
10372,0.0013880981,0.0016011262,0.004833929
10373,0.0010435913,0.0014415116,0.0036664905
10374,0.00078620616,0.0013145476,0.0027777448
10375,0.0006197627,0.0012269069,0.0021864139
10376,0.00047272825,0.0011475006,0.0016754054
10377,0.00040082823,0.0011127056,0.0014121891
10378,0.0003555049,0.0010955605,0.0012414237
10379,0.00030711037,0.0010739805,0.0010675582
10380,0.00024363093,0.0010219569,0.00085017335
10381,0.00020908371,0.0010043741,0.0007290837
10382,0.00017003766,0.00096745,0.0005952191
10383,0.00014583819,0.0009537835,0.0005112482
10384,0.000121983416,0.00093225215,0.00042918252
10385,9.600914e-05,0.0008907813,0.0003403525
10386,8.8318964e-05,0.00089934916,0.0003127644
10387,8.3110805e-05,0.0009072755,0.00029341292
10388,0.0002611298,0.0014525126,0.0012471648
10389,0.0003732138,0.0017252007,0.0019665414
10390,0.00033417318,0.0016562078,0.0017354271
10391,0.00025845904,0.001539789,0.0013446637
10392,0.00023186166,0.0015001758,0.0011910339
10393,0.00018950389,0.0014376962,0.0009733163
10394,0.0001569739,0.0013896732,0.00080551504
10395,0.00013856514,0.0013727875,0.00070735713
10396,0.00018427215,0.0015766342,0.0010234102
10397,0.00024395653,0.0018018663,0.001462529
10398,0.00038185657,0.0021490655,0.0024786338
10399,0.00028510028,0.0019426186,0.0018601922
10400,0.00028028444,0.0019632627,0.0018604969
10401,0.00035687018,0.002156357,0.002469344
10402,0.00034807832,0.0021006076,0.0024009945
10403,0.00081569,0.002870733,0.005732395
10404,0.00091142155,0.0028067322,0.006231386
10405,0.0006864366,0.0023415396,0.0047349343
10406,0.0004823549,0.0021058505,0.0035348283
10407,0.00031322145,0.0018381999,0.002363789
10408,0.00020326811,0.0016762929,0.0015723335
10409,0.00072904944,0.0028275142,0.006144432
10410,0.00045010855,0.0023443354,0.0041309176
10411,0.00034074247,0.0020604741,0.0031180333
10412,0.00034502032,0.0020296245,0.0031523097
10413,0.00023265132,0.0017563339,0.0021643834
10414,0.00017309256,0.001603607,0.0016096485
10415,0.00015102657,0.0015451738,0.001383547
10416,0.00012847353,0.0014967402,0.0011679756
10417,9.299475e-05,0.0013797868,0.00084844424
10418,7.182617e-05,0.0013122539,0.0006541081
10419,6.375051e-05,0.00129037,0.00057120307
10420,0.03384914,0.07285927,0.017389035
10421,0.03348641,0.117054425,0.017388893
10422,0.026057059,0.07212186,0.017382173
10423,0.0068883393,0.042553794,0.017263288
10424,0.0011818027,0.013373533,0.016001726
10425,0.00035274206,0.0049594995,0.011583121
10426,0.00014930352,0.0023763068,0.006186913
10427,9.511393e-05,0.0015971576,0.0037866116
10428,5.496825e-05,0.0010498206,0.0019157636
10429,4.085761e-05,0.00082625233,0.0012729309
10430,0.000116569856,0.0011877124,0.00403443
10431,7.38482e-05,0.00081989315,0.0022862165
10432,4.9044596e-05,0.0006416308,0.0013615856
10433,3.4906032e-05,0.0005148521,0.0008558919
10434,2.5614438e-05,0.00043794647,0.0005647632
10435,1.933767e-05,0.00037922972,0.0003845388
10436,1.4670584e-05,0.0003393662,0.0002671014
10437,1.1512134e-05,0.00029095623,0.00018761943
10438,9.1455995e-06,0.00024403975,0.00013254369
10439,7.94822e-06,0.000220446,0.00010727354
10440,6.618716e-06,0.00019820684,8.1988735e-05
10441,5.432175e-06,0.00018578846,6.282264e-05
10442,1.6613092e-05,0.0002671639,0.0002543158
10443,1.4411469e-05,0.00024147422,0.00020567092
10444,1.1888509e-05,0.0002240178,0.0001579523
10445,9.221063e-06,0.0002151715,0.00011695521
10446,7.708311e-06,0.00019488612,9.014074e-05
10447,6.4951555e-06,0.00018197895,7.0960166e-05
10448,5.6927297e-06,0.00016556056,5.811642e-05
10449,2.681717e-05,0.000299784,0.00042173755
10450,1.9001278e-05,0.00028241385,0.00028852795
10451,1.2500895e-05,0.00026310742,0.00018444758
10452,9.11236e-06,0.00024859296,0.00012836982
10453,1.0824886e-05,0.00025444018,0.00015577716
10454,8.857423e-06,0.00023300022,0.00011778052
10455,7.3148967e-06,0.00021504692,9.0236914e-05
10456,6.102886e-06,0.00019809922,6.983768e-05
10457,4.848457e-06,0.00019121698,5.290248e-05
10458,4.074116e-06,0.0001718807,4.088562e-05
10459,3.7633322e-06,0.00015594465,3.5411384e-05
10460,9.544143e-06,0.0002220079,0.00011682694
10461,8.049883e-06,0.00020120232,9.106255e-05
10462,6.7086844e-06,0.00019404119,7.209268e-05
10463,5.8501478e-06,0.00018709507,5.9863232e-05
10464,9.33416e-06,0.00021267065,0.00010573021
10465,7.88635e-06,0.0002046783,8.4813415e-05
10466,5.9557246e-06,0.00019911333,6.2220366e-05
10467,5.102541e-06,0.00018641492,4.9989216e-05
10468,4.39855e-06,0.00017444683,4.0440744e-05
10469,3.798774e-06,0.00015952323,3.252877e-05
10470,1.2981743e-05,0.0002462685,0.00015499533
10471,1.1133575e-05,0.00022592655,0.0001239477
10472,9.557146e-06,0.00021728879,0.00010113385
10473,8.098691e-06,0.0002144438,8.278199e-05
10474,8.784954e-05,0.0005260055,0.0016293989
10475,9.1865906e-05,0.0004968323,0.0016495179
10476,7.56067e-05,0.0004363724,0.001263548
10477,6.243794e-05,0.00038107764,0.0009650795
10478,4.6878013e-05,0.00036131564,0.0007031871
10479,4.0329425e-05,0.00033053005,0.0005673591
10480,2.6890972e-05,0.00031105892,0.00037808428
10481,2.2810782e-05,0.00028158605,0.00029792474
10482,2.353535e-05,0.0002835231,0.0003047737
10483,1.7777535e-05,0.0002743788,0.00022405524
10484,1.5157506e-05,0.000244713,0.00017653826
10485,1.3058064e-05,0.00023454818,0.00014448159
10486,9.939521e-06,0.00022901951,0.00010734881
10487,8.583906e-06,0.00020894341,8.639611e-05
10488,6.596759e-06,0.00020489015,6.480741e-05
10489,5.2109644e-06,0.00020144817,4.9725066e-05
10490,3.8861835e-06,0.00019611398,3.6210153e-05
10491,2.7403285e-06,0.00018855282,2.5008463e-05
10492,1.6279871e-05,0.00036064957,0.00024325249
10493,1.2716572e-05,0.00034331428,0.00018092936
10494,9.270728e-06,0.0003256333,0.00012698575
10495,6.7851015e-06,0.00030886056,8.924117e-05
10496,5.1482994e-06,0.0002937017,6.455287e-05
10497,3.8444127e-06,0.0002789571,4.6035082e-05
10498,3.1040024e-06,0.00026279624,3.4870896e-05
10499,2.437283e-06,0.00025044146,2.595696e-05
10500,1.9582824e-06,0.00023805907,1.9679992e-05
10501,1.6071745e-06,0.00022497251,1.5167902e-05
10502,1.2759566e-06,0.0002158399,1.1451788e-05
10503,1.1518482e-06,0.00020729151,9.866257e-06
10504,1.5940127e-06,0.00021900749,1.4438668e-05
10505,1.4563055e-06,0.00019648713,1.2298101e-05
10506,1.237842e-06,0.00019058563,9.979589e-06
10507,1.2008555e-06,0.00019233864,9.542021e-06
10508,1.026647e-06,0.00018150886,7.672256e-06
10509,9.708942e-07,0.00018491005,7.184695e-06
10510,6.963703e-07,0.00017793596,5.0307867e-06
10511,5.734535e-07,0.0001725718,3.954449e-06
10512,4.807274e-07,0.00016659831,3.1520442e-06
10513,4.2203064e-07,0.0001581191,2.6175592e-06
10514,4.1032584e-07,0.0001582319,2.4969975e-06
10515,3.550643e-07,0.00014731093,2.024744e-06
10516,2.7242308e-07,0.00014407244,1.512585e-06
10517,2.387879e-07,0.00012808952,1.2258696e-06
10518,2.1130327e-07,0.00012840572,1.0590771e-06
10519,2.7071428e-07,0.00014592911,1.4608516e-06
10520,2.1730415e-07,0.00014349393,1.1361171e-06
10521,1.8402466e-07,0.00014026201,9.2208734e-07
10522,5.6084e-07,0.00020730247,3.8239036e-06
10523,2.5213826e-06,0.0003583623,2.6320504e-05
10524,2.107413e-06,0.00031364473,2.0070047e-05
10525,2.4653361e-06,0.00032013725,2.4001185e-05
10526,2.1030844e-06,0.00029035241,1.8982308e-05
10527,1.8023532e-06,0.00027627934,1.5389758e-05
10528,1.3041753e-06,0.000265178,1.0875778e-05
10529,1.6512698e-06,0.00029793996,1.4755823e-05
10530,1.4125611e-06,0.00027663115,1.1808502e-05
10531,1.2353125e-06,0.0002555591,9.67575e-06
10532,1.2702542e-06,0.0002443914,9.693144e-06
10533,1.1113947e-06,0.00023084022,8.015618e-06
10534,9.74128e-07,0.0002128525,6.585902e-06
10535,7.9168996e-07,0.00020993664,5.199666e-06
10536,7.0847176e-07,0.00020123723,4.4382514e-06
10537,8.808071e-07,0.00021072086,5.7496122e-06
10538,7.8951626e-07,0.00019083288,4.8243646e-06
10539,6.9899903e-07,0.00018110975,4.0535456e-06
10540,6.0210033e-07,0.00017963414,3.3807087e-06
10541,5.3454517e-07,0.00017367055,2.8705654e-06
10542,4.7277922e-07,0.0001729851,2.4660033e-06
10543,1.4824661e-06,0.00026508098,1.0664956e-05
10544,1.308503e-06,0.00024835812,8.8952875e-06
10545,1.1530407e-06,0.00024270668,7.5348607e-06
10546,1.3102937e-06,0.00026041933,8.856454e-06
10547,2.6051498e-06,0.00033335958,2.1180353e-05
10548,7.361979e-06,0.0004959436,8.017939e-05
10549,6.271195e-06,0.00048214625,6.563075e-05
10550,5.424964e-06,0.00046546984,5.432527e-05
10551,4.2836855e-06,0.00045404714,4.1828163e-05
10552,3.7431253e-06,0.00042452596,3.4505472e-05
10553,3.135731e-06,0.00041677512,2.798104e-05
10554,2.6329599e-06,0.00040912538,2.2733046e-05
10555,2.2584356e-06,0.0004004014,1.8795414e-05
10556,2.253075e-06,0.0003990399,1.8495559e-05
10557,2.4665728e-06,0.00041154123,2.0520054e-05
10558,3.2863447e-06,0.00044419014,2.9063607e-05
10559,4.7838794e-06,0.0005016581,4.6338086e-05
10560,1.6174687e-05,0.00079354015,0.00021967139
10561,1.4958217e-05,0.00073839404,0.0001938633
10562,3.796824e-05,0.0010101828,0.0006175877
10563,4.0757266e-05,0.000982047,0.0006562607
10564,3.6509755e-05,0.0009158638,0.00056401093
10565,3.1101434e-05,0.00084224716,0.00045309996
10566,2.6605217e-05,0.00079415855,0.0003689814
10567,2.4032806e-05,0.00074549235,0.00031978413
10568,0.0002802875,0.0018958518,0.005430483
10569,0.00045781521,0.0020037824,0.0078110197
10570,0.00045975752,0.0016758929,0.0074832966
10571,0.00038047822,0.0013361932,0.006153365
10572,0.00027192326,0.0010404986,0.0043344405
10573,0.00021801953,0.000874199,0.0033433407
10574,0.00018202447,0.0007598319,0.0026618068
10575,0.0001533946,0.00066972425,0.0021337126
10576,0.0001258966,0.0006242329,0.0016894973
10577,9.807777e-05,0.0005902343,0.001288791
10578,8.359074e-05,0.0005634885,0.0010589493
10579,6.0967697e-05,0.0005324175,0.0007649445
10580,4.73389e-05,0.000514422,0.00058394595
10581,4.06375e-05,0.0005025231,0.00048556091
10582,3.4696724e-05,0.0004936944,0.0004028299
10583,2.8017277e-05,0.00048477738,0.0003190033
10584,2.4875748e-05,0.000462739,0.0002710973
10585,2.2158021e-05,0.00043468445,0.00022992677
10586,4.8496717e-05,0.00058303593,0.0006158303
10587,9.683108e-05,0.0007557815,0.0014285452
10588,8.208912e-05,0.00067281234,0.001138874
10589,0.00042781283,0.0012216897,0.0064498563
10590,0.0003012717,0.00097041676,0.0045535862
10591,0.00021025959,0.00082719227,0.0031703303
10592,0.00015590167,0.00074070017,0.00230472
10593,0.00011999346,0.0006835968,0.0017291299
10594,9.763371e-05,0.0006437169,0.0013602308
10595,8.1368904e-05,0.0006129318,0.0010944274
10596,6.792586e-05,0.00059011293,0.000885075
10597,5.7588084e-05,0.00057144125,0.000726534
10598,4.8587182e-05,0.00055740756,0.00059561565
10599,4.240008e-05,0.0005405158,0.000501636
10600,3.7545975e-05,0.0005039887,0.00042255895
10601,3.2445416e-05,0.0004974043,0.00035547168
10602,2.824035e-05,0.0004914235,0.000301081
10603,2.5301759e-05,0.00046590803,0.00025811684
10604,2.27055e-05,0.00043728904,0.00022095496
10605,2.0464853e-05,0.00042667473,0.00019258053
10606,8.334141e-05,0.00073176285,0.001122371
10607,7.0511116e-05,0.0007013737,0.0009179505
10608,6.048271e-05,0.00067575724,0.00076101517
10609,5.246932e-05,0.0006531897,0.00063797383
10610,4.4569628e-05,0.0006393534,0.0005278056
10611,3.9003542e-05,0.00062332494,0.00044738958
10612,3.4668756e-05,0.00060106727,0.00038327285
10613,3.040375e-05,0.00059157156,0.00032684577
10614,2.7273076e-05,0.0005627661,0.0002812944
10615,2.4335113e-05,0.0005528221,0.00024365472
10616,2.1906093e-05,0.00051975885,0.0002096864
10617,1.969495e-05,0.00051213225,0.00018324322
10618,1.7637647e-05,0.0005079013,0.00015996846
10619,1.6066171e-05,0.00048410438,0.00014012869
10620,3.7585894e-05,0.000661996,0.0004105399
10621,3.3713935e-05,0.000630666,0.00035396754
10622,3.0353383e-05,0.0006068876,0.00030741675
10623,2.7364304e-05,0.0005699705,0.0002652792
10624,2.4823685e-05,0.0005496693,0.00023241619
10625,2.2573153e-05,0.0005335395,0.00020460483
10626,2.7167764e-05,0.0005649776,0.00025628821
10627,2.5347601e-05,0.0005460046,0.00023215826
10628,2.3116358e-05,0.00052555616,0.00020452963
10629,2.1135216e-05,0.0004994181,0.00018003196
10630,2.3084887e-05,0.0005186373,0.00020107835
10631,2.1137414e-05,0.00050439086,0.00017855826
10632,3.165795e-05,0.00060271524,0.00029974995
10633,5.6877703e-05,0.000744599,0.0006222754
10634,5.047284e-05,0.0007269594,0.00053684233
10635,4.5217217e-05,0.00070738315,0.00046680067
10636,4.913606e-05,0.0007279027,0.0005160073
10637,4.429865e-05,0.00069816766,0.0004493939
10638,5.063524e-05,0.00072354695,0.00052635075
10639,0.00018904374,0.0012079319,0.0025672803
10640,0.0001662345,0.0011083742,0.002190926
10641,0.00017031947,0.0010662754,0.002206029
10642,0.0003004505,0.0013149217,0.0040333187
10643,0.00023875014,0.0011302356,0.003093979
10644,0.00019533484,0.001016531,0.0024439434
10645,0.00016350929,0.0009372294,0.0019756912
10646,0.0002152956,0.001023018,0.0026628948
10647,0.00020268322,0.0009781554,0.0024560054
10648,0.0001716626,0.0008937328,0.0020010155
10649,0.00014796812,0.0008303504,0.0016614249
10650,0.0001295191,0.0007751206,0.0013998251
10651,0.00013224155,0.0007720347,0.0014192241
10652,0.00026254647,0.0009849576,0.0030699065
10653,0.00021961046,0.00087068893,0.002461316
10654,0.00018763126,0.0008003729,0.0020262224
10655,0.00016314353,0.0007446387,0.001698027
10656,0.00014374308,0.0006991675,0.0014433847
10657,0.00012779841,0.000665223,0.0012418459
10658,0.002835218,0.0022412254,0.014357705
10659,0.0032385183,0.0019764386,0.014554763
10660,0.0018740927,0.0013356874,0.011850952
10661,0.001200392,0.0009629527,0.008982315
10662,0.00085304206,0.0007476765,0.0067265327
10663,0.0009366698,0.0007190079,0.007039022
10664,0.0007142487,0.0005941146,0.0053923633
10665,0.0005743593,0.0005181827,0.004258926
10666,0.0004771846,0.00047062308,0.0034529828
10667,0.00055646716,0.0004906861,0.0039814548
10668,0.0004668481,0.00045050212,0.0032576255
10669,0.00040306328,0.00042005637,0.0027328944
10670,0.00035259544,0.00040079944,0.0023306964
10671,0.00053568254,0.00046889434,0.003636768
10672,0.00052650383,0.00045508068,0.0035051215
10673,0.00044632537,0.00042682883,0.0029032084
10674,0.00038534123,0.00040729385,0.0024489965
10675,0.009098146,0.00153617,0.016260756
10676,0.0055139805,0.0013617596,0.0148673635
10677,0.004255931,0.0011766404,0.013655888
10678,0.0028406687,0.0009378082,0.011351004
10679,0.0019770428,0.0007427004,0.008922376
10680,0.0015859186,0.0006181413,0.007356167
10681,0.0012235573,0.0005304799,0.005745383
10682,0.0009888327,0.00047681603,0.004598955
10683,0.00082764786,0.000440877,0.0037769233
10684,0.0007094045,0.00041634124,0.0031677168
10685,0.0006032565,0.00040071443,0.0026505627
10686,0.0006397103,0.00041323664,0.002806412
10687,0.000557324,0.0004009666,0.002399923
10688,0.0004980707,0.00039130132,0.002101303
10689,0.0004458992,0.0003855187,0.0018484081
10690,0.0018159304,0.00068712863,0.0075901104
10691,0.0031232692,0.0008386337,0.010676876
10692,0.0021516848,0.0006992891,0.008201675
10693,0.01272668,0.0015773332,0.016263777
10694,0.007318389,0.001647573,0.0146063715
10695,0.007827074,0.0018563811,0.0147383185
10696,0.0046543987,0.0016363144,0.012207282
10697,0.0029934181,0.0013693073,0.009429554
10698,0.0020389545,0.0011635007,0.007018303
10699,0.0017021368,0.001070359,0.005906583
10700,0.0013708078,0.00097480766,0.004745649
10701,0.0011207811,0.0009102043,0.003850157
10702,0.0016225672,0.0010703249,0.0055289944
10703,0.0012715175,0.0009793715,0.004339807
10704,0.0010484221,0.0009190357,0.0035360397
10705,0.00089164055,0.0008765734,0.0029586595
10706,0.0007710778,0.00084595033,0.0025168187
10707,0.003437077,0.0015480777,0.009844819
10708,0.0024074665,0.0013450562,0.007626674
10709,0.0016647674,0.0011632876,0.005571402
10710,0.0012075542,0.0010379276,0.0041278787
10711,0.0009919464,0.0009754539,0.0033546227
10712,0.0008419016,0.00093205954,0.0028045096
10713,0.0007368083,0.0009000636,0.0024111858
10714,0.00063936855,0.0008760193,0.002064371
10715,0.0005733383,0.00085981336,0.0018239506
10716,0.0006368746,0.0008993239,0.0020642662
10717,0.00079371664,0.0009765104,0.0026506614
10718,0.00092713244,0.0010268238,0.0031319137
10719,0.00080131245,0.0009899688,0.00267345
10720,0.00070311985,0.00095679227,0.0023051307
10721,0.0006048399,0.00092985324,0.0019603034
10722,0.000521029,0.0009084641,0.0016774626
10723,0.0005096194,0.0009216107,0.0016419747
10724,0.00046437385,0.0009014488,0.0014741259
10725,0.00061405223,0.0010305248,0.0020656874
10726,0.0006587314,0.0010815316,0.0022507804
10727,0.0005574565,0.0010441267,0.0018875025
10728,0.00044891317,0.0009929581,0.0015180795
10729,0.0010413849,0.0014211759,0.003960722
10730,0.010299275,0.0039279936,0.015631441
10731,0.0058713085,0.0036029783,0.013430231
10732,0.003710366,0.003004442,0.010808059
10733,0.0024204622,0.0024576334,0.008081213
10734,0.0017177887,0.0020922848,0.006038692
10735,0.0011387956,0.001806925,0.0042009666
10736,0.0010837285,0.0017735156,0.0039960938
10737,0.002219061,0.0023695815,0.0076813744
10738,0.0014489578,0.0019772334,0.005398347
10739,0.001001521,0.0017205228,0.0038507471
10740,0.00073462096,0.0015442821,0.0028545773
10741,0.0006058053,0.001456855,0.0023330697
10742,0.00059103593,0.0014558061,0.002275697
10743,0.0004934924,0.0013892106,0.0018847787
10744,0.00040414007,0.0013229238,0.0015379072
10745,0.0004030127,0.0013546603,0.001553921
10746,0.00054168084,0.0015428704,0.0022142818
10747,0.00046245454,0.0014846534,0.0018897455
10748,0.00041103715,0.0014343726,0.0016544482
10749,0.0003569901,0.001393244,0.0014235153
10750,0.00027263848,0.001305415,0.0010933512
10751,0.0002453442,0.001288431,0.000975804
10752,0.00027207125,0.001376596,0.001123676
10753,0.000259471,0.0013797953,0.0010724512
10754,0.00022357734,0.0013487893,0.00092056365
10755,0.00094297016,0.0023780114,0.0047418773
10756,0.0007302674,0.0021103804,0.0036722126
10757,0.0010541575,0.0024040819,0.0052786
10758,0.0011160275,0.0023617407,0.0055071963
10759,0.0019728509,0.0028565957,0.008648159
10760,0.0026539618,0.0030676785,0.010377727
10761,0.0014995612,0.0023494456,0.007081861
10762,0.0010145593,0.0019420316,0.0050562606
10763,0.0007003939,0.0016616306,0.0035900236
10764,0.0005793205,0.0015361028,0.0029281226
10765,0.0006800267,0.0016387851,0.003486266
10766,0.0008172192,0.0018321096,0.0044536903
10767,0.0005440766,0.0015893412,0.0030627036
10768,0.00038189726,0.0014219001,0.0021826641
10769,0.0003195632,0.0013551366,0.0018075244
10770,0.0002828779,0.0013082849,0.0015737682
10771,0.000691834,0.0018609633,0.004248566
10772,0.00056129525,0.00167581,0.0034020052
10773,0.00046374567,0.0015477649,0.002769431
10774,0.00041241857,0.0014721252,0.0024263149
10775,0.0017985797,0.002622283,0.009321841
10776,0.0010494776,0.0019956334,0.0062965527
10777,0.00078276795,0.0017041967,0.0047687506
10778,0.00059976976,0.001512792,0.0036590898
10779,0.0004569377,0.0013675016,0.0027905107
10780,0.0003934377,0.0012851604,0.0023536454
10781,0.00080706814,0.0016904942,0.0049882377
10782,0.0007890788,0.0016086078,0.004809096
10783,0.000697851,0.001472726,0.0041954922
10784,0.00059392635,0.0014043137,0.0037239904
10785,0.00039918273,0.0012410387,0.002567277
10786,0.0006418895,0.0014886216,0.004240286
10787,0.0018108772,0.0021631604,0.009734287
10788,0.0010587755,0.0016314464,0.006652481
10789,0.00071992533,0.0013540526,0.0047352808
10790,0.0005698051,0.0012124343,0.0037189578
10791,0.00045732013,0.0011149654,0.0029548015
10792,0.0003971031,0.0010463694,0.002508562
10793,0.00034429278,0.0009970004,0.00213169
10794,0.00024430582,0.00091864774,0.0015307155
10795,0.00020246755,0.0008895018,0.0012609445
10796,0.00018333008,0.0008749852,0.0011237231
10797,0.000154681,0.00085826026,0.00094470894
10798,0.00013476319,0.0008511837,0.000817403
10799,0.000116737814,0.0008450929,0.00070442975
10800,0.000103591614,0.00084479724,0.00062102685
10801,9.950275e-05,0.00085371884,0.0005949205
10802,0.00043227433,0.0015346294,0.003393692
10803,0.0048260516,0.0039664702,0.01508948
10804,0.00242411,0.0027925295,0.01220918
10805,0.0014704,0.0020422093,0.009188851
10806,0.002814662,0.0023973617,0.012557699
10807,0.0015138132,0.0017182969,0.009075803
10808,0.0016651761,0.0016705103,0.009527643
10809,0.002408313,0.0017662506,0.011399467
10810,0.004686177,0.0021281992,0.0143094435
10811,0.005767269,0.002243853,0.014892853
10812,0.0039025885,0.0018696284,0.013135466
10813,0.0023899463,0.0014599022,0.010333831
10814,0.0013960374,0.0011336509,0.007183845
10815,0.00083485123,0.0009540506,0.0047235275
10816,0.0005754701,0.0008308519,0.003341568
10817,0.0010156372,0.0010357728,0.0058001936
10818,0.0012311656,0.0010941697,0.006766069
10819,0.0010177586,0.0009896206,0.0057088993
10820,0.00074891804,0.00086753257,0.004270788
10821,0.0004869751,0.0007787775,0.0028832087
10822,0.0003189349,0.0007301354,0.0019436849
10823,0.0002175255,0.00069122826,0.001351159
10824,0.00015386206,0.00065498566,0.00096814433
10825,9.993361e-05,0.00065521407,0.00064527756
10826,6.891919e-05,0.0006342825,0.0004521566
10827,5.5721866e-05,0.00062358205,0.00036601577
10828,5.0096085e-05,0.0006303296,0.00032669323
10829,8.130138e-05,0.0008123314,0.000637847
10830,5.8003992e-05,0.0007623501,0.00045833187
10831,4.7695514e-05,0.000753699,0.00037837814
10832,0.00012673184,0.0011221581,0.0012818143
10833,0.000116684845,0.0010758326,0.0011521642
10834,0.000103568076,0.0010391544,0.0009973538
10835,7.892057e-05,0.0009871233,0.00075811986
10836,5.0821534e-05,0.00095285045,0.0004969312
10837,3.370181e-05,0.0009027153,0.00033301354
10838,2.3376937e-05,0.0008425496,0.00023144012
10839,2.4899085e-05,0.00088939257,0.00025289084
10840,3.2422657e-05,0.0009848502,0.0003524998
10841,4.106743e-05,0.0010723659,0.00047264757
10842,5.140624e-05,0.0011420196,0.00061969867
10843,8.713886e-05,0.001366686,0.0011756755
10844,0.00015899923,0.0016608974,0.0023479918
10845,0.00014106317,0.0014904578,0.002002692
10846,0.00011754954,0.001368315,0.0016072262
10847,7.728545e-05,0.0012165147,0.0010599303
10848,8.326521e-05,0.0012460224,0.001154262
10849,0.00014748985,0.0015321148,0.0022449451
10850,9.365877e-05,0.0013284934,0.0014349369
10851,6.169881e-05,0.0011859526,0.0009423781
10852,6.4350344e-05,0.0012263781,0.0009994925
10853,6.086876e-05,0.0012636909,0.001000706
10854,4.297237e-05,0.0011597826,0.0006944939
10855,3.466857e-05,0.0011078401,0.00054619805
10856,2.9647312e-05,0.0010814035,0.00045959945
10857,2.2547792e-05,0.0010231406,0.00034025594
10858,1.7617971e-05,0.0009740424,0.00025737705
10859,1.2036679e-05,0.00090130925,0.00017258161
10860,9.56514e-06,0.000859544,0.00013188664
10861,8.901362e-06,0.00082644867,0.00011860386
10862,1.346335e-05,0.0009826338,0.0002019016
10863,1.1564891e-05,0.00092122774,0.00016450806
10864,1.8235696e-05,0.0010771841,0.0002902423
10865,1.38548885e-05,0.0010143047,0.00021279174
10866,1.6792137e-05,0.0011118897,0.00027384493
10867,1.4519109e-05,0.0010210595,0.0002230562
10868,1.1809234e-05,0.0009687717,0.00017356675
10869,8.770265e-06,0.0009120053,0.00012477965
10870,7.5401836e-06,0.0008626636,0.000102115315
10871,7.262677e-06,0.0008875314,0.00010020209
10872,8.251851e-06,0.0008758158,0.00011449157
10873,8.049261e-06,0.0008880746,0.000111833826
10874,1.1029861e-05,0.000955303,0.00016318036
10875,9.830922e-06,0.00085784076,0.00013619974
10876,7.845066e-06,0.0008186367,0.00010436198
10877,6.278549e-06,0.0007820303,8.015613e-05
10878,5.271515e-06,0.00068362616,6.176124e-05
10879,4.509535e-06,0.0006218434,4.927574e-05
10880,3.883676e-06,0.00058578665,4.015433e-05
10881,3.3657145e-06,0.00054686266,3.2821074e-05
10882,3.6244708e-06,0.00055823615,3.5618952e-05
10883,4.61375e-06,0.0005933083,4.7590314e-05
10884,4.0166747e-06,0.0005498039,3.9015955e-05
10885,4.791097e-06,0.00058394286,4.8353166e-05
10886,4.166188e-06,0.0005611327,4.0201277e-05
10887,3.5920114e-06,0.00054572325,3.334552e-05
10888,3.1628883e-06,0.0005220217,2.8039927e-05
10889,7.0524347e-06,0.0006821619,7.721527e-05
10890,6.3272096e-06,0.00063915516,6.589523e-05
10891,6.030061e-06,0.00063364505,6.160359e-05
10892,6.0255775e-06,0.00061872863,6.0429673e-05
10893,6.488588e-06,0.0006210589,6.5276006e-05
10894,1.7835939e-05,0.0008884349,0.00023586093
10895,0.000188637,0.002109248,0.0038928296
10896,0.0006879252,0.0031474016,0.01047372
10897,0.00057101593,0.002274994,0.008967591
10898,0.0003672675,0.0015694366,0.006133829
10899,0.00037272813,0.0013583144,0.005934458
10900,0.00037833987,0.0012038951,0.005768469
10901,0.00023749092,0.0009665744,0.003749323
10902,0.00027518012,0.0009728032,0.004245967
10903,0.00023332862,0.0008925121,0.003582173
10904,0.00018541713,0.00074690103,0.0026951411
10905,0.0001613041,0.0006713096,0.0022419523
10906,0.00013939002,0.00063160685,0.0018763974
10907,0.00011535983,0.00059540593,0.0015009489
10908,0.00010496729,0.0005894192,0.0013487752
10909,8.2968996e-05,0.00056440005,0.0010447636
10910,9.1428636e-05,0.00061037665,0.0011940302
10911,9.408462e-05,0.00063272606,0.0012407231
10912,0.00012487106,0.00072873896,0.001755447
10913,0.00016527837,0.00082076184,0.0024177134
10914,0.00013289439,0.0007583477,0.0018841627
10915,0.00010243913,0.0007088893,0.0014207973
10916,8.368754e-05,0.0006812817,0.00113878
10917,7.879084e-05,0.0006942904,0.001082508
10918,0.00010395184,0.00079694256,0.0015265802
10919,8.679476e-05,0.0007717385,0.0012646145
10920,7.760005e-05,0.0007604397,0.0011170629
10921,5.940396e-05,0.00072090817,0.00083811773
10922,4.2790576e-05,0.0006769937,0.0005954103
10923,3.1638785e-05,0.0006437184,0.00043332178
10924,4.1522246e-05,0.00074369815,0.00061959
10925,3.297834e-05,0.0007125139,0.00047693704
10926,2.6554888e-05,0.00068853894,0.0003736133
10927,2.0652154e-05,0.000661578,0.00028259162
10928,1.4684189e-05,0.0006240524,0.00019712708
10929,1.0245647e-05,0.000586329,0.00013480302
10930,8.358633e-06,0.00057009293,0.00010680271
10931,1.6345271e-05,0.0007141286,0.00024677554
10932,1.6734159e-05,0.0007027466,0.00025060636
10933,2.9618383e-05,0.00083700934,0.0005052723
10934,2.4672048e-05,0.00073086045,0.00038761194
10935,2.07718e-05,0.0006573274,0.00030335315
10936,1.8793164e-05,0.0006409389,0.00026613858
10937,1.7425296e-05,0.00061587297,0.00023795175
10938,1.8809533e-05,0.0006189739,0.00025706817
10939,1.6045862e-05,0.0005883421,0.00020858787
10940,1.3861752e-05,0.00054776424,0.00016993814
10941,1.2069894e-05,0.00049647264,0.0001385248
10942,1.3120191e-05,0.0005043728,0.00015235209
10943,8.87752e-05,0.0010178004,0.0016337403
10944,7.0999515e-05,0.0009245193,0.0012405433
10945,5.802498e-05,0.0008518248,0.0009625963
10946,4.8493617e-05,0.00078639825,0.00076138723
10947,3.860558e-05,0.00074851967,0.0005854584
10948,0.00012177123,0.0011399952,0.002308512
10949,0.00010975238,0.001014678,0.0019845522
10950,9.11778e-05,0.0009067701,0.001560805
10951,7.4251555e-05,0.00083269825,0.0012100805
10952,6.124323e-05,0.0007773717,0.000953023
10953,5.0849805e-05,0.0007353208,0.0007582122
10954,4.255751e-05,0.0007013844,0.0006091437
10955,3.5836343e-05,0.0006733698,0.0004931816
10956,4.5162342e-05,0.00071114703,0.0006465127
10957,5.468966e-05,0.00074962946,0.0008099302
10958,4.531793e-05,0.0007252335,0.00065417716
10959,3.890437e-05,0.00068336213,0.00053508737
10960,3.3647928e-05,0.0006179717,0.00043442965
10961,3.16168e-05,0.0006026004,0.00039973742
10962,2.9822932e-05,0.0005896745,0.00036988466
10963,4.2538704e-05,0.0006797007,0.00057868473
10964,3.6946465e-05,0.00064127054,0.0004792171
10965,3.177438e-05,0.00062110514,0.00039735038
10966,2.7219941e-05,0.00060572056,0.00032930222
10967,2.3314464e-05,0.0005928453,0.0002732954
10968,2.0197645e-05,0.00057978247,0.00022903258
10969,1.7420902e-05,0.00056952104,0.0001915763
10970,1.523796e-05,0.000557415,0.00016203847
10971,2.0269625e-05,0.00060317793,0.0002290921
10972,0.0051738983,0.005453481,0.016632462
10973,0.0026212444,0.003487118,0.01530971
10974,0.0013264843,0.0020826943,0.01249648
10975,0.00075848994,0.0013704842,0.00910073
10976,0.00049315044,0.0010166995,0.0064009023
10977,0.00035101833,0.00083027495,0.004596112
10978,0.0002748497,0.0007071746,0.0034842622
10979,0.00022495587,0.00061857246,0.002729692
10980,0.00018939177,0.0005584324,0.0022002226
10981,0.000166552,0.0005147991,0.0018613228
10982,0.00017534793,0.00051461515,0.0019526986
10983,0.00015658767,0.0004815083,0.0016839927
10984,0.00013650271,0.00045972088,0.001419558
10985,0.00012192205,0.0004459709,0.0012327321
10986,0.00010462832,0.0004378547,0.0010351291
10987,9.311423e-05,0.0004282722,0.0008961105
10988,8.14065e-05,0.00042464084,0.0007674987
10989,7.254206e-05,0.00042096263,0.00066858117
10990,6.6196495e-05,0.00041178818,0.0005934269
10991,6.804022e-05,0.00041266487,0.0006077924
10992,6.290931e-05,0.00039729275,0.0005451385
10993,6.851076e-05,0.00041359302,0.00060497376
10994,6.298805e-05,0.0003973162,0.00053847843
10995,5.7910056e-05,0.00038569546,0.00048066545
10996,8.2114464e-05,0.0004383072,0.0007377561
10997,7.517394e-05,0.0004223155,0.00065452635
10998,7.309113e-05,0.0004218761,0.000628588
10999,6.535584e-05,0.00042385305,0.00055385655
11000,6.0789924e-05,0.0004243702,0.00050678477
11001,5.594815e-05,0.00041702404,0.0004548751
11002,5.1478586e-05,0.00041326892,0.0004093447
11003,4.7398175e-05,0.00041110712,0.000369154
11004,4.372108e-05,0.0004094944,0.00033372737
11005,4.0613104e-05,0.00040250662,0.0003026629
11006,3.7345108e-05,0.00040456944,0.00027373133
11007,4.6574212e-05,0.00044060004,0.00036041863
11008,4.3119395e-05,0.00043651529,0.00032662493
11009,4.012735e-05,0.00042590953,0.00029629242
11010,3.7843714e-05,0.00041804745,0.0002738222
11011,3.5647972e-05,0.00040980554,0.00025254217
11012,3.3288314e-05,0.00040470037,0.00023081602
11013,0.00010711747,0.0006406654,0.0010052538
11014,9.690731e-05,0.0006162281,0.00088233483
11015,8.836101e-05,0.00059152936,0.000780344
11016,8.077778e-05,0.00057021657,0.0006927214
11017,0.00018327167,0.0007770327,0.0018569634
11018,0.0001605912,0.00073447975,0.0015754227
11019,0.0001425657,0.0006969577,0.0013539128
11020,0.00012747684,0.0006689155,0.001175259
11021,0.00011508533,0.0006397976,0.0010286936
11022,0.00010451582,0.0006153757,0.0009071987
11023,0.00013628157,0.00068253145,0.001249486
11024,0.00012802189,0.00065461115,0.0011517344
11025,0.00011936733,0.0006318365,0.0010517676
11026,0.00010850706,0.00060629466,0.0009280037
11027,9.9058656e-05,0.00058752816,0.0008247113
11028,9.046573e-05,0.0005768923,0.00073617406
11029,8.3238556e-05,0.00056223985,0.000660721
11030,7.659412e-05,0.0005542801,0.0005951633
11031,7.084923e-05,0.00054404646,0.0005383407
11032,7.095429e-05,0.0005447861,0.0005365081
11033,0.00015796302,0.0007357194,0.0014387495
11034,0.00019888823,0.0007983103,0.0018750688
11035,0.00017586206,0.0007478837,0.0016026685
11036,0.00015716752,0.0007055138,0.0013859316
11037,0.00014158091,0.00067318225,0.0012113899
11038,0.00012835876,0.0006474508,0.0010678539
11039,0.00011711726,0.0006227442,0.0009474242
11040,0.000107133776,0.0006073688,0.0008461297
11041,9.9114244e-05,0.0005898588,0.000764015
11042,0.0002691452,0.00086647534,0.0025101388
11043,0.00026813333,0.0008419068,0.0024657142
11044,0.00023334938,0.00077872106,0.0020742603
11045,0.0002056061,0.0007344137,0.0017723489
11046,0.0003049353,0.0008439517,0.002752554
11047,0.00035199738,0.00084995345,0.0031711613
11048,0.00031138436,0.0007831452,0.0027236042
11049,0.00026981783,0.000732292,0.0022928363
11050,0.00037417433,0.00082260265,0.0032530783
11051,0.00041915616,0.00082794175,0.00359697
11052,0.00035377548,0.00074821786,0.0029434883
11053,0.00030576257,0.000688254,0.0024626737
11054,0.00026620948,0.000652629,0.0020875412
11055,0.00036298786,0.0007176283,0.0029249308
11056,0.00031444352,0.0006630177,0.0024550036
11057,0.00027628307,0.0006248348,0.0020949233
11058,0.0002452303,0.00059753825,0.0018104272
11059,0.0002717778,0.0006163241,0.002019938
11060,0.00027215068,0.0005968359,0.0020015102
11061,0.00036175537,0.00066063815,0.0027342106
11062,0.0003546656,0.00065506564,0.0026521035
11063,0.0003091282,0.0006190751,0.0022502206
11064,0.00027389635,0.000590252,0.001940942
11065,0.0002434733,0.0005717408,0.0016862713
11066,0.000219466,0.0005554741,0.0014852607
11067,0.00019603214,0.00054745044,0.0013034339
11068,0.00018409002,0.00053459057,0.0012004019
11069,0.00016979662,0.00053078425,0.0010900131
11070,0.00015582133,0.0005259737,0.0009831578
11071,0.00014196956,0.00052523304,0.0008831847
11072,0.00013224168,0.00051647564,0.0008071066
11073,0.00061649544,0.0009481592,0.004647613
11074,0.00057789753,0.0008665843,0.0042608622
11075,0.00047475746,0.00078642677,0.0034319353
11076,0.00040167096,0.0007307164,0.0028357955
11077,0.00034370983,0.0006928888,0.0023744316
11078,0.00029562233,0.00066658616,0.002004036
11079,0.000364591,0.0007198666,0.0025243207
11080,0.0003441014,0.0007163823,0.002370487
11081,0.0003004951,0.0006871267,0.002024746
11082,0.000263529,0.00066682184,0.0017417116
11083,0.00023836643,0.0006434524,0.0015381658
11084,0.00021725007,0.00062634225,0.0013720305
11085,0.0002912797,0.0006966225,0.0019304802
11086,0.0002600399,0.0006740568,0.0016856622
11087,0.00023238936,0.0006591766,0.0014781258
11088,0.00020838737,0.0006489839,0.00130322
11089,0.00019092693,0.00063574524,0.0011707618
11090,0.00017624718,0.0006220282,0.0010595178
11091,0.00016279884,0.0006138285,0.0009618672
11092,0.00015040109,0.00060937647,0.00087509834
11093,0.00013896682,0.00060751784,0.0007975003
11094,0.00012989488,0.0006005907,0.00073360937
11095,0.00012082602,0.00060138747,0.00067436224
11096,0.00011058442,0.00060574163,0.00061177305
11097,0.00012899829,0.00067856186,0.0007632203
11098,0.00011439506,0.0006798348,0.00067224517
11099,0.00010532507,0.0006819378,0.00061237917
11100,0.00024850658,0.00096983765,0.00175469
11101,0.00022302548,0.00092973385,0.0015379051
11102,0.00019632708,0.0009089282,0.0013327783
11103,0.0001690037,0.00089157175,0.0011355514
11104,0.00015199903,0.000880203,0.0010064468
11105,0.00013424591,0.00087285606,0.000879797
11106,0.00011865107,0.0008681416,0.00077061175
11107,0.00010551435,0.0008660547,0.0006794304
11108,9.778019e-05,0.0008569749,0.00062040007
11109,8.787119e-05,0.00085851457,0.00055306195
11110,8.200182e-05,0.00084778824,0.00050845946
11111,7.6574775e-05,0.00084006204,0.00046827056
11112,6.884379e-05,0.0008447598,0.00041843
11113,6.984882e-05,0.0008643677,0.00042811118
11114,0.00018300692,0.0012556094,0.0014166079
11115,0.00016399763,0.0012087788,0.0012423997
11116,0.0010380113,0.0024775786,0.008098312
11117,0.0008242907,0.0020063787,0.0065776287
11118,0.000605269,0.0016718294,0.004916637
11119,0.00048017292,0.0014609274,0.003850091
11120,0.0006148303,0.0015442974,0.0048435223
11121,0.0007717448,0.001599373,0.0058561135
11122,0.002253974,0.002243735,0.011754872
11123,0.006273927,0.0029974272,0.015593447
11124,0.0064657684,0.0030061826,0.015555606
11125,0.0036537831,0.0023844575,0.013505118
11126,0.0021010423,0.0017696223,0.010470522
11127,0.001397533,0.001384084,0.007847989
11128,0.0013188568,0.0012832554,0.0073701916
11129,0.0018545822,0.001425964,0.009444034
11130,0.0012439492,0.0011508748,0.0070138164
11131,0.0007948702,0.00094560866,0.004805623
11132,0.00086945534,0.0009477056,0.0051377695
11133,0.00070943136,0.0008421694,0.0041254684
11134,0.0007771612,0.0008579016,0.0044560507
11135,0.0013112007,0.0010935502,0.007377695
11136,0.0009873396,0.0009280308,0.0056766034
11137,0.0018756688,0.0011621831,0.009197473
11138,0.021821722,0.003954168,0.017195908
11139,0.016221222,0.006410672,0.016955692
11140,0.007929737,0.006907902,0.015859092
11141,0.0034851911,0.005247657,0.013102039
11142,0.001903313,0.0037212821,0.009749468
11143,0.001198328,0.0028396065,0.0069663995
11144,0.0008736179,0.0023546563,0.005219597
11145,0.00058591337,0.0019656038,0.0036248234
11146,0.0004229576,0.0017309479,0.0026442057
11147,0.00034903182,0.0016220054,0.0021567596
11148,0.00024366828,0.0014771996,0.0015269575
11149,0.00021519174,0.0014315875,0.0013287003
11150,0.000151422,0.0013332445,0.0009472281
11151,0.0001100969,0.0012427061,0.0006948631
11152,0.00011219269,0.0012686126,0.0007159258
11153,9.594922e-05,0.0012489213,0.0006099207
11154,7.324117e-05,0.0011828707,0.00046793974
11155,6.642501e-05,0.001181189,0.00042101069
11156,5.2088446e-05,0.0011354547,0.0003314301
11157,4.6125548e-05,0.001136277,0.00029221288
11158,4.052943e-05,0.0011362592,0.0002558776
11159,3.776357e-05,0.0011263626,0.00023554428
11160,3.2623542e-05,0.0011284899,0.00021025208
11161,2.3326898e-05,0.0010571639,0.0001516658
11162,1.9983328e-05,0.0010542385,0.00012961637
11163,1.9933032e-05,0.0010584437,0.00012945439
11164,3.014207e-05,0.0013190657,0.0002331474
11165,2.7396423e-05,0.0013085394,0.00020908481
11166,2.2777305e-05,0.001288353,0.00017326031
11167,2.0768632e-05,0.0012773516,0.00015573697
11168,1.9125542e-05,0.0012524531,0.00014081896
11169,3.2756212e-05,0.0015321573,0.00028100976
11170,2.9644345e-05,0.0015034821,0.00024996084
11171,2.3160152e-05,0.0014465302,0.00019505552
11172,1.6746773e-05,0.0013558536,0.00014143322
11173,1.2797227e-05,0.0012994107,0.00010789824
11174,1.0359141e-05,0.0012697973,8.676657e-05
11175,9.401224e-06,0.0012343681,7.675988e-05
11176,0.00013908505,0.0034734672,0.002233221
11177,0.00026063062,0.0041146115,0.0043139863
11178,0.00019231848,0.0033277974,0.0031043321
11179,0.00018471113,0.0029895804,0.0029146643
11180,0.00014636957,0.0025524662,0.0022161105
11181,0.00011054043,0.002301379,0.0016481786
11182,0.00056618074,0.004144821,0.008135872
11183,0.0023327756,0.0060853753,0.01474911
11184,0.0011702534,0.0036386363,0.011573996
11185,0.00068209466,0.0024470796,0.008250831
11186,0.00043014134,0.0018460994,0.005636163
11187,0.0002477884,0.0014738753,0.0034651216
11188,0.00015354717,0.001249738,0.0021959466
11189,0.00012493272,0.00115374,0.0017296891
11190,0.00010637816,0.0010537303,0.0014076353
11191,9.177203e-05,0.0009551613,0.0011551961
11192,7.041985e-05,0.0009070387,0.00087715447
11193,9.479029e-05,0.0010363685,0.0012645228
11194,6.4158936e-05,0.00094227976,0.00085485954
11195,5.6085086e-05,0.0008618138,0.0007098902
11196,0.00024454825,0.0014814738,0.0038609293
11197,0.00019673788,0.0012414054,0.0029704196
11198,0.00014366992,0.0011075464,0.0021378973
11199,9.47536e-05,0.0009795995,0.0014107742
11200,0.00010126953,0.00095390977,0.001489594
11201,0.0001806205,0.0011351858,0.0028256814
11202,0.00016074072,0.0010614072,0.0024542215
11203,0.00013297301,0.0009799536,0.0019681104
11204,9.685383e-05,0.00089766283,0.0014132129
11205,9.865204e-05,0.00086175307,0.0014110381
11206,7.430672e-05,0.000808025,0.0010445862
11207,4.7480902e-05,0.0007442955,0.00066938385
11208,3.6003916e-05,0.00070963276,0.0004973866
11209,2.6267171e-05,0.00067236676,0.00035678007
11210,1.8457387e-05,0.00063231966,0.0002469202
11211,1.2382952e-05,0.0005886445,0.00016337611
11212,8.616138e-06,0.00055313506,0.000111308924
11213,5.9209924e-06,0.0005180264,7.4721655e-05
11214,4.045693e-06,0.0004839531,4.9705046e-05
11215,3.2363682e-06,0.00045953627,3.772443e-05
11216,1.3375606e-05,0.0007717216,0.00023122776
11217,1.668678e-05,0.0007913636,0.0002972473
11218,2.1630127e-05,0.0008064203,0.00039626003
11219,1.8974657e-05,0.00073445175,0.00032789205
11220,1.7185312e-05,0.00073451054,0.00029688308
11221,1.22537695e-05,0.0006803799,0.00020312802
11222,1.0003215e-05,0.000598533,0.00015147106
11223,7.951881e-06,0.0005648094,0.0001141689
11224,6.805881e-06,0.00050072896,9.002686e-05
11225,5.6995946e-06,0.00046115645,7.025313e-05
11226,5.149075e-06,0.000420523,5.9556198e-05
11227,5.1069314e-06,0.00039809206,5.7009416e-05
11228,1.9044584e-05,0.00062652124,0.00030012653
11229,1.4403099e-05,0.00059329474,0.00021864829
11230,1.4031569e-05,0.00055451755,0.00020424867
11231,1.1744686e-05,0.0004906234,0.00015720287
11232,9.980514e-06,0.00044886908,0.00012453538
11233,9.207675e-06,0.0004335666,0.00011064578
11234,1.9953333e-05,0.0005790086,0.00029606945
11235,2.7316213e-05,0.0006460633,0.00043732804
11236,2.2725937e-05,0.00060416857,0.00034341138
11237,1.809748e-05,0.00057758717,0.00026246184
11238,1.5181654e-05,0.00054626097,0.00020856762
11239,1.22256715e-05,0.00053379167,0.0001649018
11240,2.459254e-05,0.0007291715,0.00041036762
11241,2.0848867e-05,0.00071730674,0.00034501267
11242,1.5666472e-05,0.00067431695,0.0002488649
11243,1.3326623e-05,0.0006624148,0.00020851337
11244,3.069952e-05,0.000912008,0.0005958127
11245,2.6120286e-05,0.00084540556,0.0004797994
11246,2.1111782e-05,0.0007909413,0.00036837
11247,1.8941624e-05,0.0007135874,0.0003106802
11248,1.5087576e-05,0.0006736505,0.00023557554
11249,1.2400745e-05,0.0006302855,0.00018238997
11250,8.881474e-06,0.00059172494,0.00012647633
11251,6.8902154e-06,0.00056317914,9.4165945e-05
11252,5.435138e-06,0.0005394164,7.1555936e-05
11253,4.2325305e-06,0.00051821256,5.4123906e-05
11254,3.2897622e-06,0.00049218733,4.0194107e-05
11255,2.868763e-06,0.0004489182,3.2677766e-05
11256,2.4573956e-06,0.00044856695,2.7956008e-05
11257,2.4317485e-06,0.0004489687,2.7324171e-05
11258,3.0317692e-06,0.0004558741,3.4911558e-05
11259,2.5332813e-06,0.00043501638,2.7722295e-05
11260,2.3591313e-06,0.0004188462,2.483474e-05
11261,2.0654131e-06,0.0003979229,2.0637877e-05
11262,5.7879324e-06,0.000557042,7.554771e-05
11263,4.8169422e-06,0.00048907194,5.749175e-05
11264,3.4332688e-06,0.00046172566,3.977096e-05
11265,2.8671548e-06,0.00043212232,3.116106e-05
11266,2.341747e-06,0.00041303528,2.4193958e-05
11267,2.1270155e-06,0.00038666985,2.0823532e-05
11268,1.7518597e-06,0.00037191526,1.6355427e-05
11269,1.4682e-06,0.00035619628,1.3020767e-05
11270,1.3607646e-06,0.00037083396,1.2448788e-05
11271,1.0571958e-06,0.00035633822,9.302708e-06
11272,8.312892e-07,0.00034236666,7.015389e-06
11273,6.7785675e-07,0.00032821475,5.445281e-06
11274,5.87315e-07,0.0003076207,4.440033e-06
11275,5.269303e-07,0.00029472334,3.802344e-06
11276,4.46655e-07,0.00028168794,3.056024e-06
11277,3.856106e-07,0.00026700122,2.4940994e-06
11278,3.1502864e-07,0.0002599863,1.9613055e-06
11279,2.5939406e-07,0.0002530215,1.5520988e-06
11280,2.0894912e-07,0.0002463237,1.2062341e-06
11281,1.6879105e-07,0.00023966549,9.39133e-07
11282,1.45461e-07,0.00022658655,7.6379564e-07
11283,1.4962868e-07,0.0002144343,7.628689e-07
11284,1.2768851e-07,0.00020856161,6.234706e-07
11285,1.1125263e-07,0.00019206051,5.084257e-07
11286,9.939346e-08,0.0001852723,4.3444618e-07
11287,1.5585307e-07,0.00021679178,7.633376e-07
11288,2.1392151e-07,0.00023264135,1.1185791e-06
11289,2.5272038e-07,0.00023345891,1.3413435e-06
11290,2.2669242e-07,0.0002248816,1.1512856e-06
11291,2.1737335e-07,0.00020964185,1.0559721e-06
11292,5.770809e-07,0.00030102502,3.6794563e-06
11293,1.120359e-06,0.00036991388,8.459374e-06
11294,9.92212e-07,0.00033595596,7.0262213e-06
11295,1.3284707e-06,0.0003565553,9.9469025e-06
11296,2.7359968e-06,0.00044556882,2.4597155e-05
11297,3.2507105e-06,0.00046529935,3.0128984e-05
11298,3.6516064e-06,0.00048212695,3.449746e-05
11299,4.4291396e-06,0.0005068283,4.3615277e-05
11300,6.089498e-06,0.0005444159,6.395658e-05
11301,5.4017673e-06,0.000503993,5.3564807e-05
11302,5.612877e-06,0.00050139904,5.52591e-05
11303,4.773463e-06,0.0004917544,4.5452038e-05
11304,3.9571323e-06,0.0004831974,3.6616602e-05
11305,3.2535977e-06,0.00047439008,2.9279128e-05
11306,2.832606e-06,0.00046005304,2.4459569e-05
11307,2.437204e-06,0.00045052296,2.0309437e-05
11308,2.0926036e-06,0.0004419829,1.6849279e-05
11309,1.8399618e-06,0.00042712546,1.4196921e-05
11310,1.6189776e-06,0.0003914647,1.1736355e-05
11311,1.4410482e-06,0.00037174323,9.952267e-06
11312,1.3538862e-06,0.00035150352,8.977263e-06
11313,1.2109975e-06,0.00032781647,7.6113834e-06
11314,1.0660707e-06,0.00032739883,6.543519e-06
11315,9.4813464e-07,0.00032274405,5.633954e-06
11316,8.5277486e-07,0.00031337672,4.8765464e-06
11317,7.7622514e-07,0.00029423184,4.231196e-06
11318,7.01783e-07,0.00027929925,3.6553913e-06
11319,6.3745966e-07,0.00026002206,3.1594614e-06
11320,6.0924054e-07,0.00025401465,2.9575767e-06
11321,5.826934e-07,0.00024611456,2.759758e-06
11322,5.3198505e-07,0.00023937257,2.4320052e-06
11323,4.8031455e-07,0.00023899236,2.141121e-06
11324,4.3161452e-07,0.00023945449,1.8797566e-06
11325,3.9066978e-07,0.00023898599,1.6592517e-06
11326,3.556733e-07,0.00023743423,1.4705824e-06
11327,1.2032148e-06,0.00038095398,7.083386e-06
11328,1.4559263e-06,0.0004094571,9.031838e-06
11329,1.3754618e-06,0.00039753248,8.329342e-06
11330,1.2993535e-06,0.00038587177,7.679497e-06
11331,1.1798081e-06,0.00037849275,6.7560545e-06
11332,1.0703584e-06,0.00037208348,5.943746e-06
11333,9.707821e-07,0.0003671609,5.23634e-06
11334,8.8232866e-07,0.00036204554,4.6225564e-06
11335,8.0533346e-07,0.00035473477,4.0894183e-06
11336,7.346925e-07,0.00034969594,3.6248798e-06
11337,6.733223e-07,0.0003377393,3.2058208e-06
11338,7.0531814e-07,0.00033847353,3.3666743e-06
11339,6.438085e-07,0.00033607899,2.9958537e-06
11340,5.911501e-07,0.00033057254,2.673006e-06
11341,7.1720024e-07,0.00034620898,3.3758547e-06
11342,6.559236e-07,0.0003262797,2.9570438e-06
11343,6.051571e-07,0.000317994,2.6446946e-06
11344,5.5889814e-07,0.00031194356,2.3736036e-06
11345,5.1676585e-07,0.00030194057,2.1239018e-06
11346,1.5248534e-06,0.00045373596,8.573249e-06
11347,1.6397487e-06,0.0004594546,9.320988e-06
11348,1.496935e-06,0.00043296136,8.154237e-06
11349,1.37043e-06,0.00040928918,7.164396e-06
11350,1.2558497e-06,0.00038591184,6.297573e-06
11351,2.0996217e-06,0.0004627663,1.2124786e-05
11352,3.2283633e-06,0.00053754344,2.0949388e-05
11353,2.9608923e-06,0.00051810045,1.857102e-05
11354,2.7196375e-06,0.00050667906,1.6572034e-05
11355,2.502741e-06,0.00049211,1.47852825e-05
11356,2.3059451e-06,0.0004810428,1.32385585e-05
11357,2.1273866e-06,0.00046573317,1.1834077e-05
11358,1.9660572e-06,0.00045346512,1.06193065e-05
11359,1.8178852e-06,0.0004460469,9.5681735e-06
11360,1.6819172e-06,0.00043983612,8.635105e-06
11361,1.5593478e-06,0.0004309618,7.794464e-06
11362,1.4433629e-06,0.0004274812,7.0540327e-06
11363,1.3336013e-06,0.00040643776,6.283723e-06
11364,2.106553e-06,0.00048671348,1.1353136e-05
11365,1.9643928e-06,0.0004772585,1.0324942e-05
11366,1.8952088e-06,0.0004619061,9.735009e-06
11367,5.4381762e-06,0.0006981536,3.8265254e-05
11368,5.263574e-06,0.00069473597,3.679815e-05
11369,5.011642e-06,0.0006828995,3.450467e-05
11370,4.7004396e-06,0.0006614426,3.1589054e-05
11371,4.3179416e-06,0.0006325356,2.8035816e-05
11372,6.8369645e-06,0.000757322,5.080746e-05
11373,1.3113002e-05,0.0009769559,0.00011831438
11374,1.188733e-05,0.000945128,0.000104032166
11375,1.0799301e-05,0.00090315717,9.129497e-05
11376,9.810931e-06,0.0008541133,7.983787e-05
11377,8.9599425e-06,0.00082426233,7.0678936e-05
11378,8.182734e-06,0.00078472093,6.229133e-05
11379,8.519071e-06,0.00079567416,6.549832e-05
11380,9.387118e-06,0.00082871795,7.429646e-05
11381,5.4187214e-05,0.0016432848,0.0007005541
11382,4.7459114e-05,0.0015078487,0.00058690447
11383,4.1726573e-05,0.0013940774,0.0004939627
11384,3.6972524e-05,0.0013068952,0.00042073417
11385,3.290231e-05,0.0012223746,0.00035953074
11386,2.9442786e-05,0.0011532098,0.00030977099
11387,2.6456772e-05,0.0010923753,0.00026834526
11388,2.3863438e-05,0.0010397629,0.00023370457
11389,4.8612732e-05,0.0013705716,0.00057810417
11390,4.5177097e-05,0.0013265267,0.0005277241
11391,4.0101957e-05,0.0012416878,0.00045012607
11392,3.580554e-05,0.0011760728,0.00038760304
11393,3.3070766e-05,0.0011241337,0.0003484493
11394,5.765919e-05,0.0013898828,0.00070505525
11395,0.00013079442,0.0018761498,0.0019044082
11396,0.00011295898,0.0017009176,0.0015855408
11397,0.0001289961,0.0017365412,0.0018381695
11398,0.00011938957,0.001642424,0.001669377
11399,0.00010132784,0.0014854262,0.0013545351
11400,8.725835e-05,0.0013550076,0.0011153166
11401,7.60463e-05,0.0012542647,0.00093228946
11402,7.197541e-05,0.0011917744,0.00086052634
11403,0.00011245748,0.0013795852,0.0014648545
11404,9.7001954e-05,0.0012631738,0.0012100901
11405,8.806016e-05,0.0011988084,0.0010702757
11406,7.987027e-05,0.0011365274,0.0009438067
11407,7.053424e-05,0.0010547022,0.00079932483
11408,0.00042835812,0.002114427,0.0058519114
11409,0.0003162513,0.0016888538,0.00426906
11410,0.00024864767,0.0014250763,0.0032450361
11411,0.00020356884,0.0012337433,0.0025436708
11412,0.00017135649,0.0011120274,0.0020565097
11413,0.00014772189,0.0010088349,0.0016989448
11414,0.00012995038,0.0009370861,0.0014395185
11415,0.00011453726,0.0008718322,0.0012202394
11416,0.00019074397,0.001040162,0.0022007145
11417,0.00036386691,0.0012850356,0.0043452987
11418,0.00030605544,0.0011146417,0.0035627405
11419,0.00025227913,0.0009692219,0.0028210182
11420,0.00030934706,0.0010040046,0.0034585705
11421,0.00026054948,0.0008909382,0.0028110477
11422,0.0002297915,0.0008154212,0.0023978946
11423,0.0028481074,0.0021564942,0.014275468
11424,0.0016465875,0.0014460378,0.0114468355
11425,0.0010640528,0.0010336448,0.008586774
11426,0.00078207196,0.00081121933,0.006548703
11427,0.0012567448,0.0009010278,0.00903988
11428,0.0023677228,0.0010300903,0.012279048
11429,0.0015187336,0.0007616842,0.009469899
11430,0.0010737984,0.00060075696,0.007159335
11431,0.0008193619,0.00050482736,0.0055128336
11432,0.0007568161,0.0004659438,0.004985041
11433,0.0006211597,0.0004163325,0.00400785
11434,0.000518672,0.0003865634,0.0032765411
11435,0.00044643926,0.00036498834,0.0027505714
11436,0.000393767,0.0003471681,0.0023607567
11437,0.00061927736,0.00041624444,0.003825361
11438,0.0006445546,0.0004062197,0.003903735
11439,0.00054450566,0.00037885547,0.00322497
11440,0.00048563784,0.00036250977,0.0028129632
11441,0.00042873484,0.00034503036,0.00241777
11442,0.00037945947,0.0003348001,0.0020925296
11443,0.00033869324,0.0003279271,0.0018297078
11444,0.00039586122,0.0003515206,0.0021778066
11445,0.00038000595,0.00035259532,0.0020695305
11446,0.0003429724,0.00034315087,0.0018253032
11447,0.00030626918,0.00033919013,0.0016021754
11448,0.0005135955,0.00041822597,0.0028835689
11449,0.0004919032,0.00041603151,0.002730695
11450,0.0004155473,0.00040141848,0.0022729954
11451,0.00036394346,0.00039210843,0.0019550861
11452,0.00032080628,0.0003861602,0.0016957175
11453,0.00029310904,0.00037873667,0.0015174111
11454,0.00026251335,0.0003770544,0.0013400718
11455,0.0002361487,0.0003769734,0.0011903225
11456,0.00022796614,0.0003810172,0.0011409463
11457,0.0004225248,0.00049194234,0.002362533
11458,0.00036279866,0.00047868025,0.0020011
11459,0.00030375557,0.0004661023,0.0016605683
11460,0.00027477057,0.00045936924,0.0014749843
11461,0.00024747342,0.00045620176,0.0013087591
11462,0.00022380901,0.00045496228,0.0011676805
11463,0.00020507236,0.00045433434,0.0010551095
11464,0.00018658627,0.00045593144,0.000949302
11465,0.00016482292,0.0004575516,0.0008332887
11466,0.00014375482,0.00045873845,0.00072391634
11467,0.00012592829,0.00046118634,0.0006320301
11468,0.00078366126,0.000969155,0.005120846
11469,0.00061955204,0.00086571905,0.0040195854
11470,0.00041099705,0.00076956337,0.0027472384
11471,0.0010281006,0.0011042333,0.006698828
11472,0.0007857642,0.00094022223,0.005161141
11473,0.00061532884,0.00083916174,0.0040237666
11474,0.00048121542,0.00076796644,0.0031315587
11475,0.00040417167,0.0007250074,0.0025837517
11476,0.0092821,0.0027291111,0.016304063
11477,0.007966978,0.002900814,0.015940642
11478,0.01350783,0.0041354136,0.016786672
11479,0.010754441,0.004924174,0.016437512
11480,0.0052961,0.0042604874,0.014658884
11481,0.0028006325,0.0031415157,0.011698702
11482,0.0018427164,0.0024146074,0.009066058
11483,0.001682845,0.00214966,0.008337712
11484,0.0014299162,0.0018822151,0.00722259
11485,0.0053298254,0.0031476463,0.01424785
11486,0.0026229173,0.0024091513,0.010795973
11487,0.0014208333,0.0018494403,0.0072989636
11488,0.0010293428,0.0015586381,0.005472525
11489,0.0007206876,0.0013362212,0.003939375
11490,0.00058764237,0.00122961,0.0031734307
11491,0.0004497744,0.0011264778,0.0024314125
11492,0.00039005067,0.001079448,0.0020731203
11493,0.00032566738,0.0010362774,0.0017168192
11494,0.0010631678,0.0016630277,0.0059783678
11495,0.0006798192,0.001393557,0.0040443162
11496,0.00047379333,0.0012178103,0.0028734417
11497,0.00041021884,0.0011437916,0.002433803
11498,0.0003472829,0.0010918912,0.0020316644
11499,0.00030387292,0.0010546284,0.0017483374
11500,0.0003403614,0.0011148485,0.0019998876
11501,0.0010052875,0.0017602858,0.006379156
11502,0.0041562207,0.0029682876,0.013931415
11503,0.0024501095,0.0022306028,0.011153605
11504,0.009691314,0.003897319,0.016279107
11505,0.008903776,0.004261663,0.016057199
11506,0.005023689,0.0036179703,0.014287819
11507,0.0032002812,0.002862196,0.012037941
11508,0.011226252,0.0047969106,0.016365258
11509,0.0051731295,0.004399867,0.0142900925
11510,0.0024399443,0.0032708363,0.010685697
11511,0.0012280073,0.0025108533,0.0069053955
11512,0.0007224953,0.0020470829,0.0044609867
11513,0.00044613262,0.001790783,0.0028939708
11514,0.00028702902,0.0016293967,0.0019188426
11515,0.00019182294,0.0015075146,0.0013085867
11516,0.00013135084,0.001406999,0.0009102311
11517,9.3109185e-05,0.0013109708,0.0006521239
11518,6.7582434e-05,0.0012200571,0.0004768695
11519,5.4262076e-05,0.0011834456,0.00038318505
11520,3.8930582e-05,0.001106339,0.0002771315
11521,3.555265e-05,0.0011050801,0.00025032362
11522,5.1722647e-05,0.0012927683,0.00040563007
11523,5.43807e-05,0.0013395174,0.00043535704
11524,7.969018e-05,0.0015560453,0.00070603006
11525,0.00235871,0.005795752,0.013732991
11526,0.0014855217,0.003956408,0.01129255
11527,0.0008910097,0.002786893,0.0081757065
11528,0.00061804865,0.0021503298,0.005958904
11529,0.0003691605,0.0017230546,0.0038093156
11530,0.00025408462,0.0014875472,0.0026570063
11531,0.00016441662,0.0013220159,0.0017540656
11532,0.00012486335,0.0012318915,0.0013243502
11533,8.397105e-05,0.0011284546,0.00089869683
11534,5.6301367e-05,0.0010460682,0.0006073884
11535,5.0425657e-05,0.0010067573,0.0005276615
11536,9.510624e-05,0.0012609106,0.0011481105
11537,0.00017598484,0.0015874703,0.002355682
11538,0.00014706791,0.0014349985,0.0018937184
11539,0.00012212353,0.0013437682,0.0015288515
11540,0.000103617815,0.0012719893,0.001259852
11541,9.047993e-05,0.0011925272,0.0010608215
11542,8.510888e-05,0.0012051847,0.0010045554
11543,7.306286e-05,0.0011647438,0.00084160466
11544,4.815418e-05,0.0010803094,0.0005589674
11545,4.3967037e-05,0.001092979,0.0005135098
11546,4.634298e-05,0.0011731115,0.0005687811
11547,3.9932995e-05,0.001139191,0.00047713518
11548,3.509699e-05,0.0011008073,0.00040654404
11549,3.0480294e-05,0.0010757162,0.00034419936
11550,2.6026266e-05,0.0010558063,0.00028769975
11551,2.2992912e-05,0.0010293076,0.00024704047
11552,1.869777e-05,0.0010066241,0.00019801853
11553,1.39960075e-05,0.00096299755,0.00014702404
11554,1.2292956e-05,0.00094232376,0.00012548041
11555,1.0853459e-05,0.0009211142,0.000107561
11556,9.567721e-06,0.00090316613,9.2190996e-05
11557,1.2752022e-05,0.0010619235,0.00013748894
11558,1.122334e-05,0.0010647515,0.000120833305
11559,9.569738e-06,0.0010557766,0.000102180544
11560,8.19804e-06,0.0010318628,8.512988e-05
11561,6.5310005e-06,0.0010018329,6.658972e-05
11562,5.169117e-06,0.0009708742,5.1715364e-05
11563,3.8820986e-06,0.0009281324,3.82335e-05
11564,2.9732084e-06,0.00089825835,2.9449817e-05
11565,6.0292323e-06,0.0012066065,7.398011e-05
11566,5.065074e-06,0.0011505414,5.9539445e-05
11567,3.7684601e-06,0.0010875374,4.3234155e-05
11568,2.492086e-06,0.0009974025,2.8127257e-05
11569,1.8570606e-06,0.00093949103,2.0292911e-05
11570,1.5193522e-06,0.0008892046,1.579964e-05
11571,9.106651e-07,0.0008029041,9.347835e-06
11572,6.501239e-07,0.0007454271,6.4253827e-06
11573,4.6889795e-07,0.000691914,4.442036e-06
11574,3.2570475e-07,0.0006370474,2.9628015e-06
11575,2.2902009e-07,0.00058619556,1.9896706e-06
11576,1.673059e-07,0.0005407293,1.3761138e-06
11577,1.18776605e-07,0.000496795,9.274297e-07
11578,2.5396344e-07,0.00059517904,2.346068e-06
11579,2.3760168e-07,0.0005518544,2.0986079e-06
11580,3.9618513e-07,0.00060497655,3.8633952e-06
11581,4.024613e-07,0.00055977073,3.7625687e-06
11582,3.3071612e-07,0.0004806657,2.790716e-06
11583,2.6694462e-07,0.0004477555,2.1098906e-06
11584,2.432014e-07,0.00041236743,1.8095212e-06
11585,2.032255e-07,0.00037214946,1.3944983e-06
11586,1.5737683e-07,0.0003543921,1.0336556e-06
11587,1.1442884e-07,0.00033449347,7.247042e-07
11588,9.179114e-08,0.0003168217,5.503192e-07
11589,7.5903316e-08,0.0003034873,4.3425484e-07
11590,6.1888734e-08,0.0002874857,3.3458315e-07
11591,5.158356e-08,0.00027006274,2.6191861e-07
11592,4.2951438e-08,0.00025584028,2.0583443e-07
11593,3.5021163e-08,0.00024568912,1.6020572e-07
11594,2.9685905e-08,0.00023027098,1.2746307e-07
11595,2.4926102e-08,0.00022007916,1.01525806e-07
11596,2.116484e-08,0.0002095877,8.160194e-08
11597,4.4406956e-08,0.00026310142,2.0592613e-07
11598,3.78876e-08,0.00023660614,1.6238161e-07
11599,5.081319e-08,0.00027106574,2.3744873e-07
11600,3.785033e-08,0.00025942604,1.7177246e-07
11601,4.0865434e-08,0.00027424964,1.9025265e-07
11602,5.1148902e-08,0.0002909422,2.482592e-07
11603,6.907334e-08,0.00032189293,3.5943714e-07
11604,8.3779334e-08,0.00032887643,4.463529e-07
11605,1.9102656e-07,0.00041378086,1.2429841e-06
11606,3.1478837e-07,0.00047321554,2.305315e-06
11607,3.9394493e-07,0.00047381292,2.9511596e-06
11608,3.638058e-07,0.0004579226,2.6270661e-06
11609,3.56157e-07,0.0004831288,2.6904172e-06
11610,5.943672e-07,0.0006075812,5.2916694e-06
11611,4.4206985e-07,0.0005721719,3.784217e-06
11612,3.941531e-07,0.00055101636,3.24347e-06
11613,3.5911262e-07,0.000527562,2.8340671e-06
11614,3.409145e-07,0.00048329987,2.549366e-06
11615,2.94124e-07,0.0004320622,2.0348184e-06
11616,2.5889014e-07,0.00038528914,1.661484e-06
11617,2.3852888e-07,0.00036253172,1.4579376e-06
11618,2.5242002e-07,0.00036378726,1.5377202e-06
11619,2.1898529e-07,0.00034284717,1.2604672e-06
11620,2.673301e-07,0.00036130322,1.5971036e-06
11621,3.0591485e-07,0.00036453677,1.8578643e-06
11622,4.957942e-07,0.00041378484,3.3617534e-06
11623,8.3298033e-07,0.00048112625,6.4167516e-06
11624,1.6675245e-06,0.0006173798,1.5493892e-05
11625,5.1668103e-06,0.0008942014,6.478174e-05
11626,5.561266e-06,0.00088568,6.957899e-05
11627,7.4774316e-06,0.0009537209,9.95453e-05
11628,7.494784e-06,0.00092700555,9.788298e-05
11629,6.4539972e-06,0.0008739418,8.007248e-05
11630,5.8987894e-06,0.0008045861,6.940259e-05
11631,7.742754e-06,0.0008765383,9.700961e-05
11632,6.5570325e-06,0.00083523535,7.8366174e-05
11633,4.6777795e-06,0.0007859378,5.474485e-05
11634,3.6125564e-06,0.0007513503,4.093112e-05
11635,2.9645423e-06,0.000725286,3.2423835e-05
11636,2.3988996e-06,0.0006956405,2.5182348e-05
11637,2.4384337e-06,0.0007028768,2.553744e-05
11638,2.0393632e-06,0.00067131076,2.0358411e-05
11639,1.681173e-06,0.0006451011,1.608086e-05
11640,1.4138698e-06,0.00061735214,1.2897721e-05
11641,1.2149443e-06,0.00057876046,1.04590545e-05
11642,1.163806e-06,0.0005760586,9.850138e-06
11643,1.6527837e-06,0.00062268163,1.5039194e-05
11644,6.1126057e-06,0.0009943198,8.026029e-05
11645,5.3264325e-06,0.00088305934,6.506657e-05
11646,4.5190004e-06,0.0007878135,5.115482e-05
11647,3.8858984e-06,0.0007257971,4.1300238e-05
11648,3.3606311e-06,0.0006714806,3.360599e-05
11649,2.9235657e-06,0.00063126977,2.7695347e-05
11650,2.5435108e-06,0.00060283643,2.2978482e-05
11651,2.217197e-06,0.00055040774,1.8778375e-05
11652,1.9530623e-06,0.00052007986,1.5719846e-05
11653,1.954907e-06,0.00052941195,1.5701995e-05
11654,2.6224482e-06,0.0005816578,2.2587355e-05
11655,2.1978951e-06,0.0005709463,1.8392051e-05
11656,1.8365504e-06,0.0005679156,1.5263342e-05
11657,1.3812045e-06,0.00054641167,1.1262583e-05
11658,1.10046e-06,0.0005311847,8.7322e-06
11659,8.690499e-07,0.00051511265,6.7089395e-06
11660,7.331003e-07,0.0004998857,5.441275e-06
11661,7.5009564e-07,0.000478496,5.4509587e-06
11662,1.5106216e-06,0.0006096776,1.33048925e-05
11663,8.843403e-05,0.002859967,0.0022592458
11664,6.605102e-05,0.0022581036,0.0015466901
11665,5.040799e-05,0.001968956,0.0011109308
11666,4.4828892e-05,0.001788152,0.00094739214
11667,3.649783e-05,0.0015277574,0.0007122193
11668,2.7931843e-05,0.0014041006,0.0005203017
11669,3.3693737e-05,0.001510309,0.0006587836
11670,4.3949018e-05,0.0015577748,0.00088785746
11671,3.575211e-05,0.0013328086,0.00066538114
11672,4.3070613e-05,0.0013871503,0.0008285388
11673,3.6646612e-05,0.0012342366,0.0006623656
11674,3.0292462e-05,0.0010879043,0.00050774706
11675,2.5275214e-05,0.0009596373,0.0003924953
11676,4.850845e-05,0.0011804535,0.0008699823
11677,4.0081602e-05,0.0010737103,0.0006765897
11678,3.186758e-05,0.0010114852,0.0005167931
11679,2.6341415e-05,0.0009531377,0.000407317
11680,2.2359425e-05,0.00086729013,0.00032407764
11681,1.9118856e-05,0.00078782777,0.0002595469
11682,1.6482605e-05,0.00072134635,0.00021022852
11683,1.4324018e-05,0.0006775536,0.00017334255
11684,1.2505822e-05,0.0006288413,0.00014298806
11685,3.9195278e-05,0.0009522116,0.0006020298
11686,3.441654e-05,0.000868708,0.00050063373
11687,2.9453942e-05,0.000820772,0.00040862345
11688,2.5505246e-05,0.0007628876,0.00033515805
11689,3.817249e-05,0.0008722827,0.0005515567
11690,3.1358104e-05,0.00083916535,0.0004382907
11691,2.7141332e-05,0.00078066584,0.00035958432
11692,2.35873e-05,0.0007150877,0.0002945482
11693,2.0555832e-05,0.00068760273,0.0002464238
11694,1.8117511e-05,0.0006311771,0.00020524388
11695,0.00017002218,0.0014810801,0.0031091624
11696,0.00012863718,0.0012925138,0.0022669816
11697,0.0001059886,0.0011174519,0.0017616253
11698,0.0001225355,0.0011246153,0.0020402498
11699,9.780386e-05,0.0010281315,0.0015646986
11700,8.098117e-05,0.0009489403,0.0012379196
11701,6.8188034e-05,0.0008855661,0.0009965824
11702,6.0740982e-05,0.0008231458,0.0008485928
11703,5.2177358e-05,0.0007820187,0.0006996065
11704,4.5093035e-05,0.0007488078,0.0005816113
11705,3.8754384e-05,0.0007259893,0.00048349498
11706,3.3438475e-05,0.0007067036,0.0004039852
11707,2.9677512e-05,0.0006540757,0.00034085018
11708,2.6189735e-05,0.00063602714,0.0002906506
11709,2.3074339e-05,0.0006227237,0.00024817724
11710,2.0646721e-05,0.00059492595,0.00021317655
11711,8.154777e-05,0.0009894547,0.0011819503
11712,0.00042279073,0.0018024292,0.0066111586
11713,0.00030612634,0.001368522,0.0047436804
11714,0.00022904717,0.0011497259,0.003465602
11715,0.00018680957,0.0009845993,0.0026998855
11716,0.00015397677,0.000862816,0.0021140638
11717,0.0001295637,0.0007911052,0.0017039572
11718,0.00011122524,0.00071758416,0.0013913506
11719,9.646403e-05,0.00067738263,0.001160672
11720,0.00022930565,0.00092452904,0.0031080595
11721,0.0001882681,0.0008146606,0.0024403369
11722,0.0014522524,0.0017571138,0.012251884
11723,0.0010189455,0.0012334387,0.009920448
11724,0.00071349915,0.0009056408,0.0074950596
11725,0.0005186686,0.0007047059,0.0055122958
11726,0.00045578904,0.00063967565,0.0047805198
11727,0.0004786598,0.00061135495,0.0048617423
11728,0.0003713999,0.00053971226,0.0037203047
11729,0.00030401882,0.0004919311,0.0029638472
11730,0.0002560825,0.00045872334,0.0024232622
11731,0.00022286514,0.00042717147,0.0020338865
11732,0.00019333497,0.00041120115,0.0017175735
11733,0.00017580345,0.00039257374,0.0015144675
11734,0.000164022,0.00038449318,0.0013826236
11735,0.00014773998,0.00037344167,0.0012113362
11736,0.00013509604,0.000363693,0.0010788871
11737,0.00016329349,0.0003908068,0.0013452589
11738,0.0001624782,0.0003899821,0.0013245434
11739,0.0022848977,0.0010999584,0.012737938
11740,0.0015063576,0.00079038215,0.010151627
11741,0.0010632185,0.00060027814,0.007782747
11742,0.0007934487,0.00048460028,0.0059114276
11743,0.00062866084,0.00041689788,0.004622806
11744,0.0005126086,0.00037788364,0.0036964486
11745,0.00052941893,0.00037585877,0.0037527878
11746,0.0013389033,0.0005226239,0.008336958
11747,0.0046084723,0.0008109919,0.01446538
11748,0.004837369,0.00077991973,0.014412904
11749,0.0029708399,0.00060960965,0.01191433
11750,0.0019544666,0.00048332682,0.009221363
11751,0.0013991138,0.00040240015,0.0070288256
11752,0.0010754731,0.00035187724,0.0054639415
11753,0.00079999596,0.0003167776,0.0041170535
11754,0.00066149846,0.0002979117,0.0033524232
11755,0.0005662418,0.00028515293,0.0028121313
11756,0.00049102877,0.00027676407,0.0023920455
11757,0.00063893275,0.0003177268,0.003213832
11758,0.00054858293,0.0003051463,0.0027054586
11759,0.00048057263,0.00029636497,0.0023218717
11760,0.00042389645,0.0002908273,0.0020107266
11761,0.0014173812,0.0004763274,0.0068319873
11762,0.0011104224,0.00041601958,0.005370259
11763,0.0009043731,0.0003784399,0.0043197074
11764,0.0007559079,0.00035410206,0.0035467185
11765,0.0008463797,0.00037716998,0.003969657
11766,0.0006960777,0.00035632157,0.0032240008
11767,0.0006001506,0.00034245916,0.0027249167
11768,0.00051741576,0.00033334672,0.0023110919
11769,0.00046086163,0.0003269353,0.0020191788
11770,0.00041560942,0.0003224452,0.00178726
11771,0.00037918703,0.00031899917,0.0016010992
11772,0.0004190667,0.00034140458,0.001803877
11773,0.00037206578,0.00033928631,0.0015804649
11774,0.00033865293,0.0003381954,0.0014169406
11775,0.00030969665,0.0003383431,0.001277946
11776,0.00028805318,0.00033730787,0.0011705676
11777,0.0009766871,0.00055773027,0.004619463
11778,0.00083277444,0.0005018797,0.0038490817
11779,0.0007434821,0.0004783337,0.0033691537
11780,0.00064680935,0.00045682275,0.0028699948
11781,0.0005688953,0.0004405725,0.002470695
11782,0.00050371734,0.00042978965,0.0021460808
11783,0.0004511705,0.00042225356,0.001887477
11784,0.00044972723,0.00043162206,0.0018786223
11785,0.00041008822,0.00042674725,0.0016846325
11786,0.00038165154,0.00042482401,0.001546008
11787,0.00081221585,0.00058459106,0.0036363776
11788,0.0006869266,0.0005545133,0.0030226868
11789,0.0005944299,0.0005334373,0.0025669704
11790,0.0005273674,0.0005171883,0.0022311707
11791,0.0006342127,0.0005638288,0.0027378912
11792,0.0005645827,0.00053700345,0.002380433
11793,0.0005107988,0.0005233345,0.0021119413
11794,0.00046571536,0.000515421,0.0018941811
11795,0.001292378,0.00079044094,0.0056025167
11796,0.0011101967,0.000730003,0.004763455
11797,0.0009976093,0.0006864182,0.0042123226
11798,0.0014729849,0.0007810109,0.006014928
11799,0.001184555,0.0006911361,0.0048043295
11800,0.0010046749,0.0006430081,0.0040126047
11801,0.0008496832,0.0006064215,0.0033331192
11802,0.0007362516,0.0005802005,0.002830589
11803,0.0051350645,0.0013037068,0.012908952
11804,0.006909985,0.0014999426,0.014123776
11805,0.004059524,0.0012919519,0.011299585
11806,0.002758051,0.0011055673,0.008796889
11807,0.0019640126,0.00095919013,0.0066572535
11808,0.0014672227,0.0008589929,0.005079205
11809,0.0015806517,0.00088465336,0.0053852964
11810,0.0019850994,0.0009739264,0.006535523
11811,0.0054486208,0.0014551922,0.012430031
11812,0.0035964258,0.0012463854,0.009768034
11813,0.0025239177,0.0010877191,0.0074418085
11814,0.0018154868,0.0009665666,0.005570481
11815,0.0013855075,0.0008856218,0.0042889672
11816,0.0011237604,0.0008352166,0.0034520484
11817,0.00094923016,0.00080206036,0.0028753455
11818,0.0008204208,0.000778839,0.0024473537
11819,0.00072153145,0.0007623566,0.0021195717
11820,0.00062734215,0.0007484491,0.0018224757
11821,0.0005355375,0.0007327668,0.0015452937
11822,0.0008468337,0.0009156668,0.0027108311
11823,0.00065857737,0.00086189504,0.0021129597
11824,0.0005767733,0.0008442069,0.0018274334
11825,0.00051497936,0.0008321882,0.0016107924
11826,0.00043559383,0.000811377,0.0013561994
11827,0.00037467093,0.0007974228,0.0011613348
11828,0.0003459164,0.00079478853,0.0010610928
11829,0.00030983557,0.0007925006,0.0009450235
11830,0.00028023208,0.0007927833,0.00085012487
11831,0.00026014438,0.00079508265,0.0007835624
11832,0.00023249834,0.0007944907,0.00069844513
11833,0.00020273674,0.0007883254,0.0006090553
11834,0.00017774699,0.0007843144,0.0005342379
11835,0.0002181301,0.0008822659,0.0007033515
11836,0.0002291278,0.00093924196,0.00077109475
11837,0.00021270191,0.0009427096,0.00071264507
11838,0.0002586598,0.0010432957,0.00091832125
11839,0.00023951198,0.0010368866,0.000842698
11840,0.00024708375,0.0010724395,0.00088355935
11841,0.00023119859,0.0010670619,0.000820505
11842,0.00021385372,0.0010698538,0.00075694
11843,0.00018548688,0.0010555967,0.00065599335
11844,0.00017069759,0.0010564567,0.0006007472
11845,0.00032302496,0.001353598,0.0013307674
11846,0.00029994128,0.0013047394,0.0012200356
11847,0.00030270513,0.001294358,0.0012368778
11848,0.0002724669,0.0012737783,0.0011022119
11849,0.00024726967,0.0012732499,0.0010152136
11850,0.00022242901,0.0012590379,0.00090635323
11851,0.00058414513,0.0018741392,0.0028684263
11852,0.00045283325,0.0017348909,0.0022756206
11853,0.00038258106,0.0016484967,0.0019005373
11854,0.00032919244,0.0015838646,0.001616515
11855,0.00025557366,0.0014774096,0.0012576116
11856,0.00018959065,0.0013763163,0.0009406074
11857,0.00013737413,0.0012958151,0.0006896471
11858,0.00012579901,0.0012869166,0.00062650954
11859,0.00014214077,0.0013732297,0.0007369628
11860,0.00011414981,0.001317195,0.00059350254
11861,9.991338e-05,0.0013067179,0.00052011764
11862,0.00016608881,0.0016166463,0.0009898276
11863,0.0001512628,0.0015712917,0.00088859565
11864,0.00013851383,0.0015293137,0.00080233056
11865,0.00012283942,0.001508092,0.00070652826
11866,9.9811106e-05,0.001453438,0.0005748368
11867,8.709639e-05,0.0014370899,0.0004999569
11868,7.426204e-05,0.0014140876,0.00042592132
11869,5.4081906e-05,0.0013253844,0.0003132764
11870,3.764674e-05,0.00125856,0.0002212837
11871,3.249055e-05,0.0012519938,0.0001908504
11872,3.0091564e-05,0.001250822,0.0001753318
11873,2.7493632e-05,0.0012551919,0.00015928934
11874,2.169877e-05,0.0012120485,0.00012628567
11875,2.0270949e-05,0.0012021994,0.00011667122
11876,1.7654354e-05,0.0012014571,0.00010146852
11877,1.5684343e-05,0.001205695,8.986148e-05
11878,1.4652393e-05,0.0011949134,8.296766e-05
11879,2.0852265e-05,0.0013789318,0.00013144949
11880,0.00018790223,0.0032151043,0.002048263
11881,0.00029433361,0.0036736634,0.0033690142
11882,0.00024672862,0.0033627383,0.0028652
11883,0.00019765574,0.0029898824,0.0022461088
11884,0.00012845796,0.002581098,0.0014805784
11885,0.00010993301,0.0023877865,0.0012313767
11886,9.8010314e-05,0.0022761396,0.0010787969
11887,0.00036090557,0.0038368313,0.0047047646
11888,0.00021461122,0.0030200304,0.0029254132
11889,0.00016564378,0.0026781163,0.0022158055
11890,0.00011416006,0.0023506284,0.0015288362
11891,7.4530326e-05,0.0020643133,0.0010037003
11892,6.5608794e-05,0.0019126086,0.00085279293
11893,7.2745665e-05,0.0019711356,0.0009679939
11894,0.00013064707,0.002509695,0.0019771794
11895,8.261891e-05,0.0021618167,0.0012596002
11896,6.1942366e-05,0.0019910045,0.000928561
11897,4.6367393e-05,0.0018485598,0.00068372994
11898,3.902251e-05,0.001747343,0.0005557164
11899,3.45385e-05,0.0015960096,0.00046935992
11900,7.902426e-05,0.0021256197,0.0012932745
11901,0.00012262716,0.0023969554,0.0021360898
11902,0.00056891155,0.0041502086,0.008840948
11903,0.00037894503,0.0028843652,0.0062699267
11904,0.00023180511,0.0022157703,0.004018964
11905,0.00018454748,0.0018451222,0.0030820312
11906,0.0013931083,0.0038086767,0.0130810905
11907,0.0018021468,0.0033167435,0.013838161
11908,0.0007712191,0.0020542757,0.009638341
11909,0.0004179843,0.001439276,0.0061730817
11910,0.0003234821,0.0011679234,0.004718097
11911,0.0008551642,0.001611219,0.0098281875
11912,0.00046561332,0.0012625495,0.006624934
11913,0.00024523726,0.0010121297,0.003875136
11914,0.0002170294,0.0009519931,0.0034260848
11915,0.00020143406,0.0009135654,0.003157585
11916,0.00034471252,0.0010463485,0.005232778
11917,0.00027635024,0.00087805744,0.0040827147
11918,0.0002196472,0.00074089534,0.003103573
11919,0.00018635139,0.0006889125,0.002571393
11920,0.00014290234,0.00063469773,0.0019299565
11921,0.00012943878,0.0006164982,0.001713183
11922,0.000102812795,0.00058565807,0.0013316268
11923,7.334974e-05,0.00054653815,0.0009428678
11924,5.0859977e-05,0.000510101,0.00065009115
11925,3.3214717e-05,0.0004739811,0.00042394255
11926,2.880925e-05,0.0004903883,0.0003933502
11927,3.5018318e-05,0.0005192564,0.0004941091
11928,3.0252268e-05,0.0004881624,0.00040489386
11929,2.6233774e-05,0.0004513802,0.00033086143
11930,2.4200006e-05,0.0004625009,0.00030647268
11931,3.418268e-05,0.0005252911,0.0004685428
11932,0.0001340787,0.0008570124,0.0023935253
11933,0.0001088421,0.00074273616,0.0018247485
11934,7.5080716e-05,0.00067231106,0.0012402566
11935,6.23847e-05,0.00061835686,0.0009748206
11936,5.396827e-05,0.0005615915,0.0007940688
11937,9.7451346e-05,0.00067245355,0.0015843656
11938,8.6944245e-05,0.0006206644,0.0013495655
11939,7.195232e-05,0.00058168935,0.0010677172
11940,5.4041855e-05,0.0005502263,0.000784006
11941,6.409576e-05,0.0006042995,0.0009726037
11942,6.0182145e-05,0.0005919578,0.0008923286
11943,5.1057254e-05,0.0005580245,0.0007215787
11944,3.2805463e-05,0.0005150015,0.0004620782
11945,2.1569562e-05,0.00047739266,0.00030045523
11946,1.8047655e-05,0.00046721182,0.0002442872
11947,1.1929124e-05,0.0004354434,0.0001589508
11948,1.0173355e-05,0.0004259597,0.00013119604
11949,1.1511832e-05,0.00043210544,0.00014979321
11950,9.496716e-06,0.00041560133,0.00011794502
11951,9.805798e-06,0.00044038423,0.00012513102
11952,7.5899316e-06,0.00042374586,9.345693e-05
11953,5.6336166e-06,0.00040502526,6.720778e-05
11954,4.6421387e-06,0.00038759314,5.2618827e-05
11955,4.4983985e-06,0.0003976704,5.108798e-05
11956,3.3044607e-06,0.00037924488,3.6349917e-05
11957,2.542143e-06,0.00036341007,2.686001e-05
11958,1.922231e-06,0.00034726557,1.9531068e-05
11959,1.6288081e-06,0.00031491474,1.5313746e-05
11960,2.61842e-06,0.0003932062,2.8674414e-05
11961,2.16974e-06,0.00037045815,2.2346092e-05
11962,1.545043e-06,0.00035036897,1.540948e-05
11963,2.9511673e-06,0.0004717024,3.6555408e-05
11964,2.2737395e-06,0.00044936957,2.7123897e-05
11965,1.970417e-06,0.00043536225,2.2661568e-05
11966,1.7636083e-06,0.00042062878,1.9501917e-05
11967,1.9234503e-06,0.00042086493,2.121899e-05
11968,1.5465879e-06,0.00039659833,1.607183e-05
11969,1.2104964e-06,0.0003763104,1.1948148e-05
11970,1.1215008e-06,0.00034611268,1.0436659e-05
11971,9.387337e-07,0.00032185522,8.158035e-06
11972,8.010876e-07,0.00029958406,6.517188e-06
11973,7.80794e-07,0.00029096304,6.163083e-06
11974,8.6171264e-07,0.00028158966,6.726345e-06
11975,9.957429e-07,0.00027685246,7.790086e-06
11976,8.157102e-07,0.0002692442,6.1282462e-06
11977,5.776073e-07,0.00025682352,4.241605e-06
11978,4.4300634e-07,0.00024776882,3.1411141e-06
11979,3.6440613e-07,0.00024291534,2.5088448e-06
11980,2.9040203e-07,0.00023438265,1.9149347e-06
11981,3.1154056e-07,0.00023561613,2.0476004e-06
11982,4.349781e-07,0.0002566072,3.058601e-06
11983,4.342627e-07,0.0002540901,2.9956968e-06
11984,7.5041044e-07,0.00031589944,6.024005e-06
11985,6.2446287e-07,0.000302563,4.759876e-06
11986,9.339057e-07,0.00034596922,7.8417725e-06
11987,1.0261508e-06,0.00033334515,8.510493e-06
11988,1.1370926e-06,0.0003245233,9.35736e-06
11989,9.43853e-07,0.0003142326,7.432338e-06
11990,8.1530976e-07,0.00029753003,6.068023e-06
11991,6.844585e-07,0.00028892257,4.8793136e-06
11992,5.74442e-07,0.00028099844,3.92659e-06
11993,4.8121365e-07,0.000273738,3.158136e-06
11994,3.6241408e-07,0.00026461782,2.318768e-06
11995,2.8088655e-07,0.00025655533,1.742395e-06
11996,2.3479706e-07,0.0002483676,1.3921838e-06
11997,2.5798144e-07,0.00024294104,1.5180542e-06
11998,2.9843284e-07,0.0002395546,1.7634092e-06
11999,3.001591e-07,0.00023213537,1.7407923e-06
12000,1.114208e-06,0.00037788347,9.4225115e-06
12001,9.938835e-07,0.00033942235,7.831931e-06
12002,1.0437661e-06,0.0003244177,8.053237e-06
12003,9.743642e-07,0.00031253358,7.2354187e-06
12004,3.2142452e-06,0.00047372535,3.3024742e-05
12005,2.746547e-06,0.0004255645,2.614405e-05
12006,2.5110194e-06,0.00040395805,2.2825381e-05
12007,2.1182789e-06,0.0003931878,1.8498195e-05
12008,1.6471445e-06,0.0003819075,1.3999844e-05
12009,1.3665893e-06,0.00037213316,1.1182681e-05
12010,1.1937512e-06,0.0003689847,9.525332e-06
12011,1.3547284e-06,0.00039722022,1.1227742e-05
12012,1.0908225e-06,0.00038652527,8.742802e-06
12013,8.9967915e-07,0.00037595892,6.94112e-06
12014,7.504934e-07,0.0003653087,5.5613978e-06
12015,1.2644795e-06,0.00044436648,1.077931e-05
12016,1.0353751e-06,0.00043074484,8.491119e-06
12017,8.4019166e-07,0.0004175796,6.6385996e-06
12018,8.0820166e-07,0.00042425154,6.3521775e-06
12019,6.978907e-07,0.0003771191,5.0798512e-06
12020,1.0504305e-06,0.00042624638,8.459729e-06
12021,8.955565e-07,0.00037565109,6.6371413e-06
12022,7.8135196e-07,0.00035283354,5.4689585e-06
12023,6.736056e-07,0.00031352925,4.361036e-06
12024,5.92707e-07,0.00029111007,3.6144609e-06
12025,5.2461485e-07,0.00027878856,3.050862e-06
12026,4.1957145e-07,0.0002745069,2.3878372e-06
12027,3.519694e-07,0.0002712004,1.9458255e-06
12028,3.073844e-07,0.00026527382,1.6351537e-06
12029,2.6824995e-07,0.00026020754,1.3753569e-06
12030,2.4452189e-07,0.00025840398,1.2206402e-06
12031,2.159166e-07,0.00023699734,1.0121939e-06
12032,1.9232257e-07,0.00022097054,8.5268255e-07
12033,1.7111391e-07,0.00020359046,7.1481765e-07
12034,1.8537389e-07,0.00020215982,7.736688e-07
12035,3.2504596e-07,0.00024539055,1.579432e-06
12036,4.2067006e-07,0.00025946574,2.1496312e-06
12037,4.0247735e-07,0.00024400614,1.9766735e-06
12038,3.629419e-07,0.00023332296,1.7051051e-06
12039,3.243304e-07,0.00023111777,1.4779097e-06
12040,2.921398e-07,0.00022878745,1.2916697e-06
12041,2.6002735e-07,0.00022786437,1.1186131e-06
12042,2.3105306e-07,0.00022727407,9.68044e-07
12043,2.0469578e-07,0.00022703726,8.361878e-07
12044,1.9028873e-07,0.00022976905,7.659211e-07
12045,1.7091658e-07,0.00022807287,6.685134e-07
12046,1.5447706e-07,0.00022533396,5.8605974e-07
12047,1.3970586e-07,0.00021046367,5.039278e-07
12048,1.3088533e-07,0.00019727836,4.5228492e-07
12049,1.299214e-07,0.0001944436,4.4367292e-07
12050,1.6018308e-07,0.0002088533,5.772684e-07
12051,1.4664829e-07,0.0002008068,5.083855e-07
12052,1.3425559e-07,0.00019133423,4.4651728e-07
12053,1.2169075e-07,0.00019180853,3.956022e-07
12054,1.1127535e-07,0.0001909481,3.5257992e-07
12055,1.1377659e-07,0.00019258544,3.5915272e-07
12056,1.0347345e-07,0.00019318619,3.195048e-07
12057,9.474112e-08,0.00018181457,2.7977055e-07
12058,8.656201e-08,0.0001824452,2.5015547e-07
12059,7.9940754e-08,0.00018058576,2.2495622e-07
12060,7.390993e-08,0.00017884177,2.0261587e-07
12061,6.84825e-08,0.00017295015,1.8150617e-07
12062,6.3592104e-08,0.0001701891,1.639451e-07
12063,5.91384e-08,0.00016671588,1.4812858e-07
12064,5.4996825e-08,0.00016515018,1.3436471e-07
12065,5.8503684e-08,0.00016770764,1.4386832e-07
12066,5.446922e-08,0.00016649257,1.3079698e-07
12067,5.0827097e-08,0.0001642473,1.18967094e-07
12068,4.7198746e-08,0.00016472797,1.08298835e-07
12069,4.4081766e-08,0.00016338564,9.880457e-08
12070,4.123861e-08,0.00016138957,9.0194575e-08
12071,3.8625693e-08,0.00015858727,8.2319794e-08
12072,3.616467e-08,0.0001577607,7.541452e-08
12073,3.3870855e-08,0.0001572437,6.9166404e-08
12074,3.175552e-08,0.0001566253,6.350119e-08
12075,2.9816135e-08,0.00015558925,5.834801e-08
12076,2.802939e-08,0.00015418285,5.364901e-08
12077,2.6364393e-08,0.00015309756,4.9397123e-08
12078,2.4733163e-08,0.00014753934,4.4936773e-08
12079,2.3268184e-08,0.00014244326,4.104168e-08
12080,2.1953825e-08,0.00013962622,3.778313e-08
12081,2.0715966e-08,0.00013935812,3.4987572e-08
12082,1.9542608e-08,0.00013549939,3.2133517e-08
12083,1.8488425e-08,0.00013447541,2.9794103e-08
12084,1.7500867e-08,0.00013365186,2.7657512e-08
12085,1.6576251e-08,0.00013288793,2.5697679e-08
12086,1.5711692e-08,0.00013202737,2.3892529e-08
12087,1.4902524e-08,0.00013106987,2.2228319e-08
12088,1.41372665e-08,0.00012875881,2.0621336e-08
12089,3.883075e-08,0.00018850662,7.579551e-08
12090,4.130257e-08,0.00019367783,8.194703e-08
12091,3.8947835e-08,0.00018814576,7.524612e-08
12092,3.6770285e-08,0.00018305867,6.922514e-08
12093,3.47919e-08,0.00017949256,6.400095e-08
12094,3.2907185e-08,0.00017495135,5.9046997e-08
12095,3.115822e-08,0.00017080891,5.4576027e-08
12096,2.9513428e-08,0.00016653464,5.045004e-08
12097,2.807104e-08,0.00016124484,4.6775583e-08
12098,2.785376e-08,0.00015913269,4.591533e-08
12099,2.64969e-08,0.00015473111,4.2636398e-08
12100,4.975283e-08,0.00019591505,9.5749535e-08
12101,4.6961055e-08,0.00018877603,8.7868514e-08
12102,4.449195e-08,0.00018358858,8.1215234e-08
12103,4.2264816e-08,0.00018017476,7.550145e-08
12104,4.007556e-08,0.00017499189,6.98353e-08
12105,3.7976662e-08,0.00016932146,6.4482435e-08
12106,3.6077452e-08,0.00016478293,5.9818106e-08
12107,3.4331514e-08,0.00016103174,5.5671446e-08
12108,3.2730007e-08,0.00015835353,5.2018645e-08
12109,8.773361e-08,0.0002302748,1.8557454e-07
12110,1.3005491e-07,0.00026709007,3.0769957e-07
12111,1.2292996e-07,0.00025885986,2.8349626e-07
12112,5.935628e-07,0.00047841028,2.1874507e-06
12113,5.706489e-07,0.0004718096,2.07502e-06
12114,5.351542e-07,0.00045745203,1.8957342e-06
12115,5.03618e-07,0.00044563698,1.7414764e-06
12116,2.5929635e-06,0.0008366069,1.4515901e-05
12117,4.8541606e-06,0.0010735452,3.2851203e-05
12118,4.4577228e-06,0.0010317754,2.9308398e-05
12119,4.100514e-06,0.0009934081,2.6206751e-05
12120,4.3025534e-06,0.0009971182,2.7709142e-05
12121,1.8947476e-05,0.0017455852,0.00018739612
12122,4.733976e-05,0.0024626444,0.00060282554
12123,4.1184245e-05,0.0022525727,0.0005037116
12124,3.5962847e-05,0.0020729103,0.0004225389
12125,3.1634943e-05,0.0019235556,0.00035772254
12126,2.7978715e-05,0.0017901455,0.00030456518
12127,2.5038426e-05,0.0016739961,0.00026314036
12128,2.2347027e-05,0.0015592668,0.00022595204
12129,2.7306349e-05,0.0016752931,0.00029283273
12130,2.4366522e-05,0.0015860014,0.00025271572
12131,2.1780623e-05,0.0014835249,0.00021750647
12132,1.9658706e-05,0.0013958584,0.00018962695
12133,2.9119214e-05,0.0015979356,0.00031200246
12134,2.8610928e-05,0.0015629258,0.00030391608
12135,2.5586993e-05,0.0014681912,0.0002620871
12136,2.2934793e-05,0.0013748748,0.00022620015
12137,3.772596e-05,0.0016596478,0.0004276133
12138,3.347861e-05,0.0015490401,0.00036521384
12139,2.9884275e-05,0.0014612506,0.0003147397
12140,2.6755537e-05,0.00137158,0.00027151537
12141,2.4081744e-05,0.0013100532,0.00023679143
12142,2.797501e-05,0.0013625238,0.00028517403
12143,9.658373e-05,0.0021807132,0.0013469987
12144,0.00012445718,0.002349615,0.0018176807
12145,0.00036154775,0.003436276,0.0055531086
12146,0.000263702,0.0026650494,0.003987464
12147,0.0002125799,0.002266885,0.003128198
12148,0.0001736989,0.0019534526,0.0024580709
12149,0.0001461311,0.001726854,0.001985291
12150,0.00045085134,0.0025666044,0.006235005
12151,0.0007186981,0.0027298895,0.008667885
12152,0.00048033343,0.0019528382,0.0061145723
12153,0.00035548594,0.0015347768,0.0044711377
12154,0.0002873802,0.0013081379,0.003512222
12155,0.00023555463,0.0011310142,0.0027634057
12156,0.00021825486,0.001055228,0.0024968358
12157,0.00020444792,0.0009902124,0.002289556
12158,0.0001758086,0.00089737953,0.0018886984
12159,0.00015561993,0.0008337817,0.0016143009
12160,0.00013869807,0.00077967165,0.0013893426
12161,0.00013653332,0.000760166,0.0013470936
12162,0.00016537729,0.00080156774,0.0016823746
12163,0.00043501408,0.0011418256,0.004753531
12164,0.013554045,0.0048145945,0.017103124
12165,0.00750301,0.004601956,0.016528986
12166,0.004069007,0.0034260317,0.015180022
12167,0.009108449,0.0043533226,0.01665128
12168,0.004831047,0.0035105422,0.015376776
12169,0.0027307067,0.0024732032,0.013098258
12170,0.0066024037,0.003112992,0.015869759
12171,0.0037582077,0.0023467806,0.013969866
12172,0.0022586994,0.0017145614,0.011235694
12173,0.0015024752,0.0012991468,0.008564425
12174,0.0032073914,0.001593358,0.012595141
12175,0.002058884,0.0012125509,0.00984687
12176,0.0014474571,0.00097099936,0.0075041107
12177,0.001092494,0.00082867104,0.0057943207
12178,0.0022301883,0.0010310119,0.009733692
12179,0.0016207718,0.0008474618,0.0075828466
12180,0.0020183732,0.00088601874,0.008698392
12181,0.0052801813,0.001239627,0.01376013
12182,0.0033602274,0.0009960532,0.01118546
12183,0.0022704012,0.00082381506,0.008613079
12184,0.0016520781,0.00070794224,0.0065859375
12185,0.0012635522,0.0006330076,0.0051023206
12186,0.0010112303,0.00058412255,0.0040612686
12187,0.0008474747,0.0005516499,0.0033499917
12188,0.0007347372,0.00052801805,0.0028455027
12189,0.0006394637,0.0005122662,0.0024331505
12190,0.0005592298,0.0005014139,0.002095295
12191,0.00050393346,0.0004932063,0.0018548567
12192,0.0009747421,0.00065372785,0.0038679508
12193,0.0023729985,0.0009093199,0.008427361
12194,0.0017489211,0.000794664,0.0065137655
12195,0.0016829363,0.00076381024,0.0061750626
12196,0.0013992488,0.0006913876,0.0051071043
12197,0.001310638,0.00067481364,0.0047286833
12198,0.020516615,0.0027420856,0.016972713
12199,0.017122326,0.004709259,0.016722469
12200,0.010588213,0.005717347,0.015665298
12201,0.005380634,0.005062976,0.0130676925
12202,0.0031193658,0.003975188,0.009919074
12203,0.0030813096,0.003797954,0.009763681
12204,0.0019734644,0.003074599,0.0071247024
12205,0.0041939244,0.0040824204,0.011593097
12206,0.031910427,0.02258493,0.017366529
12207,0.02521018,0.03641037,0.017254753
12208,0.010284597,0.033861604,0.016374985
12209,0.002770862,0.01790159,0.012557597
12210,0.0012228336,0.010390386,0.008162983
12211,0.0006791501,0.007223171,0.0051642363
12212,0.00040644256,0.0055013755,0.0032678642
12213,0.00049326656,0.005548704,0.004034525
12214,0.00036117504,0.0046835584,0.0029669309
12215,0.00025318106,0.004005955,0.002100412
12216,0.00020329209,0.0036513235,0.0016697
12217,0.00014262725,0.0032177656,0.0011887288
12218,0.00011720824,0.0030325158,0.0009692945
12219,0.00010259533,0.0028708202,0.00083486276
12220,8.486689e-05,0.002739692,0.0006866094
12221,7.437092e-05,0.002641208,0.0005946331
12222,6.274168e-05,0.0025506518,0.0004986847
12223,5.6342124e-05,0.0024466321,0.0004407951
12224,5.083037e-05,0.0023629172,0.00039218264
12225,0.00018017134,0.0038205786,0.0018764333
12226,0.00015546205,0.0035890057,0.0016167982
12227,0.00012196938,0.0032971415,0.0012574163
12228,9.527543e-05,0.0030561057,0.0009756929
12229,7.7317076e-05,0.0028847044,0.0007841635
12230,6.4137625e-05,0.0027510829,0.00064333744
12231,5.1626896e-05,0.0026168665,0.0005142066
12232,4.565367e-05,0.002486941,0.00044477047
12233,4.0611398e-05,0.0023624345,0.00038662698
12234,3.660016e-05,0.0022271345,0.00033988227
12235,3.2691107e-05,0.0021729372,0.0002994794
12236,0.00031802666,0.00514526,0.0044216244
12237,0.0019300733,0.009314959,0.01369865
12238,0.0010809103,0.0057600527,0.010685852
12239,0.0005520939,0.0037859352,0.0068953014
12240,0.00032800174,0.0028529575,0.004422991
12241,0.0002482913,0.002462647,0.0033520842
12242,0.00033503643,0.0025845598,0.004474339
12243,0.00025162846,0.002199199,0.003316684
12244,0.00020319546,0.0019107771,0.0025855252
12245,0.00016891985,0.0017234889,0.0020778633
12246,0.0007682774,0.0029694848,0.008587079
12247,0.0005719264,0.0022599157,0.0066522225
12248,0.0003263624,0.0017423495,0.004139743
12249,0.00020237555,0.0014473989,0.0026477796
12250,0.00013032074,0.0012580175,0.0017269554
12251,0.00010830126,0.0011840444,0.0013937439
12252,9.382647e-05,0.0010835307,0.0011540576
12253,8.2235645e-05,0.0010111281,0.0009714909
12254,7.2613e-05,0.00093611906,0.0008212546
12255,6.505469e-05,0.0008742227,0.0007066689
12256,0.00013694265,0.001140284,0.0017262421
12257,0.0005690959,0.0019092757,0.007153883
12258,0.00052649097,0.0016110138,0.0064723673
12259,0.00038782865,0.001261608,0.004734111
12260,0.00037133528,0.0011787869,0.0044476036
12261,0.00028665928,0.0010323079,0.0033747181
12262,0.00019296487,0.00090057234,0.0022974797
12263,0.00016488692,0.00080953614,0.001875896
12264,0.0001339077,0.00077074027,0.0014944654
12265,0.00011729371,0.00073230907,0.0012656252
12266,0.00013495356,0.00076260866,0.0014800198
12267,0.00012416294,0.0007275478,0.001322843
12268,0.00051977416,0.0012460063,0.006018236
12269,0.0003974911,0.0010085934,0.0045346096
12270,0.0002917932,0.0008824983,0.0033232765
12271,0.00022162184,0.0008035925,0.0025095593
12272,0.00018213692,0.00075327774,0.0020116374
12273,0.00015485886,0.00071553496,0.0016622484
12274,0.00012741418,0.0006884727,0.0013429029
12275,0.00014908593,0.0007392973,0.0016138477
12276,0.00018673534,0.00079776224,0.0020750011
12277,0.00016145574,0.0007431569,0.0017298718
12278,0.00010706072,0.00068437797,0.0011602304
12279,7.0895905e-05,0.00064094446,0.000775811
12280,4.616851e-05,0.0006105229,0.00051052246
12281,3.056462e-05,0.0005744845,0.00033940646
12282,2.5746012e-05,0.0005678174,0.00027973307
12283,2.3867986e-05,0.0005724382,0.0002562167
12284,2.1003745e-05,0.00056328165,0.00021889799
12285,1.8810995e-05,0.000530781,0.00018724025
12286,2.8339215e-05,0.00062471774,0.00031413435
12287,0.00010737114,0.00102296,0.0016168024
12288,8.623726e-05,0.0009591417,0.0012587743
12289,5.7760146e-05,0.00087017135,0.0008392505
12290,3.92436e-05,0.00080055854,0.0005652902
12291,3.3829347e-05,0.0007374284,0.00046033418
12292,2.9373421e-05,0.00067938387,0.0003775553
12293,9.954406e-05,0.0010492166,0.0016691834
12294,9.0586196e-05,0.00097184937,0.0014659545
12295,8.7929715e-05,0.00090916327,0.001376515
12296,7.661585e-05,0.000880883,0.0011774
12297,0.00014854163,0.0011113354,0.002512116
12298,0.00018825702,0.001156353,0.0031740195
12299,0.00014639556,0.0010159544,0.002371595
12300,0.0006555447,0.0017035047,0.009062333
12301,0.00050251326,0.0013118212,0.0072227307
12302,0.00035173702,0.0009937303,0.005095914
12303,0.00020639441,0.00080521044,0.0031328017
12304,0.0001428448,0.0007109399,0.0021545344
12305,0.00026206195,0.0009009172,0.004118296
12306,0.00014704313,0.00078519114,0.0024216338
12307,8.874566e-05,0.0006966119,0.0014785226
12308,5.6010136e-05,0.0006212797,0.0009276816
12309,3.6077014e-05,0.0005641934,0.0005897526
12310,2.9110448e-05,0.0005338586,0.00045336632
12311,2.1390944e-05,0.0005047908,0.00032298156
12312,1.5913894e-05,0.0004792363,0.00023225212
12313,1.0843179e-05,0.0004476254,0.00015423409
12314,7.073406e-06,0.0004144575,9.8112614e-05
12315,4.8878624e-06,0.00038702638,6.535588e-05
12316,4.3845175e-06,0.00035862354,5.5570385e-05
12317,3.6111169e-06,0.00031628538,4.1702282e-05
12318,4.615594e-06,0.00033322535,5.546111e-05
12319,5.162866e-06,0.0003329809,6.204416e-05
12320,4.521229e-06,0.00030202878,5.0790986e-05
12321,3.7899097e-06,0.00026620424,3.8943665e-05
12322,3.2106798e-06,0.0002531021,3.114816e-05
12323,2.6433147e-06,0.00024583036,2.4538895e-05
12324,2.3905507e-06,0.00022189746,2.0736421e-05
12325,2.0619416e-06,0.00021108436,1.6911803e-05
12326,1.7968341e-06,0.0001998558,1.3925754e-05
12327,1.5238751e-06,0.0001959767,1.134596e-05
12328,1.2448418e-06,0.0001944789,9.056066e-06
12329,9.308851e-07,0.00018924581,6.6185617e-06
12330,7.816381e-07,0.00018495854,5.3294593e-06
12331,1.5726673e-06,0.00023944901,1.2941317e-05
12332,5.493572e-06,0.00037343134,6.388102e-05
12333,6.9327934e-06,0.00038734853,8.3621206e-05
12334,7.881622e-06,0.00038531574,9.554033e-05
12335,7.765652e-06,0.00037255933,9.197834e-05
12336,9.571727e-05,0.00097204413,0.0021029573
12337,6.985536e-05,0.0008534551,0.0014568677
12338,0.00018276273,0.0011285109,0.004061217
12339,0.00013833634,0.00089605345,0.0028933408
12340,0.00010165431,0.000780967,0.0020416696
12341,7.7419e-05,0.00069899374,0.0014785599
12342,5.9242382e-05,0.00063917926,0.0010777933
12343,8.2388855e-05,0.0006975099,0.0015595075
12344,7.234393e-05,0.0006168671,0.0012845754
12345,0.0002447245,0.00095258065,0.0048043095
12346,0.00021395866,0.00079467683,0.0040148958
12347,0.00015601434,0.0006738039,0.0028271496
12348,0.0001223251,0.000559814,0.0020604609
12349,0.00012269907,0.00052649836,0.0019975232
12350,0.00011797731,0.00048497145,0.0018432353
12351,0.0001591374,0.0005185348,0.0025179323
12352,0.00014537098,0.0004756457,0.002204795
12353,0.00012228778,0.00042962853,0.0017599147
12354,9.663114e-05,0.00040542457,0.0013481292
12355,6.927845e-05,0.0003801039,0.0009529964
12356,5.1408297e-05,0.0003623915,0.00069385296
12357,4.0510637e-05,0.0003512356,0.0005322074
12358,4.0660867e-05,0.0003506762,0.0005268942
12359,3.546066e-05,0.00033726994,0.00043997046
12360,2.8812656e-05,0.0003313165,0.00034849936
12361,2.3367982e-05,0.00033047443,0.00028273006
12362,1.6952878e-05,0.00031787192,0.00020183252
12363,1.1788627e-05,0.00030276985,0.0001382122
12364,1.1592719e-05,0.00032558816,0.00014351362
12365,1.1093536e-05,0.000341015,0.00014050979
12366,8.935246e-06,0.00032970172,0.0001084775
12367,4.0683415e-05,0.0005648062,0.0007252673
12368,3.4012035e-05,0.00050764054,0.00056355
12369,2.7890805e-05,0.00047460617,0.00043586316
12370,2.2292228e-05,0.00045212323,0.00033264078
12371,1.7907714e-05,0.00043398517,0.00025624826
12372,1.4429059e-05,0.0004163091,0.00019736469
12373,1.0546206e-05,0.00039646027,0.00013995547
12374,9.230352e-06,0.00039015815,0.0001189543
12375,7.2471344e-06,0.00037516266,8.96133e-05
12376,6.549684e-06,0.00034989862,7.6566415e-05
12377,2.0527776e-05,0.00054895726,0.0003294263
12378,2.4439303e-05,0.0005570893,0.00039770282
12379,2.024416e-05,0.00048410989,0.00030122747
12380,3.5841018e-05,0.00057703356,0.00060248876
12381,5.666841e-05,0.0006472886,0.001027552
12382,4.6656587e-05,0.00056778657,0.0007819086
12383,5.814429e-05,0.0006116643,0.0010094654
12384,4.7023514e-05,0.0005742747,0.0007795809
12385,3.7726928e-05,0.0005423921,0.0005972546
12386,3.311746e-05,0.0005427669,0.00052380085
12387,4.109533e-05,0.0006192936,0.0007066272
12388,3.357551e-05,0.0005765761,0.00054516515
12389,4.924812e-05,0.0006418349,0.00085867284
12390,5.6884473e-05,0.00063759077,0.0009915163
12391,4.5525063e-05,0.0005954045,0.00075512414
12392,3.7476635e-05,0.0005574617,0.0005890512
12393,3.145687e-05,0.00052077207,0.00046696476
12394,2.6284599e-05,0.00049627025,0.00037180993
12395,1.83446e-05,0.0004684542,0.00025623018
12396,1.4792863e-05,0.00045123012,0.00019831961
12397,1.0877294e-05,0.00043063442,0.00014179839
12398,7.90799e-06,0.0004098934,0.000100140634
12399,8.223459e-06,0.00039357826,0.00010192743
12400,0.0007513946,0.0022026561,0.0117625585
12401,0.0003983932,0.0013232025,0.0077450415
12402,0.00021525928,0.0009453121,0.0045859274
12403,0.00016140917,0.0007391328,0.0032507284
12404,0.00014721049,0.0006717135,0.002867644
12405,0.00012571758,0.0005972099,0.002344228
12406,0.00011117217,0.00054237316,0.001987337
12407,0.003321674,0.002009914,0.016029216
12408,0.0016518196,0.001169892,0.013772097
12409,0.0008321892,0.00074513635,0.010132331
12410,0.00044753688,0.0005245181,0.006528664
12411,0.00031604726,0.00041667445,0.004596151
12412,0.00024208832,0.00035025494,0.0033844837
12413,0.00019438658,0.00029733256,0.002563522
12414,0.0001615261,0.00026757512,0.002023774
12415,0.00013401458,0.00025315446,0.001618387
12416,0.000112778194,0.00024299374,0.001315053
12417,9.35846e-05,0.00023679317,0.0010616169
12418,7.582346e-05,0.0002322229,0.00084220676
12419,6.21155e-05,0.00023114157,0.00068454817
12420,5.1784915e-05,0.00022910055,0.00055749476
12421,4.7732392e-05,0.0002221397,0.00049647293
12422,4.420647e-05,0.00022674634,0.0004554611
12423,3.943609e-05,0.00022121462,0.00039173203
12424,3.3820226e-05,0.00022149496,0.000328432
12425,2.8174632e-05,0.00022188868,0.00026874515
12426,2.5373436e-05,0.00021524903,0.00023288256
12427,2.3683819e-05,0.0002100837,0.00021072724
12428,2.1092193e-05,0.00021008059,0.00018278402
12429,1.8247396e-05,0.00021188789,0.00015505614
12430,1.6235543e-05,0.00021251825,0.00013457329
12431,1.4438304e-05,0.00021347149,0.000116839554
12432,1.30513e-05,0.00021213578,0.00010262339
12433,1.1897511e-05,0.00020738509,9.041224e-05
12434,1.0782501e-05,0.00020687495,7.977764e-05
12435,9.798891e-06,0.00020616963,7.057868e-05
12436,8.8236075e-06,0.00020749377,6.213741e-05
12437,8.089583e-06,0.00020345698,5.5177454e-05
12438,7.4270115e-06,0.00019623648,4.882196e-05
12439,7.0109736e-06,0.00018910873,4.46649e-05
12440,6.4911e-06,0.00019086,4.058062e-05
12441,5.985705e-06,0.00018856757,3.6384023e-05
12442,5.514271e-06,0.00018782029,3.268601e-05
12443,5.076538e-06,0.00018783355,2.939171e-05
12444,4.656778e-06,0.00018903484,2.640021e-05
12445,5.2063156e-06,0.0002031765,3.0504329e-05
12446,9.076186e-06,0.0002485143,6.1797866e-05
12447,8.384013e-06,0.00024057264,5.5194556e-05
12448,3.8644324e-05,0.00043052607,0.00038970404
12449,5.1151175e-05,0.00047858944,0.0005497743
12450,4.5392964e-05,0.00046968294,0.00047363984
12451,4.0850213e-05,0.00045433236,0.00041154498
12452,3.6832902e-05,0.0004433245,0.00035941726
12453,3.3408414e-05,0.00042495542,0.00031399005
12454,3.0336842e-05,0.00040206956,0.00027355258
12455,2.7642885e-05,0.0003947928,0.0002421241
12456,2.5248986e-05,0.00037589943,0.00021274715
12457,0.00033981501,0.0010149395,0.004616028
12458,0.00033487228,0.00093517784,0.004422094
12459,0.00031071372,0.000829566,0.0039603272
12460,0.00024969105,0.00072169275,0.0030663717
12461,0.00020724692,0.00064986065,0.0024463884
12462,0.00017626723,0.00059655233,0.0019984324
12463,0.0001525122,0.0005564432,0.0016631929
12464,0.00013319407,0.0005291404,0.0014033325
12465,0.0001179132,0.00050427957,0.0011995794
12466,0.00010532356,0.00048301189,0.0010357429
12467,9.423982e-05,0.00047018024,0.0009003994
12468,8.531815e-05,0.00045223854,0.000788888
12469,7.763111e-05,0.00043656828,0.0006955582
12470,0.00015711963,0.0005698242,0.0016286764
12471,0.0006265245,0.00095529406,0.006701228
12472,0.0005248206,0.0007972314,0.00553755
12473,0.0030376958,0.0014824648,0.01440795
12474,0.0019242492,0.0010604431,0.012118936
12475,0.0012191489,0.00076281023,0.009213754
12476,0.0008481902,0.00060229277,0.006867746
12477,0.0006426618,0.0005039683,0.0052314093
12478,0.0005182231,0.0004371986,0.0041241874
12479,0.00043151664,0.0003965126,0.0033415074
12480,0.0003673099,0.00036978666,0.0027661042
12481,0.00032184084,0.00034509646,0.0023450812
12482,0.00028419643,0.00033056454,0.0020139816
12483,0.00025280064,0.00032088574,0.0017473209
12484,0.0002569307,0.00032167227,0.0017611294
12485,0.00023172236,0.00031471546,0.0015520819
12486,0.00020884018,0.00031026624,0.0013696495
12487,0.00018943714,0.0003073452,0.0012180659
12488,0.00017253455,0.00030588525,0.0010893254
12489,0.00015951127,0.00030225705,0.0009866325
12490,0.0003512059,0.00041535328,0.0025006353
12491,0.0028496431,0.0009334103,0.012765793
12492,0.0018184024,0.00069651136,0.009996193
12493,0.0013282985,0.0005554492,0.007836176
12494,0.0010826756,0.0004789622,0.006457768
12495,0.000845589,0.00041736738,0.0050438144
12496,0.0006920487,0.00037726725,0.004057717
12497,0.0005872613,0.000348627,0.0033583203
12498,0.00051107246,0.00032695837,0.0028428328
12499,0.00045710566,0.00031519143,0.002485207
12500,0.0006851797,0.00037051234,0.0038143739
12501,0.0013206005,0.00047450242,0.0069162357
12502,0.0017663046,0.00051448354,0.008434289
12503,0.0012815443,0.00043666962,0.0064124926
12504,0.0010081533,0.00038672716,0.0050455257
12505,0.0008321788,0.00035297126,0.00409444
12506,0.0007087281,0.0003294809,0.0034076523
12507,0.00074737845,0.00033098808,0.0035487707
12508,0.0006506756,0.00031051785,0.0030104402
12509,0.00057468575,0.00029751367,0.0025939252
12510,0.00050619425,0.00029050247,0.0022402843
12511,0.0004572418,0.00028558,0.0019842086
12512,0.0006358308,0.00033089315,0.0028724123
12513,0.00056411163,0.00031816744,0.002487482
12514,0.0005056685,0.00030928594,0.002179958
12515,0.00044837655,0.00030517872,0.001900786
12516,0.00043101533,0.00030610792,0.0018068758
12517,0.0004918383,0.00032043492,0.0020921223
12518,0.000576182,0.00033978146,0.0024871384
12519,0.00051877485,0.00032703517,0.002186515
12520,0.008539944,0.0010948667,0.015399366
12521,0.0049911067,0.0009888586,0.013179412
12522,0.0032080926,0.00082267553,0.010522191
12523,0.0022645982,0.000674035,0.008149902
12524,0.0016980746,0.0005890958,0.006313527
12525,0.0067132693,0.0010413934,0.013968485
12526,0.0050187083,0.0009477033,0.012310253
12527,0.0033633267,0.0008005082,0.009709955
12528,0.0023901423,0.0006994783,0.0074457712
12529,0.0018267734,0.0006299949,0.0058052507
12530,0.00244434,0.0007204304,0.007374519
12531,0.008882311,0.0012777151,0.014537465
12532,0.005262038,0.001200446,0.011850593
12533,0.0033940221,0.001051633,0.0090572
12534,0.0029493223,0.0010110098,0.008051822
12535,0.00345622,0.0010626495,0.0088709565
12536,0.0025633604,0.0009342087,0.006880338
12537,0.0019779808,0.0008598703,0.005380923
12538,0.0017002182,0.00081936043,0.0045888685
12539,0.0021038407,0.0009211312,0.005626782
12540,0.0016733137,0.0008626159,0.0044694194
12541,0.0013036785,0.000809362,0.0034856147
12542,0.0011049977,0.00078279886,0.0029126066
12543,0.00093299046,0.00076062477,0.0024320527
12544,0.0008020352,0.00074523117,0.0020673415
12545,0.0012878954,0.00093260285,0.0035521796
12546,0.00101837,0.0008800224,0.0028024977
12547,0.0008573153,0.00085203076,0.0023349978
12548,0.0013140228,0.0010423426,0.0037710061
12549,0.016503226,0.0034914229,0.016387409
12550,0.0102054,0.004194371,0.014905568
12551,0.0060648997,0.003942687,0.012358187
12552,0.0037477466,0.0033604675,0.009368959
12553,0.002522011,0.00286772,0.0068986374
12554,0.0017020359,0.0024825877,0.0049023023
12555,0.0013851773,0.0022985728,0.0039997697
12556,0.0011196904,0.0021310505,0.0032085073
12557,0.0008699302,0.0019679142,0.0024930583
12558,0.0007104697,0.0018576653,0.0020246413
12559,0.0006073156,0.0017869463,0.00171498
12560,0.0004861972,0.001693738,0.0013804405
12561,0.00043093905,0.0016550852,0.0012134262
12562,0.00034890187,0.0015723462,0.0009837529
12563,0.00028983672,0.001510452,0.00081778615
12564,0.00024091892,0.0014534885,0.0006810015
12565,0.00019135445,0.0013845852,0.00054423686
12566,0.0001595273,0.0013381526,0.0004553804
12567,0.0001318268,0.0012899605,0.00037811403
12568,0.00010161237,0.0012305779,0.00029442823
12569,0.000147608,0.0014619831,0.00048167794
12570,0.00016594352,0.0015615976,0.0005666116
12571,0.00014613764,0.0015403478,0.000499262
12572,0.00012922313,0.0015233281,0.0004424118
12573,0.00021594108,0.0018996515,0.0008570296
12574,0.00019574906,0.0018686017,0.00077336293
12575,0.0001686458,0.0018207596,0.0006653125
12576,0.00057664834,0.0029839044,0.002928682
12577,0.00047258355,0.0027446318,0.002382793
12578,0.00039502047,0.0025593059,0.001969162
12579,0.0003382305,0.0024311473,0.0016757129
12580,0.00029424514,0.002316813,0.0014402654
12581,0.0003437866,0.0024620786,0.0017520557
12582,0.0002972922,0.0023402197,0.0014966478
12583,0.00025392007,0.0022387633,0.0012679202
12584,0.00022217058,0.0021606656,0.0010992875
12585,0.0008444882,0.0036780697,0.0049473243
12586,0.002098261,0.0050126454,0.010003534
12587,0.001133594,0.0036441993,0.006566798
12588,0.0022783382,0.0044789836,0.010548246
12589,0.008682669,0.0073025357,0.015969373
12590,0.0038001025,0.0056986585,0.013297492
12591,0.0018352832,0.003971857,0.009458978
12592,0.0013074131,0.0031603985,0.007339606
12593,0.001199603,0.0028900444,0.006929377
12594,0.00088162266,0.0023950578,0.005217117
12595,0.0011656256,0.0025314859,0.0065934244
12596,0.0076065646,0.0052843653,0.015647337
12597,0.01444936,0.007821532,0.016812084
12598,0.031394012,0.0298385,0.017372357
12599,0.021412995,0.041856233,0.017254189
12600,0.0069291047,0.03077161,0.01632808
12601,0.0018414513,0.014768221,0.0126089
12602,0.0011582026,0.00940912,0.010123283
12603,0.0006710027,0.006150064,0.0068812645
12604,0.00036905342,0.004460433,0.0041963267
12605,0.00024947675,0.0036882185,0.0028847344
12606,0.00025846722,0.00369553,0.0030971614
12607,0.0004113746,0.0042180675,0.00495252
12608,0.00050692644,0.0043798294,0.006271435
12609,0.00028146958,0.0032904407,0.0037943996
12610,0.00017241549,0.0026774057,0.0023918103
12611,0.0022149433,0.006865283,0.0143279685
12612,0.01635385,0.01439437,0.017249417
12613,0.029108644,0.039114777,0.017376924
12614,0.015542753,0.040675268,0.017278256
12615,0.0036338172,0.023040693,0.01640095
12616,0.0010554089,0.010306467,0.013206047
12617,0.00048281567,0.005535641,0.00886078
12618,0.0002991064,0.0036693057,0.0059306915
12619,0.00021765025,0.0028590336,0.004298297
12620,0.0001430318,0.0023243004,0.0028201519
12621,9.888276e-05,0.0019961265,0.0019127799
12622,6.3448286e-05,0.0017234709,0.001215583
12623,4.980213e-05,0.0015739398,0.00091198285
12624,3.9790757e-05,0.0014549063,0.00069619686
12625,0.00048810485,0.0036331443,0.009003407
12626,0.0002954452,0.0023912098,0.005865801
12627,0.00021699959,0.0018440797,0.0042320783
12628,0.00015384336,0.0015320902,0.0029289376
12629,9.465435e-05,0.001287241,0.0018071072
12630,7.629868e-05,0.0010913535,0.0013515993
12631,8.344808e-05,0.0010905436,0.0014809542
12632,0.0001726206,0.0013514265,0.0032765705
12633,0.0001331926,0.0011186551,0.0023784623
12634,0.00010360353,0.0010045854,0.0017744685
12635,7.998906e-05,0.00092477683,0.0013235228
12636,6.056969e-05,0.00086128264,0.00097410136
12637,5.3482294e-05,0.0007793684,0.00081370515
12638,4.5533317e-05,0.000695196,0.00064780086
12639,3.0476373e-05,0.00064195634,0.00042975185
12640,2.0614552e-05,0.0005971835,0.00028692422
12641,1.614979e-05,0.00057484064,0.00021773766
12642,1.3793446e-05,0.0005177444,0.00017294667
12643,1.2539877e-05,0.00048595233,0.00015037562
12644,1.7197086e-05,0.0005337749,0.00022156787
12645,1.6188083e-05,0.00050662307,0.00020129407
12646,0.00029706125,0.0015361109,0.0058791097
12647,0.00074872456,0.0018618888,0.010687408
12648,0.00057915674,0.0013905355,0.008867593
12649,0.00084678055,0.0013574935,0.010663888
12650,0.00051739725,0.0008976419,0.007392231
12651,0.0011061823,0.0010636272,0.011370538
12652,0.0013528394,0.0009480098,0.01200167
12653,0.0009104474,0.00070947525,0.009625629
12654,0.00047186448,0.00051406806,0.0060217567
12655,0.00047767817,0.00049897033,0.006039276
12656,0.000261936,0.00041791817,0.0036051425
12657,0.00016122327,0.00036012506,0.0022649788
12658,0.000119650314,0.00033411285,0.0016478157
12659,9.20688e-05,0.00031688527,0.001237201
12660,7.8901125e-05,0.00029587542,0.0010075134
12661,5.6925677e-05,0.00028157933,0.0007180118
12662,4.1163716e-05,0.00026967825,0.0005121755
12663,3.257149e-05,0.0002639561,0.0003952175
12664,2.6584588e-05,0.00025962084,0.00031322692
12665,2.0086558e-05,0.00025295388,0.00023204832
12666,1.6869835e-05,0.00024873923,0.00018807735
12667,1.2983419e-05,0.0002435941,0.00014152644
12668,1.13322985e-05,0.00022995454,0.000116801435
12669,2.45336e-05,0.0003041448,0.00030828407
12670,2.1364069e-05,0.00028309872,0.00025292672
12671,1.3710226e-05,0.00026538345,0.00016124097
12672,9.231029e-06,0.0002515568,0.00010691452
12673,6.7692185e-06,0.00024236001,7.625883e-05
12674,4.6788196e-06,0.00023061468,5.1450555e-05
12675,3.1485013e-06,0.00021796461,3.3754946e-05
12676,2.0921486e-06,0.00020507541,2.179632e-05
12677,1.3749018e-06,0.00019205759,1.3866984e-05
12678,1.0334445e-06,0.00018150559,9.854815e-06
12679,8.615507e-07,0.00015481464,7.3868787e-06
12680,1.354018e-06,0.00017140139,1.2730712e-05
12681,1.2041434e-06,0.00015698875,1.0643336e-05
12682,9.987778e-07,0.00013618101,7.989064e-06
12683,8.406693e-07,0.00012479865,6.22313e-06
12684,7.1222604e-07,0.00010838703,4.7970425e-06
12685,1.9113515e-06,0.0001534218,1.6879261e-05
12686,1.6010648e-06,0.0001347741,1.2892136e-05
12687,2.1546427e-06,0.00014824308,1.8484885e-05
12688,1.7749194e-06,0.00014431814,1.4538879e-05
12689,1.5187046e-06,0.00013592637,1.1679011e-05
12690,1.2875861e-06,0.00011968204,9.067182e-06
12691,9.877898e-07,0.00011760423,6.768428e-06
12692,6.625853e-07,0.00011278102,4.4682397e-06
12693,5.0937024e-07,0.000110072455,3.3168344e-06
12694,4.319563e-07,0.00010456294,2.646496e-06
12695,3.1060105e-07,0.000101232195,1.8532905e-06
12696,2.4823282e-07,9.860509e-05,1.4178065e-06
12697,1.94196e-07,9.606227e-05,1.0655261e-06
12698,2.3222853e-07,0.000107520544,1.3547938e-06
12699,1.9257493e-07,9.186968e-05,1.0130283e-06
12700,1.479457e-07,8.9689755e-05,7.516965e-07
12701,1.17994546e-07,8.75219e-05,5.7494833e-07
12702,8.2853276e-08,8.432492e-05,3.9335146e-07
12703,6.04083e-08,8.139398e-05,2.772003e-07
12704,4.0874394e-08,7.7724886e-05,1.8238083e-07
12705,2.7875467e-08,7.401615e-05,1.202805e-07
12706,2.0106619e-08,7.0524286e-05,8.291813e-08
12707,3.2411872e-08,8.675441e-05,1.5349876e-07
12708,2.798433e-08,7.723227e-05,1.2150477e-07
12709,2.9444776e-08,7.3308474e-05,1.2388598e-07
12710,5.1279603e-08,9.314932e-05,2.5371415e-07
12711,8.832269e-07,0.00024993226,9.607716e-06
12712,1.1431289e-06,0.00026652886,1.31347115e-05
12713,2.5900918e-06,0.00035129103,3.702114e-05
12714,2.3892767e-06,0.00031478613,3.1900672e-05
12715,1.8863917e-06,0.0002735434,2.260946e-05
12716,1.5647402e-06,0.00024563208,1.7181601e-05
12717,1.2656292e-06,0.00021528639,1.2560895e-05
12718,1.743284e-06,0.00023061785,1.8417762e-05
12719,1.5893119e-06,0.00020382146,1.552619e-05
12720,1.2684421e-06,0.0001937711,1.1684683e-05
12721,8.8582334e-07,0.0001834855,7.8685125e-06
12722,6.8338943e-07,0.00017454533,5.7480884e-06
12723,5.280284e-07,0.00016611315,4.205544e-06
12724,5.155672e-07,0.00016852732,4.0696086e-06
12725,5.9989264e-07,0.00016900986,4.761437e-06
12726,5.08326e-07,0.00015428932,3.73206e-06
12727,4.2256949e-07,0.00014548122,2.906561e-06
12728,3.3788044e-07,0.00014038685,2.2135891e-06
12729,2.602876e-07,0.00013560288,1.6353813e-06
12730,1.968548e-07,0.00013066323,1.1880553e-06
12731,2.2280278e-07,0.00013094685,1.346878e-06
12732,3.0130312e-07,0.00013575658,1.9053628e-06
12733,2.5102165e-07,0.00011654312,1.4357099e-06
12734,2.0900372e-07,0.000112844486,1.1371002e-06
12735,2.0497495e-07,0.000115742456,1.1092716e-06
12736,1.7389311e-07,0.000111198344,8.913929e-07
12737,1.4616226e-07,0.00010809248,7.1453684e-07
12738,1.2618057e-07,0.00010099406,5.7812736e-07
12739,1.09310776e-07,9.629485e-05,4.7358324e-07
12740,9.370051e-08,9.401289e-05,3.8819425e-07
12741,8.033158e-08,9.206576e-05,3.188504e-07
12742,6.8841196e-08,9.0409034e-05,2.6224728e-07
12743,5.6219807e-08,9.02176e-05,2.0982644e-07
12744,3.9230557e-08,8.721757e-05,1.4423732e-07
12745,3.190724e-08,8.575088e-05,1.1314753e-07
12746,2.7307594e-08,8.305673e-05,9.219444e-08
12747,2.4208145e-08,8.113895e-05,7.840582e-08
12748,2.2079703e-08,7.9202364e-05,6.879013e-08
12749,2.8438631e-08,8.056598e-05,9.1498094e-08
12750,3.460289e-08,8.193119e-05,1.1387531e-07
12751,3.0418416e-08,7.69836e-05,9.438976e-08
12752,3.5436315e-08,8.0076345e-05,1.1252621e-07
12753,3.108968e-08,7.827602e-05,9.4625996e-08
12754,2.7474385e-08,7.604085e-05,7.9980744e-08
12755,2.8126431e-08,7.6187454e-05,8.1015266e-08
12756,2.4866553e-08,7.562073e-05,6.928299e-08
12757,2.2201748e-08,7.243586e-05,5.8943137e-08
12758,1.9729534e-08,6.687306e-05,4.9285227e-08
12759,1.7493925e-08,6.0765753e-05,4.0914745e-08
12760,1.5703334e-08,6.0043396e-05,3.547786e-08
12761,1.4207997e-08,5.7885914e-05,3.074972e-08
12762,1.2697448e-08,5.787753e-05,2.6698915e-08
12763,1.12314575e-08,5.8227164e-05,2.3026667e-08
12764,1.0119138e-08,5.792098e-05,2.0119147e-08
12765,9.160871e-09,5.7386602e-05,1.7641396e-08
12766,8.292702e-09,5.705409e-05,1.5493354e-08
12767,7.5265785e-09,5.713434e-05,1.36964875e-08
12768,6.690946e-09,5.782154e-05,1.192935e-08
12769,6.063843e-09,5.7669175e-05,1.0508887e-08
12770,1.0720557e-08,6.964688e-05,2.1609862e-08
12771,9.64536e-09,6.4171014e-05,1.8364208e-08
12772,8.809226e-09,5.9200043e-05,1.5910219e-08
12773,8.0627665e-09,5.5201734e-05,1.3856973e-08
12774,7.4082296e-09,5.2426596e-05,1.2195671e-08
12775,6.8308816e-09,5.159955e-05,1.0901833e-08
12776,6.3056453e-09,5.095397e-05,9.7706465e-09
12777,5.8974066e-09,4.888819e-05,8.813684e-09
12778,5.456004e-09,4.6939087e-05,7.852238e-09
12779,5.010743e-09,4.4087883e-05,6.8912467e-09
12780,4.642956e-09,4.2236847e-05,6.1495893e-09
12781,4.5435016e-09,4.0368934e-05,5.8502327e-09
12782,2.7793233e-08,7.965505e-05,6.0580504e-08
12783,3.005629e-08,8.0744016e-05,6.6233866e-08
12784,2.7640349e-08,7.650595e-05,5.835463e-08
12785,2.5581823e-08,7.5177704e-05,5.2395944e-08
12786,2.3712042e-08,7.346845e-05,4.705073e-08
12787,2.197995e-08,7.2927935e-05,4.2481435e-08
12788,2.0303874e-08,7.3178846e-05,3.8373006e-08
12789,1.886185e-08,7.265411e-05,3.4743053e-08
12790,1.7556065e-08,7.185333e-05,3.1487698e-08
12791,1.6338088e-08,7.154532e-05,2.8603024e-08
12792,1.5240468e-08,7.080115e-05,2.6000446e-08
12793,1.4231539e-08,7.012014e-05,2.3672436e-08
12794,1.3203988e-08,7.073428e-05,2.1548574e-08
12795,1.234617e-08,7.026243e-05,1.9672665e-08
12796,1.1562151e-08,6.949032e-05,1.7968798e-08
12797,1.0833384e-08,6.90504e-05,1.6449173e-08
12798,1.0162387e-08,6.852357e-05,1.5073436e-08
12799,9.474384e-09,6.535341e-05,1.3552781e-08
12800,4.7888555e-08,0.00011937342,1.0936725e-07
12801,1.8291954e-07,0.00019838643,6.173583e-07
12802,1.7344277e-07,0.000189066,5.6564636e-07
12803,1.6030442e-07,0.00017867952,5.0213373e-07
12804,1.4860436e-07,0.00017328007,4.5045505e-07
12805,1.3792558e-07,0.00017125554,4.072293e-07
12806,1.3568757e-07,0.00017283905,3.9686694e-07
12807,2.447844e-07,0.0002134209,8.412715e-07
12808,2.2707671e-07,0.00020900894,7.57951e-07
12809,2.0992181e-07,0.0001992646,6.745871e-07
12810,9.2144256e-07,0.00034419808,4.525144e-06
12811,9.109092e-07,0.0003425852,4.4404605e-06
12812,8.7251783e-07,0.00033636083,4.179525e-06
12813,8.043134e-07,0.00032749466,3.733202e-06
12814,7.487734e-07,0.0003197378,3.376421e-06
12815,6.946431e-07,0.00030448678,3.0218437e-06
12816,6.4191903e-07,0.00028882027,2.6873915e-06
12817,5.917418e-07,0.0002737697,2.3813025e-06
12818,5.4989977e-07,0.00026667866,2.1480087e-06
12819,5.117176e-07,0.00026208416,1.946334e-06
12820,4.7640904e-07,0.0002590271,1.7680513e-06
12821,4.4262669e-07,0.00025845546,1.6081543e-06
12822,4.1278315e-07,0.0002555948,1.4642156e-06
12823,3.8502523e-07,0.0002475712,1.3248518e-06
12824,3.5874604e-07,0.0002377632,1.1943188e-06
12825,3.359555e-07,0.00023410755,1.0913027e-06
12826,3.146572e-07,0.00022799168,9.940782e-07
12827,2.9479096e-07,0.00022121273,9.0489874e-07
12828,1.8893461e-06,0.00045050491,9.988667e-06
12829,3.2111607e-06,0.00055715564,1.9883568e-05
12830,6.0443135e-06,0.00071361696,4.5087665e-05
12831,1.0627638e-05,0.0008890581,9.350175e-05
12832,9.937549e-06,0.0008610284,8.5450614e-05
12833,9.00389e-06,0.00081317744,7.439944e-05
12834,8.304678e-06,0.00077681517,6.647973e-05
12835,7.639841e-06,0.0007400127,5.913231e-05
12836,3.4129785e-05,0.0013088284,0.00040290554
12837,6.698787e-05,0.0016908841,0.0009410385
12838,6.076921e-05,0.0015988704,0.00083211146
12839,5.2578453e-05,0.0014591204,0.00068607536
12840,0.0002533883,0.002656651,0.004202922
12841,0.0002042722,0.002254112,0.0033060333
12842,0.00016204038,0.0018870923,0.0025017976
12843,0.00013471198,0.0016691124,0.0019920869
12844,0.00011242157,0.001501068,0.0015897427
12845,9.558955e-05,0.0013566464,0.001289413
12846,8.3817205e-05,0.0012461564,0.0010850666
12847,7.3018375e-05,0.0011618204,0.00090750924
12848,6.418912e-05,0.001086587,0.0007660336
12849,5.6823745e-05,0.0010147645,0.0006505287
12850,5.0630853e-05,0.00095264777,0.00055682356
12851,4.5326673e-05,0.00089366897,0.00047869454
12852,4.0824016e-05,0.00084785407,0.00041553774
12853,0.00012969777,0.0013244401,0.0017222159
12854,0.00011388164,0.0012185761,0.0014578545
12855,9.849293e-05,0.00110899,0.0012040099
12856,8.6276115e-05,0.0010347252,0.0010135529
12857,7.615615e-05,0.0009572378,0.00085683254
12858,6.78011e-05,0.0008947035,0.0007326088
12859,6.576746e-05,0.0008749335,0.00069917366
12860,6.076154e-05,0.0008346056,0.0006265896
12861,5.4835633e-05,0.00079897925,0.0005471092
12862,4.957078e-05,0.0007764849,0.00048085817
12863,4.6103676e-05,0.0007523793,0.0004368688
12864,4.2020805e-05,0.0007203439,0.00038535494
12865,3.843107e-05,0.0006958813,0.0003420937
12866,3.5564593e-05,0.0006706071,0.00030788855
12867,3.2742435e-05,0.00064305373,0.00027469423
12868,4.0755425e-05,0.0006989082,0.00036108593
12869,3.73916e-05,0.00067798747,0.00032212795
12870,3.482233e-05,0.00065721886,0.00029268482
12871,3.209051e-05,0.0006394618,0.00026259667
12872,2.9634164e-05,0.0006201677,0.00023589743
12873,2.7419694e-05,0.0006047922,0.00021273081
12874,2.5415218e-05,0.00058874016,0.00019210608
12875,2.3596594e-05,0.0005746633,0.00017394611
12876,2.1937516e-05,0.00056353875,0.00015796574
12877,2.0424966e-05,0.0005517829,0.00014362218
12878,1.9035648e-05,0.0005429083,0.00013092549
12879,1.7737217e-05,0.0005379962,0.000119603275
12880,1.6567625e-05,0.0005251339,0.0001090455
12881,4.32025e-05,0.0007576038,0.00037074724
12882,3.9735944e-05,0.00072920555,0.0003312475
12883,3.6646128e-05,0.000704628,0.00029715578
12884,3.5845525e-05,0.000697792,0.00028750676
12885,3.312112e-05,0.00068566285,0.00025979258
12886,3.0681378e-05,0.000662928,0.00023423001
12887,2.848195e-05,0.0006488196,0.00021245105
12888,2.6436574e-05,0.0006409764,0.00019324367
12889,2.4608718e-05,0.0006280115,0.00017586775
12890,2.2926926e-05,0.00061834865,0.00016045131
12891,2.1383545e-05,0.00060943275,0.00014661122
12892,1.9970703e-05,0.00059991766,0.00013411483
12893,1.8675515e-05,0.00058901054,0.00012276568
12894,1.9795409e-05,0.00060367497,0.00013186548
12895,4.9054222e-05,0.00086554437,0.00042213462
12896,4.605983e-05,0.00084690144,0.0003895617
12897,4.3385255e-05,0.00083093304,0.00036111838
12898,3.9968123e-05,0.00081156404,0.0003250221
12899,3.685317e-05,0.00079727353,0.00029335296
12900,3.4020366e-05,0.00078521436,0.00026531197
12901,3.1525702e-05,0.00076376507,0.00023999761
12902,4.861861e-05,0.00090300455,0.00041619796
12903,4.4769156e-05,0.00088813,0.0003756514
12904,4.108406e-05,0.00087338645,0.0003376534
12905,3.7887632e-05,0.0008406518,0.0003030331
12906,3.502382e-05,0.0008112418,0.00027285604
12907,0.00019250238,0.0015631384,0.0022156641
12908,0.00016418958,0.0014302802,0.0018250657
12909,0.0001423883,0.0013237894,0.0015289012
12910,0.00012510967,0.0012291892,0.0012966034
12911,0.00020411541,0.0014510094,0.00228113
12912,0.00022132217,0.0014420912,0.0024661846
12913,0.00019443322,0.0013282904,0.0021055008
12914,0.0001676675,0.0012287986,0.0017558306
12915,0.00014666982,0.0011493887,0.0014866842
12916,0.00058292446,0.0019174395,0.006265876
12917,0.0004353296,0.0015609479,0.004675709
12918,0.00034607956,0.0013314666,0.0036241421
12919,0.0002861145,0.0011774407,0.0029002088
12920,0.00024310472,0.0010655131,0.0023801469
12921,0.00028877088,0.0011032542,0.0028408498
12922,0.00032785413,0.0011159984,0.0032062286
12923,0.00027897846,0.0010011469,0.0026354254
12924,0.00024132717,0.00091351935,0.0022006202
12925,0.00021100555,0.00086089806,0.0018689983
12926,0.00017850667,0.00082977297,0.0015537665
12927,0.00015981027,0.0007923817,0.0013522172
12928,0.000158538,0.0007957515,0.0013354148
12929,0.00013447093,0.0007782692,0.0011183106
12930,0.00011748131,0.00076751935,0.0009624597
12931,0.000106998545,0.0007495131,0.0008571364
12932,9.3383576e-05,0.0007444884,0.0007393393
12933,8.0770216e-05,0.0007405859,0.00063342514
12934,7.3981566e-05,0.0007334875,0.00056989805
12935,8.909565e-05,0.0007860426,0.00071620865
12936,8.060244e-05,0.0007802678,0.0006374156
12937,7.432716e-05,0.0007615954,0.00057489483
12938,0.0017128909,0.0026036513,0.011838688
12939,0.0010142443,0.001847137,0.008662251
12940,0.0006965812,0.0014401609,0.0063373093
12941,0.00052727835,0.0012000503,0.004803981
12942,0.00041982712,0.0010528927,0.003759552
12943,0.00032716768,0.00095670397,0.0029027124
12944,0.00027960472,0.00088608277,0.0024101927
12945,0.00023627163,0.00084251596,0.0019955563
12946,0.00020784981,0.00080445164,0.0017103993
12947,0.00018571038,0.0007697708,0.0014876585
12948,0.00014850523,0.0007402319,0.0011832664
12949,0.0001454028,0.00075549213,0.0011613193
12950,0.00011394492,0.0007258413,0.0009083466
12951,9.368322e-05,0.00071159593,0.0007427636
12952,9.886264e-05,0.0007495909,0.00080028904
12953,8.1397084e-05,0.00073617575,0.0006553859
12954,7.2402545e-05,0.0007348647,0.0005754321
12955,0.0004979703,0.0015611224,0.005177566
12956,0.00052008225,0.0014668413,0.0052488083
12957,0.00037032622,0.0012510945,0.0037882759
12958,0.00027416996,0.0011145653,0.0028009533
12959,0.00023152666,0.0010284247,0.0022965234
12960,0.00017450437,0.00095154275,0.0017238265
12961,0.00015063096,0.00091394474,0.0014530683
12962,0.0001336256,0.0008757324,0.0012535293
12963,0.0044002687,0.0035138628,0.015569446
12964,0.0032522553,0.0029875317,0.014733233
12965,0.006230046,0.0034932615,0.016199734
12966,0.004409288,0.0029332659,0.015357589
12967,0.0020367305,0.0019944,0.012385635
12968,0.0012449762,0.0014253834,0.009379768
12969,0.0017148231,0.001494894,0.011077109
12970,0.00089251634,0.0010871507,0.00739082
12971,0.0005365731,0.00085544534,0.004862
12972,0.00042415143,0.0007565146,0.0037865029
12973,0.0003532343,0.0006855175,0.0030659884
12974,0.0002955068,0.00064208417,0.0025066976
12975,0.00023602761,0.00060747995,0.0019809813
12976,0.0002083206,0.00058233313,0.0017017254
12977,0.0001839584,0.00056638505,0.0014688802
12978,0.00015967798,0.0005567829,0.0012542191
12979,0.0001424564,0.0005493952,0.0010979889
12980,9.87483e-05,0.00052220584,0.0007703776
12981,9.00247e-05,0.00051914953,0.00068950217
12982,8.884938e-05,0.00053748634,0.0006851342
12983,8.1873e-05,0.00053063384,0.0006184376
12984,7.482018e-05,0.0005304612,0.0005561335
12985,6.6773115e-05,0.00053394836,0.00049090636
12986,5.6906953e-05,0.0005346427,0.00041611787
12987,5.2987816e-05,0.0005274873,0.00037969305
12988,9.003532e-05,0.0006539374,0.00073904026
12989,8.2320694e-05,0.0006441536,0.00066164567
12990,7.525324e-05,0.0006382726,0.0005934913
12991,5.1848172e-05,0.00060983293,0.00041368822
12992,3.5403074e-05,0.0005843533,0.0002857213
12993,3.2745535e-05,0.00056975195,0.00025749678
12994,3.032813e-05,0.0005634751,0.00023350149
12995,3.174267e-05,0.0005827686,0.00024744167
12996,2.9380697e-05,0.0005750338,0.00022406876
12997,2.5381514e-05,0.0005786025,0.00019206722
12998,2.3204439e-05,0.00058083574,0.00017284253
12999,2.1496993e-05,0.0005755347,0.00015688
13000,2.4053506e-05,0.0006006983,0.00018030929
13001,2.3622539e-05,0.00059611455,0.00017524236
13002,2.195065e-05,0.0005794324,0.00015865045
13003,2.0376334e-05,0.0005747484,0.00014439791
13004,1.9120394e-05,0.00056468055,0.00013264999
13005,2.8884278e-05,0.00069816195,0.00023013275
13006,2.5984793e-05,0.0007010848,0.00020419402
13007,1.793721e-05,0.0006613871,0.00014198691
13008,1.3045118e-05,0.00063158013,0.00010345535
13009,2.0282921e-05,0.0007727707,0.00018385341
13010,1.4564806e-05,0.000733399,0.00013214389
13011,1.7346976e-05,0.0007729599,0.00016369838
13012,1.4307472e-05,0.00076773146,0.00013507415
13013,2.692106e-05,0.0010123055,0.0003066348
13014,7.9910176e-05,0.0016262496,0.0012402254
13015,6.77494e-05,0.0014475592,0.0009949268
13016,5.1373503e-05,0.0013569195,0.0007410309
13017,4.377975e-05,0.0012860706,0.00060802675
13018,3.79885e-05,0.0011861642,0.00050199707
13019,3.271024e-05,0.0011409647,0.00041795307
13020,5.185901e-05,0.0013504252,0.0007403266
13021,8.708388e-05,0.0016422101,0.0013898156
13022,7.304048e-05,0.0014787172,0.0011069422
13023,4.6268586e-05,0.001333674,0.0007029072
13024,3.493999e-05,0.0012544468,0.00051965314
13025,2.992863e-05,0.0011711849,0.00042400064
13026,2.5759793e-05,0.0011054905,0.00034892556
13027,2.3409622e-05,0.0010540433,0.00030594956
13028,7.377467e-05,0.0016230738,0.0012703827
13029,8.55925e-05,0.0016437663,0.0014899342
13030,8.827948e-05,0.0015656,0.001511445
13031,8.004974e-05,0.0014244325,0.0013160903
13032,6.7050576e-05,0.0013335051,0.0010633864
13033,6.29918e-05,0.0012704391,0.0009721344
13034,5.816278e-05,0.0012435573,0.00088364014
13035,4.811063e-05,0.0011801574,0.000705784
13036,4.100231e-05,0.0011268236,0.000580486
13037,6.0389277e-05,0.0012791378,0.00092719094
13038,8.300607e-05,0.0014143822,0.001348246
13039,6.7014524e-05,0.0013187357,0.0010503615
13040,4.809236e-05,0.0012179425,0.0007464016
13041,3.49068e-05,0.0011339947,0.00053182046
13042,2.501031e-05,0.0010569944,0.00037402695
13043,2.1111842e-05,0.0010003119,0.0003014
13044,1.3089515e-05,0.0009254133,0.0001861952
13045,1.0444943e-05,0.00088465883,0.00014316871
13046,8.861976e-06,0.00082745467,0.0001147642
13047,5.730514e-06,0.00075942243,7.313875e-05
13048,4.228137e-06,0.00071733305,5.2253487e-05
13049,4.6247355e-06,0.00077601953,6.0415117e-05
13050,4.750333e-06,0.0007310735,6.025565e-05
13051,5.0484437e-06,0.0007311459,6.389332e-05
13052,4.0784576e-06,0.00069607893,4.9241917e-05
13053,3.20455e-06,0.0006637128,3.7118556e-05
13054,2.2283807e-06,0.00061957864,2.5103884e-05
13055,1.8460709e-06,0.0005801953,1.9555884e-05
13056,1.5640837e-06,0.000562242,1.598942e-05
13057,1.324692e-05,0.0012616127,0.0002501752
13058,1.9133558e-05,0.0013731839,0.00038974851
13059,1.5295072e-05,0.0011511015,0.00028095138
13060,1.3721562e-05,0.001027648,0.00023631845
13061,2.4848123e-05,0.0012347322,0.00049235794
13062,2.786436e-05,0.0011846711,0.00054642087
13063,2.1408237e-05,0.0010886834,0.0003974382
13064,1.6587828e-05,0.0010074303,0.00029163915
13065,1.0518402e-05,0.0009068069,0.00018007902
13066,1.0846279e-05,0.00095597137,0.0001949497
13067,1.0787591e-05,0.0009328061,0.00019022137
13068,7.997044e-06,0.0008592834,0.00013347606
13069,5.808372e-06,0.00079145405,9.202809e-05
13070,4.4418193e-06,0.0007306269,6.609297e-05
13071,3.2128603e-06,0.0006745247,4.5388813e-05
13072,2.5052218e-06,0.0006218526,3.3048545e-05
13073,2.0019297e-06,0.0005704953,2.4521889e-05
13074,1.6510556e-06,0.0005377486,1.9142975e-05
13075,1.2372803e-06,0.0005029652,1.3619085e-05
13076,9.0676895e-07,0.0004692499,9.498446e-06
13077,7.3155127e-07,0.00043172308,7.1141353e-06
13078,5.445049e-07,0.0004046163,5.035307e-06
13079,3.865347e-07,0.00037675412,3.416953e-06
13080,4.2891907e-07,0.00041495112,4.1134094e-06
13081,4.5749997e-07,0.00039989402,4.2939487e-06
13082,3.7068548e-07,0.00036092018,3.1940588e-06
13083,4.4020194e-07,0.00038049172,3.9156466e-06
13084,3.60079e-07,0.00034476706,2.948226e-06
13085,3.7900975e-07,0.00032849034,3.0212648e-06
13086,3.1065284e-07,0.00030766468,2.3199777e-06
13087,2.3743564e-07,0.00029246815,1.6939179e-06
13088,1.9728198e-07,0.0002714373,1.3118802e-06
13089,1.6648859e-07,0.00025617666,1.0425235e-06
13090,1.4043843e-07,0.00023902344,8.227159e-07
13091,1.3536304e-07,0.00022696887,7.611504e-07
13092,1.1431452e-07,0.00021784683,6.1083557e-07
13093,1.4431485e-07,0.0002282187,8.0088137e-07
13094,1.8265003e-07,0.0002429135,1.0593368e-06
13095,1.569609e-07,0.00022554489,8.5207614e-07
13096,1.3455335e-07,0.0002158716,6.930869e-07
13097,1.1669998e-07,0.00020105341,5.6423374e-07
13098,9.688217e-08,0.00019683229,4.5153115e-07
13099,8.009338e-08,0.00019274835,3.601292e-07
13100,7.62411e-08,0.00019635288,3.4017853e-07
13101,6.6476815e-08,0.0001827988,2.7866017e-07
13102,5.5283685e-08,0.0001795749,2.2397857e-07
13103,8.085507e-08,0.00020049463,3.5691463e-07
13104,8.356963e-08,0.0001892597,3.5871733e-07
13105,7.416582e-08,0.00017504144,2.9946457e-07
13106,7.482489e-08,0.00016792474,2.9530165e-07
13107,6.557758e-08,0.00015026848,2.4074097e-07
13108,5.7590572e-08,0.00013581419,1.9723646e-07
13109,5.128351e-08,0.00012316156,1.6470545e-07
13110,4.6048793e-08,0.00011646036,1.4062387e-07
13111,4.4056215e-08,0.000114501345,1.3103293e-07
13112,3.896166e-08,0.000115919946,1.13982544e-07
13113,3.3390478e-08,0.00011627683,9.5514416e-08
13114,2.9604257e-08,0.0001157853,8.222077e-08
13115,2.6365903e-08,0.00010568537,6.879328e-08
13116,9.833804e-08,0.00016756283,3.6940406e-07
13117,1.10533705e-07,0.00017608219,4.251051e-07
13118,2.3640172e-07,0.00022573592,1.1093912e-06
13119,2.0867829e-07,0.00020413133,9.1604335e-07
13120,1.0208022e-06,0.0003578106,6.982629e-06
13121,2.845235e-06,0.0005245341,2.6123931e-05
13122,2.7544918e-06,0.00049333036,2.43498e-05
13123,2.1801518e-06,0.0004810797,1.8808201e-05
13124,1.8649617e-06,0.00046886556,1.5485575e-05
13125,1.5811381e-06,0.00045860425,1.26743325e-05
13126,1.3780902e-06,0.0004166427,1.0325502e-05
13127,1.1138669e-06,0.00040875553,8.139454e-06
13128,9.3060464e-07,0.0004015853,6.5949935e-06
13129,7.736194e-07,0.00039438647,5.3196263e-06
13130,6.791664e-07,0.0003781859,4.455902e-06
13131,7.9874036e-07,0.00039072728,5.3764666e-06
13132,9.573065e-07,0.00040485794,6.640154e-06
13133,1.2783158e-06,0.00044428688,9.544809e-06
13134,1.127306e-06,0.00041464143,7.956939e-06
13135,9.758073e-07,0.00040706957,6.6557504e-06
13136,8.479958e-07,0.00039944993,5.5870123e-06
13137,7.4739944e-07,0.0003887242,4.735541e-06
13138,6.646611e-07,0.0003653914,3.9970864e-06
13139,5.886046e-07,0.0003573592,3.4133252e-06
13140,5.1607043e-07,0.00035265216,2.9000194e-06
13141,4.4422475e-07,0.00034970927,2.4300302e-06
13142,3.945649e-07,0.00034247356,2.083224e-06
13143,3.5070892e-07,0.00033607913,1.789223e-06
13144,3.1489918e-07,0.00032495108,1.5433642e-06
13145,2.8162094e-07,0.00031891617,1.334332e-06
13146,2.4824845e-07,0.0003165413,1.1440187e-06
13147,2.1634924e-07,0.00031509035,9.723869e-07
13148,1.9074442e-07,0.000312837,8.341171e-07
13149,1.7174105e-07,0.0002937665,7.1463023e-07
13150,1.4715755e-07,0.00029323107,5.998703e-07
13151,1.331962e-07,0.00028393322,5.225742e-07
13152,1.1947301e-07,0.00028101786,4.5523348e-07
13153,1.0651976e-07,0.00027946904,3.9524434e-07
13154,9.63667e-08,0.0002623261,3.4061773e-07
13155,8.9001055e-08,0.00024412782,3.0000254e-07
13156,2.3405505e-07,0.00035335516,1.0470868e-06
13157,2.3695472e-07,0.00035267332,1.0574342e-06
13158,2.6143297e-07,0.00035460255,1.1792805e-06
13159,2.3413007e-07,0.0003250711,9.973484e-07
13160,2.1956893e-07,0.00031139722,9.0673865e-07
13161,2.0001221e-07,0.0003045447,7.9933864e-07
13162,1.9053769e-07,0.00028969668,7.357393e-07
13163,1.740235e-07,0.00027532934,6.443114e-07
13164,1.593422e-07,0.00026237685,5.6646365e-07
13165,1.4656246e-07,0.00025561842,5.0431436e-07
13166,1.6642319e-07,0.00026253334,5.8494413e-07
13167,1.5312355e-07,0.00025865156,5.231806e-07
13168,1.4128231e-07,0.00025271613,4.6805707e-07
13169,1.2995052e-07,0.00024007457,4.135604e-07
13170,1.1920499e-07,0.00022557307,3.6307136e-07
13171,2.1378425e-07,0.00027595166,7.6226024e-07
13172,1.9709846e-07,0.00026368577,6.7679593e-07
13173,1.1469551e-06,0.0005179825,6.616325e-06
13174,1.2902742e-06,0.00054152426,7.686608e-06
13175,1.1742733e-06,0.0005128806,6.7092174e-06
13176,1.068058e-06,0.00048424787,5.8462524e-06
13177,9.775052e-07,0.00047004494,5.177608e-06
13178,8.9482836e-07,0.0004493045,4.5635834e-06
13179,8.211464e-07,0.0004311222,4.038843e-06
13180,7.5076696e-07,0.0004060761,3.538868e-06
13181,6.884406e-07,0.00038236292,3.112101e-06
13182,6.355318e-07,0.00036801415,2.7763888e-06
13183,6.002526e-07,0.00035464938,2.5457439e-06
13184,6.381415e-07,0.000360076,2.7272001e-06
13185,5.9117946e-07,0.00035534945,2.4637302e-06
13186,5.4863784e-07,0.0003447822,2.2177599e-06
13187,5.10762e-07,0.00033896166,2.0123234e-06
13188,7.163103e-07,0.00038247334,3.0958024e-06
13189,6.648424e-07,0.0003706405,2.7869082e-06
13190,6.181674e-07,0.00036347206,2.5236584e-06
13191,5.727938e-07,0.00034689534,2.2572533e-06
13192,5.3142423e-07,0.0003311238,2.022168e-06
13193,4.961929e-07,0.00032399883,1.8389344e-06
13194,4.6287596e-07,0.00031290823,1.6640226e-06
13195,4.3419067e-07,0.00030110695,1.5141103e-06
13196,4.0678185e-07,0.00029444916,1.3823125e-06
13197,3.8157893e-07,0.00028953183,1.2660471e-06
13198,3.8608457e-07,0.00029050716,1.275863e-06
13199,3.6260835e-07,0.00028508916,1.169662e-06
13200,3.40164e-07,0.0002761635,1.0667959e-06
13201,3.197943e-07,0.00026908205,9.771537e-07
13202,3.2635145e-07,0.00026988864,9.948957e-07
13203,3.0786464e-07,0.00026476808,9.1694625e-07
13204,2.903486e-07,0.0002616757,8.4677043e-07
13205,2.765643e-07,0.00025559246,7.885249e-07
13206,3.4950995e-07,0.0002760411,1.0574836e-06
13207,3.2934577e-07,0.0002686474,9.713481e-07
13208,3.7573875e-07,0.00028037748,1.1423344e-06
13209,1.468221e-06,0.00047067134,6.639875e-06
13210,1.3744941e-06,0.00046239694,6.0747893e-06
13211,1.2864778e-06,0.00045167736,5.5466353e-06
13212,1.2045178e-06,0.0004471149,5.0880276e-06
13213,1.1272393e-06,0.0004446113,4.6723603e-06
13214,1.0571445e-06,0.00043414734,4.2759566e-06
13215,9.906273e-07,0.0004181168,3.894643e-06
13216,9.312163e-07,0.00041129504,3.5819915e-06
13217,8.749509e-07,0.00040884494,3.3038868e-06
13218,8.2336004e-07,0.0004041134,3.0472222e-06
13219,7.753048e-07,0.000396146,2.805564e-06
13220,7.541604e-07,0.00038856053,2.6850355e-06
13221,1.8288465e-06,0.0005491872,8.465387e-06
13222,4.928152e-06,0.0008127842,3.0688443e-05
13223,2.1501706e-05,0.0014464038,0.00020647344
13224,1.9558616e-05,0.001381181,0.00018237629
13225,1.770561e-05,0.0013239109,0.00016030188
13226,1.7470009e-05,0.0012901877,0.00015653537
13227,1.6019521e-05,0.0012420063,0.00013974875
13228,1.45707145e-05,0.001182433,0.00012310612
13229,1.3279098e-05,0.0011249316,0.00010862477
13230,1.6103253e-05,0.0011903938,0.00013833516
13231,2.0703483e-05,0.0012985133,0.00019034809
13232,2.0651189e-05,0.0012742268,0.0001886836
13233,4.4926088e-05,0.0017137529,0.0005089867
13234,3.9822513e-05,0.0015936404,0.00043419047
13235,3.649188e-05,0.0015208462,0.00038831128
13236,3.266813e-05,0.0014341543,0.0003358109
13237,2.954997e-05,0.0013522272,0.00029365552
13238,2.6667165e-05,0.0012855915,0.00025656505
13239,2.990943e-05,0.0013183317,0.00029521473
13240,0.00020235674,0.0027532482,0.0030055884
13241,0.00017230771,0.0024297566,0.0024981291
13242,0.00016091009,0.0022621378,0.0022980294
13243,0.00058893254,0.0035333151,0.007834986
13244,0.0003929512,0.0026296994,0.0054717655
13245,0.00029131272,0.0021131386,0.0039968337
13246,0.00022945677,0.0017611353,0.0030299933
13247,0.00039711696,0.0020697895,0.0051834662
13248,0.00030249346,0.0016762706,0.0038524899
13249,0.00024271691,0.0014435116,0.0029860844
13250,0.00020138128,0.0012858086,0.002386324
13251,0.00017128415,0.0011578916,0.0019483122
13252,0.00026856142,0.0013452335,0.0031871204
13253,0.00038714343,0.001470415,0.0045598503
13254,0.00031424983,0.0012537003,0.0035972178
13255,0.00036424302,0.0012602268,0.0040946873
13256,0.00029528938,0.0010879214,0.0032093206
13257,0.0002473132,0.00097253895,0.0025918044
13258,0.00023302314,0.00091416715,0.0023796423
13259,0.00020119292,0.00084682484,0.0019854335
13260,0.00017851127,0.00078679307,0.0017006891
13261,0.00016206097,0.0007413527,0.0014965571
13262,0.00014505746,0.0007034484,0.0012976016
13263,0.0003372976,0.00097109925,0.0033744352
13264,0.00028173803,0.0008811565,0.002733891
13265,0.0002414785,0.0008130458,0.002267932
13266,0.0002091298,0.0007680514,0.0019085977
13267,0.00018919761,0.0007473404,0.0016945394
13268,0.000168858,0.0007050194,0.001464131
13269,0.00015377131,0.0006857451,0.0013038133
13270,0.00020717179,0.00077233295,0.0018479711
13271,0.00025460127,0.0008227641,0.0023155129
13272,0.00022259598,0.00076709554,0.0019594359
13273,0.0025606593,0.0019864533,0.013325589
13274,0.0017954459,0.0014653226,0.011230292
13275,0.0011839009,0.0010707503,0.00848168
13276,0.00085817266,0.0008482486,0.0063942536
13277,0.0007901665,0.0007607425,0.00577365
13278,0.00062261714,0.0006623057,0.0045111584
13279,0.00052334735,0.0005991677,0.0037078997
13280,0.00083720806,0.00069916784,0.005737576
13281,0.0006604183,0.00061392115,0.004493352
13282,0.00053187413,0.0005605561,0.0035717466
13283,0.0005376639,0.00055032433,0.0035495185
13284,0.0004612933,0.0005091674,0.0029626437
13285,0.00040176092,0.00048154683,0.002514189
13286,0.0019765757,0.00090518815,0.010158995
13287,0.006930501,0.0014520775,0.015533136
13288,0.004080068,0.0011903995,0.013468111
13289,0.0025290446,0.00093126163,0.010730037
13290,0.0016726505,0.0007497062,0.008075503
13291,0.0012303318,0.00063738006,0.0061659636
13292,0.00081740407,0.00054668455,0.004300644
13293,0.00061333005,0.00049741805,0.0032474971
13294,0.00046159368,0.00045954456,0.0024541775
13295,0.00038961053,0.00044537798,0.002045783
13296,0.00034722622,0.00043653027,0.0017893607
13297,0.0016615812,0.0008211043,0.008317417
13298,0.001287486,0.00069355743,0.0066237524
13299,0.0010159991,0.00060370564,0.005230104
13300,0.00080480095,0.0005486339,0.0041240766
13301,0.0006333537,0.0005083479,0.0032333846
13302,0.00054307055,0.00048494697,0.00271825
13303,0.00047170764,0.00046881504,0.0023171175
13304,0.00042152524,0.0004591167,0.0020350388
13305,0.0013087395,0.00072714186,0.0064787385
13306,0.00097126805,0.0006406639,0.0049467697
13307,0.00071576226,0.000573601,0.0036924917
13308,0.0006022728,0.00054065534,0.003052028
13309,0.0004930193,0.0005145921,0.0024746151
13310,0.0004350053,0.0004989522,0.0021398768
13311,0.00038316648,0.00048876187,0.0018539634
13312,0.00034797302,0.0004807658,0.0016535954
13313,0.00030900378,0.0004764897,0.0014494278
13314,0.00026477897,0.00047086956,0.0012338614
13315,0.00023685559,0.00047181683,0.0010956271
13316,0.00021753581,0.0004729642,0.0009945815
13317,0.00019644793,0.00047561986,0.000890906
13318,0.00014812444,0.0004566976,0.0006777509
13319,0.00012949339,0.0004589522,0.0005914061
13320,0.00034553764,0.00068670005,0.0019632871
13321,0.00032020768,0.00066932215,0.0017867546
13322,0.0002827808,0.00065667345,0.0015540357
13323,0.00044856267,0.000793587,0.0026432853
13324,0.0003989302,0.0007718609,0.0023242258
13325,0.0002914385,0.00071032014,0.0017111378
13326,0.00026027675,0.00069590396,0.001502032
13327,0.00021516536,0.0006764696,0.0012358542
13328,0.00019296378,0.00067174993,0.0010945477
13329,0.00021703803,0.0007218969,0.0012695832
13330,0.00054812164,0.0010612293,0.0036628838
13331,0.00044816328,0.000981481,0.0029520341
13332,0.00038000703,0.00092617306,0.0024558865
13333,0.00027389635,0.0008587749,0.001805063
13334,0.00024371503,0.0008336683,0.0015751004
13335,0.00026611137,0.00088590477,0.0017614788
13336,0.00019393853,0.0008179786,0.0012926176
13337,0.00016486453,0.00080228114,0.0010898649
13338,0.00015108044,0.00079270365,0.0009834567
13339,0.00012963667,0.0007839161,0.0008383692
13340,0.00011898543,0.0007785305,0.0007585843
13341,8.73195e-05,0.0007345109,0.00056112465
13342,7.065661e-05,0.000719072,0.00045457864
13343,6.547895e-05,0.0007205031,0.00041630954
13344,6.0990194e-05,0.0007203439,0.0003829528
13345,6.08969e-05,0.0007326133,0.00038340845
13346,5.5721684e-05,0.00073881267,0.00034790093
13347,0.00010549894,0.0009635644,0.00078101276
13348,9.038738e-05,0.0009527244,0.00066448614
13349,0.00033323266,0.0015979856,0.003119334
13350,0.0023633824,0.0033613693,0.0130068045
13351,0.0018594209,0.002572253,0.011510634
13352,0.001175607,0.0018680315,0.0086088395
13353,0.0006634765,0.001427034,0.0055858595
13354,0.0005452635,0.0012729628,0.004597997
13355,0.0024815332,0.0022778097,0.01274032
13356,0.0013400146,0.0016031566,0.009280845
13357,0.0008963575,0.0012554612,0.006785348
13358,0.0005685636,0.0010133035,0.0045955414
13359,0.0007113151,0.0010760983,0.0055875555
13360,0.00058371545,0.0009464897,0.0045358865
13361,0.0004762416,0.0008465032,0.0036271156
13362,0.00040086618,0.00077787205,0.002977991
13363,0.00027028835,0.00070535863,0.0020486845
13364,0.00018503,0.00065512146,0.0014238643
13365,0.00014755946,0.00063170586,0.0011307664
13366,0.000127931,0.0006254222,0.00096846436
13367,0.00016696179,0.0006981088,0.0013348388
13368,0.000114831506,0.0006575924,0.0009299107
13369,7.754304e-05,0.00063070137,0.0006374419
13370,6.7667075e-05,0.00063029566,0.00055001414
13371,4.800516e-05,0.00059348525,0.0003926686
13372,4.3622873e-05,0.00059374317,0.00035090704
13373,3.790184e-05,0.0005964412,0.00030202654
13374,3.5122295e-05,0.0005849805,0.00027338893
13375,2.9990135e-05,0.000586789,0.00023182089
13376,2.134864e-05,0.00055613974,0.00016586935
13377,1.7466327e-05,0.0005528442,0.00013504016
13378,1.6106684e-05,0.0005450322,0.00012157607
13379,1.4022797e-05,0.000549171,0.000104739374
13380,1.2041127e-05,0.00055217283,8.909798e-05
13381,8.794012e-06,0.00053004717,6.527849e-05
13382,2.4191912e-05,0.00080954743,0.00024192415
13383,2.0734002e-05,0.0008030658,0.00020374602
13384,2.773522e-05,0.0009286589,0.0002984909
13385,3.0601495e-05,0.0010039252,0.00034411123
13386,2.7419512e-05,0.00096669176,0.00029829761
13387,2.2734279e-05,0.0009494315,0.00024329963
13388,2.0254862e-05,0.00092300825,0.00021020118
13389,1.3959644e-05,0.0008616887,0.00014465906
13390,9.469367e-06,0.00080246374,9.78569e-05
13391,8.580371e-06,0.0007884823,8.63485e-05
13392,7.4966924e-06,0.00077178475,7.3126284e-05
13393,5.136825e-06,0.0007227204,4.982141e-05
13394,4.0794844e-06,0.00070475455,3.886659e-05
13395,3.4793873e-06,0.00068905763,3.2094347e-05
13396,2.8900206e-06,0.00067473523,2.5933256e-05
13397,2.3005773e-06,0.0006567635,2.0176098e-05
13398,1.8270581e-06,0.0006383705,1.5642525e-05
13399,1.5930356e-06,0.0006123079,1.30406415e-05
13400,1.275109e-06,0.00059614744,1.0178564e-05
13401,1.1106117e-06,0.00057325495,8.483421e-06
13402,1.0863937e-06,0.0005865,8.3075165e-06
13403,3.7065165e-06,0.0009253745,4.01171e-05
13404,3.29324e-06,0.000843085,3.356052e-05
13405,2.5501338e-06,0.0008098689,2.53286e-05
13406,2.1847409e-06,0.0007788338,2.0804908e-05
13407,8.961121e-06,0.0012957772,0.00012694189
13408,8.123314e-06,0.0012416453,0.00011121709
13409,6.456964e-06,0.0011798913,8.5127016e-05
13410,5.4752536e-06,0.0010727243,6.751718e-05
13411,4.5183933e-06,0.0010246661,5.3425574e-05
13412,5.9456083e-06,0.0010921105,7.444664e-05
13413,5.022032e-06,0.00096182886,5.8102116e-05
13414,3.73265e-06,0.00091181044,4.2136824e-05
13415,2.9502753e-06,0.00087336404,3.2190725e-05
13416,2.7495473e-06,0.0008140131,2.8651983e-05
13417,2.8469447e-06,0.00077693135,2.9060968e-05
13418,3.6129006e-06,0.000809167,3.8559443e-05
13419,6.792617e-06,0.000985912,8.50474e-05
13420,6.2087643e-06,0.000898782,7.356642e-05
13421,7.2290386e-06,0.0009351284,8.8175e-05
13422,6.1155083e-06,0.0008951347,7.140566e-05
13423,4.483984e-06,0.00084766437,5.1210816e-05
13424,2.9063763e-06,0.00077841524,3.2728854e-05
13425,2.4598244e-06,0.00072707504,2.609247e-05
13426,1.8312533e-06,0.0006896581,1.8847357e-05
13427,1.6403868e-06,0.000664401,1.6236123e-05
13428,1.3550384e-06,0.0006398091,1.2890405e-05
13429,1.6635204e-06,0.0006816163,1.6532245e-05
13430,1.7340949e-06,0.0006623054,1.6967046e-05
13431,1.944393e-06,0.0007106731,1.9826319e-05
13432,2.5858446e-06,0.00080751115,2.8740229e-05
13433,2.4995638e-06,0.0007565651,2.6700354e-05
13434,2.356031e-06,0.0006986266,2.396885e-05
13435,6.614205e-06,0.0010261547,8.9792455e-05
13436,6.028939e-06,0.000976562,7.864556e-05
13437,8.909326e-06,0.001126667,0.00012885888
13438,8.592429e-06,0.0010937554,0.00012142167
13439,7.125365e-06,0.0010661887,9.946156e-05
13440,8.174133e-06,0.0011673829,0.0001221608
13441,1.7536275e-05,0.0015827519,0.0003263391
13442,1.3922087e-05,0.00148541,0.0002504567
13443,4.822582e-05,0.0023860298,0.001187192
13444,6.787483e-05,0.002613019,0.0017662151
13445,6.410241e-05,0.0024274539,0.0016330316
13446,7.5779746e-05,0.002385818,0.0019289898
13447,7.3443676e-05,0.0022961507,0.0018758147
13448,5.2090036e-05,0.0019574205,0.0012561115
13449,5.8467664e-05,0.0018789814,0.0013938636
13450,6.882328e-05,0.0018453635,0.0016364385
13451,0.00011662248,0.002056044,0.0028761842
13452,0.00017925278,0.0021430545,0.004307209
13453,0.0012767545,0.0041682753,0.014062063
13454,0.00064249645,0.0022880337,0.01035012
13455,0.0003138076,0.0014835016,0.006272672
13456,0.00018923098,0.0011310943,0.003908286
13457,0.00011989878,0.00093418284,0.002462325
13458,0.00014180578,0.0009239302,0.002867524
13459,0.00019133757,0.0010200538,0.003913867
13460,0.00014989286,0.00088051194,0.002966883
13461,0.000164037,0.00086858816,0.0031869444
13462,0.0001232716,0.0007674306,0.002330504
13463,0.00011404326,0.0006923389,0.0020550445
13464,9.123145e-05,0.00061828474,0.0015513576
13465,7.5140044e-05,0.00055531086,0.0011999661
13466,6.9397836e-05,0.00051198807,0.0010588013
13467,6.384889e-05,0.00048736765,0.00093807187
13468,6.99572e-05,0.0004821715,0.0010211277
13469,6.353801e-05,0.00045033984,0.0008858701
13470,6.442626e-05,0.00047400012,0.0009185627
13471,4.6261113e-05,0.0004480135,0.00065411325
13472,3.4853445e-05,0.00042895984,0.00048132302
13473,2.8764225e-05,0.00041557619,0.00038256575
13474,5.755062e-05,0.0005621408,0.00091809314
13475,4.206852e-05,0.0005277291,0.0006539676
13476,3.1627893e-05,0.0005009268,0.00047703472
13477,1.9829427e-05,0.0004593631,0.00029574087
13478,1.3973065e-05,0.00043217133,0.00020252162
13479,1.0204323e-05,0.00040932916,0.00014271431
13480,8.5134925e-06,0.00036722142,0.00010964953
13481,6.8975905e-06,0.000351829,8.452623e-05
13482,7.234707e-06,0.00035111594,8.785285e-05
13483,6.0247844e-06,0.00033533105,6.932991e-05
13484,5.045638e-06,0.00032087823,5.506811e-05
13485,4.078734e-06,0.00031103744,4.270222e-05
13486,3.476323e-06,0.00028104318,3.3700868e-05
13487,2.9796483e-06,0.0002680718,2.7354356e-05
13488,2.3983139e-06,0.0002620899,2.1266713e-05
13489,2.0244374e-06,0.00025455945,1.7163391e-05
13490,1.6969502e-06,0.0002483626,1.3801091e-05
13491,1.4692379e-06,0.00022818499,1.116038e-05
13492,1.272246e-06,0.0002040745,8.956254e-06
13493,1.1731238e-06,0.00019287161,7.919551e-06
13494,1.5050884e-06,0.0002054513,1.0706763e-05
13495,1.6269793e-06,0.00020487461,1.1589814e-05
13496,1.4621919e-06,0.00019353452,9.89184e-06
13497,1.7107938e-06,0.00020503493,1.1944078e-05
13498,1.5135893e-06,0.00019821723,1.01022115e-05
13499,1.2478381e-06,0.00019720504,8.126961e-06
13500,1.1078762e-06,0.00018894077,6.876461e-06
13501,9.71853e-07,0.00018651005,5.82238e-06
13502,8.645252e-07,0.00017429673,4.896972e-06
13503,7.903841e-07,0.00016165536,4.2491943e-06
13504,7.061831e-07,0.00016011321,3.674723e-06
13505,6.5475746e-07,0.00016163009,3.343226e-06
13506,5.8251726e-07,0.00016046775,2.8819886e-06
13507,5.193373e-07,0.0001472865,2.4190185e-06
13508,5.5530825e-07,0.00015214215,2.6111375e-06
13509,5.0083054e-07,0.00014269282,2.2377044e-06
13510,4.5495906e-07,0.00013977168,1.9623067e-06
13511,4.040422e-07,0.00014062342,1.7019049e-06
13512,3.6629214e-07,0.00013941804,1.4967202e-06
13513,3.2658966e-07,0.0001402635,1.3035201e-06
13514,2.9577683e-07,0.00013973011,1.1478488e-06
13515,2.7035387e-07,0.0001366714,1.013724e-06
13516,2.4765515e-07,0.00013262073,8.9521956e-07
13517,2.236204e-07,0.00013333517,7.897169e-07
13518,3.4627286e-07,0.00015919063,1.3809436e-06
13519,1.0275756e-06,0.00023792931,5.5883975e-06
13520,8.4347985e-06,0.0005344841,8.498528e-05
13521,7.747991e-06,0.00050262024,7.4809686e-05
13522,9.081578e-06,0.00053241925,9.078222e-05
13523,8.056279e-06,0.00049823226,7.644089e-05
13524,7.18067e-06,0.0004689245,6.483949e-05
13525,1.3613914e-05,0.0005939148,0.00014671162
13526,1.3133337e-05,0.0005837042,0.0001393703
13527,1.1614157e-05,0.0005701068,0.000119096905
13528,1.02200665e-05,0.0005576192,0.00010128197
13529,8.954015e-06,0.0005484095,8.600059e-05
13530,7.979763e-06,0.0005069754,7.26097e-05
13531,7.1586032e-06,0.00048462057,6.2419254e-05
13532,6.4135156e-06,0.00047336187,5.4031236e-05
13533,5.792648e-06,0.00044252383,4.6522906e-05
13534,5.2017203e-06,0.00043572416,4.0510775e-05
13535,4.7035023e-06,0.00042487966,3.5396337e-05
13536,4.260299e-06,0.0004150498,3.1009622e-05
13537,3.8583466e-06,0.00040785898,2.7229258e-05
13538,3.5126075e-06,0.00039412253,2.3899753e-05
13539,3.2036546e-06,0.0003831602,2.1066378e-05
13540,2.9175724e-06,0.0003776408,1.8636276e-05
13541,2.6626756e-06,0.00037180365,1.6518972e-05
13542,2.4293006e-06,0.0003517668,1.444237e-05
13543,2.230677e-06,0.00034011132,1.2809333e-05
13544,2.0890986e-06,0.00032939736,1.1634451e-05
13545,1.9234762e-06,0.0003173226,1.0341197e-05
13546,7.5133153e-06,0.0005290403,5.9661455e-05
13547,9.7116235e-06,0.0005799764,8.256393e-05
13548,8.878527e-06,0.0005723105,7.356245e-05
13549,8.076282e-06,0.00055271917,6.4620275e-05
13550,7.3600495e-06,0.000536618,5.6986493e-05
13551,6.7133874e-06,0.0005245306,5.042883e-05
13552,6.138427e-06,0.0005046855,4.4506978e-05
13553,5.6111326e-06,0.00048018436,3.9130333e-05
13554,5.149856e-06,0.00047027835,3.489085e-05
13555,4.7209273e-06,0.00044733033,3.0777413e-05
13556,6.6104985e-06,0.0005020234,4.702617e-05
13557,6.072417e-06,0.0004915808,4.1985742e-05
13558,5.5957553e-06,0.0004683973,3.7319947e-05
13559,5.1607394e-06,0.00045667935,3.342093e-05
13560,5.1563375e-06,0.00045120477,3.302048e-05
13561,3.202664e-05,0.00091779226,0.00034694167
13562,3.2790154e-05,0.0009238788,0.00035678476
13563,0.00014521899,0.0016371923,0.0022005122
13564,0.00015410232,0.0015824109,0.002307782
13565,0.00014895787,0.0014905444,0.0021857894
13566,0.00012677287,0.0013312182,0.0017807815
13567,0.00023856528,0.0016147733,0.0035255768
13568,0.00020249665,0.0014000358,0.0028761327
13569,0.00016586206,0.0012084504,0.0022412746
13570,0.00014237032,0.0010849788,0.0018399606
13571,0.00034860085,0.0014837922,0.0047415616
13572,0.0004836346,0.0015387759,0.0061916118
13573,0.00035660286,0.0012414551,0.00454015
13574,0.000959592,0.0017052039,0.009706374
13575,0.0006407456,0.001224753,0.007031861
13576,0.00047896014,0.0009781503,0.0052814246
13577,0.0071436428,0.002771651,0.016497739
13578,0.027400697,0.00775384,0.017359497
13579,0.018813541,0.013076698,0.017263854
13580,0.009462442,0.013573511,0.01687259
13581,0.0041255495,0.009407602,0.015590686
13582,0.0019900831,0.0057338784,0.012929534
13583,0.0011213017,0.0037353314,0.0096286945
13584,0.0011274255,0.0031907235,0.009408814
13585,0.003415822,0.0043172063,0.014555741
13586,0.001906497,0.0028979913,0.011748091
13587,0.0012005472,0.0020582199,0.00881957
13588,0.0010082453,0.0017144358,0.0075631347
13589,0.00230907,0.0021684463,0.012054575
13590,0.0014602051,0.0015933951,0.009184923
13591,0.0010209286,0.0012591798,0.006881292
13592,0.0007662374,0.001064086,0.0052438825
13593,0.0005899878,0.0009424171,0.0040372554
13594,0.00048553513,0.0008638987,0.003264095
13595,0.00041151722,0.0008089613,0.0027081065
13596,0.00043926592,0.0008261271,0.0028860357
13597,0.00039874823,0.0007976719,0.0025789363
13598,0.00038370758,0.0007859663,0.0024536187
13599,0.00047828344,0.0008549196,0.0031076628
13600,0.0014585088,0.0013102607,0.008460557
13601,0.004518615,0.0019533746,0.014197468
13602,0.002746898,0.001493951,0.011600918
13603,0.0019251658,0.0011944536,0.009281592
13604,0.0013629191,0.0009757743,0.007038415
13605,0.0014801427,0.00096854166,0.0073608425
13606,0.0045849713,0.0014727506,0.013499586
13607,0.0034767508,0.00125244,0.01186219
13608,0.0023087459,0.0010062824,0.009212769
13609,0.0016394842,0.0008453013,0.007001165
13610,0.0012642115,0.00074146315,0.005463223
13611,0.0009988812,0.00067465135,0.0043085106
13612,0.0008415284,0.0006303233,0.0035675177
13613,0.0009616617,0.00066976127,0.0040670778
13614,0.0009807403,0.000672287,0.0040980456
13615,0.00085125945,0.00063857186,0.0035012625
13616,0.0006841927,0.0006020607,0.002797249
13617,0.00058051303,0.00058139407,0.0023424726
13618,0.00051379815,0.00056808797,0.0020376646
13619,0.00044631364,0.00055783865,0.0017494874
13620,0.00039636059,0.00055217335,0.001534638
13621,0.0003601209,0.00054887804,0.0013756427
13622,0.0003264512,0.0005477447,0.0012330287
13623,0.00029971692,0.0005477463,0.0011191915
13624,0.00035338954,0.00060163334,0.0013752802
13625,0.008104223,0.002189919,0.015211053
13626,0.0053766095,0.001912286,0.013422054
13627,0.0034442733,0.0015316495,0.010783838
13628,0.0024062633,0.0012768175,0.008393862
13629,0.0017655563,0.0011075654,0.0064557767
13630,0.0013511501,0.0009907971,0.0050010765
13631,0.0022732166,0.0012228236,0.007783489
13632,0.0018322133,0.001092954,0.0063945274
13633,0.0014556831,0.0009611625,0.0050754203
13634,0.002150753,0.001131964,0.007123088
13635,0.001620579,0.0010086562,0.0054863114
13636,0.0028235135,0.001271714,0.008602516
13637,0.0125285555,0.0025348254,0.015880754
13638,0.007512919,0.0026400585,0.0139741
13639,0.0044042263,0.0023034632,0.011058806
13640,0.002884855,0.0019524003,0.008332654
13641,0.0072045415,0.0028869032,0.013571409
13642,0.004542198,0.0024940623,0.0108547015
13643,0.0029519256,0.00212677,0.008094926
13644,0.0020059077,0.001838981,0.005876211
13645,0.0077099344,0.003274888,0.013699643
13646,0.007501635,0.0035085776,0.013459542
13647,0.004653737,0.003120992,0.010648223
13648,0.003119647,0.0026630883,0.008029054
13649,0.002159801,0.0023193364,0.0058923545
13650,0.0015364541,0.0020624574,0.0043096724
13651,0.0011481,0.001878599,0.0032478233
13652,0.00095528486,0.0017778872,0.0026742495
13653,0.000744066,0.0016606866,0.0020845588
13654,0.00060847873,0.0015773241,0.001698014
13655,0.0004760466,0.0014909953,0.0013325735
13656,0.00039234947,0.0014270991,0.0010974251
13657,0.00035759382,0.0014222127,0.0010064066
13658,0.000968316,0.0021536113,0.003284034
13659,0.0008082809,0.0020132347,0.0027066318
13660,0.00063449447,0.0018617277,0.002126375
13661,0.00049663294,0.0017317941,0.0016671036
13662,0.0004307629,0.0016764523,0.001433365
13663,0.00045558644,0.0017520401,0.0015588289
13664,0.0010206032,0.002406599,0.0039025776
13665,0.0007396718,0.0021325694,0.0028640386
13666,0.0006028656,0.0019891888,0.002316925
13667,0.00049437775,0.0018732771,0.0018882472
13668,0.0005550208,0.0020040786,0.0022212265
13669,0.009582673,0.006797817,0.015646525
13670,0.004270512,0.005751576,0.012611421
13671,0.002184495,0.0042587654,0.008901407
13672,0.0013285152,0.0032834574,0.006103073
13673,0.00093686045,0.0027631081,0.004439885
13674,0.00072885794,0.002458977,0.0034491194
13675,0.0005863411,0.0022484544,0.0027528799
13676,0.0004670071,0.0020755979,0.0021828772
13677,0.0003936625,0.0019663074,0.0018210331
13678,0.00030473535,0.0018187336,0.0014122182
13679,0.00028309337,0.0017915382,0.001307944
13680,0.00038262902,0.0020261242,0.0018881798
13681,0.00033956533,0.0019339115,0.0016513463
13682,0.00025536373,0.0017740526,0.0012482419
13683,0.00019212443,0.0016420321,0.0009449561
13684,0.00041137246,0.0022375057,0.0023660357
13685,0.00035445942,0.0020926588,0.0020024453
13686,0.00029313966,0.0019759776,0.0016428812
13687,0.0012196231,0.0034496656,0.0071168966
13688,0.001524969,0.003494997,0.008313745
13689,0.00090552086,0.0026797433,0.0055507715
13690,0.0032852371,0.004277215,0.0126903495
13691,0.0015811175,0.003083893,0.008737733
13692,0.0009463836,0.0023432293,0.005909704
13693,0.000606905,0.001920241,0.003996944
13694,0.0005460262,0.00178235,0.0035475802
13695,0.0004365675,0.0016290249,0.0028107264
13696,0.0014052335,0.0026142965,0.008399604
13697,0.000952852,0.0020859614,0.006111452
13698,0.0005917828,0.0017140805,0.0040498734
13699,0.00047871334,0.0015497719,0.003232076
13700,0.0030633323,0.0031918797,0.012799134
13701,0.03158384,0.017728167,0.0173764
13702,0.032264356,0.056603305,0.0173825
13703,0.021062315,0.05249877,0.017302785
13704,0.0055689355,0.032731403,0.016516287
13705,0.0013525632,0.014079578,0.013017186
13706,0.0004958263,0.0074280123,0.007895756
13707,0.00023291615,0.004997282,0.0043592136
13708,0.0007741743,0.0073926686,0.010790683
13709,0.0016744956,0.008071077,0.014179007
13710,0.00065235083,0.0044343485,0.009692965
13711,0.0003443861,0.0029644012,0.0060796533
13712,0.00021723434,0.0022929728,0.0039579854
13713,0.00017872358,0.0019177976,0.0031265887
13714,0.00014849588,0.0016249008,0.0024708547
13715,0.000118044045,0.0014579487,0.0018903873
13716,9.674819e-05,0.0013305262,0.001485479
13717,0.00013209428,0.0014453406,0.0021073103
13718,0.00022248528,0.0016829338,0.0036511708
13719,0.00016137361,0.0014577927,0.002604905
13720,0.00011272097,0.0012889472,0.0018015793
13721,7.6548116e-05,0.0011527209,0.0012140021
13722,5.3757434e-05,0.0010554796,0.0008406692
13723,4.564732e-05,0.0009491848,0.0006707038
13724,3.917639e-05,0.0008526436,0.0005404565
13725,3.4028795e-05,0.00078945275,0.00044508852
13726,2.97777e-05,0.00074033346,0.00037092168
13727,2.6144802e-05,0.0006834881,0.00030844644
13728,2.4669556e-05,0.0006448391,0.00028054477
13729,1.8877217e-05,0.0006242805,0.00021179822
13730,1.44876e-05,0.0006052337,0.00016011372
13731,9.408829e-06,0.0005611471,0.00010362511
13732,1.0170417e-05,0.0005757988,0.000113181246
13733,8.851826e-06,0.00055957213,9.480466e-05
13734,7.4789864e-06,0.0005486266,7.7586265e-05
13735,6.5699496e-06,0.00052507565,6.5102744e-05
13736,5.8294117e-06,0.00048329937,5.4485765e-05
13737,4.5552297e-06,0.00047222342,4.179833e-05
13738,3.886621e-06,0.0004647669,3.4559424e-05
13739,3.4384059e-06,0.00043765904,2.902459e-05
13740,3.544911e-05,0.0010645358,0.0005761494
13741,3.0428411e-05,0.0009662515,0.0004650618
13742,2.1972459e-05,0.00090508553,0.00032857142
13743,2.115069e-05,0.00084133784,0.00030383447
13744,7.5601274e-05,0.0013168755,0.0014470462
13745,0.00032792304,0.002199665,0.006525015
13746,0.0013231728,0.0032584006,0.013592305
13747,0.000700284,0.0018925082,0.009960976
13748,0.00043709044,0.0013681172,0.007121235
13749,0.00022926285,0.0010382991,0.0041671153
13750,0.00017275529,0.0008529457,0.0029903327
13751,0.00012086122,0.0007510237,0.002056137
13752,8.705129e-05,0.00068215735,0.0014464993
13753,7.3471296e-05,0.0006323263,0.0011630652
13754,6.781433e-05,0.00059316243,0.0010302726
13755,4.4089575e-05,0.00054074964,0.0006648763
13756,3.8018403e-05,0.00048673645,0.00053676486
13757,3.2079184e-05,0.00046729014,0.00043361032
13758,2.5490786e-05,0.00045325217,0.0003346498
13759,1.9828114e-05,0.00043912185,0.00025351258
13760,1.9890767e-05,0.00042181698,0.0002476531
13761,1.7370736e-05,0.00038401343,0.00020279936
13762,2.5375806e-05,0.00042569652,0.00032052642
13763,3.9533577e-05,0.0004933029,0.000550537
13764,2.760782e-05,0.0004642112,0.00037879337
13765,1.8971174e-05,0.00043636656,0.00025618976
13766,1.3739003e-05,0.00041569106,0.00018108326
13767,1.1510202e-05,0.00039810303,0.00014429417
13768,9.762888e-06,0.00038006715,0.000116158364
13769,7.589143e-06,0.0003689362,8.773307e-05
13770,7.233907e-06,0.00036223745,8.135325e-05
13771,2.6523845e-05,0.00060158805,0.00042616864
13772,2.531055e-05,0.0005616308,0.00038909947
13773,9.997971e-05,0.00093233376,0.002059784
13774,0.00011033105,0.0009154393,0.00224722
13775,9.18816e-05,0.00077670935,0.0017433618
13776,0.00015096048,0.000909252,0.002985864
13777,0.0001330413,0.00081185927,0.002528499
13778,0.0001068188,0.00068204495,0.001889988
13779,0.000104639614,0.000648099,0.0017954198
13780,0.00011755073,0.0006339774,0.0019843536
13781,0.0001164036,0.000589051,0.0018927031
13782,0.00023031027,0.0007333733,0.0038899358
13783,0.00055119407,0.0009390788,0.008037706
13784,0.00039430038,0.0007288896,0.0059359777
13785,0.00038234715,0.00064143917,0.005531746
13786,0.00027514395,0.0005351057,0.0039469176
13787,0.00016899273,0.00045283188,0.0024786764
13788,0.00013453768,0.00041711287,0.0019011275
13789,0.00010437512,0.00039351263,0.0014420743
13790,8.9074856e-05,0.00038794204,0.0012210404
13791,7.896185e-05,0.00035894342,0.0010292924
13792,5.0993654e-05,0.00034209428,0.00067158876
13793,3.2974207e-05,0.00031800114,0.00043236246
13794,2.4549152e-05,0.00030654357,0.00031485368
13795,1.6307193e-05,0.0002884644,0.00020653717
13796,1.124387e-05,0.0002738869,0.00013958174
13797,8.099007e-06,0.0002621361,9.775561e-05
13798,6.298216e-06,0.0002531472,7.3003335e-05
13799,5.226674e-06,0.00024201427,5.7315916e-05
13800,4.314674e-06,0.0002331201,4.497311e-05
13801,3.6907197e-06,0.00021409705,3.5802426e-05
13802,3.3672006e-06,0.00019509655,3.068856e-05
13803,2.889701e-06,0.00017632106,2.4402298e-05
13804,2.6348637e-06,0.00016561929,2.1104108e-05
13805,2.3232233e-06,0.00015949433,1.7727089e-05
13806,2.1459014e-06,0.00016863918,1.6940037e-05
13807,1.9518318e-06,0.00016785624,1.497407e-05
13808,1.6995689e-06,0.0001608754,1.2376146e-05
13809,1.285031e-06,0.0001576287,9.156032e-06
13810,9.810756e-07,0.0001544269,6.8177255e-06
13811,1.4437855e-06,0.00019070177,1.1535723e-05
13812,1.2515779e-06,0.00017311116,9.290369e-06
13813,1.1337661e-06,0.00016797535,8.072009e-06
13814,1.2220895e-06,0.00016963524,8.696779e-06
13815,1.0528253e-06,0.0001650625,7.1596783e-06
13816,8.6636726e-07,0.00016299186,5.700876e-06
13817,8.317935e-07,0.00015855204,5.301167e-06
13818,8.677076e-07,0.0001554198,5.4701895e-06
13819,1.6059427e-06,0.00019489542,1.20232e-05
13820,1.9985441e-06,0.00020506141,1.5543294e-05
13821,2.2764798e-06,0.00021655054,1.8162767e-05
13822,2.541404e-06,0.00022933392,2.0776173e-05
13823,2.1389326e-06,0.00022589252,1.6873264e-05
13824,3.4207394e-06,0.00027127875,3.059227e-05
13825,2.9544165e-06,0.0002630204,2.525081e-05
13826,2.8450586e-06,0.0002762713,2.4791165e-05
13827,2.3902635e-06,0.00027097223,2.0064026e-05
13828,1.8716928e-06,0.0002651462,1.5297654e-05
13829,1.6300232e-06,0.00024899092,1.2558753e-05
13830,1.422942e-06,0.00022341363,1.0182756e-05
13831,1.1222293e-06,0.00021980838,7.8394305e-06
13832,9.3732564e-07,0.0002167728,6.3325756e-06
13833,7.93448e-07,0.00021338866,5.170805e-06
13834,1.989195e-06,0.00030464743,1.6804199e-05
13835,1.6047793e-06,0.00029806665,1.3124989e-05
13836,1.3139387e-06,0.00029153505,1.0373077e-05
13837,1.1099003e-06,0.00028486113,8.425987e-06
13838,9.007016e-07,0.00027866478,6.611745e-06
13839,7.927121e-07,0.000261262,5.4912516e-06
13840,6.844983e-07,0.00025610378,4.5665824e-06
13841,5.5380633e-07,0.00025127758,3.583587e-06
13842,4.6841345e-07,0.00025014297,2.9697253e-06
13843,5.803531e-07,0.00025579197,3.7859202e-06
13844,5.053866e-07,0.00023508405,3.0846763e-06
13845,4.3764024e-07,0.00022907893,2.5609781e-06
13846,4.3103492e-07,0.00023161723,2.4950102e-06
13847,3.4633857e-07,0.00022796527,1.9535298e-06
13848,3.024227e-07,0.0002077484,1.5929498e-06
13849,2.861229e-07,0.0002017755,1.4578834e-06
13850,2.5381547e-07,0.00019686279,1.2426345e-06
13851,2.2563856e-07,0.00018803385,1.0521144e-06
13852,2.0110548e-07,0.00017755061,8.899677e-07
13853,1.8125492e-07,0.00016183655,7.5432683e-07
13854,3.6030093e-07,0.0002033571,1.7993332e-06
13855,3.4198553e-07,0.00019013755,1.6343056e-06
13856,3.0460717e-07,0.00017548542,1.372273e-06
13857,2.6520468e-07,0.00017548406,1.1641561e-06
13858,2.3172036e-07,0.00017535145,9.905192e-07
13859,3.7397243e-07,0.0002037887,1.8002136e-06
13860,4.465396e-07,0.00021669583,2.248034e-06
13861,4.30411e-07,0.00020425922,2.0860268e-06
13862,3.8313814e-07,0.00020254776,1.8004145e-06
13863,3.3701187e-07,0.0002022268,1.5418476e-06
13864,2.9645514e-07,0.0002019589,1.320868e-06
13865,2.5859796e-07,0.00020208574,1.1242907e-06
13866,2.3342731e-07,0.00019739445,9.784153e-07
13867,2.7489165e-07,0.00020453884,1.1885359e-06
13868,9.704139e-07,0.00032115774,5.97778e-06
13869,9.58283e-07,0.00031370172,5.776402e-06
13870,8.570232e-07,0.00030949092,5.0047906e-06
13871,7.878969e-07,0.0003100761,4.506566e-06
13872,6.960675e-07,0.00030754492,3.8668995e-06
13873,6.272329e-07,0.0002977524,3.3501058e-06
13874,5.664728e-07,0.0002887311,2.9117841e-06
13875,5.1187715e-07,0.0002821429,2.5403e-06
13876,4.585531e-07,0.0002799587,2.2115848e-06
13877,4.1348727e-07,0.00027649535,1.9343554e-06
13878,3.7195073e-07,0.00027431617,1.6914693e-06
13879,3.3511265e-07,0.0002721832,1.4817184e-06
13880,3.010274e-07,0.00027101938,1.2964961e-06
13881,2.7435527e-07,0.00026449515,1.1420153e-06
13882,2.4989237e-07,0.00025072807,9.955439e-07
13883,2.2831856e-07,0.00024855218,8.851888e-07
13884,2.1552633e-07,0.00023719047,8.067339e-07
13885,1.9724945e-07,0.00022501765,7.0769306e-07
13886,1.8147891e-07,0.00021662879,6.276106e-07
13887,1.6692627e-07,0.00021455444,5.620266e-07
13888,1.5781569e-07,0.0002033163,5.124582e-07
13889,1.6552414e-07,0.00020237608,5.3697505e-07
13890,2.964498e-07,0.00025338962,1.1392156e-06
13891,2.8312576e-07,0.00025155343,1.0666577e-06
13892,2.6121418e-07,0.0002473806,9.563123e-07
13893,2.4141676e-07,0.00024270703,8.584443e-07
13894,2.2317556e-07,0.00023383043,7.663697e-07
13895,2.0599452e-07,0.00023288786,6.909725e-07
13896,1.9024898e-07,0.00022181931,6.141773e-07
13897,2.0594993e-07,0.00023066325,6.764372e-07
13898,1.9138305e-07,0.00022412953,6.09431e-07
13899,1.7669757e-07,0.0002119179,5.404768e-07
13900,4.256417e-07,0.00029275418,1.6718734e-06
13901,4.0427076e-07,0.0002848492,1.5521431e-06
13902,3.7215935e-07,0.00026878543,1.3712579e-06
13903,3.437827e-07,0.00025495762,1.2184375e-06
13904,3.1983396e-07,0.0002526206,1.1068624e-06
13905,2.9808865e-07,0.0002493018,1.00623e-06
13906,2.7803887e-07,0.00024644687,9.161727e-07
13907,2.5823152e-07,0.00023501617,8.2091344e-07
13908,2.414149e-07,0.00023283236,7.500589e-07
13909,2.2483715e-07,0.00022262962,6.74932e-07
13910,2.1030253e-07,0.00021510945,6.123678e-07
13911,1.9711406e-07,0.00021429411,5.6234074e-07
13912,1.8473045e-07,0.0002073404,5.1168075e-07
13913,3.3328735e-07,0.0002595778,1.0944061e-06
13914,3.1231218e-07,0.0002561023,1.0017283e-06
13915,2.9163482e-07,0.0002457657,9.056195e-07
13916,4.083097e-07,0.00027893795,1.3937458e-06
13917,3.8488793e-07,0.00027502468,1.284663e-06
13918,3.6501484e-07,0.0002673407,1.1876454e-06
13919,3.4209802e-07,0.00025888934,1.0815443e-06
13920,3.2206404e-07,0.0002496452,9.898007e-07
13921,3.0305958e-07,0.0002447495,9.090365e-07
13922,2.9679433e-07,0.00024327198,8.8191365e-07
13923,3.1964402e-07,0.00024924526,9.628891e-07
13924,4.1464895e-07,0.00027967477,1.3462578e-06
13925,3.9013406e-07,0.00027406463,1.2364383e-06
13926,3.6746422e-07,0.00026958872,1.1383685e-06
13927,3.4636267e-07,0.00026496538,1.0487676e-06
13928,6.072243e-06,0.0007993677,4.277142e-05
13929,5.9023564e-06,0.00079492666,4.112757e-05
13930,5.426992e-06,0.000777502,3.6862377e-05
13931,1.2814985e-05,0.0010869666,0.00011209676
13932,8.083068e-05,0.0022012682,0.0011526126
13933,6.9612826e-05,0.0019927346,0.0009514521
13934,5.9965194e-05,0.0018337563,0.0007863963
13935,5.229631e-05,0.0016774585,0.0006565279
13936,0.00018630632,0.0027176496,0.0029659597
13937,0.00014773934,0.0023281362,0.0022558772
13938,0.0001210327,0.0020337314,0.0017635451
13939,0.00010513488,0.0018449802,0.001477222
13940,9.182031e-05,0.0016905955,0.0012443342
13941,7.884109e-05,0.0015255924,0.0010186248
13942,0.00025750452,0.0023235953,0.0038799045
13943,0.00020241832,0.0019294379,0.0029314691
13944,0.00049354765,0.0025527717,0.0067619365
13945,0.0006320982,0.0024494065,0.007907906
13946,0.00043503175,0.001822966,0.005625121
13947,0.0003276684,0.001465416,0.0041568927
13948,0.00026121264,0.0012465977,0.0031990584
13949,0.0002449553,0.00114666,0.0029147428
13950,0.0011541767,0.0020220894,0.010502785
13951,0.0007619003,0.0014383227,0.0077559557
13952,0.0009425692,0.0013863646,0.008723983
13953,0.0006609784,0.0010459063,0.0064113303
13954,0.00050090253,0.000868591,0.0048528095
13955,0.0004367696,0.0007674781,0.004120048
13956,0.00036023426,0.000680366,0.0032960544
13957,0.00030741192,0.00063008553,0.00273629
13958,0.00026657386,0.0005794802,0.0022901837
13959,0.0002349508,0.00053918385,0.0019490983
13960,0.00075387367,0.0008380908,0.0063569103
13961,0.0007113729,0.00074899005,0.005861044
13962,0.00056642207,0.00063630234,0.004600591
13963,0.0004651547,0.0005638328,0.00368253
13964,0.00039493426,0.00051044644,0.0030282044
13965,0.00034262042,0.00047283125,0.0025445686
13966,0.0029473684,0.0010989801,0.013096963
13967,0.0040334463,0.001103094,0.0141510945
13968,0.0024459695,0.0008328557,0.01151348
13969,0.0016228287,0.0006458796,0.008836546
13970,0.0011787006,0.00053010095,0.006741029
13971,0.0009145546,0.00045922128,0.0052530416
13972,0.0007489239,0.0004110987,0.004227348
13973,0.00063182577,0.00037953362,0.0034850498
13974,0.0005444574,0.0003580856,0.0029311217
13975,0.00047450926,0.00034398277,0.0024978616
13976,0.0004171704,0.00033466372,0.0021517104
13977,0.00037518493,0.0003266369,0.0018930828
13978,0.00033532956,0.0003228453,0.001662954
13979,0.0004733593,0.00037768506,0.0024747327
13980,0.0011466321,0.0005382743,0.0060337153
13981,0.0009033934,0.00047948732,0.004745325
13982,0.00075213757,0.00043787848,0.0038735901
13983,0.0006451701,0.00040794024,0.0032416414
13984,0.00056394475,0.0003879154,0.002766132
13985,0.00078479643,0.0004297872,0.0038892943
13986,0.00069501327,0.00039428406,0.0033565157
13987,0.0011075363,0.0004616141,0.005279424
13988,0.0022935278,0.00058842555,0.009247659
13989,0.0016412431,0.00049790693,0.0070613488
13990,0.0012754668,0.00044019084,0.0055466313
13991,0.0010211449,0.00040282856,0.004415627
13992,0.0008515904,0.00037788253,0.0036226213
13993,0.0013811662,0.00046125098,0.005765251
13994,0.0015536288,0.0004591727,0.0062454673
13995,0.0012537236,0.00040261037,0.004999825
13996,0.0010487484,0.0003716568,0.0041126017
13997,0.000869192,0.00035306008,0.0033638633
13998,0.00075891445,0.00033912095,0.0028727485
13999,0.000646698,0.00033039317,0.0024146829
14000,0.0005493332,0.00032377377,0.002029747
14001,0.000495571,0.00032085128,0.0018000668
14002,0.00044913506,0.00031963954,0.0016065406
14003,0.00039338556,0.0003188482,0.0013956695
14004,0.00045990976,0.0003524621,0.0016940509
14005,0.00040563886,0.0003511198,0.0014786882
14006,0.0003531215,0.00034975776,0.0012783674
14007,0.00032029863,0.00035182075,0.0011481898
14008,0.0002913192,0.00035473274,0.0010352697
14009,0.00026158782,0.00035770168,0.00092405436
14010,0.00027610033,0.00038045621,0.0009971798
14011,0.00038557383,0.00044638285,0.0015030638
14012,0.00034920106,0.00044594792,0.0013455151
14013,0.0016623955,0.0008474953,0.0069778794
14014,0.0012643021,0.0007464146,0.005397055
14015,0.0009519078,0.0006722883,0.004107065
14016,0.00078313716,0.0006357186,0.0033967954
14017,0.0017158596,0.00088734005,0.0071481066
14018,0.001230393,0.00077002996,0.005321611
14019,0.0009867487,0.00070256786,0.0042408165
14020,0.00094652403,0.00069093204,0.0040192823
14021,0.0008002296,0.000651202,0.0033429943
14022,0.0007424943,0.00064246624,0.0030730201
14023,0.0006388216,0.0006174748,0.0025983318
14024,0.00049964944,0.0005817232,0.0020322702
14025,0.00043493792,0.0005711128,0.0017477773
14026,0.00035918996,0.0005542561,0.001438316
14027,0.0012012561,0.00092340476,0.0054042917
14028,0.0009966681,0.0008375156,0.0044340477
14029,0.00083307014,0.00077749096,0.0036495696
14030,0.00069489994,0.00073688355,0.0030152458
14031,0.0005633523,0.0006981992,0.0024280138
14032,0.00050130044,0.00067597226,0.0021178345
14033,0.00082155364,0.00081589236,0.0036414908
14034,0.0006997873,0.0007734455,0.0030546887
14035,0.0099907275,0.0023867155,0.01582317
14036,0.0059379204,0.0022151559,0.013938349
14037,0.0033123298,0.0017923603,0.010867041
14038,0.0019070432,0.0014343507,0.007608835
14039,0.0012541735,0.0011978083,0.0053701364
14040,0.0009858079,0.0010816768,0.0042177984
14041,0.0007072995,0.0009685504,0.003076025
14042,0.0006182217,0.00092800916,0.0026456781
14043,0.0005273614,0.0008945041,0.0022362994
14044,0.0004015839,0.0008339311,0.0017097912
14045,0.00032577445,0.00079965213,0.0013845426
14046,0.0002920052,0.0007921882,0.0012276883
14047,0.00027214832,0.000803578,0.0011543195
14048,0.00023830641,0.0007958371,0.0010048737
14049,0.00058530655,0.0011636586,0.002916474
14050,0.00052834285,0.0011151691,0.0025903336
14051,0.00037748553,0.0010254818,0.0018749394
14052,0.00027522712,0.00095603557,0.0013806913
14053,0.00021490511,0.0009057136,0.0010904648
14054,0.00041979746,0.0011978494,0.0024199167
14055,0.00032085404,0.0011073346,0.0018521531
14056,0.0002873184,0.0010675165,0.0016262567
14057,0.0002589139,0.0010368678,0.0014393782
14058,0.0002588671,0.0010514779,0.0014438594
14059,0.00022270675,0.0010275062,0.0012315048
14060,0.00019782937,0.0010134969,0.0010823221
14061,0.00016035662,0.0009775219,0.00087733165
14062,0.00012316096,0.00092596456,0.0006773308
14063,0.000296098,0.0013416308,0.0019857169
14064,0.00026724604,0.0013289162,0.0018787349
14065,0.00019916675,0.001224313,0.0014056078
14066,0.00016289536,0.0011772363,0.0011435768
14067,0.00011831652,0.0010911047,0.0008365565
14068,0.00010818472,0.0010724027,0.00075269415
14069,0.00033497284,0.0016674172,0.0028748235
14070,0.00028451806,0.001528631,0.0023787816
14071,0.0002457222,0.0014276219,0.0020035
14072,0.00020671934,0.0013605669,0.0016601564
14073,0.00018134851,0.001307749,0.001427799
14074,0.00015150987,0.0012626457,0.0011814539
14075,0.00018929991,0.0014218217,0.0015737184
14076,0.00017247177,0.0013910925,0.001418896
14077,0.00015679921,0.0013693373,0.0012800616
14078,0.00013000162,0.0013217776,0.0010523946
14079,9.3041825e-05,0.0012167429,0.00075802027
14080,0.00013470226,0.0014030451,0.0011949583
14081,0.000105757485,0.0013333656,0.0009346906
14082,9.5109266e-05,0.0012915997,0.0008227906
14083,0.000104020844,0.0013519132,0.00092301524
14084,7.772039e-05,0.0012689489,0.000690604
14085,5.403036e-05,0.0011775561,0.0004838397
14086,3.5857633e-05,0.0011179993,0.00032539375
14087,3.709201e-05,0.0011312333,0.00033910974
14088,3.487954e-05,0.0011225033,0.00031495778
14089,3.1848205e-05,0.0010776195,0.00027954415
14090,2.9156208e-05,0.0010371383,0.00024895463
14091,3.0329098e-05,0.001049972,0.0002611475
14092,3.686511e-05,0.0011216286,0.00033377533
14093,3.7900536e-05,0.0011648851,0.0003492117
14094,0.00090075243,0.0039744065,0.009803626
14095,0.000434393,0.0027528265,0.005926911
14096,0.00031676554,0.0021846388,0.004296216
14097,0.0002447186,0.0018639625,0.0032410254
14098,0.00019199747,0.0016966023,0.0025553664
14099,0.00023706554,0.0017642046,0.0031688078
14100,0.00014703209,0.001515024,0.0020112372
14101,9.2438415e-05,0.001355815,0.0012822713
14102,5.890612e-05,0.0012342366,0.0008232052
14103,4.4962002e-05,0.001167698,0.00061781664
14104,3.2212243e-05,0.0010900567,0.00043782566
14105,3.3355205e-05,0.0011541655,0.00047088
14106,2.6523201e-05,0.0011067423,0.00036513119
14107,2.1017164e-05,0.0010630785,0.0002822371
14108,1.7067421e-05,0.0010260902,0.00022275842
14109,1.4025685e-05,0.000992452,0.00017758488
14110,1.1365709e-05,0.00095997215,0.0001398881
14111,1.8919862e-05,0.0011372698,0.00026562536
14112,8.7734916e-05,0.0019952476,0.0017575974
14113,0.00010546911,0.0019820526,0.0021180518
14114,8.277682e-05,0.0017242627,0.0015712972
14115,6.279695e-05,0.001564489,0.0011493504
14116,4.8689337e-05,0.001442701,0.0008578661
14117,4.0150248e-05,0.0013278376,0.00067139446
14118,4.4940807e-05,0.0013909946,0.0007722569
14119,3.722229e-05,0.0012877691,0.0006080203
14120,3.140728e-05,0.0011802805,0.00048449924
14121,2.117413e-05,0.0010811771,0.00032204634
14122,1.4966269e-05,0.0010058985,0.0002226694
14123,1.0365899e-05,0.0009322739,0.00015073182
14124,7.159593e-06,0.000863654,0.00010141986
14125,5.1952516e-06,0.00080791774,7.1046285e-05
14126,4.2997854e-06,0.0007858364,5.7703266e-05
14127,3.4580464e-06,0.0007373349,4.3841173e-05
14128,2.988595e-06,0.00065939233,3.5266323e-05
14129,2.4913636e-06,0.00057890435,2.6906739e-05
14130,1.9860543e-06,0.00055388233,2.053933e-05
14131,1.6440797e-06,0.00052716956,1.6140248e-05
14132,1.3229825e-06,0.00050551695,1.24324915e-05
14133,1.06137e-06,0.00048493172,9.553069e-06
14134,1.0175462e-06,0.0004947438,9.1745615e-06
14135,8.471625e-07,0.00047795006,7.34014e-06
14136,6.519536e-07,0.00045687327,5.4414722e-06
14137,5.2606515e-07,0.00043896242,4.2113143e-06
14138,4.91594e-07,0.00040505631,3.7276568e-06
14139,4.196867e-07,0.0003869036,3.0245044e-06
14140,3.4430437e-07,0.00037283212,2.3744185e-06
14141,2.8070957e-07,0.000362852,1.8758261e-06
14142,2.2524834e-07,0.00034979306,1.4456219e-06
14143,2.6323977e-07,0.000370554,1.7451753e-06
14144,2.5589108e-07,0.00037905716,1.6987076e-06
14145,3.8117523e-07,0.0004554783,2.8689649e-06
14146,3.7343852e-07,0.00042356318,2.691346e-06
14147,2.5145752e-07,0.00039605485,1.7781487e-06
14148,2.1121281e-07,0.00035042042,1.3691358e-06
14149,1.7768915e-07,0.00030247765,1.0487616e-06
14150,2.327125e-07,0.00031241175,1.432697e-06
14151,2.3254034e-07,0.0002991455,1.3972376e-06
14152,2.0971191e-07,0.00027897488,1.1913671e-06
14153,1.866552e-07,0.00026667016,1.0104407e-06
14154,1.625784e-07,0.00025363924,8.344942e-07
14155,1.7409788e-07,0.00026227333,9.0263717e-07
14156,1.504579e-07,0.00025476338,7.4736346e-07
14157,1.3222346e-07,0.00024090035,6.221182e-07
14158,1.2189983e-07,0.00023048729,5.4975476e-07
14159,3.4072437e-07,0.00034717648,2.0713962e-06
14160,3.00801e-07,0.00032833396,1.7347339e-06
14161,2.4898154e-07,0.00032205542,1.3918651e-06
14162,2.0489695e-07,0.0003156588,1.1107918e-06
14163,1.657105e-07,0.00030874604,8.727766e-07
14164,4.220693e-07,0.00045110934,2.9261432e-06
14165,6.172031e-07,0.00049277133,4.6463547e-06
14166,6.7843104e-07,0.0004784027,5.0741974e-06
14167,5.8835326e-07,0.0004581836,4.1950593e-06
14168,6.885312e-07,0.00045516892,4.965059e-06
14169,6.936547e-07,0.00043215218,4.867753e-06
14170,6.0025366e-07,0.00041815863,4.0353293e-06
14171,5.041985e-07,0.0004093192,3.2774806e-06
14172,3.887643e-07,0.00039671498,2.4700932e-06
14173,3.1116346e-07,0.00038638973,1.9207007e-06
14174,2.3937707e-07,0.0003734742,1.4402542e-06
14175,3.026965e-07,0.0003888813,1.8935787e-06
14176,2.9330332e-07,0.00037174515,1.7730284e-06
14177,2.7015645e-07,0.0003589335,1.5720439e-06
14178,2.3369749e-07,0.0003488615,1.3056052e-06
14179,2.0769234e-07,0.0003217201,1.092303e-06
14180,6.1357224e-07,0.00045891464,4.3066793e-06
14181,5.3608886e-07,0.00043519802,3.5724072e-06
14182,5.281765e-07,0.000426223,3.4436093e-06
14183,4.6764353e-07,0.00039409474,2.8735205e-06
14184,4.5536967e-07,0.00037419694,2.7126218e-06
14185,4.871911e-07,0.00037364208,2.9129312e-06
14186,1.3002449e-06,0.0005214153,1.0152206e-05
14187,1.3593691e-06,0.0005010693,1.0432532e-05
14188,1.4311657e-06,0.00048530105,1.0837219e-05
14189,1.2894022e-06,0.00045718614,9.2979835e-06
14190,6.7985e-06,0.0008311051,7.811903e-05
14191,6.74547e-06,0.0007966265,7.5584336e-05
14192,6.5098247e-06,0.00078210956,7.1456576e-05
14193,5.6897284e-06,0.0007374681,5.937131e-05
14194,1.8848028e-05,0.00112686,0.00027157262
14195,2.7097683e-05,0.0013368061,0.0004383397
14196,4.1999254e-05,0.0015034536,0.0007436028
14197,5.6140678e-05,0.0015782559,0.001036538
14198,4.641705e-05,0.0014264103,0.000809221
14199,3.5979436e-05,0.0013312948,0.00060554344
14200,3.6395762e-05,0.0013095391,0.0006065787
14201,2.6228201e-05,0.0012131596,0.0004266765
14202,2.2031172e-05,0.0010824391,0.00033384105
14203,2.9209557e-05,0.0011725853,0.00046908006
14204,2.2535172e-05,0.0011073588,0.00035038203
14205,3.3189477e-05,0.0013157327,0.0005779605
14206,3.0417541e-05,0.0012809283,0.0005192007
14207,2.5921616e-05,0.0012375349,0.0004328832
14208,2.1408277e-05,0.0011550228,0.00033937968
14209,2.0017489e-05,0.001086832,0.00030532703
14210,2.9692332e-05,0.0012256221,0.0004941306
14211,2.8234552e-05,0.0011440148,0.00045236907
14212,2.4810157e-05,0.0010397274,0.00037594864
14213,2.1070051e-05,0.0009333432,0.0002980957
14214,1.805815e-05,0.0008445788,0.00023922989
14215,1.3727425e-05,0.0008080446,0.00017774648
14216,1.1828163e-05,0.0007778642,0.00014707277
14217,1.1363011e-05,0.0007599239,0.00013801291
14218,9.871186e-06,0.0006873846,0.000112222646
14219,7.534391e-06,0.00066256314,8.3908555e-05
14220,5.7996667e-06,0.00063941674,6.3101346e-05
14221,4.4314334e-06,0.0006156114,4.7056164e-05
14222,3.820866e-06,0.00058610656,3.859068e-05
14223,3.2820758e-06,0.0005222178,3.072722e-05
14224,3.0372757e-06,0.00050214253,2.7387037e-05
14225,2.6448552e-06,0.0004866871,2.2886878e-05
14226,2.2966822e-06,0.00047349336,1.9107858e-05
14227,1.8799716e-06,0.0004648431,1.5231365e-05
14228,1.850871e-06,0.00047791225,1.5030857e-05
14229,1.6360922e-06,0.00044753923,1.25821725e-05
14230,1.2750822e-06,0.00043648138,9.625609e-06
14231,1.1230676e-06,0.00041229118,8.045795e-06
14232,9.875854e-07,0.00037889372,6.6495854e-06
14233,8.2315745e-07,0.0003740941,5.399016e-06
14234,7.220529e-07,0.00036526483,4.559521e-06
14235,6.4083946e-07,0.00035166857,3.873235e-06
14236,5.7057923e-07,0.00032008268,3.238921e-06
14237,5.108886e-07,0.0003071105,2.7751662e-06
14238,4.6088152e-07,0.00029367287,2.3957487e-06
14239,4.1096143e-07,0.00028924126,2.0671205e-06
14240,3.7056e-07,0.00027878577,1.7889141e-06
14241,3.277453e-07,0.00027726023,1.5393371e-06
14242,2.958973e-07,0.0002704029,1.3403768e-06
14243,2.678918e-07,0.00025731607,1.1606498e-06
14244,2.4292163e-07,0.00024404349,1.0059556e-06
14245,2.2080195e-07,0.00023944331,8.8490515e-07
14246,2.011306e-07,0.00023477722,7.8017376e-07
14247,1.8382048e-07,0.00022660298,6.865933e-07
14248,1.6747111e-07,0.00021113317,5.959394e-07
14249,1.5235982e-07,0.00019733178,5.16565e-07
14250,1.3877421e-07,0.000184182,4.482734e-07
14251,1.2698345e-07,0.00017308937,3.9202766e-07
14252,2.4324828e-07,0.0002205427,9.0380865e-07
14253,3.1678806e-07,0.0002363085,1.247839e-06
14254,3.6102426e-07,0.00024190481,1.4532736e-06
14255,3.319355e-07,0.00023824477,1.2979842e-06
14256,3.050837e-07,0.00022727686,1.1467887e-06
14257,2.8145072e-07,0.00022419011,1.0289351e-06
14258,2.6034718e-07,0.00021195173,9.1373056e-07
14259,5.652802e-07,0.00028492088,2.4730343e-06
14260,5.2957915e-07,0.00027941976,2.2552506e-06
14261,5.72359e-06,0.0006889559,4.884309e-05
14262,5.213101e-06,0.0006464869,4.256916e-05
14263,9.375401e-06,0.000798565,9.00912e-05
14264,1.3931805e-05,0.0009019798,0.00014772249
14265,0.0025462352,0.0067952294,0.015483185
14266,0.0046976064,0.006820796,0.016469
14267,0.0050998693,0.005931657,0.016498074
14268,0.003314767,0.004166145,0.015625272
14269,0.0016881156,0.0025489572,0.013128566
14270,0.0009614738,0.0016741089,0.009859184
14271,0.00062614714,0.001220642,0.007085976
14272,0.00045558496,0.00096815854,0.005203642
14273,0.00035215908,0.0008270218,0.0039515705
14274,0.0002775714,0.0007430758,0.0030520435
14275,0.0002173028,0.00068588584,0.002351939
14276,0.00078636,0.0011099019,0.007903198
14277,0.0015413864,0.0012786126,0.01144203
14278,0.0009914786,0.00091301714,0.008556022
14279,0.00071363774,0.0007076877,0.0063990327
14280,0.0005333159,0.0006004917,0.004813686
14281,0.0004220648,0.0005345327,0.0037499303
14282,0.00035435843,0.0004818725,0.0030470635
14283,0.00029993503,0.00045206118,0.0025111632
14284,0.00025437944,0.00043277326,0.002082912
14285,0.0002672349,0.00044558538,0.0021897
14286,0.00023563986,0.00042496633,0.0018748693
14287,0.00020979944,0.00040990632,0.001624376
14288,0.00018761837,0.00040000989,0.0014179896
14289,0.00016880703,0.0003930252,0.0012476303
14290,0.0003183831,0.0005091131,0.0026053062
14291,0.000683337,0.00068425253,0.00560281
14292,0.00054291287,0.00059062015,0.0043843878
14293,0.00074921706,0.00064468157,0.0058019008
14294,0.00059513334,0.0005492736,0.004535954
14295,0.00048262323,0.00049779925,0.0036130901
14296,0.00041096585,0.0004569908,0.0029872898
14297,0.0003535894,0.00043204447,0.002504951
14298,0.00031229935,0.0004100188,0.0021495868
14299,0.00027718674,0.0003963728,0.0018614227
14300,0.00024751172,0.0003872343,0.0016257354
14301,0.0002263719,0.0003766597,0.0014516049
14302,0.0021743404,0.00092522474,0.011262973
14303,0.0014315081,0.000714281,0.008551733
14304,0.0010251054,0.0005886897,0.0064432877
14305,0.0007975304,0.0005103625,0.0050161453
14306,0.00064754236,0.00046086256,0.0040116087
14307,0.0018097064,0.0006647081,0.0093339775
14308,0.0012737617,0.0005449398,0.0070550507
14309,0.0023274894,0.0006592661,0.010395534
14310,0.0022321253,0.000582637,0.009841492
14311,0.0015717327,0.0004801782,0.0075133876
14312,0.0011852363,0.00041654764,0.0057946267
14313,0.0009467342,0.00037585877,0.004600988
14314,0.00079048827,0.0003480243,0.0037698532
14315,0.0006661438,0.00033048907,0.0031208748
14316,0.00057429256,0.00031862842,0.0026389575
14317,0.00051112566,0.00030875017,0.0022956159
14318,0.00046419958,0.00030503405,0.002050138
14319,0.00041992994,0.00030016963,0.0018181533
14320,0.0003758864,0.00029857748,0.0016035582
14321,0.00034131622,0.0002979665,0.0014343405
14322,0.0003144597,0.00029742907,0.0013010408
14323,0.00029084593,0.00029780465,0.0011861174
14324,0.00027166444,0.0002975147,0.0010915593
14325,0.00025484504,0.0002973993,0.0010094345
14326,0.00023937866,0.0002988901,0.00093657663
14327,0.00022365869,0.00030482624,0.0008713413
14328,0.00021047924,0.0003071103,0.0008109022
14329,0.00019780519,0.0003117496,0.0007562023
14330,0.00019738119,0.00032222213,0.00075816625
14331,0.00018451351,0.0003268278,0.00070298155
14332,0.00017463954,0.00032992964,0.0006590388
14333,0.00016517809,0.00033385927,0.00061799417
14334,0.00015874927,0.00033974295,0.00059120037
14335,0.0001497182,0.0003450705,0.0005537041
14336,0.0003438502,0.0004916431,0.0015524554
14337,0.00042306675,0.00054283434,0.0019804742
14338,0.00040131205,0.0005381118,0.0018545463
14339,0.00045763864,0.00056185963,0.0021463344
14340,0.0004130166,0.0005454824,0.0018961619
14341,0.0003721762,0.00053598464,0.0016787538
14342,0.0003395804,0.00052796595,0.0015050751
14343,0.00030640856,0.0005247448,0.0013401874
14344,0.00028186545,0.00052164285,0.0012150748
14345,0.00026011214,0.00052020897,0.0011064693
14346,0.0002615452,0.0005360817,0.0011188472
14347,0.00024580612,0.00053589913,0.0010397381
14348,0.00022815845,0.00053610286,0.00095372426
14349,0.00021347932,0.0005354459,0.00088158593
14350,0.00019960343,0.0005367771,0.00081546186
14351,0.00018696954,0.0005389096,0.0007562171
14352,0.00068868994,0.0009204444,0.0035130307
14353,0.00061999715,0.0008564923,0.003094902
14354,0.00052906637,0.0008142162,0.0025950463
14355,0.00045023055,0.0007828067,0.00217785
14356,0.00040429662,0.00076044834,0.001919927
14357,0.0003648771,0.0007425568,0.001702254
14358,0.0003307794,0.000728142,0.0015171061
14359,0.0003024829,0.00071611896,0.0013647535
14360,0.0003028555,0.0007329895,0.0013721093
14361,0.00026739427,0.00072609435,0.0012012288
14362,0.00024229256,0.00072284363,0.0010768304
14363,0.00067178137,0.0010947833,0.0035091587
14364,0.00057732675,0.0010074576,0.0029453055
14365,0.0004912797,0.0009573381,0.0024654206
14366,0.0005959761,0.0010108682,0.0030309886
14367,0.0037106073,0.0020514538,0.0124698505
14368,0.0028105532,0.0016624618,0.010662613
14369,0.0019436443,0.0013016443,0.008189542
14370,0.0014544748,0.0010914231,0.0063361535
14371,0.0032009922,0.0014533508,0.010852138
14372,0.009403615,0.0022148855,0.015545077
14373,0.0056465836,0.0020105476,0.013489024
14374,0.0035244972,0.0016731978,0.010761263
14375,0.002262006,0.0013787849,0.007971309
14376,0.0015639715,0.0011774548,0.0058492566
14377,0.0014826602,0.0011512906,0.0055303574
14378,0.005428055,0.0019754462,0.012944724
14379,0.003158618,0.0016266697,0.009796307
14380,0.0020827518,0.0013606893,0.00720275
14381,0.0015462253,0.0011984572,0.005495117
14382,0.0011574351,0.0010770857,0.004167103
14383,0.00086665526,0.0009791692,0.0031445972
14384,0.0006922666,0.0009206021,0.0025017709
14385,0.0005971973,0.00089172716,0.0021290267
14386,0.00053404114,0.0008701076,0.0018722977
14387,0.00046040007,0.00085042336,0.0015996463
14388,0.00039591474,0.0008331734,0.0013664636
14389,0.00035515212,0.00082664343,0.0012142434
14390,0.00032541077,0.0008260929,0.0011047526
14391,0.0010665703,0.0013447965,0.0042946152
14392,0.005997902,0.002704903,0.01372564
14393,0.0037023828,0.002221917,0.011000044
14394,0.0025241908,0.001823427,0.008481033
14395,0.001926431,0.0016117478,0.00682949
14396,0.0042308015,0.00218357,0.011448643
14397,0.0026867844,0.0018071502,0.008586193
14398,0.0017690111,0.0015173609,0.006159217
14399,0.0014184974,0.0013911509,0.005057205
14400,0.0010108354,0.0012378924,0.0036870474
14401,0.0007134505,0.0011316506,0.002651346
14402,0.00056138134,0.001058483,0.0020841705
14403,0.0004975035,0.0010304748,0.0018192615
14404,0.0004374402,0.0010096228,0.0015837353
14405,0.0003640965,0.00097540277,0.001313805
14406,0.00031464416,0.0009575154,0.0011294704
14407,0.00028527548,0.0009531608,0.0010169271
14408,0.00025987704,0.0009495133,0.00091911794
14409,0.00023866336,0.000947688,0.00083773024
14410,0.00020959225,0.0009398806,0.0007340836
14411,0.00020018448,0.00095040916,0.0007011844
14412,0.00016981307,0.000933349,0.0006095068
14413,0.00013266368,0.0008918621,0.0004797228
14414,0.00010070231,0.0008548354,0.0003680482
14415,0.00022446398,0.0012069935,0.001021559
14416,0.00025197194,0.0012884786,0.0011877739
14417,0.00023060782,0.0012601016,0.0010722809
14418,0.00022930684,0.001301549,0.00109011
14419,0.00017312975,0.0012265883,0.00083234237
14420,0.00012711261,0.0011588822,0.0006178016
14421,0.000110234134,0.0011470802,0.00053502707
14422,0.0001937786,0.0014500291,0.001088319
14423,0.00016029672,0.001400418,0.0009050392
14424,0.00013422876,0.0013620196,0.00075629365
14425,0.00014830902,0.0014643159,0.00087399094
14426,0.000281934,0.0019459691,0.0019442984
14427,0.00022515812,0.00182333,0.0015506139
14428,0.0002169124,0.0018503108,0.0015811865
14429,0.00014538672,0.0017072393,0.0010788968
14430,0.000102480626,0.0015717476,0.0007681076
14431,0.00018764685,0.001997993,0.001613687
14432,0.00013745329,0.0018230684,0.0011857138
14433,9.511592e-05,0.001663727,0.00082845526
14434,7.843402e-05,0.0016098283,0.0006786936
14435,6.162253e-05,0.0015389185,0.00053234067
14436,5.273408e-05,0.0015125244,0.00045159765
14437,5.410699e-05,0.00154704,0.00046998588
14438,8.4069965e-05,0.0018163113,0.00081667124
14439,7.586755e-05,0.0017581433,0.00072399905
14440,0.00010425992,0.001975941,0.0010741962
14441,9.799135e-05,0.0019169039,0.000998389
14442,7.1628245e-05,0.0017709492,0.00073015696
14443,5.1181873e-05,0.0016331996,0.00052280066
14444,3.857499e-05,0.001543986,0.00039302013
14445,3.2253105e-05,0.0015091811,0.0003247528
14446,2.8619188e-05,0.0014759593,0.00028224188
14447,2.3590244e-05,0.0014421138,0.0002303366
14448,2.0968742e-05,0.0014199914,0.00020112308
14449,2.1720662e-05,0.0014507914,0.00021116504
14450,4.3074753e-05,0.001915333,0.00050834834
14451,3.7809175e-05,0.0018267453,0.00043337062
14452,9.98836e-05,0.0025873857,0.0014339514
14453,0.0001028323,0.0025396796,0.0014798249
14454,0.000113471855,0.0025657993,0.0016581347
14455,7.581376e-05,0.0022531594,0.0011080058
14456,7.7579825e-05,0.0022824812,0.0011512017
14457,7.79066e-05,0.0021920933,0.0011454565
14458,6.560355e-05,0.0020409857,0.0009319345
14459,5.6212615e-05,0.00187737,0.0007655176
14460,4.6530055e-05,0.0017915408,0.00061834685
14461,3.7744343e-05,0.0017145409,0.00049152685
14462,3.293085e-05,0.0016108652,0.0004125032
14463,3.0752788e-05,0.0016340564,0.00039079224
14464,2.6895239e-05,0.0015450182,0.00032915143
14465,2.4298777e-05,0.0014485656,0.00028708167
14466,2.1418608e-05,0.0013839813,0.00024442366
14467,1.8979123e-05,0.0012938913,0.00020752363
14468,1.6169346e-05,0.0012675163,0.00017312664
14469,1.3909962e-05,0.0012422929,0.00014561224
14470,1.5907706e-05,0.0013201148,0.00017330033
14471,1.1572197e-05,0.001244877,0.00012516158
14472,7.5002094e-06,0.0011404798,8.1063605e-05
14473,6.4485844e-06,0.0011067212,6.747641e-05
14474,5.664811e-06,0.0010239762,5.622045e-05
14475,4.9932814e-06,0.000982596,4.7659003e-05
14476,4.348564e-06,0.00095783494,4.0217135e-05
14477,6.989582e-06,0.0011093806,7.298219e-05
14478,6.33777e-06,0.0011078401,6.548796e-05
14479,5.59103e-06,0.0010306485,5.4941094e-05
14480,3.982123e-06,0.0009700546,3.875012e-05
14481,2.9797875e-06,0.00092576316,2.8524837e-05
14482,2.1203057e-06,0.0008709411,2.0001959e-05
14483,1.8432441e-06,0.00081344036,1.645889e-05
14484,1.5731953e-06,0.0007870029,1.3521864e-05
14485,1.2565961e-06,0.0007620205,1.0517357e-05
14486,1.0988902e-06,0.0007232279,8.763824e-06
14487,9.403249e-07,0.00070115394,7.2215653e-06
14488,7.615982e-07,0.0006813683,5.6898425e-06
14489,6.377692e-07,0.0006627664,4.607416e-06
14490,5.315662e-07,0.0006447872,3.7161094e-06
14491,3.507397e-07,0.0005975277,2.4265523e-06
14492,3.0333254e-07,0.00055985,1.9818542e-06
14493,2.6289555e-07,0.0005114035,1.6067949e-06
14494,2.3330782e-07,0.00047475906,1.346688e-06
14495,2.0310362e-07,0.00045767956,1.1223401e-06
14496,2.0150269e-07,0.0004778009,1.1345343e-06
14497,1.8148462e-07,0.0004519197,9.738959e-07
14498,2.1277297e-07,0.00045837203,1.1680914e-06
14499,1.855897e-07,0.00041328472,9.504708e-07
14500,1.6452667e-07,0.00038770217,7.987869e-07
14501,1.4646156e-07,0.00036591673,6.7604833e-07
14502,1.3608334e-07,0.0003445734,6.0111864e-07
14503,1.2143605e-07,0.00033545558,5.1661476e-07
14504,1.0910113e-07,0.00032040806,4.4390106e-07
14505,4.3706464e-07,0.000537128,2.6573641e-06
14506,5.193091e-07,0.0005624102,3.2857004e-06
14507,4.349677e-07,0.0005529293,2.6841137e-06
14508,3.849525e-07,0.00052751147,2.2687052e-06
14509,3.3414793e-07,0.0005167496,1.9052012e-06
14510,2.9822488e-07,0.0005129011,1.6617248e-06
14511,3.010369e-07,0.00054358714,1.735735e-06
14512,2.6074204e-07,0.00054377335,1.4924302e-06
14513,2.893659e-07,0.00058096886,1.7155528e-06
14514,4.8138577e-07,0.0007137478,3.304621e-06
14515,4.2149566e-07,0.00067590084,2.7541166e-06
14516,3.691034e-07,0.0006196442,2.2677666e-06
14517,3.1504786e-07,0.0006056831,1.874512e-06
14518,3.9788821e-07,0.00066110806,2.5122608e-06
14519,4.4543503e-07,0.0006716908,2.8535446e-06
14520,3.9278984e-07,0.00062411994,2.3805328e-06
14521,3.5216547e-07,0.0005827619,2.0279883e-06
14522,3.2860035e-07,0.00055082847,1.825349e-06
14523,3.113715e-07,0.00051610527,1.6609898e-06
14524,2.7803014e-07,0.00047265473,1.3994126e-06
14525,2.4998914e-07,0.00044897318,1.2029763e-06
14526,2.0204553e-07,0.00044174923,9.569592e-07
14527,2.0557945e-07,0.00045977713,9.855265e-07
14528,2.0520181e-07,0.00046124347,9.752081e-07
14529,1.6765473e-07,0.0004542079,7.8258205e-07
14530,1.4197195e-07,0.00044918674,6.478201e-07
14531,1.8769106e-07,0.00052528555,9.512353e-07
14532,2.8349424e-07,0.0006207809,1.6148421e-06
14533,4.4608072e-07,0.0007065465,2.8370114e-06
14534,4.587801e-07,0.0007154689,2.9207854e-06
14535,3.7683145e-07,0.00069852214,2.3406874e-06
14536,3.3044248e-07,0.00067695754,1.977092e-06
14537,2.9202445e-07,0.0006291328,1.6541157e-06
14538,2.5998693e-07,0.00058645336,1.3972083e-06
14539,7.6197375e-07,0.000850204,5.519132e-06
14540,7.3254428e-06,0.0019645009,0.00010196987
14541,9.928639e-06,0.002067366,0.00014734647
14542,8.933602e-06,0.0018762836,0.00012607267
14543,7.617423e-06,0.0017042849,0.00010128158
14544,7.154761e-06,0.0016032273,9.1988244e-05
14545,6.122411e-06,0.001428246,7.362828e-05
14546,5.1982493e-06,0.0013590798,5.994408e-05
14547,3.9996935e-06,0.0012932678,4.499932e-05
14548,3.5969988e-06,0.001239091,3.906103e-05
14549,2.5624734e-06,0.001160492,2.755647e-05
14550,2.239552e-06,0.0010306102,2.2453232e-05
14551,2.0046407e-06,0.0009495508,1.9033825e-05
14552,1.7254316e-06,0.00085261563,1.5275986e-05
14553,1.5048503e-06,0.00078805216,1.2569199e-05
14554,7.35368e-06,0.0013829522,9.561661e-05
14555,6.4328137e-06,0.0012506101,7.884485e-05
14556,5.3297804e-06,0.001205558,6.333457e-05
14557,3.925005e-06,0.0011357914,4.5573946e-05
14558,3.0608385e-06,0.0010820981,3.4426856e-05
14559,2.8396998e-06,0.0010809039,3.1706095e-05
14560,2.2408872e-06,0.0010350237,2.4348074e-05
14561,1.9027332e-06,0.0009632406,1.9497596e-05
14562,1.8252505e-06,0.000930386,1.819797e-05
14563,5.978238e-06,0.0014207149,8.3268664e-05
14564,5.4873784e-05,0.0031635026,0.0013449873
14565,4.7725847e-05,0.0027476477,0.0011076011
14566,3.6838308e-05,0.0023802323,0.0007977993
14567,2.868549e-05,0.0021197235,0.0005838731
14568,2.3751618e-05,0.0018420483,0.0004496682
14569,1.9340849e-05,0.0016174912,0.0003390392
14570,1.5757789e-05,0.0014909548,0.00026100097
14571,1.2212654e-05,0.00139502,0.00019409691
14572,2.4259314e-05,0.0017671449,0.00045860824
14573,2.4668923e-05,0.0016670811,0.00045691238
14574,2.9270042e-05,0.0017226762,0.000558146
14575,2.4748135e-05,0.0014975497,0.00043802077
14576,2.039491e-05,0.0013682968,0.0003395351
14577,1.7028657e-05,0.0012408055,0.00026543834
14578,1.376855e-05,0.0011741515,0.00020563207
14579,1.0538457e-05,0.0011118733,0.00015283548
14580,7.872491e-06,0.0010577316,0.00011361681
14581,1.1948359e-05,0.0011646888,0.0001884912
14582,2.6023501e-05,0.0014911711,0.0004963727
14583,2.575231e-05,0.0013879542,0.00047494538
14584,2.1126254e-05,0.0012402695,0.0003623348
14585,1.717014e-05,0.0011551034,0.00027907122
14586,2.4100143e-05,0.0013220574,0.00042902923
14587,3.455904e-05,0.0014864955,0.0006662681
14588,2.787432e-05,0.0013527947,0.00050562527
14589,2.1811264e-05,0.0012585648,0.0003776875
14590,1.7625462e-05,0.0011727447,0.00028956536
14591,1.295712e-05,0.0010933697,0.00020572994
14592,1.0514311e-05,0.001027696,0.00015870937
14593,8.949321e-06,0.0009048128,0.00012492777
14594,7.4278614e-06,0.0008546657,9.842979e-05
14595,6.154309e-06,0.0008120728,7.765986e-05
14596,5.04635e-06,0.00077617174,6.0907754e-05
14597,4.1636818e-06,0.0007423921,4.8036407e-05
14598,3.512209e-06,0.0007051779,3.850223e-05
14599,2.9624512e-06,0.0006732765,3.094131e-05
14600,2.473571e-06,0.0006475979,2.4738301e-05
14601,3.04526e-06,0.0006784093,3.1637792e-05
14602,1.2803061e-05,0.0011598842,0.00020012622
14603,1.1366674e-05,0.0010563973,0.0001680663
14604,1.0054867e-05,0.0009434544,0.00013896814
14605,1.4885248e-05,0.0010625818,0.00022531075
14606,1.2444735e-05,0.0009956772,0.00017846575
14607,1.0561289e-05,0.00090877764,0.00014179746
14608,9.065324e-06,0.00081976195,0.0001135787
14609,3.5099212e-05,0.0013722351,0.000636223
14610,5.6255823e-05,0.0016113792,0.0011316389
14611,4.7585134e-05,0.0014266192,0.00090205215
14612,3.8942064e-05,0.0012549729,0.00068645354
14613,3.2236963e-05,0.0011511153,0.0005361785
14614,2.5883799e-05,0.0010860249,0.00041294674
14615,2.1771864e-05,0.0010093383,0.00032855815
14616,1.851421e-05,0.00093314773,0.00026351755
14617,1.5801184e-05,0.0008777824,0.00021358598
14618,1.3493366e-05,0.0007822869,0.00016960187
14619,1.1673313e-05,0.00074377254,0.00013991185
14620,1.0140615e-05,0.00070949184,0.000116058385
14621,8.876013e-06,0.000663151,9.6251e-05
14622,7.797919e-06,0.0006071776,7.959205e-05
14623,7.2107823e-06,0.000571374,7.0485665e-05
14624,1.3018395e-05,0.0007190654,0.00015075841
14625,1.3918571e-05,0.00073726225,0.00016388747
14626,1.2478087e-05,0.0006843389,0.00013984992
14627,1.1529691e-05,0.0006529984,0.00012498988
14628,1.0119425e-05,0.0005962585,0.0001032315
14629,8.962651e-06,0.0005483131,8.6381035e-05
14630,8.521215e-06,0.00052970333,8.0048645e-05
14631,9.513364e-06,0.0005563313,9.224904e-05
14632,5.724544e-05,0.0011015662,0.00089785183
14633,5.216151e-05,0.0010437755,0.00079400267
14634,4.8134094e-05,0.0009721209,0.0007048802
14635,6.6559376e-05,0.0010703687,0.0010372776
14636,0.00032620167,0.0019568393,0.005807556
14637,0.0047412803,0.0051274844,0.016496396
14638,0.0127876075,0.0071586776,0.017201032
14639,0.007440755,0.006558522,0.016875226
14640,0.004716179,0.005073163,0.0162959
14641,0.0024853377,0.0033149954,0.014657537
14642,0.0018507304,0.0023776172,0.013261376
14643,0.001076813,0.0015300696,0.010076946
14644,0.00069516775,0.0011289342,0.007274425
14645,0.0005020094,0.00090828416,0.0053544044
14646,0.00038579968,0.0007808027,0.004065818
14647,0.00031622857,0.00068203325,0.00321751
14648,0.0002607488,0.00063040614,0.002584831
14649,0.0002173405,0.0005956547,0.0021038626
14650,0.00019117071,0.000564099,0.0017934238
14651,0.00016974087,0.00052950555,0.0015363349
14652,0.00015017806,0.0005142255,0.0013246706
14653,0.00013568449,0.0004888853,0.0011578113
14654,0.00012607028,0.0004739362,0.001051598
14655,0.00011514546,0.00045502846,0.00093180867
14656,0.00012937294,0.00047339842,0.0010653427
14657,0.00011818481,0.00045730424,0.0009459801
14658,0.000107671556,0.00045110958,0.00084307545
14659,9.9200624e-05,0.00043903504,0.0007569407
14660,9.1616486e-05,0.0004307832,0.0006829821
14661,8.5004256e-05,0.0004188556,0.0006177442
14662,7.894108e-05,0.0004133812,0.000561713
14663,7.3575335e-05,0.0004066057,0.00051228504
14664,6.8764486e-05,0.0003983245,0.00046812405
14665,6.439762e-05,0.00039106424,0.0004290093
14666,6.068992e-05,0.00038737382,0.000397056
14667,0.00011008585,0.00049271336,0.0008368721
14668,0.00010959099,0.00049404305,0.0008288207
14669,0.000103660284,0.00048566647,0.0007703288
14670,9.934808e-05,0.00047986803,0.0007268922
14671,0.0001980806,0.00063010777,0.0016766447
14672,0.00017695113,0.00060515414,0.0014568206
14673,0.00015900235,0.00058699364,0.0012764771
14674,0.00014579596,0.00057238963,0.0011440394
14675,0.00013458716,0.00055728835,0.0010318719
14676,0.00012275383,0.0005483515,0.0009214765
14677,0.00011317796,0.0005334942,0.00082925323
14678,0.000104391984,0.0005255504,0.0007493167
14679,9.6536634e-05,0.0005194024,0.0006796222
14680,8.9682326e-05,0.0005132883,0.000619442
14681,0.0005219044,0.0010210064,0.004675852
14682,0.001504011,0.0014405473,0.0103248535
14683,0.0010868027,0.0011010768,0.008103167
14684,0.000793077,0.0008846939,0.006108744
14685,0.000620221,0.0007522855,0.00474129
14686,0.00050625554,0.0006695855,0.0037896265
14687,0.00042875725,0.0006084353,0.0031180526
14688,0.0003717185,0.0005631271,0.0026222367
14689,0.000325414,0.0005348389,0.0022358934
14690,0.00028813235,0.00051438867,0.0019315984
14691,0.00025922558,0.0004958845,0.0016943861
14692,0.00023138493,0.0004869055,0.0014836713
14693,0.00020912504,0.0004797387,0.0013156078
14694,0.00019140237,0.00047240048,0.0011806116
14695,0.00017584114,0.000467397,0.0010651215
14696,0.00016203884,0.00046415944,0.0009650981
14697,0.00032749865,0.0006122123,0.0022252605
14698,0.00033454972,0.0006141926,0.00225817
14699,0.00029625997,0.0005895085,0.0019515904
14700,0.00026279085,0.00057353434,0.0016957094
14701,0.00046767312,0.0007212591,0.0032363215
14702,0.00040348762,0.00066924124,0.0027158933
14703,0.00035442,0.00063007587,0.00232079
14704,0.00031568867,0.00059943006,0.002012698
14705,0.0002834521,0.0005775998,0.0017640002
14706,0.00025329506,0.00056556787,0.0015465558
14707,0.00023221638,0.0005501959,0.0013871272
14708,0.00027822427,0.00060008944,0.001718684
14709,0.0002512041,0.00058531604,0.0015197016
14710,0.00023839444,0.000578233,0.0014219064
14711,0.000282845,0.0006245297,0.0017376251
14712,0.0002536863,0.00061080535,0.0015286918
14713,0.00022838505,0.00060146826,0.0013526471
14714,0.00020441187,0.00059630425,0.0011938731
14715,0.00018516491,0.0005929865,0.0010664535
14716,0.0001705869,0.00058840145,0.00096732995
14717,0.00015850135,0.000582263,0.0008843547
14718,0.00014917017,0.00057575403,0.0008198305
14719,0.00020820484,0.00066679064,0.001236473
14720,0.00018861642,0.00066083483,0.0011037306
14721,0.00017358012,0.00065343024,0.0009994193
14722,0.00016064364,0.00064657093,0.00091038697
14723,0.00014969261,0.00063957454,0.0008352581
14724,0.00013733088,0.00064069655,0.00075786747
14725,0.00012623922,0.000643032,0.000689559
14726,0.00019054825,0.0007615112,0.0011475487
14727,0.00017353435,0.00075346825,0.0010295565
14728,0.00015787166,0.0007490367,0.00092451513
14729,0.00014315464,0.0007474902,0.0008291278
14730,0.00013257595,0.00074260886,0.0007574297
14731,0.00012191631,0.00074420084,0.0006897734
14732,0.00011101024,0.0007471269,0.0006227771
14733,0.000102137434,0.00075028767,0.00056782155
14734,9.540102e-05,0.0007494181,0.00052444014
14735,8.9590925e-05,0.00074572745,0.0004865779
14736,0.00079598825,0.0017739625,0.0058413344
14737,0.0006178727,0.0015128461,0.0045191795
14738,0.00052510476,0.0013924603,0.0038201544
14739,0.00042630706,0.0012717623,0.003057698
14740,0.00035398104,0.0011874501,0.0024973028
14741,0.00038123643,0.0012089588,0.0026947043
14742,0.0004059589,0.0011981344,0.0028564697
14743,0.0003522179,0.0011090555,0.0024122556
14744,0.0003081905,0.0010526972,0.0020639675
14745,0.00026914815,0.0010133049,0.0017691705
14746,0.0003347395,0.0011087282,0.0022744418
14747,0.00028573908,0.0010609574,0.0019101822
14748,0.00025347265,0.0010210685,0.0016598421
14749,0.00024218886,0.0010092913,0.0015714335
14750,0.00021861201,0.00097648945,0.001389734
14751,0.00019807149,0.00095220754,0.0012362665
14752,0.00017942028,0.0009357857,0.001102306
14753,0.00016557345,0.0009110663,0.0009984684
14754,0.00015344813,0.0008923617,0.00091001025
14755,0.00013717821,0.00088831777,0.0008061365
14756,0.00011801724,0.0008798959,0.0006907558
14757,0.00010700378,0.00088063267,0.00062102237
14758,9.2337454e-05,0.0008757124,0.0005344598
14759,8.6728855e-05,0.00088034425,0.0004987124
14760,8.804797e-05,0.00090465305,0.00051159225
14761,8.035313e-05,0.00090837415,0.0004634595
14762,7.008895e-05,0.00090769585,0.0004033201
14763,6.485675e-05,0.00091134734,0.00037015596
14764,5.6981065e-05,0.00091355713,0.000324507
14765,4.9915514e-05,0.00091578194,0.00028380283
14766,4.2198284e-05,0.0009092554,0.00024016693
14767,3.7902828e-05,0.00091706804,0.00021499263
14768,3.5370304e-05,0.0009209164,0.00019895232
14769,3.1330197e-05,0.00092707924,0.00017588685
14770,2.9232126e-05,0.00093156047,0.00016277833
14771,2.749096e-05,0.00092886353,0.00015148724
14772,0.0004576236,0.0027905742,0.0044637136
14773,0.00037076787,0.0023988092,0.0035526431
14774,0.00032613316,0.0021854297,0.0030715922
14775,0.00028782245,0.0020406165,0.0026757335
14776,0.00023838507,0.001893624,0.0021831885
14777,0.00020180603,0.0017750108,0.0018102471
14778,0.0006051707,0.0027083792,0.0057321005
14779,0.0011839063,0.0032345618,0.009359381
14780,0.00074353,0.002421624,0.006591703
14781,0.00050391903,0.0019666902,0.0046570585
14782,0.00037318264,0.0017086479,0.0034600743
14783,0.00028748947,0.0015417013,0.0026468625
14784,0.00021047307,0.0013922967,0.0019415915
14785,0.00014492315,0.0012539581,0.0013499069
14786,0.00012908957,0.0011954651,0.0011707423
14787,9.9877136e-05,0.0011346851,0.00090330496
14788,7.634927e-05,0.0010784476,0.0006898015
14789,5.8797174e-05,0.0010324111,0.0005304878
14790,5.0465726e-05,0.001022119,0.00045038623
14791,4.156843e-05,0.0010043712,0.00036859498
14792,3.7754973e-05,0.0009902181,0.00032820503
14793,3.0270594e-05,0.0009676747,0.00026212318
14794,2.6057176e-05,0.0009635213,0.00022332683
14795,2.344865e-05,0.0009587026,0.00019764867
14796,2.1514581e-05,0.00093418686,0.00017692347
14797,1.9775985e-05,0.00091049174,0.00015867976
14798,1.8079274e-05,0.0009020545,0.00014233282
14799,2.8357652e-05,0.0010816321,0.0002537047
14800,2.3121556e-05,0.001061495,0.0002055288
14801,2.110611e-05,0.0010174488,0.00018200817
14802,1.9482442e-05,0.0010312687,0.00016771737
14803,4.1954892e-05,0.0013635597,0.00044374738
14804,3.6983794e-05,0.0013332558,0.000382788
14805,3.3272114e-05,0.0012752869,0.00033396913
14806,2.3488674e-05,0.0011897294,0.00023826136
14807,1.8287514e-05,0.0011487316,0.00018408966
14808,1.6296972e-05,0.0011226576,0.00015981082
14809,1.3255889e-05,0.001098891,0.00012845757
14810,1.9649744e-05,0.0012559184,0.00021115708
14811,3.57993e-05,0.0015427897,0.00044900217
14812,3.0980675e-05,0.0014856785,0.00037729368
14813,2.5565982e-05,0.0014403911,0.00030533303
14814,2.0119285e-05,0.0013850436,0.00023682554
14815,1.65639e-05,0.0013458282,0.00019110023
14816,1.1981845e-05,0.0012655386,0.00013700353
14817,9.250897e-06,0.0012137822,0.00010405731
14818,8.079486e-06,0.0011086138,8.584827e-05
14819,7.07203e-06,0.001077477,7.281154e-05
14820,6.3543434e-06,0.0010042135,6.2446816e-05
14821,5.639529e-06,0.0009518522,5.3081716e-05
14822,5.356845e-06,0.000901614,4.8808284e-05
14823,4.9228543e-06,0.0008553932,4.319007e-05
14824,4.0810723e-06,0.0008416695,3.5145615e-05
14825,3.0582974e-06,0.00080762425,2.6057036e-05
14826,2.7199308e-06,0.0007726979,2.2236592e-05
14827,2.4219844e-06,0.0007224596,1.8843675e-05
14828,2.1657502e-06,0.000679466,1.6075544e-05
14829,1.9450126e-06,0.00064561324,1.3829186e-05
14830,1.7207386e-06,0.0006370574,1.1902597e-05
14831,2.967679e-06,0.0007675552,2.3752826e-05
14832,8.031001e-06,0.0010980394,8.505613e-05
14833,1.758351e-05,0.0015114228,0.00023422528
14834,1.3845805e-05,0.0014446283,0.00018018782
14835,1.1559512e-05,0.0013888015,0.00014559246
14836,9.953868e-06,0.0012464386,0.00011759307
14837,8.539768e-06,0.0012009278,9.7349395e-05
14838,8.109129e-06,0.0011539718,8.9993555e-05
14839,3.4194753e-05,0.0019678804,0.0005628045
14840,2.8759936e-05,0.0017710967,0.00044628963
14841,2.4040914e-05,0.0016661285,0.00035789414
14842,1.977557e-05,0.001584227,0.0002842886
14843,1.5258564e-05,0.0015006881,0.00021394502
14844,1.2941505e-05,0.0014186843,0.00017366387
14845,2.2733237e-05,0.001717739,0.00035256782
14846,7.520778e-05,0.0026072278,0.0015307721
14847,0.00014485573,0.003121701,0.003156724
14848,0.00045983127,0.004478454,0.008620045
14849,0.00031346086,0.0030343288,0.0061382335
14850,0.00022959114,0.0023547052,0.0044662706
14851,0.00091501814,0.0035723841,0.011653894
14852,0.0005528038,0.0022988853,0.008445853
14853,0.00035833716,0.0016518416,0.0057754894
14854,0.0002596479,0.0013047319,0.0041087046
14855,0.00019892103,0.0011148911,0.0030454914
14856,0.00020136409,0.0010607536,0.0030088108
14857,0.00015977364,0.0009549661,0.00230991
14858,0.0001330367,0.0008605116,0.0018353136
14859,0.00011194124,0.0008018091,0.0014848637
14860,9.385597e-05,0.0007632637,0.0012058365
14861,0.00010260557,0.0007872341,0.0013302666
14862,9.301173e-05,0.0007435027,0.0011638614
14863,6.881189e-05,0.0007010821,0.00085304823
14864,5.431372e-05,0.0006769395,0.00066221465
14865,3.8014237e-05,0.00063446834,0.0004613044
14866,2.5498319e-05,0.0005899872,0.00030845712
14867,1.7304616e-05,0.00055247016,0.00020789364
14868,2.1531523e-05,0.0006104081,0.0002740262
14869,1.7101032e-05,0.00059360143,0.00021258337
14870,1.2969318e-05,0.0005716855,0.00015780354
14871,8.1551225e-06,0.00053149473,9.867406e-05
14872,5.5531054e-06,0.0004982529,6.594427e-05
14873,5.014022e-06,0.0005222449,6.378156e-05
14874,4.4859635e-06,0.0005457376,6.123625e-05
14875,3.248343e-06,0.0005096673,4.2370757e-05
14876,2.4635121e-06,0.0004772967,3.041865e-05
14877,1.9366155e-06,0.00044834812,2.2572334e-05
14878,1.5378724e-06,0.00042536765,1.7066322e-05
14879,1.2662123e-06,0.00037218744,1.27646545e-05
14880,2.647343e-06,0.00047172894,3.2320433e-05
14881,2.3185598e-06,0.0004265196,2.6466549e-05
14882,2.2070526e-06,0.00038865494,2.3834787e-05
14883,1.8200847e-06,0.0003659684,1.847845e-05
14884,2.387976e-06,0.00037571767,2.515657e-05
14885,1.852393e-06,0.00035960187,1.8691313e-05
14886,1.3518696e-06,0.0003413608,1.3159787e-05
14887,1.2034109e-06,0.0003420749,1.1592138e-05
14888,1.1708013e-06,0.0003476949,1.12357375e-05
14889,1.2290085e-06,0.00037426598,1.24031485e-05
14890,1.0059354e-06,0.0003493525,9.492021e-06
14891,7.323708e-07,0.00033041032,6.6535804e-06
14892,7.730699e-07,0.0003510559,7.2700573e-06
14893,7.725806e-07,0.00033449457,7.0157303e-06
14894,6.379188e-07,0.00031075545,5.4008283e-06
14895,4.5344433e-07,0.00029304804,3.7030438e-06
14896,3.7675028e-07,0.0002654418,2.8343645e-06
14897,3.5161545e-07,0.0002388663,2.482428e-06
14898,3.0258653e-07,0.00021007237,1.9648642e-06
14899,5.161221e-07,0.0002470861,3.8295557e-06
14900,4.1998263e-07,0.00023775607,2.968573e-06
14901,3.509893e-07,0.0002324159,2.3946207e-06
14902,2.9101332e-07,0.00022868738,1.933793e-06
14903,3.3006893e-07,0.00023353504,2.217299e-06
14904,3.01469e-07,0.00021049437,1.8975572e-06
14905,2.524927e-07,0.00020293308,1.5124855e-06
14906,3.177645e-07,0.00021853429,1.995647e-06
14907,2.6459108e-07,0.00021173766,1.5876028e-06
14908,2.1840047e-07,0.0002058181,1.2559187e-06
14909,5.692808e-07,0.0002861286,4.225229e-06
14910,5.139506e-07,0.0002742732,3.6435295e-06
14911,3.6790817e-07,0.00026158892,2.542394e-06
14912,2.9675982e-07,0.0002566143,2.006284e-06
14913,2.5128634e-07,0.0002571596,1.6955355e-06
14914,1.9804204e-07,0.00024654227,1.2765056e-06
14915,1.7174187e-07,0.00021533913,1.0139919e-06
14916,1.3907443e-07,0.0002077904,7.845563e-07
14917,1.1845026e-07,0.00018940157,6.196462e-07
14918,1.0151091e-07,0.00017835225,4.9947073e-07
14919,9.0891824e-08,0.00016809774,4.2337552e-07
14920,7.879828e-08,0.00015598985,3.4382586e-07
14921,8.391535e-08,0.00014804055,3.5790373e-07
14922,7.459973e-08,0.00014552908,3.068606e-07
14923,7.4701326e-08,0.00014324037,3.0102737e-07
14924,7.215885e-08,0.00013673605,2.8206995e-07
14925,6.367688e-08,0.00012818066,2.3493028e-07
14926,5.5718342e-08,0.00012584934,1.9775703e-07
14927,4.986498e-08,0.00012298964,1.7019777e-07
14928,5.6878e-08,0.0001273977,1.9797066e-07
14929,5.898655e-08,0.00012859367,2.0430666e-07
14930,5.3469204e-08,0.00012335618,1.771397e-07
14931,4.5489745e-08,0.0001231833,1.4689654e-07
14932,3.851986e-08,0.00012295695,1.2130249e-07
14933,3.2297184e-08,0.00012262935,9.928686e-08
14934,3.152333e-08,0.00012533071,9.6212695e-08
14935,2.9310856e-08,0.000118719836,8.559339e-08
14936,2.8875402e-08,0.00012006321,8.3373436e-08
14937,2.4671888e-08,0.0001200283,6.95141e-08
14938,2.0740655e-08,0.00012003562,5.7231187e-08
14939,1.9800217e-08,0.0001210221,5.3752615e-08
14940,2.3971701e-08,0.00012551644,6.715113e-08
14941,2.158755e-08,0.000114352195,5.693906e-08
14942,1.9506858e-08,0.00011021602,4.9312685e-08
14943,1.766538e-08,0.00010555757,4.273124e-08
14944,1.5866679e-08,9.750743e-05,3.626354e-08
14945,1.4252347e-08,8.905174e-05,3.0696395e-08
14946,4.6380183e-08,0.00013500353,1.3853722e-07
14947,7.5116525e-08,0.000157131,2.5302793e-07
14948,2.1498603e-07,0.00022732833,9.66946e-07
14949,2.3295676e-07,0.00022908449,1.0516729e-06
14950,2.0747616e-07,0.00021060355,8.824109e-07
14951,1.8731751e-07,0.00020387606,7.654268e-07
14952,1.5866303e-07,0.00020402354,6.356348e-07
14953,1.4082818e-07,0.00020288315,5.48226e-07
14954,1.2685987e-07,0.00019931314,4.7728525e-07
14955,1.4639454e-07,0.00020773038,5.6539557e-07
14956,2.24912e-07,0.00023516318,9.636956e-07
14957,1.9898236e-07,0.00023434691,8.3007177e-07
14958,1.8027713e-07,0.00022544053,7.21698e-07
14959,1.6359635e-07,0.00021945004,6.314299e-07
14960,1.485525e-07,0.00021500376,5.543074e-07
14961,1.3454745e-07,0.00021262413,4.8724655e-07
14962,1.9180789e-07,0.00023960909,7.5923504e-07
14963,1.7538304e-07,0.00022863745,6.658882e-07
14964,1.5995776e-07,0.00021820723,5.8239596e-07
14965,1.616272e-07,0.00021133051,5.774347e-07
14966,1.4646812e-07,0.00019607518,4.970166e-07
14967,1.3334974e-07,0.00019629954,4.421275e-07
14968,1.2221342e-07,0.0001947004,3.9440246e-07
14969,1.1137907e-07,0.0001947934,3.5113106e-07
14970,1.0179009e-07,0.00019458229,3.1332877e-07
14971,9.3391655e-08,0.00019373267,2.803806e-07
14972,8.4931656e-08,0.00019464138,2.4969214e-07
14973,7.7959314e-08,0.00019416303,2.2377704e-07
14974,9.106084e-08,0.0002097476,2.726816e-07
14975,1.12311845e-07,0.00022410548,3.529083e-07
14976,1.563251e-07,0.00025322023,5.3591504e-07
14977,1.8023175e-07,0.00026833962,6.39139e-07
14978,1.6610416e-07,0.00026346947,5.720688e-07
14979,1.5444127e-07,0.00025844906,5.171693e-07
14980,1.466802e-07,0.0002489851,4.7666936e-07
14981,1.3537569e-07,0.00023772752,4.2362353e-07
14982,1.6698661e-07,0.00025173178,5.4725814e-07
14983,2.0569793e-07,0.0002722306,7.1393e-07
14984,1.8933079e-07,0.0002576784,6.309628e-07
14985,1.8185486e-07,0.0002506429,5.931499e-07
14986,4.7514336e-06,0.00088222563,4.073097e-05
14987,1.794375e-05,0.0014798231,0.00022678355
14988,1.560961e-05,0.0013531107,0.00018693737
14989,1.3686276e-05,0.0012837128,0.00015739069
14990,1.2002481e-05,0.0012310587,0.0001330833
14991,1.0571805e-05,0.0011799328,0.0001129689
14992,9.336189e-06,0.0011336677,9.622544e-05
14993,8.236218e-06,0.0010972455,8.2118364e-05
14994,7.311445e-06,0.0010563295,7.0353235e-05
14995,6.513681e-06,0.000989573,5.9887698e-05
14996,5.9135673e-06,0.0009302376,5.2260937e-05
14997,7.548082e-06,0.0010104304,7.129348e-05
14998,1.343006e-05,0.0012594315,0.00014997121
14999,1.2043601e-05,0.0011740614,0.00012891542
15000,1.0686629e-05,0.001101062,0.000109403176
15001,9.513237e-06,0.0010320849,9.31292e-05
15002,8.5058255e-06,0.0009889565,8.025641e-05
15003,7.6282086e-06,0.000942117,6.923324e-05
15004,6.8562813e-06,0.0009063541,6.0071365e-05
15005,6.17904e-06,0.00086541707,5.2128977e-05
15006,5.8004302e-06,0.0008396046,4.788374e-05
15007,5.2372957e-06,0.0007930242,4.147973e-05
15008,4.80179e-06,0.00075169746,3.6679292e-05
15009,1.9271136e-05,0.0012671835,0.00021881946
15010,3.440659e-05,0.0015649338,0.00045665246
15011,3.0949224e-05,0.0014687597,0.00039697968
15012,3.9642637e-05,0.0015712304,0.00053793704
15013,3.691969e-05,0.0014778256,0.00048555087
15014,3.5627567e-05,0.0014166047,0.00045886583
15015,3.4153287e-05,0.001362061,0.00043063672
15016,4.02372e-05,0.0014371363,0.0005290444
15017,3.5367895e-05,0.0013207021,0.00044373528
15018,3.1050815e-05,0.0012173214,0.00037122265
15019,2.8176004e-05,0.001150727,0.0003257088
15020,2.577789e-05,0.0010956841,0.00028910706
15021,5.2869884e-05,0.0014402308,0.0007163187
15022,4.946126e-05,0.0013560465,0.0006507682
15023,4.4221924e-05,0.0012662885,0.000560358
15024,5.1493127e-05,0.0013002875,0.0006688577
15025,0.0001738671,0.0020385424,0.0028130105
15026,0.0001394304,0.0017590763,0.002152037
15027,0.00023006389,0.0020615219,0.0036821384
15028,0.00057363306,0.0027420868,0.008086728
15029,0.0028419506,0.004466771,0.0152621465
15030,0.013309195,0.0075991014,0.017178494
15031,0.006861067,0.0067009567,0.016685149
15032,0.0035333587,0.0046620322,0.0154645415
15033,0.0024028,0.0032816553,0.0140613625
15034,0.0022096746,0.0026046056,0.013444642
15035,0.001573776,0.001871234,0.011479338
15036,0.0010646716,0.0013446884,0.008915937
15037,0.0007547689,0.0010357773,0.0066644996
15038,0.0005723521,0.0008558992,0.0050619314
15039,0.0004604495,0.000737019,0.003977458
15040,0.00038193382,0.0006660207,0.0032121132
15041,0.0003256463,0.00061543286,0.002659129
15042,0.00028463086,0.00057105324,0.0022485135
15043,0.0002519016,0.00054029643,0.0019310359
15044,0.00060042145,0.0007495505,0.0048410203
15045,0.0020638627,0.0011500345,0.011513667
15046,0.0015582114,0.0008933002,0.009572294
15047,0.0011322991,0.000711413,0.0074160965
15048,0.0008581247,0.00059189065,0.0056978827
15049,0.00069036166,0.0005150005,0.004516351
15050,0.001107831,0.00058958627,0.0067728194
15051,0.00097443693,0.0005242113,0.0058892434
15052,0.0008593675,0.00046375074,0.0051016705
15053,0.0013010441,0.00051706925,0.007147704
15054,0.0010193486,0.0004440075,0.0056362054
15055,0.0008347538,0.0003983807,0.0045590308
15056,0.00070588756,0.00036607267,0.0037724501
15057,0.001476296,0.0004873358,0.007333711
15058,0.0028309906,0.0005900097,0.0109587135
15059,0.001977588,0.00046627555,0.008515547
15060,0.0015378274,0.0004011638,0.006818964
15061,0.0012078027,0.0003540761,0.005374049
15062,0.0009835318,0.00032474764,0.0043267147
15063,0.00083630194,0.00030180273,0.0035972616
15064,0.00072278467,0.00028789224,0.0030405282
15065,0.00063304725,0.00027870847,0.0026068825
15066,0.0005677464,0.00026970412,0.0022839082
15067,0.0005064409,0.00026605977,0.0020004557
15068,0.00045590466,0.00026404936,0.0017704485
15069,0.0010861275,0.00038225745,0.0045840507
15070,0.0011859484,0.000395979,0.0049201893
15071,0.0009691064,0.0003687386,0.0039753243
15072,0.00082756166,0.000349312,0.00332546
15073,0.00072259415,0.0003353729,0.0028397532
15074,0.000636675,0.00032639943,0.002451748
15075,0.00068631885,0.00034354912,0.002656594
15076,0.0006086483,0.00033553917,0.0023091575
15077,0.0005393135,0.00033092345,0.002012317
15078,0.0004769975,0.0003283609,0.001755677
15079,0.00043812435,0.00032674836,0.0015868985
15080,0.0005111718,0.0003470832,0.0018959389
15081,0.00051135046,0.00034424858,0.0018825098
15082,0.00066385657,0.00038090246,0.0025290153
15083,0.004459366,0.0008260036,0.012168768
15084,0.022127088,0.0020970218,0.017084565
15085,0.014985112,0.0033727624,0.016549867
15086,0.01073247,0.004147451,0.015791066
15087,0.007936477,0.0043374724,0.014777795
15088,0.005140604,0.0038683903,0.012769516
15089,0.002977343,0.0030657602,0.009572141
15090,0.003189457,0.0030522798,0.009882191
15091,0.0039121225,0.0031609787,0.010965301
15092,0.0025106692,0.0025835284,0.008157126
15093,0.0017407477,0.0021870434,0.006009132
15094,0.0012851572,0.0019251168,0.00452219
15095,0.001008988,0.001755464,0.0035447523
15096,0.00074324734,0.0015923559,0.0026360375
15097,0.00063065666,0.0015182256,0.002209574
15098,0.0007481677,0.0016539446,0.0027112917
15099,0.0016299086,0.002271335,0.0060064243
15100,0.0012533419,0.002004211,0.004653679
15101,0.001049403,0.0018537587,0.0038755108
15102,0.0012230388,0.001967904,0.0045278594
15103,0.0040802155,0.0031274983,0.011326313
15104,0.0034580724,0.0029100992,0.010352652
15105,0.0022205745,0.002416152,0.007717172
15106,0.0014627214,0.0020134365,0.005458361
15107,0.0011277333,0.0017996982,0.004228537
15108,0.0008998274,0.0016517637,0.0033557524
15109,0.00071881147,0.0015339856,0.0026676953
15110,0.0005525495,0.0014140102,0.002054736
15111,0.00043860558,0.0013276442,0.0016298488
15112,0.003263698,0.0030183236,0.0106479395
15113,0.0023034888,0.0024710633,0.008367141
15114,0.001659377,0.002077587,0.0063392646
15115,0.0013125633,0.0018454574,0.005059377
15116,0.0010369489,0.001667093,0.0039865994
15117,0.0017825575,0.0020620814,0.0066270204
15118,0.0038262878,0.002703413,0.011090226
15119,0.007036082,0.003436861,0.014108447
15120,0.0044223964,0.0029663804,0.0116301505
15121,0.0028833437,0.002454197,0.008900219
15122,0.0022801259,0.0021875277,0.0073772143
15123,0.013073047,0.0048491266,0.016036019
15124,0.02820467,0.013968825,0.017284105
15125,0.028495913,0.037340906,0.017310672
15126,0.014633633,0.03940988,0.016776154
15127,0.0038176628,0.022591615,0.013654873
15128,0.0014080319,0.012111196,0.008698802
15129,0.000676593,0.007906777,0.0050564064
15130,0.00043558524,0.0061832904,0.0033836171
15131,0.00030772146,0.005203913,0.002413721
15132,0.0005229764,0.0061241123,0.0043135257
15133,0.0012739962,0.007929044,0.009053982
15134,0.0007577441,0.005643652,0.0061233602
15135,0.0005392507,0.004463655,0.0044481354
15136,0.00045694117,0.0038949095,0.003753439
15137,0.00035523306,0.003403604,0.0028940826
15138,0.00026928302,0.0030336669,0.002189532
15139,0.00019471339,0.0026973344,0.0015911332
15140,0.00016850751,0.002529822,0.0013511495
15141,0.00014090276,0.0024056146,0.0011186909
15142,0.00052665087,0.0040253093,0.0048926696
15143,0.0004358849,0.0035476557,0.004087036
15144,0.00031830833,0.0030485413,0.0029972105
15145,0.0002463758,0.0027332483,0.0023014168
15146,0.0001755206,0.0024217744,0.0016481266
15147,0.00014704886,0.0022848707,0.0013594287
15148,0.00014649094,0.0023444535,0.001409542
15149,0.0001617791,0.002495735,0.001642969
15150,0.00013798136,0.0023365696,0.0013708088
15151,0.00012022197,0.0021892283,0.0011650291
15152,0.00012193549,0.002181852,0.0011900233
15153,8.793351e-05,0.001991279,0.000860469
15154,0.00016213291,0.002515097,0.0018089182
15155,0.00014992901,0.0023552086,0.0016448521
15156,0.00012480534,0.0022175119,0.0013464022
15157,9.592859e-05,0.002065321,0.0010285123
15158,0.000105824874,0.002102173,0.001157886
15159,0.00012917495,0.0022178807,0.0014687355
15160,0.000104607534,0.0020880138,0.0011719082
15161,8.377038e-05,0.0019767056,0.00092766323
15162,6.958888e-05,0.0018976511,0.0007592668
15163,5.9846545e-05,0.001834349,0.0006408593
15164,5.0190392e-05,0.0017781847,0.0005300969
15165,3.983048e-05,0.0017060083,0.00041747815
15166,2.9104483e-05,0.0015968129,0.00030458957
15167,2.5247746e-05,0.001563586,0.0002594003
15168,2.1070704e-05,0.0015285693,0.00021366426
15169,2.8702116e-05,0.0017130125,0.00031704927
15170,3.0666106e-05,0.0018539262,0.00036833854
15171,2.696292e-05,0.0017200452,0.0003107647
15172,2.3145776e-05,0.0016710919,0.0002608752
15173,1.8899118e-05,0.0016194438,0.00020978581
15174,1.4028173e-05,0.0015298404,0.0001545127
15175,1.0238812e-05,0.0014395602,0.000111851085
15176,7.494441e-06,0.0013572696,8.101603e-05
15177,5.465317e-06,0.0012789485,5.8349193e-05
15178,4.7339686e-06,0.0011509503,4.7429367e-05
15179,3.5959351e-06,0.0011001165,3.543424e-05
15180,2.8231677e-06,0.0010593303,2.7222204e-05
15181,2.1831768e-06,0.0010158528,2.0596812e-05
15182,1.7198297e-06,0.0009770544,1.581544e-05
15183,1.3153942e-06,0.0009331455,1.1808756e-05
15184,9.688373e-07,0.00088236306,8.50369e-06
15185,7.654843e-07,0.0008450406,6.50151e-06
15186,6.5708434e-07,0.00078662526,5.2618066e-06
15187,5.3407024e-07,0.0007570696,4.125676e-06
15188,1.2686174e-06,0.0009953266,1.2313516e-05
15189,1.8179024e-05,0.0026761505,0.00037616643
15190,1.6900844e-05,0.0024158,0.00033541236
15191,1.6509484e-05,0.0022169843,0.00031736898
15192,9.843001e-05,0.004207391,0.0027399885
15193,7.752463e-05,0.0034570803,0.002054665
15194,4.936391e-05,0.0028552946,0.0012635526
15195,3.767873e-05,0.0024164654,0.0008927933
15196,6.67203e-05,0.0028286455,0.0017464757
15197,5.6216417e-05,0.0023766544,0.0013773857
15198,4.545868e-05,0.002002506,0.0010332256
15199,0.00013487178,0.0027969033,0.003492927
15200,0.00017338629,0.0027526973,0.0043673986
15201,0.00015324344,0.0022387141,0.003677275
15202,0.000114616814,0.0017496421,0.0025714077
15203,0.00028404783,0.0022782974,0.006148604
15204,0.0001925097,0.001634166,0.004058783
15205,0.00014241468,0.0012759158,0.0028217598
15206,0.00011089106,0.0010901066,0.0020726076
15207,8.587461e-05,0.0009925805,0.0015510746
15208,9.431567e-05,0.0010239279,0.0017215547
15209,9.362773e-05,0.0010265661,0.0017125946
15210,0.00010421497,0.0010046447,0.0018817544
15211,8.449226e-05,0.00089115667,0.001436644
15212,5.9934293e-05,0.0008155296,0.0009978213
15213,6.0290593e-05,0.0008688202,0.0010854343
15214,4.941014e-05,0.0007924892,0.0008377363
15215,4.1386455e-05,0.00071895245,0.0006577659
15216,3.4888795e-05,0.00066825154,0.0005240572
15217,2.6840422e-05,0.0006378839,0.00039139576
15218,1.8826913e-05,0.0005983062,0.00026913127
15219,1.5772885e-05,0.0005698288,0.00021454951
15220,3.0201863e-05,0.0007336782,0.00048587972
15221,3.1725256e-05,0.0007090237,0.00050147425
15222,2.4089146e-05,0.00067203376,0.00036852944
15223,1.5888983e-05,0.00061926764,0.00023872394
15224,1.14786535e-05,0.00058279466,0.00016705274
15225,8.799311e-06,0.00055342633,0.00012280021
15226,7.342148e-06,0.00049098796,9.4122996e-05
15227,6.4103424e-06,0.000444688,7.6863515e-05
15228,5.4629772e-06,0.00041078916,6.124207e-05
15229,5.6229374e-06,0.0004081699,6.274553e-05
15230,1.643864e-05,0.0006052628,0.00024639137
15231,1.40280845e-05,0.00053287856,0.0001937973
15232,1.791684e-05,0.0005546695,0.00025668807
15233,1.5221127e-05,0.0005318821,0.00020839032
15234,1.787349e-05,0.00053498236,0.000247756
15235,1.7562086e-05,0.0005058265,0.0002349997
15236,7.821205e-05,0.0008743301,0.0014886019
15237,6.3481544e-05,0.00077824993,0.0011311794
15238,5.2352192e-05,0.0006845469,0.00086593605
15239,4.315035e-05,0.00064133806,0.0006784377
15240,3.3424174e-05,0.00061330333,0.00051307055
15241,4.2055737e-05,0.00069293694,0.0006924705
15242,3.4905835e-05,0.0006494364,0.00054524606
15243,2.9197785e-05,0.0006259733,0.00044029843
15244,2.2420048e-05,0.0005973974,0.00032744167
15245,1.3858001e-05,0.0005536268,0.00020073698
15246,8.860633e-06,0.0005157461,0.0001280876
15247,1.069149e-05,0.000545193,0.00015987652
15248,1.0221051e-05,0.0005001546,0.00014518501
15249,8.6561295e-06,0.00044123048,0.00011294482
15250,7.6191373e-06,0.00042154113,9.4737065e-05
15251,7.0247115e-06,0.00039988488,8.341547e-05
15252,5.7265274e-06,0.00038624482,6.51124e-05
15253,4.892824e-06,0.000353759,5.183519e-05
15254,4.313086e-06,0.00031737357,4.2508073e-05
15255,3.7332193e-06,0.00029216486,3.4417797e-05
15256,3.2546682e-06,0.00027638668,2.8384855e-05
15257,2.8474851e-06,0.00025716575,2.3364173e-05
15258,2.3361597e-06,0.00025404905,1.8626753e-05
15259,1.6864977e-06,0.00024516374,1.32308205e-05
15260,1.4681733e-06,0.00022583471,1.0782347e-05
15261,1.2963534e-06,0.00021148619,8.985965e-06
15262,1.1375533e-06,0.00020477317,7.5357225e-06
15263,7.891934e-07,0.00019642495,5.170716e-06
15264,5.8384484e-07,0.00019074832,3.749015e-06
15265,4.445744e-07,0.00018588785,2.7823492e-06
15266,3.6416714e-07,0.00018199837,2.1953497e-06
15267,2.8129134e-07,0.00017740291,1.6465618e-06
15268,5.539695e-07,0.00022052745,3.86586e-06
15269,8.0583055e-07,0.0002384114,6.0449624e-06
15270,6.964745e-07,0.00022023258,4.883381e-06
15271,6.017995e-07,0.00020017967,3.9226647e-06
15272,5.1892937e-07,0.0001802665,3.135007e-06
15273,4.3477982e-07,0.00017753217,2.5346772e-06
15274,3.3368048e-07,0.00017365896,1.8994979e-06
15275,2.630365e-07,0.0001702511,1.4548335e-06
15276,1.8944439e-07,0.00016412756,1.0262775e-06
15277,2.9392942e-07,0.00020927074,1.9027538e-06
15278,2.3471286e-07,0.00020268654,1.4588068e-06
15279,1.8746137e-07,0.00019584259,1.1155888e-06
15280,1.5993e-07,0.00017096548,8.6951684e-07
15281,2.2362914e-07,0.0001953086,1.3251563e-06
15282,2.9414477e-07,0.00020318704,1.823006e-06
15283,2.497392e-07,0.00018004357,1.4212707e-06
15284,9.3291044e-07,0.00027855946,7.5515395e-06
15285,1.2192853e-06,0.00031382806,1.0622182e-05
15286,9.828567e-07,0.0003028579,8.195271e-06
15287,8.239569e-07,0.00028942313,6.510475e-06
15288,9.982863e-07,0.00029017823,8.025668e-06
15289,1.856719e-06,0.00035165047,1.7459468e-05
15290,1.8440927e-05,0.0008196063,0.00032981543
15291,1.8751427e-05,0.00079493196,0.00033035738
15292,1.72656e-05,0.00074816047,0.00029268343
15293,1.7954562e-05,0.00073598715,0.00030035287
15294,1.5279022e-05,0.0006665037,0.00023801274
15295,1.3183188e-05,0.0005987803,0.00019157674
15296,1.535125e-05,0.00061453675,0.00022711253
15297,1.2998319e-05,0.00056134036,0.0001793594
15298,9.30829e-06,0.0005301393,0.0001249971
15299,6.3321104e-06,0.00049495295,8.2939005e-05
15300,4.6529876e-06,0.00046824268,5.8699374e-05
15301,3.3984713e-06,0.00044199935,4.1229512e-05
15302,3.0786744e-06,0.0004555573,3.8636295e-05
15303,2.3065083e-06,0.00042799537,2.7513173e-05
15304,1.8152191e-06,0.0004013634,2.0365014e-05
15305,1.5488299e-06,0.00035629,1.5956137e-05
15306,1.3002871e-06,0.00031815743,1.2298986e-05
15307,1.0915955e-06,0.00029190988,9.58189e-06
15308,1.027416e-06,0.00027458643,8.656296e-06
15309,9.479846e-07,0.00026007078,7.675194e-06
15310,8.097887e-07,0.00023722404,6.0870248e-06
15311,6.477469e-07,0.00023066973,4.6864266e-06
15312,5.135724e-07,0.00022407559,3.5792875e-06
15313,4.2458683e-07,0.00021698533,2.8264324e-06
15314,3.537266e-07,0.0002100057,2.2470997e-06
15315,3.0322957e-07,0.00018498217,1.7718708e-06
15316,3.0518726e-07,0.00017597544,1.7334988e-06
15317,2.7790128e-07,0.00016892448,1.5091488e-06
15318,2.4652127e-07,0.00016288436,1.2779269e-06
15319,2.4488827e-07,0.00016329283,1.2508223e-06
15320,4.4758073e-07,0.00019509488,2.6459154e-06
15321,3.8726643e-07,0.00017492316,2.1216567e-06
15322,3.4138984e-07,0.00016489108,1.7686584e-06
15323,3.0118278e-07,0.00016024042,1.4941919e-06
15324,4.4844074e-07,0.00018242311,2.4491283e-06
15325,4.0500396e-07,0.00016831423,2.092695e-06
15326,4.0909933e-07,0.00016043763,2.0566215e-06
15327,5.841216e-07,0.00017631147,3.180638e-06
15328,6.2126253e-07,0.0001776605,3.4008863e-06
15329,5.4009405e-07,0.00017653182,2.8656539e-06
15330,4.7761324e-07,0.0001738818,2.4445064e-06
15331,4.2402195e-07,0.00017107,2.0929026e-06
15332,3.772421e-07,0.0001684425,1.7968384e-06
15333,3.3557896e-07,0.00016637449,1.545009e-06
15334,3.000372e-07,0.00016383005,1.333842e-06
15335,2.6992288e-07,0.0001545776,1.1413174e-06
15336,2.4373287e-07,0.00014655304,9.825854e-07
15337,2.2107207e-07,0.00014249989,8.5778885e-07
15338,2.6081713e-07,0.00014860438,1.0467643e-06
15339,2.3165255e-07,0.00014903117,9.066547e-07
15340,2.0861938e-07,0.00014829129,7.93188e-07
15341,1.8638575e-07,0.00014856172,6.908143e-07
15342,1.6662169e-07,0.00014887382,6.021917e-07
15343,1.5180608e-07,0.00014594565,5.303115e-07
15344,1.3841733e-07,0.00014370328,4.6828436e-07
15345,1.2587289e-07,0.00014280716,4.1394946e-07
15346,1.1497588e-07,0.00014120666,3.6696764e-07
15347,1.05423744e-07,0.0001386303,3.2585797e-07
15348,9.6883284e-08,0.00013552599,2.8970362e-07
15349,8.8869e-08,0.00013448516,2.5849175e-07
15350,8.158728e-08,0.00013363516,2.3101647e-07
15351,7.524601e-08,0.00013143104,2.0674078e-07
15352,6.945607e-08,0.00012974617,1.854652e-07
15353,6.417869e-08,0.00012829877,1.6669877e-07
15354,5.942339e-08,0.00012444242,1.4923769e-07
15355,5.5121113e-08,0.000121107056,1.3405113e-07
15356,5.1218507e-08,0.00011844147,1.2085587e-07
15357,4.762563e-08,0.000115082104,1.08843466e-07
15358,4.4130136e-08,0.000109730536,9.7088694e-08
15359,4.075218e-08,0.00010342511,8.5969866e-08
15360,3.8457976e-08,0.0001031176,7.946201e-08
15361,3.5983714e-08,0.000101049925,7.2315565e-08
15362,3.3706836e-08,9.909059e-05,6.592093e-08
15363,3.1294398e-08,9.3804345e-05,5.885394e-08
15364,2.930359e-08,8.9269466e-05,5.317002e-08
15365,3.627154e-08,9.5415766e-05,6.9302025e-08
15366,3.4278973e-08,9.431844e-05,6.4016334e-08
15367,3.2258058e-08,9.323098e-05,5.884215e-08
15368,3.0383337e-08,9.2108785e-05,5.4139495e-08
15369,2.859168e-08,9.2186194e-05,4.9974158e-08
15370,2.6950076e-08,9.191638e-05,4.61619e-08
15371,2.5422718e-08,9.163354e-05,4.2680824e-08
15372,2.4006887e-08,9.116258e-05,3.948702e-08
15373,2.268855e-08,8.973775e-05,3.645373e-08
15374,2.1287798e-08,8.577492e-05,3.3087115e-08
15375,2.0022615e-08,8.689226e-05,3.0678603e-08
15376,1.8898005e-08,8.7614084e-05,2.8505589e-08
15377,1.7908542e-08,8.7267144e-05,2.6501375e-08
15378,1.6894857e-08,8.414981e-05,2.4281142e-08
15379,2.5775481e-08,9.825886e-05,4.167666e-08
15380,2.4676288e-08,9.567641e-05,3.903428e-08
15381,2.3393852e-08,9.403997e-05,3.6171805e-08
15382,2.2180055e-08,9.2088856e-05,3.349061e-08
15383,2.0937541e-08,8.8650835e-05,3.070105e-08
15384,1.9884652e-08,8.688728e-05,2.8494503e-08
15385,1.8880604e-08,8.482468e-05,2.641294e-08
15386,4.683831e-07,0.00028975174,1.688034e-06
15387,4.373027e-07,0.0002801852,1.5291674e-06
15388,4.0830264e-07,0.0002688163,1.3822255e-06
15389,3.854253e-07,0.00026045844,1.26946e-06
15390,3.6178835e-07,0.00025730627,1.1650068e-06
15391,3.397717e-07,0.0002515238,1.066385e-06
15392,3.1946084e-07,0.0002489831,9.81269e-07
15393,3.0042028e-07,0.00024746207,9.043948e-07
15394,2.8225335e-07,0.00023976708,8.2627463e-07
15395,2.6858274e-07,0.00023535965,7.69325e-07
15396,3.5019988e-07,0.00025756404,1.0748272e-06
15397,3.8642122e-07,0.00027030418,1.2222663e-06
15398,5.424401e-07,0.0003059519,1.8812091e-06
15399,5.085432e-07,0.00029545845,1.7133784e-06
15400,4.7776314e-07,0.00028662937,1.5665278e-06
15401,4.4993922e-07,0.00028041928,1.4399727e-06
15402,4.2386264e-07,0.00027350092,1.3229946e-06
15403,3.9885813e-07,0.0002646414,1.2112284e-06
15404,3.7642593e-07,0.00026386304,1.1228303e-06
15405,3.5541188e-07,0.0002575476,1.0347622e-06
15406,3.3571402e-07,0.00025101076,9.537295e-07
15407,3.4652786e-07,0.0002528136,9.859871e-07
15408,3.404866e-07,0.0002495955,9.570101e-07
15409,3.2406416e-07,0.00024334075,8.9113536e-07
15410,3.072027e-07,0.00023927697,8.2708027e-07
15411,2.9099556e-07,0.0002333907,7.652216e-07
15412,2.7625615e-07,0.0002297662,7.1174657e-07
15413,2.6240411e-07,0.00022609309,6.623744e-07
15414,2.667034e-07,0.00022680602,6.717772e-07
15415,3.4840042e-07,0.00025278475,9.4593526e-07
15416,3.309414e-07,0.00024964844,8.814454e-07
15417,3.143747e-07,0.00024527434,8.202295e-07
15418,2.980824e-07,0.00023833734,7.5926476e-07
15419,9.456478e-07,0.00037161692,3.3762633e-06
15420,1.2260351e-06,0.0004097651,4.7004824e-06
15421,3.3421784e-06,0.0006038785,1.7303428e-05
15422,3.206479e-06,0.0005889733,1.6285483e-05
15423,3.0030133e-06,0.0005771471,1.49165435e-05
15424,2.8546517e-06,0.0005602691,1.3866866e-05
15425,2.6747844e-06,0.0005434017,1.2668742e-05
15426,7.0339674e-06,0.0007944952,4.448152e-05
15427,1.1952866e-05,0.0009804775,8.866136e-05
15428,1.1030471e-05,0.00094172196,7.9538986e-05
15429,1.0180943e-05,0.00090590987,7.138451e-05
15430,9.682668e-06,0.00087896886,6.654772e-05
15431,1.1083366e-05,0.0009284289,7.933334e-05
15432,1.447855e-05,0.0010361782,0.000112514215
15433,1.3766528e-05,0.001005928,0.000104929284
15434,1.4295631e-05,0.0010221,0.000110316934
15435,1.3140082e-05,0.0009771042,9.840324e-05
15436,1.2114847e-05,0.00094151165,8.8273315e-05
15437,1.1185377e-05,0.00090683927,7.9289064e-05
15438,2.5248866e-05,0.0012433763,0.00022731547
15439,2.4247318e-05,0.0012178323,0.00021700928
15440,2.3187338e-05,0.0011953543,0.00020598972
15441,2.1253123e-05,0.0011407518,0.0001834079
15442,1.9423547e-05,0.0010927876,0.00016275096
15443,2.459587e-05,0.0011817326,0.00021934202
15444,2.639554e-05,0.0012145048,0.0002399123
15445,2.4026189e-05,0.0011577341,0.00021172779
15446,2.1941425e-05,0.0011147748,0.00018806572
15447,2.0181538e-05,0.0010660812,0.00016803581
15448,2.0447138e-05,0.0010727975,0.0001711612
15449,2.4609233e-05,0.001154715,0.00021815472
15450,6.0276667e-05,0.0016085228,0.00067665265
15451,5.353518e-05,0.0015101985,0.0005805441
15452,4.780652e-05,0.0014117298,0.00049996946
15453,4.2928656e-05,0.0013375166,0.00043459347
15454,3.8681024e-05,0.0012858339,0.00038076326
15455,4.1512896e-05,0.0013146721,0.00041657605
15456,3.7478436e-05,0.001254725,0.0003648008
15457,3.3949134e-05,0.0011964029,0.000320394
15458,3.0854666e-05,0.0011479435,0.00028286985
15459,2.808623e-05,0.0011146183,0.00025107415
15460,2.5645017e-05,0.0010682693,0.0002226106
15461,2.3475506e-05,0.0010342057,0.00019850789
15462,2.1900581e-05,0.0009991513,0.00018100074
15463,4.2936408e-05,0.001297613,0.00042830285
15464,0.000118451986,0.0019218861,0.0015069958
15465,0.00013857936,0.001984242,0.0018110159
15466,0.00014586901,0.0019539995,0.0019077319
15467,0.00012879207,0.0017752033,0.0016259799
15468,0.000110373534,0.0016364716,0.0013439012
15469,9.783e-05,0.0015217685,0.001153606
15470,8.5784515e-05,0.0014091389,0.0009736104
15471,7.5862976e-05,0.0013098543,0.0008289241
15472,6.9735965e-05,0.0012736982,0.0007469846
15473,0.00010945636,0.0015101611,0.0012996444
15474,9.5585456e-05,0.0014058156,0.0010947278
15475,8.500009e-05,0.0013399617,0.00094634446
15476,0.00040157785,0.0023943346,0.0052577564
15477,0.000327012,0.0019795452,0.004189223
15478,0.0002796486,0.0017588629,0.0035066071
15479,0.0002487912,0.0015779363,0.003030831
15480,0.0006813434,0.0022311031,0.007621217
15481,0.00050506357,0.0017420539,0.0057747355
15482,0.0003839709,0.0014177009,0.0043280697
15483,0.00030518597,0.0012378641,0.0033587145
15484,0.00023445097,0.0011212267,0.0025513938
15485,0.0002002928,0.0010194972,0.0020999417
15486,0.00017031237,0.0009653159,0.0017398046
15487,0.000147443,0.00092318584,0.0014673272
15488,0.00013027963,0.0008839617,0.0012603212
15489,0.00012457183,0.00085451675,0.0011815879
15490,0.000107574255,0.0008364898,0.0010024162
15491,9.599033e-05,0.00081856304,0.00087486685
15492,8.635971e-05,0.000802359,0.0007698785
15493,0.00013990697,0.00096788106,0.00138353
15494,0.00027304387,0.0012411178,0.0029599348
15495,0.00023029314,0.0011057326,0.0024023112
15496,0.0001984369,0.0010087696,0.0019946257
15497,0.00017147326,0.0009562053,0.0016766778
15498,0.00014549175,0.00092157954,0.001395246
15499,0.00015464723,0.0009285677,0.0014871331
15500,0.00026623617,0.0011241161,0.0027503925
15501,0.00022356253,0.0010419488,0.0022468197
15502,0.00017523166,0.0009759811,0.0017432286
15503,0.00016614074,0.00093425496,0.0016169486
15504,0.00013601496,0.00089781417,0.0013062862
15505,0.00011609282,0.0008748839,0.0010960012
15506,0.000101656195,0.00085742504,0.0009413917
15507,8.89949e-05,0.0008447039,0.0008100636
15508,0.00010254247,0.0009297245,0.0009819934
15509,0.00013396521,0.0010279411,0.0013551266
15510,0.000118571596,0.001007732,0.0011828421
15511,9.5067e-05,0.0009700052,0.0009396906
15512,7.271856e-05,0.0009248455,0.00071624893
15513,5.9893966e-05,0.0009054424,0.00058394007
15514,5.3987005e-05,0.00088575005,0.0005137828
15515,9.93681e-05,0.0011652743,0.0011127179
15516,0.00023891233,0.0016128869,0.0030567653
15517,0.00022484828,0.0015664914,0.002877801
15518,0.00016103164,0.0013944879,0.0020552909
15519,0.00013585143,0.0012903092,0.0016755194
15520,0.0003241272,0.001784108,0.004307071
15521,0.00049877964,0.0019605411,0.006272584
15522,0.0004889726,0.0017355632,0.0059757265
15523,0.0009477672,0.0020676353,0.009517148
15524,0.0020693424,0.0023760719,0.0132608125
15525,0.0012239793,0.0015753018,0.010188123
15526,0.00068978325,0.0011407898,0.0068668886
15527,0.000394002,0.000913728,0.0043120827
15528,0.00027177215,0.00083441124,0.003143213
15529,0.00017405122,0.0007342364,0.0020541165
15530,0.00013373094,0.00068861595,0.0015582307
15531,0.00011697971,0.00064113707,0.0013075483
15532,0.000108974215,0.000616806,0.0011852329
15533,0.00011139352,0.00061520655,0.001205507
15534,0.00010236853,0.0006086597,0.0010890664
15535,7.6052376e-05,0.0005781548,0.0008058151
15536,6.0735143e-05,0.0005640638,0.0006363146
15537,4.8230777e-05,0.0005513354,0.0005001242
15538,4.2838208e-05,0.00054400007,0.00043284986
15539,4.446697e-05,0.00057250884,0.00045742182
15540,0.00028531862,0.0011628625,0.0040210537
15541,0.00022461428,0.0010052904,0.003059442
15542,0.00015092368,0.0008808331,0.0020659894
15543,0.00012759311,0.0008018503,0.0016683107
15544,0.00011631243,0.00074588263,0.001466553
15545,0.00026339086,0.0009924369,0.003616337
15546,0.00015843194,0.00086193735,0.0022444904
15547,0.00013272415,0.0007668702,0.0017845319
15548,8.924565e-05,0.0006931284,0.0011999471
15549,6.1762126e-05,0.00064039906,0.0008257702
15550,5.0532664e-05,0.00062012573,0.0006577064
15551,4.423753e-05,0.00058017374,0.00054806744
15552,3.92462e-05,0.0005372357,0.00046223137
15553,2.919421e-05,0.0005163482,0.00034007579
15554,2.0514768e-05,0.0004894334,0.00023715882
15555,1.9543037e-05,0.00050744024,0.0002284752
15556,1.6913018e-05,0.0005076765,0.0001951141
15557,1.2409642e-05,0.00048734975,0.0001410452
15558,1.0501327e-05,0.0004770769,0.00011531507
15559,9.157196e-06,0.00043481722,9.420723e-05
15560,8.083301e-06,0.00041191556,7.9081925e-05
15561,7.1364275e-06,0.0003985423,6.695863e-05
15562,6.9971766e-06,0.00042289766,6.7812456e-05
15563,6.003464e-06,0.00041655553,5.6331373e-05
15564,5.416405e-06,0.0003887948,4.8380694e-05
15565,4.3635423e-06,0.00038345004,3.8167378e-05
15566,3.4587451e-06,0.00037674193,2.9641336e-05
15567,2.810165e-06,0.0003711851,2.3498267e-05
15568,2.7577034e-06,0.00037892535,2.2957109e-05
15569,1.842998e-06,0.000356956,1.5216708e-05
15570,1.3694281e-06,0.0003443121,1.1070556e-05
15571,1.0803797e-06,0.00033518425,8.475423e-06
15572,8.9847026e-07,0.00032639154,6.7751776e-06
15573,9.218706e-07,0.00031548686,6.8007735e-06
15574,9.390748e-07,0.00030143128,6.7451138e-06
15575,8.2056005e-07,0.00028980756,5.619068e-06
15576,8.3204424e-07,0.00028174112,5.6043023e-06
15577,7.634991e-07,0.0002746325,4.9624655e-06
15578,5.6247103e-07,0.00026552062,3.594322e-06
15579,4.2840642e-07,0.00025811684,2.6759924e-06
15580,3.202888e-07,0.0002495887,1.9549889e-06
15581,2.325665e-07,0.00023951143,1.3876428e-06
15582,1.7732081e-07,0.00023137515,1.0257785e-06
15583,1.4301001e-07,0.0002242055,7.942916e-07
15584,1.1942882e-07,0.00021612301,6.319558e-07
15585,1.157662e-07,0.00020545014,5.8916925e-07
15586,1.04731605e-07,0.00018679707,4.993688e-07
15587,9.105441e-08,0.00017385113,4.0748722e-07
15588,8.4153776e-08,0.00016470536,3.5931478e-07
15589,7.49578e-08,0.00015231993,3.010986e-07
15590,6.585747e-08,0.00013730643,2.4632982e-07
15591,5.0093718e-08,0.00013449388,1.8405525e-07
15592,4.4035882e-08,0.00012416509,1.5181989e-07
15593,3.1658846e-08,0.00012027955,1.0772981e-07
15594,2.536288e-08,0.00011854372,8.40174e-08
15595,2.0955222e-08,0.00011688899,6.721065e-08
15596,1.6474978e-08,0.000114884424,5.1590018e-08
15597,1.3677229e-08,0.00011292671,4.1340307e-08
15598,1.125173e-08,0.00011102216,3.2877537e-08
15599,9.653891e-09,0.00010817642,2.7007605e-08
15600,8.44435e-09,0.00010031953,2.2162698e-08
15601,1.1552254e-08,0.00010505152,3.1969222e-08
15602,1.0064645e-08,9.461109e-05,2.5876046e-08
15603,8.57064e-09,9.3750874e-05,2.1337659e-08
15604,7.4207445e-09,9.252638e-05,1.7826823e-08
15605,6.430706e-09,8.1783895e-05,1.42615555e-08
15606,5.6074803e-09,7.2695824e-05,1.1520013e-08
15607,4.9868114e-09,6.689411e-05,9.634515e-09
15608,4.469398e-09,6.2218896e-05,8.162264e-09
15609,4.0267634e-09,5.8499423e-05,6.9838983e-09
15610,3.7062582e-09,5.9341848e-05,6.317881e-09
15611,2.6630438e-09,5.8526202e-05,4.5941784e-09
15612,2.407347e-09,5.6646855e-05,3.982556e-09
15613,2.22602e-09,5.3291235e-05,3.5127439e-09
15614,2.0845419e-09,5.189226e-05,3.1805467e-09
15615,3.380752e-09,6.293567e-05,5.8906706e-09
15616,8.335455e-09,8.682997e-05,1.8589045e-08
15617,1.13019e-08,9.497662e-05,2.6971724e-08
15618,1.4458217e-08,0.00010010817,3.625531e-08
15619,1.5039314e-08,9.652669e-05,3.7089247e-08
15620,1.3340356e-08,8.775137e-05,3.082815e-08
15621,1.197391e-08,8.1462844e-05,2.6165239e-08
15622,1.1010063e-08,7.608654e-05,2.28993e-08
15623,1.9493783e-08,9.023687e-05,4.671602e-08
15624,1.8949512e-08,8.729262e-05,4.4139334e-08
15625,1.7584382e-08,8.6457854e-05,3.98274e-08
15626,1.5895289e-08,8.0507765e-05,3.4152e-08
15627,1.4450815e-08,8.008238e-05,3.0168835e-08
15628,1.303676e-08,8.16554e-05,2.6860679e-08
15629,1.4271223e-08,8.449813e-05,2.9834936e-08
15630,4.09613e-08,0.00012390714,1.14968586e-07
15631,3.720269e-08,0.00011728151,9.9653796e-08
15632,3.437735e-08,0.000114061775,8.893778e-08
15633,3.1384896e-08,0.000112258,7.862086e-08
15634,6.6376714e-08,0.0001437925,2.0277399e-07
15635,9.2911236e-08,0.00015918366,3.073066e-07
15636,8.069422e-08,0.00016016053,2.616692e-07
15637,6.560578e-08,0.00015984033,2.1018735e-07
15638,8.143578e-08,0.00017256358,2.742911e-07
15639,7.524386e-08,0.0001605484,2.4136077e-07
15640,6.856843e-08,0.00015781638,2.1289587e-07
15641,6.0564155e-08,0.0001585797,1.8394611e-07
15642,6.1897595e-08,0.00016391816,1.8880488e-07
15643,5.7900614e-08,0.00016364006,1.7272438e-07
15644,5.4681934e-08,0.00016855351,1.6269256e-07
15645,1.0866864e-07,0.00022663949,3.971865e-07
15646,9.547015e-08,0.00022668109,3.4086665e-07
15647,8.539997e-08,0.00022638327,2.9749e-07
15648,7.7518415e-08,0.00022114294,2.6078007e-07
15649,7.600987e-08,0.00021508566,2.497531e-07
15650,8.160401e-08,0.00021540186,2.6862855e-07
15651,8.198921e-08,0.00021120795,2.6551137e-07
15652,7.4726195e-08,0.00021167983,2.3675547e-07
15653,8.4117026e-08,0.00021516872,2.7061847e-07
15654,1.0327204e-07,0.00023191517,3.489745e-07
15655,9.39955e-08,0.00022987607,3.089504e-07
15656,9.2606655e-08,0.00023071132,3.0088216e-07
15657,8.418154e-08,0.00023575599,2.7209353e-07
15658,7.175329e-08,0.0002365881,2.2856234e-07
15659,6.372111e-08,0.00023734733,1.9878263e-07
15660,5.932962e-08,0.00023238777,1.7971314e-07
15661,5.5353002e-08,0.00022713674,1.6277109e-07
15662,5.0623246e-08,0.00022482437,1.4481593e-07
15663,4.6433865e-08,0.00021417504,1.2753895e-07
15664,8.977313e-08,0.0002726373,2.9589197e-07
15665,9.026651e-06,0.0015933617,0.00011575435
15666,8.05886e-06,0.0014633482,9.8310105e-05
15667,6.946072e-06,0.0013134874,7.946622e-05
15668,6.8125037e-06,0.0012472395,7.6001445e-05
15669,4.603766e-06,0.00115037,5.0865663e-05
15670,3.426528e-06,0.0010896849,3.7066173e-05
15671,2.6910868e-06,0.001043314,2.8274035e-05
15672,2.2746049e-06,0.0009964402,2.2870994e-05
15673,3.2336504e-06,0.00111203,3.5471086e-05
15674,2.7696947e-06,0.001006054,2.8402588e-05
15675,4.652704e-06,0.0012430883,5.5626726e-05
15676,4.068095e-06,0.0011264591,4.5832516e-05
15677,8.321569e-06,0.0014316059,0.000113827766
15678,2.259489e-05,0.0020763068,0.00040858178
15679,0.0008109234,0.007781347,0.012470708
15680,0.00035589113,0.004334563,0.007828989
15681,0.00017227454,0.0028835959,0.004300076
15682,0.00010495276,0.0022487107,0.0026044478
15683,7.410762e-05,0.001887434,0.0017470256
15684,5.6308287e-05,0.0016252508,0.00124035
15685,7.4073214e-05,0.0016672096,0.0016659296
15686,5.8472146e-05,0.0013911554,0.0012096231
15687,4.664532e-05,0.0011841785,0.00088709116
15688,4.1865173e-05,0.0010991463,0.00076082954
15689,3.2912594e-05,0.0010236804,0.000571417
15690,2.9822124e-05,0.00094155245,0.0004936651
15691,5.690284e-05,0.0011864403,0.0010921132
15692,4.87403e-05,0.0010617865,0.0008828618
15693,4.0020997e-05,0.0009164984,0.000667983
15694,3.3548313e-05,0.0008189622,0.0005217021
15695,2.8466418e-05,0.00075847836,0.0004177951
15696,2.4382934e-05,0.0006990497,0.00033699567
15697,2.033658e-05,0.0006747146,0.0002705558
15698,1.7351764e-05,0.00064831943,0.000221115
15699,1.5081974e-05,0.00060341303,0.00018160268
15700,1.3136229e-05,0.000552756,0.00014864106
15701,1.1403251e-05,0.0005370707,0.00012412781
15702,1.0044021e-05,0.0005011235,0.00010351599
15703,9.493602e-06,0.00047487736,9.419132e-05
15704,1.0264292e-05,0.00047228465,0.000101918304
