,0
0,0.0
1,0.0
2,0.0
3,0.0
4,0.0
5,0.0
6,0.0
7,2.4361483e-05
8,2.435979e-05
9,2.4358143e-05
10,0.00031848383
11,0.0013474473
12,0.0013466185
13,0.00134578
14,0.0013447397
15,0.0013437964
16,0.0013428627
17,0.0016541563
18,0.0016528779
19,0.0016515787
20,0.0016500946
21,0.0016487428
22,0.0016472618
23,0.0016458997
24,0.0016822127
25,0.0016805049
26,0.0016788035
27,0.0016773184
28,0.0016759512
29,0.0016746173
30,0.0016730118
31,0.0017925925
32,0.0023693356
33,0.0024712102
34,0.0024676279
35,0.0024647044
36,0.006562563
37,0.006573192
38,0.006559755
39,0.0065453625
40,0.012620719
41,0.012604789
42,0.012563259
43,0.012635163
44,0.012594523
45,0.012549258
46,0.01250721
47,0.043390807
48,0.043112427
49,0.12331912
50,0.17496866
51,0.17264612
52,0.35109088
53,0.3709555
54,0.4418172
55,0.42978525
56,0.41851875
57,2.5945144
58,3.3543825
59,7.261773
60,5.4457493
61,4.3212404
62,3.5536623
63,3.0193095
64,2.6473162
65,2.2751157
66,2.3959517
67,2.0799525
68,2.2852418
69,1.978494
70,1.7341813
71,1.5281467
72,1.354127
73,1.2233201
74,1.1406263
75,1.0829005
76,0.9766838
77,1.5398438
78,1.4197798
79,1.6726018
80,1.5189536
81,1.3156159
82,1.1575066
83,1.035827
84,0.9181429
85,0.88925046
86,1.2483386
87,1.1380512
88,1.0239745
89,1.0079705
90,1.46022
91,1.2679601
92,1.0984788
93,0.9737013
94,0.87791646
95,0.96660364
96,3.1854994
97,3.7987952
98,3.020175
99,2.5321662
100,2.0947137
101,1.6857105
102,1.3509735
103,1.1489167
104,1.0422555
105,0.96908534
106,0.8847886
107,0.7413092
108,0.70312464
109,0.9865117
110,1.331475
111,1.2058854
112,1.1643244
113,2.2131257
114,2.613064
115,2.2167163
116,2.0046632
117,1.9036127
118,2.1704426
119,1.9372116
120,1.6215796
121,1.428763
122,2.544655
123,2.308576
124,2.087149
125,1.7062247
126,1.8637516
127,1.8747336
128,1.7135642
129,1.621233
130,1.4369712
131,2.2271533
132,3.4026515
133,2.4541664
134,1.8997519
135,1.4477663
136,1.2481363
137,1.0822178
138,2.8224409
139,3.5291493
140,2.7858777
141,3.1983507
142,2.8227537
143,2.354808
144,2.1162148
145,1.8339466
146,1.5373454
147,1.5842791
148,1.244468
149,1.3683617
150,1.2618475
151,0.95486546
152,0.7715138
153,0.6405867
154,0.5136279
155,0.40149167
156,0.35352325
157,0.36406246
158,0.29575896
159,0.23863383
160,0.32383424
161,0.25647768
162,0.20503479
163,0.17651989
164,0.23533036
165,0.31840262
166,0.25603363
167,0.21842606
168,0.19323017
169,0.20462817
170,0.17375675
171,0.13063934
172,0.4169398
173,0.32268608
174,0.27715364
175,0.24921754
176,0.24210733
177,0.21095496
178,0.46788964
179,0.52717483
180,0.577231
181,3.728035
182,2.8239408
183,1.9427016
184,1.6965059
185,1.4526787
186,1.3107303
187,1.1151397
188,0.7541866
189,0.49747363
190,0.41242468
191,0.36457506
192,0.53194904
193,0.5358433
194,0.6080486
195,0.44536376
196,0.31509444
197,0.237414
198,0.18106344
199,0.14316802
200,0.118308365
201,0.091727905
202,0.09402595
203,0.1037593
204,0.12914556
205,0.115185395
206,0.09067067
207,0.07793519
208,0.06789776
209,0.087795965
210,0.08801132
211,0.09867304
212,0.1282008
213,0.36694777
214,0.36122128
215,0.30685177
216,0.26434237
217,0.23144324
218,0.20928283
219,0.18531354
220,0.16752192
221,0.15616581
222,0.13341074
223,0.122473836
224,0.11005675
225,0.10256272
226,0.095174514
227,0.08935215
228,0.08462043
229,0.07913149
230,0.07402056
231,0.07054647
232,0.06356841
233,0.05724499
234,0.05308131
235,0.04806579
236,0.045333676
237,0.04383382
238,0.03938642
239,0.038080946
240,0.05757363
241,0.08709456
242,0.10631329
243,0.09448954
244,0.12099095
245,0.118362576
246,0.11642635
247,0.113590546
248,0.111620486
249,0.109965354
250,0.10859247
251,0.15072484
252,0.14977817
253,0.17665945
254,0.19237578
255,0.30572805
256,0.2794587
257,0.25133887
258,0.25356933
259,0.24810852
260,0.24282902
261,0.22805661
262,0.20721081
263,0.24267976
264,0.22129062
265,0.3252406
266,0.33849832
267,0.37752625
268,0.35537806
269,0.3402403
270,0.33039504
271,0.31749243
272,0.3052275
273,0.3603417
274,0.34648708
275,0.3685934
276,0.40363064
277,0.380628
278,0.37750462
279,0.3659243
280,0.36469334
281,0.34896874
282,0.34009793
283,0.38143256
284,0.36938924
285,0.5901757
286,0.5595103
287,0.50953794
288,0.66166013
289,1.2008506
290,1.1751542
291,1.052846
292,0.9682856
293,0.9157759
294,0.91498566
295,0.87875795
296,1.444679
297,3.307783
298,2.8108315
299,2.4316633
300,2.2494833
301,1.929054
302,1.7247877
303,2.315031
304,2.3172152
305,2.4266984
306,1.934013
307,1.6716849
308,1.4031616
309,1.156227
310,1.0033877
311,0.9731192
312,0.84671277
313,0.7834248
314,0.722011
315,0.66874146
316,0.7985453
317,0.7759406
318,0.70240545
319,0.76388067
320,0.69254184
321,0.595972
322,0.6109421
323,0.652184
324,0.60955596
325,0.52771324
326,0.47716588
327,0.4321768
328,0.41379142
329,0.3869006
330,0.36522213
331,0.3605698
332,0.34653473
333,0.439045
334,0.46942648
335,0.42861164
336,0.4038305
337,0.3860324
338,0.35894963
339,1.3695155
340,1.169497
341,1.0312904
342,0.93672776
343,0.9958123
344,0.87907815
345,0.8186871
346,0.7013998
347,0.70696187
348,0.8507681
349,0.727064
350,0.63637847
351,0.5929542
352,0.54418695
353,0.5913146
354,0.57047284
355,0.53707063
356,0.51840293
357,0.48011014
358,0.46523175
359,0.44107193
360,0.4119925
361,0.3930412
362,0.35011396
363,0.33814418
364,0.32653624
365,0.31424713
366,0.30234304
367,0.2896449
368,0.27809545
369,0.26966706
370,0.25097314
371,0.2382911
372,0.22407791
373,0.21893604
374,0.2124429
375,0.2536434
376,0.39499795
377,0.37974435
378,0.36524457
379,0.3400785
380,0.32249343
381,0.3070786
382,0.31090927
383,0.29844862
384,0.28563535
385,0.2686667
386,0.25690413
387,0.24255124
388,0.23252489
389,0.21791397
390,0.20373222
391,0.19109547
392,0.1833591
393,0.17864725
394,0.17440163
395,0.166169
396,0.16120042
397,0.18161184
398,0.18077125
399,0.1721936
400,0.16538738
401,0.27865052
402,0.26983026
403,0.25843206
404,0.24545707
405,0.37385103
406,0.3572707
407,0.3344534
408,0.3147598
409,0.29754624
410,0.28466243
411,0.2681583
412,0.73349166
413,0.669478
414,2.1865919
415,3.0822678
416,2.406079
417,5.9979496
418,4.880747
419,4.9753156
420,3.453294
421,2.5782044
422,16.170477
423,16.262371
424,24.378609
425,19.433266
426,13.887274
427,9.782235
428,6.955684
429,5.0278625
430,3.6221852
431,3.9208362
432,2.960608
433,3.4816399
434,2.6824217
435,2.151859
436,1.7844827
437,1.517733
438,1.3111689
439,1.1763353
440,1.1143849
441,1.0191883
442,2.7020607
443,2.2386818
444,3.0321722
445,2.4870987
446,2.0286508
447,1.7029103
448,1.4613407
449,1.2770494
450,1.2833718
451,2.737586
452,2.2126224
453,1.8437816
454,1.8977177
455,4.037012
456,3.1018236
457,2.4730692
458,2.0385
459,1.7252803
460,2.2009733
461,11.241428
462,11.723304
463,9.1001215
464,6.8774786
465,5.1126695
466,3.8317335
467,2.9527946
468,2.3982794
469,2.0225053
470,1.7532834
471,1.5378764
472,1.3447015
473,1.4525037
474,2.921502
475,5.0438185
476,3.8618217
477,3.5333786
478,8.550092
479,8.913078
480,6.700169
481,5.561667
482,4.738003
483,5.5512958
484,4.4900646
485,3.4556398
486,2.7950592
487,7.4686813
488,5.674761
489,4.3681703
490,3.3352907
491,3.9381173
492,3.804244
493,3.0845852
494,2.7209418
495,2.2859156
496,5.4821672
497,9.476461
498,6.6622543
499,4.764217
500,3.4653296
501,2.8155603
502,2.3487835
503,11.482099
504,13.080254
505,9.792255
506,10.569761
507,8.347172
508,6.1296654
509,4.880164
510,3.8555033
511,3.201985
512,3.5402665
513,2.797791
514,3.487258
515,3.0146396
516,2.394599
517,2.0092845
518,1.7368698
519,1.5013871
520,1.3044294
521,1.2245159
522,1.4059529
523,1.2487549
524,1.1192741
525,2.0723567
526,1.7413524
527,1.4989884
528,1.3870684
529,2.4210265
530,3.8926315
531,2.9711342
532,2.5588517
533,2.227414
534,2.6592646
535,2.266247
536,1.8311749
537,11.780188
538,8.150287
539,5.803428
540,4.399483
541,4.2620254
542,3.3539839
543,10.046569
544,9.66762
545,8.705012
546,31.037205
547,34.82925
548,27.033745
549,15.87549
550,9.618572
551,6.809141
552,5.071298
553,3.807966
554,2.8130822
555,2.4466953
556,2.1749206
557,3.9443574
558,4.240151
559,4.813811
560,3.4439173
561,2.5060096
562,2.0908992
563,1.6469376
564,1.3343132
565,1.1048
566,1.035907
567,1.1135736
568,1.2782791
569,1.7732818
570,1.5537176
571,1.3963746
572,1.1593815
573,1.0637671
574,1.6298592
575,1.7729824
576,2.3972871
577,4.0661006
578,12.8460245
579,10.188234
580,6.700635
581,4.1558475
582,2.6476374
583,1.7635252
584,1.2896138
585,0.9490618
586,1.0169296
587,0.88019127
588,0.7061459
589,0.62319285
590,0.52077484
591,0.4581839
592,0.4023639
593,0.3545108
594,0.3267709
595,0.30417755
596,0.2794467
597,0.2525438
598,0.22807297
599,0.21452542
600,0.19503607
601,0.18698132
602,0.17888422
603,0.1589148
604,0.15619466
605,0.2515508
606,0.44088134
607,0.60722387
608,0.5210582
609,0.80005896
610,0.6191974
611,0.48779237
612,0.41500843
613,0.35185555
614,0.30126044
615,0.27323154
616,0.37782505
617,0.34622604
618,0.4458679
619,0.5349667
620,1.3281453
621,1.0357014
622,0.86320245
623,0.88443804
624,0.62097704
625,0.47035226
626,0.37913418
627,0.31870678
628,0.3778934
629,0.31295553
630,0.58579475
631,0.5860528
632,0.7466794
633,0.59200144
634,0.4824813
635,0.4168448
636,0.3538711
637,0.30608588
638,0.39530236
639,0.3466807
640,0.3672527
641,0.47069815
642,0.39834484
643,0.3598801
644,0.3115068
645,0.28949773
646,0.2581355
647,0.23108113
648,0.26536343
649,0.24490565
650,0.5571153
651,0.49359536
652,0.40743488
653,0.73879117
654,2.9826174
655,2.6619377
656,1.8650678
657,1.3781521
658,1.0376656
659,1.0607202
660,0.97845167
661,3.3839612
662,9.376868
663,7.490305
664,4.8601146
665,4.3151827
666,2.9085236
667,1.849726
668,3.7372508
669,4.0586176
670,4.190552
671,2.951575
672,2.149657
673,1.7061328
674,1.3464863
675,1.0907481
676,1.3220251
677,1.0572567
678,0.87936604
679,0.6205113
680,0.45886222
681,0.7738931
682,0.87945783
683,0.72571385
684,1.0392267
685,0.99098796
686,0.84582996
687,1.0479372
688,1.2727237
689,0.8810816
690,0.729315
691,0.6456332
692,0.5803931
693,0.56322074
694,0.4769526
695,0.43807676
696,0.37280443
697,0.29925328
698,0.5014134
699,0.59045476
700,0.5027019
701,0.43208608
702,0.33145118
703,0.32150787
704,5.91764
705,4.1492834
706,2.882199
707,1.9927377
708,2.1333897
709,1.6054319
710,1.1910418
711,0.9573611
712,0.9530916
713,1.5569589
714,1.2243372
715,0.99800736
716,0.8773196
717,0.80813104
718,1.148853
719,1.1339871
720,0.8847766
721,0.94344586
722,0.78754854
723,0.636439
724,0.5299133
725,0.46120897
726,0.39479142
727,0.34882325
728,0.33918148
729,0.29571843
730,0.26488513
731,0.24052164
732,0.22172949
733,0.20598677
734,0.19136405
735,0.17867424
736,0.16912657
737,0.16253428
738,0.1549075
739,0.14895715
740,0.21305433
741,0.5258404
742,0.46527547
743,0.4171214
744,0.37695697
745,0.34562573
746,0.3194495
747,0.34515828
748,0.32013386
749,0.29867095
750,0.27754912
751,0.26146966
752,0.2452999
753,0.23315826
754,0.22032978
755,0.2063702
756,0.19413227
757,0.18634635
758,0.18107407
759,0.17652828
760,0.16917148
761,0.16745636
762,0.19964938
763,0.20026384
764,0.18946698
765,0.18248126
766,0.4363324
767,0.40915728
768,0.38198996
769,0.35588023
770,0.7967603
771,0.7141621
772,0.636888
773,0.5790657
774,0.5227141
775,0.48096874
776,0.4411103
777,3.146977
778,2.3725934
779,8.067094
780,8.273458
781,6.0524235
782,9.337631
783,7.802799
784,7.3334494
785,5.4229493
786,3.9835172
787,18.825737
788,19.781427
789,28.667126
790,28.479202
791,22.406208
792,14.736193
793,9.714698
794,6.7458644
795,4.8113856
796,5.021077
797,3.7868156
798,4.221339
799,3.279551
800,2.6604433
801,2.2392855
802,1.9354807
803,1.7027168
804,1.5257175
805,1.453269
806,1.3476434
807,3.1420002
808,2.601801
809,3.3855107
810,2.8076465
811,2.3207836
812,1.9763807
813,1.7203372
814,1.5242732
815,1.5293823
816,3.0432844
817,2.4821458
818,2.089345
819,2.1376617
820,4.337331
821,3.3406854
822,2.6801534
823,2.2268286
824,1.9009655
825,2.3791316
826,11.756369
827,12.148958
828,9.326906
829,6.951144
830,5.1340857
831,3.856425
832,2.9936004
833,2.451651
834,2.0830529
835,1.8181204
836,1.606341
837,1.4186006
838,1.5262119
839,2.965946
840,5.072463
841,3.8854508
842,3.5578334
843,8.545378
844,8.857757
845,6.636735
846,5.50644
847,4.6926947
848,5.4937463
849,4.4501877
850,3.4412165
851,2.7946439
852,7.3937936
853,5.606927
854,4.313599
855,3.3150082
856,3.9070156
857,3.7680712
858,3.0569434
859,2.6966987
860,2.2745929
861,5.4079103
862,9.316574
863,6.5546412
864,4.6895094
865,3.4158587
866,2.7894888
867,2.3375626
868,11.331402
869,12.881952
870,9.627092
871,10.366739
872,8.172564
873,5.9940133
874,4.767133
875,3.7668786
876,3.123705
877,3.4648216
878,2.7310836
879,3.4182768
880,2.9546373
881,2.3387003
882,1.9566602
883,1.6965582
884,1.4618096
885,1.2658772
886,1.1889968
887,1.3704568
888,1.2209455
889,1.0971963
890,2.0591037
891,1.7217764
892,1.4838169
893,1.3712026
894,2.4186106
895,3.901886
896,2.973915
897,2.5560184
898,2.217764
899,2.652247
900,2.2543807
901,1.8127313
902,11.716452
903,8.145662
904,5.811993
905,4.4005556
906,4.2589736
907,3.3453693
908,10.006353
909,9.644064
910,8.696754
911,30.736832
912,34.558067
913,27.169958
914,16.082508
915,9.744557
916,6.878704
917,5.109682
918,3.8291469
919,2.8241332
920,2.4538803
921,2.1800144
922,3.9583259
923,4.2525287
924,4.825925
925,3.447843
926,2.5075846
927,2.090611
928,1.6462401
929,1.3334804
930,1.1039519
931,1.0350837
932,1.1135639
933,1.2787037
934,1.7750504
935,1.5556235
936,1.3978775
937,1.1593411
938,1.0641218
939,1.632859
940,1.7772503
941,2.4047394
942,4.079492
943,12.862517
944,10.208938
945,6.720082
946,4.1697025
947,2.6564565
948,1.7692705
949,1.2927723
950,0.9515761
951,1.0201523
952,0.8832672
953,0.70822334
954,0.62505025
955,0.52213144
956,0.45931602
957,0.4032953
958,0.3552804
959,0.32751372
960,0.3049115
961,0.2801183
962,0.2532458
963,0.22878917
964,0.2152476
965,0.19575146
966,0.18770856
967,0.1795727
968,0.15956841
969,0.15685984
970,0.25264084
971,0.44286415
972,0.6101533
973,0.5234793
974,0.8039423
975,0.6219094
976,0.48988342
977,0.41669232
978,0.35320875
979,0.30236715
980,0.2742152
981,0.3792366
982,0.34751916
983,0.44754416
984,0.53696764
985,1.3331089
986,1.0392654
987,0.8659817
988,0.88713855
989,0.6227856
990,0.47162682
991,0.380145
992,0.31953728
993,0.37887508
994,0.31374818
995,0.58730924
996,0.5875317
997,0.74849576
998,0.5933789
999,0.48355323
1000,0.41773826
1001,0.35460338
1002,0.30669957
1003,0.39608908
1004,0.34735116
1005,0.3679458
1006,0.47157028
1007,0.399059
1008,0.36050174
1009,0.31202465
1010,0.28996384
1011,0.2585404
1012,0.23143232
1013,0.26575905
1014,0.24526264
1015,0.55790424
1016,0.49426717
1017,0.40797025
1018,0.739714
1019,2.9854186
1020,2.6640193
1021,1.8663685
1022,1.3790281
1023,1.0382825
1024,1.061305
1025,0.97895944
1026,3.38512
1027,9.378002
1028,7.4912148
1029,4.8608217
1030,4.315715
1031,2.9088562
1032,1.8499398
1033,3.7375262
1034,4.0588574
1035,4.1907396
1036,2.9517052
1037,2.1497476
1038,1.7062069
1039,1.3465499
1040,1.0908043
1041,1.3220851
1042,1.0573077
1043,0.87941134
1044,0.6205509
1045,0.4588971
1046,0.77393603
1047,0.8795026
1048,0.72575486
1049,1.0392715
1050,0.9910298
1051,0.845871
1052,1.0479827
1053,1.2727745
1054,0.88112456
1055,0.7293557
1056,0.6456714
1057,0.5804297
1058,0.56325674
1059,0.4769874
1060,0.43811095
1061,0.37283787
1062,0.29928648
1063,0.50145286
1064,0.5904957
1065,0.5027411
1066,0.43212453
1067,0.3314885
1068,0.32154328
1069,5.917702
1070,4.149293
1071,2.8822036
1072,1.9927483
1073,2.1334004
1074,1.6054416
1075,1.1910629
1076,0.9573767
1077,0.95310915
1078,1.5569711
1079,1.2243478
1080,0.99801743
1081,0.8773308
1082,0.8081423
1083,1.1488564
1084,1.1339893
1085,0.88478553
1086,0.9434521
1087,0.787557
1088,0.6364509
1089,0.5299285
1090,0.46122435
1091,0.39480782
1092,0.34883824
1093,0.3391961
1094,0.29573435
1095,0.26490226
1096,0.2405386
1097,0.22174689
1098,0.20600437
1099,0.19138187
1100,0.17869142
1101,0.16914342
1102,0.16254975
1103,0.15492307
1104,0.14897346
1105,0.21307096
1106,0.52584946
1107,0.4652884
1108,0.41713566
1109,0.37697265
1110,0.3456416
1111,0.31946647
1112,0.3451735
1113,0.32015005
1114,0.29868752
1115,0.27756473
1116,0.26148513
1117,0.24531505
1118,0.23317286
1119,0.22034365
1120,0.20638405
1121,0.19414507
1122,0.1863592
1123,0.18108718
1124,0.17654139
1125,0.16918421
1126,0.16746835
1127,0.19966164
1128,0.20027576
1129,0.18947905
1130,0.18249325
1131,0.4363367
1132,0.4091619
1133,0.381997
1134,0.35588792
1135,0.7967433
1136,0.71414936
1137,0.6368803
1138,0.57906187
1139,0.5227115
1140,0.48096898
1141,0.44111237
1142,3.1468153
1143,2.3724818
1144,8.066978
1145,8.273328
1146,6.0522623
1147,9.337493
1148,7.8026514
1149,7.3333135
1150,5.4228306
1151,3.983427
1152,18.825518
1153,19.781239
1154,28.66695
1155,28.478756
1156,22.405708
1157,14.735934
1158,9.714583
1159,6.745799
1160,4.8113537
1161,5.0210476
1162,3.7867823
1163,4.2213144
1164,3.2795377
1165,2.6604276
1166,2.2392669
1167,1.9354607
1168,1.7026958
1169,1.5256977
1170,1.4532435
1171,1.3476152
1172,3.1419587
1173,2.6017647
1174,3.3854766
1175,2.80762
1176,2.320764
1177,1.9763625
1178,1.7203221
1179,1.5242593
1180,1.5293701
1181,3.0432568
1182,2.4821234
1183,2.0893245
1184,2.1376443
1185,4.337307
1186,3.340667
1187,2.680139
1188,2.2268152
1189,1.9009547
1190,2.3791237
1191,11.756334
1192,12.148934
1193,9.326899
1194,6.95115
1195,5.134097
1196,3.8564334
1197,2.993601
1198,2.451654
1199,2.083054
1200,1.8181212
1201,1.6063373
1202,1.4186015
1203,1.5262127
1204,2.9659615
1205,5.0724854
1206,3.8854704
1207,3.5578456
1208,8.545395
1209,8.857777
1210,6.636753
1211,5.5064654
1212,4.6927075
1213,5.493763
1214,4.450202
1215,3.4412272
1216,2.7946534
1217,7.393803
1218,5.6069365
1219,4.3135967
1220,3.3150053
1221,3.9070132
1222,3.7680678
1223,3.056941
1224,2.6966958
1225,2.2745905
1226,5.4079084
1227,9.316578
1228,6.5546503
1229,4.689517
1230,3.4158635
1231,2.7894928
1232,2.3375664
1233,11.331418
1234,12.881971
1235,9.627108
1236,10.366756
1237,8.172579
1238,5.9940248
1239,4.767157
1240,3.7668922
1241,3.1237178
1242,3.4648356
1243,2.7310963
1244,3.418291
1245,2.9546514
1246,2.3387127
1247,1.9566672
1248,1.6965605
1249,1.4618127
1250,1.2658811
1251,1.1890008
1252,1.3704605
1253,1.22095
1254,1.0971993
1255,2.0591066
1256,1.7217801
1257,1.4838208
1258,1.3712066
1259,2.4186149
1260,3.9018872
1261,2.973923
1262,2.5560222
1263,2.2177675
1264,2.6522498
1265,2.2543902
1266,1.8127396
1267,11.716474
1268,8.145674
1269,5.8119974
1270,4.4005537
1271,4.258968
1272,3.3453693
1273,10.006366
1274,9.644064
1275,8.696753
1276,30.736866
1277,34.55808
1278,27.169893
1279,16.082443
1280,9.74452
1281,6.8786736
1282,5.109665
1283,3.8291326
1284,2.824122
1285,2.4538703
1286,2.180005
1287,3.9583116
1288,4.2525077
1289,4.825904
1290,3.4478269
1291,2.507574
1292,2.0906048
1293,1.6462345
1294,1.3334756
1295,1.103949
1296,1.0350802
1297,1.113558
1298,1.278697
1299,1.7750437
1300,1.5556178
1301,1.397872
1302,1.1593364
1303,1.0641149
1304,1.6328505
1305,1.7772436
1306,2.4047337
1307,4.079484
1308,12.862509
1309,10.208931
1310,6.720079
1311,4.1697006
1312,2.6564548
1313,1.7692695
1314,1.2927709
1315,0.9515749
1316,1.0201511
1317,0.8832662
1318,0.7082224
1319,0.62504905
1320,0.52213055
1321,0.459315
1322,0.4032945
1323,0.35527954
1324,0.3275128
1325,0.30491072
1326,0.28011748
1327,0.25324517
1328,0.22878858
1329,0.21524704
1330,0.19575095
1331,0.18770796
1332,0.17957214
1333,0.15956798
1334,0.15685935
1335,0.2526401
1336,0.44286302
1337,0.61015224
1338,0.52347827
1339,0.80394113
1340,0.6219083
1341,0.48988232
1342,0.41669124
1343,0.3532078
1344,0.30236626
1345,0.27421466
1346,0.379236
1347,0.3475187
1348,0.44754356
1349,0.5369673
1350,1.3331089
1351,1.0392652
1352,0.86598194
1353,0.8871384
1354,0.6227855
1355,0.47162652
1356,0.3801446
1357,0.3195369
1358,0.3788762
1359,0.31374902
1360,0.58731127
1361,0.58753395
1362,0.74849856
1363,0.5933802
1364,0.48355448
1365,0.41773933
1366,0.35460407
1367,0.30670026
1368,0.3960901
1369,0.3473519
1370,0.36794654
1371,0.4715714
1372,0.3990599
1373,0.36050257
1374,0.31202516
1375,0.28996444
1376,0.25854072
1377,0.23143257
1378,0.26575953
1379,0.24526295
1380,0.55790555
1381,0.49426848
1382,0.40797132
1383,0.7397164
1384,2.9854288
1385,2.6640282
1386,1.8663744
1387,1.379032
1388,1.0382831
1389,1.0613058
1390,0.9789603
1391,3.3851235
1392,9.378006
1393,7.4912186
1394,4.8608184
1395,4.315711
1396,2.9088597
1397,1.8499413
1398,3.7375302
1399,4.0588613
1400,4.1907434
1401,2.9517078
1402,2.1497505
1403,1.7062092
1404,1.3465518
1405,1.0908059
1406,1.322087
1407,1.0573092
1408,0.87941253
1409,0.62055165
1410,0.45889756
1411,0.773937
1412,0.8795038
1413,0.7257558
1414,1.0392727
1415,0.99103063
1416,0.84587204
1417,1.047984
1418,1.2727755
1419,0.8811257
1420,0.72935665
1421,0.64567226
1422,0.58043027
1423,0.5632573
1424,0.47698802
1425,0.43811148
1426,0.37283832
1427,0.29928684
1428,0.5014535
1429,0.5904965
1430,0.5027417
1431,0.43212503
1432,0.3314889
1433,0.3215437
1434,5.9177055
1435,4.1492968
1436,2.8822057
1437,1.9927483
1438,2.1334004
1439,1.6054416
1440,1.1910629
1441,0.9573767
1442,0.95310915
1443,1.5569711
1444,1.2243478
1445,0.99801743
1446,0.8773308
1447,0.8081423
1448,1.1488564
1449,1.1339893
1450,0.88478553
1451,0.9434521
1452,0.787557
1453,0.6364509
1454,0.5299285
1455,0.46122435
1456,0.39480782
1457,0.34883824
1458,0.3391961
1459,0.29573435
1460,0.26490226
1461,0.24968433
1462,0.27457345
1463,0.29735503
1464,0.28364104
1465,0.34347558
1466,0.31222633
1467,0.2837038
1468,0.2661451
1469,0.24874732
1470,0.23187764
1471,0.21743825
1472,0.20255226
1473,0.19820121
1474,0.19472352
1475,0.5088887
1476,0.4501098
1477,0.4476232
1478,0.399771
1479,0.36605525
1480,0.33739692
1481,0.30979756
1482,0.28683335
1483,0.26969472
1484,0.25323972
1485,0.47494727
1486,0.4340902
1487,0.4004733
1488,0.3787826
1489,0.37343258
1490,0.8764802
1491,0.98208416
1492,0.8551272
1493,0.75415266
1494,0.6733301
1495,0.60713565
1496,0.55251753
1497,0.5063587
1498,0.46730712
1499,0.43311173
1500,0.40502065
1501,0.37875205
1502,0.3575108
1503,0.36434788
1504,0.34658605
1505,0.3294086
1506,0.3148576
1507,0.30239856
1508,0.2908664
1509,0.2794826
1510,0.27024657
1511,0.26232708
1512,0.25637862
1513,0.24684057
1514,0.23527956
1515,0.23878786
1516,0.23495415
1517,0.23482223
1518,0.22707175
1519,0.22002693
1520,0.21400216
1521,0.21242294
1522,0.20887986
1523,0.2039058
1524,0.2012982
1525,0.22101405
1526,0.21618623
1527,0.22258453
1528,0.24220815
1529,0.23625928
1530,0.26021856
1531,0.28893918
1532,0.28605485
1533,0.3450365
1534,0.46748906
1535,0.7062418
1536,0.65153706
1537,0.6082007
1538,1.3767252
1539,1.2819846
1540,1.1251884
1541,1.0043906
1542,1.0060539
1543,1.677455
1544,1.436449
1545,1.2533152
1546,1.10611
1547,1.0555983
1548,1.4397578
1549,1.2590084
1550,1.1164117
1551,1.0019692
1552,0.96349317
1553,0.99198496
1554,0.8959381
1555,0.8229204
1556,1.4619938
1557,21.064896
1558,40.01227
1559,40.52229
1560,27.8599
1561,16.33875
1562,12.216742
1563,9.45077
1564,6.843238
1565,5.2348175
1566,4.1075354
1567,3.4811444
1568,4.7536535
1569,3.5767608
1570,2.6827807
1571,2.198007
1572,1.8608645
1573,1.6084175
1574,1.3917116
1575,1.2181163
1576,1.1837945
1577,1.1485773
1578,3.3007197
1579,2.9647713
1580,2.3577976
1581,2.1015348
1582,1.7294865
1583,1.524382
1584,1.4321473
1585,2.627319
1586,2.1039722
1587,1.9885241
1588,1.6494775
1589,1.4742478
1590,1.2744164
1591,1.119749
1592,2.3555026
1593,4.770687
1594,3.5634904
1595,3.2283306
1596,25.916233
1597,27.60693
1598,25.336918
1599,18.623186
1600,12.375497
1601,8.157996
1602,5.5837893
1603,4.0726776
1604,3.3918877
1605,6.1323843
1606,4.3978367
1607,3.3273625
1608,2.664703
1609,2.238791
1610,1.9047866
1611,1.6830885
1612,2.570817
1613,2.2354484
1614,3.0658271
1615,4.4315886
1616,3.5587509
1617,3.3903913
1618,3.3484526
1619,2.3703818
1620,1.9659113
1621,1.6569959
1622,1.4422833
1623,1.3999071
1624,4.760057
1625,3.4558709
1626,4.5882263
1627,3.4604716
1628,2.6405816
1629,2.0025704
1630,2.7355967
1631,2.196074
1632,2.0852065
1633,1.5106338
1634,1.2478894
1635,1.1345246
1636,1.0225391
1637,0.932675
1638,2.8966162
1639,2.1849658
1640,1.5529027
1641,1.274322
1642,1.2171525
1643,1.5204554
1644,1.3210068
1645,1.1877174
1646,1.0709281
1647,0.86651516
1648,0.75787115
1649,0.69458413
1650,0.6127428
1651,0.5631718
1652,0.5342021
1653,0.7511308
1654,0.69922405
1655,0.6525693
1656,0.5778185
1657,0.5297096
1658,0.50425035
1659,0.5613209
1660,0.61507463
1661,0.5825208
1662,0.49359417
1663,0.4527697
1664,0.43566775
1665,0.42045137
1666,0.47100928
1667,0.5095054
1668,0.47522286
1669,0.46298885
1670,0.6012973
1671,0.7774846
1672,1.3017946
1673,5.238056
1674,12.146506
1675,8.94914
1676,6.3619094
1677,4.408665
1678,3.197391
1679,2.4389935
1680,1.9111147
1681,1.5694363
1682,1.288768
1683,1.2028146
1684,1.4192847
1685,2.2754247
1686,1.8114916
1687,1.9350914
1688,1.3532395
1689,0.9834832
1690,0.8480602
1691,0.7638613
1692,0.84214365
1693,0.8941053
1694,0.8176762
1695,0.7169138
1696,0.59110034
1697,0.5018486
1698,0.4439178
1699,0.411511
1700,0.37976032
1701,0.3295108
1702,0.4025278
1703,0.36451536
1704,0.52125335
1705,1.3032658
1706,1.5551143
1707,1.2875992
1708,1.0289276
1709,0.94469565
1710,1.2000225
1711,1.2915521
1712,1.081223
1713,1.0243751
1714,0.8803379
1715,0.66117036
1716,0.51605237
1717,0.4219994
1718,0.35544568
1719,0.29867485
1720,0.26575002
1721,0.24137521
1722,0.21750173
1723,0.38761073
1724,0.5168375
1725,0.43662333
1726,0.38553768
1727,0.31628302
1728,0.27327353
1729,0.24501142
1730,0.22119866
1731,0.19789547
1732,0.17962287
1733,0.16155797
1734,0.14476694
1735,0.13216329
1736,0.11991746
1737,0.11022938
1738,0.11296467
1739,0.13398081
1740,0.11938229
1741,0.111948594
1742,0.10575777
1743,0.095762886
1744,0.0904908
1745,0.08433825
1746,0.14263591
1747,0.45800325
1748,0.5376724
1749,0.50058764
1750,0.4576668
1751,0.39411163
1752,0.3381117
1753,0.28063634
1754,0.31186402
1755,0.34842563
1756,0.30379665
1757,0.7226881
1758,0.65359783
1759,0.9083773
1760,2.374253
1761,2.7242618
1762,5.377518
1763,3.640407
1764,2.402686
1765,1.4463552
1766,0.91216177
1767,0.8209894
1768,0.5963396
1769,0.45478436
1770,0.3635434
1771,0.2743472
1772,0.2320136
1773,0.19531915
1774,0.23270825
1775,0.1996634
1776,0.1757409
1777,0.15710285
1778,0.14166892
1779,0.132468
1780,0.14274025
1781,0.18189254
1782,0.19527943
1783,0.20727888
1784,0.17406388
1785,0.15434484
1786,0.14141896
1787,0.12962955
1788,0.120474465
1789,0.13207729
1790,0.13814628
1791,0.13528086
1792,0.12520002
1793,0.16441536
1794,0.1878924
1795,0.1787579
1796,0.29645884
1797,0.56603086
1798,0.4670027
1799,0.39654368
1800,0.34719485
1801,0.2911926
1802,0.33544064
1803,0.2910993
1804,0.25569806
1805,0.22795255
1806,0.23134166
1807,0.20933756
1808,0.19359398
1809,0.17520402
1810,0.15502855
1811,0.13716419
1812,0.12905772
1813,0.12345945
1814,0.113761306
1815,0.11600368
1816,0.10605541
1817,0.0991877
1818,0.09192231
1819,0.08946493
1820,0.084187515
1821,0.07740635
1822,0.12202754
1823,0.13360783
1824,0.124664664
1825,0.11688797
1826,0.10931048
1827,0.105254754
1828,0.10306972
1829,0.09601253
1830,0.094626285
1831,0.09469871
1832,0.092815265
1833,0.0881484
1834,0.0872247
1835,0.08623026
1836,0.08577352
1837,0.08573359
1838,0.08551723
1839,0.08541833
1840,0.08539613
1841,0.08562231
1842,0.08697072
1843,0.12604003
1844,0.12163344
1845,0.1233426
1846,0.13823058
1847,0.13129283
1848,0.12665296
1849,0.12339901
1850,0.120424844
1851,0.11919899
1852,0.118326314
1853,0.1121702
1854,0.110281006
1855,0.10814638
1856,0.106492706
1857,0.10519842
1858,0.12300587
1859,0.1919705
1860,0.18706264
1861,0.18027537
1862,0.1759548
1863,0.1722056
1864,0.16802216
1865,0.16265543
1866,0.15498939
1867,0.14940065
1868,0.14510927
1869,0.1412998
1870,0.14114411
1871,0.13701802
1872,0.13571432
1873,0.13208124
1874,0.1282024
1875,0.124950096
1876,0.19921726
1877,0.19398846
1878,0.1877894
1879,0.18333563
1880,0.19042496
1881,0.18443671
1882,0.17965522
1883,0.17632265
1884,0.171898
1885,0.16699229
1886,0.16252132
1887,0.15961008
1888,0.16004428
1889,0.3303846
1890,0.316308
1891,0.74597895
1892,0.80897623
1893,0.7324218
1894,0.73576367
1895,0.6743673
1896,0.6319012
1897,0.5906154
1898,0.5496671
1899,0.6267687
1900,1.128057
1901,1.0583584
1902,0.9748037
1903,0.8776214
1904,0.7926877
1905,0.72435
1906,0.65995014
1907,0.6223159
1908,0.5754188
1909,0.5369102
1910,0.5164073
1911,0.48707187
1912,0.5539631
1913,0.576557
1914,0.9511147
1915,0.89861405
1916,0.86522615
1917,0.7926278
1918,0.8144108
1919,0.7710881
1920,3.0994036
1921,2.401132
1922,1.9403785
1923,4.418999
1924,3.2909074
1925,2.5362341
1926,2.036879
1927,2.270543
1928,1.8555319
1929,1.6638638
1930,1.4146601
1931,2.0779796
1932,1.7157115
1933,1.4596303
1934,1.3049955
1935,3.2027874
1936,2.507494
1937,2.036201
1938,1.6954348
1939,1.4510077
1940,1.9847369
1941,1.6673964
1942,1.4322997
1943,1.2505423
1944,1.1082884
1945,1.0041832
1946,3.0476341
1947,2.5409482
1948,8.260452
1949,7.7818556
1950,6.6424546
1951,5.5611773
1952,4.167744
1953,3.2192323
1954,9.740547
1955,7.3584995
1956,5.4091353
1957,6.901471
1958,5.187338
1959,3.8904555
1960,3.0313995
1961,3.4568567
1962,2.7078586
1963,5.656492
1964,4.2458687
1965,3.2813475
1966,3.278754
1967,2.7693667
1968,3.1738658
1969,2.2993393
1970,1.8697071
1971,1.5927818
1972,1.3622183
1973,1.1803739
1974,1.0554099
1975,0.9544929
1976,0.87193626
1977,0.8104458
1978,0.7380979
1979,0.712757
1980,1.2089536
1981,1.103843
1982,0.9896634
1983,0.90067947
1984,0.82475764
1985,0.75127274
1986,0.697688
1987,0.99864835
1988,1.1377952
1989,1.0488054
1990,0.95665294
1991,0.8419867
1992,0.7485899
1993,2.7008574
1994,9.078815
1995,8.5617695
1996,6.4701047
1997,4.4224234
1998,3.0585086
1999,2.4068203
2000,1.9382572
2001,1.6571951
2002,1.4543859
2003,8.61325
2004,24.599323
2005,23.314438
2006,18.768393
2007,12.535316
2008,7.947449
2009,5.600373
2010,4.006101
2011,2.9136732
2012,2.4970222
2013,2.6019058
2014,4.4761643
2015,3.143692
2016,2.619165
2017,2.0200195
2018,2.3799675
2019,1.849251
2020,1.4752693
2021,1.2102151
2022,1.0320436
2023,1.062503
2024,0.957892
2025,1.029861
2026,1.4213343
2027,1.282382
2028,3.3165822
2029,2.661727
2030,1.9949439
2031,1.5319712
2032,1.3672799
2033,1.2343503
2034,1.1286659
2035,1.0367498
2036,0.9573153
2037,0.8924705
2038,0.8016598
2039,0.75517744
2040,0.82794046
2041,0.7316036
2042,0.6506645
2043,0.59160435
2044,0.57344884
2045,0.535376
2046,0.5039775
2047,0.5559237
2048,0.5280677
2049,0.5083335
2050,0.47503304
2051,0.42484063
2052,0.38755187
2053,0.36822176
2054,0.34359595
2055,0.3279394
2056,0.31038478
2057,0.2927194
2058,0.2807515
2059,0.26077494
2060,0.24414036
2061,0.2324221
2062,0.21552017
2063,0.20817648
2064,0.18914185
2065,0.18276183
2066,0.17663749
2067,0.17068492
2068,0.163678
2069,0.16692008
2070,0.14945352
2071,0.13987567
2072,0.1431554
2073,0.13108133
2074,0.1267089
2075,0.12142459
2076,0.11749295
2077,0.15100807
2078,0.17730702
2079,0.16796908
2080,0.15227757
2081,0.15300253
2082,0.19579805
2083,0.1812579
2084,0.2115929
2085,0.19841622
2086,0.19226974
2087,0.1812122
2088,0.16967814
2089,0.16429016
2090,0.15909258
2091,0.15650876
2092,0.1597497
2093,0.16962528
2094,0.16492474
2095,0.16394378
2096,0.15629068
2097,0.16247761
2098,0.15831941
2099,0.18471661
2100,0.23178917
2101,0.21832371
2102,0.21194299
2103,0.20644835
2104,0.20114867
2105,0.19614811
2106,0.19059096
2107,0.23594381
2108,0.22495405
2109,0.21392064
2110,0.2053461
2111,0.267814
2112,0.2585975
2113,0.2471571
2114,0.23563917
2115,0.22724268
2116,0.21344386
2117,0.2011391
2118,0.1907687
2119,0.18152158
2120,0.1788111
2121,0.16368695
2122,0.14860274
2123,0.13644819
2124,0.12913428
2125,0.14000745
2126,0.15035924
2127,0.13755016
2128,0.13234279
2129,0.13829039
2130,0.13465615
2131,0.1370482
2132,0.13345848
2133,0.12884259
2134,0.1229774
2135,0.11951228
2136,0.116053075
2137,0.10673709
2138,0.10405102
2139,0.10154563
2140,0.09925441
2141,0.096338
2142,0.09361445
2143,0.09084246
2144,0.09113611
2145,0.08865114
2146,0.091597304
2147,0.08513513
2148,0.082410574
2149,0.08352995
2150,0.09794864
2151,0.08807841
2152,0.09757448
2153,0.09579415
2154,0.09290708
2155,0.09034058
2156,0.089911215
2157,0.087589286
2158,0.08540426
2159,0.08440444
2160,0.09854986
2161,0.12199878
2162,0.12393497
2163,0.12131286
2164,0.12045213
2165,0.13936682
2166,0.15445788
2167,0.1493864
2168,0.14393067
2169,0.13971633
2170,0.14546654
2171,0.13184431
2172,0.17732227
2173,0.1862988
2174,0.17930382
2175,0.16645594
2176,0.15281019
2177,0.14255704
2178,0.1394773
2179,0.13592832
2180,0.13677922
2181,0.16160001
2182,0.162667
2183,0.14770846
2184,0.19135028
2185,0.20964547
2186,0.21384436
2187,0.20196235
2188,0.19573334
2189,0.19166267
2190,0.18096146
2191,0.17326005
2192,0.16945623
2193,0.16507722
2194,0.15973024
2195,0.15547064
2196,0.15229826
2197,0.14188102
2198,0.13583045
2199,0.13128677
2200,0.12759344
2201,0.12347511
2202,0.119826
2203,0.1168608
2204,0.11039044
2205,0.10829502
2206,0.10573861
2207,0.10364914
2208,0.10004588
2209,0.09659497
2210,0.09421328
2211,0.090905175
2212,0.10474963
2213,0.11227323
2214,0.106908314
2215,0.1017854
2216,0.09757135
2217,0.10060726
2218,0.094726205
2219,0.08915331
2220,0.08558551
2221,0.09799419
2222,0.13793546
2223,0.1340081
2224,0.12901403
2225,0.12462107
2226,0.12170585
2227,0.12825157
2228,0.12441576
2229,0.11983133
2230,0.11571487
2231,0.111129515
2232,0.10852874
2233,0.103168465
2234,0.09918359
2235,0.098924175
2236,0.09559695
2237,0.09149531
2238,0.08839766
2239,0.08562349
2240,0.0830442
2241,0.08094592
2242,0.0790617
2243,0.07679886
2244,0.073901415
2245,0.07104469
2246,0.06898415
2247,0.06656849
2248,0.08991712
2249,0.08748729
2250,0.08526166
2251,0.082131036
2252,0.08040919
2253,0.07764833
2254,0.08438568
2255,0.08258788
2256,0.099901095
2257,0.09735148
2258,0.11425024
2259,0.13535638
2260,0.25650692
2261,0.2505111
2262,0.24275364
2263,0.23682424
2264,0.22795515
2265,0.46908885
2266,0.45175356
2267,0.43238512
2268,0.437276
2269,0.5511408
2270,0.71977013
2271,1.2956644
2272,1.1834297
2273,1.0897936
2274,1.0104727
2275,0.9330255
2276,0.8817901
2277,1.1112336
2278,1.0281533
2279,0.9510171
2280,0.8889925
2281,0.8199933
2282,0.769313
2283,0.72060823
2284,0.6762578
2285,0.65875405
2286,0.75480294
2287,0.7608975
2288,0.713887
2289,0.6637029
2290,0.64041877
2291,0.6385774
2292,0.6047815
2293,0.56791615
2294,0.537134
2295,0.5037461
2296,0.48015013
2297,0.46294466
2298,0.44103613
2299,0.41625684
2300,0.39412147
2301,0.37287045
2302,0.3734524
2303,0.36752304
2304,0.58654845
2305,0.55803293
2306,0.5239206
2307,0.54443604
2308,0.5130441
2309,0.955413
2310,0.9751843
2311,0.8986629
2312,0.8301939
2313,0.7688362
2314,0.74251974
2315,2.6846814
2316,2.3802464
2317,2.041222
2318,1.7591627
2319,1.516413
2320,1.3340898
2321,1.1958016
2322,1.0643735
2323,0.95572764
2324,0.8715908
2325,0.9923115
2326,0.8953656
2327,0.8801045
2328,1.1630484
2329,1.1263622
2330,0.99964184
2331,0.90709203
2332,0.81773186
2333,1.1472596
2334,1.0364867
2335,1.710151
2336,1.6828351
2337,1.4869442
2338,1.320009
2339,1.353576
2340,1.1931577
2341,1.0449779
2342,0.9475951
2343,0.8511112
2344,0.9317999
2345,2.819457
2346,2.2236967
2347,1.8080094
2348,1.5143441
2349,1.2951043
2350,1.1344401
2351,0.9999914
2352,4.894707
2353,3.5119765
2354,2.645895
2355,2.1187773
2356,1.7318819
2357,1.4182079
2358,1.2254754
2359,1.0894448
2360,2.470462
2361,1.9390934
2362,1.6018541
2363,1.3642592
2364,1.9892389
2365,1.6638951
2366,1.3678285
2367,1.1890975
2368,1.0214342
2369,0.86388266
2370,0.78518736
2371,0.7258142
2372,0.6713674
2373,0.7589625
2374,0.68963134
2375,0.56195545
2376,0.5160197
2377,0.6942617
2378,0.62187755
2379,0.563291
2380,0.5197072
2381,0.47089106
2382,0.44565627
2383,0.4372481
2384,0.41462004
2385,2.2804132
2386,1.8096173
2387,1.3910828
2388,1.1030345
2389,0.88033503
2390,0.76716137
2391,0.66788954
2392,0.5967069
2393,0.536142
2394,0.49993834
2395,0.4530198
2396,0.70365953
2397,0.75048554
2398,0.6785987
2399,0.6853189
2400,0.565759
2401,0.48670495
2402,0.41570914
2403,0.3603273
2404,0.33743322
2405,0.34325078
2406,0.31284192
2407,0.28100026
2408,0.25991726
2409,0.24539313
2410,0.23187296
2411,0.21997458
2412,0.20420478
2413,0.237379
2414,0.21793607
2415,0.20571744
2416,0.19420321
2417,0.18369831
2418,0.17214502
2419,0.15472203
2420,0.16740578
2421,0.20781939
2422,0.56403863
2423,0.51755714
2424,0.46367967
2425,2.1244097
2426,2.7575302
2427,2.2829866
2428,4.5110364
2429,2.8119416
2430,1.9258063
2431,1.9897683
2432,1.7520279
2433,1.2856337
2434,0.9496347
2435,0.66723317
2436,0.4880152
2437,0.3891329
2438,0.31754786
2439,0.26480836
2440,0.22932833
2441,0.20327073
2442,0.17880979
2443,0.15994975
2444,0.14838773
2445,0.1383975
2446,0.12474554
2447,0.116322935
2448,0.10799118
2449,0.1001282
2450,0.0939503
2451,0.09225544
2452,0.08022302
2453,0.07169316
2454,0.08250284
2455,0.079488575
2456,0.07248779
2457,0.074220106
2458,0.07145974
2459,0.07142231
2460,0.0689674
2461,0.06668
2462,0.06368766
2463,0.059022393
2464,0.05454084
2465,0.053391512
2466,0.06976119
2467,0.067147724
2468,0.0714395
2469,0.09332855
2470,0.08917623
2471,0.098907486
2472,0.09296172
2473,0.101463184
2474,0.098767176
2475,0.092523746
2476,0.08693299
2477,0.08223777
2478,0.07710386
2479,0.07493324
2480,0.07473387
2481,0.07298024
2482,0.08198803
2483,0.079071514
2484,0.07716369
2485,0.07559483
2486,0.068867445
2487,0.06787561
2488,0.06859943
2489,0.067806005
2490,0.061252076
2491,0.0601232
2492,0.0838457
2493,0.09241917
2494,0.0931604
2495,0.09410913
2496,0.08494291
2497,0.08120067
2498,0.07741908
2499,0.08397564
2500,0.10370208
2501,0.12175984
2502,0.11832971
2503,0.12290608
2504,0.118947655
2505,0.11358108
2506,0.11213255
2507,0.1037401
2508,0.09779232
2509,0.098966286
2510,0.09713557
2511,0.096090995
2512,0.09670474
2513,0.22567889
2514,0.21449293
2515,0.21939987
2516,0.20374191
2517,0.22863789
2518,0.21892235
2519,0.23013528
2520,0.2117653
2521,0.20390384
2522,0.19188373
2523,0.18490335
2524,0.18005787
2525,0.1752707
2526,0.16088961
2527,0.16070433
2528,0.16738749
2529,0.1634405
2530,0.15981561
2531,0.15567799
2532,0.15141249
2533,0.13980828
2534,0.1356225
2535,0.12660909
2536,0.1250162
2537,0.12467517
2538,0.11941209
2539,0.12744461
2540,0.16805886
2541,0.15784092
2542,0.15577158
2543,0.15060288
2544,0.14807922
2545,0.14135751
2546,0.13130146
2547,0.11998135
2548,0.11927576
2549,0.118555866
2550,0.110182546
2551,0.10807661
2552,0.10780132
2553,0.10725612
2554,0.10659487
2555,0.10593406
2556,0.104811855
2557,0.10354691
2558,0.10319292
2559,0.10304642
2560,0.101862006
2561,0.098776385
2562,0.094128266
2563,0.09047536
2564,0.089491814
2565,0.083322965
2566,0.081899114
2567,0.08031058
2568,0.07887094
2569,0.077333406
2570,0.07439138
2571,0.07216287
2572,0.071273714
2573,0.07076156
2574,0.07072101
2575,0.07084174
2576,0.07122559
2577,0.07018035
2578,0.0676915
2579,0.06657916
2580,0.06593161
2581,0.06510845
2582,0.06426583
2583,0.0632574
2584,0.06303215
2585,0.061957885
2586,0.05897084
2587,0.05670769
2588,0.054859843
2589,0.053457852
2590,0.051749054
2591,0.050854266
2592,0.049058214
2593,0.04777695
2594,0.047413975
2595,0.046467166
2596,0.06217362
2597,0.07173026
2598,0.06949523
2599,0.06796793
2600,0.06624565
2601,0.064554185
2602,0.063676685
2603,0.06156947
2604,0.05927979
2605,0.10348676
2606,0.11637839
2607,0.11395813
2608,0.111431696
2609,0.10846135
2610,0.10669377
2611,0.10370122
2612,0.13001841
2613,0.12562649
2614,0.12112123
2615,0.11749643
2616,0.16085814
2617,0.15769848
2618,0.16853976
2619,0.1751353
2620,0.18221283
2621,0.3075245
2622,0.29855874
2623,0.288608
2624,0.27461967
2625,0.26159665
2626,0.3767568
2627,0.391757
2628,0.37851483
2629,0.3641795
2630,0.35002276
2631,0.33588144
2632,0.32298335
2633,0.31132853
2634,0.29702416
2635,0.28562164
2636,0.39746064
2637,0.38701716
2638,0.36830813
2639,0.378734
2640,0.36126968
2641,0.37637922
2642,0.3641256
2643,0.3488023
2644,0.33713627
2645,0.32473567
2646,0.3241771
2647,0.7407507
2648,0.706781
2649,0.666384
2650,0.77352077
2651,0.7366775
2652,0.69942045
2653,0.6683825
2654,0.63770765
2655,0.62434816
2656,0.8113213
2657,1.1906681
2658,1.1071997
2659,1.0417662
2660,0.9695102
2661,0.89489967
2662,0.83146966
2663,0.80498016
2664,0.8536373
2665,2.3908722
2666,2.0121171
2667,1.7239307
2668,1.5020664
2669,1.3392599
2670,1.4125371
2671,3.8607078
2672,2.9167986
2673,2.3267372
2674,1.9263763
2675,1.6114765
2676,1.44764
2677,1.277165
2678,1.1393905
2679,1.0186917
2680,0.9349799
2681,0.85399956
2682,0.78222126
2683,0.7209694
2684,0.66158056
2685,1.1506664
2686,1.0304141
2687,0.9390049
2688,0.8470317
2689,0.77553844
2690,1.3154967
2691,1.3734353
2692,1.2054335
2693,5.142978
2694,3.9238336
2695,2.90679
2696,2.272685
2697,1.8510947
2698,3.311633
2699,8.408777
2700,6.7045035
2701,4.7911744
2702,5.144522
2703,11.319399
2704,11.103193
2705,8.766419
2706,6.4159765
2707,4.7163906
2708,3.5564294
2709,2.7716968
2710,2.6844418
2711,2.1768906
2712,1.7578461
2713,1.504359
2714,1.31337
2715,1.0522165
2716,0.94531953
2717,1.32677
2718,2.6984253
2719,5.7811613
2720,4.2967677
2721,7.0891767
2722,5.747672
2723,4.158681
2724,3.1672554
2725,4.091764
2726,3.129715
2727,2.5422876
2728,2.0789523
2729,5.115126
2730,3.7566795
2731,2.5723057
2732,1.7799151
2733,1.374169
2734,1.5898149
2735,1.1947508
2736,0.9062117
2737,0.81462336
2738,0.7534906
2739,0.695608
2740,0.6887329
2741,0.5533031
2742,0.45299378
2743,0.43153197
2744,1.5330889
2745,1.3142989
2746,1.1558076
2747,1.0459723
2748,1.1168283
2749,1.0594267
2750,2.9984279
2751,2.043396
2752,1.5957478
2753,1.8967184
2754,1.3811924
2755,1.154709
2756,1.578738
2757,1.1522245
2758,0.88885367
2759,0.68762714
2760,0.5839467
2761,0.5389184
2762,5.483804
2763,4.808317
2764,2.97614
2765,2.071878
2766,1.6602083
2767,11.599949
2768,8.488783
2769,6.2221375
2770,6.3215218
2771,13.299662
2772,18.056808
2773,14.500681
2774,11.381365
2775,8.09041
2776,5.2582164
2777,3.6705456
2778,2.4400673
2779,1.702405
2780,1.2921437
2781,1.1456642
2782,2.29216
2783,4.8001866
2784,3.5091045
2785,11.613191
2786,10.387497
2787,8.320651
2788,5.6349564
2789,3.6841989
2790,2.4567118
2791,1.7003399
2792,1.2371935
2793,0.89894724
2794,0.66215014
2795,0.5026605
2796,0.39618236
2797,0.3220045
2798,0.28447327
2799,0.267945
2800,0.2364416
2801,0.2085436
2802,0.1830781
2803,0.17569932
2804,0.16188276
2805,0.15562963
2806,0.15058613
2807,0.14311245
2808,0.18921489
2809,0.17973438
2810,0.19960865
2811,0.1858199
2812,0.17503588
2813,0.16884875
2814,0.16222164
2815,0.15520826
2816,0.14631274
2817,0.13782609
2818,0.12972525
2819,0.1497237
2820,0.1459312
2821,0.12750274
2822,0.12160562
2823,0.128235
2824,0.12496871
2825,0.11873009
2826,0.11724362
2827,0.13315696
2828,0.13296662
2829,0.12820692
2830,0.12301946
2831,0.120708436
2832,0.11700354
2833,0.11991191
2834,0.11603602
2835,0.11276867
2836,0.16769332
2837,0.17404512
2838,0.25852326
2839,0.23912534
2840,0.21598841
2841,0.19889258
2842,0.18745795
2843,0.17700589
2844,0.24023022
2845,0.31121007
2846,0.29124665
2847,0.3898915
2848,0.4406883
2849,0.9284799
2850,1.6763535
2851,3.266584
2852,2.539419
2853,2.4512584
2854,1.7905641
2855,1.2993773
2856,0.9144492
2857,0.7835425
2858,0.7349267
2859,0.6633348
2860,0.53252083
2861,0.45922792
2862,0.39916694
2863,0.35506773
2864,0.32132393
2865,0.29081166
2866,0.2654522
2867,0.24256861
2868,0.23929231
2869,0.22156161
2870,0.21296456
2871,0.19710946
2872,0.18285678
2873,0.17138644
2874,0.21138205
2875,0.20674509
2876,0.19440174
2877,0.17306344
2878,0.16907759
2879,0.15168095
2880,0.14302889
2881,0.15004647
2882,0.17433096
2883,0.15885288
2884,0.14231925
2885,0.13671148
2886,0.12867741
2887,0.16431808
2888,0.8927808
2889,4.942374
2890,3.1046958
2891,1.9665195
2892,1.4180447
2893,1.0818149
2894,0.89295775
2895,0.9495801
2896,0.77372825
2897,0.557814
2898,0.4347216
2899,0.3568636
2900,0.304375
2901,0.26515216
2902,0.2327274
2903,0.20174544
2904,0.17551392
2905,0.15011808
2906,0.14076991
2907,0.13256751
2908,0.12447774
2909,0.11664991
2910,0.11140222
2911,0.10715896
2912,0.103202865
2913,0.09834909
2914,0.094633885
2915,0.085644916
2916,0.07616073
2917,0.07279268
2918,0.07116261
2919,0.069778256
2920,0.06855287
2921,0.06668215
2922,0.06029563
2923,0.05599351
2924,0.053566363
2925,0.052222747
2926,0.05033119
2927,0.048830003
2928,0.04745976
2929,0.04655566
2930,0.04606053
2931,0.04541199
2932,0.044888545
2933,0.0418025
2934,0.04128317
2935,0.040717993
2936,0.040062703
2937,0.039581522
2938,0.03927506
2939,0.038881987
2940,0.037463006
2941,0.03701619
2942,0.03623798
2943,0.034941226
2944,0.033026453
2945,0.031088823
2946,0.03060474
2947,0.033831354
2948,0.03216379
2949,0.031858735
2950,0.03169659
2951,0.030177727
2952,0.028802581
2953,0.027276743
2954,0.02657272
2955,0.025492998
2956,0.025623694
2957,0.025743729
2958,0.025581663
2959,0.024713945
2960,0.024113236
2961,0.023955163
2962,0.023714837
2963,0.023349695
2964,0.023029923
2965,0.022705229
2966,0.02239514
2967,0.02159195
2968,0.020747958
2969,0.020201579
2970,0.019541582
2971,0.028211378
2972,0.02857369
2973,0.027565408
2974,0.048671294
2975,0.047569737
2976,0.051335484
2977,0.05092434
2978,0.05046262
2979,0.04955855
2980,0.048184358
2981,0.05996112
2982,0.058558017
2983,0.05773529
2984,0.05566187
2985,0.15303086
2986,0.14625949
2987,0.16047159
2988,0.20381667
2989,0.19557536
2990,0.20626542
2991,0.4956777
2992,0.46166134
2993,1.2076316
2994,1.1158813
2995,1.1910396
2996,1.0552108
2997,0.93823063
2998,0.84539497
2999,0.76333976
3000,0.68993634
3001,0.6418569
3002,0.761201
3003,0.6899712
3004,0.9239529
3005,0.82995355
3006,0.7554443
3007,0.6937194
3008,0.6377743
3009,0.6644929
3010,1.2606026
3011,1.8746579
3012,1.8017014
3013,1.5081573
3014,1.2903525
3015,1.1157634
3016,0.9862251
3017,0.90701383
3018,0.81992257
3019,0.7434639
3020,0.6837319
3021,0.6314829
3022,0.59297633
3023,0.8712051
3024,0.7912581
3025,0.7192961
3026,0.65595543
3027,0.61207694
3028,1.9204425
3029,1.5953707
3030,1.3711901
3031,1.1891752
3032,1.0458533
3033,0.99058163
3034,1.9670392
3035,1.9201286
3036,1.6651641
3037,1.4090624
3038,1.2167914
3039,1.0666349
3040,1.0031286
3041,0.9031795
3042,0.897668
3043,1.870353
3044,1.5738261
3045,1.3520024
3046,1.1844096
3047,1.0384654
3048,0.9307788
3049,0.8447114
3050,0.7723369
3051,0.71506155
3052,0.666541
3053,0.6223087
3054,0.59117436
3055,0.5824242
3056,0.55158156
3057,0.5258393
3058,0.5444617
3059,0.5231521
3060,0.54162586
3061,0.5185823
3062,0.49809763
3063,0.5220594
3064,1.0869269
3065,0.98243904
3066,0.89793134
3067,1.1068976
3068,0.9973964
3069,0.905005
3070,0.83840615
3071,0.9242744
3072,0.8801602
3073,0.8309236
3074,1.0128756
3075,0.9504363
3076,0.91628754
3077,0.8556199
3078,0.79835355
3079,0.7521641
3080,0.70167243
3081,0.6686507
3082,0.63651884
3083,0.611498
3084,0.5854603
3085,0.56604755
3086,0.5459073
3087,0.53148204
3088,0.5186149
3089,0.4997601
3090,0.50139534
3091,1.2359521
3092,1.1273146
3093,1.0369298
3094,0.96248984
3095,0.8898556
3096,0.8285244
3097,1.033112
3098,1.0751337
3099,8.63719
3100,5.9950943
3101,4.2477174
3102,3.169199
3103,2.4371974
3104,1.8301631
3105,1.5535465
3106,1.3448322
3107,1.1870146
3108,1.0275065
3109,0.9320095
3110,0.83038735
3111,0.82556134
3112,0.7717906
3113,0.72736675
3114,0.7543395
3115,0.8502598
3116,0.7484424
3117,0.6923041
3118,4.1545897
3119,8.027429
3120,5.100609
3121,3.2006488
3122,2.3637955
3123,1.8422103
3124,1.5907476
3125,1.369412
3126,1.3482823
3127,1.155256
3128,1.0281966
3129,0.9020063
3130,0.80796564
3131,0.8101426
3132,0.7321297
3133,0.66666293
3134,0.7213766
3135,2.1582737
3136,2.7512593
3137,1.848278
3138,1.315719
3139,0.9680792
3140,0.84043753
3141,0.67654014
3142,0.89306265
3143,1.1869049
3144,2.9817328
3145,4.2872086
3146,3.1483936
3147,2.5026913
3148,1.797647
3149,1.3943766
3150,1.1393671
3151,1.0388373
3152,0.88986564
3153,0.6563563
3154,0.51328754
3155,0.42256504
3156,0.37149864
3157,0.33714992
3158,0.2958983
3159,0.28732824
3160,0.46661228
3161,0.41674823
3162,0.37665814
3163,0.34399337
3164,0.3166189
3165,0.28993535
3166,0.27064547
3167,0.29386154
3168,0.25067225
3169,0.23466305
3170,0.2197018
3171,0.20681982
3172,0.19614188
3173,0.18714277
3174,0.1788444
3175,0.1696344
3176,0.15899087
3177,0.16517724
3178,0.15378283
3179,0.14689577
3180,0.12931584
3181,0.1383858
3182,0.13896115
3183,0.12949115
3184,0.12518221
3185,0.21606828
3186,0.20424631
3187,0.20576805
3188,0.19921353
3189,0.1909638
3190,0.17996491
3191,0.1653307
3192,0.15939105
3193,0.1514942
3194,0.13734305
3195,0.11989133
3196,0.10666546
3197,0.10626934
3198,0.100395635
3199,0.108467534
3200,0.10741696
3201,0.0951737
3202,0.1536516
3203,0.23784782
3204,0.22413969
3205,0.23403168
3206,0.21283542
3207,0.19797128
3208,0.18817446
3209,0.17830104
3210,0.25835508
3211,0.23026332
3212,0.22980061
3213,0.23428845
3214,0.21325009
3215,0.19648965
3216,0.18838657
3217,0.18311967
3218,0.21631962
3219,0.20257549
3220,0.19568488
3221,0.18311237
3222,0.16468684
3223,0.1800064
3224,0.16333847
3225,0.1588447
3226,0.1527145
3227,0.14834125
3228,0.14735237
3229,0.14154361
3230,0.1380503
3231,0.13415822
3232,0.13153084
3233,0.120186105
3234,0.12065535
3235,0.112152144
3236,0.10732119
3237,0.10347893
3238,0.10100037
3239,0.09854759
3240,0.09436735
3241,0.09212021
3242,0.08839672
3243,0.08354678
3244,0.07936434
3245,0.088416696
3246,0.08549802
3247,0.08418003
3248,0.08267282
3249,0.079239815
3250,0.07729781
3251,0.07470363
3252,0.07039825
3253,0.06827974
3254,0.06828732
3255,0.0672946
3256,0.06711144
3257,0.06631461
3258,0.06594011
3259,0.06558649
3260,0.06512435
3261,0.061237674
3262,0.05556391
3263,0.054408327
3264,0.05923127
3265,0.05846964
3266,0.059139237
3267,0.058522232
3268,0.05857259
3269,0.058523223
3270,0.057083994
3271,0.054234806
3272,0.055558015
3273,0.07191909
3274,0.06986381
3275,0.068204105
3276,0.067045674
3277,0.06569792
3278,0.0659344
3279,0.06611384
3280,0.06440545
3281,0.06316775
3282,0.060878858
3283,0.0597574
3284,0.056718547
3285,0.05693405
3286,0.057134
3287,0.054273173
3288,0.053964064
3289,0.06016174
3290,0.061792273
3291,0.06116587
3292,0.060973264
3293,0.058575504
3294,0.055612005
3295,0.05372084
3296,0.05212267
3297,0.050779395
3298,0.101712346
3299,0.1113644
3300,0.10935064
3301,0.1097129
3302,0.108127795
3303,0.10611614
3304,0.10429213
3305,0.1033205
3306,0.102066755
3307,0.09947678
3308,0.096142165
3309,0.09284937
3310,0.09082775
3311,0.08947775
3312,0.08597335
3313,0.09156111
3314,0.09409371
3315,0.092107415
3316,0.08789835
3317,0.086153835
3318,0.084168606
3319,0.08222993
3320,0.080529615
3321,0.1269285
3322,0.12213524
3323,0.118917145
3324,0.11618143
3325,0.11342476
3326,0.10890198
3327,0.10505826
3328,0.10072012
3329,0.09919647
3330,0.09747952
3331,0.09336718
3332,0.14881045
3333,0.16842479
3334,0.16334
3335,0.15789509
3336,0.1569872
3337,0.15423138
3338,0.1511814
3339,0.147492
3340,0.14441706
3341,0.14290693
3342,0.14016084
3343,0.1378351
3344,0.14313346
3345,0.15436643
3346,0.15337054
3347,0.14949514
3348,0.1483347
3349,0.14249614
3350,0.13739099
3351,0.133181
3352,0.13131061
3353,0.1303131
3354,0.1276456
3355,0.12848683
3356,0.13486841
3357,0.13276507
3358,0.13046081
3359,0.18919696
3360,0.18326543
3361,0.17862904
3362,0.17577027
3363,0.17241526
3364,0.23731942
3365,0.2341106
3366,0.22898419
3367,0.22208376
3368,0.21682492
3369,0.21282011
3370,0.20673023
3371,0.19945793
3372,0.19597477
3373,0.19063197
3374,0.2500868
3375,0.90751064
3376,1.2257668
3377,1.1380292
3378,1.2441614
3379,1.31944
3380,1.262772
3381,1.1923547
3382,1.1080755
3383,1.0265465
3384,0.9503471
3385,0.88182545
3386,0.8187147
3387,0.9561145
3388,1.3139899
3389,1.1879795
3390,1.1103693
3391,1.0364133
3392,0.9504999
3393,1.9876627
3394,2.223112
3395,1.980207
3396,4.155547
3397,3.0873961
3398,2.4051986
3399,3.0383232
3400,2.3838382
3401,2.0590506
3402,1.7060895
3403,1.4566479
3404,1.2582934
3405,1.3734157
3406,1.1914657
3407,1.0578353
3408,0.9455768
3409,0.84599054
3410,0.77699184
3411,0.7075804
3412,0.6436977
3413,0.60940856
3414,6.4908905
3415,8.880411
3416,6.158553
3417,4.3122044
3418,3.1563935
3419,2.6980565
3420,2.124345
3421,1.7374417
3422,1.4612134
3423,1.2557695
3424,1.1000835
3425,1.1634073
3426,1.0254229
3427,0.9306534
3428,0.83167076
3429,1.0848622
3430,5.218239
3431,4.6660647
3432,3.4433193
3433,2.65136
3434,2.0930147
3435,1.7322862
3436,1.468179
3437,1.2702894
3438,1.1167897
3439,0.9902284
3440,0.89066136
3441,0.8098122
3442,0.7340623
3443,0.7288228
3444,0.6741204
3445,0.6111252
3446,0.5733732
3447,0.53987074
3448,0.49805164
3449,0.45690894
3450,0.43768817
3451,0.43347532
3452,0.41273725
3453,0.39842647
3454,0.38573796
3455,0.37835133
3456,0.7597041
3457,0.80430657
3458,1.1542885
3459,1.039492
3460,0.9436047
3461,0.85605085
3462,0.8026324
3463,0.7491591
3464,0.7044126
3465,0.6651073
3466,0.63244677
3467,0.600105
3468,0.57207745
3469,0.88706756
3470,0.77314204
3471,0.68964183
3472,0.6422887
3473,0.6446274
3474,0.61075395
3475,0.5898403
3476,0.55803853
3477,1.0669336
3478,3.9486954
3479,2.9283674
3480,12.524857
3481,14.786876
3482,10.729818
3483,7.4078355
3484,5.1826344
3485,3.4116545
3486,2.528812
3487,2.0167232
3488,1.6621933
3489,1.7587824
3490,1.3597034
3491,1.1752744
3492,0.9405588
3493,0.72105014
3494,0.65112025
3495,0.59831697
3496,0.5352024
3497,0.49589783
3498,0.41119352
3499,0.3728459
3500,0.3233976
3501,0.2993583
3502,0.28239775
3503,0.26772118
3504,0.2650241
3505,0.25521463
3506,0.24604195
3507,0.23625742
3508,0.22617704
3509,0.21280627
3510,0.19875368
3511,0.1921057
3512,0.20125441
3513,0.21799874
3514,0.21396692
3515,0.21044306
3516,0.21344219
3517,0.23469791
3518,0.43896124
3519,0.4929197
3520,0.43155062
3521,1.2904894
3522,1.3736415
3523,1.0932939
3524,0.9193618
3525,0.80152273
3526,0.72898114
3527,0.9248132
3528,0.7237732
3529,0.63315475
3530,0.5203435
3531,0.45654574
3532,0.40913016
3533,0.3709478
3534,0.4323897
3535,0.48649657
3536,0.4360159
3537,0.37942082
3538,0.3690585
3539,0.5159289
3540,0.45216548
3541,0.39194715
3542,0.34378725
3543,0.3023463
3544,0.34942904
3545,0.3130069
3546,0.28480893
3547,0.25197843
3548,0.22590284
3549,0.20247647
3550,0.1871058
3551,0.2135042
3552,0.1854176
3553,0.16480622
3554,0.14392895
3555,0.18642952
3556,0.15920788
3557,0.13714948
3558,0.12851915
3559,0.11315396
3560,0.10180703
3561,0.0956467
3562,0.09347716
3563,0.104829766
3564,0.10732776
3565,0.12411417
3566,0.12883247
3567,0.122197926
3568,0.11600107
3569,0.10452089
3570,0.0996245
3571,0.09180891
3572,0.10304333
3573,0.15142587
3574,0.13554531
3575,0.16095899
3576,0.24551111
3577,0.2267042
3578,0.21577002
3579,0.32884806
3580,0.2898745
3581,0.29794654
3582,0.28997633
3583,0.27305847
3584,0.25636572
3585,0.24885052
3586,0.34807494
3587,0.3599308
3588,0.60540384
3589,0.72691476
3590,0.63485754
3591,0.6666803
3592,1.5373201
3593,1.2176368
3594,1.2723293
3595,1.0296998
3596,0.854849
3597,0.72582555
3598,0.71797186
3599,0.6044417
3600,0.60224116
3601,0.56187814
3602,0.49086684
3603,0.4366084
3604,0.39492834
3605,0.35950166
3606,0.32189238
3607,0.2802205
3608,0.25563243
3609,0.23172782
3610,0.21288413
3611,0.19698848
3612,0.18271227
3613,0.19578458
3614,0.16812928
3615,0.15817986
3616,0.14560653
3617,0.14215688
3618,0.12692358
3619,0.11696026
3620,0.13124198
3621,0.115176074
3622,0.105414726
3623,0.097458206
3624,0.09307808
3625,0.08646795
3626,0.08417023
3627,0.078812696
3628,0.074158736
3629,0.072902314
3630,0.07097805
3631,0.06748771
3632,0.06612914
3633,0.060728163
3634,0.0562092
3635,0.05175768
3636,0.050075073
3637,0.047727898
3638,0.045446813
3639,0.044650223
3640,0.044867612
3641,0.045166112
3642,0.044753242
3643,0.042623658
3644,0.056512572
3645,0.054543696
3646,0.053519454
3647,0.053703055
3648,0.06228872
3649,0.06490199
3650,0.06394377
3651,0.06486703
3652,0.063726
3653,0.06401008
3654,0.062842816
3655,0.06043204
3656,0.060192026
3657,0.05980811
3658,0.06672618
3659,0.0654627
3660,0.06559387
3661,0.06509447
3662,0.0654255
3663,0.06448322
3664,0.06351292
3665,0.06395287
3666,0.06363966
3667,0.0635364
3668,0.06484815
3669,0.06465674
3670,0.064229995
3671,0.06378687
3672,0.06331804
3673,0.0628963
3674,0.062163487
3675,0.06160337
3676,0.061533924
3677,0.061182044
3678,0.06090728
3679,0.09042702
3680,0.08983218
3681,0.08913422
3682,0.08834361
3683,0.085852064
3684,0.08903045
3685,0.08876835
3686,0.08739138
3687,0.08507254
3688,0.12495068
3689,0.12080524
3690,0.11742579
3691,0.112990886
3692,0.119820625
3693,0.11676904
3694,0.113963835
3695,0.11081283
3696,0.1068747
3697,0.10422236
3698,0.11586577
3699,0.11535013
3700,0.112639956
3701,0.114837684
3702,0.11312772
3703,0.10877987
3704,0.105526775
3705,0.17117949
3706,0.19635324
3707,0.29587224
3708,0.28556305
3709,0.27854872
3710,0.2690759
3711,0.26325142
3712,0.2557717
3713,0.5638247
3714,0.92436904
3715,0.87107116
3716,0.8775643
3717,0.962769
3718,0.88121957
3719,0.81317186
3720,0.7635774
3721,0.7202155
3722,0.6692881
3723,0.6229408
3724,0.5902098
3725,0.55893415
3726,0.5243586
3727,0.49427223
3728,0.4705117
3729,0.45357603
3730,0.84161425
3731,0.7740417
3732,0.7295186
3733,0.6856557
3734,0.6365077
3735,0.59467334
3736,0.56283313
3737,0.5312623
3738,0.5046993
3739,0.47651172
3740,0.45084783
3741,0.4275335
3742,0.40923053
3743,0.3949934
3744,0.3798089
3745,0.3633448
3746,0.35131103
3747,0.34419754
3748,0.33406526
3749,0.32347858
3750,0.3135042
3751,0.30704215
3752,0.301169
3753,0.2964753
3754,0.2911581
3755,0.27997994
3756,0.27450335
3757,0.26847962
3758,0.26064432
3759,0.25599548
3760,0.25115657
3761,0.3946151
3762,0.38695458
3763,0.37341258
3764,0.35748467
3765,0.5034801
3766,0.62184745
3767,0.6047056
3768,0.5738762
3769,0.55129576
3770,0.5235362
3771,0.4984014
3772,0.4759516
3773,0.6260334
3774,0.59106183
3775,0.63135004
3776,2.6694086
3777,5.123493
3778,9.905897
3779,13.457109
3780,10.074612
3781,7.302392
3782,7.5752287
3783,5.578977
3784,5.42979
3785,3.9881825
3786,3.1599312
3787,3.7362897
3788,5.824061
3789,5.610581
3790,5.2733846
3791,3.9466934
3792,4.407634
3793,3.5613534
3794,2.8407037
3795,2.3256366
3796,1.8360759
3797,1.5716313
3798,1.3593047
3799,1.2365186
3800,1.069286
3801,0.9888843
3802,0.77306986
3803,0.68280935
3804,0.6393769
3805,1.0828921
3806,1.8422375
3807,1.5740533
3808,1.3754892
3809,1.1458707
3810,1.3058627
3811,1.0778766
3812,0.9423063
3813,0.86614585
3814,1.5696856
3815,2.094306
3816,3.6430655
3817,5.4434566
3818,20.507309
3819,17.497154
3820,13.326945
3821,9.567476
3822,6.3667755
3823,4.2606945
3824,3.3103695
3825,2.9862776
3826,2.355455
3827,1.8307533
3828,1.40966
3829,1.1894646
3830,1.0902519
3831,1.5690155
3832,1.4069519
3833,1.1196458
3834,0.9186748
3835,0.8612196
3836,0.81376326
3837,0.77395606
3838,2.0101495
3839,6.120474
3840,4.470275
3841,3.2537146
3842,2.5830095
3843,2.1090083
3844,4.366904
3845,3.1174378
3846,2.1694846
3847,1.6075606
3848,1.3939149
3849,1.649382
3850,1.2138363
3851,1.0720096
3852,0.96981966
3853,0.7670226
3854,0.71070445
3855,0.6585536
3856,0.64569247
3857,0.606957
3858,0.56550246
3859,0.5346092
3860,0.50767815
3861,0.48458362
3862,0.46694618
3863,0.45042065
3864,0.43667883
3865,0.42446768
3866,0.4539391
3867,0.43499917
3868,0.41629702
3869,0.4660704
3870,0.51072687
3871,0.48462492
3872,0.421323
3873,0.41125372
3874,0.39940137
3875,0.39180878
3876,0.38505688
3877,0.3768203
3878,0.36805093
3879,0.41637313
3880,0.40556085
3881,0.36136335
3882,0.32352751
3883,0.30439878
3884,0.27930814
3885,0.26404452
3886,0.24931055
3887,0.24266739
3888,0.24642877
3889,0.24627978
3890,0.25935054
3891,0.29232836
3892,0.27170724
3893,0.24991296
3894,0.32188365
3895,0.306619
3896,0.28331196
3897,0.25560036
3898,0.2322919
3899,0.21173756
3900,0.19757976
3901,0.18244769
3902,0.17179458
3903,0.16356686
3904,0.15882604
3905,0.1430057
3906,0.13712478
3907,0.1537895
3908,0.28596056
3909,0.30236325
3910,0.31139484
3911,0.33747044
3912,0.31248233
3913,0.27761972
3914,0.25843036
3915,0.33883393
3916,0.3227569
3917,0.3078921
3918,0.29284745
3919,0.28099898
3920,0.26918727
3921,0.25885686
3922,0.26075643
3923,0.23859863
3924,0.23843029
3925,0.22323081
3926,0.2129566
3927,0.20556125
3928,0.20019399
3929,0.20986511
3930,0.21171294
3931,0.20427541
3932,0.21418418
3933,0.21255764
3934,0.19445555
3935,0.17665294
3936,0.16880782
3937,0.16511029
3938,0.16159754
3939,0.15831289
3940,0.15544419
3941,0.1522567
3942,0.16191004
3943,0.16057292
3944,0.15574384
3945,0.15100932
3946,0.16128065
3947,0.28145245
3948,0.25984865
3949,0.25259286
3950,0.23347238
3951,0.22096254
3952,0.203908
3953,0.21103887
3954,0.24909958
3955,0.25568643
3956,0.28011978
3957,0.25926727
3958,0.24581838
3959,0.24039061
3960,0.24035744
3961,0.22810124
3962,0.22247566
3963,0.26877308
3964,0.25987312
3965,0.24883632
3966,0.24064367
3967,0.2604391
3968,0.27957058
3969,0.3853556
3970,0.42668414
3971,0.41024798
3972,0.40421852
3973,0.38120002
3974,0.36103627
3975,0.33757186
3976,0.38335
3977,0.33742288
3978,0.32110614
3979,0.3039905
3980,0.2704548
3981,0.25252852
3982,0.2581983
3983,0.25012207
3984,0.25796673
3985,0.24358693
3986,0.25116998
3987,0.23834778
3988,0.22432172
3989,0.21830688
3990,0.21112615
3991,0.20435175
3992,0.2248638
3993,0.22236224
3994,0.20711865
3995,0.203726
3996,0.1982759
3997,0.19538009
3998,0.19264434
3999,0.1883112
4000,0.18432811
4001,0.18172777
4002,0.17903422
4003,0.17177418
4004,0.16551141
4005,0.1640627
4006,0.15773316
4007,0.15722695
4008,0.15601294
4009,0.14719036
4010,0.14145476
4011,0.13524269
4012,0.13487367
4013,0.1344558
4014,0.1325003
4015,0.12977722
4016,0.12258202
4017,0.12743735
4018,0.1938599
4019,0.2729094
4020,0.29974025
4021,0.3279912
4022,0.30880538
4023,0.30294824
4024,0.29796913
4025,0.29233298
4026,0.28533557
4027,0.2716475
4028,0.26312762
4029,0.25110596
4030,0.24423565
4031,0.23726687
4032,0.231696
4033,0.21916999
4034,0.2067459
4035,0.20314914
4036,0.19840944
4037,0.21639629
4038,0.21577767
4039,0.20748839
4040,0.20303443
4041,0.19969042
4042,0.19169845
4043,0.24206947
4044,0.22545713
4045,0.21939039
4046,0.21131516
4047,0.20044127
4048,0.22353695
4049,0.22332084
4050,0.21474658
4051,0.20394811
4052,0.19596133
4053,0.18580051
4054,0.20485215
4055,0.2908927
4056,0.28341296
4057,0.27438137
4058,0.26497996
4059,0.25585094
4060,0.24672633
4061,0.23765764
4062,0.22857589
4063,0.21712145
4064,0.2083608
4065,0.20270492
4066,0.19831046
4067,0.19104181
4068,0.18515155
4069,0.20522362
4070,0.20281245
4071,0.19790976
4072,0.19374153
4073,0.19069314
4074,0.18544666
4075,0.18007678
4076,0.17453663
4077,0.16724771
4078,0.1629548
4079,0.15922083
4080,0.1558247
4081,0.15155654
4082,0.14597517
4083,0.1407167
4084,0.13698687
4085,0.13457866
4086,0.12980317
4087,0.125451
4088,0.122139886
4089,0.12111357
4090,0.11792221
4091,0.1931947
4092,0.19347677
4093,0.18746395
4094,0.18382949
4095,0.19451185
4096,0.18948703
4097,0.22033817
4098,0.24448648
4099,0.4136472
4100,0.9563818
4101,1.0036583
4102,0.93910694
4103,0.88191694
4104,0.8304581
4105,0.7915185
4106,0.7626136
4107,0.7301241
4108,0.6982549
4109,0.66627204
4110,0.6285119
4111,0.5971392
4112,0.5638116
4113,0.6337007
4114,0.61985695
4115,0.61640257
4116,0.578199
4117,0.5435956
4118,0.51865894
4119,0.49866965
4120,0.4774319
4121,0.4550596
4122,0.43084827
4123,0.41546214
4124,0.40428215
4125,0.39752337
4126,0.3792983
4127,0.36560318
4128,0.35440233
4129,0.35668454
4130,0.37087172
4131,0.41435695
4132,0.39493296
4133,0.45398432
4134,0.68990123
4135,0.70262146
4136,0.66192406
4137,0.6234568
4138,0.6104182
4139,0.6661802
4140,0.64609003
4141,0.8209094
4142,1.1236916
4143,1.0931171
4144,1.0086796
4145,0.92763996
4146,0.85951495
4147,0.80611
4148,0.75882286
4149,0.7135643
4150,0.72508585
4151,0.7075813
4152,0.66114557
4153,0.6373092
4154,0.6122007
4155,0.6482769
4156,0.6091458
4157,0.5761777
4158,0.64368916
4159,0.6144905
4160,0.577807
4161,0.5578264
4162,0.5349714
4163,0.5174645
4164,0.49148107
4165,0.7010066
4166,0.66884035
4167,0.6326612
4168,0.604009
4169,0.58607835
4170,0.71379584
4171,0.71240246
4172,0.67430073
4173,0.652241
4174,0.6269863
4175,0.6409317
4176,0.6173151
4177,0.5994989
4178,0.57115513
4179,0.7040803
4180,0.7152434
4181,0.74046564
4182,0.6991396
4183,0.66249806
4184,0.63496727
4185,0.60283643
4186,0.6938903
4187,0.6506344
4188,0.60998666
4189,1.435399
4190,1.2877712
4191,2.0519285
4192,2.009596
4193,1.6988423
4194,1.4826555
4195,1.3110199
4196,1.1691201
4197,1.0601845
4198,0.95733774
4199,6.1035843
4200,3.9100704
4201,2.8780303
4202,2.3440762
4203,12.415032
4204,8.659613
4205,6.0188856
4206,4.1578765
4207,3.1836538
4208,2.2812319
4209,1.8119485
4210,1.4935443
4211,1.2339435
4212,1.1157136
4213,0.9901594
4214,0.7723438
4215,0.84529066
4216,1.3368012
4217,1.363295
4218,1.1413267
4219,1.3874937
4220,1.4179419
4221,1.2008178
4222,1.0319865
4223,0.9078005
4224,0.80770326
4225,0.7278706
4226,0.6607035
4227,0.65488255
4228,0.6024084
4229,0.98592687
4230,1.8545427
4231,3.7250104
4232,5.1596813
4233,3.6460454
4234,2.4729154
4235,1.8532816
4236,1.5099007
4237,1.2469263
4238,1.4900253
4239,1.3523784
4240,1.1268172
4241,0.9707635
4242,1.0195252
4243,0.8879768
4244,0.8045927
4245,0.700922
4246,0.5738317
4247,0.51045394
4248,0.8422647
4249,0.71360123
4250,0.58593476
4251,0.5171658
4252,0.5956682
4253,1.4741831
4254,1.2372327
4255,1.2960207
4256,1.0678339
4257,0.9169382
4258,0.69732213
4259,0.5892528
4260,0.5301786
4261,0.53833425
4262,0.50071347
4263,0.49686533
4264,0.57381445
4265,0.5215438
4266,0.46760416
4267,0.4210204
4268,0.39595473
4269,0.3774907
4270,0.35077894
4271,0.32451153
4272,0.29844862
4273,0.28240454
4274,0.2652515
4275,0.27274147
4276,0.25593245
4277,0.24399403
4278,0.23302788
4279,0.2764891
4280,0.31270772
4281,0.3170631
4282,0.4497095
4283,0.45563576
4284,0.40897197
4285,0.36240977
4286,0.35039937
4287,0.6643993
4288,9.797244
4289,6.445362
4290,4.1977787
4291,2.6663241
4292,1.9145356
4293,1.4595387
4294,1.164773
4295,0.90739185
4296,0.65342605
4297,0.493891
4298,0.4133647
4299,0.35673428
4300,0.3176693
4301,0.28367692
4302,0.23753779
4303,0.20903017
4304,0.19273168
4305,0.2034598
4306,0.19543207
4307,0.19636127
4308,0.18197548
4309,0.17170805
4310,0.15951951
4311,0.16470411
4312,0.1402702
4313,0.18381152
4314,0.1856377
4315,0.17300507
4316,0.16173965
4317,0.15216692
4318,0.1437098
4319,0.15034358
4320,0.15474322
4321,0.20728442
4322,0.23946016
4323,0.29454747
4324,0.25338027
4325,0.28394812
4326,0.2547897
4327,0.21606335
4328,0.19884856
4329,0.1816361
4330,0.16696627
4331,0.15226763
4332,0.14017902
4333,0.12900698
4334,0.11602917
4335,0.110329345
4336,0.10660516
4337,0.10367377
4338,0.10764259
4339,0.10007411
4340,0.0979311
4341,0.09336963
4342,0.089755476
4343,0.08719691
4344,0.084028184
4345,0.08155393
4346,0.07869527
4347,0.07673858
4348,0.07498224
4349,0.07277894
4350,0.06619991
4351,0.06217825
4352,0.06506339
4353,0.059169043
4354,0.05602451
4355,0.051341206
4356,0.052045867
4357,0.0487008
4358,0.04793131
4359,0.04983844
4360,0.048518904
4361,0.045604266
4362,0.047569294
4363,0.047916472
4364,0.10722745
4365,0.103995144
4366,0.10902249
4367,0.11887165
4368,0.10958368
4369,0.12243695
4370,4.296175
4371,3.136775
4372,2.513646
4373,1.869421
4374,1.9396214
4375,1.5801061
4376,1.2608241
4377,1.0442011
4378,7.4087276
4379,13.3921795
4380,11.105335
4381,8.816552
4382,7.303327
4383,5.303727
4384,10.77981
4385,8.404076
4386,5.945228
4387,4.2539935
4388,2.986906
4389,2.1666403
4390,1.5976305
4391,1.2276217
4392,1.0176268
4393,0.8052583
4394,0.67188835
4395,0.6048263
4396,0.5464511
4397,0.52443624
4398,1.4668303
4399,1.2120026
4400,0.9572493
4401,0.8014419
4402,0.7144232
4403,0.6413966
4404,0.7626481
4405,1.1618471
4406,1.0019153
4407,0.8788482
4408,0.7813223
4409,0.6976403
4410,0.6326077
4411,0.5780307
4412,0.5924281
4413,0.544726
4414,0.50330853
4415,0.46816742
4416,0.43775773
4417,0.41097704
4418,0.44022077
4419,0.42222613
4420,0.49701005
4421,1.4695375
4422,1.246707
4423,1.0896544
4424,0.96525586
4425,0.87029725
4426,8.88167
4427,6.8022656
4428,5.1706567
4429,3.9937406
4430,3.337316
4431,5.9886637
4432,4.3841286
4433,3.2764213
4434,2.7631907
4435,7.061435
4436,5.348302
4437,6.157263
4438,4.6147776
4439,3.4897804
4440,2.767412
4441,2.842565
4442,2.8349946
4443,2.1695528
4444,1.8059136
4445,1.5382657
4446,1.6112442
4447,1.4528413
4448,1.2692443
4449,1.1296589
4450,2.5630755
4451,2.1124327
4452,1.7872045
4453,1.5189499
4454,1.299051
4455,1.1565179
4456,1.0397122
4457,1.074444
4458,0.97963035
4459,0.9021263
4460,0.83109975
4461,0.7754195
4462,1.8976588
4463,1.5671246
4464,1.3627915
4465,1.2216318
4466,1.0970076
4467,1.0038548
4468,1.767209
4469,1.5082268
4470,2.5412464
4471,2.6074944
4472,2.145559
4473,1.8319347
4474,1.8047196
4475,1.5697572
4476,1.3869015
4477,1.2364113
4478,1.1249831
4479,1.0305923
4480,1.0954278
4481,1.0012336
4482,0.9234839
4483,0.86477363
4484,0.8130368
4485,0.767681
4486,1.1305251
4487,1.1847992
4488,1.0879958
4489,1.7084248
4490,1.4948041
4491,1.341349
4492,1.2196379
4493,1.1239524
4494,4.0205736
4495,3.18648
4496,2.610728
4497,4.7299566
4498,4.590908
4499,4.708664
4500,3.4241798
4501,2.7358797
4502,2.2788496
4503,1.9604194
4504,1.7409858
4505,1.5658917
4506,1.2802756
4507,1.1040599
4508,0.9913147
4509,0.9077457
4510,1.670793
4511,5.2138834
4512,3.889506
4513,2.9670622
4514,2.4477139
4515,4.252739
4516,3.3252363
4517,2.7222338
4518,2.2495418
4519,3.521516
4520,2.8788733
4521,2.32381
4522,1.9955608
4523,1.7105255
4524,1.5235999
4525,1.3070414
4526,1.1895809
4527,1.1063132
4528,1.0974708
4529,1.0275497
4530,0.9691063
4531,1.7806251
4532,1.391748
4533,1.1237156
4534,1.0060915
4535,0.84433746
4536,0.7407073
4537,0.7030563
4538,0.8806863
4539,2.2589912
4540,5.582018
4541,8.174271
4542,5.5515833
4543,3.8256607
4544,2.7965503
4545,4.3261375
4546,3.3613462
4547,2.5592756
4548,1.9729183
4549,1.6673892
4550,6.8154793
4551,5.048534
4552,3.4458735
4553,2.4392023
4554,1.8747793
4555,1.5279075
4556,5.577857
4557,4.401797
4558,3.4052835
4559,2.7327561
4560,2.268489
4561,1.8063836
4562,2.4481459
4563,1.988744
4564,1.510244
4565,1.3456821
4566,1.2108577
4567,1.0827471
4568,0.9491006
4569,0.8793109
4570,0.7186405
4571,0.5848129
4572,0.5572604
4573,1.4559796
4574,1.2976522
4575,1.027731
4576,0.9493384
4577,0.8743689
4578,1.2520547
4579,1.7097028
4580,1.4003916
4581,1.2529323
4582,1.1359923
4583,0.9912075
4584,2.266009
4585,1.9220243
4586,1.4349113
4587,1.2430391
4588,1.0891659
4589,1.139385
4590,1.1501226
4591,3.0736728
4592,2.7862034
4593,6.277945
4594,6.1081047
4595,4.4939194
4596,3.288012
4597,3.63607
4598,8.67761
4599,5.92798
4600,3.8458486
4601,2.479349
4602,1.9606667
4603,1.6355174
4604,1.7770803
4605,2.0382981
4606,1.4390332
4607,1.1517062
4608,0.9188174
4609,0.8284513
4610,0.75473
4611,0.7321988
4612,1.1047654
4613,1.2642896
4614,1.1108943
4615,0.988281
4616,0.885821
4617,0.8935236
4618,0.81098807
4619,0.91360784
4620,0.701419
4621,0.5570258
4622,0.49328074
4623,0.44153905
4624,0.39565393
4625,0.361249
4626,0.32501018
4627,0.29896116
4628,0.37288338
4629,0.3633648
4630,0.3454453
4631,0.34799904
4632,0.33722773
4633,0.35328746
4634,0.32533053
4635,0.31057554
4636,0.33300784
4637,0.31465745
4638,0.2998606
4639,0.27848533
4640,0.7311777
4641,0.89457446
4642,1.0752934
4643,1.1984334
4644,2.440207
4645,1.8419628
4646,2.2741656
4647,2.0675752
4648,1.5484232
4649,1.0914011
4650,0.9054869
4651,0.75785214
4652,0.630773
4653,0.50195634
4654,0.40558633
4655,0.3597246
4656,0.32370842
4657,0.29480794
4658,0.26499394
4659,0.2568699
4660,0.23671101
4661,0.21189901
4662,0.31213844
4663,0.45261288
4664,0.8199812
4665,0.9306581
4666,0.9943927
4667,1.9771369
4668,2.7547722
4669,2.0214195
4670,1.4640483
4671,1.1192801
4672,0.8821598
4673,0.9631672
4674,0.77975017
4675,0.64882505
4676,0.8463334
4677,1.2529614
4678,3.5680642
4679,4.6910295
4680,3.378328
4681,3.9043305
4682,2.6904936
4683,1.8025928
4684,1.9412789
4685,1.9252892
4686,1.4393275
4687,1.4082539
4688,1.3772267
4689,1.3347179
4690,1.0347657
4691,0.6942397
4692,0.4940734
4693,0.361735
4694,0.30014205
4695,0.6120793
4696,0.49648485
4697,0.39520139
4698,0.45826465
4699,0.38014394
4700,0.743369
4701,1.0135512
4702,0.7848227
4703,0.83283603
4704,0.6666179
4705,0.4747225
4706,0.37069812
4707,0.31082982
4708,0.27020496
4709,0.26755193
4710,0.26276115
4711,0.2440562
4712,0.20715657
4713,0.17934942
4714,0.15670201
4715,0.14238642
4716,0.13080065
4717,0.12068871
4718,0.11279019
4719,0.09839444
4720,0.08804483
4721,0.08302593
4722,0.077540636
4723,0.071960494
4724,0.0995243
4725,0.09128337
4726,0.08616451
4727,0.08275005
4728,0.0826285
4729,0.0884886
4730,0.07942365
4731,0.07561789
4732,0.07197776
4733,0.075225756
4734,0.57688326
4735,0.51939595
4736,0.57396513
4737,0.9340532
4738,3.871905
4739,4.492902
4740,5.9026065
4741,4.700836
4742,3.2558703
4743,2.3969774
4744,1.813318
4745,1.1924679
4746,0.9487343
4747,5.4805164
4748,4.812545
4749,3.4013069
4750,2.516845
4751,2.2950804
4752,1.7887369
4753,1.3465706
4754,1.0740485
4755,0.90775144
4756,0.77721953
4757,0.6689057
4758,0.48484796
4759,0.42630458
4760,0.36789584
4761,0.33197156
4762,0.2980823
4763,0.26852876
4764,0.24539253
4765,0.22603887
4766,0.20252845
4767,0.1870167
4768,0.17488718
4769,0.1638774
4770,0.15486407
4771,0.14670262
4772,0.13954942
4773,0.13364846
4774,0.12743774
4775,0.12076526
4776,0.114742815
4777,0.1810872
4778,0.21431175
4779,0.20067409
4780,0.1884678
4781,0.17833284
4782,0.19285968
4783,0.18845645
4784,0.2162898
4785,0.20575684
4786,0.19560611
4787,0.18723117
4788,0.1801044
4789,0.17402337
4790,0.16848871
4791,0.16189192
4792,0.15357934
4793,0.9401728
4794,0.81865525
4795,0.7486099
4796,1.0188553
4797,0.88721204
4798,0.78386486
4799,0.70081353
4800,0.63348025
4801,0.57433283
4802,0.52132386
4803,0.47691435
4804,0.4427729
4805,0.4113522
4806,1.9614675
4807,1.6104946
4808,1.3562438
4809,1.1638223
4810,1.0143639
4811,1.1985279
4812,1.0448592
4813,0.9239006
4814,0.82635236
4815,0.74646986
4816,0.6779157
4817,0.6209036
4818,0.8864156
4819,0.79911715
4820,0.7269087
4821,0.7663731
4822,0.7001796
4823,0.6442133
4824,0.5967554
4825,0.55610096
4826,0.52086556
4827,0.48939884
4828,0.45969152
4829,0.4362378
4830,0.4142273
4831,0.8538424
4832,0.7777656
4833,0.71317774
4834,0.657583
4835,0.7741302
4836,0.71737885
4837,0.66308606
4838,0.62487805
4839,2.0546772
4840,1.9618509
4841,1.6717894
4842,1.4674813
4843,1.278106
4844,1.1307257
4845,1.0121243
4846,0.91474056
4847,1.1651514
4848,1.0405568
4849,0.9411267
4850,0.8588288
4851,0.79020274
4852,0.7320541
4853,0.68145436
4854,3.758253
4855,2.897007
4856,2.330213
4857,1.9297991
4858,1.6422379
4859,2.7935667
4860,7.4344835
4861,5.496724
4862,4.0959578
4863,3.1660256
4864,2.5073426
4865,2.0539286
4866,1.7412481
4867,1.5010846
4868,1.571881
4869,3.3888521
4870,2.7031693
4871,2.8025393
4872,6.2561665
4873,5.187219
4874,6.111096
4875,4.5386667
4876,3.5014524
4877,2.7962425
4878,3.4896336
4879,2.8219826
4880,3.3454204
4881,3.9131436
4882,4.1257877
4883,3.2340512
4884,4.117113
4885,3.4690104
4886,2.5788298
4887,2.06318
4888,1.7391675
4889,1.5087351
4890,1.3359697
4891,1.1961498
4892,1.0518434
4893,0.9717317
4894,0.91843855
4895,0.8625468
4896,0.81449354
4897,0.7785893
4898,0.7335272
4899,0.66126454
4900,0.5687785
4901,0.742555
4902,0.69947374
4903,0.88053656
4904,0.78375685
4905,0.69455373
4906,0.65156513
4907,0.6105643
4908,0.58354664
4909,1.3304176
4910,1.073031
4911,0.91139805
4912,1.3027837
4913,1.0263057
4914,0.9249239
4915,0.86735487
4916,0.8178805
4917,0.77444685
4918,0.74690056
4919,2.6784391
4920,1.9371923
4921,1.4729646
4922,1.2454137
4923,1.1396259
4924,1.6210309
4925,1.3384533
4926,1.2158802
4927,1.0957245
4928,1.0151497
4929,0.9463331
4930,1.5733732
4931,1.2229398
4932,0.97609
4933,0.7909893
4934,0.73924434
4935,0.70371056
4936,0.67356396
4937,0.65014505
4938,3.2464218
4939,2.8517144
4940,3.894659
4941,3.1352398
4942,2.3767207
4943,1.9841167
4944,1.6979496
4945,1.479651
4946,1.8516508
4947,1.9415711
4948,3.3349617
4949,2.8348637
4950,8.6747675
4951,5.9850116
4952,3.8233
4953,2.5296502
4954,1.80021
4955,1.5229094
4956,1.3223178
4957,1.2396057
4958,1.0824533
4959,0.9332927
4960,0.8095794
4961,0.74831283
4962,0.6771773
4963,0.5842953
4964,0.52984554
4965,0.50499666
4966,0.42907363
4967,0.40060306
4968,0.37421438
4969,0.41561872
4970,0.5293333
4971,0.77910143
4972,0.7499789
4973,0.6417934
4974,0.60069
4975,0.51959413
4976,0.48515162
4977,0.4566245
4978,0.4774953
4979,0.5104062
4980,0.6579765
4981,3.2708678
4982,5.185708
4983,4.009918
4984,8.358419
4985,6.184623
4986,4.120074
4987,3.0230892
4988,2.395692
4989,2.7022705
4990,2.837031
4991,3.5851688
4992,2.340718
4993,1.6533593
4994,1.3503702
4995,1.7031624
4996,1.4422144
4997,1.2082636
4998,1.2799312
4999,1.8337561
5000,1.4200878
5001,1.1712219
5002,1.5445936
5003,1.3147646
5004,1.1013497
5005,0.94681746
5006,0.8110492
5007,0.59657884
5008,0.45028377
5009,0.3571549
5010,0.2932234
5011,0.25079018
5012,0.23404737
5013,0.260638
5014,0.24263766
5015,0.22769596
5016,0.21444096
5017,0.2038703
5018,0.19326894
5019,0.22349834
5020,0.2665611
5021,0.27068627
5022,0.36416703
5023,0.314974
5024,0.29163277
5025,0.3184266
5026,0.32477325
5027,0.3001815
5028,0.35242015
5029,0.32266197
5030,0.39273524
5031,0.3564357
5032,0.32637793
5033,0.3088951
5034,0.36427984
5035,0.3391334
5036,0.40842247
5037,0.39074218
5038,0.5770189
5039,0.67723113
5040,0.60251355
5041,0.58391404
5042,0.6204649
5043,0.57976985
5044,0.76925623
5045,0.8753326
5046,0.88772094
5047,0.7574165
5048,0.71593213
5049,0.6316369
5050,0.6891434
5051,0.9684297
5052,1.8636532
5053,1.4691294
5054,1.1922109
5055,0.97036827
5056,0.82775176
5057,0.70000887
5058,0.67695403
5059,0.62427896
5060,0.55023813
5061,0.4984535
5062,0.43867123
5063,0.3843293
5064,0.37158987
5065,0.36893407
5066,0.32730326
5067,0.34994018
5068,0.32765856
5069,0.30308598
5070,0.28478554
5071,0.28717545
5072,0.27376273
5073,0.26082957
5074,0.2470408
5075,0.31628323
5076,0.35345814
5077,0.35903847
5078,0.33691305
5079,0.31793967
5080,0.302933
5081,0.31227013
5082,0.2925621
5083,0.27931678
5084,0.37373352
5085,0.4415812
5086,0.4125651
5087,0.39114186
5088,0.37065172
5089,0.35080633
5090,0.35614043
5091,0.58551145
5092,0.5185738
5093,0.4771033
5094,0.44164896
5095,0.55351317
5096,0.61124706
5097,0.6554607
5098,0.6047548
5099,0.55050725
5100,0.50609285
5101,0.465534
5102,0.43193024
5103,0.39937326
5104,0.37802175
5105,0.35602638
5106,0.33943424
5107,0.31729293
5108,0.30889896
5109,0.28627515
5110,0.26785308
5111,0.26536685
5112,0.2519874
5113,0.24845192
5114,0.24139388
5115,0.22750789
5116,0.21907115
5117,0.3792804
5118,0.6299671
5119,0.61149377
5120,0.53988653
5121,0.50429004
5122,0.6450583
5123,0.58275527
5124,0.8178035
5125,1.6729476
5126,2.2209725
5127,1.7479517
5128,1.5744505
5129,1.4428179
5130,1.2769649
5131,1.0770301
5132,0.97474134
5133,2.3420553
5134,1.9609368
5135,1.7621789
5136,1.4201771
5137,1.1833186
5138,1.0490391
5139,0.9166378
5140,0.8317487
5141,0.86740214
5142,0.9304962
5143,1.933862
5144,1.6326907
5145,1.3243794
5146,1.1092212
5147,4.4090223
5148,4.607359
5149,3.217636
5150,2.3974924
5151,1.8661518
5152,1.5102332
5153,1.2545843
5154,1.0586011
5155,0.91721755
5156,0.8016153
5157,2.3219173
5158,1.9111809
5159,1.6233473
5160,1.3758277
5161,1.1669381
5162,1.0073407
5163,0.8822082
5164,0.7808823
5165,0.83432674
5166,0.90766376
5167,0.80293137
5168,0.7189026
5169,0.67588794
5170,0.94398016
5171,0.8384098
5172,0.7513907
5173,0.6799792
5174,0.6196777
5175,0.6159264
5176,0.5674282
5177,0.5215757
5178,0.6427449
5179,0.5919468
5180,0.5484783
5181,0.51126075
5182,0.47492695
5183,0.4452747
5184,0.87483275
5185,0.90288967
5186,0.81129146
5187,0.7360941
5188,0.6714989
5189,0.6174805
5190,1.4789717
5191,1.3695688
5192,1.1919442
5193,1.0514455
5194,0.94078755
5195,0.84922177
5196,0.7720398
5197,0.70691895
5198,0.66446245
5199,0.6154661
5200,1.8295603
5201,1.548774
5202,1.3377979
5203,1.1721958
5204,1.1506468
5205,1.0772716
5206,1.5535703
5207,1.3447963
5208,1.1825155
5209,2.1676812
5210,2.5060046
5211,2.0679288
5212,1.7335222
5213,1.4857119
5214,1.4242028
5215,1.2492006
5216,1.1101925
5217,1.0084174
5218,1.7101836
5219,1.4663262
5220,1.2862837
5221,4.301883
5222,3.2800975
5223,2.6021602
5224,2.1267636
5225,1.7855978
5226,1.5358241
5227,1.3458056
5228,1.1963575
5229,1.0714786
5230,0.9848591
5231,0.9693073
5232,0.8886427
5233,3.4000895
5234,2.924069
5235,2.3827894
5236,2.0061245
5237,1.7261174
5238,9.022131
5239,6.8792667
5240,5.132217
5241,3.9156065
5242,3.0663238
5243,2.4175596
5244,2.0127616
5245,1.5778563
5246,1.3458459
5247,1.6962799
5248,2.198008
5249,1.8554689
5250,2.0302389
5251,1.7867689
5252,1.5567055
5253,1.4030644
5254,1.2319223
5255,1.1147485
5256,2.7961633
5257,2.2179167
5258,1.8038818
5259,1.8706009
5260,1.6329015
5261,1.4219526
5262,1.2781371
5263,1.2541616
5264,2.3675508
5265,7.2311316
5266,10.996948
5267,8.2979355
5268,5.9625177
5269,4.4114256
5270,3.3974876
5271,2.8668597
5272,2.4973454
5273,3.3973331
5274,2.6265864
5275,2.7623906
5276,2.1030974
5277,1.7935617
5278,4.148001
5279,8.267957
5280,5.782381
5281,4.353714
5282,3.1129153
5283,2.2190156
5284,1.694727
5285,1.3235471
5286,1.0491123
5287,0.9396442
5288,0.8902012
5289,0.9452088
5290,0.8775641
5291,1.0302511
5292,0.96315026
5293,4.83349
5294,3.1820612
5295,2.261893
5296,3.2010612
5297,7.284938
5298,6.3130026
5299,4.6102242
5300,3.043048
5301,2.08857
5302,1.5009503
5303,1.3315516
5304,1.3248454
5305,1.0456641
5306,0.8458164
5307,0.70354587
5308,0.6739931
5309,0.63838935
5310,0.6098012
5311,0.56808424
5312,0.65391916
5313,0.5815022
5314,0.50532764
5315,0.46037984
5316,0.4531652
5317,0.44682527
5318,0.44116318
5319,0.43621242
5320,0.43239504
5321,0.6019333
5322,0.58290887
5323,0.5340911
5324,0.55383253
5325,0.5425911
5326,0.5324292
5327,0.51780367
5328,0.48208848
5329,0.47266155
5330,0.9787863
5331,7.082654
5332,4.862252
5333,3.3475199
5334,2.666179
5335,2.1174128
5336,2.36276
5337,1.9281961
5338,1.482769
5339,1.1436837
5340,0.9671458
5341,0.871609
5342,0.7912025
5343,0.71043795
5344,0.658718
5345,0.60671407
5346,0.5694206
5347,0.5323541
5348,0.49894673
5349,0.47493222
5350,0.452071
5351,0.45304012
5352,0.40359277
5353,0.38504407
5354,0.36868
5355,0.34537667
5356,0.33076996
5357,0.34229562
5358,0.33047298
5359,0.31657106
5360,0.30429173
5361,0.28865504
5362,0.26545963
5363,0.24710052
5364,0.23506904
5365,0.22377107
5366,0.2108896
5367,0.19693151
5368,0.18670648
5369,0.16923045
5370,0.1632778
5371,0.15566489
5372,0.14747992
5373,0.14039154
5374,0.13086179
5375,0.12360102
5376,0.115972124
5377,0.11072965
5378,0.105206735
5379,0.09925606
5380,0.09053868
5381,0.16186507
5382,0.14244495
5383,0.12799563
5384,0.12318253
5385,0.11851926
5386,0.11924352
5387,0.11462347
5388,0.11034806
5389,0.1059681
5390,0.10265748
5391,0.141088
5392,0.13401775
5393,0.12849113
5394,0.122428745
5395,0.11633442
5396,0.11812557
5397,0.119319335
5398,0.1158097
5399,0.11001733
5400,0.1059319
5401,0.10170363
5402,0.18013227
5403,0.17861326
5404,0.15989672
5405,0.14801987
5406,0.14203519
5407,0.13765056
5408,0.13566849
5409,0.13236775
5410,0.13502303
5411,0.12971938
5412,0.12501714
5413,0.1190455
5414,0.11665087
5415,0.112395644
5416,0.12706332
5417,0.11717354
5418,0.1184659
5419,0.11941339
5420,0.11289
5421,0.15119152
5422,0.1532272
5423,0.22165412
5424,0.21147022
5425,0.2035574
5426,0.1917475
5427,0.24544999
5428,0.56088537
5429,0.58364564
5430,0.59820676
5431,0.9518391
5432,0.83282036
5433,0.7579139
5434,0.7906794
5435,0.75209516
5436,1.4999177
5437,1.2134908
5438,1.213711
5439,9.90387
5440,5.727493
5441,3.8449585
5442,2.53924
5443,1.835872
5444,1.4006946
5445,1.1191249
5446,1.0454808
5447,0.8576726
5448,0.83685297
5449,0.7009493
5450,0.60200906
5451,0.5219374
5452,0.48180223
5453,0.42964804
5454,0.38714677
5455,0.35136235
5456,0.3429308
5457,0.31931195
5458,0.31772393
5459,0.3002822
5460,0.27781522
5461,0.25815448
5462,0.23705551
5463,0.22728889
5464,0.23769072
5465,0.2130356
5466,0.20087585
5467,0.19187205
5468,0.18271522
5469,0.17407809
5470,0.19552016
5471,0.18031958
5472,0.16783905
5473,0.15212946
5474,0.14766106
5475,0.13866733
5476,0.14342302
5477,0.1299999
5478,0.12684609
5479,0.12415778
5480,0.119165026
5481,0.10841025
5482,0.10089459
5483,0.1779986
5484,0.33157253
5485,0.339351
5486,0.30754426
5487,0.28606278
5488,0.27023858
5489,0.2547809
5490,0.24092475
5491,0.22395323
5492,0.21053582
5493,0.19437471
5494,0.18484166
5495,0.17529187
5496,0.16554002
5497,0.16091238
5498,0.15332483
5499,0.1457274
5500,0.14103094
5501,0.13601115
5502,0.13271596
5503,0.12989748
5504,0.12828258
5505,0.122639224
5506,0.12042252
5507,0.11468222
5508,0.32390234
5509,0.3095221
5510,0.2948028
5511,0.28201732
5512,0.27080324
5513,0.25914636
5514,0.24993698
5515,0.2416364
5516,0.23042284
5517,0.21834694
5518,0.22003932
5519,0.20961852
5520,0.200988
5521,0.18990469
5522,0.18298884
5523,0.17801014
5524,0.17301393
5525,0.18999141
5526,0.18525527
5527,0.18325755
5528,0.17792739
5529,0.17076163
5530,0.16382
5531,0.22750503
5532,0.24633546
5533,0.24218884
5534,0.23026176
5535,0.2212585
5536,0.21602222
5537,0.219588
5538,0.2167155
5539,0.21027377
5540,0.20527144
5541,0.19826469
5542,0.19130045
5543,0.18429542
5544,0.18007827
5545,0.17333016
5546,0.17662609
5547,0.20554721
5548,0.19980094
5549,0.3014679
5550,0.2959419
5551,0.28393546
5552,0.27095473
5553,0.3313215
5554,0.37656766
5555,0.38007995
5556,0.36109677
5557,0.3424504
5558,0.3269039
5559,0.6233316
5560,0.58127147
5561,0.5547541
5562,0.51905054
5563,0.513044
5564,0.49789652
5565,0.46651575
5566,0.44883627
5567,0.4512204
5568,0.5930994
5569,0.5808665
5570,1.4316888
5571,1.2730681
5572,1.1674885
5573,1.0348663
5574,0.92300045
5575,0.8591337
5576,0.80919063
5577,1.664545
5578,1.4819722
5579,1.2799183
5580,1.1177571
5581,0.98705167
5582,0.8839466
5583,1.4801311
5584,1.4537808
5585,1.2982659
5586,1.1260297
5587,0.9945432
5588,0.89449227
5589,1.0423033
5590,0.93417466
5591,0.8444114
5592,0.7642427
5593,0.6991422
5594,3.575443
5595,3.3679652
5596,3.7004728
5597,2.915237
5598,2.4601607
5599,1.9838614
5600,1.6506082
5601,1.4053999
5602,1.2193313
5603,1.844716
5604,1.5508969
5605,1.3342034
5606,1.1679535
5607,1.2288727
5608,1.3422391
5609,1.1711475
5610,1.0380315
5611,0.93317664
5612,0.84588444
5613,0.7746146
5614,0.71477324
5615,0.66166604
5616,0.61586297
5617,0.5782232
5618,2.381912
5619,4.4146767
5620,10.462329
5621,19.316685
5622,42.619377
5623,66.21529
5624,45.428463
5625,47.82464
5626,22.930328
5627,11.76026
5628,8.379052
5629,5.8770685
5630,4.2505684
5631,2.6906602
5632,1.9568825
5633,1.5485096
5634,1.4814317
5635,2.3336182
5636,1.7311174
5637,1.9318694
5638,1.4546322
5639,1.1375618
5640,0.9791846
5641,0.82727325
5642,0.74201787
5643,0.62769634
5644,0.5422704
5645,1.0635554
5646,7.617839
5647,5.25455
5648,3.5823615
5649,3.8727994
5650,2.7573032
5651,2.0257351
5652,1.5447445
5653,1.235837
5654,1.0234764
5655,0.81996906
5656,2.1721356
5657,9.480761
5658,12.748713
5659,24.749992
5660,26.467823
5661,23.791077
5662,17.033281
5663,12.826521
5664,8.449398
5665,5.382037
5666,4.2587934
5667,2.8984742
5668,2.2705178
5669,4.890268
5670,3.5080934
5671,4.087059
5672,3.1774943
5673,2.2752223
5674,1.7680768
5675,1.4815501
5676,1.1196581
5677,0.84905446
5678,0.7144619
5679,0.60524213
5680,0.50792897
5681,0.4705641
5682,0.43752927
5683,0.41040832
5684,0.3867943
5685,0.3635796
5686,0.47715485
5687,0.45534214
5688,0.39920145
5689,0.37832606
5690,0.35399547
5691,0.34414804
5692,0.3310218
5693,0.3173645
5694,0.304635
5695,0.29357567
5696,0.28371063
5697,0.27478716
5698,0.39038152
5699,0.37426198
5700,0.3601984
5701,0.34684688
5702,0.3354243
5703,0.3243977
5704,0.31035528
5705,0.43349686
5706,0.3876717
5707,0.37174132
5708,0.34452304
5709,0.3256886
5710,0.30713534
5711,0.38593346
5712,0.36210987
5713,0.33091578
5714,0.2993876
5715,0.30871898
5716,0.28918073
5717,0.30016205
5718,0.28328812
5719,0.26563254
5720,0.25255457
5721,0.24153619
5722,0.2308023
5723,0.22228482
5724,0.21418886
5725,0.20626837
5726,0.20785196
5727,0.20022236
5728,0.19021142
5729,0.1807708
5730,0.25587627
5731,0.24779886
5732,0.24475959
5733,0.23182848
5734,0.34711188
5735,0.32976156
5736,0.35613406
5737,0.36967582
5738,0.51809376
5739,0.67165756
5740,1.7815135
5741,8.413786
5742,5.187235
5743,2.9954472
5744,2.061798
5745,2.6465647
5746,5.5076747
5747,11.030745
5748,7.716686
5749,4.769989
5750,3.3201842
5751,2.16461
5752,2.1346536
5753,1.4876285
5754,2.3792126
5755,1.652729
5756,1.064371
5757,0.82311606
5758,1.5795777
5759,1.5593637
5760,1.1493709
5761,0.9238961
5762,4.9791903
5763,6.8352785
5764,5.0333176
5765,3.8787427
5766,2.8812037
5767,2.309336
5768,1.7543325
5769,1.2133024
5770,0.9273342
5771,1.2903712
5772,1.3857266
5773,1.2893666
5774,1.5272696
5775,1.3365741
5776,0.9829714
5777,1.0386875
5778,0.9648256
5779,0.75622946
5780,0.6426885
5781,0.5156555
5782,0.44776702
5783,0.3698843
5784,0.3080492
5785,0.7035969
5786,0.63039565
5787,0.49252364
5788,0.4170853
5789,0.37438828
5790,0.5472387
5791,0.46127677
5792,0.38849097
5793,0.36209965
5794,0.31342798
5795,0.6331248
5796,0.52573514
5797,0.4757309
5798,0.39876425
5799,0.34667253
5800,0.30329436
5801,0.25327644
5802,0.27009374
5803,0.23714721
5804,0.23497301
5805,0.2142055
5806,0.408908
5807,0.35381752
5808,0.30715474
5809,0.27558178
5810,0.25091988
5811,0.22954634
5812,0.21671909
5813,0.19960555
5814,0.1872077
5815,0.31379753
5816,0.2930748
5817,0.27917796
5818,0.25760376
5819,0.24089333
5820,0.24925202
5821,0.23362376
5822,0.24556474
5823,0.2697644
5824,0.30319172
5825,0.2797113
5826,0.48795494
5827,0.4795115
5828,0.4316165
5829,0.38464183
5830,0.34443384
5831,0.31816024
5832,0.29643184
5833,0.2780705
5834,0.26582724
5835,0.24737315
5836,0.23594004
5837,0.22602537
5838,0.21670094
5839,0.20929945
5840,0.20294969
5841,0.19190872
5842,0.1868719
5843,0.19118354
5844,0.1965801
5845,0.28577486
5846,0.268618
5847,0.25856134
5848,0.24945055
5849,0.23967354
5850,0.22288632
5851,0.21274918
5852,0.20730671
5853,0.20308134
5854,0.1988464
5855,0.19577573
5856,0.1857994
5857,0.1837627
5858,0.18144393
5859,0.1780793
5860,0.17507316
5861,0.17171933
5862,0.16669431
5863,0.16306776
5864,0.158174
5865,0.15403588
5866,0.15047163
5867,0.14674309
5868,0.14197463
5869,0.14079241
5870,0.1389318
5871,0.13120924
5872,0.13029452
5873,0.12705347
5874,0.12252061
5875,0.11818184
5876,0.115285605
5877,0.28611758
5878,0.36098176
5879,0.3598695
5880,0.33677375
5881,0.32790422
5882,0.31769314
5883,0.3046071
5884,0.28966856
5885,0.27369645
5886,0.3070511
5887,11.709051
5888,9.064887
5889,10.8080435
5890,8.037706
5891,5.647864
5892,4.1173105
5893,3.0368996
5894,2.345378
5895,1.8782144
5896,9.015431
5897,7.1997967
5898,5.2758813
5899,3.8684726
5900,2.9437118
5901,2.3264885
5902,1.9024135
5903,1.5916252
5904,1.3648491
5905,1.1911769
5906,1.0540845
5907,0.94577694
5908,0.85473305
5909,1.2526207
5910,1.5155036
5911,1.3111447
5912,2.073458
5913,10.456783
5914,8.621765
5915,12.343176
5916,19.638277
5917,16.70286
5918,21.771553
5919,23.1965
5920,23.148191
5921,43.36156
5922,35.247086
5923,20.009876
5924,11.364616
5925,7.1538086
5926,5.092511
5927,3.8560119
5928,3.0860453
5929,2.573698
5930,2.208672
5931,2.6508172
5932,2.2487686
5933,1.9561887
5934,1.7358692
5935,2.5795326
5936,2.174509
5937,1.8862059
5938,1.6693039
5939,1.696861
5940,20.40321
5941,16.066952
5942,11.653391
5943,8.216505
5944,7.6257887
5945,5.427164
5946,4.0016108
5947,3.0978618
5948,2.502555
5949,2.868824
5950,3.7849422
5951,2.959765
5952,2.4058862
5953,13.2290125
5954,12.352379
5955,9.633761
5956,7.210274
5957,5.341189
5958,4.7393646
5959,3.6410863
5960,2.904273
5961,8.200468
5962,6.6898994
5963,4.7781525
5964,3.6055698
5965,2.736474
5966,2.2142205
5967,1.83741
5968,1.5858239
5969,1.4106117
5970,1.2756221
5971,1.3209081
5972,1.1529689
5973,1.0426941
5974,1.0213892
5975,0.93890005
5976,0.86364245
5977,0.7957608
5978,0.73177457
5979,0.6562203
5980,0.63218254
5981,0.6694567
5982,0.64483094
5983,0.6271244
5984,0.79993474
5985,0.71706057
5986,0.9030173
5987,2.5082169
5988,2.3555255
5989,2.7409356
5990,2.192677
5991,1.8923752
5992,2.235646
5993,1.8841944
5994,1.7161896
5995,1.7872155
5996,2.0411806
5997,1.7821002
5998,1.7226379
5999,1.4487427
6000,1.2724092
6001,1.1708385
6002,1.1060123
6003,1.1858983
6004,1.1143506
6005,1.0401814
6006,0.86730933
6007,0.81434846
6008,1.2007904
6009,1.1107026
6010,0.95740116
6011,0.87194353
6012,0.7896147
6013,0.7517941
6014,0.7234703
6015,0.6702006
6016,0.65047723
6017,0.5896553
6018,0.55537295
6019,0.6330848
6020,0.61663795
6021,0.5646502
6022,0.5411323
6023,0.5302254
6024,0.59431076
6025,6.0080023
6026,3.8955007
6027,2.8024952
6028,2.2504911
6029,1.9067394
6030,1.9957634
6031,3.538434
6032,2.7665858
6033,1.97187
6034,1.6403196
6035,1.5389005
6036,2.5650125
6037,7.2133465
6038,4.587343
6039,2.9737906
6040,2.0371192
6041,1.5167727
6042,1.3083471
6043,1.1453619
6044,0.91341007
6045,0.7179793
6046,0.5729368
6047,0.50891876
6048,0.5070012
6049,0.57013935
6050,0.5314812
6051,0.49632674
6052,6.6032405
6053,8.938496
6054,6.3188944
6055,4.353382
6056,3.5674825
6057,2.277562
6058,1.7929044
6059,1.2392486
6060,0.89453745
6061,0.6541028
6062,0.5196005
6063,0.3985468
6064,0.32295516
6065,0.29185167
6066,0.24587588
6067,0.21518286
6068,0.21596137
6069,0.19820657
6070,0.18451391
6071,0.16686364
6072,0.16269276
6073,0.15159635
6074,0.13826074
6075,0.12929589
6076,0.12101932
6077,0.11382358
6078,0.09929291
6079,0.088199966
6080,0.08302403
6081,0.076747276
6082,0.07391779
6083,0.070131615
6084,0.067237265
6085,0.22291952
6086,0.20157987
6087,0.24079627
6088,0.2173912
6089,0.20581324
6090,0.2291975
6091,0.20500672
6092,0.19244632
6093,0.18700372
6094,0.17363982
6095,0.15946871
6096,0.15239246
6097,0.14551154
6098,0.13672435
6099,0.1262824
6100,0.120055005
6101,0.113438495
6102,0.1090719
6103,0.10511537
6104,0.102176264
6105,0.16263086
6106,0.14806764
6107,0.1333099
6108,0.123005256
6109,0.117667116
6110,0.110869005
6111,0.1238955
6112,0.11735615
6113,0.10772993
6114,0.11180523
6115,0.09921048
6116,0.09604674
6117,0.09374785
6118,0.09322382
6119,0.090876795
6120,0.08811181
6121,0.08572871
6122,0.0802068
6123,0.0784687
6124,0.07653868
6125,0.081818424
6126,0.07960963
6127,0.07979099
6128,0.101037174
6129,0.09686802
6130,0.09407481
6131,0.09129495
6132,0.09395243
6133,0.0932165
6134,0.08981664
6135,0.08294357
6136,0.07875336
6137,0.07451553
6138,0.07610367
6139,0.07307326
6140,0.070009455
6141,0.06695749
6142,0.07353408
6143,0.06827078
6144,0.061882354
6145,0.06490681
6146,0.063110135
6147,0.062171582
6148,0.11255891
6149,0.16518936
6150,0.16768114
6151,0.15572973
6152,0.1551748
6153,0.14863333
6154,0.14214318
6155,0.13427982
6156,0.123305246
6157,0.117687926
6158,0.11045221
6159,0.103723556
6160,0.095426254
6161,0.08922788
6162,0.10099976
6163,0.0870437
6164,0.09051274
6165,0.086523764
6166,0.08494806
6167,0.07981313
6168,0.07271081
6169,0.06588663
6170,0.061785158
6171,0.060835224
6172,0.056058962
6173,0.052774455
6174,0.051431082
6175,0.050117534
6176,0.047582407
6177,0.046039127
6178,0.04414641
6179,0.042905133
6180,0.04255215
6181,0.041881636
6182,0.041384917
6183,0.0603955
6184,0.056927305
6185,0.05266508
6186,0.04844406
6187,0.053584605
6188,0.054105207
6189,0.06308287
6190,0.061981767
6191,0.061557524
6192,0.14031847
6193,0.12912488
6194,0.124976724
6195,0.11873596
6196,0.11497027
6197,0.113931924
6198,0.11306832
6199,0.11237545
6200,0.11036174
6201,0.10899544
6202,0.10580677
6203,0.10209173
6204,0.096831545
6205,0.09549036
6206,0.09375386
6207,0.09307031
6208,0.09243656
6209,0.110057466
6210,0.10282603
6211,0.09850528
6212,0.09799183
6213,0.096772246
6214,0.09788008
6215,0.10117206
6216,0.17138915
6217,0.16026859
6218,0.15749297
6219,0.1522643
6220,0.14737453
6221,0.14146025
6222,0.13591239
6223,0.13032891
6224,0.14113617
6225,0.136282
6226,0.1346282
6227,0.13357553
6228,0.20452257
6229,0.24143177
6230,0.23526534
6231,0.23144628
6232,0.22035255
6233,0.21403448
6234,0.2042097
6235,0.1961795
6236,0.19019052
6237,0.18048933
6238,0.1746968
6239,0.17342281
6240,0.16450928
6241,0.15529884
6242,0.18886784
6243,0.1829197
6244,0.17761187
6245,0.17019933
6246,0.16522387
6247,0.17057513
6248,0.16736539
6249,0.16285425
6250,0.21145838
6251,0.20345578
6252,0.19933994
6253,0.19438972
6254,0.18800233
6255,0.18076982
6256,0.18713328
6257,0.20743218
6258,0.2372783
6259,0.36525095
6260,0.38910833
6261,0.37764916
6262,0.36458972
6263,0.3455465
6264,0.32969028
6265,0.31262976
6266,0.29601827
6267,0.2824501
6268,0.2779775
6269,0.26757798
6270,0.25750372
6271,0.24938743
6272,0.25212544
6273,0.252934
6274,0.28032959
6275,0.27292415
6276,0.26517543
6277,0.25566173
6278,0.24948794
6279,0.24358602
6280,0.23588392
6281,0.22759452
6282,0.21954262
6283,0.21348146
6284,0.21059747
6285,0.2068635
6286,0.1995863
6287,0.1945282
6288,0.19405468
6289,0.19114584
6290,0.20267619
6291,0.19954953
6292,0.19460365
6293,0.33632985
6294,0.3329075
6295,0.3388286
6296,0.4357096
6297,0.6446896
6298,0.6690935
6299,0.6306034
6300,0.59821624
6301,0.5638881
6302,0.53848815
6303,0.511833
6304,0.48598972
6305,0.5270995
6306,0.51854753
6307,0.5026596
6308,0.48068306
6309,0.45592183
6310,0.4377814
6311,0.8197696
6312,0.84189254
6313,0.8426881
6314,0.8065696
6315,0.74521005
6316,0.6945289
6317,0.9750594
6318,0.97662807
6319,3.727128
6320,3.6462538
6321,2.7489305
6322,2.2014158
6323,2.0770736
6324,1.7124579
6325,1.492487
6326,3.644648
6327,2.7250473
6328,2.1504714
6329,2.877069
6330,3.8879652
6331,3.0141215
6332,2.3780522
6333,3.9280856
6334,2.9248524
6335,2.2819605
6336,1.8536451
6337,1.5508673
6338,1.3272369
6339,1.1605563
6340,1.0251954
6341,0.9110007
6342,1.2763616
6343,1.1195691
6344,0.9961424
6345,0.8942678
6346,0.81204724
6347,0.74524534
6348,0.68790483
6349,2.7437267
6350,2.269508
6351,1.8599513
6352,1.5669181
6353,1.3492916
6354,1.8321109
6355,2.0016398
6356,1.6702859
6357,1.4327438
6358,1.2324426
6359,1.0908769
6360,3.0697403
6361,2.416385
6362,1.9387019
6363,1.7119021
6364,2.115057
6365,1.717536
6366,1.4189095
6367,1.235135
6368,1.1655482
6369,1.1758546
6370,1.2262728
6371,2.5458388
6372,1.9571968
6373,2.5615964
6374,2.0661175
6375,1.7306893
6376,1.4557664
6377,1.2629454
6378,1.3592463
6379,1.0345495
6380,0.83080006
6381,0.7406486
6382,0.65635085
6383,0.6077756
6384,0.9215826
6385,0.9761278
6386,0.8237359
6387,0.726105
6388,0.6286832
6389,0.5468774
6390,0.50618535
6391,0.45188123
6392,0.42010045
6393,0.40075025
6394,0.3839043
6395,0.41969672
6396,0.48899654
6397,0.45876855
6398,0.43783763
6399,0.40979815
6400,0.39514127
6401,0.38418615
6402,0.43116254
6403,0.3846327
6404,0.36637044
6405,0.3551699
6406,0.32959452
6407,0.3121732
6408,0.30135164
6409,0.298517
6410,0.29891214
6411,0.28529328
6412,0.27917317
6413,0.26742172
6414,0.2668649
6415,0.24872476
6416,0.26384065
6417,0.27064902
6418,0.25810963
6419,0.25261864
6420,0.2535715
6421,0.24927293
6422,0.24321282
6423,0.24081862
6424,0.2367788
6425,0.24131888
6426,0.2384877
6427,0.23171973
6428,0.22632864
6429,0.22261804
6430,0.21970366
6431,0.21683006
6432,0.21265404
6433,0.20526516
6434,0.2015446
6435,0.1980452
6436,0.19170968
6437,0.18937534
6438,0.17980076
6439,0.17222232
6440,0.16204724
6441,0.15729298
6442,0.16191913
6443,0.16165097
6444,0.15983471
6445,0.15489037
6446,0.1513848
6447,0.14864263
6448,0.14405322
6449,0.14284183
6450,0.14280191
6451,0.14263336
6452,0.13215113
6453,0.13103391
6454,0.12958898
6455,0.12865204
6456,0.13275431
6457,0.13157035
6458,0.12726113
6459,0.12358446
6460,0.12145705
6461,0.114645384
6462,0.11151967
6463,0.10937439
6464,0.107088596
6465,0.105501324
6466,0.10400349
6467,0.101843834
6468,0.1203165
6469,0.123283535
6470,0.12601456
6471,0.16246243
6472,0.24798377
6473,0.26241496
6474,0.23878299
6475,0.29168838
6476,0.27374414
6477,0.25280297
6478,0.23697999
6479,0.2224376
6480,0.22269812
6481,0.21313716
6482,0.23843308
6483,0.23086913
6484,0.27291572
6485,0.28152183
6486,0.2663473
6487,0.2553867
6488,0.24607033
6489,0.27214572
6490,0.2520262
6491,0.24477473
6492,0.23690884
6493,0.24491397
6494,0.23831715
6495,0.25320804
6496,0.23842442
6497,0.24068381
6498,0.30535424
6499,0.29776376
6500,0.30602834
6501,0.292791
6502,0.27855304
6503,0.269954
6504,0.24375838
6505,0.2641628
6506,0.31288704
6507,0.29531175
6508,0.29274377
6509,0.28074768
6510,0.26582196
6511,0.2952519
6512,0.26725578
6513,0.26127458
6514,0.2532228
6515,0.24725991
6516,0.23781553
6517,0.23118728
6518,0.23378484
6519,0.2322078
6520,0.2192497
6521,0.22262323
6522,0.21375431
6523,0.20463751
6524,0.1993121
6525,0.1919908
6526,0.338178
6527,0.32456192
6528,0.3135371
6529,0.30381492
6530,0.29345572
6531,0.29095688
6532,0.31390813
6533,0.30240142
6534,0.29095307
6535,0.28265822
6536,0.2751021
6537,0.26840824
6538,0.26240444
6539,0.25450793
6540,0.27290967
6541,0.37588796
6542,0.41104057
6543,0.39269
6544,0.37278464
6545,0.35792813
6546,0.3394528
6547,0.33528382
6548,0.30910957
6549,0.29727378
6550,0.27411804
6551,0.266302
6552,0.2750816
6553,0.2666188
6554,0.25711966
6555,0.2855205
6556,0.38673967
6557,0.3813408
6558,0.36805755
6559,0.34226406
6560,0.31917378
6561,0.29165903
6562,0.28343153
6563,0.2754014
6564,0.26348722
6565,0.25511423
6566,0.23646295
6567,0.22169657
6568,0.21426962
6569,0.193771
6570,0.22189113
6571,0.2129408
6572,0.19946581
6573,0.19437325
6574,0.18520729
6575,0.17347406
6576,0.16976196
6577,0.167399
6578,0.1586623
6579,0.15470728
6580,0.15175208
6581,0.1487872
6582,0.14699079
6583,0.14479993
6584,0.14217544
6585,0.13976881
6586,0.14346091
6587,0.14111567
6588,0.13796256
6589,0.13287534
6590,0.12937734
6591,0.12655286
6592,0.12451118
6593,0.1197809
6594,0.11520651
6595,0.10956637
6596,0.10446039
6597,0.097857825
6598,0.09169395
6599,0.08752867
6600,0.08299299
6601,0.08114628
6602,0.08008551
6603,0.07825822
6604,0.0774664
6605,0.086654864
6606,0.084140904
6607,0.08021194
6608,0.07672614
6609,0.0755687
6610,0.07195607
6611,0.07037696
6612,0.0669953
6613,0.070952296
6614,0.06907256
6615,0.067805134
6616,0.06700204
6617,0.06551057
6618,0.06352024
6619,0.061380003
6620,0.060651116
6621,0.059736248
6622,0.057935573
6623,0.056937873
6624,0.060090676
6625,0.057939112
6626,0.10170737
6627,0.09745754
6628,0.097693846
6629,0.094264835
6630,0.09219951
6631,0.0900505
6632,0.118882075
6633,0.11774195
6634,0.11607386
6635,0.11213191
6636,0.1326034
6637,0.12878275
6638,0.13161412
6639,0.12777568
6640,0.12257597
6641,0.120014034
6642,0.13754772
6643,0.1346598
6644,0.12968212
6645,0.29565468
6646,0.329101
6647,0.48527387
6648,0.6616119
6649,0.6199825
6650,0.58821607
6651,0.5526239
6652,0.5198687
6653,0.49199277
6654,0.5750566
6655,0.55648804
6656,0.80921125
6657,0.79099876
6658,0.7367358
6659,0.6882738
6660,0.64611936
6661,0.6043672
6662,0.5655007
6663,0.53548443
6664,0.5074205
6665,0.61545336
6666,0.58064765
6667,0.55233467
6668,0.5218159
6669,0.601032
6670,0.57103455
6671,0.74917513
6672,0.7230638
6673,1.7860262
6674,1.6356997
6675,1.4479988
6676,1.8417631
6677,1.7608798
6678,1.6638862
6679,1.4525924
6680,1.3260043
6681,2.4630008
6682,2.2578783
6683,1.8964036
6684,1.6029484
6685,1.4156578
6686,1.2414194
6687,1.3874032
6688,1.3989865
6689,3.6997519
6690,2.7054393
6691,2.127159
6692,1.8072813
6693,1.5097271
6694,1.2892805
6695,1.2761067
6696,1.3209894
6697,1.1472682
6698,1.0107608
6699,0.89643854
6700,0.7975858
6701,0.8843572
6702,0.7806784
6703,0.71621585
6704,0.65646446
6705,0.6109371
6706,0.5763264
6707,0.5379578
6708,0.4949699
6709,0.7519376
6710,0.6829009
6711,1.0044107
6712,0.88973916
6713,2.5635018
6714,2.2043774
6715,1.7727613
6716,1.4712822
6717,1.3073726
6718,1.1249821
6719,0.9890909
6720,1.18422
6721,2.45342
6722,2.0842037
6723,1.9958639
6724,1.6807153
6725,1.4034154
6726,3.304922
6727,9.539573
6728,7.503083
6729,6.312626
6730,4.401173
6731,3.2557378
6732,2.7051148
6733,2.1390238
6734,3.155374
6735,2.443647
6736,1.955951
6737,1.5036485
6738,1.2965326
6739,9.243046
6740,8.571782
6741,6.3743067
6742,4.254221
6743,3.180654
6744,5.082923
6745,3.6440775
6746,2.8183262
6747,2.1492734
6748,1.7826054
6749,1.5767229
6750,2.430003
6751,1.9994981
6752,1.5033543
6753,1.3021055
6754,1.0807984
6755,0.9092076
6756,0.75299263
6757,0.68028736
6758,0.6433331
6759,0.5998273
6760,0.5537861
6761,14.137152
6762,22.789928
6763,23.117027
6764,21.927002
6765,15.975217
6766,10.420013
6767,6.4546213
6768,5.605465
6769,11.140108
6770,7.9132915
6771,5.0046206
6772,3.2354383
6773,2.5020099
6774,2.1043825
6775,1.6086602
6776,1.3073285
6777,1.1835114
6778,1.0795543
6779,0.9619601
6780,2.2230556
6781,4.085842
6782,13.216831
6783,9.390064
6784,6.5384974
6785,4.1684284
6786,3.1313334
6787,2.5562444
6788,2.3234956
6789,1.6323476
6790,1.3361799
6791,1.006347
6792,0.9006065
6793,0.747486
6794,0.6870511
6795,0.63633615
6796,0.59342533
6797,0.580216
6798,0.9435642
6799,0.7407272
6800,0.59810305
6801,0.5337474
6802,0.44579577
6803,0.37703937
6804,0.32338047
6805,0.29624948
6806,0.26657397
6807,0.25145504
6808,0.23734593
6809,0.21384515
6810,0.21747467
6811,0.20597765
6812,0.19041663
6813,0.18093397
6814,0.18237066
6815,0.16854033
6816,0.18162602
6817,0.33799124
6818,0.30840698
6819,0.28592238
6820,0.26621142
6821,0.23449071
6822,0.2139423
6823,0.19809309
6824,0.18791835
6825,0.17080607
6826,0.17155944
6827,0.15645133
6828,0.14841993
6829,0.14404431
6830,0.13676503
6831,0.13036369
6832,0.13069083
6833,0.20759447
6834,0.19597013
6835,0.18411565
6836,0.17482938
6837,0.16674139
6838,0.16572702
6839,0.22647664
6840,0.21677504
6841,0.3741002
6842,0.38038182
6843,0.3377755
6844,0.31347752
6845,0.49098468
6846,0.51249474
6847,0.53022623
6848,0.49988577
6849,0.43210825
6850,0.73089975
6851,0.62473947
6852,0.5357722
6853,0.503647
6854,0.4363617
6855,0.38766292
6856,0.8267832
6857,0.65109205
6858,0.5267198
6859,0.5982598
6860,0.48600858
6861,0.42510313
6862,0.4448638
6863,0.3959733
6864,0.34621996
6865,0.31262043
6866,0.28533924
6867,0.25714102
6868,0.24935463
6869,0.2813073
6870,0.26748008
6871,0.2838536
6872,0.2626171
6873,0.24427839
6874,0.24985056
6875,0.23132445
6876,0.27927417
6877,0.24275999
6878,0.23241769
6879,0.28805253
6880,0.32519373
6881,0.29939768
6882,0.27858302
6883,0.27869618
6884,0.28899002
6885,0.3057752
6886,0.27079907
6887,0.2621282
6888,0.25530466
6889,0.26539436
6890,0.26535764
6891,0.26306707
6892,0.24529861
6893,0.23959415
6894,0.22578873
6895,0.22190063
6896,0.20579872
6897,0.19869485
6898,0.19210935
6899,0.21809927
6900,0.2210109
6901,0.2226395
6902,0.21028088
6903,0.19596328
6904,0.18526697
6905,0.18044843
6906,0.17530441
6907,0.17436531
6908,0.17070013
6909,0.16695431
6910,0.16274936
6911,0.1533073
6912,0.14795013
6913,0.14509188
6914,0.14104842
6915,0.13987498
6916,0.13134538
6917,0.12821907
6918,0.124751985
6919,0.11593281
6920,0.11068955
6921,0.10720844
6922,0.105537444
6923,0.1040603
6924,0.10068522
6925,0.094863914
6926,0.15205544
6927,0.256951
6928,0.2342666
6929,0.22224857
6930,0.21599284
6931,0.21015689
6932,0.20424473
6933,0.1991085
6934,0.18866438
6935,0.18303488
6936,0.17623639
6937,0.21251656
6938,0.383468
6939,0.44200975
6940,0.41058987
6941,0.38742614
6942,0.37351137
6943,14.261043
6944,9.480095
6945,6.1332035
6946,3.9621243
6947,2.7173824
6948,1.9904512
6949,1.5293548
6950,1.2230413
6951,1.0049641
6952,0.8509015
6953,0.7816389
6954,0.6991961
6955,0.61261284
6956,0.54375565
6957,0.48679382
6958,0.4388903
6959,0.40168464
6960,0.3713441
6961,0.3457615
6962,0.32445097
6963,0.3052806
6964,0.28848633
6965,0.27079028
6966,0.25345835
6967,0.37956876
6968,0.34994817
6969,0.32945797
6970,0.3086419
6971,0.2894102
6972,0.27482095
6973,0.26197192
6974,0.24327622
6975,0.22826909
6976,0.217579
6977,0.20593397
6978,0.19713122
6979,0.189622
6980,0.1842074
6981,0.17734326
6982,0.16987678
6983,0.16584176
6984,0.15947607
6985,0.15588573
6986,0.15102015
6987,0.14601417
6988,0.1403215
6989,0.3483903
6990,0.3358769
6991,0.32007194
6992,0.3002
6993,0.28308904
6994,1.8334705
6995,1.4933057
6996,1.2626498
6997,1.3626921
6998,7.18376
6999,5.0454454
7000,3.6173313
7001,2.7157955
7002,2.130276
7003,8.657229
7004,7.0423126
7005,5.143546
7006,3.7818317
7007,2.880567
7008,2.2817385
7009,1.8678765
7010,2.2318008
7011,12.326162
7012,10.564038
7013,8.242677
7014,6.1759796
7015,4.5824957
7016,3.4594197
7017,6.36216
7018,4.7431545
7019,3.6547112
7020,3.6354275
7021,3.1639051
7022,2.5579147
7023,2.1164074
7024,1.8101066
7025,1.5604173
7026,1.3759377
7027,1.2312236
7028,1.1059959
7029,1.0073588
7030,6.1724753
7031,5.5756164
7032,4.1920853
7033,3.5529132
7034,3.0078764
7035,2.4157715
7036,2.023241
7037,1.7389698
7038,1.5087712
7039,1.3889625
7040,2.6124775
7041,2.2187905
7042,1.8712802
7043,1.6180878
7044,1.4383903
7045,1.3890684
7046,1.4628426
7047,1.2967185
7048,1.1614141
7049,1.0467578
7050,0.9542352
7051,0.8893969
7052,0.825272
7053,4.0545397
7054,9.292529
7055,6.884907
7056,4.822633
7057,3.4389699
7058,2.7035909
7059,2.1332612
7060,1.763264
7061,1.555363
7062,1.3852322
7063,1.339747
7064,1.195967
7065,1.1002336
7066,1.015044
7067,0.94271374
7068,2.0250735
7069,1.9030731
7070,1.8486841
7071,1.6223117
7072,5.7771354
7073,16.359467
7074,14.135385
7075,10.781976
7076,7.7239094
7077,5.6203127
7078,8.01203
7079,9.572502
7080,6.691987
7081,4.7125897
7082,3.6146011
7083,2.8219995
7084,2.3584325
7085,1.955112
7086,3.1389923
7087,2.4963298
7088,2.0084648
7089,1.7205765
7090,1.6887064
7091,4.0480504
7092,4.051344
7093,3.3290503
7094,2.8525035
7095,2.4169288
7096,2.105082
7097,1.8742335
7098,1.5989428
7099,1.7537076
7100,2.3409262
7101,2.0930057
7102,5.54607
7103,4.235672
7104,3.1105618
7105,2.459268
7106,1.9394523
7107,2.8253481
7108,2.26652
7109,1.9478301
7110,1.59793
7111,1.4143728
7112,1.1673572
7113,1.1044595
7114,1.1302884
7115,1.3959235
7116,1.4039065
7117,1.339185
7118,1.2381172
7119,3.997682
7120,3.838584
7121,3.0149326
7122,2.2602577
7123,1.948137
7124,1.8619652
7125,1.6295654
7126,1.4641508
7127,1.3397424
7128,1.2365105
7129,1.1482646
7130,1.0775411
7131,1.0212435
7132,0.96657944
7133,0.9316241
7134,0.9439097
7135,0.89756006
7136,0.86530507
7137,0.74971545
7138,0.6592213
7139,0.6131561
7140,0.82556087
7141,0.801134
7142,0.70336735
7143,0.63219017
7144,0.5951947
7145,0.5584765
7146,0.5482721
7147,0.5936167
7148,0.61334556
7149,0.6030806
7150,0.55912036
7151,0.5197938
7152,0.47503522
7153,0.43418863
7154,0.41587675
7155,0.40290424
7156,0.39734215
7157,0.3900282
7158,0.3820735
7159,0.37731034
7160,0.36904815
7161,0.36235872
7162,0.35171586
7163,0.34413984
7164,0.3356365
7165,0.32522845
7166,0.32230887
7167,0.312005
7168,0.30350855
7169,0.29617137
7170,0.28527942
7171,0.27050596
7172,0.25885057
7173,0.26000684
7174,0.27253833
7175,0.26951328
7176,0.263406
7177,0.26150215
7178,0.26813662
7179,0.2904986
7180,0.28861785
7181,0.26876125
7182,0.26591015
7183,0.2447174
7184,0.24078426
7185,0.23589607
7186,0.2322536
7187,0.22833654
7188,0.38699263
7189,0.42714775
7190,0.41036165
7191,0.4024138
7192,0.37868103
7193,0.3564647
7194,0.33985066
7195,0.5487185
7196,0.78057075
7197,1.1714535
7198,1.0897483
7199,0.97435987
7200,0.9002973
7201,0.77601933
7202,0.698645
7203,0.63780093
7204,0.5619648
7205,0.52062726
7206,0.487739
7207,0.45423925
7208,0.4243463
7209,0.37327623
7210,0.38086274
7211,0.35711685
7212,0.3543315
7213,0.326405
7214,0.31457034
7215,0.37191173
7216,0.36007574
7217,0.32477495
7218,0.31925362
7219,0.5330242
7220,0.54282194
7221,0.5696974
7222,0.6068533
7223,0.6112396
7224,0.56534946
7225,0.5249673
7226,0.49882558
7227,0.5113523
7228,0.45137003
7229,0.41623423
7230,0.40707317
7231,0.384949
7232,0.36121434
7233,0.34279326
7234,0.3169639
7235,0.2859505
7236,0.38158217
7237,0.3544799
7238,0.39236936
7239,0.57298577
7240,0.5232192
7241,0.5436587
7242,0.50881505
7243,0.48619205
7244,0.4348711
7245,0.41267407
7246,0.38060692
7247,0.3378521
7248,0.3158643
7249,0.36391246
7250,0.41358972
7251,0.8065697
7252,0.7407033
7253,0.65846765
7254,0.61361146
7255,0.6651376
7256,0.64327693
7257,0.59309673
7258,0.54410636
7259,0.5292955
7260,0.6784161
7261,0.62301743
7262,0.775893
7263,0.8465249
7264,0.8551
7265,0.76932096
7266,0.7331313
7267,0.7223315
7268,0.65317595
7269,0.59987795
7270,0.5669062
7271,0.7753895
7272,0.6997442
7273,0.6374439
7274,0.5855564
7275,0.5489154
7276,0.49477965
7277,0.459854
7278,0.41396528
7279,0.376056
7280,0.3590878
7281,0.33557445
7282,0.31678882
7283,0.30196056
7284,0.45743263
7285,0.8155403
7286,0.7410102
7287,0.66726065
7288,0.60738295
7289,0.5559154
7290,0.51099473
7291,0.46673372
7292,0.42859176
7293,0.42134175
7294,0.40153316
7295,0.3763023
7296,0.3905317
7297,0.46036425
7298,0.4062284
7299,0.37983674
7300,0.33753535
7301,0.30524507
7302,0.28226843
7303,0.29582646
7304,0.5886911
7305,0.53762317
7306,0.48387456
7307,0.43509334
7308,0.39256924
7309,0.35790431
7310,1.0190246
7311,0.8580791
7312,0.75720525
7313,0.67954713
7314,0.6156818
7315,0.5424604
7316,0.49687868
7317,0.4612587
7318,0.43284667
7319,0.39360204
7320,0.37185043
7321,0.35432944
7322,0.33901194
7323,0.31828272
7324,0.29061797
7325,0.28018886
7326,0.26430267
7327,0.25636882
7328,0.24910517
7329,0.23830228
7330,0.22890744
7331,0.22156712
7332,0.21487547
7333,0.20853867
7334,0.20137787
7335,0.19541457
7336,0.19191492
7337,0.18280339
7338,0.17230928
7339,0.16422272
7340,0.1921168
7341,0.20320326
7342,0.20018002
7343,0.19157574
7344,0.19376609
7345,0.18927956
7346,0.17970408
7347,0.21272048
7348,0.20149054
7349,0.19446976
7350,0.18505737
7351,0.1755999
7352,0.1720468
7353,0.16518378
7354,0.15861662
7355,0.15139563
7356,0.1457201
7357,0.15165457
7358,0.14804019
7359,0.14335543
7360,0.13871782
7361,0.137222
7362,0.14127721
7363,0.1392955
7364,0.13551429
7365,0.13210602
7366,0.12812486
7367,0.1244617
7368,0.12689127
7369,0.12495758
7370,0.12150773
7371,0.12056314
7372,0.11871772
7373,0.116096325
7374,0.11259213
7375,0.110037126
7376,0.1070434
7377,0.1659781
7378,0.16516148
7379,0.1739614
7380,0.21114816
7381,0.24874695
7382,0.24832863
7383,0.88543695
7384,1.0080553
7385,0.9095225
7386,0.8281841
7387,0.7560244
7388,0.6989207
7389,0.77242845
7390,0.7288283
7391,0.6741295
7392,0.62371224
7393,0.58746034
7394,0.552203
7395,0.51808435
7396,0.48752257
7397,0.45981085
7398,1.3838472
7399,1.3577693
7400,3.2932706
7401,4.617384
7402,3.352476
7403,2.5616329
7404,2.0555694
7405,1.7031734
7406,1.4383001
7407,1.2480682
7408,1.0962135
7409,2.3188763
7410,4.3296423
7411,4.099003
7412,3.0676699
7413,2.4000673
7414,1.9443502
7415,1.649145
7416,1.6957614
7417,2.1341538
7418,2.812973
7419,2.3046498
7420,2.4122472
7421,4.5182076
7422,3.4032488
7423,2.6557095
7424,5.1284733
7425,6.4352226
7426,4.774812
7427,3.6107934
7428,4.382382
7429,3.3560705
7430,2.6509142
7431,2.1547027
7432,1.8011045
7433,1.5428243
7434,1.3368263
7435,1.1772289
7436,1.4441798
7437,9.746672
7438,7.8179636
7439,19.508713
7440,16.310535
7441,12.958979
7442,25.34499
7443,29.97947
7444,25.802746
7445,17.217014
7446,10.557264
7447,6.8468704
7448,4.8140817
7449,3.7942467
7450,3.228693
7451,3.3568342
7452,2.8404458
7453,4.2960567
7454,5.463733
7455,4.4431715
7456,3.4030151
7457,4.154176
7458,5.1205225
7459,3.795827
7460,2.8453627
7461,2.3092713
7462,1.9898512
7463,1.765965
7464,1.5421691
7465,1.3235745
7466,1.1824682
7467,1.2043097
7468,1.5454448
7469,1.8327405
7470,1.6411185
7471,1.48295
7472,1.3596995
7473,1.2874436
7474,1.1306492
7475,1.0599526
7476,0.99952555
7477,0.9731881
7478,1.0025336
7479,0.9414696
7480,0.8985063
7481,0.8646703
7482,0.82112
7483,0.79307616
7484,0.80686104
7485,0.7582187
7486,0.6681251
7487,0.5934019
7488,0.5568081
7489,0.56538355
7490,0.71347046
7491,0.68991333
7492,0.6727691
7493,0.65277755
7494,0.63651836
7495,0.58506703
7496,0.56896454
7497,0.55372983
7498,0.5351329
7499,0.6087521
7500,0.69858056
7501,0.67845625
7502,0.657176
7503,0.62396085
7504,0.82739615
7505,0.7613697
7506,0.89139926
7507,3.8662882
7508,2.898333
7509,2.3177717
7510,6.228218
7511,5.6526313
7512,7.864296
7513,5.411153
7514,4.4173493
7515,3.2638612
7516,2.5070515
7517,3.0558653
7518,2.5339875
7519,2.0095975
7520,1.6514397
7521,1.6395376
7522,1.3757658
7523,1.1873176
7524,0.9876572
7525,0.7547344
7526,0.5937393
7527,0.5464469
7528,0.5015939
7529,0.8797364
7530,0.77508557
7531,0.7959157
7532,0.91490483
7533,0.8010199
7534,0.9217705
7535,6.2950106
7536,4.368485
7537,6.783392
7538,4.34593
7539,2.795789
7540,2.5708723
7541,2.3385792
7542,2.1761823
7543,1.8507342
7544,1.4493704
7545,1.016197
7546,0.84302837
7547,0.60730654
7548,0.4593469
7549,0.41208372
7550,0.37614667
7551,0.33493754
7552,0.30721444
7553,0.28705385
7554,0.27870238
7555,0.23869956
7556,0.22070384
7557,0.19396281
7558,0.18497247
7559,0.17325273
7560,0.16026716
7561,0.18084201
7562,0.18085179
7563,0.27091932
7564,0.2454374
7565,0.22792655
7566,0.21609586
7567,0.20218325
7568,0.18924248
7569,0.17097376
7570,0.19713667
7571,0.1917715
7572,0.17206894
7573,0.16091341
7574,0.14688192
7575,0.1377186
7576,0.14433713
7577,0.13698933
7578,0.12948607
7579,0.16400112
7580,0.16574803
7581,0.20231318
7582,0.1983766
7583,0.18531267
7584,0.17354265
7585,0.16538458
7586,0.15696038
7587,0.14993866
7588,0.15090548
7589,0.14055422
7590,0.1333986
7591,0.12475756
7592,0.1440892
7593,0.22734973
7594,0.19951679
7595,0.18108042
7596,0.15551028
7597,0.1624519
7598,0.14612418
7599,0.14156905
7600,0.13010076
7601,0.124407396
7602,0.119540036
7603,0.11390464
7604,0.10850983
7605,0.104407795
7606,0.10089215
7607,0.26372334
7608,0.2383801
7609,0.22266713
7610,0.21449098
7611,0.25920305
7612,0.23354146
7613,0.20919245
7614,0.19830504
7615,0.18895008
7616,0.18202476
7617,0.17542684
7618,0.16507521
7619,0.14975095
7620,0.15085012
7621,0.1602172
7622,0.16008148
7623,0.15311764
7624,0.15404242
7625,0.17416771
7626,0.16873486
7627,0.19361185
7628,0.19669831
7629,0.18067136
7630,0.16751276
7631,0.1603631
7632,0.15635315
7633,0.14753248
7634,0.14416036
7635,0.13836679
7636,0.12930314
7637,0.14278322
7638,0.1403257
7639,0.17428014
7640,0.19644839
7641,0.18397747
7642,0.1794782
7643,0.1997735
7644,0.19119312
7645,0.1871438
7646,0.1826197
7647,0.17937033
7648,0.17231955
7649,0.15892097
7650,0.1634611
7651,0.17330542
7652,0.15881668
7653,0.16562179
7654,0.19804993
7655,0.19028154
7656,0.23100013
7657,0.38709143
7658,0.358842
7659,0.33275142
7660,0.30645898
7661,0.29663512
7662,0.28819945
7663,0.28054354
7664,0.2730926
7665,0.26492643
7666,0.25600898
7667,0.263001
7668,0.2563591
7669,0.30343696
7670,0.31864446
7671,0.31894144
7672,0.31033355
7673,0.30278853
7674,0.28763118
7675,0.28162566
7676,0.2723482
7677,0.26323518
7678,0.47482646
7679,0.46518835
7680,0.4423325
7681,0.46643528
7682,0.4954738
7683,0.46070227
7684,0.4194766
7685,0.4010745
7686,0.38655844
7687,0.5428788
7688,0.57802737
7689,0.53919804
7690,0.50595564
7691,0.4778555
7692,0.4354646
7693,0.41631168
7694,0.40636492
7695,0.3912056
7696,0.37421623
7697,0.35854518
7698,0.34514984
7699,0.32877514
7700,0.3090277
7701,0.3435019
7702,0.34567326
7703,0.32658103
7704,0.31318763
7705,0.29299685
7706,0.2823177
7707,0.26593718
7708,0.2538147
7709,0.2698221
7710,0.5964181
7711,3.7432954
7712,2.9576588
7713,2.28697
7714,1.8212848
7715,1.508538
7716,1.284159
7717,1.115316
7718,0.9817565
7719,0.98445296
7720,0.8664171
7721,0.7823992
7722,0.70973617
7723,0.65039766
7724,0.60029906
7725,0.5570103
7726,0.5105615
7727,0.6795119
7728,0.6330324
7729,0.5903444
7730,0.54375714
7731,0.509482
7732,0.5061308
7733,0.5743423
7734,0.5451467
7735,0.5022781
7736,0.49575844
7737,0.4962331
7738,0.5839533
7739,1.4729009
7740,1.3174055
7741,1.1830654
7742,1.0592369
7743,0.9710177
7744,0.86139244
7745,0.77342236
7746,0.7031739
7747,0.9891703
7748,0.8787114
7749,0.87565833
7750,0.78757983
7751,0.7326033
7752,0.69233835
7753,0.8958553
7754,0.80510855
7755,0.73838544
7756,0.7456986
7757,0.7166371
7758,1.6803362
7759,1.4170804
7760,2.9739347
7761,2.901988
7762,2.433315
7763,2.0176163
7764,1.6557502
7765,1.4019254
7766,1.2123804
7767,1.0659627
7768,1.7395017
7769,1.5836811
7770,1.3551838
7771,1.2352448
7772,1.0990646
7773,0.9773666
7774,3.251446
7775,2.6750088
7776,2.1405315
7777,1.7685263
7778,1.4975637
7779,1.562398
7780,1.3892853
7781,1.2088017
7782,1.0695109
7783,0.9554758
7784,0.86219484
7785,0.78686816
7786,0.7231637
7787,1.0615833
7788,0.954151
7789,0.866004
7790,0.79272866
7791,0.7309001
7792,0.6777346
7793,0.63225603
7794,0.7447796
7795,0.6894332
7796,0.6426855
7797,0.60812294
7798,2.5877814
7799,2.111714
7800,1.7699146
7801,1.5170957
7802,1.3265245
7803,1.5208325
7804,1.4022586
7805,1.2298809
7806,1.0922645
7807,0.98837966
7808,0.9427491
7809,1.8632865
7810,1.6021619
7811,1.8019085
7812,2.5428176
7813,2.0382261
7814,1.7310488
7815,1.4682288
7816,1.2603388
7817,1.120468
7818,1.0138228
7819,1.8162665
7820,1.5280808
7821,1.3110687
7822,1.0948862
7823,0.98452395
7824,0.9017007
7825,0.8330176
7826,1.032804
7827,0.939076
7828,0.8681012
7829,0.8086089
7830,0.757465
7831,0.68500316
7832,0.59611416
7833,0.5490405
7834,0.5242268
7835,0.5064831
7836,0.4818166
7837,0.46852866
7838,0.4553067
7839,0.42822587
7840,0.6317492
7841,0.61444414
7842,0.5654819
7843,0.5260545
7844,0.51075274
7845,0.5011988
7846,0.8672632
7847,1.0755525
7848,0.9899939
7849,0.8948853
7850,0.83395976
7851,0.7641313
7852,0.66344374
7853,0.61744505
7854,0.5883648
7855,0.5565193
7856,0.53229505
7857,0.50319755
7858,0.4877556
7859,0.4770498
7860,0.46755037
7861,0.45774958
7862,0.45963964
7863,0.4492883
7864,0.45227867
7865,1.122323
7866,1.1769559
7867,1.0714681
7868,0.9874355
7869,0.9153589
7870,0.84575284
7871,0.79738295
7872,0.98166454
7873,0.919263
7874,0.85125864
7875,1.182314
7876,1.0450283
7877,0.952021
7878,0.8830091
7879,0.8159115
7880,0.7691879
7881,0.71153
7882,2.1785808
7883,4.7678537
7884,3.4998927
7885,14.586028
7886,10.601134
7887,7.3749685
7888,5.6203003
7889,3.4553037
7890,2.4624217
7891,1.9059839
7892,1.2810363
7893,1.0401906
7894,0.887527
7895,0.674947
7896,1.3426752
7897,1.0756013
7898,0.77962065
7899,0.5967264
7900,0.47836748
7901,0.4295063
7902,1.8892884
7903,1.9101331
7904,1.3352035
7905,0.9301733
7906,0.6768516
7907,0.49491274
7908,0.40173787
7909,0.33830026
7910,0.28606552
7911,0.29512936
7912,0.44512856
7913,0.66029805
7914,0.6046094
7915,0.5080089
7916,0.41925004
7917,0.35335243
7918,0.30275393
7919,0.26786202
7920,0.23820063
7921,0.20845084
7922,0.19015592
7923,0.17419371
7924,0.16216962
7925,0.15199043
7926,0.14307952
7927,0.13246459
7928,0.1254159
7929,0.1185678
7930,0.11079292
7931,0.105152406
7932,0.097415775
7933,0.09308084
7934,0.08439524
7935,0.07773715
7936,0.07494343
7937,0.07247649
7938,0.06761243
7939,0.07073623
7940,0.06695063
7941,0.065543726
7942,0.07024461
7943,0.087204784
7944,0.11079759
7945,0.10714752
7946,0.09929013
7947,0.16325827
7948,0.20260257
7949,0.205438
7950,0.22157395
7951,0.22109991
7952,0.23588498
7953,0.21526913
7954,0.21917574
7955,0.48711774
7956,0.43126372
7957,0.3740823
7958,0.33610398
7959,0.3004895
7960,0.27586567
7961,0.41298777
7962,0.51625735
7963,0.48705605
7964,0.42948765
7965,0.40550622
7966,0.36419073
7967,0.33193275
7968,0.29923776
7969,0.26434776
7970,0.23843133
7971,0.2128481
7972,0.20288382
7973,0.19427781
7974,0.18796407
7975,0.2693342
7976,0.37964982
7977,0.38692185
7978,0.3513741
7979,0.37375137
7980,0.34048304
7981,0.30419534
7982,0.36786166
7983,0.34327847
7984,0.31882492
7985,0.2981516
7986,0.2767187
7987,0.25980738
7988,0.23989575
7989,0.22364901
7990,0.21141863
7991,0.31085482
7992,0.32511705
7993,0.29885513
7994,0.27461445
7995,0.25109395
7996,0.23131897
7997,0.31290033
7998,1.6771576
7999,1.50781
8000,1.2849153
8001,1.0707396
8002,0.78623986
8003,0.6214088
8004,0.5230173
8005,0.45272774
8006,0.3873556
8007,0.36200398
8008,0.34389913
8009,0.32079226
8010,0.5437257
8011,0.69575125
8012,0.9459832
8013,0.89481115
8014,0.7575616
8015,0.6574184
8016,0.71952677
8017,0.633216
8018,0.54828346
8019,0.48381174
8020,0.43282056
8021,0.3874951
8022,0.35271496
8023,0.32212657
8024,0.2881159
8025,0.26904947
8026,0.2532794
8027,0.23974515
8028,0.2285909
8029,0.21905231
8030,0.21086049
8031,0.40650457
8032,0.36462426
8033,0.33875698
8034,0.3176597
8035,0.30030456
8036,0.2854709
8037,0.26282948
8038,0.25251472
8039,0.2435384
8040,0.2348404
8041,0.22698708
8042,0.21396734
8043,0.20473179
8044,0.19980164
8045,0.188563
8046,0.18078081
8047,0.17814988
8048,0.17583784
8049,0.16890402
8050,0.42184114
8051,0.3906709
8052,0.37164304
8053,0.35113484
8054,0.3340957
8055,0.32065642
8056,0.29626164
8057,0.2843793
8058,0.31326067
8059,0.3030318
8060,0.28524745
8061,0.26973954
8062,0.26102978
8063,0.25362217
8064,0.4324724
8065,0.44028696
8066,0.6077099
8067,0.55317545
8068,0.55212325
8069,0.50344706
8070,0.46561378
8071,0.43243977
8072,0.4040076
8073,0.38069022
8074,0.36099383
8075,0.34231684
8076,0.32290798
8077,0.30208826
8078,0.2894354
8079,0.28060418
8080,0.26866418
8081,0.2565973
8082,0.24232754
8083,0.23606394
8084,0.22819719
8085,0.21625341
8086,0.20695621
8087,0.19808486
8088,0.18955906
8089,0.18525256
8090,0.18221083
8091,0.1772797
8092,0.17027347
8093,0.16435768
8094,0.15809432
8095,0.16189171
8096,0.15759124
8097,0.259396
8098,0.24921928
8099,0.24088632
8100,0.23122995
8101,0.22265987
8102,0.21432951
8103,0.21094349
8104,0.5668991
8105,1.533392
8106,1.5617785
8107,1.3419306
8108,1.1658596
8109,14.195191
8110,18.3035
8111,14.177557
8112,10.756594
8113,9.202618
8114,9.075049
8115,6.6472673
8116,7.8842545
8117,6.1241665
8118,4.4884896
8119,3.3919082
8120,2.66783
8121,2.1685572
8122,2.9234405
8123,2.4174833
8124,2.0018077
8125,2.243755
8126,2.610138
8127,3.6029954
8128,2.9001188
8129,4.0937486
8130,4.048937
8131,3.5769324
8132,3.962349
8133,3.089767
8134,2.9148989
8135,7.752303
8136,5.9421988
8137,4.562743
8138,3.765782
8139,2.9877093
8140,2.4813848
8141,2.0715508
8142,1.772689
8143,1.5301566
8144,1.3237728
8145,1.1746266
8146,1.067435
8147,0.95826995
8148,0.98373765
8149,2.1547098
8150,1.8150806
8151,1.5618497
8152,1.3483055
8153,1.2121749
8154,1.103279
8155,1.006746
8156,0.930794
8157,0.9023867
8158,1.2994273
8159,1.1796302
8160,1.0594448
8161,0.95358974
8162,0.8721328
8163,0.7937908
8164,0.73953354
8165,0.6925879
8166,0.6509157
8167,0.6194609
8168,0.5921668
8169,0.56168664
8170,0.5417228
8171,0.6904386
8172,1.1794858
8173,1.0883622
8174,1.0462984
8175,1.0359982
8176,0.95798624
8177,0.8881774
8178,0.89897275
8179,0.9601537
8180,1.0557016
8181,0.96043015
8182,0.91811836
8183,0.857669
8184,0.8011838
8185,3.252965
8186,2.668295
8187,2.1831026
8188,1.8916057
8189,1.5948255
8190,1.4005241
8191,1.2789319
8192,1.1762996
8193,1.0143472
8194,0.87906945
8195,1.0181813
8196,0.9537116
8197,1.8226068
8198,1.6227636
8199,1.3850381
8200,1.2669541
8201,1.172766
8202,1.0974422
8203,1.0283298
8204,0.96164906
8205,0.882202
8206,0.8379582
8207,3.1161184
8208,10.765327
8209,8.252666
8210,5.7087464
8211,3.8711782
8212,2.8559713
8213,2.2496333
8214,1.88063
8215,1.651013
8216,1.533504
8217,1.3545543
8218,1.238554
8219,1.2891471
8220,1.1843787
8221,7.281686
8222,4.855543
8223,3.2632298
8224,2.6147945
8225,4.8928638
8226,3.8989167
8227,3.3137546
8228,2.2773228
8229,1.8361454
8230,2.6448612
8231,2.9020214
8232,1.9952257
8233,1.4768665
8234,1.2872176
8235,1.1400583
8236,1.0351225
8237,0.95364344
8238,0.89013064
8239,0.835076
8240,0.9986857
8241,1.0497539
8242,0.836851
8243,0.68857616
8244,0.74251795
8245,1.7950927
8246,4.075205
8247,2.6651406
8248,1.8591156
8249,1.3712656
8250,1.1297153
8251,1.1828458
8252,0.91290724
8253,0.81043005
8254,0.72278756
8255,0.7377073
8256,0.68226546
8257,1.5466727
8258,1.9728305
8259,5.6638618
8260,4.1790175
8261,2.9903011
8262,2.3126
8263,1.8491149
8264,4.1943083
8265,3.1059783
8266,2.0098405
8267,1.38615
8268,1.131345
8269,0.83872044
8270,0.6398431
8271,0.7304461
8272,0.64973366
8273,0.8467621
8274,0.7511387
8275,0.6343671
8276,0.50288093
8277,0.45449367
8278,0.41520575
8279,0.35764506
8280,0.33172596
8281,0.30128193
8282,0.2586225
8283,0.23779085
8284,0.21187188
8285,0.19305673
8286,0.192535
8287,0.18019503
8288,0.1693836
8289,0.19015184
8290,0.27048877
8291,0.23736188
8292,0.21612425
8293,0.19902818
8294,0.17537174
8295,0.19552329
8296,0.20602909
8297,0.21620625
8298,0.19318105
8299,0.2663949
8300,0.24258906
8301,0.21259178
8302,0.19031921
8303,0.1696047
8304,0.16105767
8305,0.15125221
8306,0.13666518
8307,0.12868875
8308,0.12525783
8309,0.12094405
8310,0.13126504
8311,0.122269936
8312,0.11511293
8313,0.109200954
8314,0.09750749
8315,0.09943724
8316,0.1089097
8317,0.09684095
8318,0.08911729
8319,0.083679706
8320,0.08625
8321,0.086000524
8322,0.07622241
8323,0.070351705
8324,0.0664357
8325,0.06510837
8326,0.07573101
8327,0.073045485
8328,0.0688374
8329,0.06835942
8330,0.09137427
8331,0.08962574
8332,0.08754861
8333,0.086345874
8334,0.0852837
8335,0.08308072
8336,0.08845612
8337,0.09097878
8338,0.08716347
8339,0.085977726
8340,0.08484958
8341,0.0936091
8342,0.09191334
8343,0.08981768
8344,0.089382775
8345,0.090917416
8346,0.08895684
8347,0.09105823
8348,0.09027934
8349,0.08766071
8350,0.10010836
8351,0.09759527
8352,0.11453123
8353,0.14113495
8354,0.1467088
8355,0.20547138
8356,0.20703942
8357,0.22605051
8358,0.33350092
8359,0.3139105
8360,0.30019084
8361,0.29084328
8362,0.27702442
8363,0.3294245
8364,0.31382534
8365,0.29270902
8366,0.2700063
8367,0.25740856
8368,0.23226616
8369,0.20681086
8370,0.18832779
8371,0.18271595
8372,0.16527651
8373,0.22869876
8374,0.21879336
8375,0.22914773
8376,0.21624526
8377,0.20903738
8378,0.20237789
8379,0.18391405
8380,0.17939617
8381,0.16653602
8382,0.16324785
8383,0.16002576
8384,0.1471932
8385,0.22451402
8386,0.23310664
8387,0.2475958
8388,0.26906472
8389,0.2602174
8390,0.25143456
8391,0.24405196
8392,0.23705445
8393,0.23070535
8394,0.22126278
8395,0.2032292
8396,0.18966672
8397,0.18623526
8398,0.18200293
8399,0.1739892
8400,0.17027815
8401,0.1656308
8402,0.16223374
8403,0.14991446
8404,0.14850457
8405,0.13862756
8406,0.23498556
8407,0.23177388
8408,0.21114846
8409,0.2157168
8410,0.24730097
8411,0.23973867
8412,0.22713625
8413,0.21125594
8414,0.20367384
8415,0.20089395
8416,0.19211064
8417,0.19303302
8418,0.18966317
8419,0.18683891
8420,0.17434452
8421,0.16780494
8422,0.15660664
8423,0.15423945
8424,0.15111728
8425,0.14767797
8426,0.14418948
8427,0.14239962
8428,0.14004646
8429,0.1363622
8430,0.13357449
8431,0.13080674
8432,0.12907378
8433,0.12722139
8434,0.1401814
8435,0.13710101
8436,0.13619614
8437,0.17811112
8438,0.1731632
8439,0.18943593
8440,0.21371126
8441,0.21716365
8442,0.23841202
8443,0.22674215
8444,0.21831605
8445,0.20887296
8446,0.22165836
8447,0.21559523
8448,0.52969766
8449,0.5045864
8450,0.4764899
8451,0.448718
8452,0.42660287
8453,0.40240693
8454,0.3804989
8455,0.43723848
8456,0.41570026
8457,0.38950244
8458,0.37609226
8459,0.44991404
8460,0.4377868
8461,0.55680853
8462,1.3441504
8463,1.2044641
8464,1.9264846
8465,1.6164262
8466,1.3845568
8467,1.4167023
8468,1.2406666
8469,1.0884757
8470,0.9728637
8471,0.86772716
8472,0.77985543
8473,1.1628302
8474,2.3648777
8475,1.9039651
8476,1.5669627
8477,1.3437126
8478,1.1555903
8479,1.1258001
8480,1.3759466
8481,1.1886511
8482,12.454798
8483,11.6866455
8484,8.810358
8485,6.385519
8486,4.5739064
8487,3.3748808
8488,4.5034475
8489,3.4025505
8490,2.6324716
8491,5.455743
8492,4.219113
8493,3.1956458
8494,2.652257
8495,2.1774879
8496,1.8085005
8497,1.5386165
8498,1.3339382
8499,1.1743841
8500,1.0462673
8501,0.94231254
8502,0.85624975
8503,0.7836854
8504,0.7230004
8505,0.6705314
8506,0.62516856
8507,0.5853348
8508,0.5542454
8509,0.7429416
8510,0.9968719
8511,0.9799338
8512,0.8975388
8513,0.8259392
8514,0.85566795
8515,0.9439261
8516,0.86494386
8517,0.7973413
8518,0.74032867
8519,0.6903088
8520,0.71535355
8521,0.8090426
8522,0.8239652
8523,1.0865215
8524,0.99246967
8525,1.6035507
8526,1.4189947
8527,1.2560124
8528,1.1673594
8529,1.938981
8530,1.6666881
8531,1.4646473
8532,1.2983431
8533,1.1681604
8534,1.056932
8535,0.9490149
8536,0.85931665
8537,3.1308188
8538,2.9361458
8539,2.3949313
8540,2.0396068
8541,1.7108672
8542,1.4915745
8543,1.3259163
8544,2.027631
8545,2.711668
8546,2.2417347
8547,1.8550541
8548,1.5668206
8549,1.3640194
8550,1.2122892
8551,1.190712
8552,1.0873597
8553,0.9752568
8554,1.088664
8555,0.98158234
8556,0.93760455
8557,3.583623
8558,2.8175914
8559,2.4812243
8560,2.052846
8561,1.725235
8562,1.503653
8563,1.3452413
8564,1.1787739
8565,1.3646048
8566,1.7470124
8567,1.6523924
8568,4.293643
8569,5.542658
8570,3.7386918
8571,2.7827184
8572,2.0291822
8573,1.7173405
8574,9.336027
8575,6.402705
8576,4.7207417
8577,3.2080824
8578,2.4922755
8579,1.798002
8580,1.4537648
8581,1.3097463
8582,1.1676334
8583,0.9167111
8584,0.84650874
8585,0.78253055
8586,0.73267233
8587,2.9703746
8588,2.4161391
8589,1.9419248
8590,1.6704946
8591,1.4694114
8592,7.5102396
8593,5.070823
8594,3.8166885
8595,20.370619
8596,17.808239
8597,13.678112
8598,10.4308
8599,20.022366
8600,16.537342
8601,12.17207
8602,8.475992
8603,5.407442
8604,3.5585375
8605,2.5352116
8606,1.9156427
8607,1.5108566
8608,1.2306541
8609,1.2357305
8610,1.1887503
8611,1.0006694
8612,0.85485864
8613,0.8191756
8614,0.76137924
8615,0.7363942
8616,0.70244074
8617,0.7030358
8618,0.6695403
8619,0.8839277
8620,3.7175984
8621,2.5451946
8622,1.8704414
8623,1.5382125
8624,1.2147957
8625,1.0908986
8626,1.5649065
8627,1.3273724
8628,1.1340058
8629,1.4788995
8630,1.9659355
8631,1.6653392
8632,1.3202759
8633,1.02615
8634,0.82778645
8635,0.6993656
8636,0.61851484
8637,0.53696907
8638,0.49521098
8639,0.45945048
8640,0.43077952
8641,0.4081413
8642,0.38329613
8643,0.3533204
8644,0.32889637
8645,0.42946687
8646,0.39309707
8647,0.34605712
8648,0.32425514
8649,0.29107803
8650,0.27008194
8651,0.24980529
8652,0.23620088
8653,0.22267933
8654,0.21739468
8655,0.20500407
8656,0.19413891
8657,0.1842859
8658,0.17220964
8659,0.15960927
8660,0.15080197
8661,0.14410648
8662,0.12708682
8663,0.11583057
8664,0.10953999
8665,0.10731833
8666,0.10289196
8667,0.09345716
8668,0.09111939
8669,0.087619714
8670,0.085804574
8671,0.085953996
8672,0.08157485
8673,0.08006264
8674,0.09502571
8675,0.09223674
8676,0.088040054
8677,0.082919315
8678,0.08532921
8679,0.08483633
8680,0.07895697
8681,0.080587454
8682,0.09254625
8683,0.1087773
8684,0.15150483
8685,0.1644594
8686,0.27830255
8687,0.2657179
8688,0.25863796
8689,0.2542903
8690,0.2999738
8691,0.37168157
8692,0.32472485
8693,0.30528706
8694,0.29097095
8695,0.2983135
8696,0.28446954
8697,0.60030806
8698,0.5132448
8699,0.4835998
8700,0.4370251
8701,0.38965732
8702,0.38420695
8703,0.36038437
8704,0.36537454
8705,0.33526793
8706,0.35591173
8707,0.33775094
8708,0.31832
8709,0.29913932
8710,0.28378198
8711,0.27043146
8712,0.25737426
8713,0.2440493
8714,0.22512886
8715,0.2103882
8716,0.20116192
8717,0.19243912
8718,0.16983369
8719,0.16099255
8720,0.15275405
8721,0.16492909
8722,1.0979738
8723,0.9958296
8724,0.86836344
8725,0.87703854
8726,0.76587284
8727,0.7103325
8728,0.60744154
8729,0.52795964
8730,0.4524749
8731,0.3953185
8732,0.36140102
8733,0.3364084
8734,0.3158495
8735,0.30429804
8736,0.26579943
8737,0.2601284
8738,0.22686681
8739,0.2228846
8740,0.19728082
8741,0.19121061
8742,0.2125824
8743,0.19154032
8744,0.18056554
8745,0.16666153
8746,0.1497092
8747,0.14705025
8748,0.14444694
8749,0.1360422
8750,0.13357377
8751,0.12987411
8752,0.122331835
8753,0.11891953
8754,0.20807752
8755,0.19738318
8756,0.18569234
8757,0.1760131
8758,0.1663243
8759,0.1559147
8760,0.15291642
8761,0.15141262
8762,0.14982949
8763,0.1483584
8764,0.14698552
8765,0.13995238
8766,0.15580803
8767,0.14917614
8768,0.14319864
8769,0.13938843
8770,0.13474435
8771,0.15000859
8772,0.16338283
8773,0.15380603
8774,0.1517842
8775,0.14359552
8776,0.14135101
8777,0.13738894
8778,0.13257687
8779,0.12727126
8780,0.12206631
8781,0.119427666
8782,0.11815252
8783,0.117362596
8784,0.116210476
8785,0.12870623
8786,0.13536566
8787,0.13712524
8788,0.13690709
8789,0.12845261
8790,0.124521755
8791,0.121204674
8792,0.11794567
8793,0.115393035
8794,0.11130649
8795,0.10915287
8796,0.1101411
8797,0.10836615
8798,0.106227614
8799,0.10097489
8800,0.09604724
8801,0.09388835
8802,0.09121323
8803,0.08797184
8804,0.08561879
8805,0.08435318
8806,0.08337322
8807,0.08222224
8808,0.088088095
8809,0.0889569
8810,0.08718023
8811,0.085220896
8812,0.0836059
8813,0.08265814
8814,0.19219844
8815,0.19780211
8816,0.19275622
8817,0.18850403
8818,0.18417685
8819,0.17649077
8820,0.17077978
8821,0.1637837
8822,0.16025153
8823,0.15971653
8824,0.15444672
8825,0.1490693
8826,0.14572333
8827,0.14338526
8828,0.14056033
8829,0.13857184
8830,0.13625565
8831,0.1342886
8832,0.46417227
8833,0.4498286
8834,0.4424462
8835,0.5076982
8836,0.5573113
8837,0.52429694
8838,0.4985177
8839,0.47631896
8840,0.4582549
8841,0.43912336
8842,0.4207691
8843,0.40192252
8844,0.38194847
8845,0.3741475
8846,0.48067486
8847,0.9282332
8848,0.8503743
8849,0.79345536
8850,0.738616
8851,1.3161626
8852,1.1730438
8853,1.0602534
8854,0.96057487
8855,0.91361076
8856,3.6388016
8857,2.9335065
8858,2.2986212
8859,1.8721986
8860,1.5754101
8861,1.3469511
8862,2.4162226
8863,5.012515
8864,3.5639694
8865,2.688081
8866,2.1229415
8867,1.8024485
8868,3.2975793
8869,2.653801
8870,2.1084375
8871,1.7286143
8872,1.4551303
8873,1.3506377
8874,1.2112038
8875,1.1110802
8876,1.1826774
8877,1.1141443
8878,0.9884436
8879,0.8849665
8880,0.80696213
8881,0.7385235
8882,0.6769198
8883,0.62859696
8884,0.5871542
8885,0.5493022
8886,0.8841371
8887,0.8065958
8888,0.74135435
8889,2.981922
8890,2.358422
8891,1.9314111
8892,1.6271265
8893,1.3984079
8894,1.2239349
8895,1.0878661
8896,0.9849113
8897,0.901712
8898,0.8240646
8899,0.76004076
8900,0.7046229
8901,0.6563803
8902,0.6147803
8903,1.0120529
8904,1.0336089
8905,0.93848276
8906,0.8495633
8907,0.7809237
8908,0.7206118
8909,0.6749351
8910,0.6365908
8911,0.60121393
8912,0.8200723
8913,1.9878412
8914,1.678896
8915,1.451598
8916,1.2814479
8917,1.1452773
8918,1.0375161
8919,5.6781316
8920,4.2418385
8921,3.2251086
8922,2.5583427
8923,2.4408667
8924,2.0245438
8925,1.598542
8926,1.3676015
8927,2.0708287
8928,1.7500033
8929,1.5119467
8930,1.3054662
8931,1.1208031
8932,1.0111674
8933,1.3283852
8934,1.1794975
8935,4.368695
8936,3.8891115
8937,4.031724
8938,3.1108465
8939,2.3403163
8940,1.6438429
8941,1.6697328
8942,1.4913554
8943,1.2446599
8944,1.1838207
8945,1.0654094
8946,1.0699508
8947,0.97457874
8948,2.104103
8949,1.6260004
8950,1.2621926
8951,1.1210186
8952,1.0116556
8953,0.79297245
8954,0.6807804
8955,0.61276245
8956,0.57513297
8957,0.907282
8958,2.7283757
8959,2.193007
8960,1.8074062
8961,1.3121572
8962,1.4275153
8963,1.3498789
8964,1.186319
8965,1.0574253
8966,1.9162111
8967,1.4790211
8968,1.0799229
8969,0.96003294
8970,0.8636813
8971,0.8019403
8972,0.7344251
8973,0.6757572
8974,0.6292571
8975,0.59043753
8976,0.5570862
8977,0.50488245
8978,2.7317438
8979,8.464781
8980,7.3151865
8981,4.702331
8982,2.9708471
8983,2.0328517
8984,1.4624815
8985,1.024416
8986,0.89796114
8987,0.79614675
8988,0.71052456
8989,0.6272582
8990,0.5687448
8991,0.48508045
8992,0.4457839
8993,0.45987916
8994,0.423953
8995,0.38743845
8996,0.36549067
8997,0.3427409
8998,0.32742918
8999,0.3133805
9000,0.30283958
9001,0.28547537
9002,0.27757356
9003,0.26685977
9004,0.2602814
9005,0.25326186
9006,0.2569638
9007,0.27630037
9008,0.42107204
9009,0.8232598
9010,2.3028588
9011,1.7937106
9012,1.6956501
9013,1.4070423
9014,1.1846226
9015,0.9464923
9016,0.7589824
9017,0.6753468
9018,0.58324623
9019,0.5322752
9020,0.48970667
9021,0.4501403
9022,0.41151205
9023,0.3759085
9024,0.35474446
9025,0.31269985
9026,0.27838093
9027,0.2546352
9028,0.24216174
9029,0.22764692
9030,0.28051576
9031,0.29119557
9032,0.30715218
9033,0.29206496
9034,0.3023293
9035,0.2806542
9036,0.26212317
9037,0.24648917
9038,0.23028904
9039,0.2169267
9040,0.20544866
9041,0.19632919
9042,0.18900855
9043,0.18060912
9044,0.17382714
9045,0.16519232
9046,0.17825931
9047,0.17650981
9048,0.21623255
9049,0.20776153
9050,0.19378707
9051,0.18815245
9052,0.18494087
9053,0.16715069
9054,0.16583866
9055,0.20367299
9056,0.19628294
9057,0.18287583
9058,0.17016342
9059,0.29914784
9060,0.31016523
9061,0.28941807
9062,0.2848472
9063,0.36590558
9064,0.34128767
9065,0.3241743
9066,0.3044329
9067,0.2932963
9068,0.28522658
9069,0.27784044
9070,0.29000682
9071,0.27767754
9072,0.2803266
9073,0.37991393
9074,0.36768207
9075,0.33885828
9076,0.7418674
9077,0.8991051
9078,0.75703746
9079,0.9755082
9080,1.3323498
9081,1.0835097
9082,0.9241905
9083,0.79636693
9084,0.9424563
9085,0.80787385
9086,1.0362
9087,0.92628545
9088,0.8003042
9089,0.95114475
9090,1.1866846
9091,2.2574115
9092,2.5356846
9093,1.893336
9094,1.4404263
9095,1.1732254
9096,1.135407
9097,0.95244396
9098,0.9461889
9099,0.810133
9100,0.704597
9101,0.6157702
9102,0.54783434
9103,0.488941
9104,0.44569647
9105,0.4119415
9106,0.3810661
9107,0.90345275
9108,0.99915653
9109,0.83087647
9110,1.055945
9111,0.90473354
9112,0.78452766
9113,0.6788828
9114,0.5777391
9115,0.53027403
9116,0.4875046
9117,0.45093143
9118,0.42344546
9119,0.3929432
9120,0.37242654
9121,0.3595919
9122,0.3415197
9123,0.41989323
9124,0.4842027
9125,0.4470558
9126,0.46786875
9127,0.43260422
9128,0.40458757
9129,0.3799399
9130,0.35948536
9131,0.34159225
9132,0.31595683
9133,0.29777667
9134,0.28699142
9135,0.26536012
9136,0.28368992
9137,0.5521203
9138,0.49635407
9139,0.97686327
9140,0.8545418
9141,0.8147111
9142,1.8637266
9143,7.5699058
9144,5.0081635
9145,3.6213312
9146,2.5804977
9147,1.9567739
9148,4.276492
9149,10.797714
9150,8.520861
9151,6.29241
9152,4.448587
9153,3.3463984
9154,2.5375094
9155,1.9835556
9156,1.5626297
9157,1.3279641
9158,1.3329492
9159,1.523676
9160,1.2753837
9161,1.0875359
9162,0.95117843
9163,0.8401521
9164,0.7523456
9165,0.67894715
9166,0.61683583
9167,0.56342655
9168,0.51963806
9169,0.48255542
9170,0.6481304
9171,0.5948911
9172,0.5466793
9173,0.5123022
9174,2.1541681
9175,1.8667836
9176,1.5900874
9177,1.3537738
9178,1.1753259
9179,1.0386233
9180,1.1358025
9181,1.0595212
9182,0.94191855
9183,0.84786963
9184,0.7663413
9185,0.7023991
9186,0.64820206
9187,0.6018278
9188,0.56100345
9189,0.52384776
9190,0.4935007
9191,0.46696752
9192,0.4430064
9193,0.42098677
9194,0.40042728
9195,0.38245696
9196,0.36719722
9197,0.3535682
9198,0.34241667
9199,0.33234608
9200,0.32246643
9201,0.37732947
9202,1.1276648
9203,1.0118136
9204,0.9172402
9205,0.8407535
9206,3.148233
9207,2.5276275
9208,2.0698035
9209,1.7444911
9210,1.6575794
9211,1.4434409
9212,1.2688954
9213,1.1332664
9214,1.7422736
9215,1.4991033
9216,1.4428673
9217,1.2742348
9218,1.1398915
9219,1.096919
9220,3.1194224
9221,5.3687143
9222,4.0146995
9223,3.1009235
9224,2.482123
9225,2.2705941
9226,5.6739473
9227,4.247607
9228,3.2736297
9229,2.7060518
9230,2.610828
9231,2.2828238
9232,3.3298545
9233,2.6647146
9234,2.2051785
9235,1.8735322
9236,2.7605538
9237,2.4821935
9238,2.0681958
9239,1.7621703
9240,1.5417275
9241,1.3447199
9242,1.201113
9243,1.0808635
9244,1.031245
9245,1.9033396
9246,3.4227033
9247,2.7526522
9248,2.1266928
9249,1.7788899
9250,1.5324773
9251,1.3581499
9252,1.2201769
9253,1.1096727
9254,0.99254525
9255,0.916222
9256,0.8535557
9257,3.5505385
9258,2.7860143
9259,2.2759128
9260,3.658462
9261,2.982489
9262,2.4426951
9263,2.0339737
9264,1.8819975
9265,4.9416256
9266,3.7788427
9267,2.9413404
9268,2.394011
9269,1.9432893
9270,1.631381
9271,1.4155381
9272,4.0864058
9273,8.093692
9274,13.104165
9275,9.721349
9276,6.8836975
9277,5.0415554
9278,3.6973908
9279,8.842293
9280,6.057415
9281,4.8069177
9282,10.913538
9283,16.734402
9284,13.37039
9285,9.756421
9286,6.7964554
9287,6.331066
9288,4.456583
9289,3.2846332
9290,2.8581543
9291,3.3390908
9292,2.6923714
9293,3.4626765
9294,6.768429
9295,4.941107
9296,3.4054046
9297,2.503577
9298,1.9476982
9299,8.868662
9300,6.048864
9301,4.1089644
9302,3.4026225
9303,2.8339138
9304,2.5007877
9305,1.9550788
9306,8.16515
9307,5.99699
9308,4.0563083
9309,3.2930384
9310,4.2376785
9311,2.950986
9312,2.1972256
9313,5.4849215
9314,3.6680794
9315,2.570766
9316,1.9037331
9317,1.6559534
9318,1.4653282
9319,1.1584795
9320,0.9703856
9321,0.7935283
9322,0.66850495
9323,0.5667476
9324,0.48889187
9325,0.45110157
9326,0.42892995
9327,0.41981515
9328,0.40552297
9329,0.40067932
9330,0.41065735
9331,0.37931123
9332,0.46894395
9333,0.6814394
9334,1.783287
9335,1.6523776
9336,1.2746174
9337,1.1468602
9338,1.040361
9339,0.9456399
9340,0.820517
9341,3.668549
9342,2.9523544
9343,2.0752058
9344,1.71738
9345,1.4586542
9346,1.1420164
9347,1.0018021
9348,0.964858
9349,1.6006246
9350,1.3753726
9351,1.4736531
9352,1.4492378
9353,2.4870443
9354,12.68771
9355,9.676743
9356,6.9792
9357,4.7726445
9358,2.9760823
9359,1.9133129
9360,1.4417075
9361,1.2096081
9362,1.7221704
9363,1.1827936
9364,1.0039908
9365,0.85622466
9366,0.8502791
9367,0.7152709
9368,0.57132244
9369,0.5683681
9370,0.50485903
9371,0.44013393
9372,0.40196496
9373,0.37163398
9374,0.3485933
9375,0.31816494
9376,0.29653066
9377,0.298647
9378,0.2774282
9379,0.29763335
9380,0.3164176
9381,0.29445872
9382,0.27852136
9383,0.2670487
9384,0.2547031
9385,0.2458477
9386,0.23646644
9387,0.21620956
9388,0.20358132
9389,0.20271136
9390,0.2823949
9391,0.2673224
9392,0.25833628
9393,0.30879515
9394,0.32787246
9395,0.32458138
9396,0.53259254
9397,0.4794131
9398,0.47020528
9399,0.49460173
9400,0.4696602
9401,0.4362543
9402,0.7196917
9403,0.63176274
9404,0.8136244
9405,0.7123691
9406,0.61142
9407,0.5358026
9408,0.48155692
9409,0.42176417
9410,0.40847462
9411,0.37483025
9412,0.36789283
9413,0.33291408
9414,0.31208086
9415,0.29658645
9416,0.35789633
9417,0.3338586
9418,0.30965608
9419,0.5033972
9420,0.578834
9421,0.521237
9422,0.47384351
9423,0.5063182
9424,0.46141726
9425,0.41627944
9426,0.42560968
9427,0.70410526
9428,0.76492256
9429,0.83231044
9430,1.9681685
9431,2.3017058
9432,2.3183575
9433,1.8759263
9434,1.525881
9435,1.2147563
9436,1.2614403
9437,1.3077153
9438,1.9067996
9439,1.4664621
9440,1.2746376
9441,1.0928208
9442,1.2116365
9443,0.9882405
9444,0.82596374
9445,0.9043895
9446,0.74826753
9447,0.61091137
9448,0.5272784
9449,0.47541624
9450,0.41568476
9451,0.37742868
9452,0.34379965
9453,0.31648666
9454,0.29303098
9455,0.3491284
9456,0.3190083
9457,0.30665475
9458,0.28719193
9459,0.27075386
9460,0.25374392
9461,0.23534545
9462,0.22306749
9463,0.21016547
9464,0.21175314
9465,0.22678307
9466,0.26597857
9467,0.32986918
9468,0.30350605
9469,0.3728953
9470,0.34493458
9471,0.36215892
9472,0.3383966
9473,0.31640962
9474,0.29194447
9475,0.27178073
9476,0.25295854
9477,0.24191503
9478,0.22936407
9479,0.21789049
9480,0.2055751
9481,3.7858822
9482,2.9082072
9483,2.1048665
9484,2.009001
9485,1.7283994
9486,1.3311636
9487,1.0878408
9488,0.9289888
9489,0.81065094
9490,0.79702663
9491,0.81129766
9492,0.70014673
9493,0.61434174
9494,0.54491836
9495,0.49088848
9496,0.44581762
9497,0.4093783
9498,0.3783595
9499,0.34871623
9500,0.5772226
9501,0.52221805
9502,0.47176278
9503,0.43443197
9504,0.39664385
9505,0.3705109
9506,0.34860402
9507,0.32897967
9508,0.30277184
9509,0.28472292
9510,0.2678189
9511,0.2527937
9512,0.23728056
9513,0.22319078
9514,0.21809322
9515,0.20981713
9516,0.20122105
9517,0.19019511
9518,0.19743787
9519,0.19139941
9520,0.18320511
9521,0.17819616
9522,0.17564462
9523,0.17188935
9524,0.17059344
9525,0.16291775
9526,0.15490481
9527,0.15085797
9528,0.1569678
9529,0.17714205
9530,0.17417781
9531,0.17191422
9532,0.16420686
9533,0.1635005
9534,0.16071855
9535,0.19717692
9536,0.19169693
9537,0.1870691
9538,0.18365273
9539,0.17713596
9540,0.16912112
9541,0.16522622
9542,0.16262527
9543,0.1584669
9544,0.1553204
9545,0.18333675
9546,0.17985368
9547,0.17831519
9548,0.17729531
9549,0.2460524
9550,0.24038668
9551,0.22942139
9552,0.2247398
9553,0.21978103
9554,0.3117893
9555,0.30177853
9556,0.29153982
9557,0.33554766
9558,1.6878996
9559,1.768816
9560,1.6042713
9561,3.4840405
9562,17.88966
9563,13.940945
9564,10.52115
9565,7.6183224
9566,9.0425415
9567,6.613458
9568,6.0084615
9569,4.441417
9570,3.37558
9571,5.113048
9572,3.8117728
9573,5.669074
9574,4.173895
9575,4.8597755
9576,4.2107186
9577,3.2130265
9578,2.5347865
9579,2.0866802
9580,1.7622013
9581,1.5175161
9582,1.3303338
9583,1.1827732
9584,1.9870296
9585,2.0475292
9586,2.2259684
9587,1.8686873
9588,2.0362606
9589,3.9301596
9590,3.1690536
9591,11.017626
9592,8.986572
9593,6.7761855
9594,5.042944
9595,3.791544
9596,13.695982
9597,13.7934265
9598,10.787088
9599,7.9107256
9600,5.815928
9601,4.3166475
9602,3.2645502
9603,2.6378002
9604,2.1842647
9605,1.8765852
9606,1.6583166
9607,2.8019419
9608,3.553442
9609,3.0555124
9610,2.5341945
9611,2.07126
9612,1.6371642
9613,1.4530277
9614,1.3285952
9615,1.2529483
9616,5.7962103
9617,8.548045
9618,6.2687435
9619,4.7494
9620,6.477475
9621,4.964093
9622,3.7229846
9623,2.9122028
9624,8.500265
9625,6.333987
9626,4.706474
9627,3.5417247
9628,2.873838
9629,2.404039
9630,5.171991
9631,3.9172347
9632,3.0744128
9633,2.584465
9634,2.5908256
9635,2.148477
9636,2.1028142
9637,1.6820935
9638,1.508715
9639,1.3049272
9640,1.2425714
9641,1.1377301
9642,1.0425707
9643,0.9817383
9644,0.9379028
9645,0.92988
9646,0.8199005
9647,1.2510096
9648,1.9139925
9649,7.687948
9650,5.6749525
9651,4.5842247
9652,3.2514553
9653,2.4632168
9654,2.1015825
9655,4.557173
9656,3.2367895
9657,2.4250486
9658,1.8469174
9659,1.4807694
9660,1.3354902
9661,1.2770901
9662,1.1863916
9663,2.1022973
9664,1.6515836
9665,1.6410849
9666,1.3573078
9667,1.2358003
9668,1.1524978
9669,0.9554212
9670,0.81199527
9671,0.7824881
9672,0.76813924
9673,0.74345994
9674,1.082088
9675,2.5548604
9676,2.6749415
9677,2.243949
9678,1.888926
9679,1.6303186
9680,1.355866
9681,1.1845214
9682,2.880784
9683,2.361475
9684,2.0090823
9685,1.6923265
9686,1.5094922
9687,1.2319524
9688,1.0737144
9689,0.9964733
9690,0.935272
9691,0.84791994
9692,0.784817
9693,0.7453807
9694,1.1811424
9695,0.96520543
9696,0.82259613
9697,0.75173867
9698,0.70504427
9699,0.93710303
9700,1.0639067
9701,0.9029145
9702,0.7999711
9703,0.7162981
9704,0.65144867
9705,0.605499
9706,0.55379575
9707,0.612936
9708,0.5679848
9709,0.5321548
9710,0.8819856
9711,0.80033886
9712,0.6933563
9713,0.6432528
9714,0.6203253
9715,0.917827
9716,0.8158747
9717,0.74931055
9718,0.6685671
9719,0.61197716
9720,1.1368093
9721,0.9875473
9722,0.9380214
9723,0.82153744
9724,0.6920301
9725,0.66403115
9726,0.5917807
9727,0.51489097
9728,0.46794245
9729,0.4203652
9730,0.37972537
9731,0.3534099
9732,0.33317938
9733,0.3077634
9734,0.28690788
9735,0.25967413
9736,0.24130903
9737,0.22010809
9738,0.19984311
9739,0.17934252
9740,0.1709002
9741,0.1620762
9742,0.1519456
9743,0.14557448
9744,0.13805825
9745,0.13061991
9746,0.13039945
9747,0.12293524
9748,0.1060582
9749,0.11637662
9750,0.11718214
9751,0.111667
9752,0.11035322
9753,0.0991332
9754,0.13493776
9755,0.12817898
9756,0.113291636
9757,0.10993666
9758,0.10068617
9759,0.09821643
9760,0.096320316
9761,0.08631809
9762,0.08342768
9763,0.077991106
9764,0.099087186
9765,0.091432646
9766,0.08877818
9767,0.086220704
9768,0.22815323
9769,0.2272153
9770,0.20789817
9771,0.21418478
9772,0.25198084
9773,0.3036382
9774,0.2783073
9775,0.26538226
9776,0.25352505
9777,0.24351038
9778,0.22566164
9779,0.21804395
9780,0.20841114
9781,0.266807
9782,0.27754274
9783,0.2762234
9784,0.2522779
9785,0.23714118
9786,0.22747122
9787,0.23454893
9788,0.23240021
9789,0.23980461
9790,0.23137628
9791,0.2235102
9792,0.22545664
9793,0.2175247
9794,0.21533677
9795,0.37439126
9796,0.34916466
9797,0.34430718
9798,0.5137359
9799,0.563223
9800,0.5166952
9801,0.48504406
9802,0.45879403
9803,0.43166858
9804,0.4082225
9805,0.38740796
9806,0.35776085
9807,0.31504217
9808,0.29016873
9809,0.27412516
9810,0.25180253
9811,0.2862377
9812,0.28165027
9813,0.2482501
9814,0.23716655
9815,0.25108466
9816,0.24074812
9817,0.24490257
9818,0.23466545
9819,0.22446974
9820,0.21754423
9821,0.20882758
9822,0.25196427
9823,0.28047475
9824,0.26332736
9825,0.26915154
9826,0.25754613
9827,0.24805449
9828,0.23847483
9829,0.22458287
9830,0.21657349
9831,0.20717642
9832,0.20005308
9833,0.19373403
9834,0.20057926
9835,0.1876538
9836,0.17008574
9837,0.15851448
9838,0.1463045
9839,0.14009139
9840,0.13468258
9841,0.1326886
9842,0.13045414
9843,0.12796912
9844,0.125977
9845,0.12402295
9846,0.121592805
9847,0.14756167
9848,0.14052247
9849,0.13425429
9850,0.1305663
9851,0.12967207
9852,0.13283473
9853,0.14724296
9854,0.14073338
9855,0.13782452
9856,0.1297753
9857,0.16728783
9858,0.17303003
9859,0.15925418
9860,0.17397177
9861,0.17601877
9862,0.17252424
9863,0.16855884
9864,0.15802597
9865,0.15090127
9866,0.14621945
9867,0.13888875
9868,0.13018587
9869,0.12530255
9870,0.124083966
9871,0.123641856
9872,0.12247794
9873,0.117862135
9874,0.1141909
9875,0.112656586
9876,0.10916773
9877,0.107670054
9878,0.10625202
9879,0.102366194
9880,0.100152396
9881,0.095280804
9882,0.091879
9883,0.31775248
9884,0.29464528
9885,0.27686036
9886,0.25813094
9887,0.26634455
9888,0.44780648
9889,0.43077734
9890,0.4050533
9891,0.3785095
9892,0.3589273
9893,0.34282443
9894,0.4136749
9895,0.3923464
9896,0.38069195
9897,0.3589966
9898,0.34081134
9899,0.40929392
9900,0.39308524
9901,0.36811388
9902,0.35331458
9903,0.33728758
9904,0.32713622
9905,0.55972266
9906,0.5193629
9907,0.48976907
9908,0.4746105
9909,0.4415757
9910,0.54083395
9911,0.5680945
9912,0.53762275
9913,0.5121765
9914,0.4827234
9915,0.45389408
9916,0.51046443
9917,0.917603
9918,0.8468305
9919,0.78592014
9920,0.7576348
9921,0.7535249
9922,0.6875507
9923,0.6385037
9924,0.59549135
9925,0.55294454
9926,0.5677087
9927,0.7078976
9928,1.5867066
9929,1.3661245
9930,1.2147126
9931,1.0927615
9932,1.1849718
9933,1.1302593
9934,1.1801494
9935,1.1808318
9936,1.5698404
9937,3.6663766
9938,2.709499
9939,2.098461
9940,1.6958593
9941,1.9897336
9942,12.113088
9943,11.845711
9944,9.178989
9945,6.8903394
9946,4.889077
9947,3.5521736
9948,2.7209845
9949,2.1554353
9950,1.7658396
9951,1.4839301
9952,7.7130537
9953,5.7174845
9954,5.087981
9955,4.7209373
9956,5.8124704
9957,4.317518
9958,3.822875
9959,3.6510975
9960,6.146721
9961,4.6017303
9962,3.5156422
9963,2.80245
9964,2.2788033
9965,1.965498
9966,1.6741815
9967,1.4464695
9968,1.2566633
9969,1.1067448
9970,1.0000914
9971,0.9301994
9972,0.83666027
9973,0.77236515
9974,2.4011393
9975,1.9245561
9976,1.6390815
9977,1.4184973
9978,1.3328083
9979,1.4304461
9980,1.4799707
9981,1.3120675
9982,1.1707621
9983,1.0598359
9984,0.9681602
9985,5.4441633
9986,4.0094647
9987,3.040717
9988,2.4280016
9989,2.0037482
9990,1.7231483
9991,1.5900333
9992,5.2585473
9993,4.0115004
9994,3.096187
9995,2.5066528
9996,2.0932288
9997,13.016297
9998,10.104983
9999,7.5309515
10000,5.561452
10001,4.236335
10002,3.2496262
10003,2.6167405
10004,2.1767018
10005,1.8811343
10006,1.6411393
10007,1.4277425
10008,1.548312
10009,1.3476961
10010,1.1908586
10011,1.022676
10012,0.9116261
10013,0.8585924
10014,2.5313861
10015,2.0701478
10016,4.505679
10017,3.5125818
10018,7.1939044
10019,4.905902
10020,3.7987342
10021,3.04778
10022,2.9366283
10023,8.729649
10024,6.004844
10025,4.497488
10026,3.4268444
10027,2.7421415
10028,10.357186
10029,7.28342
10030,5.0079427
10031,3.6846373
10032,3.804236
10033,2.9427364
10034,2.3562832
10035,1.8236786
10036,22.589157
10037,19.932684
10038,15.632114
10039,11.040068
10040,8.312784
10041,5.96056
10042,29.767185
10043,28.150698
10044,18.607437
10045,10.946951
10046,8.089016
10047,5.6656675
10048,4.047138
10049,3.4806228
10050,10.62994
10051,6.709893
10052,5.0241156
10053,3.4199903
10054,2.5095148
10055,1.9181647
10056,1.5978341
10057,1.3347262
10058,1.2366123
10059,3.526681
10060,9.371485
10061,12.119806
10062,8.833597
10063,5.823748
10064,4.1118774
10065,3.127758
10066,2.4991944
10067,11.108125
10068,17.715223
10069,17.409996
10070,13.005808
10071,8.972925
10072,5.709086
10073,4.0509477
10074,3.159531
10075,4.790022
10076,3.4450867
10077,2.321168
10078,1.6580949
10079,1.7747178
10080,9.276436
10081,8.372593
10082,5.3481283
10083,3.2721634
10084,2.3251507
10085,2.302085
10086,1.7979907
10087,1.2970473
10088,1.1103486
10089,0.8397988
10090,0.6568196
10091,0.5973483
10092,0.50678766
10093,0.5024559
10094,0.4625371
10095,0.43264502
10096,0.8251934
10097,0.85969645
10098,0.8911335
10099,1.2654824
10100,1.9117594
10101,1.3245939
10102,1.0065129
10103,0.80086637
10104,1.0480962
10105,0.9684423
10106,0.8203989
10107,0.6993253
10108,0.6126253
10109,0.852209
10110,0.70838594
10111,0.8569282
10112,1.0458472
10113,0.92105526
10114,0.7825217
10115,0.77728057
10116,0.672354
10117,0.60560715
10118,0.5417285
10119,0.5962025
10120,0.53188837
10121,0.48434448
10122,0.42272693
10123,0.38472104
10124,0.43543088
10125,0.7499629
10126,0.65763825
10127,0.57108736
10128,0.5071384
10129,0.42197454
10130,0.4019897
10131,0.4814479
10132,0.43728158
10133,0.38804564
10134,0.34130687
10135,0.31857678
10136,0.3388106
10137,0.5149726
10138,0.7560002
10139,1.1128356
10140,1.1397073
10141,1.0439892
10142,0.99477243
10143,0.77353704
10144,0.66448426
10145,0.614711
10146,0.48976392
10147,0.551653
10148,0.47515014
10149,0.41228247
10150,0.3647891
10151,0.38321063
10152,0.34573162
10153,0.4697789
10154,0.40501267
10155,0.38524577
10156,0.34240574
10157,0.30114424
10158,0.30529884
10159,0.26634794
10160,0.2902555
10161,0.25645244
10162,0.23544003
10163,0.21260644
10164,0.1965311
10165,0.18519807
10166,0.20526536
10167,0.193163
10168,0.18207818
10169,0.17279196
10170,0.16417655
10171,0.1713234
10172,0.16521448
10173,0.16301483
10174,0.15566565
10175,0.15127613
10176,0.16998503
10177,0.17182659
10178,0.15988652
10179,0.28072557
10180,0.26085252
10181,0.69928646
10182,0.75426483
10183,0.6279205
10184,0.5423595
10185,0.46027428
10186,0.37823576
10187,0.3232026
10188,0.28870165
10189,0.2608043
10190,0.23388836
10191,0.2142143
10192,0.19725575
10193,0.18118963
10194,0.17383364
10195,0.18221368
10196,0.16999982
10197,0.16630267
10198,0.18159579
10199,0.25428957
10200,0.36488378
10201,0.40230277
10202,0.477775
10203,0.41795614
10204,0.37201035
10205,0.33332646
10206,0.34664625
10207,0.34333253
10208,0.34042203
10209,0.8648286
10210,0.6914256
10211,0.5881249
10212,0.50740415
10213,0.43568808
10214,0.38509092
10215,0.34788767
10216,0.31675422
10217,0.28935102
10218,0.26805645
10219,0.24178493
10220,0.21849833
10221,0.20362915
10222,0.19228882
10223,0.21871725
10224,0.24481747
10225,0.26778877
10226,0.45711917
10227,0.40057307
10228,0.42283675
10229,0.38239497
10230,0.3506912
10231,0.32447717
10232,0.29895657
10233,0.2812652
10234,0.2639174
10235,0.48011422
10236,0.437749
10237,0.40139145
10238,0.37273836
10239,0.35685742
10240,0.3421622
10241,0.36226746
10242,0.6889516
10243,0.60910416
10244,0.54731494
10245,0.49643844
10246,0.44901997
10247,0.41492033
10248,0.386796
10249,0.36203405
10250,0.34058392
10251,0.321504
10252,0.3027941
10253,0.28382507
10254,0.2950419
10255,0.27798867
10256,0.2918492
10257,0.33908752
10258,0.32030463
10259,0.29829395
10260,0.27902332
10261,0.7748767
10262,0.71525574
10263,0.6425952
10264,0.784039
10265,0.72441864
10266,0.6408841
10267,0.583208
10268,0.53124696
10269,0.48938298
10270,0.45359653
10271,0.42007193
10272,0.38407403
10273,0.37296158
10274,0.35207838
10275,0.33111328
10276,0.30959246
10277,1.0963596
10278,1.5452312
10279,1.2744474
10280,1.2066135
10281,1.0810163
10282,1.0912917
10283,0.9738325
10284,3.157186
10285,2.3770514
10286,1.8810189
10287,1.5408512
10288,1.2959675
10289,1.1142886
10290,1.0289667
10291,2.7371898
10292,2.130964
10293,1.7260385
10294,1.4370005
10295,1.2155471
10296,1.047395
10297,0.9234462
10298,0.8243078
10299,0.74347365
10300,0.6728715
10301,0.6178359
10302,0.72510886
10303,0.6579653
10304,0.6050527
10305,0.56188285
10306,3.6081867
10307,2.8947718
10308,2.2689264
10309,1.8453856
10310,1.550287
10311,4.436079
10312,15.164251
10313,15.243113
10314,11.978596
10315,9.180838
10316,6.894258
10317,5.060766
10318,7.4530344
10319,5.51721
10320,4.2707396
10321,5.3999424
10322,4.50241
10323,3.4750404
10324,5.422285
10325,4.0876613
10326,4.083635
10327,3.2187996
10328,2.5632503
10329,6.8783636
10330,5.1283937
10331,3.9044833
10332,6.2103543
10333,4.83436
10334,3.7415597
10335,2.9604483
10336,2.9134624
10337,7.7028074
10338,11.28499
10339,8.443909
10340,6.049015
10341,7.9833117
10342,10.868834
10343,9.811859
10344,9.064566
10345,6.912733
10346,9.500762
10347,6.867646
10348,4.897187
10349,3.6447816
10350,3.4626505
10351,3.001089
10352,2.5229743
10353,2.0754838
10354,1.6903216
10355,2.699471
10356,3.3870268
10357,2.8058321
10358,2.3394232
10359,1.9439937
10360,1.6276746
10361,1.3614291
10362,1.2221711
10363,1.4986469
10364,9.252769
10365,7.325055
10366,5.1804953
10367,5.513263
10368,4.507617
10369,3.3006177
10370,6.116464
10371,4.54952
10372,3.4820411
10373,2.74392
10374,2.1838
10375,1.8125688
10376,1.4887553
10377,1.3269881
10378,1.2255179
10379,1.1188897
10380,0.97089374
10381,0.89451754
10382,0.80038095
10383,0.7460588
10384,0.68841386
10385,0.61635756
10386,0.60478944
10387,0.5977341
10388,1.3553555
10389,1.8514746
10390,1.6991806
10391,1.4361684
10392,1.3378024
10393,1.1920005
10394,1.0794303
10395,1.0193768
10396,1.2757124
10397,1.6032043
10398,2.2808871
10399,1.8618109
10400,1.8688489
10401,2.265592
10402,2.204174
10403,4.278577
10404,4.515094
10405,3.5125418
10406,2.768698
10407,2.0400844
10408,1.5583802
10409,4.404329
10410,3.131228
10411,2.4895084
10412,2.4922962
10413,1.866638
10414,1.5179405
10415,1.3792367
10416,1.2492052
10417,1.0332288
10418,0.90328205
10419,0.85202277
10420,63.330624
10421,83.49346
10422,53.526543
10423,29.798586
10424,13.951986
10425,7.8153543
10426,3.9775999
10427,2.4671621
10428,1.3298216
10429,0.9295281
10430,2.43511
10431,1.4263737
10432,0.9043808
10433,0.60966617
10434,0.43909183
10435,0.32956332
10436,0.25755158
10437,0.20094661
10438,0.15671521
10439,0.13564663
10440,0.11507328
10441,0.10105072
10442,0.22580905
10443,0.19256788
10444,0.16286348
10445,0.13933061
10446,0.118667275
10447,0.10445998
10448,0.09199808
10449,0.32082987
10450,0.24894275
10451,0.19004811
10452,0.15679887
10453,0.17263222
10454,0.14612977
10455,0.12598385
10456,0.109674886
10457,0.09857356
10458,0.085433826
10459,0.07684111
10460,0.14246005
10461,0.12205742
10462,0.11001848
10463,0.10141255
10464,0.13413872
10465,0.12086362
10466,0.10717578
10467,0.09636628
10468,0.08713223
10469,0.077563815
10470,0.17188898
10471,0.14900702
10472,0.13457333
10473,0.12439823
10474,0.99937606
10475,0.99806064
10476,0.7865894
10477,0.62006927
10478,0.48473728
10479,0.40703946
10480,0.3061331
10481,0.25596085
10482,0.26030177
10483,0.21700004
10484,0.18249545
10485,0.16301566
10486,0.1422119
10487,0.12427327
10488,0.11162763
10489,0.10250672
10490,0.09317359
10491,0.083923586
10492,0.25811362
10493,0.22081134
10494,0.1869301
10495,0.16131073
10496,0.14291188
10497,0.12759185
10498,0.115839675
10499,0.10642412
10500,0.0984292
10501,0.09115794
10502,0.08555529
10503,0.08162117
10504,0.08888745
10505,0.07955892
10506,0.076059096
10507,0.07654112
10508,0.07151438
10509,0.07248618
10510,0.06801142
10511,0.06526401
10512,0.062508814
10513,0.059110716
10514,0.059146672
10515,0.05488531
10516,0.052964907
10517,0.04705155
10518,0.046958838
10519,0.053783856
10520,0.052395817
10521,0.05096492
10522,0.07827506
10523,0.14864457
10524,0.12865154
10525,0.13355832
10526,0.11975828
10527,0.11252249
10528,0.10492444
10529,0.11965185
10530,0.11009936
10531,0.101101816
10532,0.097186044
10533,0.091189645
10534,0.08367905
10535,0.08143035
10536,0.07775734
10537,0.082415976
10538,0.07448955
10539,0.070400864
10540,0.06930921
10541,0.066753075
10542,0.06615523
10543,0.10697496
10544,0.099656574
10545,0.09668786
10546,0.10443423
10547,0.14019269
10548,0.2354833
10549,0.22253737
10550,0.21019568
10551,0.19838151
10552,0.18317354
10553,0.17633316
10554,0.17018516
10555,0.16446006
10556,0.16399093
10557,0.17029329
10558,0.18829736
10559,0.22070116
10560,0.42559898
10561,0.39116994
10562,0.7101718
10563,0.71832705
10564,0.646617
10565,0.56290615
10566,0.5024333
10567,0.45879012
10568,3.45507
10569,4.717407
10570,4.413752
10571,3.5929139
10572,2.5564759
10573,1.9966466
10574,1.6143711
10575,1.3187237
10576,1.0830021
10577,0.87288284
10578,0.7502054
10579,0.59275687
10580,0.49643168
10581,0.44373515
10582,0.3997566
10583,0.3545766
10584,0.32240534
10585,0.2910383
10586,0.5404364
10587,1.0073303
10588,0.8325737
10589,3.6998627
10590,2.6390238
10591,1.8920343
10592,1.4300976
10593,1.1246021
10594,0.92832816
10595,0.7863726
10596,0.6751302
10597,0.5903883
10598,0.5208273
10599,0.46830958
10600,0.4150579
10601,0.3795548
10602,0.35047454
10603,0.31918338
10604,0.2894094
10605,0.2712368
10606,0.8513815
10607,0.73935187
10608,0.6524688
10609,0.5833554
10610,0.52374357
10611,0.47796622
10612,0.43763804
10613,0.406079
10614,0.37205207
10615,0.3495159
10616,0.31931898
10617,0.30316955
10618,0.2898829
10619,0.2703558
10620,0.47816506
10621,0.43764567
10622,0.40510303
10623,0.36923054
10624,0.34475973
10625,0.32445732
10626,0.36345884
10627,0.34384033
10628,0.3218159
10629,0.2989311
10630,0.31755784
10631,0.30057707
10632,0.40207535
10633,0.62038386
10634,0.57129335
10635,0.5289206
10636,0.56186986
10637,0.51692855
10638,0.565673
10639,1.7704369
10640,1.5434881
10641,1.533606
10642,2.5435064
10643,1.9996669
10644,1.6313972
10645,1.3681594
10646,1.7432039
10647,1.6228569
10648,1.3639265
10649,1.1709499
10650,1.0198063
10651,1.0284662
10652,1.932317
10653,1.5838144
10654,1.3403192
10655,1.1559122
10656,1.0120845
10657,0.8992057
10658,9.019531
10659,9.162925
10660,6.8940167
10661,5.0471315
10662,3.7396598
10663,3.9031231
10664,2.9889169
10665,2.3759453
10666,1.9471371
10667,2.2278798
10668,1.843985
10669,1.5668366
10670,1.356543
10671,2.0507095
10672,1.9803057
10673,1.6628225
10674,1.4248967
10675,12.449959
10676,9.942058
10677,8.658212
10678,6.789648
10679,5.176459
10680,4.2252717
10681,3.2962744
10682,2.655573
10683,2.2035823
10684,1.871911
10685,1.5919235
10686,1.6815972
10687,1.4624707
10688,1.3021096
10689,1.1670165
10690,4.451317
10691,6.506964
10692,4.871495
10693,13.981226
10694,10.637757
10695,11.024233
10696,8.2575655
10697,6.105028
10698,4.5009155
10699,3.8141804
10700,3.1121752
10701,2.5813818
10702,3.6120548
10703,2.894103
10704,2.4182754
10705,2.0798552
10706,1.8224585
10707,6.567586
10708,5.0177
10709,3.6953936
10710,2.8045764
10711,2.344771
10712,2.020903
10713,1.7904518
10714,1.587853
10715,1.448563
10716,1.5987796
10717,1.957153
10718,2.2474437
10719,1.9771547
10720,1.7599463
10721,1.5564151
10722,1.3886566
10723,1.3754034
10724,1.2741451
10725,1.6572452
10726,1.7820096
10727,1.5636034
10728,1.3323919
10729,2.8605642
10730,13.649144
10731,10.386385
10732,7.890974
10733,5.808902
10734,4.408821
10735,3.2072992
10736,3.077184
10737,5.4983387
10738,3.952539
10739,2.9507852
10740,2.3125625
10741,1.9867759
10742,1.9551153
10743,1.7103019
10744,1.4881026
10745,1.5103266
10746,1.9503143
10747,1.7457207
10748,1.5964458
10749,1.4523752
10750,1.2274332
10751,1.156111
10752,1.2750882
10753,1.2488246
10754,1.151232
10755,3.6510391
10756,2.9512858
10757,3.9502056
10758,4.056983
10759,6.0913534
10760,7.2872887
10761,4.9203053
10762,3.5996776
10763,2.6746368
10764,2.2686505
10765,2.6086888
10766,3.1922226
10767,2.3374634
10768,1.796224
10769,1.571466
10770,1.4301662
10771,3.061109
10772,2.5367694
10773,2.151555
10774,1.9408581
10775,6.218691
10776,4.2019277
10777,3.2551517
10778,2.586924
10779,2.0687532
10780,1.8081913
10781,3.357547
10782,3.2288055
10783,2.8480587
10784,2.5600815
10785,1.8826373
10786,2.8532007
10787,6.194777
10788,4.191565
10789,3.0434875
10790,2.454382
10791,2.0183175
10792,1.7612318
10793,1.5480303
10794,1.2017043
10795,1.0506375
10796,0.9751264
10797,0.87564147
10798,0.8073776
10799,0.7465645
10800,0.7036805
10801,0.69452393
10802,2.4060516
10803,11.042291
10804,7.961275
10805,5.746059
10806,8.098248
10807,5.550983
10808,5.8020787
10809,7.047919
10810,9.642619
10811,10.4706
10812,8.5636635
10813,6.3599067
10814,4.3216815
10815,2.8867545
10816,2.1009908
10817,3.4894452
10818,4.0466323
10819,3.4254334
10820,2.6058736
10821,1.8353217
10822,1.3253782
10823,1.0021092
10824,0.7884463
10825,0.6217247
10826,0.51175207
10827,0.4620971
10828,0.4450053
10829,0.678014
10830,0.56314653
10831,0.51780593
10832,1.1233438
10833,1.0397421
10834,0.94780564
10835,0.8044403
10836,0.65556127
10837,0.5481801
10838,0.46817243
10839,0.4985264
10840,0.5884852
10841,0.6850656
10842,0.7872215
10843,1.1552815
10844,1.8557067
10845,1.6139715
10846,1.3683587
10847,1.0305598
10848,1.089418
10849,1.744925
10850,1.2561636
10851,0.95097935
10852,0.9955124
10853,1.0079163
10854,0.8121425
10855,0.7171068
10856,0.662912
10857,0.57859844
10858,0.51641786
10859,0.44147542
10860,0.4034651
10861,0.38402438
10862,0.48838735
10863,0.44547543
10864,0.57130545
10865,0.50590575
10866,0.5752058
10867,0.5142653
10868,0.46811336
10869,0.41888022
10870,0.38799694
10871,0.39586326
10872,0.39951766
10873,0.40278682
10874,0.45642528
10875,0.40502334
10876,0.37251872
10877,0.34487885
10878,0.29735315
10879,0.2669918
10880,0.24820448
10881,0.22927268
10882,0.23562475
10883,0.2564472
10884,0.23505332
10885,0.25393763
10886,0.24065563
10887,0.23076697
10888,0.21865726
10889,0.30924028
10890,0.2865884
10891,0.28232858
10892,0.27617615
10893,0.28009358
10894,0.4748746
10895,2.7769914
10896,6.616985
10897,5.442495
10898,3.6810813
10899,3.4938145
10900,3.347362
10901,2.2352457
10902,2.4856038
10903,2.1224194
10904,1.6255018
10905,1.3725736
10906,1.1776749
10907,0.9795704
10908,0.9029609
10909,0.74389625
10910,0.83543104
10911,0.8675651
10912,1.1583179
10913,1.520906
10914,1.2338144
10915,0.98639745
10916,0.83709013
10917,0.8146264
10918,1.0733684
10919,0.93447185
10920,0.8578057
10921,0.7046236
10922,0.5665692
10923,0.47240168
10924,0.60367775
10925,0.52084833
10926,0.46000826
10927,0.40357172
10928,0.3444843
10929,0.2965485
10930,0.27553594
10931,0.402648
10932,0.40033787
10933,0.5792583
10934,0.47997937
10935,0.40988922
10936,0.385269
10937,0.361787
10938,0.3728946
10939,0.33698744
10940,0.30202025
10941,0.26632252
10942,0.27657896
10943,1.207898
10944,0.9783746
10945,0.8137069
10946,0.68955374
10947,0.5880092
10948,1.5889448
10949,1.3795812
10950,1.1290343
10951,0.92813194
10952,0.7806335
10953,0.6688027
10954,0.58248806
10955,0.5146224
10956,0.6051439
10957,0.7007096
10958,0.6145346
10959,0.53976774
10960,0.46443397
10961,0.441351
10962,0.42160386
10963,0.5603768
10964,0.49651545
10965,0.4484036
10966,0.40881243
10967,0.37601298
10968,0.34891528
10969,0.32615173
10970,0.30660975
10971,0.35891247
10972,12.912493
10973,10.076286
10974,7.399367
10975,5.163299
10976,3.6021833
10977,2.6110616
10978,2.006737
10979,1.5977926
10980,1.3130376
10981,1.1291759
10982,1.1743076
10983,1.0292938
10984,0.8911619
10985,0.7943911
10986,0.6943339
10987,0.6226418
10988,0.5582545
10989,0.50848126
10990,0.46812433
10991,0.47579873
10992,0.4389
10993,0.47525033
10994,0.43608302
10995,0.4030705
10996,0.5515857
10997,0.50436974
10998,0.49174798
10999,0.45589685
11000,0.43319184
11001,0.4047957
11002,0.38098937
11003,0.36043346
11004,0.34241855
11005,0.32427126
11006,0.31090534
11007,0.36936045
11008,0.3510905
11009,0.33173418
11010,0.31737167
11011,0.3034186
11012,0.29057354
11013,0.77296215
11014,0.7025775
11015,0.64228165
11016,0.5904169
11017,1.2511466
11018,1.0950155
11019,0.9705938
11020,0.87123454
11021,0.7871378
11022,0.7173002
11023,0.91464096
11024,0.854642
11025,0.79589176
11026,0.7244222
11027,0.665854
11028,0.6179451
11029,0.5747167
11030,0.5391679
11031,0.50691056
11032,0.50655574
11033,1.033356
11034,1.2757795
11035,1.1202945
11036,0.9957138
11037,0.89619803
11038,0.8147359
11039,0.7450316
11040,0.6887108
11041,0.6408745
11042,1.623642
11043,1.5916982
11044,1.3711228
11045,1.2031808
11046,1.7376256
11047,1.9497505
11048,1.6986744
11049,1.4631369
11050,1.9827043
11051,2.1596723
11052,1.7986095
11053,1.5335138
11054,1.3317883
11055,1.7791709
11056,1.5214963
11057,1.3260603
11058,1.1730673
11059,1.2865055
11060,1.2692413
11061,1.6648983
11062,1.6222694
11063,1.4060585
11064,1.2395588
11065,1.1046906
11066,0.99769247
11067,0.9035034
11068,0.8468917
11069,0.79033625
11070,0.7350702
11071,0.68482137
11072,0.6431836
11073,2.7711208
11074,2.5398326
11075,2.083715
11076,1.7586676
11077,1.5100502
11078,1.3123777
11079,1.5984595
11080,1.5195439
11081,1.3333243
11082,1.1824641
11083,1.0706431
11084,0.9802295
11085,1.2920285
11086,1.1596003
11087,1.0490812
11088,0.9568988
11089,0.884903
11090,0.8232912
11091,0.77083695
11092,0.7254071
11093,0.6856488
11094,0.6505724
11095,0.62113976
11096,0.59133613
11097,0.69941497
11098,0.6535878
11099,0.6243476
11100,1.3254929
11101,1.1995094
11102,1.0873622
11103,0.98000026
11104,0.91025543
11105,0.84302115
11106,0.7856061
11107,0.7384025
11108,0.70476985
11109,0.67115456
11110,0.64394414
11111,0.62024736
11112,0.5966234
11113,0.61033976
11114,1.2797666
11115,1.172073
11116,5.2725334
11117,4.2495065
11118,3.2350433
11119,2.5970087
11120,3.1442583
11121,3.69843
11122,7.4011974
11123,11.478007
11124,11.53591
11125,8.915789
11126,6.4713573
11127,4.7582965
11128,4.454487
11129,5.7114577
11130,4.1953287
11131,2.9059334
11132,3.0871692
11133,2.512702
11134,2.696402
11135,4.3639884
11136,3.3698945
11137,5.472208
11138,20.188126
11139,18.52994
11140,14.2961
11141,10.062004
11142,7.0127563
11143,4.989344
11144,3.8193464
11145,2.7895403
11146,2.1676922
11147,1.8666426
11148,1.4703882
11149,1.3484347
11150,1.102216
11151,0.926628
11152,0.9488472
11153,0.88433474
11154,0.77756935
11155,0.75236267
11156,0.6821921
11157,0.66134536
11158,0.64133096
11159,0.6261836
11160,0.61029327
11161,0.5428957
11162,0.52829725
11163,0.5300012
11164,0.6957425
11165,0.6781957
11166,0.64822096
11167,0.6337832
11168,0.61486155
11169,0.809552
11170,0.7805887
11171,0.7231597
11172,0.6501001
11173,0.60385096
11174,0.5769694
11175,0.55637634
11176,2.5939412
11177,3.9068425
11178,2.9602156
11179,2.7190747
11180,2.1845086
11181,1.7927821
11182,5.867117
11183,10.814266
11184,7.5646873
11185,5.200703
11186,3.5849447
11187,2.3289065
11188,1.6018202
11189,1.3327916
11190,1.1335624
11191,0.96909535
11192,0.8110925
11193,1.0548185
11194,0.8113066
11195,0.7073515
11196,2.5154085
11197,1.9745133
11198,1.5076119
11199,1.0947909
11200,1.12312
11201,1.8539135
11202,1.6409194
11203,1.3688838
11204,1.0617125
11205,1.0462345
11206,0.8438895
11207,0.6312425
11208,0.5318596
11209,0.4461828
11210,0.37396795
11211,0.3127802
11212,0.27086982
11213,0.23678865
11214,0.20899925
11215,0.19313179
11216,0.41193575
11217,0.4529214
11218,0.5084118
11219,0.4470639
11220,0.43120542
11221,0.36240113
11222,0.3056133
11223,0.273677
11224,0.23732355
11225,0.21232195
11226,0.19161455
11227,0.18207127
11228,0.3927757
11229,0.33882183
11230,0.31709835
11231,0.26929235
11232,0.23708221
11233,0.22444105
11234,0.37347186
11235,0.46932864
11236,0.40708968
11237,0.35656157
11238,0.31786615
11239,0.29058066
11240,0.48822203
11241,0.4506414
11242,0.3855351
11243,0.36027554
11244,0.6490202
11245,0.5663456
11246,0.4901662
11247,0.4319804
11248,0.37903592
11249,0.33587405
11250,0.29144153
11251,0.2634152
11252,0.2420725
11253,0.22401175
11254,0.20618697
11255,0.1861648
11256,0.18269403
11257,0.18270402
11258,0.19012408
11259,0.17827418
11260,0.17083488
11261,0.1607443
11262,0.25167033
11263,0.2166621
11264,0.19551429
11265,0.1797721
11266,0.1685515
11267,0.1569893
11268,0.14870483
11269,0.14078149
11270,0.14522447
11271,0.13728727
11272,0.13013884
11273,0.123621866
11274,0.11544425
11275,0.11033416
11276,0.10493781
11277,0.099140406
11278,0.09581129
11279,0.09263318
11280,0.08948012
11281,0.08642892
11282,0.081541546
11283,0.077450186
11284,0.07505806
11285,0.069052406
11286,0.06653004
11287,0.078815416
11288,0.08542481
11289,0.08632563
11290,0.08302884
11291,0.077516
11292,0.11462091
11293,0.14474224
11294,0.13111465
11295,0.141379
11296,0.18508844
11297,0.19626407
11298,0.2055788
11299,0.22050649
11300,0.2466194
11301,0.22557518
11302,0.22579771
11303,0.21662149
11304,0.20806822
11305,0.20007971
11306,0.19180943
11307,0.18559575
11308,0.18008296
11309,0.17278385
11310,0.15768209
11311,0.14906095
11312,0.1408209
11313,0.13091965
11314,0.12988202
11315,0.12742274
11316,0.12332176
11317,0.11560601
11318,0.10951553
11319,0.10181857
11320,0.099387035
11321,0.096255355
11322,0.093437284
11323,0.09299565
11324,0.09286136
11325,0.09242842
11326,0.09162795
11327,0.15273312
11328,0.16545825
11329,0.16036564
11330,0.15540741
11331,0.15190373
11332,0.14882746
11333,0.14637297
11334,0.14390393
11335,0.14065751
11336,0.13831474
11337,0.13336551
11338,0.13395678
11339,0.1326739
11340,0.13025455
11341,0.13734004
11342,0.12927797
11343,0.12580426
11344,0.12321858
11345,0.11912635
11346,0.18521576
11347,0.18823943
11348,0.17700215
11349,0.16698979
11350,0.15716897
11351,0.1925098
11352,0.22870654
11353,0.21951397
11354,0.21373065
11355,0.20681076
11356,0.20141912
11357,0.19441606
11358,0.18873541
11359,0.18507415
11360,0.18195648
11361,0.17783882
11362,0.17590499
11363,0.16697057
11364,0.20341274
11365,0.1989496
11366,0.19247882
11367,0.3073274
11368,0.30500194
11369,0.29880992
11370,0.28836158
11371,0.27453893
11372,0.3393816
11373,0.4671503
11374,0.4464585
11375,0.4223827
11376,0.39604354
11377,0.3788148
11378,0.35799143
11379,0.36437723
11380,0.38295627
11381,1.0419737
11382,0.9284404
11383,0.83434737
11384,0.7612148
11385,0.69515616
11386,0.6412247
11387,0.5949218
11388,0.5554333
11389,0.86719024
11390,0.8234026
11391,0.74916446
11392,0.6904618
11393,0.64904463
11394,0.93814915
11395,1.7340627
11396,1.5025461
11397,1.6417141
11398,1.518481
11399,1.2973759
11400,1.1248256
11401,0.992476
11402,0.9309313
11403,1.3074145
11404,1.13325
11405,1.0373634
11406,0.94895524
11407,0.84357476
11408,3.8075678
11409,2.827675
11410,2.2058403
11411,1.7780856
11412,1.4868953
11413,1.2677611
11414,1.1103647
11415,0.97544444
11416,1.5291066
11417,2.6988907
11418,2.23558
11419,1.8063694
11420,2.1381881
11421,1.7694288
11422,1.5336978
11423,8.937674
11424,6.658228
11425,4.8414946
11426,3.6614
11427,5.065168
11428,7.1497107
11429,5.2998424
11430,3.950527
11431,3.0384498
11432,2.751394
11433,2.2271242
11434,1.8405075
11435,1.5642432
11436,1.3596997
11437,2.141616
11438,2.1817985
11439,1.8218818
11440,1.6051166
11441,1.3968964
11442,1.2271152
11443,1.090573
11444,1.2793987
11445,1.2252599
11446,1.0973225
11447,0.9818199
11448,1.673108
11449,1.5947807
11450,1.3530109
11451,1.1864914
11452,1.0513448
11453,0.95777774
11454,0.8664021
11455,0.78977823
11456,0.7666884
11457,1.4389043
11458,1.2478563
11459,1.0671778
11460,0.970206
11461,0.88431823
11462,0.81200814
11463,0.75461245
11464,0.70138276
11465,0.6423059
11466,0.58616877
11467,0.5395911
11468,3.0591998
11469,2.4428887
11470,1.7404783
11471,3.9486477
11472,3.0648909
11473,2.430609
11474,1.940223
11475,1.6428752
11476,13.108061
11477,12.365692
11478,16.024647
11479,14.911219
11480,11.136913
11481,8.023472
11482,6.011279
11483,5.473446
11484,4.7217193
11485,10.365341
11486,7.143608
11487,4.737295
11488,3.6006112
11489,2.6750736
11490,2.2264013
11491,1.7896705
11492,1.5837348
11493,1.3787744
11494,3.8967767
11495,2.7337837
11496,2.0393195
11497,1.7815675
11498,1.5519919
11499,1.3906564
11500,1.5461812
11501,4.1071234
11502,9.629458
11503,7.1651897
11504,13.824238
11505,13.507984
11506,10.497635
11507,8.211372
11508,14.995563
11509,10.955234
11510,7.450533
11511,4.8094926
11512,3.2613983
11513,2.3167748
11514,1.7345115
11515,1.361007
11516,1.1065308
11517,0.92625433
11518,0.7910713
11519,0.7241283
11520,0.63055277
11521,0.6159178
11522,0.77761674
11523,0.8130522
11524,1.0441961
11525,10.158758
11526,7.695125
11527,5.39947
11528,3.9489608
11529,2.6544802
11530,1.9701049
11531,1.443963
11532,1.1901644
11533,0.9304713
11534,0.74658495
11535,0.6907403
11536,1.1042438
11537,1.8373113
11538,1.5451014
11539,1.3267264
11540,1.1640512
11541,1.0327637
11542,1.0098369
11543,0.91235954
11544,0.7320525
11545,0.7139907
11546,0.77362
11547,0.7138672
11548,0.6628493
11549,0.62107885
11550,0.5838946
11551,0.5523733
11552,0.5165725
11553,0.46952873
11554,0.44974026
11555,0.43159094
11556,0.41597232
11557,0.50407535
11558,0.49523833
11559,0.4802905
11560,0.46087742
11561,0.43671253
11562,0.41400588
11563,0.38645625
11564,0.36612698
11565,0.5139525
11566,0.48326355
11567,0.44607124
11568,0.3970015
11569,0.3673685
11570,0.34463483
11571,0.3020026
11572,0.27597442
11573,0.25257653
11574,0.22889896
11575,0.20765215
11576,0.18944205
11577,0.17185579
11578,0.21056546
11579,0.19528493
11580,0.21782169
11581,0.20239341
11582,0.17348568
11583,0.16076745
11584,0.14812338
11585,0.13340813
11586,0.1259308
11587,0.11735802
11588,0.110533975
11589,0.10537916
11590,0.09937593
11591,0.09308785
11592,0.0878995
11593,0.08396833
11594,0.07854743
11595,0.07483222
11596,0.071089715
11597,0.09094429
11598,0.0817265
11599,0.09428022
11600,0.0891871
11601,0.09446359
11602,0.100935444
11603,0.112624556
11604,0.11587383
11605,0.14901666
11606,0.17288879
11607,0.1746985
11608,0.16870612
11609,0.1771037
11610,0.22569045
11611,0.20987566
11612,0.20162648
11613,0.19283958
11614,0.17695788
11615,0.15803711
11616,0.14089093
11617,0.13258474
11618,0.13347258
11619,0.1255433
11620,0.13319866
11621,0.13508628
11622,0.15572254
11623,0.18436252
11624,0.24341746
11625,0.38045323
11626,0.38044584
11627,0.42394164
11628,0.41316557
11629,0.383107
11630,0.3507546
11631,0.39437228
11632,0.3682282
11633,0.33354273
11634,0.31108236
11635,0.29548252
11636,0.2791778
11637,0.2824371
11638,0.2669894
11639,0.25383413
11640,0.24099568
11641,0.22481942
11642,0.22348379
11643,0.24571818
11644,0.4285529
11645,0.37752712
11646,0.33324447
11647,0.303918
11648,0.27870566
11649,0.25985605
11650,0.24611372
11651,0.22351761
11652,0.2100347
11653,0.21378838
11654,0.23894256
11655,0.23170973
11656,0.22752145
11657,0.21501847
11658,0.20649397
11659,0.19789611
11660,0.19084722
11661,0.18322325
11662,0.23974209
11663,2.2608514
11664,1.6657543
11665,1.3338166
11666,1.180574
11667,0.96071947
11668,0.8151306
11669,0.92610645
11670,1.0590051
11671,0.8598658
11672,0.9621966
11673,0.8194972
11674,0.68530244
11675,0.5776324
11676,0.9015652
11677,0.7641427
11678,0.6600889
11679,0.5827732
11680,0.5076914
11681,0.44430614
11682,0.39353746
11683,0.3578744
11684,0.3234564
11685,0.6813006
11686,0.59810126
11687,0.5337752
11688,0.47454196
11689,0.6255661
11690,0.5562016
11691,0.49413854
11692,0.4358595
11693,0.4011091
11694,0.35811993
11695,2.1312623
11696,1.6388044
11697,1.3194666
11698,1.4591641
11699,1.1868262
11700,0.99499774
11701,0.8515184
11702,0.75409484
11703,0.66477
11704,0.59372896
11705,0.5364343
11706,0.48959154
11707,0.4372822
11708,0.40533093
11709,0.3789955
11710,0.3504998
11711,0.9881868
11712,4.031013
11713,2.905365
11714,2.1781409
11715,1.731967
11716,1.3941803
11717,1.1640787
11718,0.9812125
11719,0.85228246
11720,1.91138
11721,1.5372003
11722,7.1619945
11723,5.5877814
11724,4.146019
11725,3.039748
11726,2.6428318
11727,2.6752934
11728,2.0712984
11729,1.6748819
11730,1.3935074
11731,1.188614
11732,1.0261724
11733,0.91886187
11734,0.850996
11735,0.7623781
11736,0.6934232
11737,0.8366439
11738,0.8265946
11739,7.4006414
11740,5.6529145
11741,4.2508736
11742,3.2115588
11743,2.5183475
11744,2.0297337
11745,2.0604177
11746,4.574526
11747,9.104896
11748,9.147813
11749,6.984665
11750,5.1994276
11751,3.906523
11752,3.0312428
11753,2.2926419
11754,1.8835486
11755,1.597143
11756,1.3756081
11757,1.8212194
11758,1.5515723
11759,1.3492248
11760,1.1857538
11761,3.851664
11762,3.028295
11763,2.4508705
11764,2.0318015
11765,2.2685835
11766,1.8641708
11767,1.5965092
11768,1.3753165
11769,1.2204037
11770,1.0977732
11771,0.99956495
11772,1.1155847
11773,0.9974547
11774,0.91174304
11775,0.83929664
11776,0.7831375
11777,2.6990304
11778,2.267436
11779,2.0053596
11780,1.7338465
11781,1.5176489
11782,1.3428707
11783,1.2042367
11784,1.2043366
11785,1.1008577
11786,1.0277476
11787,2.2032118
11788,1.8650067
11789,1.6156623
11790,1.4325503
11791,1.7220697
11792,1.522964
11793,1.3763902
11794,1.2587376
11795,3.3794198
11796,2.897404
11797,2.5832467
11798,3.632187
11799,2.9248102
11800,2.474256
11801,2.0917716
11802,1.810988
11803,8.65086
11804,10.121084
11805,7.3946233
11806,5.5809855
11807,4.2028065
11808,3.241122
11809,3.436502
11810,4.162417
11811,8.5982685
11812,6.441094
11813,4.8469057
11814,3.653685
11815,2.8688784
11816,2.368764
11817,2.0288694
11818,1.7784486
11819,1.587715
11820,1.4137796
11821,1.2486277
11822,1.9739828
11823,1.6095645
11824,1.4434766
11825,1.3184932
11826,1.1652541
11827,1.0489322
11828,0.99268574
11829,0.92660475
11830,0.8736069
11831,0.8378495
11832,0.7892281
11833,0.7348047
11834,0.68965113
11835,0.8279034
11836,0.8895527
11837,0.859077
11838,1.0171223
11839,0.97317564
11840,1.0116432
11841,0.9749769
11842,0.9413582
11843,0.8778102
11844,0.84781444
11845,1.375801
11846,1.2934111
11847,1.2964668
11848,1.2147858
11849,1.1649843
11850,1.0997764
11851,2.4162867
11852,2.0285718
11853,1.7908833
11854,1.6113737
11855,1.3684388
11856,1.149117
11857,0.97419155
11858,0.9368167
11859,1.0335568
11860,0.9290379
11861,0.8841617
11862,1.2677035
11863,1.1945441
11864,1.1305547
11865,1.0703988
11866,0.97355336
11867,0.9256594
11868,0.8743706
11869,0.76887894
11870,0.68372905
11871,0.66275114
11872,0.6535006
11873,0.6461181
11874,0.6051503
11875,0.59521866
11876,0.5847948
11877,0.5788719
11878,0.56992376
11879,0.6779923
11880,2.4639003
11881,3.3271337
11882,2.9273298
11883,2.449522
11884,1.8741248
11885,1.6641078
11886,1.538093
11887,4.0335207
11888,2.765388
11889,2.261024
11890,1.7704256
11891,1.3775005
11892,1.2378376
11893,1.3195938
11894,2.0469368
11895,1.5339305
11896,1.2941911
11897,1.1089565
11898,1.0024791
11899,0.8966257
11900,1.5261004
11901,2.0556543
11902,6.2067504
11903,4.328988
11904,2.906273
11905,2.2852798
11906,8.50369
11907,8.840391
11908,5.7396
11909,3.6573298
11910,2.8102968
11911,5.663174
11912,3.8126812
11913,2.3171625
11914,2.069283
11915,1.9207275
11916,3.010614
11917,2.366628
11918,1.8257372
11919,1.5424964
11920,1.2051154
11921,1.0919412
11922,0.892553
11923,0.6853131
11924,0.52596927
11925,0.3988898
11926,0.38845372
11927,0.44946614
11928,0.39388853
11929,0.34338176
11930,0.33567065
11931,0.4402728
11932,1.5137213
11933,1.1895539
11934,0.87440556
11935,0.72389996
11936,0.613569
11937,1.0434537
11938,0.90855193
11939,0.7558794
11940,0.6043414
11941,0.7180129
11942,0.67432624
11943,0.5779054
11944,0.43187463
11945,0.3360261
11946,0.30431452
11947,0.24805003
11948,0.23052739
11949,0.24254371
11950,0.22027439
11951,0.23338598
11952,0.21052836
11953,0.18916945
11954,0.17496619
11955,0.17798233
11956,0.16233703
11957,0.1507229
11958,0.1399848
11959,0.12573454
11960,0.16274047
11961,0.15075737
11962,0.13825269
11963,0.1954216
11964,0.18116269
11965,0.17334694
11966,0.16616271
11967,0.16769707
11968,0.15556496
11969,0.14519423
11970,0.13346486
11971,0.12317256
11972,0.11401314
11973,0.110827126
11974,0.10812751
11975,0.10745711
11976,0.10333305
11977,0.096507244
11978,0.09187123
11979,0.089285105
11980,0.085392594
11981,0.08621045
11982,0.095138304
11983,0.094362386
11984,0.11978986
11985,0.11389221
11986,0.13261901
11987,0.12881534
11988,0.12649319
11989,0.12124908
11990,0.11419963
11991,0.11003785
11992,0.10625336
11993,0.10280346
11994,0.09801487
11995,0.09398849
11996,0.09052123
11997,0.089022495
11998,0.08840805
11999,0.08582702
12000,0.1464939
12001,0.1313559
12002,0.12624495
12003,0.12142443
12004,0.19886999
12005,0.17689605
12006,0.16699417
12007,0.16026141
12008,0.15255766
12009,0.14686428
12010,0.14442751
12011,0.15636589
12012,0.15020996
12013,0.14469334
12014,0.13947955
12015,0.17345725
12016,0.16639543
12017,0.15967573
12018,0.1619188
12019,0.1436015
12020,0.16506767
12021,0.14502405
12022,0.13572502
12023,0.12032655
12024,0.111455396
12025,0.10643714
12026,0.10371961
12027,0.101794444
12028,0.09922964
12029,0.097001985
12030,0.096139506
12031,0.088091925
12032,0.08205726
12033,0.07554621
12034,0.075305715
12035,0.09280651
12036,0.09902767
12037,0.09320984
12038,0.08898976
12039,0.0878953
12040,0.08680141
12041,0.08618655
12042,0.08569614
12043,0.085329354
12044,0.08620514
12045,0.08538009
12046,0.08420774
12047,0.07860642
12048,0.07370793
12049,0.07269616
12050,0.07850182
12051,0.07542248
12052,0.0718227
12053,0.07185135
12054,0.071424454
12055,0.07215069
12056,0.07223654
12057,0.06795785
12058,0.06807679
12059,0.06731982
12060,0.06660906
12061,0.06438575
12062,0.06331631
12063,0.06199036
12064,0.061362907
12065,0.0624608
12066,0.06196119
12067,0.06108985
12068,0.06120258
12069,0.060663916
12070,0.059890006
12071,0.058823965
12072,0.058479156
12073,0.058247592
12074,0.057980962
12075,0.05756493
12076,0.057016164
12077,0.056585353
12078,0.05451855
12079,0.05262537
12080,0.05156946
12081,0.051442757
12082,0.05000697
12083,0.049609344
12084,0.049285375
12085,0.048983827
12086,0.04864798
12087,0.048277695
12088,0.047414724
12089,0.07085976
12090,0.07291221
12091,0.07080906
12092,0.06887488
12093,0.06751161
12094,0.06578559
12095,0.06421057
12096,0.062587865
12097,0.06059411
12098,0.05983352
12099,0.05817003
12100,0.074613295
12101,0.07187639
12102,0.069882736
12103,0.06856283
12104,0.06657436
12105,0.06440262
12106,0.06266192
12107,0.061220992
12108,0.060187288
12109,0.08926304
12110,0.10438071
12111,0.101126134
12112,0.1931189
12113,0.19031908
12114,0.18437101
12115,0.17946544
12116,0.35226473
12117,0.4634533
12118,0.44383
12119,0.42588878
12120,0.4286458
12121,0.8344803
12122,1.3529074
12123,1.2124817
12124,1.0942671
12125,0.9973515
12126,0.9132268
12127,0.84243006
12128,0.7745282
12129,0.8579453
12130,0.79933834
12131,0.737736
12132,0.68614644
12133,0.8349933
12134,0.8159992
12135,0.75443685
12136,0.6965189
12137,0.9196491
12138,0.8411418
12139,0.77830094
12140,0.71833456
12141,0.6745321
12142,0.7215853
12143,1.597727
12144,1.901521
12145,4.232901
12146,3.111117
12147,2.511637
12148,2.045475
12149,1.7153956
12150,4.201989
12151,5.545004
12152,3.8784769
12153,2.8679023
12154,2.292626
12155,1.846396
12156,1.6828644
12157,1.5530438
12158,1.3166513
12159,1.1550657
12160,1.0218906
12161,0.9932141
12162,1.1756207
12163,2.849833
12164,16.774612
12165,13.430606
12166,10.531061
12167,14.1041355
12168,10.998321
12169,8.387896
12170,11.854224
12171,9.193747
12172,6.88565
12173,5.098377
12174,7.8796387
12175,5.880163
12176,4.413455
12177,3.4143023
12178,5.799781
12179,4.45355
12180,5.1497207
12181,9.1425295
12182,6.925702
12183,5.171461
12184,3.928341
12185,3.0621145
12186,2.4697914
12187,2.071434
12188,1.7911582
12189,1.5634
12190,1.3774703
12191,1.245925
12192,2.402986
12193,5.1621723
12194,3.973045
12195,3.7764313
12196,3.1439714
12197,2.9301887
12198,18.605654
12199,17.814098
12200,14.730602
12201,10.766897
12202,7.74098
12203,7.559848
12204,5.515871
12205,9.03295
12206,35.657726
12207,39.35274
12208,29.898842
12209,15.947029
12210,9.331906
12211,6.117264
12212,4.2722898
12213,4.6770377
12214,3.7093656
12215,2.9346004
12216,2.544639
12217,2.083779
12218,1.8819627
12219,1.7370865
12220,1.5965176
12221,1.5020864
12222,1.4074792
12223,1.3289081
12224,1.2643532
12225,2.671392
12226,2.4307506
12227,2.1118298
12228,1.8548098
12229,1.6764377
12230,1.5414851
12231,1.4107502
12232,1.3165175
12233,1.2306718
12234,1.1462605
12235,1.1000464
12236,4.4795036
12237,11.606721
12238,8.073292
12239,5.1163397
12240,3.4331295
12241,2.7242084
12242,3.33779
12243,2.5905886
12244,2.1029763
12245,1.7712333
12246,5.6338816
12247,4.307761
12248,2.796106
12249,1.9208546
12250,1.3812008
12251,1.1864395
12252,1.0268673
12253,0.9071685
12254,0.8021424
12255,0.7200743
12256,1.3326335
12257,4.387511
12258,3.9106445
12259,2.879567
12260,2.7015316
12261,2.103936
12262,1.5114095
12263,1.2663722
12264,1.0623964
12265,0.934524
12266,1.0527937
12267,0.96143055
12268,3.5256717
12269,2.674224
12270,2.014262
12271,1.5765975
12272,1.3102307
12273,1.123002
12274,0.95451415
12275,1.109216
12276,1.3610026
12277,1.1688921
12278,0.8608858
12279,0.65119886
12280,0.5055729
12281,0.4039027
12282,0.37150133
12283,0.36183935
12284,0.33970556
12285,0.3109594
12286,0.412579
12287,1.2140615
12288,1.0124371
12289,0.7675468
12290,0.6022749
12291,0.5256921
12292,0.46193653
12293,1.2442135
12294,1.1134745
12295,1.0446045
12296,0.9357277
12297,1.6839604
12298,2.0290504
12299,1.5766029
12300,5.26359
12301,4.137266
12302,2.9232714
12303,1.8636099
12304,1.3425345
12305,2.3898706
12306,1.5009187
12307,1.0008817
12308,0.69981575
12309,0.51050746
12310,0.43213755
12311,0.35616928
12312,0.30095243
12313,0.24877393
12314,0.20645352
12315,0.1784121
12316,0.16291682
12317,0.14015327
12318,0.15403396
12319,0.15766963
12320,0.14039862
12321,0.120969705
12322,0.11205568
12323,0.105738275
12324,0.09487269
12325,0.08881618
12326,0.083039805
12327,0.08009522
12328,0.07796086
12329,0.07405398
12330,0.07159225
12331,0.09690586
12332,0.17534459
12333,0.1910946
12334,0.19667235
12335,0.19016111
12336,1.4096556
12337,1.0462043
12338,2.4389405
12339,1.7683055
12340,1.304117
12341,0.99642104
12342,0.777342
12343,1.03573
12344,0.87007105
12345,2.7402434
12346,2.2837877
12347,1.6484878
12348,1.2273312
12349,1.1837189
12350,1.0921729
12351,1.4364595
12352,1.2663382
12353,1.0308889
12354,0.8203122
12355,0.61693984
12356,0.48327333
12357,0.4000423
12358,0.39753908
12359,0.35021755
12360,0.30313584
12361,0.27010846
12362,0.22472972
12363,0.1865333
12364,0.19742647
12365,0.20162916
12366,0.18127279
12367,0.5745934
12368,0.47390848
12369,0.39904392
12370,0.33985496
12371,0.2952946
12372,0.25942895
12373,0.22257586
12374,0.20971179
12375,0.18895936
12376,0.17298652
12377,0.3754784
12378,0.41253406
12379,0.337247
12380,0.5211404
12381,0.75622374
12382,0.60565627
12383,0.7341514
12384,0.6075715
12385,0.5062584
12386,0.47019196
12387,0.5890739
12388,0.49381956
12389,0.6726166
12390,0.7360009
12391,0.6043154
12392,0.5086944
12393,0.43501142
12394,0.3790715
12395,0.30998495
12396,0.27461022
12397,0.23771572
12398,0.20794997
12399,0.20290868
12400,6.901074
12401,4.381823
12402,2.6250544
12403,1.8803394
12404,1.6649041
12405,1.3784626
12406,1.1822456
12407,10.185016
12408,7.8170967
12409,5.4436874
12410,3.4462495
12411,2.426623
12412,1.798054
12413,1.3728924
12414,1.0967522
12415,0.89287496
12416,0.74091756
12417,0.6148521
12418,0.50591826
12419,0.42833817
12420,0.36564443
12421,0.33344024
12422,0.3154019
12423,0.2823678
12424,0.25160968
12425,0.22246364
12426,0.20245427
12427,0.1897107
12428,0.17609596
12429,0.16314521
12430,0.15336534
12431,0.14503002
12432,0.13754256
12433,0.1296738
12434,0.1242383
12435,0.11942159
12436,0.115738496
12437,0.110685624
12438,0.10464083
12439,0.099736795
12440,0.098398656
12441,0.095382884
12442,0.09322302
12443,0.09155847
12444,0.09050127
12445,0.09848933
12446,0.1333189
12447,0.12682398
12448,0.37070024
12449,0.4690283
12450,0.42838126
12451,0.39194578
12452,0.36210278
12453,0.33246297
12454,0.30334046
12455,0.28503472
12456,0.26290134
12457,2.6988094
12458,2.5696363
12459,2.296454
12460,1.8087493
12461,1.4737363
12462,1.2320118
12463,1.0514585
12464,0.91326094
12465,0.80360746
12466,0.7149602
12467,0.6436892
12468,0.5819282
12469,0.5299538
12470,1.0434437
12471,3.755908
12472,3.0946355
12473,8.780825
12474,6.9297643
12475,5.0791335
12476,3.7415466
12477,2.8503025
12478,2.2587848
12479,1.8471601
12480,1.5474738
12481,1.3272429
12482,1.1561965
12483,1.0193617
12484,1.0274376
12485,0.9204952
12486,0.8277783
12487,0.75108767
12488,0.68636644
12489,0.6338581
12490,1.4405612
12491,7.5376363
12492,5.63339
12493,4.3403025
12494,3.561369
12495,2.785893
12496,2.2559276
12497,1.8839068
12498,1.6111372
12499,1.4236903
12500,2.137727
12501,3.8577824
12502,4.76114
12503,3.5875826
12504,2.8277614
12505,2.3098235
12506,1.9399742
12507,2.0189805
12508,1.7292764
12509,1.5068724
12510,1.3190699
12511,1.1837382
12512,1.6707969
12513,1.4646978
12514,1.3006972
12515,1.1524806
12516,1.1045345
12517,1.2615364
12518,1.4792713
12519,1.3170056
12520,11.383135
12521,8.592844
12522,6.4542966
12523,4.8768024
12524,3.7615879
12525,9.739318
12526,8.121824
12527,6.1040297
12528,4.6040916
12529,3.5957754
12530,4.60184
12531,11.060431
12532,8.102466
12533,5.925272
12534,5.257942
12535,5.867305
12536,4.5266438
12537,3.5782547
12538,3.0935571
12539,3.7700768
12540,3.052269
12541,2.443163
12542,2.09918
12543,1.8094823
12544,1.5907452
12545,2.5300722
12546,2.0666795
12547,1.7840793
12548,2.6935625
12549,16.615707
12550,13.316101
12551,10.115484
12552,7.430073
12553,5.5432506
12554,4.115896
12555,3.4926257
12556,2.9501882
12557,2.4499755
12558,2.1229453
12559,1.9091847
12560,1.664011
12561,1.5485513
12562,1.3703737
12563,1.2402879
12564,1.1294265
12565,1.0113236
12566,0.9335386
12567,0.86139655
12568,0.77862453
12569,0.994887
12570,1.088909
12571,1.038871
12572,0.9966367
12573,1.4014869
12574,1.3397765
12575,1.2550168
12576,3.003418
12577,2.5964274
12578,2.2871141
12579,2.0682716
12580,1.8880284
12581,2.1174674
12582,1.9235723
12583,1.7525116
12584,1.6248553
12585,4.3528385
12586,7.8703623
12587,5.1858196
12588,7.9296684
12589,14.897667
12590,10.524093
12591,6.9748483
12592,5.366838
12593,4.998354
12594,3.8419855
12595,4.6517506
12596,13.203043
12597,18.316746
12598,39.08783
12599,39.706245
12600,26.097937
12601,13.719145
12602,9.604576
12603,6.2976694
12604,4.111277
12605,3.090108
12606,3.190577
12607,4.3563576
12608,5.081625
12609,3.3220053
12610,2.3419247
12611,10.902552
12612,22.821926
12613,41.62353
12614,34.958252
12615,20.05019
12616,11.310743
12617,6.782159
12618,4.4718943
12619,3.3079112
12620,2.3456159
12621,1.758482
12622,1.2973752
12623,1.0864773
12624,0.93135047
12625,6.022305
12626,3.8835254
12627,2.8364408
12628,2.0611792
12629,1.4048798
12630,1.1027912
12631,1.1659157
12632,2.155037
12633,1.6179345
12634,1.2754517
12635,1.0221801
12636,0.8249513
12637,0.7139167
12638,0.5992979
12639,0.46872482
12640,0.37853006
12641,0.33492893
12642,0.29056138
12643,0.26700288
12644,0.32154173
12645,0.30100635
12646,3.5238295
12647,6.1878114
12648,5.0123086
12649,5.9825077
12650,4.0461946
12651,6.292733
12652,6.647248
12653,5.1828623
12654,3.1950192
12655,3.1984816
12656,1.936543
12657,1.2499108
12658,0.9371051
12659,0.72979075
12660,0.61008745
12661,0.46282768
12662,0.35736942
12663,0.29806444
12664,0.2564041
12665,0.21374832
12666,0.19065447
12667,0.16543686
12668,0.1481386
12669,0.2711128
12670,0.23611918
12671,0.1830349
12672,0.14999059
12673,0.1307415
12674,0.11310208
12675,0.09854774
12676,0.08676657
12677,0.07699854
12678,0.07072556
12679,0.059876032
12680,0.06919637
12681,0.06289403
12682,0.053970903
12683,0.04890495
12684,0.04220057
12685,0.065697916
12686,0.05679631
12687,0.064960584
12688,0.06138343
12689,0.056806564
12690,0.049444787
12691,0.04716241
12692,0.043554515
12693,0.04167277
12694,0.03928576
12695,0.037232835
12696,0.035877153
12697,0.03455461
12698,0.0388912
12699,0.03315825
12700,0.03198272
12701,0.030944237
12702,0.0293167
12703,0.027921073
12704,0.026190666
12705,0.024528403
12706,0.023085715
12707,0.028747715
12708,0.02560357
12709,0.024431108
12710,0.031488415
12711,0.09413911
12712,0.10240356
12713,0.14653444
12714,0.13091002
12715,0.111216076
12716,0.09833218
12717,0.084941275
12718,0.09406826
12719,0.08294749
12720,0.07708323
12721,0.0705989
12722,0.065922745
12723,0.06174955
12724,0.06256925
12725,0.06345402
12726,0.057605628
12727,0.053911798
12728,0.051472638
12729,0.049098816
12730,0.04670899
12731,0.047142133
12732,0.049571157
12733,0.042455297
12734,0.04085292
12735,0.041886207
12736,0.040072635
12737,0.038760625
12738,0.036144793
12739,0.034385055
12740,0.033452917
12741,0.03264595
12742,0.031945717
12743,0.03162994
12744,0.030070407
12745,0.029378306
12746,0.028382512
12747,0.027685309
12748,0.027012687
12749,0.02772414
12750,0.028400254
12751,0.026664684
12752,0.027890967
12753,0.027211396
12754,0.026396608
12755,0.026511014
12756,0.026255256
12757,0.025130488
12758,0.023193635
12759,0.021072028
12760,0.02079288
12761,0.020034634
12762,0.01999219
12763,0.020057999
12764,0.019923206
12765,0.019716144
12766,0.019576536
12767,0.019575337
12768,0.019753225
12769,0.019673951
12770,0.024083307
12771,0.022186559
12772,0.020469723
12773,0.01908847
12774,0.018126868
12775,0.017831165
12776,0.017597713
12777,0.016886855
12778,0.016211048
12779,0.015224881
12780,0.014583609
12781,0.013956416
12782,0.028623372
12783,0.02909236
12784,0.02756015
12785,0.027067218
12786,0.02644078
12787,0.026228271
12788,0.026290942
12789,0.026085837
12790,0.025784934
12791,0.025657628
12792,0.025378432
12793,0.02512231
12794,0.025315005
12795,0.025133422
12796,0.02484719
12797,0.02467823
12798,0.024479438
12799,0.023344148
12800,0.044114027
12801,0.07548117
12802,0.07195364
12803,0.06797103
12804,0.06587596
12805,0.06504797
12806,0.06567544
12807,0.08226489
12808,0.08049177
12809,0.07669541
12810,0.13789989
12811,0.13725063
12812,0.13462786
12813,0.1308384
12814,0.12755641
12815,0.12133936
12816,0.11497395
12817,0.10886886
12818,0.10591754
12819,0.10395528
12820,0.102601625
12821,0.102209
12822,0.10095354
12823,0.097704306
12824,0.093767785
12825,0.092240915
12826,0.08976628
12827,0.0870409
12828,0.18731701
12829,0.23737185
12830,0.31658304
12831,0.41565585
12832,0.3998133
12833,0.3743138
12834,0.35514194
12835,0.33609384
12836,0.7497524
12837,1.1765835
12838,1.0838621
12839,0.9531448
12840,3.1987758
12841,2.5803063
12842,2.0268586
12843,1.6838048
12844,1.4153606
12845,1.2072856
12846,1.0605984
12847,0.9382146
12848,0.83732396
12849,0.7505551
12850,0.67852116
12851,0.6154008
12852,0.56514084
12853,1.4082212
12854,1.2338616
12855,1.0633546
12856,0.93890876
12857,0.8295692
12858,0.7424418
12859,0.7179484
12860,0.6654851
12861,0.6115653
12862,0.5696216
12863,0.5378309
12864,0.4990145
12865,0.46742618
12866,0.4398903
12867,0.41188267
12868,0.4787666
12869,0.4507507
12870,0.42742616
12871,0.40506524
12872,0.383696
12873,0.3657116
12874,0.3486753
12875,0.33367893
12876,0.3209979
12877,0.30884644
12878,0.29872024
12879,0.29093572
12880,0.2801588
12881,0.51142514
12882,0.47980896
12883,0.45246732
12884,0.44490072
12885,0.42598662
12886,0.40358034
12887,0.38672024
12888,0.3737808
12889,0.3595545
12890,0.3476945
12891,0.33692268
12892,0.32655302
12893,0.31615162
12894,0.32726982
12895,0.5860636
12896,0.5618763
12897,0.54086304
12898,0.5146347
12899,0.4927407
12900,0.47356904
12901,0.45170757
12902,0.60012436
12903,0.573601
12904,0.548343
12905,0.51700115
12906,0.48927724
12907,1.7743359
12908,1.5242579
12909,1.3324217
12910,1.1772637
12911,1.7589041
12912,1.84674
12913,1.6193314
12914,1.4040892
12915,1.2373911
12916,3.9710968
12917,3.0055518
12918,2.378376
12919,1.9514881
12920,1.6455972
12921,1.8913512
12922,2.0798395
12923,1.7467353
12924,1.4937255
12925,1.3072449
12926,1.1374762
12927,1.0221033
12928,1.0156413
12929,0.9000953
12930,0.8181902
12931,0.75857365
12932,0.69769776
12933,0.64293545
12934,0.6085001
12935,0.70407754
12936,0.6625937
12937,0.6236501
12938,7.4181437
12939,5.2375183
12940,3.8230934
12941,2.9312541
12942,2.3395975
12943,1.866967
12944,1.5915639
12945,1.3665078
12946,1.208973
12947,1.0839458
12948,0.91831017
12949,0.9141965
12950,0.77375305
12951,0.684252
12952,0.72930944
12953,0.65042645
12954,0.6100912
12955,3.263224
12956,3.26093
12957,2.42639
12958,1.8723171
12959,1.5856407
12960,1.266856
12961,1.1174082
12962,1.0030499
12963,10.948008
12964,9.73914
12965,12.118471
12966,10.5451145
12967,7.5331903
12968,5.470296
12969,6.511895
12970,4.228072
12971,2.80233
12972,2.2164736
12973,1.8258579
12974,1.5285316
12975,1.2510698
12976,1.1024636
12977,0.98065233
12978,0.87014586
12979,0.7898555
12980,0.6124867
12981,0.57143927
12982,0.57724464
12983,0.5415799
12984,0.51081365
12985,0.4798423
12986,0.44229612
12987,0.42129964
12988,0.65394115
12989,0.6117524
12990,0.5757178
12991,0.4709652
12992,0.3933182
12993,0.3732333
12994,0.35873336
12995,0.37409252
12996,0.35925633
12997,0.34414023
12998,0.33540052
12999,0.32518014
13000,0.3479342
13001,0.343589
13002,0.32823202
13003,0.31909525
13004,0.30894467
13005,0.41506815
13006,0.40308186
13007,0.35127097
13008,0.31639367
13009,0.41664708
13010,0.37087286
13011,0.40370214
13012,0.38536495
13013,0.5733796
13014,1.2881637
13015,1.0933028
13016,0.9281554
13017,0.8332367
13018,0.73979723
13019,0.67939675
13020,0.92583823
13021,1.3666861
13022,1.1599249
13023,0.8947818
13024,0.76942015
13025,0.68829644
13026,0.6243688
13027,0.58226573
13028,1.2919116
13029,1.408639
13030,1.3871261
13031,1.2331975
13032,1.0717121
13033,1.0013319
13034,0.94686544
13035,0.8331662
13036,0.7495932
13037,0.98308015
13038,1.2457776
13039,1.0598131
13040,0.86569333
13041,0.7230092
13042,0.6108277
13043,0.5519929
13044,0.45927984
13045,0.42043436
13046,0.38354194
13047,0.33140382
13048,0.30220327
13049,0.32858264
13050,0.31199306
13051,0.31452632
13052,0.29266086
13053,0.2727127
13054,0.24680671
13055,0.22865573
13056,0.21935746
13057,0.61289597
13058,0.7273686
13059,0.58725715
13060,0.5174527
13061,0.72680724
13062,0.7347644
13063,0.6227134
13064,0.53770995
13065,0.43864548
13066,0.4638009
13067,0.4530309
13068,0.39485168
13069,0.34620258
13070,0.30896688
13071,0.27536452
13072,0.24857055
13073,0.22459233
13074,0.2091158
13075,0.19202884
13076,0.17598043
13077,0.16066994
13078,0.14850298
13079,0.13606797
13080,0.14966372
13081,0.14504088
13082,0.13032185
13083,0.13837118
13084,0.12487301
13085,0.11958438
13086,0.111431226
13087,0.1048404
13088,0.09698232
13089,0.09124365
13090,0.08492241
13091,0.08078104
13092,0.077263035
13093,0.08161223
13094,0.087576196
13095,0.08117409
13096,0.07748254
13097,0.07206735
13098,0.07017367
13099,0.06833371
13100,0.06953239
13101,0.06466994
13102,0.06319289
13103,0.071315505
13104,0.06756059
13105,0.062459014
13106,0.06004884
13107,0.05371349
13108,0.048526723
13109,0.04399468
13110,0.041577898
13111,0.040900696
13112,0.04125652
13113,0.041192617
13114,0.04092162
13115,0.037342977
13116,0.061033234
13117,0.064388275
13118,0.0842122
13119,0.07609234
13120,0.14025867
13121,0.21708497
13122,0.20435017
13123,0.19549476
13124,0.18863867
13125,0.18269391
13126,0.16533068
13127,0.1601991
13128,0.15599936
13129,0.15190075
13130,0.14515807
13131,0.15105875
13132,0.15783633
13133,0.17534678
13134,0.16308343
13135,0.15911435
13136,0.15528403
13137,0.15052283
13138,0.14117962
13139,0.13760361
13140,0.13523112
13141,0.13339944
13142,0.13027813
13143,0.12750193
13144,0.12306894
13145,0.12051225
13146,0.119220085
13147,0.11820056
13148,0.116985045
13149,0.109769695
13150,0.109021805
13151,0.105448514
13152,0.10415224
13153,0.1033206
13154,0.09692996
13155,0.09021595
13156,0.13337235
13157,0.13322176
13158,0.13443184
13159,0.12315083
13160,0.11791145
13161,0.11516731
13162,0.10960448
13163,0.10409862
13164,0.09913819
13165,0.0965019
13166,0.0995147
13167,0.0979359
13168,0.095609024
13169,0.0907816
13170,0.08526238
13171,0.10574264
13172,0.10098009
13173,0.20749657
13174,0.2178047
13175,0.20588818
13176,0.1940487
13177,0.1879659
13178,0.1793804
13179,0.17185618
13180,0.16167082
13181,0.1520605
13182,0.14617473
13183,0.14080167
13184,0.14331463
13185,0.14120999
13186,0.13685691
13187,0.13438107
13188,0.15305088
13189,0.14813556
13190,0.145076
13191,0.13833097
13192,0.1319275
13193,0.12895341
13194,0.12443511
13195,0.11967028
13196,0.11692333
13197,0.11486814
13198,0.115368895
13199,0.11312523
13200,0.10951274
13201,0.10663477
13202,0.10708287
13203,0.10498271
13204,0.10367837
13205,0.101235844
13206,0.10998649
13207,0.10697531
13208,0.112058096
13209,0.19512406
13210,0.19135176
13211,0.18661787
13212,0.18439712
13213,0.18302053
13214,0.17847455
13215,0.17169821
13216,0.16867594
13217,0.16742052
13218,0.16527154
13219,0.16183929
13220,0.15873316
13221,0.23012573
13222,0.3549585
13223,0.71850187
13224,0.6782359
13225,0.64233905
13226,0.626177
13227,0.5969131
13228,0.56291544
13229,0.5309305
13230,0.5747171
13231,0.64803046
13232,0.6369308
13233,0.9868748
13234,0.8979473
13235,0.8435567
13236,0.7800752
13237,0.72384834
13238,0.6766454
13239,0.7103684
13240,2.668445
13241,2.2757792
13242,2.1036983
13243,5.4581094
13244,3.8471022
13245,2.8820488
13246,2.249867
13247,3.460312
13248,2.623008
13249,2.0928855
13250,1.729263
13251,1.4590585
13252,2.1518576
13253,2.891962
13254,2.3177829
13255,2.5705202
13256,2.0557332
13257,1.7007945
13258,1.571589
13259,1.348701
13260,1.1831456
13261,1.0635862
13262,0.9497949
13263,2.0940838
13264,1.7374563
13265,1.4779334
13266,1.281395
13267,1.167118
13268,1.0356877
13269,0.9486799
13270,1.2552598
13271,1.5092564
13272,1.3095218
13273,8.22032
13274,6.603924
13275,4.8438606
13276,3.627617
13277,3.2700615
13278,2.5758283
13279,2.1398954
13280,3.239614
13281,2.5574481
13282,2.0618186
13283,2.048748
13284,1.7335597
13285,1.4950638
13286,5.8629255
13287,10.979519
13288,8.492602
13289,6.3575277
13290,4.6617107
13291,3.5458555
13292,2.4902158
13293,1.9118577
13294,1.4792007
13295,1.262114
13296,1.1272304
13297,4.8079624
13298,3.8080428
13299,3.0173044
13300,2.4054668
13301,1.9178851
13302,1.6404831
13303,1.4258295
13304,1.2760774
13305,3.7629528
13306,2.8876486
13307,2.187947
13308,1.839823
13309,1.5265118
13310,1.3472121
13311,1.1950871
13312,1.0887239
13313,0.9811552
13314,0.8659191
13315,0.7944734
13316,0.7429851
13317,0.690342
13318,0.5678855
13319,0.5234352
13320,1.3241593
13321,1.2273438
13322,1.1031897
13323,1.7198696
13324,1.547201
13325,1.2016423
13326,1.0895133
13327,0.94398224
13328,0.87028027
13329,0.98123384
13330,2.3473942
13331,1.9488139
13332,1.6725028
13333,1.3063996
13334,1.179882
13335,1.296714
13336,1.0256201
13337,0.91594803
13338,0.85859346
13339,0.780905
13340,0.73861855
13341,0.61581284
13342,0.55337596
13343,0.53480375
13344,0.5179906
13345,0.5237553
13346,0.50839716
13347,0.8250407
13348,0.76101696
13349,2.267662
13350,8.623383
13351,7.289057
13352,5.2767086
13353,3.4510832
13354,2.8759696
13355,8.012653
13356,5.535773
13357,4.016604
13358,2.7610161
13359,3.3033152
13360,2.7071054
13361,2.2021852
13362,1.8453385
13363,1.3404877
13364,1.0021437
13365,0.8446795
13366,0.7611501
13367,0.9744012
13368,0.7521666
13369,0.5922146
13370,0.54851675
13371,0.45177233
13372,0.43125254
13373,0.40766558
13374,0.38868904
13375,0.36800587
13376,0.3192178
13377,0.30116898
13378,0.2911637
13379,0.28383338
13380,0.2764243
13381,0.2525989
13382,0.4590196
13383,0.43660665
13384,0.53643227
13385,0.5902834
13386,0.55210984
13387,0.51628196
13388,0.48871657
13389,0.42610806
13390,0.3739125
13391,0.36226517
13392,0.34838474
13393,0.31275183
13394,0.29812104
13395,0.28770804
13396,0.277752
13397,0.2660056
13398,0.25478002
13399,0.24301688
13400,0.23374818
13401,0.22372955
13402,0.22859202
13403,0.38192526
13404,0.34641898
13405,0.32675707
13406,0.31171766
13407,0.5756013
13408,0.54602283
13409,0.5061917
13410,0.4548715
13411,0.42751038
13412,0.4666975
13413,0.40707317
13414,0.37597007
13415,0.35387298
13416,0.32935098
13417,0.31597072
13418,0.33488694
13419,0.43106136
13420,0.39120218
13421,0.41397482
13422,0.38903445
13423,0.35682008
13424,0.31539753
13425,0.29192185
13426,0.2713897
13427,0.2602315
13428,0.24817543
13429,0.26709393
13430,0.26067272
13431,0.28098053
13432,0.323873
13433,0.3037648
13434,0.28047505
13435,0.44569808
13436,0.4207234
13437,0.50689805
13438,0.49052095
13439,0.46636367
13440,0.5169923
13441,0.78553426
13442,0.7067572
13443,1.5319823
13444,1.9095936
13445,1.7689397
13446,1.8993456
13447,1.8352894
13448,1.3924671
13449,1.4300628
13450,1.5369623
13451,2.2341318
13452,2.9810402
13453,9.152292
13454,6.169424
13455,3.6987486
13456,2.367928
13457,1.5733075
13458,1.7687318
13459,2.3245077
13460,1.800333
13461,1.9044442
13462,1.4424036
13463,1.277881
13464,1.0026329
13465,0.8066983
13466,0.7210343
13467,0.65287346
13468,0.6915173
13469,0.6133871
13470,0.63866943
13471,0.49841648
13472,0.40613288
13473,0.35274684
13474,0.6717327
13475,0.5286823
13476,0.4312928
13477,0.32435593
13478,0.26699245
13479,0.22790492
13480,0.19564368
13481,0.17712036
13482,0.1788302
13483,0.16352206
13484,0.15080783
13485,0.14050412
13486,0.12460294
13487,0.11641952
13488,0.11062053
13489,0.1054971
13490,0.10119485
13491,0.09221503
13492,0.08197557
13493,0.07721291
13494,0.083826065
13495,0.08427483
13496,0.079101466
13497,0.08485223
13498,0.08126356
13499,0.07949282
13500,0.07567399
13501,0.074091665
13502,0.0689601
13503,0.06383817
13504,0.062879756
13505,0.06323602
13506,0.062462457
13507,0.057215378
13508,0.059302006
13509,0.055505846
13510,0.054218836
13511,0.05428634
13512,0.053669102
13513,0.05377414
13514,0.053426515
13515,0.052172378
13516,0.050561026
13517,0.05068975
13518,0.06129634
13519,0.09525405
13520,0.25638756
13521,0.23866633
13522,0.25912407
13523,0.23833495
13524,0.22083844
13525,0.3131531
13526,0.30545387
13527,0.28984296
13528,0.27582586
13529,0.26427832
13530,0.24096158
13531,0.2268707
13532,0.21805283
13533,0.20189045
13534,0.19600827
13535,0.18900406
13536,0.18276416
13537,0.17786051
13538,0.17061384
13539,0.16471848
13540,0.16116352
13541,0.1576463
13542,0.14853184
13543,0.14298503
13544,0.13809648
13545,0.13256252
13546,0.24653295
13547,0.2795989
13548,0.2718636
13549,0.25931937
13550,0.24883789
13551,0.240509
13552,0.22936527
13553,0.21660198
13554,0.21032816
13555,0.19883373
13556,0.23048873
13557,0.22358064
13558,0.21167246
13559,0.20482968
13560,0.20254593
13561,0.5567235
13562,0.5642227
13563,1.7698727
13564,1.7996738
13565,1.7009786
13566,1.435109
13567,2.4155726
13568,2.0038335
13569,1.6106626
13570,1.3619893
13571,2.969633
13572,3.7297308
13573,2.7685795
13574,5.672871
13575,4.0414915
13576,3.0400019
13577,12.40651
13578,25.265434
13579,23.40472
13580,18.893856
13581,13.654176
13582,9.56427
13583,6.6343365
13584,6.272937
13585,10.33036
13586,7.5818205
13587,5.4777737
13588,4.6428356
13589,7.539281
13590,5.525461
13591,4.1063576
13592,3.155593
13593,2.476941
13594,2.0478494
13595,1.7418379
13596,1.8410021
13597,1.6733627
13598,1.6056154
13599,1.969893
13600,5.0381074
13601,9.429473
13602,7.1446166
13603,5.546358
13604,4.164903
13605,4.355808
13606,8.83542
13607,7.436455
13608,5.5622625
13609,4.184366
13610,3.2809353
13611,2.6215777
13612,2.2055635
13613,2.4957602
13614,2.5182092
13615,2.183576
13616,1.7867227
13617,1.5344172
13618,1.3671345
13619,1.2086875
13620,1.0918877
13621,1.0063269
13622,0.93008184
13623,0.8697965
13624,1.0295973
13625,11.590315
13626,9.317921
13627,7.017626
13628,5.340495
13629,4.1083307
13630,3.227324
13631,4.9761095
13632,4.0986605
13633,3.2866192
13634,4.576646
13635,3.5605824
13636,5.5978203
13637,14.05183
13638,10.853435
13639,7.927434
13640,5.8480234
13641,10.6389675
13642,7.985741
13643,5.8587503
13644,4.3232865
13645,11.120831
13646,11.033601
13647,8.268848
13648,6.1858416
13649,4.6527443
13650,3.5637546
13651,2.8436487
13652,2.462706
13653,2.0582483
13654,1.7911296
13655,1.532259
13656,1.3617951
13657,1.3048129
13658,2.9221377
13659,2.5312195
13660,2.1270933
13661,1.8018143
13662,1.6442158
13663,1.7469335
13664,3.3403945
13665,2.6250703
13666,2.2549357
13667,1.9626714
13668,2.198264
13669,14.849844
13670,10.428633
13671,7.0215864
13672,4.8884935
13673,3.7147532
13674,3.0336642
13675,2.5598283
13676,2.1708465
13677,1.9257145
13678,1.6328053
13679,1.5639776
13680,1.9764342
13681,1.8080294
13682,1.5129228
13683,1.2843711
13684,2.2954848
13685,2.0388284
13686,1.7953908
13687,5.3729334
13688,6.0733724
13689,4.1437225
13690,9.283155
13691,6.0866747
13692,4.155394
13693,2.940814
13694,2.6464214
13695,2.19641
13696,5.6243634
13697,4.122893
13698,2.8566074
13699,2.362347
13700,8.707134
13701,32.659718
13702,53.86303
13703,44.42479
13704,26.027086
13705,13.17502
13706,7.198351
13707,4.2922535
13708,8.701072
13709,11.123796
13710,6.7836356
13711,4.257889
13712,2.903613
13713,2.33397
13714,1.8882
13715,1.5332197
13716,1.2818027
13717,1.6347713
13718,2.496505
13719,1.883852
13720,1.4161156
13721,1.068512
13722,0.8430511
13723,0.71690154
13724,0.61409307
13725,0.54190075
13726,0.48574388
13727,0.43210655
13728,0.40289676
13729,0.35903865
13730,0.3241956
13731,0.27507338
13732,0.2860954
13733,0.27035296
13734,0.2569242
13735,0.24128862
13736,0.21946314
13737,0.20737183
13738,0.2003231
13739,0.18684527
13740,0.7121346
13741,0.61836314
13742,0.52407306
13743,0.4868747
13744,1.2400723
13745,4.131613
13746,8.512719
13747,5.8137245
13748,4.0962286
13749,2.4638731
13750,1.8066229
13751,1.305675
13752,0.9792153
13753,0.8214674
13754,0.7415044
13755,0.5404798
13756,0.4569403
13757,0.39913857
13758,0.34490046
13759,0.29902878
13760,0.28963476
13761,0.25290054
13762,0.3274656
13763,0.4669159
13764,0.3701882
13765,0.297769
13766,0.25177383
13767,0.22685768
13768,0.20602009
13769,0.1869412
13770,0.18136995
13771,0.4453628
13772,0.41197094
13773,1.3749672
13774,1.460334
13775,1.1586328
13776,1.8217688
13777,1.5579365
13778,1.1935062
13779,1.1341655
13780,1.2212734
13781,1.1589006
13782,2.2008643
13783,4.3944845
13784,3.228559
13785,2.9905477
13786,2.153515
13787,1.3923781
13788,1.0953754
13789,0.86150503
13790,0.75134957
13791,0.64686453
13792,0.46448368
13793,0.33717358
13794,0.27493694
13795,0.21388325
13796,0.17455685
13797,0.1488094
13798,0.13285223
13799,0.12083252
13800,0.11123123
13801,0.099515185
13802,0.08985993
13803,0.079627804
13804,0.07397725
13805,0.06995525
13806,0.07269977
13807,0.07139507
13808,0.06741882
13809,0.06402658
13810,0.061146475
13811,0.077399194
13812,0.06969774
13813,0.06716196
13814,0.068312176
13815,0.065722264
13816,0.06392805
13817,0.06214155
13818,0.061200485
13819,0.08012193
13820,0.086172044
13821,0.09215486
13822,0.09860867
13823,0.095088296
13824,0.1201438
13825,0.11419713
13826,0.118827716
13827,0.11413613
13828,0.10880611
13829,0.101247594
13830,0.09033678
13831,0.08717492
13832,0.084941335
13833,0.08281821
13834,0.12485514
13835,0.119886845
13836,0.11551414
13837,0.11168296
13838,0.10786819
13839,0.10074492
13840,0.09811145
13841,0.09524594
13842,0.09405016
13843,0.09716834
13844,0.08907191
13845,0.086397134
13846,0.08737556
13847,0.08515956
13848,0.077490754
13849,0.07526641
13850,0.07324766
13851,0.0698454
13852,0.06586877
13853,0.060026973
13854,0.07695878
13855,0.07201491
13856,0.06638353
13857,0.06607266
13858,0.06574317
13859,0.0775555
13860,0.08296038
13861,0.078285754
13862,0.077359594
13863,0.07690991
13864,0.07649719
13865,0.07620398
13866,0.07430707
13867,0.07742279
13868,0.12660609
13869,0.123796195
13870,0.12161006
13871,0.12144097
13872,0.11988837
13873,0.11578298
13874,0.11201905
13875,0.1092064
13876,0.10802138
13877,0.106417365
13878,0.10529716
13879,0.104217954
13880,0.103495136
13881,0.10086316
13882,0.0955346
13883,0.094550535
13884,0.09024112
13885,0.085553914
13886,0.08230526
13887,0.08141491
13888,0.07716968
13889,0.07698352
13890,0.09771284
13891,0.096974805
13892,0.09525408
13893,0.09335716
13894,0.0898793
13895,0.08939388
13896,0.08509899
13897,0.08871629
13898,0.08614525
13899,0.08141387
13900,0.11486045
13901,0.11168855
13902,0.10531292
13903,0.09982553
13904,0.098792225
13905,0.097394355
13906,0.09618192
13907,0.09166944
13908,0.0907323
13909,0.08671251
13910,0.08373949
13911,0.083345205
13912,0.080602035
13913,0.10227992
13914,0.1008198
13915,0.096694976
13916,0.11065329
13917,0.10901414
13918,0.105927266
13919,0.102510735
13920,0.09879671
13921,0.0967916
13922,0.09619575
13923,0.09879652
13924,0.11157077
13925,0.10924709
13926,0.10737784
13927,0.105457984
13928,0.3536188
13929,0.3509408
13930,0.34127292
13931,0.5123663
13932,1.5061216
13933,1.3175291
13934,1.1681058
13935,1.0372958
13936,2.6213002
13937,2.102879
13938,1.7342715
13939,1.5126154
13940,1.3321607
13941,1.1510895
13942,2.9050155
13943,2.2653375
13944,4.462907
13945,5.017849
13946,3.5710313
13947,2.6791053
13948,2.1095526
13949,1.9268312
13950,6.278487
13951,4.5265427
13952,5.033098
13953,3.665922
13954,2.7930112
13955,2.3816261
13956,1.932454
13957,1.6326926
13958,1.3903596
13959,1.2048194
13960,3.5728385
13961,3.2817907
13962,2.5879872
13963,2.0927742
13964,1.7418053
13965,1.4842601
13966,7.8273044
13967,8.825427
13968,6.6850233
13969,4.9677935
13970,3.7513843
13971,2.926075
13972,2.3693252
13973,1.9717344
13974,1.6775393
13975,1.4490108
13976,1.2673957
13977,1.1318581
13978,1.0121742
13979,1.45395
13980,3.408383
13981,2.6944213
13982,2.219446
13983,1.8782091
13984,1.6234713
13985,2.2343957
13986,1.9419851
13987,3.005875
13988,5.378758
13989,4.049464
13990,3.1801555
13991,2.5481336
13992,2.1121974
13993,3.3298259
13994,3.6156924
13995,2.9015813
13996,2.4049633
13997,1.9896591
13998,1.7205222
13999,1.468925
14000,1.2573276
14001,1.1335435
14002,1.0296074
14003,0.91477036
14004,1.0883398
14005,0.9717661
14006,0.8626206
14007,0.7937574
14008,0.73442644
14009,0.67558384
14010,0.7243279
14011,1.0212119
14012,0.9375821
14013,4.1829243
14014,3.252934
14015,2.5114317
14016,2.1092858
14017,4.301839
14018,3.2172303
14019,2.6000123
14020,2.4788585
14021,2.0993352
14022,1.9521302
14023,1.6884052
14024,1.365827
14025,1.2098486
14026,1.035583
14027,3.3196914
14028,2.7579184
14029,2.3119345
14030,1.9547259
14031,1.6233132
14032,1.450857
14033,2.322935
14034,1.9923733
14035,12.874498
14036,9.974878
14037,7.1375313
14038,4.860295
14039,3.4610186
14040,2.7783322
14041,2.1025233
14042,1.8564034
14043,1.6228614
14044,1.3104398
14045,1.1200256
14046,1.0340832
14047,0.9993201
14048,0.91625905
14049,2.0793872
14050,1.8879222
14051,1.4658009
14052,1.1714369
14053,0.99348426
14054,1.8063638
14055,1.469365
14056,1.3364649
14057,1.2274966
14058,1.2365098
14059,1.1160312
14060,1.0330803
14061,0.90890014
14062,0.77896404
14063,1.6283259
14064,1.5607952
14065,1.2702816
14066,1.1152946
14067,0.91713464
14068,0.8667727
14069,2.1925511
14070,1.882282
14071,1.6497989
14072,1.447589
14073,1.3080678
14074,1.163501
14075,1.4287415
14076,1.3376809
14077,1.2583863
14078,1.121912
14079,0.92266786
14080,1.2220047
14081,1.0587363
14082,0.98472375
14083,1.0609851
14084,0.90442955
14085,0.7556725
14086,0.64455855
14087,0.6572358
14088,0.6413137
14089,0.6042516
14090,0.57146937
14091,0.58327293
14092,0.65081406
14093,0.67701674
14094,6.7377844
14095,4.134576
14096,3.0646625
14097,2.4002688
14098,1.9855232
14099,2.318274
14100,1.6327968
14101,1.2009643
14102,0.9189007
14103,0.78808033
14104,0.66380274
14105,0.7055259
14106,0.63233215
14107,0.57175523
14108,0.5258725
14109,0.48859036
14110,0.45515797
14111,0.5909653
14112,1.6774919
14113,1.8497945
14114,1.4751806
14115,1.2011876
14116,1.0072141
14117,0.86893076
14118,0.94436383
14119,0.8216738
14120,0.7174722
14121,0.59263754
14122,0.5097321
14123,0.44096196
14124,0.38573557
14125,0.34617662
14126,0.32937986
14127,0.30296043
14128,0.2688933
14129,0.23397705
14130,0.22017023
14131,0.2072531
14132,0.19626355
14133,0.18611823
14134,0.18931876
14135,0.1814035
14136,0.17125717
14137,0.16314732
14138,0.15066665
14139,0.14333378
14140,0.13722974
14141,0.13253805
14142,0.12682357
14143,0.1350665
14144,0.13799861
14145,0.16748026
14146,0.15612258
14147,0.14319244
14148,0.1265105
14149,0.10909604
14150,0.113753274
14151,0.10912575
14152,0.10173182
14153,0.09710998
14154,0.0921866
14155,0.095596895
14156,0.092581585
14157,0.08742495
14158,0.08363806
14159,0.12925513
14160,0.12203245
14161,0.11892397
14162,0.11578901
14163,0.11239862
14164,0.1681393
14165,0.1860746
14166,0.1816648
14167,0.17335393
14168,0.17351855
14169,0.16517423
14170,0.15915056
14171,0.15480278
14172,0.14829893
14173,0.14318933
14174,0.136907
14175,0.14372736
14176,0.1375739
14177,0.1327467
14178,0.12859744
14179,0.118510984
14180,0.1742938
14181,0.1648331
14182,0.16161588
14183,0.14921924
14184,0.14183833
14185,0.14207444
14186,0.20512792
14187,0.1980057
14188,0.19267567
14189,0.18101233
14190,0.36829266
14191,0.35382435
14192,0.34618837
14193,0.3222567
14194,0.58814347
14195,0.7556797
14196,0.9747975
14197,1.149982
14198,0.9767553
14199,0.836452
14200,0.82859075
14201,0.69769293
14202,0.5996044
14203,0.703583
14204,0.6169951
14205,0.81329715
14206,0.7702005
14207,0.7091923
14208,0.6296754
14209,0.58595526
14210,0.7361152
14211,0.6832229
14212,0.6038209
14213,0.5228914
14214,0.45833957
14215,0.411209
14216,0.38370323
14217,0.37229782
14218,0.33062285
14219,0.3046659
14220,0.28328785
14221,0.26401228
14222,0.24800907
14223,0.21913625
14224,0.2096889
14225,0.20111914
14226,0.19375142
14227,0.18746537
14228,0.19237295
14229,0.17931864
14230,0.17210828
14231,0.16192633
14232,0.14838044
14233,0.14520228
14234,0.14115833
14235,0.13550287
14236,0.12317854
14237,0.117930084
14238,0.11258095
14239,0.11055747
14240,0.106382206
14241,0.10543086
14242,0.10264331
14243,0.097572625
14244,0.092455044
14245,0.09057578
14246,0.08868907
14247,0.08552399
14248,0.07964479
14249,0.074400336
14250,0.06941031
14251,0.065201156
14252,0.08435697
14253,0.09110323
14254,0.09369112
14255,0.092137165
14256,0.08782236
14257,0.08651638
14258,0.081756346
14259,0.11219668
14260,0.10991717
14261,0.30345145
14262,0.2830935
14263,0.37095183
14264,0.443659
14265,11.635592
14266,13.201386
14267,12.992851
14268,10.849937
14269,8.065485
14270,5.7366095
14271,4.06196
14272,2.9916234
14273,2.3033028
14274,1.8203845
14275,1.4495047
14276,4.4577036
14277,6.547144
14278,4.750726
14279,3.5226283
14280,2.6627808
14281,2.0976832
14282,1.724537
14283,1.4452069
14284,1.2242132
14285,1.2833903
14286,1.1190224
14287,0.9889508
14288,0.88284457
14289,0.79578364
14290,1.5206841
14291,3.1206117
14292,2.4580944
14293,3.2176096
14294,2.5267603
14295,2.0357728
14296,1.7036312
14297,1.4510242
14298,1.2642049
14299,1.1145083
14300,0.992952
14301,0.9018413
14302,6.5023465
14303,4.795111
14304,3.5852811
14305,2.7994537
14306,2.2579997
14307,5.285182
14308,3.9401658
14309,5.9934707
14310,5.6479473
14311,4.2327833
14312,3.2534907
14313,2.5946789
14314,2.1434975
14315,1.7943792
14316,1.5369908
14317,1.354376
14318,1.2250674
14319,1.1025109
14320,0.9895837
14321,0.9010608
14322,0.83155316
14323,0.77193224
14324,0.7227479
14325,0.6800815
14326,0.64281845
14327,0.6109348
14328,0.58043814
14329,0.5537902
14330,0.5595409
14331,0.5325985
14332,0.5110485
14333,0.49132848
14334,0.47996312
14335,0.46262926
14336,1.0479321
14337,1.2931355
14338,1.2265859
14339,1.3894913
14340,1.2532215
14341,1.1365235
14342,1.0432609
14343,0.95607466
14344,0.88994944
14345,0.8330391
14346,0.8467795
14347,0.805828
14348,0.76129663
14349,0.7236319
14350,0.6898868
14351,0.66003704
14352,2.2655456
14353,2.0199804
14354,1.7407029
14355,1.5090221
14356,1.3658352
14357,1.2454273
14358,1.1433324
14359,1.0592619
14360,1.0709217
14361,0.9782448
14362,0.91202974
14363,2.343317
14364,2.0110054
14365,1.7387962
14366,2.058292
14367,8.22788
14368,6.779041
14369,5.0806766
14370,3.9266899
14371,6.918767
14372,12.355612
14373,9.5108185
14374,7.108638
14375,5.138078
14376,3.78866
14377,3.599066
14378,9.116757
14379,6.4747944
14380,4.7030435
14381,3.6322017
14382,2.8218865
14383,2.2033846
14384,1.821171
14385,1.6052861
14386,1.4570111
14387,1.2985585
14388,1.1622614
14389,1.0763769
14390,1.0165405
14391,2.9787292
14392,10.130101
14393,7.574276
14394,5.7051616
14395,4.5993004
14396,7.985397
14397,5.810213
14398,4.184143
14399,3.4842234
14400,2.6333766
14401,2.0031228
14402,1.6558769
14403,1.5003443
14404,1.3628143
14405,1.1978397
14406,1.0882683
14407,1.0251237
14408,0.9703721
14409,0.9253738
14410,0.8640393
14411,0.85101384
14412,0.7883953
14413,0.694196
14414,0.6118388
14415,1.1200451
14416,1.2439827
14417,1.1705078
14418,1.1974182
14419,1.0216104
14420,0.8722161
14421,0.82190365
14422,1.2460954
14423,1.1252189
14424,1.0285124
14425,1.1345863
14426,1.8961133
14427,1.6358423
14428,1.6553099
14429,1.3276234
14430,1.1019752
14431,1.7162988
14432,1.4167913
14433,1.15884
14434,1.0572888
14435,0.9483628
14436,0.89434004
14437,0.91845775
14438,1.2102332
14439,1.137886
14440,1.4075961
14441,1.3434246
14442,1.1393728
14443,0.9690113
14444,0.8603827
14445,0.8089019
14446,0.7725388
14447,0.7290918
14448,0.703929
14449,0.72210705
14450,1.070992
14451,0.9949753
14452,1.8183055
14453,1.8197346
14454,1.9183507
14455,1.503187
14456,1.5359044
14457,1.4944525
14458,1.3241711
14459,1.1723464
14460,1.0615207
14461,0.9636635
14462,0.880516
14463,0.8774678
14464,0.80910516
14465,0.7475473
14466,0.69885975
14467,0.6426221
14468,0.6128866
14469,0.5872664
14470,0.6340819
14471,0.57325727
14472,0.5005636
14473,0.47899163
14474,0.43973005
14475,0.41825452
14476,0.4036777
14477,0.48423272
14478,0.47878212
14479,0.44207528
14480,0.4045583
14481,0.3780312
14482,0.3477253
14483,0.32327166
14484,0.3106377
14485,0.2974222
14486,0.28126633
14487,0.27121964
14488,0.26122493
14489,0.2525136
14490,0.24412273
14491,0.22161758
14492,0.20720634
14493,0.18901886
14494,0.17531529
14495,0.16857733
14496,0.17570812
14497,0.16606285
14498,0.16932681
14499,0.15253861
14500,0.14294302
14501,0.13476995
14502,0.12693521
14503,0.123367436
14504,0.117719226
14505,0.20373604
14506,0.21442659
14507,0.20945406
14508,0.19943647
14509,0.19464488
14510,0.19259158
14511,0.2036766
14512,0.2025283
14513,0.21689114
14514,0.26980835
14515,0.25493923
14516,0.2333957
14517,0.22710457
14518,0.2494651
14519,0.25451666
14520,0.23614018
14521,0.22026737
14522,0.20809922
14523,0.19509389
14524,0.17853469
14525,0.1693958
14526,0.16526604
14527,0.17205411
14528,0.17275771
14529,0.16882735
14530,0.16606678
14531,0.19507368
14532,0.23278369
14533,0.26815563
14534,0.27193123
14535,0.26359078
14536,0.2547405
14537,0.23643689
14538,0.2201553
14539,0.3277809
14540,0.8315479
14541,0.8993468
14542,0.81191635
14543,0.72980785
14544,0.6848233
14545,0.60522336
14546,0.5693892
14547,0.53148687
14548,0.5065774
14549,0.46370113
14550,0.41060638
14551,0.37733537
14552,0.3376108
14553,0.31096083
14554,0.59675246
14555,0.5354309
14556,0.507712
14557,0.46663567
14558,0.43699974
14559,0.43426177
14560,0.40984058
14561,0.379147
14562,0.3660805
14563,0.5975495
14564,1.9349322
14565,1.6493155
14566,1.346819
14567,1.1347625
14568,0.9568722
14569,0.81211615
14570,0.72196096
14571,0.647854
14572,0.93098223
14573,0.8908528
14574,0.9642714
14575,0.81497353
14576,0.7142569
14577,0.62653035
14578,0.568952
14579,0.5151148
14580,0.46988538
14581,0.5516973
14582,0.83660746
14583,0.7857603
14584,0.6715121
14585,0.59590113
14586,0.73743147
14587,0.9212499
14588,0.78845155
14589,0.6864354
14590,0.6080533
14591,0.5321078
14592,0.48198944
14593,0.41706556
14594,0.38361022
14595,0.35586345
14596,0.33251244
14597,0.312038
14598,0.29229724
14599,0.2755729
14600,0.26176006
14601,0.27838394
14602,0.55696964
14603,0.50022626
14604,0.44145507
14605,0.5333557
14606,0.48321784
14607,0.43053928
14608,0.38129812
14609,0.8634654
14610,1.2038071
14611,1.0166845
14612,0.8420639
14613,0.72658837
14614,0.6390449
14615,0.5667549
14616,0.50423664
14617,0.45734787
14618,0.39750853
14619,0.36730093
14620,0.34164193
14621,0.31327727
14622,0.28266552
14623,0.26396295
14624,0.3646038
14625,0.37866142
14626,0.34551567
14627,0.32554615
14628,0.2919736
14629,0.26434594
14630,0.2537686
14631,0.27086228
14632,0.8909135
14633,0.8165431
14634,0.74392307
14635,0.9470556
14636,3.6789246
14637,12.47414
14638,17.676231
14639,14.612583
14640,12.289855
14641,9.554907
14642,8.115754
14643,5.816087
14644,4.1321263
14645,3.050117
14646,2.3465424
14647,1.8824954
14648,1.5470996
14649,1.2947924
14650,1.1290065
14651,0.98836017
14652,0.87806207
14653,0.78567517
14654,0.72734797
14655,0.6607202
14656,0.7346852
14657,0.6694199
14658,0.61634326
14659,0.56902397
14660,0.5292728
14661,0.49220055
14662,0.46237776
14663,0.43522042
14664,0.40997845
14665,0.3876329
14666,0.37034237
14667,0.6337961
14668,0.6306504
14669,0.59839034
14670,0.5747053
14671,1.1090086
14672,0.9901335
14673,0.8936192
14674,0.8222847
14675,0.7607075
14676,0.7025435
14677,0.650795
14678,0.6080333
14679,0.57106054
14680,0.53877354
14681,2.7863266
14682,6.034458
14683,4.6417756
14684,3.4875915
14685,2.7245603
14686,2.2048135
14687,1.8399694
14688,1.5717969
14689,1.3661778
14690,1.2052476
14691,1.078956
14692,0.9696603
14693,0.8826177
14694,0.81213695
14695,0.7523595
14696,0.70103085
14697,1.3984958
14698,1.4169476
14699,1.2527065
14700,1.1175437
14701,1.9608433
14702,1.6758249
14703,1.4602331
14704,1.2923743
14705,1.1582028
14706,1.0436903
14707,0.95720124
14708,1.1466357
14709,1.0403513
14710,0.98847854
14711,1.168579
14712,1.0575168
14713,0.9648468
14714,0.88242745
14715,0.81674784
14716,0.7649432
14717,0.72059214
14718,0.685352
14719,0.9363213
14720,0.866848
14721,0.81119305
14722,0.7634398
14723,0.7225977
14724,0.68395525
14725,0.6503967
14726,0.93473434
14727,0.87180614
14728,0.8168651
14729,0.76790595
14730,0.729635
14731,0.69608206
14732,0.66326106
14733,0.63673073
14734,0.6143768
14735,0.59353864
14736,3.7845984
14737,2.9818606
14738,2.5691087
14739,2.126892
14740,1.8053441
14741,1.91534
14742,1.9928852
14743,1.7292434
14744,1.5287642
14745,1.3626333
14746,1.660409
14747,1.4549184
14748,1.3112688
14749,1.2617781
14750,1.1558696
14751,1.0678775
14752,0.99306726
14753,0.92976296
14754,0.8768462
14755,0.82207334
14756,0.75854385
14757,0.72325516
14758,0.675798
14759,0.6596749
14760,0.6771895
14761,0.6540773
14762,0.62193763
14763,0.6064689
14764,0.5829969
14765,0.5619257
14766,0.5346826
14767,0.52438855
14768,0.5175816
14769,0.5072594
14770,0.50215507
14771,0.49486893
14772,3.4959779
14773,2.8581543
14774,2.5200944
14775,2.256175
14776,1.9430691
14777,1.7035992
14778,4.102726
14779,6.292516
14780,4.4224443
14781,3.2146168
14782,2.49161
14783,2.008009
14784,1.5860832
14785,1.2255106
14786,1.1114626
14787,0.949389
14788,0.81582534
14789,0.7137763
14790,0.66860074
14791,0.61843634
14792,0.59210795
14793,0.54699516
14794,0.52463853
14795,0.5092774
14796,0.4882946
14797,0.46889192
14798,0.45678636
14799,0.5906463
14800,0.55549127
14801,0.52482533
14802,0.5227671
14803,0.8042101
14804,0.76037693
14805,0.71116865
14806,0.6206695
14807,0.5728465
14808,0.5492716
14809,0.5210501
14810,0.6297386
14811,0.87036157
14812,0.81008536
14813,0.7531884
14814,0.69248116
14815,0.65105236
14816,0.58529663
14817,0.5438151
14818,0.4917891
14819,0.47181144
14820,0.43683118
14821,0.41063747
14822,0.38835785
14823,0.36679727
14824,0.3554048
14825,0.3337067
14826,0.31757957
14827,0.2957451
14828,0.27712262
14829,0.26238808
14830,0.25746754
14831,0.3179772
14832,0.48707175
14833,0.7340343
14834,0.6763501
14835,0.63462484
14836,0.56269
14837,0.5330887
14838,0.510539
14839,1.0847492
14840,0.9459548
14841,0.8580233
14842,0.7861816
14843,0.7133284
14844,0.6591013
14845,0.8727815
14846,1.8235302
14847,2.841601
14848,6.190747
14849,4.3006396
14850,3.1737213
14851,7.482793
14852,5.1878576
14853,3.5408392
14854,2.5602283
14855,1.9548444
14856,1.9149253
14857,1.5273054
14858,1.2560425
14859,1.0607147
14860,0.9085933
14861,0.97972685
14862,0.88074875
14863,0.7096027
14864,0.6055161
14865,0.4873907
14866,0.39159
14867,0.32451287
14868,0.38069585
14869,0.34283218
14870,0.3056618
14871,0.25718877
14872,0.22554943
14873,0.23170204
14874,0.23716746
14875,0.2125178
14876,0.19334711
14877,0.17788704
14878,0.1658121
14879,0.14396696
14880,0.19288416
14881,0.17302923
14882,0.15783475
14883,0.14636503
14884,0.15435126
14885,0.1442168
14886,0.13335313
14887,0.1323852
14888,0.13424483
14889,0.14438495
14890,0.13343033
14891,0.123765565
14892,0.13157204
14893,0.12575637
14894,0.11605138
14895,0.10745573
14896,0.096973725
14897,0.08738774
14898,0.07674482
14899,0.092096455
14900,0.08788397
14901,0.0852872
14902,0.08324006
14903,0.08553201
14904,0.077124484
14905,0.07397166
14906,0.080354035
14907,0.07740299
14908,0.074772604
14909,0.107331984
14910,0.10266132
14911,0.09622659
14912,0.093461215
14913,0.0928413
14914,0.088269316
14915,0.0770934
14916,0.07391538
14917,0.06728002
14918,0.063229635
14919,0.059567314
14920,0.055215552
14921,0.05264447
14922,0.051647104
14923,0.050939698
14924,0.048666675
14925,0.045584157
14926,0.04464706
14927,0.04357355
14928,0.045351606
14929,0.045890678
14930,0.043999065
14931,0.043726962
14932,0.043426793
14933,0.043067977
14934,0.04402329
14935,0.041721154
14936,0.0422286
14937,0.042022925
14938,0.041783977
14939,0.04212268
14940,0.04395724
14941,0.04004714
14942,0.03857323
14943,0.03692446
14944,0.03410117
14945,0.031139156
14946,0.048481356
14947,0.05712021
14948,0.084790416
14949,0.08576072
14950,0.078779064
14951,0.07616221
14952,0.07576977
14953,0.07514142
14954,0.07370106
14955,0.0771754
14956,0.08839679
14957,0.087810434
14958,0.084384896
14959,0.08204278
14960,0.08027446
14961,0.07925554
14962,0.09015167
14963,0.08596737
14964,0.08198656
14965,0.07955515
14966,0.07377614
14967,0.073721714
14968,0.073025875
14969,0.07293234
14970,0.07273839
14971,0.07232525
14972,0.07252238
14973,0.07224739
14974,0.078356445
14975,0.08419051
14976,0.09589895
14977,0.102032006
14978,0.100080185
14979,0.098103166
14980,0.094523184
14981,0.090204015
14982,0.09606321
14983,0.1043981
14984,0.09876432
14985,0.096059054
14986,0.37704998
14987,0.721004
14988,0.6487408
14989,0.60499537
14990,0.57062906
14991,0.5390615
14992,0.5111911
14993,0.48857722
14994,0.46546042
14995,0.4327234
14996,0.40449747
14997,0.44809258
14998,0.5924471
14999,0.54653907
15000,0.506516
15001,0.46981356
15002,0.44533795
15003,0.42034253
15004,0.40078598
15005,0.37980127
15006,0.3668987
15007,0.34447074
15008,0.32502836
15009,0.6348018
15010,0.8787519
15011,0.808777
15012,0.92202806
15013,0.8572268
15014,0.81865424
15015,0.7820821
15016,0.8623109
15017,0.77149683
15018,0.6924956
15019,0.6420764
15020,0.60087216
15021,0.956988
15022,0.88956213
15023,0.80743194
15024,0.87554026
15025,2.2416854
15026,1.797875
15027,2.6819525
15028,5.215285
15029,10.574223
15030,18.079542
15031,14.262148
15032,11.066336
15033,9.169098
15034,8.445297
15035,6.8454742
15036,5.146293
15037,3.811369
15038,2.9081678
15039,2.3083909
15040,1.8941149
15041,1.5967505
15042,1.373916
15043,1.2034312
15044,2.7638226
15045,6.696547
15046,5.42311
15047,4.143393
15048,3.1781738
15049,2.5322719
15050,3.77025
15051,3.275762
15052,2.838676
15053,3.981218
15054,3.134621
15055,2.5468278
15056,2.1234252
15057,4.116707
15058,6.4298577
15059,4.853796
15060,3.8541646
15061,3.0363407
15062,2.457643
15063,2.0595968
15064,1.7585896
15065,1.5253413
15066,1.3517066
15067,1.2002201
15068,1.0777227
15069,2.6395423
15070,2.8370347
15071,2.311645
15072,1.9550296
15073,1.6902585
15074,1.4797332
15075,1.5983586
15076,1.4098783
15077,1.2492064
15078,1.1103839
15079,1.0201161
15080,1.1947014
15081,1.1874628
15082,1.5508682
15083,7.773445
15084,19.19934
15085,16.049778
15086,14.049809
15087,12.355131
15088,9.887345
15089,7.0417404
15090,7.266325
15091,8.130978
15092,5.9467854
15093,4.4551554
15094,3.4719715
15095,2.8407798
15096,2.249174
15097,1.9789937
15098,2.3152747
15099,4.4513745
15100,3.5567775
15101,3.0520487
15102,3.4699283
15103,8.355065
15104,7.5225472
15105,5.539542
15106,4.0037146
15107,3.2106943
15108,2.6569724
15109,2.2207031
15110,1.8226715
15111,1.5459256
15112,7.6389627
15113,5.898676
15114,4.510868
15115,3.6770098
15116,2.9973347
15117,4.682683
15118,7.91634
15119,11.141167
15120,8.558004
15121,6.371812
15122,5.2904434
15123,15.584339
15124,28.610367
15125,41.848545
15126,35.375916
15127,19.462101
15128,10.558378
15129,6.4155045
15130,4.683509
15131,3.6987505
15132,5.098199
15133,8.496386
15134,5.7854776
15135,4.348899
15136,3.7212396
15137,3.0500574
15138,2.5143757
15139,2.046892
15140,1.8474419
15141,1.6701102
15142,4.316902
15143,3.6797972
15144,2.893608
15145,2.3963203
15146,1.9192556
15147,1.7113905
15148,1.7582613
15149,1.9378102
15150,1.7298415
15151,1.5606883
15152,1.56895
15153,1.3120302
15154,2.014162
15155,1.8608551
15156,1.6498903
15157,1.419962
15158,1.4997581
15159,1.7039387
15160,1.497195
15161,1.3240721
15162,1.2037389
15163,1.1159986
15164,1.0341674
15165,0.9426092
15166,0.83261526
15167,0.794278
15168,0.7536906
15169,0.8850704
15170,0.96614945
15171,0.8802804
15172,0.83294815
15173,0.7822396
15174,0.7108089
15175,0.64552873
15176,0.5902284
15177,0.5412266
15178,0.4840641
15179,0.45348138
15180,0.42989835
15181,0.40600485
15182,0.38556743
15183,0.36321703
15184,0.338251
15185,0.32079318
15186,0.29774508
15187,0.28445622
15188,0.38403362
15189,1.245998
15190,1.122267
15191,1.0350122
15192,3.0493813
15193,2.402173
15194,1.758709
15195,1.399094
15196,1.9882116
15197,1.6246662
15198,1.3052193
15199,2.844254
15200,3.262675
15201,2.7095463
15202,1.9638543
15203,3.9669576
15204,2.6539464
15205,1.8959949
15206,1.4528756
15207,1.1577364
15208,1.2540276
15209,1.2506311
15210,1.3250036
15211,1.0618973
15212,0.81556475
15213,0.8772103
15214,0.7262128
15215,0.60944986
15216,0.5242727
15217,0.44648182
15218,0.3689554
15219,0.33092153
15220,0.5295521
15221,0.5278854
15222,0.4472049
15223,0.36009118
15224,0.30899876
15225,0.27481893
15226,0.23665757
15227,0.2103086
15228,0.18950063
15229,0.18944387
15230,0.3584455
15231,0.30457854
15232,0.34465897
15233,0.31202215
15234,0.33311647
15235,0.3157509
15236,1.074611
15237,0.8622479
15238,0.69601834
15239,0.58767676
15240,0.4950999
15241,0.6142788
15242,0.52541846
15243,0.4647771
15244,0.3974592
15245,0.31507412
15246,0.26159585
15247,0.289249
15248,0.26504385
15249,0.22662163
15250,0.21010529
15251,0.19634646
15252,0.18163566
15253,0.16257647
15254,0.1440203
15255,0.13029702
15256,0.12118854
15257,0.11127159
15258,0.107253715
15259,0.10002592
15260,0.09143865
15261,0.08507144
15262,0.08171149
15263,0.07624409
15264,0.07260788
15265,0.06967425
15266,0.067622244
15267,0.06511199
15268,0.08302368
15269,0.09153476
15270,0.08417632
15271,0.07624258
15272,0.068450525
15273,0.06687427
15274,0.06452821
15275,0.06258211
15276,0.05936726
15277,0.076347515
15278,0.07330874
15279,0.07027365
15280,0.061304666
15281,0.07077269
15282,0.07443417
15283,0.06584215
15284,0.10730873
15285,0.12260526
15286,0.11674661
15287,0.11064992
15288,0.112354904
15289,0.14162192
15290,0.48089725
15291,0.4719113
15292,0.43534625
15293,0.43493927
15294,0.3775042
15295,0.3284344
15296,0.35271758
15297,0.3086227
15298,0.26791763
15299,0.23130211
15300,0.20765871
15301,0.18758151
15302,0.19024873
15303,0.17327544
15304,0.15918195
15305,0.14030778
15306,0.124306075
15307,0.113118805
15308,0.106299736
15309,0.10040907
15310,0.091103
15311,0.087473616
15312,0.08395726
15313,0.0806788
15314,0.077576645
15315,0.068220206
15316,0.06507559
15317,0.06239368
15318,0.060023956
15319,0.06024452
15320,0.07354719
15321,0.06580827
15322,0.061886728
15323,0.05995507
15324,0.06926349
15325,0.063824795
15326,0.061015986
15327,0.068072006
15328,0.068838134
15329,0.06796775
15330,0.0666534
15331,0.065326124
15332,0.06410019
15333,0.06310043
15334,0.06196114
15335,0.058386087
15336,0.055288468
15337,0.05367722
15338,0.056294765
15339,0.056255046
15340,0.055839602
15341,0.055775028
15342,0.055732302
15343,0.054565612
15344,0.05365575
15345,0.053233486
15346,0.052568167
15347,0.051558107
15348,0.05036233
15349,0.04991611
15350,0.04954211
15351,0.048686318
15352,0.048022002
15353,0.04744668
15354,0.04599966
15355,0.044746246
15356,0.043740023
15357,0.04248302
15358,0.040497288
15359,0.038162414
15360,0.03803368
15361,0.03725723
15362,0.036521748
15363,0.0345675
15364,0.03289509
15365,0.035346072
15366,0.034929924
15367,0.034513768
15368,0.034085874
15369,0.034094464
15370,0.033978198
15371,0.033857852
15372,0.033669885
15373,0.033134714
15374,0.031667154
15375,0.03205138
15376,0.03229586
15377,0.03215613
15378,0.03100322
15379,0.036530457
15380,0.03556719
15381,0.034950774
15382,0.034218796
15383,0.032936756
15384,0.032275543
15385,0.031504273
15386,0.115151
15387,0.11125793
15388,0.10667106
15389,0.10330382
15390,0.10195741
15391,0.09959244
15392,0.098499134
15393,0.09780628
15394,0.09471139
15395,0.09293458
15396,0.10238628
15397,0.10769993
15398,0.12298422
15399,0.118674204
15400,0.11504017
15401,0.11245793
15402,0.10960378
15403,0.105986394
15404,0.10557051
15405,0.10297878
15406,0.10030599
15407,0.10116799
15408,0.09990058
15409,0.09734971
15410,0.09566649
15411,0.09326528
15412,0.091765426
15413,0.09025023
15414,0.090624265
15415,0.10164395
15416,0.10031877
15417,0.0985057
15418,0.095674634
15419,0.1534164
15420,0.1704969
15421,0.2605306
15422,0.25377294
15423,0.24799672
15424,0.24037483
15425,0.23262355
15426,0.35793278
15427,0.4613207
15428,0.44001707
15429,0.42046127
15430,0.40648624
15431,0.43451652
15432,0.49813223
15433,0.4813255
15434,0.49103945
15435,0.46563914
15436,0.4451432
15437,0.4256364
15438,0.64676744
15439,0.6301232
15440,0.6145042
15441,0.57960016
15442,0.5485168
15443,0.61583513
15444,0.6404369
15445,0.60182
15446,0.5713548
15447,0.54031754
15448,0.54473364
15449,0.6037089
15450,1.0284702
15451,0.9384161
15452,0.8560055
15453,0.7915434
15454,0.7424199
15455,0.77263135
15456,0.7210259
15457,0.6737746
15458,0.63415337
15459,0.6038052
15460,0.56958824
15461,0.54277396
15462,0.5188589
15463,0.77173513
15464,1.5736113
15465,1.7494519
15466,1.7836791
15467,1.5676669
15468,1.3690281
15469,1.2258755
15470,1.0888941
15471,0.9750285
15472,0.91913915
15473,1.2928028
15474,1.1472079
15475,1.045935
15476,3.6446252
15477,2.9271636
15478,2.4912837
15479,2.177258
15480,4.7973404
15481,3.6301255
15482,2.75849
15483,2.1969204
15484,1.7447838
15485,1.4786999
15486,1.278129
15487,1.1261594
15488,1.0078188
15489,0.95676875
15490,0.86064345
15491,0.79032683
15492,0.7318269
15493,1.1054767
15494,2.0023854
15495,1.6683109
15496,1.4256456
15497,1.2465143
15498,1.0926721
15499,1.1412622
15500,1.8503445
15501,1.5658593
15502,1.2870259
15503,1.2072546
15504,1.0375206
15505,0.9237983
15506,0.8401361
15507,0.76982355
15508,0.8908386
15509,1.1168598
15510,1.0232046
15511,0.8856409
15512,0.75363594
15513,0.6788863
15514,0.63598245
15515,1.0501372
15516,2.1999226
15517,2.0905013
15518,1.6075016
15519,1.3766204
15520,2.8916464
15521,3.9637766
15522,3.7169218
15523,5.7386093
15524,8.190121
15525,5.9375095
15526,3.937562
15527,2.5251758
15528,1.9019692
15529,1.3179576
15530,1.0545385
15531,0.91254103
15532,0.842999
15533,0.8525514
15534,0.79314137
15535,0.63994366
15536,0.55025023
15537,0.4772964
15538,0.44143972
15539,0.46547022
15540,2.4648864
15541,1.9226995
15542,1.3786808
15543,1.1516494
15544,1.0301328
15545,2.1914353
15546,1.4558108
15547,1.1916897
15548,0.8728108
15549,0.66647035
15550,0.57601446
15551,0.5065968
15552,0.4474584
15553,0.37780756
15554,0.3145529
15555,0.31727868
15556,0.30057114
15557,0.2642046
15558,0.24714634
15559,0.22003806
15560,0.20350535
15561,0.19215643
15562,0.20180687
15563,0.193282
15564,0.17836826
15565,0.17030483
15566,0.16242012
15567,0.15638638
15568,0.15917058
15569,0.1444994
15570,0.13620429
15571,0.130552
15572,0.12591013
15573,0.12215681
15574,0.1171479
15575,0.112062864
15576,0.10920519
15577,0.106175326
15578,0.1008717
15579,0.09670937
15580,0.09220285
15581,0.08714766
15582,0.08324849
15583,0.08010864
15584,0.07688999
15585,0.07322783
15586,0.06661481
15587,0.061926868
15588,0.058691066
15589,0.054261766
15590,0.048899814
15591,0.047349397
15592,0.043688413
15593,0.04169257
15594,0.040770344
15595,0.039972894
15596,0.038929105
15597,0.038068127
15598,0.037209388
15599,0.03615426
15600,0.033510193
15601,0.035439987
15602,0.031910077
15603,0.031489868
15604,0.030986022
15605,0.027384108
15606,0.024337653
15607,0.022390857
15608,0.02082197
15609,0.019572383
15610,0.019822663
15611,0.01920132
15612,0.018573914
15613,0.017482523
15614,0.017028466
15615,0.020902388
15616,0.02946173
15617,0.03250304
15618,0.03450237
15619,0.033368263
15620,0.030328883
15621,0.02814907
15622,0.026298955
15623,0.031636342
15624,0.030641623
15625,0.030334014
15626,0.028240627
15627,0.028056232
15628,0.02852551
15629,0.029616373
15630,0.044471037
15631,0.042077713
15632,0.04090905
15633,0.040225167
15634,0.052440934
15635,0.058575645
15636,0.058682296
15637,0.058079302
15638,0.063083135
15639,0.058706075
15640,0.05764556
15641,0.057738815
15642,0.059754055
15643,0.059614096
15644,0.06129788
15645,0.08366329
15646,0.083392
15647,0.083077446
15648,0.08106601
15649,0.07893431
15650,0.07929378
15651,0.07787527
15652,0.07790896
15653,0.079514414
15654,0.08617568
15655,0.08529256
15656,0.085657805
15657,0.08723901
15658,0.087059796
15659,0.08707552
15660,0.08521967
15661,0.08326548
15662,0.08231858
15663,0.07838676
15664,0.10125846
15665,0.6981053
15666,0.63675934
15667,0.5666538
15668,0.53873646
15669,0.48027644
15670,0.44498786
15671,0.41947165
15672,0.3974059
15673,0.45150235
15674,0.40621012
15675,0.51622283
15676,0.4650769
15677,0.62497264
15678,1.0362661
15679,9.691231
15680,5.6911936
15681,3.2857304
15682,2.1798728
15683,1.610095
15684,1.2557954
15685,1.4824612
15686,1.1482108
15687,0.90774447
15688,0.8123163
15689,0.6887586
15690,0.6181505
15691,1.0097919
15692,0.8576402
15693,0.69472677
15694,0.58447975
15695,0.50967264
15696,0.44654664
15697,0.4039513
15698,0.36903775
15699,0.33177572
15700,0.29540363
15701,0.27692056
15702,0.2524309
15703,0.23751572
15704,0.24071974
