,0,1,2
0,0.0,0.0,0.0
1,0.0,0.0,0.0
2,0.0,0.0,0.0
3,0.0,0.0,0.0
4,0.0,0.0,0.0
5,0.0,0.0,0.0
6,0.0,0.0,0.0
7,1.2284984e-05,2.4406965e-08,0.00021192314
8,1.075107e-05,1.5685464e-08,0.00022631678
9,5.6287795e-06,1.8360136e-09,0.0003116305
10,3.6811674e-05,4.2113446e-09,0.004235995
11,0.00033691234,6.539944e-07,0.00691059
12,0.00033146385,6.195964e-07,0.0069622803
13,0.00020656682,1.2919232e-07,0.008792303
14,0.00025078125,2.4573734e-07,0.007981856
15,0.00025669404,2.6547343e-07,0.007884703
16,0.00013091763,2.8490682e-08,0.010988817
17,0.00031306842,3.8955886e-07,0.008701446
18,0.00029228954,3.1023242e-07,0.008995785
19,0.00022358506,1.2761545e-07,0.0102626225
20,0.00027045724,2.3982457e-07,0.009333166
21,0.00021971959,1.2044008e-07,0.010334802
22,0.00026339685,2.1967655e-07,0.009440789
23,0.00015873052,4.099003e-08,0.012114892
24,0.0001733941,5.335909e-08,0.011834863
25,0.00017393823,5.3913293e-08,0.011805192
26,0.00023452086,1.451732e-07,0.010175382
27,0.00028977863,2.927381e-07,0.00915703
28,0.00029403227,3.0722188e-07,0.0090844575
29,0.00019699793,8.144394e-08,0.01106502
30,0.00014917993,3.2403552e-08,0.012680997
31,0.0001198988,1.437953e-08,0.015049569
32,0.00032583706,2.8206946e-07,0.011784501
33,0.00016423225,2.7695146e-08,0.017140409
34,0.0002601253,1.2716633e-07,0.013645038
35,0.00017219681,3.239667e-08,0.016708672
36,0.0005224571,4.7197278e-07,0.020948846
37,0.00044711356,2.806994e-07,0.02265703
38,0.0003818405,1.6632882e-07,0.024462907
39,0.00025386162,4.297838e-08,0.029873213
40,0.0006172965,4.7153247e-07,0.030286893
41,0.00044625264,1.6057761e-07,0.035531852
42,0.00041937822,1.306463e-07,0.036578808
43,0.00038093922,9.429684e-08,0.038517267
44,0.00036053476,7.8518234e-08,0.039515447
45,0.00042751912,1.3806984e-07,0.036274157
46,0.00031058682,4.785857e-08,0.042379335
47,0.00071952486,3.3385078e-07,0.05916376
48,0.0005617149,1.4674497e-07,0.06670704
49,0.0013088227,1.3706714e-06,0.07647604
50,0.0017836732,3.2131024e-06,0.078343205
51,0.0009738436,4.3006548e-07,0.1055513
52,0.001039985,3.887635e-07,0.14330138
53,0.0010799533,4.2244156e-07,0.14631645
54,0.0018012817,2.1055005e-06,0.12508579
55,0.0020684653,3.292444e-06,0.117575355
56,0.0010836968,3.8192888e-07,0.16221364
57,0.0017954938,1.0604464e-06,0.2235
58,0.0021536998,1.6279738e-06,0.31180623
59,0.0035769008,6.235851e-06,0.37633944
60,0.0037346547,6.0886255e-06,0.43199685
61,0.003953955,6.4783367e-06,0.47082695
62,0.0028125076,1.89061e-06,0.6026315
63,0.0039977827,5.5546802e-06,0.54609215
64,0.002830591,1.6355465e-06,0.6825701
65,0.0027856196,1.455016e-06,0.71441704
66,0.003927562,4.1273324e-06,0.6702978
67,0.0023418507,7.0138765e-07,0.17500004
68,0.004019561,3.842917e-06,0.7638043
69,0.004437488,5.047367e-06,0.74942505
70,0.0040158927,3.4545744e-06,0.801326
71,0.0038206028,2.807115e-06,0.8308845
72,0.0027616993,9.22039e-07,0.6521
73,0.0024456258,5.9600774e-07,0.2817
74,0.0026047693,7.121953e-07,0.4931
75,0.0030908298,1.2139917e-06,0.96748435
76,0.002439341,5.3850675e-07,0.27970004
77,0.0028413467,7.965446e-07,0.4038
78,0.0025963006,5.676735e-07,0.12719999
79,0.0032222643,1.0786273e-06,0.661
80,0.004337194,2.7652184e-06,1.1563677
81,0.0036132908,1.4555491e-06,1.0438
82,0.0034278333,1.1843022e-06,0.8913
83,0.0036338246,1.3975242e-06,1.0882
84,0.0032386445,9.309219e-07,0.7357
85,0.003127295,8.035952e-07,0.5945
86,0.0034095151,9.839692e-07,0.58930004
87,0.0036642256,1.2120873e-06,0.8299
88,0.0036813996,1.1979138e-06,0.8568
89,0.0035509572,1.0244281e-06,0.69430006
90,0.004527964,2.0978391e-06,1.1605
91,0.004697495,2.2904119e-06,1.2924
92,0.0043494124,1.7233463e-06,1.063
93,0.004105741,1.3876448e-06,0.8927999
94,0.0038220736,1.069789e-06,0.67709994
95,0.0037797415,9.863062e-07,0.5310001
96,0.004819977,1.8292002e-06,0.46379995
97,0.0065410114,4.4825297e-06,1.2404
98,0.0057514114,2.6829623e-06,0.8715
99,0.0065352917,3.8222215e-06,1.3056
100,0.007852705,6.632298e-06,1.9125
101,0.008471516,8.140528e-06,2.1753
102,0.006840076,3.860477e-06,1.5181
103,0.0052982885,1.6062851e-06,0.72560006
104,0.004860935,1.1754901e-06,0.46529996
105,0.005269593,1.4986922e-06,0.7301
106,0.007755734,5.2798455e-06,1.9628
107,0.006673578,3.150248e-06,1.499
108,0.0044389796,7.960105e-07,0.16549996
109,0.00584024,1.8735971e-06,0.8018999
110,0.0060239932,1.9535223e-06,0.66140014
111,0.0064128623,2.3319224e-06,0.87299997
112,0.005193422,1.1198208e-06,0.1722999
113,0.0058569894,1.5186879e-06,0.1258
114,0.008009383,3.975294e-06,0.9745
115,0.008422488,4.428717e-06,1.1581
116,0.0069388775,2.2041481e-06,0.5272998
117,0.00665993,1.8279611e-06,0.37910017
118,0.008235757,3.4698053e-06,0.92709994
119,0.009737951,5.7444113e-06,1.4579
120,0.008112662,3.0046917e-06,0.9011001
121,0.006556458,1.4299544e-06,0.24450018
122,0.0069021843,1.55871e-06,0.024799818
123,0.0072206794,1.7074052e-06,0.1917998
124,0.0116088325,7.820231e-06,1.7160001
125,0.007534428,1.7818653e-06,0.37130007
126,0.0072891796,1.5159897e-06,0.17520012
127,0.0075707464,1.6363684e-06,0.2595002
128,0.0073975776,1.4513586e-06,0.20469998
129,0.0089738965,2.6424382e-06,0.8176
130,0.007536116,1.4276837e-06,0.2821998
131,0.008281301,1.827438e-06,0.28849983
132,0.020419763,3.351138e-05,2.8487
133,0.017015534,1.7018245e-05,2.3084
134,0.019701151,2.6276412e-05,2.7994
135,0.012496936,5.5830224e-06,1.3816
136,0.012400332,5.273795e-06,1.3698
137,0.011235931,3.7028358e-06,1.0700998
138,0.012048213,4.2935426e-06,0.67330015
139,0.016766224,1.1816324e-05,1.5255
140,0.012628325,4.277601e-06,0.66489995
141,0.013601566,5.067704e-06,0.7590001
142,0.015070681,6.62382e-06,1.0884004
143,0.012497647,3.347782e-06,0.5249005
144,0.014020816,4.6494556e-06,0.90180004
145,0.018555628,1.1248918e-05,1.8103
146,0.013143209,3.44496e-06,0.7274005
147,0.023805378,2.3773635e-05,2.5436003
148,0.013290917,3.3316257e-06,0.7186002
149,0.013274448,3.2049493e-06,0.6185
150,0.030190628,4.753397e-05,3.2253997
151,0.023694161,2.079327e-05,2.4756997
152,0.021554599,1.4934116e-05,2.1890001
153,0.025451336,2.5587597e-05,2.7258
154,0.028920192,3.875756e-05,3.1412997
155,0.017446479,7.2019047e-06,1.5517001
156,0.014554559,3.9239826e-06,0.9849001
157,0.025351593,2.450643e-05,2.6831996
158,0.026333384,2.772583e-05,2.8117003
159,0.015511144,4.781889e-06,1.1441997
160,0.0304021,4.388592e-05,3.0582001
161,0.02941712,3.93057e-05,2.9624002
162,0.021417862,1.3711556e-05,1.9653
163,0.015415299,4.602319e-06,0.9301001
164,0.013546649,2.9524901e-06,0.32440025
165,0.03194119,5.0004594e-05,2.8571
166,0.027308092,2.9690387e-05,2.369
167,0.02137929,1.3156874e-05,1.5888999
168,0.019914782,1.0382954e-05,1.3693997
169,0.02628336,2.5879739e-05,2.1617997
170,0.044864535,0.00015293909,3.8618
171,0.023899747,1.8967663e-05,1.8754996
172,0.049150195,0.00019687493,3.4436
173,0.030669961,4.103156e-05,1.9563998
174,0.025721736,2.2824832e-05,1.4062
175,0.03060084,4.0519568e-05,1.9592001
176,0.029698923,3.6458692e-05,1.8038998
177,0.01981505,9.507383e-06,0.5285998
178,0.029418832,3.383821e-05,1.3182997
179,0.025299126,2.0153162e-05,0.7211003
180,0.028446324,2.9255272e-05,1.0107999
181,0.08901721,0.001165753,3.5503
182,0.10147251,0.0016816994,3.9553
183,0.039276067,6.833577e-05,0.97980005
184,0.044684216,0.000101207916,1.4095001
185,0.042583495,8.368685e-05,1.2749999
186,0.051446836,0.00015265119,1.8707999
187,0.17046909,0.008087036,5.6869
188,0.16320285,0.0069281855,5.5468
189,0.060307737,0.00025094865,2.4020002
190,0.04588851,0.00010080973,1.5459001
191,0.034160443,3.7670547e-05,0.61859983
192,0.057189737,0.00020360551,2.0216
193,0.042111512,7.2699084e-05,0.9700003
194,0.12049568,0.0023618985,4.199
195,0.15743487,0.005760502,4.722389
196,0.10719737,0.0016048098,3.8558
197,0.15926383,0.006038214,3.7956042
198,0.16989803,0.007546645,3.3428328
199,0.20642374,0.014584491,2.8060641
200,0.10044528,0.0013274009,3.5471768
201,0.044482455,8.9002e-05,1.1231
202,0.038930453,5.6977256e-05,0.6474001
203,0.036548413,4.5921224e-05,0.37190014
204,0.055634633,0.0001833405,1.5728002
205,0.09985555,0.0012864753,3.3414178
206,0.19342168,0.011770338,2.277919
207,0.062668435,0.00027702542,1.9749001
208,0.04645817,0.00010283425,1.0298002
209,0.06133051,0.00025543678,1.7354
210,0.06532758,0.0003143096,1.8725
211,0.06659157,0.00033239042,1.805
212,0.06346215,0.00027908292,1.4474
213,0.08291796,0.0006449026,1.6798
214,0.2913973,0.042528495,2.434294
215,0.29524702,0.044684343,2.2725427
216,0.31141254,0.05375093,2.0889902
217,0.4019206,0.12698211,1.753841
218,0.29374865,0.04490648,1.9407325
219,0.3398769,0.07370801,1.7193421
220,0.13782659,0.0036367322,2.486348
221,0.15266511,0.0051178387,2.2791884
222,0.3211513,0.061870366,1.5136153
223,0.22862351,0.020017998,1.7027373
224,0.3418293,0.07745331,1.3409324
225,0.30511984,0.053459726,1.3632606
226,0.3401385,0.07755561,1.2447737
227,0.3685639,0.10234248,1.1560555
228,0.29201505,0.047449976,1.2516357
229,0.2785087,0.040846925,1.2347388
230,0.35374594,0.09163569,1.0616122
231,0.14379205,0.0045635332,1.580357
232,0.1311411,0.0033759202,1.5752171
233,0.19144131,0.012004004,1.2583107
234,0.1228979,0.0027525302,1.4939138
235,0.163087,0.0071126586,1.2507402
236,0.33405432,0.078610435,0.8578193
237,0.09037789,0.0010086583,1.5596774
238,0.17931479,0.009954633,1.0774019
239,0.06358296,0.00031618273,0.999
240,0.07303306,0.00049123535,1.1838
241,0.12212677,0.0026651924,1.554261
242,0.103657775,0.0015282384,1.7440608
243,0.18803284,0.011183777,1.2548401
244,0.52682215,0.3434372,0.8042087
245,0.5963904,0.51849353,0.7441255
246,0.48027012,0.25722042,0.81957155
247,0.5529803,0.41208354,0.75033253
248,0.5854311,0.49971458,0.71979964
249,0.4369037,0.19259456,0.8232109
250,0.19336349,0.012761662,1.2020544
251,0.24228768,0.02674796,1.1659096
252,0.11444136,0.0021939867,1.6376946
253,0.10889727,0.0018409975,1.6293
254,0.122062795,0.0026743342,1.6547848
255,0.16720138,0.007448973,1.5986037
256,0.13447145,0.0036054046,1.7090663
257,0.143828,0.004516693,1.5899528
258,0.7787438,1.1885922,0.69387996
259,0.68574846,0.7989292,0.74653494
260,0.29619646,0.050279394,1.1255139
261,0.15395527,0.00567767,1.4947704
262,0.3595833,0.09689609,0.9574818
263,0.16519533,0.0071794936,1.4372491
264,0.24009812,0.025100397,1.1590097
265,0.22705176,0.020466983,1.309503
266,0.16520524,0.007053281,1.5260189
267,0.34919643,0.08523612,1.0891945
268,0.44193754,0.18759653,0.948276
269,0.4072452,0.14357927,0.9693019
270,0.44699046,0.19648626,0.91217726
271,0.43805584,0.18465927,0.90537
272,0.2563903,0.031038156,1.1538526
273,0.37397963,0.10874164,0.99761003
274,0.38080105,0.115909904,0.9716361
275,0.13812116,0.0039142976,1.482
276,0.3450435,0.08252295,1.0488453
277,0.49841475,0.28140873,0.8570813
278,0.53871465,0.36450416,0.82051694
279,0.49457535,0.27601266,0.847446
280,0.40935755,0.14773752,0.92593735
281,0.57733846,0.4618891,0.7676746
282,0.23567729,0.023534514,1.1806632
283,0.21008031,0.015919108,1.278113
284,0.22116189,0.018875167,1.2280804
285,0.2167926,0.017228214,1.4007369
286,0.22210942,0.01859674,1.3630735
287,0.12220357,0.002529237,0.7113
288,0.12896146,0.002967778,0.7232
289,0.15446794,0.0052155973,0.9595999
290,0.34594673,0.07564765,1.403275
291,0.461303,0.19558318,1.2036338
292,0.6212239,0.5180948,1.0311255
293,0.31268996,0.052643042,1.443464
294,0.33815402,0.067660674,1.3998221
295,0.18148452,0.008384603,1.4848
296,0.2571179,0.025885299,1.8316561
297,0.31109092,0.046083916,2.132624
298,0.8612393,1.2480707,1.3508133
299,0.33357367,0.05286668,2.239572
300,0.60242236,0.36539558,1.7361188
301,0.92882854,1.4246022,1.4152402
302,0.6017813,0.34391809,1.8092009
303,0.42767683,0.10654362,2.3664281
304,0.21222615,0.009866085,1.0476
305,0.45323312,0.11979753,2.5633903
306,0.6715186,0.43030825,2.0904536
307,0.47565413,0.13417035,2.447001
308,0.41598502,0.08440872,2.5332778
309,0.5372409,0.1964007,2.1558275
310,0.39395025,0.06924262,2.4141207
311,0.5247191,0.178824,2.0889735
312,0.68753314,0.43715474,1.7691141
313,0.9332611,1.165555,1.496538
314,0.92700285,1.1347837,1.4966705
315,0.7002682,0.45874316,1.7077343
316,0.45732182,0.11040695,2.1863976
317,0.6337868,0.32609445,1.8455558
318,0.52398354,0.17339347,1.9627769
319,0.30753484,0.028978474,2.22
320,0.3384453,0.039771102,2.3670356
321,0.44410118,0.09877991,1.9822114
322,0.61228853,0.28763014,1.6922269
323,0.9880194,1.3452927,1.3534766
324,0.37217364,0.05410103,2.1690187
325,0.43086776,0.088556886,1.9259325
326,0.40042698,0.0695529,1.9167409
327,0.50162435,0.1484079,1.653523
328,0.6319629,0.32160982,1.442221
329,0.5253123,0.17516588,1.5327702
330,0.91522324,1.0824976,1.1344689
331,0.9501898,1.2173179,1.1172582
332,0.7732701,0.6323923,1.2364545
333,0.6507021,0.3575278,1.4265727
334,0.49825433,0.14731146,1.6372951
335,0.65816504,0.37377372,1.37977
336,1.1248837,2.0380952,1.0324576
337,0.3084731,0.02965863,1.9764082
338,0.19442403,0.0063551473,0.7829
339,0.40881577,0.07225907,2.3519952
340,0.30487218,0.026789717,1.5364
341,0.85006046,0.8011637,1.5706408
342,0.7666584,0.5702335,1.6368444
343,0.59468806,0.24459817,1.8914765
344,0.96230304,1.1705467,1.4516149
345,0.4008048,0.064857006,2.216499
346,0.78863317,0.6149212,1.5292953
347,0.27089855,0.017439315,1.2732
348,0.40311685,0.065101676,2.2182212
349,0.44282988,0.08912169,2.0252197
350,0.5986338,0.24439938,1.6797065
351,0.43190295,0.082382865,1.9128771
352,0.39510846,0.0612814,1.9288776
353,0.4814068,0.1182578,1.7683951
354,0.8609143,0.80827945,1.3066076
355,0.35778818,0.043939035,1.9729828
356,0.27184844,0.017519532,1.1417
357,0.99063116,1.2627428,1.1499059
358,0.81331456,0.67284995,1.2752428
359,0.6295263,0.29125392,1.4233867
360,0.8100172,0.67161167,1.2227421
361,0.3420906,0.038411777,1.8269451
362,0.5410188,0.17900547,1.4008509
363,0.84962356,0.7966685,1.0967323
364,0.7672356,0.57550424,1.141924
365,0.7390167,0.51278687,1.1441433
366,0.6693573,0.37311724,1.1795535
367,0.6677651,0.3733621,1.1546166
368,0.7603616,0.5767426,1.0593405
369,0.42273906,0.082708746,1.3899562
370,0.5162056,0.16259357,1.217998
371,0.26474938,0.017570166,1.4499
372,0.72697747,0.51235527,0.9686748
373,0.6327565,0.32719836,1.0219699
374,0.3326219,0.038579885,1.3688579
375,0.21290301,0.008653477,0.6898
376,0.71560055,0.48624825,1.0875187
377,0.6978528,0.45048267,1.0843296
378,0.43533316,0.09434571,1.3432827
379,0.52363837,0.1760196,1.1898798
380,0.53220594,0.18720965,1.150144
381,0.27232295,0.020061633,1.3606
382,0.5707657,0.23825538,1.0742443
383,0.52989566,0.18751822,1.089828
384,0.4046107,0.076732874,1.2137691
385,0.48535633,0.14200182,1.0781868
386,0.393334,0.070871904,1.1650156
387,0.46781188,0.12750053,1.0398356
388,0.28232822,0.023730904,1.2960796
389,0.30321673,0.03028794,1.2137129
390,0.30296192,0.030391222,1.1759449
391,0.4052685,0.0809784,0.9894001
392,0.49655068,0.1609913,0.8731527
393,0.50081307,0.1671793,0.8518166
394,0.33572704,0.044299785,1.0157901
395,0.2540006,0.017552419,1.1319447
396,0.19645792,0.007475433,0.4878
397,0.4572378,0.12566712,0.8538569
398,0.22648613,0.012085802,0.8816
399,0.35586956,0.055015173,0.9297699
400,0.23567264,0.013969531,1.0315
401,0.46507803,0.13320398,0.904564
402,0.39625254,0.0785401,0.9598565
403,0.33748865,0.046206694,1.0148382
404,0.22437409,0.01187179,0.6348
405,0.43010455,0.103026606,0.9767029
406,0.31043538,0.034799747,1.121988
407,0.29068735,0.028039806,1.1282544
408,0.2624877,0.020005528,0.9586
409,0.24762668,0.016517537,0.7844
410,0.2921356,0.028783938,1.0543602
411,0.21204083,0.009910652,0.3135
412,0.34617212,0.049212668,1.208219
413,0.26949725,0.021294761,0.6293
414,0.49454927,0.15639617,1.2356335
415,0.6213294,0.32780647,1.1635085
416,0.3385268,0.042777568,0.8546
417,0.3176986,0.03345761,0.3615
418,0.3219539,0.034373652,0.40880007
419,0.51220614,0.15989432,1.3051115
420,0.57989657,0.24160473,1.1086028
421,0.2455,0.027864296,0.24550001
422,0.2235,0.06072635,0.22350003
423,0.42954406,0.08712108,0.51250005
424,0.6153867,0.29842627,1.389
425,0.5894755,0.30010092,1.2491517
426,0.59234697,0.31318846,1.0857642
427,0.41311768,0.09407046,0.7921
428,0.5766061,0.28591028,0.8022668
429,0.4065195,0.08958176,0.84043354
430,0.398719,0.084491596,0.76111525
431,0.54828995,0.24449223,0.62806904
432,0.175,0.044427805,0.17499998
433,0.5496077,0.24760991,0.5718366
434,0.60329586,0.341073,0.5050254
435,0.544718,0.2454632,0.5021858
436,0.51688904,0.20813423,0.49177858
437,0.3742577,0.07147519,0.55506617
438,0.2817,0.047896918,0.2817
439,0.35214928,0.059033908,0.49309996
440,0.41509497,0.102876484,0.48331442
441,0.2797,0.046937447,0.2797
442,0.3648522,0.06643687,0.4038
443,0.1272,0.049201693,0.12719999
444,0.4041538,0.09394488,0.5062922
445,0.5389007,0.24826191,0.40856487
446,0.44837674,0.13625899,0.42309552
447,0.42429477,0.11462561,0.4140598
448,0.44799942,0.13888836,0.38646874
449,0.39861816,0.09500892,0.39559972
450,0.38227051,0.083209164,0.3969014
451,0.4026958,0.09846304,0.4146914
452,0.43049642,0.124735765,0.374915
453,0.43073997,0.12656303,0.35522255
454,0.4115764,0.10967049,0.35512546
455,0.504757,0.21560085,0.34297326
456,0.519805,0.24259643,0.30705756
457,0.47904477,0.18809237,0.2975813
458,0.4503028,0.155387,0.28962222
459,0.41771,0.12260451,0.2866144
460,0.4066309,0.11275914,0.29145086
461,0.46379998,0.18428272,0.35126647
462,0.61264277,0.46177173,0.2694058
463,0.5235327,0.3032398,0.23502328
464,0.58259547,0.45849097,0.1848271
465,0.6883814,0.82129407,0.14711918
466,0.73291993,1.0288152,0.12923543
467,0.5882411,0.5125636,0.1356204
468,0.45421427,0.22181891,0.14627515
469,0.41492018,0.16678971,0.14583482
470,0.4470477,0.21675642,0.13491169
471,0.65011406,0.75247097,0.108014956
472,0.5569487,0.45790312,0.11511889
473,0.1655,0.11754293,0.1422897
474,0.47270462,0.2659527,0.1344197
475,0.47415426,0.26952666,0.13988014
476,0.49862877,0.3281557,0.12257256
477,0.1723,0.16103469,0.1290594
478,0.12580001,0.1258,0.1258
479,0.57155603,0.54540646,0.10745464
480,0.58655494,0.63542086,0.089561045
481,0.475565,0.33268026,0.08913891
482,0.3791,0.2869338,0.08332341
483,0.5436508,0.546557,0.073143356
484,0.63142276,0.9196596,0.061598524
485,0.52129513,0.5061266,0.06312013
486,0.2445,0.2445,0.06642331
487,0.024800012,0.024799997,0.0248
488,0.1918,0.1918,0.0629129
489,0.69397056,1.401125,0.044684574
490,0.3713,0.3461672,0.052790128
491,0.17520002,0.1752,0.05345428
492,0.2595,0.2595,0.050122377
493,0.2047,0.2047,0.047506887
494,0.5116688,0.5795064,0.041271854
495,0.2822,0.2822,0.043521244
496,0.2885,0.2885,0.04637357
497,1.0707434,2.8487,0.031211656
498,0.86473423,2.3084,0.031337902
499,0.9722536,2.7994,0.027495896
500,0.6102034,1.1537808,0.034142766
501,0.5976918,1.0939741,0.033404976
502,0.5363076,0.7800401,0.034579616
503,0.54890263,0.6733,0.044350177
504,0.7210814,1.5255,0.0359503
505,0.52007776,0.6649,0.0363824
506,0.53860927,0.759,0.03386597
507,0.57615244,1.0884,0.029075421
508,0.4677781,0.5249,0.029565297
509,0.515356,0.9018,0.026457347
510,0.6688565,1.8103,0.022351138
511,0.46928525,0.70346075,0.027000511
512,0.82764083,2.5436003,0.02073053
513,0.45932585,0.64213216,0.0287424
514,0.4519848,0.60463357,0.030293852
515,0.9973554,3.2254,0.019955272
516,0.77229124,2.4757,0.02399422
517,0.6928331,2.189,0.026551845
518,0.8029903,2.7258,0.02575284
519,0.8944454,3.1413,0.02590544
520,0.53647673,0.91403407,0.036224242
521,0.44490945,0.49417162,0.040772386
522,0.75867754,2.6059704,0.032477707
523,0.7752113,2.6950922,0.034247573
524,0.4544293,0.491834,0.048092026
525,0.86271995,3.0582,0.039043944
526,0.81987303,2.9196668,0.04289177
527,0.59086794,1.0455122,0.05429832
528,0.42321473,0.34961006,0.06600305
529,0.3244,0.21297437,0.07873563
530,0.8360384,2.8571,0.056216896
531,0.70208925,1.6554307,0.06368112
532,0.54352945,0.72282845,0.07436961
533,0.5012093,0.5512121,0.077715084
534,0.6489435,1.248295,0.07135719
535,1.0764331,3.8618,0.055814736
536,0.56978655,0.7776268,0.083904676
537,1.1053189,3.4436,0.084900886
538,0.6660582,1.2022369,0.10408046
539,0.54628044,0.6366439,0.10651525
540,0.6364844,1.0426626,0.092924975
541,0.6066898,0.8860338,0.09545825
542,0.4012978,0.22814143,0.11393701
543,0.57587343,0.7241625,0.11449025
544,0.4792561,0.40535703,0.11749645
545,0.52138627,0.54821116,0.10285814
546,1.4875002,3.5503,0.08972082
547,1.4426062,3.9553,0.09192075
548,0.4919083,0.5243147,0.19285052
549,0.5137894,0.53123164,0.21410982
550,0.47119585,0.3655176,0.22671817
551,0.55536306,0.5946554,0.2073649
552,1.7419062,5.6869,0.11469742
553,1.6146992,5.5468,0.13662788
554,0.5965586,0.614549,0.25954157
555,0.45118564,0.2402224,0.30415678
556,0.3343166,0.087170996,0.35690743
557,0.548604,0.43718258,0.31423092
558,0.40017998,0.14964792,0.38286826
559,1.1052694,3.5907469,0.23701994
560,1.3953574,5.0634,0.22092511
561,0.93597513,2.0081058,0.2995987
562,1.3509004,5.1282,0.25682622
563,1.3993961,5.3472,0.28284994
564,1.6401685,5.9812,0.29445258
565,0.7938381,0.96554095,0.49138036
566,0.3528045,0.06578413,0.7484285
567,0.30718604,0.041105155,0.6474
568,0.28657594,0.03225382,0.3719
569,0.4307461,0.123894505,0.75796556
570,0.76029444,0.8042758,0.56211305
571,1.4284805,4.9279656,0.41000718
572,0.46372318,0.1472862,0.8064201
573,0.34294558,0.053631023,0.92466676
574,0.4471235,0.12816077,0.86960596
575,0.4719994,0.15223753,0.8582312
576,0.47622928,0.15478994,0.892363
577,0.448476,0.124211505,0.9853036
578,0.57042664,0.26352382,1.106092
579,1.867341,5.634,0.5216659
580,1.8078196,5.6924,0.5080209
581,1.8341502,5.8792,0.5032404
582,2.2586243,6.716,0.47335008
583,1.6186764,5.0788207,0.6227128
584,1.8115256,6.2085,0.63428646
585,0.73321366,0.4389373,1.1210892
586,0.80399084,0.5963606,1.0686635
587,1.6391476,4.836515,0.7263675
588,1.1520034,1.7947077,0.9460767
589,1.6742817,4.8882704,0.7896618
590,1.4640877,3.3938506,0.9235644
591,1.5933821,4.1257715,0.9299279
592,1.6826224,4.579026,0.9674385
593,1.313256,2.3192563,1.1852748
594,1.2351135,1.9247897,1.2454154
595,1.5339562,3.5061922,1.125364
596,0.625621,0.2101815,1.8359538
597,0.5683415,0.15435982,1.8347929
598,0.82021934,0.52820057,1.4641125
599,0.52665836,0.12253555,1.7602628
600,0.6927941,0.30963075,1.471061
601,1.3847909,2.742491,1.0114183
602,0.378077,0.040847804,1.9689249
603,0.74073476,0.39045852,1.3487288
604,0.26414862,0.012574425,0.999
605,0.30108994,0.019259674,1.1838
606,0.49743327,0.102279834,1.9428653
607,0.41996515,0.0578958,1.8783998
608,0.7524282,0.4085956,1.5556197
609,2.0214555,6.6569295,0.995463
610,2.204897,7.3475003,1.0736359
611,1.7354151,4.3843007,1.3910542
612,1.9412014,5.4753056,1.3935261
613,1.9966148,5.60993,1.4935663
614,1.4679663,2.562688,1.8945789
615,0.6513665,0.19187796,2.8125966
616,0.8061051,0.390555,2.6168675
617,0.38161492,0.032363806,1.9288001
618,0.3614128,0.026927425,1.6293
619,0.40295956,0.038762268,1.8926002
620,0.545987,0.1059987,2.593
621,0.43776426,0.050944783,1.8985999
622,0.466088,0.0632924,2.1135
623,2.403549,7.4925,1.3910105
624,2.063821,5.6844773,1.6957414
625,0.8907171,0.4923154,2.749537
626,0.4638291,0.0564848,2.358
627,1.0656929,0.90533614,2.2094429
628,0.49052572,0.06934522,2.4952
629,0.70711297,0.23909415,2.5245237
630,0.66372275,0.1934762,2.7284372
631,0.48195505,0.06687176,2.217
632,1.0029669,0.7687689,2.1186984
633,1.2525128,1.5703727,1.8020029
634,1.143861,1.1905943,1.8385422
635,1.2408819,1.5453314,1.718528
636,1.203872,1.414931,1.7103981
637,0.704628,0.24963817,2.1697857
638,1.0150468,0.836086,1.8248247
639,1.025383,0.8736434,1.7540864
640,0.3736637,0.030617587,1.482
641,0.9205464,0.6218213,1.8543075
642,1.310774,1.9161503,1.4908462
643,1.3977911,2.311909,1.4476786
644,1.2701283,1.7363393,1.5283294
645,1.0445281,0.94607013,1.6830729
646,1.4503402,2.584081,1.3881483
647,0.5939873,0.14750159,2.1775987
648,0.5277457,0.099994086,2.2787192
649,0.5535309,0.118689805,2.1202865
650,0.53939766,0.108187385,2.332603
651,0.5508579,0.11737642,2.1832128
652,0.30364817,0.016153246,0.71130013
653,0.31948105,0.019045277,0.7232
654,0.38049513,0.033601925,0.9596001
655,0.8430225,0.48286495,1.9192847
656,1.1127298,1.2036659,1.515653
657,1.4770046,2.8303893,1.2443359
658,0.7437177,0.3236157,1.7499248
659,0.8003716,0.4173241,1.6321166
660,0.4306382,0.05323776,1.4848
661,0.6057082,0.165142,1.9865005
662,0.7257957,0.29710242,2.0688546
663,1.9470171,5.6936,0.9946214
664,0.75166094,0.3399703,1.479191
665,1.340101,2.2008338,0.9813572
666,2.023138,6.0148,0.72476363
667,1.3009659,1.9505197,0.9504147
668,0.9221226,0.6519091,1.2290881
669,0.4594766,0.0650382,1.0476
670,0.97248656,0.7996449,1.031112
671,1.4254768,2.6592894,0.7510694
672,1.0065247,0.91471153,0.86466116
673,0.8788622,0.5982247,0.8734343
674,1.1276339,1.3554695,0.7272877
675,0.82596385,0.50153106,0.8298699
676,1.0920353,1.2507428,0.7186709
677,1.4149168,2.75027,0.6124568
678,1.8849552,5.622615,0.5407574
679,1.8381703,5.1463675,0.6002842
680,1.3743669,2.333118,0.75975955
681,0.8948871,0.6022947,1.0330634
682,1.2295065,1.6740124,0.8762416
683,1.0123528,0.913599,0.95884085
684,0.59464264,0.15848722,1.2836491
685,0.6527939,0.21952373,1.1746912
686,0.8524591,0.5404604,0.9793905
687,1.1651356,1.4867975,0.83924025
688,1.8471113,5.259112,0.6794809
689,0.69494295,0.26734447,1.1919638
690,0.8015306,0.43628454,1.0567248
691,0.7431243,0.34462023,1.0604994
692,0.9258846,0.72079974,0.9195449
693,1.1573269,1.4820495,0.81214494
694,0.95790744,0.8186789,0.8899852
695,1.6449133,4.0739098,0.6672201
696,1.6829021,4.217708,0.7082676
697,1.3564227,2.3034754,0.84663546
698,1.133654,1.324383,1.0211087
699,0.8654651,0.5578261,1.1973788
700,1.1351501,1.3512183,1.0103787
701,1.908788,5.553833,0.7679569
702,0.5243111,0.102594405,1.6104507
703,0.33077565,0.022163356,0.7829
704,0.6893603,0.24912083,1.896182
705,0.5122892,0.09472859,1.5364
706,1.4085777,2.547806,0.9554918
707,1.2604669,1.8342366,0.9676798
708,0.9738375,0.81575507,1.1049368
709,1.5587598,3.4150314,0.81396925
710,0.64925545,0.21423943,1.2827216
711,1.2669189,1.8918623,0.8649524
712,0.4363761,0.05755675,1.2732
713,0.6469643,0.21595906,1.244791
714,0.7091798,0.2983771,1.109802
715,0.9542797,0.80532426,0.90611106
716,0.6879805,0.27769443,1.0382508
717,0.62862945,0.20850717,1.0474347
718,0.7632892,0.40087584,0.9592016
719,1.3523757,2.4731395,0.6988976
720,0.5621912,0.14597216,1.092621
721,0.42716333,0.058838215,1.1417
722,1.5359763,3.5683212,0.60946375
723,1.2515718,1.9664627,0.7111413
724,0.96522844,0.8746701,0.8181681
725,1.2338125,1.9024789,0.71091366
726,0.5216298,0.11543892,1.1050247
727,0.82163095,0.53026503,0.8503018
728,1.2805952,2.1710632,0.67178583
729,1.1499496,1.5659292,0.7258709
730,1.1021743,1.3778098,0.74778736
731,0.9944512,1.0015209,0.79087436
732,0.9882333,0.99017584,0.7893814
733,1.1194121,1.4768448,0.7377399
734,0.6222591,0.21960984,0.9973332
735,0.75766814,0.4277997,0.88065696
736,0.38909563,0.04682048,1.1988088
737,1.0605973,1.2943537,0.70941234
738,0.92011285,0.8287127,0.7666086
739,0.4840353,0.09975521,1.0474883
740,0.3098574,0.022448044,0.6898
741,1.0328103,1.2008436,0.8308621
742,1.003076,1.1009506,0.83897305
743,0.62538815,0.23597984,1.0548016
744,0.750158,0.43669215,0.93534505
745,0.7606047,0.46232012,0.9089461
746,0.38959584,0.050181422,1.2375153
747,0.81259835,0.5841087,0.8520603
748,0.7527604,0.45911407,0.8717086
749,0.57435185,0.18907534,0.9787553
750,0.6872532,0.34742376,0.87223196
751,0.55647457,0.17403182,0.94925994
752,0.66027975,0.3110655,0.8504676
753,0.3986515,0.058304124,1.0690954
754,0.427659,0.074412026,1.004842
755,0.42688337,0.074677035,0.9776038
756,0.5697383,0.19796826,0.8250838
757,0.6961789,0.3895925,0.7316464
758,0.7005766,0.40213448,0.71944004
759,0.46955073,0.10722705,0.8659541
760,0.35518333,0.042549547,0.9701421
761,0.27467403,0.018134888,0.4878
762,0.63667184,0.3013263,0.7323715
763,0.31562752,0.029167993,0.8816001
764,0.49476895,0.13222829,0.80206645
765,0.3277009,0.0336475,0.9616636
766,0.6438006,0.31664094,0.7835428
767,0.5478186,0.18679336,0.8339999
768,0.46613225,0.10993793,0.88355887
769,0.3099027,0.028294759,0.6348
770,0.59171385,0.2431667,0.84756213
771,0.42676848,0.08235982,0.9693085
772,0.39915833,0.06634546,0.96978164
773,0.3601013,0.04733918,0.9585999
774,0.3393781,0.03908503,0.7844
775,0.39975572,0.06802362,0.8900081
776,0.29008728,0.023445055,0.3135
777,0.4718208,0.11571763,1.0129086
778,0.36635342,0.050173033,0.6293
779,0.66829944,0.36435497,0.9222661
780,0.829755,0.75503427,0.7417164
781,0.4484056,0.10150316,0.83723587
782,0.3615,0.08072456,0.36149997
783,0.4088,0.0855938,0.4088
784,0.6616569,0.40354407,0.4967311
785,0.74334365,0.6163105,0.3920284
786,0.2455,0.07317722,0.24550001
787,0.2235,0.16059735,0.2235
788,0.5125,0.24388039,0.48895723
789,0.7224363,0.84154946,0.41418445
790,0.6660664,0.82400495,0.37572616
791,0.6340345,0.747934,0.38094783
792,0.4258179,0.1908821,0.46623495
793,0.58387077,0.51612145,0.371948
794,0.4079347,0.15299885,0.41554046
795,0.39801225,0.13870007,0.3929628
796,0.5453555,0.3876149,0.33522898
797,0.175,0.06883974,0.17499998
798,0.54323137,0.3732013,0.32193282
799,0.5946742,0.50100994,0.29298577
800,0.5356835,0.35417148,0.2994543
801,0.5073628,0.29548833,0.3003033
802,0.36675772,0.10027485,0.3465796
803,0.2817,0.06638337,0.2817
804,0.34417987,0.08086112,0.345351
805,0.40527207,0.13926981,0.31589523
806,0.2797,0.06293099,0.2797
807,0.35550293,0.088132285,0.3750335
808,0.1272,0.06434582,0.12719999
809,0.39268717,0.12122338,0.3507768
810,0.52296317,0.3151905,0.28900614
811,0.4345583,0.1710495,0.30511963
812,0.4107952,0.14236149,0.3035639
813,0.43336195,0.17073497,0.28749588
814,0.38526013,0.11577622,0.29832697
815,0.36918488,0.100547634,0.3030705
816,0.3886846,0.11794106,0.3206011
817,0.4151093,0.14768709,0.29453415
818,0.41498646,0.14835644,0.28301907
819,0.39622852,0.12741679,0.28655723
820,0.48569143,0.24800949,0.2802143
821,0.49969056,0.27559096,0.25513384
822,0.46013737,0.21157494,0.25083798
823,0.43224448,0.17329514,0.24716297
824,0.40072674,0.13570033,0.24728042
825,0.3899258,0.123927355,0.25394312
826,0.45609283,0.20087205,0.30945808
827,0.58725506,0.49239564,0.24289565
828,0.50189245,0.31684488,0.216933
829,0.5587035,0.4716409,0.17402871
830,0.6603916,0.83528185,0.14093626
831,0.7032842,1.0375401,0.12562898
832,0.5644416,0.5134905,0.1334217
833,0.43579453,0.22092605,0.14531188
834,0.39806736,0.16524789,0.14608082
835,0.4288842,0.21373583,0.1361266
836,0.623813,0.73915356,0.10970137
837,0.53439,0.44794583,0.11758314
838,0.1655,0.11450085,0.14610386
839,0.45347005,0.2580577,0.13881452
840,0.45494613,0.2601572,0.14566289
841,0.47862563,0.3146788,0.12898141
842,0.1723,0.15353805,0.13697022
843,0.1258,0.1258,0.1258
844,0.5496712,0.513805,0.11618263
845,0.5651065,0.59489286,0.097715914
846,0.45870078,0.30969992,0.09800882
847,0.3791,0.26596224,0.09226479
848,0.52524376,0.5053582,0.08149121
849,0.6107335,0.84910035,0.06901298
850,0.50463563,0.4656609,0.07098844
851,0.24449998,0.23078981,0.07496804
852,0.024800008,0.024800006,0.024800003
853,0.1918,0.1918,0.07167674
854,0.6739967,1.2796388,0.051158562
855,0.3713,0.31468272,0.060493432
856,0.17519999,0.1752,0.061395876
857,0.2595,0.2595,0.05775725
858,0.2047,0.2047,0.05491242
859,0.49845073,0.5233141,0.047833066
860,0.2822,0.2822,0.05048694
861,0.2885,0.2885,0.053899672
862,1.045512,2.8487,0.036387086
863,0.84603715,2.3084,0.036654305
864,0.9525621,2.7994,0.032250594
865,0.5982603,1.0352813,0.040134195
866,0.5865489,0.98324424,0.039211966
867,0.5267007,0.7011946,0.04052271
868,0.53940535,0.6733,0.05189945
869,0.71009535,1.5255,0.042132862
870,0.513289,0.6649,0.04268135
871,0.53243726,0.759,0.039725374
872,0.57056195,1.0884,0.034071263
873,0.46383336,0.5249,0.03458566
874,0.51148826,0.8570781,0.030888634
875,0.66443515,1.8103,0.026009943
876,0.46642107,0.6366912,0.031352255
877,0.8232018,2.5436,0.023979248
878,0.4570451,0.5840159,0.03316465
879,0.44998568,0.551581,0.034821447
880,0.99362975,3.2254,0.022844233
881,0.7696651,2.4757,0.02739599
882,0.6906828,2.0378492,0.030244777
883,0.80108005,2.7258,0.029157024
884,0.89252025,3.1413,0.029270574
885,0.5354008,0.8474481,0.04085248
886,0.4441751,0.45875117,0.045822125
887,0.75764436,2.444375,0.03640602
888,0.77464885,2.5413811,0.038158786
889,0.45435143,0.46246877,0.053278934
890,0.8627422,3.0582,0.04315371
891,0.81999993,2.775418,0.047282193
892,0.5912769,0.992786,0.059496325
893,0.4236126,0.33212867,0.072075255
894,0.3244,0.2025626,0.08577061
895,0.83704644,2.7504985,0.061035395
896,0.70324326,1.5901474,0.06865354
897,0.5445843,0.6950378,0.079761826
898,0.50227356,0.53096753,0.08303493
899,0.6504184,1.2063969,0.07599662
900,1.0791078,3.8618,0.059200555
901,0.5712629,0.7537743,0.08875737
902,1.1082867,3.4436,0.08954853
903,0.66794264,1.172744,0.109158166
904,0.5479215,0.62260777,0.11106436
905,0.6384647,1.0224972,0.09645
906,0.6086576,0.8705961,0.09868778
907,0.40265387,0.22447208,0.11736687
908,0.5778477,0.71388775,0.11761022
909,0.48094034,0.4006964,0.12019252
910,0.52322173,0.54328984,0.10482632
911,1.4925243,3.5503,0.09112299
912,1.4483988,3.9553,0.09251027
913,0.49402162,0.530624,0.19212541
914,0.5154036,0.5377478,0.2130614
915,0.47231656,0.3690557,0.22573836
916,0.55650264,0.5996406,0.20627575
917,1.7450763,5.6869,0.11398488
918,1.6175065,5.5468,0.13566336
919,0.5975994,0.61936826,0.25756514
920,0.45196095,0.24213246,0.30177617
921,0.33488736,0.08787272,0.35404164
922,0.5495282,0.4406506,0.31164676
923,0.4008439,0.15085837,0.37956664
924,1.1070386,3.6141503,0.23485503
925,1.3974373,5.0634,0.21891303
926,0.9373768,2.0222108,0.29676285
927,1.3528322,5.1282,0.2544256
928,1.4013819,5.3472,0.28015682
929,1.6424621,5.9812,0.29161763
930,0.7949702,0.97289383,0.4866503
931,0.35330668,0.06630682,0.74144775
932,0.30762437,0.041434146,0.6474
933,0.28698438,0.03251346,0.37189996
934,0.43135577,0.12489168,0.75083625
935,0.7613565,0.81050116,0.556826
936,1.4303968,4.955231,0.4062
937,0.46432206,0.14835589,0.79956853
938,0.34338963,0.054024056,0.91696304
939,0.44770008,0.1290981,0.86248094
940,0.4726045,0.15335034,0.8512703
941,0.4768349,0.15591967,0.88519317
942,0.44904068,0.12511775,0.9774055
943,0.5711283,0.26542413,1.0970939
944,1.8693016,5.634,0.5174184
945,1.8095256,5.6924,0.5038659
946,1.8357712,5.8792,0.49903622
947,2.260509,6.716,0.469329
948,1.6200128,5.103085,0.6174209
949,1.8128544,6.2085,0.6293281
950,0.7337623,0.44164655,1.112573
951,0.8045803,0.5999444,1.0608459
952,1.6402857,4.8567524,0.72120756
953,1.1527361,1.8034606,0.94000375
954,1.6752723,4.905651,0.7848755
955,1.4648737,3.406328,0.9185223
956,1.5941658,4.1388383,0.9252855
957,1.6833732,4.591656,0.96307063
958,1.3137941,2.326365,1.1804956
959,1.2355903,1.9305193,1.2408123
960,1.5345105,3.5148218,1.1215148
961,0.625836,0.21080406,1.8304367
962,0.5685355,0.15481345,1.8296224
963,0.82049435,0.5296955,1.4601927
964,0.5268332,0.12288536,1.7558873
965,0.6930209,0.3104938,1.4675934
966,1.3852257,2.7486928,1.0091375
967,0.3781915,0.040954355,1.9650899
968,0.7409548,0.39144284,1.3462218
969,0.2642271,0.012606428,0.9990001
970,0.3011784,0.019308213,1.1838
971,0.49757645,0.102532804,1.9396043
972,0.42008427,0.058036517,1.8783998
973,0.7526331,0.40954393,1.553187
974,2.0219634,6.6654406,0.99398386
975,2.2053728,7.3474994,1.0723166
976,1.7357808,4.3903494,1.3894309
977,1.9415611,5.481292,1.3922004
978,1.996938,5.6152425,1.4924587
979,1.4681786,2.5656135,1.89354
980,0.6514554,0.19212268,2.811434
981,0.806212,0.3910338,2.61592
982,0.38166416,0.03240308,1.9288001
983,0.3614583,0.026959276,1.6293
984,0.4030084,0.038806748,1.8926
985,0.54605025,0.106115684,2.593
986,0.43781137,0.05099829,1.8986
987,0.46613517,0.063356146,2.1135
988,2.4037623,7.4925,1.3905362
989,2.0639942,5.687724,1.6951653
990,0.8907831,0.49270993,2.7488933
991,0.4638619,0.056529716,2.358
992,1.0657642,0.9059959,2.2090054
993,0.4905573,0.06939655,2.4952
994,0.7071563,0.23926458,2.5241303
995,0.66376203,0.19361062,2.7280715
996,0.4819821,0.06691702,2.217
997,1.0030197,0.7692505,2.11841
998,1.2525723,1.5712546,1.8017662
999,1.1439096,1.1912372,1.8383403
1000,1.2409296,1.5460982,1.7183716
1001,1.203913,1.4155958,1.7102833
1002,0.70464987,0.2497584,2.1696918
1003,1.0150759,0.83646023,1.8247597
1004,1.0254093,0.8740146,1.7540457
1005,0.37367272,0.03063076,1.482
1006,0.9205667,0.62207085,1.8542902
1007,1.3107986,1.9168158,1.4908402
1008,1.397812,2.312629,1.4476981
1009,1.2701429,1.7368587,1.5283792
1010,1.0445379,0.9463493,1.6831536
1011,1.4503496,2.5847151,1.3882265
1012,0.5939898,0.14754148,2.177758
1013,0.5277474,0.100020304,2.2788897
1014,0.553532,0.118719846,2.1204445
1015,0.53939825,0.10821377,2.3327794
1016,0.5508574,0.117403746,2.1833692
1017,0.3036473,0.016156854,0.7113001
1018,0.31947982,0.019049365,0.7232001
1019,0.38049316,0.03360878,0.95959985
1020,0.8430153,0.48295173,1.9193219
1021,1.112717,1.2038542,1.5156351
1022,1.4769846,2.830747,1.2443043
1023,0.7437059,0.3236594,1.7498827
1024,0.80035824,0.41737694,1.6320733
1025,0.43063056,0.053244315,1.4848
1026,0.6056971,0.16516103,1.9864383
1027,0.72578204,0.29713407,2.0687625
1028,1.9469737,5.6936,0.99458367
1029,0.7516424,0.33999753,1.4791299
1030,1.3400666,2.200977,0.9813106
1031,2.0230849,6.0148,0.7247277
1032,1.3009307,1.9506265,0.9503664
1033,0.92209697,0.6519439,1.2290312
1034,0.4594636,0.06504151,1.0476
1035,0.9724592,0.7996808,1.0310663
1036,1.4254369,2.6593869,0.7510366
1037,1.0064956,0.9147453,0.8646269
1038,0.8788367,0.5982457,0.87340164
1039,1.1276021,1.355513,0.72726136
1040,0.82594025,0.5015466,0.8298435
1041,1.0920044,1.2507778,0.71864897
1042,1.4148767,2.7503328,0.6124395
1043,1.8849027,5.622704,0.5407438
1044,1.8381197,5.146439,0.60027206
1045,1.3743289,2.3331525,0.7597467
1046,0.8948625,0.6023034,1.0330491
1047,1.229473,1.6740335,0.8762303
1048,1.0123254,0.9136091,0.95883054
1049,0.59462637,0.1584888,1.2836373
1050,0.6527758,0.21952577,1.1746812
1051,0.8524359,0.5404648,0.9793839
1052,1.1651044,1.4868082,0.83923566
1053,1.8470632,5.259135,0.6794788
1054,0.69492424,0.26734543,1.1919634
1055,0.8015093,0.4362853,1.0567273
1056,0.74310434,0.34462038,1.0605032
1057,0.9258603,0.7207995,0.9195488
1058,1.1572965,1.4820467,0.81214964
1059,0.9578822,0.8186761,0.8899918
1060,1.6448709,4.0738945,0.667226
1061,1.6828591,4.217693,0.7082734
1062,1.3563879,2.3034623,0.84664446
1063,1.1336253,1.3243749,1.0211183
1064,0.86544305,0.5578216,1.1973915
1065,1.1351206,1.3512058,1.0103916
1066,1.9087411,5.5537953,0.7679672
1067,0.5242978,0.10259331,1.6104721
1068,0.33076718,0.022163078,0.7829
1069,0.6893428,0.24911763,1.8962091
1070,0.5122761,0.09472693,1.5364
1071,1.4085425,2.547764,0.95551467
1072,1.2604357,1.8342034,0.96770436
1073,0.9738136,0.8157392,1.104965
1074,1.5587221,3.414973,0.8139913
1075,0.6492396,0.21423481,1.2827581
1076,1.2668889,1.8918234,0.86497766
1077,0.4363655,0.0575554,1.2732
1078,0.6469488,0.21595383,1.2448289
1079,0.70916265,0.29836947,1.1098379
1080,0.9542568,0.8053029,0.90614164
1081,0.6879636,0.2776866,1.0382867
1082,0.628614,0.20850107,1.0474715
1083,0.7632703,0.4008636,0.9592374
1084,1.3523433,2.4730732,0.6989243
1085,0.56217766,0.1459677,1.0926613
1086,0.42715308,0.058836382,1.1417
1087,1.5359403,3.5682292,0.6094886
1088,1.2515429,1.9664086,0.7111685
1089,0.9652062,0.87464476,0.8181985
1090,1.2337848,1.902428,0.71093965
1091,0.52161807,0.115435496,1.1050625
1092,0.8216127,0.5302493,0.850331
1093,1.2805674,2.171005,0.67180884
1094,1.1499243,1.5658864,0.72589475
1095,1.10215,1.3777728,0.7478105
1096,0.9944295,1.0014933,0.7908981
1097,0.9882121,0.99014854,0.78940433
1098,1.1193881,1.4768053,0.7377606
1099,0.6222456,0.21960351,0.9973601
1100,0.75765175,0.4277871,0.88068056
1101,0.38908705,0.04681903,1.1988407
1102,1.0605743,1.2943159,0.70943075
1103,0.9200931,0.8286877,0.76662767
1104,0.48402497,0.09975214,1.0475135
1105,0.30985075,0.02244734,0.6898
1106,1.0327883,1.2008075,0.83088285
1107,1.0030545,1.1009172,0.8389937
1108,0.62537485,0.2359723,1.0548265
1109,0.75014216,0.43667835,0.9353674
1110,0.7605885,0.46230513,0.9089675
1111,0.3895877,0.05017977,1.2375441
1112,0.81258166,0.5840899,0.85208046
1113,0.75274503,0.45909935,0.87172914
1114,0.5743403,0.18906899,0.978779
1115,0.6872392,0.34741193,0.87225306
1116,0.55646336,0.17402567,0.94928277
1117,0.6602665,0.3110544,0.8504887
1118,0.39864358,0.058301993,1.0691208
1119,0.4276505,0.07440926,1.0048666
1120,0.42687488,0.07467428,0.97762793
1121,0.5697272,0.19796108,0.82510346
1122,0.69616544,0.38957813,0.7316646
1123,0.70056283,0.40211925,0.7194582
1124,0.46954143,0.1072229,0.865976
1125,0.35517645,0.042547897,0.97016585
1126,0.2746686,0.018134175,0.4878
1127,0.63665926,0.30131444,0.73238987
1128,0.3156213,0.029166803,0.8816
1129,0.49475923,0.13222271,0.80208844
1130,0.32769462,0.03364611,0.9616882
1131,0.64378804,0.31662798,0.78356355
1132,0.547808,0.18678562,0.83402133
1133,0.4661231,0.10993329,0.883583
1134,0.30989662,0.028293535,0.6348
1135,0.5917025,0.2431562,0.84758675
1136,0.4267601,0.08235608,0.96933794
1137,0.39915055,0.06634246,0.9698128
1138,0.36009413,0.04733696,0.9586
1139,0.33937144,0.039083175,0.7844
1140,0.39974794,0.068020396,0.89003956
1141,0.29008162,0.023443941,0.31349996
1142,0.47181165,0.11571211,1.0129453
1143,0.36634648,0.050170578,0.6293
1144,0.6682867,0.3643372,0.9223085
1145,0.8297401,0.7549973,0.7417532
1146,0.4483979,0.10149776,0.83728087
1147,0.3615,0.08072018,0.3615
1148,0.4088,0.08558905,0.4088
1149,0.66164726,0.40352196,0.49676332
1150,0.74333346,0.61627716,0.39205468
1151,0.2455,0.073173136,0.24549998
1152,0.2235,0.16058844,0.22349998
1153,0.5125,0.24386632,0.488993
1154,0.7224305,0.8415024,0.41421378
1155,0.66606206,0.82396054,0.3757521
1156,0.634032,0.74789906,0.38097104
1157,0.42581734,0.1908752,0.4662573
1158,0.5838703,0.51610625,0.371964
1159,0.40793464,0.15299486,0.4155563
1160,0.3980123,0.13869679,0.39297673
1161,0.54535556,0.38760668,0.3352402
1162,0.175,0.06883836,0.17500001
1163,0.5432318,0.3731945,0.32194185
1164,0.5946748,0.5010016,0.2929936
1165,0.53568405,0.35416585,0.29946193
1166,0.50736344,0.29548395,0.30031034
1167,0.36675817,0.100273445,0.34658712
1168,0.2817,0.06638247,0.2817
1169,0.3441803,0.08086003,0.34535784
1170,0.4052725,0.13926809,0.3159007
1171,0.2797,0.062930174,0.2797
1172,0.35550353,0.08813124,0.37503925
1173,0.1272,0.06434516,0.12719999
1174,0.3926878,0.12122234,0.35078084
1175,0.5229642,0.31518808,0.2890092
1176,0.4345592,0.17104825,0.30512273
1177,0.41079584,0.14236048,0.30356696
1178,0.4333626,0.17073391,0.2874985
1179,0.38526076,0.1157755,0.29832953
1180,0.36918548,0.10054712,0.30307284
1181,0.38868523,0.11794045,0.3206031
1182,0.41510993,0.14768648,0.29453585
1183,0.41498727,0.14835575,0.2830207
1184,0.39622933,0.12741633,0.28655857
1185,0.4856924,0.2480086,0.28021565
1186,0.49969158,0.27559012,0.2551351
1187,0.46013826,0.21157439,0.25083897
1188,0.43224517,0.17329459,0.24716407
1189,0.40072757,0.13570005,0.24728127
1190,0.38992655,0.12392723,0.25394374
1191,0.45609376,0.20087186,0.30945855
1192,0.58725643,0.49239603,0.24289565
1193,0.50189346,0.31684545,0.2169326
1194,0.55870473,0.4716423,0.17402822
1195,0.6603932,0.83528507,0.14093578
1196,0.7032859,1.0375437,0.12562856
1197,0.564443,0.5134921,0.13342118
1198,0.43579555,0.22092706,0.14531112
1199,0.39806828,0.16524854,0.14608012
1200,0.42888516,0.21373679,0.13612594
1201,0.62381417,0.73915684,0.1097008
1202,0.53439087,0.44794783,0.11758256
1203,0.1655,0.11450131,0.14610316
1204,0.4534709,0.258059,0.13881387
1205,0.4549469,0.2601585,0.14566219
1206,0.47862667,0.31468037,0.12898079
1207,0.1723,0.1535389,0.13696945
1208,0.12579998,0.1258,0.1258
1209,0.54967225,0.5138083,0.11618168
1210,0.56510764,0.5948968,0.09771507
1211,0.45870155,0.30970255,0.09800788
1212,0.3791,0.26596442,0.09226375
1213,0.5252448,0.50536245,0.08149029
1214,0.61073464,0.8491071,0.0690122
1215,0.5046364,0.4656647,0.07098768
1216,0.24449998,0.23079179,0.0749672
1217,0.024799988,0.024800006,0.0248
1218,0.19179998,0.1918,0.07167582
1219,0.67399776,1.2796489,0.051157933
1220,0.3713,0.31468534,0.06049267
1221,0.17519999,0.1752,0.061395064
1222,0.2595,0.25950003,0.057756543
1223,0.2047,0.2047,0.054911748
1224,0.49845123,0.52331847,0.047832455
1225,0.2822,0.2822,0.0504863
1226,0.2885,0.2885,0.05389901
1227,1.0455129,2.8487,0.03638662
1228,0.846038,2.3084,0.036653876
1229,0.9525628,2.7994,0.0322502
1230,0.5982608,1.0352893,0.040133704
1231,0.58654934,0.983252,0.039211508
1232,0.52670103,0.7012002,0.040522236
1233,0.5394059,0.6733,0.051898845
1234,0.710096,1.5255,0.04213237
1235,0.51328933,0.6649,0.042680874
1236,0.5324376,0.759,0.039724905
1237,0.57056236,1.0884,0.034070868
1238,0.4638335,0.5249,0.034585252
1239,0.51148826,0.85708475,0.030888306
1240,0.66443497,1.8102999,0.0260097
1241,0.46642095,0.6366953,0.031351965
1242,0.82320154,2.5436,0.023979016
1243,0.45704478,0.58401954,0.033164356
1244,0.44998556,0.55158436,0.034821127
1245,0.99362946,3.2254,0.022844022
1246,0.76966476,2.4757,0.027395735
1247,0.6906823,2.0378575,0.030244553
1248,0.80107945,2.7258,0.02915684
1249,0.89251965,3.1413,0.029270397
1250,0.5354004,0.8474506,0.040852234
1251,0.4441747,0.45875257,0.04582185
1252,0.75764376,2.4443815,0.036405805
1253,0.77464825,2.541388,0.038158543
1254,0.4543511,0.46246973,0.053278636
1255,0.8627415,3.0582,0.043153454
1256,0.81999934,2.7754245,0.047281913
1257,0.5912765,0.99278873,0.059495967
1258,0.42361227,0.33212963,0.07207483
1259,0.3244,0.20256332,0.0857701
1260,0.83704585,2.7505064,0.061035033
1261,0.70324284,1.5901518,0.0686532
1262,0.5445839,0.6950395,0.07976151
1263,0.5022733,0.5309689,0.08303453
1264,0.65041804,1.2063996,0.07599632
1265,1.0791072,3.8618,0.059200354
1266,0.57126266,0.75377584,0.08875703
1267,1.1082859,3.4436,0.089548305
1268,0.6679422,1.1727455,0.1091579
1269,0.5479212,0.6226079,0.11106419
1270,0.6384643,1.0224972,0.0964499
1271,0.60865706,0.8705953,0.09868778
1272,0.40265343,0.22447161,0.11736705
1273,0.5778472,0.7138863,0.1176105
1274,0.48093984,0.40069488,0.12019304
1275,0.52322114,0.543288,0.10482672
1276,1.4925222,3.5502996,0.09112352
1277,1.4483969,3.9552999,0.09251094
1278,0.49402112,0.5306198,0.19212714
1279,0.51540303,0.53774345,0.21306333
1280,0.47231615,0.36905298,0.22574034
1281,0.5565021,0.5996363,0.20627764
1282,1.7450755,5.6869,0.11398604
1283,1.6175058,5.5468,0.13566469
1284,0.59759915,0.61936396,0.25756767
1285,0.4519606,0.24213074,0.30177903
1286,0.33488724,0.08787208,0.35404506
1287,0.5495278,0.44064733,0.31164977
1288,0.40084374,0.15085745,0.37956977
1289,1.1070379,3.6141312,0.23485695
1290,1.3974367,5.0634,0.21891484
1291,0.93737656,2.0222003,0.296765
1292,1.3528321,5.1282,0.25442716
1293,1.4013816,5.3472,0.2801587
1294,1.6424615,5.9812,0.29161957
1295,0.79497004,0.97289,0.4866533
1296,0.35330653,0.06630654,0.7414518
1297,0.30762422,0.041433975,0.6474
1298,0.2869843,0.03251332,0.3719
1299,0.4313558,0.124891296,0.7508393
1300,0.7613563,0.8104987,0.55682814
1301,1.4303966,4.95522,0.4062016
1302,0.4643221,0.14835536,0.7995718
1303,0.34338966,0.054023895,0.91696584
1304,0.4477001,0.12909782,0.86248296
1305,0.47260457,0.1533501,0.8512716
1306,0.47683495,0.15591958,0.88519377
1307,0.4490407,0.12511769,0.9774061
1308,0.5711284,0.26542413,1.0970939
1309,1.8693018,5.634,0.5174184
1310,1.809526,5.6924,0.5038659
1311,1.8357719,5.8792,0.49903622
1312,2.2605093,6.716,0.469329
1313,1.6200129,5.1030855,0.6174209
1314,1.8128545,6.2085,0.6293281
1315,0.73376256,0.44164655,1.112573
1316,0.80458057,0.5999445,1.0608459
1317,1.6402858,4.856753,0.72120756
1318,1.1527363,1.8034608,0.94000375
1319,1.6752728,4.9056516,0.7848755
1320,1.464874,3.4063284,0.9185223
1321,1.5941663,4.1388383,0.9252855
1322,1.6833738,4.591656,0.96307063
1323,1.3137946,2.3263652,1.1804956
1324,1.2355905,1.9305193,1.2408123
1325,1.5345106,3.5148222,1.1215148
1326,0.6258362,0.21080406,1.8304367
1327,0.5685357,0.15481345,1.8296224
1328,0.8204946,0.5296955,1.4601927
1329,0.52683336,0.122885406,1.7558873
1330,0.6930211,0.3104938,1.4675934
1331,1.3852261,2.7486928,1.0091375
1332,0.37819168,0.040954355,1.9650899
1333,0.74095505,0.39144292,1.3462218
1334,0.26422712,0.012606428,0.9990001
1335,0.3011784,0.019308213,1.1838
1336,0.49757656,0.102532804,1.9396043
1337,0.4200843,0.058036517,1.8783998
1338,0.7526334,0.40954393,1.553187
1339,2.0219638,6.6654406,0.99398386
1340,2.2053728,7.3474994,1.0723166
1341,1.7357813,4.3903494,1.3894309
1342,1.9415618,5.481292,1.3922004
1343,1.9969387,5.6152425,1.4924587
1344,1.4681791,2.5656142,1.89354
1345,0.6514558,0.19212288,2.8114324
1346,0.8062123,0.39103407,2.6159184
1347,0.38166437,0.03240312,1.9288001
1348,0.36145848,0.026959304,1.6293
1349,0.4030086,0.03880679,1.8926
1350,0.5460506,0.10611579,2.593
1351,0.4378114,0.05099834,1.8986
1352,0.4661352,0.06335618,2.1135
1353,2.403763,7.4925003,1.3905349
1354,2.0639946,5.6877265,1.6951641
1355,0.8907833,0.49271047,2.7488909
1356,0.46386224,0.056529775,2.358
1357,1.0657645,0.9059967,2.2090034
1358,0.4905576,0.06939666,2.4952
1359,0.7071566,0.239265,2.5241287
1360,0.6637622,0.19361094,2.72807
1361,0.48198235,0.06691716,2.217
1362,1.00302,0.7692518,2.1184084
1363,1.252573,1.5712557,1.8017663
1364,1.1439099,1.1912383,1.8383404
1365,1.24093,1.5460997,1.7183717
1366,1.2039135,1.4155971,1.7102834
1367,0.7046501,0.24975857,2.1696923
1368,1.0150763,0.83646095,1.8247603
1369,1.0254096,0.87401545,1.7540458
1370,0.37367275,0.030630777,1.482
1371,0.9205669,0.62207144,1.8542904
1372,1.310799,1.916817,1.4908403
1373,1.3978125,2.3126307,1.4476982
1374,1.2701433,1.7368602,1.5283797
1375,1.0445381,0.94635016,1.6831541
1376,1.4503504,2.5847168,1.3882265
1377,0.59398997,0.14754155,2.177758
1378,0.5277475,0.10002036,2.2788897
1379,0.5535322,0.11871996,2.1204445
1380,0.5393984,0.10821383,2.3327796
1381,0.5508576,0.11740385,2.1833694
1382,0.30364743,0.016156869,0.7113001
1383,0.31948,0.019049384,0.7231999
1384,0.38049334,0.033608813,0.9595999
1385,0.84301555,0.48295212,1.9193225
1386,1.1127174,1.2038554,1.5156353
1387,1.4769851,2.830749,1.2443042
1388,0.74370617,0.32365963,1.7498811
1389,0.8003584,0.41737732,1.6320719
1390,0.43063077,0.053244367,1.4848
1391,0.6056973,0.1651612,1.986437
1392,0.7257822,0.29713428,2.0687613
1393,1.9469743,5.6936,0.9945827
1394,0.7516425,0.3399979,1.4791275
1395,1.3400669,2.2009783,0.9813089
1396,2.0230854,6.0148,0.724727
1397,1.3009311,1.9506278,0.9503654
1398,0.92209727,0.65194464,1.2290305
1399,0.45946363,0.06504154,1.0476
1400,0.9724595,0.79968154,1.0310655
1401,1.4254373,2.659389,0.75103605
1402,1.0064962,0.91474605,0.86462635
1403,0.8788369,0.59824616,0.8734008
1404,1.1276025,1.3555139,0.7272609
1405,0.8259405,0.5015471,0.8298428
1406,1.0920048,1.2507787,0.71864843
1407,1.414877,2.750335,0.6124391
1408,1.8849031,5.6227074,0.54074335
1409,1.8381197,5.1464424,0.60027146
1410,1.3743291,2.333154,0.7597459
1411,0.8948625,0.6023038,1.0330484
1412,1.229473,1.6740348,0.8762295
1413,1.0123254,0.9136096,0.95882976
1414,0.59462637,0.15848896,1.2836365
1415,0.65277606,0.21952589,1.1746804
1416,0.8524359,0.5404653,0.97938323
1417,1.1651044,1.4868088,0.8392352
1418,1.8470632,5.259137,0.6794784
1419,0.69492424,0.26734567,1.1919626
1420,0.8015093,0.4362857,1.0567265
1421,0.74310446,0.34462065,1.0605025
1422,0.9258603,0.7208001,0.9195482
1423,1.1572965,1.4820478,0.812149
1424,0.9578822,0.81867677,0.889991
1425,1.6448712,4.0738974,0.66722554
1426,1.6828594,4.217695,0.7082729
1427,1.3563879,2.303464,0.8466438
1428,1.1336253,1.3243759,1.0211176
1429,0.86544305,0.55782205,1.1973907
1430,1.1351209,1.3512073,1.0103906
1431,1.9087411,5.553799,0.7679667
1432,0.5242978,0.102593414,1.6104705
1433,0.33076718,0.022163102,0.7829
1434,0.6893428,0.24911778,1.8962076
1435,0.51227635,0.094727024,1.5364
1436,1.4085428,2.5477657,0.955514
1437,1.2604357,1.8342034,0.96770436
1438,0.9738136,0.8157392,1.104965
1439,1.5587221,3.414973,0.8139913
1440,0.6492396,0.21423481,1.2827581
1441,1.2668889,1.8918234,0.86497766
1442,0.4363655,0.0575554,1.2732
1443,0.6469488,0.21595383,1.2448289
1444,0.70916265,0.29836947,1.1098379
1445,0.9542568,0.8053029,0.90614164
1446,0.6879636,0.2776866,1.0382867
1447,0.628614,0.20850107,1.0474715
1448,0.7632703,0.4008636,0.9592374
1449,1.3523433,2.4730732,0.6989243
1450,0.56217766,0.1459677,1.0926613
1451,0.42715308,0.058836382,1.1417
1452,1.5359403,3.5682292,0.6094886
1453,1.2515429,1.9664086,0.7111685
1454,0.9652062,0.87464476,0.8181985
1455,1.2337848,1.902428,0.71093965
1456,0.52161807,0.115435496,1.1050625
1457,0.8216127,0.5302493,0.850331
1458,1.2805674,2.171005,0.67180884
1459,1.1499243,1.5658864,0.72589475
1460,0.44167805,0.06781421,1.1765056
1461,0.33175012,0.026279455,0.721
1462,0.3439849,0.029836595,0.8107
1463,0.34863114,0.031402994,0.8298
1464,0.5337442,0.1318625,1.0043852
1465,0.8546931,0.63405526,0.79760444
1466,0.5515467,0.15011118,0.9758252
1467,0.32666135,0.02631116,0.6333
1468,0.46573213,0.086995035,1.0067737
1469,0.7938717,0.5193623,0.7514956
1470,0.8114706,0.56477416,0.73242575
1471,0.52321225,0.13302355,0.899285
1472,0.37103292,0.04258816,1.036611
1473,0.4842374,0.104766056,0.8890682
1474,0.3044248,0.02238015,0.5109
1475,0.4146792,0.062352832,1.049147
1476,0.8787357,0.76306194,0.6967495
1477,0.4044783,0.058453355,1.0232446
1478,0.84387094,0.6810365,0.68635446
1479,0.62707704,0.2583848,0.7871264
1480,0.4707501,0.10034862,0.8867294
1481,0.49738795,0.12193801,0.8391675
1482,0.69905025,0.383081,0.69074774
1483,0.5483323,0.17276923,0.7674774
1484,0.3171409,0.027969768,0.5995
1485,0.6023297,0.23782608,0.7677185
1486,0.71289426,0.42069188,0.689279
1487,0.31493613,0.02781042,0.47399998
1488,0.35355183,0.041227903,0.8562
1489,0.34087896,0.036740147,0.7359
1490,0.3347724,0.034319907,0.4828
1491,0.673448,0.35575613,0.7308882
1492,0.7375849,0.48581707,0.6772177
1493,0.7008998,0.41493544,0.6786526
1494,0.6294218,0.2936612,0.7001012
1495,0.69957817,0.42118102,0.6484592
1496,0.60613894,0.2645767,0.68409723
1497,0.6021578,0.26155353,0.67197126
1498,0.54704547,0.19194964,0.69099647
1499,0.63546425,0.31916773,0.62801355
1500,0.50880265,0.15378118,0.6905672
1501,0.5963326,0.26355413,0.6253092
1502,0.33751255,0.039739005,0.7525
1503,0.5141959,0.16331854,0.65550935
1504,0.5696578,0.2319612,0.6123764
1505,0.6095666,0.29335007,0.5831477
1506,0.6413529,0.35053232,0.5614227
1507,0.58420366,0.25961685,0.58221006
1508,0.5110644,0.16785437,0.61457545
1509,0.5626951,0.23345903,0.57701373
1510,0.58131176,0.26258117,0.5607021
1511,0.706506,0.5049238,0.5028826
1512,0.41559714,0.087216355,0.6526646
1513,0.3179198,0.035880905,0.7323411
1514,0.35865656,0.054050565,0.67639065
1515,0.6672447,0.4302061,0.49260178
1516,0.55120736,0.23040049,0.5394482
1517,0.38546303,0.070384376,0.63996595
1518,0.38611987,0.07131533,0.62899727
1519,0.40249434,0.08255726,0.60637796
1520,0.65841883,0.42807776,0.46725756
1521,0.48110154,0.1522836,0.54463834
1522,0.3379908,0.047182463,0.64118594
1523,0.4422807,0.11670736,0.552873
1524,0.29704282,0.031081295,0.6653783
1525,0.41500777,0.0952874,0.5692877
1526,0.3361477,0.047454588,0.6234521
1527,0.30099544,0.032952067,0.6560472
1528,0.40308756,0.0876912,0.57215345
1529,0.3337311,0.04697585,0.6197766
1530,0.2697618,0.023118164,0.305
1531,0.33680516,0.04858698,0.6338563
1532,0.3445513,0.05268822,0.6202479
1533,0.28321096,0.027350448,0.3661
1534,0.2591,0.026858615,0.2591
1535,0.36217278,0.061501123,0.693209
1536,0.42331222,0.10406028,0.6287483
1537,0.32560468,0.043510433,0.6383
1538,0.33275694,0.046156093,0.49569997
1539,0.38088828,0.07265724,0.7068197
1540,0.42487824,0.10515481,0.64932585
1541,0.41929883,0.10112745,0.63679963
1542,0.32175717,0.041860975,0.4299
1543,0.4763286,0.15412983,0.62611353
1544,0.47195816,0.15034376,0.6068552
1545,0.4044917,0.09034419,0.6351956
1546,0.3085,0.03950912,0.3085
1547,0.2895,0.03855942,0.2895
1548,0.5544667,0.2595496,0.53751194
1549,0.4938374,0.17769608,0.55399877
1550,0.47908458,0.16163602,0.5478954
1551,0.44107258,0.12344029,0.55757153
1552,0.35441384,0.05971743,0.6122583
1553,0.3789684,0.07489425,0.58751076
1554,0.44811913,0.13182,0.5275767
1555,0.34905466,0.057555985,0.58571285
1556,0.35416526,0.05999335,0.5727
1557,0.283,0.13047425,0.283
1558,0.77194643,0.83671,0.861102
1559,0.5478548,0.3092581,1.0732
1560,0.45216158,0.15390544,0.9797001
1561,0.3634915,0.06383688,0.53809994
1562,0.1314,0.03693607,0.13140006
1563,0.38468507,0.06731219,0.7697
1564,0.45882443,0.119100854,1.2731154
1565,0.33886617,0.04293581,0.40980002
1566,0.37935093,0.062449824,0.7892
1567,0.2743,0.036514252,0.27430004
1568,0.3203,0.042988036,0.32030004
1569,0.4204071,0.08755959,0.9493132
1570,0.36920086,0.057172783,0.6415
1571,0.2647,0.038069144,0.26470003
1572,0.2679,0.03760506,0.2679
1573,0.42015237,0.08939094,0.7542132
1574,0.4654015,0.1268012,0.6870424
1575,0.5300318,0.19733687,0.62085384
1576,0.50374514,0.16775243,0.6244164
1577,0.5045079,0.16980442,0.6115196
1578,0.1257,0.040534224,0.12569998
1579,0.36790296,0.05853319,0.46840003
1580,0.44269353,0.10985586,0.64268893
1581,0.5671541,0.2535032,0.53932536
1582,0.52962524,0.20427999,0.52972496
1583,0.5406729,0.22114189,0.50403285
1584,0.3710461,0.063501015,0.5761
1585,0.4943101,0.16503832,0.536536
1586,0.46901357,0.14040188,0.5147069
1587,0.6831829,0.4943183,0.40962344
1588,0.53602064,0.22402252,0.44357657
1589,0.43925247,0.11660052,0.4727887
1590,0.4580048,0.13552698,0.44500324
1591,0.36095437,0.0618075,0.45990002
1592,0.23700002,0.057925586,0.23699999
1593,0.4170709,0.098900884,0.51157624
1594,0.54252225,0.24313197,0.39694145
1595,0.4086803,0.09609609,0.4270033
1596,0.61366314,0.34560555,0.6181534
1597,0.99783385,2.2637205,0.3880009
1598,0.87821794,1.8411084,0.37632123
1599,0.74632674,1.1334938,0.4057873
1600,0.7593515,1.1439497,0.38719147
1601,0.7076769,0.88021356,0.37302896
1602,0.7272084,0.9399414,0.3435183
1603,0.56404173,0.4046574,0.37417525
1604,0.37542844,0.10366619,0.44596863
1605,0.72183776,0.8748818,0.35005814
1606,0.7505935,0.9844115,0.31990638
1607,0.66164124,0.65096825,0.32699168
1608,0.8052443,1.218246,0.28656444
1609,0.70734227,0.7989129,0.3048933
1610,0.49273735,0.24283361,0.36214098
1611,0.73874927,0.9155118,0.290152
1612,0.67722803,0.6814299,0.32734802
1613,0.3613521,0.08481249,0.44208005
1614,0.1907,0.0603918,0.1907
1615,0.2622,0.07289054,0.2622
1616,0.189,0.06605396,0.189
1617,0.6547875,0.59215015,0.3182551
1618,1.2619585,4.252132,0.2231656
1619,0.715112,0.757361,0.31031522
1620,0.85925734,1.3619398,0.27537587
1621,0.7217604,0.7788445,0.30028734
1622,0.50115377,0.23515166,0.35708252
1623,0.37173653,0.087159164,0.41066074
1624,0.92069316,1.6547174,0.30314124
1625,0.375458,0.08792383,0.44952828
1626,0.5550631,0.32238543,0.37029406
1627,0.88875365,1.4949778,0.2664181
1628,1.1941648,3.534175,0.2204279
1629,0.4837587,0.20087925,0.36016518
1630,0.8147463,1.1069396,0.28235054
1631,0.44752234,0.15544619,0.36991552
1632,1.5802771,5.1927,0.18858479
1633,1.2788574,4.004427,0.22822428
1634,0.72278744,0.70068437,0.32808647
1635,0.63206255,0.45389,0.3484097
1636,0.5834638,0.35083708,0.35766682
1637,0.61285627,0.415403,0.34405658
1638,1.0919529,2.5271955,0.29506984
1639,1.7588009,5.6274,0.2298279
1640,1.1000804,2.4346614,0.320304
1641,0.5447571,0.25545216,0.46857694
1642,0.33613005,0.05128424,0.4163
1643,0.67368126,0.5179215,0.42106283
1644,0.5763914,0.31154093,0.44544807
1645,0.42259556,0.11157485,0.50923216
1646,1.4394436,4.98438,0.2666864
1647,1.11029,2.4069693,0.33719453
1648,0.88233,1.1808584,0.3938252
1649,1.2373405,3.2167869,0.334568
1650,1.0355688,1.8861929,0.39008325
1651,0.74202245,0.65480447,0.4758418
1652,0.86440355,1.0744705,0.4403666
1653,0.60739416,0.33818188,0.56388366
1654,0.5089421,0.18899998,0.6088407
1655,1.2817812,3.4556408,0.37591714
1656,1.164426,2.5859592,0.4229017
1657,0.8892114,1.1263834,0.50883824
1658,0.34681,0.05025754,0.82279146
1659,0.5081829,0.1802038,0.6873151
1660,0.66645145,0.4440336,0.60617405
1661,1.6380721,5.9858694,0.3804179
1662,1.31275,3.371762,0.4861137
1663,0.888362,1.0352278,0.6334576
1664,0.9182237,1.1506878,0.6276181
1665,0.50808,0.16558371,0.8520709
1666,0.44579673,0.10719125,0.92145103
1667,1.2317473,2.7808766,0.5571416
1668,0.4984714,0.15278633,0.92246133
1669,0.49042657,0.1454624,0.9174551
1670,0.334825,0.04047508,1.0467
1671,0.37846878,0.06063769,1.120997
1672,0.31165355,0.031321988,0.5607
1673,0.389296,0.06390106,0.8932
1674,0.6463424,0.33393535,1.3059893
1675,0.6585017,0.36496753,1.0524167
1676,0.98340386,1.3628576,0.71495104
1677,0.81581676,0.7565358,0.6973226
1678,0.7622933,0.61317265,0.6567975
1679,0.93851644,1.2090396,0.55158883
1680,0.7888432,0.6954343,0.58080786
1681,1.0321518,1.642931,0.48881426
1682,0.56908107,0.23836887,0.65687466
1683,0.49385846,0.14981587,0.6871052
1684,0.35545507,0.050096754,0.5743
1685,0.89130193,1.0459524,0.52872175
1686,0.80331224,0.75313896,0.5374929
1687,1.7991337,5.7792,0.35438272
1688,1.7596582,5.8193,0.39143085
1689,1.0146313,1.4329549,0.57522404
1690,1.3722497,3.447042,0.49364042
1691,0.7679492,0.5728781,0.7071517
1692,0.45851415,0.10377256,0.92094964
1693,0.9068887,0.99090004,0.6482165
1694,1.0482532,1.5662625,0.6004054
1695,1.4915838,4.2167525,0.5054203
1696,1.4614779,3.893102,0.55094945
1697,1.3321674,2.967966,0.6192127
1698,0.6548343,0.31508118,0.9276899
1699,0.51855236,0.14619833,1.0183939
1700,1.6375151,4.984173,0.5551587
1701,0.56555974,0.18840073,1.0460205
1702,1.3535535,2.9918306,0.687801
1703,0.42095178,0.06913306,1.2884921
1704,0.34549078,0.03561657,1.0345
1705,0.40898415,0.061842393,1.3335
1706,0.51955956,0.13780312,1.3260692
1707,1.3283355,2.7943785,0.787714
1708,0.3951988,0.054682236,1.2503
1709,0.4972355,0.11862158,1.2679743
1710,0.9093832,0.8745709,0.94545925
1711,0.8282968,0.64765143,0.9958004
1712,0.6404406,0.27948034,1.0949163
1713,0.8903693,0.83123815,0.90584445
1714,2.507707,7.3386993,0.51998633
1715,2.502529,7.478,0.60106975
1716,1.8651527,5.848829,0.8148622
1717,1.8435684,5.4954014,0.9137054
1718,2.0455265,6.518101,0.9548497
1719,1.6822975,4.115589,1.1914499
1720,1.5613978,3.3327336,1.3114274
1721,0.7618623,0.35908467,1.9366245
1722,0.31530434,0.019012274,1.3536
1723,0.47689143,0.07529539,2.4409
1724,0.70628715,0.28034762,2.117542
1725,1.1455264,1.3647271,1.5838779
1726,2.5546026,7.9505,1.0340714
1727,1.8638302,4.8657026,1.4144984
1728,1.4754698,2.6237257,1.702924
1729,1.4986238,2.7203064,1.7044445
1730,2.0104718,5.477971,1.4850783
1731,1.2606496,1.5720799,2.0355442
1732,0.98319376,0.72295743,2.2395003
1733,2.0517445,5.586869,1.4803307
1734,0.6222636,0.15454009,2.8602426
1735,0.9561596,0.65152967,2.19871
1736,0.7283801,0.26971224,2.3801866
1737,0.6084,0.15017648,2.4528396
1738,0.34115142,0.021811599,2.0115
1739,0.5732707,0.12453071,2.482873
1740,1.0663303,0.9793937,1.7324033
1741,1.489315,2.6914113,1.4238282
1742,0.6450316,0.18880926,2.1756637
1743,0.5194915,0.09289726,2.2758968
1744,0.27037302,0.010539331,1.272
1745,0.67439574,0.22720975,1.8502078
1746,0.31999803,0.018603327,1.556
1747,0.3936249,0.036339827,1.7543
1748,0.7235145,0.27978227,2.395613
1749,0.8404575,0.46492633,2.1309726
1750,1.1722182,1.3716669,1.7406898
1751,1.5651264,3.1930525,1.4740664
1752,2.0765886,6.0524106,1.3110936
1753,1.1280916,1.1481727,1.9601797
1754,1.1866364,1.3505485,1.9299868
1755,1.0824035,1.0138174,2.0493412
1756,0.85114205,0.4694533,2.2164288
1757,0.4787181,0.06823293,2.265
1758,0.3589687,0.026185066,1.3324
1759,0.48994604,0.07416402,2.2286
1760,0.39856982,0.036770534,1.3088
1761,0.4190034,0.043485735,1.3981
1762,0.54502153,0.10406234,2.011
1763,0.9211732,0.60650164,2.1233523
1764,2.2863607,6.8240995,1.1844592
1765,2.3796546,7.1014004,1.2400668
1766,1.0733227,0.90498465,2.0318933
1767,1.7999783,4.126487,1.5136749
1768,0.5979929,0.12896106,2.6690931
1769,1.544008,2.7359235,1.5538092
1770,2.1794095,6.176389,1.3139588
1771,1.1700478,1.1328615,1.9725425
1772,0.7814958,0.3071546,2.3101032
1773,0.843785,0.4031596,2.093046
1774,0.8953717,0.49584633,2.0203404
1775,1.346737,1.841558,1.5723147
1776,1.2657627,1.5323666,1.60798
1777,1.041683,0.8357961,1.7418128
1778,1.2887988,1.6513444,1.5147617
1779,0.5040991,0.076590866,2.3665547
1780,0.9142236,0.5626993,1.7357249
1781,1.1769208,1.276618,1.5611895
1782,0.39715192,0.035246503,1.7761
1783,0.50137943,0.07758041,2.3235118
1784,1.6318315,3.3743947,1.2217287
1785,1.2320315,1.48729,1.4603742
1786,1.4861525,2.5997932,1.3134131
1787,1.3346608,1.8968501,1.4103755
1788,0.6337652,0.17109291,2.024597
1789,0.61688054,0.15795103,2.0199182
1790,1.2443382,1.5718566,1.400251
1791,0.82983404,0.43130904,1.7115934
1792,0.4821361,0.07141703,2.1321876
1793,0.31772435,0.01770552,1.1311
1794,0.5021086,0.08239516,2.1321728
1795,0.6283739,0.17675301,1.8337035
1796,0.3391718,0.02241576,1.1043
1797,1.3020179,1.8688465,1.4299504
1798,1.1199245,1.1771094,1.5282948
1799,0.9154669,0.62101233,1.6465156
1800,1.6615566,3.7541864,1.1790322
1801,0.36314806,0.028125355,1.3756
1802,0.40370038,0.04027223,1.659
1803,0.41608846,0.04503005,1.7722
1804,0.8323192,0.4616589,1.5687877
1805,0.7343439,0.3093377,1.6048565
1806,1.2793759,1.8581526,1.1928253
1807,0.38428414,0.035888042,1.6072
1808,0.35860986,0.028736254,1.388
1809,0.48163876,0.077987276,1.7806228
1810,0.42855242,0.0533995,1.7890247
1811,0.4196264,0.050363515,1.7161063
1812,1.0378946,1.0235308,1.0592892
1813,0.53993505,0.11972756,1.4463326
1814,0.9806717,0.8732096,1.0354059
1815,0.4477865,0.065466546,1.5172056
1816,0.52094156,0.11004515,1.3498106
1817,0.4534972,0.07005378,1.3902618
1818,0.8401286,0.5530752,0.98718804
1819,0.49056613,0.09353616,1.262044
1820,0.34000856,0.027730681,1.436
1821,0.2866253,0.015815044,0.9025
1822,0.34902608,0.030389465,1.3448
1823,0.32725388,0.024623625,1.0891
1824,0.32102904,0.02329342,1.0397
1825,0.3617735,0.035053715,1.362704
1826,0.6756279,0.2861126,0.96874005
1827,0.9640423,0.92890656,0.7923174
1828,0.38113886,0.04315315,1.2461421
1829,0.9324749,0.8509474,0.77308434
1830,0.9068336,0.78557545,0.77963394
1831,0.7201804,0.37321064,0.8709973
1832,0.32379112,0.026134646,1.2517
1833,0.79182965,0.5211063,0.78902805
1834,0.74465555,0.43098536,0.8028666
1835,0.8232232,0.60642695,0.75180316
1836,0.95097476,0.9765643,0.69213897
1837,0.8323066,0.64093906,0.74005973
1838,0.83788913,0.66221285,0.7309785
1839,0.83546543,0.66304946,0.7260541
1840,0.90069133,0.8540911,0.6935628
1841,0.53857744,0.1582699,0.89347214
1842,0.27665076,0.01720407,1.0065
1843,0.37078583,0.045530755,1.1384591
1844,0.3077037,0.024599914,1.1643
1845,0.2468119,0.011833243,0.43680003
1846,0.40098727,0.060097445,1.0698361
1847,0.48886037,0.11780016,0.9425211
1848,0.5491245,0.1756411,0.86786115
1849,0.5449382,0.17317477,0.8522007
1850,0.6743156,0.35574603,0.7503827
1851,0.6947352,0.39709875,0.7284757
1852,0.32235563,0.030930642,1.0491112
1853,0.54796654,0.18404295,0.7848893
1854,0.5123154,0.14868093,0.7958163
1855,0.5347718,0.173476,0.76330936
1856,0.55139995,0.1942802,0.7376331
1857,0.45558006,0.103825174,0.7962827
1858,0.23384176,0.011194638,0.3553
1859,0.28149903,0.020589475,0.7521
1860,0.45718646,0.104893,0.8831841
1861,0.5437393,0.18896577,0.79255843
1862,0.55174744,0.20042054,0.7724566
1863,0.50765944,0.15333901,0.79088855
1864,0.36320108,0.050520096,0.91479176
1865,0.30785593,0.029277196,0.96998775
1866,0.3649326,0.052085765,0.86971915
1867,0.41402107,0.08010539,0.79878384
1868,0.42005917,0.084836885,0.776585
1869,0.42178074,0.08678682,0.75939846
1870,0.38188943,0.06275386,0.78638446
1871,0.24352816,0.014055076,0.4488
1872,0.38348693,0.06448382,0.7608149
1873,0.35652488,0.050956383,0.772701
1874,0.37348902,0.060015693,0.73954594
1875,0.30215624,0.02978152,0.8044975
1876,0.44361803,0.10647272,0.73593384
1877,0.38773414,0.068442635,0.7724876
1878,0.43767613,0.10344318,0.7134608
1879,0.31960946,0.03644447,0.81847644
1880,0.35794038,0.05344737,0.7716592
1881,0.4009393,0.078681074,0.71566755
1882,0.4488615,0.115686916,0.6647846
1883,0.38727552,0.07123262,0.70389354
1884,0.35362875,0.052967448,0.72316384
1885,0.35632637,0.054728653,0.70709944
1886,0.41228226,0.08980584,0.6460459
1887,0.29295072,0.028874315,0.7524379
1888,0.24992168,0.017062215,0.4738
1889,0.30246556,0.03164811,0.7739
1890,0.31505162,0.036427878,0.82545406
1891,0.1394,0.02156245,0.13939996
1892,0.36471942,0.05799586,0.8989566
1893,0.31511346,0.03568657,0.6155
1894,0.40808675,0.08478656,0.82557184
1895,0.6108374,0.32674128,0.66123164
1896,0.31586504,0.036359143,0.661
1897,0.3957225,0.07748878,0.7966494
1898,0.3224915,0.03926902,0.7596
1899,0.1309,0.021321988,0.1309
1900,0.085999995,0.023702543,0.086000055
1901,0.30576366,0.032132752,0.3904
1902,0.47629535,0.14162324,0.77321017
1903,0.40572965,0.08327723,0.8172447
1904,0.38734975,0.07163001,0.8156075
1905,0.3439704,0.048353177,0.841
1906,0.30821532,0.033629827,0.5063
1907,0.37421986,0.06453645,0.78019303
1908,0.40531832,0.08469003,0.7341744
1909,0.3871312,0.073031306,0.7366155
1910,0.43614337,0.10929963,0.68422854
1911,0.3031693,0.03258874,0.5277
1912,0.32111222,0.03947468,0.6715
1913,0.0225,0.020392658,0.022499964
1914,0.030799998,0.023377849,0.030799951
1915,0.2162,0.028008427,0.21620001
1916,0.40660557,0.08512034,0.7561873
1917,0.32983726,0.042481385,0.6326
1918,0.34881264,0.051293578,0.79299694
1919,0.2554,0.029025182,0.2554
1920,0.47769094,0.14356647,0.7934178
1921,0.5063011,0.1755393,0.7180274
1922,0.3661834,0.05988961,0.6815
1923,0.4517017,0.119227156,0.7813952
1924,0.47634426,0.14398926,0.68570554
1925,0.48889405,0.15877965,0.62470543
1926,0.3800499,0.06916018,0.665072
1927,0.48078912,0.15227804,0.5808365
1928,0.407997,0.08894232,0.595499
1929,0.40623906,0.08839993,0.57260853
1930,0.37121677,0.06600668,0.5727503
1931,0.7003074,0.5446764,0.42625266
1932,0.5651324,0.27100253,0.45569402
1933,0.47275278,0.15117484,0.47902226
1934,0.44863892,0.1281415,0.47568426
1935,0.5315041,0.22370502,0.4774756
1936,0.50639176,0.1932298,0.4528552
1937,0.647714,0.44284144,0.37654576
1938,0.48927218,0.1766317,0.4155053
1939,0.39490375,0.08735609,0.44379404
1940,0.630143,0.4146859,0.35599273
1941,0.5172259,0.21801463,0.37731782
1942,0.5740731,0.31178316,0.34449053
1943,0.5611236,0.2921743,0.33814257
1944,0.53066784,0.2452555,0.33886456
1945,0.0787,0.045835942,0.07869998
1946,0.028499993,0.0285,0.02850001
1947,0.009300004,0.009300001,0.009300009
1948,0.3362,0.11087976,0.3362
1949,0.4983743,0.20031954,0.3721235
1950,0.5144402,0.23232818,0.31377196
1951,0.513665,0.23969059,0.27386615
1952,0.48662642,0.20696953,0.24649665
1953,0.45741767,0.17283186,0.23000321
1954,0.77425265,0.96471494,0.20573084
1955,0.77901065,1.0561665,0.16981228
1956,0.44660002,0.18252002,0.19363034
1957,0.2581,0.17244828,0.18838851
1958,0.6898355,0.79634744,0.1282911
1959,0.63107044,0.61544085,0.12083861
1960,0.55192584,0.4066316,0.119505234
1961,0.7133412,0.95257133,0.10274508
1962,0.45821804,0.2276093,0.12109963
1963,0.67510724,0.81575435,0.10631328
1964,0.6269074,0.66521966,0.098758355
1965,0.6307017,0.6974224,0.090554394
1966,0.64573014,0.76588094,0.0866359
1967,0.5384881,0.43162292,0.090279214
1968,1.1820351,3.5726,0.059563696
1969,0.7881992,1.4742244,0.074279524
1970,0.6672183,0.8751326,0.07948867
1971,0.7397655,1.228529,0.073845565
1972,0.75025463,1.2903702,0.07289386
1973,0.64759225,0.8097074,0.07867265
1974,0.63497627,0.76527697,0.079012915
1975,0.6215042,0.7187966,0.079591446
1976,0.52979267,0.42946514,0.086117245
1977,0.7188173,1.162624,0.07324597
1978,0.65463245,0.8633863,0.077761814
1979,0.46392894,0.28052068,0.093660824
1980,0.46816534,0.2886053,0.09903419
1981,0.69581527,1.0609714,0.07968661
1982,0.6629158,0.91095126,0.0820513
1983,0.69828147,1.078695,0.08021356
1984,0.75568193,1.3841847,0.07786042
1985,0.6793781,0.9859512,0.08382017
1986,0.47530478,0.30778775,0.10162157
1987,0.40193942,0.1763637,0.11575243
1988,0.47639382,0.3112356,0.1074607
1989,0.77022725,1.481079,0.083236605
1990,0.87594134,2.1780007,0.07959265
1991,0.88512534,2.2169375,0.08219906
1992,0.60139805,0.6510071,0.104293995
1993,0.4055634,0.17377324,0.1507536
1994,0.48824129,0.3147535,0.16387792
1995,0.48264447,0.31724647,0.14638261
1996,1.1881093,3.6439,0.07898867
1997,1.3465593,4.1725,0.07085835
1998,0.8032425,1.6755905,0.09342356
1999,0.926428,2.5647273,0.08513054
2000,0.68542826,1.0041417,0.10117523
2001,0.63395905,0.7840155,0.10410713
2002,0.4903706,0.3399037,0.11739301
2003,0.4164,0.24545406,0.15931192
2004,1.0102869,2.3203,0.13808218
2005,1.7184523,4.519,0.08915191
2006,1.7231188,4.9324,0.08754968
2007,0.92042124,3.1432,0.12685236
2008,0.62319976,0.92083704,0.15516268
2009,0.89737004,2.7375326,0.12432697
2010,1.3261266,4.6686,0.1043191
2011,0.5419161,0.5117656,0.18031102
2012,0.36194894,0.13290328,0.22120686
2013,0.5257705,0.45160943,0.18737963
2014,1.3497422,4.7042,0.1283417
2015,0.62069505,0.7118412,0.20584461
2016,1.2468296,4.5983,0.14331505
2017,0.42696592,0.19334017,0.27205166
2018,1.2835351,4.7431,0.16103731
2019,1.554159,5.4781,0.1610621
2020,1.832664,6.1425,0.16702439
2021,1.3052746,4.86989,0.2301992
2022,1.0298738,2.480563,0.2919879
2023,1.1432484,3.2390418,0.29913568
2024,0.5566805,0.3335999,0.46462607
2025,0.80527616,1.1017871,0.39576647
2026,0.9652686,1.8944867,0.39494044
2027,0.38024375,0.08963972,0.6558127
2028,0.6819232,0.6042835,0.5725266
2029,1.6231825,5.756,0.36067003
2030,1.7646517,6.1504,0.38842487
2031,0.6388564,0.41679186,0.74347466
2032,0.6035254,0.34414974,0.7588469
2033,0.81871635,0.92857176,0.645943
2034,0.9294849,1.3770449,0.61120725
2035,0.5453156,0.24113235,0.8148583
2036,0.9566924,1.4894165,0.6090123
2037,1.3356515,3.8150432,0.5264406
2038,0.614436,0.34011605,0.8452207
2039,0.7510976,0.6583363,0.7587245
2040,1.5202806,5.0332904,0.54666936
2041,1.565375,5.1558824,0.60143614
2042,0.38717368,0.06479569,1.3477409
2043,0.78685313,0.68358064,0.92501855
2044,0.4985221,0.15141428,1.1574094
2045,0.52851003,0.1847492,1.0999503
2046,0.3508059,0.047147986,1.3153435
2047,0.6241738,0.3217118,1.005765
2048,0.7760053,0.66071934,0.88960916
2049,1.3957847,3.8009164,0.6583566
2050,1.7899946,6.4025493,0.6239113
2051,1.686496,5.436133,0.7376769
2052,1.3099682,2.8216448,0.93658465
2053,1.5264145,4.115151,0.9030374
2054,1.2234188,2.2225738,1.0858679
2055,1.372063,3.0269024,1.0478363
2056,0.7710379,0.5116186,1.4545597
2057,1.0912688,1.5558245,1.1918684
2058,0.61039734,0.23832577,1.5895457
2059,0.6304266,0.26812968,1.5068291
2060,0.73686033,0.45396724,1.3481091
2061,0.5174302,0.14169951,1.5576345
2062,0.8302238,0.68368423,1.1884258
2063,2.009161,6.98163,0.744421
2064,1.0711021,1.4404606,1.1805764
2065,1.1099392,1.6078116,1.1576902
2066,1.0289309,1.2769252,1.2053266
2067,1.3464352,2.8011792,1.0462016
2068,0.9368416,0.94375587,1.2959808
2069,0.40053982,0.05715545,1.9502342
2070,1.699364,4.896561,0.90655184
2071,0.379293,0.046162866,2.057273
2072,0.50173587,0.11851051,1.7664001
2073,0.91887957,0.88164437,1.2543472
2074,0.7690447,0.5004974,1.3449641
2075,0.86164963,0.73282635,1.2355976
2076,0.7728612,0.52036893,1.2767448
2077,0.5194126,0.13942556,1.6292485
2078,0.6993788,0.37626588,1.4391675
2079,0.39219216,0.055236317,1.8384175
2080,0.4768521,0.10738334,1.5940362
2081,0.340838,0.03515336,1.8311305
2082,0.27721766,0.017524399,1.8016
2083,0.2877694,0.019973075,1.9156
2084,0.37791756,0.049604245,1.781045
2085,0.6649088,0.3299336,1.3055723
2086,0.55494565,0.18276814,1.3899623
2087,0.42970917,0.07856231,1.518292
2088,0.7170968,0.43666553,1.1394345
2089,1.3450986,3.0231142,0.8122628
2090,1.2028967,2.1884727,0.89956737
2091,1.1240884,1.7851336,0.9548238
2092,0.9332027,1.0058472,1.0734746
2093,1.1913718,2.1147952,0.96310025
2094,1.1841624,2.066387,0.9853289
2095,0.67125857,0.34242547,1.3372227
2096,0.42453134,0.0751342,1.6174896
2097,0.3634139,0.04489094,1.7216862
2098,0.4033787,0.064101085,1.5916451
2099,0.27585348,0.017969575,1.8251
2100,0.5896161,0.2268433,1.4070812
2101,0.8887983,0.87986887,1.111973
2102,0.9964808,1.2687453,1.0384204
2103,1.291071,2.7139804,0.9107136
2104,0.9720313,1.1612754,1.0919083
2105,1.1272507,1.8282146,1.0096954
2106,0.7657686,0.5419235,1.2391438
2107,1.3716916,3.1527784,0.96844804
2108,1.4036137,3.287791,1.0011567
2109,1.1929733,2.0718029,1.1390531
2110,0.4182284,0.069127895,1.9239379
2111,0.9098552,0.8993893,1.3865223
2112,1.1456861,1.8375685,1.2194217
2113,0.9274109,0.9580106,1.3647084
2114,1.6164181,4.5192327,1.015047
2115,1.4546652,3.4219437,1.1654543
2116,0.8073439,0.58161986,1.6311816
2117,1.3004863,2.5218346,1.2484204
2118,1.133821,1.6875229,1.3649945
2119,0.5056457,0.12340248,2.014502
2120,0.50688267,0.12549192,1.9531488
2121,0.49465007,0.11699057,1.8819727
2122,0.52178735,0.14158073,1.7439181
2123,0.67544156,0.3385159,1.4690604
2124,0.31996426,0.028223796,2.025142
2125,0.25271,0.012834888,1.9484
2126,0.39874667,0.059117064,1.8132879
2127,0.7583692,0.50778586,1.2679187
2128,0.7328871,0.4592559,1.2560393
2129,0.9237322,0.9773809,1.1152114
2130,0.8795585,0.8427008,1.12978
2131,0.7348412,0.4741827,1.2313573
2132,1.335156,2.9429903,0.8927353
2133,1.471921,3.7079935,0.88396454
2134,1.0793785,1.5545425,1.0956342
2135,0.832628,0.69200265,1.2485067
2136,0.38847503,0.05569856,1.7678773
2137,0.91640776,0.95844936,1.1124481
2138,0.9252969,0.9957565,1.0933808
2139,1.0827901,1.6231894,0.99953276
2140,1.2618325,2.511789,0.93049514
2141,1.2153982,2.2449214,0.97525406
2142,1.2249591,2.2803655,0.99141896
2143,0.83241636,0.7016026,1.2272145
2144,0.9393817,1.0390801,1.142096
2145,0.7193551,0.4442174,1.2871472
2146,0.47704005,0.114611566,1.555539
2147,0.7533014,0.527899,1.192739
2148,0.8294425,0.72921205,1.1094644
2149,0.71247715,0.4492869,1.1870004
2150,0.2956653,0.024001472,1.8583249
2151,1.1249529,1.8976033,0.92036927
2152,1.2162298,2.349641,0.9285092
2153,0.810245,0.681005,1.1688007
2154,0.8278308,0.7371817,1.1329366
2155,0.99169594,1.3100761,1.0167664
2156,0.84432375,0.79562086,1.104515
2157,0.83928895,0.78781086,1.0899181
2158,0.9206325,1.0639914,1.0243412
2159,0.8564455,0.8531514,1.0562268
2160,0.54535705,0.19516478,1.3648256
2161,0.9071077,1.0264663,1.1033714
2162,0.7458814,0.55197847,1.2176441
2163,0.636375,0.33128136,1.2903337
2164,0.72280675,0.5084814,1.187906
2165,0.56823295,0.23082156,1.3701968
2166,0.82395685,0.7831095,1.1518466
2167,0.7399603,0.5582392,1.1949111
2168,0.8371015,0.8381,1.099146
2169,0.25915343,0.017245332,1.9063127
2170,0.3232251,0.03617405,1.6991146
2171,0.2579976,0.017164543,1.802203
2172,0.17624831,0.0047619627,1.2118
2173,0.15761173,0.0032755833,0.7984
2174,0.42970902,0.09389861,1.4765706
2175,0.3558357,0.05042437,1.5534958
2176,0.40636763,0.07936385,1.3966347
2177,0.7736489,0.67565835,0.98141676
2178,0.6973658,0.4864754,1.0190103
2179,0.2118357,0.009237157,1.7743776
2180,0.16430089,0.003961183,0.98630005
2181,0.18583973,0.005941679,1.267
2182,0.20315331,0.00800686,1.5143
2183,0.32514465,0.03880239,1.3958416
2184,0.19458923,0.0069328276,1.2248
2185,0.19938521,0.0074984026,1.2237
2186,0.31060213,0.03300139,1.5123178
2187,0.63216543,0.3557018,1.0373168
2188,0.7465227,0.6187741,0.93560725
2189,0.41887647,0.09193087,1.2268633
2190,0.48572928,0.15214229,1.105554
2191,0.65304124,0.4101297,0.9297997
2192,0.5965373,0.30713445,0.9556667
2193,0.52368677,0.20127301,0.9984087
2194,0.55812395,0.25120416,0.9447884
2195,0.6065259,0.33414847,0.8875986
2196,0.28087628,0.025829937,1.2685964
2197,0.39735362,0.083054066,1.0353326
2198,0.44382018,0.12130167,0.953977
2199,0.4699753,0.14827447,0.9047965
2200,0.42843023,0.10992178,0.92533046
2201,0.43573716,0.11741872,0.895571
2202,0.4599591,0.14201921,0.85185236
2203,0.26979876,0.024082791,1.0811774
2204,0.47950724,0.16592763,0.79175043
2205,0.43385068,0.1200109,0.8155082
2206,0.45367667,0.14066438,0.78087264
2207,0.3425155,0.055505987,0.87863684
2208,0.3345436,0.05173365,0.8672748
2209,0.38731796,0.08515192,0.7877808
2210,0.31393933,0.04255725,0.85462284
2211,0.17692427,0.006311031,1.1015297
2212,0.17443892,0.0059974324,1.078
2213,0.2542125,0.021077076,0.9544079
2214,0.20868723,0.010971465,1.0221982
2215,0.2667058,0.025036966,0.88354295
2216,0.19372407,0.008662251,1.0062228
2217,0.18493326,0.007429864,1.0244757
2218,0.17504187,0.006216556,1.0196
2219,0.24504326,0.019213935,0.8426525
2220,0.20581031,0.010796311,0.8953191
2221,0.1442534,0.0032915582,0.33289996
2222,0.16356918,0.0049422397,0.5523
2223,0.2703932,0.026559865,0.86711043
2224,0.29953307,0.037630636,0.8062664
2225,0.35700068,0.06815557,0.7236408
2226,0.18801972,0.008057482,0.97072697
2227,0.31115037,0.04337482,0.7616769
2228,0.265403,0.025665127,0.8065734
2229,0.27125406,0.027779246,0.78046334
2230,0.23746043,0.017920597,0.8151268
2231,0.3201701,0.048956554,0.6882522
2232,0.18303739,0.007613247,0.8877099
2233,0.22235942,0.0146478,0.7874469
2234,0.3429545,0.06270804,0.62258077
2235,0.23689148,0.018332474,0.7371462
2236,0.18422288,0.007963844,0.81617415
2237,0.22318757,0.015184502,0.7263158
2238,0.22984155,0.016846074,0.70126605
2239,0.23077798,0.017177012,0.68599004
2240,0.25147727,0.023023741,0.6448948
2241,0.25767952,0.025136728,0.62559414
2242,0.22363326,0.015757395,0.6587936
2243,0.17600282,0.0071246745,0.72674006
2244,0.16720015,0.0060326923,0.7296096
2245,0.20589375,0.012139819,0.64515775
2246,0.17345141,0.006887694,0.6885661
2247,0.166373,0.00602276,0.68871856
2248,0.16411397,0.0056958236,0.5544
2249,0.23194034,0.018142713,0.62066364
2250,0.17282684,0.0068342877,0.70434827
2251,0.24701466,0.022622177,0.5793748
2252,0.17476039,0.0071685705,0.6753683
2253,0.14985119,0.004312538,0.3028
2254,0.24120973,0.021101976,0.5758197
2255,0.32109058,0.055231713,0.49188718
2256,0.22669399,0.01722985,0.60939413
2257,0.19434485,0.010359965,0.646164
2258,0.22340786,0.016436402,0.6252051
2259,0.17008683,0.006591485,0.3997
2260,0.19974299,0.010982512,0.576
2261,0.2809027,0.034357052,0.68263656
2262,0.307176,0.046512775,0.6433049
2263,0.22252217,0.01591075,0.7433085
2264,0.20547843,0.012230372,0.7032
2265,0.33517453,0.060869873,0.72401243
2266,0.28307143,0.034651354,0.7779746
2267,0.28866497,0.03701903,0.7605045
2268,0.31762877,0.05090257,0.7265436
2269,0.2939166,0.038890447,0.8018888
2270,0.22223394,0.015074619,0.31589997
2271,0.32699543,0.053180996,0.95900595
2272,0.34537402,0.0631558,0.9305765
2273,0.36107743,0.072623216,0.9066945
2274,0.3162318,0.04627528,0.96266717
2275,0.2835571,0.03191873,0.9017001
2276,0.29949784,0.03804955,0.97655666
2277,0.38693875,0.0881196,0.91688746
2278,0.35899356,0.06812804,0.9456949
2279,0.2791323,0.0292023,0.7831
2280,0.30496925,0.038996186,1.0106555
2281,0.37907663,0.08031441,0.8970403
2282,0.35112265,0.06200366,0.92202634
2283,0.27828968,0.028435832,0.8483
2284,0.23826946,0.016873566,0.36870003
2285,0.23180766,0.015326508,0.2932
2286,0.24086131,0.017241942,0.3543
2287,0.27920818,0.028057152,0.822
2288,0.29231706,0.032588433,0.9848
2289,0.24722302,0.01857172,0.4663
2290,0.26568425,0.023540474,0.71
2291,0.39018247,0.08473111,0.8881264
2292,0.28112054,0.028323071,0.9009
2293,0.27245292,0.025479995,0.8159
2294,0.28369042,0.029140094,0.9593
2295,0.27212095,0.025356682,0.84090006
2296,0.25048667,0.019223075,0.5869
2297,0.26405802,0.022919616,0.7676
2298,0.27575967,0.026506998,0.9191
2299,0.29403067,0.03289253,0.9108746
2300,0.2791213,0.02769988,0.91679096
2301,0.30388814,0.036886334,0.8624119
2302,0.29781914,0.034515038,0.86623204
2303,0.3264648,0.046993747,0.81998116
2304,0.40028304,0.09145564,0.8276022
2305,0.3059222,0.03728027,0.93198067
2306,0.28057805,0.027933734,0.8093
2307,0.32071215,0.04354011,0.90192646
2308,0.29545704,0.033129044,0.9232069
2309,0.43044546,0.11407912,0.8752519
2310,0.41441435,0.100036666,0.8981232
2311,0.39171398,0.08270978,0.91125596
2312,0.37383074,0.07064595,0.9191838
2313,0.3088881,0.03728564,0.88259995
2314,0.26054233,0.02104979,0.3402
2315,0.51919246,0.20322524,0.9573018
2316,0.33916917,0.048529994,0.7811
2317,0.5060896,0.18320219,0.93112916
2318,0.52390075,0.20467705,0.89427656
2319,0.5545872,0.24675384,0.85000044
2320,0.63474226,0.38551375,0.7804223
2321,0.40723127,0.087866634,0.9600539
2322,0.39253652,0.07764405,0.95608586
2323,0.4427051,0.116054654,0.8819095
2324,0.38885063,0.0753092,0.92268974
2325,0.39158303,0.07675669,0.9347505
2326,0.53915584,0.22340983,0.7813421
2327,0.44386154,0.11687929,0.85698676
2328,0.30974585,0.034864843,0.5768
2329,0.37220976,0.064235575,0.9676192
2330,0.46784818,0.13800053,0.8432556
2331,0.34692997,0.050888915,0.9577387
2332,0.5148725,0.19054684,0.7700904
2333,0.62720674,0.3648132,0.7334679
2334,0.31810585,0.03796019,0.6549
2335,0.2684,0.029066602,0.26839998
2336,0.3144642,0.035852157,0.46840003
2337,0.3329579,0.0433151,0.6706
2338,0.3033106,0.031686973,0.3896
2339,0.63589793,0.37337232,0.73518735
2340,0.36226687,0.057361122,0.9515514
2341,0.70587564,0.5288285,0.66377056
2342,0.3837037,0.06984183,0.88846993
2343,0.3528763,0.052922934,0.90273434
2344,0.32744142,0.041147396,0.6868
2345,0.7437822,0.6170771,0.7203441
2346,0.43421224,0.1036501,0.90007836
2347,0.8758016,1.0497923,0.6039681
2348,0.9110944,1.1881433,0.58413124
2349,0.85500556,0.9688604,0.60075045
2350,0.40557203,0.08245693,0.86591995
2351,0.34127396,0.046462324,0.7534
2352,0.5421651,0.21173817,0.8906671
2353,0.42059433,0.0913667,0.9075717
2354,0.7105337,0.5256184,0.6431609
2355,0.43024063,0.099907696,0.7850397
2356,1.0317899,1.7459555,0.48025176
2357,0.52096075,0.18946828,0.67709076
2358,0.44474408,0.11257094,0.7077748
2359,0.48333797,0.14961953,0.6585298
2360,0.97190946,1.4526411,0.5054194
2361,0.80889225,0.81066227,0.54111654
2362,0.4960181,0.16228147,0.6714594
2363,0.42016822,0.0939511,0.70080286
2364,0.42554912,0.09784745,0.7141862
2365,1.0200245,1.7121253,0.43823192
2366,0.57698935,0.2710024,0.58380616
2367,0.9923876,1.5790802,0.43073913
2368,1.1836601,2.6541114,0.396547
2369,0.64522934,0.38771877,0.5598476
2370,0.84067047,0.92556095,0.48213166
2371,0.560887,0.24622786,0.5917877
2372,0.32901862,0.041767523,0.5829
2373,0.9277932,1.2787589,0.45476547
2374,1.5757906,5.4891353,0.34974542
2375,1.0715834,1.8868266,0.47812092
2376,0.86522996,0.9641695,0.5475537
2377,1.1507599,2.3047743,0.501448
2378,1.1592261,2.3260977,0.517523
2379,1.0984582,1.9613442,0.551857
2380,1.3035269,3.1686728,0.5201053
2381,0.6187916,0.30266884,0.80277723
2382,0.35067,0.04576669,1.0451308
2383,0.56467974,0.22579925,0.81350803
2384,0.36715642,0.053987004,0.9881677
2385,0.97063905,1.2916425,0.76781976
2386,1.4004618,3.7314436,0.62321305
2387,1.4340756,3.8587701,0.6458655
2388,1.5652541,4.6564875,0.6542689
2389,0.48265928,0.11620449,1.2775874
2390,0.38797387,0.056292426,1.3674
2391,0.4765844,0.11266207,1.1901823
2392,0.35779306,0.043455154,1.1472
2393,0.6703093,0.35541514,0.9428362
2394,0.3664185,0.047694962,1.2437228
2395,0.30522457,0.026030267,0.6945
2396,0.95172113,1.1187845,0.79630286
2397,0.71640515,0.44520837,0.93877786
2398,1.1318129,1.9174969,0.73151433
2399,1.6981297,5.505676,0.61700547
2400,1.6051501,4.661924,0.7078369
2401,1.7833558,5.699239,0.73108035
2402,1.8226069,5.7355638,0.80767894
2403,0.99063087,1.0379225,1.2273556
2404,0.5222913,0.12675521,1.6590173
2405,1.5631479,3.9208176,0.94606566
2406,1.7753582,5.149814,0.94387037
2407,1.5403142,3.558103,1.1122622
2408,1.1568717,1.5524666,1.3492651
2409,1.289878,2.1494732,1.2731583
2410,1.1381814,1.4733368,1.371411
2411,0.74321854,0.37568778,1.6793387
2412,0.44726104,0.06979605,2.0583632
2413,1.7636744,4.867026,1.0585322
2414,1.3693293,2.4901342,1.3047539
2415,1.3918715,2.5867121,1.3178883
2416,1.3524384,2.3670006,1.363764
2417,0.90661365,0.6880645,1.6836139
2418,0.5617665,0.14276764,2.0492578
2419,0.74136597,0.36474752,1.6976665
2420,0.5077533,0.10406555,2.0279891
2421,0.23077643,0.0074294615,0.67279994
2422,0.3351798,0.025164025,1.4232
2423,1.1171322,1.3512369,1.7109153
2424,0.59965634,0.17758393,2.271439
2425,1.0203223,0.99444443,2.1702864
2426,1.5551196,3.4325187,1.7987134
2427,0.3621114,0.03053196,1.1750998
2428,1.3242238,2.1040978,2.1298914
2429,1.1391007,1.3184748,2.1073053
2430,0.37643364,0.03386046,1.2247
2431,0.56095177,0.12883818,2.4681
2432,0.6967946,0.26764727,2.2583451
2433,1.6304255,3.7589266,1.3687981
2434,2.2545247,7.1717,1.1910521
2435,2.2878087,7.2094,1.3288765
2436,0.58616006,0.12936746,2.9031565
2437,1.8921905,4.7930765,1.5197487
2438,0.7272198,0.26069525,2.5728972
2439,0.86893743,0.478065,2.2088072
2440,0.7855986,0.34780255,2.1956978
2441,0.6547056,0.19238771,2.2700517
2442,0.7743493,0.34180513,1.9757698
2443,1.1083128,1.115194,1.5773414
2444,1.4073718,2.317855,1.3688457
2445,1.9941676,5.485461,1.1577611
2446,1.5499903,2.9129052,1.43797
2447,1.694659,3.6424048,1.4038738
2448,1.748893,3.8768127,1.435754
2449,1.3642771,1.9481581,1.6966466
2450,0.94832927,0.6272125,2.0092301
2451,0.55123806,0.10475151,2.52016
2452,0.6080287,0.14789888,2.2427227
2453,0.76988506,0.33059877,1.8832353
2454,1.0985643,1.0620505,1.5931987
2455,0.6616705,0.20397773,1.9917581
2456,1.2477229,1.6152778,1.3838979
2457,1.3575171,2.08038,1.3379215
2458,1.0727197,1.0169096,1.5109392
2459,1.0041908,0.8328034,1.5401224
2460,1.2390871,1.6243124,1.3516368
2461,0.35941896,0.027822904,2.4278
2462,0.5382284,0.10879123,1.9260931
2463,0.58153695,0.14306816,1.765394
2464,1.2999496,1.9473372,1.1313918
2465,1.1419847,1.3210311,1.2164202
2466,0.94454086,0.7239065,1.4296505
2467,0.65195525,0.21620022,1.6648587
2468,1.288749,1.9436556,1.176864
2469,1.5943722,3.4615822,1.1492685
2470,1.1453142,1.3315604,1.4161183
2471,0.747399,0.33684164,1.7852834
2472,0.3260814,0.021294564,2.0495
2473,0.65111977,0.21683478,1.8179938
2474,0.6738829,0.24646781,1.7263473
2475,0.7056026,0.29160666,1.6156665
2476,0.7182746,0.3141286,1.5358778
2477,0.62084025,0.19625537,1.5845712
2478,0.22876728,0.0070350734,0.91780007
2479,0.23041165,0.007247365,0.9395
2480,0.58273035,0.16290335,1.5091124
2481,0.86121386,0.6020255,1.2076175
2482,0.76535565,0.412258,1.2972983
2483,0.87166035,0.64032036,1.1801698
2484,0.9038254,0.7292877,1.1336184
2485,0.3698849,0.03780347,1.7158476
2486,1.3137866,2.3421433,0.87602574
2487,1.5409278,3.5626721,0.8278345
2488,1.2919745,2.1794162,0.96676624
2489,0.3637083,0.035050973,1.8313841
2490,0.8975032,0.7160344,1.1209352
2491,1.2883439,2.1987433,0.9171069
2492,0.81587243,0.52360815,1.2907265
2493,0.6275341,0.2216437,1.4774313
2494,0.74755627,0.40094787,1.3268178
2495,0.36800995,0.038025513,1.8326443
2496,0.6402023,0.24536857,1.3324481
2497,0.59556234,0.19555809,1.3328608
2498,0.9186959,0.8247862,1.0387284
2499,1.0929815,1.4318699,0.9637002
2500,0.7622477,0.451352,1.2266078
2501,0.8532952,0.65653443,1.189026
2502,0.83506465,0.6190363,1.1767055
2503,0.3678688,0.040770825,1.7429111
2504,0.623396,0.24009575,1.3088835
2505,0.5940094,0.20709783,1.2959479
2506,0.40212,0.05678431,1.5264937
2507,0.47243598,0.09849896,1.3526795
2508,0.8446673,0.6838586,0.9794424
2509,0.7642036,0.49841747,1.0213164
2510,0.8734286,0.77835536,0.9367309
2511,1.2625883,2.410888,0.7690704
2512,0.7478999,0.47048068,1.0372232
2513,0.6806525,0.33792973,1.3402866
2514,0.76133734,0.4943299,1.231233
2515,0.49306694,0.11761716,1.5099227
2516,0.9302887,0.9622521,1.0636154
2517,0.5330997,0.1545389,1.43791
2518,0.4614559,0.09627922,1.4955813
2519,0.42164615,0.07153756,1.5513427
2520,0.6918081,0.37655133,1.1705561
2521,1.634667,4.789429,0.740727
2522,1.3718652,3.0217667,0.8862154
2523,1.1309042,1.7208185,1.0205996
2524,0.9795782,1.1065078,1.1069413
2525,0.43260062,0.07532227,1.6371863
2526,0.37084818,0.045432076,1.6852939
2527,0.42191213,0.0704195,1.5496155
2528,0.87804276,0.80287594,1.0722736
2529,1.1807263,2.0161104,0.9121823
2530,0.8338325,0.68253326,1.1062784
2531,0.78856957,0.5748914,1.1180006
2532,0.397206,0.059355695,1.5300314
2533,0.69273144,0.38345137,1.1192789
2534,0.41266513,0.06895179,1.4056131
2535,0.8965888,0.90590644,0.923898
2536,1.0398756,1.4490371,0.8513244
2537,0.3183767,0.029522173,1.5338022
2538,0.22912167,0.009893902,1.2371
2539,0.20425057,0.0067463466,0.8093
2540,0.44892752,0.09331933,1.3446665
2541,1.0013715,1.3065856,0.87341535
2542,0.6131037,0.267736,1.1186036
2543,0.19813718,0.0062010353,0.6387
2544,0.21169364,0.007759725,0.84959996
2545,0.2402584,0.0118991155,1.2619
2546,0.2657354,0.016770922,1.5218923
2547,1.0564266,1.5884422,0.7406926
2548,0.8971067,0.95738924,0.8152629
2549,0.31435704,0.029868836,1.3589067
2550,0.6290549,0.3059674,0.93250304
2551,0.91122544,1.0316764,0.75901884
2552,0.8169482,0.732815,0.8018009
2553,0.7846313,0.6489064,0.8116525
2554,0.7750305,0.62940556,0.8084232
2555,0.6954265,0.44611,0.8443667
2556,0.6652336,0.38968495,0.84982723
2557,0.79409736,0.702125,0.76493406
2558,0.8541238,0.8942997,0.73190796
2559,0.6554235,0.38127697,0.8334271
2560,0.47401196,0.13127886,0.96165025
2561,0.35677347,0.05128357,1.0766335
2562,0.39059082,0.07009113,0.99916667
2563,0.59431124,0.28720608,0.79026455
2564,0.22797711,0.011816932,1.238756
2565,0.5053533,0.17051147,0.811109
2566,0.47662798,0.14181386,0.817579
2567,0.4782549,0.14499183,0.7986801
2568,0.4564341,0.1253955,0.8002018
2569,0.32704836,0.041544974,0.9221298
2570,0.3641815,0.060067277,0.85187525
2571,0.48113197,0.15384836,0.7248693
2572,0.5188223,0.19994903,0.68520707
2573,0.580999,0.29435,0.63692075
2574,0.60319304,0.33679768,0.61681944
2575,0.6522776,0.44031796,0.5861762
2576,0.43430454,0.11530076,0.7113334
2577,0.29278976,0.031144302,0.84679604
2578,0.40347815,0.09179069,0.70581406
2579,0.4483611,0.13186064,0.65695584
2580,0.41947767,0.10664756,0.6672356
2581,0.40919235,0.09913359,0.66327757
2582,0.38223773,0.079709984,0.67356205
2583,0.47418335,0.16530082,0.594038
2584,0.36115363,0.067247234,0.6696516
2585,0.18942976,0.007847552,0.9006671
2586,0.2245018,0.013918306,0.807442
2587,0.24603868,0.019026827,0.7538354
2588,0.27753547,0.028662687,0.69490415
2589,0.237116,0.017063888,0.7352986
2590,0.31512,0.044470064,0.6256183
2591,0.21013159,0.01157015,0.7492499
2592,0.25065905,0.020987304,0.67205673
2593,0.36435628,0.07384589,0.54780036
2594,0.27623084,0.029515907,0.618283
2595,0.16627617,0.0054580458,0.7780639
2596,0.13805845,0.0029089109,0.2356
2597,0.2413049,0.018686986,0.7206046
2598,0.28656495,0.033416335,0.648541
2599,0.26151666,0.024794457,0.66574883
2600,0.25499433,0.022945331,0.66109747
2601,0.32336274,0.051123448,0.5768752
2602,0.20659962,0.011529,0.70718205
2603,0.18284847,0.007713443,0.7351606
2604,0.16105844,0.005078085,0.7162
2605,0.34813198,0.06528098,0.6064401
2606,0.3182802,0.048471265,0.6472121
2607,0.30389532,0.041824125,0.6507463
2608,0.27140772,0.028857457,0.6759494
2609,0.2875961,0.035248343,0.6448714
2610,0.22273095,0.015098464,0.7196082
2611,0.17586431,0.0068970816,0.679
2612,0.23637138,0.018375568,0.7242082
2613,0.21552202,0.01357028,0.7429056
2614,0.24464855,0.020825693,0.68430305
2615,0.18184146,0.007776615,0.6821
2616,0.17791493,0.007150457,0.4372
2617,0.20283732,0.011105441,0.78814983
2618,0.17762633,0.007127054,0.39070004
2619,0.17435429,0.0066996305,0.31010002
2620,0.19870213,0.010362582,0.7069
2621,0.34973565,0.067128286,0.7088623
2622,0.31603083,0.04804811,0.7345286
2623,0.22801355,0.01620409,0.84847313
2624,0.22331595,0.01515366,0.8341
2625,0.23665398,0.018441582,0.80120605
2626,0.44832712,0.15372014,0.6421721
2627,0.3490441,0.06674403,0.7318837
2628,0.31562105,0.047814474,0.7590486
2629,0.30199534,0.041365616,0.7645233
2630,0.28565884,0.034439128,0.77391267
2631,0.28952324,0.036114566,0.75679475
2632,0.29572722,0.03887872,0.737391
2633,0.23605075,0.01836496,0.8109915
2634,0.26767728,0.02801585,0.74901336
2635,0.24201268,0.020066904,0.7741546
2636,0.3500135,0.06798075,0.7025666
2637,0.24831434,0.021637842,0.82281727
2638,0.25968686,0.025161045,0.7917638
2639,0.2547409,0.023563595,0.80231124
2640,0.20609972,0.011630102,0.3101
2641,0.23049964,0.016853863,0.648
2642,0.23575722,0.018181434,0.7286
2643,0.22574249,0.015746403,0.6015
2644,0.28711224,0.035200037,0.7284204
2645,0.21262729,0.01294254,0.4341
2646,0.20614813,0.011671409,0.3349
2647,0.30535406,0.04191544,0.86563265
2648,0.3068007,0.042426236,0.8578665
2649,0.42911378,0.12985265,0.71967053
2650,0.41381946,0.114165,0.7635955
2651,0.37724024,0.08363961,0.7945465
2652,0.40865785,0.10906759,0.7577614
2653,0.38434735,0.088780664,0.77549505
2654,0.27698466,0.02967836,0.90230006
2655,0.26504466,0.0255226,0.7565
2656,0.2837145,0.031589214,0.8403
2657,0.28471074,0.03132597,0.6728
2658,0.4379558,0.13091704,0.84443086
2659,0.42169476,0.11472379,0.8583754
2660,0.3406967,0.055981852,0.94689476
2661,0.35365942,0.0631256,0.9195747
2662,0.3277969,0.048795793,0.9438468
2663,0.35487512,0.06333534,0.904844
2664,0.2418,0.017907163,0.24180005
2665,0.4688134,0.15372401,0.98958653
2666,0.42580372,0.11006566,1.0223144
2667,0.41627175,0.101002164,1.0174034
2668,0.48822367,0.17061773,0.9260274
2669,0.30277053,0.03436136,0.6821
2670,0.35334814,0.056951568,1.0922967
2671,0.5522599,0.24494725,1.0259837
2672,0.57255024,0.27301762,0.9625493
2673,0.5675463,0.26325065,0.93381613
2674,0.36873212,0.062100973,1.0821
2675,0.3690687,0.06200448,1.0850346
2676,0.60010517,0.31263912,0.83498245
2677,0.5488725,0.23238452,0.8573951
2678,0.3782496,0.06706727,1.0107795
2679,0.31136003,0.034965288,0.6511
2680,0.32854217,0.041788626,0.8403
2681,0.34109256,0.047360003,0.97670007
2682,0.4404955,0.111463375,0.86733305
2683,0.3610821,0.05750107,0.9382334
2684,0.28705275,0.02675484,0.47750002
2685,0.514141,0.18513504,0.8425864
2686,0.6247704,0.35455197,0.74918574
2687,0.3944961,0.07678486,0.92764115
2688,0.4470926,0.116897106,0.8522097
2689,0.47749662,0.14606433,0.8087885
2690,0.44094414,0.11084627,0.9060251
2691,0.5293706,0.20359613,0.8256726
2692,0.31304565,0.035261936,0.5302
2693,0.72486955,0.559537,0.8399454
2694,0.4921691,0.15497968,0.9382757
2695,0.52273595,0.19021013,0.83773077
2696,0.5622286,0.24364334,0.75903076
2697,0.35446075,0.052490834,0.6666
2698,0.46345046,0.12734553,0.84022874
2699,0.45477414,0.11696367,0.95190006
2700,0.48311302,0.14596562,0.790386
2701,0.40768236,0.084526956,0.6697
2702,0.1922,0.055814248,0.1922
2703,0.17049998,0.083425835,0.17050001
2704,0.62453693,0.3664931,0.54369485
2705,1.0146931,1.8696564,0.34224772
2706,0.6458691,0.45593625,0.368779
2707,0.48356846,0.18014988,0.36849868
2708,0.590219,0.3578141,0.29706925
2709,0.5991006,0.3833681,0.27150998
2710,0.5961258,0.3822767,0.261467
2711,0.8795406,1.3664495,0.20219122
2712,0.60123533,0.40190488,0.23975419
2713,0.56221,0.32613817,0.23934397
2714,1.1532067,3.1362715,0.16090783
2715,0.64110136,0.49871877,0.22651918
2716,0.40243715,0.10733239,0.28193688
2717,0.42257217,0.12670572,0.2819509
2718,0.46242416,0.17068875,0.28719005
2719,0.6146877,0.43746167,0.26709488
2720,0.49846515,0.2254512,0.260503
2721,0.81668377,1.1414369,0.20759271
2722,0.90043664,1.6006846,0.17468113
2723,0.8428054,1.3301585,0.16334502
2724,0.48822626,0.22803307,0.20110588
2725,0.7113743,0.7959177,0.16430286
2726,0.46163037,0.19593434,0.18842661
2727,0.67026,0.68452775,0.14523362
2728,0.85336816,1.4999416,0.122643895
2729,0.952564,2.0699494,0.13169585
2730,1.4848514,4.4369,0.0974755
2731,1.8259126,5.2369,0.08867807
2732,1.139402,3.3458655,0.12064883
2733,0.5749772,0.39063486,0.17743357
2734,1.3449314,4.378,0.115391135
2735,1.5130755,4.8586,0.11590492
2736,0.755126,0.8897074,0.18084437
2737,0.49390215,0.22203965,0.22373453
2738,0.6874347,0.66697323,0.18632346
2739,0.40542826,0.11704178,0.2424854
2740,1.3560795,4.6819,0.12988152
2741,1.3346795,4.629981,0.14407498
2742,0.6290154,0.464227,0.23332213
2743,0.38028055,0.08786561,0.29982394
2744,0.7705882,0.8936451,0.24167801
2745,0.685468,0.61560655,0.25234047
2746,0.4530873,0.15782507,0.30546057
2747,1.4345953,4.8896,0.16559447
2748,0.8619825,1.244262,0.24500175
2749,0.5924726,0.369124,0.2997272
2750,1.6853763,5.2524,0.19703998
2751,1.1144587,2.585533,0.2577837
2752,0.94593936,1.5657594,0.28383547
2753,2.0825117,6.1206,0.1957231
2754,1.0229847,1.8869394,0.3147359
2755,0.6982173,0.5591466,0.38616654
2756,1.6817067,5.5066,0.2542551
2757,1.4638956,4.799331,0.30019867
2758,1.5882761,5.5159,0.31346223
2759,1.3187052,3.4024348,0.38462448
2760,0.84899074,0.88860416,0.5113051
2761,0.4696298,0.12653121,0.6872431
2762,1.1634684,2.2945445,0.5811145
2763,2.2914398,6.412,0.3905752
2764,1.4318295,3.896251,0.5160693
2765,0.8389241,0.7691541,0.6866198
2766,0.4448391,0.09479517,0.90140396
2767,2.0671165,5.6183,0.5783149
2768,0.57035947,0.21097666,1.0024705
2769,0.62064844,0.28949678,0.7824731
2770,0.76722515,0.5933667,0.6380033
2771,0.53325033,0.17586821,0.8676964
2772,0.577291,0.25105765,0.7820631
2773,1.285562,3.7272775,0.40253386
2774,2.3832943,6.0895,0.25689662
2775,2.0722063,5.8229,0.260787
2776,1.0881745,2.4025774,0.3544028
2777,1.6942434,5.3826,0.26549345
2778,1.6729883,5.457,0.2799146
2779,1.378275,4.194443,0.33388668
2780,0.39752015,0.08014613,0.66440785
2781,0.4459057,0.11844585,0.60714805
2782,0.40456676,0.08502027,0.68111795
2783,0.7397978,0.6248686,0.5387516
2784,0.8479047,0.984827,0.45373777
2785,0.5355752,0.21083692,0.7235463
2786,0.916077,1.2986104,0.46024662
2787,1.6691033,4.9361,0.28456852
2788,1.50327,4.7315,0.28005266
2789,1.5294983,4.9051,0.2708475
2790,1.5704411,5.1005,0.27362657
2791,1.485859,4.808017,0.2984408
2792,1.8682753,5.8849,0.2835353
2793,2.2961667,6.7035,0.28217554
2794,2.4912841,7.1189003,0.30794364
2795,2.9453661,7.8475995,0.32508898
2796,1.9651706,6.6073,0.47656986
2797,1.5345927,4.020299,0.6214065
2798,0.74786085,0.4446096,0.9605934
2799,1.6945807,5.0017195,0.62226117
2800,2.8006055,8.1669,0.52451193
2801,2.0434806,6.7379403,0.73645097
2802,0.89190507,0.67314976,1.2806762
2803,0.56345916,0.14868736,1.5691571
2804,0.92484456,0.77498144,1.1802837
2805,1.0158093,1.0570332,1.1063294
2806,0.6990218,0.31521782,1.3178351
2807,1.2123791,1.8577118,0.9708506
2808,1.4379469,2.9944234,0.9690005
2809,0.6933931,0.30334875,1.448566
2810,0.6420179,0.23663467,1.5080713
2811,1.553703,3.6783128,0.93473804
2812,1.6204163,4.002939,0.96752673
2813,1.1124679,1.3592229,1.2532443
2814,0.9287062,0.7718776,1.3612943
2815,1.6407146,4.0759883,0.9993391
2816,1.6566542,4.079138,1.0586644
2817,1.6663727,4.0466714,1.1213899
2818,1.1891695,1.5680177,1.4078641
2819,1.5869815,3.513937,1.268981
2820,0.48484948,0.08149031,2.372244
2821,1.0957525,1.209723,1.5008212
2822,0.6808979,0.2596365,1.8575225
2823,0.4828978,0.083100215,2.1567676
2824,0.53064555,0.115147516,1.9887927
2825,0.31621456,0.020551423,1.8820999
2826,0.23379716,0.0075295223,0.8806001
2827,0.8514102,0.56408167,1.5063695
2828,1.0940746,1.27207,1.3055675
2829,0.73857784,0.3600162,1.5663067
2830,1.0536774,1.1533536,1.2718196
2831,1.0798528,1.2541367,1.245017
2832,1.1633124,1.5857424,1.1880133
2833,1.0241507,1.0717105,1.2831789
2834,1.2829326,2.1362252,1.129541
2835,1.1975219,1.7408938,1.1861035
2836,0.854616,0.5956078,1.5723993
2837,1.2911332,2.1658392,1.271707
2838,0.84150326,0.5608267,1.7774878
2839,0.61895055,0.20520322,1.9848338
2840,0.6890063,0.29702857,1.7919254
2841,0.24929985,0.010021867,1.0356
2842,0.24679872,0.009739234,1.0138999
2843,0.4432691,0.06957741,2.0064282
2844,0.24519652,0.0095464215,0.8155001
2845,0.33931074,0.028126309,1.7208
2846,0.7358266,0.37622783,1.6855856
2847,0.44119343,0.06814157,2.2527502
2848,0.28486434,0.015751343,0.9270999
2849,0.37530077,0.03894178,1.5379
2850,0.5928548,0.17779662,2.3617
2851,0.40684795,0.04974745,1.3953
2852,0.78268594,0.44168243,2.0280201
2853,0.949896,0.8324928,1.7680779
2854,1.5879382,3.8249204,1.2827275
2855,2.5709994,7.6088,1.0273879
2856,1.302932,2.0345383,1.6563902
2857,1.5749838,3.4353902,1.505827
2858,0.5492653,0.11985019,2.637028
2859,0.55250907,0.123200074,2.4906306
2860,0.7601002,0.3611881,1.9965185
2861,0.80655956,0.44475976,1.8480182
2862,0.91554207,0.6819481,1.6620557
2863,1.1428585,1.3956215,1.440653
2864,1.3971276,2.5423362,1.2882875
2865,1.4011347,2.5422847,1.311354
2866,1.5008868,3.0474327,1.2905312
2867,1.5627245,3.3477194,1.30399
2868,1.1154882,1.2378258,1.6272876
2869,1.6516321,3.808827,1.3110695
2870,1.4729031,2.7675512,1.4726344
2871,1.0567374,1.0175027,1.7683581
2872,1.1994342,1.5237892,1.6140496
2873,1.1673685,1.4091998,1.6136245
2874,0.8740198,0.5589186,1.9519521
2875,0.98109925,0.8225547,1.7954216
2876,0.5674213,0.1360951,2.2647593
2877,0.6082097,0.17403068,2.0667908
2878,0.56190133,0.13504483,2.0723948
2879,0.7983993,0.44097105,1.655911
2880,0.25257018,0.009531113,0.93950003
2881,0.2528393,0.009590535,0.9053999
2882,0.3225858,0.021652464,1.5999
2883,0.34429774,0.027157085,1.82
2884,0.24790928,0.009134704,0.7843999
2885,0.27213013,0.012546577,1.0914
2886,0.32675436,0.02330403,1.6867
2887,0.37182477,0.03585351,1.9533999
2888,0.60782903,0.17976227,2.1701565
2889,0.63230914,0.20024978,2.553253
2890,1.7796227,4.7941628,1.3115854
2891,1.3447719,2.2088604,1.5285861
2892,0.7360898,0.32204038,1.9943544
2893,0.80926305,0.44644755,1.7736636
2894,0.3666402,0.032037888,1.1162
2895,0.969798,0.8191413,1.5144536
2896,2.1250618,6.841204,0.97884786
2897,1.8913324,5.1964207,1.1692483
2898,1.7214192,4.0462694,1.3257953
2899,1.5603148,3.0746758,1.4625162
2900,1.5007079,2.7328937,1.5267388
2901,0.86914027,0.49860218,2.0247974
2902,0.66105753,0.20390582,2.1983514
2903,0.41249847,0.042603087,2.0402
2904,0.4545938,0.05969786,2.3344026
2905,1.1415825,1.263299,1.401727
2906,1.07668,1.0596858,1.4220617
2907,0.90906334,0.62105376,1.5153515
2908,0.81482816,0.43976283,1.5482587
2909,0.9768064,0.80664176,1.3651987
2910,1.0692056,1.0892798,1.275
2911,1.3564235,2.2592049,1.1149814
2912,1.5818443,3.4234424,1.0480549
2913,1.0231106,0.9380747,1.3639072
2914,0.32291925,0.02051827,1.7084
2915,0.38771752,0.038249318,2.0294807
2916,0.746685,0.34685844,1.3976231
2917,0.986286,0.8741637,1.1765298
2918,1.0170356,0.9752249,1.1387929
2919,1.0344317,1.0399091,1.1135178
2920,0.8365603,0.5297343,1.2226071
2921,0.35634643,0.031131478,1.7986839
2922,0.44144216,0.06455232,1.5411075
2923,0.5839541,0.16691382,1.2870672
2924,0.70803875,0.32177973,1.1299495
2925,0.5936863,0.18160814,1.1975974
2926,0.59385645,0.1843938,1.1584939
2927,0.61584127,0.21112838,1.1033899
2928,0.6750969,0.2907659,1.023676
2929,0.74503225,0.40873057,0.95008516
2930,0.6918467,0.32441416,0.9648907
2931,0.70253736,0.34612837,0.9354143
2932,0.3108157,0.022965299,1.3613465
2933,0.650358,0.27433956,0.91229236
2934,0.6245316,0.2430853,0.9095863
2935,0.5896425,0.20348208,0.9139734
2936,0.61232543,0.23389512,0.8753731
2937,0.64056635,0.27543104,0.8367897
2938,0.6070024,0.23341365,0.84174144
2939,0.40107736,0.059167627,1.0095397
2940,0.56205875,0.18508825,0.8301121
2941,0.4795342,0.110287406,0.8777785
2942,0.3730559,0.048152436,0.967842
2943,0.26599497,0.015683468,1.1079892
2944,0.23855558,0.010991085,1.1293614
2945,0.46481824,0.103326716,0.788448
2946,0.19373962,0.0055953283,0.7565
2947,0.26541373,0.016028594,1.0283812
2948,0.49608505,0.13117923,0.73394376
2949,0.5243179,0.15976049,0.69947
2950,0.24889325,0.013363517,0.98863196
2951,0.2031457,0.006833882,0.8961
2952,0.2105109,0.0077479957,1.0125043
2953,0.33398443,0.036526617,0.78417504
2954,0.24782684,0.013590181,0.8857569
2955,0.17109056,0.0039743674,0.3845
2956,0.3826278,0.058848683,0.6919746
2957,0.44145548,0.09590581,0.6349536
2958,0.21834606,0.009199197,0.88030833
2959,0.18113607,0.0049633575,0.5829
2960,0.41802707,0.08180029,0.61379755
2961,0.38641754,0.06355557,0.6266489
2962,0.343713,0.043386817,0.65152216
2963,0.34884578,0.04603292,0.63402426
2964,0.34027198,0.04276384,0.6295462
2965,0.33744162,0.041980263,0.6200763
2966,0.20899644,0.00853842,0.7695252
2967,0.18899503,0.0061436784,0.7892206
2968,0.2433276,0.014376656,0.68079096
2969,0.20652421,0.008374128,0.7222324
2970,0.16519144,0.004000956,0.3969
2971,0.2817638,0.023555772,0.66607004
2972,0.20582664,0.008302745,0.76848567
2973,0.3330783,0.041776363,0.5928529
2974,0.31475073,0.03406943,0.7033519
2975,0.323573,0.037691776,0.67948127
2976,0.41069075,0.084108084,0.6079442
2977,0.39686844,0.07576407,0.6077863
2978,0.3298301,0.04119349,0.6544699
2979,0.2657948,0.020185452,0.7137953
2980,0.20926695,0.009147573,0.6852
2981,0.21012105,0.009235008,0.5767
2982,0.35508513,0.053666852,0.62520814
2983,0.22355632,0.011526138,0.7706679
2984,0.20770451,0.009073847,0.5674
2985,0.2729935,0.021829726,0.88633037
2986,0.25469425,0.01741785,0.7131
2987,0.4337467,0.10342799,0.6984495
2988,0.32339716,0.03870106,0.84637064
2989,0.2532262,0.017191892,0.5488
2990,0.28549045,0.025710713,0.885311
2991,0.35645697,0.05274798,0.947976
2992,0.27008507,0.020941779,0.3752
2993,0.2895479,0.025854563,0.3039
2994,0.2635,0.024321714,0.26350003
2995,0.5573181,0.2292532,0.8692301
2996,0.45412254,0.11617054,0.9388769
2997,0.47465688,0.13511366,0.8945747
2998,0.40901193,0.08247166,0.93982714
2999,0.35537374,0.051716365,0.9816882
3000,0.31525636,0.034753043,0.679
3001,0.30863088,0.032443456,0.6263
3002,0.37271735,0.06079814,0.9378847
3003,0.41787726,0.08945834,0.86431116
3004,0.4294483,0.09766855,0.881805
3005,0.46634442,0.12917987,0.82523435
3006,0.47460213,0.13764669,0.7999446
3007,0.41710606,0.08985972,0.8350204
3008,0.33064803,0.041514516,0.8031
3009,0.24179998,0.02358154,0.2418
3010,0.1457,0.025128199,0.14569995
3011,0.33323753,0.04153062,0.5333
3012,0.4963869,0.15730123,0.8450341
3013,0.4773858,0.13875638,0.8266413
3014,0.38905585,0.07037547,0.8817476
3015,0.46047312,0.124178186,0.783187
3016,0.33140993,0.041573137,0.6015
3017,0.49588463,0.16043392,0.7181732
3018,0.41757157,0.09090767,0.76385653
3019,0.49148464,0.1575819,0.68755686
3020,0.45418882,0.12185971,0.7008013
3021,0.35520282,0.053900108,0.7753504
3022,0.29164323,0.028005734,0.2977
3023,0.47173044,0.13901986,0.6950817
3024,0.34327975,0.04832802,0.741
3025,0.34552923,0.04961401,0.7733512
3026,0.38541177,0.07183243,0.715165
3027,0.3070956,0.033783775,0.431
3028,0.41617405,0.09161805,0.7774403
3029,0.35386747,0.05357336,0.6294
3030,0.35994637,0.05698308,0.7038
3031,0.4077265,0.08689911,0.6964316
3032,0.40873298,0.08815813,0.67384195
3033,0.3690393,0.06297111,0.69403225
3034,0.35752526,0.056171093,0.5612
3035,0.1953,0.038962074,0.19530003
3036,0.3766938,0.06723909,0.6912805
3037,0.38046935,0.07001244,0.65802234
3038,0.36201465,0.059710115,0.6449
3039,0.3741646,0.06713048,0.6169892
3040,0.55272514,0.2483549,0.49622238
3041,0.4634775,0.1392646,0.529936
3042,0.36191034,0.061312452,0.5919034
3043,0.47512385,0.15107499,0.5559322
3044,0.65566325,0.4442288,0.4523587
3045,0.5871027,0.31098813,0.464325
3046,0.82939005,0.96998173,0.37951234
3047,0.7258939,0.63276523,0.40341556
3048,0.6962722,0.5556279,0.40735713
3049,0.7332137,0.66195124,0.39268705
3050,0.5930569,0.33146277,0.43446305
3051,0.5828246,0.3151936,0.43279094
3052,0.7526974,0.7349486,0.3761051
3053,0.46910447,0.15490554,0.47720048
3054,0.56086534,0.2826107,0.43092227
3055,0.72712976,0.66803133,0.37671387
3056,0.53857774,0.24968766,0.4386867
3057,0.45543477,0.14380477,0.4727758
3058,0.4850763,0.17827643,0.45837525
3059,0.5595089,0.28839412,0.42277554
3060,0.7094113,0.63287336,0.37700462
3061,0.5280598,0.24015123,0.43838313
3062,0.39960223,0.095391214,0.49999872
3063,0.6419791,0.46256405,0.3954727
3064,0.79626226,0.9217563,0.3958836
3065,0.79443085,0.915036,0.397108
3066,0.40743855,0.10101771,0.557039
3067,0.8353736,1.0722599,0.39757416
3068,0.8841435,1.2798016,0.38861918
3069,0.5026046,0.20187059,0.5232695
3070,0.49616328,0.19421008,0.5197192
3071,0.67302054,0.53292936,0.45147145
3072,0.75146747,0.76465595,0.42708632
3073,0.4768717,0.17078803,0.53936285
3074,0.800073,0.93421954,0.42729455
3075,0.6747293,0.5369068,0.47000256
3076,0.32535526,0.047506377,0.6015
3077,0.4896447,0.18626289,0.5452766
3078,0.7138364,0.64899623,0.44619527
3079,0.3571102,0.06526021,0.6317502
3080,0.63331395,0.4403069,0.46785575
3081,0.84495115,1.1226733,0.40377942
3082,0.75448954,0.77969027,0.43463296
3083,0.47561142,0.17050086,0.5522021
3084,0.36583072,0.071248956,0.62371695
3085,0.8834715,1.2954007,0.39746693
3086,0.7298696,0.70159054,0.44755375
3087,0.6668747,0.5235497,0.4717612
3088,0.4242664,0.117132,0.59290224
3089,0.35309505,0.063640945,0.6432267
3090,0.522881,0.23623127,0.52801985
3091,0.7696741,0.8244949,0.50983554
3092,0.8122221,0.9761344,0.49869257
3093,0.814379,0.97974676,0.50322795
3094,0.4183647,0.10862756,0.70992196
3095,0.4278344,0.11708357,0.69307864
3096,0.3232187,0.045897465,0.7862945
3097,0.33354676,0.05058729,0.80152583
3098,0.31971732,0.043720722,0.6573
3099,0.39177236,0.08186548,0.6759
3100,0.4497211,0.12952437,0.8359095
3101,0.59350795,0.3271582,0.6486937
3102,0.9552447,1.5287408,0.47120088
3103,1.2742105,3.5061533,0.39568427
3104,0.64150435,0.40969762,0.5805742
3105,0.7157992,0.5899598,0.5332933
3106,0.62042207,0.37003514,0.5620105
3107,1.0478957,1.9791591,0.42235118
3108,0.56931853,0.27658173,0.5880557
3109,1.0405861,1.9266275,0.42632926
3110,0.43862793,0.11535,0.6757121
3111,0.47038913,0.1461402,0.64727527
3112,0.61550426,0.35904709,0.5571491
3113,0.61513126,0.36011344,0.5525755
3114,0.78842604,0.81337243,0.49065027
3115,1.2094196,2.9784112,0.40690213
3116,0.957242,1.4638097,0.48454937
3117,0.40569597,0.087387264,0.7585105
3118,0.48388365,0.15227066,0.88187116
3119,1.8163246,5.5935,0.4881992
3120,1.7927072,5.6958,0.47721624
3121,1.0947334,1.9171683,0.62917626
3122,1.0405945,1.6332649,0.625688
3123,1.226602,2.647321,0.5640311
3124,0.6177159,0.29682407,0.8195409
3125,0.5058656,0.15372269,0.87235636
3126,0.8459232,0.8428011,0.6605516
3127,0.8966678,1.0200241,0.6301345
3128,0.9281221,1.1402559,0.61569345
3129,0.8171298,0.7594775,0.6545985
3130,0.68306017,0.4247021,0.7089448
3131,0.96295184,1.2938564,0.5942911
3132,0.9528944,1.2509683,0.6016844
3133,1.0452932,1.6646045,0.57816106
3134,0.92696965,1.1374229,0.6416641
3135,0.36208346,0.049864978,0.7813
3136,1.7408154,5.8229,0.54829794
3137,1.696481,5.639269,0.5991509
3138,1.7765069,5.9711146,0.638756
3139,0.83499736,0.6695476,1.0405586
3140,1.64285,4.8351274,0.72158945
3141,0.6670199,0.30791968,1.2348875
3142,0.6206767,0.24269122,1.3083171
3143,0.8761096,0.7562037,1.1232926
3144,0.38607097,0.048981532,1.0015
3145,0.39726985,0.053533427,0.9581
3146,1.3346515,2.7279284,0.91809183
3147,1.370843,2.9011009,0.89701647
3148,1.1579847,1.7489266,0.9705021
3149,0.90323967,0.799301,1.0776881
3150,1.2260795,2.0858018,0.8924494
3151,0.62149066,0.23327862,1.2739705
3152,2.1204445,6.7655005,0.65582097
3153,1.8431524,5.6688085,0.8001113
3154,1.7210311,4.692333,0.91660994
3155,0.6485099,0.23296984,1.6083789
3156,1.056126,1.1614978,1.2121751
3157,0.39853877,0.046513513,1.6836
3158,0.3017259,0.01848755,0.8093
3159,0.53432393,0.12605539,1.5669874
3160,0.89827186,0.705037,1.2758557
3161,1.0199208,1.0703795,1.1688428
3162,0.9564003,0.87748873,1.1917155
3163,1.0918285,1.3447869,1.0968921
3164,1.3315147,2.4425902,0.98943365
3165,1.1357228,1.5115811,1.099643
3166,1.0256691,1.1027915,1.1585658
3167,2.3057208,7.5995,0.77872694
3168,1.0303051,1.046857,1.3662233
3169,1.3587949,2.4351888,1.1701787
3170,0.95452297,0.8207483,1.4240719
3171,1.0088221,0.98951346,1.3538328
3172,1.0914681,1.2784027,1.2792834
3173,1.3997731,2.6816542,1.1189996
3174,1.4497811,2.9238021,1.1315156
3175,1.6986811,4.3105226,1.0781698
3176,1.2640634,1.9081151,1.3384026
3177,0.7700712,0.3948576,1.7489855
3178,0.5724623,0.1491535,1.9347184
3179,0.4127315,0.05042368,2.171506
3180,0.73614085,0.35312152,1.5496291
3181,0.4575637,0.072825015,1.9353724
3182,0.5919102,0.17395605,1.6665624
3183,0.95119023,0.8417543,1.2661684
3184,0.7015915,0.314158,1.4420638
3185,0.8825454,0.6641118,1.4419632
3186,0.7081159,0.32551405,1.5631895
3187,1.2219622,1.8774333,1.1713153
3188,1.2181015,1.8567288,1.1859698
3189,1.5656494,3.699645,1.0520111
3190,0.41182745,0.052318636,2.1291018
3191,1.3290788,2.3574352,1.1465853
3192,1.6252041,3.9800758,1.0563244
3193,2.1847274,7.03448,0.9629865
3194,0.42172176,0.051761217,2.4588926
3195,0.48830575,0.08568478,2.1490023
3196,0.5917169,0.16531384,1.8472121
3197,0.53779286,0.12147111,1.877827
3198,0.3633606,0.033048246,2.1648417
3199,0.5578504,0.13965023,1.7513508
3200,0.36896494,0.035335448,2.0686827
3201,0.7506984,0.38410294,1.3872025
3202,0.6152439,0.19739588,1.6890367
3203,0.9876219,0.93234456,1.4515319
3204,0.51555735,0.10988477,1.9468126
3205,1.8263617,5.2040157,1.0245466
3206,0.8216786,0.49983588,1.6684743
3207,1.0836679,1.2320682,1.4038388
3208,0.93987626,0.789283,1.485801
3209,1.3018938,2.174448,1.2316264
3210,0.52938825,0.11728444,2.13736
3211,0.6289085,0.21112974,1.8644117
3212,0.63807553,0.22375672,1.8044398
3213,0.60964245,0.19395092,1.8077579
3214,0.6379248,0.22849616,1.688118
3215,1.2245408,1.8817147,1.1733998
3216,1.2818414,2.148376,1.1559786
3217,0.56260836,0.15129417,1.762355
3218,0.72039473,0.34622395,1.5883713
3219,0.93263394,0.81596196,1.3495172
3220,0.41879588,0.057778843,1.9511977
3221,0.3625733,0.035963923,2.0030158
3222,0.24683234,0.010023435,0.79370004
3223,0.44135842,0.0702065,1.7520937
3224,1.038042,1.1895603,1.0998275
3225,1.4318966,3.0660186,0.9295324
3226,1.2205523,1.929416,1.0510802
3227,1.0249053,1.1307187,1.1611695
3228,0.6923126,0.31818578,1.403598
3229,1.0415356,1.2107317,1.1121938
3230,0.9097933,0.7934627,1.1822895
3231,0.9805703,1.0177257,1.1192666
3232,0.4114039,0.05806698,1.6919644
3233,0.9527503,0.9458758,1.0714008
3234,0.4607139,0.08652066,1.5209624
3235,1.6066922,4.2390223,0.7833994
3236,1.5069294,3.541949,0.870779
3237,1.2745839,2.2177227,1.0005645
3238,0.9734172,0.9763993,1.1674161
3239,0.7057659,0.3464721,1.348791
3240,0.90143067,0.7814123,1.1569833
3241,0.68063235,0.31503573,1.3047056
3242,0.5471003,0.15429777,1.404584
3243,0.448566,0.08043068,1.4872489
3244,0.4811297,0.10288961,1.3849133
3245,0.6681275,0.3096341,1.1873649
3246,0.49353105,0.11426359,1.336573
3247,0.30592966,0.023276588,1.6368539
3248,0.5430753,0.16013047,1.2082442
3249,0.6607026,0.31158674,1.0619794
3250,0.5659061,0.1885824,1.1167946
3251,0.3961348,0.057910603,1.2891982
3252,0.46641132,0.10118046,1.1474149
3253,1.005743,1.2678361,0.7616511
3254,1.3393945,2.9180288,0.66109693
3255,1.0635288,1.490169,0.77794373
3256,1.27626,2.5328043,0.71528393
3257,1.1050686,1.6607051,0.79673374
3258,1.0368017,1.3712082,0.83273894
3259,0.91427845,0.93078977,0.89084244
3260,0.39941013,0.060838897,1.3275746
3261,0.24213982,0.011518596,1.6224422
3262,0.6068389,0.25113654,0.9925941
3263,0.60809124,0.2561857,0.9669375
3264,0.68828803,0.38948143,0.91343564
3265,0.7377073,0.49521747,0.86494577
3266,0.69693935,0.41558918,0.8799242
3267,0.96809244,1.207171,0.7327844
3268,0.8649781,0.8520093,0.7782397
3269,0.5452112,0.18922521,0.97278935
3270,0.3665512,0.050770033,1.1503052
3271,0.16257711,0.0033863736,0.75960004
3272,0.22285515,0.009726114,1.406364
3273,0.511251,0.15558286,0.9911824
3274,0.53438485,0.18251264,0.94412524
3275,0.57911795,0.24142149,0.8850258
3276,0.42836413,0.08930259,1.0038017
3277,0.898119,1.0296469,0.67863244
3278,0.8541449,0.8841989,0.6970055
3279,0.48154053,0.13546498,0.92421824
3280,0.520746,0.17795236,0.86697453
3281,0.3897383,0.06833732,0.97667885
3282,0.5013726,0.16030778,0.8391281
3283,0.29093418,0.026249368,1.0702177
3284,0.38351318,0.06676151,0.90640175
3285,0.4008008,0.07805647,0.87258786
3286,0.2721178,0.021550471,1.0366204
3287,0.55721587,0.23853661,0.70737106
3288,0.36395448,0.05818066,0.8577516
3289,0.49702352,0.16557552,0.7457992
3290,0.5125031,0.18516469,0.72815716
3291,0.49944502,0.17182007,0.7238813
3292,0.2996091,0.03144369,0.914851
3293,0.23679729,0.014436488,0.99828756
3294,0.30832776,0.035156377,0.8523463
3295,0.32377225,0.04176239,0.81148237
3296,0.33926517,0.049270578,0.7743218
3297,0.19176257,0.007381521,0.99915457
3298,0.18552883,0.0064448263,0.85889995
3299,0.4007237,0.0845146,0.8451433
3300,0.7208582,0.5972902,0.6190563
3301,0.49240738,0.1711759,0.7445145
3302,0.4499261,0.12795314,0.7643915
3303,0.45242432,0.13161653,0.7474345
3304,0.51206225,0.20084462,0.68966925
3305,0.4791866,0.16263811,0.701352
3306,0.37201458,0.07049441,0.7810361
3307,0.31397393,0.04031696,0.8308027
3308,0.30153802,0.035494983,0.82777995
3309,0.36963087,0.07068325,0.7317183
3310,0.41173482,0.10227909,0.67999035
3311,0.2555571,0.020944057,0.8439305
3312,0.28513584,0.030411528,0.78078157
3313,0.16554277,0.0049627246,0.5891
3314,0.3543093,0.06319271,0.7043405
3315,0.21435997,0.011874862,0.883308
3316,0.34657997,0.059535507,0.6807219
3317,0.3195213,0.045740277,0.6952491
3318,0.31318346,0.043114033,0.6885155
3319,0.29560977,0.035818614,0.69468004
3320,0.1545898,0.0041403314,0.4124
3321,0.26239577,0.023815585,0.81501627
3322,0.3190814,0.04608883,0.7240991
3323,0.33335042,0.053739846,0.6949638
3324,0.32226688,0.048355594,0.6935747
3325,0.227522,0.015212028,0.8072645
3326,0.24309129,0.019082896,0.7641113
3327,0.20827776,0.011454762,0.80655676
3328,0.34977487,0.06514127,0.6113108
3329,0.32940286,0.053722885,0.61947185
3330,0.18961416,0.008549517,0.79851294
3331,0.1555225,0.0044355514,0.29459998
3332,0.2061176,0.011155211,0.84865266
3333,0.29581103,0.03719568,0.72867304
3334,0.2669822,0.026557378,0.75206685
3335,0.39814493,0.10157852,0.60583186
3336,0.35990116,0.07301025,0.62920815
3337,0.33885047,0.06011112,0.6383155
3338,0.30311126,0.04169221,0.6636851
3339,0.31365713,0.047036767,0.6415539
3340,0.39006728,0.09811976,0.5668075
3341,0.3212722,0.05168752,0.61562294
3342,0.33401418,0.05925872,0.59453046
3343,0.22093372,0.014989251,0.7176747
3344,0.3131917,0.04818905,0.6052374
3345,0.41665068,0.12537022,0.53132606
3346,0.2767243,0.032176435,0.6430332
3347,0.2886696,0.037267648,0.6194764
3348,0.19513147,0.010126482,0.741948
3349,0.20593938,0.012171346,0.70848256
3350,0.22637501,0.016765289,0.6637085
3351,0.32201025,0.054699507,0.54817986
3352,0.3662872,0.084703214,0.5072451
3353,0.27200803,0.03155558,0.5806198
3354,0.23945306,0.020729886,0.6089076
3355,0.36203113,0.082844324,0.49285918
3356,0.29978958,0.044311002,0.5431669
3357,0.28406778,0.0372395,0.5501946
3358,0.17194116,0.0070059844,0.431
3359,0.19336365,0.010221331,0.6077
3360,0.26298952,0.028631369,0.61252844
3361,0.31823635,0.05441007,0.5492827
3362,0.29310578,0.04156844,0.56484264
3363,0.18953402,0.009743025,0.586
3364,0.33685067,0.06572026,0.5651381
3365,0.3035218,0.046621054,0.5888243
3366,0.24854161,0.024017354,0.6415321
3367,0.28187642,0.036706988,0.5941739
3368,0.3115834,0.051533677,0.5580291
3369,0.24400577,0.022878831,0.6219365
3370,0.2047779,0.012790722,0.668041
3371,0.30292985,0.047459114,0.54210347
3372,0.19228996,0.010452616,0.5457
3373,0.18882988,0.009864811,0.49609998
3374,0.20633408,0.013124162,0.6325
3375,0.3572305,0.07779881,0.73768115
3376,0.34863886,0.07034858,0.8141012
3377,0.24697873,0.022009833,0.41550002
3378,0.24142775,0.020064844,0.29770002
3379,0.24144883,0.019732933,0.2698
3380,0.2545109,0.02319709,0.45579997
3381,0.283411,0.032808915,0.8186
3382,0.3581053,0.07095326,0.90004665
3383,0.3093361,0.04316477,0.9623524
3384,0.32413384,0.05009546,0.93373764
3385,0.29238737,0.03528955,0.97334826
3386,0.2634528,0.024777332,0.679
3387,0.28422496,0.031508174,0.8403
3388,0.340943,0.056731537,1.0162473
3389,0.27399626,0.027063955,0.5953
3390,0.49471056,0.19294946,0.8418172
3391,0.3415412,0.055693205,1.0067278
3392,0.24851537,0.019130167,0.3504
3393,0.10230001,0.01928234,0.102300026
3394,0.2784354,0.026370617,0.37830004
3395,0.30203742,0.034011822,0.6635
3396,0.38308835,0.07269998,1.1813
3397,0.40264255,0.08414614,1.2623017
3398,0.2868934,0.026732197,0.32870004
3399,0.3742482,0.0636728,1.0976
3400,0.29456308,0.028285464,0.3628
3401,0.45770344,0.122264676,1.1322695
3402,0.5004924,0.16410568,1.0479445
3403,0.4346923,0.10227418,1.0921324
3404,0.29058582,0.02655865,0.42480004
3405,0.4339603,0.1007922,1.0812144
3406,0.5059883,0.16829175,0.9744629
3407,0.45807874,0.120877735,0.99990636
3408,0.3878018,0.06936752,1.0592481
3409,0.4009735,0.07767311,1.015421
3410,0.39871275,0.076357275,0.9963348
3411,0.34678045,0.048000585,1.0417826
3412,0.32013047,0.036820184,0.8465
3413,0.27362564,0.021815494,0.35350004
3414,0.36103207,0.05234434,0.5705
3415,0.5012893,0.15360813,1.2054461
3416,0.69513524,0.46003544,0.8559038
3417,0.6688461,0.40958259,0.76523155
3418,0.54572296,0.21071012,0.76930803
3419,0.73080033,0.55843306,0.624165
3420,0.650528,0.38415805,0.62561005
3421,0.62687457,0.34303853,0.6078969
3422,0.56309205,0.24243906,0.61672413
3423,0.6701965,0.43554845,0.5455879
3424,0.5549586,0.23500022,0.5850443
3425,0.49763796,0.16433087,0.61401033
3426,0.33083138,0.042334992,0.4155
3427,0.36513004,0.059212707,0.67803943
3428,0.36814106,0.06127358,0.6555684
3429,0.2449,0.037141442,0.24490002
3430,0.24179998,0.054028552,0.24180001
3431,0.5432844,0.22073853,0.6090883
3432,0.5203609,0.194734,0.5547695
3433,0.8167452,0.8721429,0.40557283
3434,0.49693623,0.17136653,0.49569172
3435,0.5895165,0.30632335,0.4312695
3436,0.53742105,0.22793254,0.4338163
3437,0.49463585,0.174853,0.43626037
3438,0.67508274,0.4954531,0.36131155
3439,0.6147194,0.36726695,0.37146473
3440,0.56948453,0.28789014,0.37857375
3441,0.77979666,0.8150727,0.31700128
3442,0.650771,0.45442572,0.34625039
3443,0.60353154,0.35691014,0.35909283
3444,0.92554027,1.4319985,0.28560024
3445,0.5523328,0.26797166,0.37676814
3446,0.6482341,0.4588337,0.3435311
3447,0.9467729,1.5561012,0.28187114
3448,1.03524,2.0321763,0.27541292
3449,0.6269004,0.4086904,0.36796385
3450,0.69780594,0.5852281,0.34709308
3451,0.86923134,1.1918149,0.31216177
3452,0.7346052,0.6955529,0.3455663
3453,0.7545643,0.7622489,0.34243414
3454,0.694883,0.58560824,0.35936335
3455,0.5533927,0.27802053,0.40451083
3456,0.7871984,0.8747397,0.3751814
3457,0.61111975,0.38262132,0.43596524
3458,0.68821543,0.5639211,0.43110386
3459,0.7540508,0.76203316,0.4075601
3460,0.88447183,1.2697029,0.3749881
3461,0.93093944,1.4843358,0.3698836
3462,0.5294085,0.23638968,0.50321007
3463,0.6849837,0.55632603,0.43705037
3464,0.5323198,0.24285467,0.49509767
3465,0.66163427,0.500821,0.43976235
3466,0.8477067,1.1190349,0.3874484
3467,0.8608576,1.1725748,0.39024773
3468,0.33730224,0.053216416,0.63410336
3469,1.2552494,3.5192745,0.34887832
3470,1.2269983,3.2196112,0.37894124
3471,0.37794623,0.072451204,0.730413
3472,0.9969037,1.728954,0.4418281
3473,0.92049897,1.3398685,0.47905514
3474,0.42030835,0.102075055,0.722856
3475,0.43208852,0.11230208,0.70543253
3476,0.2885266,0.029224489,0.4837
3477,0.29407546,0.03067196,0.34419996
3478,0.9037869,1.219182,0.6406486
3479,0.48668662,0.1593623,0.83469987
3480,1.0420431,1.8066822,0.756156
3481,2.0486877,5.6152,0.5362193
3482,1.4114918,4.2563467,0.6063869
3483,0.80639434,0.7896995,0.7362892
3484,1.3863771,4.008592,0.48492977
3485,1.01703,1.6135027,0.55571944
3486,0.5841221,0.2677851,0.70270437
3487,0.66792643,0.42142147,0.6193147
3488,0.83932424,0.89511424,0.52897745
3489,1.3002695,3.338935,0.42567426
3490,0.6539461,0.38693035,0.6252968
3491,1.3692288,3.771072,0.41733676
3492,1.7905129,6.0337,0.385213
3493,0.93127173,1.1249901,0.60705924
3494,0.7414293,0.54027945,0.68178695
3495,1.1895127,2.387801,0.53016764
3496,0.97259474,1.2852639,0.60875946
3497,1.7478702,6.1597433,0.45445618
3498,1.3689017,3.3046842,0.5868602
3499,1.7351611,5.713591,0.5503718
3500,1.3982753,3.272446,0.6915067
3501,1.2906826,2.5780365,0.76138765
3502,1.2945584,2.5702088,0.7890624
3503,0.99813116,1.1648825,0.9331189
3504,0.8445667,0.6849687,1.0198289
3505,0.8038362,0.58810294,1.0312613
3506,0.7058689,0.38722897,1.0824422
3507,0.6410079,0.28427953,1.1106596
3508,0.4842829,0.11272402,1.2426689
3509,0.39432114,0.057208296,1.3294444
3510,0.6305366,0.27700534,1.0211297
3511,0.9902738,1.2144715,0.7971044
3512,0.809582,0.63895833,0.899059
3513,0.39286745,0.058061175,1.2986135
3514,0.37566626,0.05031371,1.2977518
3515,0.46878597,0.10627476,1.1403902
3516,0.39715588,0.061445218,1.2197424
3517,0.6697693,0.35265148,0.9492385
3518,1.1324053,1.868681,0.82641613
3519,1.7262073,5.545565,0.7035868
3520,0.44673836,0.084569454,1.5393474
3521,1.0404218,1.3341286,1.1971911
3522,1.4986589,3.7809963,1.0206937
3523,1.3052697,2.5285304,1.1525335
3524,1.0642824,1.3537282,1.3053998
3525,1.2538385,2.213706,1.1947572
3526,0.7370675,0.4081007,1.5898457
3527,2.0139763,6.851422,0.9853303
3528,1.2817918,2.1868339,1.4110918
3529,2.054944,6.731017,1.1217791
3530,1.5794953,3.6232271,1.4521506
3531,1.0176673,0.98007053,1.8830221
3532,1.0583768,1.1167872,1.7936713
3533,0.7145454,0.31258336,2.1163023
3534,0.45242032,0.06804004,2.4805
3535,1.2666826,1.9556174,1.6026428
3536,0.6637008,0.24460994,2.1919615
3537,0.46968445,0.07777219,2.444408
3538,0.35504344,0.030627053,1.6619
3539,1.5056313,3.2046278,1.3986664
3540,1.763443,4.6598654,1.3345279
3541,1.7582678,4.4969234,1.4309335
3542,0.7935449,0.40881765,2.2475784
3543,0.6610106,0.22562324,2.3242903
3544,0.9161989,0.66679776,1.9895849
3545,1.473703,2.8653536,1.5115173
3546,1.9521735,5.5445867,1.3388348
3547,1.8259876,4.652688,1.5110612
3548,1.8673086,4.7639227,1.5875839
3549,1.5483359,2.9354014,1.8524966
3550,1.2572194,1.6030916,2.0828032
3551,0.7968267,0.37179524,2.6684256
3552,0.8570876,0.4805743,2.4110346
3553,0.6748364,0.22083165,2.5459695
3554,0.7924543,0.38291848,2.2054327
3555,0.5528818,0.1156173,2.7015755
3556,0.5233028,0.097576275,2.575933
3557,0.4790938,0.0736289,2.500907
3558,0.51775247,0.096593395,2.2950716
3559,0.56645054,0.1324515,2.0636888
3560,0.79011136,0.4075263,1.6612378
3561,0.6232227,0.18798192,1.7883053
3562,0.7089807,0.29277238,1.6240988
3563,0.9895834,0.8803429,1.3845756
3564,1.1946322,1.5982782,1.2526954
3565,1.2400322,1.785585,1.2838173
3566,0.88964236,0.62924194,1.5438622
3567,0.6602432,0.23821753,1.7278978
3568,0.4169337,0.051825818,2.0671983
3569,0.57884634,0.15748073,1.6733376
3570,0.31629238,0.021055974,1.8168999
3571,0.26202714,0.011316549,1.2154
3572,0.33397672,0.025518345,1.9099998
3573,0.37735224,0.038153276,2.04242
3574,0.38622323,0.041674063,1.9134123
3575,0.5027326,0.10100956,1.7094189
3576,0.54032075,0.12818956,1.7607782
3577,0.9124631,0.7353545,1.3083038
3578,1.0033213,1.007228,1.2233028
3579,0.50109446,0.10132594,1.8593231
3580,0.43758568,0.06503817,1.8862423
3581,0.7524296,0.39979652,1.4199538
3582,0.9022145,0.73216707,1.2703705
3583,1.2431146,2.0063965,1.0618907
3584,0.8138291,0.526326,1.3296782
3585,0.31675705,0.022787968,1.2123
3586,0.95463,0.88889194,1.2639314
3587,0.7382255,0.3859742,1.4389131
3588,0.4730935,0.08716162,1.9103856
3589,1.2143996,1.8870369,1.2031674
3590,0.3434062,0.029699277,1.1379
3591,0.32890388,0.025740407,0.9705
3592,0.43803418,0.0663322,1.665
3593,1.6024512,4.035384,1.0772777
3594,0.7924324,0.46464583,1.6672283
3595,0.9393415,0.81686974,1.4587438
3596,0.94690156,0.84408295,1.4048647
3597,0.7946947,0.48011106,1.4879178
3598,0.5382153,0.13222611,1.7649692
3599,1.499549,3.4041066,1.0102538
3600,1.5881325,3.8666427,1.0504166
3601,0.78917617,0.45157644,1.5960937
3602,0.84637517,0.5743845,1.4848373
3603,1.0026681,1.0032953,1.3234657
3604,0.8691723,0.6371787,1.3962274
3605,1.528914,3.5180259,1.0246909
3606,1.8853159,5.6257443,0.9670993
3607,1.5406296,3.3793218,1.1856741
3608,1.6961226,4.2253985,1.1772683
3609,1.5980529,3.5623999,1.2902424
3610,1.5418521,3.191237,1.3708793
3611,1.5459316,3.1706293,1.4127566
3612,1.1102713,1.1929711,1.7150922
3613,0.49825174,0.08551937,2.5380003
3614,1.1065289,1.2001673,1.6154176
3615,0.31227627,0.018261693,1.6371
3616,0.27990806,0.012762696,1.2929
3617,0.46216062,0.06889107,2.2534413
3618,0.6573293,0.22693315,1.7973056
3619,0.8319449,0.5028141,1.5286732
3620,0.3972438,0.04300359,2.1931286
3621,0.30761775,0.01847476,1.5813
3622,0.55736727,0.13663915,1.6798052
3623,0.74441296,0.36359066,1.3935527
3624,0.2778863,0.013654597,1.3146
3625,0.22256301,0.006554143,0.617
3626,0.26651374,0.012038261,1.1999
3627,0.53545576,0.12562656,1.444667
3628,0.8973799,0.7042849,1.0769461
3629,0.75051445,0.39723402,1.1555394
3630,0.5421542,0.1364185,1.3187588
3631,0.76128054,0.4278872,1.0761602
3632,0.28021166,0.015370268,1.4976
3633,0.26915106,0.0135544045,1.3798
3634,0.27514258,0.014716522,1.4604
3635,0.5403883,0.14242817,1.0925927
3636,0.43095726,0.06764968,1.1831133
3637,0.40872872,0.05732852,1.1725321
3638,0.5996824,0.20919928,0.9389553
3639,0.86098534,0.6985364,0.7650381
3640,0.8988733,0.811582,0.74173033
3641,0.6546015,0.29035193,0.8635916
3642,0.36666784,0.04238633,1.1233443
3643,0.30827987,0.023964513,1.1815876
3644,0.45548785,0.088286,1.0342157
3645,0.5568619,0.17498095,0.9095512
3646,0.7906324,0.56553805,0.7457103
3647,0.6171989,0.25277594,0.8339735
3648,0.6550679,0.31019297,0.82790494
3649,0.58597136,0.2164894,0.86977184
3650,0.71588826,0.425808,0.77013147
3651,0.43557635,0.082316965,0.9738486
3652,0.785785,0.5904738,0.7101329
3653,0.52206224,0.15423314,0.8618762
3654,0.37475932,0.051472418,0.9906646
3655,0.5908177,0.23820469,0.7693423
3656,0.31503382,0.029436683,1.0287728
3657,0.21806678,0.00866723,0.8557999
3658,0.48372224,0.12465925,0.8314748
3659,0.6757644,0.38354263,0.6885226
3660,0.562347,0.21097355,0.7444828
3661,0.70056856,0.44212,0.6550238
3662,0.48985904,0.13626981,0.77394104
3663,0.40143827,0.07081087,0.83596224
3664,0.6955579,0.4458161,0.6233004
3665,0.54949236,0.20651516,0.6940942
3666,0.48908424,0.14166209,0.72282416
3667,0.5864672,0.26225275,0.6495405
3668,0.5497888,0.21385029,0.6646883
3669,0.50853145,0.16678284,0.6799116
3670,0.49850845,0.15781811,0.67474544
3671,0.4873285,0.14793827,0.67051977
3672,0.48618177,0.14839488,0.6595913
3673,0.43838713,0.10616621,0.6823777
3674,0.45216936,0.11897244,0.65950906
3675,0.5148808,0.18548003,0.6074033
3676,0.46731547,0.13570808,0.6278837
3677,0.471741,0.14154023,0.6146735
3678,0.36381075,0.060007393,0.68778443
3679,0.49500924,0.16666286,0.6492674
3680,0.47786248,0.1497039,0.6502994
3681,0.46182266,0.13494062,0.65071934
3682,0.31923223,0.0396396,0.76779157
3683,0.2684469,0.022382963,0.81774104
3684,0.49886304,0.17842022,0.60053366
3685,0.38951185,0.07886744,0.6692779
3686,0.31077853,0.037388574,0.73448575
3687,0.24848215,0.017833496,0.802614
3688,0.25349605,0.018856063,0.87205386
3689,0.3254144,0.04371503,0.7552636
3690,0.25537986,0.019584859,0.833101
3691,0.23816039,0.01560495,0.8425451
3692,0.32800865,0.04558167,0.72323525
3693,0.2601904,0.021166299,0.7944911
3694,0.2817225,0.02776921,0.75003517
3695,0.25177136,0.01919625,0.77693903
3696,0.30450356,0.0364742,0.6925394
3697,0.24701986,0.018253068,0.7528582
3698,0.45651644,0.14227839,0.5660165
3699,0.28470662,0.02961583,0.7053099
3700,0.37751463,0.07658455,0.6026842
3701,0.35970333,0.06560471,0.6131011
3702,0.21653014,0.012120493,0.772
3703,0.24696511,0.01890476,0.71043426
3704,0.2921915,0.033360735,0.64152336
3705,0.22432466,0.013595488,0.6511
3706,0.2115986,0.011155424,0.3876
3707,0.33959734,0.053445023,0.76965666
3708,0.23338279,0.01532744,0.5085
3709,0.33122554,0.049507014,0.75875986
3710,0.40882716,0.10055991,0.67245317
3711,0.35291043,0.06187613,0.7132242
3712,0.2553856,0.021098103,0.82282233
3713,0.2538063,0.020088255,0.44029996
3714,0.32326028,0.044246554,0.9925763
3715,0.30020612,0.03441204,0.7782
3716,0.3366851,0.050209247,0.9683118
3717,0.3653934,0.0655248,0.9477346
3718,0.37925628,0.074047215,0.9160865
3719,0.4742717,0.15608712,0.8083755
3720,0.4773169,0.1595281,0.7972144
3721,0.3419126,0.05236461,0.9293969
3722,0.30953047,0.037535354,0.9178
3723,0.41896933,0.10326374,0.8131794
3724,0.39374748,0.08407394,0.827307
3725,0.31702495,0.040810686,0.90692645
3726,0.32637468,0.045028646,0.8783554
3727,0.3698011,0.06849685,0.81196994
3728,0.26845735,0.02354075,0.5643
3729,0.2584473,0.020747168,0.4558
3730,0.35188738,0.05707054,0.9247208
3731,0.29212373,0.030607386,0.6201
3732,0.29753262,0.032487582,0.6945
3733,0.33228728,0.046956964,0.916102
3734,0.34493387,0.053232424,0.8834283
3735,0.40760165,0.093140304,0.79990995
3736,0.36612964,0.0652272,0.831177
3737,0.2908561,0.030281564,0.7069
3738,0.33233097,0.047333784,0.84663117
3739,0.32786363,0.045346573,0.83763766
3740,0.29502752,0.03194708,0.7969
3741,0.36995634,0.06824082,0.7630122
3742,0.41621232,0.10156768,0.7090036
3743,0.37437403,0.07160684,0.73719215
3744,0.3284711,0.04643203,0.77464366
3745,0.3219861,0.04359625,0.7694593
3746,0.4481677,0.13211842,0.6443281
3747,0.3959914,0.087846,0.6779255
3748,0.36858448,0.069467835,0.6930514
3749,0.3647328,0.06739254,0.6867969
3750,0.43621686,0.12316748,0.6197299
3751,0.4402108,0.12771703,0.609992
3752,0.46438614,0.15357193,0.5875151
3753,0.43454075,0.12379523,0.60125285
3754,0.2692074,0.025130292,0.7224
3755,0.40216002,0.09647965,0.60796404
3756,0.37617984,0.0776278,0.6209534
3757,0.3182362,0.044619847,0.6658724
3758,0.39295036,0.09073267,0.5912072
3759,0.37808192,0.08023051,0.59552115
3760,0.2507044,0.020436993,0.5798
3761,0.2525011,0.020624787,0.3876
3762,0.34192413,0.05687206,0.6851255
3763,0.27980882,0.02919611,0.741
3764,0.2566362,0.02192588,0.47749996
3765,0.2567519,0.021715473,0.3287
3766,0.26269734,0.023257785,0.31940004
3767,0.3606182,0.06696609,0.735785
3768,0.43688855,0.12731107,0.6610047
3769,0.29256362,0.033412673,0.7131
3770,0.3329537,0.0515139,0.7395028
3771,0.33848065,0.054524656,0.72375107
3772,0.30044392,0.036680877,0.7573996
3773,0.31137967,0.040977728,0.786038
3774,0.27620894,0.0274604,0.47130004
3775,0.35764337,0.06490047,0.7358062
3776,0.32537407,0.045662675,0.5209
3777,0.1147,0.03604765,0.114699975
3778,0.1767,0.051494263,0.1767
3779,0.70904386,0.553718,0.8534806
3780,0.51298213,0.19692045,0.83156955
3781,0.38776192,0.07902984,0.4837
3782,0.2915,0.070995726,0.29149997
3783,0.2511,0.06579435,0.2511
3784,0.5253321,0.22430742,0.5008981
3785,0.5649884,0.29147702,0.42597923
3786,0.5724169,0.30922556,0.3881758
3787,0.44272026,0.13242789,0.4331587
3788,0.43445683,0.124592625,0.44309297
3789,0.46910706,0.16433103,0.38671067
3790,0.48219284,0.18425527,0.3456294
3791,0.73560554,0.7625067,0.24593209
3792,0.5552154,0.30622685,0.27543646
3793,0.5214479,0.25463337,0.25826886
3794,0.6190065,0.4585911,0.21814631
3795,0.95119345,1.8376536,0.16523352
3796,0.5519382,0.31980565,0.21472906
3797,0.6514689,0.55994636,0.18990609
3798,0.599527,0.43118006,0.19293284
3799,0.83604234,1.2765205,0.15964487
3800,0.5513317,0.33153933,0.19718419
3801,1.3509345,4.5455,0.12263026
3802,0.9382432,1.777149,0.16115706
3803,0.49774933,0.22805412,0.22750558
3804,0.41808948,0.12877832,0.24527594
3805,0.42998186,0.14129852,0.25483227
3806,0.6040327,0.43647754,0.22508684
3807,0.5329823,0.29207364,0.23169254
3808,0.9893118,2.1364617,0.16402906
3809,0.61935616,0.48099846,0.21216923
3810,1.0547057,2.5684845,0.16356099
3811,0.881043,1.4770507,0.1850768
3812,0.44275576,0.15635897,0.2648681
3813,0.42992428,0.14303312,0.26376578
3814,0.369,0.0859248,0.30203903
3815,0.60665065,0.44838476,0.23849845
3816,0.41953704,0.13163069,0.30224997
3817,0.4,0.12760893,0.306455
3818,1.3231813,3.3951,0.23137473
3819,1.393128,3.9191,0.19227809
3820,1.0537645,3.280256,0.19892904
3821,1.4589438,4.5517,0.15297157
3822,1.1372406,3.8788002,0.16737194
3823,0.5013516,0.30494186,0.25055546
3824,0.45547011,0.22306141,0.24648163
3825,0.87681234,1.8509953,0.1707871
3826,1.0845919,3.383684,0.15253018
3827,1.3740227,4.7997,0.14121728
3828,1.0507365,2.886787,0.17743042
3829,0.6615572,0.6779419,0.23642194
3830,0.7428967,0.9852063,0.2232108
3831,0.40468043,0.13209984,0.32551807
3832,1.3384032,4.8555,0.17385
3833,1.3002129,4.696232,0.19488585
3834,0.43731177,0.15423214,0.3745416
3835,0.5340305,0.3006264,0.33570793
3836,0.5124365,0.26302308,0.34133604
3837,0.5318538,0.29850423,0.33371297
3838,0.515614,0.26465407,0.3888628
3839,1.3679049,4.6261,0.27699703
3840,0.95785415,1.8166406,0.33783448
3841,0.529173,0.2662998,0.43691286
3842,0.74075276,0.80802196,0.34820932
3843,0.42637998,0.13077536,0.44599032
3844,1.0778885,2.5489962,0.302549
3845,1.414992,4.8462,0.25552216
3846,1.3456272,4.400507,0.2765497
3847,0.6491122,0.46955755,0.42659554
3848,0.58895695,0.34263143,0.43764797
3849,1.885587,5.9965,0.24422021
3850,0.8344301,1.0103867,0.41557154
3851,0.5593211,0.27341717,0.5072535
3852,1.63531,5.702,0.2880631
3853,0.53903985,0.22936842,0.570111
3854,0.42792913,0.10687422,0.62969095
3855,0.3222522,0.041638516,0.5612
3856,0.54526675,0.24183916,0.5424706
3857,0.35542873,0.058325794,0.6625936
3858,0.4658432,0.14472887,0.5686262
3859,0.4707045,0.15076265,0.5578207
3860,0.49099454,0.17463927,0.53910947
3861,0.66994566,0.49218825,0.45611233
3862,0.56375206,0.27989686,0.4964335
3863,0.75615764,0.73893726,0.42520905
3864,0.6123896,0.37178245,0.4754191
3865,0.3268022,0.04609489,0.64714026
3866,0.30503246,0.036651466,0.5674
3867,0.36956716,0.069860265,0.60435975
3868,0.7674502,0.78940225,0.41369584
3869,0.61256886,0.37759194,0.47869036
3870,1.0930619,2.3564608,0.3634776
3871,1.658351,6.1361,0.30709815
3872,0.7146254,0.5784744,0.5423031
3873,0.55084795,0.24620032,0.6177835
3874,0.7334271,0.6363102,0.5303964
3875,0.82544637,0.9353996,0.5007792
3876,0.9756666,1.5804058,0.46472052
3877,1.0335028,1.870554,0.46329468
3878,0.821486,0.90915185,0.5380953
3879,1.0341945,1.854297,0.49808234
3880,1.722114,6.600343,0.39535776
3881,1.7859355,6.7373333,0.4494912
3882,1.4811558,4.320718,0.5746168
3883,1.7196317,5.8238893,0.5798107
3884,1.5035675,4.152422,0.70165825
3885,1.5649736,4.4409914,0.7427437
3886,0.9731813,1.1344742,1.0272883
3887,0.53649265,0.1620061,1.3732901
3888,0.47014916,0.10493766,1.4436427
3889,0.6191216,0.26479414,1.2397373
3890,0.3319559,0.03315242,1.6708734
3891,0.47569197,0.1104578,1.4223065
3892,0.29556108,0.022647081,1.3798
3893,0.32906482,0.032621447,1.5811064
3894,0.41771907,0.07209987,1.4743963
3895,0.42372587,0.07610112,1.4230722
3896,1.9262222,6.819367,0.6428353
3897,0.38466358,0.051651884,1.6500522
3898,0.3703629,0.045873925,1.6083088
3899,0.45496175,0.092133924,1.3953193
3900,1.8308122,6.0258923,0.66974527
3901,1.6581542,4.720143,0.79516864
3902,1.5380461,3.8429494,0.9000967
3903,1.071459,1.3625867,1.1488503
3904,0.33989316,0.031021306,1.9960603
3905,0.4951773,0.11044928,1.5843918
3906,0.21628505,0.0069762133,0.77510005
3907,0.23463038,0.009147626,0.9643
3908,0.36508518,0.039390057,2.0526
3909,0.33175847,0.028633285,1.6743
3910,0.4138327,0.06015936,1.9258566
3911,0.3023069,0.021055892,1.2557
3912,0.3888886,0.049165014,1.9159012
3913,0.44515747,0.07794505,1.7088717
3914,1.0466539,1.3063606,1.0827023
3915,1.1192226,1.5957642,1.1248146
3916,1.0337853,1.2481732,1.1773382
3917,0.8655707,0.7111063,1.2807003
3918,1.0925074,1.4954746,1.119328
3919,1.2250357,2.105626,1.0601004
3920,1.0722371,1.4037422,1.1546496
3921,1.2842927,2.399581,1.054268
3922,0.52253985,0.13288236,1.703389
3923,0.5698761,0.17945457,1.5637504
3924,0.6109174,0.22822914,1.4810506
3925,0.72863245,0.41406015,1.3109621
3926,0.8339054,0.6511937,1.1933318
3927,1.1879925,1.9804076,0.9810144
3928,1.4762183,3.5747082,0.89400274
3929,0.8584047,0.6997643,1.2722363
3930,0.91521204,0.86655647,1.2229109
3931,0.85303825,0.69647926,1.2468745
3932,0.5085118,0.12649968,1.6076788
3933,0.28018665,0.017329058,1.479
3934,0.38947922,0.052539207,1.7148935
3935,0.64898485,0.29227626,1.2789669
3936,0.9167603,0.9138505,1.0464774
3937,0.9113787,0.9035458,1.039123
3938,0.9164498,0.92656523,1.0258743
3939,0.99097633,1.1937499,0.9775132
3940,1.1683948,1.9728137,0.8981033
3941,0.64168066,0.2919833,1.2318257
3942,1.0474607,1.4280244,0.9646298
3943,0.716996,0.4256121,1.172597
3944,0.66534436,0.33626133,1.1880641
3945,0.37218192,0.048873436,1.5348642
3946,0.32816312,0.032180913,1.624745
3947,0.4759314,0.10990587,1.5422914
3948,0.97361267,1.1628867,1.0444666
3949,0.41906476,0.07268927,1.5735182
3950,0.36095566,0.044463784,1.624834
3951,0.3296825,0.033040974,1.6409048
3952,0.99332416,1.2667559,0.919665
3953,0.73796797,0.4891536,1.0842584
3954,0.6106337,0.2621957,1.2293991
3955,0.48647732,0.123703815,1.3618561
3956,0.42887646,0.08139308,1.4572133
3957,0.5441826,0.18193449,1.2511827
3958,0.8582107,0.8222891,0.9703921
3959,0.40980747,0.07161023,1.3829206
3960,0.5116805,0.151339,1.2208054
3961,1.2165167,2.4252992,0.7702545
3962,1.1887659,2.2471461,0.8066613
3963,1.2472316,2.53695,0.85815126
3964,1.370905,3.2350311,0.8470577
3965,1.2114221,2.2633126,0.94950736
3966,0.88441527,0.85977226,1.1401513
3967,0.9698464,1.1537372,1.1084609
3968,0.57193536,0.20598,1.4702022
3969,0.35339913,0.040924076,1.9776903
3970,0.73407346,0.4672714,1.403825
3971,1.2499154,2.461314,1.0578693
3972,1.3382349,2.9298108,1.0636183
3973,0.871056,0.79213065,1.3721607
3974,0.69242275,0.37652308,1.5085843
3975,0.4464635,0.08794176,1.8067921
3976,0.36291653,0.043899015,2.0213878
3977,1.3019916,2.7165253,1.0295322
3978,0.76312006,0.51732755,1.3909904
3979,0.3680838,0.045962453,1.925719
3980,0.24298468,0.011536011,1.1317
3981,0.25468147,0.013550594,1.2929
3982,0.2416423,0.011376129,1.0852
3983,0.2841665,0.019612864,1.5968
3984,0.5878162,0.22345601,1.3751448
3985,0.39074126,0.057606936,1.6216762
3986,0.46921226,0.106714964,1.468887
3987,0.52082044,0.15256532,1.3526568
3988,0.8027618,0.6444189,1.0579665
3989,0.7015352,0.4181165,1.114087
3990,0.5799824,0.22477934,1.1969635
3991,0.6189319,0.28178105,1.1308305
3992,0.57511646,0.2218972,1.1844337
3993,0.40410694,0.06881457,1.3798364
3994,0.8784412,0.90426123,0.9090413
3995,0.68667656,0.4087491,1.0221875
3996,0.8846378,0.93877184,0.8839328
3997,1.0163658,1.4549048,0.8214028
3998,0.7240545,0.4942479,0.98264587
3999,0.72596985,0.50322485,0.96518767
4000,0.8410378,0.81816214,0.8828214
4001,0.81183827,0.7352934,0.8925761
4002,0.51376945,0.16397317,1.1088338
4003,0.5271193,0.18044259,1.0652062
4004,0.94957167,1.2395928,0.7747616
4005,0.4981441,0.15137787,1.0729228
4006,0.58584696,0.26246303,0.9642943
4007,0.8558618,0.9133351,0.7863867
4008,0.364158,0.05447085,1.1949283
4009,0.20814978,0.008461831,1.0387
4010,0.34332073,0.04528663,1.1631463
4011,0.9374412,1.2453126,0.6880698
4012,0.92578906,1.2007833,0.6978882
4013,0.6384231,0.36367267,0.84587204
4014,0.5648826,0.24498683,0.88380116
4015,0.32146907,0.037636448,1.1406531
4016,0.16682595,0.0042384905,0.4775
4017,0.24576513,0.015464014,1.2634213
4018,0.21373226,0.009565712,0.9953
4019,0.3740116,0.061392542,1.2350546
4020,0.46665215,0.12873876,1.1221067
4021,0.41856322,0.08963969,1.1972237
4022,0.7166879,0.53814375,0.8938231
4023,0.84403545,0.91789246,0.81621957
4024,0.7632459,0.66649884,0.8587459
4025,0.67082316,0.43975145,0.9096985
4026,0.44706884,0.11501717,1.096037
4027,0.5567545,0.24083515,0.9593967
4028,0.43517774,0.10673501,1.0618204
4029,0.5606299,0.25027376,0.91431475
4030,0.53738964,0.21921507,0.9166743
4031,0.5715464,0.271265,0.87233794
4032,0.34455258,0.05048959,1.0989726
4033,0.31777623,0.038769454,1.111386
4034,0.5792571,0.28960165,0.8045169
4035,0.18168294,0.0060768393,0.47440004
4036,0.3702787,0.065796144,0.97729975
4037,0.4067261,0.09024686,0.94339496
4038,0.26846188,0.022621216,1.1393384
4039,0.51272166,0.19755816,0.8116559
4040,0.5497821,0.25128677,0.770647
4041,0.36230734,0.06300406,0.9320072
4042,0.2614798,0.021314746,1.0667592
4043,0.23784421,0.015423733,1.1753432
4044,0.45649722,0.13702288,0.8297608
4045,0.37795022,0.073462695,0.8935906
4046,0.28631026,0.029218681,1.0011342
4047,0.4688264,0.15281454,0.7661325
4048,0.45114332,0.13477069,0.7955632
4049,0.3535245,0.060042683,0.8869283
4050,0.2792192,0.027446663,0.97370976
4051,0.32803988,0.047296498,0.87785804
4052,0.2536524,0.02014034,0.97328186
4053,0.21513596,0.01167556,0.9364
4054,0.2092183,0.010613883,0.7782
4055,0.46340972,0.14947441,0.784314
4056,0.40803403,0.09835483,0.82224303
4057,0.38236275,0.079631515,0.8339761
4058,0.3718046,0.0729408,0.8298857
4059,0.35499105,0.06284961,0.83307064
4060,0.33933577,0.05436034,0.8353707
4061,0.32192013,0.045834627,0.8404258
4062,0.2486475,0.01943369,0.9342069
4063,0.22597963,0.0141802365,0.9457
4064,0.25172025,0.020401139,0.8886182
4065,0.39342785,0.091151536,0.7016864
4066,0.2912049,0.033562705,0.8004718
4067,0.31721464,0.044923466,0.75225353
4068,0.297856,0.03661295,0.76145107
4069,0.46107858,0.15769787,0.62514824
4070,0.3585238,0.06856906,0.69916046
4071,0.37357897,0.079186834,0.6739195
4072,0.40726802,0.10638558,0.6357411
4073,0.31889606,0.047299303,0.70723754
4074,0.30352646,0.04033694,0.7121532
4075,0.28641886,0.033416346,0.7198583
4076,0.22280397,0.014516022,0.79937
4077,0.30281305,0.04064848,0.6735455
4078,0.31425062,0.046289384,0.65021515
4079,0.3189007,0.048923787,0.63508064
4080,0.27604133,0.030388674,0.67108494
4081,0.22025378,0.014372698,0.73676187
4082,0.2183614,0.014027993,0.7255491
4083,0.26293445,0.026211487,0.64967215
4084,0.31301388,0.04720947,0.5860947
4085,0.20662911,0.011862042,0.70813054
4086,0.21075456,0.012727918,0.68803334
4087,0.24273418,0.020496197,0.6301159
4088,0.2013938,0.011046088,0.67896324
4089,0.21449012,0.013677959,0.6508477
4090,0.17112008,0.00646609,0.26040003
4091,0.1674,0.0075103724,0.16740002
4092,0.24532348,0.021150976,0.68431205
4093,0.31786665,0.050489377,0.5924813
4094,0.2656811,0.027882919,0.6382994
4095,0.21115026,0.012959983,0.6697
4096,0.186163,0.008538553,0.27290002
4097,0.19528167,0.009969345,0.3504
4098,0.19585523,0.010036918,0.30700004
4099,0.23110396,0.01707411,0.5674
4100,0.24585678,0.02028141,0.35350004
4101,0.38604474,0.09057748,0.8279445
4102,0.38863528,0.09212764,0.82128584
4103,0.3867878,0.09027025,0.8186606
4104,0.4589881,0.1592599,0.74761045
4105,0.54714453,0.2850388,0.6826989
4106,0.46614447,0.1670419,0.73934644
4107,0.44148454,0.13916911,0.7561863
4108,0.40988445,0.10850148,0.77975494
4109,0.32386136,0.04933441,0.8686012
4110,0.35250163,0.06539446,0.82321835
4111,0.30433062,0.039992675,0.87481546
4112,0.27457398,0.028331714,0.9073542
4113,0.29787812,0.03691174,0.89801127
4114,0.1612,0.013808952,0.16120002
4115,0.28586116,0.031870782,0.9229332
4116,0.27875116,0.029260375,0.9053999
4117,0.3535492,0.064720325,0.80663794
4118,0.378909,0.081664465,0.7698499
4119,0.353991,0.06515832,0.78719497
4120,0.26074606,0.023486648,0.7565
4121,0.26892468,0.026041836,0.86819994
4122,0.24946801,0.020278852,0.6418
4123,0.23635527,0.016936792,0.4806
4124,0.2247737,0.01432097,0.33179998
4125,0.2892296,0.03324042,0.81862783
4126,0.338306,0.056253154,0.74571294
4127,0.36670026,0.07388594,0.7065744
4128,0.23838957,0.01758287,0.5736
4129,0.25259078,0.02132577,0.7503
4130,0.25790712,0.022828747,0.7875
4131,0.26350337,0.02441684,0.7906
4132,0.24378154,0.018851839,0.555
4133,0.1798,0.013634485,0.17979999
4134,0.25452945,0.021244617,0.431
4135,0.34618336,0.059070908,0.85269225
4136,0.31585184,0.04342696,0.8811884
4137,0.31102568,0.041202456,0.87618357
4138,0.3409019,0.05587832,0.8335118
4139,0.42253965,0.113960244,0.7652232
4140,0.37554163,0.07684346,0.80654764
4141,0.2534176,0.020435035,0.2977
4142,0.4250683,0.11332638,0.86379135
4143,0.45097032,0.1373124,0.840092
4144,0.32623768,0.04638087,0.9758045
4145,0.3168364,0.041882448,0.9333
4146,0.45106855,0.13590808,0.8109079
4147,0.45230007,0.13705331,0.8019068
4148,0.41461194,0.102476954,0.8287369
4149,0.4298804,0.11563612,0.8045875
4150,0.43357983,0.11879215,0.8046612
4151,0.30149055,0.03524161,0.8527
4152,0.5941279,0.33833194,0.6758894
4153,0.52205855,0.2206514,0.7183729
4154,0.40256715,0.09289024,0.81095034
4155,0.30546442,0.036828216,0.9333
4156,0.3757861,0.07358197,0.83579564
4157,0.30344155,0.03603927,0.9151831
4158,0.27670664,0.026334284,0.5891
4159,0.34528673,0.05513259,0.87162197
4160,0.5349357,0.23795402,0.69143623
4161,0.45042863,0.13455996,0.74761814
4162,0.2612783,0.021851307,0.48060003
4163,0.29237202,0.031797938,0.85269994
4164,0.3209839,0.043477274,0.85637987
4165,0.47506022,0.15928738,0.76015306
4166,0.29389882,0.032043833,0.7441
4167,0.47509912,0.1593876,0.74503934
4168,0.65361017,0.46012288,0.6293974
4169,0.5686141,0.2910141,0.67449373
4170,0.28211898,0.027907267,0.6077
4171,0.37713385,0.07339728,0.86665595
4172,0.2848372,0.028713731,0.648
4173,0.57639486,0.30137587,0.6908974
4174,0.29652748,0.032853525,0.8093
4175,0.59083927,0.32686248,0.6815165
4176,0.72134775,0.6310693,0.6140841
4177,0.43591994,0.119119585,0.79216504
4178,0.33757496,0.05078319,0.8873765
4179,0.26636824,0.022825614,0.431
4180,0.30525443,0.03584199,0.8589
4181,0.4622507,0.1428801,0.80602664
4182,1.0912222,2.2646415,0.5182345
4183,0.58465165,0.30679685,0.74223286
4184,0.32377943,0.042784657,0.9865758
4185,0.33607808,0.04844888,0.9549876
4186,0.41028625,0.09386934,0.88933086
4187,0.38369253,0.07511208,0.90533054
4188,0.3568591,0.059013996,0.9229599
4189,0.6774731,0.48636907,0.7857414
4190,0.34943333,0.053477425,1.0728
4191,0.44935304,0.12183283,1.0256913
4192,0.9083523,1.2173609,0.7186817
4193,0.79028594,0.7726277,0.7728346
4194,0.8485126,0.96557254,0.74221367
4195,0.32749546,0.040991895,0.831
4196,0.8806824,1.0763324,0.7168439
4197,0.47891715,0.1446947,0.97774416
4198,0.48926312,0.15545069,0.9489539
4199,1.4700942,4.5217557,0.72175676
4200,0.6200081,0.30966598,1.123466
4201,0.56966877,0.23326956,1.0911933
4202,0.37511775,0.05773885,0.986
4203,1.6399721,5.1222,0.83454907
4204,0.67222893,0.37135476,1.2062607
4205,0.46336395,0.10896535,1.2084137
4206,0.53506845,0.17847897,0.96929973
4207,1.2535987,2.7346346,0.57159436
4208,0.4897896,0.13261904,0.8992165
4209,0.71193916,0.4646755,0.6991174
4210,1.0010304,1.4052782,0.56404537
4211,0.7128174,0.47177255,0.6622001
4212,0.7357818,0.5279921,0.6368894
4213,1.536284,4.7333746,0.42822665
4214,0.3689315,0.05118323,0.9054
4215,0.60573775,0.26926658,0.7395058
4216,0.98709035,1.3190321,0.6030208
4217,0.978377,1.2811497,0.6139799
4218,0.52920544,0.17181057,0.8257046
4219,0.70080996,0.4383527,0.720281
4220,0.53152066,0.17609522,0.8163548
4221,0.8610603,0.871455,0.61488825
4222,0.6649946,0.3766909,0.68825436
4223,0.7644186,0.6010754,0.62532806
4224,0.7084296,0.47197723,0.6389451
4225,0.8053403,0.7235734,0.5886888
4226,0.6038235,0.2823949,0.674127
4227,0.705321,0.4755219,0.6180023
4228,0.42231557,0.08697997,0.786877
4229,0.4290138,0.09139542,0.81941193
4230,0.73347116,0.54052204,0.66481024
4231,0.7386361,0.549116,0.7123957
4232,0.9617921,1.2833229,0.6271403
4233,1.4285051,4.0608497,0.46381438
4234,1.2007253,2.4646049,0.5088447
4235,0.87636256,0.9278393,0.5921586
4236,1.0048163,1.4384815,0.5352959
4237,0.46168596,0.11265294,0.7820006
4238,0.5094479,0.15717758,0.74253666
4239,1.0234787,1.542816,0.5045705
4240,0.9106208,1.0695872,0.5335602
4241,0.9652019,1.2903963,0.51303655
4242,1.0119066,1.4928577,0.51195997
4243,0.8556192,0.87828547,0.5602195
4244,1.1113539,1.9917117,0.48764122
4245,1.6087024,5.282631,0.4117083
4246,1.2195662,2.480742,0.5285204
4247,0.96941525,1.2259544,0.61655146
4248,1.2873766,2.8400624,0.58014536
4249,1.5534562,4.559347,0.5479132
4250,1.2732267,2.616123,0.6598714
4251,0.73686904,0.46730086,0.90176606
4252,0.7700468,0.542333,0.89475787
4253,1.082094,1.5912113,0.8446844
4254,0.59812754,0.23192564,1.1294856
4255,1.1666515,1.9988477,0.797785
4256,0.60233635,0.23664017,1.1167206
4257,1.8970879,6.4182,0.6020911
4258,1.4631064,3.566447,0.77891845
4259,1.0542432,1.3498682,0.97142833
4260,0.39899248,0.054978523,1.5596
4261,0.45169672,0.0836556,1.4413155
4262,0.36865902,0.04267107,1.2836
4263,0.58829397,0.20477968,1.2010663
4264,0.5362435,0.15099896,1.2616376
4265,0.4524761,0.08628773,1.3263484
4266,0.47883314,0.10515786,1.2438084
4267,0.7957061,0.5736596,0.93550116
4268,0.9829964,1.1424563,0.82987636
4269,1.2663407,2.463236,0.7327284
4270,1.311545,2.6912029,0.7458851
4271,1.4377365,3.4096057,0.7404247
4272,1.2376262,2.2053695,0.84595424
4273,1.3727396,2.9327345,0.82376796
4274,0.86681265,0.713795,1.0841314
4275,1.4347992,3.2727244,0.8414934
4276,0.7949923,0.53107184,1.190659
4277,0.6758725,0.31401983,1.2616624
4278,1.2632747,2.3002088,0.8995272
4279,1.0297195,1.2270924,1.0746214
4280,0.5158989,0.12692565,1.5603552
4281,0.7061578,0.36373845,1.3163605
4282,0.77890056,0.50183314,1.3273408
4283,0.522262,0.13371123,1.600551
4284,0.40799293,0.058988128,1.7308298
4285,0.42744243,0.06946298,1.6174197
4286,0.4478962,0.08172637,1.5382198
4287,0.82784975,0.62335014,1.2504328
4288,1.4494383,3.2916794,1.4424621
4289,1.1182944,1.5113047,1.4455845
4290,1.6156603,4.272108,1.0542092
4291,1.5646464,3.8367522,1.05599
4292,0.6765794,0.27937022,1.6230166
4293,0.8202002,0.5342258,1.374217
4294,1.9215815,6.098697,0.8495622
4295,3.057728,8.1173,0.7397383
4296,2.8889675,8.0863,0.8866941
4297,1.5964289,3.4449868,1.4045693
4298,1.4622396,2.6728714,1.5183382
4299,1.439151,2.5344956,1.551891
4300,1.2422584,1.6348016,1.6913216
4301,2.593348,8.1483,1.1459371
4302,1.8448198,4.4940515,1.5878966
4303,1.090781,0.99206585,2.1713142
4304,1.1394957,1.1514821,2.0526638
4305,0.7643975,0.31604016,2.482539
4306,0.85205984,0.45884344,2.259566
4307,0.5861972,0.13358156,2.6201553
4308,0.6191621,0.16250552,2.4212487
4309,0.38543412,0.03358088,2.0588
4310,0.33781987,0.021786105,1.6278
4311,0.4531453,0.058641385,2.5118666
4312,0.56765807,0.12652543,2.1062477
4313,0.6428124,0.19254841,2.0308475
4314,0.79482096,0.39483836,1.7807186
4315,1.127458,1.2409245,1.4432123
4316,1.1411088,1.2985668,1.4119279
4317,1.0760107,1.0882456,1.4337819
4318,1.468657,2.7732804,1.204022
4319,0.5512876,0.11995595,2.0414994
4320,0.34534505,0.025246672,1.6526
4321,0.36999497,0.031753816,1.727
4322,0.34345824,0.024818478,1.4077
4323,0.52127635,0.10061581,2.1479707
4324,0.9082305,0.6451563,1.5498431
4325,0.7852029,0.40305638,1.6699439
4326,2.098941,6.5279627,0.9784014
4327,1.0388708,0.9600846,1.5716407
4328,0.811474,0.43435872,1.7283568
4329,0.32671508,0.021025943,1.3705
4330,0.6686309,0.23354317,1.7533458
4331,0.6750241,0.24462058,1.6663234
4332,0.62044895,0.18732809,1.6612386
4333,0.45463544,0.06705701,1.8436127
4334,0.7656973,0.3874217,1.3602718
4335,0.8999009,0.66767204,1.2161267
4336,0.98178416,0.8953393,1.1391568
4337,0.8659749,0.6030917,1.1941402
4338,0.49048862,0.09209226,1.5653208
4339,0.9681942,0.88498247,1.0748416
4340,1.6724192,4.2811956,0.8037295
4341,1.5853136,3.6718657,0.8882597
4342,1.4194093,2.6973631,0.99353653
4343,1.5512797,3.3866425,0.97821367
4344,1.4045757,2.5595505,1.0773023
4345,0.91794616,0.6943649,1.3642253
4346,1.089423,1.2130508,1.2204283
4347,1.1792789,1.559694,1.1602644
4348,0.94500786,0.78340083,1.2935108
4349,0.44245473,0.06393286,1.8258896
4350,0.30217844,0.018044867,1.9441
4351,0.31805292,0.02160077,1.9406606
4352,0.38011774,0.039448757,1.7576233
4353,0.55000186,0.1377101,1.3986495
4354,0.3639771,0.03500909,1.6393963
4355,0.26553282,0.012318307,1.4945
4356,0.42021823,0.057620402,1.4326941
4357,0.7553415,0.41306636,1.0321274
4358,0.5791984,0.17334664,1.1487567
4359,0.48140445,0.09440806,1.2417575
4360,0.39165834,0.047859304,1.3311858
4361,0.71768177,0.36619005,0.9519688
4362,0.23686795,0.009102872,1.1317
4363,0.30980274,0.022455495,1.4006283
4364,0.30804673,0.021538515,1.5131
4365,0.30772936,0.021614645,1.4945
4366,0.23879543,0.00929505,0.63250005
4367,0.311533,0.022656972,1.4356
4368,0.24682884,0.010490591,0.7038
4369,0.29029036,0.018063247,1.1627
4370,0.657939,0.259668,1.9107642
4371,0.5044542,0.107777394,1.8540999
4372,0.8238793,0.55541897,1.3927376
4373,0.6243223,0.22396272,1.4812014
4374,0.36823666,0.038525853,0.8496
4375,0.6929677,0.32142755,1.2819536
4376,0.40150496,0.052483387,1.1782
4377,0.32786676,0.02686665,0.5488
4378,0.4219513,0.060472105,0.8186
4379,0.48439172,0.09464087,0.7844
4380,0.48892564,0.1073232,0.9271
4381,0.43160734,0.075237334,0.617
4382,0.5335096,0.15880576,0.9531532
4383,0.57819927,0.2151914,0.7534442
4384,1.1798102,2.1380014,0.57438576
4385,1.413256,3.754935,0.43325207
4386,1.2018083,2.4101079,0.4172103
4387,1.2162591,2.5187724,0.37526286
4388,1.2334536,2.6272051,0.35088834
4389,1.3238231,3.192474,0.3301127
4390,1.2896471,2.932615,0.33818772
4391,1.0415084,1.5414978,0.38467568
4392,1.3461776,3.2731025,0.33543015
4393,1.2020324,2.3387184,0.3710593
4394,0.5061555,0.14282905,0.58869946
4395,0.40601867,0.06915959,0.638537
4396,0.37389013,0.05304725,0.6459159
4397,0.4126063,0.0744401,0.60152906
4398,0.9456194,1.1431003,0.43548784
4399,1.2976071,2.9774826,0.36267284
4400,1.123078,1.9325694,0.4028178
4401,0.59182185,0.24468844,0.56324357
4402,0.46673548,0.11215263,0.616682
4403,0.39488706,0.064842075,0.6503681
4404,0.40333283,0.07001715,0.6435626
4405,0.7558858,0.5672603,0.48214674
4406,0.42809856,0.08671877,0.6235657
4407,0.46833098,0.118435375,0.57469726
4408,0.7706045,0.6249291,0.43371883
4409,0.62408864,0.3151879,0.47533622
4410,0.67577946,0.41486785,0.4475106
4411,0.36737856,0.05498409,0.5971225
4412,0.591629,0.27191123,0.4647861
4413,0.48037705,0.13731104,0.5065189
4414,0.53821915,0.20275658,0.46866825
4415,0.5541699,0.22585595,0.45389244
4416,0.65378875,0.39495647,0.41129693
4417,0.424725,0.09487439,0.5053256
4418,0.39324012,0.07384774,0.5237361
4419,0.38306868,0.06821846,0.5218507
4420,0.38702762,0.07093751,0.5232958
4421,0.8026525,0.7884243,0.40519938
4422,0.51687354,0.1863092,0.4935903
4423,0.57930195,0.27536964,0.45054
4424,0.37670213,0.06621227,0.5433124
4425,0.34665734,0.05059562,0.4093
4426,0.8120872,0.8183469,0.49759388
4427,0.5151613,0.19081536,0.52025205
4428,0.55904585,0.25910273,0.42467886
4429,0.50913346,0.19488709,0.3933932
4430,0.4342432,0.117059015,0.38907653
4431,0.797854,0.8755857,0.29611436
4432,0.8017717,0.9164514,0.25890693
4433,0.6006661,0.36446163,0.2731344
4434,0.4319411,0.124178216,0.30051747
4435,0.2356,0.11615801,0.2356
4436,0.16430001,0.10647737,0.1643
4437,0.49732128,0.2098862,0.24574299
4438,0.6941802,0.6584489,0.17887574
4439,0.48996583,0.21489431,0.19263975
4440,0.46603483,0.18669681,0.18146782
4441,0.48847547,0.22235385,0.17019336
4442,0.970786,2.0697868,0.11487241
4443,0.67331016,0.6557902,0.13533573
4444,0.6564357,0.61355686,0.1317062
4445,0.4124,0.13992596,0.16025329
4446,0.7211914,0.8549618,0.11952197
4447,0.6366979,0.576427,0.12546112
4448,0.5786492,0.42665905,0.1286921
4449,0.2232,0.11137482,0.15470028
4450,0.5882902,0.45361313,0.1347176
4451,0.5666779,0.40881264,0.13021988
4452,0.69735426,0.8188705,0.11233223
4453,0.7639703,1.1094106,0.10465324
4454,0.57556677,0.4462946,0.11958118
4455,0.58314586,0.4717024,0.11634457
4456,0.44385234,0.19334902,0.13135898
4457,0.4906235,0.27239865,0.12400119
4458,0.44347784,0.19708642,0.12804997
4459,0.5415306,0.38642386,0.113684826
4460,0.42708492,0.17770445,0.12668768
4461,0.40171507,0.14645003,0.1287507
4462,0.84177417,1.6197945,0.097015195
4463,0.6544853,0.73026645,0.10977533
4464,0.48134732,0.2687468,0.12594236
4465,0.5896649,0.531191,0.11095495
4466,0.4704183,0.25456777,0.12263262
4467,0.41270417,0.16655111,0.1287066
4468,0.70766324,0.978206,0.10349265
4469,0.446848,0.21845904,0.12861735
4470,0.5381521,0.40476778,0.12263286
4471,0.63753504,0.71335346,0.11006566
4472,0.5218061,0.37522468,0.11693682
4473,0.5136104,0.36118996,0.1135019
4474,0.5534978,0.46698585,0.10751083
4475,0.5522407,0.4689616,0.10476489
4476,0.58959275,0.5871389,0.09922154
4477,0.48343408,0.30827177,0.10819493
4478,0.51016384,0.37188116,0.10353845
4479,0.2884,0.13570534,0.11933848
4480,0.5706612,0.54440844,0.0966307
4481,0.55851185,0.5110165,0.09698431
4482,0.42969576,0.21648732,0.11009514
4483,0.45807606,0.26983684,0.105461776
4484,0.46876732,0.29348972,0.10341543
4485,0.3318,0.13198525,0.11616375
4486,0.44223547,0.24326782,0.110587314
4487,0.4858375,0.33405468,0.10563908
4488,0.45272225,0.26651448,0.108177796
4489,0.6218138,0.75376207,0.096979566
4490,0.5236641,0.4326408,0.104492836
4491,0.49833137,0.37023088,0.10553634
4492,0.41735303,0.20731807,0.11392067
4493,0.38357532,0.15776098,0.117204115
4494,0.5406494,0.48236728,0.11510055
4495,0.47177923,0.31303573,0.11527556
4496,0.42216498,0.21976961,0.11550494
4497,0.5400511,0.4943504,0.108072825
4498,0.52252823,0.45096335,0.104473814
4499,0.8858861,2.423422,0.07658632
4500,0.6269106,0.82825476,0.08806339
4501,0.5481351,0.5421016,0.08988352
4502,0.46187857,0.31237316,0.09425435
4503,0.63797134,0.9075431,0.07733765
4504,0.6099632,0.78878987,0.07841628
4505,0.94876677,3.0600128,0.062113225
4506,0.84691066,2.1543934,0.069085404
4507,0.7401833,1.4105436,0.07643593
4508,0.68983185,1.1251673,0.080682516
4509,0.41624498,0.2157452,0.10565738
4510,0.48540983,0.35646296,0.10551528
4511,0.7104374,1.2049495,0.10086215
4512,0.7947971,1.729439,0.0885939
4513,0.54393744,0.5164271,0.1039963
4514,0.425387,0.23196681,0.11290791
4515,0.5526278,0.5479935,0.104556784
4516,0.4198602,0.22510561,0.11211717
4517,0.6335649,0.8802385,0.086016856
4518,0.4050323,0.20419015,0.10486315
4519,0.49192825,0.3881793,0.099052176
4520,0.7232597,1.3669671,0.0770457
4521,0.4873378,0.38279414,0.092306174
4522,0.66231376,1.0472734,0.07659594
4523,0.5057012,0.4375925,0.08714037
4524,0.8058366,1.9421705,0.067659065
4525,0.57544535,0.66468894,0.0822787
4526,0.3991543,0.19992845,0.09879836
4527,0.3755,0.16416392,0.10084135
4528,0.44029608,0.2796736,0.0928815
4529,0.37084675,0.15901643,0.10066763
4530,0.44758224,0.2982861,0.090896994
4531,1.3391795,4.4307,0.05627572
4532,1.2498586,4.2943,0.06324366
4533,0.8009216,1.7736918,0.086657345
4534,1.1463174,4.1424,0.074280225
4535,1.0031202,3.2476275,0.08704527
4536,0.6894853,1.023148,0.11320154
4537,0.3880509,0.15478557,0.15425128
4538,0.34328288,0.10264772,0.17003669
4539,0.5259094,0.41570684,0.15558788
4540,0.4179134,0.19064991,0.19798964
4541,1.2004994,3.7827,0.11829273
4542,1.0528675,3.4727507,0.119442955
4543,1.0038034,2.9868414,0.11982749
4544,0.44081283,0.21575047,0.18211615
4545,0.5170996,0.36484718,0.17449364
4546,0.9126513,2.250851,0.1212229
4547,1.012184,3.0050948,0.113824785
4548,0.7702652,1.3003942,0.13430269
4549,0.42622262,0.18826011,0.18063109
4550,0.49740168,0.30648988,0.2024041
4551,1.2583206,4.037,0.110672995
4552,1.294394,4.2354,0.10837625
4553,1.048195,3.1029756,0.12483
4554,0.9610685,2.3726313,0.13411431
4555,0.4053309,0.1453627,0.21233505
4556,0.4907967,0.26912078,0.22689685
4557,0.44579318,0.19974647,0.21451102
4558,0.47646314,0.25379193,0.18970357
4559,0.43992653,0.19767205,0.18483989
4560,0.9361832,2.2631042,0.11957246
4561,0.7015034,0.91669816,0.13971612
4562,0.8736163,1.8164793,0.13018245
4563,1.1932578,4.068,0.110359974
4564,0.49582854,0.28209838,0.18310305
4565,0.54676527,0.3930972,0.17039533
4566,0.7207309,0.97289944,0.14578919
4567,0.90323615,1.9658141,0.13009918
4568,0.60516125,0.54770255,0.16415757
4569,1.3246055,4.6695,0.109536484
4570,1.8872356,5.9438,0.10027445
4571,0.71817297,0.86929995,0.18847874
4572,0.3469206,0.07866399,0.27506325
4573,0.61887646,0.529629,0.23232214
4574,1.275386,4.5827,0.15843704
4575,0.55189407,0.34818015,0.265521
4576,0.7285246,0.86688626,0.22863412
4577,0.35929036,0.08397891,0.32808706
4578,1.1380477,3.3197825,0.190832
4579,1.0630401,2.6569436,0.22333144
4580,0.5893733,0.40829152,0.31184986
4581,0.5513241,0.3290314,0.31775483
4582,1.0023327,2.2157714,0.23141369
4583,0.72600365,0.8014564,0.28253797
4584,0.8427819,1.2694747,0.29550943
4585,1.5520934,5.2896,0.2142439
4586,0.9136385,1.5447828,0.30945402
4587,0.95354056,1.7484784,0.30655816
4588,0.5897117,0.37125704,0.39939636
4589,0.7307193,0.75000477,0.361226
4590,0.83680093,1.1558956,0.34173715
4591,0.865803,1.2587723,0.39095455
4592,0.7690782,0.85807216,0.41169938
4593,0.8206894,1.0353537,0.44917527
4594,0.77583015,0.8632174,0.43938875
4595,0.90137506,1.4010543,0.36673144
4596,0.6350972,0.4544371,0.41062477
4597,0.56096506,0.30235502,0.42977795
4598,1.3820143,4.3594,0.3068097
4599,1.6134089,5.0105,0.26151398
4600,2.1889446,6.1671,0.21888278
4601,0.92182016,1.369171,0.3628819
4602,0.7198891,0.6215983,0.40014297
4603,0.46776587,0.15043616,0.4802586
4604,0.7545007,0.73400927,0.3734317
4605,1.7916423,5.6555,0.24154009
4606,1.3582606,4.062276,0.30444163
4607,1.3446265,3.8464472,0.32692415
4608,0.6696899,0.44395906,0.49634194
4609,0.6412442,0.38784778,0.49891156
4610,0.39092323,0.07519186,0.62835425
4611,0.3768798,0.066931084,0.62919986
4612,0.6650122,0.44266713,0.49175096
4613,0.5566372,0.24651656,0.5429778
4614,0.65268373,0.42129833,0.48712495
4615,0.41459444,0.09379902,0.59869367
4616,0.67523086,0.4782576,0.45652857
4617,0.7160038,0.5827693,0.4430867
4618,1.4849441,5.000525,0.30198205
4619,2.181722,6.657,0.28428832
4620,1.9941194,6.4802,0.3416531
4621,1.2974303,3.0873396,0.48942593
4622,1.3186418,3.166127,0.51239747
4623,1.3945011,3.6027484,0.5268105
4624,1.3573749,3.277032,0.5713166
4625,1.5322013,4.372933,0.5692249
4626,1.4634982,3.7888725,0.63455665
4627,1.4579855,3.6634114,0.6815148
4628,0.8115252,0.6104132,1.036143
4629,0.93658215,0.97633404,0.95567036
4630,1.0976766,1.6094434,0.87838423
4631,1.2422254,2.3154047,0.84490174
4632,1.031861,1.3129263,0.9608294
4633,1.524115,3.9709404,0.8064156
4634,1.1124567,1.6048858,1.0143169
4635,1.1676414,1.8541794,0.998453
4636,1.3107579,2.5745616,0.9811829
4637,0.90891683,0.83448607,1.2169607
4638,0.5921233,0.2051144,1.4795437
4639,0.36979458,0.042873222,1.7897127
4640,0.58102906,0.18999477,1.7130492
4641,0.54526734,0.15343691,1.7921268
4642,0.9205068,0.86225706,1.3996295
4643,0.88980216,0.77054685,1.4468657
4644,1.0062896,1.1271832,1.4946221
4645,0.48798954,0.10345781,2.0363555
4646,0.35540324,0.03558622,0.96120006
4647,1.3460581,2.6819398,1.1888818
4648,2.3923957,7.3019,0.8861881
4649,1.0442702,1.1539875,1.5336806
4650,0.45257562,0.073137835,1.9999
4651,0.52081084,0.1178024,1.9839915
4652,2.5163217,7.7143,0.852618
4653,2.3020518,7.5561004,1.0379466
4654,1.4403405,2.684272,1.520497
4655,1.0595239,1.0577995,1.7991182
4656,1.127762,1.2964216,1.6972619
4657,1.6764208,3.989828,1.3653258
4658,1.2181449,1.6107913,1.6847636
4659,1.144854,1.3339646,1.7353978
4660,0.7217478,0.30092263,2.1258776
4661,0.39432275,0.040340416,2.251
4662,0.3691182,0.032145195,1.8262001
4663,0.33930144,0.024118342,1.3860002
4664,0.6085663,0.16920182,2.598304
4665,0.6491297,0.21065177,2.4671912
4666,1.0520525,1.0337449,1.9011327
4667,0.59945375,0.1607302,2.6752715
4668,1.1405463,1.3215626,1.9363134
4669,1.2029033,1.5621507,1.7680067
4670,1.0303984,0.9624454,1.8181295
4671,0.8010548,0.42694256,1.951195
4672,0.67241514,0.24153197,1.9983653
4673,1.1190287,1.2821975,1.5219675
4674,0.9838727,0.85622495,1.5772023
4675,0.4388007,0.059172437,1.8138
4676,0.42165223,0.051870476,1.5968
4677,0.51151156,0.0990773,2.1053
4678,1.0844666,1.1710651,1.5877954
4679,1.093574,1.2005683,1.569653
4680,0.9092491,0.67030555,1.5364599
4681,0.86965364,0.58359057,1.5072744
4682,1.6139596,3.8458195,0.97951305
4683,2.0734556,6.4213,0.8575292
4684,1.2704437,1.8266904,1.2641965
4685,0.8891693,0.58861876,1.4996037
4686,1.3681463,2.3057935,1.12408
4687,1.6099039,3.5985901,1.0515268
4688,0.86156166,0.5238665,1.5141345
4689,1.1083467,1.1963409,1.2867342
4690,2.3908482,7.0414,0.8337549
4691,2.070952,6.1412888,1.0079718
4692,2.1298246,6.2619286,1.0945835
4693,0.7453311,0.28206968,2.0401518
4694,0.65870667,0.18979444,2.0425553
4695,1.01035,0.7826039,1.7391989
4696,1.5831817,3.0875566,1.3307395
4697,1.0871791,0.9930886,1.639544
4698,0.85785365,0.46274006,1.8515142
4699,0.988275,0.74695396,1.6428082
4700,0.70039135,0.23993768,2.0583563
4701,0.7663282,0.32637602,1.9557472
4702,0.8245586,0.42282254,1.7625544
4703,0.8146769,0.4110039,1.7270087
4704,2.092254,6.235795,1.016219
4705,1.7563822,4.074893,1.2284209
4706,0.8042807,0.37068725,1.8961393
4707,0.39930102,0.036146145,1.5472
4708,0.3413374,0.021600943,1.0604
4709,0.3109094,0.015917342,0.75340015
4710,0.3497394,0.023764327,1.1286
4711,1.7008865,3.82232,1.1019118
4712,1.6176085,3.2990916,1.1894795
4713,1.6818131,3.6052139,1.2086306
4714,1.2857933,1.6658524,1.4437358
4715,1.211203,1.3946799,1.475442
4716,1.0202832,0.8173512,1.5822433
4717,1.2714773,1.6517788,1.3763518
4718,0.48146254,0.06879222,2.1890047
4719,0.37063384,0.029013446,1.7859
4720,0.29243487,0.0132685155,1.0418
4721,0.30536214,0.015463496,1.1906
4722,0.31419614,0.017165737,1.2929
4723,0.32294247,0.018996907,1.3922
4724,0.33854756,0.022218656,1.3922
4725,1.5260056,2.9564133,1.0023195
4726,1.2230076,1.5429639,1.1605729
4727,0.5980479,0.15068299,1.6453353
4728,0.4910575,0.07883293,1.7569721
4729,0.37088683,0.03103742,1.758
4730,0.31381103,0.01793615,1.2371
4731,0.50404304,0.08858446,1.5728788
4732,0.4811212,0.076764636,1.5480988
4733,0.4053137,0.04362041,1.6508697
4734,0.62581396,0.18114388,1.7671589
4735,0.46003896,0.06544385,1.8231
4736,0.3703354,0.03187651,1.0821
4737,0.33919966,0.023755424,0.6852
4738,0.41045263,0.04429298,0.96739995
4739,0.57223696,0.13582669,1.9246565
4740,0.9738839,0.79815745,1.4013368
4741,0.8282337,0.48076835,1.311126
4742,0.6596803,0.23167026,1.2659793
4743,0.8089882,0.46619603,1.0225554
4744,1.914181,5.8275247,0.60817593
4745,1.1495448,1.4112175,0.8472974
4746,0.5531689,0.12916791,1.1899922
4747,0.44567776,0.061649706,0.8434
4748,0.5983765,0.16934386,1.1965406
4749,0.46472266,0.07477237,0.9953
4750,0.6227692,0.20366704,0.8923404
4751,0.70810586,0.31837973,0.78099924
4752,1.3328677,2.4322238,0.525096
4753,1.1567954,1.588911,0.5600673
4754,0.73671997,0.3732039,0.69168687
4755,0.7971185,0.4922316,0.6385541
4756,1.0870129,1.3583454,0.5288353
4757,1.8251686,5.637804,0.4033077
4758,0.9514494,0.85644436,0.6239591
4759,1.1809692,1.7088013,0.5525482
4760,0.64788485,0.24529433,0.75608665
4761,0.42107308,0.058858696,0.911463
4762,0.38675085,0.044792354,0.9193508
4763,0.3711507,0.03945416,0.8031
4764,0.8487592,0.6274684,0.5851895
4765,1.1916759,1.8558931,0.4879181
4766,0.9923944,1.0517161,0.54754907
4767,0.88330686,0.72927463,0.58218145
4768,0.5371987,0.1420921,0.7423703
4769,0.62588453,0.23965357,0.67279524
4770,0.91417485,0.844248,0.54628533
4771,0.9322421,0.90763766,0.5404678
4772,0.88586587,0.77694184,0.55520445
4773,0.519434,0.13420254,0.7235446
4774,0.41780564,0.06552911,0.78912365
4775,0.32589915,0.02882759,0.7348
4776,0.32068115,0.02754869,0.6945
4777,0.30009702,0.022036571,0.3597
4778,0.466249,0.096668765,0.7602586
4779,0.45238453,0.08835253,0.7536811
4780,0.33029976,0.031163942,0.6604
4781,0.2729,0.02069293,0.27289996
4782,0.29696956,0.022116235,0.31630003
4783,0.36684233,0.045163453,0.79474443
4784,0.74488485,0.4819161,0.56017023
4785,0.5471311,0.17500615,0.64748967
4786,0.6174035,0.2648216,0.5986861
4787,0.81457406,0.6679491,0.5134116
4788,0.70996696,0.4297917,0.5485862
4789,0.64803684,0.32131734,0.56912893
4790,0.47027737,0.11157901,0.6598593
4791,0.33064836,0.034685165,0.7706598
4792,0.3693111,0.050631296,0.7132581
4793,0.42877397,0.08143063,0.82244116
4794,0.48609427,0.12516895,0.7435503
4795,0.44256148,0.09239858,0.75620925
4796,0.47844926,0.12035069,0.73822063
4797,0.50710744,0.14778918,0.69069433
4798,0.7152191,0.46835068,0.56303626
4799,0.60513103,0.27220118,0.6001699
4800,0.44821936,0.10107894,0.6808576
4801,0.36733404,0.052452404,0.7309487
4802,0.37748316,0.05795214,0.7010301
4803,0.5161871,0.16642988,0.58471364
4804,0.42960647,0.09103521,0.62788117
4805,0.35357326,0.047890145,0.67637074
4806,0.5726112,0.23544204,0.6273323
4807,0.6059764,0.28792715,0.57771105
4808,0.47500414,0.12944824,0.62462807
4809,0.43041968,0.0941628,0.6291063
4810,0.49541253,0.15221842,0.5647848
4811,0.64318234,0.36501038,0.49587724
4812,0.492779,0.15218069,0.55006343
4813,0.48951495,0.15044259,0.5346364
4814,0.4939238,0.1566362,0.5172999
4815,0.4105113,0.085292876,0.5528449
4816,0.43142888,0.10163784,0.52545077
4817,0.35289776,0.052398033,0.56706023
4818,0.52673864,0.1999204,0.47684512
4819,0.52921367,0.2051757,0.4641661
4820,0.37782183,0.06726054,0.5370164
4821,0.5086154,0.18267842,0.45916304
4822,0.49376655,0.16713123,0.45612434
4823,0.5139134,0.19280772,0.43820554
4824,0.52611417,0.21047588,0.42549828
4825,0.5132157,0.19560446,0.42407417
4826,0.45340884,0.13058227,0.44442442
4827,0.366974,0.064967476,0.48587868
4828,0.5072897,0.19301233,0.40613043
4829,0.42260197,0.105859526,0.43947127
4830,0.3246931,0.04422386,0.4217
4831,0.40732664,0.09369084,0.47808337
4832,0.3870584,0.07964521,0.4788366
4833,0.36682552,0.06708082,0.4808627
4834,0.2698,0.043202545,0.2698
4835,0.33454055,0.04971221,0.3659
4836,0.3929439,0.08569499,0.4517975
4837,0.2698,0.044121735,0.2698
4838,0.1922,0.040345162,0.19220002
4839,0.35977307,0.063436806,0.3814
4840,0.3225,0.06044593,0.3225
4841,0.1829,0.051601592,0.18289998
4842,0.4219045,0.11022776,0.43044278
4843,0.5093287,0.20861655,0.37763768
4844,0.4217114,0.11227891,0.40322223
4845,0.39549518,0.09144524,0.40479836
4846,0.38870814,0.08705208,0.39788035
4847,0.5869572,0.3443921,0.3284545
4848,0.5117219,0.22052668,0.3443606
4849,0.5321354,0.25349936,0.3303921
4850,0.51080155,0.22326612,0.33114117
4851,0.4647156,0.16439289,0.34137905
4852,0.40616754,0.10577734,0.35906294
4853,0.34167126,0.059823763,0.38472703
4854,0.62032104,0.4252639,0.3472479
4855,0.40668327,0.10613342,0.39599192
4856,0.5694577,0.32984704,0.31226477
4857,0.5058022,0.22534889,0.31566975
4858,0.40676805,0.110270694,0.33771154
4859,0.46150848,0.16782686,0.33039203
4860,0.6323083,0.47108176,0.31767064
4861,0.5910974,0.39170218,0.2798438
4862,0.46973643,0.18783514,0.27780774
4863,0.6723319,0.6275943,0.21064593
4864,0.65349543,0.58113647,0.20078273
4865,0.5407033,0.3157771,0.21078429
4866,0.5937344,0.43606246,0.19273162
4867,0.39755058,0.11650505,0.22856429
4868,0.2232,0.09002417,0.22320001
4869,0.41351277,0.1329778,0.23719943
4870,0.4,0.12779684,0.2211194
4871,0.2077,0.10853726,0.2077
4872,0.12399999,0.124,0.124
4873,0.3318,0.1589643,0.19802535
4874,0.6729738,0.7157125,0.14990479
4875,0.50546026,0.29008436,0.15262946
4876,0.49200252,0.27339712,0.13976362
4877,0.1891,0.1429007,0.14325826
4878,0.4777142,0.25597185,0.1297678
4879,0.5211035,0.3499297,0.11513111
4880,0.5205095,0.35365632,0.11364025
4881,0.4867739,0.28821453,0.11494047
4882,0.5156339,0.35666704,0.10654186
4883,0.5047657,0.34237826,0.09865642
4884,0.52639234,0.39938274,0.09573649
4885,0.94349474,2.5910597,0.065895624
4886,0.797659,1.5631237,0.07056937
4887,0.6645762,0.8841134,0.07581739
4888,0.5983168,0.63677126,0.0779859
4889,0.5722083,0.55733615,0.07794932
4890,0.55631214,0.5141867,0.0775822
4891,0.7326821,1.261652,0.06637712
4892,0.4413244,0.24269232,0.08629336
4893,0.3163,0.16781592,0.09002366
4894,0.4057145,0.18703407,0.08751441
4895,0.3008,0.16227955,0.08841564
4896,0.43947348,0.2480907,0.08204853
4897,0.4753226,0.32450977,0.07827957
4898,0.8061405,1.7851189,0.059466723
4899,0.9837433,3.170304,0.055327762
4900,0.8002749,1.689671,0.06561974
4901,0.54409367,0.486521,0.08591186
4902,0.5444705,0.49078226,0.085791945
4903,0.82570356,1.8485718,0.071812324
4904,0.88318866,2.2421896,0.07144592
4905,0.65151966,0.8600221,0.08695103
4906,0.69518524,1.0601792,0.08495977
4907,0.57486457,0.57405007,0.095062114
4908,0.4626568,0.28211597,0.106654525
4909,1.0989227,3.8106,0.07621009
4910,0.9862141,2.939787,0.086376846
4911,0.3966684,0.15774581,0.14476258
4912,1.578234,5.0757,0.07435748
4913,0.78655136,1.4050363,0.117939025
4914,0.516039,0.35860497,0.14875193
4915,0.5180618,0.3652026,0.14775637
4916,0.5374221,0.41420844,0.14458752
4917,0.45705292,0.2435462,0.15679409
4918,0.98363316,2.775577,0.10593966
4919,1.5038931,4.8772,0.1076349
4920,1.3401937,4.5982,0.12245838
4921,0.97050315,2.369628,0.15644166
4922,0.46718144,0.22500332,0.23451665
4923,0.47554326,0.23986854,0.22924829
4924,1.0316164,2.7861845,0.1615689
4925,0.42852342,0.1651664,0.26294887
4926,0.8065164,1.3088611,0.1877968
4927,0.4341058,0.17238688,0.26066774
4928,0.5439773,0.36597964,0.22999023
4929,0.5427351,0.3646183,0.2291089
4930,1.4374465,4.9919,0.14946291
4931,1.456949,5.1346,0.16352291
4932,1.7454201,5.8384,0.16544254
4933,0.8279006,1.2111384,0.27633598
4934,0.65200233,0.5598536,0.31763488
4935,0.56055814,0.34138414,0.34383053
4936,0.5420316,0.30656904,0.3490745
4937,0.32323658,0.05493319,0.45128557
4938,0.37836018,0.09001965,0.5201308
4939,0.37886012,0.09044953,0.49737573
4940,0.46654075,0.17983532,0.45694217
4941,1.0354234,2.3382535,0.2857812
4942,0.52520925,0.26389012,0.40162203
4943,0.57661694,0.361535,0.36840168
4944,0.6389357,0.50942373,0.33995253
4945,0.3626141,0.07789391,0.44299543
4946,0.47510436,0.19142841,0.3935544
4947,0.8855678,1.4559269,0.2854533
4948,0.5557244,0.31686884,0.39578718
4949,0.42587107,0.13157135,0.42953032
4950,1.2124332,3.5446987,0.29823357
4951,1.9682174,5.6927,0.21143787
4952,1.7849662,5.5035,0.22371033
4953,1.3936516,4.709375,0.2667371
4954,0.73274004,0.67887384,0.39216888
4955,0.63968635,0.43790433,0.40922472
4956,0.7925169,0.8865911,0.35801733
4957,0.878085,1.2310601,0.3395797
4958,1.0462681,2.1041093,0.31100926
4959,1.1008561,2.4174507,0.31111333
4960,0.65551955,0.4667891,0.42015684
4961,0.9927325,1.7634634,0.33750665
4962,1.3026793,3.7839675,0.30100414
4963,1.1403505,2.556178,0.34772286
4964,0.6119918,0.35326225,0.499552
4965,2.111374,6.7872,0.26201373
4966,1.176854,2.6165614,0.4134778
4967,1.2311255,2.922971,0.4243453
4968,1.0750012,1.9422313,0.48128232
4969,0.4910837,0.15233953,0.75675935
4970,0.32715684,0.03914936,0.85580003
4971,0.9860081,1.4699479,0.5813904
4972,1.4665114,4.4465714,0.48561624
4973,0.8573896,0.90326244,0.69767284
4974,1.5773757,5.10262,0.5116554
4975,1.1601647,2.1897767,0.6657736
4976,0.5897553,0.2491828,0.9654037
4977,0.49851516,0.14327012,1.0283283
4978,0.50014365,0.14537904,1.0242698
4979,0.47743696,0.124840364,1.0497593
4980,0.91875654,1.0731934,0.78469914
4981,0.7473849,0.5332962,1.1099045
4982,0.58919704,0.23925419,1.3057779
4983,0.689425,0.40328306,1.0965075
4984,1.2584023,2.6323977,0.8926889
4985,1.2405422,2.499833,0.8113691
4986,1.1303232,1.8849758,0.77720207
4987,0.4286407,0.07920729,1.141
4988,0.4681196,0.107347414,1.0475434
4989,0.38538045,0.05624127,0.7565
4990,0.78803325,0.6109013,0.7554747
4991,1.6091329,5.001753,0.522648
4992,1.4998114,4.084143,0.5538824
4993,0.5503365,0.17416942,0.9440184
4994,0.7592323,0.5128674,0.7607716
4995,0.47166383,0.10580115,0.9715196
4996,0.6561723,0.32179213,0.78083587
4997,0.40927175,0.06736822,0.943489
4998,1.5473006,4.4644513,0.47228414
4999,1.1909571,2.1080647,0.6197503
5000,1.0546794,1.4523282,0.6535658
5001,0.6537577,0.30920604,0.81984776
5002,0.39304426,0.056804504,0.88369995
5003,0.47063327,0.104836516,0.9245162
5004,0.65584254,0.32077903,0.74619454
5005,0.9974033,1.2677343,0.58333087
5006,2.2415974,6.7128,0.38092735
5007,2.843247,7.6708,0.3814889
5008,3.2758129,8.3313,0.41226175
5009,2.721977,7.8507,0.54234815
5010,1.8585777,5.616028,0.7802317
5011,1.1171969,1.3809286,1.1225609
5012,1.1357121,1.4590381,1.1099024
5013,0.86813235,0.62008524,1.3079983
5014,0.90950465,0.72954774,1.2468364
5015,1.2651032,2.0584614,1.0355592
5016,1.1274015,1.4506204,1.1144269
5017,0.7160573,0.33644536,1.3938943
5018,1.4281374,2.9296591,0.9581449
5019,1.2235355,1.8525959,1.1242871
5020,0.7998499,0.47809422,1.4686203
5021,0.6809272,0.2832576,1.5671742
5022,0.4374244,0.06460679,2.005621
5023,0.8491422,0.5939418,1.3784019
5024,0.9161525,0.7682275,1.2928872
5025,0.5611804,0.15276335,1.6576526
5026,0.5065945,0.10931557,1.7067035
5027,0.55321074,0.14819837,1.5728825
5028,0.7029051,0.33078852,1.4089261
5029,0.55051434,0.14812,1.5346944
5030,0.65792596,0.2694612,1.4244885
5031,0.6341664,0.24101326,1.4001964
5032,0.70541835,0.34712183,1.2842362
5033,0.8760902,0.7144114,1.1250663
5034,1.1546495,1.7095336,1.0048612
5035,1.0697992,1.3509516,1.054042
5036,0.9932854,1.0669978,1.1455034
5037,1.0839201,1.4079447,1.0930332
5038,0.6693574,0.29268312,1.5034819
5039,0.8990407,0.77408326,1.3112352
5040,1.0967945,1.4606465,1.1628674
5041,0.56390435,0.1664454,1.6300431
5042,0.8421846,0.6312644,1.3254405
5043,0.430198,0.06800159,1.8031933
5044,0.56962067,0.17363057,1.6034347
5045,0.45735574,0.08349559,1.7749788
5046,0.61026293,0.21973825,1.5060399
5047,1.0454402,1.2833546,1.1068614
5048,1.1347789,1.6523253,1.0665549
5049,0.6590604,0.2854695,1.4009545
5050,0.43271416,0.07028547,1.7101262
5051,0.6377722,0.2564133,1.4478198
5052,0.8291809,0.6066594,1.3541209
5053,0.6792486,0.31626162,1.4215488
5054,1.2871759,2.4200146,0.9839696
5055,1.0431888,1.2696869,1.109323
5056,1.3382416,2.6752596,0.96744716
5057,1.0944899,1.4549904,1.10035
5058,1.0150995,1.1481769,1.1556971
5059,0.6305609,0.24281837,1.454431
5060,0.85786486,0.67675805,1.2043424
5061,1.4967569,3.6158357,0.8918087
5062,1.9947144,6.6826644,0.813354
5063,0.54131883,0.1349851,1.7880839
5064,0.48416665,0.09366079,1.8287672
5065,0.5116463,0.113454014,1.7332813
5066,0.6751851,0.28942177,1.4472007
5067,0.6383119,0.24186519,1.4776692
5068,0.7177497,0.36087412,1.3519866
5069,0.83533394,0.60111254,1.2169411
5070,0.8799523,0.718983,1.1607414
5071,1.0397786,1.2330067,1.0634226
5072,0.90892994,0.80740535,1.1346
5073,1.339035,2.6471837,0.92071986
5074,1.2695779,2.2506647,0.9785667
5075,1.0672938,1.3179449,1.1656541
5076,0.762542,0.44583672,1.4209441
5077,0.93225455,0.8642954,1.2735459
5078,0.9425122,0.90120167,1.2467002
5079,1.0697603,1.3518972,1.1539723
5080,0.5859058,0.19034481,1.5495201
5081,0.7235095,0.38654754,1.3801299
5082,0.864876,0.700945,1.2275596
5083,0.86377275,0.70390576,1.2067817
5084,0.6632137,0.2947154,1.4555677
5085,0.92826146,0.8886135,1.2575009
5086,0.90179706,0.81399685,1.2583262
5087,0.90800864,0.83693266,1.2376022
5088,1.183445,1.9159914,1.0701412
5089,0.9572288,0.9913407,1.2076159
5090,0.5973898,0.2118767,1.5290103
5091,0.46517488,0.091054425,1.8792562
5092,0.7821285,0.51625735,1.3993213
5093,0.3235789,0.027357694,1.2631
5094,0.2629468,0.013709992,0.6101
5095,0.25182998,0.011794097,0.38090008
5096,0.26682678,0.014255541,0.5295001
5097,0.30407366,0.021999335,0.91850007
5098,0.81298214,0.58523893,1.3748757
5099,0.8322526,0.63563305,1.327841
5100,0.7350525,0.425605,1.3822778
5101,1.2816795,2.449816,1.0205759
5102,0.69276696,0.34813657,1.4257039
5103,0.9935765,1.1326216,1.1584204
5104,0.78760755,0.5376323,1.2928319
5105,0.9398204,0.95986843,1.1585705
5106,0.63008726,0.26062298,1.3972262
5107,0.32837942,0.029744985,1.5157
5108,0.43048155,0.0739267,1.5905719
5109,0.5520406,0.17123754,1.3591677
5110,0.7254846,0.42860693,1.1503364
5111,0.6147756,0.24976972,1.2302905
5112,0.6425387,0.29222396,1.1706101
5113,0.8161418,0.6478327,1.0216502
5114,0.505621,0.13378017,1.2750194
5115,0.6408267,0.29765293,1.0997136
5116,0.3298101,0.032653376,1.4823725
5117,0.26215374,0.0149277225,0.6556
5118,0.36385554,0.044075273,1.4975
5119,0.4093396,0.06545005,1.6164674
5120,0.7992964,0.6089058,1.1207358
5121,0.43272683,0.07966835,1.489308
5122,0.5519612,0.17915393,1.363092
5123,0.50253433,0.13174857,1.3827409
5124,0.39645773,0.059294336,1.6015
5125,0.29289114,0.021212269,0.40830004
5126,0.8166754,0.63978773,1.2824484
5127,0.30230626,0.023356987,0.46749994
5128,0.29016742,0.02031138,0.34819996
5129,0.88599914,0.8301973,1.138548
5130,0.632299,0.27438486,1.3218538
5131,0.3341709,0.032715313,0.8688
5132,0.29193836,0.020844596,0.44899997
5133,0.31200454,0.025590587,0.43670005
5134,0.36216292,0.042118948,0.9347
5135,0.9809346,1.1392572,1.0332838
5136,0.89667755,0.855937,1.0537237
5137,0.9579304,1.0609397,0.99363154
5138,0.4053704,0.06182438,1.4221
5139,0.34724802,0.037000917,0.9373001
5140,0.2866165,0.019540977,0.33470002
5141,0.2273,0.01770933,0.22729997
5142,0.28682157,0.019542271,0.30259994
5143,0.32949385,0.030697972,0.5679
5144,0.5662925,0.1884788,1.257849
5145,0.6318149,0.27363962,1.1302054
5146,0.43439695,0.07894909,1.3006557
5147,0.5497273,0.17004563,1.3432865
5148,0.47777683,0.10680036,1.3474548
5149,0.67961943,0.3506067,0.9939139
5150,0.56376123,0.19080403,0.99827486
5151,0.66128606,0.32859787,0.85750514
5152,0.5705629,0.20356631,0.8737816
5153,0.45049253,0.093502454,0.9345343
5154,0.6866863,0.38503844,0.7233753
5155,0.3751895,0.05179439,0.8436
5156,0.3004,0.029083252,0.3004
5157,0.35055208,0.041120093,0.4116
5158,0.3317,0.03737664,0.33170003
5159,0.4804807,0.120301686,0.80876243
5160,0.626298,0.2945322,0.6737463
5161,0.55248487,0.1963941,0.68868005
5162,0.52697664,0.16970275,0.6787612
5163,0.47566396,0.12187844,0.68992805
5164,0.39493877,0.06612102,0.7319181
5165,0.34882542,0.04392728,0.5255
5166,0.7562093,0.5804321,0.51910615
5167,0.7377075,0.54041517,0.51589704
5168,0.65947384,0.37721086,0.53667724
5169,0.34244728,0.04277764,0.524
5170,0.5588122,0.21997175,0.58829165
5171,0.4857268,0.13930008,0.6130133
5172,0.49450833,0.1493906,0.59050375
5173,0.46582624,0.123590745,0.5928909
5174,0.48301777,0.14084363,0.5681388
5175,0.53228295,0.19637947,0.5343447
5176,0.36914217,0.058380604,0.62823707
5177,0.3528098,0.050584737,0.62708557
5178,0.5503497,0.22404113,0.5083807
5179,0.52878916,0.1980512,0.50891685
5180,0.5371546,0.21069413,0.4958103
5181,0.36713263,0.059660804,0.5892586
5182,0.42989907,0.10191099,0.5333401
5183,0.33090636,0.042840045,0.5051
5184,0.36606103,0.059692405,0.60879964
5185,0.40586105,0.084767155,0.57089424
5186,0.41602275,0.0928613,0.5481837
5187,0.37501884,0.06620243,0.5625872
5188,0.35935587,0.057853993,0.5605043
5189,0.36473346,0.061258733,0.5435503
5190,0.4606249,0.13256289,0.5285953
5191,0.58235484,0.29208928,0.45574656
5192,0.43017182,0.10754624,0.51377803
5193,0.5256635,0.21189526,0.44990477
5194,0.43834615,0.11672865,0.48015633
5195,0.39544323,0.08347694,0.4925064
5196,0.3706641,0.067795,0.4961288
5197,0.243,0.042097155,0.243
5198,0.34412158,0.0535215,0.4803
5199,0.36297905,0.06443113,0.47268903
5200,0.5039567,0.19047423,0.45017785
5201,0.54813117,0.25472128,0.4131003
5202,0.3801538,0.07594247,0.47885463
5203,0.38489842,0.07986706,0.45927653
5204,0.34814027,0.057510417,0.3638
5205,0.1765,0.047227032,0.1765
5206,0.4598021,0.14610589,0.4150403
5207,0.4279056,0.116151035,0.41421396
5208,0.37699988,0.07682873,0.42661765
5209,0.068500005,0.05142193,0.0685
5210,0.3028,0.06922428,0.3028
5211,0.44643307,0.13588278,0.38594103
5212,0.4084362,0.10225742,0.38337338
5213,0.40434626,0.10001996,0.36880544
5214,0.41364032,0.108916566,0.35491443
5215,0.3803667,0.08320307,0.3571757
5216,0.38605496,0.088307604,0.3433952
5217,0.41009432,0.1090793,0.3243017
5218,0.6129268,0.41470727,0.27727506
5219,0.42114198,0.120553955,0.32379138
5220,0.1737,0.062206913,0.1737
5221,0.5527111,0.29584125,0.31157807
5222,0.46125385,0.16573212,0.3086698
5223,0.5606187,0.32284227,0.25859964
5224,0.56478983,0.33617,0.24315673
5225,0.5127895,0.24753559,0.24393892
5226,0.47266778,0.19130196,0.24442343
5227,0.45908654,0.17575613,0.23972845
5228,0.5658779,0.35602203,0.20948279
5229,0.42186147,0.13559294,0.23779105
5230,0.41784176,0.13266875,0.23367593
5231,0.3067,0.08281727,0.24782498
5232,0.37131166,0.09095779,0.23933744
5233,0.417016,0.13200355,0.26107314
5234,0.2307,0.10136624,0.2307
5235,0.1669,0.093696535,0.1669
5236,0.1613,0.092154875,0.1613
5237,0.42156744,0.14363377,0.2052649
5238,0.7479995,0.92565966,0.19423987
5239,0.55620813,0.37339625,0.19008888
5240,0.50501585,0.28346238,0.17173916
5241,0.55105245,0.39060444,0.1465755
5242,0.7690087,1.1797009,0.11380899
5243,0.5928084,0.5155578,0.12426779
5244,1.0673045,3.2302215,0.08803063
5245,0.77201086,1.204343,0.10741
5246,0.5114259,0.3173338,0.13138719
5247,0.2881,0.1313087,0.1526285
5248,0.5791368,0.48314172,0.12638195
5249,0.44662297,0.20761809,0.13857833
5250,0.3252,0.1477403,0.14451493
5251,0.6632391,0.7799495,0.10779763
5252,0.49931234,0.3105727,0.12204797
5253,0.6758081,0.8464247,0.10212229
5254,0.51232135,0.34478074,0.116321206
5255,0.2137,0.11990327,0.13432193
5256,0.8102256,1.513304,0.09964135
5257,0.82491845,1.6078472,0.09615843
5258,0.50619185,0.3335946,0.12196009
5259,0.45437995,0.23557447,0.12735778
5260,0.6379565,0.72853196,0.10363493
5261,0.43746522,0.21232052,0.1233078
5262,0.46791548,0.26842418,0.116346285
5263,0.5384846,0.43075597,0.10725993
5264,0.49514717,0.32553688,0.12008371
5265,0.2306,0.1998349,0.14894104
5266,0.7070239,1.0462786,0.11608853
5267,0.84921867,2.0095525,0.08810006
5268,0.6931626,1.1090657,0.08667167
5269,0.6366048,0.8682837,0.08201306
5270,0.47096485,0.33104083,0.088946454
5271,0.58660996,0.69302666,0.07518292
5272,0.50268275,0.42373002,0.07858275
5273,0.79609734,1.8510033,0.06347449
5274,0.4585442,0.31557846,0.08197838
5275,0.96661127,3.0631,0.055134453
5276,0.6209847,0.84628946,0.070470646
5277,0.468039,0.33862847,0.079767264
5278,0.1876,0.1876,0.09425295
5279,1.0404557,2.9882,0.06273942
5280,0.5803938,0.6973711,0.07715618
5281,1.0797484,3.3071,0.050788034
5282,1.5544971,4.6082,0.0416467
5283,1.1848125,3.8166,0.05037346
5284,1.2458752,4.068,0.051608864
5285,1.3927312,4.5233,0.052106876
5286,0.93754816,2.788338,0.06976476
5287,0.5295003,0.4564892,0.09880438
5288,0.5186856,0.428689,0.09976029
5289,0.648244,0.88798887,0.090298094
5290,0.39341095,0.17226344,0.11729792
5291,0.48312372,0.34094483,0.10789775
5292,0.45551783,0.28217447,0.11055813
5293,2.0619407,5.6536,0.06262271
5294,1.5197752,4.7682,0.076598786
5295,0.8052336,1.6207556,0.11248581
5296,0.49290875,0.32832,0.15462586
5297,0.5750267,0.5381967,0.15918858
5298,0.73727834,1.228882,0.12680663
5299,2.032887,5.6186,0.06797965
5300,2.2279847,6.0722,0.06740933
5301,2.4006236,6.4689,0.07052435
5302,0.6919568,0.91316766,0.15170911
5303,0.54997563,0.4326553,0.1703659
5304,1.5735354,5.2217,0.09953837
5305,1.6140578,5.4097,0.10927794
5306,1.4422194,5.1372,0.13025197
5307,0.60442555,0.5055683,0.22800566
5308,0.8087951,1.2929236,0.19742662
5309,0.7849763,1.1710519,0.20529391
5310,0.9951934,2.3991325,0.18581544
5311,0.4197367,0.1472003,0.30306187
5312,1.2093897,4.021781,0.1814576
5313,1.6240665,5.8361,0.17040834
5314,1.2584381,4.0929203,0.2227543
5315,0.6043308,0.4257637,0.35530487
5316,0.6036247,0.42574897,0.3565252
5317,0.73420185,0.8089978,0.32395563
5318,0.7463913,0.8534015,0.32548544
5319,0.6613493,0.5768364,0.35100234
5320,0.62131476,0.4713624,0.36493638
5321,0.8802291,1.4301367,0.32957527
5322,1.2916058,4.205253,0.2786262
5323,0.7141696,0.7001029,0.41526547
5324,0.6020018,0.3999047,0.46221584
5325,0.8198837,1.0905743,0.39633766
5326,0.4521505,0.15444498,0.54504377
5327,1.3073487,4.1767583,0.31662962
5328,0.5366706,0.2621469,0.5470865
5329,0.34886625,0.062541,0.67504257
5330,0.35264796,0.06343765,0.7784566
5331,0.57481,0.30740246,0.8377122
5332,2.0818026,6.3884,0.3931838
5333,1.0157835,1.7706894,0.62322915
5334,1.4272025,4.4721565,0.52145386
5335,0.56831455,0.2540198,0.895597
5336,0.66239125,0.4195285,0.83451146
5337,1.4313325,4.306453,0.54565567
5338,1.6137426,5.4981294,0.5500503
5339,1.3302666,3.2710097,0.6749127
5340,0.83951193,0.79579866,0.89844775
5341,0.9799862,1.3022578,0.8249885
5342,1.2316633,2.5707405,0.7401141
5343,0.8229818,0.730872,0.9435484
5344,1.1772385,2.224685,0.7822937
5345,0.81245977,0.6935265,0.9729795
5346,1.1677616,2.1520927,0.80424225
5347,1.2085963,2.3510695,0.8145575
5348,0.91844314,1.0057007,0.9681893
5349,1.1037576,1.779409,0.8821894
5350,1.1114534,1.805302,0.8963639
5351,1.8036804,6.1151547,0.7213155
5352,0.9233974,0.95033586,1.14806
5353,1.0732691,1.5257471,1.0567656
5354,1.4661692,3.6687562,0.9093887
5355,1.1041379,1.6159661,1.1157451
5356,0.491539,0.1154454,1.6702043
5357,0.39849705,0.057412773,1.8271801
5358,1.1921141,2.0424755,1.039781
5359,1.0569464,1.41357,1.1257175
5360,1.3928477,3.132678,0.98144656
5361,1.7488395,5.2872868,0.91387296
5362,1.6216055,4.3235173,1.046556
5363,1.0299156,1.184312,1.4094362
5364,1.2753446,2.257693,1.2505939
5365,1.4718581,3.3084438,1.1815177
5366,1.5941283,3.9632642,1.182225
5367,1.2099284,1.844195,1.4358268
5368,0.61521155,0.21010084,1.9938517
5369,1.2195816,1.9077426,1.35592
5370,1.2256101,1.9321237,1.3606013
5371,1.4197536,2.9054453,1.267675
5372,0.591865,0.18428788,1.9980487
5373,1.7117774,4.55469,1.1366625
5374,1.4577768,3.0187688,1.3210964
5375,0.9067157,0.7258631,1.7178533
5376,0.95980984,0.881614,1.6133107
5377,0.98837304,0.9776182,1.5489837
5378,0.7653689,0.4322343,1.7110399
5379,0.5222752,0.12293816,1.9754708
5380,0.3054144,0.020638268,2.4083064
5381,0.4553712,0.07739696,2.2606156
5382,0.36039075,0.035769727,2.3697798
5383,1.210887,1.8925536,1.248608
5384,1.0758854,1.326813,1.3306144
5385,1.2342767,2.0086095,1.229475
5386,1.0704421,1.3092145,1.3460358
5387,1.2625418,2.1469004,1.2254447
5388,1.2754494,2.201764,1.2329209
5389,0.5513174,0.15045941,1.8782384
5390,0.3160476,0.02359228,2.3528676
5391,0.89484745,0.74774075,1.5157831
5392,1.2632781,2.169993,1.2420225
5393,0.9084108,0.7903233,1.479204
5394,0.8337479,0.60577494,1.5021689
5395,0.9941797,1.0758411,1.3351237
5396,0.87903655,0.7322403,1.4158797
5397,1.1190279,1.5692967,1.2420183
5398,1.5082934,3.5663047,1.0673823
5399,1.1336029,1.6017807,1.2930367
5400,1.2681364,2.2216902,1.2183977
5401,0.3745733,0.04257772,2.222345
5402,0.37118492,0.040673092,2.5179384
5403,0.5221772,0.12833986,2.0810099
5404,0.6646173,0.29063216,1.7537197
5405,0.98139346,1.0453829,1.3875655
5406,1.1343939,1.6420122,1.2692972
5407,1.0195705,1.1878949,1.3397771
5408,0.6788173,0.32092848,1.6239994
5409,0.7349731,0.42218822,1.5174735
5410,0.9225295,0.89076763,1.337477
5411,1.2359511,2.1776917,1.1331905
5412,0.78494084,0.5314966,1.4400357
5413,1.0565456,1.3805094,1.2056128
5414,1.2756786,2.3984458,1.094457
5415,0.51298517,0.13085362,1.745571
5416,0.52883446,0.14558883,1.7328644
5417,0.67122346,0.32619822,1.4743497
5418,0.3309091,0.031000301,2.0276167
5419,0.35743746,0.040347543,1.9103761
5420,0.37895685,0.04949659,1.7857671
5421,0.39899126,0.05855527,1.8383096
5422,0.3688551,0.045282867,1.8693982
5423,0.82620984,0.6559223,1.3662483
5424,0.9488168,1.0303673,1.2460113
5425,0.6564469,0.31318578,1.4743763
5426,0.30653912,0.024838414,2.047865
5427,0.19863006,0.0057860836,0.70909995
5428,0.24518253,0.011335052,0.94849986
5429,0.3034388,0.023000961,1.5908
5430,0.25978526,0.013623101,1.0455
5431,0.5185354,0.13501649,2.3058946
5432,0.9065423,0.85311675,1.6936364
5433,0.72540057,0.41214302,1.8574235
5434,0.5661412,0.18052864,2.0972743
5435,0.29023927,0.019285267,1.1646
5436,0.4629918,0.08977718,2.363
5437,0.40906152,0.059009742,1.9913
5438,0.2783585,0.016138626,0.7189
5439,0.7463545,0.4106336,2.7695103
5440,1.2394502,2.0167043,1.8314987
5441,1.3727674,2.6610906,1.6224048
5442,0.76892954,0.424127,2.0784938
5443,0.7184058,0.3401506,1.9890901
5444,0.79608595,0.48069426,1.772395
5445,1.1886916,1.7369807,1.3828347
5446,1.3102454,2.3037963,1.329127
5447,1.6101322,3.9831307,1.2064855
5448,1.4085577,2.718841,1.3970654
5449,1.2722311,2.0021477,1.4982746
5450,1.3820655,2.5307474,1.4388555
5451,1.268105,1.9522777,1.5254531
5452,1.2018737,1.6549226,1.5794212
5453,1.2256167,1.7550021,1.5522555
5454,1.2999005,2.0871077,1.5008171
5455,1.0398391,1.0502417,1.6833568
5456,0.311957,0.019374702,1.2838
5457,0.4648551,0.07410859,2.3783996
5458,0.27714172,0.0131866345,0.8709999
5459,1.3255693,2.2392607,1.3577253
5460,1.0068178,0.96151954,1.5740414
5461,0.3115369,0.01965397,1.3616
5462,0.32103166,0.021874532,1.4708
5463,0.26444077,0.011497162,0.8428001
5464,0.5123912,0.105630726,1.9959762
5465,0.88922405,0.6661871,1.451865
5466,1.1026106,1.3354723,1.2702813
5467,0.92714715,0.7752368,1.3740815
5468,0.87720037,0.6547499,1.3801993
5469,1.1242853,1.4540721,1.1894352
5470,0.60258037,0.19116995,1.6720104
5471,0.60936177,0.2009992,1.5922495
5472,0.4424152,0.069713905,1.7823838
5473,0.24319719,0.009508664,0.75519997
5474,0.32963294,0.02643289,1.7321001
5475,0.2291164,0.007890813,0.5644001
5476,0.32546836,0.02559921,1.6658
5477,0.87398547,0.693411,1.0972801
5478,0.89897215,0.76787066,1.0632339
5479,0.6465156,0.26264095,1.2324444
5480,0.31092674,0.022968875,1.6256
5481,0.36992255,0.041471615,1.4947352
5482,0.25135392,0.011491986,0.9689001
5483,0.24824645,0.010857607,0.6406
5484,0.34887993,0.033378486,1.46
5485,0.514373,0.122940354,1.5553745
5486,0.64410424,0.26312643,1.3391081
5487,0.74091226,0.4230889,1.2111539
5488,0.667683,0.30295748,1.2434204
5489,0.65074,0.2812182,1.2240185
5490,0.49181792,0.11165172,1.363846
5491,0.29580986,0.02055712,1.0444
5492,0.4038617,0.058661744,1.4078451
5493,0.5519365,0.16842742,1.1641606
5494,0.50677514,0.12802087,1.178396
5495,0.45687342,0.091466844,1.2017956
5496,0.25908047,0.0138374055,0.7051
5497,0.27521312,0.017022736,0.9048
5498,0.44604936,0.0862552,1.1292424
5499,0.5500079,0.17560077,0.98837966
5500,0.5054022,0.13387106,1.0049012
5501,0.58011997,0.21446723,0.9145825
5502,0.5907594,0.23046328,0.88656056
5503,0.24709974,0.012631823,0.6682
5504,0.3998382,0.06352885,1.0373933
5505,0.5755869,0.21683306,0.8428251
5506,0.35365906,0.043015305,1.0489353
5507,0.21832715,0.008648718,0.32200003
5508,0.5859067,0.22765052,1.0073472
5509,0.57173187,0.2117028,0.9980418
5510,0.57915205,0.22302613,0.96964735
5511,0.5839162,0.23131905,0.9452114
5512,0.52680933,0.16565187,0.9740539
5513,0.4832992,0.1253284,0.9932199
5514,0.50071543,0.14226887,0.9549183
5515,0.44161257,0.0942947,0.9944124
5516,0.38449204,0.059815854,1.0377507
5517,0.3153067,0.031032935,1.1124347
5518,0.28559175,0.022379631,0.87119997
5519,0.4206694,0.082239084,0.93249774
5520,0.32183427,0.03384343,1.0377171
5521,0.26973236,0.018877072,0.7287
5522,0.47662607,0.12747042,0.8169695
5523,0.45619,0.11112668,0.81824845
5524,0.23952809,0.012998876,0.39440003
5525,0.27266183,0.020051178,0.7675
5526,0.2392805,0.013023776,0.35490003
5527,0.4381574,0.09890296,0.8119301
5528,0.35107043,0.047532145,0.88701636
5529,0.3370354,0.041777607,0.8838587
5530,0.24362715,0.014216885,0.4632
5531,0.24972744,0.015325208,0.39370003
5532,0.25230598,0.015868794,0.39480004
5533,0.33813626,0.042394325,0.9311712
5534,0.3873595,0.06723496,0.85052013
5535,0.25901246,0.017625561,0.5167
5536,0.26354113,0.018755928,0.5822
5537,0.53733265,0.20361227,0.69730556
5538,0.42361018,0.09282846,0.7741322
5539,0.4579147,0.12138831,0.7310754
5540,0.36976,0.05987022,0.79861224
5541,0.3522652,0.051275738,0.8014962
5542,0.33243898,0.042538133,0.8078543
5543,0.41561317,0.09038823,0.7087539
5544,0.29157495,0.027840853,0.82917887
5545,0.1627,0.011518197,0.16270001
5546,0.23683617,0.01399088,0.34370002
5547,0.29331952,0.028541835,0.8392476
5548,0.27820292,0.02403819,0.7958
5549,0.397238,0.0783262,0.7724992
5550,0.36917874,0.061656762,0.79008573
5551,0.32202417,0.039270632,0.8291612
5552,0.1941,0.015120966,0.19409999
5553,0.04699999,0.013989512,0.047000036
5554,0.40767017,0.08573061,0.78184223
5555,0.36547187,0.059733596,0.8196205
5556,0.3360291,0.04533501,0.83786607
5557,0.36071172,0.05774189,0.79312277
5558,0.25480187,0.018159011,0.27410004
5559,0.42199382,0.09656448,0.813201
5560,0.29082456,0.027924713,0.4896
5561,0.38604704,0.07212178,0.8256615
5562,0.27716422,0.023914494,0.36669996
5563,0.28120732,0.025124377,0.4184
5564,0.31814763,0.038017526,0.8235
5565,0.28682882,0.02697411,0.5068
5566,0.2683238,0.021635082,0.30640003
5567,0.2769187,0.02406192,0.4087
5568,0.27588508,0.023621872,0.3056
5569,0.28427687,0.026125284,0.4101
5570,0.32191077,0.038823478,0.5505
5571,0.2966171,0.02951869,0.308
5572,0.44616646,0.11551565,0.84038424
5573,0.3914528,0.07481961,0.8731505
5574,0.30280656,0.031790756,0.4332
5575,0.2932008,0.028567012,0.3459
5576,0.1673,0.023345813,0.16730002
5577,0.36292836,0.05730025,0.8538
5578,0.49167857,0.1582318,0.7985033
5579,0.41838107,0.09264349,0.837693
5580,0.38814887,0.072359696,0.8425727
5581,0.40764776,0.085562274,0.79867685
5582,0.31067282,0.034640506,0.4522
5583,0.1766,0.029537022,0.17660001
5584,0.31546935,0.035990436,0.363
5585,0.37524042,0.06441923,0.83773845
5586,0.40721315,0.08503016,0.77737343
5587,0.48625854,0.15457313,0.6911653
5588,0.3716559,0.06332737,0.77062196
5589,0.49374503,0.16359475,0.6746477
5590,0.45965448,0.1296211,0.68211246
5591,0.36935264,0.062761724,0.742272
5592,0.39463606,0.078699835,0.7005873
5593,0.08079999,0.024758177,0.080800004
5594,0.2862,0.044925362,0.2862
5595,0.1146,0.03831708,0.1146
5596,0.40957674,0.08618656,0.77607876
5597,0.3521653,0.05252447,0.3735
5598,0.4802578,0.14929998,0.6198913
5599,0.50064474,0.17333853,0.5710766
5600,0.4613588,0.13331398,0.5663136
5601,0.45107755,0.124828435,0.5489415
5602,0.2468,0.04289399,0.2468
5603,0.43715137,0.11296677,0.5565746
5604,0.49734733,0.1755149,0.49758527
5605,0.542267,0.2364584,0.45864052
5606,0.3107,0.048313543,0.3107
5607,0.3401,0.05092142,0.3401
5608,0.36765832,0.06578887,0.5319203
5609,0.3995403,0.08761159,0.49190247
5610,0.5303522,0.22737975,0.41376474
5611,0.6229956,0.39144906,0.37274966
5612,0.56297463,0.28237078,0.3858843
5613,0.5103483,0.20557913,0.39854348
5614,0.3937716,0.08728011,0.44588548
5615,0.38907292,0.084486686,0.43984172
5616,0.49210966,0.18646282,0.38404173
5617,0.33386466,0.051462613,0.434
5618,0.41331002,0.103044994,0.48429307
5619,0.3506,0.07671345,0.3506
5620,0.346,0.11399659,0.346
5621,0.2043,0.16001932,0.2043
5622,0.6864699,0.6370813,0.6393543
5623,1.0682884,2.4967,0.6512002
5624,0.2616,0.09396036,0.26160005
5625,0.8582144,0.91394943,2.3741784
5626,0.88368815,0.7732973,3.3275933
5627,0.36592492,0.035306852,0.91400003
5628,0.5974818,0.17345807,2.5198
5629,0.34720716,0.02767426,0.78489995
5630,0.6343525,0.20677336,2.699833
5631,0.46600372,0.07407236,1.7971
5632,0.39425725,0.04253717,1.2888
5633,0.35902107,0.031238988,1.0113
5634,0.33314654,0.024372663,0.7591
5635,0.51422524,0.10374844,2.0287
5636,1.1687824,1.5442839,1.3802015
5637,0.9968577,0.93297976,1.5085238
5638,0.7456128,0.36400002,1.6429496
5639,0.3512644,0.02972955,0.8776
5640,0.4869503,0.089392334,1.8209423
5641,0.4679244,0.07901351,1.7517046
5642,1.0966443,1.3182745,1.0996095
5643,1.0218238,1.0601858,1.1240152
5644,0.38386086,0.041611895,1.2801
5645,0.3130432,0.020926282,0.45939997
5646,0.94168395,0.7930348,1.5808086
5647,0.66248286,0.25467712,1.5450844
5648,0.3811451,0.040935896,0.6504
5649,0.82536954,0.5433848,1.1180453
5650,1.0833482,1.3294673,0.87042606
5651,1.1147988,1.4674953,0.80604315
5652,0.9606144,0.9232034,0.835794
5653,0.75006855,0.4163319,0.9090326
5654,1.2969939,2.3821225,0.6594927
5655,0.40534624,0.053806163,1.0742
5656,0.3895664,0.046846885,0.7322
5657,0.34,0.053243227,0.34000006
5658,0.342,0.07271562,0.34199995
5659,0.78486484,0.5141246,1.2468393
5660,1.1894426,2.580021,0.82062167
5661,1.6659399,4.8252,0.6125276
5662,0.6590505,0.4908385,0.9927358
5663,1.2918804,3.7446897,0.654738
5664,1.3154881,3.7551935,0.6115522
5665,0.41299602,0.09121687,1.0288
5666,1.3404934,3.7877817,0.5291041
5667,0.5162514,0.18436244,0.86209893
5668,0.71999013,0.55655605,0.6883681
5669,0.7802488,0.7123651,0.72808915
5670,0.6311592,0.35673687,0.7396273
5671,0.6198249,0.33551937,0.7353978
5672,1.2831829,3.2726252,0.46890333
5673,1.1164672,2.156968,0.5060913
5674,0.5310096,0.1954126,0.7331663
5675,1.5069691,4.8148813,0.41406214
5676,1.6517131,5.723423,0.42736778
5677,1.3411458,3.2982957,0.5302788
5678,1.4145949,3.7180326,0.543898
5679,1.5737653,4.722066,0.5492578
5680,0.9412281,1.0539548,0.7813163
5681,0.6541973,0.32304576,0.9361533
5682,0.69731516,0.40258998,0.8884234
5683,0.67790806,0.36992002,0.8856336
5684,0.5723559,0.21269487,0.94634813
5685,0.61260724,0.26908892,0.89499474
5686,0.94067985,1.0928097,0.7492022
5687,1.5901141,4.8126826,0.5762404
5688,0.770108,0.55000913,0.9151307
5689,0.54203993,0.17308989,1.0740107
5690,0.3658872,0.04688092,1.2675431
5691,0.4648664,0.105023235,1.1032754
5692,1.0784255,1.6482048,0.7101451
5693,1.1268519,1.8761342,0.7069923
5694,1.1225718,1.8454382,0.72512
5695,0.7391497,0.48837334,0.914377
5696,0.729274,0.47130063,0.90763855
5697,0.3928787,0.06053842,1.2121615
5698,0.8655244,0.8262683,0.8703096
5699,0.8807004,0.87798554,0.8588755
5700,0.7844268,0.6064721,0.90733755
5701,1.0335494,1.4681891,0.7821074
5702,1.094289,1.7440817,0.7698112
5703,0.534801,0.17087317,1.1208471
5704,0.89624995,0.9406442,0.84789807
5705,1.7126849,5.600408,0.66025144
5706,0.941466,1.0357345,1.0031968
5707,0.5006767,0.13009387,1.3650589
5708,1.4351188,3.5792317,0.7821196
5709,0.54180306,0.1660221,1.3532648
5710,0.49215308,0.121446416,1.3760903
5711,0.62027663,0.26251155,1.2746879
5712,0.4062041,0.064332604,1.522841
5713,0.3414513,0.03621367,1.5699
5714,0.42031467,0.073073976,1.3847669
5715,0.320109,0.029481905,1.3465
5716,1.5584857,4.4147997,0.69232076
5717,1.451554,3.592357,0.8007797
5718,1.542949,4.0911865,0.82502675
5719,1.410854,3.1754925,0.9278784
5720,1.3361937,2.694705,0.99974996
5721,1.3540187,2.7613208,1.0268354
5722,1.1352862,1.6398948,1.1608094
5723,1.0503652,1.2928066,1.2117033
5724,1.2186228,2.0294929,1.1188283
5725,1.1128054,1.5423871,1.1872885
5726,1.0476412,1.2818339,1.2384964
5727,0.4084309,0.05793315,1.9416599
5728,0.73673195,0.41804835,1.4085017
5729,0.604729,0.2197571,1.5031047
5730,0.38594428,0.048733264,1.995498
5731,0.37678716,0.045220293,1.9565988
5732,0.3849296,0.0488164,1.8875535
5733,0.46155667,0.09029331,1.6698897
5734,0.461842,0.08978616,1.8046507
5735,0.35230342,0.03649297,1.8286
5736,0.29713297,0.020638693,1.2104
5737,0.24774304,0.011241385,0.59200007
5738,0.261712,0.013369134,0.6197
5739,0.26103973,0.013144294,0.5065
5740,0.30840805,0.022391602,0.7308001
5741,1.1811664,1.788219,1.8497118
5742,2.0448678,6.5115,1.2277311
5743,1.347204,2.4373724,1.5649655
5744,0.8751799,0.62839246,1.8724599
5745,0.4295952,0.058580555,1.5214
5746,0.3898365,0.041682296,0.96350014
5747,1.943813,5.7761,1.5033761
5748,1.9254652,5.7033486,1.3544511
5749,1.8139108,4.84205,1.2943938
5750,1.5285501,3.047165,1.386463
5751,1.4068627,2.3910487,1.3788717
5752,1.4743464,2.715547,1.3518423
5753,0.8001069,0.3958036,1.7818024
5754,1.3881936,2.2841346,1.3693163
5755,2.0700643,6.1922035,1.0695308
5756,1.1776472,1.323508,1.5304899
5757,0.63355255,0.17521803,1.9935195
5758,0.5176413,0.08927985,1.9503
5759,0.5515178,0.11164216,2.0603545
5760,0.54904217,0.111750476,1.8856955
5761,0.3460521,0.024138872,0.6644
5762,0.53122824,0.099612795,1.64
5763,1.2145202,1.5201323,1.3511143
5764,0.9217836,0.64440936,1.3129961
5765,1.1935308,1.5080801,1.0043576
5766,1.0684247,1.0798953,0.97099125
5767,0.7894159,0.4091113,1.0534669
5768,1.7177248,4.3978825,0.6544299
5769,1.4026737,2.5000012,0.7524618
5770,1.287403,1.9372134,0.7882489
5771,1.5731184,3.4163065,0.7500979
5772,1.0298473,0.94567454,0.9884497
5773,0.9748051,0.8016632,0.98912686
5774,1.204966,1.5835928,0.8858648
5775,1.5498075,3.3077023,0.76642555
5776,1.7080204,4.205489,0.74259067
5777,1.1981844,1.5039673,0.970559
5778,1.341918,2.130043,0.91195893
5779,1.5407118,3.153467,0.8475218
5780,1.4809045,2.7943032,0.89830595
5781,0.8424485,0.4777575,1.2194729
5782,1.5875658,3.3924417,0.85633886
5783,1.4333378,2.5240223,0.94384545
5784,1.1354787,1.2459928,1.084024
5785,1.1441427,1.2715758,1.1872119
5786,1.6015663,3.4238417,0.98928934
5787,1.3015771,1.8745034,1.1385443
5788,0.40339887,0.040127885,1.3661
5789,0.73124963,0.29715055,1.4540193
5790,0.821367,0.4402566,1.3955793
5791,1.6391906,3.6877527,0.946457
5792,1.1611501,1.3390337,1.1880744
5793,1.1483605,1.3016962,1.1915123
5794,1.1156579,1.1981063,1.1938295
5795,0.7720387,0.36077726,1.5559599
5796,0.58204573,0.14270481,1.6992773
5797,0.54053915,0.11283,1.6825787
5798,1.0698204,1.0878398,1.1408192
5799,1.1810193,1.4957241,1.0680528
5800,1.6723657,4.0104594,0.89154196
5801,1.1109773,1.2134761,1.164701
5802,0.605473,0.16654666,1.5886003
5803,1.0790055,1.1273338,1.1424834
5804,1.0322126,0.9863931,1.1688344
5805,0.80143726,0.43736508,1.3042426
5806,0.651993,0.22042094,1.5470918
5807,0.5601837,0.13453859,1.591492
5808,0.78168666,0.4138076,1.2906275
5809,0.65785664,0.23652202,1.3596671
5810,0.70750827,0.30543545,1.266277
5811,0.8877578,0.6540984,1.0961565
5812,0.6156865,0.19712678,1.2899914
5813,0.7886766,0.45468587,1.1035883
5814,0.5688652,0.15536137,1.2650462
5815,0.5752782,0.1613661,1.329439
5816,0.8214569,0.53294665,1.0804241
5817,1.1481309,1.5687953,0.8979803
5818,1.0129714,1.0637404,0.9628921
5819,0.81729704,0.5354559,1.0650691
5820,0.867928,0.65795815,1.0287644
5821,0.50726265,0.11187014,1.3164325
5822,0.4472672,0.07399814,1.3796773
5823,0.3121581,0.02232868,0.7965
5824,0.3366528,0.028838145,0.99799997
5825,0.39019534,0.047632154,1.4248251
5826,0.46195883,0.083562315,1.3827491
5827,0.83147156,0.59521437,1.0081519
5828,1.2222748,2.0211475,0.8132768
5829,1.2865248,2.3385923,0.80658054
5830,0.99549586,1.0625384,0.94250053
5831,0.95480293,0.9361543,0.9565222
5832,0.98275924,1.033969,0.93450207
5833,0.5176506,0.125906,1.2750498
5834,0.5903787,0.19733416,1.1628218
5835,0.960689,0.9877649,0.88643014
5836,0.89099866,0.7811347,0.916184
5837,1.1284574,1.6554189,0.8055145
5838,0.9187304,0.86953497,0.9052674
5839,0.9795256,1.0748042,0.8702497
5840,0.5453095,0.157933,1.1611629
5841,1.1140553,1.6279882,0.7899977
5842,0.6183157,0.24294111,1.0737408
5843,0.3721467,0.04488419,1.3594081
5844,0.2744493,0.016288502,0.7224
5845,0.5961745,0.21698485,1.1378709
5846,0.91202825,0.8867294,0.8966967
5847,0.85091335,0.7138889,0.9228046
5848,0.7117665,0.40113214,0.9979021
5849,0.3595748,0.041472413,1.3659205
5850,0.38600075,0.052990355,1.2749119
5851,0.7731769,0.5400194,0.8809816
5852,0.840509,0.7156609,0.8338839
5853,0.7819163,0.57042825,0.85767263
5854,0.8807401,0.8467193,0.79862744
5855,0.4475583,0.09083796,1.1115803
5856,0.98646784,1.2319529,0.7295272
5857,0.81840265,0.6812311,0.80677605
5858,0.6950382,0.40239805,0.86832416
5859,0.6967641,0.40989566,0.8536168
5860,0.65087855,0.33061522,0.8695913
5861,0.5380985,0.17741314,0.9387566
5862,0.58841765,0.24147464,0.8780614
5863,0.50321114,0.14483792,0.9299546
5864,0.5191114,0.16233246,0.894777
5865,0.53034425,0.17615414,0.866161
5866,0.50392497,0.15006962,0.8698954
5867,0.43479428,0.0925642,0.91538614
5868,0.63223207,0.32556424,0.742712
5869,0.56955975,0.23260795,0.77111036
5870,0.2791327,0.021657677,1.0751321
5871,0.35140827,0.047116283,0.9327369
5872,0.4374446,0.09874079,0.8237296
5873,0.35681328,0.05041171,0.8909307
5874,0.34805283,0.046776306,0.8800486
5875,0.40733773,0.07983817,0.79512167
5876,0.2185441,0.010042679,0.5157
5877,0.1386,0.0104534635,0.1386
5878,0.24154735,0.01349032,0.29119998
5879,0.30525777,0.029531624,1.0443
5880,0.64978987,0.36926764,0.7989065
5881,0.5702063,0.24118531,0.842431
5882,0.46351674,0.12177538,0.9184098
5883,0.28097424,0.022982707,0.8597001
5884,0.33237165,0.040470865,1.0372344
5885,0.3424704,0.04498123,0.9965741
5886,0.24045375,0.013787169,0.32510003
5887,0.2048,0.04134676,0.2048
5888,0.36375445,0.049566936,0.4371
5889,0.937526,1.1189151,1.0137017
5890,0.5153346,0.15942417,1.1409606
5891,0.38120204,0.059296682,0.5375
5892,0.51380634,0.16312969,0.8339527
5893,0.6181783,0.30641234,0.68347955
5894,0.45599672,0.11261603,0.7363238
5895,0.39944425,0.07318217,0.73566216
5896,0.43689075,0.09587503,0.5909
5897,0.68217325,0.44057262,0.5822837
5898,0.67036843,0.43007842,0.49497572
5899,0.515205,0.18408261,0.49611792
5900,0.40893233,0.08691004,0.5026719
5901,0.45602128,0.12725501,0.43875065
5902,0.62239426,0.3639428,0.35215434
5903,0.52434343,0.20903939,0.3666453
5904,0.46209073,0.13907468,0.3746632
5905,0.46554306,0.14441246,0.35949332
5906,0.46925727,0.15012513,0.34654954
5907,0.46023965,0.1423837,0.340106
5908,0.2024,0.05413436,0.2024
5909,0.08770002,0.052183896,0.08770001
5910,0.54468614,0.25177288,0.31514323
5911,0.45424628,0.13938722,0.33263206
5912,0.42666313,0.11346341,0.3536101
5913,0.24099998,0.12190725,0.241
5914,0.3541,0.13717593,0.3541
5915,0.2424,0.16229627,0.2424
5916,0.77790266,0.96677685,0.2682611
5917,0.05380001,0.053799994,0.053799998
5918,0.006199989,0.006199997,0.006199994
5919,0.08600002,0.086,0.085999995
5920,0.098299995,0.0983,0.098299995
5921,0.3621,0.3621,0.28672886
5922,0.69343525,1.2274455,0.30402917
5923,0.483326,0.31912526,0.46893245
5924,0.44342145,0.21118782,0.5086659
5925,0.4801092,0.25881034,0.46967486
5926,0.58839023,0.48941118,0.4103497
5927,0.40718454,0.14108382,0.48412278
5928,0.42328325,0.1577665,0.46576187
5929,0.41686714,0.14792602,0.4631851
5930,0.31987318,0.060449604,0.4545
5931,0.3995818,0.12481715,0.48731604
5932,0.41974902,0.14566983,0.4680597
5933,0.4511162,0.1837742,0.44635078
5934,0.3036779,0.048753284,0.3122
5935,0.3369947,0.067764916,0.5281
5936,0.42142758,0.14180037,0.47995368
5937,0.4506634,0.17637666,0.4566794
5938,0.36932793,0.09043888,0.4982408
5939,0.2342,0.045182545,0.2342
5940,0.3734,0.13776073,0.3734
5941,0.41696694,0.13222265,0.49380004
5942,0.52619314,0.2904212,0.5574493
5943,0.3365,0.08717273,0.3365
5944,0.44409087,0.1641501,0.48902017
5945,0.39172727,0.108858556,0.45702815
5946,0.40483567,0.12231732,0.40698516
5947,0.4365423,0.15830062,0.3641174
5948,0.40641207,0.12550767,0.357165
5949,0.46951318,0.20296173,0.3310556
5950,0.4840044,0.22408204,0.33018768
5951,0.49729678,0.2476412,0.30326536
5952,0.2411,0.07683496,0.24110001
5953,0.09489999,0.0949,0.09489999
5954,0.1978,0.14367916,0.1978
5955,0.45160714,0.1991375,0.293639
5956,0.4134,0.16273619,0.2552989
5957,0.0698,0.0698,0.069800004
5958,0.41999352,0.1702841,0.20374434
5959,0.42654487,0.18301833,0.18348992
5960,0.42553836,0.18463324,0.17082268
5961,0.2286,0.17536859,0.19719462
5962,0.8862894,2.0239925,0.11657273
5963,0.697103,0.9745446,0.1199247
5964,0.86072934,1.9157183,0.09938963
5965,0.7256542,1.1296297,0.105089806
5966,0.7403717,1.2120689,0.100904875
5967,0.6345604,0.74299645,0.10738849
5968,0.49586523,0.3337104,0.11943587
5969,0.41173455,0.18190071,0.12827222
5970,0.45139056,0.24921694,0.11981861
5971,0.78296006,1.4948207,0.09042068
5972,0.6571293,0.85592675,0.10007786
5973,0.42428157,0.20414345,0.12496594
5974,0.6210446,0.71997666,0.10245522
5975,0.674668,0.943376,0.098326236
5976,0.7134024,1.127671,0.09637284
5977,0.76815104,1.4198151,0.09417343
5978,0.91853607,2.4230716,0.08795931
5979,0.40169948,0.16767165,0.14055698
5980,0.37726054,0.13679142,0.14449291
5981,0.3641042,0.12193002,0.14833632
5982,0.49325255,0.3358287,0.1266991
5983,0.3782814,0.13978346,0.1451465
5984,0.925315,2.4700341,0.09544462
5985,0.61637753,0.6854179,0.12352904
5986,0.387659,0.14775074,0.16362809
5987,0.43552858,0.21406554,0.17585184
5988,0.5120935,0.3679132,0.15823387
5989,0.83751684,1.7814353,0.124423586
5990,0.48946217,0.31455567,0.1627469
5991,0.5865582,0.5739989,0.14441288
5992,0.7114377,1.0680798,0.13388695
5993,0.38011682,0.13639344,0.18182915
5994,0.37948853,0.13634527,0.17802684
5995,0.22409998,0.1063852,0.1842711
5996,0.3246,0.122706026,0.18160939
5997,0.39540362,0.15712032,0.16995582
5998,0.8853314,2.125076,0.111444786
5999,0.7802403,1.4268146,0.121890225
6000,0.45083198,0.23908417,0.16318356
6001,0.4231722,0.194664,0.16659693
6002,0.45091656,0.2413796,0.16009875
6003,0.38955876,0.14865997,0.17415729
6004,0.40741503,0.17326003,0.16868457
6005,1.1571914,4.2409,0.098258875
6006,0.6840943,0.91207725,0.1409116
6007,0.39299884,0.1471682,0.188921
6008,0.5413743,0.42319897,0.16985583
6009,1.0279497,3.115391,0.122082636
6010,0.8646782,1.8341446,0.14216651
6011,0.9457128,2.3643079,0.14063948
6012,0.680192,0.837625,0.1748461
6013,0.40760392,0.15503243,0.22956641
6014,0.95552725,2.3932085,0.14871956
6015,0.44129643,0.19821025,0.23214519
6016,1.1023668,3.5097373,0.1457579
6017,0.97626084,2.4249012,0.16826394
6018,1.0430589,2.8731365,0.17185567
6019,0.675521,0.73787165,0.23750159
6020,1.1513909,3.6540318,0.183353
6021,0.95716405,2.106804,0.21953492
6022,0.79293334,1.1660242,0.25344005
6023,0.4821782,0.22921696,0.33393368
6024,0.29554835,0.04472936,0.43797097
6025,1.3311142,4.6611,0.29428762
6026,1.1623456,3.2820137,0.32213473
6027,0.8694752,1.3508499,0.38090366
6028,0.51753867,0.24776535,0.48990512
6029,0.34050718,0.06134169,0.5211
6030,0.43640184,0.13988298,0.51718116
6031,0.44624034,0.14869921,0.54742414
6032,1.4457527,5.0717,0.28360903
6033,0.93991166,1.5965005,0.3814051
6034,0.5698845,0.31519338,0.49321297
6035,0.5418218,0.26707485,0.4994787
6036,0.47136036,0.1665353,0.56918424
6037,1.7676784,5.4579,0.3350581
6038,1.637395,5.3405,0.3443217
6039,1.5403205,5.2551,0.36689892
6040,1.4043598,4.2400594,0.40967384
6041,0.45853907,0.12303502,0.7622259
6042,0.7182256,0.54884434,0.58736
6043,1.4351248,4.370522,0.40468466
6044,1.6299696,5.684105,0.4094389
6045,2.043279,6.6576,0.40712982
6046,1.3194098,3.0736969,0.58732724
6047,0.6858447,0.39446777,0.8604021
6048,0.3730162,0.05204941,1.153067
6049,0.42613932,0.08138098,1.0820985
6050,0.77215797,0.5904378,0.78622466
6051,0.8446456,0.79542494,0.743817
6052,0.5237894,0.15664811,1.3623637
6053,1.070647,1.5984539,0.94276875
6054,1.2604237,2.6256595,0.7367045
6055,0.743223,0.4992062,0.8774602
6056,1.8523209,5.7961,0.5031034
6057,0.72286606,0.4397883,0.8474689
6058,1.7493131,5.7611,0.50835824
6059,1.7501583,5.639291,0.5525312
6060,1.9404845,6.3336,0.5740837
6061,1.6592916,4.6051273,0.69905084
6062,2.3464894,7.1992,0.6291231
6063,1.8977885,5.756218,0.80977905
6064,1.1651963,1.5194404,1.1527377
6065,1.9265611,5.7336164,0.8899339
6066,1.785305,4.6919956,1.02607
6067,1.7546082,4.3871255,1.1158257
6068,1.0296221,0.92500436,1.5915581
6069,1.2498622,1.7097105,1.407422
6070,1.7833135,4.4804053,1.1718553
6071,1.525065,2.9494228,1.3550284
6072,1.4268509,2.427729,1.4531251
6073,1.8603619,4.7439556,1.283745
6074,1.2244333,1.4944557,1.6947101
6075,1.5174744,2.8007252,1.4962863
6076,1.335945,1.9383243,1.6219791
6077,0.55313176,0.11132206,2.4635806
6078,0.57687336,0.13018441,2.2555668
6079,0.90372086,0.5876067,1.7081879
6080,0.70845354,0.2670318,1.8485609
6081,1.0877587,1.0986527,1.4275366
6082,1.754486,4.229712,1.0999582
6083,0.5382344,0.10666251,2.0867608
6084,0.29805315,0.014893703,1.8102999
6085,0.36102754,0.027384708,1.8179
6086,0.4229281,0.046963092,2.3334
6087,0.77426094,0.35611916,2.090298
6088,0.7862569,0.38012338,1.9761403
6089,0.57394874,0.13482042,2.2103875
6090,0.73125863,0.30503055,1.9465467
6091,0.5932181,0.15394644,2.0470638
6092,1.0761122,1.1035174,1.4681885
6093,0.62300485,0.1851844,1.8936571
6094,0.70765257,0.28704372,1.7040653
6095,0.79037595,0.42014492,1.5460917
6096,0.47836775,0.07968649,1.9076363
6097,0.5801708,0.15373984,1.6725692
6098,0.57969683,0.1553346,1.6069442
6099,0.7518614,0.3745302,1.3553796
6100,1.6641469,4.1466684,0.8808245
6101,1.4573287,2.8863971,1.0081948
6102,0.9275202,0.7271346,1.3079122
6103,1.0574516,1.1186883,1.1969434
6104,0.72063076,0.32446897,1.4288443
6105,0.5489468,0.13051292,1.7814802
6106,2.167565,7.025972,0.8539979
6107,1.9058485,5.3149667,1.0449432
6108,0.96696705,0.7738136,1.6050146
6109,0.6270269,0.18763618,1.9241446
6110,0.86758685,0.5583898,1.5738367
6111,0.897542,0.629328,1.5585071
6112,0.5543866,0.1289683,1.9032848
6113,0.49070406,0.086879805,1.9183131
6114,0.3968914,0.043020267,2.0797424
6115,0.9555127,0.8072657,1.2833018
6116,1.2303358,1.7923979,1.1074113
6117,1.276322,1.9999394,1.0937505
6118,1.2232654,1.7624372,1.1356014
6119,0.95819885,0.8270089,1.2880267
6120,1.3571591,2.4092605,1.0594519
6121,0.61052704,0.18871951,1.6045939
6122,1.2425704,1.8831067,1.0820537
6123,1.3369652,2.326276,1.0515193
6124,1.2887676,2.0862637,1.0920544
6125,1.0640304,1.1670594,1.2472522
6126,0.6409372,0.22570136,1.5786637
6127,0.65665716,0.24777953,1.5211176
6128,0.8328907,0.5458696,1.4063125
6129,1.331313,2.3597255,1.0801277
6130,1.0002663,0.99289197,1.2709377
6131,0.76739275,0.42505938,1.4236627
6132,1.0654608,1.2351465,1.1940833
6133,1.4873185,3.235677,1.0048372
6134,2.0983825,6.588398,0.8767749
6135,1.6400607,3.8728776,1.1259526
6136,0.8636621,0.57868123,1.6320419
6137,1.170172,1.5300604,1.3545727
6138,1.0348558,1.0517678,1.4501832
6139,0.90579253,0.6950892,1.5154817
6140,0.70460147,0.30911747,1.6613104
6141,0.52415645,0.11688597,1.8425512
6142,0.5871453,0.17220469,1.7388117
6143,0.4091253,0.052098144,1.9688308
6144,0.35570472,0.032997258,1.9917902
6145,0.8396509,0.5812282,1.2987761
6146,1.0655307,1.2565861,1.1243336
6147,0.8184554,0.54600805,1.2735835
6148,0.43585885,0.066394,1.9837279
6149,0.38675725,0.04420204,2.255775
6150,0.6371941,0.23643497,1.7382425
6151,0.7442884,0.40113196,1.5435147
6152,1.404175,2.8720486,1.1022872
6153,1.414274,2.8936105,1.13409
6154,1.5937568,3.8724482,1.1012452
6155,1.9897491,6.0364065,1.0372081
6156,1.3702514,2.453877,1.3940933
6157,1.6096829,3.7050142,1.3035411
6158,1.5631572,3.3870902,1.3817579
6159,0.7084029,0.29719728,2.104133
6160,0.69164497,0.27876994,2.0209773
6161,0.4637071,0.07430539,2.3281481
6162,0.39762872,0.044573527,2.5016878
6163,1.0568255,1.1395154,1.46055
6164,1.0113974,0.9992884,1.4960709
6165,0.9762561,0.9027715,1.4869337
6166,0.7175391,0.33475268,1.6958189
6167,0.4184862,0.056051288,2.1009324
6168,0.46037078,0.07812226,1.9032006
6169,0.5763184,0.16802408,1.6189783
6170,0.44266313,0.0704512,1.7579032
6171,0.2421386,0.009434213,1.7946
6172,0.3893278,0.046637297,1.7314963
6173,0.78931594,0.49758697,1.1792076
6174,0.76456773,0.45446458,1.1671383
6175,0.35137373,0.03440552,1.6551415
6176,0.6285974,0.24345571,1.2029039
6177,0.5561881,0.16419202,1.2372456
6178,0.6355276,0.25968054,1.1196603
6179,0.64533937,0.27712664,1.0790659
6180,0.7022504,0.37153062,1.0112491
6181,0.7500958,0.46780118,0.95611024
6182,0.35464734,0.03898791,1.3502091
6183,0.43025878,0.074023046,1.3331172
6184,0.2901689,0.020019937,1.5491111
6185,0.2853451,0.019101858,1.4956897
6186,0.38614994,0.053114705,1.2375195
6187,0.45856237,0.09494416,1.1454611
6188,0.62961894,0.27634546,0.9625567
6189,0.6575736,0.32124025,0.9640927
6190,0.71629643,0.43154457,0.9031133
6191,0.4609748,0.10081726,1.1019012
6192,0.328926,0.03183539,1.586302
6193,0.40663135,0.06533895,1.3726857
6194,0.47489798,0.11085205,1.2367624
6195,0.5852573,0.22524369,1.0798149
6196,0.84617865,0.7653954,0.87569785
6197,0.87529546,0.8605564,0.8529975
6198,0.9339976,1.0653096,0.8202871
6199,0.6893812,0.40169185,0.95340747
6200,0.746653,0.5279355,0.8985228
6201,0.55633754,0.20172963,1.0232226
6202,0.4966671,0.1397643,1.0539485
6203,0.20580757,0.0074182004,0.9862
6204,0.6475643,0.34355617,0.8747146
6205,0.59112704,0.25690123,0.8978979
6206,0.7011441,0.4567893,0.80750036
6207,0.6977636,0.45451254,0.79775006
6208,0.20664363,0.007916544,1.1042
6209,0.28649884,0.023509806,1.2564361
6210,0.39123243,0.067239396,1.0423326
6211,0.69030553,0.4495807,0.7652874
6212,0.5949135,0.2780858,0.81308925
6213,0.74199665,0.5815993,0.7151156
6214,0.31156993,0.032703634,1.0897872
6215,0.234234,0.012655652,1.2410364
6216,0.30592456,0.030366082,1.2384058
6217,0.60767835,0.30278647,0.85605925
6218,0.46198872,0.12274132,0.9626689
6219,0.45680556,0.11933525,0.94453126
6220,0.39220873,0.07234829,0.9933705
6221,0.38541403,0.06884101,0.97558516
6222,0.3425897,0.046820737,1.0064788
6223,0.34379736,0.04775381,0.9783316
6224,0.3963912,0.07713451,0.91869646
6225,0.5593378,0.24562097,0.75660306
6226,0.596505,0.30711073,0.7208862
6227,0.46737367,0.13772674,0.8020584
6228,0.24578233,0.015908757,1.2048
6229,0.52655196,0.20224054,0.8649563
6230,0.6070858,0.32710052,0.79170334
6231,0.35357076,0.054334946,1.0189819
6232,0.46628138,0.1379793,0.8673117
6233,0.3437448,0.05018124,0.98717266
6234,0.37043777,0.06487931,0.9281086
6235,0.41632754,0.09658026,0.856177
6236,0.22464246,0.012367726,0.9265
6237,0.31860542,0.03995161,0.9327891
6238,0.58301014,0.3020856,0.6779542
6239,0.22273451,0.012257154,0.9376
6240,0.23159273,0.014026993,1.027705
6241,0.18892376,0.0071434076,0.4319
6242,0.33451477,0.047932208,0.87700087
6243,0.38241118,0.075478464,0.8045176
6244,0.29810727,0.03305781,0.89085835
6245,0.203398,0.009271724,0.5995
6246,0.20237036,0.009148835,0.5917
6247,0.39827937,0.08806575,0.74519986
6248,0.36551625,0.06659522,0.7641835
6249,0.35539556,0.06107523,0.75995696
6250,0.31896988,0.04233418,0.8505129
6251,0.43048006,0.11605086,0.7185988
6252,0.38899228,0.0833371,0.743278
6253,0.32914412,0.048004124,0.79277
6254,0.28912812,0.031313747,0.8281361
6255,0.20571372,0.010098767,0.5786
6256,0.20312363,0.009687948,0.5142
6257,0.23671041,0.016113866,0.9172532
6258,0.1773,0.007858632,0.1773
6259,0.26584435,0.023271777,0.9995785
6260,0.46023467,0.145387,0.7717133
6261,0.41091102,0.1000449,0.8054345
6262,0.29305562,0.03245476,0.93613154
6263,0.2485799,0.01877645,0.8022
6264,0.27653173,0.026862945,0.9275049
6265,0.25989842,0.02190113,0.9360025
6266,0.28695968,0.030590797,0.8726248
6267,0.21378325,0.01148442,0.36969998
6268,0.32229042,0.045343604,0.8036259
6269,0.31245896,0.041075055,0.80111134
6270,0.34154576,0.05557732,0.7527658
6271,0.31786644,0.043940302,0.76659197
6272,0.30118603,0.03680962,0.78275293
6273,0.31547153,0.043109592,0.75946814
6274,0.3785975,0.07927927,0.70781475
6275,0.32163855,0.04621282,0.75566363
6276,0.3032633,0.03813061,0.7658837
6277,0.37109837,0.07522705,0.68137634
6278,0.36783573,0.073457256,0.67439574
6279,0.27233538,0.027041987,0.77047646
6280,0.28167334,0.03038698,0.74540156
6281,0.27345833,0.027648525,0.7430155
6282,0.31240997,0.04334636,0.6836293
6283,0.21247153,0.012017505,0.4337
6284,0.21171506,0.011905381,0.4287
6285,0.22966355,0.015665378,0.6968
6286,0.21856552,0.013326881,0.5485
6287,0.19573486,0.0092520695,0.206
6288,0.21369964,0.012430683,0.4935
6289,0.19833323,0.009718223,0.261
6290,0.20914768,0.011599373,0.40480003
6291,0.30513805,0.041088246,0.6458594
6292,0.19994189,0.010063093,0.28150004
6293,0.061900005,0.010434102,0.061899975
6294,0.2021,0.011971195,0.2021
6295,0.10580001,0.010845164,0.10580001
6296,0.1239,0.012395485,0.12389997
6297,0.27934468,0.029012289,0.7719
6298,0.33928788,0.055282094,0.8543721
6299,0.36342,0.06950747,0.8155734
6300,0.31123656,0.041401498,0.86953294
6301,0.2686603,0.025313845,0.6713
6302,0.3346288,0.052687924,0.8194452
6303,0.28582346,0.031134536,0.8730356
6304,0.2330202,0.015739761,0.2588
6305,0.1464,0.014413185,0.14639997
6306,0.25575835,0.021278713,0.532
6307,0.36222014,0.06804358,0.78641945
6308,0.30221185,0.0372074,0.84815955
6309,0.36354718,0.06910539,0.7623259
6310,0.231453,0.015318815,0.27190003
6311,0.142,0.017379407,0.14199996
6312,0.26487482,0.023248682,0.4178
6313,0.27591595,0.026486797,0.546
6314,0.32060617,0.043555636,0.9579205
6315,0.34532976,0.055722095,0.90930057
6316,0.25635317,0.020562217,0.3596
6317,0.07379999,0.017249381,0.07380001
6318,0.009299995,0.0093,0.009300033
6319,0.167,0.027879322,0.16700004
6320,0.42793968,0.10352996,1.1300653
6321,0.43478864,0.10816698,1.0615487
6322,0.3195219,0.038397644,0.5478
6323,0.3940816,0.076819815,1.0565537
6324,0.34715772,0.05013856,0.836
6325,0.32805997,0.041386884,0.673
6326,0.4395211,0.10764279,1.0540494
6327,0.46621755,0.13096283,0.95256853
6328,0.3360689,0.043890763,0.5681
6329,0.1389,0.030569093,0.1389
6330,0.33615926,0.04290424,0.3716
6331,0.36351883,0.05585528,0.6507
6332,0.4156295,0.08777096,0.8745211
6333,0.6945162,0.48063365,0.7019972
6334,0.49064764,0.15298232,0.7685376
6335,0.65467966,0.402532,0.62033916
6336,0.6529777,0.40246427,0.5919708
6337,0.6761529,0.45517516,0.5599545
6338,0.35295483,0.05259926,0.6009
6339,0.48996556,0.15836622,0.61700696
6340,0.38016266,0.06836545,0.67927516
6341,0.34026083,0.047495566,0.5427
6342,0.54591113,0.22994307,0.5659734
6343,0.61432636,0.3431293,0.51802975
6344,0.7262826,0.59996814,0.46574
6345,0.49203256,0.16640359,0.55907154
6346,0.57277066,0.27805346,0.5068499
6347,0.49972296,0.17795365,0.5336102
6348,0.34360242,0.051292535,0.6310325
6349,0.36054704,0.059038054,0.4742
6350,0.60703206,0.33794004,0.5246149
6351,0.43064532,0.10875157,0.5931718
6352,0.59349054,0.31923142,0.4828146
6353,0.46051484,0.13843253,0.53057444
6354,0.6654237,0.4702726,0.44971836
6355,0.41449457,0.0978918,0.56753916
6356,0.5744278,0.29307118,0.45892406
6357,0.813858,0.92525566,0.37173402
6358,0.6394952,0.42370743,0.41436458
6359,0.39516997,0.08608474,0.51605743
6360,0.6201093,0.38116175,0.45971468
6361,0.84324867,1.0485477,0.36852795
6362,0.44265398,0.12636356,0.49270505
6363,0.3852647,0.08017271,0.50674766
6364,0.8904684,1.2654085,0.33275586
6365,0.9530368,1.5666221,0.31471235
6366,0.68630904,0.547829,0.37021947
6367,0.52065194,0.2215483,0.41601932
6368,0.8713414,1.2001132,0.31468013
6369,0.55133265,0.26977247,0.40342632
6370,0.421395,0.11081932,0.45910877
6371,1.0700499,2.2470088,0.3081233
6372,0.49476793,0.18639107,0.45223463
6373,0.71055967,0.61822027,0.38023883
6374,0.51204264,0.21150902,0.42761168
6375,0.8245593,1.019143,0.32115114
6376,0.7199411,0.660804,0.33813912
6377,0.6173261,0.4018896,0.35839763
6378,1.5283059,5.1906,0.22565827
6379,1.3424069,4.1187563,0.2653427
6380,0.9621491,1.5470687,0.33909947
6381,1.0711664,2.1324856,0.3260158
6382,0.81851935,0.9179502,0.38602096
6383,0.48357716,0.16294105,0.50473434
6384,1.4650704,4.907865,0.30106091
6385,1.2761601,3.3217654,0.36888295
6386,1.0889226,2.0684316,0.42363966
6387,1.2678808,3.162935,0.40278602
6388,1.3316019,3.5337968,0.41541645
6389,1.0249007,1.6261978,0.5076669
6390,1.3401686,3.4939895,0.45164287
6391,1.1551265,2.2558646,0.52111274
6392,0.6493067,0.35940015,0.7225895
6393,0.9464518,1.2279311,0.59066606
6394,0.6417977,0.34876803,0.72603095
6395,0.35897496,0.050402403,0.9777187
6396,0.5008699,0.15354596,0.84135836
6397,0.8981066,1.0528644,0.61631507
6398,0.4119601,0.080610216,0.9142364
6399,0.75725627,0.612481,0.66079694
6400,0.4262619,0.091468975,0.8753369
6401,0.6149843,0.31230885,0.71883297
6402,1.5488455,4.9791584,0.45730844
6403,1.164983,2.2723637,0.5878624
6404,0.9532632,1.2248131,0.6754375
6405,1.4593369,4.123721,0.5491257
6406,1.3524851,3.297884,0.61981887
6407,0.6683444,0.36583513,0.93872297
6408,0.5225594,0.16277204,1.0422447
6409,0.27972925,0.020263193,0.8371
6410,0.47694936,0.12111803,1.0645533
6411,0.77840245,0.6191916,0.81574315
6412,0.45528433,0.105272226,1.0549808
6413,0.36727926,0.05169702,1.143911
6414,0.32573754,0.034759037,1.1946148
6415,0.45704067,0.10864123,0.98187023
6416,0.34236217,0.04151102,1.1310513
6417,0.38259053,0.06040953,1.0628601
6418,0.6489718,0.35450822,0.7995022
6419,1.3607852,3.4790242,0.54260844
6420,0.74229634,0.5410965,0.796662
6421,0.62082344,0.30258244,0.86271656
6422,0.93274766,1.1461632,0.6925255
6423,0.6929823,0.44021526,0.80972916
6424,0.8854349,0.9824813,0.7078743
6425,0.7717857,0.6335116,0.766268
6426,1.2939737,3.0601032,0.5862534
6427,1.2418076,2.685866,0.6327669
6428,1.1413472,2.0832438,0.69093555
6429,1.0588312,1.6552207,0.7388739
6430,1.0474553,1.5978171,0.75610787
6431,1.1774586,2.2515483,0.72381425
6432,0.58270246,0.23826952,1.0614241
6433,0.74765736,0.5480214,0.91620344
6434,1.1615926,2.1799262,0.7246034
6435,0.5955929,0.25887263,1.0419935
6436,0.85485154,0.85366106,0.8509831
6437,0.44039986,0.09612096,1.1744454
6438,0.3790983,0.058739927,1.2250675
6439,0.361347,0.050418995,1.2188765
6440,0.53490794,0.18875341,0.9739172
6441,0.74133873,0.56087327,0.8093525
6442,0.9469246,1.2345029,0.71565944
6443,0.72047734,0.51609004,0.8274166
6444,0.45958665,0.117179565,1.0203964
6445,0.561488,0.23072875,0.90240717
6446,0.59162873,0.27733442,0.8613904
6447,0.33087164,0.04021354,1.1238049
6448,0.67518634,0.43640134,0.77267605
6449,0.8904356,1.0751382,0.6641876
6450,0.8330154,0.8741405,0.69024885
6451,1.7763499,6.407993,0.4676408
6452,1.0765964,1.8222607,0.6933423
6453,1.1145457,2.0089262,0.6955561
6454,0.9476267,1.2275373,0.77413946
6455,0.6537007,0.3729458,0.935939
6456,1.0194757,1.5515107,0.74555033
6457,1.3733542,3.5387683,0.6487516
6458,1.3968915,3.6127644,0.68412143
6459,1.1677706,2.1990125,0.7993144
6460,0.41946697,0.08077244,1.3604988
6461,1.2990445,2.9427133,0.7492855
6462,0.8043627,0.6931123,0.9969365
6463,1.189638,2.3025,0.8070538
6464,0.9966128,1.3607075,0.90716004
6465,0.6611789,0.36714032,1.1156584
6466,0.7712543,0.6143023,1.0127361
6467,0.15930109,0.0032345473,0.8672001
6468,0.22682425,0.010474128,1.8590397
6469,0.33523396,0.038765937,1.5226977
6470,0.20662658,0.0077203643,1.4829
6471,0.18273483,0.005081509,0.9200001
6472,0.34051237,0.040081847,1.7390659
6473,0.3547421,0.04601722,1.6992805
6474,0.30928117,0.029285654,1.7367765
6475,0.53727144,0.18484353,1.380323
6476,0.4236349,0.084273,1.4987196
6477,0.47856906,0.12775104,1.36021
6478,0.4638042,0.116078354,1.3350195
6479,0.5350024,0.18870997,1.2041987
6480,0.4772734,0.12988798,1.2535344
6481,0.8627912,0.91859835,0.9104968
6482,0.61584437,0.3062921,1.1097537
6483,0.5192882,0.17530067,1.1804122
6484,1.2402321,2.7386549,0.78886807
6485,1.445195,3.9839137,0.7748262
6486,1.2884563,2.8991153,0.8826923
6487,1.198421,2.338665,0.955686
6488,0.29686123,0.02480234,1.9358861
6489,0.49202752,0.1343477,1.5328827
6490,1.0579088,1.6220196,1.0128336
6491,1.1031901,1.8326005,1.0013391
6492,0.7902698,0.64543235,1.1988895
6493,0.26998886,0.018163204,1.9642
6494,0.31729144,0.031250745,1.81311
6495,0.49529356,0.13882546,1.4610698
6496,0.4287683,0.08646106,1.5142072
6497,0.5875118,0.24882123,1.2799661
6498,0.699885,0.44313815,1.2334157
6499,0.6968788,0.44012967,1.2152053
6500,1.2838684,2.8859944,0.89311403
6501,0.53628886,0.18213944,1.4363161
6502,0.9381056,1.1392388,1.0598359
6503,0.34490758,0.042058248,1.7192242
6504,0.47238123,0.12139797,1.4133637
6505,0.23749949,0.012195425,1.3901
6506,0.3686473,0.05277435,1.6516522
6507,0.46951458,0.1191927,1.4246138
6508,0.6742147,0.39941785,1.173038
6509,0.5475159,0.20196609,1.2705901
6510,0.4118963,0.07871253,1.4164956
6511,0.28077266,0.021837255,1.7214013
6512,1.0131279,1.4997274,0.8821369
6513,1.2029368,2.4718032,0.8175502
6514,1.0643874,1.7146882,0.9006515
6515,1.2923205,2.9562964,0.82880807
6516,1.0805923,1.7548877,0.94947857
6517,1.1553367,2.1246107,0.9306917
6518,0.7297853,0.50323474,1.2106122
6519,0.53306335,0.17930071,1.3927008
6520,0.5547514,0.20680144,1.3217347
6521,0.66957325,0.3886968,1.190316
6522,0.43133315,0.09076258,1.4385104
6523,0.79394567,0.68979686,1.0362223
6524,0.36915952,0.0547725,1.4844173
6525,0.20067328,0.0071787415,1.0776
6526,0.7604695,0.5962051,1.170283
6527,0.8489096,0.8553847,1.0901432
6528,0.9367028,1.1716933,1.0290269
6529,0.8159284,0.7576172,1.1020565
6530,0.68848383,0.4384366,1.1843768
6531,0.28915682,0.024430469,1.7770528
6532,0.71553504,0.4998712,1.1520368
6533,0.7122573,0.49595055,1.1341957
6534,0.8545668,0.89997363,1.0174369
6535,0.9881725,1.4213811,0.9402591
6536,0.6919073,0.45580205,1.1308904
6537,0.8082561,0.7609055,1.0304221
6538,0.76502025,0.6407752,1.049844
6539,0.6615658,0.40134203,1.1125256
6540,0.37528297,0.060948323,1.4769492
6541,0.59538174,0.28188658,1.2674856
6542,1.2008604,2.54924,0.9070471
6543,1.2793589,2.9802637,0.9119076
6544,1.043849,1.6409894,1.0587741
6545,0.6996908,0.4599378,1.3048656
6546,0.51981354,0.17301646,1.4734875
6547,0.4594327,0.11516581,1.5360669
6548,0.7704074,0.64203554,1.1506063
6549,0.4262714,0.09091063,1.510927
6550,1.0076973,1.513816,0.95377773
6551,1.016659,1.5513705,0.95818675
6552,0.9023883,1.0703744,1.0443043
6553,0.76503897,0.63381094,1.1292131
6554,0.6304727,0.33872348,1.2219651
6555,0.37900937,0.062218066,1.5870439
6556,0.1996501,0.007226626,0.9343
6557,0.18628688,0.005724722,0.69960004
6558,0.21136405,0.008719419,1.1066
6559,0.20906329,0.008416258,1.0829
6560,0.2324335,0.012009208,1.4314
6561,0.96134126,1.3127071,0.9701685
6562,0.9208659,1.1487315,0.9956545
6563,0.6411856,0.3577489,1.1905347
6564,1.1397195,2.1937294,0.8731105
6565,0.42479074,0.09062036,1.4579458
6566,0.46245834,0.12141036,1.3481698
6567,0.66951156,0.4188146,1.0877788
6568,0.27480102,0.021657383,1.6384903
6569,0.1649879,0.003965711,0.594
6570,0.17476395,0.004782068,0.6963999
6571,0.4089992,0.082274266,1.3157642
6572,0.6850536,0.46110073,0.98807144
6573,0.4776666,0.14071098,1.1591048
6574,0.36577103,0.058168553,1.2813925
6575,0.66024464,0.41932005,0.9276543
6576,0.7650263,0.6839005,0.8476674
6577,0.39627597,0.0780234,1.1609198
6578,0.5776834,0.27675718,0.9360001
6579,0.6248524,0.36235872,0.8820141
6580,0.6075914,0.33357555,0.8789932
6581,0.69286007,0.51848537,0.8089407
6582,0.642162,0.4078004,0.8301905
6583,0.5933769,0.31725743,0.8505433
6584,0.59501106,0.32330093,0.834618
6585,0.58829904,0.31445217,0.82517797
6586,0.4705377,0.15087059,0.91652894
6587,0.5183052,0.21009994,0.8572547
6588,0.3992077,0.08876913,0.95512944
6589,0.46083063,0.14468768,0.86787975
6590,0.48571697,0.17407969,0.82738745
6591,0.5260511,0.2292095,0.77954257
6592,0.3552076,0.062398475,0.9288886
6593,0.34344578,0.05621789,0.9205982
6594,0.27650443,0.02744244,0.9974243
6595,0.27771002,0.028042184,0.9676924
6596,0.19804932,0.009125103,1.1087942
6597,0.16896074,0.0054002544,1.0704
6598,0.25187558,0.020588866,0.9271266
6599,0.18471943,0.007357003,1.0488998
6600,0.36306962,0.07079184,0.73383653
6601,0.4226471,0.11868572,0.6670877
6602,0.34574315,0.061228555,0.72366774
6603,0.43197203,0.12998591,0.635308
6604,0.19188404,0.008710112,0.92973346
6605,0.30285335,0.039969306,0.75824153
6606,0.20759104,0.01139613,0.8921787
6607,0.21419801,0.012726724,0.856241
6608,0.18723348,0.008169467,0.89157337
6609,0.18486655,0.007860355,0.88240296
6610,0.3073098,0.043188963,0.670885
6611,0.17260817,0.006335048,0.8722141
6612,0.1513701,0.004109535,0.76110005
6613,0.26659274,0.027197354,0.6916734
6614,0.31215468,0.046423987,0.62738866
6615,0.35139805,0.06953149,0.5812494
6616,0.27778485,0.031949442,0.64217407
6617,0.22770342,0.016558168,0.6948776
6618,0.20609692,0.011942485,0.71484977
6619,0.3272987,0.056374323,0.5576234
6620,0.30085412,0.042881876,0.5721662
6621,0.21002726,0.012999625,0.67149645
6622,0.27689564,0.03293511,0.57471466
6623,0.14253055,0.0036134226,0.6214
6624,0.17694302,0.0074340007,0.708292
6625,0.1626968,0.005647124,0.7225867
6626,0.17914154,0.0076170126,0.7984542
6627,0.26769924,0.029268328,0.64160824
6628,0.19951521,0.011019123,0.7333523
6629,0.15059887,0.0043330463,0.4631
6630,0.15133263,0.004418507,0.4845
6631,0.13975841,0.0034009179,0.2375
6632,0.3630045,0.081589356,0.5617442
6633,0.33784357,0.064662,0.5742041
6634,0.2152836,0.014444651,0.7061188
6635,0.16849677,0.006407872,0.7215
6636,0.24954973,0.023652587,0.6689959
6637,0.2667056,0.029699862,0.6360017
6638,0.24184412,0.021496085,0.6647656
6639,0.17495985,0.0073324298,0.744
6640,0.25575343,0.026150955,0.62247694
6641,0.35038936,0.07532549,0.5246092
6642,0.28397918,0.03734235,0.59849113
6643,0.19327682,0.010388702,0.71178484
6644,0.15872893,0.0054084207,0.404
6645,0.17150316,0.0067645595,0.2164
6646,0.107200004,0.0063401163,0.10720001
6647,0.19589609,0.0102791805,0.38759997
6648,0.24216437,0.020513307,0.9011
6649,0.22885646,0.016923489,0.7354
6650,0.26459566,0.027384933,0.92763764
6651,0.26031804,0.025887618,0.9212235
6652,0.278874,0.032545224,0.8770628
6653,0.2180006,0.014290109,0.6372
6654,0.22828253,0.01649973,0.6941
6655,0.20312919,0.011136023,0.3272
6656,0.20776245,0.011765198,0.2086
6657,0.25992593,0.02466047,0.93680006
6658,0.3000907,0.03965628,0.96875846
6659,0.31137317,0.044712864,0.9393598
6660,0.28136852,0.03178981,0.9742548
6661,0.27095878,0.027964382,0.97743684
6662,0.3184009,0.047874082,0.8889498
6663,0.31140667,0.0444367,0.8860553
6664,0.2191947,0.013747488,0.506
6665,0.30278787,0.03999923,0.9361114
6666,0.35373667,0.06718357,0.85563946
6667,0.30475214,0.04082038,0.9089181
6668,0.2230389,0.014380959,0.5059
6669,0.25464013,0.02217776,0.8525
6670,0.20865674,0.011375646,0.22779998
6671,0.23149854,0.015844993,0.4278
6672,0.21630716,0.012558383,0.22570004
6673,0.3044055,0.037791736,0.9110999
6674,0.32085586,0.04427304,1.0937
6675,0.2699177,0.024492411,0.5663
6676,0.29084063,0.030700807,0.7005
6677,0.32378906,0.043145064,1.0443
6678,0.33753258,0.048777767,1.1752
6679,0.28830183,0.028442692,0.6964
6680,0.22429998,0.016769404,0.22430001
6681,0.44875205,0.11969362,1.2997031
6682,0.34463352,0.048667423,1.0686
6683,0.38740134,0.07097746,1.3675084
6684,0.69022846,0.48049387,1.0058026
6685,0.4665614,0.13003834,1.2098336
6686,0.29188162,0.026962092,0.6547
6687,0.1903,0.017222043,0.19030003
6688,0.3013035,0.02923293,0.7001
6689,0.42911902,0.09243149,1.512473
6690,0.5408912,0.19806315,1.2712482
6691,0.32355505,0.035343044,0.7013
6692,0.53191614,0.18505767,1.1965646
6693,0.36298883,0.051516347,1.1229
6694,0.37730667,0.0585152,1.2691
6695,0.36737794,0.05333959,1.1642
6696,0.57122415,0.232245,1.0596701
6697,0.34758884,0.04425237,0.9854
6698,0.49392432,0.14338335,1.0761529
6699,0.3542047,0.04731241,1.0888
6700,0.41332978,0.079465814,1.1090896
6701,0.36997584,0.05478901,1.1751225
6702,0.3262025,0.03605567,0.8194
6703,0.5259141,0.17844002,0.9380387
6704,0.63019115,0.32750496,0.83896345
6705,0.5961431,0.27398047,0.8489586
6706,0.52315205,0.1783958,0.8920388
6707,0.3697156,0.056231394,1.0371035
6708,0.27256075,0.02037432,0.37120003
6709,0.44637138,0.10511318,0.9869136
6710,0.4149138,0.08269708,0.9973782
6711,0.45180085,0.109297745,1.0020349
6712,0.4516067,0.10957849,0.97355765
6713,0.1618,0.026496183,0.16179997
6714,0.49988422,0.1502691,1.0211637
6715,0.4961234,0.1471643,0.97226423
6716,0.31375858,0.03194635,0.40470004
6717,0.47116002,0.12466773,0.9310454
6718,0.53779656,0.1949615,0.84126663
6719,0.4753452,0.129936,0.8682837
6720,0.30365676,0.02903817,0.3141
6721,0.2964,0.03390615,0.29639998
6722,0.1533,0.028718049,0.15329996
6723,0.70957524,0.48518074,0.7352779
6724,0.43526986,0.0961045,0.9021425
6725,0.34589183,0.04484665,0.6128
6726,0.3972093,0.07034953,0.842
6727,0.57767373,0.2395288,0.95687807
6728,0.58451706,0.25770155,0.7832422
6729,1.102433,2.0308912,0.49014354
6730,1.0430275,1.7307172,0.45169413
6731,0.45700556,0.11791246,0.6374923
6732,0.6929934,0.4773798,0.47804466
6733,0.5288504,0.19769508,0.5134426
6734,0.72094977,0.5537613,0.44519895
6735,0.76151747,0.67267984,0.40247092
6736,1.1969258,2.7576432,0.30344707
6737,0.56128836,0.24612598,0.45087132
6738,0.4092565,0.08685397,0.50785744
6739,0.7826739,0.7208094,0.4877529
6740,0.8920201,1.1485395,0.39367306
6741,1.3950459,4.3025,0.2621967
6742,0.78645945,0.7916632,0.33197623
6743,0.6077178,0.34702408,0.3440967
6744,1.1169262,2.41564,0.25751045
6745,0.59748966,0.33240873,0.32922405
6746,1.01125,1.842995,0.23023348
6747,0.5997504,0.34575966,0.29073298
6748,0.50956947,0.20460053,0.29975674
6749,0.5547297,0.2753546,0.27561694
6750,0.8336755,1.0486672,0.2304366
6751,1.2325913,3.4134145,0.18164888
6752,0.57609755,0.31122378,0.27527434
6753,1.015746,1.946277,0.19925913
6754,1.03343,2.0430677,0.19956195
6755,1.16062,2.848732,0.19147415
6756,0.78570366,0.8507995,0.24385571
6757,0.6602284,0.4861511,0.2656722
6758,0.48036787,0.1709747,0.30976743
6759,0.74477637,0.73435223,0.24425894
6760,0.4084583,0.101280384,0.33019713
6761,0.74171305,0.6842259,0.41411677
6762,0.7217248,0.6906367,0.4360454
6763,0.93321174,2.0110269,0.31898832
6764,1.4564477,4.2692,0.23423728
6765,1.5376467,4.7908,0.22751863
6766,1.6933364,5.3408,0.2193053
6767,0.46012846,0.21251583,0.43629444
6768,0.405862,0.13753639,0.44613945
6769,0.7283431,0.9087359,0.37942976
6770,1.9937054,5.8264,0.1979602
6771,2.1019795,6.1658,0.1948814
6772,0.956816,1.9295976,0.31359386
6773,0.6292687,0.5025169,0.38655713
6774,1.3075967,4.5038953,0.25969368
6775,1.231987,3.7183518,0.28990555
6776,0.64941925,0.50980234,0.42986938
6777,0.4506671,0.15204048,0.5127782
6778,1.0367137,2.2271438,0.33196884
6779,0.49971986,0.2110559,0.49941406
6780,0.46230313,0.16022612,0.5837208
6781,0.4197458,0.114356145,0.65856236
6782,2.784281,6.7127,0.31640553
6783,1.0318182,2.0210338,0.5146243
6784,1.5483465,5.0676,0.37008747
6785,0.6992703,0.5633888,0.5498879
6786,0.89319277,1.246025,0.45030597
6787,1.0966169,2.3229325,0.39338198
6788,1.7502764,5.716,0.31542292
6789,1.10625,2.2352808,0.43659788
6790,1.6872756,5.7699,0.35697693
6791,0.78700423,0.72316116,0.58825886
6792,1.4063277,4.0732884,0.43337843
6793,0.7551247,0.61213154,0.64116603
6794,0.6533973,0.38255447,0.6833079
6795,0.64709705,0.3729727,0.6771688
6796,0.77302134,0.672861,0.61150783
6797,0.35534754,0.051059324,0.90118945
6798,2.211452,6.8890004,0.37753028
6799,1.7634704,6.2524,0.4909441
6800,1.333984,3.131798,0.6456529
6801,1.9579719,6.7948,0.5579101
6802,1.9591119,6.9214997,0.64292866
6803,2.018652,7.027467,0.7301186
6804,1.5677793,3.9266105,0.95951587
6805,1.8095104,5.333067,0.9490911
6806,1.2546011,2.0051687,1.2576905
6807,0.727279,0.35310444,1.6602069
6808,0.39086977,0.04481805,2.1559
6809,0.5892756,0.17885491,1.6856842
6810,1.4287162,2.9563835,1.0673531
6811,1.7526226,4.828927,0.9967646
6812,1.3791436,2.5620158,1.221158
6813,0.59679997,0.17690387,1.8813719
6814,0.6721764,0.26567674,1.7339454
6815,0.31546062,0.021394357,1.6830999
6816,0.24952571,0.009786063,0.86210006
6817,0.3217647,0.022534775,1.3831
6818,1.3900423,2.6424694,1.2742276
6819,1.3831086,2.5795264,1.3080003
6820,0.5205053,0.11120306,2.1485655
6821,1.8082706,5.031018,1.0991032
6822,0.82814074,0.5065104,1.7610183
6823,1.2064002,1.6913455,1.4075662
6824,1.9886751,5.9548798,1.0884504
6825,1.0012537,0.90430325,1.7028482
6826,0.6256018,0.1942968,2.109253
6827,1.0029273,0.92902046,1.5939076
6828,1.2798327,1.9824235,1.376943
6829,1.0179164,0.9829421,1.5541624
6830,1.0368056,1.0521238,1.5031562
6831,0.8705787,0.6061314,1.6027848
6832,0.33482608,0.02531179,2.187
6833,1.0850614,1.2266943,1.5457598
6834,0.9319163,0.7617792,1.63692
6835,1.050391,1.127226,1.4973198
6836,1.1161225,1.3713673,1.426306
6837,1.4212192,2.7843084,1.2497721
6838,0.8879953,0.65953916,1.6376957
6839,1.0871277,1.2557573,1.5792621
6840,0.60551685,0.18694954,2.0686405
6841,0.8312518,0.5297554,1.9756198
6842,0.6257358,0.20806551,2.230862
6843,0.44468656,0.067020774,2.4851756
6844,0.33899912,0.02718113,1.7456001
6845,0.6000652,0.18216765,2.226214
6846,0.37021613,0.036283776,1.7515
6847,0.5980234,0.1810309,2.163725
6848,0.5769123,0.16167325,2.121801
6849,0.2869751,0.015740603,0.90840006
6850,0.7413705,0.37197742,1.9404199
6851,1.5890702,3.8296018,1.2721797
6852,1.4985812,3.2133512,1.3793896
6853,1.7005211,4.3361645,1.3567919
6854,1.5404685,3.296427,1.5155243
6855,0.331326,0.022802537,1.5216
6856,0.5807755,0.14716601,2.8202636
6857,0.50838655,0.095049396,2.6271
6858,0.4154413,0.04873777,2.0018
6859,0.5183105,0.10241458,2.5604656
6860,1.4098942,2.5835962,1.4725256
6861,0.788952,0.4158353,1.9869606
6862,1.0631751,1.1028616,1.6927955
6863,1.6818117,4.1118884,1.3143582
6864,1.3725152,2.338571,1.5383054
6865,1.1716632,1.4524012,1.6775585
6866,0.8279453,0.47964436,1.9558171
6867,1.3939618,2.4634478,1.447923
6868,0.77007025,0.3793374,1.9831904
6869,1.0178331,0.9482702,1.7348027
6870,0.95809126,0.7874456,1.7500292
6871,1.1805766,1.5291811,1.5782459
6872,1.1744326,1.5093607,1.565034
6873,0.9715718,0.83479506,1.698745
6874,0.61177385,0.18301658,2.10671
6875,0.4422243,0.06243399,2.345554
6876,0.40343568,0.04593226,2.1459
6877,0.513834,0.10435955,2.083985
6878,0.49570853,0.09341478,2.0401108
6879,0.55933654,0.1402505,1.9571098
6880,0.9671029,0.8605342,1.4954408
6881,1.1541882,1.513058,1.337957
6882,0.59982264,0.18029934,1.8328748
6883,0.8917956,0.67575485,1.4742064
6884,1.0570918,1.172983,1.3493251
6885,0.5197328,0.11381566,1.9293393
6886,0.97973484,0.9340301,1.3472972
6887,0.62793714,0.21829769,1.654831
6888,0.57930356,0.16849145,1.6722251
6889,0.39811945,0.04835016,1.9693301
6890,0.6618897,0.2664437,1.5020111
6891,0.71915203,0.3544826,1.4109284
6892,0.55004704,0.14681739,1.5558263
6893,0.39785582,0.050087795,1.7680435
6894,0.3316566,0.027443266,1.3828
6895,0.5496447,0.14986296,1.4248362
6896,0.97063726,0.9854413,1.0375746
6897,1.167977,1.7610836,0.9376965
6898,0.849625,0.6461526,1.1128911
6899,0.43699688,0.07124149,1.5684874
6900,0.38136575,0.045452192,1.6416587
6901,0.6332793,0.24942899,1.2573454
6902,0.50390035,0.11762164,1.3632232
6903,0.4664172,0.09179111,1.3649625
6904,1.324987,2.649643,0.78637093
6905,1.2417045,2.1788166,0.8454783
6906,1.1752694,1.8433872,0.8909842
6907,1.1698501,1.8138,0.91134334
6908,1.0734943,1.3953338,0.96606475
6909,1.2351434,2.1302922,0.90276986
6910,1.6812068,4.722334,0.78780776
6911,1.396394,2.8916538,0.9433195
6912,0.955987,0.92142284,1.1846632
6913,0.8697473,0.6858085,1.2265904
6914,0.35707876,0.03582393,1.8487774
6915,0.28303102,0.016558671,1.4454
6916,0.8921983,0.7623138,1.1150826
6917,1.3570825,2.7366452,0.8884294
6918,0.47835222,0.096596785,1.5397139
6919,0.6164375,0.2282435,1.304763
6920,0.710769,0.3710169,1.1765887
6921,1.2156905,2.0483654,0.8760623
6922,1.0025479,1.139521,0.98422545
6923,0.68707126,0.33731428,1.1814358
6924,0.47901684,0.10262347,1.3693993
6925,0.24548067,0.011075212,1.3011
6926,0.28033298,0.017032962,1.4557
6927,0.3866009,0.04921864,1.8228147
6928,0.5287469,0.14159715,1.5002996
6929,1.0195144,1.2281187,1.0510013
6930,1.0520178,1.3588531,1.032448
6931,0.9364906,0.9458492,1.0956184
6932,1.0475632,1.3532803,1.025744
6933,0.60775983,0.23176013,1.343579
6934,0.8064017,0.59633243,1.131689
6935,0.45318452,0.08882143,1.470697
6936,0.2285446,0.009065249,0.7622
6937,0.21954995,0.007895262,0.5298
6938,0.25118092,0.012148056,0.6735
6939,0.3300773,0.030157601,1.4758
6940,0.27453953,0.016334753,0.8913
6941,0.28051624,0.01759499,0.97290003
6942,0.2832292,0.018207949,1.005
6943,1.6188787,4.3916373,1.7480781
6944,1.1426533,1.5704553,1.8973563
6945,0.9486253,0.86611015,1.7593166
6946,0.97909796,0.9636463,1.5032011
6947,0.87835586,0.6826627,1.4427104
6948,0.9738618,0.96087563,1.2728832
6949,0.89153415,0.72736543,1.2668548
6950,0.72849876,0.37800354,1.3392496
6951,0.45916232,0.08184307,1.5984548
6952,0.31491914,0.023353534,0.5531
6953,0.34069103,0.030530961,0.8166999
6954,0.82354313,0.5829731,1.0810112
6955,0.9024812,0.79277563,1.0060375
6956,0.71004194,0.36421087,1.1130211
6957,0.6526865,0.2783712,1.1270908
6958,0.75995564,0.46576342,1.0144472
6959,0.8307839,0.6302072,0.94925743
6960,0.81030685,0.58625406,0.9458851
6961,0.8805005,0.77530116,0.89284027
6962,0.74460745,0.45203018,0.96083665
6963,0.719099,0.40706086,0.9593747
6964,0.5724767,0.1928113,1.0529342
6965,0.40415263,0.060790125,1.2154828
6966,0.30147958,0.022980563,0.7864
6967,0.52876854,0.14993788,1.0935328
6968,0.7046954,0.39372244,0.92191166
6969,0.568293,0.19455211,1.0061918
6970,0.5275132,0.1532504,1.0177655
6971,0.60480547,0.24420115,0.9268966
6972,0.599846,0.2400312,0.9108245
6973,0.36871764,0.04765027,1.132041
6974,0.4024126,0.06435984,1.0516241
6975,0.48478228,0.1210511,0.9329152
6976,0.32263747,0.03128299,1.0498
6977,0.46794108,0.10933158,0.90197575
6978,0.4830143,0.12272894,0.8673834
6979,0.54726356,0.18808164,0.7975737
6980,0.4503086,0.09903817,0.86169165
6981,0.39762205,0.06592098,0.8956132
6982,0.5266164,0.17015961,0.7612247
6983,0.32148415,0.03298205,0.9526209
6984,0.5030216,0.14852783,0.74665475
6985,0.4177648,0.08061962,0.8034751
6986,0.3906474,0.06498555,0.81295216
6987,0.34054062,0.04140511,0.85078865
6988,0.29384243,0.025478002,0.8932782
6989,0.287394,0.023156252,0.499
6990,0.5107675,0.15917225,0.7982262
6991,0.35718477,0.04853532,0.9337725
6992,0.31718072,0.03283528,0.85989994
6993,0.2452,0.017122759,0.24520001
6994,0.41161537,0.076214865,1.0826945
6995,0.5109565,0.15788256,0.92308533
6996,0.40535045,0.07330689,0.99239606
6997,0.4180335,0.08141971,0.9654229
6998,0.64095336,0.32866082,0.97048813
6999,0.6362152,0.32669714,0.82541484
7000,0.5859955,0.2526028,0.76030886
7001,0.53328484,0.18715987,0.7263312
7002,0.47447482,0.12833484,0.7156012
7003,0.43464428,0.09337035,0.6177
7004,0.4417461,0.10224302,0.7009
7005,0.48097286,0.1402732,0.6035362
7006,0.44074216,0.10741986,0.5502945
7007,0.516027,0.18555644,0.45873255
7008,0.4739779,0.14227712,0.44302464
7009,0.47723877,0.14790447,0.41461405
7010,0.2074,0.060243815,0.2074
7011,0.4991164,0.16659385,0.5406752
7012,0.3231,0.13076346,0.3231
7013,0.6705018,0.5357391,0.29964292
7014,0.63820845,0.48002648,0.25636104
7015,0.6897753,0.64185643,0.21405737
7016,0.4604323,0.17318909,0.2374548
7017,0.6165842,0.45829183,0.21347716
7018,0.4841249,0.2143726,0.20887205
7019,0.011499997,0.011500001,0.011499998
7020,0.00059999083,0.0005999973,0.00060000323
7021,0.3616,0.15247975,0.1737646
7022,0.5332932,0.32039288,0.144403
7023,0.6726642,0.70080554,0.12130996
7024,0.54893374,0.36524117,0.13001733
7025,0.44129524,0.17994255,0.13996838
7026,0.262,0.1279979,0.1427001
7027,0.5173569,0.31304276,0.12107232
7028,0.43792358,0.18241352,0.12873317
7029,0.4542714,0.20871828,0.12355187
7030,0.5177805,0.31515726,0.14390966
7031,0.6181045,0.587891,0.11802748
7032,0.503546,0.31121114,0.116440065
7033,0.48811433,0.2890835,0.10900537
7034,0.6710014,0.84140337,0.0864796
7035,0.6083121,0.6237209,0.086406715
7036,0.51311284,0.362977,0.0904255
7037,0.58717275,0.57494515,0.081321016
7038,0.54798406,0.4648106,0.082079604
7039,0.5095644,0.37049717,0.08362118
7040,0.343,0.21071996,0.09700778
7041,0.6045079,0.6608646,0.077453144
7042,0.56299317,0.53186303,0.07762329
7043,0.3933,0.20962077,0.08719259
7044,0.6088328,0.70557547,0.070385754
7045,0.3686,0.20016392,0.08520222
7046,0.57739943,0.6042797,0.07153067
7047,0.5858502,0.64028627,0.0698728
7048,0.61142296,0.74225247,0.06761817
7049,0.59283006,0.6763874,0.06832217
7050,0.43848243,0.25275633,0.07926641
7051,0.5542902,0.5524559,0.06958516
7052,0.48484796,0.35847485,0.07424282
7053,0.4238,0.26253343,0.09394955
7054,0.67226976,1.0170364,0.08407432
7055,0.98079705,2.8161,0.059104275
7056,0.99769616,2.983,0.05437434
7057,0.7102439,1.3162433,0.06285113
7058,0.82652307,2.1174996,0.05593846
7059,0.76193416,1.6484698,0.058132257
7060,0.5106949,0.45757115,0.07113358
7061,0.5473925,0.5803775,0.06721644
7062,0.4212603,0.24704021,0.07569125
7063,0.6371827,0.96430975,0.06073775
7064,0.48538253,0.3992016,0.06978115
7065,0.5335451,0.54862374,0.06590661
7066,0.5370349,0.56365716,0.065468185
7067,0.40598285,0.22532591,0.07534045
7068,0.15139998,0.1514,0.08555803
7069,0.41148576,0.23470059,0.08022596
7070,0.5983901,0.8089011,0.065369375
7071,0.4223422,0.2595773,0.07714791
7072,0.62580854,0.9227776,0.07440603
7073,0.60046184,0.79326844,0.093777575
7074,0.6337894,1.1085876,0.07632965
7075,0.73812234,1.9502,0.060085215
7076,0.61163104,1.1252311,0.05954413
7077,0.4358096,0.3813587,0.06491068
7078,0.229,0.229,0.06841859
7079,0.9401806,2.7462,0.044445086
7080,0.91712046,2.8056,0.041777465
7081,0.7237226,1.9707555,0.04572194
7082,0.7502734,2.179242,0.044206303
7083,0.6274615,1.2415496,0.04875417
7084,0.76372164,2.254902,0.044032622
7085,0.40388343,0.28975013,0.062766895
7086,0.7693447,2.243369,0.04846751
7087,0.8543807,2.8888,0.046719477
7088,0.73346233,1.8619097,0.052776683
7089,0.47857288,0.47104976,0.06738287
7090,0.44118002,0.359859,0.070870265
7091,0.43262988,0.33064634,0.08143585
7092,0.282,0.23843326,0.08431969
7093,0.56902677,0.8146461,0.06668753
7094,0.60595137,0.9967309,0.0634926
7095,0.4834317,0.47827244,0.07062233
7096,0.4378876,0.34605753,0.07321134
7097,0.78377193,2.2097116,0.05385188
7098,0.5455203,0.697272,0.06723343
7099,0.4979865,0.5149232,0.07263758
7100,0.43990082,0.33956918,0.08143281
7101,0.117599994,0.1176,0.09027099
7102,0.48085335,0.44337136,0.088421
7103,0.93955153,3.0999,0.058449395
7104,0.80579555,2.2445467,0.064114414
7105,0.97063255,3.3588,0.059063796
7106,0.5730785,0.7377716,0.08144099
7107,0.8145388,2.189984,0.072615944
7108,0.64107436,1.02779,0.083453014
7109,0.92246604,3.0741024,0.06923711
7110,0.7283433,1.4827886,0.082512856
7111,1.197776,4.2658,0.065307565
7112,0.409833,0.21700157,0.12374426
7113,0.747773,1.5255785,0.0911691
7114,0.43706724,0.26495492,0.1254578
7115,0.35236984,0.12883046,0.14540105
7116,0.3592189,0.13716921,0.14477067
7117,0.5947655,0.7231731,0.1120441
7118,0.40632215,0.2058744,0.13714515
7119,0.2943,0.14822677,0.17020911
7120,0.6996875,1.1795301,0.120413326
7121,1.1117526,3.8922,0.09252244
7122,0.62822175,0.80027413,0.13079546
7123,0.44778907,0.263118,0.15413365
7124,0.70599806,1.1588342,0.12182185
7125,0.6346642,0.81935906,0.12974916
7126,0.57419163,0.5902501,0.13719264
7127,0.5911167,0.6478641,0.1355363
7128,0.6213506,0.75988597,0.13298446
7129,0.5893757,0.63813865,0.13809602
7130,0.5252172,0.43673334,0.14780778
7131,0.63375336,0.80459774,0.13521717
7132,0.5840015,0.61481667,0.14322536
7133,1.1259662,4.357652,0.10381218
7134,0.6866217,0.9786752,0.15218896
7135,0.44623527,0.23767641,0.19336993
7136,1.7013726,5.841,0.097667605
7137,1.6100407,5.7659,0.115557685
7138,1.0724877,3.2926908,0.16398422
7139,0.6225825,0.60611826,0.23430997
7140,0.5506246,0.4012313,0.26852182
7141,1.600372,5.862,0.15662418
7142,1.2854322,4.7728276,0.20222512
7143,1.1175182,3.1950622,0.24381123
7144,1.3757368,5.2242374,0.23610394
7145,0.51202077,0.2534722,0.44578484
7146,0.4191596,0.13046038,0.4928163
7147,0.3027346,0.04391907,0.59072953
7148,0.7316846,0.8151196,0.3836837
7149,1.2843388,4.22502,0.2923177
7150,1.3178363,4.3396964,0.3184545
7151,1.4669212,5.363638,0.33303192
7152,1.5260754,5.5941586,0.36920503
7153,1.2567987,3.360732,0.46365148
7154,1.1777081,2.7477267,0.51452714
7155,0.77173084,0.7435536,0.6730303
7156,0.6576909,0.44255558,0.7311963
7157,1.0768931,2.1011245,0.5672136
7158,0.82496727,0.91592497,0.673749
7159,0.61399466,0.3504433,0.7859811
7160,0.6525936,0.430861,0.75527054
7161,0.5181021,0.2016457,0.8408985
7162,1.1219703,2.3714528,0.56244
7163,0.5695631,0.2735562,0.8252908
7164,0.50044996,0.1790217,0.86836946
7165,0.8809647,1.1425934,0.6443936
7166,0.48515123,0.16239113,0.8773305
7167,0.51315606,0.19706349,0.8387215
7168,0.5299016,0.22077143,0.812656
7169,0.41993758,0.10231149,0.8980695
7170,0.31873107,0.040931538,1.0076185
7171,0.32616782,0.044432588,0.97250897
7172,0.24881813,0.018063193,1.0850457
7173,0.35376942,0.058667492,0.90620905
7174,0.6128541,0.3669358,0.6927772
7175,1.2390807,3.2141352,0.4810961
7176,0.7125914,0.5901946,0.67960036
7177,0.33025315,0.04607083,0.9897865
7178,0.27787325,0.025918884,1.072328
7179,0.9068931,1.2810122,0.6044564
7180,1.5686911,5.498323,0.46323997
7181,0.9623767,1.4552853,0.6698109
7182,1.7018424,6.174239,0.5079398
7183,0.7980201,0.7574388,0.8525748
7184,1.1178963,2.1445446,0.71549094
7185,0.8598313,0.9571442,0.84177655
7186,0.80298257,0.7725684,0.8702086
7187,0.3065118,0.03178682,1.3849902
7188,0.27024814,0.02047669,1.5356
7189,0.69138825,0.46742198,1.0750467
7190,0.90904725,1.1333977,0.9249672
7191,0.24386543,0.014517153,1.1858
7192,0.3219911,0.036806993,1.5120871
7193,0.4785018,0.1389407,1.2142024
7194,0.88150865,1.0376856,0.87671715
7195,0.3963412,0.07308369,1.4865401
7196,0.39400914,0.07060504,1.6191931
7197,0.758856,0.61064744,1.2970756
7198,0.5244468,0.17871608,1.5527463
7199,0.7412625,0.55958414,1.2834204
7200,1.8952832,7.0909643,0.79213053
7201,1.5602335,4.554724,1.0236133
7202,1.4405086,3.6200142,1.1631678
7203,1.8584765,6.1678095,1.0838336
7204,0.7450232,0.45016325,1.9218572
7205,0.42279762,0.06846646,2.4385087
7206,1.0200094,1.2444135,1.5431595
7207,1.1854458,1.9599006,1.418068
7208,0.33371964,0.03083325,2.1839
7209,0.5839016,0.20154665,1.9171048
7210,0.9017994,0.8448794,1.5323669
7211,0.95984155,1.0357509,1.455262
7212,0.5136175,0.13303342,1.965137
7213,1.1814449,1.9694394,1.2561939
7214,1.0840291,1.5148766,1.3310927
7215,0.802711,0.58070844,1.6318498
7216,0.5470015,0.16415964,1.9250563
7217,0.64286786,0.28376588,1.7006779
7218,0.4245198,0.07146053,2.0275269
7219,0.56266135,0.1805742,1.9804875
7220,0.693907,0.36322567,1.7717652
7221,0.4118668,0.063744575,2.2720454
7222,0.9440484,0.9869318,1.5235302
7223,1.2358364,2.2356746,1.3434086
7224,0.7894784,0.5459227,1.7086949
7225,0.5574666,0.17315477,1.9691448
7226,0.6358341,0.26962164,1.7967937
7227,0.46027014,0.09188178,2.0791333
7228,0.69262004,0.36116606,1.6290567
7229,1.2969745,2.5861113,1.1562496
7230,1.1288699,1.7048519,1.2897238
7231,0.84112597,0.6744585,1.499878
7232,0.9976913,1.1703194,1.3465893
7233,0.6495784,0.2912393,1.6461024
7234,0.38772497,0.052400626,2.0294046
7235,0.32670712,0.029738681,2.0238
7236,0.57327116,0.19365397,1.693472
7237,0.81130815,0.6153195,1.3802639
7238,0.44263375,0.082365885,1.8822038
7239,0.57689714,0.19771391,1.7850704
7240,0.32251975,0.028388632,1.5636
7241,0.95124096,1.021677,1.3483588
7242,1.0247812,1.2922741,1.287519
7243,0.49231794,0.11675355,1.8423148
7244,1.0569438,1.427996,1.21531
7245,0.6165992,0.24887556,1.5861719
7246,0.38774306,0.053198837,1.9125793
7247,0.6221773,0.26028255,1.4521333
7248,0.3787123,0.049953915,1.7847686
7249,0.528165,0.15182899,1.5469134
7250,0.40638855,0.06320149,1.7799274
7251,0.76677907,0.51402193,1.4909359
7252,0.5739579,0.19730678,1.6823871
7253,0.73238945,0.4449894,1.44227
7254,0.42139107,0.07080094,1.844226
7255,0.39322743,0.05603401,1.8829001
7256,0.8091915,0.61842954,1.3140029
7257,1.3518822,2.9751875,0.99871176
7258,1.2825221,2.522229,1.0724652
7259,0.4945923,0.11658201,1.7851166
7260,0.76541156,0.49572626,1.4965425
7261,0.56711084,0.1841761,1.690954
7262,0.73328817,0.43097675,1.5359709
7263,0.47644436,0.102405444,1.907394
7264,0.45611602,0.08841648,1.9172457
7265,0.6879471,0.34911454,1.5161343
7266,0.5902082,0.2104963,1.6030364
7267,0.7846394,0.5419951,1.3723654
7268,1.0400441,1.3430889,1.1667181
7269,1.1518009,1.8298101,1.1096965
7270,0.6225318,0.25093538,1.5310926
7271,1.0809948,1.49406,1.2221087
7272,1.0906464,1.5285275,1.2204555
7273,0.95565337,1.0073658,1.308694
7274,0.90431315,0.8456889,1.3314776
7275,0.58169353,0.19849232,1.6326251
7276,0.4754478,0.10185003,1.7335411
7277,0.40558583,0.060144678,1.8085761
7278,0.49378347,0.11690317,1.5784589
7279,1.02953,1.3095617,1.058918
7280,1.4594239,3.568372,0.8892736
7281,1.3754207,2.985427,0.9719616
7282,0.8872925,0.7834209,1.2628489
7283,0.31297082,0.024648393,1.4889
7284,0.3630958,0.040077344,1.7485001
7285,0.51738554,0.12929475,1.9207504
7286,0.9902387,1.0976123,1.3518112
7287,1.2357785,2.1575425,1.1982517
7288,1.1080201,1.5409486,1.290878
7289,0.9039872,0.80962676,1.4303337
7290,0.7086416,0.3667739,1.5814679
7291,0.705897,0.36493993,1.5342088
7292,0.61195916,0.228979,1.5928948
7293,0.44661832,0.080392726,1.8155836
7294,0.5714467,0.18434957,1.5641745
7295,0.45550594,0.08703827,1.6900209
7296,0.26965228,0.015098791,0.7601
7297,0.3800281,0.047413565,1.7817
7298,0.73332614,0.42783326,1.3041028
7299,0.37292993,0.04517229,1.7632153
7300,0.41178036,0.06338187,1.6062406
7301,0.49216634,0.11606035,1.4137133
7302,0.25703618,0.013314429,0.6327
7303,0.30678573,0.024080323,1.1727
7304,0.32601634,0.029030692,1.0852
7305,0.52995664,0.14809978,1.4545271
7306,0.4684733,0.09877707,1.4896065
7307,0.35434535,0.039064385,1.4102
7308,0.3439094,0.03554349,1.3304
7309,0.27601892,0.017126795,0.64190006
7310,0.4591073,0.09195575,1.5911698
7311,1.0348637,1.3352832,1.0191988
7312,0.89997846,0.856955,1.0908825
7313,1.0123838,1.2496462,1.0152887
7314,0.44443145,0.08316825,1.5187979
7315,0.32839248,0.030389583,1.0387
7316,0.75794023,0.4969015,1.094736
7317,0.8683549,0.7799055,1.0037299
7318,0.45426586,0.09167431,1.3654963
7319,0.7301604,0.4486864,1.0452144
7320,0.79918194,0.6083813,0.9810787
7321,0.7970572,0.60760534,0.9696193
7322,0.30177426,0.024062023,0.9653
7323,0.34275565,0.037016798,1.3856
7324,0.71641123,0.436132,0.94943804
7325,0.29578945,0.022965422,0.9570999
7326,0.71738267,0.44426402,0.9108119
7327,0.70673245,0.4267842,0.90380776
7328,0.5265199,0.16199566,1.0292209
7329,0.53578246,0.17333215,0.9956564
7330,0.57851464,0.22601701,0.936471
7331,0.5752716,0.22400177,0.9197521
7332,0.5626627,0.21010432,0.9110826
7333,0.50427884,0.14720169,0.9420766
7334,0.5257726,0.17082329,0.90214956
7335,0.6213059,0.3006617,0.8132302
7336,0.3761639,0.056844987,1.0243772
7337,0.2832633,0.022179088,1.0675
7338,0.26851973,0.01866524,0.9082
7339,0.25203353,0.015190224,0.7166
7340,0.25712267,0.016209062,0.6981
7341,0.38815355,0.06438646,0.96344674
7342,0.3825493,0.061747372,0.95330364
7343,0.23922887,0.0129457135,0.45080003
7344,0.2480715,0.014657453,0.562
7345,0.31852144,0.03395628,1.0008191
7346,0.22857878,0.011275672,0.3222
7347,0.2870927,0.024085717,0.97479993
7348,0.41416386,0.08255568,0.86693656
7349,0.31899306,0.0347418,0.9638271
7350,0.29276875,0.026249774,0.97960544
7351,0.48084232,0.13888222,0.7479886
7352,0.33374727,0.041320045,0.87943465
7353,0.26957187,0.02037417,0.85510004
7354,0.28308427,0.024130693,0.9106876
7355,0.31053567,0.033094063,0.84911525
7356,0.43141693,0.100101665,0.70612514
7357,0.24498634,0.01518452,0.5678
7358,0.33605626,0.04390736,0.7849333
7359,0.3229724,0.03872971,0.7837503
7360,0.46915343,0.13597924,0.638278
7361,0.458536,0.12714154,0.63586164
7362,0.24006481,0.014716378,0.5498
7363,0.3351281,0.045102682,0.7299757
7364,0.34012377,0.047742117,0.7106969
7365,0.30206794,0.032343056,0.73925114
7366,0.3038472,0.033210386,0.7224703
7367,0.21436672,0.010423459,0.24049999
7368,0.3860508,0.07473268,0.6297343
7369,0.29758045,0.031549595,0.704418
7370,0.4305994,0.10929745,0.57577443
7371,0.36637214,0.064252734,0.61501235
7372,0.3146434,0.038927294,0.6524066
7373,0.24127816,0.016140494,0.6789
7374,0.29839623,0.033019632,0.64572865
7375,0.26598692,0.022637092,0.67134434
7376,0.24407928,0.017092003,0.6873831
7377,0.32967046,0.04609758,0.6586612
7378,0.1592,0.011591588,0.15919998
7379,0.0431,0.010477398,0.04310002
7380,0.019399997,0.011151883,0.019400025
7381,0.1564,0.013819496,0.15639998
7382,0.037400007,0.012139548,0.03739997
7383,0.3207414,0.03983461,0.7307
7384,0.40645808,0.08753523,0.8666449
7385,0.40894413,0.08947792,0.8454184
7386,0.36890593,0.06353178,0.871265
7387,0.41431084,0.09384684,0.80562496
7388,0.31412232,0.037297625,0.6955
7389,0.367175,0.06268673,0.8494521
7390,0.3980904,0.08228887,0.80323565
7391,0.3570273,0.057357505,0.83151066
7392,0.30682376,0.034652915,0.6276
7393,0.41025072,0.09171253,0.7506509
7394,0.35562015,0.057107095,0.7920396
7395,0.35640946,0.05773562,0.7768772
7396,0.3121921,0.037214935,0.7473
7397,0.28302112,0.026894026,0.448
7398,0.32587057,0.042063206,0.573
7399,0.31037652,0.03567023,0.41129997
7400,0.012999992,0.013,0.013000029
7401,0.4991817,0.16785648,0.8634777
7402,0.43104273,0.10339846,0.84166944
7403,0.53355396,0.21196027,0.7017147
7404,0.49814272,0.16974895,0.6868213
7405,0.369988,0.063262545,0.744
7406,0.49979925,0.17372753,0.62702405
7407,0.4220932,0.09950325,0.6598468
7408,0.1696,0.03299725,0.1696
7409,0.0,0.0,0.0
7410,0.0793,0.042295553,0.079299994
7411,0.48618862,0.1552767,0.65439266
7412,0.47813252,0.14896095,0.59682405
7413,0.40402007,0.085946165,0.6010526
7414,0.4250184,0.10292524,0.5503145
7415,0.3459,0.053948876,0.3459
7416,0.37759137,0.07042699,0.5446771
7417,0.1998,0.050913125,0.19980001
7418,0.44545457,0.122569986,0.5040551
7419,0.38297966,0.07499476,0.499
7420,0.1071,0.05183775,0.10709999
7421,0.4081172,0.092635065,0.4929
7422,0.5172938,0.20877826,0.39607593
7423,0.4809268,0.16688056,0.37717557
7424,0.4416149,0.12553085,0.41354465
7425,0.5391028,0.2478065,0.3579705
7426,0.49150598,0.18915254,0.32086438
7427,0.7575563,0.80928046,0.22895719
7428,0.46266618,0.16083297,0.28967184
7429,0.5650019,0.3211867,0.23473965
7430,0.6177181,0.44099894,0.207177
7431,0.60216945,0.41305572,0.19788599
7432,0.5601637,0.33069894,0.1959108
7433,0.6347629,0.5070896,0.17681648
7434,0.6163153,0.46631956,0.17448862
7435,0.5538773,0.33191076,0.17985184
7436,0.2852,0.09857713,0.21876177
7437,0.49284822,0.21947744,0.2542118
7438,0.18319999,0.15259278,0.1832
7439,0.81979674,1.2531452,0.19180655
7440,0.655969,0.79065645,0.17006749
7441,0.14239998,0.1424,0.1424
7442,0.0917,0.09170001,0.0917
7443,0.88787186,2.2591,0.124866605
7444,0.48289868,0.48714948,0.17387164
7445,0.7457239,1.8506584,0.14695702
7446,0.73841166,1.6548793,0.15204363
7447,0.80314326,2.0190458,0.14563406
7448,0.5098685,0.45503825,0.1871545
7449,0.42254335,0.23896983,0.2048425
7450,0.1669,0.089398615,0.1669
7451,0.59030074,0.68612206,0.17885982
7452,0.41016647,0.20334418,0.21659128
7453,0.1743,0.09442803,0.1743
7454,0.38317558,0.15331857,0.25629896
7455,0.7650691,1.442035,0.17393576
7456,0.49521214,0.34744278,0.21503095
7457,0.3692902,0.12908389,0.25838327
7458,0.77278715,1.4178165,0.18242224
7459,0.9774192,2.8225484,0.15680128
7460,0.84467447,1.7842863,0.17285633
7461,0.6525894,0.7790042,0.19958438
7462,0.49432486,0.31188104,0.22889178
7463,0.8346618,1.6790866,0.17382528
7464,1.007638,2.8798192,0.16217439
7465,0.9172833,2.1342263,0.1806416
7466,0.43529227,0.19038667,0.27544656
7467,0.32944337,0.07499144,0.32016006
7468,0.36159572,0.10138095,0.31887427
7469,0.40259877,0.14388688,0.31101128
7470,0.6099402,0.5674228,0.24933018
7471,0.5117818,0.3175246,0.27269593
7472,0.48907042,0.27276272,0.2782152
7473,1.0365177,2.9042237,0.19022296
7474,0.6842407,0.79338115,0.25052413
7475,0.70136064,0.8550519,0.2508149
7476,0.66775817,0.7260803,0.26135325
7477,0.37246487,0.10496552,0.35680154
7478,0.8315469,1.4452702,0.24088863
7479,0.42072818,0.15511654,0.3507057
7480,0.57179844,0.4284831,0.30064103
7481,0.8712122,1.6445638,0.24475686
7482,0.4584364,0.20295772,0.3517362
7483,0.3200638,0.061199166,0.4217614
7484,1.004961,2.4712095,0.23913278
7485,1.5956134,5.9712,0.19950859
7486,1.633313,6.1582,0.22736624
7487,1.2145774,3.6154401,0.3071251
7488,0.40996787,0.113611594,0.5776735
7489,0.85646933,1.2694565,0.40105346
7490,0.9094825,1.5082847,0.4220368
7491,0.7743969,0.90089947,0.47267044
7492,0.93282676,1.606997,0.43722323
7493,0.88734525,1.3628434,0.4639458
7494,1.3926045,4.728355,0.37847438
7495,1.0034876,1.8712105,0.49956834
7496,0.58170354,0.32362276,0.6823493
7497,0.49204674,0.18600003,0.7388404
7498,0.59718513,0.35462105,0.6655081
7499,0.26691145,0.0240745,0.705
7500,0.73969513,0.70655495,0.642087
7501,0.9636813,1.6227505,0.5665686
7502,1.2030436,3.0467193,0.52217555
7503,0.28868306,0.029672636,1.0375
7504,0.34075072,0.050945006,1.117381
7505,0.58630913,0.31066757,0.84145457
7506,0.2709642,0.023445548,0.6433
7507,0.3905021,0.075894244,1.2966
7508,0.5455425,0.22714326,1.1499095
7509,0.39563498,0.076739915,1.3083465
7510,0.43358803,0.100444086,1.3847
7511,0.4880116,0.14566833,1.3098389
7512,0.893798,1.0396503,0.9961054
7513,0.6315027,0.33170277,1.0556304
7514,0.57512385,0.24282064,1.0166606
7515,0.7483741,0.58207554,0.8141826
7516,0.47667152,0.13091718,0.9580493
7517,0.36312836,0.052587535,0.6453
7518,0.57716477,0.24819945,0.81500125
7519,0.6048724,0.2923644,0.7501791
7520,0.62105644,0.32166046,0.7068414
7521,0.4068122,0.07884218,0.85605145
7522,0.7039936,0.4922383,0.62256825
7523,1.1962156,2.6005154,0.46369964
7524,1.9330395,6.3033,0.3728053
7525,1.8733832,6.3174,0.42951113
7526,0.6836891,0.3920245,0.81643295
7527,0.4484402,0.09698317,0.9874528
7528,0.3622543,0.047830902,1.0665712
7529,0.47342807,0.11637164,0.9927033
7530,1.2421231,2.6005154,0.5924672
7531,0.8004998,0.6565861,0.78475964
7532,0.461774,0.10604211,1.0489624
7533,0.4971656,0.13669978,0.9765385
7534,0.36541042,0.048934013,0.9721999
7535,0.604194,0.2540518,1.1308131
7536,0.4756843,0.11611132,1.0915902
7537,1.6037507,5.0071063,0.5968795
7538,1.596484,4.8271065,0.5692584
7539,0.6109855,0.24899076,0.9225769
7540,0.7651425,0.53035975,0.7770009
7541,0.5860929,0.22171864,0.84535474
7542,1.0470483,1.4818037,0.6004897
7543,1.1271542,1.8610784,0.5662419
7544,1.890748,5.9888,0.4273791
7545,1.1664289,1.9639218,0.60448426
7546,2.9609597,7.7127004,0.37305453
7547,2.474121,7.2459,0.47826546
7548,1.0684454,1.3442338,0.8537824
7549,0.8629195,0.682231,0.9503995
7550,1.3447709,2.6965575,0.7473728
7551,1.1755494,1.8020331,0.8299055
7552,0.8889413,0.7483306,0.9684801
7553,0.4107925,0.058104724,1.3952218
7554,1.8535705,5.904573,0.6386675
7555,0.5803598,0.17621827,1.2857141
7556,1.8736988,5.8514214,0.6888916
7557,1.1510354,1.5694352,0.9902994
7558,1.4995563,3.348409,0.87046355
7559,0.3721344,0.03753224,1.7475
7560,0.43371743,0.063276,1.6163534
7561,0.75868464,0.4113283,1.2313337
7562,0.49639654,0.10111622,1.4891871
7563,0.53844154,0.13259378,1.507935
7564,0.6680738,0.27566332,1.3031496
7565,0.8625886,0.64816815,1.1124798
7566,1.4317691,3.0597165,0.84607184
7567,0.63206714,0.23085067,1.3290715
7568,0.38562354,0.04471864,1.6314213
7569,0.97388196,0.9739055,0.99088997
7570,1.282097,2.2631803,0.8883899
7571,1.9584084,6.294627,0.7349005
7572,1.9425699,5.962737,0.8344727
7573,1.9379218,5.7244773,0.9406068
7574,0.43989053,0.059414897,2.1590605
7575,0.64364004,0.21480316,1.720888
7576,0.87911254,0.60874563,1.4563754
7577,0.78517175,0.42561397,1.4938616
7578,0.4436845,0.06419988,1.8985568
7579,0.81085676,0.4803484,1.4597635
7580,0.83391404,0.53256285,1.4162244
7581,0.8622142,0.59707123,1.4324583
7582,1.5711107,3.6388617,1.0403913
7583,1.6355888,3.947035,1.0733792
7584,1.1669228,1.505974,1.3494186
7585,1.4325882,2.7453036,1.2097864
7586,1.2286087,1.7497833,1.3407661
7587,1.5853612,3.5546398,1.1780783
7588,1.7345498,4.339134,1.196494
7589,1.2329963,1.6892462,1.5115663
7590,0.83985525,0.50215894,1.8103257
7591,2.015161,5.851449,1.1214932
7592,0.654639,0.21080978,2.283426
7593,0.37052882,0.031160938,2.1756
7594,0.8409315,0.48661122,2.0725446
7595,0.4853732,0.07896643,2.559302
7596,0.40523493,0.04369063,2.529
7597,0.62592375,0.18862578,2.0700119
7598,1.2766998,1.9016371,1.3836648
7599,0.69988465,0.27799073,1.8662045
7600,1.0706893,1.1268368,1.4453784
7601,1.2029086,1.6267693,1.3393433
7602,0.8739634,0.59530455,1.5612727
7603,0.8823982,0.62252665,1.5046529
7604,1.4211751,2.6997342,1.1502069
7605,1.2035898,1.6612064,1.2825348
7606,0.33465734,0.024751421,2.2186
7607,0.73722285,0.33858705,2.0084872
7608,1.024855,1.0036536,1.6311002
7609,0.49107385,0.089106046,2.2656922
7610,0.28663692,0.014801056,1.2474
7611,0.6487379,0.22772521,1.9650764
7612,0.5701342,0.14982001,1.9887221
7613,1.0118904,1.0022261,1.4285265
7614,1.0569873,1.1595937,1.3715917
7615,1.1530333,1.5276263,1.2951983
7616,0.8957561,0.69043195,1.4644017
7617,0.40684977,0.050538063,2.0897377
7618,0.41336423,0.053774647,1.9881151
7619,0.3628974,0.03512523,2.0094316
7620,0.6420471,0.23865558,1.4921752
7621,0.6978844,0.3178141,1.4217541
7622,0.7315158,0.37565163,1.3605868
7623,1.0524864,1.23275,1.1026435
7624,0.522382,0.12451659,1.5591679
7625,0.70725554,0.34381548,1.3554523
7626,0.58081746,0.18062843,1.4521478
7627,0.56039995,0.16113275,1.4950519
7628,0.46958914,0.089962184,1.598934
7629,0.48706847,0.102788694,1.5045971
7630,1.4890151,3.5197031,0.8296117
7631,1.1777397,1.7955154,0.98826426
7632,0.5932241,0.19640365,1.4024999
7633,1.20906,1.9600177,0.9506008
7634,0.70276767,0.34862784,1.2648133
7635,0.2766926,0.015640263,1.3205
7636,0.32822242,0.027896106,1.7121037
7637,0.4937814,0.10980602,1.4111165
7638,0.51351345,0.12644607,1.3486179
7639,0.68331546,0.32840562,1.2132558
7640,0.52394307,0.13636842,1.3981221
7641,0.89323884,0.80313826,1.0372481
7642,0.6271356,0.25355026,1.220175
7643,0.6467793,0.28272554,1.2123677
7644,0.9430184,0.97988445,0.97826606
7645,0.83631444,0.67066,1.032181
7646,1.0254356,1.2945905,0.918653
7647,0.63081986,0.26859748,1.1720088
7648,0.29006338,0.020205902,1.391
7649,0.3233628,0.029278142,1.5162132
7650,0.24417895,0.011489334,0.8091999
7651,0.30599755,0.024473809,1.4901
7652,0.865971,0.7838836,0.89131856
7653,0.37083605,0.047253046,1.3586047
7654,0.2680131,0.015934467,0.9786999
7655,0.25499487,0.013558285,0.8238
7656,0.367729,0.045995563,1.4215987
7657,0.530444,0.1549554,1.313097
7658,0.49634898,0.12513033,1.3144032
7659,0.42530045,0.0752323,1.3717248
7660,0.85589117,0.7704038,0.93964994
7661,0.9079781,0.93715006,0.90504724
7662,1.0274279,1.3884889,0.84786683
7663,0.8586632,0.78774506,0.93574566
7664,0.74973744,0.5100144,0.99354506
7665,0.26895595,0.016823567,0.88760006
7666,0.32954973,0.033322096,1.4350896
7667,0.7777517,0.583644,0.93347234
7668,0.5874406,0.23290773,1.0593655
7669,0.49854144,0.13500504,1.1794643
7670,0.77301705,0.58080983,0.9475824
7671,0.8402957,0.76623005,0.9052676
7672,0.8764805,0.882344,0.8808491
7673,0.52312475,0.16210993,1.1333969
7674,0.8548416,0.8247795,0.86614436
7675,0.6391697,0.3203048,0.996554
7676,0.61286956,0.28110445,0.9981339
7677,0.34119925,0.04006954,1.3016005
7678,0.48081863,0.124196745,1.2483324
7679,0.66707283,0.3709512,1.046592
7680,0.47197828,0.11796128,1.2190443
7681,0.2843077,0.021676235,0.8546
7682,0.49220634,0.13572328,1.2044214
7683,0.3394026,0.03935053,1.4046372
7684,0.6458635,0.3386655,0.9924369
7685,0.35703105,0.047133744,1.3034903
7686,0.23837604,0.01224878,0.3144
7687,0.30625704,0.028011715,0.9771
7688,0.57814115,0.2339026,1.0933633
7689,0.5850919,0.24473064,1.0642374
7690,0.6036488,0.2730819,1.0270495
7691,0.340153,0.040414624,1.333201
7692,0.63552433,0.32713214,0.95132846
7693,0.6990131,0.45099258,0.89314145
7694,0.6582013,0.37200975,0.9121924
7695,0.5631594,0.22320555,0.9716275
7696,0.55258816,0.21103203,0.9623678
7697,0.5714536,0.23767978,0.92870384
7698,0.46743312,0.12247617,1.0071765
7699,0.3686093,0.05571033,1.1059124
7700,0.25923076,0.017260669,0.6766
7701,0.27557248,0.021129357,0.8172
7702,0.40093437,0.074164174,1.0484911
7703,0.4806255,0.13680609,0.9360368
7704,0.31811497,0.03464713,1.121833
7705,0.47595862,0.1340383,0.89599663
7706,0.32397863,0.03729598,1.0602095
7707,0.3156035,0.034355544,1.045674
7708,0.42471948,0.093260355,0.8833733
7709,0.36036202,0.05402238,0.9607553
7710,0.25616527,0.016888151,0.28820002
7711,0.3081721,0.030009951,0.34059995
7712,0.6393998,0.34049222,1.0860031
7713,0.4535498,0.10830694,1.2194709
7714,0.5052338,0.15536588,1.098748
7715,0.53219485,0.18519223,1.0277679
7716,0.5395586,0.19449751,0.9861224
7717,0.5125798,0.16454421,0.9811041
7718,0.37840542,0.059899993,1.1060165
7719,0.399327,0.071748175,1.0624243
7720,0.5281243,0.18331553,0.8970732
7721,0.33878168,0.04177163,0.8714
7722,0.4988063,0.15279788,0.87890583
7723,0.4973516,0.152203,0.8606248
7724,0.48548496,0.14126013,0.8525426
7725,0.34565607,0.045631595,0.9863868
7726,0.3971201,0.07292416,0.89778584
7727,0.78917205,0.70987934,0.6607827
7728,0.57218677,0.24718577,0.77274555
7729,0.3890582,0.06860228,0.9192665
7730,0.48622894,0.14527452,0.804286
7731,0.33417174,0.041709967,0.9282
7732,0.27378368,0.021474015,0.28340003
7733,0.2975905,0.028328078,0.5135
7734,0.34262937,0.045501407,0.93374324
7735,0.3159126,0.034833383,0.7336
7736,0.40434968,0.07973814,0.8315046
7737,0.39304152,0.07280971,0.8351552
7738,0.1811,0.020955298,0.18109998
7739,0.30905718,0.031924218,0.3584
7740,0.33614004,0.042314984,0.6449
7741,0.32856518,0.03928509,0.5862
7742,0.30955657,0.032263335,0.41319996
7743,0.38605794,0.06766967,0.894
7744,0.39620394,0.07414002,0.85657656
7745,0.427142,0.09581219,0.8031175
7746,0.31575495,0.03507204,0.5492
7747,0.35466743,0.05149088,0.8296
7748,0.34077224,0.045239095,0.7194
7749,0.41342846,0.086541645,0.7944794
7750,0.31331688,0.034426954,0.4619
7751,0.3186976,0.03656815,0.5312
7752,0.1768,0.025049696,0.17679997
7753,0.41880658,0.09091458,0.7712527
7754,0.32979083,0.041120704,0.6033
7755,0.30321044,0.031176297,0.3503
7756,0.33860543,0.04518682,0.6996
7757,0.3008802,0.030552909,0.3249
7758,0.440436,0.107813634,0.77972674
7759,0.2691,0.034570936,0.26909998
7760,0.07410001,0.033676684,0.074099965
7761,0.100099996,0.035326872,0.10010002
7762,0.34049314,0.045060385,0.3457
7763,0.39320332,0.07342666,0.7506302
7764,0.49166152,0.15625249,0.6358214
7765,0.53334916,0.20687962,0.584904
7766,0.48557636,0.15269898,0.591793
7767,0.39630064,0.078130655,0.63392824
7768,0.4608153,0.12902293,0.6117593
7769,0.40430334,0.08401428,0.62927306
7770,0.43007034,0.10418884,0.5845516
7771,0.43047756,0.10536815,0.5661387
7772,0.39697218,0.08105888,0.57057863
7773,0.33849132,0.047965635,0.3997
7774,0.1173,0.046778865,0.11730001
7775,0.5176704,0.19627778,0.51586944
7776,0.52392936,0.20705412,0.47969663
7777,0.44860238,0.1249137,0.49157074
7778,0.37182945,0.06746048,0.5152471
7779,0.1717,0.048126858,0.17170002
7780,0.38240185,0.07490089,0.4822264
7781,0.5237173,0.21610989,0.3965347
7782,0.37667632,0.0727104,0.45399
7783,0.37318698,0.07112947,0.44243369
7784,0.49424893,0.18336691,0.37410527
7785,0.4440097,0.12951013,0.38645786
7786,0.36807784,0.06985598,0.41562736
7787,0.51360905,0.2125262,0.36310962
7788,0.5168142,0.21917169,0.35326895
7789,0.50224406,0.20122892,0.35081235
7790,0.46679464,0.15917532,0.35689563
7791,0.42565456,0.118063495,0.36680692
7792,0.44510135,0.13822752,0.3521652
7793,0.3791992,0.08164448,0.37533718
7794,0.3584645,0.06791427,0.38995966
7795,0.39292267,0.09298769,0.36517128
7796,0.5878182,0.35821056,0.2932124
7797,0.2511,0.049642157,0.2511
7798,0.43758315,0.13253152,0.39742884
7799,0.56170624,0.3080873,0.3299292
7800,0.5702667,0.32772595,0.31321403
7801,0.5176559,0.24029009,0.31739682
7802,0.42033058,0.12130103,0.34141514
7803,0.46807167,0.17455485,0.3232014
7804,0.65890944,0.5464092,0.26481557
7805,0.67688066,0.6016657,0.2559968
7806,0.5558604,0.3170126,0.27868626
7807,0.4937539,0.21582283,0.2904595
7808,0.2824,0.06280605,0.2824
7809,0.3172,0.07562617,0.3172
7810,0.3833028,0.09359924,0.33439127
7811,0.37549657,0.08783498,0.3355414
7812,0.8268358,1.1814123,0.229369
7813,0.4492085,0.16084373,0.30258635
7814,0.7752049,0.9778504,0.21978122
7815,0.82453585,1.1953012,0.20953695
7816,0.66583425,0.60224175,0.23250872
7817,0.577673,0.38046542,0.24636021
7818,0.4504002,0.167949,0.2748062
7819,0.8604887,1.3853114,0.21019985
7820,0.8145272,1.1657732,0.21488132
7821,1.0416639,2.4682252,0.1884669
7822,0.7179117,0.76824987,0.23518194
7823,0.6103537,0.4543883,0.25406724
7824,0.59952456,0.43128797,0.25384113
7825,0.42457855,0.13814266,0.2993922
7826,0.6881726,0.6828697,0.23957299
7827,0.55289644,0.33445877,0.2664237
7828,0.5288368,0.2905831,0.26954538
7829,0.4159763,0.13161927,0.30099437
7830,0.9467976,1.9069396,0.19597615
7831,1.1703594,3.4623601,0.18147157
7832,0.9778661,2.02218,0.21375695
7833,0.75856316,0.9086894,0.25270066
7834,0.5682966,0.3546266,0.2958464
7835,0.88117194,1.4663864,0.23649652
7836,0.6361431,0.51418346,0.28651088
7837,0.7366937,0.8318927,0.26693925
7838,1.0539744,2.5046427,0.22498995
7839,0.38763452,0.09806352,0.39326003
7840,0.80003065,1.0596215,0.29032624
7841,1.0895803,2.6928046,0.25275436
7842,1.0857288,2.614255,0.2678782
7843,0.5298616,0.26402298,0.40706244
7844,0.51056176,0.23450497,0.41328278
7845,0.34693256,0.0649058,0.49987996
7846,0.4645183,0.17007892,0.47162896
7847,0.74484324,0.80323946,0.3840886
7848,1.0056937,2.0447571,0.33128533
7849,0.84433895,1.1787508,0.3757823
7850,1.0539638,2.303148,0.34135425
7851,1.3989912,4.810257,0.30870816
7852,1.1163367,2.5517483,0.38597688
7853,0.9834372,1.7241799,0.43372852
7854,1.1006501,2.383392,0.4226162
7855,1.0532266,2.0618222,0.45338604
7856,1.1930482,2.907773,0.4425339
7857,0.5869233,0.3078265,0.6722833
7858,0.84581244,1.0172296,0.5558779
7859,0.7821754,0.79129654,0.58552307
7860,0.6804076,0.50354785,0.6320974
7861,0.31439006,0.03865052,0.9245635
7862,0.6272245,0.38676172,0.6542796
7863,0.7125956,0.59044373,0.61108464
7864,0.2829425,0.027362732,0.8024
7865,0.8893394,1.1742977,0.66040206
7866,0.55186355,0.24500322,0.87053275
7867,0.60221624,0.3268756,0.8239798
7868,0.5134097,0.192203,0.88419473
7869,1.1311158,2.3979855,0.5883261
7870,0.69977254,0.52405775,0.78545207
7871,0.38189456,0.06993508,1.0561854
7872,0.70631635,0.5358011,0.8093467
7873,0.54583234,0.2282459,0.91810614
7874,1.1550065,2.477088,0.6227774
7875,0.39822847,0.07706287,1.1965846
7876,0.42972255,0.09913922,1.1259606
7877,0.9416827,1.2992787,0.7490493
7878,0.5615266,0.23985693,0.98425376
7879,0.65557444,0.4011633,0.8985628
7880,0.47838762,0.14089885,1.0416785
7881,0.4033048,0.0797558,1.1115979
7882,1.6645058,5.89523,0.6578135
7883,1.0885403,1.8044585,1.0744718
7884,0.38596657,0.05917925,1.1563
7885,0.4699893,0.107682995,1.1042
7886,0.634774,0.2950556,1.5591139
7887,1.0039996,1.3211958,1.0206223
7888,1.7189019,5.592,0.6915583
7889,1.1694593,2.009705,0.8417
7890,0.71243584,0.41233307,1.0314499
7891,2.7715213,7.4619,0.4801238
7892,1.2193762,2.1656523,0.835075
7893,0.950717,0.9985454,0.95371026
7894,1.832076,6.0510063,0.6705889
7895,0.49207768,0.10753323,1.4458231
7896,1.4372287,3.248931,0.9027437
7897,1.9933006,6.5943,0.7883558
7898,1.9032747,5.924994,0.9069864
7899,1.8328364,5.265219,1.0244662
7900,0.37962028,0.037068255,1.507
7901,0.31142542,0.019235048,0.88299996
7902,0.33986685,0.025205921,0.7861999
7903,1.6396384,3.9104807,1.3214724
7904,1.9452175,5.681006,1.2339394
7905,1.9696223,5.6280603,1.3200647
7906,2.2448704,6.980314,1.3338565
7907,1.6655395,3.4905121,1.7374797
7908,1.028328,0.81863904,2.2538457
7909,0.8404327,0.4285838,2.3645191
7910,0.4882529,0.070877,2.5413
7911,0.42704472,0.04558723,2.0594
7912,0.29479542,0.013161848,0.7226
7913,0.3874051,0.032760587,1.4889
7914,0.418216,0.042638972,1.7342
7915,0.83884007,0.4413008,2.0990264
7916,0.82132906,0.41760567,2.0057192
7917,0.7901495,0.3728024,1.9391887
7918,1.1006892,1.1120187,1.5683055
7919,0.88394976,0.55312884,1.7050726
7920,1.7115848,4.02601,1.1792167
7921,1.0513911,0.9601256,1.5886928
7922,0.9404587,0.677718,1.6337199
7923,1.1314677,1.2398127,1.4416772
7924,1.2490841,1.6935315,1.350503
7925,1.3042859,1.9331551,1.3172699
7926,1.6918082,3.9272478,1.1584319
7927,1.2788303,1.7859006,1.4068412
7928,1.4626572,2.6368394,1.3113041
7929,1.7104889,3.9370396,1.2344347
7930,1.3572527,2.0766284,1.45926
7931,0.8110721,0.40881723,1.881188
7932,1.1978282,1.451077,1.4839464
7933,0.61658853,0.16809097,2.0211904
7934,0.6585383,0.21281065,1.8522394
7935,1.0436714,0.9790886,1.4073646
7936,1.0606992,1.0423678,1.3660862
7937,0.6506093,0.21270262,1.7010409
7938,0.43919146,0.05792158,1.9592885
7939,0.68696314,0.26107404,1.5539122
7940,1.1139702,1.2736782,1.1761521
7941,0.73919004,0.3412139,1.4275283
7942,0.84119946,0.5284635,1.3318863
7943,0.4144599,0.050137855,1.9416721
7944,1.0359842,1.0410328,1.2875485
7945,0.5642876,0.14255518,1.7039406
7946,0.43485388,0.060368787,1.842584
7947,0.29466635,0.0162566,1.2497
7948,0.49689764,0.093474075,1.9589945
7949,0.8704956,0.6081414,1.456947
7950,0.32931367,0.02393898,1.4286
7951,0.5006395,0.097952954,1.8665754
7952,0.44683325,0.06736612,1.9422911
7953,0.75069225,0.3849137,1.4436084
7954,0.3850337,0.04175661,1.8525
7955,1.3139479,2.256452,1.2062557
7956,1.61041,3.8907201,1.1043026
7957,0.80961025,0.476341,1.6426973
7958,0.6639034,0.24964145,1.7428335
7959,0.8140108,0.49651906,1.510076
7960,0.30764022,0.01947093,1.07
7961,0.3264779,0.023620833,1.1072
7962,0.45199433,0.07016332,2.0679
7963,0.5665607,0.15059488,1.803331
7964,0.8805377,0.6563784,1.3896228
7965,0.7315538,0.36001265,1.4922845
7966,0.78326875,0.45640266,1.392224
7967,0.5915098,0.18155563,1.5477467
7968,1.7433828,4.9048038,0.86638325
7969,0.55233145,0.1401761,1.6714938
7970,0.4380389,0.06524147,1.786083
7971,1.0148753,1.0608369,1.1289752
7972,1.0402426,1.1550761,1.104291
7973,0.96061385,0.9029201,1.1411
7974,0.36245516,0.03580169,1.7239001
7975,0.6109391,0.20481396,1.4784043
7976,0.42158175,0.059215765,1.8386385
7977,0.70664626,0.33459982,1.3984619
7978,1.3234593,2.4537425,0.9898784
7979,1.3271822,2.4455473,1.0420936
7980,0.3735559,0.03924457,1.5924
7981,0.35872516,0.03453551,1.4776
7982,0.34394625,0.030010108,1.2565
7983,1.0218314,1.1144446,1.1439545
7984,0.96892536,0.94655114,1.1643473
7985,1.3540411,2.62555,0.9716102
7986,1.2783785,2.2051802,1.032027
7987,0.6313153,0.22970343,1.492158
7988,0.31447107,0.022547122,1.2105
7989,0.5414907,0.14012301,1.5004036
7990,0.743913,0.40777975,1.2417911
7991,0.34939003,0.03262581,1.4226
7992,0.3295533,0.026918376,1.1978
7993,0.5797875,0.17962311,1.4298748
7994,0.50633144,0.11544674,1.4721028
7995,0.33035925,0.027912924,1.2612
7996,0.3733767,0.042361114,1.5835901
7997,0.31850237,0.024827093,1.0228
7998,0.34360045,0.031097436,0.8002
7999,0.3438101,0.03123196,0.80619997
8000,0.38937014,0.047561888,1.2229
8001,1.8920839,6.1263604,0.80639905
8002,1.7099313,4.7179875,0.94373554
8003,0.5135553,0.10944068,1.8394247
8004,0.40162587,0.048513364,1.5797
8005,0.42912105,0.061072446,1.8096
8006,0.30852523,0.020422861,0.7711
8007,0.29945526,0.018586736,0.6884
8008,0.32030675,0.023405427,0.9135
8009,0.2825669,0.015483982,0.52440006
8010,0.29786348,0.018351268,0.54520005
8011,0.499218,0.103358,1.6407341
8012,0.49962693,0.103853144,1.6517514
8013,0.77080333,0.4439821,1.2854867
8014,0.44743368,0.07314359,1.6104952
8015,0.40513578,0.05291934,1.4042
8016,0.40740898,0.054174945,1.3825
8017,1.1498058,1.64909,0.907833
8018,1.0929457,1.4112339,0.93389106
8019,1.0720053,1.3323672,0.94157314
8020,1.2103012,1.9355496,0.8837964
8021,1.1414937,1.6173658,0.9235751
8022,0.3442227,0.031223334,1.1082
8023,0.3776321,0.042889647,1.4189
8024,0.31985122,0.024811234,0.9027
8025,1.0606192,1.3165078,0.8734125
8026,1.0822213,1.4067031,0.866876
8027,1.0213902,1.1777651,0.8971433
8028,0.9299106,0.8787308,0.93973696
8029,1.0056424,1.1361257,0.89600027
8030,0.27496126,0.015484494,0.6466
8031,0.36647308,0.040017385,1.3379
8032,0.7736244,0.48765695,1.0931817
8033,0.82937485,0.61871034,1.0333887
8034,0.9296269,0.9031512,0.95999366
8035,0.9332511,0.9206915,0.9504343
8036,0.4728344,0.097954646,1.3186399
8037,0.9457508,0.9758221,0.9045333
8038,0.9440331,0.97616667,0.9013908
8039,0.812397,0.60499966,0.9675077
8040,0.7934004,0.5652621,0.9650666
8041,0.3225006,0.028383601,1.2446
8042,0.5950034,0.22176738,1.0631407
8043,0.79853153,0.59280235,0.89604515
8044,0.45309007,0.09107102,1.169578
8045,0.53584546,0.16117679,1.0445112
8046,0.83906084,0.7168252,0.814771
8047,0.84331995,0.7348529,0.806572
8048,0.5075515,0.13829477,1.0299654
8049,0.26935986,0.016767904,0.8503
8050,0.32206917,0.0297632,1.0343
8051,0.8038646,0.6291056,0.9372463
8052,0.6286199,0.28176373,1.0463893
8053,0.656982,0.3291047,1.0014017
8054,0.7212537,0.45195097,0.9374038
8055,0.38120958,0.05439434,1.2617389
8056,0.62264735,0.2821773,0.9605313
8057,0.31085205,0.027931096,1.0875
8058,0.7463087,0.51833564,0.8667806
8059,0.44839367,0.09604332,1.1010299
8060,0.45319974,0.100330934,1.0656031
8061,0.6173781,0.2837865,0.89130986
8062,0.6351949,0.31477442,0.8632632
8063,0.29735056,0.025153693,1.0044
8064,0.28937772,0.022679219,0.6905
8065,0.26271465,0.016433448,0.36979994
8066,0.46326014,0.10882198,1.1564761
8067,0.36220235,0.04803279,1.2666409
8068,0.42225415,0.08043595,1.157872
8069,0.47361773,0.118767284,1.0630639
8070,0.4617649,0.109838314,1.0488368
8071,0.4664959,0.11441147,1.0172479
8072,0.49679244,0.14218028,0.96236897
8073,0.515253,0.16180421,0.9242672
8074,0.48356178,0.13189995,0.9338289
8075,0.41869834,0.082097776,0.98058134
8076,0.34668213,0.04395732,1.0496018
8077,0.48095506,0.13221058,0.8703341
8078,0.56530255,0.22848144,0.7874351
8079,0.43632513,0.09706161,0.8806652
8080,0.40119207,0.07385497,0.8984076
8081,0.319348,0.034670573,0.98230934
8082,0.51527184,0.17273755,0.7570003
8083,0.43595913,0.099682644,0.8086678
8084,0.2970798,0.027848471,0.9466
8085,0.3409121,0.0443855,0.872866
8086,0.32925963,0.039776143,0.86801946
8087,0.28294343,0.024114806,0.82879996
8088,0.30231747,0.030263804,0.8657214
8089,0.48790693,0.15083668,0.67191076
8090,0.260715,0.01871716,0.5984
8091,0.29153156,0.027326677,0.84005654
8092,0.30903536,0.033412095,0.79875845
8093,0.2932718,0.02822728,0.8027506
8094,0.39714247,0.07831998,0.6768015
8095,0.354178,0.05374585,0.71188074
8096,0.27306944,0.022688713,0.79404837
8097,0.35178426,0.052250784,0.77978855
8098,0.37916055,0.0675554,0.7372268
8099,0.28667748,0.026695985,0.7476
8100,0.28235492,0.025501814,0.7106
8101,0.28249946,0.025673248,0.7235
8102,0.2553291,0.018404666,0.4119
8103,0.24458496,0.016006997,0.28449997
8104,0.1621,0.020226505,0.1621
8105,0.35083473,0.050862234,0.7905
8106,0.51970613,0.18871142,0.8132558
8107,0.42752957,0.0986802,0.8675487
8108,0.30986735,0.03374156,0.4214
8109,0.107999995,0.05869216,0.107999995
8110,0.5175727,0.17785351,0.944
8111,0.4306788,0.10748131,0.5814
8112,0.3964173,0.084887326,0.4507
8113,0.319,0.07420897,0.31900004
8114,0.48539394,0.17093287,0.6735611
8115,0.49591973,0.18899512,0.5540205
8116,0.51878947,0.22122933,0.5151515
8117,0.589986,0.3493566,0.41087368
8118,0.53124905,0.2529058,0.37786558
8119,0.49217197,0.20003322,0.35409984
8120,0.5677059,0.3266924,0.30456424
8121,0.2648,0.07546983,0.2648
8122,0.3512,0.09028401,0.3512
8123,0.3612,0.09053728,0.3292243
8124,0.39877117,0.10515853,0.30415916
8125,0.1604,0.0759614,0.1604
8126,0.1571,0.0800845,0.1571
8127,0.0659,0.0659,0.065900005
8128,0.1635,0.08839586,0.1635
8129,0.46749875,0.18302533,0.25391617
8130,0.4676259,0.18688507,0.23778431
8131,0.3324,0.12552673,0.23381318
8132,0.5007368,0.24349415,0.20315821
8133,0.484795,0.2243947,0.18813653
8134,0.1942,0.11672208,0.1942
8135,0.08769999,0.0877,0.08770001
8136,0.14679998,0.1468,0.1468
8137,0.07850001,0.0785,0.0785
8138,0.42,0.19786312,0.13824803
8139,0.2701,0.1672831,0.1305211
8140,0.5239579,0.3418735,0.109849386
8141,0.49172503,0.2828703,0.10766841
8142,0.5927638,0.5335421,0.093811795
8143,0.6878552,0.87801313,0.08444109
8144,0.6044997,0.5834449,0.08880023
8145,0.45526698,0.23178115,0.10075519
8146,0.6544391,0.7738928,0.08204613
8147,0.43071562,0.1970157,0.100785896
8148,0.2013,0.13608223,0.106147416
8149,0.6273706,0.6824512,0.08947653
8150,0.6153864,0.6503509,0.08737682
8151,0.6988349,0.9928321,0.07981559
8152,0.4793788,0.29222572,0.09553116
8153,0.43893626,0.22099376,0.097629346
8154,0.51800245,0.38706306,0.087929554
8155,0.43756634,0.22383666,0.09439652
8156,0.45473763,0.25712237,0.091142274
8157,0.4351908,0.22439793,0.09242351
8158,0.74468076,1.2945591,0.07293008
8159,0.6303458,0.76146436,0.080062516
8160,0.67650914,0.9623458,0.07679475
8161,0.62952554,0.7665335,0.07982358
8162,0.7047609,1.1063391,0.07537093
8163,0.59754616,0.65158105,0.08281251
8164,0.5990949,0.6606694,0.082814634
8165,0.6111953,0.7084533,0.08222425
8166,0.5323631,0.4532342,0.088664964
8167,0.5216943,0.42664623,0.08961908
8168,0.6351222,0.8148905,0.08116884
8169,0.49365407,0.3585828,0.093228586
8170,0.40726024,0.19070642,0.10281307
8171,0.1371,0.10638577,0.11599075
8172,0.3232,0.14480777,0.11790821
8173,0.49566415,0.3646968,0.100974284
8174,0.46893147,0.3055592,0.10343585
8175,0.5698851,0.58343256,0.09361078
8176,0.6100084,0.7311396,0.09030031
8177,0.4031574,0.18757717,0.111770384
8178,0.46579453,0.30430114,0.10403578
8179,0.42941377,0.23321506,0.109597966
8180,0.70827585,1.1947414,0.08612215
8181,0.6438738,0.87949073,0.0917369
8182,0.6198812,0.7779427,0.094768174
8183,0.66926575,0.995695,0.09188135
8184,0.2619,0.111360475,0.1305087
8185,0.42403215,0.21762018,0.14058833
8186,0.80415213,1.74166,0.09644777
8187,0.50370693,0.38637364,0.12210813
8188,0.8089553,1.7732188,0.09355388
8189,0.708641,1.1650441,0.10147185
8190,0.4745647,0.31579053,0.1250011
8191,0.515161,0.4160034,0.11862453
8192,0.9392613,2.7462108,0.086851515
8193,0.9826472,3.0522,0.08942827
8194,0.45791245,0.2681373,0.14044136
8195,0.6344712,0.7808952,0.122063264
8196,0.40801704,0.18265758,0.15398914
8197,0.4152013,0.1915345,0.16660248
8198,0.9366031,2.5834823,0.10807291
8199,0.5215636,0.39992607,0.152093
8200,0.44577232,0.23857649,0.1635849
8201,0.4858102,0.3182218,0.15541445
8202,0.5128273,0.3814626,0.15070584
8203,0.6376187,0.7785722,0.13485354
8204,0.8236477,1.7400982,0.11958194
8205,0.6290488,0.734667,0.14203914
8206,0.3539499,0.10984927,0.19210437
8207,0.2874,0.11187566,0.22914621
8208,0.50268644,0.33061028,0.23957472
8209,0.9795061,2.818763,0.14579481
8210,1.1965461,3.9421,0.1217756
8211,0.97287893,2.6847143,0.13420685
8212,0.89078313,2.0392218,0.13973442
8213,0.76290596,1.252697,0.1512442
8214,0.5251682,0.37284052,0.18158631
8215,0.5440635,0.42089543,0.17482847
8216,0.7258705,1.075315,0.14972422
8217,0.45318285,0.23012918,0.19084573
8218,0.40388325,0.15757632,0.19971131
8219,0.49089843,0.30171597,0.18169372
8220,0.42896745,0.19360282,0.19270219
8221,1.5041435,4.6432,0.13185614
8222,1.470452,4.6981,0.13032663
8223,0.6365995,0.6456669,0.20439331
8224,0.4142347,0.15712616,0.24261074
8225,0.42196944,0.16562231,0.25679237
8226,0.46922192,0.23905943,0.22303078
8227,1.8146316,5.4336,0.10461325
8228,0.9192341,2.0177555,0.15886945
8229,0.5059123,0.29484233,0.2164109
8230,0.7258037,0.95705533,0.18681102
8231,2.1541855,6.0853,0.107079774
8232,1.5879396,5.188,0.13743809
8233,0.80935067,1.2344631,0.21256687
8234,0.8086245,1.2279361,0.21348901
8235,0.7104748,0.81073356,0.22981842
8236,0.6534595,0.6189676,0.24001265
8237,0.5190648,0.29101348,0.2692247
8238,0.4121495,0.13578327,0.2999307
8239,0.44010055,0.16973369,0.2871646
8240,1.2235731,4.1113276,0.17478877
8241,1.8832151,6.049,0.15657367
8242,1.6237236,5.6663,0.192753
8243,0.5379788,0.28069755,0.38411406
8244,0.45506802,0.16117747,0.4231887
8245,0.43791026,0.13973737,0.4853864
8246,2.0478241,6.1076,0.24322285
8247,1.8554689,5.9093,0.27416182
8248,1.6344233,5.6043,0.3212449
8249,1.240083,3.1885724,0.4098552
8250,0.3526961,0.054687258,0.7897
8251,1.9871689,6.4253,0.33475757
8252,1.2159821,2.793914,0.49282578
8253,1.1588534,2.390203,0.5305918
8254,0.43192124,0.09718986,0.90258545
8255,0.5343498,0.1982956,0.80701166
8256,0.5066852,0.16700825,0.81316525
8257,0.3918206,0.06983681,1.0257528
8258,0.5226084,0.18197735,0.9014296
8259,0.7369665,0.5568754,0.8644261
8260,1.0369197,1.6631795,0.65430576
8261,0.682829,0.434326,0.76237726
8262,0.85146964,0.89858824,0.64032716
8263,0.42956087,0.09394569,0.86799663
8264,0.68529063,0.4396663,0.7449588
8265,2.359895,6.6734,0.35893008
8266,2.0506878,6.3362,0.42042795
8267,1.1752125,2.2062736,0.6204049
8268,1.8987002,6.2644,0.49011615
8269,2.7425084,7.6512995,0.4525429
8270,0.61464864,0.24328345,1.135367
8271,0.66765165,0.32176962,1.0926478
8272,0.50178564,0.12527743,1.2206048
8273,0.76586455,0.5114716,1.0070295
8274,1.4088131,3.3341677,0.7231732
8275,2.1869228,7.0401,0.6045598
8276,0.6811703,0.31977975,1.2577919
8277,0.6962515,0.34730417,1.2070049
8278,1.7266526,5.170963,0.7427068
8279,0.7641711,0.45552695,1.2336799
8280,0.51210123,0.12145147,1.4619268
8281,2.0389678,7.012088,0.7026628
8282,0.59388757,0.18767475,1.5029272
8283,1.9235405,6.066804,0.80208516
8284,1.8035626,5.117026,0.93123484
8285,1.2484623,1.8954414,1.2277613
8286,1.5690582,3.5615396,1.1129082
8287,1.5346738,3.3050756,1.1805193
8288,1.3259156,2.1780312,1.3221369
8289,1.1771256,1.5185064,1.4756356
8290,2.126189,6.6023183,1.193452
8291,1.6599073,3.7480288,1.5202546
8292,1.1792893,1.4046272,1.874719
8293,0.6819144,0.23891988,2.3830163
8294,0.5293439,0.1039375,2.522116
8295,0.52502376,0.101681925,2.5124667
8296,0.31646088,0.018758522,1.569
8297,0.34626395,0.025438055,1.8044001
8298,0.26874116,0.010984695,1.0085999
8299,0.3257241,0.02078558,1.4682
8300,0.59456325,0.15736216,2.2305574
8301,0.6433354,0.20763308,2.024539
8302,0.56051433,0.13279836,2.0498383
8303,0.5765575,0.14795007,1.9130822
8304,1.7148647,4.3028626,1.0724666
8305,2.113957,6.4655,1.0299065
8306,1.5134778,2.927971,1.3720536
8307,1.4031792,2.3540518,1.4598814
8308,1.1489307,1.293745,1.637528
8309,0.96515924,0.7505525,1.7569174
8310,0.44436914,0.057452355,2.5423229
8311,1.6177498,3.5118985,1.2910539
8312,1.4216477,2.4511545,1.4334598
8313,0.5950129,0.15119362,2.2120888
8314,0.44971806,0.06006513,2.3737814
8315,0.27090237,0.011080787,1.3877
8316,0.42785785,0.05134771,2.3724515
8317,0.61484927,0.17531434,1.8794099
8318,0.69822437,0.27209768,1.6809155
8319,0.47347707,0.07533455,1.9387591
8320,0.41438895,0.048610646,2.0208223
8321,0.34366864,0.026187725,2.0369
8322,0.5063369,0.097104825,1.6810346
8323,0.5402353,0.12234187,1.5532469
8324,0.9238165,0.7330793,1.1465554
8325,0.43292677,0.05983446,1.6259053
8326,0.5822646,0.16220276,1.4281361
8327,0.53957593,0.12743334,1.4317534
8328,0.65671766,0.24910061,1.2497264
8329,0.3133954,0.021204593,1.7408037
8330,0.51208943,0.10950344,1.4452758
8331,0.6677871,0.26894233,1.2334701
8332,1.2366412,1.954394,0.8828172
8333,1.1745112,1.674935,0.92106783
8334,1.4694484,3.163875,0.8291261
8335,1.0865649,1.3042321,1.0113428
8336,0.46053308,0.07794911,1.567681
8337,0.6540779,0.2542272,1.2994887
8338,1.2009684,1.8108258,0.92919165
8339,1.147921,1.5823207,0.9617772
8340,0.84747297,0.6087026,1.1252054
8341,0.94037807,0.85883063,1.0801066
8342,0.835663,0.5925415,1.1291914
8343,0.7203584,0.36838716,1.1891664
8344,0.31792644,0.024225103,1.727931
8345,0.42976302,0.06687479,1.4675406
8346,0.6253584,0.23684356,1.1882548
8347,1.0555861,1.3107276,0.9029084
8348,0.67370147,0.30856612,1.1301616
8349,0.37529525,0.04422671,1.4607297
8350,0.33015677,0.028872421,1.5727522
8351,0.38939404,0.05055381,1.4116958
8352,0.3978245,0.054425035,1.4252987
8353,0.49036828,0.10968509,1.3302029
8354,0.6116,0.23129284,1.1811633
8355,0.9819588,1.0858339,0.9974328
8356,0.84839845,0.6830135,1.0770136
8357,0.4930187,0.11362514,1.4237059
8358,0.5425924,0.15577915,1.4562358
8359,1.1608104,1.8423984,0.96930355
8360,1.2936852,2.5141141,0.93178815
8361,1.306247,2.5545592,0.9611721
8362,0.99259317,1.1084361,1.1389536
8363,0.9528708,0.9722827,1.2146555
8364,1.5287219,3.8457594,0.94679695
8365,1.6746078,4.6641545,0.96178997
8366,1.1367496,1.586777,1.2680179
8367,0.50836474,0.11512036,1.87678
8368,0.4124912,0.05777943,1.97335
8369,0.47386846,0.092883475,1.7515352
8370,1.0655369,1.339578,1.1247736
8371,0.30813318,0.022303015,1.6732999
8372,0.25879392,0.012539038,1.1288
8373,0.39310768,0.050416246,1.8615311
8374,0.41855362,0.06264616,1.7461456
8375,0.6578053,0.28529036,1.3882233
8376,0.8981499,0.801499,1.1529194
8377,1.2384418,2.1725025,0.9670943
8378,0.3773396,0.045109723,1.7673496
8379,0.985136,1.0873666,1.0569934
8380,0.4724015,0.09726469,1.5056262
8381,1.0763612,1.4544127,0.96431863
8382,1.0059408,1.182344,1.0020978
8383,0.39929554,0.056455854,1.5699782
8384,0.26076865,0.013696202,1.2014
8385,0.34447238,0.03436627,1.7688247
8386,0.3208474,0.027172523,1.576
8387,0.8750311,0.7659578,1.1066107
8388,0.97774386,1.0958648,1.0630692
8389,0.8892922,0.8138855,1.1093113
8390,0.97742736,1.107279,1.0453094
8391,0.94972396,1.0156571,1.0561569
8392,1.0762552,1.506964,0.98566073
8393,0.712526,0.40221962,1.2176166
8394,0.35173544,0.03849793,1.6710244
8395,0.27073905,0.016157288,1.1985
8396,0.97135085,1.1214334,0.9449039
8397,0.8211314,0.6585801,1.0255938
8398,0.57427144,0.204254,1.2052934
8399,0.7830675,0.575689,1.0043571
8400,0.6889779,0.3818755,1.0529795
8401,0.7515446,0.5138041,0.9869596
8402,0.3358289,0.035415906,1.4368637
8403,0.89970964,0.935803,0.85190374
8404,0.35824078,0.04465856,1.3333613
8405,0.23385991,0.010817338,0.9881
8406,0.23109238,0.010222132,0.6647999
8407,0.3047611,0.025849681,1.5476
8408,0.39169297,0.06029006,1.3257558
8409,0.23255025,0.010589618,0.6679999
8410,0.25954887,0.015244648,0.9436
8411,0.48171964,0.12119486,1.1972454
8412,0.36323863,0.04753927,1.332505
8413,0.5572179,0.20041658,1.0444494
8414,0.7987999,0.6642054,0.8528519
8415,0.4749595,0.119721875,1.0925738
8416,0.33667877,0.038200084,1.2562696
8417,0.68115425,0.4029747,0.87654245
8418,0.6999761,0.44508773,0.8514531
8419,0.30861142,0.02924943,1.2537049
8420,0.45591626,0.108739175,1.0023816
8421,0.28317696,0.022299675,1.231379
8422,0.6045321,0.2831252,0.8216166
8423,0.50828063,0.16057304,0.87986773
8424,0.5112163,0.16531043,0.8597267
8425,0.49283355,0.14776258,0.8573157
8426,0.5809662,0.258193,0.7737659
8427,0.5321953,0.19483776,0.7948549
8428,0.444361,0.10777149,0.8528702
8429,0.47787726,0.13872325,0.8049593
8430,0.46595526,0.12874858,0.7988666
8431,0.51844,0.18563448,0.74271774
8432,0.50011903,0.16630754,0.7430353
8433,0.20680358,0.008769684,0.5985
8434,0.20491523,0.00849975,0.513
8435,0.20903064,0.009119452,0.5843
8436,0.19131449,0.0068090535,0.29989997
8437,0.21873914,0.01056603,0.5924
8438,0.31128308,0.03449568,0.967464
8439,0.22078314,0.010954495,0.5732
8440,0.28568706,0.025861869,1.0462186
8441,0.2227255,0.011285065,0.5103
8442,0.25583947,0.017904755,0.903
8443,0.34592986,0.049317956,0.9427378
8444,0.3390287,0.046388052,0.9314769
8445,0.28257993,0.025388187,0.9942313
8446,0.43607962,0.108485356,0.8071437
8447,0.25905004,0.019152854,0.94890004
8448,0.5118271,0.18101308,0.90537953
8449,0.42502305,0.09771974,0.97688705
8450,0.38782972,0.07221066,1.0021234
8451,0.42911494,0.10164918,0.9339835
8452,0.36344725,0.05858577,0.9942804
8453,0.28395793,0.025760567,0.8953
8454,0.2608381,0.019441264,0.6373
8455,0.41455594,0.09114139,0.9218719
8456,0.31481758,0.03646248,1.0348456
8457,0.3333554,0.044295173,0.9831009
8458,0.5624668,0.2549497,0.74749833
8459,0.28855547,0.027392268,0.8589
8460,0.27290228,0.022753634,0.6817
8461,0.25814912,0.018746374,0.39660004
8462,0.32119378,0.03792876,0.7858
8463,0.3008118,0.030326318,0.5957
8464,0.503567,0.16699849,1.0663007
8465,0.48006755,0.14199688,1.0583267
8466,0.2924498,0.027032297,0.41759995
8467,0.56680125,0.2450316,0.9550192
8468,0.43936574,0.10479448,1.0580416
8469,0.3378274,0.043526344,0.9169
8470,0.39095828,0.07090832,1.0655587
8471,0.3468362,0.047567364,1.0403
8472,0.3831072,0.06642943,1.0213459
8473,0.32991552,0.039935287,0.7696
8474,0.52534914,0.18599497,1.0095096
8475,0.412259,0.08283243,1.085014
8476,0.35332173,0.049495783,0.8477
8477,0.4113139,0.082360536,1.004799
8478,0.3513951,0.04877664,0.87299997
8479,0.37471232,0.060486574,0.9996283
8480,0.35844496,0.051969144,0.8637
8481,0.3069806,0.031027235,0.3878
8482,0.41872656,0.082404435,0.5634
8483,0.66130954,0.3881369,0.98685384
8484,0.51721835,0.17868124,0.904233
8485,0.5275888,0.1960525,0.7391609
8486,0.4776197,0.14359955,0.6676355
8487,0.4124399,0.08944085,0.6404134
8488,0.59298605,0.30112532,0.5270345
8489,0.46741188,0.13895407,0.5330423
8490,0.3245,0.0624025,0.3245
8491,0.3169,0.07726741,0.3169
8492,0.5130586,0.19578746,0.4365812
8493,0.3125,0.07509722,0.3125
8494,0.2715,0.07182913,0.2715
8495,0.48701113,0.17298207,0.3490138
8496,0.45002276,0.13501798,0.3432551
8497,0.44642994,0.1333383,0.3286245
8498,0.41860458,0.10899914,0.32593253
8499,0.49429715,0.1921226,0.28936315
8500,0.48189494,0.1787158,0.28471828
8501,0.489501,0.19051585,0.2752878
8502,0.5139523,0.2266345,0.26261267
8503,0.41437593,0.11177796,0.2869966
8504,0.49636653,0.20616306,0.25682423
8505,0.50226843,0.21667938,0.2512217
8506,0.5297884,0.26134977,0.24108802
8507,0.40145543,0.104751855,0.27385324
8508,0.37118053,0.08134654,0.2807487
8509,0.3647484,0.07695103,0.29025427
8510,0.335,0.07559171,0.29747072
8511,0.2274,0.06804059,0.2274
8512,0.3714219,0.083113894,0.2826965
8513,0.37599894,0.08739883,0.27484646
8514,0.50851935,0.24087393,0.23443449
8515,0.41347134,0.12177765,0.26104566
8516,0.49836284,0.22908469,0.23261783
8517,0.4595389,0.17663252,0.23833832
8518,0.5216846,0.27185136,0.22004624
8519,0.39526135,0.10889567,0.24995169
8520,0.4196554,0.1338949,0.24168493
8521,0.40838286,0.122951604,0.24671155
8522,0.3595876,0.08098665,0.26125088
8523,0.4056799,0.12141593,0.2512931
8524,0.40561724,0.12248436,0.245727
8525,0.659717,0.6128584,0.20092334
8526,0.5617592,0.36455607,0.21365617
8527,0.44175038,0.16581014,0.23549917
8528,0.5506097,0.34773,0.20640296
8529,0.43252456,0.1558127,0.24555753
8530,0.6683275,0.66364604,0.1893254
8531,0.51065516,0.27599543,0.21275684
8532,0.4168402,0.14191547,0.22961952
8533,0.56266403,0.38778967,0.19252712
8534,0.74179393,0.96182746,0.1647575
8535,0.75392014,1.0158305,0.16358899
8536,0.45781994,0.19846433,0.21161665
8537,0.24899998,0.099472366,0.249
8538,0.3448,0.11178148,0.25509635
8539,0.4092042,0.13716938,0.2326136
8540,0.7292084,0.93025744,0.16551916
8541,0.55664253,0.38827607,0.1856233
8542,0.47795573,0.23677066,0.19502982
8543,0.4915836,0.2624878,0.1873817
8544,0.38604778,0.1174534,0.22033913
8545,0.5398265,0.35905612,0.18836945
8546,0.746448,1.0446609,0.1519615
8547,0.7678955,1.1490542,0.14635205
8548,0.6952291,0.83891743,0.15219961
8549,0.66902363,0.7448905,0.15335315
8550,0.7096015,0.9052948,0.14749588
8551,0.41455603,0.15474686,0.1953538
8552,0.75666934,1.1211814,0.14135067
8553,0.3434,0.09481243,0.20793687
8554,0.79780984,1.3286632,0.13938196
8555,0.45888862,0.21890219,0.18696426
8556,0.353,0.09328882,0.21095365
8557,0.64897144,0.6770059,0.18235208
8558,0.5202963,0.33159092,0.19219606
8559,0.67124146,0.771853,0.16201746
8560,0.7437509,1.0800941,0.14895219
8561,0.6252657,0.6192276,0.16032362
8562,0.45886582,0.22472827,0.18407625
8563,0.7913119,1.3345602,0.13655534
8564,0.47466853,0.25288242,0.17835034
8565,0.46651947,0.23942938,0.18240167
8566,0.37831533,0.11932685,0.20743513
8567,0.40065065,0.14542988,0.19730043
8568,0.4189808,0.16668116,0.2153925
8569,1.3175268,4.1516,0.11887485
8570,0.9450384,2.256776,0.13862501
8571,1.1934838,4.0054,0.11987647
8572,0.6939813,0.833509,0.16447975
8573,0.51614696,0.31811926,0.18705197
8574,1.7221402,4.848,0.1305231
8575,0.6456061,0.6480549,0.20143989
8576,1.3361263,4.2331,0.122716434
8577,0.83767027,1.4909321,0.15581524
8578,1.4443642,4.6541,0.113673285
8579,1.0041457,2.4927056,0.14546521
8580,0.40666598,0.13429461,0.23523723
8581,0.6543393,0.6527459,0.1803278
8582,1.3857418,4.7309,0.12135574
8583,0.6174694,0.5199892,0.20116499
8584,0.6914679,0.75619847,0.1889181
8585,0.620291,0.5328776,0.20003718
8586,0.42550957,0.15384495,0.24146307
8587,0.43175602,0.15832552,0.28353202
8588,0.8819592,1.6344947,0.1861196
8589,0.5515283,0.35990134,0.233642
8590,0.6190131,0.53068274,0.21367559
8591,0.57392806,0.4167128,0.21770331
8592,1.2976042,4.0831,0.18115476
8593,0.5879706,0.43330777,0.25541502
8594,0.44080296,0.17004253,0.2666063
8595,1.027187,2.4630709,0.25541723
8596,0.9964165,2.6981642,0.22117642
8597,0.69331765,0.96841604,0.23485407
8598,0.4552821,0.2533447,0.25444356
8599,1.0705314,3.0662,0.18996742
8600,0.61489093,0.72902197,0.23492795
8601,0.75263995,1.4332143,0.18884908
8602,1.7652494,5.3281,0.11078762
8603,2.10718,6.0872,0.103058584
8604,1.7524633,5.6125,0.1230443
8605,1.668618,5.5727,0.1393887
8606,1.6538327,5.6596,0.15696536
8607,2.0864387,6.5615,0.15719783
8608,1.0785098,2.9520674,0.2582561
8609,0.5257024,0.2987148,0.40600702
8610,1.3795735,5.3329372,0.24998304
8611,1.6504052,6.0469,0.25807637
8612,0.5934777,0.38745052,0.502059
8613,1.1342502,2.9143302,0.36259556
8614,0.6953518,0.6319004,0.49666768
8615,0.42128345,0.12009433,0.6434525
8616,1.00977,2.0303648,0.412118
8617,0.4000897,0.099216685,0.69151616
8618,0.35317189,0.06540221,0.72938746
8619,0.31016362,0.04192215,0.8029
8620,2.2809908,6.8925,0.3798925
8621,2.0829048,6.7331,0.4528428
8622,1.3008884,3.4278553,0.6645209
8623,1.7858145,6.4328,0.60121715
8624,0.74230367,0.5562989,1.0773238
8625,0.39133736,0.06599218,1.4575019
8626,0.49838844,0.14608867,1.366611
8627,0.41880497,0.08143233,1.4411701
8628,0.32476354,0.03470502,0.9405
8629,0.6426647,0.3351784,1.1771635
8630,0.639794,0.32705635,1.2271059
8631,1.4871063,4.253617,0.7806618
8632,2.0756302,6.9502,0.7059061
8633,1.835575,6.19857,0.8666828
8634,1.7034644,5.061759,1.0171764
8635,0.58370906,0.18889098,1.8912877
8636,0.4643624,0.08839324,2.024017
8637,1.1332049,1.6421698,1.2489464
8638,0.97541434,1.027019,1.3519688
8639,1.1146442,1.5609115,1.2500929
8640,1.2924368,2.4107244,1.1649607
8641,1.0503987,1.2824316,1.3290911
8642,1.5348738,3.7813916,1.0916328
8643,1.4399449,3.1333058,1.1944282
8644,0.33079317,0.026840365,1.7406
8645,0.82056,0.5526349,1.7149615
8646,0.36660218,0.03795837,1.9451001
8647,0.70468867,0.3396304,1.698843
8648,1.9043045,5.95969,0.9996222
8649,1.5392505,3.5543296,1.2436079
8650,0.8317718,0.54749787,1.7655176
8651,1.1843477,1.6921784,1.430309
8652,1.3769882,2.6152754,1.3231068
8653,1.3070189,2.2375443,1.3871576
8654,1.0459533,1.1376386,1.5785531
8655,1.0893785,1.2999189,1.516746
8656,1.0994884,1.3444498,1.4877069
8657,0.81359875,0.516509,1.7014403
8658,0.70257604,0.3224502,1.7591838
8659,1.5526549,3.6424098,1.1373386
8660,1.0843706,1.2980343,1.429372
8661,0.42982343,0.06224081,2.2010214
8662,0.53253,0.12918887,1.8707359
8663,0.6678857,0.2788624,1.593841
8664,1.0647936,1.279236,1.2192638
8665,0.75253534,0.4223613,1.4378072
8666,0.4310009,0.066709764,1.820529
8667,0.9504021,0.9230081,1.1776671
8668,0.73852277,0.41129515,1.3129017
8669,0.9779502,1.0330671,1.1082704
8670,1.3115517,2.493361,0.9454891
8671,1.6873729,4.610438,0.8596175
8672,1.3080462,2.3804047,1.0584446
8673,0.6118263,0.21429004,1.5757393
8674,1.1566223,1.6704519,1.1767504
8675,1.5415576,3.6541133,1.0186253
8676,1.7150398,4.572813,1.0146949
8677,0.8157993,0.5289711,1.5797964
8678,0.4576773,0.078172125,2.0540533
8679,0.6369901,0.23847468,1.7020903
8680,0.79499567,0.50338215,1.460594
8681,0.6442315,0.25426432,1.5929792
8682,0.5044589,0.11312182,1.8121438
8683,0.64669716,0.26034367,1.6347361
8684,0.48420516,0.098899156,1.9994843
8685,0.87931466,0.7175746,1.4928524
8686,1.0589175,1.2808416,1.544676
8687,1.0894637,1.4024216,1.5073681
8688,0.57912177,0.18006943,2.0414503
8689,0.30016863,0.020097699,1.9458
8690,0.23736447,0.009129273,1.0631999
8691,0.3705943,0.040253047,2.3578
8692,1.020491,1.1527277,1.5260164
8693,1.0390302,1.2243865,1.4892706
8694,0.6846598,0.3182574,1.805527
8695,0.4752434,0.09473956,2.1194592
8696,0.5993405,0.20731685,1.831223
8697,0.40094334,0.05295274,2.275
8698,0.27921563,0.01583201,1.1372
8699,0.37194195,0.041362464,2.0605
8700,0.5577584,0.16131388,1.9831204
8701,0.8438727,0.64075476,1.5486903
8702,0.90855676,0.8183258,1.4749231
8703,0.6541266,0.28034958,1.6956273
8704,0.63837713,0.2601615,1.691339
8705,1.0620419,1.3674408,1.267805
8706,1.0581919,1.3493031,1.3014002
8707,1.3636009,2.8341224,1.141517
8708,0.829942,0.6135838,1.5112718
8709,1.3043995,2.4888444,1.1752914
8710,1.0910968,1.457638,1.3169068
8711,1.2545571,2.2075727,1.2240022
8712,0.9130139,0.82869846,1.4561558
8713,0.6219728,0.23697256,1.7166065
8714,1.6258599,4.363474,1.0214267
8715,1.1732714,1.7780161,1.2924501
8716,1.1347513,1.6076463,1.3178701
8717,0.41151673,0.05818956,2.1461008
8718,0.7828122,0.50138485,1.4872296
8719,0.7558874,0.45238274,1.4652028
8720,0.42872107,0.069192335,1.8628519
8721,0.22808398,0.008402552,1.1585
8722,0.6652001,0.28311867,2.342754
8723,1.013244,1.1153544,1.8550947
8724,0.89433753,0.74614525,1.9366726
8725,0.6811793,0.30430433,2.2078001
8726,0.27968016,0.015536216,0.9443
8727,0.40308157,0.052684467,2.1289
8728,0.5805609,0.17930453,2.1414652
8729,0.4553874,0.08009846,2.284939
8730,0.47921452,0.0956685,2.1077216
8731,1.6006874,4.153133,1.1063051
8732,1.3947644,2.8373497,1.2669835
8733,1.184655,1.7521594,1.4171029
8734,0.29528946,0.018085761,1.4386
8735,0.36877868,0.038188554,2.1379
8736,0.8387496,0.59539014,1.5498617
8737,0.37284914,0.040314667,2.2035
8738,0.43897972,0.070312545,1.9543822
8739,0.35812727,0.035794318,2.0621
8740,0.79880476,0.5246133,1.3453213
8741,0.75698966,0.444464,1.3497
8742,0.41410416,0.05980047,1.8238661
8743,0.6248631,0.23919557,1.4241477
8744,0.4691249,0.09286726,1.5790876
8745,0.32743496,0.02814903,1.7964522
8746,1.0468297,1.3180608,0.96964216
8747,1.012025,1.1913238,0.9870626
8748,0.5121371,0.12840275,1.376535
8749,0.87996167,0.777028,1.0169028
8750,0.7219483,0.41130334,1.1072129
8751,0.46601334,0.096849315,1.3391038
8752,0.66669595,0.32349008,1.0836527
8753,0.33333272,0.032282762,1.4796036
8754,0.2556243,0.013084341,0.9484
8755,0.2652538,0.014879561,1.077
8756,0.25562727,0.013223268,0.97
8757,0.27771837,0.017540295,1.2451
8758,0.4284178,0.07532863,1.332676
8759,0.7594768,0.51149786,0.9709602
8760,0.97946686,1.1703955,0.8407705
8761,0.9227188,0.9741894,0.8677566
8762,0.94052273,1.0416875,0.8563701
8763,0.99455917,1.2480601,0.8311852
8764,0.3802419,0.05277407,1.3387283
8765,0.22492735,0.0091904355,0.7879
8766,0.51136166,0.14340754,1.1431015
8767,0.51051116,0.14416793,1.1106342
8768,0.59903824,0.24843194,0.9976567
8769,0.52820927,0.16518416,1.036622
8770,0.23277079,0.010766496,0.91
8771,0.23571269,0.011221727,0.8798
8772,0.37076318,0.05107758,1.2334446
8773,0.6734256,0.3774358,0.8904912
8774,0.32999855,0.035260018,1.2416495
8775,0.4630331,0.11042274,1.0200627
8776,0.5165192,0.16060524,0.946673
8777,0.26495346,0.017391276,1.2655
8778,0.22953027,0.0108239865,0.7998
8779,0.23002078,0.010959107,0.81560004
8780,0.5134191,0.16164938,0.8639027
8781,0.60175556,0.27720955,0.7814813
8782,0.6359572,0.3365824,0.74751043
8783,0.59217024,0.2685657,0.7631626
8784,0.21488717,0.009170309,0.6929
8785,0.22730754,0.011058806,0.8105999
8786,0.6729666,0.4149239,0.71878004
8787,0.7104467,0.5003692,0.69465536
8788,0.25145394,0.01582146,1.1381
8789,0.40581834,0.07897171,0.8794392
8790,0.42192888,0.090785384,0.8426779
8791,0.41020438,0.08339608,0.83552945
8792,0.43734923,0.10429014,0.79169387
8793,0.33885193,0.044834197,0.87891614
8794,0.40801743,0.08415847,0.78299904
8795,0.20576705,0.008608006,0.5943
8796,0.19639282,0.007391219,0.43499997
8797,0.41576263,0.09111058,0.74705064
8798,0.23879054,0.01439078,0.9606078
8799,0.2328325,0.013308429,0.94623804
8800,0.36643273,0.061020497,0.7378134
8801,0.32132027,0.03965955,0.77112055
8802,0.2745587,0.023623154,0.81492937
8803,0.31602564,0.03808288,0.7431219
8804,0.3873147,0.0758102,0.65826106
8805,0.40435073,0.08834839,0.6329068
8806,0.38211492,0.07380424,0.63985664
8807,0.35550416,0.058493566,0.6515486
8808,0.22134613,0.012057801,0.8264937
8809,0.33425847,0.048012413,0.66888446
8810,0.31228462,0.038553867,0.6788533
8811,0.32838893,0.045968175,0.6496822
8812,0.37534115,0.07245543,0.5972161
8813,0.22117335,0.012470668,0.7620621
8814,0.4184919,0.10200032,0.693251
8815,0.37346008,0.07010613,0.73102826
8816,0.3899453,0.08156691,0.7031101
8817,0.37630248,0.07293522,0.7037114
8818,0.2576533,0.020698054,0.8332157
8819,0.30035248,0.034734298,0.75635964
8820,0.24711388,0.018201683,0.8161744
8821,0.2178773,0.012012408,0.5109
8822,0.20019585,0.009091019,0.2498
8823,0.27570727,0.026558151,0.74458843
8824,0.2591534,0.021716837,0.75267404
8825,0.32488164,0.046492573,0.6602481
8826,0.3625062,0.067526914,0.61495084
8827,0.3316508,0.05052271,0.6327729
8828,0.36492988,0.07004422,0.5938591
8829,0.34140795,0.056474883,0.6047336
8830,0.23728086,0.016855145,0.7122291
8831,0.19519883,0.008821712,0.25940004
8832,0.25544074,0.020680398,0.5077
8833,0.23838462,0.016418276,0.29959998
8834,0.25977123,0.021865422,0.5851
8835,0.2912755,0.03187343,0.88399994
8836,0.309772,0.038985007,0.8875589
8837,0.3564696,0.062391352,0.8148548
8838,0.37343684,0.07302757,0.7849131
8839,0.40801993,0.09843493,0.7410608
8840,0.36708137,0.069349684,0.77108145
8841,0.35448626,0.06188755,0.7734918
8842,0.32374716,0.04583101,0.7970667
8843,0.2813299,0.02873605,0.8327999
8844,0.2445003,0.018019848,0.39799997
8845,0.27336705,0.026185973,0.7653
8846,0.24739784,0.018601073,0.3242
8847,0.3222008,0.043993913,0.90769994
8848,0.42428407,0.110139616,0.8057872
8849,0.3725449,0.071299665,0.84872025
8850,0.28792024,0.030115709,0.6066
8851,0.38843498,0.08041995,0.9119146
8852,0.41571966,0.10057865,0.86611557
8853,0.36816454,0.06688323,0.9045738
8854,0.30432788,0.035322834,0.6469
8855,0.1102,0.019889755,0.110199966
8856,0.1539,0.030367956,0.15389998
8857,0.40110078,0.083981685,1.0209975
8858,0.3910121,0.07682076,0.98188764
8859,0.3624034,0.059466694,0.8971
8860,0.36784774,0.06243965,0.9352082
8861,0.31999516,0.039186385,0.5441
8862,0.1407,0.02987005,0.14070003
8863,0.42154795,0.09474877,1.0016468
8864,0.42325753,0.096361406,0.8981474
8865,0.40203586,0.08152508,0.8501847
8866,0.37357146,0.06410346,0.7608
8867,0.0854,0.031273965,0.085400015
8868,0.1615,0.03939246,0.16149999
8869,0.45737264,0.12478597,0.7179063
8870,0.40052643,0.08079199,0.7182353
8871,0.3921266,0.07586675,0.68707633
8872,0.35258535,0.05358445,0.524
8873,0.2422,0.039951008,0.24220002
8874,0.1955,0.037599176,0.19549999
8875,0.1368,0.035040844,0.1368
8876,0.128,0.035449263,0.128
8877,0.40962818,0.08930733,0.58662635
8878,0.40898988,0.0895625,0.5689448
8879,0.39060763,0.07741594,0.5657048
8880,0.5319754,0.21873327,0.4728935
8881,0.38193116,0.07299669,0.54703426
8882,0.48163316,0.15958755,0.47637302
8883,0.55616087,0.2598242,0.43551385
8884,0.43078563,0.11182309,0.48813006
8885,0.4323052,0.114019066,0.47898367
8886,0.6139654,0.36568347,0.42290157
8887,0.4788463,0.16137406,0.47168475
8888,0.36088496,0.06323387,0.53256536
8889,0.53927225,0.23708059,0.50955975
8890,0.5740878,0.29528823,0.4613872
8891,0.51327986,0.20572613,0.46345198
8892,0.4093175,0.09765866,0.49652675
8893,0.43019915,0.11634673,0.46525422
8894,0.5109367,0.20830955,0.4126667
8895,0.38817254,0.084022716,0.46081343
8896,0.5949116,0.35099477,0.36245713
8897,0.6134339,0.3916166,0.3513212
8898,0.5651434,0.30095872,0.36115035
8899,0.63874394,0.45460674,0.33483604
8900,0.39349985,0.091485724,0.4232917
8901,0.39846784,0.09606543,0.41342598
8902,0.37459204,0.07869014,0.41959855
8903,0.2741,0.050367046,0.2741
8904,0.56938565,0.31721684,0.3567617
8905,0.7819362,0.9019362,0.29886892
8906,0.7126235,0.67026347,0.31336766
8907,0.7662542,0.8516386,0.3010892
8908,0.63866043,0.47214583,0.3311464
8909,0.5313828,0.25864023,0.36143273
8910,0.34383726,0.060958184,0.44494075
8911,0.2567,0.04247255,0.2567
8912,0.3691403,0.07736716,0.43977267
8913,0.6776052,0.57451576,0.35882628
8914,0.6539039,0.51434183,0.3550121
8915,0.45831332,0.15938339,0.4146198
8916,0.61489505,0.42551765,0.3480055
8917,0.49572024,0.20968066,0.38142446
8918,0.37293366,0.0816696,0.4312889
8919,0.38439682,0.087748334,0.4003
8920,0.3913559,0.094658166,0.46334335
8921,0.48745927,0.19964482,0.3771941
8922,0.38922286,0.09545311,0.39354682
8923,0.44866845,0.15462966,0.352274
8924,1.0697302,2.5394661,0.21508838
8925,0.7899336,0.99039054,0.25499412
8926,0.35931516,0.07376811,0.37425506
8927,0.36893916,0.08047101,0.38121232
8928,0.4952912,0.21699235,0.3137893
8929,0.7667553,0.9198126,0.2428947
8930,0.9136958,1.6033759,0.21949117
8931,0.62868685,0.48284093,0.26798362
8932,0.51679367,0.25447544,0.29188138
8933,0.6884669,0.65561384,0.25928038
8934,0.38153735,0.09329312,0.34444278
8935,0.45206755,0.161285,0.3683552
8936,0.2518,0.08509906,0.2518
8937,0.5160997,0.25574067,0.3047673
8938,1.0203179,2.3017614,0.19730489
8939,1.766836,5.4024,0.14572631
8940,0.9979399,2.062012,0.2113604
8941,0.65752125,0.54559755,0.27093962
8942,0.97673446,1.9276748,0.21673478
8943,0.5083694,0.23357186,0.3054327
8944,0.50258845,0.22668254,0.30207846
8945,0.5019629,0.22776191,0.2955898
8946,0.6419922,0.51719016,0.25911364
8947,0.82899076,1.1875348,0.22512865
8948,1.4254522,4.7979,0.1903353
8949,1.2524426,3.783421,0.21954437
8950,0.6430849,0.47869945,0.3258013
8951,0.5090332,0.22252838,0.35990033
8952,1.4407798,5.0512,0.20723028
8953,1.1780789,3.0304208,0.25399864
8954,1.0235785,1.9794322,0.28826725
8955,0.41397956,0.10365109,0.4692919
8956,0.34148327,0.054838482,0.50831425
8957,0.33959213,0.053616885,0.4753
8958,0.6020848,0.35621032,0.45471045
8959,0.73639137,0.6965482,0.38858125
8960,1.6597596,5.4625,0.24723338
8961,0.8588919,1.0942866,0.3799835
8962,0.41325298,0.098113395,0.5605867
8963,0.5165292,0.20776057,0.4892224
8964,0.5413699,0.24487668,0.4641398
8965,0.49063897,0.17788409,0.47591096
8966,1.2400873,3.3166716,0.3160712
8967,2.0303836,6.2371,0.25305593
8968,0.78056973,0.7561594,0.46521467
8969,0.7863215,0.77794236,0.4590028
8970,0.42964703,0.10579817,0.6170922
8971,0.45057663,0.12479787,0.59032047
8972,0.41401437,0.094708644,0.60270447
8973,0.51143867,0.19301583,0.531321
8974,0.57193863,0.28200895,0.49454027
8975,0.5806894,0.29874575,0.48495582
8976,1.1484406,2.6000247,0.3396763
8977,0.48772445,0.16546322,0.5491837
8978,0.36724392,0.06249035,0.607
8979,0.54675907,0.22994572,0.75353324
8980,2.008522,5.7651,0.3355576
8981,2.0463738,5.9788,0.3227064
8982,1.4928964,4.7483354,0.39192316
8983,1.4977171,4.6361923,0.40682513
8984,2.629224,7.1762,0.3197341
8985,0.7112144,0.455025,0.7161745
8986,0.79997075,0.6747396,0.65851414
8987,0.9000619,0.9937027,0.61093944
8988,1.1137613,1.9313109,0.54582757
8989,0.98779565,1.3298929,0.59245545
8990,1.4619898,4.080304,0.48842898
8991,1.0866894,1.7277905,0.61375296
8992,0.39435095,0.06229093,1.0355365
8993,1.1366178,1.9785334,0.6042534
8994,1.2649525,2.679805,0.5872731
8995,0.6379944,0.30508435,0.86540616
8996,0.51138693,0.14734207,0.94749296
8997,1.0017598,1.3402702,0.6615542
8998,1.0572172,1.5834051,0.6509829
8999,0.82215524,0.7138984,0.7519222
9000,1.3213066,3.035436,0.5881524
9001,0.8639175,0.8271484,0.76967734
9002,1.218325,2.3893976,0.6450267
9003,1.0261134,1.4165226,0.73033214
9004,0.71731406,0.44911036,0.8843305
9005,0.5175967,0.15329285,1.0244052
9006,0.31046328,0.027917322,1.1383
9007,0.5128666,0.14997165,1.0193453
9008,0.3341852,0.03559182,1.1607
9009,0.34719878,0.039902877,1.0527
9010,1.0587262,1.5376868,0.9577171
9011,0.91343594,0.961245,1.0114009
9012,1.1852306,2.142337,0.88201195
9013,0.94073796,1.0400614,1.0020018
9014,1.5377077,4.290987,0.7685833
9015,1.6936064,5.2118115,0.7838991
9016,1.0484113,1.3413855,1.0986689
9017,0.4373024,0.07550751,1.6806267
9018,1.0475028,1.344344,1.0471249
9019,0.6749236,0.32375243,1.302188
9020,0.69003946,0.35129926,1.2535979
9021,0.5686002,0.18608832,1.3415608
9022,0.50940853,0.13000806,1.3697962
9023,1.1656475,1.9183303,0.87844837
9024,1.847323,6.104942,0.7071459
9025,1.878402,6.05799,0.79196817
9026,1.7085611,4.769862,0.93572235
9027,1.05308,1.2088623,1.2979281
9028,0.78927416,0.48013377,1.4813335
9029,0.74628806,0.4038373,1.4755833
9030,0.5958972,0.19171032,1.6974126
9031,0.27325013,0.014190698,0.9125001
9032,0.39919627,0.050528668,2.0310643
9033,0.9529947,0.91084844,1.2859218
9034,0.44650605,0.07436811,1.8649746
9035,1.4904033,3.4466736,0.9900074
9036,1.4437989,3.1111505,1.058516
9037,1.5566571,3.7217388,1.0610636
9038,0.85508645,0.6098021,1.510511
9039,1.4342628,2.9711602,1.1337566
9040,1.1076518,1.3845439,1.3359426
9041,0.5904224,0.17910239,1.8016717
9042,0.94404083,0.84952676,1.3856862
9043,1.0727031,1.2833239,1.2733532
9044,1.5057818,3.4066858,1.0644515
9045,0.2717319,0.013402134,1.3925
9046,0.47093406,0.08466824,1.973455
9047,0.721084,0.35404047,1.5627747
9048,0.5310825,0.12817411,1.8657552
9049,0.6799451,0.29527745,1.6000242
9050,0.68595517,0.30787757,1.5324367
9051,1.0879245,1.3815539,1.1871309
9052,0.44376874,0.072927356,1.83801
9053,0.3983031,0.05132667,1.8401709
9054,0.42347252,0.06346514,1.740688
9055,0.9285494,0.8565429,1.2224764
9056,0.56818265,0.17134246,1.5297023
9057,0.41028082,0.05828689,1.7192115
9058,0.23964988,0.009728238,0.7754
9059,0.2734146,0.014873785,0.9204
9060,0.48645136,0.10252087,1.723421
9061,0.52175426,0.13073848,1.6051623
9062,0.30147272,0.020988988,1.1979
9063,0.7488054,0.43643865,1.3685075
9064,1.0107948,1.161764,1.1479613
9065,0.72481096,0.3972433,1.3457419
9066,1.0537243,1.3396468,1.0875274
9067,1.3023853,2.5171132,0.9791895
9068,1.239041,2.1586525,1.0405357
9069,1.0954901,1.4842117,1.134849
9070,1.0451474,1.2816962,1.188371
9071,0.8367826,0.6324635,1.3215616
9072,0.52753866,0.13810031,1.6411251
9073,0.69892734,0.3515309,1.5073081
9074,0.5913779,0.20328797,1.5984668
9075,0.4425225,0.07778576,1.7708114
9076,0.4066337,0.057527877,1.8746002
9077,0.49792337,0.112829626,1.94628
9078,0.31477925,0.024406716,0.9832
9079,0.6763357,0.3127629,1.6529056
9080,0.5750405,0.18140289,1.8414375
9081,1.0970147,1.4934407,1.2749097
9082,1.2383329,2.141071,1.1937584
9083,1.0937861,1.4587395,1.2878153
9084,0.72338456,0.38171652,1.6483252
9085,0.64269245,0.25934207,1.6802039
9086,0.6128176,0.22095285,1.7532502
9087,0.5780729,0.18271519,1.7379696
9088,0.73522246,0.4089676,1.4816835
9089,0.5969347,0.20478955,1.6597663
9090,0.6272902,0.2414103,1.6362096
9091,0.4229027,0.06400773,1.4967
9092,0.73867553,0.410192,1.5751888
9093,1.3113035,2.511175,1.104326
9094,0.76762885,0.46198142,1.4423262
9095,0.4945542,0.107634805,1.7052102
9096,0.55987126,0.16371676,1.5516944
9097,0.5434573,0.14942653,1.4985114
9098,0.98532516,1.064424,1.089527
9099,0.72204185,0.38868707,1.2499533
9100,0.590686,0.20121764,1.3335893
9101,0.6406284,0.26620385,1.2336565
9102,0.43547696,0.07398143,1.440256
9103,0.68758726,0.3426276,1.1082015
9104,0.80303365,0.5770489,0.9995355
9105,1.1223449,1.683997,0.83047116
9106,0.8654565,0.7412822,0.95851386
9107,0.5980256,0.21661317,1.3044647
9108,1.3147683,2.6615987,0.87566566
9109,1.1858495,1.9451389,0.9475119
9110,0.83754176,0.6433622,1.2004011
9111,0.9795485,1.0720243,1.0794429
9112,1.233847,2.179104,0.9485049
9113,1.4946911,3.6689534,0.8757948
9114,1.0573956,1.3194575,1.1034602
9115,0.70881855,0.36207712,1.3441546
9116,0.6792301,0.3171436,1.3350984
9117,0.75092506,0.44602677,1.2360357
9118,1.1426181,1.7163236,0.98157096
9119,0.9300078,0.9002599,1.0999855
9120,0.90473187,0.8287197,1.1054946
9121,0.8845973,0.7753483,1.1096
9122,0.3986822,0.055361796,1.6158804
9123,0.374783,0.044970725,1.5747
9124,0.39535454,0.05379157,1.657874
9125,0.840067,0.6637522,1.1078675
9126,0.31898445,0.026494885,0.9818
9127,0.98718643,1.1235502,1.0009925
9128,1.0822264,1.5005418,0.9530974
9129,0.9540329,1.0109955,1.0227156
9130,0.910371,0.87447923,1.0410756
9131,0.5302893,0.14799416,1.3457205
9132,0.6315084,0.26750654,1.1950804
9133,1.0468082,1.3904994,0.90525573
9134,0.45266277,0.08894882,1.3769902
9135,0.31034383,0.025355564,1.1897
9136,0.28517196,0.01913621,0.8726
9137,0.47679266,0.10529977,1.457786
9138,0.61784446,0.2519622,1.2392396
9139,0.8103661,0.611725,1.1906126
9140,0.4156675,0.06671051,1.6095964
9141,0.2927388,0.020684838,0.53300005
9142,0.39818773,0.056982785,1.2982
9143,0.6269713,0.25197545,1.7147521
9144,0.37585256,0.045961343,0.729
9145,1.0534687,1.3869783,0.9891888
9146,0.5781101,0.19611841,1.2436079
9147,0.35238513,0.037839595,0.6451
9148,0.35701886,0.0391246,0.4729
9149,0.41213137,0.061659522,0.45770004
9150,0.47989318,0.10783149,1.0323
9151,0.9465254,1.0512503,0.7352023
9152,0.44284678,0.087410256,0.9009
9153,0.67765117,0.3684936,0.6617145
9154,0.8212296,0.7059737,0.5481518
9155,1.0403397,1.5198523,0.45742732
9156,0.575457,0.22266117,0.6008317
9157,0.3859016,0.05940503,0.6381
9158,0.59289014,0.251715,0.54848915
9159,0.7915523,0.6593633,0.47003746
9160,0.8004797,0.6921817,0.45180428
9161,0.50989497,0.15741053,0.5518477
9162,0.41516203,0.08018604,0.5896481
9163,0.5301265,0.18351308,0.50409704
9164,0.4564386,0.112669095,0.52820826
9165,0.6780199,0.42505088,0.42143887
9166,0.71914136,0.5216377,0.40255225
9167,0.648501,0.37484583,0.41910404
9168,0.59931326,0.29175544,0.42995176
9169,0.42438316,0.093282625,0.50324047
9170,0.5781536,0.26270333,0.44045466
9171,0.37574652,0.06301008,0.53601307
9172,0.33494866,0.04328811,0.3706
9173,0.46431634,0.1300152,0.4625726
9174,0.1418,0.045567907,0.14179999
9175,0.40269014,0.08011165,0.5502428
9176,0.6000725,0.3067252,0.42782962
9177,0.49988416,0.16921064,0.4504407
9178,0.67355376,0.46076074,0.37350082
9179,0.43152556,0.10602159,0.45587084
9180,0.70180696,0.53713113,0.35406864
9181,0.63014513,0.3803579,0.36837995
9182,0.4263913,0.10479908,0.43779954
9183,0.7153152,0.58921987,0.328391
9184,0.5169457,0.20316169,0.3822223
9185,0.5192998,0.20838797,0.37386876
9186,0.52863866,0.22335595,0.36398575
9187,0.42168102,0.10612564,0.40115476
9188,0.3521368,0.058629062,0.43092877
9189,0.47862947,0.16472937,0.36279276
9190,0.55115676,0.2659075,0.33328587
9191,0.43928564,0.12603962,0.3696147
9192,0.3946743,0.08890254,0.38467965
9193,0.35378125,0.062178966,0.40054232
9194,0.7096843,0.63193846,0.27837697
9195,0.4159535,0.108336516,0.36485782
9196,0.72813845,0.6968541,0.2721556
9197,0.540695,0.26327416,0.31783003
9198,0.51363283,0.22383474,0.3241932
9199,0.43395925,0.12869194,0.35043228
9200,0.40443152,0.102503315,0.35971972
9201,0.32724607,0.05068984,0.40670198
9202,0.35650453,0.06649556,0.44415772
9203,0.36428118,0.07197536,0.42751092
9204,0.43473533,0.1308347,0.3819582
9205,0.35057047,0.0642625,0.41677308
9206,0.45767105,0.15375958,0.42278165
9207,0.5364049,0.2641195,0.36391082
9208,0.44942993,0.14831796,0.37666216
9209,0.39906666,0.10082584,0.38152155
9210,0.38799495,0.092517585,0.37588117
9211,0.5698167,0.33570963,0.2984948
9212,0.4237548,0.12655543,0.3373394
9213,0.41610312,0.12015506,0.3311096
9214,0.60155267,0.40877566,0.28546882
9215,0.49276808,0.21311773,0.3059967
9216,0.4867843,0.20630978,0.30189344
9217,0.50891954,0.24147445,0.28685498
9218,0.3975789,0.10704202,0.317057
9219,0.3009,0.06806215,0.3009
9220,0.2601,0.08237944,0.2601
9221,0.41857007,0.12563124,0.3529338
9222,0.54573864,0.3111178,0.27283135
9223,0.56835055,0.3628096,0.24463677
9224,0.5508021,0.33236018,0.23277605
9225,0.4539778,0.17708474,0.2466816
9226,0.50401735,0.24881111,0.2582057
9227,0.54007864,0.32241842,0.21934114
9228,0.45018616,0.1802567,0.21880881
9229,0.10679999,0.096093915,0.1068
9230,0.1608,0.10370625,0.1608
9231,0.2998,0.11972796,0.19867186
9232,0.5007698,0.26693156,0.17863582
9233,0.4431067,0.18155734,0.17644909
9234,0.3928,0.14239027,0.17291477
9235,0.4510313,0.19919229,0.1568491
9236,0.52967405,0.34141245,0.14790833
9237,0.5352412,0.3594427,0.14042227
9238,0.5483918,0.39611158,0.13195936
9239,0.41530803,0.15992409,0.14605722
9240,0.6453979,0.69476247,0.11267213
9241,0.55036676,0.416626,0.11992898
9242,0.5856082,0.51654536,0.113917835
9243,0.47112852,0.25443172,0.12539995
9244,0.41113535,0.16339783,0.13262013
9245,0.42162067,0.17744891,0.13904576
9246,0.46185228,0.24046454,0.13955863
9247,0.9259931,2.278897,0.091181375
9248,0.7016601,0.9618889,0.10431579
9249,0.64318424,0.7331159,0.106453076
9250,0.5291074,0.39074498,0.11508875
9251,0.51284224,0.35645255,0.11425518
9252,0.48462984,0.29875898,0.1152932
9253,0.7098687,1.0474247,0.09336335
9254,0.5307081,0.40844095,0.10856656
9255,0.4940611,0.32519403,0.111540556
9256,0.38992333,0.14943576,0.12452767
9257,0.74553007,1.2253212,0.10583266
9258,0.74513566,1.2352372,0.10108294
9259,0.5229423,0.39505005,0.11771064
9260,0.48751906,0.31372434,0.12717114
9261,0.5393411,0.44634727,0.11284902
9262,0.6376125,0.78270423,0.09838494
9263,0.69109017,1.0238293,0.091497414
9264,0.42373782,0.20724763,0.1165447
9265,0.5555868,0.50267476,0.11339346
9266,0.6953288,1.0658191,0.09214166
9267,0.6279476,0.7790271,0.09190072
9268,0.7933563,1.6516956,0.07821143
9269,0.7576205,1.4317391,0.07939277
9270,0.690546,1.0697186,0.08295105
9271,0.5002525,0.37651202,0.09721615
9272,0.54569566,0.4949296,0.105682254
9273,0.5512294,0.51055646,0.11365303
9274,1.050753,2.84,0.08446888
9275,1.0180516,2.9449,0.07402631
9276,0.67984784,1.1691526,0.08191215
9277,0.88157976,2.6448584,0.06470107
9278,0.45256588,0.31867644,0.088144146
9279,1.3555912,3.9111,0.056529522
9280,0.54524356,0.5932661,0.084083594
9281,0.45266443,0.3307378,0.08419692
9282,0.2211,0.2211,0.0946723
9283,0.5609344,0.68,0.08600129
9284,0.95962864,2.6711,0.053657893
9285,0.9055543,2.6812,0.049558524
9286,0.548216,0.81924844,0.059728518
9287,0.9535419,2.9972,0.043403853
9288,0.9436331,3.0683,0.042958375
9289,0.8192893,2.6968,0.046976335
9290,0.7833408,2.3448992,0.05018282
9291,1.0482757,3.5209,0.04668094
9292,0.5584127,0.7699567,0.06797928
9293,0.40302536,0.26159954,0.08401241
9294,0.6566354,1.2593148,0.07212527
9295,1.809831,5.2281,0.039700966
9296,1.3440312,4.3654,0.04898123
9297,1.1472379,3.9453,0.056552965
9298,0.71647674,1.4926509,0.07711736
9299,1.5916443,4.6877,0.06738436
9300,1.251814,4.0383,0.074898295
9301,0.5126307,0.46392173,0.11860739
9302,0.60180163,0.7854676,0.10473393
9303,0.5930241,0.74927396,0.102883704
9304,1.0706081,3.7448,0.07514822
9305,0.43506578,0.26069784,0.12628245
9306,0.45561165,0.29371664,0.15381293
9307,1.3079163,4.1512,0.07889321
9308,0.48294625,0.35611793,0.13093133
9309,1.291502,4.2643,0.07493146
9310,1.3710169,4.4161,0.08254132
9311,1.1092257,3.8232,0.09525862
9312,0.46562013,0.28237322,0.15508284
9313,1.5047296,4.6762,0.095994234
9314,1.446428,4.6658,0.09908868
9315,1.3099669,4.4438,0.10933319
9316,0.63013214,0.6712505,0.16966577
9317,0.63434744,0.68753225,0.16687092
9318,1.3666524,4.751,0.111666344
9319,1.1212088,3.6837273,0.1359627
9320,1.5848094,5.4131,0.122276604
9321,1.2899565,4.8297,0.1532802
9322,1.6373618,5.7136,0.15066311
9323,2.0083344,6.5105,0.1538807
9324,1.1871729,3.4368231,0.23529023
9325,1.0707456,2.5128489,0.2677258
9326,0.8633637,1.2929174,0.31529242
9327,1.027021,2.1808047,0.2954475
9328,0.5979223,0.3877799,0.40676063
9329,0.42440033,0.12471103,0.48312926
9330,1.3450563,4.480491,0.26988444
9331,0.39587027,0.09464924,0.554426
9332,0.3497588,0.062386606,0.61380726
9333,0.34570497,0.059482288,0.66027
9334,0.7792411,0.8580385,0.50931036
9335,1.6740323,5.8743,0.34585175
9336,0.81865644,0.9371166,0.5632473
9337,0.49990973,0.18465129,0.7233939
9338,0.40843076,0.09415387,0.78680384
9339,1.3418554,3.9854944,0.42454287
9340,0.35910213,0.05877202,0.893083
9341,0.3218331,0.039433878,0.3656
9342,1.5093663,5.034704,0.5105156
9343,0.80511206,0.7780718,0.7534464
9344,0.83750594,0.8824115,0.7223178
9345,1.5281364,4.9455576,0.5246537
9346,0.4776137,0.13100295,1.0313126
9347,0.46201104,0.11762692,1.0175626
9348,0.5101886,0.16416092,0.95353067
9349,0.8515569,0.88086945,0.7853009
9350,0.3609085,0.051146444,0.96999997
9351,0.4260055,0.08882994,1.0859567
9352,0.4285193,0.0906084,1.0616423
9353,0.3263098,0.036064982,0.44739997
9354,0.4600738,0.108115055,0.8763
9355,0.96144444,1.2657101,0.8393743
9356,1.1432941,2.1837928,0.6477455
9357,2.0766044,6.1188,0.4252951
9358,2.4259925,6.7909,0.40285817
9359,1.3587645,3.2646787,0.59448403
9360,0.6689915,0.35217386,0.8704117
9361,0.42755723,0.07986837,1.0424099
9362,2.376893,6.8807,0.44264448
9363,0.8804402,0.82621294,0.8290815
9364,1.0596898,1.4939566,0.7381878
9365,0.5121412,0.13878119,1.0587785
9366,1.5683389,4.4956336,0.59062254
9367,1.6699009,5.0522823,0.6215079
9368,0.45506957,0.08633184,1.3040676
9369,0.5181561,0.13420099,1.1961033
9370,1.3885587,3.1083379,0.70531076
9371,1.1008341,1.5556571,0.83176917
9372,1.0482274,1.337188,0.85973597
9373,0.8668616,0.73220885,0.94873154
9374,1.3747298,2.9962199,0.7428506
9375,1.2641821,2.3315084,0.8118854
9376,1.4887389,3.6155381,0.7688135
9377,1.4970845,3.587205,0.829129
9378,0.56802696,0.16873375,1.4261241
9379,0.5405516,0.14394665,1.4507321
9380,1.3220848,2.539666,0.92284673
9381,0.82338727,0.5790866,1.2063003
9382,0.73551846,0.40356207,1.248877
9383,1.1687449,1.7855449,0.96951723
9384,0.90519136,0.80202645,1.1156158
9385,0.9534381,0.95479846,1.074055
9386,2.157531,7.5941005,0.700424
9387,1.5169961,3.5023165,0.9902915
9388,1.2107536,1.8330903,1.1679281
9389,0.69717443,0.31299198,1.558592
9390,1.2355732,1.9450989,1.2438502
9391,0.6696926,0.27295497,1.6964899
9392,0.7016812,0.322066,1.6102531
9393,0.5699537,0.16167656,1.8156811
9394,0.6248903,0.22117114,1.7187643
9395,1.3338012,2.4833229,1.1552708
9396,1.2649605,2.088325,1.3637263
9397,0.8457711,0.5875459,1.6793027
9398,1.3850539,2.7023957,1.294592
9399,0.4336471,0.06275986,2.2241
9400,0.95120907,0.8540335,1.5886424
9401,0.91513354,0.75863266,1.5870599
9402,0.64025295,0.23212302,2.0480218
9403,0.70784485,0.32660285,1.8656292
9404,0.39871266,0.047905713,1.7116
9405,0.668896,0.27156153,1.8769529
9406,0.7261211,0.3597886,1.7224246
9407,0.8756258,0.6717465,1.5102379
9408,0.54520905,0.14084405,1.8482672
9409,0.6233431,0.22241937,1.6521409
9410,0.79366326,0.49946618,1.4304156
9411,1.1799805,1.7755027,1.1417294
9412,0.5930002,0.19103251,1.6309352
9413,1.247411,2.1046288,1.0852387
9414,1.016404,1.1210505,1.2231424
9415,0.96149987,0.9446283,1.2472572
9416,0.8426528,0.61702734,1.3831359
9417,1.455549,3.255495,1.0271659
9418,1.2553697,2.1181653,1.1588172
9419,0.4477019,0.07278953,2.1782162
9420,1.1312972,1.5244222,1.3892839
9421,1.0011867,1.040033,1.4704041
9422,0.3465161,0.030955015,1.4781
9423,0.983552,0.98722047,1.4528584
9424,1.475035,3.2868369,1.1658678
9425,0.35469455,0.032905977,1.6247
9426,0.34539145,0.030162213,1.5021
9427,0.32981062,0.025577793,1.1533
9428,0.46197245,0.078952305,2.1907
9429,0.39044318,0.044960838,1.5897
9430,0.49692217,0.099369705,2.1148
9431,0.47997034,0.08820893,1.9218001
9432,0.5254439,0.11945936,2.162478
9433,0.36837435,0.03656068,1.029
9434,0.44016233,0.066673435,1.6209
9435,0.41368258,0.054558184,1.4429
9436,0.7209045,0.35038093,1.4899019
9437,0.9695883,0.9298795,1.2580553
9438,1.0769045,1.2945212,1.235824
9439,0.6113793,0.20415467,1.5701404
9440,0.57353777,0.16648842,1.5372577
9441,0.8183242,0.54717404,1.2263627
9442,0.50855476,0.11313271,1.5373535
9443,0.6033869,0.20248726,1.3341457
9444,0.8451388,0.62470365,1.0769361
9445,1.2594109,2.1921113,0.8815116
9446,1.4789356,3.4146755,0.82117677
9447,1.2338212,2.0106819,0.9414926
9448,1.2258507,1.9646094,0.9554403
9449,1.3789955,2.7487302,0.91421986
9450,0.91134053,0.76550853,1.1626545
9451,1.1710762,1.699355,1.006162
9452,1.1508633,1.6111648,1.0221655
9453,1.2003446,1.830666,1.0058669
9454,0.57043695,0.16409276,1.4682212
9455,0.5672374,0.16184093,1.4835402
9456,0.43729183,0.06846089,1.6203514
9457,0.98125106,1.0006753,1.0570787
9458,0.8131577,0.5486954,1.1498109
9459,1.2854859,2.317404,0.8953536
9460,1.4731171,3.3500907,0.85733116
9461,1.2807901,2.2347612,0.9688978
9462,1.4260978,3.001479,0.9379582
9463,0.31870493,0.023149101,1.3239
9464,0.3702641,0.03843032,1.7792
9465,0.28240985,0.01558019,0.8528001
9466,0.4241054,0.060780436,1.7596674
9467,0.6905378,0.3104618,1.4104819
9468,0.58367354,0.17932528,1.4806594
9469,0.39949226,0.050575286,1.7324001
9470,0.5808625,0.17842023,1.4484907
9471,1.0654466,1.3055093,1.0607613
9472,0.9560588,0.9300928,1.1186821
9473,0.63840127,0.2490265,1.348743
9474,0.655935,0.27558395,1.2876449
9475,0.4060708,0.056072675,1.575088
9476,0.89247906,0.7730149,1.0331548
9477,1.3298966,2.6354203,0.83447695
9478,1.3586156,2.766487,0.85546523
9479,0.46556598,0.0879008,1.5087415
9480,0.25315288,0.011543765,0.5605
9481,0.43728644,0.06783771,1.4512
9482,0.67382956,0.2887569,1.7151515
9483,0.36541173,0.03761918,0.9232
9484,0.3381591,0.029076792,0.65810007
9485,0.47844437,0.09330964,1.7078393
9486,0.94459355,0.8952475,1.1382586
9487,0.537426,0.14000413,1.4527755
9488,0.6531824,0.27106157,1.2579008
9489,0.76526266,0.46282995,1.119245
9490,0.5055333,0.117368095,1.3489155
9491,0.50305235,0.11625456,1.320062
9492,0.9735411,1.0358036,0.91213685
9493,1.0153762,1.189937,0.88277876
9494,0.9318862,0.9096188,0.9166667
9495,0.9927376,1.1199421,0.87819606
9496,0.94862086,0.9738221,0.8947372
9497,0.7445097,0.44567147,1.0024825
9498,0.5290713,0.14454591,1.1611643
9499,0.40620667,0.060275033,1.2809463
9500,0.8213,0.6249028,0.9551787
9501,1.111639,1.6456567,0.8059904
9502,0.7875436,0.5485072,0.9680893
9503,0.34437492,0.035108823,1.0537
9504,0.9687026,1.0860342,0.8317208
9505,0.8148296,0.6251831,0.90594095
9506,0.7363603,0.4523932,0.9403238
9507,0.3401974,0.034716774,1.1323
9508,0.5558224,0.18069096,1.0288297
9509,0.51609325,0.14245708,1.0399394
9510,0.46244785,0.0996506,1.0684912
9511,0.4086054,0.06644497,1.1046593
9512,0.3144251,0.02787659,0.9647
9513,0.86782044,0.8191916,0.719968
9514,0.28360227,0.020020572,0.6824
9515,0.28749213,0.021069746,0.7369
9516,0.3880084,0.05780231,1.029852
9517,0.44791073,0.094265684,0.93345356
9518,0.27458382,0.018458605,0.5995
9519,0.43741533,0.08815375,0.92303103
9520,0.5460263,0.18672648,0.80751556
9521,0.6795061,0.39009902,0.71064353
9522,0.56830144,0.21776773,0.76746553
9523,0.7424426,0.5326839,0.6602577
9524,0.3592992,0.047957934,0.9385488
9525,0.29246378,0.0242807,0.9351
9526,0.45905596,0.11049015,0.7905189
9527,0.30864027,0.029548503,0.94122833
9528,0.7753601,0.63655615,0.59367734
9529,0.56004006,0.21851291,0.71663517
9530,0.5854939,0.25585943,0.6901971
9531,0.3239429,0.035751093,0.91121316
9532,0.66062796,0.3882204,0.62514
9533,0.5019484,0.1573147,0.71013176
9534,0.25492817,0.016476845,0.5689
9535,0.444688,0.10564876,0.7722264
9536,0.46096957,0.12016978,0.7443963
9537,0.49939734,0.15840109,0.70278865
9538,0.35701331,0.052037466,0.81618756
9539,0.28934518,0.025954347,0.8855887
9540,0.41977137,0.090676785,0.720335
9541,0.46881413,0.13230488,0.66984355
9542,0.38283008,0.06780298,0.7287989
9543,0.39897972,0.07847416,0.70083445
9544,0.24116151,0.014692274,0.4328
9545,0.4430532,0.11207538,0.67711836
9546,0.5304567,0.2061174,0.60939735
9547,0.39988407,0.0809518,0.6925687
9548,0.23423283,0.013635487,0.30609998
9549,0.26699984,0.020947428,0.5795
9550,0.29382783,0.028963057,0.84705156
9551,0.25633293,0.018448293,0.46950004
9552,0.43555966,0.10903956,0.6760059
9553,0.26981342,0.022149878,0.6595
9554,0.4334492,0.10720643,0.71708614
9555,0.3988468,0.08171265,0.73560035
9556,0.26334742,0.020518532,0.4588
9557,0.27099445,0.022531755,0.493
9558,0.1672,0.026262559,0.16720001
9559,0.2001,0.027614474,0.20010002
9560,0.1436,0.025569674,0.1436
9561,0.1982,0.0328538,0.19819997
9562,0.4237,0.09166155,0.42370003
9563,0.44129637,0.10906705,0.7143
9564,0.49447897,0.16490161,0.9819652
9565,0.5004776,0.17508848,0.8067616
9566,0.5126168,0.18952791,0.7610625
9567,0.43329322,0.11132566,0.68473583
9568,0.3596,0.07556182,0.3596
9569,0.43609187,0.11783376,0.53124
9570,0.4271544,0.11192002,0.4819468
9571,0.50936484,0.20175639,0.44512737
9572,0.41153336,0.10138909,0.4376171
9573,0.6971492,0.5857394,0.33610797
9574,0.45172533,0.14294218,0.36794308
9575,0.61677575,0.40784916,0.30101016
9576,0.61807734,0.42037386,0.27389252
9577,0.6513443,0.5113821,0.24193208
9578,0.5380994,0.27733153,0.24828295
9579,0.44518638,0.1501788,0.25753248
9580,0.4911408,0.21156825,0.23296946
9581,0.45815483,0.17029198,0.23161224
9582,0.44190833,0.15301903,0.2276293
9583,0.2771,0.08701421,0.24066432
9584,0.3868,0.10946346,0.24199378
9585,0.43081373,0.14381778,0.22646809
9586,0.5125911,0.25939867,0.20326062
9587,0.47151947,0.19977702,0.20166019
9588,0.43335578,0.15251105,0.20714472
9589,0.2856,0.12726176,0.22437671
9590,0.1892,0.11444623,0.1892
9591,0.4448,0.23694237,0.22558649
9592,0.5848986,0.45523253,0.16883242
9593,0.6159293,0.57812625,0.13680297
9594,0.69094217,0.87770367,0.11208881
9595,0.4746629,0.26391348,0.123096295
9596,0.5523895,0.42825094,0.1419672
9597,0.581994,0.58529466,0.11874376
9598,0.81953955,1.9864517,0.080643944
9599,0.65531105,1.0542845,0.07814871
9600,0.67540586,1.2074361,0.067894526
9601,0.75473654,1.7423599,0.05901094
9602,0.6179288,0.9356463,0.062760234
9603,0.64843714,1.1021063,0.058998246
9604,0.57610273,0.75827146,0.06143412
9605,0.49969324,0.4802639,0.0648563
9606,0.3196,0.21910302,0.07193754
9607,0.2694,0.23382623,0.07545749
9608,0.45018595,0.34239215,0.07194698
9609,0.5051451,0.50807625,0.06463203
9610,0.73553973,1.7065796,0.051239513
9611,1.033064,3.3917,0.042984646
9612,0.59404397,0.846247,0.05990475
9613,0.43502906,0.30645004,0.06992351
9614,0.2065,0.1795625,0.075031
9615,0.07300001,0.073,0.073
9616,0.3782,0.30366087,0.08354177
9617,0.63914967,1.0588115,0.06996369
9618,0.45630896,0.3705076,0.07291575
9619,0.1265,0.1265,0.06987205
9620,0.5277624,0.62050503,0.06104541
9621,0.70698154,1.6263696,0.047548387
9622,0.69415194,1.5535243,0.04560803
9623,0.50020593,0.54771894,0.052405033
9624,0.4425,0.4425,0.06290223
9625,0.6267378,1.1746091,0.047536463
9626,0.7186637,1.8428614,0.040749483
9627,0.5502599,0.80019754,0.044972725
9628,0.5498774,0.80801326,0.043274686
9629,0.4842481,0.5392215,0.045023322
9630,0.63704526,1.2891548,0.043344922
9631,0.65273136,1.4116844,0.040417884
9632,0.47344014,0.5065894,0.046172675
9633,0.4904093,0.5749759,0.043839026
9634,0.68731135,1.6918905,0.03682602
9635,1.0175436,3.3149,0.030260324
9636,1.0472292,3.4401,0.03220392
9637,0.552225,0.7975295,0.047243748
9638,0.7684533,2.233669,0.039967254
9639,0.41369018,0.3046063,0.05691397
9640,0.6201428,1.1386559,0.04633145
9641,0.66146433,1.3870064,0.045647994
9642,0.54788876,0.75533247,0.051561713
9643,0.44970572,0.39575562,0.05771835
9644,0.47087952,0.46082127,0.05670814
9645,0.9021138,3.2964,0.041257296
9646,0.47590446,0.45995805,0.06170587
9647,0.5083333,0.5647586,0.064438626
9648,0.39360482,0.24048899,0.079020835
9649,0.4797226,0.44730031,0.088385195
9650,0.60786533,0.98781675,0.07036036
9651,1.2373313,3.9492,0.04634729
9652,1.0108857,3.3896,0.05281967
9653,0.60953355,0.94849783,0.071067154
9654,0.8180396,2.346998,0.06079423
9655,1.1549141,3.7747,0.060026135
9656,1.0731463,3.6332,0.06367138
9657,1.3760376,4.5419,0.058362346
9658,1.1187844,3.9559999,0.07029533
9659,0.6740441,1.0868722,0.09833643
9660,0.93613815,2.915663,0.08425063
9661,0.7481229,1.453564,0.10182208
9662,1.0312458,3.6630106,0.08893829
9663,1.121231,4.0456,0.10213045
9664,0.5537431,0.49698907,0.15772206
9665,1.0399169,3.4447231,0.11541373
9666,0.6989173,1.0153434,0.15134038
9667,0.5348979,0.423989,0.17565241
9668,1.4936609,5.2293,0.10383686
9669,1.3309193,4.9452,0.12413311
9670,0.48367944,0.27171934,0.23340355
9671,0.43359464,0.1892455,0.24716769
9672,0.46034476,0.23110566,0.24068677
9673,0.5271593,0.36242622,0.22531098
9674,1.072406,3.2672958,0.16868563
9675,0.5888186,0.48824444,0.28438184
9676,0.6212739,0.5776691,0.28008527
9677,0.8442081,1.5307606,0.23545377
9678,0.84618336,1.522262,0.23811436
9679,1.1298625,3.4844885,0.20905448
9680,1.028747,2.5984766,0.23524709
9681,0.41163957,0.1344183,0.3936721
9682,0.7006068,0.7617722,0.34297648
9683,0.4445093,0.16915889,0.42273304
9684,0.9329375,1.8605056,0.28312737
9685,0.5870967,0.41799805,0.365753
9686,1.2645987,4.2754097,0.24516778
9687,1.1063844,2.8800776,0.28684703
9688,0.4469184,0.15630448,0.48035532
9689,0.5772806,0.3659996,0.41877964
9690,1.0758622,2.5977817,0.30480704
9691,1.0201395,2.1797276,0.33073986
9692,0.8730929,1.3369187,0.3745129
9693,1.7924261,6.3563,0.26463193
9694,1.6670984,6.0282,0.35404497
9695,1.4873345,5.0949073,0.42961332
9696,1.1965938,2.797394,0.53730875
9697,0.5492211,0.23289824,0.83936965
9698,0.40007052,0.08108067,0.9687684
9699,1.3586925,3.833869,0.55062264
9700,1.5038091,4.748331,0.59115607
9701,1.367285,3.6043797,0.68507624
9702,1.3905624,3.6574643,0.7281243
9703,0.4984859,0.14145906,1.3012042
9704,0.6169144,0.28881922,1.1411728
9705,0.3342982,0.037449546,1.2905
9706,0.41848204,0.07955559,1.3147702
9707,0.5497284,0.19766612,1.1624058
9708,0.5404215,0.18763444,1.1454409
9709,0.29340306,0.0244469,0.8751
9710,0.6228017,0.2979821,1.146166
9711,1.5773178,4.866952,0.703528
9712,0.76842356,0.56828994,1.1146239
9713,0.6815978,0.38444355,1.1664681
9714,0.28584853,0.021184888,0.77040005
9715,0.49521604,0.13160989,1.4464679
9716,0.8943486,0.9262787,1.0490141
9717,0.46645063,0.10795967,1.4375824
9718,0.35832006,0.0448143,1.4282
9719,0.30003652,0.024785781,0.86880004
9720,0.5072977,0.14137039,1.4349366
9721,0.7439057,0.50509846,1.1498482
9722,1.3032373,2.8663545,0.86045027
9723,1.695101,5.394663,0.78531027
9724,0.6545682,0.30631655,1.4050806
9725,1.4538388,3.6030602,0.927574
9726,1.7475307,5.423709,0.8960096
9727,1.4605955,3.403342,1.0887637
9728,1.6499348,4.502241,1.0756836
9729,1.6571457,4.4133596,1.1573448
9730,1.1866812,1.7337407,1.4686304
9731,0.52686274,0.1234882,2.1737895
9732,1.5268714,3.5218694,1.2429541
9733,0.96534675,0.8974755,1.6346849
9734,0.64488643,0.24081284,1.9377489
9735,0.7823326,0.4622622,1.6829
9736,0.6050218,0.19931094,1.8362981
9737,0.51653033,0.1188918,1.8900646
9738,0.44562182,0.07333123,1.9304559
9739,1.4835474,3.3644,1.0147076
9740,1.5426805,3.6514666,1.0421697
9741,1.6870264,4.431559,1.0487664
9742,1.2355366,1.8974923,1.3160796
9743,1.5066352,3.2792003,1.1948966
9744,1.5262052,3.3390074,1.2331616
9745,1.2092037,1.723217,1.4396309
9746,0.77597404,0.42233425,1.801567
9747,0.37365335,0.037269797,2.4455957
9748,0.3117963,0.020565934,2.2682
9749,0.48654565,0.09156699,2.0096862
9750,0.8568354,0.6058179,1.4905978
9751,0.71109265,0.3325084,1.5821403
9752,0.42820448,0.06182107,1.9632027
9753,0.26046917,0.011838588,1.5993
9754,0.22835344,0.007572483,0.98330003
9755,0.35873348,0.034519833,2.0891163
9756,1.331919,2.455746,1.0395366
9757,0.4800037,0.09195917,1.7554705
9758,1.2747812,2.1777523,1.0347302
9759,0.8444658,0.606146,1.2924592
9760,0.35159495,0.03310481,1.9279064
9761,0.7594544,0.43808737,1.259565
9762,0.49546573,0.10714432,1.5062805
9763,0.22228633,0.0074140797,1.145
9764,0.42631936,0.06527363,1.6277281
9765,0.75003856,0.43456134,1.1820984
9766,0.7289133,0.40076533,1.1675993
9767,0.25037166,0.011417569,1.4465
9768,0.7261569,0.3888017,1.4425995
9769,0.49841952,0.11201731,1.6986771
9770,0.8458478,0.65415514,1.2559432
9771,0.7476042,0.44005558,1.3299191
9772,0.28308123,0.017226709,1.2609
9773,0.32189986,0.026382519,1.5588
9774,1.3163424,2.575592,1.0229381
9775,1.2967204,2.4422057,1.0625628
9776,1.0399511,1.2531354,1.2180101
9777,0.58776784,0.19559278,1.601158
9778,1.0819899,1.4360235,1.1399649
9779,1.3961352,3.0026872,1.0025561
9780,0.84725565,0.65262693,1.3387039
9781,0.54178065,0.14849633,1.7507079
9782,0.5292462,0.13814133,1.7496594
9783,0.5233711,0.13404688,1.7196635
9784,0.6080879,0.22355065,1.5309881
9785,0.7535643,0.4599963,1.3313947
9786,0.71539766,0.39162242,1.3317338
9787,0.9165212,0.88459724,1.1693536
9788,1.1424899,1.762837,1.0408232
9789,1.2120776,2.0897307,1.0381447
9790,0.97160655,1.0606772,1.1810803
9791,0.74021834,0.44277632,1.3380537
9792,0.88681555,0.80425227,1.2085212
9793,0.84897137,0.70436776,1.2152998
9794,0.4943638,0.118554264,1.5633396
9795,0.68877554,0.35341835,1.503262
9796,0.6532682,0.2991858,1.4950107
9797,0.3293286,0.030511191,1.7748
9798,0.40701142,0.061251197,1.9915454
9799,0.582448,0.202733,1.6822612
9800,0.9702392,1.0839758,1.2681266
9801,0.85691315,0.7296043,1.339476
9802,1.2513582,2.3514364,1.0927882
9803,0.9380653,0.96786964,1.2959173
9804,1.1596199,1.8675088,1.1533505
9805,1.5835358,4.294793,0.9979992
9806,2.198036,7.7745357,0.9057035
9807,0.7723406,0.4584523,1.7875162
9808,1.070332,1.3193232,1.4666175
9809,0.5406645,0.1420797,2.0189514
9810,0.6132573,0.21865359,1.8161672
9811,0.6090484,0.21448597,1.8413562
9812,0.33668527,0.029725805,2.0144
9813,0.9874433,1.0580916,1.3434478
9814,0.82712424,0.6027526,1.4455477
9815,1.1239762,1.5975842,1.2442406
9816,0.9766272,1.034448,1.3360244
9817,1.1263765,1.6141,1.2469382
9818,0.97638124,1.0379515,1.3404367
9819,1.1831962,1.8792523,1.200636
9820,1.1248766,1.611824,1.2448697
9821,0.6828986,0.3260127,1.5918612
9822,0.7639899,0.4733026,1.5523288
9823,0.78563,0.5210365,1.5497766
9824,0.71418476,0.3846015,1.5740396
9825,0.48706296,0.10824833,1.8700262
9826,0.8798998,0.77184397,1.3582786
9827,1.0547297,1.3766905,1.2197765
9828,0.700278,0.3697866,1.4875332
9829,1.1467633,1.7932165,1.127914
9830,0.78060454,0.53317577,1.3764068
9831,0.9656668,1.0671452,1.2076191
9832,0.8638322,0.75274736,1.262777
9833,0.71443874,0.40876028,1.3620383
9834,0.5727258,0.19786654,1.5053763
9835,0.30904347,0.02538071,1.9451938
9836,0.48712564,0.1173891,1.4924299
9837,0.41341987,0.06852579,1.5517976
9838,0.5647597,0.19652961,1.2788991
9839,0.6134252,0.2617961,1.1904624
9840,0.92773914,1.0197226,0.9424078
9841,0.85395604,0.78847504,0.97707623
9842,1.2001637,2.2448192,0.81397504
9843,1.0773118,1.6267076,0.88277805
9844,0.96243787,1.1523539,0.94376546
9845,0.82543075,0.71162117,1.0163227
9846,0.5899712,0.23837358,1.1818384
9847,0.3416503,0.03845952,1.5906103
9848,0.4609391,0.105636045,1.33174
9849,0.6769576,0.3836542,1.0687526
9850,0.8838116,0.92144036,0.9150162
9851,0.5652426,0.21491091,1.1357673
9852,0.26981345,0.018270383,1.6032486
9853,0.4417268,0.09513753,1.2759414
9854,0.6364834,0.32464394,1.034623
9855,0.35797226,0.048048124,1.3404434
9856,0.2762499,0.020358328,1.4655598
9857,0.3796471,0.058655947,1.3224468
9858,0.30547744,0.028469084,1.4549642
9859,0.38154608,0.060387526,1.2559577
9860,0.42570326,0.08738222,1.1984899
9861,0.6883388,0.4353035,0.9337717
9862,0.6381894,0.342528,0.9532273
9863,0.348248,0.045828767,1.2565998
9864,0.42783687,0.092024975,1.0989063
9865,0.5089778,0.16598694,0.9804348
9866,0.37180158,0.05866957,1.1153566
9867,0.2954245,0.027412228,1.2093261
9868,0.41568217,0.086615846,0.9904479
9869,0.63658524,0.36161354,0.7816748
9870,0.7162278,0.53796065,0.7261102
9871,0.62546116,0.34790877,0.7694752
9872,0.38508114,0.06979218,0.9626075
9873,0.4149015,0.09039154,0.90398055
9874,0.5426089,0.22348802,0.77298385
9875,0.39204618,0.07629512,0.8910366
9876,0.51786023,0.19509374,0.7584327
9877,0.5139523,0.19220999,0.7475696
9878,0.3388928,0.048279796,0.9011169
9879,0.19146746,0.0072189253,0.9111
9880,0.26053455,0.020277567,0.9810484
9881,0.31657746,0.039179437,0.8675176
9882,0.23996952,0.01563679,0.968667
9883,0.27729085,0.024183542,1.2477195
9884,0.3201708,0.039272994,1.1287032
9885,0.2514178,0.017587254,1.1597
9886,0.23001312,0.013114781,0.8874
9887,0.23129761,0.013358579,0.873
9888,0.23635992,0.014077927,0.6632
9889,0.25952476,0.019233901,0.9721
9890,0.33355,0.044568893,1.1564873
9891,0.39479253,0.078611284,1.0380762
9892,0.4240477,0.100324966,0.9800803
9893,0.3096351,0.03523286,1.1187891
9894,0.35448682,0.055063125,1.0901171
9895,0.5575663,0.25067896,0.854465
9896,0.349141,0.052810747,1.0606399
9897,0.37118882,0.06508086,1.0054138
9898,0.28990453,0.028604267,1.1089103
9899,0.46892595,0.1419471,0.911533
9900,0.3088287,0.035299215,1.098932
9901,0.43215013,0.10893946,0.9098361
9902,0.24831203,0.01717001,0.7884
9903,0.48367727,0.15983802,0.83112323
9904,0.23780388,0.014981364,0.6816
9905,0.32659614,0.042399194,1.1326991
9906,0.2740482,0.023607217,0.881
9907,0.24176033,0.015529251,0.4949
9908,0.2918671,0.029118506,1.1084
9909,0.24497728,0.016241755,0.5637
9910,0.26467428,0.020848442,0.7108
9911,0.27409178,0.023335535,0.7913
9912,0.26622158,0.0211566,0.7125
9913,0.2799441,0.025014319,0.8866
9914,0.28337777,0.02606759,0.9396
9915,0.26381063,0.020545045,0.7251
9916,0.24589576,0.016158095,0.43810004
9917,0.504092,0.17433366,1.00576
9918,0.4496009,0.11894961,1.0484095
9919,0.35230923,0.052612245,1.1621233
9920,0.29392168,0.028632289,0.8024
9921,0.34891155,0.050612852,1.1557761
9922,0.41866592,0.09310418,1.033554
9923,0.416953,0.091984876,1.015834
9924,0.3651705,0.05915671,1.0631132
9925,0.31006575,0.03429162,1.0402
9926,0.26912922,0.02131782,0.5612
9927,0.2944582,0.028546685,0.7571
9928,0.3747933,0.062470566,1.2383837
9929,0.32528973,0.03872693,0.818
9930,0.35758165,0.052935727,1.1413
9931,0.29237473,0.026930658,0.51
9932,0.2409,0.02084299,0.24089997
9933,0.32934645,0.039596528,0.8701
9934,0.28157178,0.023321953,0.34269994
9935,0.21809998,0.020457983,0.21810001
9936,0.3147428,0.033228487,0.6097
9937,0.5094425,0.16250753,1.2028778
9938,0.42789337,0.090550944,1.2185951
9939,0.43999156,0.099392764,1.1313834
9940,0.35475755,0.048444994,0.8471
9941,0.1769,0.025420293,0.17690001
9942,0.2813,0.054822057,0.2813
9943,0.3984721,0.067933,0.41089994
9944,0.2995,0.05676785,0.29949993
9945,0.4542038,0.111493595,0.9327807
9946,0.4571169,0.11631451,0.7861113
9947,0.39233124,0.07099758,0.6027
9948,0.52707314,0.19303754,0.58855206
9949,0.5127923,0.17863566,0.5556394
9950,0.44932532,0.11641351,0.56034875
9951,0.40759975,0.08503221,0.5597277
9952,0.52049404,0.18741706,0.6156851
9953,0.45858955,0.12765707,0.5443445
9954,0.465287,0.13725394,0.48069927
9955,0.4079,0.09202391,0.4079
9956,0.4688008,0.14602493,0.41403502
9957,0.3323,0.09502804,0.3323
9958,0.43073043,0.116247974,0.33963376
9959,0.3776,0.106041916,0.3210161
9960,0.3513,0.12546767,0.3191554
9961,0.44535685,0.13880685,0.27111956
9962,0.453574,0.15222879,0.2389444
9963,0.50512433,0.22347666,0.2072178
9964,0.5319526,0.27134272,0.1883983
9965,0.48664227,0.20571364,0.18733329
9966,0.5605921,0.33495766,0.16633154
9967,0.6678955,0.6056303,0.14674237
9968,0.6643007,0.6028806,0.14365299
9969,0.4703855,0.19509853,0.16780826
9970,0.46100104,0.1849047,0.16533403
9971,0.69639134,0.7295434,0.13150887
9972,0.49740455,0.24332282,0.15481192
9973,0.60902023,0.48072854,0.1374817
9974,0.84554493,1.3717716,0.13168661
9975,0.58801883,0.42842343,0.15405364
9976,0.61126465,0.4942811,0.14537343
9977,0.4801793,0.22560515,0.15947467
9978,0.44299507,0.1748004,0.16215853
9979,0.64561284,0.613156,0.13282654
9980,0.42035574,0.14966981,0.16457552
9981,0.53052163,0.32878798,0.14163525
9982,0.461903,0.21033193,0.14827812
9983,0.45196527,0.19807239,0.14646737
9984,0.48799318,0.25854906,0.13803506
9985,0.7951118,1.2430371,0.13242799
9986,0.7988004,1.2934723,0.11964167
9987,0.69088125,0.8278636,0.12073043
9988,0.6630364,0.7367401,0.11695226
9989,0.469825,0.24075784,0.13379492
9990,0.47284207,0.249847,0.12799352
9991,0.41648826,0.16609487,0.1326868
9992,0.5270601,0.35896417,0.13475268
9993,0.6868802,0.8821918,0.105232365
9994,0.5711504,0.4948062,0.107502095
9995,0.54239094,0.4261006,0.10395196
9996,0.47830012,0.2863,0.10568571
9997,0.4629,0.3663333,0.1373804
9998,0.73332393,1.2727127,0.092496954
9999,0.63540894,0.8663112,0.08442855
10000,0.49944422,0.4140468,0.083472684
10001,0.694902,1.246461,0.06350913
10002,0.62171966,0.8889464,0.06345416
10003,0.60216504,0.81373316,0.06171095
10004,0.4849149,0.4062732,0.06673457
10005,0.599429,0.8217592,0.058105677
10006,0.66508716,1.153633,0.054371197
10007,0.72885495,1.5396488,0.051850256
10008,0.69930977,1.3439456,0.05507431
10009,0.69473803,1.3151592,0.055617694
10010,0.85128427,2.4338777,0.050649147
10011,0.77090293,1.7808019,0.055502653
10012,0.49612933,0.43165916,0.07145343
10013,0.55147165,0.61331886,0.067646176
10014,0.7420624,1.5529902,0.06719485
10015,0.6635465,1.0919298,0.07063885
10016,0.5241637,0.5015526,0.08919664
10017,0.6638693,1.0971904,0.07348441
10018,1.2546271,3.7442,0.058853008
10019,0.4693733,0.35217297,0.092674136
10020,0.7314838,1.5068866,0.067912675
10021,0.5401131,0.5740498,0.07685362
10022,0.93137705,3.0044,0.056966808
10023,1.2752764,3.7202,0.0610331
10024,0.5843802,0.72544014,0.08456955
10025,0.6964441,1.3037142,0.0701352
10026,0.6581693,1.1023523,0.068393
10027,0.48800692,0.42144787,0.07680221
10028,1.2312247,3.5137,0.05904924
10029,1.1383948,3.4239,0.05578128
10030,0.7951616,2.0346956,0.06363284
10031,0.60309505,0.8598304,0.07014088
10032,0.7383397,1.6365243,0.06262018
10033,0.7475902,1.7032065,0.060461167
10034,1.0812731,3.5667,0.04956615
10035,0.4809294,0.4018376,0.0786221
10036,1.5266199,3.7769,0.07484269
10037,0.62076694,1.0634066,0.10569143
10038,0.6468375,1.328937,0.09281358
10039,0.79897404,2.5309,0.07760151
10040,0.46670192,0.45149776,0.10156663
10041,0.437702,0.36243132,0.09848817
10042,1.3602469,3.5815,0.08684667
10043,2.1533434,5.5862007,0.07188384
10044,0.6991378,1.5556842,0.1565972
10045,0.44884744,0.33464512,0.2076907
10046,0.4938246,0.43114585,0.19959876
10047,0.93245894,3.009012,0.14186943
10048,0.4596761,0.3079563,0.21459252
10049,0.37818825,0.15756328,0.23856057
10050,1.4565846,4.7504,0.15120421
10051,0.8771973,2.1080787,0.20079005
10052,1.4196535,4.8882,0.15607807
10053,1.2094376,4.4743,0.18160237
10054,1.3689334,4.9835,0.1843744
10055,1.0986599,3.2925103,0.22899319
10056,1.3244478,5.0521,0.22274058
10057,0.5199883,0.2877983,0.40388247
10058,0.38668525,0.10706032,0.46802753
10059,0.44306368,0.16383556,0.51460963
10060,0.96707934,1.9723974,0.41254288
10061,0.67857915,0.61941355,0.5303018
10062,1.3854957,4.5685,0.31453946
10063,0.9257635,1.6302652,0.37143755
10064,0.7333328,0.77639395,0.38907924
10065,0.52573943,0.26090813,0.4328192
10066,0.55819917,0.32015145,0.39738226
10067,0.7150453,0.695235,0.45777187
10068,0.7977476,0.99785596,0.45928803
10069,1.2435901,3.7196,0.32543334
10070,2.0725477,5.7008,0.2259861
10071,2.1726484,6.0831,0.21313007
10072,1.0588125,2.631689,0.3111153
10073,0.5974351,0.42590278,0.40379402
10074,0.65452135,0.57555777,0.3638236
10075,1.1960409,3.585657,0.28135616
10076,1.9998556,6.0468,0.21584325
10077,1.9311302,6.0601,0.2384323
10078,0.48234886,0.17908259,0.5378846
10079,0.4678579,0.161744,0.54552037
10080,2.405929,6.3826,0.30575272
10081,2.514024,6.5848,0.31269547
10082,2.9901633,7.3729997,0.28087467
10083,1.3335931,3.719227,0.4574292
10084,0.476048,0.14043213,0.78285074
10085,1.2207488,2.8539011,0.47334623
10086,1.6691194,5.6848,0.4102392
10087,0.9526485,1.2668093,0.6017082
10088,2.1028786,6.6255,0.39788777
10089,2.1409278,6.8161,0.4491851
10090,0.99503213,1.2858343,0.7665704
10091,2.341188,7.301,0.49429733
10092,0.66824675,0.33063278,1.0979376
10093,0.6346069,0.28046408,1.1127945
10094,0.7757662,0.5491368,0.9823053
10095,0.7937411,0.5963485,0.9561804
10096,1.2588562,2.482277,0.8384299
10097,0.9187158,0.9325468,1.0393465
10098,0.5759994,0.20087081,1.3227247
10099,0.47740304,0.106931195,1.4950842
10100,2.5698092,7.4112,0.65759635
10101,1.7045541,5.0471406,0.9279196
10102,1.6583403,4.5671268,1.0185891
10103,1.0762866,1.3144468,1.358333
10104,0.4291973,0.063036144,1.7855
10105,0.883474,0.6974227,1.51232
10106,1.2866852,2.2571023,1.2146089
10107,0.7298559,0.37118682,1.6275698
10108,0.70547,0.33457866,1.593071
10109,0.517725,0.11913302,1.9053657
10110,0.50465035,0.11021692,1.8272094
10111,0.6961516,0.3229671,1.5634207
10112,0.8099497,0.5337421,1.4609337
10113,0.7392151,0.3977276,1.4800423
10114,0.47140375,0.08946081,1.7679257
10115,0.71018386,0.35302398,1.4084263
10116,0.92831457,0.8562284,1.1891125
10117,0.86806643,0.69330966,1.2095958
10118,0.61917275,0.22906153,1.3968714
10119,0.7142256,0.3701715,1.2967826
10120,1.0232769,1.1994518,1.0519677
10121,1.5533077,3.9838216,0.8477227
10122,1.3104749,2.4613018,0.98743206
10123,0.7978514,0.5180991,1.2993476
10124,0.8154877,0.55927634,1.2993313
10125,0.8627616,0.66921383,1.3638667
10126,0.57264864,0.17355955,1.6217252
10127,0.64033157,0.25416398,1.4711586
10128,2.5897286,7.8468,0.69713867
10129,1.0128204,1.0713812,1.323422
10130,0.8029477,0.5079469,1.4736093
10131,0.8987266,0.7360759,1.4211421
10132,1.5877973,3.9703,1.0434773
10133,0.52150553,0.11857525,1.9179511
10134,1.0474395,1.185691,1.2990662
10135,1.2327404,1.95814,1.1855466
10136,0.6473539,0.24614811,1.6891363
10137,0.9777936,0.9496773,1.4637225
10138,0.63073987,0.22388163,1.9259608
10139,0.40524372,0.05076698,1.6195
10140,0.5764751,0.16526884,2.0324402
10141,1.203008,1.805749,1.361233
10142,1.771043,5.0382543,1.1356966
10143,1.4240481,2.806295,1.3694805
10144,1.0436528,1.0907593,1.6387029
10145,2.466156,7.7577,1.0444741
10146,1.5918802,3.5132265,1.5136276
10147,1.3766422,2.309243,1.7689385
10148,1.5173469,3.0080445,1.6873885
10149,1.1599035,1.3545592,1.964348
10150,0.54220504,0.1122907,2.7498143
10151,0.574276,0.13693292,2.6058972
10152,0.70273787,0.27165157,2.24389
10153,0.8370169,0.48585716,2.1164856
10154,1.0453093,1.0104178,1.8091488
10155,0.877248,0.5772906,1.9368516
10156,1.7337658,4.3397636,1.3254247
10157,1.0858892,1.1252754,1.7763484
10158,0.49609378,0.085247114,2.5721004
10159,0.39517543,0.04020184,2.0376
10160,0.57397914,0.14101858,2.2319283
10161,1.4797343,2.898098,1.3294766
10162,0.5508241,0.122859076,2.2086325
10163,0.64866465,0.2149217,1.9382168
10164,0.50569427,0.094633,2.0864491
10165,0.35442546,0.029055009,1.7182
10166,1.0907221,1.2056671,1.3725568
10167,1.3374527,2.2455873,1.2226337
10168,1.1845785,1.5604074,1.3175805
10169,1.043154,1.0549675,1.3974036
10170,0.74551874,0.35693216,1.6179733
10171,0.838267,0.53089476,1.5084121
10172,1.4605334,2.9439487,1.113599
10173,1.3149611,2.16802,1.2252811
10174,1.1446911,1.428794,1.3292121
10175,1.1156026,1.3258661,1.3407537
10176,0.6917207,0.28186813,1.743532
10177,0.59815246,0.17550012,1.8284494
10178,0.584744,0.16480647,1.7688055
10179,0.9418816,0.78992856,1.5569719
10180,0.4797325,0.08514614,2.0973155
10181,0.398626,0.04494458,1.7252
10182,0.43968305,0.062477663,1.9904001
10183,1.3132975,2.2110393,1.3979509
10184,1.6704286,4.185324,1.2481275
10185,2.1480749,6.888901,1.162529
10186,1.9471155,5.4834666,1.3832445
10187,1.4777093,2.7041109,1.7290684
10188,1.274285,1.7484151,1.8803759
10189,0.95284534,0.70362514,2.1332197
10190,1.0699627,1.0333273,1.927657
10191,1.043777,0.96444046,1.8893666
10192,0.9362217,0.68703675,1.9274043
10193,0.59451455,0.1547133,2.2993968
10194,0.81908077,0.454629,1.8931057
10195,0.9752216,0.81109035,1.7166916
10196,0.33959192,0.024498522,1.8643
10197,0.29067013,0.01464394,1.3375
10198,0.51953614,0.102752216,2.1887248
10199,0.41556823,0.048535492,2.2322
10200,0.33486202,0.023456765,1.3596
10201,0.32269108,0.020750277,1.1867001
10202,0.41189343,0.046978656,1.8959999
10203,1.0384111,1.0157489,1.6421542
10204,0.77446574,0.39409542,1.8464717
10205,0.43773702,0.059282817,2.1747
10206,0.312616,0.019295532,1.0464
10207,0.37028965,0.03415807,1.5783
10208,0.33937123,0.02564509,1.2782
10209,0.5578883,0.13378063,2.1733656
10210,0.99441063,0.91263217,1.5392642
10211,0.85399693,0.5613856,1.609974
10212,0.6257,0.20236042,1.8024918
10213,0.7465191,0.368507,1.5748591
10214,1.150516,1.5024409,1.2234464
10215,1.2125782,1.7667195,1.1873678
10216,1.3215637,2.2761233,1.141554
10217,0.9568275,0.83746445,1.3642609
10218,0.5890525,0.17056629,1.6914405
10219,0.54355377,0.1319588,1.6811943
10220,0.70639044,0.3201879,1.4151124
10221,0.6307232,0.22243096,1.4451458
10222,0.3454961,0.030012226,1.5087
10223,0.42032254,0.058016315,1.705368
10224,0.47224015,0.0860846,1.6056423
10225,0.38157627,0.042388823,1.6336
10226,0.535614,0.1312612,1.5908659
10227,0.4885207,0.09748584,1.5904318
10228,0.74741733,0.40520743,1.270828
10229,0.83240235,0.58388895,1.1695646
10230,1.0735059,1.3316891,1.0073245
10231,0.67427295,0.29536393,1.2673365
10232,0.99960506,1.0795313,1.0112859
10233,0.70407665,0.34705588,1.1959796
10234,0.7442878,0.42177814,1.1330653
10235,0.8823925,0.7333296,1.1380898
10236,0.7822236,0.4987573,1.1863234
10237,0.9359675,0.9021195,1.059549
10238,0.459586,0.08627983,1.4846804
10239,0.28904238,0.018400788,0.6644
10240,0.300556,0.021058112,0.7986
10241,0.29149255,0.019049888,0.6746
10242,1.0729346,1.4022709,1.0223026
10243,0.8254015,0.606974,1.1628336
10244,0.7855532,0.52031344,1.1653091
10245,0.6148458,0.23316282,1.2838793
10246,0.7833508,0.52489996,1.1034429
10247,0.8149351,0.6026677,1.0600172
10248,0.7592146,0.48183557,1.079109
10249,0.7429303,0.45277146,1.0690123
10250,0.71248317,0.39809763,1.069464
10251,0.627458,0.26373944,1.1145563
10252,0.543134,0.1646344,1.1662927
10253,0.51966035,0.14342438,1.1578238
10254,0.5508565,0.17543752,1.1157598
10255,0.57026774,0.19885685,1.0675113
10256,0.31047356,0.026184835,1.0057
10257,0.6139581,0.25596833,1.041284
10258,0.46146148,0.09958813,1.1700329
10259,0.45779517,0.09779425,1.1397592
10260,0.41505566,0.07105132,1.1609206
10261,0.30818102,0.025744596,0.6323
10262,0.5723728,0.20473154,1.1387362
10263,0.2193,0.016205868,0.21929999
10264,0.37980253,0.052059703,1.2841
10265,0.40006432,0.06220059,1.3162631
10266,0.64950114,0.31554905,1.0007432
10267,0.5513189,0.18434595,1.0594319
10268,0.58663017,0.22856471,0.9997801
10269,0.5765099,0.2174875,0.98420817
10270,0.50592923,0.14182977,1.0249745
10271,0.3741952,0.05211568,1.1571349
10272,0.6244221,0.2901958,0.87232804
10273,0.5455773,0.18667535,0.91960657
10274,0.47255737,0.11651419,0.9658387
10275,0.40031353,0.06742466,1.0224868
10276,0.3877292,0.061032515,1.0111327
10277,0.530996,0.17082754,1.0366743
10278,0.40003818,0.066106446,1.2037
10279,0.40485102,0.069140956,1.1570188
10280,0.5259336,0.16642857,0.98785806
10281,0.39759693,0.06572571,1.0972599
10282,0.46004105,0.10740282,1.00136
10283,0.44100794,0.093842946,0.9885484
10284,0.5063214,0.14653598,1.0470582
10285,0.5874547,0.24281009,0.8946229
10286,0.5872881,0.24491853,0.84079087
10287,0.57843685,0.23505177,0.80556476
10288,0.62865484,0.31287116,0.7408232
10289,0.6876519,0.4248186,0.6848735
10290,0.71673787,0.49063784,0.6579563
10291,0.53738654,0.18683562,0.8477046
10292,0.6040355,0.27872357,0.744223
10293,0.5239074,0.17532706,0.75640815
10294,0.38198414,0.061585255,0.8241
10295,0.39396697,0.068843886,0.7925569
10296,0.5250953,0.18132707,0.66025835
10297,0.52677655,0.18502438,0.639041
10298,0.5232951,0.18268503,0.6236373
10299,0.834594,0.8577913,0.4812619
10300,0.54034215,0.20633252,0.59602743
10301,0.3650899,0.056177054,0.7092745
10302,0.3981798,0.07529294,0.68323743
10303,0.4857236,0.14742054,0.6030166
10304,0.5798966,0.26835808,0.5403506
10305,0.4924373,0.15706064,0.5769807
10306,0.3782883,0.063437365,0.5503
10307,0.44912392,0.11382052,0.69048804
10308,0.51740324,0.18478577,0.5963746
10309,0.49851704,0.16517149,0.57306594
10310,0.44957927,0.11827169,0.57502127
10311,0.38415515,0.069132686,0.4353
10312,0.638446,0.36342362,0.6934597
10313,0.76912105,0.7616591,0.5372686
10314,0.75613594,0.814821,0.4349267
10315,0.62757885,0.4716947,0.39367107
10316,0.47457594,0.19391195,0.38121146
10317,0.42668867,0.13968122,0.34715894
10318,0.5041012,0.24402371,0.3208028
10319,0.3602,0.12380293,0.30451915
10320,0.3336,0.11894268,0.2727178
10321,0.2957,0.12801969,0.2634881
10322,0.2104,0.118065804,0.2104
10323,0.3657,0.13661101,0.21271871
10324,0.5456385,0.35578606,0.187006
10325,0.44060585,0.18066399,0.18488374
10326,0.4929077,0.2676151,0.16458179
10327,0.6530076,0.6920441,0.13057168
10328,0.42852494,0.17555551,0.1522326
10329,0.58243954,0.48181906,0.1458327
10330,0.54119194,0.39599162,0.13098426
10331,0.46168354,0.24196474,0.12723042
10332,0.66524774,0.81225437,0.10770481
10333,0.34,0.22116025,0.11808998
10334,0.5673453,0.51780033,0.09382272
10335,0.58917564,0.6004759,0.08556422
10336,0.547439,0.47973746,0.08621812
10337,0.61457497,0.6965392,0.091703035
10338,0.7446453,1.3342826,0.082981244
10339,0.8396674,2.1196425,0.06519178
10340,0.3395,0.31219512,0.078955956
10341,0.1814,0.1814,0.07766065
10342,0.16649999,0.1665,0.07369612
10343,0.5873774,0.84035885,0.05627469
10344,0.7917376,1.9665,0.043057255
10345,0.6434507,1.2696332,0.042962834
10346,0.75266343,1.7965,0.040297728
10347,0.863024,2.377,0.033222225
10348,0.7660907,2.0985,0.03307412
10349,0.47992718,0.5502805,0.04052118
10350,0.60292333,1.1634198,0.035136316
10351,0.48171794,0.56900144,0.038647655
10352,0.7004175,1.8871187,0.03094054
10353,0.90744835,2.89,0.027348844
10354,0.43007472,0.3866117,0.041716624
10355,0.3889,0.3632526,0.044744432
10356,0.46765047,0.50776887,0.043363746
10357,0.59987813,1.1484327,0.03675684
10358,0.7114608,1.9529527,0.03329604
10359,0.7630176,2.382469,0.03266897
10360,0.9111349,3.0348997,0.030883275
10361,0.660455,1.4749448,0.038516276
10362,0.448572,0.42174786,0.04799814
10363,0.2058,0.2058,0.054818254
10364,0.5222769,0.66191053,0.060863588
10365,0.8791494,2.5694,0.0414527
10366,0.5850542,1.0072293,0.048270334
10367,0.6560253,1.4523975,0.04521464
10368,1.0041745,3.1451,0.03496333
10369,0.5218709,0.69527435,0.049197607
10370,0.62506604,1.2255148,0.04902249
10371,0.6785485,1.6065361,0.043923624
10372,0.7218226,1.9429705,0.041284867
10373,0.8326496,2.6741,0.038292013
10374,0.772913,2.3199997,0.04096449
10375,0.98929167,3.3688,0.03723504
10376,0.6839185,1.5278625,0.04791954
10377,0.5541299,0.7764823,0.05467264
10378,0.6715605,1.4259336,0.05007444
10379,0.91780657,3.32,0.043861587
10380,0.73849833,1.8268772,0.052845538
10381,0.8828523,3.033883,0.05024894
10382,0.773987,2.0101483,0.05773375
10383,0.8484163,2.5879095,0.057781275
10384,1.0109737,3.9132998,0.056205127
10385,0.579052,0.74281776,0.082193404
10386,0.44418934,0.31095836,0.09581966
10387,0.39138892,0.20460081,0.10308321
10388,0.7316521,1.5254725,0.08660075
10389,0.41237074,0.23280998,0.1268118
10390,0.9389661,3.1136405,0.083137065
10391,0.47400397,0.35524198,0.12575766
10392,0.86845106,2.4096053,0.092736445
10393,0.85144436,2.2201817,0.09892409
10394,0.6662117,1.0201651,0.11803903
10395,0.52385587,0.46466073,0.13657236
10396,0.56070757,0.5750415,0.13930966
10397,0.39446273,0.17808181,0.17601243
10398,0.9918717,3.2456927,0.11725461
10399,0.6944925,1.0761609,0.1499624
10400,0.46318537,0.28381708,0.19038972
10401,0.4050258,0.17997622,0.21181454
10402,0.35635647,0.11682114,0.22634761
10403,0.44219157,0.234543,0.22425568
10404,0.46481603,0.27439943,0.21759205
10405,1.7529166,5.4968,0.10415962
10406,1.5722243,5.2262,0.1220562
10407,1.8853167,5.9498,0.12169558
10408,0.7964846,1.3292929,0.21509902
10409,1.8216938,5.6952,0.16835369
10410,0.85032463,1.4917834,0.27095136
10411,0.5860736,0.44595888,0.32517517
10412,1.3302265,4.8081,0.21435711
10413,1.1433203,3.3187861,0.25236917
10414,0.7047593,0.7403722,0.34228575
10415,0.87955546,1.490258,0.30660698
10416,1.3190401,4.601593,0.25491393
10417,1.19617,3.4391103,0.29599258
10418,0.6900042,0.62557864,0.4212574
10419,0.3252421,0.05144538,0.6157368
10420,0.65963143,0.45678633,0.7209
10421,1.0024017,1.4081864,2.4251413
10422,0.6943067,0.23862664,2.069
10423,1.4893948,2.2570474,5.2424
10424,1.3750129,1.4769336,5.3121
10425,1.2025639,0.9273694,5.0044
10426,0.6249338,0.1060866,2.9486
10427,1.228944,1.0087256,4.973473
10428,0.62263536,0.1078182,3.0344
10429,0.32456735,0.012287775,0.96960014
10430,0.92021227,0.40093535,4.1026
10431,1.3586787,1.4422498,3.4329536
10432,1.0833085,0.7102809,3.4772973
10433,1.2256751,1.077129,2.97354
10434,1.1524744,0.89873594,2.8485591
10435,1.3019125,1.3442574,2.5070312
10436,0.8381987,0.32579598,2.9420555
10437,0.5995275,0.10822882,3.0475
10438,0.40897274,0.030501897,1.8399001
10439,0.7939674,0.2858606,2.4195411
10440,1.0773258,0.7959595,1.9591634
10441,0.48486286,0.05673262,2.4693
10442,0.42562482,0.03654181,1.7991
10443,0.9778528,0.59633726,1.9889454
10444,1.5127435,2.3620706,1.5275673
10445,0.7363655,0.23716085,2.1773381
10446,0.8753214,0.42920318,1.8861003
10447,0.39851618,0.03136897,1.7673
10448,0.28472564,0.010296049,0.7061
10449,1.8566761,4.1972446,1.3652902
10450,2.170172,5.8207054,1.3208363
10451,1.7548137,3.453819,1.6050826
10452,0.39376095,0.027777739,1.7178
10453,0.95671296,0.5454135,2.1769156
10454,0.9418644,0.5275034,2.076886
10455,0.86027217,0.39818585,2.0598304
10456,1.4094784,1.9516802,1.5326067
10457,0.64822894,0.1585466,2.2231514
10458,0.4732435,0.056126427,2.4214714
10459,0.2768926,0.009439008,0.72769994
10460,0.6715003,0.18293847,2.101784
10461,1.1280965,1.0265263,1.5398318
10462,0.95225567,0.6016255,1.630857
10463,0.4945493,0.06878196,2.1578453
10464,1.0282655,0.7893639,1.523249
10465,1.6786817,3.4515672,1.1558065
10466,0.7706913,0.30588633,1.7694945
10467,0.7232237,0.25177327,1.7404405
10468,0.5525672,0.10399911,1.8886636
10469,0.3708045,0.027703855,1.6461
10470,0.6218992,0.15576412,1.8597832
10471,0.9166006,0.57444185,1.4605143
10472,1.1895356,1.3446921,1.2415072
10473,0.5868403,0.13360389,1.7396952
10474,0.5935455,0.13595138,2.151035
10475,0.68088543,0.21787776,1.9145163
10476,0.5543497,0.11126571,1.9705299
10477,1.5576639,3.0656285,1.1048812
10478,0.6415057,0.18220475,1.7526191
10479,2.186355,6.697189,0.89810485
10480,0.6061398,0.14428972,1.9208533
10481,0.7607485,0.313082,1.6251079
10482,1.6334,3.399428,1.0833474
10483,0.46579167,0.060499772,2.0369
10484,0.8687297,0.4917338,1.452015
10485,1.6360477,3.4439979,1.0209491
10486,0.53058666,0.09493899,1.8579534
10487,1.6112951,3.2997966,1.017572
10488,1.4934057,2.6517987,1.1024884
10489,1.7288629,3.8808017,1.0482076
10490,1.9452379,5.0186796,1.0412047
10491,0.3457673,0.021220855,1.5701
10492,1.410541,2.1112642,1.5563575
10493,1.7362518,3.7311413,1.3980669
10494,1.7237673,3.6067626,1.4591627
10495,1.5641301,2.7471585,1.586711
10496,1.6402127,3.1074255,1.5679725
10497,1.1915414,1.2078617,1.8755343
10498,1.4020473,2.0026834,1.6792336
10499,1.2648104,1.4743092,1.7543727
10500,1.1105876,0.9905246,1.8310217
10501,1.3728878,1.926056,1.5944211
10502,0.91143376,0.53192306,1.9360273
10503,0.40279955,0.035295952,2.3502
10504,0.45901763,0.055060744,2.5385356
10505,1.1099569,1.040654,1.5628042
10506,0.99141914,0.7335846,1.6140779
10507,0.8350667,0.4238159,1.722506
10508,1.1319628,1.1527375,1.4213735
10509,1.8658717,4.630216,1.098198
10510,1.2192864,1.4238477,1.4596643
10511,1.091658,1.0169886,1.5204566
10512,0.79043365,0.36011508,1.7366672
10513,0.86604786,0.4950115,1.5922726
10514,0.6615138,0.20541732,1.769681
10515,1.6091318,3.3222024,1.0853368
10516,0.38906446,0.03473669,2.2528517
10517,1.1572605,1.2899721,1.2509912
10518,0.98027575,0.76969725,1.3507084
10519,1.4081762,2.347813,1.1477671
10520,1.0907453,1.0884618,1.3253244
10521,0.2604103,0.009433214,1.3968
10522,0.270228,0.010580124,1.2704
10523,0.4920475,0.07767202,2.3906195
10524,0.3217333,0.018952308,1.5238
10525,0.5895991,0.14518587,2.0245275
10526,0.8633707,0.5237727,1.5932419
10527,1.7863307,4.4830565,1.0678301
10528,1.0118724,0.8638685,1.5207274
10529,0.7193362,0.28409427,1.8250196
10530,0.6077035,0.16435488,1.8865879
10531,0.4348831,0.05433688,2.1034343
10532,0.69770783,0.2672953,1.6117945
10533,0.52387065,0.104109615,1.774418
10534,1.3419818,2.2023566,1.0636303
10535,0.6991008,0.27653536,1.4926852
10536,0.29318762,0.015292508,1.4339
10537,0.35760835,0.029869188,1.9694954
10538,0.6125302,0.18333551,1.4433197
10539,1.0521818,1.0956278,1.0626717
10540,0.7127965,0.31146985,1.2768002
10541,0.9689445,0.8632703,1.0620854
10542,0.51598036,0.10872951,1.4283656
10543,0.5434471,0.12867552,1.5325979
10544,0.8311867,0.5354251,1.1935459
10545,0.7804149,0.44108593,1.2015126
10546,0.50749785,0.106225096,1.4824823
10547,0.6244866,0.21275686,1.4034646
10548,0.9914072,0.9669287,1.2227536
10549,0.85916376,0.61419064,1.293647
10550,1.4006338,2.7805498,0.9887629
10551,0.5936705,0.18043122,1.5634723
10552,1.1355118,1.5060475,1.0904757
10553,1.12276,1.4589863,1.0982524
10554,0.9937407,0.9997717,1.1674129
10555,0.6491256,0.25017977,1.4220735
10556,0.62804544,0.22662678,1.4133435
10557,0.4413169,0.0702675,1.6545738
10558,0.50472856,0.11069268,1.5499288
10559,0.58738345,0.18456134,1.4583117
10560,0.4839204,0.09568895,1.7816588
10561,0.4411491,0.07075873,1.7898567
10562,0.4709496,0.0874357,1.8542218
10563,0.3322463,0.027295496,0.9536
10564,0.6338463,0.23812914,1.5208633
10565,0.7654008,0.44954807,1.3314328
10566,0.3317688,0.027823813,1.0225
10567,0.3106547,0.022443568,0.8267
10568,0.4236092,0.061302703,1.3042
10569,0.6460287,0.25011843,1.7331777
10570,0.7190273,0.35931423,1.5022678
10571,0.6992184,0.33125263,1.3720282
10572,0.38764513,0.04680202,0.8749
10573,0.5544816,0.1567025,1.278995
10574,0.40286383,0.05445781,1.0394
10575,0.92981267,0.88280964,0.8703243
10576,1.279278,2.379937,0.7176498
10577,0.84890324,0.6585049,0.89399195
10578,1.583381,4.2339296,0.6344866
10579,1.407152,3.0311315,0.7207424
10580,0.95067215,0.9153832,0.9144576
10581,1.0125161,1.1276926,0.87491167
10582,1.2990257,2.4145508,0.76711667
10583,0.5988081,0.2011501,1.1613975
10584,0.467015,0.08861358,1.2697717
10585,0.31625786,0.02427347,0.7709
10586,0.313472,0.023421451,0.5767
10587,0.43881032,0.07182371,1.439369
10588,0.43317407,0.06945643,1.371362
10589,0.902577,0.78175724,1.1063118
10590,1.3195326,2.5550714,0.830153
10591,1.264188,2.2405193,0.8290099
10592,1.2285541,2.0496638,0.8307834
10593,1.0428022,1.236829,0.8974062
10594,0.96977746,0.9878248,0.9133748
10595,1.0212446,1.172586,0.87217396
10596,0.9664615,0.9896731,0.8864473
10597,1.0333704,1.2317797,0.8457513
10598,0.80351406,0.55055225,0.95467573
10599,0.4494507,0.08044647,1.2430793
10600,0.9627106,1.0079215,0.82097006
10601,0.92740655,0.9002458,0.83189666
10602,0.48195302,0.10416692,1.1412984
10603,0.40036973,0.056553014,1.208646
10604,0.6333206,0.2643969,0.9317795
10605,0.30216083,0.022503544,0.6305
10606,0.90898114,0.8625222,0.87686974
10607,0.85840654,0.721915,0.88655466
10608,0.8096542,0.6016097,0.895999
10609,1.0020543,1.2041218,0.78956217
10610,0.80844796,0.6061986,0.87796414
10611,0.6409962,0.2843667,0.96931344
10612,0.85087,0.72938323,0.8212385
10613,0.48823085,0.1167427,1.069983
10614,0.7333987,0.45631963,0.8494461
10615,0.38196063,0.052321263,1.1520169
10616,0.7039824,0.40565073,0.8253775
10617,0.7681295,0.54576075,0.7777866
10618,0.40700778,0.0665103,1.0523366
10619,0.3773202,0.05204607,1.0611842
10620,0.49073124,0.124583706,1.0043603
10621,0.5334399,0.16609977,0.9371524
10622,0.3557769,0.043234326,1.0998
10623,0.4962959,0.13262421,0.9174957
10624,0.5237038,0.16016215,0.8718981
10625,0.3730486,0.051973257,1.0070791
10626,0.42283472,0.07929349,0.9494546
10627,0.4438919,0.09401777,0.9055256
10628,0.33834767,0.038216487,0.9784
10629,0.28622213,0.021986304,0.45710003
10630,0.48601404,0.12960836,0.8249788
10631,0.60082346,0.26525876,0.72699016
10632,0.3672065,0.051289488,0.96311724
10633,0.7085761,0.45708603,0.72979957
10634,0.62703276,0.3075218,0.7641102
10635,0.30627182,0.028309982,0.5217
10636,0.48781797,0.13459454,0.85078615
10637,0.340609,0.0407909,0.8627
10638,0.29060584,0.02403544,0.3226
10639,0.2874,0.030298317,0.28739998
10640,0.37635547,0.056215327,0.8935999
10641,0.70249754,0.45143205,0.7527626
10642,0.58097386,0.23971212,0.8673165
10643,0.6862396,0.4203586,0.74834603
10644,0.6992269,0.45113105,0.70788693
10645,0.55169076,0.20731203,0.7679629
10646,0.64305687,0.34576148,0.71809155
10647,0.5616184,0.22212331,0.74619853
10648,0.55660844,0.21759987,0.71797436
10649,0.4854549,0.13913609,0.74056596
10650,0.47724095,0.13255924,0.72112197
10651,0.35442907,0.049318194,0.6685
10652,0.4114311,0.0807384,0.80767256
10653,0.53612435,0.19725575,0.6699832
10654,0.5002003,0.15806642,0.6647246
10655,0.4734209,0.13278227,0.6578675
10656,0.50338274,0.16445668,0.6167767
10657,0.33855215,0.04406868,0.48759997
10658,0.4436454,0.10412227,0.6928
10659,0.46696326,0.12703764,0.76487887
10660,0.54295564,0.2200045,0.5743819
10661,0.47066072,0.14115874,0.5211677
10662,0.500426,0.17753485,0.44384003
10663,0.44594982,0.122645274,0.4444147
10664,0.48389584,0.16456297,0.3850428
10665,0.55541015,0.2652803,0.3323898
10666,0.4754951,0.1608199,0.33873525
10667,0.5601676,0.28029805,0.30699548
10668,0.4834569,0.17454068,0.31309637
10669,0.5688238,0.30420306,0.2752669
10670,0.3991644,0.09477228,0.3172197
10671,0.42456028,0.11689832,0.31478852
10672,0.6255746,0.42944005,0.24944179
10673,0.6304962,0.4472101,0.23803248
10674,0.40096015,0.10068996,0.28887
10675,0.51314336,0.21951519,0.36484513
10676,0.4154,0.17798564,0.30390075
10677,0.48144037,0.21483293,0.24970321
10678,0.3421,0.16762747,0.21838358
10679,0.040399995,0.0404,0.0404
10680,0.3804,0.17235366,0.16932873
10681,0.46400818,0.22109438,0.14852525
10682,0.46728966,0.231642,0.13743347
10683,0.4832072,0.26406503,0.12751965
10684,0.67046857,0.7873291,0.10318529
10685,0.3933,0.16052596,0.1286746
10686,0.58917576,0.5284754,0.10603045
10687,0.48224932,0.27659446,0.11431224
10688,0.5442906,0.41806504,0.104708865
10689,0.42473498,0.18600768,0.11642869
10690,0.53396535,0.39182353,0.12058012
10691,0.555579,0.45317918,0.11864696
10692,0.48168606,0.29597208,0.11137891
10693,0.8513683,1.8431925,0.09907946
10694,0.50339764,0.3925455,0.106739625
10695,0.674314,1.0969634,0.08207551
10696,0.5941691,0.7953606,0.07372236
10697,0.6890695,1.3405,0.05954308
10698,0.4656288,0.3874126,0.06663944
10699,0.4227,0.329855,0.06413
10700,0.5481093,0.68961304,0.05396535
10701,0.47041583,0.4241924,0.056105334
10702,0.58708453,0.87568676,0.0516099
10703,0.5150845,0.5813011,0.0527372
10704,0.47748893,0.45963785,0.052848503
10705,0.48315394,0.48333296,0.051046424
10706,0.1907,0.1907,0.055867985
10707,0.78305775,2.1283,0.04630645
10708,0.779655,2.1948,0.04365531
10709,0.8235594,2.4558,0.040827252
10710,0.5545222,0.75887406,0.049640857
10711,0.50953215,0.58217245,0.050371718
10712,0.42484683,0.32344648,0.053988688
10713,0.54263693,0.72750205,0.046681672
10714,0.43501824,0.35467926,0.05183876
10715,0.219,0.219,0.054854345
10716,0.15860002,0.1586,0.05584751
10717,0.13869998,0.1387,0.056812283
10718,0.5235518,0.6520169,0.04868736
10719,0.4196306,0.31770816,0.053627014
10720,0.5845685,0.94417584,0.044478625
10721,0.6473874,1.3059405,0.04224034
10722,0.4001633,0.27287522,0.05466898
10723,0.3167,0.24296768,0.05572246
10724,0.40026018,0.27516332,0.054292485
10725,0.42629248,0.33818185,0.054592375
10726,0.63871264,1.2552952,0.044978164
10727,0.80624604,2.53663,0.040333077
10728,0.474417,0.46897554,0.055260878
10729,0.60736865,1.0291961,0.054339916
10730,0.6073698,0.9842497,0.07351674
10731,0.51946396,0.65367323,0.06756453
10732,0.52575743,0.7127804,0.05905029
10733,0.5395497,0.79524386,0.052765545
10734,1.1205869,3.5718,0.034030363
10735,0.5018782,0.6219156,0.052660875
10736,0.4672838,0.4927435,0.054375395
10737,0.9076794,2.8359,0.042161662
10738,0.9730298,3.1588,0.040220175
10739,0.89554393,2.9751,0.042965937
10740,0.6311737,1.2043822,0.053322807
10741,0.40020764,0.2721895,0.06756004
10742,0.6537158,1.3367745,0.05277902
10743,0.74879235,2.010077,0.050033033
10744,0.5142524,0.6034849,0.06281524
10745,0.38821262,0.2383352,0.073846884
10746,0.6984607,1.5828654,0.05726224
10747,0.4114838,0.28305095,0.07694679
10748,0.58620596,0.8995768,0.064060435
10749,1.0272735,3.7129,0.048704177
10750,0.5174418,0.5732217,0.07511699
10751,0.47488758,0.43158007,0.079305254
10752,0.4379028,0.32867482,0.0852394
10753,0.6903374,1.425361,0.06840427
10754,0.261,0.1359607,0.10150088
10755,0.61207443,0.93575,0.08954478
10756,0.45559064,0.35576805,0.102130234
10757,0.39351943,0.21682625,0.114833
10758,0.4278871,0.28535065,0.10912934
10759,0.7336019,1.6085911,0.087325275
10760,1.2055446,3.8258,0.069878735
10761,0.8428576,2.3646338,0.08227817
10762,0.9834686,3.3599,0.07471987
10763,0.54846394,0.58782554,0.103741124
10764,0.5065234,0.4537317,0.105887614
10765,1.4063727,4.6306,0.06405329
10766,1.3277613,4.42,0.0761281
10767,1.2382686,4.2892,0.08392699
10768,0.725803,1.2568815,0.11896995
10769,0.4991148,0.37148938,0.14546911
10770,0.37019214,0.1380131,0.16808486
10771,0.5312081,0.4494526,0.15542386
10772,0.5961088,0.6566407,0.14201246
10773,0.47954446,0.3215464,0.15580063
10774,0.41278645,0.19591397,0.16563918
10775,1.1734012,3.8745,0.114938736
10776,0.6530148,0.8380312,0.1531865
10777,0.75852734,1.3529544,0.13500072
10778,0.897029,2.2453897,0.121511586
10779,0.48562318,0.31255257,0.16849121
10780,0.38024375,0.13925308,0.1865128
10781,0.43640473,0.21784167,0.18757069
10782,0.4068183,0.17317677,0.18883196
10783,1.2990692,4.376,0.10031546
10784,1.4457207,4.7787,0.103202045
10785,0.46647978,0.25103694,0.19798468
10786,0.37704763,0.12296815,0.23090132
10787,1.1355819,3.7456,0.14495881
10788,0.9952519,2.677982,0.15069883
10789,0.6748692,0.797113,0.18070981
10790,0.7658223,1.199708,0.16309465
10791,0.46755874,0.24004506,0.20607135
10792,0.56022394,0.4394575,0.18273331
10793,1.4112236,4.7989,0.111623116
10794,0.91271615,1.9937012,0.15303971
10795,0.53265667,0.35274124,0.20729347
10796,0.9119146,1.9727999,0.15666379
10797,0.8047136,1.3283126,0.17290251
10798,0.8422397,1.5223883,0.17245395
10799,0.75905347,1.0913775,0.18679516
10800,0.4905203,0.26199007,0.23712233
10801,0.40022314,0.13361031,0.26319927
10802,0.41907772,0.15234199,0.30401745
10803,1.054076,2.8043287,0.24838741
10804,0.74762625,0.9973675,0.2628535
10805,0.46080515,0.2077361,0.29518008
10806,1.1993226,3.8314,0.18269472
10807,0.89418846,1.7579085,0.19855836
10808,0.49978688,0.26802334,0.2626091
10809,0.5168862,0.30258942,0.2498322
10810,0.65824246,0.67815435,0.21840012
10811,0.56670153,0.43273386,0.21666448
10812,0.8312038,1.580504,0.1500429
10813,1.2195204,3.7876,0.10797763
10814,1.7793968,5.1599,0.08476383
10815,1.1848751,3.9306,0.10801605
10816,0.5071245,0.31081825,0.17228876
10817,0.692959,0.8623572,0.15411638
10818,0.85714203,1.6914703,0.13792515
10819,0.89389586,1.9256984,0.13079552
10820,1.7649499,5.2735,0.08929941
10821,2.043637,5.8856,0.088582136
10822,1.8587923,5.6882,0.10317211
10823,1.6365843,5.3736,0.12315111
10824,2.571521,7.0201,0.1078767
10825,1.9419696,6.1993,0.14600141
10826,1.1598065,3.1496062,0.21928596
10827,0.79130024,0.9751769,0.28479642
10828,1.1453583,2.9759762,0.23889083
10829,1.5118428,5.496,0.23773274
10830,1.1894968,3.055925,0.30352253
10831,0.518771,0.21760353,0.49264634
10832,0.4358825,0.12044336,0.5985027
10833,0.5933351,0.33746752,0.5036725
10834,1.2860006,3.6895015,0.33535567
10835,2.3644843,7.0959,0.2612165
10836,2.035414,6.7212,0.33025247
10837,1.660784,5.9327826,0.42588082
10838,0.73346466,0.54342175,0.7339759
10839,0.49610958,0.1490906,0.90219617
10840,0.47559267,0.12953843,0.9396081
10841,0.38429052,0.06350787,1.0593463
10842,0.40367424,0.07477052,1.044204
10843,0.40735275,0.07659,1.0848086
10844,0.41887444,0.083360024,1.1213686
10845,0.69569874,0.45218697,0.83862543
10846,1.6890941,5.925992,0.5187523
10847,0.64557874,0.33291304,0.94389135
10848,0.5868008,0.24303308,0.98850584
10849,1.757468,6.05,0.5965612
10850,1.7390138,5.776737,0.6658852
10851,0.93818134,0.99576914,1.0116782
10852,1.5983174,4.5777955,0.7824695
10853,1.5909458,4.373303,0.87533104
10854,1.2405431,2.1667926,1.0652573
10855,1.1908399,1.9022998,1.1081657
10856,1.4124867,3.075231,1.0347042
10857,1.3112807,2.4563627,1.1185462
10858,1.8063533,5.433551,0.97309166
10859,1.2585802,2.0626235,1.2888739
10860,0.7418645,0.38329425,1.6900331
10861,0.92250896,0.78912544,1.4777977
10862,0.80563176,0.5073286,1.6431137
10863,0.68551624,0.30012497,1.7222078
10864,1.4065652,2.8621085,1.2403173
10865,1.0329376,1.1238537,1.4915351
10866,0.68669623,0.2965299,1.8675785
10867,1.1270355,1.4840177,1.4079611
10868,1.5182639,3.4753656,1.2068775
10869,0.8898542,0.68560785,1.6476
10870,1.2988945,2.2324817,1.3308074
10871,0.400578,0.048027247,2.0693
10872,1.0707227,1.2391189,1.4824284
10873,0.54168195,0.13266225,2.0728621
10874,0.47285834,0.08438005,2.207264
10875,1.2397213,1.9580435,1.3142183
10876,1.2323809,1.9159559,1.328266
10877,0.41867346,0.056134306,2.2228
10878,0.55628586,0.14679304,1.855239
10879,0.7369356,0.37880433,1.5437154
10880,0.63713354,0.23637809,1.5996065
10881,0.6524389,0.2589181,1.5196612
10882,0.49775076,0.10575761,1.7066883
10883,0.55260986,0.1508476,1.6156814
10884,0.6258523,0.23116702,1.4588795
10885,0.7897293,0.5029839,1.2986712
10886,0.91120076,0.8096959,1.1795735
10887,0.6929524,0.3331334,1.3290567
10888,0.39535934,0.051665455,1.6916933
10889,0.52819437,0.135634,1.5542339
10890,0.7362619,0.41372392,1.2743237
10891,0.5000922,0.11512975,1.5122414
10892,0.48157424,0.10227982,1.5015246
10893,0.3237638,0.027236672,1.3056
10894,0.42350954,0.0662354,1.7094225
10895,0.38624322,0.047173668,1.1476
10896,0.6177226,0.22211617,1.9617202
10897,0.6559039,0.27229166,1.6700236
10898,0.5181322,0.12545438,1.6175421
10899,0.5914331,0.19655542,1.403726
10900,1.5345943,3.8885558,0.8117277
10901,0.78620565,0.49762473,1.1289034
10902,1.2004604,1.9234726,0.8916574
10903,0.4691201,0.08948207,1.3934872
10904,0.54990387,0.15418139,1.1892356
10905,0.83978933,0.63518584,0.91075796
10906,0.94431996,0.93843937,0.82929796
10907,0.9915001,1.1053379,0.78850764
10908,1.2665006,2.344481,0.6921075
10909,1.0712128,1.4057366,0.7666857
10910,0.92825663,0.89287186,0.8473698
10911,1.0241351,1.2267307,0.80899906
10912,0.91527116,0.8561661,0.89174694
10913,1.0210592,1.2151878,0.8646583
10914,1.2718829,2.3774567,0.75423187
10915,1.2060605,2.0181854,0.7830276
10916,1.1833838,1.898423,0.7986452
10917,1.0228761,1.206337,0.8808619
10918,1.2874203,2.4168699,0.8165023
10919,1.0781852,1.4052783,0.91387016
10920,1.3886688,2.965205,0.80530024
10921,1.6221308,4.373835,0.76866895
10922,1.5860752,4.0259843,0.8340102
10923,1.0938438,1.3623759,1.0724967
10924,1.274054,2.1552646,1.0394688
10925,1.2882966,2.213861,1.0474904
10926,1.3955669,2.7628362,1.0235034
10927,1.7324811,4.742443,0.9446356
10928,1.8144183,5.1095457,0.99844116
10929,1.3347751,2.2412405,1.2725124
10930,0.5975003,0.16851686,1.9154968
10931,0.32188588,0.021219818,1.0805
10932,0.38486743,0.03876016,1.6407
10933,0.4627539,0.071725115,2.101
10934,0.5923934,0.16567804,1.904384
10935,0.92692703,0.73736155,1.4535844
10936,0.7200437,0.32442746,1.6121414
10937,0.6085938,0.18733169,1.6939509
10938,0.85182905,0.5761741,1.4084123
10939,0.6393522,0.22536455,1.572763
10940,0.39446434,0.04529225,1.7017
10941,0.30932006,0.020250395,0.9395
10942,0.36704475,0.03605674,1.4646
10943,0.9622309,0.8691526,1.3937111
10944,0.9160613,0.74725765,1.37548
10945,0.79024535,0.46497715,1.4280727
10946,1.2336595,1.9332021,1.1003205
10947,0.33339435,0.026224159,0.92329997
10948,0.42852017,0.0600151,1.4823
10949,0.73057234,0.3592233,1.5081335
10950,0.9128444,0.7544811,1.2813742
10951,0.931847,0.81366134,1.2227169
10952,0.96752745,0.92583036,1.1651791
10953,0.9684772,0.9355173,1.1388226
10954,0.9694955,0.94538504,1.1166338
10955,0.37802908,0.0418266,1.3134
10956,0.33565867,0.028159168,0.875
10957,1.1802375,1.765012,0.9964695
10958,0.73913175,0.39383975,1.2651253
10959,0.4137419,0.05735541,1.5788
10960,0.289283,0.017464504,0.45129997
10961,0.2849529,0.01668146,0.41510004
10962,0.27568448,0.015002013,0.3212
10963,0.66778004,0.28881368,1.2349595
10964,0.89014995,0.7516303,1.0355896
10965,0.9517329,0.9400864,0.9845086
10966,0.972521,1.0139415,0.9636641
10967,0.90252125,0.8029057,0.9927648
10968,0.9525282,0.9621305,0.95435596
10969,0.849546,0.6696581,1.0029869
10970,0.39974454,0.055057142,1.4289593
10971,0.2628919,0.013576995,0.28260002
10972,0.43769565,0.068846844,0.7347001
10973,0.78292865,0.5004979,1.5328556
10974,0.8991614,0.811171,1.1456048
10975,0.924058,0.9045334,0.947999
10976,0.9681798,1.0665596,0.8172215
10977,0.6453516,0.2862896,0.9215409
10978,0.52418905,0.14529712,0.94397324
10979,0.544564,0.16733092,0.86566556
10980,0.36627868,0.044986866,0.6216
10981,0.2407,0.029954022,0.24069999
10982,0.3541816,0.04075425,0.5149
10983,0.6805824,0.36429396,0.66783094
10984,0.6864373,0.37944824,0.6437844
10985,0.94125193,1.0727084,0.5350096
10986,0.7035273,0.41913933,0.6153821
10987,0.8921629,0.91949844,0.534648
10988,0.7792536,0.5973834,0.56917936
10989,0.5535235,0.1944697,0.6671036
10990,0.35274947,0.043573603,0.7299
10991,0.3509148,0.043096706,0.7041
10992,0.31105846,0.029025305,0.33159998
10993,0.37620455,0.055079635,0.76052356
10994,0.43317115,0.089048676,0.690669
10995,0.35295826,0.045307554,0.74613017
10996,0.41681707,0.07915413,0.702564
10997,0.49449882,0.14146937,0.62876743
10998,0.8548249,0.8690466,0.47052848
10999,0.6421481,0.3430429,0.5432154
11000,0.50692296,0.15772213,0.6040387
11001,0.5657232,0.22965772,0.56105846
11002,0.5864634,0.26148632,0.54245716
11003,0.58301073,0.2589593,0.53654087
11004,0.4446525,0.10592286,0.60593325
11005,0.66170985,0.4013459,0.4880338
11006,0.35199812,0.04937614,0.6628369
11007,0.5196163,0.18201658,0.5531594
11008,0.3801717,0.06466259,0.6363995
11009,0.3136185,0.03423383,0.48689997
11010,0.31531355,0.03507375,0.5163
11011,0.43848136,0.10633318,0.56427217
11012,0.30191502,0.030787408,0.406
11013,0.46131688,0.12536596,0.6125102
11014,0.40137392,0.07938873,0.64044774
11015,0.40526915,0.08262093,0.6219951
11016,0.34476373,0.0484812,0.6417
11017,0.5479858,0.2262174,0.5649215
11018,0.48759457,0.15471193,0.58042663
11019,0.51746184,0.19031516,0.5470625
11020,0.42894456,0.1026382,0.58561796
11021,0.42775363,0.102506034,0.57140183
11022,0.31985718,0.039093386,0.335
11023,0.1104,0.03277638,0.11040001
11024,0.2293,0.036768537,0.22929999
11025,0.4028008,0.08479846,0.5706274
11026,0.442761,0.11722348,0.5312527
11027,0.53130734,0.2170917,0.47486222
11028,0.42974335,0.10788775,0.5192814
11029,0.508957,0.1912301,0.46838942
11030,0.4437375,0.12202929,0.494212
11031,0.35228634,0.05686254,0.545383
11032,0.037999995,0.027966866,0.038
11033,0.32882592,0.044691604,0.3331
11034,0.41181418,0.09490561,0.5542532
11035,0.38812762,0.07847689,0.552133
11036,0.4146671,0.09862829,0.51836425
11037,0.42733222,0.10990496,0.49738067
11038,0.3844574,0.077794924,0.51206636
11039,0.46529076,0.14821796,0.45515245
11040,0.3795751,0.075680465,0.49454907
11041,0.206,0.038058817,0.20599999
11042,0.3071,0.05185945,0.3071
11043,0.4185077,0.10451543,0.50349414
11044,0.47141317,0.15687525,0.45630157
11045,0.3,0.050587285,0.3
11046,0.0051999995,0.0051999986,0.005199996
11047,0.4187155,0.105797656,0.48218268
11048,0.5347445,0.2414291,0.40834993
11049,0.4656641,0.15387529,0.42171323
11050,0.3822187,0.07976159,0.47304
11051,0.44171783,0.1300604,0.43169636
11052,0.40760472,0.10059027,0.42651945
11053,0.5700657,0.31068105,0.3449517
11054,0.1628,0.05235495,0.16280001
11055,0.41805476,0.11141747,0.3980661
11056,0.4637631,0.15922157,0.3619317
11057,0.49953058,0.20610431,0.336601
11058,0.3643109,0.07262278,0.38286242
11059,0.009300008,0.009300001,0.009300007
11060,0.38172355,0.08522233,0.36713612
11061,0.56489235,0.31542537,0.30552676
11062,0.5255323,0.25050735,0.3104745
11063,0.4810543,0.1887637,0.31353876
11064,0.5692128,0.33357346,0.27936906
11065,0.50189346,0.2218632,0.29095495
11066,0.6546108,0.5389354,0.24891622
11067,0.35118544,0.06861611,0.33647323
11068,0.5463651,0.30150166,0.26448414
11069,0.5282621,0.27191803,0.2657599
11070,0.62246734,0.47155923,0.24161434
11071,0.37544677,0.0885488,0.30961883
11072,0.3463404,0.06811937,0.3175613
11073,0.1788,0.07266492,0.1788
11074,0.59984165,0.41756785,0.2719036
11075,0.5777057,0.3733703,0.26370952
11076,0.6437322,0.5389949,0.23999102
11077,0.7066856,0.73713124,0.2227106
11078,0.38641357,0.100730486,0.29688093
11079,0.7077427,0.7481915,0.22057502
11080,0.5958708,0.42854935,0.2390076
11081,0.6478601,0.5689346,0.22376405
11082,0.41736478,0.13359943,0.27491
11083,0.4376011,0.1577579,0.2623519
11084,0.2461,0.06883192,0.2461
11085,0.5172587,0.2768759,0.24216475
11086,0.583542,0.41607988,0.22310294
11087,0.6085226,0.48122543,0.21530458
11088,0.44103223,0.1668079,0.25067934
11089,0.3839744,0.10589416,0.26450625
11090,0.44179347,0.17021091,0.24269025
11091,0.48377806,0.23187493,0.22900599
11092,0.51265717,0.28305328,0.22033028
11093,0.37935108,0.10458588,0.2545315
11094,0.50866824,0.2793788,0.21732622
11095,0.639607,0.59766173,0.192639
11096,0.8322263,1.3922638,0.16912118
11097,0.7819891,1.1357057,0.18449311
11098,0.5790034,0.4286249,0.21834527
11099,0.41551575,0.1433025,0.25798464
11100,0.41827434,0.1450311,0.28324562
11101,0.6687674,0.687143,0.21925108
11102,0.81156564,1.2787503,0.19809312
11103,0.6100229,0.50847054,0.23216724
11104,0.74136,0.9599246,0.20977461
11105,0.75639164,1.0225348,0.2097572
11106,0.7423242,0.96154004,0.21458156
11107,0.44617692,0.18066035,0.2810744
11108,0.7114924,0.8416643,0.22089407
11109,0.38797575,0.1138402,0.30337214
11110,0.40859297,0.13579036,0.29383498
11111,0.7331698,0.93298423,0.21777813
11112,0.39922187,0.12598574,0.30059156
11113,0.2005,0.045867395,0.2005
11114,0.46256366,0.20257655,0.31358138
11115,0.37394053,0.099969946,0.34472096
11116,0.38235843,0.104434825,0.4183869
11117,0.69837743,0.7691429,0.2840726
11118,0.55510306,0.36429816,0.29996634
11119,0.40195736,0.12541541,0.33500302
11120,0.42305866,0.14854468,0.32759055
11121,0.12120001,0.075312175,0.12119999
11122,0.0873,0.0873,0.08730002
11123,0.57495016,0.40053752,0.31331375
11124,1.040125,2.7428584,0.2053501
11125,0.8617823,1.6251081,0.1990403
11126,0.6521832,0.6892202,0.20008624
11127,0.66954523,0.76811475,0.17531745
11128,1.0965402,3.4696708,0.12935671
11129,0.92271024,2.0583463,0.1528725
11130,1.2347887,3.9973001,0.12263712
11131,0.431543,0.17372294,0.2104266
11132,0.41724727,0.15673493,0.20838824
11133,0.46911025,0.23493084,0.18430911
11134,1.484797,4.683,0.100338355
11135,0.5749432,0.44182134,0.19150023
11136,0.5243976,0.33265096,0.18394962
11137,0.3218,0.15149948,0.21426989
11138,0.6425597,0.62885016,0.23044185
11139,1.5946302,4.2663,0.11770286
11140,1.587532,4.5826,0.10698455
11141,0.800296,1.8054531,0.145116
11142,0.75557107,1.5075777,0.136993
11143,0.5527041,0.55076647,0.15090641
11144,1.0281852,3.625,0.10400106
11145,0.99118423,3.2152066,0.11003309
11146,0.7013314,1.104313,0.13734698
11147,1.4047953,4.866,0.09644478
11148,0.55456024,0.48759314,0.17163336
11149,1.5141896,5.2459,0.10252821
11150,1.3209457,4.8932,0.12379484
11151,0.40363392,0.15190361,0.25340167
11152,0.84505165,1.6710697,0.17617379
11153,1.1677426,4.1191845,0.15472363
11154,0.6286859,0.6170258,0.2338385
11155,1.1340451,3.6702192,0.17510381
11156,0.7794065,1.1803688,0.23141202
11157,0.81667405,1.3570046,0.23201057
11158,0.42550045,0.16045436,0.332529
11159,1.1737522,3.8332453,0.19883667
11160,1.4475225,5.6741,0.19754042
11161,0.9470915,1.912047,0.28151628
11162,0.33989045,0.06692988,0.49196526
11163,1.0817709,2.7739742,0.2750289
11164,0.5997294,0.42685735,0.42330512
11165,1.0272101,2.3223367,0.32408097
11166,0.58116996,0.37687185,0.4559611
11167,0.4449246,0.15535685,0.52308786
11168,0.28003773,0.033125103,0.5578
11169,0.5546132,0.31980884,0.49702287
11170,1.1989276,3.4729187,0.33706516
11171,1.422389,5.128299,0.33460045
11172,1.3018382,3.967722,0.3950779
11173,1.146903,2.7361214,0.4615077
11174,0.5059106,0.19968566,0.7386762
11175,0.25136298,0.019338664,0.4616
11176,0.39884984,0.08635818,1.1095474
11177,0.57313967,0.28198528,0.99129844
11178,0.38900894,0.07641997,1.1494201
11179,0.49479404,0.16849065,1.0019699
11180,1.108256,2.239157,0.64549345
11181,0.3293198,0.04191909,0.7451
11182,0.38153777,0.06627619,0.865
11183,0.7458865,0.5930572,1.0702118
11184,0.84952956,0.9069728,0.846815
11185,1.1006364,2.0354817,0.6506861
11186,1.8632988,5.942,0.4643013
11187,1.7847084,5.9223,0.505271
11188,0.8861005,0.9232327,0.78843826
11189,0.53912735,0.18047015,0.98643076
11190,0.3988718,0.066374645,1.0992154
11191,1.3409041,3.2441592,0.5755745
11192,0.77501476,0.59343576,0.7981101
11193,1.6902356,5.6033564,0.5542905
11194,0.38099402,0.052770894,1.2046
11195,0.35758185,0.042931166,1.0194
11196,0.41047394,0.06684513,1.1474
11197,1.2810483,2.6643772,0.7319029
11198,1.7053094,5.439265,0.6366974
11199,0.42601857,0.071165256,1.3856798
11200,0.40279907,0.059230335,1.2593
11201,0.8607007,0.7355903,0.9866624
11202,0.92871827,0.94557166,0.92076606
11203,1.4304708,3.442781,0.71893144
11204,0.40209448,0.05791166,1.2554
11205,1.39223,3.1490643,0.73459786
11206,2.13232,6.7923007,0.6105903
11207,1.4577149,3.3206782,0.8463904
11208,1.6131674,4.2247715,0.841029
11209,1.7609766,5.0534782,0.8608966
11210,1.9423498,6.018202,0.89387065
11211,1.8358797,5.1536236,1.0277783
11212,1.8936343,5.338467,1.1028975
11213,1.9252229,5.3546395,1.1946069
11214,1.2499691,1.6702806,1.6179068
11215,0.29506516,0.014291653,1.2092999
11216,0.41797522,0.04521177,2.0204
11217,0.5371661,0.10525962,2.685229
11218,0.36910576,0.030072581,1.4834
11219,1.4253743,2.4741335,1.571315
11220,1.6948367,3.8963826,1.4787375
11221,0.68775374,0.23558563,2.3949518
11222,1.2694492,1.7300653,1.6710851
11223,0.57227206,0.12958623,2.4264593
11224,0.80655974,0.41239864,1.9365288
11225,0.5405271,0.11008131,2.2354083
11226,0.5166793,0.095828734,2.1640828
11227,0.48075128,0.07609428,2.144588
11228,1.52153,3.0312495,1.3494194
11229,0.5499241,0.1167688,2.2740555
11230,0.5409527,0.11170348,2.187948
11231,0.6566893,0.21653894,1.8767262
11232,0.7735217,0.3786614,1.648763
11233,0.28507426,0.013596072,0.75130004
11234,0.29961225,0.015957892,0.7462
11235,0.9224964,0.68006706,1.6021019
11236,1.2842125,1.9411798,1.3130671
11237,0.93867284,0.727243,1.5368226
11238,1.4875829,2.9761524,1.1848159
11239,1.2323736,1.7088397,1.3501471
11240,1.4730719,2.8418653,1.3583931
11241,1.4986829,2.9438224,1.3928217
11242,1.4237899,2.5232875,1.4627386
11243,0.9343058,0.6827494,1.84303
11244,0.96694386,0.7614905,1.9440409
11245,1.1828846,1.4553988,1.698145
11246,0.4373229,0.055091526,2.0231
11247,1.2437627,1.7147154,1.5467387
11248,1.0047722,0.881303,1.7043993
11249,1.719878,4.212265,1.2634864
11250,1.4420465,2.5955892,1.4625274
11251,1.4421155,2.5764403,1.4859697
11252,1.5727153,3.2367592,1.4464335
11253,1.4317414,2.471148,1.5692948
11254,0.68903095,0.24124655,2.2607193
11255,1.5763019,3.2296102,1.4290009
11256,0.9859391,0.78366405,1.8832126
11257,0.50819534,0.0878212,2.533543
11258,1.1118153,1.1693897,1.6967714
11259,0.8222304,0.44498825,1.9226458
11260,0.8758164,0.55490416,1.8006277
11261,0.48328328,0.07759488,2.305841
11262,0.5351043,0.10870465,2.3405557
11263,1.7742789,4.491524,1.2207439
11264,0.9224473,0.6513739,1.8037335
11265,1.1667356,1.3928694,1.5470461
11266,0.6628371,0.22294323,2.0056248
11267,1.1505839,1.3595423,1.4652472
11268,1.0284911,0.9624549,1.5278878
11269,1.599776,3.5269625,1.1956011
11270,1.4502233,2.6721225,1.3421582
11271,1.3925155,2.368415,1.3966924
11272,1.1939187,1.4998511,1.524325
11273,0.7831395,0.39025277,1.8495078
11274,0.81694615,0.45545837,1.7345906
11275,0.95085484,0.75791824,1.5539961
11276,0.8079485,0.45135245,1.632749
11277,1.2520747,1.8306545,1.2659646
11278,1.2082052,1.6487753,1.2912647
11279,1.3232613,2.160581,1.2300757
11280,1.3069582,2.0808048,1.2505847
11281,0.7803396,0.4103771,1.6253101
11282,0.37823123,0.037031643,2.2046876
11283,1.003119,0.94985324,1.3210143
11284,0.5289335,0.11646255,1.7674693
11285,0.74275357,0.36651063,1.4269928
11286,0.56437254,0.14901875,1.5764858
11287,0.27244473,0.013060343,1.6708001
11288,0.34601897,0.029146139,2.0235188
11289,0.7025019,0.3136837,1.4068484
11290,0.35187164,0.031484235,1.8953917
11291,0.53649515,0.13068974,1.4823784
11292,0.30417725,0.019459825,1.6946
11293,0.32103047,0.023243055,1.7143002
11294,0.36747634,0.03687629,1.8967485
11295,0.34786248,0.030808788,1.907
11296,0.5408013,0.13472223,1.6276779
11297,0.6237933,0.21875742,1.5032307
11298,0.29209998,0.017399771,1.1094
11299,0.38718206,0.044800524,1.8692634
11300,0.49285084,0.1008383,1.6624298
11301,0.53521186,0.13432638,1.5307468
11302,1.0389204,1.195441,1.0807619
11303,1.1843026,1.7954584,1.0073069
11304,1.222898,1.9724493,1.0022528
11305,0.8413558,0.60896987,1.226381
11306,0.96607417,0.9612638,1.1202681
11307,0.98727065,1.0377595,1.0959257
11308,0.75668645,0.44152826,1.2392225
11309,0.40165076,0.05399214,1.6410756
11310,0.56073874,0.16670452,1.3350822
11311,0.39894006,0.053970672,1.5197084
11312,0.4120519,0.06071048,1.4429471
11313,0.9740525,1.0528915,0.9086208
11314,0.79993045,0.5623847,0.9998039
11315,0.63205576,0.2613466,1.1037776
11316,0.37937385,0.04800051,1.3773469
11317,0.44186056,0.080778256,1.2324315
11318,0.2804475,0.01782158,1.3221
11319,0.22318801,0.008371942,0.60370004
11320,0.23786236,0.010411125,0.81389993
11321,0.53579736,0.1586106,1.0057563
11322,0.7754932,0.5466659,0.81547004
11323,0.82430625,0.6742605,0.78080267
11324,0.756058,0.5139439,0.8078925
11325,0.69018054,0.38511747,0.8341341
11326,0.4773408,0.11418101,0.98371047
11327,0.22339304,0.008914214,0.49530002
11328,0.23777245,0.010985519,0.65330005
11329,0.2374386,0.010985555,0.6581
11330,0.6286575,0.28623164,0.94628125
11331,0.64154077,0.3095714,0.9174898
11332,0.66655064,0.35526398,0.8826751
11333,0.6475594,0.32638174,0.87962574
11334,0.57749873,0.22557706,0.91394216
11335,0.6197177,0.28835133,0.86382604
11336,0.4509498,0.10095014,0.99138945
11337,0.23810674,0.012034354,0.83210003
11338,0.6599902,0.36397418,0.7919273
11339,0.55932736,0.21239765,0.84670323
11340,0.26006928,0.016579188,1.1439
11341,0.29174694,0.024401544,1.1393954
11342,0.4623624,0.11477076,0.8815981
11343,0.49885744,0.14943533,0.8298885
11344,0.39808875,0.07099382,0.90807235
11345,0.22469552,0.010578068,0.6892
11346,0.25372744,0.015666476,0.8467001
11347,0.29845262,0.027034666,1.1268824
11348,0.29999268,0.027684877,1.0904416
11349,0.27410704,0.020610247,1.0975
11350,0.25531304,0.01635669,0.8818
11351,0.26444447,0.018324535,0.8814
11352,0.4176525,0.08429949,0.9402794
11353,0.50650084,0.16189742,0.83545595
11354,0.44627047,0.10699772,0.8725624
11355,0.48150602,0.13909274,0.8229075
11356,0.4060582,0.079364784,0.8778767
11357,0.4326831,0.098931886,0.83235997
11358,0.4985443,0.16016415,0.760448
11359,0.5105766,0.174996,0.73868835
11360,0.45262408,0.118102685,0.77131194
11361,0.5461084,0.2228652,0.6899726
11362,0.2658312,0.020274442,0.96912223
11363,0.21899432,0.010670879,0.3712
11364,0.44136885,0.11065861,0.77166295
11365,0.27410403,0.022670332,0.95765454
11366,0.1497,0.009258867,0.14970005
11367,0.1968,0.012031995,0.19680001
11368,0.24408747,0.015212188,0.4289
11369,0.26111716,0.019100022,0.6545
11370,0.33991897,0.046282988,0.930044
11371,0.23962936,0.014459336,0.40569997
11372,0.14,0.012030539,0.14000002
11373,0.50120294,0.16735193,0.8518771
11374,0.40335155,0.08141944,0.9330706
11375,0.33198962,0.04263996,1.0059626
11376,0.43671826,0.107082166,0.85953206
11377,0.34319332,0.04808762,0.95015895
11378,0.25933722,0.018926352,0.5137
11379,0.2500027,0.016752439,0.3877
11380,0.24050494,0.014706943,0.24459998
11381,0.34692478,0.048663735,1.0517
11382,0.38117352,0.066628456,1.059957
11383,0.4263938,0.097013704,0.97914517
11384,0.3834202,0.0681424,1.0094848
11385,0.40698615,0.08335533,0.9583387
11386,0.40811577,0.084370576,0.9370782
11387,0.41705558,0.09100779,0.908378
11388,0.2684968,0.020945113,0.36790004
11389,0.27992824,0.023787335,0.3534
11390,0.4043385,0.081243925,0.9748182
11391,0.44758916,0.11437729,0.9065558
11392,0.30908236,0.033261158,0.725
11393,0.1667,0.018305484,0.1667
11394,0.0738,0.018502595,0.07379998
11395,0.32887724,0.03958001,0.6479
11396,0.31621936,0.03464348,0.5434
11397,0.29595172,0.02760504,0.29710007
11398,0.4686236,0.12802094,0.97942317
11399,0.43125767,0.097202785,0.98593086
11400,0.45245966,0.11442442,0.93243337
11401,0.35065046,0.048951406,0.9197
11402,0.34376013,0.045865525,0.8601
11403,0.4463573,0.10916291,0.92658454
11404,0.3054098,0.030796194,0.40509996
11405,0.3128449,0.033404753,0.4985
11406,0.38226163,0.06539911,0.9355584
11407,0.2771,0.02567447,0.27709997
11408,0.5542869,0.22073078,0.920739
11409,0.50969994,0.16788976,0.88256526
11410,0.4126826,0.083437346,0.91684544
11411,0.50150186,0.16097434,0.78678286
11412,0.40036318,0.07635727,0.8414887
11413,0.44760165,0.111528255,0.7643246
11414,0.4081691,0.08247894,0.77327114
11415,0.34935108,0.049326245,0.6875
11416,0.08639999,0.029443888,0.08640001
11417,0.1616,0.036514062,0.16160002
11418,0.39513332,0.073231936,0.7984494
11419,0.1743,0.03581164,0.17430001
11420,0.36403,0.055963617,0.5509
11421,0.35949382,0.05411248,0.5324
11422,0.2899,0.04165001,0.2899
11423,0.5245737,0.18590051,0.7727507
11424,0.48253208,0.14646879,0.6568779
11425,0.4536695,0.12267484,0.5742639
11426,0.4595091,0.1308495,0.5047898
11427,0.283,0.075325586,0.283
11428,0.56354624,0.26178312,0.44284922
11429,0.5202144,0.20896944,0.3875354
11430,0.5116354,0.20378827,0.34184873
11431,0.44222504,0.12839729,0.33251625
11432,0.48032752,0.17222351,0.2991196
11433,0.64005923,0.4550309,0.24120404
11434,0.5685897,0.31284535,0.24369389
11435,0.46562335,0.16353592,0.25816548
11436,0.45641395,0.155231,0.25070053
11437,0.21719998,0.08575767,0.2172
11438,0.58519185,0.35920474,0.22061746
11439,0.5230479,0.25182176,0.22221944
11440,0.44809082,0.15280533,0.23089005
11441,0.57036495,0.34572378,0.19654644
11442,0.58483416,0.38069114,0.18851778
11443,0.39970604,0.10875877,0.22298856
11444,0.5456799,0.30895826,0.1908274
11445,0.46647102,0.1856731,0.20279549
11446,0.6417524,0.5402577,0.16790314
11447,0.3579,0.09709242,0.21487768
11448,0.5690161,0.36775532,0.18359193
11449,0.79117775,1.0876036,0.15179028
11450,0.67026335,0.64184135,0.16285476
11451,0.68899846,0.7092025,0.15764575
11452,0.44464642,0.16863443,0.19423409
11453,0.67104113,0.6637762,0.15430549
11454,0.67534655,0.68318766,0.1526425
11455,0.4636388,0.1991528,0.18373671
11456,0.37231526,0.09674558,0.20312357
11457,0.7704943,1.0590054,0.14951295
11458,0.8950117,1.6993327,0.13740411
11459,0.5446576,0.34293845,0.17894408
11460,0.6238762,0.5414807,0.16432102
11461,0.6290582,0.56083524,0.16214113
11462,0.5616139,0.3893098,0.1706209
11463,0.637337,0.59454554,0.15866013
11464,0.80226517,1.2525403,0.14083986
11465,0.86468476,1.5801592,0.13763243
11466,0.8608044,1.5511647,0.14139159
11467,0.47534022,0.22514753,0.19597277
11468,0.68086195,0.71783257,0.20109303
11469,1.5983022,5.0233,0.12311418
11470,0.5289798,0.30469874,0.23202144
11471,0.5603384,0.36590964,0.24634205
11472,0.7327294,0.8934856,0.19828434
11473,0.8922932,1.6760689,0.17096256
11474,0.7008777,0.7807883,0.19068824
11475,0.49651805,0.2534577,0.22163865
11476,0.73387504,0.87242186,0.2621196
11477,0.48421532,0.2452315,0.27913585
11478,0.50416327,0.30030477,0.26014575
11479,1.1224753,3.2525,0.14664058
11480,0.8731469,2.1389513,0.14777876
11481,0.5371278,0.4686106,0.16817442
11482,0.4649048,0.29716516,0.16060923
11483,0.48339826,0.3417132,0.14741372
11484,0.67185974,1.0102704,0.116494454
11485,1.5528475,4.4716,0.08691461
11486,1.5422937,4.6249,0.08147848
11487,0.6644864,0.9479044,0.12341921
11488,0.9615759,2.9419966,0.096022
11489,0.62692595,0.776028,0.12046156
11490,0.9280436,2.6160533,0.096155345
11491,0.56497663,0.54416656,0.12740363
11492,0.7851013,1.5612773,0.10644693
11493,0.40892488,0.18618998,0.15057455
11494,1.347433,4.3887,0.09361588
11495,1.13872,3.936,0.10590731
11496,0.4552959,0.24293032,0.17743923
11497,0.6915012,0.95922893,0.13993841
11498,0.58415085,0.5553912,0.15191871
11499,0.46661884,0.26570958,0.16875944
11500,1.1069397,3.8833625,0.11012197
11501,0.4529186,0.22597872,0.21805564
11502,0.74126107,1.1103069,0.19314353
11503,0.9884132,2.7501714,0.14421849
11504,0.50857174,0.32490113,0.23962879
11505,0.67063344,0.8798116,0.18236761
11506,0.6098123,0.7018697,0.16101474
11507,0.4802224,0.33415273,0.15773466
11508,1.9013132,4.9578,0.08516521
11509,1.6397328,4.734,0.08498389
11510,2.0405288,5.6582,0.07220018
11511,1.6447711,5.0925,0.082343966
11512,1.8814418,5.6716,0.08057372
11513,1.9129946,5.8559,0.08748931
11514,1.7933244,5.762,0.101455405
11515,1.7020489,5.703,0.11791942
11516,1.4745603,5.3337,0.14449865
11517,1.3218106,5.07,0.17298555
11518,1.0887203,3.0652497,0.2152752
11519,1.4210072,5.4699,0.20116931
11520,0.61390543,0.47680667,0.3514417
11521,0.40756014,0.12265202,0.43425256
11522,0.48032975,0.2108059,0.4190465
11523,0.37522137,0.09240693,0.48063883
11524,0.32203698,0.055019137,0.54308707
11525,0.61201787,0.43894765,0.5774808
11526,0.8271209,1.1628014,0.43786737
11527,0.5860064,0.37879986,0.46981305
11528,1.5895815,5.2639,0.2575736
11529,1.262892,3.836511,0.30645815
11530,1.7773602,5.8417,0.26813033
11531,1.2077214,3.1411102,0.3644063
11532,1.7271061,5.9348,0.31808722
11533,1.822626,6.2295,0.34922978
11534,0.5354656,0.20805158,0.7430878
11535,0.35133615,0.051169813,0.8989959
11536,0.5417652,0.21570516,0.7687443
11537,0.5632652,0.24376203,0.8000183
11538,0.82046145,0.84205353,0.6394333
11539,0.7607413,0.65979916,0.655258
11540,0.5209474,0.18932998,0.78023416
11541,0.95014644,1.3506541,0.56322676
11542,0.8195365,0.8405099,0.62047213
11543,1.9367745,6.4995,0.39736554
11544,1.0494674,1.7153782,0.62565917
11545,1.1179018,2.0556886,0.62516856
11546,0.8408995,0.8369543,0.76444846
11547,0.69513017,0.4508112,0.8385885
11548,0.833765,0.8193579,0.75633377
11549,0.95215094,1.2518306,0.70664346
11550,0.72114867,0.51109856,0.82094985
11551,1.179745,2.3923614,0.6349519
11552,1.4597285,4.1724186,0.5925159
11553,0.7902161,0.65620446,0.87863535
11554,0.7531468,0.5636959,0.89382136
11555,0.78107685,0.63824266,0.86969405
11556,1.0441113,1.6067445,0.7466668
11557,1.1211184,1.9690391,0.7716638
11558,1.1537137,2.1209579,0.7872275
11559,0.92902064,1.0821853,0.909325
11560,1.261577,2.7071595,0.78163683
11561,1.2887936,2.8248677,0.80823994
11562,1.4720803,3.932041,0.7906966
11563,1.6349736,4.898114,0.8050173
11564,0.8823895,0.81911945,1.2152538
11565,0.92342204,0.940736,1.2880653
11566,1.4834595,3.7520566,1.005104
11567,1.8943264,6.2553687,0.94310635
11568,1.4904851,3.5175536,1.2036713
11569,1.0607021,1.3001553,1.4981893
11570,2.3415277,8.214488,0.9900077
11571,1.6604111,4.1982665,1.3901165
11572,1.6227444,3.8784764,1.4878201
11573,1.7721578,4.6476755,1.4890107
11574,1.7248439,4.258919,1.6061306
11575,1.5643269,3.287568,1.771413
11576,1.6889774,3.909997,1.7420807
11577,0.4639015,0.06709218,3.3302858
11578,0.2520513,0.008681571,1.5525
11579,0.40089086,0.041301575,3.0384
11580,0.5700586,0.13472524,2.9470289
11581,0.56770813,0.13436069,2.7988856
11582,1.1004509,1.1934437,1.8990823
11583,0.656645,0.22384077,2.3622143
11584,0.69897586,0.2794959,2.1764662
11585,1.4195422,2.6109953,1.4555584
11586,1.6848882,4.007971,1.3544505
11587,1.2218182,1.6495931,1.6701761
11588,1.2045072,1.587085,1.6590168
11589,1.1328764,1.3236487,1.6892259
11590,0.9598947,0.7925615,1.7922541
11591,1.0108871,0.94680333,1.6851773
11592,1.2128619,1.6764055,1.4948223
11593,0.83895916,0.5275765,1.7758036
11594,1.006428,0.9619778,1.5584008
11595,0.9184022,0.7265285,1.5872456
11596,0.4395289,0.06380078,2.1852198
11597,0.5253364,0.1160098,2.0792336
11598,0.9594951,0.8591209,1.4671845
11599,1.6149077,3.828552,1.1582255
11600,1.0404725,1.0909002,1.5176964
11601,0.634419,0.21869901,1.9392316
11602,0.70945764,0.32023367,1.817588
11603,0.4912847,0.094652355,2.1692944
11604,0.3304458,0.025251318,2.5509262
11605,0.27490222,0.0135789635,1.7979999
11606,0.36813667,0.036051467,2.5554678
11607,0.8001323,0.48370233,1.7223421
11608,1.52845,3.4387178,1.2126228
11609,1.14699,1.5053146,1.5016998
11610,1.5420899,3.4427805,1.3852997
11611,0.9796176,0.89815545,1.8006512
11612,0.84768337,0.56795883,1.8869915
11613,0.47292086,0.08242959,2.4104574
11614,0.5038672,0.10301983,2.2218964
11615,0.4250674,0.058988042,2.271064
11616,0.5791935,0.16820312,1.8503647
11617,0.6227843,0.21706219,1.7127088
11618,0.7033148,0.3288022,1.5774492
11619,0.5537308,0.15027387,1.702384
11620,0.25808924,0.011748643,1.4459
11621,0.3651658,0.037678193,2.0249405
11622,0.2877712,0.016984625,1.6355
11623,0.6016093,0.20031041,1.6519761
11624,0.38080966,0.04331042,2.1515326
11625,0.56882864,0.16436252,1.925883
11626,0.5452769,0.14359239,1.921575
11627,0.61435586,0.21448968,1.8162221
11628,0.7917862,0.5008885,1.5653782
11629,0.47709668,0.09356874,1.9401745
11630,0.6187072,0.22489682,1.6420437
11631,0.89520067,0.7624126,1.3794634
11632,1.6851068,4.7099075,0.9836289
11633,1.4032453,2.8826272,1.171396
11634,1.2074853,1.8513849,1.306001
11635,1.1952705,1.7911325,1.3224224
11636,0.8337966,0.57456726,1.585
11637,0.9954199,1.0247281,1.4360056
11638,1.1070498,1.4365202,1.3393809
11639,0.97516763,0.96857613,1.4186846
11640,0.72305363,0.36862013,1.6124798
11641,0.83988714,0.61008257,1.4445044
11642,0.40007094,0.05213137,2.031471
11643,0.28469837,0.01671706,1.3278
11644,0.3990526,0.05096626,2.1254
11645,0.4744462,0.091615655,1.9968976
11646,0.595733,0.1979668,1.7014914
11647,0.58439595,0.18760855,1.6472311
11648,0.6514013,0.2722596,1.5004841
11649,0.74632686,0.43194366,1.3555455
11650,0.43915242,0.07449857,1.7034831
11651,0.5962197,0.20920444,1.4048114
11652,0.7666073,0.4867042,1.1997963
11653,0.50425345,0.12196807,1.4585437
11654,1.1080871,1.5930791,0.9969919
11655,1.3484551,2.8111696,0.910048
11656,1.5397081,3.9132874,0.88887274
11657,1.3251616,2.5772488,1.0233476
11658,1.359539,2.7382793,1.0401176
11659,1.0303916,1.193805,1.2344257
11660,0.30368108,0.021031031,1.7279
11661,0.2505517,0.011112395,1.0945
11662,0.25282964,0.011377775,0.969
11663,0.526683,0.12520395,2.4651
11664,1.0072554,1.0589737,1.7934464
11665,0.34160885,0.029241983,1.1554
11666,0.44872946,0.07274674,2.0424
11667,1.2466466,2.0341604,1.4400351
11668,0.993493,1.0025505,1.6182061
11669,0.5313966,0.12697056,2.2322004
11670,0.45739323,0.07675915,2.0774
11671,0.32195476,0.023788031,0.97540003
11672,0.3867341,0.0438171,1.5157
11673,0.56810933,0.15946476,1.9510474
11674,0.50407505,0.10773681,1.9592241
11675,0.3789083,0.04174499,1.5182
11676,0.76274854,0.42943084,1.5876449
11677,1.1784017,1.7376926,1.2299917
11678,0.97125727,0.9482525,1.354619
11679,0.59293175,0.187965,1.6901886
11680,0.5318636,0.13194236,1.703642
11681,0.528594,0.13047381,1.6326344
11682,0.64290804,0.2533529,1.4217709
11683,0.5318993,0.13598037,1.5051185
11684,0.48934048,0.1039134,1.5061226
11685,0.38002872,0.044134017,1.3824
11686,0.77086014,0.4703203,1.2779768
11687,0.5895177,0.1948578,1.4159068
11688,0.32770663,0.02756117,0.9801
11689,1.1043447,1.5127741,1.0276136
11690,0.5968754,0.20453894,1.394327
11691,0.46504757,0.08963234,1.5164288
11692,0.7632589,0.47099045,1.1416209
11693,0.3749029,0.044367783,1.4464
11694,0.30322206,0.021968663,0.78340006
11695,1.0220141,1.1959903,1.1662196
11696,0.4105601,0.058922376,1.3357
11697,0.37298173,0.04298635,1.0501
11698,0.97953564,1.0546671,1.0669482
11699,0.8204997,0.59780514,1.1331558
11700,0.78383327,0.5188624,1.1199589
11701,0.5398446,0.15169026,1.3025649
11702,0.768498,0.49468908,1.0540017
11703,0.7787997,0.5215006,1.0197203
11704,0.88576066,0.8000781,0.93448406
11705,0.88584775,0.8057241,0.9221048
11706,0.3709795,0.045031317,1.2607
11707,0.74342024,0.4609562,0.95834607
11708,0.7948741,0.57956016,0.9093883
11709,0.5374915,0.15978828,1.0872405
11710,0.33907372,0.03452033,1.0713
11711,0.3694109,0.045255203,1.0537
11712,0.5225114,0.14134593,1.4231228
11713,0.85169053,0.7200291,1.0007999
11714,0.39408675,0.056071676,0.9814
11715,0.49762875,0.123417035,1.1409463
11716,0.65906835,0.318196,0.93549275
11717,0.4512271,0.090831,1.0792551
11718,0.649426,0.30909514,0.86042374
11719,0.35967392,0.04337682,0.8135
11720,0.55275196,0.18123032,0.9697801
11721,0.3359347,0.03465083,0.4349
11722,0.45739257,0.09481089,0.985
11723,0.42291564,0.074699715,0.7532
11724,0.47897235,0.11573375,0.8728692
11725,0.81827694,0.6967934,0.59241843
11726,0.5132646,0.15079348,0.70550424
11727,0.8740372,0.88444936,0.5144565
11728,0.75115216,0.5475684,0.5234551
11729,0.71823794,0.47941598,0.5084789
11730,0.49612162,0.14217523,0.58635074
11731,0.7361541,0.5337844,0.46015802
11732,0.44422114,0.10079719,0.57628816
11733,0.53331625,0.18772775,0.50854427
11734,0.5537714,0.21527721,0.48657757
11735,0.49681887,0.15169726,0.5001512
11736,0.39794603,0.07306738,0.5444979
11737,0.44308805,0.105251245,0.51800305
11738,0.36164424,0.05386978,0.4964
11739,0.2456,0.07208727,0.24559996
11740,0.2773,0.073526144,0.2773
11741,0.42026308,0.09149523,0.49859998
11742,0.48561093,0.15196855,0.41508603
11743,0.6629146,0.4364806,0.32516786
11744,0.51244617,0.18918979,0.3480523
11745,0.3056,0.07395023,0.3056
11746,0.5277518,0.21086304,0.35429543
11747,0.463,0.14784841,0.3983384
11748,0.54909307,0.25690764,0.31968936
11749,0.6469872,0.47583765,0.23916681
11750,0.6378809,0.4768041,0.20495193
11751,0.6055088,0.416028,0.18636648
11752,0.9966118,2.0901446,0.13197047
11753,0.7147003,0.7394158,0.15195931
11754,0.63756204,0.517708,0.15431465
11755,0.6603068,0.5900052,0.14605089
11756,0.7095375,0.75590265,0.13692701
11757,0.64342886,0.5524123,0.14788659
11758,0.6031641,0.45359078,0.14770243
11759,0.637013,0.5504298,0.1395124
11760,0.44109043,0.1651686,0.1643594
11761,0.4518262,0.17751756,0.18340297
11762,0.52690774,0.30404878,0.15474749
11763,0.5813731,0.43045458,0.13746093
11764,0.6416769,0.60628164,0.124250844
11765,0.74003226,0.97201747,0.1150547
11766,0.59359795,0.4810798,0.124523364
11767,0.68659216,0.78500426,0.11174558
11768,0.55354005,0.39248514,0.12214561
11769,0.5221148,0.32787088,0.12282833
11770,0.4761726,0.24470323,0.12593788
11771,0.4939149,0.27966893,0.12114968
11772,0.6708228,0.770211,0.1042065
11773,0.5485124,0.40216947,0.114538066
11774,0.5489571,0.40751678,0.112969585
11775,0.42215195,0.1723547,0.12757418
11776,0.3992365,0.14460878,0.12928893
11777,0.16429998,0.13449414,0.14896584
11778,0.43081832,0.18647632,0.13410732
11779,0.49489018,0.3003227,0.11973407
11780,0.48793718,0.29100877,0.11608471
11781,0.53470296,0.39933583,0.107336186
11782,0.52077156,0.37057388,0.10619106
11783,0.46297762,0.25401172,0.110420786
11784,0.47876662,0.28665286,0.107584625
11785,0.4427408,0.22358595,0.109922595
11786,0.42160398,0.19202425,0.11092391
11787,0.586459,0.56884825,0.10161098
11788,0.5582419,0.4904509,0.10067037
11789,0.4706458,0.28276,0.10672207
11790,0.4073724,0.17724673,0.11174742
11791,0.3028,0.16214222,0.11428423
11792,0.41528818,0.19216311,0.10812891
11793,0.46250728,0.27793214,0.099871315
11794,0.4766047,0.31024522,0.09651498
11795,0.43158963,0.22129114,0.113448575
11796,0.3418,0.19955643,0.108805425
11797,0.2105,0.17396681,0.10616606
11798,0.2756,0.20517269,0.105096474
11799,0.4225,0.23478992,0.09603738
11800,0.49094477,0.3652093,0.08530536
11801,0.4630072,0.30584794,0.08420243
11802,0.3562,0.20847175,0.086386696
11803,0.3416,0.31226704,0.10045712
11804,0.80138,1.8549478,0.07116365
11805,0.64381367,0.9981637,0.06869158
11806,0.6124703,0.8881449,0.062494095
11807,0.67346215,1.2372721,0.054354932
11808,0.4035,0.31011903,0.06408664
11809,0.45339733,0.35360327,0.06152539
11810,0.1587,0.1587,0.06397493
11811,0.3375,0.3375,0.064629026
11812,0.52282727,0.60805196,0.052664764
11813,0.6927402,1.5540692,0.04091404
11814,0.6778523,1.4765431,0.039158136
11815,0.5980017,1.0038017,0.040430598
11816,0.5308611,0.6911051,0.04183688
11817,0.5024105,0.5838419,0.042053193
11818,0.4774388,0.49894577,0.04239223
11819,0.57735676,0.9317563,0.037955977
11820,0.6705807,1.4981501,0.035184268
11821,0.7034475,1.7270662,0.034949623
11822,0.8965536,2.8785,0.034041286
11823,0.5438241,0.73624945,0.045767706
11824,0.49015573,0.5269953,0.048084017
11825,0.71663207,1.7727264,0.03946096
11826,0.69341743,1.5860096,0.041266546
11827,0.40699038,0.2814573,0.055523667
11828,0.5875388,0.93728054,0.046008155
11829,0.5621255,0.8114675,0.04775137
11830,0.43615818,0.35405597,0.055020094
11831,0.6264648,1.1483198,0.04596009
11832,0.7129028,1.7070463,0.044049058
11833,0.70784515,1.6493462,0.045915373
11834,0.50879467,0.56986445,0.05638213
11835,0.6731907,1.3885937,0.051131174
11836,0.47612616,0.45045865,0.06412729
11837,0.38453162,0.22257307,0.07207709
11838,0.39573994,0.24404143,0.07346012
11839,0.36574048,0.18813114,0.076633476
11840,0.3645196,0.1859409,0.0778293
11841,0.50993097,0.56307536,0.06587721
11842,0.7137201,1.6383374,0.05626638
11843,0.49436286,0.5005515,0.07045261
11844,0.1577,0.12468386,0.08811348
11845,0.174,0.14308737,0.09355636
11846,0.1261,0.1261,0.0944869
11847,0.4935557,0.48339745,0.07831047
11848,0.7570407,1.8792714,0.06342124
11849,0.53868455,0.62986135,0.07925262
11850,0.4194343,0.27597186,0.09107352
11851,1.0998225,3.8774,0.06309883
11852,0.61741114,0.91623384,0.09196811
11853,0.59457123,0.8064371,0.094428174
11854,0.932269,3.1534932,0.0757003
11855,1.1774975,4.3188,0.07182389
11856,1.3973055,4.971,0.0725321
11857,0.49885255,0.3930234,0.13824494
11858,0.3875092,0.1699869,0.1584482
11859,0.9619684,3.0288079,0.10253728
11860,0.7763472,1.5621461,0.123092055
11861,0.37658864,0.14640704,0.18464918
11862,0.3820017,0.1517997,0.19654648
11863,0.3591328,0.12326787,0.20303786
11864,0.6403384,0.8263887,0.15192425
11865,0.94492465,2.7053814,0.12703682
11866,0.7493253,1.3121113,0.15279664
11867,0.8393942,1.8383687,0.14904147
11868,1.3336208,5.1514,0.12292942
11869,1.7019812,6.0619,0.12272163
11870,0.865454,1.7594025,0.20202638
11871,0.50946414,0.31686404,0.27609468
11872,0.61928177,0.6013387,0.2522828
11873,1.1263162,3.656007,0.18880536
11874,0.41241312,0.15024261,0.3438096
11875,0.8567928,1.6141468,0.23835318
11876,0.78129536,1.1983628,0.25992817
11877,0.41050088,0.14486189,0.37014592
11878,0.32866606,0.06900488,0.4143769
11879,0.27135962,0.036109474,0.41900003
11880,0.31108323,0.054656625,0.397
11881,0.962002,2.108845,0.34665805
11882,0.6085761,0.47960785,0.45788556
11883,1.4861904,5.4598,0.2881558
11884,0.4869147,0.21062809,0.5722131
11885,0.5602602,0.33318987,0.5299862
11886,0.77231395,0.9431878,0.45209023
11887,1.4552588,5.2878,0.39109012
11888,0.85018706,1.1550848,0.56114066
11889,1.3349512,4.1931467,0.44544554
11890,1.5977181,5.8615,0.43966538
11891,0.45200148,0.12634693,0.9412745
11892,0.5471888,0.23831902,0.8420372
11893,0.8173124,0.884756,0.6985539
11894,1.6836836,6.0307,0.5270398
11895,1.2436113,2.9027348,0.6952612
11896,1.2976906,3.1792042,0.7138487
11897,0.8088598,0.7378701,0.95842206
11898,0.38919172,0.06501539,1.3642522
11899,0.42802492,0.089321196,1.2672025
11900,0.46908587,0.119640246,1.3085626
11901,0.3036222,0.027612794,0.49099997
11902,0.4133413,0.07500154,1.1479
11903,1.3721029,3.4327192,0.8352161
11904,0.37084442,0.050089527,0.92899996
11905,0.3424474,0.038358,0.6986
11906,0.39045748,0.057514533,0.6769999
11907,1.9919187,5.8958,0.7246664
11908,1.5289464,4.183449,0.7870559
11909,0.6770556,0.33578154,1.1321231
11910,0.81484556,0.6256376,0.94135404
11911,2.7489526,7.0747004,0.5375467
11912,2.552398,6.9546995,0.57935894
11913,1.2433927,2.1442351,0.8926833
11914,1.12568,1.5787832,0.93623745
11915,0.5289683,0.13377531,1.3459193
11916,0.6988594,0.33898318,1.1847008
11917,0.5562586,0.16070685,1.2174351
11918,0.9698389,1.0163249,0.8523785
11919,1.2277399,2.1203134,0.73190343
11920,0.9019122,0.8083614,0.85083324
11921,1.219716,2.0877156,0.7155872
11922,1.6256635,4.5280237,0.6214783
11923,1.7655449,5.328761,0.63891953
11924,2.054548,6.6875,0.64799416
11925,2.0085473,6.437197,0.74522644
11926,0.6257018,0.1977141,1.5542556
11927,0.72464174,0.32514048,1.4357349
11928,0.5720313,0.14968745,1.5487095
11929,1.2484499,1.9039961,1.0066074
11930,0.66198546,0.2463725,1.409829
11931,0.48704827,0.08880209,1.657236
11932,0.63379276,0.21208404,1.6318243
11933,1.7014661,4.467208,0.9311665
11934,0.81430537,0.47787693,1.4210979
11935,0.55895364,0.13834363,1.6318209
11936,0.43530846,0.06059861,1.6144
11937,0.650804,0.23280318,1.4772089
11938,0.9432712,0.8011227,1.172575
11939,1.4933481,3.2365239,0.9007087
11940,1.0282434,1.0497997,1.1256046
11941,0.8465025,0.56146115,1.2640262
11942,0.8273704,0.5263538,1.2483325
11943,2.1281474,6.8407,0.74612504
11944,2.0349925,6.354628,0.8676897
11945,1.2630051,1.8171755,1.2417566
11946,2.0574021,6.2388544,0.9723441
11947,1.2079479,1.5103704,1.4236271
11948,0.6164567,0.16928996,1.9648136
11949,1.1406955,1.2830961,1.4224455
11950,1.2408432,1.6738672,1.3437208
11951,1.4723523,2.7523592,1.2605557
11952,1.6462669,3.6693594,1.2191627
11953,1.1271169,1.2107517,1.5424006
11954,1.1856457,1.4287633,1.4752346
11955,1.689482,3.8829694,1.2415229
11956,1.4965472,2.776632,1.3875718
11957,1.5707521,3.1378462,1.3817626
11958,0.6750594,0.22013526,2.1477609
11959,1.2174054,1.5139406,1.5239537
11960,1.0149652,0.85370207,1.7703918
11961,1.8072432,4.4746675,1.2833675
11962,1.4023186,2.2601838,1.5516102
11963,1.5839341,3.1297774,1.6127378
11964,1.2393925,1.5324459,1.8687747
11965,1.0819474,1.0090644,1.9735593
11966,0.75824803,0.31955332,2.2829669
11967,1.1930709,1.3996118,1.7809126
11968,1.369885,2.1301458,1.6275809
11969,0.60082793,0.1499471,2.4186666
11970,0.8789675,0.5383512,1.9109619
11971,0.8020511,0.40433988,1.9102768
11972,0.71419173,0.2794988,1.9283915
11973,0.42065945,0.04815606,2.3888156
11974,0.3936454,0.038895838,2.3705788
11975,1.2388564,1.6920085,1.318864
11976,1.8591373,4.9273734,1.0703807
11977,1.541478,3.0542269,1.2738078
11978,1.3962828,2.305432,1.3783879
11979,1.3554242,2.112123,1.4175315
11980,0.6999429,0.25758484,1.9638528
11981,0.55901164,0.1230641,2.1253955
11982,0.7638895,0.35178968,1.8190435
11983,0.86280924,0.5328017,1.664804
11984,1.0752019,1.0878602,1.5524114
11985,0.6789536,0.24485998,1.8971506
11986,0.3845925,0.036740843,2.3593
11987,0.42456812,0.051595762,2.3008878
11988,1.1403763,1.3502467,1.3790649
11989,0.79352355,0.42375118,1.6287403
11990,1.089655,1.1963704,1.3411188
11991,1.0985175,1.2369655,1.3169911
11992,1.1164777,1.3107654,1.290072
11993,1.6123618,3.7186677,1.0608518
11994,1.4951245,3.0116658,1.1603539
11995,1.1015326,1.2260417,1.3960059
11996,0.43092027,0.055999096,2.160097
11997,0.36396056,0.03208534,2.258555
11998,0.25129804,0.009352154,1.2482
11999,0.22451064,0.006455137,0.8779
12000,0.4275615,0.054991018,2.2359176
12001,0.3595792,0.031128135,2.1088
12002,0.6659237,0.24711841,1.6462122
12003,0.45362484,0.069303334,1.9099808
12004,0.49222344,0.09044304,2.0081778
12005,0.6277697,0.20667346,1.6919361
12006,1.0623181,1.1685408,1.2584361
12007,1.4677299,3.0385811,1.0575944
12008,1.1616354,1.5305003,1.2346846
12009,1.1301347,1.4121088,1.2483752
12010,0.93617016,0.78316617,1.3693635
12011,1.3072394,2.2031958,1.1680838
12012,1.1832628,1.6360078,1.2460673
12013,1.1173612,1.377204,1.281423
12014,0.702801,0.30961716,1.5968151
12015,1.2013981,1.7329875,1.2664156
12016,1.2487167,1.9449034,1.2440101
12017,1.0314212,1.083887,1.3775468
12018,0.3342494,0.026041139,1.9827999
12019,0.26922747,0.01274362,1.3052
12020,0.37640247,0.039112635,2.150783
12021,0.6408122,0.23478395,1.5717748
12022,0.34907767,0.03113664,2.0166726
12023,0.501785,0.10615559,1.6029983
12024,0.66490513,0.27530128,1.3377813
12025,1.3806005,2.7520869,0.89856035
12026,1.1607373,1.6544466,1.0155768
12027,0.8811782,0.6985975,1.1721157
12028,0.9005668,0.75816023,1.1363573
12029,0.8501408,0.6362117,1.148541
12030,0.38897517,0.047711726,1.6507559
12031,0.4381321,0.071895875,1.4872612
12032,0.36216533,0.038436472,1.5616982
12033,0.3402129,0.031507436,1.5379936
12034,0.2254427,0.008010879,0.969
12035,0.32066384,0.025943417,1.6098034
12036,0.31618086,0.024843097,1.6115544
12037,0.5165847,0.12970985,1.2243891
12038,0.8017565,0.56461304,0.95351964
12039,0.76176167,0.48320752,0.9617199
12040,0.8556828,0.7143318,0.89103776
12041,0.8731153,0.77030903,0.87183243
12042,0.8984255,0.85260886,0.8509912
12043,0.83818126,0.6882479,0.8745158
12044,0.7771723,0.5436716,0.9014842
12045,0.70827943,0.40554783,0.92924404
12046,0.32665288,0.030986914,1.3293871
12047,0.2675251,0.01603421,1.4077518
12048,0.20087697,0.0062027415,0.6798
12049,0.19754986,0.005893772,0.6244
12050,0.4370929,0.08408379,1.0662291
12051,0.37317297,0.05007001,1.117189
12052,0.77273524,0.57005674,0.7557113
12053,0.6736953,0.3674037,0.8002653
12054,0.4416325,0.09104237,0.9691038
12055,0.75326437,0.5415285,0.73249143
12056,0.28181064,0.020656204,1.1737579
12057,0.7245945,0.4860886,0.7133208
12058,0.56689614,0.21830525,0.79653484
12059,0.5618928,0.21450864,0.7842547
12060,0.38314062,0.060358662,0.9283984
12061,0.48727596,0.13630338,0.80312794
12062,0.4449793,0.10176366,0.8217341
12063,0.52045655,0.17365779,0.7432467
12064,0.33178702,0.03896281,0.90954155
12065,0.5256984,0.18288864,0.7168632
12066,0.46659794,0.12423683,0.746595
12067,0.6086213,0.30434248,0.6411439
12068,0.49586117,0.15569906,0.7002954
12069,0.45560685,0.11866137,0.71691936
12070,0.4101187,0.08437452,0.7404187
12071,0.4965937,0.16156515,0.65959877
12072,0.50692654,0.17497693,0.64180803
12073,0.49469477,0.16308533,0.6391197
12074,0.465517,0.134601,0.647915
12075,0.43957043,0.112324916,0.65513897
12076,0.44896233,0.12180996,0.6367748
12077,0.25666195,0.018960671,0.82390493
12078,0.25532705,0.018770128,0.80601704
12079,0.33464953,0.046737414,0.68927914
12080,0.45951745,0.13616633,0.5774712
12081,0.27696148,0.025304053,0.7300417
12082,0.40098384,0.087945014,0.59529954
12083,0.4065774,0.09302561,0.5813942
12084,0.40456054,0.09240067,0.5734249
12085,0.39364097,0.08515496,0.57200235
12086,0.3827234,0.078263044,0.57074296
12087,0.3065406,0.037599746,0.62661016
12088,0.23461005,0.015502715,0.70139813
12089,0.16145688,0.0044022286,0.28209996
12090,0.27026087,0.024641702,0.72434175
12091,0.27240926,0.025484074,0.7065057
12092,0.3108824,0.03992849,0.6486213
12093,0.27074358,0.02534763,0.6813881
12094,0.27428126,0.026662517,0.6637295
12095,0.26119477,0.022806566,0.6668116
12096,0.20940696,0.01097558,0.72866327
12097,0.17521793,0.006089328,0.5948
12098,0.2255902,0.014213538,0.67919177
12099,0.23127034,0.015540393,0.6578894
12100,0.20117602,0.009702922,0.7460224
12101,0.23942472,0.017448168,0.67037463
12102,0.2847773,0.03135641,0.6036918
12103,0.22313078,0.013976351,0.66883785
12104,0.20038371,0.009818977,0.6913529
12105,0.22299945,0.014110126,0.64289206
12106,0.23987055,0.018111479,0.6086801
12107,0.27108157,0.027433474,0.562965
12108,0.22128804,0.014021615,0.61196005
12109,0.18345754,0.0074095777,0.46800002
12110,0.22847064,0.015364166,0.6893019
12111,0.17426659,0.0062563657,0.22849996
12112,0.20284075,0.010136519,0.3818
12113,0.28409436,0.031321116,0.717293
12114,0.30083284,0.038129084,0.68501157
12115,0.30157313,0.03866116,0.67279476
12116,0.21314701,0.011847039,0.22510003
12117,0.35197434,0.06261991,0.7977372
12118,0.35400492,0.06397882,0.7843941
12119,0.2933524,0.034217093,0.84816724
12120,0.2549554,0.021400966,0.6849
12121,0.2656817,0.023943804,0.5038
12122,0.35202262,0.060034305,1.0109786
12123,0.357344,0.06266108,0.9907361
12124,0.3713514,0.070851,0.9591361
12125,0.35993087,0.0635523,0.9610125
12126,0.3092578,0.03813308,0.88289994
12127,0.31855643,0.041955035,0.99277604
12128,0.26758683,0.023368912,0.4563
12129,0.4263817,0.11004842,0.8709192
12130,0.3350379,0.049112353,0.9680757
12131,0.3064476,0.036396064,0.8868
12132,0.35744962,0.060819052,0.9084764
12133,0.39417943,0.083684675,0.89985067
12134,0.364746,0.06442286,0.93068045
12135,0.32858166,0.045403305,0.96368766
12136,0.26948026,0.02338382,0.44349998
12137,0.3676411,0.06530972,0.950391
12138,0.40441483,0.0897243,0.8912986
12139,0.35248798,0.056670904,0.9386573
12140,0.43919516,0.11820628,0.8277041
12141,0.30777702,0.036059793,0.8429
12142,0.08890001,0.016929362,0.088899985
12143,0.290714,0.028847937,0.36650002
12144,0.2486,0.026734333,0.24859998
12145,0.38805065,0.07279743,1.0045
12146,0.3265443,0.0405901,0.4874
12147,0.35539445,0.053584974,0.7854
12148,0.35361364,0.05256178,0.7949
12149,0.0966,0.024700716,0.0966
12150,0.1737,0.03362191,0.1737
12151,0.4407261,0.10491552,1.0550929
12152,0.41906938,0.08917734,0.95611066
12153,0.356691,0.05236714,0.5479
12154,0.38666478,0.068962134,0.8312
12155,0.34110042,0.045642715,0.4536
12156,0.1882,0.034529984,0.18819998
12157,0.38727683,0.07010502,0.75934565
12158,0.34904948,0.049871817,0.5576
12159,0.35133994,0.05128589,0.5966
12160,0.35209754,0.051979907,0.621
12161,0.0941,0.030181142,0.094100006
12162,0.1804,0.0344363,0.1804
12163,0.2865,0.047071762,0.28650004
12164,0.47283557,0.12966444,0.4833
12165,0.4571866,0.13461569,0.5924
12166,0.42460918,0.11349256,0.4901
12167,0.67349625,0.5340216,0.52393836
12168,0.3961,0.12483523,0.3961
12169,0.1792,0.09451548,0.1792
12170,0.3225,0.14287403,0.3225
12171,0.5070592,0.25982335,0.32722405
12172,0.43412772,0.16224618,0.29536748
12173,0.1728,0.10858723,0.1728
12174,0.46048832,0.20320056,0.25200114
12175,0.4600458,0.21160612,0.2135949
12176,0.5595265,0.4172206,0.17038462
12177,0.0709,0.0709,0.0709
12178,0.4438467,0.19726622,0.18134248
12179,0.46373543,0.23598994,0.1566473
12180,0.2142,0.16400231,0.1596945
12181,0.2799,0.22668405,0.15852764
12182,0.5803984,0.5404644,0.11661246
12183,0.5844958,0.5787664,0.10115635
12184,0.64610326,0.8268561,0.08686661
12185,0.64092326,0.8226715,0.08153069
12186,0.5581022,0.5331499,0.08341465
12187,0.4659524,0.29893237,0.08778568
12188,0.5499649,0.52384144,0.07785658
12189,0.5930834,0.67801166,0.07315036
12190,0.4597932,0.2966587,0.08198119
12191,0.4080357,0.20189178,0.08539822
12192,0.11280002,0.1128,0.09379902
12193,0.6359628,0.8583427,0.07872394
12194,0.3401,0.2532345,0.087454624
12195,0.2889,0.24539104,0.083442785
12196,0.45739895,0.3126993,0.07530917
12197,0.45528522,0.31380945,0.07233439
12198,0.5559,0.5559,0.09293839
12199,0.5650976,0.6863,0.07842877
12200,1.0387585,2.923,0.047758337
12201,0.5752408,1.0271276,0.058832325
12202,0.50533724,0.6935658,0.056865484
12203,0.8127333,2.4647,0.04359429
12204,0.4493854,0.46835202,0.05746094
12205,0.4173,0.4173,0.06267691
12206,0.90772706,1.7816,0.069058254
12207,1.0048897,2.692,0.06808641
12208,0.94927776,3.0717,0.09082922
12209,0.5278604,0.68444294,0.15858889
12210,0.7701303,2.0172768,0.13811687
12211,0.9862789,3.7880802,0.12850523
12212,0.2923,0.099562995,0.25080633
12213,0.6473035,0.96798986,0.18752848
12214,0.944736,2.9431305,0.15858854
12215,0.65542555,0.92102915,0.20641486
12216,1.1715866,4.634,0.15817079
12217,0.7564252,1.3172511,0.22426796
12218,0.43548524,0.2133254,0.3091425
12219,0.8047774,1.539088,0.23013054
12220,0.5618609,0.47622994,0.2896191
12221,0.78218025,1.3600042,0.25031844
12222,0.38681656,0.13364972,0.3726564
12223,0.41829038,0.17166701,0.36256683
12224,0.314371,0.0656137,0.42330542
12225,0.70461535,0.9125478,0.331482
12226,0.87094146,1.730195,0.3078779
12227,0.9470671,2.161029,0.3091019
12228,0.86868787,1.6155494,0.34237713
12229,0.82162005,1.3280505,0.3684814
12230,0.96091515,2.096304,0.35346633
12231,0.44675058,0.17337905,0.5500942
12232,0.41040885,0.1294863,0.5775316
12233,0.3091217,0.04983492,0.66724086
12234,0.60482043,0.46068314,0.47814432
12235,0.28442508,0.037128802,0.5688
12236,0.35871598,0.076828025,0.8174361
12237,0.58855575,0.37647232,0.7855808
12238,1.2506789,3.728962,0.48687345
12239,1.2863909,3.8383703,0.47116482
12240,0.97929657,1.6922282,0.551111
12241,0.34112582,0.05242686,0.6052
12242,0.79740924,0.8630253,0.6184019
12243,0.4909596,0.173868,0.760053
12244,0.56438285,0.27645984,0.6793844
12245,0.3758034,0.071277045,0.80530405
12246,0.4951851,0.17441557,0.81683016
12247,1.6654496,5.4988,0.39968896
12248,1.6302408,5.5474,0.4227202
12249,1.6824377,5.7662,0.44832104
12250,0.86155605,0.9119331,0.6955885
12251,0.42258567,0.08666122,0.9771712
12252,0.4785651,0.13201606,0.8868736
12253,0.37387234,0.05816073,0.97146493
12254,0.36375073,0.05331661,0.9534375
12255,0.3519277,0.04797018,0.89540005
12256,0.36242822,0.052480306,0.8286
12257,0.40252322,0.07306724,0.8573
12258,0.4376996,0.097158894,0.95415163
12259,0.7278571,0.5323824,0.6701008
12260,0.8566469,0.9096849,0.59344476
12261,1.4967734,4.6269507,0.4248677
12262,0.39153433,0.065788314,0.8823216
12263,1.0495802,1.6785376,0.51363283
12264,0.6041071,0.28136203,0.6803339
12265,0.45375478,0.10933713,0.761892
12266,0.47372895,0.1268229,0.74323785
12267,0.3472075,0.045224678,0.6106
12268,0.39812973,0.070242725,0.7448
12269,1.116854,2.0516994,0.4920743
12270,1.1969072,2.5025773,0.46438864
12271,0.9007906,1.0395244,0.54005903
12272,0.7835538,0.666725,0.567249
12273,1.0353968,1.6272068,0.48088163
12274,0.6454694,0.35480666,0.61332566
12275,0.5091816,0.16200659,0.695266
12276,0.5513448,0.21205427,0.6719214
12277,1.8904693,6.0704,0.34508765
12278,2.007053,6.391,0.37410948
12279,2.2264724,6.8683996,0.4014616
12280,2.0289304,6.6828,0.4851974
12281,1.1029961,1.6052394,0.76187736
12282,0.881997,0.7930163,0.8626366
12283,0.8353083,0.6693505,0.8840174
12284,0.44022548,0.08043706,1.1973115
12285,0.5671582,0.18938369,1.023151
12286,0.34394345,0.03560649,1.035
12287,1.0688004,1.4743133,0.8729411
12288,1.7641833,5.664831,0.67046386
12289,1.7807935,5.5597296,0.73754346
12290,0.5612708,0.1620392,1.4516406
12291,0.51241386,0.12068379,1.455468
12292,0.38289112,0.045924384,1.4081
12293,0.3484805,0.033084285,0.84260005
12294,0.4836634,0.09962184,1.5402596
12295,1.0815629,1.4079512,0.9966182
12296,0.62692636,0.23887767,1.3021973
12297,0.64009184,0.25547314,1.3495688
12298,0.9082079,0.81115687,1.1228888
12299,0.4974315,0.111376695,1.434565
12300,0.84034956,0.6260698,1.2510675
12301,0.6358226,0.2523215,1.2769164
12302,1.8989096,5.9724,0.6502725
12303,1.5288182,3.743751,0.7681584
12304,0.96082187,0.92525065,0.99583936
12305,2.693052,7.2545996,0.6176475
12306,2.3029125,6.8671994,0.7387086
12307,2.0385602,6.494907,0.87585366
12308,2.048015,6.2993817,0.97137713
12309,1.1714664,1.3924941,1.4318898
12310,1.6368153,3.6541886,1.1892827
12311,1.6037443,3.4055753,1.2539061
12312,1.9488728,5.3371716,1.1768547
12313,2.131414,6.198053,1.2215134
12314,1.915204,4.7978973,1.429259
12315,0.32648456,0.017260246,1.3908001
12316,0.6613934,0.18581556,2.4609213
12317,0.66200286,0.18952334,2.300106
12318,0.64484644,0.17541617,2.2876399
12319,0.37271407,0.02823501,1.7515001
12320,0.52185297,0.08826721,2.3299332
12321,0.93545127,0.62514454,1.6492788
12322,1.2193192,1.4733962,1.3956541
12323,0.4349608,0.04978276,2.2705567
12324,0.81849456,0.41736868,1.5839615
12325,0.73395115,0.29540157,1.6063601
12326,1.0953747,1.1072912,1.2655598
12327,1.4232928,2.455904,1.0932492
12328,1.7002342,3.906747,1.0215856
12329,1.138533,1.2310737,1.3226416
12330,0.6686339,0.21889542,1.69239
12331,0.31525078,0.017682174,1.4815
12332,0.39577484,0.03750508,1.9382001
12333,0.4108607,0.042758193,1.9947999
12334,0.3305797,0.020787232,1.2562
12335,0.2867606,0.013006773,0.7965
12336,1.3286444,1.9727002,1.6856407
12337,0.55893296,0.11809918,2.4758
12338,0.48797694,0.07460837,1.8138
12339,1.3160809,1.9335952,1.5570562
12340,1.2203258,1.5391239,1.5602521
12341,1.2815832,1.7953653,1.4703314
12342,0.7223978,0.28359482,1.9068419
12343,0.5846189,0.14082398,2.100007
12344,0.36665726,0.029858585,1.0227
12345,0.48983875,0.07799815,1.6884
12346,1.1543301,1.3329707,1.4283075
12347,0.5554215,0.12155551,1.9148812
12348,0.582804,0.14502697,1.7144116
12349,0.46825144,0.070502624,1.5988
12350,0.5851421,0.15044364,1.5433707
12351,0.6494937,0.21497628,1.4485171
12352,0.6920967,0.26960906,1.3258826
12353,1.2420975,1.8076057,0.9340157
12354,1.6824809,4.2060485,0.79174864
12355,1.6076161,3.665455,0.85621125
12356,1.4022617,2.4793894,0.9607263
12357,0.70902574,0.2823527,1.3735613
12358,0.8269301,0.4761343,1.2419685
12359,1.3274388,2.1530573,0.9493875
12360,1.60485,3.6318407,0.87465245
12361,1.7695129,4.5418897,0.88255453
12362,1.927625,5.369893,0.90859836
12363,1.6783122,3.7645772,1.0700394
12364,1.4662803,2.5713665,1.2422571
12365,1.3094887,1.837451,1.3684945
12366,0.53900725,0.102049805,2.1024108
12367,0.7366406,0.2874091,2.0379179
12368,1.0241505,0.8616244,1.6381365
12369,1.2676774,1.7013654,1.422808
12370,1.304495,1.860638,1.3898312
12371,1.2608736,1.6821917,1.4098778
12372,1.7086957,3.934123,1.2008164
12373,1.1909497,1.3870339,1.5143025
12374,1.4123558,2.3235483,1.3794888
12375,0.65946966,0.20253687,2.0201564
12376,0.9070674,0.5911084,1.6508726
12377,0.5979203,0.14744587,2.233886
12378,0.4958103,0.07940992,2.3047
12379,0.582775,0.13827385,2.061194
12380,0.4751165,0.06994825,2.0559
12381,0.6190727,0.17031886,2.0508685
12382,0.84588,0.4878538,1.6521778
12383,1.155889,1.3447331,1.413123
12384,1.1888076,1.4761262,1.3634057
12385,1.4401193,2.6173394,1.2187473
12386,1.404774,2.4179056,1.2723773
12387,1.011992,0.87444574,1.5925149
12388,0.39239454,0.037863437,1.4564
12389,0.46888304,0.068915,1.9369999
12390,1.1410868,1.3045273,1.4222133
12391,0.9936165,0.84613013,1.4870803
12392,0.8606953,0.5359743,1.5438952
12393,1.0035597,0.8944917,1.3762212
12394,1.9057119,5.4261374,0.97005045
12395,1.266736,1.7910476,1.3100992
12396,1.6760703,3.8986871,1.1356373
12397,1.725342,4.105428,1.179134
12398,0.41729552,0.044625167,2.0201
12399,0.32516193,0.019509844,1.1971
12400,1.0375607,0.87938935,2.4404535
12401,1.8223531,4.5808516,1.5136676
12402,0.51988727,0.08806867,1.9323001
12403,0.34012395,0.021557918,0.59549993
12404,0.35422868,0.024899907,0.7285
12405,0.36235663,0.02712479,0.81850004
12406,0.34777132,0.023861801,0.69900006
12407,0.69482934,0.2326673,2.1934
12408,1.4755676,2.711967,1.3228419
12409,1.7135327,4.105114,1.0365554
12410,0.9355115,0.6624253,1.3008244
12411,0.7667941,0.3514703,1.2818382
12412,0.5052671,0.0890221,1.432608
12413,0.659621,0.2211266,1.1547489
12414,0.9810295,0.83378094,0.8891762
12415,0.97989,0.84244305,0.8580935
12416,1.1435851,1.3941919,0.7707024
12417,1.3026938,2.0871751,0.71390694
12418,1.4299715,2.7310982,0.68798965
12419,1.213327,1.6711376,0.77334094
12420,0.60274,0.1720616,1.1009337
12421,1.0167588,0.9772134,0.82147723
12422,0.7181473,0.31611377,0.97405535
12423,1.1098168,1.3190154,0.76123345
12424,1.2661033,1.9848901,0.7124708
12425,0.61764055,0.19541271,1.0389453
12426,0.5471742,0.13214476,1.0693846
12427,0.8817784,0.6520482,0.8202289
12428,1.0972905,1.3279028,0.7247047
12429,0.9044568,0.7213824,0.80258965
12430,0.91549003,0.75895953,0.78906447
12431,0.747313,0.39466384,0.86510676
12432,0.5821288,0.17418115,0.96016693
12433,0.75263536,0.41472775,0.8232177
12434,0.7278532,0.37612793,0.8226089
12435,0.8458066,0.6244012,0.7494876
12436,0.55994576,0.1610472,0.9105161
12437,0.43503174,0.07005691,1.0053694
12438,0.3268088,0.02717759,1.0125
12439,0.73635405,0.41351518,0.732223
12440,0.56775457,0.17637405,0.82263994
12441,0.62793493,0.24990343,0.7656571
12442,0.65819395,0.29596376,0.73415637
12443,0.72141397,0.40609697,0.6897422
12444,0.62512445,0.2556329,0.73130226
12445,0.33451408,0.031878375,0.99852234
12446,0.41783378,0.0670759,0.93258244
12447,0.3079772,0.024403766,0.8193
12448,0.49552062,0.11794315,0.9710429
12449,0.7623498,0.49661487,0.79420084
12450,0.5777691,0.20012121,0.89514285
12451,0.6221779,0.25896934,0.84049696
12452,0.4606062,0.095925815,0.95286804
12453,0.3608162,0.042778127,1.0375
12454,0.59201396,0.22596453,0.7923686
12455,0.36287063,0.044454884,0.9874667
12456,0.35977927,0.043564267,0.96275246
12457,0.35669267,0.040959477,0.506
12458,0.42549354,0.07442238,1.0541
12459,0.60456884,0.24309409,0.86714643
12460,0.6170866,0.2638868,0.8011886
12461,0.58182645,0.21979916,0.78065073
12462,0.5733731,0.21196496,0.7498112
12463,0.63904524,0.30773398,0.6817896
12464,0.5633627,0.20470038,0.7024457
12465,0.53683466,0.17627175,0.6965715
12466,0.63312596,0.30868092,0.6225419
12467,0.47321376,0.118242614,0.7030051
12468,0.46356487,0.111496314,0.6907556
12469,0.34711322,0.04277913,0.6373
12470,0.1461,0.029785853,0.14609997
12471,0.46489403,0.11093692,0.8221889
12472,0.22689998,0.04356577,0.22690003
12473,0.6808761,0.39332986,0.7167412
12474,0.61229306,0.28993163,0.6201171
12475,0.7619635,0.61845654,0.4659657
12476,0.61281365,0.3094524,0.4595946
12477,0.45916742,0.1209518,0.4812017
12478,0.55743724,0.23533681,0.40288886
12479,0.6058684,0.31579664,0.3634786
12480,0.41994244,0.094552115,0.41640043
12481,0.5520741,0.2388398,0.3467841
12482,0.59631044,0.31288067,0.32198665
12483,0.38141456,0.071447216,0.3913728
12484,0.57344735,0.2811611,0.31294507
12485,0.61706764,0.36305887,0.2940812
12486,0.609305,0.35237935,0.2899729
12487,0.6160475,0.36971354,0.28319785
12488,0.47071558,0.15286715,0.31925172
12489,0.39288226,0.08451376,0.34273738
12490,0.189,0.060353845,0.189
12491,0.5235641,0.21340792,0.39750308
12492,0.44690642,0.13202794,0.35880977
12493,0.50272167,0.20213678,0.29458
12494,0.571975,0.31866178,0.24975555
12495,0.54531413,0.278615,0.23461334
12496,0.47632623,0.18138117,0.23472083
12497,0.42250672,0.12384597,0.23564954
12498,0.5069856,0.23103708,0.20493948
12499,0.41771337,0.12303117,0.21790361
12500,0.43031535,0.13664983,0.21957515
12501,0.55243105,0.31505096,0.20133303
12502,0.7014638,0.7028799,0.17344716
12503,0.5544582,0.33447963,0.17621818
12504,0.48846436,0.22541103,0.17281765
12505,0.46407846,0.19434053,0.16586255
12506,0.2812,0.12698968,0.1680016
12507,0.3532,0.14089687,0.16158852
12508,0.42858228,0.15616323,0.15206072
12509,0.58672166,0.44966048,0.12467115
12510,0.50294244,0.27414358,0.1311603
12511,0.42342514,0.1568909,0.13938637
12512,0.4221412,0.15631224,0.14272054
12513,0.4417703,0.18473473,0.1343492
12514,0.6189716,0.5714431,0.1097765
12515,0.41309887,0.15174049,0.13225302
12516,0.1803,0.1164551,0.13535039
12517,0.23029998,0.12702231,0.13379654
12518,0.3261,0.14629588,0.13127893
12519,0.49006948,0.27657378,0.11570451
12520,0.8021627,1.3249705,0.12524664
12521,0.53040516,0.3840701,0.12758604
12522,0.2026,0.2026,0.11817772
12523,0.4904969,0.33098584,0.09714544
12524,0.3018,0.23092052,0.093159966
12525,0.13489999,0.1349,0.10238716
12526,0.2644,0.2644,0.085405596
12527,0.53569967,0.5255893,0.067800134
12528,0.48909414,0.40777996,0.06313036
12529,0.51184154,0.48959434,0.05648441
12530,0.2775,0.2775,0.06028081
12531,0.8051556,1.8506,0.050003666
12532,0.68307215,1.3832948,0.04647603
12533,0.51191735,0.5785082,0.047589753
12534,0.11809999,0.118099995,0.048120074
12535,0.1903,0.1903,0.045150198
12536,0.48405987,0.5262,0.038840216
12537,0.3404,0.3404,0.03752929
12538,0.49892616,0.61936015,0.03382175
12539,0.496385,0.6159094,0.034208655
12540,0.6913579,1.7782001,0.02741447
12541,0.49489984,0.62612283,0.03217076
12542,0.5806903,1.061046,0.028947083
12543,0.56720376,0.98967314,0.02910137
12544,0.4785825,0.57405937,0.031654183
12545,0.71516013,1.9867,0.027453732
12546,0.59443754,1.1437706,0.03042841
12547,0.46706155,0.526913,0.03431971
12548,0.19190001,0.1919,0.038830623
12549,0.4258,0.4258,0.047235955
12550,0.46239996,0.4624,0.03994749
12551,0.5170456,0.7314,0.03369048
12552,0.5100639,0.8106,0.030452318
12553,0.81339204,2.4107,0.022420086
12554,0.47409207,0.7300863,0.02946729
12555,0.44926527,0.61326313,0.029864732
12556,0.6755802,1.9988,0.023995643
12557,0.5937015,1.4635472,0.026408996
12558,0.50203663,0.84873503,0.029474214
12559,0.81372887,2.7603,0.023385607
12560,0.4505217,0.5743761,0.03373285
12561,0.7459138,2.573,0.026484326
12562,0.70037794,2.2162583,0.029158235
12563,0.71877855,2.3331769,0.030470282
12564,0.90356356,3.3637,0.028810699
12565,0.75154084,2.4929287,0.034537807
12566,0.7853055,2.7518501,0.036100995
12567,1.1036551,4.1984,0.032601036
12568,0.4028836,0.30904645,0.060739677
12569,0.3557198,0.20234449,0.06900808
12570,0.6305379,1.2929357,0.053446088
12571,0.6392962,1.3295436,0.055196457
12572,0.38170302,0.24552631,0.07466708
12573,0.4642357,0.4609046,0.07337084
12574,0.6583601,1.4027305,0.06267702
12575,0.3779434,0.22753948,0.08657704
12576,0.56518227,0.8255067,0.08323085
12577,0.52304983,0.6326853,0.08775179
12578,0.57346535,0.8411962,0.08477119
12579,0.45842937,0.39983827,0.097087435
12580,0.35488644,0.16970028,0.11178525
12581,0.47669384,0.44424012,0.10017319
12582,0.5937908,0.89747477,0.0907192
12583,0.52387893,0.590269,0.099098966
12584,0.43500248,0.31722265,0.11096222
12585,0.39625904,0.22509582,0.13896678
12586,1.2038791,4.0201,0.08820927
12587,0.39775768,0.21049562,0.15697667
12588,0.44034204,0.2879396,0.15978071
12589,1.6213027,4.6171,0.093513764
12590,1.3062027,4.1395,0.100086786
12591,0.57362705,0.65571535,0.1484217
12592,0.9227097,2.8453903,0.10910611
12593,0.4961574,0.3925775,0.1556405
12594,0.3438,0.15291305,0.16949537
12595,0.39323142,0.18054323,0.16725178
12596,0.4837217,0.34619883,0.18429346
12597,0.49596602,0.38946,0.18501131
12598,1.7514956,4.1659,0.122372426
12599,0.74433964,1.6702062,0.22574766
12600,1.1359484,3.8991,0.2394947
12601,0.38059434,0.13717501,0.51388663
12602,0.35652858,0.1010825,0.5057
12603,1.3095999,4.8041,0.2643779
12604,1.0450836,2.8033822,0.3208455
12605,0.9774339,2.2171845,0.34753186
12606,0.5266567,0.29716048,0.513568
12607,1.4134258,5.1534,0.3317243
12608,1.5746986,5.475,0.37109926
12609,1.4990143,5.436,0.4103603
12610,0.3916638,0.08537066,0.88682646
12611,0.37310293,0.06893777,0.4655
12612,0.44714102,0.11908472,0.45649996
12613,0.6699359,0.48277,1.3129692
12614,1.6297324,4.9568,0.9435489
12615,1.3258564,3.4905624,1.3573004
12616,0.8125333,0.6919988,1.7947445
12617,0.41350415,0.0703592,1.2847
12618,0.81740266,0.6661913,1.4235909
12619,1.3258821,2.918473,1.0459692
12620,1.3563209,3.0313592,1.035431
12621,1.7256047,5.3794236,0.933455
12622,1.0574886,1.3496913,1.3026247
12623,1.0296223,1.237434,1.3052044
12624,0.38885245,0.049578726,1.5498
12625,0.7054885,0.34950083,1.9800134
12626,0.39079404,0.04865086,1.0798
12627,1.1144036,1.5347563,1.255319
12628,1.8319371,5.764606,0.9311758
12629,0.46888182,0.08456843,1.8712
12630,0.33673272,0.028112317,0.8333
12631,0.4383951,0.06808542,1.651
12632,0.6034825,0.19725855,1.6796174
12633,1.041552,1.1911781,1.1873386
12634,1.209426,1.8944416,1.0656056
12635,1.3632792,2.674978,0.9964835
12636,0.41834468,0.057772547,1.5417
12637,0.43130893,0.064488016,1.6515
12638,1.8919698,5.975962,0.77504545
12639,1.8966848,5.7806144,0.86324173
12640,1.3859962,2.5575907,1.1244091
12641,0.5028091,0.09667873,1.8898991
12642,0.33761516,0.025743032,1.1988
12643,0.3416192,0.026978612,1.2486
12644,0.35006216,0.029325178,1.2529
12645,0.3128502,0.02027232,0.89760005
12646,0.56830335,0.14422083,2.145528
12647,1.0716585,1.1573471,1.5951422
12648,0.3888811,0.04067054,0.7525
12649,0.6547919,0.23365723,1.6985956
12650,0.75522476,0.38501075,1.3185434
12651,0.73416686,0.3521534,1.33078
12652,1.4149735,2.83947,0.85999507
12653,1.9841158,5.7658,0.65121305
12654,1.3315344,2.3266737,0.7846804
12655,2.605468,6.8215,0.54740584
12656,2.010342,6.0812,0.66462994
12657,1.4790891,2.898429,0.8363314
12658,1.410785,2.5164056,0.86536086
12659,0.7079199,0.27943918,1.2317555
12660,1.731322,4.372802,0.7492983
12661,1.7593073,4.4423504,0.7919067
12662,1.4402715,2.557597,0.93881947
12663,1.3092012,1.9262922,1.007367
12664,1.6449065,3.6507869,0.9031186
12665,1.1596895,1.3079557,1.1343024
12666,1.5854666,3.2819996,0.9598663
12667,0.67943776,0.22704914,1.5256011
12668,0.5703383,0.12838905,1.5915898
12669,0.6200703,0.17013866,1.6084204
12670,2.2367759,7.1004486,0.8051654
12671,2.082194,5.975729,0.95627636
12672,1.7687998,4.019532,1.1546396
12673,2.001312,5.2373185,1.1431555
12674,2.112885,5.6968493,1.2062662
12675,2.1694705,5.8225307,1.302163
12676,2.2192206,5.9000907,1.4078354
12677,1.6136417,2.7072515,1.8063525
12678,0.54331565,0.08166959,3.0460145
12679,0.4048711,0.03093972,2.4103
12680,0.32649523,0.015117265,1.6064001
12681,0.5470009,0.08632558,2.6645513
12682,0.769964,0.27607295,2.1046083
12683,0.4410516,0.043431003,2.5830705
12684,0.2952364,0.011476504,1.3564
12685,0.51477253,0.07365947,2.409657
12686,0.70386344,0.213718,1.9390445
12687,1.2496651,1.4026234,1.4578438
12688,0.8236371,0.3688293,1.7621336
12689,0.43374315,0.043862395,2.284109
12690,1.6562923,3.2646923,1.1113218
12691,2.2001562,6.095045,0.99621475
12692,1.6301988,2.9790382,1.2917916
12693,0.9415383,0.5547241,1.739088
12694,1.9192996,4.4766116,1.1683024
12695,1.425832,2.0192118,1.4464152
12696,1.5375136,2.5097675,1.390994
12697,1.2445978,1.3466111,1.5634238
12698,0.3983928,0.03139414,2.6589
12699,1.6351256,3.0096428,1.2864404
12700,1.4433182,2.1191506,1.4057302
12701,2.0204015,4.926333,1.1868993
12702,1.8533967,3.9788163,1.3333107
12703,2.1829221,5.517866,1.282954
12704,2.1436043,5.1908383,1.405439
12705,1.8743154,3.8025687,1.6147832
12706,1.2471172,1.2134743,2.04163
12707,0.7012942,0.18634652,2.7854228
12708,0.5909719,0.10700621,2.8082125
12709,1.1988524,1.115503,1.9046228
12710,0.41659126,0.033748217,3.2475998
12711,0.27939293,0.008616285,1.3415
12712,0.29609925,0.010501485,1.4630998
12713,0.44584954,0.041272387,2.5926
12714,0.8829205,0.41196308,2.888986
12715,0.9052773,0.45621818,2.6502924
12716,0.76600415,0.26692042,2.689798
12717,0.35094216,0.01984509,1.9097
12718,0.5223655,0.07578224,2.9700236
12719,1.3115077,1.5763046,1.7853843
12720,1.9646584,4.681664,1.4284077
12721,1.5010042,2.3033862,1.7367587
12722,1.4952741,2.2800462,1.7351574
12723,1.2056739,1.1979249,1.9227924
12724,0.64191145,0.15309402,2.5657375
12725,0.7819049,0.30003917,2.2567418
12726,1.0253012,0.7451324,1.8681474
12727,1.3702968,1.8663055,1.5549444
12728,1.5671846,2.7425554,1.443182
12729,1.6496192,3.1272256,1.4282408
12730,0.62987584,0.14983766,2.3368678
12731,0.37307933,0.02618682,2.5036
12732,0.39269155,0.03130721,2.5825
12733,1.1578019,1.1433282,1.5272956
12734,1.0890156,0.95394415,1.5387897
12735,0.9983143,0.73050624,1.589168
12736,1.1182501,1.0657352,1.4534178
12737,0.7072228,0.24148726,1.7770454
12738,0.81149083,0.38809872,1.5832378
12739,1.0186095,0.8289351,1.3599372
12740,1.0332671,0.87999856,1.3172745
12741,1.049571,0.93752867,1.2780629
12742,1.4690287,2.5916893,1.0580488
12743,2.0210354,5.447377,0.9214373
12744,1.3535616,1.976546,1.2414464
12745,0.98480517,0.7438003,1.4597477
12746,0.9245194,0.615544,1.4616404
12747,0.8142437,0.41239873,1.5100757
12748,0.29793832,0.014497097,2.3442
12749,0.37467882,0.03143134,2.065487
12750,0.607919,0.16065681,1.602843
12751,0.5440172,0.11255398,1.6150979
12752,0.87124324,0.5449083,1.2634308
12753,0.7840037,0.39129937,1.2936504
12754,0.58596516,0.15084144,1.4432657
12755,0.94040823,0.72988904,1.1152508
12756,0.6181327,0.1854512,1.3447212
12757,0.39640033,0.042492755,1.6034083
12758,0.30886868,0.018646916,1.7210402
12759,0.7773437,0.41285127,1.046365
12760,0.5602602,0.14099008,1.1987523
12761,0.8745544,0.62528646,0.92965966
12762,0.97116363,0.8876816,0.86754733
12763,0.7898707,0.46002272,0.9530712
12764,0.73218167,0.3636161,0.96901995
12765,0.7532281,0.40525734,0.93330395
12766,0.8005189,0.50225747,0.8861635
12767,0.9838579,0.98881847,0.7853624
12768,0.7625525,0.43881974,0.8887466
12769,0.18297878,0.0037775899,1.0606
12770,0.2782547,0.015281533,1.480158
12771,0.21313994,0.006328091,1.4278
12772,0.27546716,0.01503792,1.3640933
12773,0.3465878,0.032757152,1.1732601
12774,0.5534809,0.15888837,0.90131074
12775,0.56692743,0.17455176,0.8681497
12776,0.33959854,0.031805415,1.0884073
12777,0.35813242,0.03839995,1.0277249
12778,0.2501418,0.011674365,1.1847258
12779,0.32325983,0.027780669,1.0094087
12780,0.20292197,0.0059122164,1.224914
12781,0.16877468,0.003217386,0.7835999
12782,0.18994555,0.0046623554,0.77169997
12783,0.31265908,0.024769668,1.150232
12784,0.5115718,0.1301586,0.87387526
12785,0.4619549,0.09370821,0.89605707
12786,0.56755286,0.18883967,0.78849643
12787,0.66134864,0.31823263,0.71534795
12788,0.5519771,0.17675222,0.7696791
12789,0.5111465,0.13852626,0.7828027
12790,0.55745554,0.18742171,0.73344165
12791,0.4982421,0.1304807,0.76015675
12792,0.49538335,0.129595,0.7459569
12793,0.66069484,0.34218916,0.63288903
12794,0.505031,0.14177015,0.71362287
12795,0.46312422,0.107433684,0.7300367
12796,0.49125266,0.1324145,0.6941722
12797,0.47324076,0.11829253,0.69334203
12798,0.2365904,0.011759697,0.9543505
12799,0.18190059,0.0049257735,0.8837
12800,0.18584242,0.0051807365,0.6033
12801,0.27080178,0.017916923,1.1679573
12802,0.2340128,0.011078979,1.0556
12803,0.39947736,0.066779315,0.9091757
12804,0.52057916,0.16359772,0.777499
12805,0.50358886,0.14815927,0.7743149
12806,0.29304582,0.02445785,0.99511456
12807,0.46016288,0.11048583,0.83453566
12808,0.29616907,0.025553677,1.0118729
12809,0.25423953,0.015462376,1.0580558
12810,0.21866696,0.009179447,0.46569997
12811,0.22102775,0.009551013,0.5016
12812,0.4614947,0.112581916,0.8924628
12813,0.44720474,0.10235524,0.88549924
12814,0.2513285,0.015029953,0.9502
12815,0.25544894,0.015967641,1.0119
12816,0.27178764,0.019773,1.0448736
12817,0.4048465,0.075549185,0.8350106
12818,0.4560179,0.11356827,0.76971716
12819,0.49078107,0.14664204,0.7273996
12820,0.5679009,0.2410171,0.6642674
12821,0.48194134,0.14095882,0.7101933
12822,0.3352594,0.04229723,0.83398867
12823,0.28213957,0.023947755,0.88633424
12824,0.4208907,0.09196539,0.71014804
12825,0.34214696,0.046430413,0.7715075
12826,0.31324396,0.03485015,0.78832364
12827,0.3055175,0.032310966,0.7803126
12828,0.21797033,0.010206828,0.27969998
12829,0.23337026,0.012743484,0.38790002
12830,0.24537306,0.01494747,0.4162
12831,0.27037877,0.020513175,0.6084
12832,0.34743488,0.047537647,1.0537188
12833,0.28807855,0.025515895,0.8385001
12834,0.29161897,0.02666357,0.8904
12835,0.2693507,0.020518113,0.6496
12836,0.1741,0.016946571,0.17409997
12837,0.29587743,0.027034855,0.49500003
12838,0.40675044,0.078173146,1.1485276
12839,0.28168628,0.022896985,0.376
12840,0.31468394,0.032241575,0.4008
12841,0.39309412,0.06750276,1.1394
12842,0.5382339,0.19281593,1.0469269
12843,0.55144423,0.20951699,0.9920434
12844,0.46182454,0.116297394,1.0428312
12845,0.3472991,0.04498066,0.8481
12846,0.5126406,0.16572146,0.927239
12847,0.47402802,0.12822314,0.9369873
12848,0.41754282,0.084314205,0.97010213
12849,0.41011143,0.07977231,0.95147187
12850,0.37331527,0.058533162,0.9698544
12851,0.4107918,0.08098865,0.90062505
12852,0.2911876,0.025757093,0.42289996
12853,0.33619967,0.040963516,0.6415
12854,0.39264432,0.06900266,0.9867537
12855,0.4782546,0.13402443,0.8631953
12856,0.36774078,0.05598196,0.95334375
12857,0.38107657,0.06335716,0.90738547
12858,0.43526652,0.09934618,0.825556
12859,0.3857442,0.066649176,0.8617717
12860,0.4545727,0.11599365,0.7764556
12861,0.54606897,0.21530804,0.6932849
12862,0.30800828,0.031992577,0.5153
12863,0.38835505,0.069726825,0.79478395
12864,0.4275254,0.09672407,0.7414034
12865,0.31872982,0.036458038,0.6725
12866,0.34095138,0.045889,0.79789907
12867,0.38881797,0.071598485,0.7320521
12868,0.43317577,0.10291036,0.70371526
12869,0.31116548,0.034264494,0.5942
12870,0.42402655,0.09688943,0.6872735
12871,0.38716614,0.071962364,0.7063942
12872,0.41246864,0.08948703,0.67223495
12873,0.38784006,0.07332295,0.6814613
12874,0.395347,0.07867796,0.6635153
12875,0.41868874,0.09593816,0.63440996
12876,0.3978185,0.08142185,0.64086324
12877,0.42501992,0.102249585,0.610641
12878,0.47568265,0.1499957,0.56929564
12879,0.3531997,0.055873036,0.6519565
12880,0.3123438,0.037264492,0.6816426
12881,0.35311824,0.0555413,0.7062173
12882,0.3625646,0.060964312,0.6841758
12883,0.36614087,0.063323714,0.6689182
12884,0.46667913,0.14309607,0.5868152
12885,0.3361565,0.04810939,0.6813562
12886,0.40779015,0.09222816,0.60867333
12887,0.4737694,0.15311877,0.55698377
12888,0.3967174,0.08520275,0.60139924
12889,0.4254641,0.10828698,0.5728876
12890,0.42486483,0.10846387,0.5661709
12891,0.40729704,0.094790086,0.5711589
12892,0.38000122,0.07563839,0.58379346
12893,0.33776408,0.051308244,0.61073554
12894,0.27088436,0.02461723,0.293
12895,0.29436076,0.03210263,0.3716
12896,0.29078025,0.030887939,0.346
12897,0.43695405,0.1207857,0.58465075
12898,0.47162962,0.15666544,0.5556799
12899,0.4813477,0.16862425,0.5440531
12900,0.3690316,0.06981402,0.6144806
12901,0.29689336,0.033891454,0.4989
12902,0.5049156,0.1987464,0.5420078
12903,0.5064551,0.20178443,0.5361384
12904,0.32452255,0.045871142,0.66229796
12905,0.32705155,0.04722951,0.64944315
12906,0.3036536,0.036977775,0.5513
12907,0.48257068,0.16938974,0.63366723
12908,0.45214814,0.13671483,0.6346968
12909,0.3877922,0.082113296,0.6663101
12910,0.34314668,0.05470568,0.6576
12911,0.34409702,0.054802198,0.5585
12912,0.32348117,0.044505868,0.3347
12913,0.48622346,0.17394106,0.5839182
12914,0.46799678,0.1538384,0.5775021
12915,0.3477363,0.057297952,0.6341
12916,0.5483041,0.25650856,0.5971362
12917,0.46039027,0.14444563,0.60102165
12918,0.44966316,0.13449548,0.5702381
12919,0.4267351,0.11373591,0.55598634
12920,0.35386553,0.06124795,0.514
12921,0.353836,0.061269272,0.46919996
12922,0.37751722,0.076208375,0.5589291
12923,0.36667323,0.06963364,0.54061615
12924,0.52023864,0.2253357,0.4358244
12925,0.84932077,1.1277106,0.33038044
12926,0.45063356,0.14090154,0.4533529
12927,0.50612473,0.20899758,0.41748846
12928,0.9163379,1.449142,0.30672735
12929,0.80732214,0.96932894,0.33122495
12930,0.49557036,0.19569598,0.42486793
12931,0.8544357,1.1698701,0.31803578
12932,0.9107582,1.4273617,0.31144255
12933,0.55814314,0.29125023,0.40665346
12934,0.3269258,0.049220446,0.5249
12935,0.64780307,0.4794225,0.3791473
12936,0.412317,0.10748103,0.47351903
12937,0.36563513,0.072334245,0.49579206
12938,0.91180617,1.3914913,0.4426804
12939,0.7335653,0.7013843,0.43676975
12940,0.5863816,0.3402489,0.4420993
12941,0.61390454,0.40074039,0.39884272
12942,0.94177055,1.601371,0.30297235
12943,0.5322982,0.251871,0.39839342
12944,0.76755637,0.84503156,0.31908467
12945,0.55419016,0.29187432,0.3701925
12946,0.46872422,0.16856384,0.39286023
12947,1.1063963,2.6444495,0.24817614
12948,0.67232543,0.55059826,0.33294284
12949,1.1980687,3.261299,0.24864644
12950,1.0831721,2.399142,0.27780837
12951,0.64181817,0.45544147,0.37750003
12952,1.0881436,2.4055138,0.29196492
12953,0.7853352,0.8681605,0.3595873
12954,0.40213248,0.09534635,0.505913
12955,0.44002494,0.12539212,0.5953764
12956,1.0756712,2.2597296,0.3648306
12957,1.1116986,2.462666,0.35237777
12958,0.6037677,0.35146308,0.48269188
12959,1.2139198,3.1347384,0.3269199
12960,0.7298529,0.64453846,0.44109467
12961,0.54634666,0.24937056,0.5029001
12962,0.428242,0.11148568,0.55569416
12963,1.9701413,5.5151,0.37602323
12964,0.9121346,1.2526957,0.55203885
12965,0.99433655,1.6525975,0.51925
12966,1.4895943,4.5207,0.3654821
12967,0.72919923,0.6491499,0.47555134
12968,1.0451776,2.068608,0.33861706
12969,1.7491076,5.202,0.2611156
12970,1.4562596,4.7221,0.27883473
12971,0.7261432,0.61490726,0.40137887
12972,0.56182605,0.26717675,0.43074217
12973,0.7483625,0.69558513,0.35362023
12974,1.0499451,2.03313,0.28834465
12975,0.5727534,0.28958762,0.39542845
12976,0.6647862,0.47877926,0.35677713
12977,0.8296822,0.99175537,0.3129433
12978,0.6958986,0.5638268,0.3411215
12979,1.8041346,5.8359,0.20659056
12980,0.6227139,0.373974,0.40179345
12981,0.7134371,0.5897892,0.37120113
12982,0.5068564,0.19152287,0.44332775
12983,0.6432355,0.4257139,0.38770503
12984,0.8237589,0.95917064,0.33977956
12985,1.0348002,1.9529489,0.30476907
12986,0.43657115,0.117724515,0.48660532
12987,0.3977213,0.086867735,0.50273013
12988,0.5412733,0.24220908,0.45411327
12989,0.5819762,0.31049302,0.43214026
12990,1.862935,6.1815,0.23540197
12991,1.9364263,6.4282,0.26361838
12992,0.41402373,0.08896628,0.6651929
12993,0.51093733,0.18087623,0.5888059
12994,0.4848602,0.15308425,0.5964906
12995,0.4908365,0.1604043,0.59265035
12996,1.0095946,1.6808894,0.4067174
12997,0.6844969,0.48464197,0.5085709
12998,0.514875,0.18997897,0.5844339
12999,0.3548568,0.055200275,0.69455653
13000,0.3582118,0.0571345,0.693372
13001,0.35916194,0.057929154,0.68470424
13002,0.507013,0.18438219,0.56733924
13003,0.39689583,0.082004525,0.6335525
13004,0.8293344,0.9410638,0.4320234
13005,0.775869,0.755859,0.4781403
13006,1.7419705,6.319,0.31685814
13007,1.5560822,5.2296314,0.38679266
13008,0.67245144,0.42307812,0.66359156
13009,1.604269,5.3936915,0.448649
13010,0.38058412,0.06001224,1.0363041
13011,1.2931406,3.0471134,0.56496537
13012,0.7699043,0.6114238,0.7796982
13013,1.1572233,2.1755874,0.6849981
13014,0.38427424,0.058391757,1.2871
13015,1.3141066,3.0439594,0.73419553
13016,0.7743509,0.5867444,1.0030425
13017,0.48535594,0.12498117,1.2419143
13018,0.80325973,0.6665074,0.9389059
13019,0.5529608,0.19485684,1.1169161
13020,0.6592701,0.34848386,1.0647341
13021,0.5440668,0.1829445,1.2292432
13022,2.0114992,6.7216,0.61193454
13023,1.3725141,3.1806703,0.8525923
13024,0.66732746,0.32911235,1.2816386
13025,0.7067898,0.40051085,1.2115191
13026,0.6015719,0.23609732,1.2799569
13027,0.58259577,0.21351607,1.2690071
13028,0.5523305,0.17644784,1.4525143
13029,0.39303526,0.05647224,1.3614
13030,0.38352063,0.051963262,1.2614
13031,0.8942584,0.86304355,1.0751365
13032,0.61344874,0.25070098,1.272949
13033,0.8663081,0.7840421,1.0477527
13034,0.96696264,1.1165016,0.9856913
13035,0.8637103,0.77846205,1.0356911
13036,0.5329029,0.15854234,1.2961805
13037,0.59571946,0.22958015,1.2566792
13038,1.0000654,1.243828,0.9895699
13039,1.5679923,4.440421,0.7808197
13040,1.5210962,3.9891725,0.8560274
13041,1.5956403,4.364154,0.8909854
13042,0.86152935,0.6904054,1.3074164
13043,2.3216722,7.5365,0.772124
13044,1.2453909,2.04659,1.238016
13045,0.77947986,0.4629352,1.5795039
13046,2.0363135,6.721748,0.9427366
13047,1.5796602,3.7185752,1.2213746
13048,1.3314053,2.2949371,1.3997105
13049,0.4748803,0.08077633,2.414623
13050,0.70651364,0.30709836,1.9192747
13051,1.1786566,1.608895,1.463121
13052,1.3291825,2.295874,1.3710275
13053,1.8120273,5.0121565,1.1869491
13054,0.9627707,0.8165865,1.7626686
13055,1.1894982,1.5991822,1.538677
13056,0.23992634,0.008067832,0.8015999
13057,0.37765273,0.03578677,1.8011999
13058,0.5468244,0.12337042,2.7835348
13059,0.44359365,0.061696537,2.2495
13060,0.3553586,0.029517552,1.542
13061,0.5141289,0.10122803,2.5924
13062,1.2607329,1.885037,1.655168
13063,1.2547415,1.8516208,1.6480904
13064,2.0805259,6.4720054,1.2684153
13065,1.5515248,3.1913712,1.6442689
13066,0.93455034,0.67658204,2.2399893
13067,1.478064,2.7679548,1.7471405
13068,1.5814078,3.283846,1.7101499
13069,1.344376,2.0594416,1.9003196
13070,1.6210294,3.440019,1.717642
13071,1.2436612,1.6027167,2.0129552
13072,1.0820485,1.0450636,2.1070666
13073,1.1849192,1.4010024,1.9425505
13074,1.5144087,2.872575,1.6851166
13075,1.6147957,3.3684907,1.6561437
13076,1.0480907,0.9359364,2.1028883
13077,1.5636151,3.0836327,1.6586348
13078,1.7663707,4.127486,1.5903995
13079,1.73069,3.8552487,1.6798333
13080,0.7101232,0.24850444,2.8010743
13081,0.9282772,0.6101451,2.361761
13082,0.94092345,0.64762986,2.2210186
13083,0.87919986,0.524268,2.2692974
13084,0.5662591,0.123263136,2.643515
13085,1.0527878,0.96457785,1.878773
13086,1.4973793,2.7784944,1.5247191
13087,0.9183752,0.62457174,1.968637
13088,0.97166705,0.7610842,1.8315727
13089,0.8579516,0.51490974,1.8751093
13090,0.61080456,0.16934451,2.1097043
13091,1.0284978,0.95208436,1.5690814
13092,0.5395379,0.114799954,2.0851269
13093,0.6142093,0.17884894,1.9279134
13094,0.68763655,0.26328674,1.8057748
13095,0.8890792,0.6238903,1.5194063
13096,0.64048356,0.21417384,1.7242223
13097,1.1919215,1.61354,1.2130835
13098,1.2149583,1.715208,1.1991503
13099,1.0437596,1.0810028,1.2943456
13100,0.5983182,0.17634314,1.6913309
13101,1.1953273,1.6732564,1.1490426
13102,0.4743542,0.082605086,1.8052742
13103,0.29531464,0.016969413,2.1139
13104,0.48138636,0.08796153,1.7260453
13105,0.24206226,0.008911445,1.4675
13106,0.27486807,0.013719106,1.8589
13107,0.33303055,0.026341531,1.800447
13108,0.25750625,0.011260007,1.6745
13109,0.48071432,0.091988005,1.3640759
13110,0.556504,0.15220548,1.2210395
13111,1.0812039,1.3428812,0.85431886
13112,1.123229,1.5164667,0.8420586
13113,0.89136547,0.73829377,0.9518665
13114,0.29086128,0.017964523,1.6171122
13115,0.27298984,0.014675033,1.5885739
13116,0.60087603,0.20346318,1.2122512
13117,0.31730226,0.024233151,1.635308
13118,0.28922763,0.017710127,1.7239
13119,0.2853154,0.017079294,1.6920002
13120,0.2383872,0.009206618,0.7713001
13121,0.39770916,0.050485827,1.8464749
13122,1.3768138,2.785632,0.9660047
13123,0.9756748,0.9813697,1.1895169
13124,1.044551,1.2257159,1.1354303
13125,0.41397825,0.058260463,1.7718345
13126,1.3040949,2.4118237,0.9607323
13127,1.1464037,1.6417834,1.0525123
13128,1.170726,1.7502012,1.0474964
13129,0.72391695,0.37818515,1.3403928
13130,0.4617919,0.08548952,1.6158174
13131,0.4331917,0.06949224,1.6440831
13132,0.24461943,0.010320877,0.8994
13133,0.5133275,0.123442106,1.5198454
13134,0.9424432,0.92586005,1.0836246
13135,0.9164062,0.8534286,1.0866787
13136,0.7820811,0.5149321,1.1603744
13137,0.4982996,0.116462134,1.413844
13138,0.78033173,0.52285177,1.0928324
13139,0.89192456,0.81580347,1.0017537
13140,1.0212263,1.2622998,0.9253768
13141,0.7679927,0.5090135,1.0672603
13142,0.7748664,0.5300608,1.0411507
13143,0.61578816,0.25095016,1.1437951
13144,0.73491013,0.4560427,1.0192329
13145,0.8872369,0.85030997,0.90946037
13146,0.9666339,1.12461,0.8639698
13147,0.8867814,0.8609608,0.9013203
13148,0.39699274,0.060685273,1.3264806
13149,1.0688163,1.5669477,0.78380597
13150,0.5676011,0.20293687,1.0860733
13151,0.7631791,0.5465496,0.91258883
13152,0.82669795,0.7161156,0.8634418
13153,0.35702756,0.044482265,1.289797
13154,0.2655717,0.01668,1.4330724
13155,0.17749286,0.0043743867,0.44810006
13156,0.19532207,0.0059481612,0.5479
13157,0.2385814,0.011637657,1.1807
13158,0.2651199,0.016609812,1.4876
13159,0.21533905,0.008350521,0.83510005
13160,0.5829373,0.23457992,0.95424163
13161,0.29785186,0.02511713,1.2930049
13162,0.36855,0.051616423,1.1305354
13163,0.36813262,0.051906858,1.0956485
13164,0.4875303,0.13415469,0.9259483
13165,0.3067093,0.028756207,1.132421
13166,0.55885506,0.21494058,0.8370534
13167,0.4830049,0.13362168,0.8812977
13168,0.30936477,0.03041421,1.0702372
13169,0.25101933,0.015243706,1.1483096
13170,0.26722962,0.018926589,1.0776668
13171,0.3313258,0.038724057,1.0129427
13172,0.19517884,0.006659104,0.5041
13173,0.2158848,0.0090946555,0.45390007
13174,0.36616266,0.053240836,1.1375228
13175,0.3403681,0.042001873,1.1444312
13176,0.48697603,0.14022811,0.932173
13177,0.37948665,0.06145266,1.0297525
13178,0.3882744,0.066877216,0.9912104
13179,0.28472066,0.02387964,1.1231116
13180,0.25929096,0.01757841,1.0996
13181,0.36600137,0.05602467,0.9352913
13182,0.31464544,0.03405511,0.9819792
13183,0.34563196,0.04695632,0.9154501
13184,0.5118028,0.17547148,0.7475459
13185,0.3824309,0.06690799,0.8480441
13186,0.45791358,0.12325162,0.7587864
13187,0.22213802,0.011072835,0.6702
13188,0.37128904,0.06159078,0.84720594
13189,0.44064617,0.110101916,0.76155955
13190,0.2747356,0.022874467,0.94187194
13191,0.26625735,0.020729894,0.93196875
13192,0.39456284,0.0777539,0.7491512
13193,0.30857462,0.034456365,0.82884777
13194,0.27015582,0.022246715,0.86463386
13195,0.36491817,0.061210148,0.7289168
13196,0.3945078,0.0801071,0.68784505
13197,0.33016253,0.04453954,0.7374499
13198,0.37065575,0.06601101,0.68849427
13199,0.28667617,0.028182589,0.7669658
13200,0.3121616,0.037727598,0.72005785
13201,0.2911549,0.030106824,0.73045385
13202,0.34078008,0.051253617,0.6685072
13203,0.38871622,0.0802271,0.6152447
13204,0.2819609,0.027647814,0.709177
13205,0.22118054,0.0123644415,0.7529
13206,0.28427616,0.028617557,0.7013965
13207,0.25708023,0.020585228,0.72270864
13208,0.2600271,0.021447932,0.7195339
13209,0.39673403,0.08654314,0.67135465
13210,0.35410956,0.05960779,0.6991218
13211,0.4440561,0.1278795,0.61455417
13212,0.47795343,0.16474828,0.5846664
13213,0.3366825,0.05150678,0.6872375
13214,0.2428269,0.017386379,0.7629
13215,0.37164602,0.07247658,0.63089126
13216,0.44746843,0.13574927,0.56677496
13217,0.39718476,0.09189481,0.59407014
13218,0.33421293,0.051985167,0.6381285
13219,0.25599092,0.021458635,0.7161082
13220,0.20806247,0.010787155,0.34
13221,0.21197279,0.01134059,0.21419999
13222,0.22754075,0.0141536025,0.23480001
13223,0.39113858,0.08444405,0.8316434
13224,0.42085433,0.107872374,0.79260206
13225,0.30568036,0.037076928,0.90909994
13226,0.40448257,0.094420105,0.79312915
13227,0.34587142,0.05602052,0.8467893
13228,0.32928145,0.047577415,0.85447466
13229,0.3002918,0.03500047,0.87987083
13230,0.35672876,0.062024895,0.8201007
13231,0.3041634,0.036246456,0.8412
13232,0.2706462,0.024492618,0.46460003
13233,0.3435696,0.05355161,0.92920256
13234,0.29475006,0.03201486,0.594
13235,0.37928048,0.07417915,0.8635622
13236,0.3403221,0.051617514,0.89665514
13237,0.38618213,0.07874737,0.8290806
13238,0.313794,0.039375886,0.8643
13239,0.1892,0.019948693,0.18920001
13240,0.1546,0.028139051,0.15459996
13241,0.2534,0.030151282,0.2534
13242,0.3517937,0.054266218,0.8293
13243,0.6912243,0.5002698,0.85148513
13244,0.54145366,0.22223295,0.87951314
13245,0.39204037,0.07566777,0.95992297
13246,0.33013988,0.04263792,0.4596
13247,0.42151394,0.09546276,0.9078823
13248,0.49553943,0.16452551,0.77649355
13249,0.50330055,0.17420967,0.72794384
13250,0.4117256,0.089588605,0.7680961
13251,0.32577395,0.041155387,0.4009
13252,0.1814,0.036114674,0.18139997
13253,0.3677762,0.060870193,0.5997
13254,0.47601202,0.1450839,0.68040967
13255,0.4368799,0.10923099,0.69779104
13256,0.45855632,0.12952963,0.63949287
13257,0.3923385,0.07758264,0.6567754
13258,0.4985871,0.17381908,0.5634312
13259,0.3759546,0.06828634,0.62416625
13260,0.35871038,0.058783267,0.5937
13261,0.42306134,0.1027259,0.55091476
13262,0.42424473,0.10450386,0.53473246
13263,0.56630886,0.27172452,0.5012371
13264,0.51088643,0.19487883,0.5034971
13265,0.60137254,0.33825883,0.4455346
13266,0.6576919,0.45872873,0.4132862
13267,0.393584,0.08378431,0.5246925
13268,0.54128426,0.24444112,0.43412566
13269,0.46818575,0.15202291,0.45756704
13270,0.38857627,0.08172114,0.5131078
13271,0.44321674,0.12714821,0.48246345
13272,0.3122,0.051697116,0.3122
13273,0.3879,0.093341134,0.3879
13274,0.4272468,0.11315433,0.5204457
13275,0.44927812,0.13773948,0.43356264
13276,0.40641648,0.100791335,0.40484947
13277,0.5815824,0.3375168,0.31477574
13278,0.5004839,0.20868139,0.31480315
13279,0.3935233,0.095049046,0.3345724
13280,0.6116197,0.4134352,0.27276978
13281,0.74649966,0.80727106,0.22935203
13282,0.41460484,0.117132194,0.2947207
13283,0.44629338,0.15147275,0.27506223
13284,0.5059308,0.23331337,0.24590388
13285,0.4401513,0.14872238,0.253709
13286,0.6338214,0.4906555,0.24789211
13287,0.59436363,0.39878708,0.27435434
13288,0.65883726,0.61285275,0.20997566
13289,0.7703806,1.0725338,0.16286722
13290,0.632191,0.5846313,0.15925269
13291,1.2675643,3.9492998,0.101182595
13292,1.0150028,2.5838947,0.11464345
13293,1.0960618,3.186898,0.11047454
13294,0.812609,1.2833049,0.13288023
13295,0.5826608,0.43973657,0.15667285
13296,0.41980875,0.14987206,0.18132031
13297,0.4165,0.1599241,0.21144356
13298,0.4308146,0.16510485,0.19002785
13299,0.7072429,0.86394835,0.13564157
13300,0.87364364,1.7048308,0.11572212
13301,0.59698325,0.506435,0.13827667
13302,0.61567163,0.5674824,0.13177021
13303,0.5728446,0.45301774,0.1334154
13304,0.42101207,0.16510457,0.15271248
13305,0.9272582,2.096248,0.11488099
13306,0.99012065,2.5485644,0.107395485
13307,0.62001497,0.585738,0.13558201
13308,0.8381784,1.552975,0.11215306
13309,0.5463987,0.39217946,0.13879272
13310,0.629209,0.63000655,0.12608199
13311,0.49066293,0.2803665,0.14095172
13312,0.6649766,0.76790464,0.11863151
13313,0.8404985,1.6202775,0.10481237
13314,0.72251594,1.0041052,0.11537037
13315,0.55790234,0.43467376,0.13253999
13316,0.67731047,0.8238269,0.11951999
13317,1.3263577,4.5801,0.085083395
13318,0.8566107,1.6619904,0.11749919
13319,0.3721729,0.10901087,0.18453425
13320,0.39588314,0.13251238,0.19954704
13321,0.64720494,0.6778817,0.15260111
13322,0.39276427,0.13083866,0.19488859
13323,0.6716377,0.76740944,0.155387
13324,1.2288637,4.237,0.112729065
13325,0.5804968,0.46114644,0.17778726
13326,0.94608885,2.1772218,0.13703488
13327,0.6511447,0.66698676,0.17128028
13328,0.5206433,0.32137817,0.19165936
13329,0.53262675,0.3475055,0.19246544
13330,0.7132129,0.8922118,0.18467367
13331,0.63681346,0.6210343,0.1907962
13332,1.4744916,4.9101,0.121185414
13333,0.5538907,0.37770247,0.21910891
13334,0.6421637,0.6173847,0.20040168
13335,1.2730622,4.5291,0.14369169
13336,0.87840515,1.601064,0.1897047
13337,0.5225286,0.29758057,0.25213784
13338,0.87943065,1.6041971,0.19213934
13339,0.5326848,0.316554,0.25404295
13340,1.3704448,5.0003,0.15595554
13341,1.1169698,3.074027,0.19348912
13342,0.547152,0.32112065,0.29677677
13343,0.50015354,0.23965426,0.3099187
13344,0.40745038,0.12172422,0.34224388
13345,0.6648589,0.61784965,0.26770827
13346,0.41866833,0.13417456,0.34012875
13347,0.89872724,1.6037638,0.24879718
13348,0.42681178,0.1408295,0.37242258
13349,0.44943994,0.16411376,0.4199538
13350,0.45802885,0.16926536,0.51087976
13351,0.60391355,0.4304159,0.390699
13352,1.58897,5.0158,0.20729722
13353,0.79185486,1.0193827,0.29946724
13354,0.73175365,0.7937295,0.29960003
13355,1.1666517,3.2230122,0.27663273
13356,0.8266942,1.1446778,0.3009588
13357,1.2686876,4.055454,0.21919622
13358,0.63869286,0.48876193,0.3130485
13359,0.55424905,0.30731443,0.3352388
13360,0.555778,0.31428763,0.31345734
13361,0.54415697,0.29674533,0.29949632
13362,1.6558446,5.2797,0.16189525
13363,1.7242658,5.5226,0.17244016
13364,1.135838,2.7985635,0.23725286
13365,0.86892253,1.2299191,0.28430212
13366,0.41854405,0.111783125,0.41443637
13367,1.7879775,5.8046,0.20164885
13368,2.0266771,6.3411,0.2120446
13369,0.9076921,1.2715411,0.36775887
13370,1.5791736,5.6623,0.28028244
13371,0.69578326,0.51058745,0.48128098
13372,0.9694976,1.4861974,0.40512753
13373,0.44387805,0.1152788,0.6123808
13374,1.0499932,1.9011582,0.3910536
13375,1.6062024,5.7361794,0.3241083
13376,1.2233624,2.788911,0.42294586
13377,0.5215909,0.18261749,0.6851861
13378,0.99084276,1.4845787,0.48914176
13379,1.0509487,1.7727098,0.4845333
13380,1.5894035,5.2916226,0.4024231
13381,0.6897844,0.438762,0.6895921
13382,0.99638015,1.4185088,0.64181024
13383,0.7702384,0.62316793,0.7417221
13384,0.8893164,0.990109,0.71784955
13385,0.5754024,0.23741956,0.9185827
13386,1.1105256,1.9737113,0.64883405
13387,0.6567111,0.36684018,0.86899483
13388,1.7162476,5.976698,0.52605414
13389,1.796645,6.273125,0.58299893
13390,0.7522183,0.50865334,1.0341549
13391,0.8402874,0.7349148,0.96649677
13392,1.7962061,6.0415063,0.6507308
13393,1.3503954,2.9429677,0.8529125
13394,0.98637587,1.142766,1.0457371
13395,1.1344067,1.7621138,0.97242785
13396,1.315562,2.694259,0.9145835
13397,1.3243304,2.7091892,0.94550836
13398,0.75567967,0.47088873,1.2962818
13399,1.2972612,2.5466354,0.9652874
13400,0.7797222,0.5210687,1.2834412
13401,0.9248279,0.91433907,1.1513896
13402,0.5449378,0.16129225,1.4947934
13403,0.43634757,0.07586604,1.8525163
13404,1.3865787,3.063048,1.0057743
13405,0.89683896,0.8150159,1.3064338
13406,0.28428552,0.017957622,1.2792
13407,0.7856415,0.5241698,1.5648507
13408,1.2069032,2.0317616,1.2419
13409,0.58914185,0.20113131,1.791951
13410,1.0441563,1.3085253,1.3007082
13411,0.49949858,0.11678119,1.8550217
13412,0.4045526,0.057704017,2.0519106
13413,1.5174512,3.8109777,1.0193979
13414,1.2858496,2.3856716,1.17851
13415,0.5015007,0.114382595,1.9104061
13416,0.39878494,0.053495146,2.0488527
13417,0.3350938,0.030016823,1.7293
13418,0.45114696,0.08134206,1.8614333
13419,0.41708604,0.062316854,2.0018566
13420,0.6077056,0.2208573,1.6013236
13421,0.9201066,0.86745316,1.3007972
13422,1.5778925,4.1543627,0.97720534
13423,2.0173912,6.7467213,0.92272246
13424,0.79643947,0.494205,1.6752701
13425,1.54553,3.6706147,1.163891
13426,0.8707268,0.65201557,1.6291949
13427,1.1583049,1.6178029,1.3814942
13428,0.6978788,0.31817648,1.7681744
13429,0.52446616,0.123491466,2.020311
13430,1.0265739,1.1312982,1.4149845
13431,0.9580344,0.9104694,1.490105
13432,0.49871144,0.10545135,2.0997708
13433,0.45375997,0.077460825,2.1099524
13434,0.6776887,0.29837275,1.6670345
13435,0.7454045,0.4064189,1.7378074
13436,0.77137536,0.4586268,1.6614932
13437,0.74046975,0.40107283,1.7393836
13438,1.3850298,2.8265274,1.2496201
13439,1.266643,2.1611989,1.3609147
13440,1.0006785,1.0400147,1.6139841
13441,1.3257723,2.417044,1.5286614
13442,0.98072666,0.9523498,1.8112826
13443,0.97921705,0.93154573,2.063943
13444,1.024104,1.0637083,2.079032
13445,0.76033634,0.40101156,2.3670263
13446,1.2836232,2.1041532,1.810803
13447,1.2679362,1.9969944,1.85875
13448,0.6668226,0.2507349,2.4884253
13449,0.6874505,0.27754614,2.385433
13450,0.48279658,0.08512763,2.1702
13451,0.52572334,0.11244675,2.3106
13452,0.34108132,0.026234474,0.8011999
13453,0.60318494,0.17149498,2.1951
13454,1.775172,4.8052,1.3968283
13455,1.5649468,3.40686,1.402167
13456,1.7027519,4.1688247,1.2889913
13457,0.42050993,0.047892723,1.4077
13458,1.265785,1.7940731,1.4684311
13459,1.1327038,1.2670299,1.5961615
13460,0.9408449,0.7045259,1.6513035
13461,1.3414456,2.1527724,1.3445863
13462,0.6373771,0.19540149,1.8873715
13463,0.8832407,0.58389723,1.5153694
13464,0.72920007,0.3143059,1.5730861
13465,0.43093106,0.0548831,1.4901
13466,0.7105256,0.29543078,1.4349728
13467,0.43297896,0.057073474,1.5184
13468,0.5780018,0.15142429,1.4842669
13469,1.225006,1.7651936,0.9784312
13470,1.7728057,4.8089395,0.82984245
13471,1.5567765,3.3815362,0.95770276
13472,1.1616324,1.4244254,1.1561699
13473,1.0449096,1.0269445,1.2089047
13474,1.6121356,3.6645753,1.0484767
13475,1.5368999,3.1729503,1.1197284
13476,2.2416835,7.1668,0.9505914
13477,1.8269908,4.5890293,1.2036219
13478,1.7000135,3.759074,1.3319708
13479,0.67225707,0.20656082,2.1891963
13480,1.2362958,1.5213135,1.533645
13481,0.7311163,0.27963665,1.9549919
13482,1.0608776,0.95952827,1.5850853
13483,1.0370377,0.90267223,1.5602046
13484,1.3007065,1.845252,1.356673
13485,0.56388056,0.12225181,2.0364914
13486,0.8725845,0.53057986,1.5586625
13487,1.3599077,2.162245,1.2071825
13488,1.0691903,1.0373465,1.3762398
13489,1.1320275,1.2544159,1.3123558
13490,0.5605875,0.12602733,1.8252146
13491,0.3673931,0.031007139,1.9714
13492,0.28220737,0.012966268,1.1418
13493,0.29984865,0.01601297,1.3449
13494,0.30674192,0.017347215,1.3559
13495,0.56072634,0.13187703,1.5512751
13496,0.6234771,0.19073494,1.4135011
13497,0.7365129,0.33583632,1.2919832
13498,1.3030459,2.0866036,0.9414763
13499,0.6537512,0.22904375,1.3488213
13500,0.9159843,0.7070303,1.1020784
13501,0.46860045,0.07728068,1.5007619
13502,0.31337225,0.020326305,1.538
13503,0.8325652,0.5359672,1.0395256
13504,0.8674142,0.6211412,0.99799263
13505,0.8559262,0.60211235,0.9916362
13506,0.32057953,0.023058603,1.5708338
13507,0.5784178,0.16822916,1.1276189
13508,0.38447547,0.04331631,1.3572578
13509,0.6295855,0.22832237,1.0256082
13510,0.9368156,0.8540584,0.8193424
13511,0.7196653,0.36500442,0.92765945
13512,0.91079146,0.7989356,0.80749404
13513,0.75448483,0.43734276,0.87985426
13514,0.5728506,0.17757943,0.98992264
13515,0.50218666,0.11587583,1.0278964
13516,0.82536685,0.60994637,0.78061223
13517,0.521417,0.13474107,0.9687895
13518,0.239087,0.009951519,0.8989
13519,0.23120418,0.008800758,0.5587999
13520,0.33026925,0.028220527,1.2567
13521,0.57694036,0.18392286,1.2668746
13522,0.4746659,0.0964325,1.3896111
13523,0.4808429,0.10172047,1.3303407
13524,0.28456596,0.017744474,0.79099995
13525,0.2787342,0.01647144,0.5882
13526,0.7896501,0.53430176,1.0522512
13527,0.80823416,0.58215606,1.021627
13528,0.8664428,0.73679405,0.9707741
13529,0.34874028,0.03600739,1.4075
13530,0.5351332,0.15215887,1.170777
13531,0.68484914,0.34962904,1.0065323
13532,0.32599232,0.029581277,1.2521
13533,0.7194071,0.41887328,0.9289449
13534,0.61135167,0.24682449,0.98928976
13535,0.610918,0.24896368,0.96717125
13536,0.6495923,0.30866358,0.9175827
13537,0.50230354,0.13242921,1.021252
13538,0.5300774,0.16017745,0.96881825
13539,0.6299254,0.2876952,0.8683687
13540,0.60822594,0.2588713,0.867144
13541,0.33791828,0.03668259,1.1343143
13542,0.44270617,0.09134238,0.96356314
13543,0.39684382,0.063962795,0.9907449
13544,0.39675945,0.06448604,0.96639097
13545,0.33549818,0.03712116,1.0214745
13546,0.27790967,0.019480972,0.6996
13547,0.64707696,0.3280851,0.8577725
13548,0.49193597,0.13284671,0.96730834
13549,0.5147451,0.15593454,0.923993
13550,0.55379075,0.2008338,0.87199163
13551,0.42934707,0.086600415,0.9692125
13552,0.35315627,0.04540906,1.0403688
13553,0.5240307,0.17120917,0.83400244
13554,0.3303234,0.036916725,1.0258307
13555,0.33287296,0.03814188,0.99438643
13556,0.5142579,0.16346706,0.81918925
13557,0.29805169,0.026606105,0.9559
13558,0.45699888,0.111850515,0.8307383
13559,0.33744556,0.040898748,0.94453895
13560,0.24734785,0.014558004,0.38570002
13561,0.2861427,0.023090376,0.47099996
13562,0.28576684,0.023002395,0.4611
13563,0.36887944,0.052826617,0.9671
13564,0.33682317,0.038897794,0.6497
13565,0.35822168,0.047765244,0.8425
13566,0.3975861,0.06787302,1.1289606
13567,0.45600143,0.10649113,1.1014214
13568,0.40800652,0.073748015,1.098199
13569,0.43851194,0.09439368,1.0006459
13570,0.34780928,0.043740097,0.6809
13571,0.37869298,0.057482492,0.7576
13572,0.6442156,0.33795807,0.8447031
13573,0.3433936,0.04184393,0.3912
13574,0.49131265,0.1371144,0.9457579
13575,0.5398741,0.19125748,0.780809
13576,0.471618,0.12372842,0.7522318
13577,0.45922363,0.10937403,0.5433
13578,0.911611,1.0899243,0.8031958
13579,0.7496444,0.7686181,0.7102004
13580,0.69346774,0.68214744,0.6418503
13581,0.5064406,0.24714716,0.67337286
13582,0.5389036,0.3019353,0.56876725
13583,0.3426,0.07636159,0.3426
13584,0.36682487,0.082936496,0.3899
13585,0.50936776,0.24243873,0.51657605
13586,0.464935,0.18378778,0.45445576
13587,0.48677406,0.21800521,0.3841458
13588,0.41228417,0.12676376,0.38214207
13589,0.57292676,0.37617126,0.33516935
13590,0.5743315,0.38996613,0.28807035
13591,0.6280793,0.5339438,0.2461021
13592,0.78655344,1.1203862,0.20301045
13593,0.63110244,0.55387926,0.2175683
13594,0.5977117,0.46801576,0.2147594
13595,0.4667225,0.20836085,0.23550312
13596,0.5676134,0.4009675,0.21141642
13597,0.48799098,0.2451646,0.22294213
13598,0.4456975,0.18278068,0.22907794
13599,0.42484468,0.15634862,0.23700267
13600,0.5440725,0.35160118,0.23252298
13601,0.5555452,0.37540108,0.24657515
13602,0.5645909,0.4189566,0.20371528
13603,0.5670849,0.44049272,0.17711423
13604,0.5477097,0.40374544,0.16100188
13605,0.4056,0.17282674,0.17594397
13606,0.3901,0.22482373,0.18201469
13607,0.4831092,0.2858093,0.15137938
13608,0.5999186,0.61119825,0.11642712
13609,0.4951476,0.33556175,0.11518925
13610,0.64197344,0.8045335,0.09285453
13611,0.4856837,0.32800978,0.10153017
13612,0.4815161,0.32411435,0.09726036
13613,0.4061,0.21038811,0.10348801
13614,0.49591887,0.36536524,0.09285766
13615,0.7974709,1.7055643,0.070058875
13616,0.6778503,1.0247799,0.07583057
13617,0.5275361,0.45703223,0.08519588
13618,0.6732893,1.0179744,0.07390807
13619,0.610978,0.74757665,0.077580325
13620,0.51388943,0.4271941,0.08439362
13621,0.55844474,0.56526154,0.080244586
13622,0.50239176,0.40191433,0.0844155
13623,0.44778478,0.27670917,0.08903584
13624,0.0017999979,0.0018000014,0.0018000049
13625,0.009499997,0.009500004,0.0095
13626,0.13109998,0.13109998,0.11179849
13627,0.4077,0.31832242,0.09159052
13628,0.5672057,0.68575245,0.07211276
13629,0.583675,0.772179,0.065166794
13630,0.45717537,0.3537106,0.06941635
13631,0.3795,0.31638086,0.073068514
13632,0.1791,0.1791,0.06999891
13633,0.478977,0.43248442,0.060174283
13634,0.55562073,0.7072872,0.056933258
13635,0.4679796,0.41301018,0.05786648
13636,0.258,0.258,0.06221962
13637,0.5747396,0.756,0.062440403
13638,0.71356577,1.657,0.04608085
13639,0.5533595,0.8736248,0.045956522
13640,0.3,0.3,0.04665441
13641,0.21379998,0.2138,0.049007535
13642,0.5787664,1.1173002,0.037108462
13643,0.7208018,1.9284999,0.030154096
13644,0.2252,0.2252,0.03839927
13645,0.1738,0.17380002,0.042642724
13646,0.4779,0.4779,0.037165433
13647,0.3274,0.3274,0.033883434
13648,0.5972567,1.3266,0.026525836
13649,0.7517603,2.157,0.022527087
13650,0.7384465,2.1818,0.022717258
13651,0.47369793,0.70335305,0.028999813
13652,0.7672999,2.4238,0.022584163
13653,0.6465559,1.8336592,0.025721129
13654,0.88116556,2.9948,0.022733053
13655,0.69874424,2.2086422,0.027361497
13656,0.57268465,1.170611,0.031881593
13657,0.40338588,0.37193993,0.039377876
13658,0.42850596,0.44325358,0.04375986
13659,0.7191187,2.27458,0.033345893
13660,0.7870461,2.6787,0.03319742
13661,0.5256063,0.81245303,0.043157406
13662,0.47221112,0.5697029,0.046296466
13663,0.2569,0.23179212,0.054847576
13664,0.8563895,2.882,0.039409257
13665,0.60337526,1.1772364,0.04921822
13666,0.64692897,1.4479057,0.048127897
13667,0.6540426,1.4754901,0.049075354
13668,0.47061408,0.50352085,0.061844468
13669,1.854117,4.949,0.044340063
13670,1.259536,3.918,0.052552152
13671,0.82578325,2.6891,0.064418845
13672,0.704858,1.678117,0.06919172
13673,0.5749947,0.86892056,0.076235555
13674,0.58577466,0.9140607,0.07480094
13675,0.70780987,1.6407398,0.06802315
13676,0.5857319,0.8880995,0.07684206
13677,0.870231,2.9408116,0.0636049
13678,0.44763726,0.35283408,0.09525426
13679,0.34954718,0.15461051,0.109166294
13680,0.3801454,0.20202352,0.10988833
13681,0.97444,3.6519,0.068099946
13682,1.0398016,3.941,0.071644664
13683,0.40002894,0.21602003,0.12800409
13684,0.4077297,0.22586738,0.1405364
13685,0.70525545,1.3340405,0.10589923
13686,0.37345353,0.16526005,0.1496468
13687,0.45818734,0.31540552,0.16081503
13688,1.1324663,3.8552,0.10212322
13689,0.42606574,0.23505233,0.17028253
13690,1.720905,5.058,0.095255315
13691,1.0271826,3.5102,0.12272111
13692,1.1861492,4.0849,0.113102466
13693,0.42008826,0.19659686,0.19919509
13694,0.7242583,1.1660333,0.14747922
13695,0.81024015,1.6438938,0.13836697
13696,0.7420916,1.2099842,0.17181627
13697,1.4190415,4.6637,0.1152945
13698,0.6094433,0.6167294,0.18598488
13699,0.41568086,0.17469242,0.21916503
13700,0.4566255,0.23135585,0.2559998
13701,0.46579996,0.4658,0.35026294
13702,0.3752,0.3752,0.3752
13703,0.78475136,1.4142402,0.5021347
13704,1.227253,4.3028626,0.57568073
13705,1.5138073,5.3367,0.6364224
13706,1.8577543,6.2061,0.61324984
13707,0.95390373,1.395429,0.94346094
13708,0.9395929,1.2674315,1.1207246
13709,1.6469206,5.4739,0.90709925
13710,1.3782724,3.46254,0.9705479
13711,1.2763764,2.7111282,0.96576595
13712,0.53483844,0.16447695,1.4494066
13713,0.4493497,0.09198291,1.4800677
13714,0.8714605,0.82677376,1.0063937
13715,0.7855696,0.5915487,1.0267985
13716,0.3426762,0.037481856,0.8226
13717,0.5378827,0.16865146,1.219022
13718,1.1668344,2.0484803,0.85388964
13719,1.4427402,3.6770194,0.7548424
13720,1.6284354,4.836072,0.7366093
13721,1.5981772,4.4684825,0.8014167
13722,0.4919091,0.109658465,1.5437124
13723,0.40862927,0.059376966,1.5574
13724,0.53387845,0.146332,1.3524202
13725,0.56877476,0.18243174,1.2624038
13726,0.4397941,0.07789837,1.3825825
13727,0.3838785,0.0498127,1.4200628
13728,1.4670633,3.6156626,0.70626086
13729,1.4675953,3.5410378,0.75083727
13730,2.0347245,7.0715,0.6720184
13731,0.640064,0.24513711,1.3889583
13732,0.86907023,0.67809093,1.1812483
13733,1.0684786,1.3218596,1.0461862
13734,0.69708353,0.33283937,1.2916306
13735,0.41344827,0.058777682,1.6150466
13736,1.4379861,3.202843,0.83552223
13737,1.0375228,1.2118257,1.0345657
13738,0.5458161,0.14839436,1.4149189
13739,0.2642267,0.01322917,0.7720999
13740,0.56711054,0.1653864,1.6971561
13741,1.605504,4.1892715,0.9689458
13742,0.4299896,0.06377463,1.9523
13743,0.4897287,0.09922173,1.786177
13744,0.37747684,0.040964324,1.2497
13745,0.40386182,0.050337803,1.1467
13746,0.70653576,0.3199034,2.0517159
13747,1.4420384,3.0577464,1.1639264
13748,2.2780073,6.6291,0.85065013
13749,0.7280205,0.33787438,1.5688123
13750,1.4987707,3.2520695,1.0019726
13751,1.5096278,3.2683232,1.006165
13752,0.8527126,0.5589718,1.3658386
13753,0.62124234,0.19790752,1.529375
13754,1.9954056,6.291158,0.8157007
13755,0.4326157,0.056258094,1.6571
13756,0.9804459,0.86088353,1.235601
13757,1.3557161,2.356366,1.0261586
13758,1.4567387,2.8702989,1.0072914
13759,0.4793942,0.07970858,1.7950076
13760,0.4080593,0.04690551,1.6491
13761,0.4150401,0.050179236,1.7196999
13762,0.5494444,0.12892678,1.5520781
13763,1.8202332,5.0906076,0.8690428
13764,1.9038349,5.4473267,0.9238813
13765,1.7359161,4.2732506,1.0630423
13766,1.029301,0.91997725,1.4710282
13767,0.93598497,0.684417,1.5033288
13768,1.5102259,2.9719694,1.1481452
13769,0.79233944,0.3965757,1.6320881
13770,0.8185837,0.4475257,1.560854
13771,0.5699937,0.13313988,2.0895178
13772,0.33665046,0.023046603,1.0426
13773,0.37069908,0.03137773,1.0588
13774,0.5130782,0.09363999,2.0669
13775,0.8346932,0.4800803,1.7023482
13776,0.35950533,0.028854014,0.8246
13777,0.49170342,0.08304498,1.8385
13778,0.72096664,0.30243838,1.6302699
13779,0.53583366,0.113535255,1.801894
13780,0.52272284,0.105426796,1.7579092
13781,0.63271123,0.20193462,1.5227684
13782,0.5986639,0.16817111,1.6129063
13783,1.0009819,0.91784334,1.2916148
13784,0.6543865,0.23047142,1.4183868
13785,1.0818933,1.2138395,1.0171409
13786,1.9131619,5.8455815,0.7036395
13787,1.072001,1.1425742,1.0051126
13788,1.366922,2.4175684,0.85651326
13789,1.3389609,2.267374,0.8701307
13790,0.5520214,0.12868764,1.3717351
13791,2.407912,7.0308,0.6195232
13792,2.1428163,6.7639,0.75129867
13793,1.6666238,3.7678976,0.96869606
13794,2.0987337,6.222211,0.90415704
13795,1.9824418,5.3460655,1.0398868
13796,1.8262666,4.3115683,1.1829923
13797,1.5037344,2.5405147,1.3849926
13798,1.1013218,0.98576117,1.6380008
13799,1.1714358,1.2133967,1.5438074
13800,0.67741984,0.20427546,1.9726844
13801,0.41672027,0.040722676,2.1038
13802,0.5187572,0.08595618,2.0105395
13803,0.57177323,0.12092311,1.8117715
13804,0.79637766,0.37099183,1.4736472
13805,1.650283,3.5104501,0.98746145
13806,0.98628587,0.7463105,1.3689858
13807,0.8024063,0.3846388,1.48485
13808,1.6862162,3.7310886,0.9866391
13809,1.644841,3.4474485,1.0532978
13810,1.3330503,1.8994981,1.224357
13811,0.5353556,0.09727721,2.0420227
13812,0.81706166,0.40520406,1.5742216
13813,0.61553055,0.16022193,1.7444979
13814,0.96483135,0.7185738,1.3659838
13815,1.2998332,1.8486888,1.1466063
13816,0.63643885,0.18486682,1.6373965
13817,0.3004642,0.015154455,1.4197
13818,0.24746554,0.007976523,0.7807
13819,0.5057303,0.087210834,1.8079588
13820,0.7363691,0.30914977,1.4882952
13821,0.8119956,0.43250248,1.4048969
13822,1.1553025,1.3608516,1.1720414
13823,0.70983005,0.28238913,1.480961
13824,0.9142275,0.65485835,1.3434062
13825,1.3223426,2.0962815,1.0882629
13826,1.1392924,1.3337089,1.2102863
13827,1.4877874,2.9291372,1.0500492
13828,0.66217244,0.2271028,1.6207114
13829,0.38646615,0.037957996,2.0071855
13830,1.4760362,2.8980525,0.98435247
13831,1.1992204,1.5766487,1.1316729
13832,1.1160762,1.2701836,1.1730247
13833,0.69650674,0.27691987,1.4675828
13834,1.3372961,2.2057588,1.1462216
13835,1.2611547,1.8530204,1.1976657
13836,1.1060115,1.2439338,1.2850417
13837,1.3068937,2.0738914,1.1692408
13838,0.63516724,0.20500495,1.6848507
13839,1.0220101,0.9902108,1.2777674
13840,1.3327988,2.238452,1.1012596
13841,1.3044823,2.0976834,1.1313982
13842,0.38109753,0.037798453,2.0894845
13843,0.5163899,0.10536172,1.7724601
13844,0.9225333,0.7310855,1.2718022
13845,0.8009729,0.4669096,1.3326468
13846,1.3747517,2.5252242,1.0001565
13847,0.4361121,0.061792143,1.8009554
13848,0.60042185,0.18262975,1.4668982
13849,0.80040634,0.48057523,1.2335508
13850,0.6223206,0.21160026,1.3584857
13851,0.52561843,0.1220575,1.4214491
13852,0.30601558,0.020194532,1.7687792
13853,0.25486267,0.01105817,1.327
13854,0.32912558,0.025923824,1.7033929
13855,0.36757964,0.03788621,1.5500407
13856,1.0195261,1.1187329,0.8988531
13857,0.9945808,1.0430232,0.90689576
13858,0.35333765,0.034164548,1.496661
13859,0.21528383,0.006523072,0.616
13860,0.31509188,0.02336352,1.6250194
13861,0.83776575,0.61379766,0.9719066
13862,0.9469604,0.92187726,0.8991638
13863,0.9471341,0.9309947,0.8922397
13864,1.0045227,1.1312407,0.86004573
13865,0.6519754,0.27941513,1.0643563
13866,0.24089526,0.010127994,1.1006
13867,0.26055178,0.013208767,1.3086
13868,0.45521438,0.08444474,1.3717122
13869,0.7918648,0.5378873,1.0177685
13870,0.82835364,0.6302128,0.9774778
13871,0.8758287,0.7626156,0.9398203
13872,0.60048616,0.22241884,1.1198856
13873,0.5946571,0.21799104,1.0938572
13874,0.6400481,0.281901,1.0261618
13875,0.78967,0.57041526,0.90239316
13876,0.7192007,0.42446226,0.9315275
13877,0.7611833,0.5174457,0.8888436
13878,0.75109565,0.50089246,0.88103586
13879,0.78958774,0.5963671,0.84607106
13880,0.56904423,0.20428343,0.98274666
13881,0.37377268,0.050679553,1.1769326
13882,0.6644163,0.3492447,0.8584141
13883,0.3191714,0.03052495,1.2068249
13884,0.3417363,0.03868629,1.1320481
13885,0.405385,0.06917635,1.0083629
13886,0.5984009,0.25668544,0.8090948
13887,0.24130055,0.012464596,1.1945
13888,0.22466451,0.009883492,0.96930003
13889,0.18968603,0.0056423782,0.4133
13890,0.50481504,0.14817716,0.8725745
13891,0.52768004,0.17362013,0.8376773
13892,0.49910071,0.145796,0.8428244
13893,0.37079966,0.054545745,0.95382977
13894,0.60601294,0.2840102,0.72879815
13895,0.29574934,0.026126962,1.0202396
13896,0.45135567,0.1084006,0.8055458
13897,0.3902075,0.0671354,0.86102754
13898,0.24426894,0.014142191,1.0559081
13899,0.21598798,0.009440345,0.8036001
13900,0.21619143,0.009380289,0.617
13901,0.24991095,0.015298394,1.0799074
13902,0.260967,0.017797936,1.025471
13903,0.51319844,0.1720761,0.7148573
13904,0.4728736,0.13233471,0.73143095
13905,0.47844645,0.13903911,0.7136009
13906,0.25663528,0.017487196,0.9510095
13907,0.47629753,0.13932444,0.68319064
13908,0.254259,0.017245717,0.91364217
13909,0.29632965,0.028973196,0.8258284
13910,0.4944832,0.1618283,0.6266132
13911,0.29083258,0.027713574,0.80147344
13912,0.19805701,0.0077349353,0.49179998
13913,0.4282029,0.101294376,0.6852683
13914,0.25747603,0.018652808,0.86399466
13915,0.2055436,0.008847079,0.5092
13916,0.4048141,0.08517,0.69458157
13917,0.293721,0.029380383,0.798957
13918,0.29334968,0.029459666,0.7829035
13919,0.22487926,0.012204213,0.7554
13920,0.35087076,0.05431179,0.68657553
13921,0.19892932,0.008217379,0.38559997
13922,0.29365626,0.030315021,0.7290752
13923,0.42238986,0.10277489,0.60611075
13924,0.34655857,0.05322751,0.6819944
13925,0.36524877,0.063957594,0.65239763
13926,0.35378152,0.057960007,0.6512859
13927,0.31119668,0.03804575,0.681698
13928,0.44700396,0.122537576,0.7742994
13929,0.47985682,0.15602657,0.74091786
13930,0.23864028,0.015195053,0.36200002
13931,0.26539913,0.021381358,0.5225
13932,0.34082118,0.047833752,0.93700004
13933,0.46931952,0.13874075,0.9733147
13934,0.34457913,0.049311027,1.0195
13935,0.27714774,0.02375333,0.34359998
13936,0.5284358,0.2001753,1.016233
13937,0.45088488,0.11742354,1.0549784
13938,0.33289352,0.04247422,0.7251
13939,0.32675436,0.039777808,0.6852
13940,0.36888978,0.059543207,1.070452
13941,0.35616416,0.052948087,1.0025
13942,0.38520163,0.06742428,0.9979
13943,0.3620555,0.054755,0.8274
13944,0.48983237,0.14787649,1.0272038
13945,0.5280966,0.18901162,0.95884955
13946,0.46132857,0.12123954,0.91711944
13947,0.46819404,0.12830651,0.8360172
13948,0.42025584,0.09010032,0.8255007
13949,0.5001912,0.16203828,0.7266626
13950,0.40263453,0.07698125,0.6415
13951,0.36808124,0.057986308,0.39660004
13952,0.4416561,0.107208535,0.73484236
13953,0.6077607,0.31641868,0.55113906
13954,0.415292,0.09036026,0.6092407
13955,0.4883896,0.15721855,0.525736
13956,0.61348385,0.34027153,0.44052163
13957,0.40666607,0.08753782,0.51751935
13958,0.37781692,0.06921082,0.5126707
13959,0.39029223,0.07794106,0.4844383
13960,0.2682,0.06470562,0.2682
13961,0.3726,0.07385977,0.3726
13962,0.47911984,0.15726012,0.4186138
13963,0.4081322,0.09354428,0.42390487
13964,0.4263509,0.10975465,0.39187327
13965,0.38711205,0.08054334,0.39234886
13966,0.2908,0.10277752,0.2908
13967,0.6343398,0.41920307,0.3474765
13968,0.5946259,0.35958833,0.29501218
13969,0.5440203,0.27908915,0.26368105
13970,0.5478833,0.29468045,0.23299807
13971,0.45302263,0.16050468,0.2343441
13972,0.49025276,0.2131845,0.20948344
13973,0.5150278,0.2558155,0.19308557
13974,0.5743104,0.37312517,0.17467234
13975,0.6118368,0.4664931,0.16341364
13976,0.49706706,0.23776038,0.17677923
13977,0.62527114,0.51420355,0.15321271
13978,0.48337486,0.22205928,0.1715923
13979,0.4228517,0.14293776,0.18881476
13980,0.610942,0.48287383,0.16988204
13981,0.4590239,0.19153571,0.18238801
13982,0.42098042,0.14642793,0.17895152
13983,0.46241778,0.20364058,0.1621052
13984,0.09089999,0.0909,0.0909
13985,0.12930001,0.11176834,0.1293
13986,0.1849,0.117831096,0.1641694
13987,0.127,0.12409938,0.127
13988,0.62266546,0.5583571,0.13775332
13989,0.5327119,0.34646246,0.13275672
13990,0.6167959,0.57737386,0.112731114
13991,0.5687554,0.45239803,0.110270426
13992,0.45476943,0.22012219,0.11738526
13993,0.047199998,0.047200006,0.0472
13994,0.16689998,0.1669,0.12114917
13995,0.3887,0.21000697,0.10842944
13996,0.65973544,0.79590744,0.083207764
13997,0.44536546,0.22232597,0.097767055
13998,0.69954306,0.99309474,0.07464871
13999,0.76651543,1.3389289,0.07012043
14000,0.5127578,0.3661478,0.08588548
14001,0.5291829,0.41142702,0.08290017
14002,0.7402762,1.2327218,0.06884773
14003,0.54616404,0.4629141,0.08093475
14004,0.6908674,0.9978952,0.07323838
14005,0.7670413,1.3951439,0.06947439
14006,0.6134454,0.6835829,0.07886465
14007,0.61821824,0.7057404,0.07845056
14008,0.69366837,1.0281595,0.07406144
14009,0.53357756,0.43989003,0.0854876
14010,0.41928813,0.19924378,0.09775212
14011,0.58319694,0.5929486,0.08580581
14012,0.41590223,0.19577432,0.10126635
14013,0.59665734,0.6318699,0.10050759
14014,0.83287144,1.8569012,0.07856966
14015,0.8646303,2.0841186,0.07512652
14016,0.64711285,0.8390588,0.08743861
14017,0.81848013,1.7474984,0.08464945
14018,0.5763066,0.57794005,0.096115105
14019,0.4766583,0.3149635,0.1001447
14020,0.5324289,0.45993093,0.091752544
14021,0.55321395,0.52900773,0.08650331
14022,0.56205726,0.56308824,0.08409336
14023,0.94298065,2.8441734,0.0629802
14024,0.66591,0.96691096,0.077988565
14025,0.8719603,2.2341027,0.06782007
14026,0.5674304,0.5710121,0.08717675
14027,0.4053,0.20839052,0.1173839
14028,0.49848318,0.3736252,0.101324715
14029,0.68881893,1.083947,0.08214819
14030,0.804909,1.7706858,0.07455534
14031,0.43964273,0.2505671,0.101902895
14032,0.2229,0.14826705,0.10796442
14033,0.5644081,0.57356143,0.091917224
14034,0.1746,0.15274939,0.10939933
14035,0.5286926,0.4473569,0.12628227
14036,0.97566235,2.7893,0.07543539
14037,1.2610543,3.7782,0.05908516
14038,0.98687506,3.0989,0.06409382
14039,0.6037787,0.7973221,0.08092216
14040,1.0535693,3.4539,0.05822248
14041,0.50244206,0.4319301,0.087895684
14042,0.68091047,1.1637095,0.07367076
14043,1.0199001,3.4997,0.05992182
14044,0.8861575,2.5194597,0.06840127
14045,0.58145076,0.66623926,0.088502936
14046,0.718507,1.3132006,0.07964018
14047,0.7125846,1.2716187,0.082175344
14048,0.48738772,0.37036413,0.10162022
14049,0.41677532,0.21773879,0.122903295
14050,1.3172718,4.4112,0.066819765
14051,1.3008925,4.4616,0.072743826
14052,1.1000049,3.9968002,0.08667164
14053,0.42922017,0.21250957,0.15253602
14054,1.004005,3.0946867,0.107232906
14055,0.43028498,0.20626391,0.17326413
14056,0.44587567,0.23312303,0.16779514
14057,0.44538096,0.23318252,0.16608627
14058,0.7507456,1.2780325,0.12781096
14059,0.63927716,0.7612082,0.1410616
14060,0.970982,2.751195,0.114742704
14061,1.125025,4.015275,0.11255465
14062,0.5325562,0.3911226,0.18024147
14063,1.1889848,4.3463,0.13367781
14064,1.1419626,3.8339164,0.15237004
14065,0.94358045,2.1694894,0.18095568
14066,1.304297,4.8266,0.15906435
14067,0.48150167,0.2343764,0.29357228
14068,0.3476083,0.07934132,0.3440326
14069,0.46077245,0.19933926,0.33920774
14070,0.48367816,0.2347268,0.32193536
14071,0.7662967,1.0587242,0.24981757
14072,0.58297426,0.43446034,0.28793266
14073,0.87737554,1.6113858,0.2321634
14074,0.7611298,1.0223308,0.25555933
14075,0.6212435,0.5249751,0.29858735
14076,0.6736728,0.683382,0.28667596
14077,0.917777,1.8083781,0.24645236
14078,1.3479829,5.0552,0.20840128
14079,0.37241024,0.08913073,0.4469982
14080,1.108208,2.9230075,0.2686141
14081,0.50298184,0.23440038,0.42439282
14082,0.49930298,0.22914669,0.42276463
14083,1.2738241,4.1348333,0.2666198
14084,1.5796461,5.7601,0.260543
14085,2.0291862,6.7137,0.2597734
14086,0.4054947,0.095555484,0.6871112
14087,0.54363793,0.25417003,0.59452116
14088,0.3728453,0.07243729,0.7144492
14089,0.37389722,0.07328827,0.7034691
14090,0.37455752,0.07390961,0.69325364
14091,0.30424383,0.03690857,0.6679
14092,0.6428016,0.44472885,0.5394032
14093,0.4156063,0.104446,0.67912644
14094,1.9906585,6.0972,0.43434548
14095,0.5600573,0.2518548,0.8531128
14096,0.669687,0.45538583,0.724067
14097,1.195539,2.783669,0.5139333
14098,0.501363,0.170166,0.8195626
14099,1.8375908,6.0566,0.4254025
14100,2.0200977,6.5003,0.44734478
14101,2.040748,6.6636,0.5030072
14102,1.3346208,3.1191313,0.7161627
14103,1.5660334,4.5918217,0.6924765
14104,1.1359317,1.8505026,0.88852614
14105,1.2258852,2.294151,0.89285284
14106,1.2551556,2.4267135,0.90680665
14107,1.163014,1.9175881,0.97203964
14108,1.1162612,1.6834874,1.0101783
14109,1.1892548,2.0255063,0.9899939
14110,0.31114864,0.024829602,1.1074
14111,0.3226045,0.02785414,1.1097
14112,0.41677994,0.06418691,1.6032
14113,0.7768266,0.5085818,1.4950873
14114,1.1960247,1.9969581,1.1540323
14115,1.1716585,1.8591335,1.1696147
14116,0.826209,0.61243033,1.3958257
14117,0.8743579,0.73974925,1.3196691
14118,0.83488405,0.6365811,1.3642081
14119,0.6582164,0.2921195,1.4929173
14120,1.7928175,5.6407986,0.8717965
14121,1.6687593,4.625818,1.0048685
14122,1.7583157,5.0479555,1.0578609
14123,1.7856383,5.0503573,1.1443976
14124,1.6177663,3.8799608,1.3086317
14125,1.4362302,2.7786725,1.463139
14126,1.137111,1.3839045,1.6942921
14127,0.352805,0.02911578,1.8583001
14128,0.5161951,0.10507884,2.318083
14129,1.2804534,2.0192466,1.4033538
14130,1.0534971,1.1120037,1.5532688
14131,1.2439623,1.8626164,1.4021682
14132,1.2622947,1.9437861,1.3932961
14133,1.1740718,1.5638953,1.4485649
14134,1.1813526,1.5952214,1.4587128
14135,1.4527607,2.892612,1.3094541
14136,1.2763227,1.9889328,1.4347614
14137,0.5149907,0.10517745,2.2320364
14138,0.9438072,0.7906862,1.5872551
14139,1.1694036,1.5634482,1.3886292
14140,1.3254619,2.265585,1.2958169
14141,1.2876103,2.0763373,1.3337389
14142,0.791168,0.4495076,1.705387
14143,1.1100501,1.3427464,1.4353983
14144,1.075295,1.221847,1.4646271
14145,0.45447478,0.07169211,2.3192818
14146,1.9966167,6.045504,1.0685642
14147,0.52757126,0.11314943,2.2832036
14148,0.33906874,0.026062299,2.4049
14149,0.3139772,0.020367352,2.1733
14150,0.25624293,0.010357907,1.4477
14151,0.5665969,0.14875714,1.8495125
14152,0.73376554,0.35685202,1.559211
14153,0.73892176,0.37044698,1.4988621
14154,0.74841434,0.39203268,1.4356312
14155,0.9109873,0.7533463,1.2873996
14156,0.63771373,0.23596317,1.4984359
14157,0.57504994,0.16949832,1.5140444
14158,0.739533,0.39643276,1.2912736
14159,0.6398097,0.24434738,1.523987
14160,1.1926731,1.8231666,1.0784353
14161,1.2191395,1.944001,1.0754112
14162,1.2970732,2.3188832,1.0538247
14163,0.8370774,0.5971799,1.3371577
14164,0.30035472,0.019493481,1.845
14165,0.3323951,0.027380267,2.0737
14166,0.8236308,0.56771624,1.4353764
14167,0.33709434,0.029198166,2.112
14168,0.3099597,0.02214862,1.7922001
14169,0.8688067,0.6903267,1.2789397
14170,1.0987185,1.4636779,1.1133215
14171,1.4736496,3.371281,0.9597284
14172,1.323831,2.4871094,1.0633453
14173,1.4806592,3.3288152,1.0294026
14174,0.43004146,0.06455649,1.9702175
14175,0.5129684,0.11725583,1.7869433
14176,0.67891,0.30209374,1.5045761
14177,0.9123998,0.8051253,1.261194
14178,0.45804667,0.083059125,1.7282996
14179,0.31250164,0.023338143,1.9777055
14180,0.6892981,0.32589862,1.4619137
14181,0.57671016,0.18227953,1.5394506
14182,0.46822882,0.091742255,1.655433
14183,0.27107018,0.0148738725,1.4381
14184,0.2432767,0.010420847,1.0869
14185,0.2828209,0.01730726,1.5458
14186,0.33697572,0.030823471,1.8878
14187,0.3510694,0.03555844,1.8143029
14188,0.5070392,0.12254597,1.4774021
14189,0.36319387,0.040515058,1.6711663
14190,0.45991525,0.08770157,1.7277439
14191,0.6584325,0.29257342,1.4106907
14192,0.6326178,0.25824505,1.4094691
14193,0.42916292,0.071275264,1.6463022
14194,1.0593188,1.3741263,1.1714522
14195,0.38535243,0.048621155,1.6158
14196,0.42111364,0.065088175,1.7961
14197,0.726077,0.39955273,1.5342809
14198,1.2359645,2.1654246,1.1362163
14199,0.6916235,0.3380375,1.5361214
14200,1.5473987,3.967026,1.0127318
14201,0.5245203,0.13042076,1.8350438
14202,0.592587,0.1975081,1.6504698
14203,1.3275946,2.5824792,1.1164085
14204,1.0377834,1.2181127,1.2972193
14205,0.9628804,0.9548406,1.4213527
14206,1.1728442,1.7661965,1.2801467
14207,0.91476333,0.80615026,1.4645113
14208,0.59212846,0.19304237,1.7688906
14209,0.5882874,0.19012737,1.7173357
14210,0.5200396,0.12587374,1.8532501
14211,0.37605318,0.042718302,1.4948
14212,0.49156356,0.10524637,1.7692176
14213,0.4831842,0.10013323,1.7021661
14214,1.4605771,3.3741663,0.9421116
14215,0.8881854,0.7422838,1.2714005
14216,0.6555474,0.27536458,1.4494123
14217,0.4172331,0.061315987,1.760946
14218,1.47946,3.4839375,0.9006133
14219,1.4529443,3.2569566,0.9597156
14220,1.4828302,3.376448,0.9957524
14221,0.79210764,0.49058932,1.4292548
14222,0.38299578,0.043909818,1.9684217
14223,0.6182875,0.22022147,1.4831016
14224,0.84169215,0.6171676,1.2361279
14225,0.87365884,0.7039446,1.1875995
14226,1.241229,2.1127908,0.97798836
14227,0.93772286,0.8884978,1.147435
14228,0.53618824,0.14159814,1.5099065
14229,1.4585031,3.330655,0.88346994
14230,0.6024429,0.20714726,1.4419557
14231,0.42740333,0.06649737,1.6397927
14232,1.1776296,1.8326449,0.9526825
14233,0.83448523,0.6213563,1.1462262
14234,0.6726484,0.30908915,1.2491891
14235,0.3247136,0.027404102,1.7225391
14236,0.5886806,0.20264257,1.2334564
14237,0.53341544,0.14763999,1.2535138
14238,0.7789147,0.5247871,1.0067564
14239,0.5674777,0.18598248,1.1548105
14240,0.8825163,0.8055665,0.90068936
14241,0.6345033,0.27577555,1.0507292
14242,0.44970283,0.08845413,1.2120571
14243,0.4140487,0.06783221,1.2195992
14244,0.6250185,0.27141988,0.96320254
14245,0.60527813,0.24699733,0.9560737
14246,0.47584414,0.112006366,1.0508736
14247,0.24664187,0.0125579685,1.2601
14248,0.2827216,0.019971155,1.266554
14249,0.26351106,0.015915385,1.2626661
14250,0.27676597,0.018904759,1.1884112
14251,0.19876888,0.006306019,0.6132
14252,0.26086465,0.015547979,1.2528268
14253,0.24673696,0.012933173,1.0979
14254,0.5644899,0.20683117,0.85535705
14255,0.3472641,0.041206393,1.0623899
14256,0.55024797,0.19393331,0.82232946
14257,0.272196,0.0186237,1.1361148
14258,0.39026493,0.06267445,0.9233453
14259,0.47176155,0.117776774,0.9006143
14260,0.23615985,0.011750342,0.8319
14261,0.3578292,0.04562964,1.2874668
14262,0.27761254,0.01963841,0.8569
14263,0.3280626,0.03411696,1.2638
14264,0.28301618,0.02075396,0.7007
14265,0.37516162,0.049157158,0.5031
14266,0.406118,0.06278405,0.5541
14267,0.47979707,0.11121789,1.0225
14268,0.6740682,0.35805914,1.2792337
14269,0.7924324,0.63029444,0.9510196
14270,0.7407861,0.51669794,0.82307994
14271,0.6067847,0.2719812,0.79257506
14272,0.70426476,0.4527605,0.6617854
14273,0.89207006,0.9902029,0.5455757
14274,1.0737412,1.7801939,0.47593355
14275,0.5251137,0.174484,0.6748749
14276,0.39619997,0.06730224,0.577
14277,0.5682356,0.22495635,0.72381175
14278,0.47955307,0.1315797,0.6661327
14279,0.81582195,0.7803341,0.4490275
14280,0.7759072,0.6739928,0.42516533
14281,0.48540512,0.14479545,0.50653857
14282,0.6998722,0.49527523,0.39714321
14283,0.81352985,0.8196933,0.353696
14284,0.61428875,0.3295968,0.397927
14285,0.5488741,0.22898862,0.41649613
14286,0.5628233,0.2521136,0.39730543
14287,0.61288476,0.33860815,0.36963823
14288,0.6199167,0.35572776,0.35903612
14289,0.4887081,0.1631446,0.39656457
14290,0.56242603,0.2603225,0.39161763
14291,0.522574,0.20358646,0.43263298
14292,0.48645929,0.1632862,0.4137603
14293,0.40541425,0.08955228,0.44983256
14294,0.69731355,0.55258584,0.3142633
14295,0.47713634,0.1596465,0.35972127
14296,0.61312497,0.37293258,0.3006819
14297,0.47162136,0.15810832,0.33006456
14298,0.5687383,0.29866797,0.289325
14299,0.60281754,0.3666861,0.27299237
14300,0.43489486,0.1252449,0.31436577
14301,0.38051814,0.08105897,0.32754955
14302,0.6901855,0.56982434,0.3090893
14303,0.71353495,0.65816295,0.26207778
14304,0.5795589,0.3408264,0.26160774
14305,0.60336256,0.3980423,0.23545538
14306,0.2071,0.08685622,0.2071
14307,0.6923558,0.6321714,0.22325177
14308,0.44726858,0.15363905,0.24730512
14309,0.09150001,0.0915,0.0915
14310,0.60590535,0.43705553,0.19134912
14311,0.62919754,0.5138351,0.164909
14312,0.58856493,0.4243924,0.15523647
14313,0.51540935,0.2801409,0.15445319
14314,0.64587533,0.60138226,0.12990305
14315,0.62301815,0.54320556,0.12716258
14316,0.47060588,0.21820226,0.1419202
14317,0.54827017,0.36751452,0.12709594
14318,0.48857707,0.25427753,0.13167483
14319,0.63342583,0.6062634,0.112711385
14320,0.5733897,0.44198874,0.11708878
14321,0.48990428,0.26566663,0.12509342
14322,0.49049523,0.26975995,0.12311874
14323,0.41475025,0.156148,0.1322051
14324,0.3934966,0.13242413,0.13379696
14325,0.43252257,0.1832662,0.125837
14326,0.619154,0.6050011,0.103806876
14327,0.43730432,0.19335057,0.12397263
14328,0.5182879,0.34282762,0.112758964
14329,0.45568317,0.22570989,0.11984852
14330,0.52980477,0.37469587,0.11104828
14331,0.42060632,0.17573255,0.12440423
14332,0.44374192,0.21175638,0.12025974
14333,0.43402424,0.198361,0.12095823
14334,0.49019486,0.29936752,0.11336002
14335,0.4115056,0.1687409,0.12354578
14336,0.40898097,0.16413546,0.13625197
14337,0.40057266,0.15386438,0.1398864
14338,0.2026,0.11550601,0.14372747
14339,0.4047692,0.16106482,0.13721214
14340,0.5040341,0.33703277,0.11989123
14341,0.4482398,0.23069079,0.12508947
14342,0.58074766,0.5471881,0.10795758
14343,0.46948004,0.27340743,0.11944176
14344,0.47494343,0.2864354,0.117469884
14345,0.45568904,0.25168157,0.11889842
14346,0.41539723,0.18622245,0.124696314
14347,0.46480986,0.27243614,0.11682263
14348,0.40514684,0.17387949,0.12438254
14349,0.43811816,0.22708753,0.118654236
14350,0.4390407,0.23021774,0.1178853
14351,0.40808928,0.18174754,0.121765904
14352,0.2136,0.13304935,0.14787705
14353,0.5830549,0.5838453,0.11412101
14354,0.6768475,0.9532623,0.103336774
14355,0.45961386,0.26978233,0.12467806
14356,0.45735934,0.2675636,0.12268256
14357,0.45327845,0.26169732,0.121316426
14358,0.42336223,0.2101359,0.12389698
14359,0.45298082,0.26478028,0.11829072
14360,0.6848559,1.0256587,0.096052736
14361,0.569724,0.5657297,0.10649066
14362,0.36583453,0.13118114,0.13323635
14363,0.2972,0.14467523,0.1470308
14364,0.59802735,0.66082525,0.1124617
14365,0.1874,0.12254038,0.14300278
14366,0.1339,0.12126867,0.1339
14367,0.1213,0.1213,0.12129999
14368,0.1432,0.1432,0.1432
14369,0.3211,0.2111732,0.12481491
14370,0.3426,0.21089457,0.11367114
14371,0.040200006,0.040200002,0.040199995
14372,0.418,0.3759329,0.115140565
14373,0.5252384,0.5124516,0.0913519
14374,0.7453653,1.6690059,0.065073825
14375,0.7698969,1.8872552,0.05822879
14376,0.59497887,0.847507,0.063035525
14377,0.4317,0.3012356,0.07221907
14378,0.89238155,2.4744,0.056722745
14379,0.73512906,1.712518,0.056381848
14380,0.5871465,0.860062,0.05840145
14381,0.7386709,1.8011935,0.048674125
14382,0.84908456,2.6615,0.04440023
14383,0.7623711,1.9549984,0.04772146
14384,0.56795335,0.76912165,0.056152735
14385,0.42187247,0.29160765,0.06477488
14386,0.64787394,1.1839606,0.051384963
14387,0.6854561,1.4092072,0.050445184
14388,0.5498028,0.69371843,0.057516735
14389,0.51367307,0.55683047,0.059822306
14390,0.3591,0.19780657,0.07044576
14391,0.2258,0.21810976,0.07968701
14392,0.3952,0.38006967,0.0882909
14393,0.3385,0.3385,0.0773522
14394,0.6897687,1.5017976,0.054609958
14395,0.3453,0.31446475,0.06650651
14396,0.65879166,1.3120195,0.05636654
14397,0.824524,2.408,0.045208957
14398,0.74670756,1.9963442,0.045607354
14399,0.9574377,3.0386,0.03979727
14400,1.2536541,4.0074,0.03523716
14401,0.81958616,2.506883,0.04646476
14402,0.46699506,0.4172314,0.064040676
14403,0.576678,0.8329217,0.05705581
14404,0.7665625,2.0254915,0.049603928
14405,0.68587166,1.4196849,0.05442647
14406,0.5392265,0.6536736,0.063034184
14407,0.50745386,0.53610194,0.065587685
14408,0.47860253,0.44276088,0.06803699
14409,0.6844956,1.3998046,0.05708325
14410,0.4332802,0.31617123,0.07417661
14411,0.98096746,3.6558,0.049327526
14412,1.0528469,3.9425,0.052239977
14413,1.2475231,4.5758,0.052520566
14414,0.477347,0.3802286,0.09578752
14415,0.4311423,0.26778233,0.11228905
14416,0.37160525,0.16299774,0.124071404
14417,0.6554844,1.0466436,0.09295027
14418,1.1952909,4.374,0.07068107
14419,1.3455175,4.8483,0.07357491
14420,0.7767171,1.5984584,0.1094652
14421,0.35362607,0.1216294,0.16921304
14422,0.9241849,2.6235645,0.11191841
14423,0.85178524,2.0128245,0.124109395
14424,0.62846047,0.7631294,0.15169513
14425,0.7079823,1.107906,0.14872077
14426,0.90643895,2.3125749,0.14664839
14427,1.1000901,3.8723156,0.13892926
14428,1.7498659,5.8068,0.122250326
14429,1.4207343,5.2243,0.1553743
14430,0.40833902,0.1458506,0.33095863
14431,1.1756126,3.9532754,0.20905694
14432,1.4799851,5.4182,0.20198259
14433,0.9566776,2.0174482,0.28630623
14434,1.1230826,3.137044,0.27532804
14435,0.86847967,1.4306419,0.33723575
14436,0.4893638,0.21967828,0.4639972
14437,0.32307723,0.05483023,0.5776548
14438,0.5254223,0.2744296,0.47768146
14439,0.400958,0.11127177,0.5466086
14440,0.46466303,0.18023457,0.52899784
14441,1.2890992,4.24066,0.31557858
14442,1.3917747,4.906907,0.3334448
14443,1.2915432,3.908114,0.38755393
14444,0.9872575,1.7712485,0.485283
14445,0.6725352,0.5169265,0.6096311
14446,1.0588179,2.15207,0.48582214
14447,0.728309,0.65823084,0.61340314
14448,0.5197025,0.21615866,0.7304149
14449,0.5760733,0.30406368,0.6995311
14450,0.5747105,0.29817954,0.76078844
14451,0.35292232,0.058514465,0.96202284
14452,0.5157646,0.20353642,0.885295
14453,0.53779644,0.2319153,0.8720241
14454,1.4988319,5.1035566,0.5268107
14455,0.7853448,0.7501339,0.8119769
14456,0.42985028,0.10113947,1.1161274
14457,0.70136523,0.51133555,0.87126493
14458,0.505973,0.17272288,1.0137724
14459,0.9354626,1.2847548,0.73183477
14460,1.056601,1.8507975,0.69748044
14461,0.5414725,0.21129502,1.0016071
14462,1.0411928,1.7481105,0.7109058
14463,0.57236785,0.25080425,0.9976612
14464,0.31363016,0.0336519,0.9351001
14465,0.59456104,0.28463927,0.9481026
14466,0.41695842,0.087369055,1.1130034
14467,0.94364023,1.2806671,0.725981
14468,0.8962981,1.0848204,0.7560976
14469,0.60805434,0.3060599,0.9260659
14470,1.5026227,4.6635213,0.595342
14471,1.9192543,7.0745,0.5780665
14472,0.8703851,0.8730257,1.0097225
14473,0.43807733,0.09042133,1.4085522
14474,0.6562286,0.34967232,1.1200154
14475,0.82498515,0.7446629,0.9811004
14476,0.36528137,0.050018158,1.4511516
14477,0.9438007,1.1437447,0.93897814
14478,0.45366517,0.10269518,1.3613871
14479,1.6253275,5.1232233,0.69829816
14480,1.4828836,3.9874187,0.8118358
14481,1.6558187,5.011947,0.8247932
14482,0.5987408,0.2280993,1.5064199
14483,0.9235677,0.9520007,1.1768479
14484,1.2696611,2.4996428,0.9937618
14485,0.68275565,0.3532678,1.3941598
14486,0.9231267,0.9519791,1.1673928
14487,1.2220378,2.2447033,1.0041838
14488,1.0608386,1.4638903,1.1041085
14489,1.0870457,1.5770123,1.0937471
14490,1.9612727,6.6631923,0.8131161
14491,0.67331076,0.317863,1.5835586
14492,0.49226633,0.113156766,1.7734325
14493,0.5085173,0.1275594,1.6657923
14494,0.8025902,0.5856203,1.2792226
14495,1.0972468,1.5866134,1.0692937
14496,0.56571937,0.18592013,1.5153081
14497,0.25075307,0.01234542,1.5045
14498,0.3535262,0.039060656,1.8077922
14499,0.5073371,0.13219449,1.446477
14500,0.5179458,0.14331482,1.3777153
14501,0.39550284,0.058778796,1.5123978
14502,0.69982994,0.39815637,1.1039394
14503,0.5309345,0.16093764,1.2339455
14504,0.19773194,0.0059790784,0.80599993
14505,0.22179063,0.008612943,0.8745
14506,1.1253251,1.807472,0.94916856
14507,0.6221216,0.2702752,1.2921547
14508,0.8984475,0.9082634,1.0459883
14509,0.9195615,0.98416185,1.0243833
14510,1.156142,1.9898727,0.90977424
14511,1.2067223,2.2348778,0.92753524
14512,0.84909195,0.7544655,1.1405263
14513,0.7134397,0.42984268,1.2567731
14514,0.6430018,0.30498126,1.381943
14515,0.42830938,0.07935924,1.6307207
14516,0.9770218,1.2039407,1.0443556
14517,0.6104682,0.26241884,1.3145511
14518,0.4571751,0.1004282,1.5248146
14519,0.46742687,0.10874074,1.4889094
14520,0.44216597,0.091121644,1.4723829
14521,0.23095271,0.010459924,1.0806
14522,0.3259304,0.033238757,1.6006974
14523,0.31306562,0.029236509,1.5744442
14524,0.478685,0.12205005,1.2302428
14525,1.2731669,2.7584865,0.732279
14526,0.8251999,0.73427916,0.9501486
14527,0.5795758,0.23131378,1.1363717
14528,1.2266029,2.487827,0.7696508
14529,1.0778646,1.6943703,0.850707
14530,1.0252726,1.4544976,0.8846225
14531,0.6483982,0.33231235,1.1738617
14532,0.34223804,0.039405387,1.6507447
14533,0.6312815,0.30422178,1.2521803
14534,1.1591485,2.1013846,0.9164349
14535,0.7794199,0.60761464,1.1437845
14536,0.45123377,0.099957295,1.4678919
14537,0.43606097,0.089938,1.4374334
14538,0.24815881,0.013752281,1.3998
14539,0.24999653,0.013900185,1.1856
14540,0.39251375,0.060733445,1.9982169
14541,0.45017332,0.095317006,1.89024
14542,0.54732466,0.18289609,1.670614
14543,0.5115041,0.14611554,1.6739224
14544,0.34977654,0.040988497,1.7332001
14545,0.8329951,0.7333992,1.2414939
14546,1.3365341,3.0580513,0.96915174
14547,0.71135503,0.4283467,1.3935204
14548,1.6860381,5.2642655,0.88774437
14549,0.35874894,0.04153597,2.0637
14550,0.47518206,0.106943645,1.7556919
14551,0.40166473,0.06131891,1.8310868
14552,0.50572675,0.13350333,1.5662282
14553,0.36749,0.046227813,1.7568412
14554,0.33883098,0.034515258,1.5978
14555,1.0973864,1.6433296,1.1456225
14556,1.5106649,3.9650884,0.986439
14557,1.3088686,2.645573,1.1356931
14558,1.0443053,1.3388408,1.3135965
14559,1.3388572,2.770206,1.1716611
14560,0.73564035,0.42601767,1.632484
14561,0.6462174,0.27973118,1.6824161
14562,0.2696229,0.0151360575,1.2093
14563,0.33754477,0.031558063,1.6705
14564,0.635835,0.25368112,2.279505
14565,0.85192907,0.6619517,1.909058
14566,0.9607364,0.971924,1.742054
14567,0.39916167,0.052736487,1.8335001
14568,0.6175571,0.22691219,2.0237713
14569,0.9130304,0.824682,1.6007382
14570,1.25838,2.22093,1.3369004
14571,0.6853737,0.31891528,1.8322154
14572,0.40298852,0.05369385,1.8727001
14573,0.7127676,0.36029765,1.8511947
14574,0.44917804,0.077074215,2.1573
14575,0.7970187,0.52188087,1.6662776
14576,0.66989493,0.29545915,1.7552198
14577,1.1061536,1.5038136,1.3198171
14578,1.4121901,3.0458434,1.167076
14579,1.7208403,4.881911,1.0986893
14580,0.4010983,0.049939286,2.0862
14581,0.3716268,0.038581,1.7375
14582,0.54556376,0.13833722,2.2530696
14583,0.701889,0.3217401,1.9266392
14584,1.0039011,1.0416915,1.5470227
14585,0.9298272,0.8178498,1.5761817
14586,0.7734609,0.44762075,1.7807404
14587,0.9119613,0.76631826,1.6774745
14588,1.1976631,1.8072941,1.4226116
14589,1.0383449,1.1583776,1.5282822
14590,1.5148293,3.4854317,1.2455691
14591,1.0858076,1.3028138,1.5392973
14592,0.41757497,0.05586944,2.1232
14593,0.9741048,0.9325718,1.5192689
14594,1.0167828,1.0753033,1.457006
14595,1.1056569,1.403965,1.3757701
14596,1.0766306,1.2954427,1.3852336
14597,0.9137977,0.7726449,1.4881809
14598,0.9430226,0.8622082,1.4306953
14599,1.0406145,1.187153,1.3350782
14600,0.53885674,0.13775532,1.8192366
14601,0.25916114,0.011938798,0.8646
14602,0.3582162,0.034601185,1.5948
14603,0.44548863,0.07211823,2.1876507
14604,0.59118295,0.18721117,1.8184389
14605,0.8743091,0.6835139,1.526396
14606,0.6176581,0.21853524,1.7603719
14607,0.49644494,0.10625174,1.873305
14608,0.26153934,0.012535255,0.60170007
14609,0.29498684,0.018392071,0.7021
14610,0.37917575,0.04225887,1.4022
14611,0.6070663,0.20467277,1.8670176
14612,0.79832137,0.511236,1.5536292
14613,1.1299504,1.5614619,1.2642661
14614,0.78245556,0.4810913,1.5125457
14615,0.6805181,0.30568647,1.5677692
14616,0.76601094,0.45632887,1.4261507
14617,0.40955034,0.057011653,1.8725121
14618,0.7470167,0.4269651,1.3323159
14619,0.74095285,0.419682,1.3011065
14620,0.5596395,0.16669849,1.4523088
14621,0.41417524,0.06147265,1.6189367
14622,0.43439832,0.07273358,1.5159782
14623,0.25135747,0.011751996,0.44249997
14624,0.264687,0.013880433,0.48430005
14625,0.3442535,0.033478368,1.3098
14626,0.30142236,0.021590576,0.8987
14627,0.37673888,0.045770407,1.5762556
14628,0.35786602,0.03883665,1.4755
14629,0.29730722,0.02104113,0.8974
14630,0.24973667,0.011806214,0.34669998
14631,0.28480083,0.018340752,0.7442
14632,0.3054791,0.0226462,0.5917
14633,0.37363383,0.04453495,1.2508
14634,0.34452254,0.034088574,0.9972
14635,0.2901132,0.019136656,0.3726
14636,0.35070646,0.035258185,0.6451
14637,0.427884,0.065788075,0.6718
14638,0.3008,0.06294022,0.30080006
14639,0.3547,0.061627768,0.35470006
14640,0.40118808,0.063915424,0.42850003
14641,0.3256,0.053618915,0.32560003
14642,0.47866914,0.122491784,1.095309
14643,0.8355056,0.7943782,0.6825996
14644,0.72637236,0.51231396,0.64209616
14645,0.76473546,0.61644447,0.56616306
14646,0.4554987,0.11198207,0.6834076
14647,0.7861539,0.69231534,0.48620573
14648,0.8538466,0.91354936,0.44872633
14649,0.56458354,0.2366797,0.5393483
14650,0.41197833,0.08360457,0.609348
14651,0.6657717,0.41754943,0.46230608
14652,0.38207626,0.06632663,0.59648746
14653,0.3007,0.040669214,0.3007
14654,0.3767604,0.06428333,0.57105726
14655,0.35422856,0.052757617,0.5647
14656,0.41679543,0.091340564,0.5273677
14657,0.5796064,0.27689064,0.43629614
14658,0.4114654,0.08920189,0.5089547
14659,0.45261937,0.12375389,0.4749637
14660,0.35627678,0.056114804,0.5249374
14661,0.45603204,0.1290698,0.45475402
14662,0.4076485,0.089536324,0.47299957
14663,0.3596754,0.059409745,0.49481106
14664,0.36141235,0.060837697,0.48495266
14665,0.40286124,0.08813056,0.45176664
14666,0.37249127,0.0683677,0.4630182
14667,0.32765,0.04439968,0.3319
14668,0.32793075,0.044782724,0.3356
14669,0.38217992,0.07520043,0.4725313
14670,0.37959188,0.07404905,0.46680254
14671,0.5103606,0.1980626,0.43029788
14672,0.5400816,0.24143389,0.40734744
14673,0.4857043,0.17116849,0.4201826
14674,0.42844313,0.11362043,0.4382727
14675,0.54061854,0.2487109,0.38221505
14676,0.39026663,0.084621385,0.44272706
14677,0.47546557,0.16487008,0.3933933
14678,0.48107326,0.17288414,0.3850992
14679,0.45314527,0.14279948,0.39126733
14680,0.34136522,0.055874802,0.44438118
14681,0.11420002,0.0525256,0.1142
14682,0.40346378,0.09393445,0.4431
14683,0.52245027,0.22769096,0.41095605
14684,0.4811632,0.1767746,0.38353986
14685,0.5246852,0.2399747,0.3375379
14686,0.42971236,0.12527756,0.35001767
14687,0.40571803,0.10481073,0.34127054
14688,0.52475655,0.2500718,0.28664237
14689,0.539383,0.27727813,0.27313676
14690,0.4534698,0.15744828,0.2896688
14691,0.6295068,0.4721409,0.23892756
14692,0.5771432,0.35792089,0.24568576
14693,0.49433702,0.21619618,0.26141444
14694,0.5048359,0.23406315,0.25423628
14695,0.5112982,0.24643205,0.2488836
14696,0.3075,0.06624708,0.29971358
14697,0.40939096,0.11787247,0.29452777
14698,0.51626587,0.25721323,0.25797462
14699,0.5985547,0.42395723,0.23291144
14700,0.41396832,0.12576517,0.2750243
14701,0.43702036,0.15039435,0.281898
14702,0.42408022,0.13765317,0.2741563
14703,0.40820006,0.122518204,0.2694892
14704,0.44798005,0.1687428,0.24925128
14705,0.58965373,0.42386648,0.21147822
14706,0.39260903,0.11073905,0.25535288
14707,0.46385416,0.19471584,0.2299745
14708,0.4974763,0.24678263,0.22502138
14709,0.40446463,0.12502635,0.24486306
14710,0.4116157,0.13359493,0.23888808
14711,0.5548495,0.36174205,0.20772956
14712,0.5791391,0.42017743,0.19998798
14713,0.6590339,0.64651406,0.18507682
14714,0.6099303,0.50478727,0.19168055
14715,0.49294564,0.25148553,0.21225779
14716,0.4199336,0.14863718,0.22775587
14717,0.3570756,0.08715452,0.2442167
14718,0.39457676,0.12237844,0.22967069
14719,0.5846377,0.45106527,0.19509391
14720,0.4729992,0.22517382,0.21567301
14721,0.44298005,0.18230084,0.22057681
14722,0.40209255,0.13290812,0.22921064
14723,0.5829938,0.4584022,0.18817501
14724,0.5845147,0.46474904,0.18773387
14725,0.3151,0.071221106,0.24955505
14726,0.5406048,0.359904,0.204089
14727,0.5794978,0.45496002,0.19576237
14728,0.62463766,0.58438057,0.18797228
14729,0.46756488,0.22558866,0.21796839
14730,0.580467,0.4636008,0.19431403
14731,0.64116275,0.6442478,0.1850423
14732,0.58332866,0.47412953,0.19537348
14733,0.45477837,0.2089085,0.22220102
14734,0.3937182,0.12986156,0.23821492
14735,0.3693549,0.10539351,0.2448882
14736,0.49160475,0.2638955,0.27173072
14737,0.7115288,0.8931967,0.21141937
14738,0.68663174,0.79722005,0.21017823
14739,0.6948182,0.8303431,0.20352943
14740,0.42130187,0.16013977,0.25774541
14741,0.2167,0.079383396,0.2167
14742,0.3679516,0.10196159,0.2731808
14743,0.49921948,0.28303832,0.22688492
14744,0.5997407,0.52115804,0.20232072
14745,0.44759345,0.19891344,0.2316763
14746,0.6914387,0.83052856,0.18982671
14747,0.50453144,0.29623628,0.22112378
14748,0.44127828,0.19082516,0.23291278
14749,0.43303564,0.17990482,0.23317648
14750,0.4656014,0.2300247,0.2216451
14751,0.5217275,0.33692697,0.20706216
14752,0.34286782,0.08371667,0.2540761
14753,0.36500478,0.10351335,0.24350148
14754,0.68405455,0.82583535,0.17580618
14755,0.85662216,1.6753794,0.15830754
14756,0.64270896,0.66801536,0.18911718
14757,0.86665154,1.7202297,0.16379993
14758,0.51122206,0.31191617,0.22168517
14759,0.42628548,0.17114173,0.2435754
14760,0.6295141,0.62104493,0.20161563
14761,0.8429421,1.5714898,0.17547432
14762,0.5502797,0.3960535,0.22525306
14763,0.8266043,1.4686693,0.1841866
14764,0.8431682,1.548266,0.18822497
14765,0.96546525,2.3028626,0.18171556
14766,0.7542006,1.0627172,0.2173052
14767,0.50803876,0.29231006,0.27146968
14768,0.81687886,1.363298,0.2142701
14769,0.51488334,0.30400798,0.27905715
14770,0.4116297,0.14485365,0.31359634
14771,0.34383833,0.07965899,0.3431337
14772,0.404025,0.13018085,0.4350825
14773,0.465415,0.20751327,0.38990638
14774,0.5980687,0.47384396,0.33620632
14775,0.73363155,0.91637313,0.29993972
14776,0.6305612,0.55752873,0.32306498
14777,0.5098338,0.27598706,0.3567877
14778,0.4330401,0.15695107,0.4395327
14779,0.8981101,1.6555966,0.31881553
14780,0.98876494,2.1930046,0.28349844
14781,0.9215442,1.7484821,0.28690642
14782,0.93134016,1.786664,0.2818206
14783,1.1744341,3.4445496,0.2507881
14784,1.4590089,5.2004,0.23603429
14785,0.46253556,0.16710939,0.468586
14786,1.1868342,3.291363,0.28594217
14787,1.2537742,3.710679,0.29608303
14788,1.2637947,3.6766615,0.31802166
14789,0.9295469,1.4708012,0.40170148
14790,1.0939918,2.381277,0.37829676
14791,0.5898656,0.3310207,0.54137903
14792,1.1954957,3.020403,0.37643328
14793,0.95567894,1.5337751,0.4492684
14794,0.71075195,0.59415936,0.5354082
14795,0.45290518,0.13397615,0.671634
14796,0.44266015,0.12466662,0.67124534
14797,0.5884564,0.32301337,0.5756412
14798,0.44187176,0.12509033,0.66045624
14799,1.1426009,2.6146562,0.42935604
14800,0.37341452,0.069468774,0.7926899
14801,0.82688534,0.9628936,0.52514064
14802,0.30939478,0.03709442,0.863
14803,0.71967226,0.60744935,0.61796385
14804,0.45052034,0.12880363,0.7807474
14805,1.6192902,6.048452,0.40301415
14806,1.2946775,3.390629,0.5197708
14807,0.6726452,0.44196567,0.775332
14808,1.1667303,2.4871185,0.5834799
14809,0.38266718,0.06655935,1.0642881
14810,0.36371616,0.05589212,1.1259174
14811,0.7523635,0.6202262,0.8306711
14812,1.0478982,1.766214,0.7005114
14813,1.238265,2.836103,0.66078085
14814,1.0808738,1.8751117,0.7465651
14815,1.5246731,4.6838803,0.6440439
14816,1.3381331,3.2567656,0.75874245
14817,0.38487306,0.05903231,1.4906795
14818,0.79569864,0.6617791,1.0099962
14819,0.41185874,0.074639104,1.3830664
14820,0.52939683,0.17359628,1.188188
14821,0.3588635,0.0475931,1.3992925
14822,0.4266779,0.08526524,1.2536374
14823,1.1338129,2.0426311,0.752416
14824,1.4868072,4.201896,0.67412335
14825,0.5880393,0.23876598,1.1638069
14826,0.42585513,0.08192587,1.3287042
14827,0.43684304,0.089868225,1.270161
14828,0.47653866,0.121145785,1.1800249
14829,0.8107892,0.70883334,0.88254863
14830,0.378661,0.05698512,1.2729038
14831,0.27769068,0.0201201,1.0706
14832,0.7462579,0.53616166,1.0413461
14833,1.2334177,2.5329382,0.8840637
14834,0.9756731,1.2333162,1.0352094
14835,0.36204475,0.04666964,1.6567
14836,0.84169394,0.7702239,1.0775597
14837,0.5084911,0.14618245,1.3696207
14838,0.28057018,0.020067673,0.90239996
14839,0.5289065,0.1635459,1.5245153
14840,0.84171426,0.7590115,1.1763483
14841,0.99288213,1.2825892,1.073268
14842,1.2943282,2.7995546,0.94423914
14843,0.79860634,0.62240183,1.2558349
14844,0.53948677,0.17039,1.4985662
14845,0.3443338,0.03766704,1.3495
14846,0.38495257,0.053539388,1.4469
14847,0.3368443,0.03362134,0.86609995
14848,0.5357662,0.15420665,2.0691292
14849,0.79124624,0.5581814,1.5186815
14850,0.5588574,0.1760047,1.6577798
14851,0.4089691,0.06053492,0.962
14852,0.7747123,0.51143473,1.3329085
14853,0.67582774,0.32897776,1.2570701
14854,0.81482863,0.61598927,1.0412949
14855,0.6035675,0.23048756,1.1332921
14856,0.92354363,0.938866,0.8844376
14857,0.61790305,0.25268677,1.0391563
14858,0.76279163,0.5128068,0.89080405
14859,0.90974367,0.9176457,0.7883002
14860,0.63976127,0.29124263,0.9228522
14861,0.5373997,0.16396065,0.9985704
14862,1.4780968,3.9084866,0.58047175
14863,1.2979833,2.685769,0.6600003
14864,1.7122414,5.348665,0.59212035
14865,1.8841839,6.2996464,0.6230701
14866,1.883638,6.0426755,0.70547646
14867,0.79376596,0.48880005,1.2268987
14868,1.3621342,2.6418865,0.9486237
14869,1.5232955,3.536723,0.9244289
14870,2.2741504,7.4961,0.7910595
14871,1.9289496,5.685946,0.99990916
14872,2.0246592,6.045108,1.0775026
14873,2.1310954,6.4173956,1.2049444
14874,1.6768126,3.6656406,1.5733308
14875,1.4711264,2.5452316,1.7406327
14876,1.3341563,1.9118693,1.8366365
14877,1.3926189,2.1699567,1.778893
14878,0.6389068,0.17787603,2.5823317
14879,0.31452674,0.01678831,1.6595
14880,0.34012622,0.021741642,1.7425998
14881,0.41988125,0.044456076,2.4319
14882,1.0468091,0.93270725,1.7966311
14883,0.43313086,0.050492097,2.5637
14884,1.4512128,2.5471466,1.4439744
14885,1.7112215,3.901447,1.3465656
14886,1.3949064,2.2203138,1.5637989
14887,1.176169,1.330276,1.7288791
14888,1.5220572,2.8390856,1.5168164
14889,1.0438772,0.90852815,1.9242764
14890,1.7307153,3.9401202,1.4428662
14891,1.3667898,2.0574675,1.6988451
14892,0.6753972,0.21461816,2.4496744
14893,0.96489125,0.7066374,1.9743378
14894,1.8155749,4.4043612,1.3818697
14895,0.77427304,0.3386136,2.221335
14896,0.36708823,0.028294392,2.4431
14897,0.34307387,0.022796696,2.2192
14898,0.27393076,0.010851217,1.5115
14899,1.23521,1.5736284,1.5156964
14900,1.2909055,1.8060195,1.4657688
14901,1.4163876,2.3675508,1.3976713
14902,0.6753413,0.22486614,2.036542
14903,0.33732858,0.022219848,2.1734
14904,1.0796357,1.0665218,1.4967909
14905,0.6971129,0.25871986,1.8106773
14906,1.1360774,1.2772354,1.4160461
14907,1.1997653,1.5223467,1.3571272
14908,0.5302852,0.10649193,2.0001738
14909,0.80024976,0.4194748,1.7481003
14910,1.8076075,4.64164,1.1225933
14911,1.5263075,2.997344,1.3124555
14912,1.5951563,3.3265398,1.3252748
14913,1.3833355,2.2325494,1.490891
14914,0.43091592,0.050574962,2.617003
14915,1.2717435,1.7664357,1.4529597
14916,0.63589865,0.18984696,2.0231693
14917,0.80017865,0.41426796,1.7133541
14918,0.66675955,0.2298093,1.7922819
14919,0.6233167,0.18641897,1.7698615
14920,0.3210287,0.020484706,2.3043687
14921,0.9279534,0.7101214,1.3289934
14922,0.5855209,0.15709637,1.6252804
14923,0.22432908,0.006400496,1.1857
14924,0.55711174,0.13566948,1.5664986
14925,0.90412474,0.6839509,1.1826643
14926,0.7790908,0.42630297,1.2446628
14927,0.52000284,0.11256106,1.4728904
14928,0.5817448,0.1655925,1.3738577
14929,0.57914585,0.16517518,1.3467174
14930,1.1480075,1.5403053,0.92576164
14931,1.1703249,1.6387326,0.92093945
14932,1.2176346,1.8481756,0.9088827
14933,0.8400992,0.5802298,1.1074913
14934,0.43473056,0.06561992,1.5088358
14935,0.70008844,0.32639885,1.1506084
14936,1.1244143,1.5091541,0.8921707
14937,1.2229296,1.9428629,0.85916644
14938,0.7754351,0.46555424,1.0965021
14939,0.3566837,0.03532489,1.5710306
14940,0.23442201,0.008725272,1.6171001
14941,0.5628014,0.16526304,1.1873151
14942,0.5027785,0.11493018,1.2131907
14943,0.30953804,0.022926565,1.4796935
14944,0.2237252,0.007818163,1.5245
14945,0.274734,0.01566616,1.4320569
14946,0.32994992,0.028615665,1.4470272
14947,0.32755333,0.027958687,1.4837625
14948,0.42674014,0.06730098,1.4199854
14949,0.33703926,0.03078913,1.5588458
14950,0.5919903,0.20501457,1.134636
14951,1.1582253,1.7986653,0.78816396
14952,0.8671065,0.7302581,0.92601377
14953,0.7006878,0.3677729,1.0163287
14954,0.4374884,0.07742868,1.2501945
14955,0.2542488,0.0126785515,1.4224
14956,0.89431745,0.8316121,0.8862161
14957,0.52154136,0.14188385,1.146367
14958,0.5880187,0.21441343,1.0475632
14959,0.6249364,0.26594388,0.98942494
14960,0.70013654,0.39240703,0.912816
14961,0.38335863,0.053255886,1.2023574
14962,0.4179844,0.07138076,1.1700305
14963,0.4137853,0.069751866,1.1379735
14964,0.2731017,0.017541418,1.34647
14965,0.26111773,0.015195138,1.3389224
14966,0.7443379,0.5046923,0.77145153
14967,0.6352138,0.3026825,0.82418513
14968,0.72475934,0.47340506,0.75740993
14969,0.6965725,0.42032623,0.76239586
14970,0.6497971,0.33809203,0.7778561
14971,0.76045364,0.57348907,0.70722514
14972,0.6574596,0.35947955,0.7533177
14973,0.5436076,0.19345796,0.81504244
14974,0.33421716,0.038316626,1.0398735
14975,0.3901045,0.06458059,0.96649563
14976,0.45163116,0.10577212,0.91605604
14977,0.5238388,0.17482668,0.85139996
14978,0.48572442,0.13736643,0.86481905
14979,0.31441644,0.032391317,1.046464
14980,0.3184116,0.034054212,1.0128268
14981,0.26629612,0.018885527,1.0730083
14982,0.18966675,0.0060947943,0.4514
14983,0.27544126,0.021202553,1.0731997
14984,0.20712163,0.008239063,0.6973
14985,0.18863086,0.006059422,0.40410003
14986,0.2258861,0.010526987,0.29359996
14987,0.40399262,0.0719976,1.3971347
14988,0.59982264,0.2699717,1.1180711
14989,0.66849524,0.38820612,1.0399888
14990,0.6388297,0.33550036,1.0482124
14991,0.6385175,0.33653325,1.0317202
14992,0.6920521,0.44120777,0.9758999
14993,0.6197301,0.3078426,1.0181172
14994,0.4156146,0.08163661,1.2176778
14995,0.29187348,0.025135078,1.0404
14996,0.2619648,0.017552976,0.709
14997,0.24625014,0.01422437,0.45770004
14998,0.31220764,0.031137222,1.095
14999,0.44549045,0.10241978,1.1896517
15000,0.4215046,0.085468546,1.19143
15001,0.54134303,0.19806089,1.0269126
15002,0.48271298,0.13588515,1.0650746
15003,0.5342959,0.19179386,0.99091715
15004,0.4661499,0.12238748,1.0391935
15005,0.25497055,0.016362384,0.5872
15006,0.3799729,0.0622448,1.1108601
15007,0.283833,0.023581522,0.9574001
15008,0.26838484,0.019625327,0.7914
15009,0.28361815,0.023125052,0.6739
15010,0.30801746,0.030141855,0.814
15011,0.3243274,0.035765216,0.996
15012,0.41439423,0.080720454,1.2451395
15013,0.42920947,0.0908024,1.1985925
15014,0.45260575,0.10849199,1.1489247
15015,0.2841356,0.022883685,0.52470005
15016,0.3487307,0.04517763,1.1436
15017,0.38878244,0.06506194,1.2061063
15018,0.31134453,0.03102144,0.8184
15019,0.30223334,0.028116135,0.7391
15020,0.2765482,0.02091515,0.47029996
15021,0.3493591,0.045154475,1.0671
15022,0.32727587,0.036292966,0.8636
15023,0.38511753,0.06260994,1.179134
15024,0.4735609,0.124829076,1.0664418
15025,0.540819,0.19115663,1.1260402
15026,0.30311596,0.027634308,0.36770004
15027,0.32619005,0.034911327,0.4898001
15028,0.2578,0.033419672,0.25780007
15029,0.372,0.054375816,0.372
15030,0.4802347,0.11889023,0.6827
15031,0.4123161,0.08095474,0.42059997
15032,0.2984,0.0650983,0.29840004
15033,0.3903945,0.072553605,0.4191
15034,0.2622,0.064800374,0.2622
15035,0.24030001,0.06306121,0.2403
15036,0.50988966,0.18695675,0.57423794
15037,0.5304445,0.21759522,0.49716806
15038,0.4291413,0.10915899,0.5032371
15039,0.5615515,0.27137625,0.4081277
15040,0.5351556,0.23441482,0.39573517
15041,0.39904907,0.08918388,0.4378789
15042,0.45321405,0.13792552,0.3938432
15043,0.35966113,0.0644132,0.3872
15044,0.23670001,0.066421635,0.2367
15045,0.3131,0.095258825,0.3131
15046,0.51234126,0.21215434,0.36762986
15047,0.4714872,0.1655656,0.3367711
15048,0.41894203,0.11430937,0.32212052
15049,0.2227,0.08404707,0.2227
15050,0.3862,0.11254834,0.3019695
15051,0.134,0.08767368,0.134
15052,0.21,0.095485814,0.21
15053,0.4476114,0.15136406,0.24930415
15054,0.4987085,0.22273262,0.21412233
15055,0.45808023,0.17165402,0.20742875
15056,0.45622477,0.17269757,0.19551116
15057,0.16129999,0.11734912,0.1613
15058,0.18060002,0.14310527,0.1806
15059,0.4241,0.18189678,0.17790626
15060,0.46375972,0.19841729,0.15785255
15061,0.5479667,0.3553754,0.13237745
15062,0.387,0.16954857,0.13895972
15063,0.4927548,0.26118624,0.12327407
15064,0.52675956,0.33201236,0.11393279
15065,0.379,0.16216742,0.12290029
15066,0.5629575,0.42657444,0.102795765
15067,0.5568059,0.41715154,0.10102605
15068,0.46543783,0.23354898,0.108498335
15069,0.47593173,0.25079566,0.11724848
15070,0.60820633,0.5727969,0.10076551
15071,0.48453546,0.2765046,0.10705014
15072,0.45753866,0.23314767,0.104973644
15073,0.5109043,0.3419903,0.09533559
15074,0.45520955,0.23700887,0.0979421
15075,0.49844143,0.3238931,0.09286088
15076,0.5807787,0.54373986,0.08349002
15077,0.64071757,0.7576481,0.07793473
15078,0.45648718,0.25108418,0.09162438
15079,0.1765,0.14104997,0.09839575
15080,0.1252,0.1252,0.09946156
15081,0.1883,0.14926533,0.09717664
15082,0.1953,0.15961482,0.097930774
15083,0.1356,0.1356,0.11393905
15084,0.8353055,1.6504002,0.09709941
15085,0.5475715,0.5928968,0.09708932
15086,0.49669996,0.4967,0.08519513
15087,0.5800714,0.92372555,0.068548806
15088,0.70380324,1.7977103,0.054794263
15089,0.48429763,0.5600807,0.060394477
15090,0.23730001,0.2373,0.06349795
15091,0.56102914,0.91736114,0.0531666
15092,0.60547,1.197301,0.04653595
15093,0.62614644,1.3405256,0.043344434
15094,0.58201224,1.0634472,0.043865304
15095,0.9219168,3.0513,0.034175392
15096,0.52454424,0.7403266,0.047628876
15097,0.48542643,0.57448155,0.04949155
15098,0.40757027,0.32146224,0.056037556
15099,0.4510669,0.44205678,0.05861539
15100,0.45570675,0.4606931,0.055690087
15101,0.43833426,0.4070507,0.05537269
15102,0.1613,0.1613,0.06056373
15103,0.8785257,2.5926003,0.045161936
15104,1.0070796,3.0779,0.04142324
15105,0.8475113,2.6167,0.04401873
15106,0.55183476,0.8264937,0.05388972
15107,0.575794,0.95083344,0.0510454
15108,0.6689339,1.524175,0.04657798
15109,0.83291876,2.8106,0.041996133
15110,0.80421513,2.5598187,0.044826318
15111,0.39520442,0.26089668,0.0674498
15112,0.3602,0.3276643,0.0826716
15113,0.43639162,0.35657525,0.074094534
15114,0.44586834,0.38918936,0.067702055
15115,0.5154863,0.6322944,0.059763473
15116,0.4142444,0.31035063,0.064505026
15117,0.2085,0.2085,0.069698125
15118,0.3216,0.3216,0.070670106
15119,0.5054374,0.59381425,0.06642243
15120,0.47671196,0.52294654,0.059283197
15121,0.49540737,0.61516315,0.051806025
15122,0.2747,0.2747,0.052972704
15123,0.2815,0.2815,0.06052625
15124,1.0282054,2.3767,0.046943065
15125,0.7452292,1.5275,0.061295528
15126,0.9121909,2.784,0.07078863
15127,0.6769401,1.7183098,0.11373876
15128,1.0652683,3.9349,0.10221821
15129,0.77203584,1.9877208,0.13544132
15130,0.77127194,1.8625427,0.14486267
15131,0.36709225,0.16007671,0.22494845
15132,0.2759,0.10062547,0.26685837
15133,0.6782681,1.0831736,0.21154001
15134,0.40646622,0.19419433,0.2697001
15135,0.36992908,0.13836728,0.2761902
15136,0.58552366,0.6177385,0.2182369
15137,0.84008694,1.8963668,0.18166128
15138,1.0498892,3.4920194,0.16815604
15139,0.4499532,0.23481949,0.28022364
15140,0.7371749,1.1623114,0.21937712
15141,0.48571017,0.294529,0.27879643
15142,0.7195902,1.0271055,0.27116853
15143,0.86378074,1.7754607,0.24865586
15144,0.8154946,1.4507473,0.26023194
15145,1.142744,3.775152,0.22276312
15146,0.71063346,0.87707764,0.30741945
15147,0.95185083,2.1458647,0.2685421
15148,0.9113596,1.8349406,0.29495564
15149,0.5699207,0.399561,0.402534
15150,0.44558248,0.17537524,0.45536444
15151,0.43305984,0.15853342,0.45983106
15152,1.2640579,4.3660684,0.27041698
15153,0.4536332,0.17370738,0.5022529
15154,0.32013378,0.053403266,0.49519998
15155,0.78238076,1.0132198,0.4110563
15156,1.1013181,2.8185503,0.34972057
15157,0.37491882,0.085784465,0.63736457
15158,0.3735426,0.08404903,0.64764273
15159,0.9187214,1.579659,0.42284667
15160,1.0064201,2.0487943,0.4140039
15161,0.9039331,1.4504719,0.45468193
15162,0.7619111,0.8346405,0.5086866
15163,0.9134565,1.4709027,0.4693363
15164,1.1294249,2.724609,0.43316576
15165,1.3860495,4.5452256,0.4136261
15166,0.8115504,0.9281664,0.6025911
15167,1.0055507,1.8001589,0.54766905
15168,0.45011848,0.13080348,0.847338
15169,1.2730092,3.4535778,0.5202648
15170,0.39087838,0.077738345,1.0488368
15171,0.8331866,0.9451543,0.7085676
15172,1.0787332,2.0851054,0.62868863
15173,1.3978194,4.1541896,0.57291406
15174,1.4675586,4.512316,0.6111972
15175,1.4788957,4.429238,0.670404
15176,1.5072303,4.472721,0.7277646
15177,0.34323755,0.040743746,1.6534526
15178,1.4053509,3.644554,0.7938519
15179,1.2977157,2.8772793,0.88414985
15180,1.3550475,3.1733902,0.90558517
15181,1.2898854,2.7212472,0.9777734
15182,1.4003326,3.3375993,0.9746466
15183,1.5353675,4.110432,0.97987986
15184,1.2780828,2.4789965,1.1527193
15185,0.6716123,0.32508108,1.6246244
15186,1.1657212,1.8973329,1.1944962
15187,0.29631558,0.021187779,1.8362
15188,0.26043293,0.013623623,1.2263
15189,0.3941181,0.05234374,1.9854
15190,0.41162708,0.060129415,2.1229
15191,0.32005197,0.02574654,1.3033
15192,0.3657714,0.038905155,1.348
15193,1.5763681,3.9957633,1.5906743
15194,0.8552831,0.6198935,2.2423546
15195,0.36072594,0.034778435,1.4722
15196,0.48193118,0.090394184,2.2685
15197,0.44362608,0.068210535,2.0121
15198,0.45895106,0.076349385,2.1439
15199,0.39691502,0.046104256,1.4301
15200,0.5358088,0.12461089,2.3153
15201,0.621017,0.20382862,2.3440247
15202,0.4084576,0.05037437,1.4564
15203,0.5335287,0.12165549,2.1041
15204,0.50657654,0.103039525,1.9727999
15205,0.7832015,0.444326,1.628227
15206,1.2275608,1.8794266,1.2200453
15207,0.97500163,0.9142463,1.3512881
15208,1.1266509,1.446791,1.257035
15209,0.5688164,0.15468839,1.7632481
15210,0.7323115,0.3612252,1.5135924
15211,1.5983012,3.9657884,0.96993303
15212,1.8277955,5.3148623,0.94907695
15213,0.85173786,0.5552614,1.5801488
15214,0.6866461,0.2752744,1.6797038
15215,0.7871825,0.43833297,1.4958402
15216,1.4273515,2.8270104,1.0694227
15217,1.7818315,4.898274,0.9819819
15218,0.9813612,0.86491966,1.435615
15219,0.80961514,0.46654394,1.5394802
15220,0.5222085,0.10830533,2.0001485
15221,1.4656541,2.9553266,1.1658292
15222,1.9972148,6.079702,1.0237143
15223,1.6894858,4.0373554,1.2403154
15224,1.456805,2.6754131,1.4099456
15225,0.58629596,0.1447704,2.2338994
15226,0.37446424,0.03264433,1.7312999
15227,0.70629305,0.27598566,1.8328135
15228,0.29042423,0.014278235,0.96
15229,0.2973044,0.015520565,1.0234
15230,0.47608456,0.07443929,2.284474
15231,0.49520847,0.08592806,2.1082199
15232,1.0121874,0.9228456,1.4700208
15233,0.46870774,0.07262698,2.083879
15234,0.49519986,0.08793599,1.9815189
15235,0.35240558,0.028395696,1.2646
15236,0.7897789,0.41545942,1.7375903
15237,0.5909381,0.1601267,1.88953
15238,0.9777808,0.8556886,1.3902435
15239,1.481632,3.0286596,1.09513
15240,1.152895,1.4334165,1.282751
15241,0.94917077,0.7725403,1.464559
15242,1.1525205,1.4438574,1.2885727
15243,1.446882,2.8284004,1.140958
15244,2.3888268,7.5252,0.9040398
15245,2.3703322,7.6415,1.0466747
15246,0.8354471,0.44404247,2.039811
15247,0.46702033,0.06422936,2.3628
15248,0.53696245,0.103631936,2.3650887
15249,0.8984875,0.5826429,1.7345694
15250,0.6981183,0.25623947,1.8942387
15251,1.2293539,1.618148,1.3781148
15252,0.6317588,0.18698108,1.8960607
15253,0.4191932,0.04798649,2.1348
15254,0.5711533,0.136951,1.7850593
15255,0.6998141,0.27384827,1.5401547
15256,0.5637906,0.13501047,1.642697
15257,1.2963315,2.0215864,1.0410885
15258,1.8029392,4.785733,0.89102226
15259,0.53585565,0.11141839,1.7625487
15260,0.57594025,0.14390302,1.6200259
15261,0.8033198,0.4419893,1.3179768
15262,1.9630903,5.714847,0.8136128
15263,1.7310898,4.212358,0.9641552
15264,1.6179172,3.4960752,1.0650591
15265,1.2801746,1.8021343,1.2543144
15266,1.5546832,3.1154785,1.1380415
15267,0.27722564,0.011562734,1.5255
15268,0.42108962,0.04680823,2.311944
15269,0.64409584,0.19564502,1.8751302
15270,0.5253212,0.1004252,1.9645423
15271,0.45438954,0.06264396,1.9913914
15272,1.1813537,1.4653788,1.1814733
15273,1.5911143,3.420545,1.0116426
15274,1.4762249,2.769229,1.0994147
15275,1.8357166,4.6934094,1.0105091
15276,1.5704136,3.1502385,1.1785702
15277,1.3844621,2.196383,1.4018481
15278,1.3561841,2.068416,1.424725
15279,0.42549416,0.04744998,2.4904492
15280,0.8330242,0.45403415,1.6896627
15281,0.32045266,0.018774541,2.084
15282,0.4639503,0.06525182,2.2243857
15283,0.34489724,0.024482999,2.2612
15284,0.9519985,0.71554166,1.6225078
15285,1.2906445,1.8638785,1.415618
15286,1.0219612,0.908061,1.5865569
15287,0.37891644,0.03402507,2.3104
15288,0.3158227,0.018606989,1.6672999
15289,0.31172264,0.017783795,1.4826
15290,0.34706268,0.024812093,1.3366
15291,0.32588193,0.020176971,1.1215999
15292,0.7610864,0.34691516,2.1058972
15293,0.7087071,0.27642474,2.1167293
15294,0.39869377,0.04079266,1.7811
15295,0.6552591,0.21749684,1.9840393
15296,0.68912804,0.25958103,1.9013993
15297,1.741215,4.40495,1.1432528
15298,1.9398328,5.4628677,1.1541986
15299,1.6530863,3.6518586,1.3690931
15300,1.6788322,3.732186,1.4153873
15301,1.7923933,4.2975044,1.4270405
15302,1.5499105,2.9056911,1.66306
15303,1.2929103,1.7148771,1.8473145
15304,0.63302577,0.17007208,2.5579417
15305,0.6558794,0.19450518,2.3571253
15306,0.7794757,0.35134697,2.039632
15307,0.2936238,0.0135859065,1.4211
15308,0.2611085,0.009245759,1.0482
15309,0.6288362,0.17715178,2.010852
15310,1.3709733,2.1885352,1.2998701
15311,1.41181,2.3762052,1.2918867
15312,1.1769931,1.3833698,1.4332885
15313,1.1301981,1.2296973,1.4427781
15314,0.34057012,0.023389572,2.1524
15315,0.29902324,0.015302224,1.7498
15316,0.7030234,0.27038297,1.618216
15317,0.78745705,0.39999837,1.4739277
15318,0.7343238,0.3223421,1.4731867
15319,0.3777881,0.035346095,1.9762875
15320,0.39485663,0.041039053,1.9795415
15321,0.6010899,0.16995601,1.5293845
15322,0.7964454,0.43973225,1.277759
15323,0.4873532,0.0867632,1.5743705
15324,0.2885851,0.015073144,1.4929
15325,0.31394592,0.020164896,1.7718002
15326,0.29417866,0.016354961,1.5472
15327,0.24495834,0.00888745,0.8758
15328,1.0046971,0.97646433,1.023936
15329,0.85046005,0.5763177,1.1007932
15330,0.8172347,0.5126872,1.0986971
15331,0.8074396,0.49960986,1.0801775
15332,0.8259124,0.54545045,1.0441484
15333,0.77360684,0.44596058,1.0564674
15334,0.44754463,0.07290705,1.3488003
15335,0.4526001,0.07664663,1.2899996
15336,0.5918153,0.19042216,1.0902874
15337,0.23568799,0.008853657,0.9768
15338,0.9164784,0.8173046,0.8497452
15339,0.78449804,0.4986111,0.9100933
15340,0.87298065,0.71535355,0.84761035
15341,0.869947,0.7153936,0.83963907
15342,0.6107939,0.22582732,0.98982936
15343,0.6330165,0.2578168,0.9476408
15344,0.70882547,0.38019285,0.8747334
15345,0.6463412,0.28378955,0.8981373
15346,0.572296,0.19180635,0.9329308
15347,0.52701026,0.14756176,0.94758344
15348,0.6379939,0.28257352,0.8398995
15349,0.6401902,0.28957555,0.82153493
15350,0.53996086,0.16639589,0.8762518
15351,0.5582151,0.18828796,0.84167063
15352,0.56131834,0.19425082,0.8207668
15353,0.41365555,0.070877515,0.9332735
15354,0.4229157,0.07718178,0.89831007
15355,0.4438539,0.09175569,0.85454196
15356,0.39229706,0.061380517,0.88574636
15357,0.2835663,0.020927265,1.0108029
15358,0.22590518,0.009870814,1.094598
15359,0.5084715,0.15014273,0.7124088
15360,0.40353942,0.07011882,0.78393227
15361,0.39931744,0.06842193,0.769981
15362,0.21374017,0.008545406,1.0208379
15363,0.21586388,0.0088943755,0.9851092
15364,0.19049774,0.0059001087,0.7529
15365,0.41232127,0.07818169,0.70244837
15366,0.41904995,0.08341712,0.6830408
15367,0.4083921,0.07735542,0.6781266
15368,0.50391215,0.15787081,0.599031
15369,0.46587893,0.12288795,0.6129411
15370,0.4586995,0.11799191,0.6072029
15371,0.4362948,0.100917965,0.61195415
15372,0.355008,0.051169578,0.6658317
15373,0.19767159,0.0072928946,0.8691645
15374,0.58417755,0.2742992,0.496223
15375,0.52938485,0.20002484,0.5158145
15376,0.4166489,0.090946764,0.5737572
15377,0.21786085,0.010505782,0.7762356
15378,0.17142814,0.0047521857,0.5497
15379,0.17948265,0.0055244192,0.6038
15380,0.31826636,0.03766396,0.6407076
15381,0.29042125,0.027969688,0.6573974
15382,0.19964752,0.008059084,0.7741783
15383,0.28313142,0.02606273,0.6372327
15384,0.25591654,0.018738545,0.65678877
15385,0.2145667,0.010476619,0.7017837
15386,0.31297785,0.035270922,0.8232562
15387,0.26270783,0.019786939,0.87651116
15388,0.28808346,0.027108848,0.8175701
15389,0.42360553,0.09914815,0.6616258
15390,0.34542066,0.05057111,0.71916217
15391,0.42502224,0.102028936,0.6364275
15392,0.45106453,0.12562883,0.6078109
15393,0.27802548,0.025142182,0.7598692
15394,0.32304972,0.04182375,0.69086367
15395,0.2198357,0.0116390735,0.729
15396,0.18910186,0.007041685,0.1896
15397,0.27898216,0.025851538,0.74739474
15398,0.26761383,0.022495128,0.78116924
15399,0.28454122,0.027788471,0.7418662
15400,0.32659993,0.044359706,0.67924225
15401,0.30214152,0.034447655,0.6928777
15402,0.25312883,0.019196767,0.74150676
15403,0.44346234,0.12592225,0.55079293
15404,0.2900421,0.030725583,0.67043144
15405,0.27598304,0.026201578,0.67437726
15406,0.26386452,0.022698825,0.67658794
15407,0.21511644,0.011528615,0.5873
15408,0.21549466,0.01164889,0.5943
15409,0.31207272,0.04035995,0.5995135
15410,0.25952837,0.021949172,0.6457676
15411,0.30937976,0.03974387,0.58157814
15412,0.3018153,0.036853984,0.57936007
15413,0.25516823,0.02117573,0.61930794
15414,0.307777,0.039829083,0.5591406
15415,0.3262483,0.048489135,0.554398
15416,0.288377,0.032334857,0.5805323
15417,0.22262806,0.013710881,0.64893496
15418,0.26050738,0.023300888,0.5898489
15419,0.27960986,0.02909904,0.6413503
15420,0.055500004,0.009304873,0.05549999
15421,0.27595702,0.027344115,0.73801935
15422,0.36237994,0.06823871,0.63623506
15423,0.26246956,0.02334291,0.7355579
15424,0.28646377,0.031385064,0.69370496
15425,0.1667,0.012482581,0.16670002
15426,0.1808,0.015381536,0.18079999
15427,0.31880227,0.04391789,0.7702417
15428,0.32244465,0.045718037,0.75474447
15429,0.28360003,0.029841363,0.7388
15430,0.25430948,0.020762637,0.39839998
15431,0.2166,0.017626949,0.21659999
15432,0.3205273,0.044636775,0.7759057
15433,0.2612947,0.022576809,0.4114
15434,0.30439708,0.037556123,0.79199886
15435,0.3400182,0.054462504,0.7385484
15436,0.32827535,0.0485492,0.74101806
15437,0.134,0.016332615,0.13399999
15438,0.0951,0.01839601,0.095099986
15439,0.1503,0.019192753,0.15029997
15440,0.3002167,0.035100732,0.7416
15441,0.35529953,0.061668552,0.77308726
15442,0.29873437,0.034597587,0.7575
15443,0.42006928,0.10766961,0.7165627
15444,0.3458399,0.05619212,0.79346454
15445,0.395128,0.087829515,0.7320933
15446,0.32484093,0.045730278,0.795978
15447,0.26882482,0.0243235,0.40249997
15448,0.1809,0.019307805,0.18089996
15449,0.3051883,0.03687997,0.7681
15450,0.39547914,0.086382985,0.8069867
15451,0.3302085,0.047243983,0.8508
15452,0.3895597,0.082039565,0.7853886
15453,0.46895513,0.15256044,0.70559263
15454,0.28788492,0.029926222,0.47180003
15455,0.40681905,0.09478212,0.75532174
15456,0.3794757,0.07523084,0.770559
15457,0.40189296,0.091286294,0.7378578
15458,0.47438833,0.15918526,0.67041594
15459,0.36478427,0.06639123,0.75537354
15460,0.41873664,0.10551502,0.69534844
15461,0.29411596,0.032492857,0.6375
15462,0.2721286,0.02508844,0.4019
15463,0.2617,0.024790576,0.26169997
15464,0.1585,0.027202062,0.15850002
15465,0.32042056,0.041475546,0.5355
15466,0.37695655,0.07094803,0.88844407
15467,0.50800794,0.19178185,0.74611247
15468,0.32243016,0.042024326,0.5789
15469,0.3905262,0.07965284,0.8142497
15470,0.36186254,0.061790362,0.8252849
15471,0.5540047,0.256315,0.6530978
15472,0.2686,0.028090483,0.2686
15473,0.455091,0.13216646,0.7513676
15474,0.5440599,0.24014872,0.6719048
15475,0.38342446,0.074896775,0.7864673
15476,0.38851288,0.07633073,0.8773
15477,0.612071,0.34710145,0.6864671
15478,0.44146815,0.11718681,0.7737863
15479,0.279,0.03919149,0.279
15480,0.35798582,0.057213474,0.43619996
15481,0.45202488,0.12546471,0.7337974
15482,0.6356168,0.39297348,0.57029426
15483,1.0335615,1.8729799,0.42217958
15484,0.4412703,0.11677417,0.64412946
15485,0.73593295,0.6403822,0.47859818
15486,0.69063616,0.52310157,0.48435366
15487,0.57135946,0.2814191,0.52292323
15488,0.36900166,0.06590718,0.63597006
15489,0.84343284,1.0162643,0.41234586
15490,0.6520398,0.44127694,0.4702227
15491,0.612052,0.36032623,0.48004338
15492,0.42362854,0.10655605,0.5700907
15493,0.43431032,0.115421265,0.5889951
15494,0.37828228,0.072260514,0.67044723
15495,0.3992712,0.0870643,0.62258667
15496,0.6391673,0.41934288,0.47337374
15497,0.84545445,1.0469633,0.40158466
15498,0.3398425,0.05152202,0.5137
15499,0.34753078,0.05563869,0.568
15500,0.6694052,0.49042216,0.4680526
15501,1.094373,2.3197994,0.3536787
15502,0.38101482,0.07472005,0.61395305
15503,1.0160958,1.8449521,0.36635688
15504,0.8787914,1.16902,0.40129203
15505,0.77125573,0.77000624,0.43050128
15506,0.8035403,0.8817383,0.4202777
15507,0.83723307,1.0077101,0.41223922
15508,0.30804878,0.036665853,0.3116
15509,0.8112992,0.90623647,0.44561005
15510,1.1267042,2.4841468,0.37726796
15511,1.2995209,3.6259527,0.36430436
15512,1.0943139,2.1824026,0.42619297
15513,0.5973909,0.31329793,0.59917086
15514,0.7941596,0.80123043,0.5134063
15515,0.31620136,0.037361458,0.47399998
15516,0.9403426,1.3424029,0.56070495
15517,1.2905194,3.3744278,0.4802791
15518,0.6545215,0.4017931,0.7033758
15519,0.5705989,0.2561654,0.7323754
15520,0.2564,0.036368098,0.2564
15521,0.3665851,0.05725843,0.592
15522,0.65838945,0.4037918,0.71571964
15523,0.42945275,0.09672362,0.9083121
15524,0.48400694,0.14350255,0.8519377
15525,1.367803,3.8783622,0.41778037
15526,1.9429694,5.8101,0.33005542
15527,2.1116173,6.2212,0.32811612
15528,1.8315264,5.8404,0.38939866
15529,1.2609513,2.7000873,0.515467
15530,0.4885941,0.12719393,0.8492481
15531,0.5025426,0.1411411,0.80569655
15532,0.33294922,0.035932522,0.4925
15533,0.75887007,0.56188786,0.62965214
15534,1.469969,4.125619,0.4436682
15535,1.2735726,2.7357175,0.51297694
15536,1.3128679,2.938134,0.52556586
15537,0.78002244,0.58069915,0.7166095
15538,0.8077307,0.6564646,0.69559574
15539,0.4301816,0.08148325,0.9581644
15540,0.70046246,0.4050776,0.9062856
15541,1.5697684,4.6390214,0.5648172
15542,0.57935965,0.20952854,0.9866918
15543,0.3723678,0.048273057,0.8824
15544,0.36700806,0.046302985,0.8451
15545,2.1695209,6.4934,0.49460548
15546,0.49411657,0.11770324,1.1463401
15547,1.7265717,5.467578,0.5779186
15548,1.7121686,5.174567,0.63492554
15549,1.1592169,1.7443548,0.8466333
15550,0.55456823,0.1586819,1.2284206
15551,0.38182098,0.045979712,1.2322
15552,1.575539,4.151665,0.67356366
15553,1.7803334,5.3781896,0.67897177
15554,1.1704812,1.6965523,0.93089825
15555,1.204771,1.8479123,0.9393347
15556,1.65839,4.3998637,0.8120697
15557,1.0623623,1.2145811,1.0976199
15558,0.4282656,0.060899176,1.7002155
15559,0.6034846,0.19402622,1.3737316
15560,0.7379894,0.38364094,1.2007506
15561,1.3024348,2.3291159,0.87972677
15562,1.0162339,1.0879549,1.0442286
15563,0.32778886,0.025720695,1.2874
15564,1.3474979,2.5759048,0.8672294
15565,1.4105725,2.8975377,0.8750765
15566,1.3076159,2.3158264,0.9460972
15567,0.87054765,0.6528682,1.1877812
15568,2.016579,6.4952226,0.7688483
15569,1.6501895,4.0866995,0.9675885
15570,1.4161483,2.6902328,1.1146866
15571,1.15087,1.455393,1.2707306
15572,0.47481477,0.080223456,1.9419962
15573,0.41514543,0.05166613,1.9968075
15574,0.7975575,0.46118996,1.403496
15575,0.27829567,0.01385628,1.2997
15576,0.7289937,0.34957886,1.3859661
15577,1.6978763,4.414277,0.8810492
15578,1.5762035,3.6020112,0.98487043
15579,1.6458324,3.936113,1.0137006
15580,1.7565291,4.487913,1.0384389
15581,1.5642804,3.3162408,1.1807646
15582,1.3044524,1.989417,1.3438034
15583,1.0896537,1.1560711,1.4734979
15584,0.5507872,0.124402665,2.0092602
15585,0.43858474,0.05872967,2.1424835
15586,0.6195997,0.1893382,1.7203032
15587,0.5605787,0.13758262,1.7210974
15588,0.4848886,0.08581952,1.7679498
15589,0.3642828,0.03334421,1.928134
15590,1.6215175,3.8158784,0.8757903
15591,0.48056775,0.083511956,1.6923368
15592,1.8422923,5.0151854,0.82596093
15593,1.4111996,2.5673852,1.0332998
15594,1.258125,1.8450968,1.121886
15595,1.5087129,3.050653,1.0284642
15596,1.2196728,1.6687773,1.1869557
15597,1.2680593,1.8781343,1.1629373
15598,0.9875994,0.87652373,1.3231027
15599,0.55286676,0.13129738,1.7147173
15600,0.291307,0.015558216,2.2075737
15601,0.3805988,0.038277674,1.9208548
15602,1.1140192,1.3315583,1.0776155
15603,0.9971819,0.95060295,1.1329192
15604,0.2819856,0.014488354,2.0482268
15605,0.2722709,0.013023724,1.9605026
15606,0.36586973,0.035415646,1.6093434
15607,0.38636243,0.043034315,1.494473
15608,0.41659367,0.056092456,1.3784859
15609,0.9059791,0.7480319,0.9038251
15610,2.049051,6.231422,0.58858675
15611,0.6182372,0.20420721,1.2254654
15612,0.38072485,0.040868428,1.4971267
15613,0.5368953,0.1309297,1.2170093
15614,0.57600594,0.16798268,1.1393167
15615,0.38893092,0.04532061,1.422637
15616,0.40760502,0.052863564,1.4896508
15617,0.2034156,0.0051925257,1.3365
15618,0.2234807,0.007125654,1.5725001
15619,0.29571858,0.018294984,1.6817797
15620,0.3531657,0.033506427,1.470153
15621,0.3223781,0.024965044,1.4696715
15622,0.24857494,0.010565913,1.5955387
15623,0.38683352,0.046395957,1.3275708
15624,0.6459217,0.26065508,1.0018677
15625,0.31679162,0.02435678,1.3825027
15626,0.72166735,0.38556764,0.8877239
15627,0.9960185,1.1055865,0.74032557
15628,0.47557703,0.098243915,1.0706722
15629,0.33556545,0.030844405,1.2532058
15630,0.39965808,0.05499091,1.2591363
15631,0.5128238,0.12825014,1.0747211
15632,0.62221575,0.24771802,0.9491041
15633,0.2542518,0.012568245,1.4292285
15634,0.33246866,0.030696984,1.322498
15635,1.0511802,1.3680565,0.75707257
15636,1.3493681,2.829017,0.6708996
15637,0.47225264,0.099026866,1.1814618
15638,0.2875083,0.018926434,1.5011389
15639,0.63632184,0.272383,0.98019797
15640,0.94918233,1.0154785,0.7838881
15641,0.67543834,0.3392582,0.9265906
15642,0.6675878,0.33008054,0.9240412
15643,0.92876804,0.9774579,0.76934075
15644,0.72370845,0.43951586,0.8752799
15645,0.94959956,1.0564805,0.81935316
15646,0.85578793,0.76415366,0.8615353
15647,0.6075389,0.2507132,1.0117202
15648,0.37638173,0.051221,1.245822
15649,0.33676317,0.03561366,1.2789624
15650,0.3543711,0.042535264,1.2248483
15651,0.7789284,0.5895943,0.8119051
15652,0.303012,0.025673363,1.2749305
15653,0.43997115,0.08999041,1.0497614
15654,0.676456,0.37962052,0.851908
15655,0.5277887,0.16843738,0.9460499
15656,0.9993405,1.3571672,0.6765898
15657,1.1120646,1.8750007,0.6498399
15658,0.89403236,0.95832175,0.74195296
15659,0.51300406,0.155967,0.97597414
15660,0.4875229,0.13306208,0.9767314
15661,0.6333574,0.32156965,0.8375649
15662,0.35445184,0.046851225,1.0928327
15663,0.35740107,0.048632205,1.0546658
15664,0.18835281,0.005697087,0.6506001
15665,0.44405934,0.09343089,1.6320431
15666,0.3787197,0.05492823,1.708947
15667,0.39016327,0.060815785,1.6221474
15668,1.7715436,6.03199,0.7468127
15669,1.4798551,3.8619344,0.92802536
15670,1.2911757,2.621508,1.0639346
15671,0.904623,0.88033634,1.3145884
15672,0.55552655,0.17777543,1.6450793
15673,0.4836386,0.1118932,1.7854037
15674,0.8149272,0.63566846,1.3286514
15675,0.3212693,0.028518774,1.5444
15676,0.29384196,0.021209152,1.2753
15677,0.25309533,0.012736188,0.63989997
15678,0.37566182,0.046854895,1.6915
15679,1.3795123,2.9564738,1.777626
15680,1.8481475,5.8181925,1.4033735
15681,1.5601069,3.7164032,1.5595318
15682,1.2114019,1.7677221,1.7728887
15683,0.96072847,0.848954,1.926348
15684,0.45279676,0.07017823,1.9897999
15685,0.59364414,0.17337371,2.296667
15686,0.5794075,0.16097805,2.1664426
15687,0.7469927,0.37838355,1.797476
15688,1.1912175,1.7029924,1.3764132
15689,0.37881574,0.039332442,1.4634
15690,0.30390492,0.018902645,0.76679987
15691,0.3809823,0.039983653,1.3509
15692,0.47319877,0.083085574,2.0656
15693,0.5637211,0.15061682,1.8079268
15694,0.7152413,0.33653936,1.5293269
15695,0.6211483,0.21276078,1.5741019
15696,1.0585263,1.2280898,1.1607494
15697,0.9038234,0.74503106,1.2454289
15698,0.5862198,0.17980649,1.5078363
15699,0.4640693,0.08317529,1.6219244
15700,0.8634951,0.6614365,1.1456254
15701,0.5096983,0.11620147,1.4547065
15702,0.4240282,0.06341667,1.5285592
15703,0.35980207,0.03690099,1.4684
15704,0.46442217,0.08725869,1.3849037
