,0,1,2
0,0.9999613,0.99994993,0.9996243
1,0.9999647,0.99994993,0.9996067
2,0.9999645,0.99994993,0.9996079
3,0.99995905,0.99994993,0.9996346
4,0.9999773,0.99995,0.99951047
5,0.99997205,0.99995,0.99955857
6,0.9999857,0.99995,0.9993848
7,0.99995995,0.9999486,0.9996286
8,0.99996495,0.9999486,0.9996032
9,0.99998164,0.9999487,0.9994534
10,0.9999883,0.9999348,0.9992787
11,0.9999605,0.9998978,0.999564
12,0.9999611,0.99989784,0.99956053
13,0.99997574,0.99989796,0.9994448
14,0.99997056,0.999898,0.9994957
15,0.99996984,0.9998981,0.9995016
16,0.9999846,0.99989814,0.999305
17,0.9999674,0.9998886,0.99951124
18,0.99996954,0.99988866,0.9994945
19,0.9999767,0.9998887,0.999423
20,0.9999718,0.99988884,0.99947494
21,0.9999771,0.9998889,0.9994183
22,0.9999725,0.999889,0.9994683
23,0.99998343,0.9998891,0.99931735
24,0.9999822,0.999888,0.99934113
25,0.9999821,0.9998881,0.9993423
26,0.99997586,0.99988824,0.99943274
27,0.9999702,0.9998883,0.99948925
28,0.9999697,0.9998884,0.999493
29,0.99997973,0.9998885,0.9993822
30,0.9999846,0.99988854,0.9992915
31,0.99998814,0.9998851,0.9991905
32,0.9999721,0.9998688,0.9994529
33,0.99998623,0.99986607,0.99922097
34,0.99997824,0.99986625,0.9993794
35,0.9999856,0.9998664,0.99923956
36,0.9999717,0.99976987,0.9993849
37,0.9999758,0.99976975,0.9993352
38,0.9999793,0.99977016,0.99928176
39,0.99998623,0.9997706,0.9991223
40,0.9999737,0.999652,0.9993007
41,0.999981,0.9996525,0.9991795
42,0.9999821,0.9996535,0.9991546
43,0.99998385,0.9996525,0.99911183
44,0.9999847,0.9996535,0.99908805
45,0.9999818,0.99965465,0.99916214
46,0.9999868,0.99965566,0.9990203
47,0.99997884,0.9991741,0.9990567
48,0.9999835,0.99917877,0.99893546
49,0.99997,0.99816996,0.99905056
50,0.99996215,0.99758816,0.9990977
51,0.9999793,0.9976145,0.99878323
52,0.9999808,0.99577296,0.9985626
53,0.99998033,0.99558014,0.9985516
54,0.99996835,0.9949,0.9988038
55,0.99996364,0.99501336,0.99887425
56,0.9999809,0.9951198,0.9984451
57,0.99997634,0.9773774,0.9983972
58,0.999973,0.9716321,0.9978733
59,0.99996024,0.9443939,0.9977216
60,0.99995846,0.9558445,0.9973787
61,0.999956,0.96334374,0.9971356
62,0.9999687,0.9687079,0.99632317
63,0.99995565,0.97261655,0.996662
64,0.99996865,0.97540295,0.99582565
65,0.9999692,0.9783281,0.9956126
66,0.99995744,0.9773564,0.9959585
67,0.9999746,0.9798875,0.9989406
68,0.9999574,0.9781071,0.99547166
69,0.999953,0.9806215,0.9955367
70,0.9999574,0.98267883,0.99520624
71,0.99995947,0.98446774,0.9950054
72,0.99997073,0.9860193,0.99606043
73,0.9999741,0.9871908,0.99829143
74,0.99997234,0.9879017,0.99700415
75,0.99996734,0.9884319,0.9941246
76,0.99997425,0.9894635,0.99829346
77,0.99997157,0.9845774,0.9976711
78,0.9999741,0.9855793,0.99926543
79,0.9999685,0.9833895,0.99627477
80,0.99995774,0.98470414,0.9934712
81,0.9999648,0.9865459,0.994068
82,0.99996656,0.9880014,0.99490446
83,0.9999646,0.98913234,0.99374694
84,0.9999684,0.9902612,0.9957459
85,0.99996966,0.9905675,0.99656963
86,0.99996823,0.98751307,0.9967375
87,0.9999659,0.98847234,0.9953904
88,0.9999657,0.9895069,0.995219
89,0.9999672,0.98970807,0.9961429
90,0.99995995,0.98599315,0.9938308
91,0.99995846,0.9876646,0.993087
92,0.9999615,0.9891799,0.99427444
93,0.99996364,0.9903041,0.9951635
94,0.99996614,0.9911723,0.99631417
95,0.9999671,0.99046946,0.9971521
96,0.9999624,0.97367907,0.99779826
97,0.9999503,0.969199,0.9942784
98,0.9999563,0.974734,0.9959569
99,0.99995035,0.9782674,0.99391836
100,0.99994034,0.98162246,0.99103683
101,0.9999356,0.9849339,0.989713
102,0.999948,0.98774093,0.9927463
103,0.99995977,0.9894451,0.99650764
104,0.99996305,0.9903228,0.9977526
105,0.99995995,0.9909168,0.99646634
106,0.99994105,0.9916308,0.9904664
107,0.9999493,0.9929288,0.9926491
108,0.9999665,0.9933317,0.9991889
109,0.99995714,0.9910941,0.9962018
110,0.99995714,0.988538,0.996966
111,0.99995434,0.9894988,0.9959831
112,0.9999632,0.9898604,0.9992093
113,0.9999606,0.9823062,0.99945647
114,0.9999471,0.9794488,0.9958791
115,0.9999444,0.98220724,0.9950837
116,0.9999544,0.9837617,0.9977629
117,0.99995637,0.9844562,0.9983964
118,0.99994695,0.9825465,0.9961465
119,0.9999374,0.9842187,0.9939341
120,0.99994785,0.9865782,0.9962279
121,0.99995786,0.98801327,0.9989726
122,0.9999575,0.98018736,0.999901
123,0.99995553,0.98166215,0.99923444
124,0.99992853,0.98311126,0.9931456
125,0.9999536,0.9859565,0.9985066
126,0.99995565,0.9848148,0.99930423
127,0.99995416,0.98467535,0.9989759
128,0.99995524,0.9857748,0.99919134
129,0.99994576,0.9863933,0.9967736
130,0.99995446,0.9877734,0.9988828
131,0.99995154,0.9821102,0.9989006
132,0.99988437,0.9740368,0.98955333
133,0.9999036,0.98077494,0.9914453
134,0.99988836,0.98482615,0.9895362
135,0.9999292,0.98825824,0.99478114
136,0.9999298,0.9897649,0.9948008
137,0.99993634,0.99103785,0.99591815
138,0.9999359,0.9794595,0.99761593
139,0.99991274,0.97495323,0.99472755
140,0.99993426,0.97972035,0.9976898
141,0.9999303,0.97706,0.99740916
142,0.999923,0.9793956,0.9962869
143,0.9999361,0.98244977,0.9982026
144,0.9999284,0.98398244,0.9969103
145,0.9999052,0.98589295,0.9937784
146,0.99993294,0.9880383,0.99748814
147,0.9998795,0.98774534,0.99127764
148,0.9999327,0.9902546,0.9975141
149,0.9999335,0.98944306,0.997883
150,0.9998488,0.9901788,0.98894763
151,0.99988127,0.9924945,0.99142176
152,0.999892,0.9938906,0.99235004
153,0.99987245,0.9948967,0.9904012
154,0.9998551,0.995887,0.98883086
155,0.99991256,0.9967719,0.99442047
156,0.99992704,0.99714833,0.9964387
157,0.9998737,0.99709785,0.9903404
158,0.99986875,0.99763536,0.98977906
159,0.9999227,0.9980877,0.99579775
160,0.9998515,0.9975271,0.9890329
161,0.9998563,0.9980366,0.9892587
162,0.9998954,0.99842745,0.9927967
163,0.99992466,0.99864405,0.99656624
164,0.99993503,0.99826807,0.9988288
165,0.9998493,0.9977429,0.98991185
166,0.99987113,0.998181,0.99155
167,0.9998992,0.9984493,0.99429303
168,0.9999061,0.9986261,0.9950532
169,0.9998771,0.9985701,0.9922422
170,0.99979013,0.9987832,0.98603326
171,0.9998882,0.9990847,0.9931209
172,0.99978405,0.99745786,0.9883887
173,0.99986523,0.9980294,0.99332863
174,0.999887,0.99830425,0.9951726
175,0.99986553,0.9984731,0.9932437
176,0.99987024,0.9985325,0.99378896
177,0.9999134,0.99871963,0.99816865
178,0.9998763,0.99738026,0.9956778
179,0.99989474,0.99710345,0.9976613
180,0.9998825,0.99686575,0.9967483
181,0.9996624,0.9828225,0.9898595
182,0.9996166,0.98686147,0.9886537
183,0.9998516,0.9908463,0.99715704
184,0.9998311,0.9919323,0.9958986
185,0.999839,0.99303705,0.9962753
186,0.9998058,0.99369234,0.9945265
187,0.9993568,0.9945681,0.9832861
188,0.999385,0.99631333,0.98346764
189,0.9997726,0.99758023,0.9927204
190,0.9998269,0.9979896,0.9952806
191,0.99987113,0.9982195,0.99810255
192,0.99978805,0.9974872,0.9939518
193,0.99984497,0.997497,0.9971103
194,0.9995601,0.99718964,0.9876157
195,0.9994251,0.997918,0.985902
196,0.99960834,0.99853534,0.9883245
197,0.99941784,0.99887246,0.988371
198,0.9993786,0.9991255,0.9896377
199,0.9992446,0.9992679,0.9912105
200,0.9996321,0.9994444,0.98879063
201,0.99983704,0.99957335,0.99641067
202,0.99985796,0.9995663,0.99793786
203,0.9998674,0.9995266,0.9988241
204,0.9998001,0.99942106,0.9950995
205,0.9996411,0.9994783,0.9895376
206,0.9993046,0.9995409,0.9927921
207,0.9997745,0.99964935,0.9937056
208,0.99983287,0.99969506,0.9966978
209,0.99978215,0.9996148,0.9945359
210,0.99976903,0.9996171,0.99412036
211,0.99976677,0.99957836,0.9943893
212,0.999781,0.99946785,0.99558663
213,0.999726,0.99859273,0.99520653
214,0.9990407,0.9984635,0.99306625
215,0.99902713,0.99866015,0.99348176
216,0.9989729,0.998786,0.99396896
217,0.99867296,0.99863034,0.9949058
218,0.99902886,0.9990274,0.9943341
219,0.99887526,0.99900794,0.99495184
220,0.99954337,0.99934375,0.9926628
221,0.9994959,0.9993855,0.9932677
222,0.9989391,0.99925554,0.9954988
223,0.9992439,0.99945635,0.99491346
224,0.9988687,0.99928415,0.99597377
225,0.99898905,0.999404,0.9958902
226,0.9988719,0.9993397,0.9962319
227,0.99877626,0.99926674,0.99648726
228,0.9990292,0.9994945,0.9961834
229,0.9990732,0.99954057,0.9962205
230,0.9988218,0.9993653,0.99673814
231,0.9995205,0.999712,0.99512833
232,0.9995625,0.9997433,0.9951204
233,0.99936104,0.99973434,0.99608296
234,0.99958956,0.9997858,0.9953313
235,0.9994551,0.9997882,0.9960729
236,0.998884,0.99952483,0.9972993
237,0.99969774,0.999828,0.99507636
238,0.99940014,0.9998107,0.996582
239,0.9997874,0.99985296,0.99682593
240,0.99976003,0.9997844,0.99634326
241,0.99960583,0.999677,0.99533045
242,0.99966896,0.999619,0.9948345
243,0.99939936,0.99962664,0.99626493
244,0.9983354,0.9983905,0.99764484
245,0.9981125,0.9977894,0.9978156
246,0.9984771,0.99870014,0.9975889
247,0.99824387,0.9981689,0.99778724
248,0.99813753,0.9978666,0.9978726
249,0.99860746,0.9989419,0.99756175
250,0.99938315,0.9995755,0.99643415
251,0.99923754,0.9993937,0.9966133
252,0.99964035,0.9994824,0.9952444
253,0.999661,0.99940157,0.9953257
254,0.9996225,0.9993533,0.99528706
255,0.999493,0.99899465,0.995579
256,0.9995923,0.99909145,0.9952584
257,0.999564,0.99917877,0.99557185
258,0.99764794,0.995398,0.99807245
259,0.9979239,0.9966434,0.9979222
260,0.9991014,0.99905723,0.9968608
261,0.9995325,0.99924743,0.9958178
262,0.99890786,0.9990205,0.9973108
263,0.99950117,0.9992035,0.9960003
264,0.99927473,0.9992142,0.9967626
265,0.99932414,0.9989238,0.99642587
266,0.99951,0.9989304,0.99584985
267,0.99897116,0.99858266,0.99706197
268,0.99869657,0.99833465,0.99743456
269,0.9987973,0.9985136,0.9973709
270,0.9986791,0.9983804,0.99752176
271,0.9987038,0.99845386,0.99753416
272,0.99924034,0.99896306,0.9968496
273,0.9988998,0.9985702,0.9973043
274,0.998879,0.9985895,0.9973692
275,0.99959445,0.9988688,0.996002
276,0.9989931,0.9985374,0.99719095
277,0.99854404,0.99800533,0.99769807
278,0.9984254,0.9977631,0.99779457
279,0.99855214,0.99806046,0.99771714
280,0.9988011,0.9984513,0.99750435
281,0.9983071,0.99754554,0.99792576
282,0.99930775,0.9988966,0.9968032
283,0.99938637,0.998805,0.9965655
284,0.9993548,0.99883425,0.99669874
285,0.99937844,0.99822557,0.9963366
286,0.9993638,0.9983123,0.99643147
287,0.99964976,0.99850285,0.9981315
288,0.9996341,0.99808526,0.9981298
289,0.99957067,0.9966316,0.9976003
290,0.99904025,0.9965075,0.99649614
291,0.998719,0.9965019,0.99698406
292,0.9982727,0.9958205,0.99740857
293,0.9991293,0.99726653,0.9963643
294,0.9990607,0.99723345,0.9964813
295,0.9994964,0.997503,0.99626666
296,0.99929976,0.9959746,0.99552476
297,0.9991768,0.99121416,0.9950143
298,0.99772555,0.9893057,0.99683565
299,0.9991169,0.9933849,0.99474496
300,0.9984106,0.99303627,0.99593055
301,0.9975459,0.9910022,0.99666965
302,0.9984065,0.9944029,0.99573296
303,0.99887997,0.9935541,0.9945092
304,0.99944645,0.9938324,0.9975719
305,0.9988243,0.9932716,0.9941097
306,0.998257,0.9937045,0.9951708
307,0.9987638,0.99516535,0.99433047
308,0.9989181,0.99600035,0.9941049
309,0.9986016,0.9963467,0.99495465
310,0.9989733,0.99709314,0.9943255
311,0.99863696,0.9968908,0.9950955
312,0.99821186,0.99652183,0.9958265
313,0.9975704,0.99470514,0.99645936
314,0.9975809,0.994928,0.99644715
315,0.99816823,0.9969054,0.99593306
316,0.9988109,0.9975321,0.9948411
317,0.9983558,0.9970166,0.99564725
318,0.9986388,0.997623,0.99535364
319,0.9992045,0.99786603,0.9947728
320,0.99912554,0.9980305,0.9944148
321,0.9988522,0.99812824,0.99530005
322,0.9984226,0.9975914,0.99599737
323,0.9974625,0.99466825,0.9968089
324,0.9990415,0.99822193,0.994874
325,0.9988894,0.9983452,0.9954256
326,0.9989673,0.99853057,0.9954311
327,0.99870586,0.998438,0.99604446
328,0.9983698,0.9980219,0.9965443
329,0.9986427,0.9984853,0.9963151
330,0.9976337,0.99609286,0.9972653
331,0.99753946,0.99573004,0.9973033
332,0.99799263,0.9973399,0.9970079
333,0.9983213,0.99786025,0.9965858
334,0.99871725,0.9983515,0.9960941
335,0.9983036,0.99785006,0.9966957
336,0.9970961,0.9934372,0.9975194
337,0.9992012,0.9988769,0.99524176
338,0.9994969,0.9990147,0.9981106
339,0.9989767,0.9964561,0.9945871
340,0.999236,0.9970473,0.9964361
341,0.99787813,0.9953951,0.9963614
342,0.9980827,0.9961915,0.9962116
343,0.99851483,0.99689984,0.9956324
344,0.9975965,0.99479675,0.99663365
345,0.99899536,0.99776715,0.9948796
346,0.9980247,0.9966329,0.9964466
347,0.99932015,0.99816453,0.9970376
348,0.99899465,0.9977273,0.9948825
349,0.9988956,0.9979606,0.9953131
350,0.99850726,0.9977792,0.9960972
351,0.9989216,0.99829906,0.9955528
352,0.9990134,0.9984743,0.99550706
353,0.99880296,0.9982347,0.9958876
354,0.99786353,0.9965314,0.99694955
355,0.9991088,0.9985507,0.99540627
356,0.9993231,0.9986714,0.997327
357,0.99754,0.995582,0.9973054
358,0.9979761,0.99711066,0.9970131
359,0.9984301,0.9981404,0.99666315
360,0.9979776,0.9972281,0.9971246
361,0.9991434,0.9989015,0.99570197
362,0.9986452,0.9986447,0.99668974
363,0.99787223,0.99707794,0.9974025
364,0.99807453,0.99767095,0.99729043
365,0.9981419,0.9978589,0.99727905
366,0.9983139,0.9982478,0.9971885
367,0.9983152,0.9982761,0.99724096
368,0.9980785,0.9977709,0.997462
369,0.9989295,0.9990813,0.9966633
370,0.99869156,0.9989194,0.9970664
371,0.9993279,0.9993316,0.99649864
372,0.99815536,0.99807113,0.9976551
373,0.99839145,0.99856716,0.99752074
374,0.9991529,0.9993415,0.9966719
375,0.99946094,0.9993213,0.9983363
376,0.9982115,0.9977693,0.9974258
377,0.9982529,0.9978922,0.9974289
378,0.99890786,0.9988349,0.9968112
379,0.99868524,0.9986868,0.99716675
380,0.9986622,0.9987,0.99725455
381,0.9993141,0.9991665,0.9967456
382,0.99856627,0.9986016,0.99743223
383,0.99866706,0.99876064,0.9973894
384,0.99898076,0.9990756,0.9970864
385,0.9987763,0.99894965,0.99740446
386,0.99900705,0.9991612,0.9971891
387,0.9988181,0.9990509,0.99748415
388,0.9992857,0.9993429,0.9968575
389,0.9992326,0.9993632,0.99704975
390,0.99923265,0.9993987,0.99713343
391,0.998973,0.9993,0.9975812
392,0.9987405,0.9991125,0.9978602
393,0.9987281,0.9991076,0.9979081
394,0.99914616,0.99943566,0.9975007
395,0.99935347,0.9995257,0.99720824
396,0.99950004,0.9995651,0.998795
397,0.9988407,0.9992119,0.9979038
398,0.99942523,0.9995063,0.9978338
399,0.9990967,0.9994174,0.99771076
400,0.99940115,0.9995401,0.9974548
401,0.9988361,0.99897534,0.9978209
402,0.99900717,0.99913293,0.99768424
403,0.9991535,0.9992412,0.9975471
404,0.99943644,0.9993589,0.9984604
405,0.99893165,0.9988455,0.9976678
406,0.9992275,0.99905115,0.9973202
407,0.9992762,0.99912083,0.9973004
408,0.999346,0.99918693,0.99770033
409,0.9993827,0.9992358,0.99811304
410,0.99927175,0.9992354,0.9974641
411,0.9994707,0.9993211,0.99923784
412,0.9991445,0.99832493,0.997055
413,0.9993318,0.9985116,0.9984065
414,0.99872255,0.9965526,0.995473
415,0.9983603,0.99568707,0.9942573
416,0.9990675,0.9969255,0.99578243
417,0.9987648,0.9952881,0.9911981
418,0.99884576,0.99628824,0.9924108
419,0.99835885,0.9963233,0.99002236
420,0.99834645,0.99703676,0.9926575
421,0.9992,0.9979865,0.99589497
422,0.990627,0.99156255,0.9825519
423,0.99003196,0.9914262,0.9819658
424,0.9789552,0.9852488,0.9798906
425,0.9888995,0.9851089,0.9803956
426,0.9945294,0.9899092,0.981687
427,0.9971569,0.99430037,0.9846469
428,0.9975958,0.99593776,0.9876599
429,0.9983543,0.9973738,0.99027175
430,0.9985845,0.9979968,0.9926272
431,0.998159,0.99772716,0.9922828
432,0.9991617,0.9984865,0.9948893
433,0.9981913,0.9980314,0.993003
434,0.9981936,0.9980637,0.99451965
435,0.9984087,0.9984134,0.9954558
436,0.9985271,0.99859494,0.9961259
437,0.9988951,0.9989658,0.9964525
438,0.99913824,0.99908537,0.9974298
439,0.9989956,0.9991068,0.99717903
440,0.9988583,0.9990369,0.9973039
441,0.9991854,0.9991886,0.99793565
442,0.998687,0.9988024,0.9946005
443,0.99930614,0.9989656,0.99603397
444,0.99849993,0.99878883,0.9936956
445,0.9982892,0.99859357,0.9948717
446,0.9985793,0.99892455,0.99566674
447,0.9986922,0.9990402,0.9962756
448,0.99868095,0.99904054,0.9967756
449,0.99882764,0.9991724,0.99709034
450,0.9988613,0.9992003,0.9970738
451,0.9984995,0.9989518,0.9943566
452,0.99854076,0.999,0.9953889
453,0.998613,0.9990652,0.9961042
454,0.9986384,0.9991035,0.99599916
455,0.9978573,0.9986404,0.99213827
456,0.9980624,0.99873453,0.99386656
457,0.9983041,0.998941,0.99502647
458,0.998469,0.99907255,0.9958413
459,0.99861413,0.9991866,0.9964262
460,0.9985115,0.9991561,0.99553436
461,0.9919823,0.99793696,0.9835215
462,0.9908647,0.997257,0.98355883
463,0.99432164,0.9978675,0.98550576
464,0.9959163,0.9979026,0.98824394
465,0.9966028,0.99742335,0.99097216
466,0.99703074,0.9971584,0.99314487
467,0.99767786,0.9982827,0.9946665
468,0.99816656,0.9989251,0.99563587
469,0.99837554,0.99907935,0.99631697
470,0.9983874,0.99901056,0.9968325
471,0.9979943,0.9979554,0.9972904
472,0.9982733,0.99856055,0.9976312
473,0.9991331,0.9992189,0.9973852
474,0.9979137,0.99875635,0.9947794
475,0.99695337,0.99854904,0.9912067
476,0.9974127,0.9985747,0.99319756
477,0.998263,0.99894786,0.9937512
478,0.99491334,0.9985685,0.98665255
479,0.9933907,0.99775845,0.9864174
480,0.99528134,0.99777377,0.98910475
481,0.99625576,0.9984617,0.990762
482,0.9969171,0.9986306,0.9920686
483,0.99598813,0.99807763,0.9908914
484,0.99640113,0.99745417,0.9925756
485,0.99719554,0.99832535,0.9942674
486,0.9981406,0.9988797,0.9953834
487,0.9955068,0.99887997,0.988579
488,0.9964656,0.9987403,0.99092555
489,0.99613553,0.9965821,0.9929646
490,0.9974588,0.99864393,0.9946135
491,0.9975401,0.998907,0.9936641
492,0.9973948,0.99876785,0.9939063
493,0.9979076,0.9989359,0.99509376
494,0.99739736,0.9982648,0.99571884
495,0.9981539,0.9988514,0.9964502
496,0.99616325,0.9985355,0.99147105
497,0.99060744,0.99345255,0.9868998
498,0.99395835,0.99454063,0.9900632
499,0.9951407,0.9937539,0.99275225
500,0.9967944,0.9969036,0.99474335
501,0.99719226,0.99706894,0.99580264
502,0.99759156,0.99769497,0.99657124
503,0.9896768,0.99665827,0.9854899
504,0.98735,0.99442345,0.984782
505,0.99237025,0.99600345,0.98728776
506,0.99158037,0.9954433,0.98678434
507,0.9938044,0.995079,0.98911864
508,0.995772,0.9965032,0.9919098
509,0.9964492,0.99606824,0.9936763
510,0.9966851,0.99462146,0.99518204
511,0.9975187,0.99679166,0.9961366
512,0.9965311,0.9932839,0.9956712
513,0.9977919,0.99695843,0.99674755
514,0.99749035,0.9968001,0.9957436
515,0.996461,0.9920617,0.99647623
516,0.9973099,0.9935759,0.9973818
517,0.9976857,0.99420416,0.9979342
518,0.99755716,0.99325806,0.9983241
519,0.9974522,0.99251765,0.99865234
520,0.998385,0.99682343,0.9988956
521,0.998639,0.99764764,0.99900395
522,0.99784714,0.9934572,0.99881035
523,0.99787235,0.9933251,0.9990123
524,0.99868256,0.9976478,0.9991432
525,0.9974367,0.9921436,0.99791414
526,0.9976576,0.9925161,0.9983636
527,0.99828184,0.9962641,0.9986623
528,0.99871796,0.99766845,0.9987972
529,0.9986634,0.9973698,0.9973411
530,0.9970013,0.99169606,0.9951645
531,0.9976207,0.99438846,0.9964714
532,0.99812293,0.9963755,0.9970484
533,0.9983208,0.99685264,0.99753034
534,0.9978589,0.9952924,0.9968996
535,0.99697363,0.99030036,0.99751794
536,0.99829507,0.99656045,0.9980782
537,0.99203485,0.98762655,0.9855154
538,0.99576205,0.9934497,0.9888549
539,0.9970769,0.9955591,0.99183273
540,0.99734646,0.9953346,0.99386805
541,0.99744755,0.9957521,0.99401206
542,0.99820566,0.99737835,0.99534917
543,0.99420375,0.9944539,0.9864045
544,0.994606,0.9953326,0.9867275
545,0.99512815,0.9955016,0.98772454
546,0.9663621,0.9775096,0.9824564
547,0.9730699,0.96273637,0.98255193
548,0.9892761,0.96962965,0.98312306
549,0.99564123,0.98236716,0.9859558
550,0.99748176,0.9896062,0.9900329
551,0.99779046,0.99191356,0.99266165
552,0.9952683,0.98301095,0.9947587
553,0.99578446,0.9840032,0.9962915
554,0.9983423,0.99495393,0.9972585
555,0.99873,0.9960679,0.9975736
556,0.99903715,0.9966573,0.99774146
557,0.9983054,0.99474645,0.9954069
558,0.99859923,0.9953454,0.9946672
559,0.9968291,0.9880727,0.9939271
560,0.9963495,0.98577124,0.99579257
561,0.9975581,0.99278575,0.9969103
562,0.99662584,0.9862654,0.9975809
563,0.99655783,0.9859493,0.9981023
564,0.99601126,0.98461396,0.9984645
565,0.99804634,0.9959438,0.998291
566,0.99910694,0.99803144,0.99778944
567,0.99921036,0.9980182,0.99792993
568,0.9992468,0.99789417,0.9983586
569,0.99886453,0.9972962,0.9968411
570,0.9980981,0.9959775,0.9975341
571,0.99652153,0.9867749,0.9980876
572,0.99883604,0.9977583,0.99748045
573,0.9991299,0.99808186,0.9973041
574,0.9988411,0.9974532,0.99671155
575,0.99876904,0.99734384,0.99649984
576,0.9987039,0.9970167,0.99545735
577,0.99859035,0.99641925,0.99252194
578,0.9948047,0.991847,0.9817826
579,0.9933412,0.9829176,0.9844432
580,0.9948528,0.9845067,0.9884287
581,0.99528694,0.98488325,0.99235326
582,0.99450547,0.98328435,0.9949694
583,0.99607915,0.98700714,0.9962043
584,0.9956687,0.9844076,0.996985
585,0.9982139,0.9978943,0.9964644
586,0.99804354,0.9974939,0.99647397
587,0.99609363,0.9875784,0.9974524
588,0.9972441,0.9947647,0.9972389
589,0.9960123,0.9873674,0.9977208
590,0.996505,0.99090433,0.9975679
591,0.9961916,0.98907536,0.99763954
592,0.99596924,0.98788416,0.9976231
593,0.99684227,0.99345356,0.9971792
594,0.9970223,0.9944389,0.99706554
595,0.99629426,0.99042577,0.9973537
596,0.9984808,0.9988145,0.9957419
597,0.99861807,0.99901134,0.99573815
598,0.9980053,0.99810255,0.99658465
599,0.9987159,0.9991692,0.99589384
600,0.99831,0.99873024,0.9965552
601,0.99662083,0.9924812,0.997621
602,0.999073,0.9994499,0.99538267
603,0.99818426,0.99858975,0.9968206
604,0.9993509,0.9995765,0.9976386
605,0.9992664,0.99936914,0.9972255
606,0.9987968,0.9988788,0.9954206
607,0.9989783,0.99882734,0.9954052
608,0.9981908,0.998079,0.9961927
609,0.9951892,0.98264277,0.99710405
610,0.99474543,0.9807674,0.997183
611,0.9958468,0.98800236,0.99663794
612,0.99534136,0.9851518,0.99670595
613,0.9951898,0.9846663,0.996533
614,0.9964469,0.99254024,0.9956582
615,0.9984169,0.9988307,0.99358404
616,0.9980557,0.9981582,0.9940199
617,0.99907583,0.99915534,0.9955606
618,0.99912524,0.9990509,0.996158
619,0.9990254,0.9989413,0.9954797
620,0.99866194,0.998269,0.99284756
621,0.99892586,0.99865556,0.99472135
622,0.9988656,0.99877715,0.9944637
623,0.9943274,0.9803415,0.9959678
624,0.995114,0.984685,0.99571276
625,0.9978757,0.99794006,0.99359536
626,0.9988871,0.99917126,0.99452686
627,0.99745953,0.9970663,0.9948863
628,0.9988248,0.9991673,0.99420047
629,0.99831283,0.99882066,0.9941671
630,0.9984146,0.9987531,0.9934028
631,0.9988406,0.99910927,0.9944951
632,0.9976191,0.99731946,0.9944399
633,0.99704003,0.9953988,0.99536186
634,0.9972936,0.9963877,0.995443
635,0.9970643,0.9955258,0.9957983
636,0.99714756,0.99587643,0.9958981
637,0.99832195,0.9988501,0.9949239
638,0.9975932,0.9973198,0.9955903
639,0.9975672,0.9972565,0.99580413
640,0.99910146,0.99935836,0.9963905
641,0.99781525,0.9978264,0.9954194
642,0.99689865,0.9946411,0.9963193
643,0.99668986,0.99364495,0.9964727
644,0.99698466,0.9950892,0.99635524
645,0.9975143,0.9970866,0.99603504
646,0.99654704,0.9929483,0.99672604
647,0.99857724,0.99915725,0.9949637
648,0.998737,0.99924856,0.99471265
649,0.99867654,0.9992382,0.9950705
650,0.9987043,0.99903846,0.99425066
651,0.9986801,0.99908274,0.994642
652,0.999263,0.99940854,0.99802214
653,0.99920565,0.99923676,0.9974709
654,0.99889445,0.9986557,0.9929046
655,0.99785393,0.99775606,0.9913378
656,0.997293,0.99626446,0.9936031
657,0.9964891,0.99248827,0.9950696
658,0.9981994,0.99854064,0.9945823
659,0.99806595,0.99833196,0.99478185
660,0.9989221,0.99923944,0.99523914
661,0.9982928,0.9986033,0.98969597
662,0.9958668,0.99739456,0.98037314
663,0.9941526,0.98599666,0.984659
664,0.9976311,0.99845964,0.98778236
665,0.99638087,0.9943796,0.9897693
666,0.9950703,0.9857894,0.99292374
667,0.99683535,0.9950911,0.9944581
668,0.997427,0.9979739,0.9902624
669,0.9983746,0.99933654,0.99003035
670,0.99716973,0.9977309,0.98978674
671,0.9963675,0.99362534,0.9926963
672,0.99742424,0.99760795,0.99398416
673,0.99776787,0.9983551,0.99482304
674,0.9972557,0.99665076,0.9958469
675,0.99796647,0.9986081,0.9961207
676,0.997336,0.9968858,0.99592143
677,0.99664295,0.9934648,0.9966791
678,0.99560446,0.98683554,0.9971939
679,0.9957372,0.9877894,0.9975687
680,0.9968037,0.9942846,0.99752647
681,0.99786496,0.99831235,0.99633473
682,0.9970947,0.9957944,0.9964867
683,0.9976017,0.99757296,0.9966035
684,0.9985164,0.99929833,0.9952929
685,0.9983874,0.9991704,0.9956187
686,0.99794865,0.9984447,0.9963256
687,0.9972173,0.9962286,0.9962549
688,0.9956511,0.9874828,0.99618506
689,0.998307,0.9990491,0.99580777
690,0.9980788,0.99867636,0.9963918
691,0.9982192,0.99890065,0.9965412
692,0.99780786,0.99802685,0.99697953
693,0.99728,0.99623656,0.9972591
694,0.9977423,0.9977907,0.9972514
695,0.99616855,0.99011385,0.99783146
696,0.99608123,0.9896888,0.9978684
697,0.9968322,0.9941931,0.99769396
698,0.99733645,0.99648565,0.9969729
699,0.9979464,0.998283,0.9964333
700,0.9973306,0.9964051,0.9970086
701,0.99554634,0.9863336,0.9976849
702,0.9987523,0.99941164,0.9959708
703,0.99920154,0.99961776,0.9978448
704,0.99763596,0.9982755,0.9852594
705,0.9983243,0.9990112,0.98899364
706,0.99646956,0.9935851,0.9925368
707,0.9969093,0.99528956,0.9941973
708,0.9975391,0.99763453,0.9936259
709,0.9962732,0.9916779,0.9952697
710,0.99837875,0.99911594,0.9950365
711,0.99699825,0.9952383,0.99639934
712,0.9988865,0.99950784,0.99551016
713,0.99833804,0.9990865,0.9944107
714,0.9982312,0.9989436,0.9953337
715,0.99769855,0.9977991,0.9962144
716,0.9983154,0.99903053,0.99615365
717,0.9984566,0.9992013,0.9962625
718,0.9981096,0.9987204,0.9958102
719,0.9967746,0.99396014,0.99641806
720,0.9985977,0.99932706,0.9960244
721,0.9988952,0.9995259,0.99579906
722,0.99639153,0.9914607,0.9972782
723,0.99705464,0.9951286,0.99734735
724,0.997718,0.9976637,0.9973148
725,0.9971074,0.9952568,0.99768966
726,0.99874777,0.999444,0.99692607
727,0.9980613,0.9984816,0.9975806
728,0.9970034,0.99461246,0.99800926
729,0.9973045,0.9960187,0.9979706
730,0.99741364,0.9964511,0.9979801
731,0.9976619,0.9973368,0.997928
732,0.9976744,0.9973574,0.9979662
733,0.9973657,0.9961836,0.99811363
734,0.9985256,0.9991958,0.99754286
735,0.9982077,0.9987006,0.99782705
736,0.9990717,0.99962085,0.997104
737,0.9974946,0.9966215,0.9982409
738,0.99782103,0.99773514,0.99812204
739,0.9988468,0.9994967,0.99747825
740,0.99925447,0.9996261,0.99824524
741,0.9975494,0.99668574,0.9974601
742,0.997621,0.99692184,0.99755335
743,0.9985025,0.998971,0.99715155
744,0.99821347,0.9985133,0.99748343
745,0.9981899,0.99846137,0.9975939
746,0.9990593,0.9994486,0.9968848
747,0.9980677,0.998173,0.99772507
748,0.99820787,0.9984734,0.99772197
749,0.99862653,0.999121,0.9975103
750,0.9983617,0.99875724,0.99778146
751,0.99866927,0.9991765,0.9976267
752,0.99842465,0.99886113,0.99787277
753,0.9990418,0.99946994,0.9973827
754,0.9989737,0.9994463,0.99754024
755,0.9989759,0.9994608,0.9976136
756,0.99863774,0.9991796,0.9979769
757,0.99833715,0.9987263,0.99820215
758,0.998325,0.99869585,0.9982375
759,0.9988729,0.9994026,0.99790007
760,0.9991448,0.9995664,0.9976589
761,0.9993366,0.9996286,0.9987911
762,0.9984759,0.998912,0.9981971
763,0.99923795,0.99955547,0.9978508
764,0.99881214,0.99932444,0.9980419
765,0.99920946,0.9995668,0.99767196
766,0.9984505,0.9986794,0.9978181
767,0.9986775,0.99899274,0.99774516
768,0.9988713,0.9991883,0.99766886
769,0.999241,0.99939924,0.9982732
770,0.99854136,0.9986526,0.9971384
771,0.9989335,0.99905837,0.99699605
772,0.9990047,0.9991417,0.99710715
773,0.9991009,0.9992239,0.99721277
774,0.9991543,0.99928254,0.9976861
775,0.9990167,0.9992448,0.99750096
776,0.99927723,0.99937576,0.9988763
777,0.99852836,0.9983887,0.99256516
778,0.9988605,0.9987861,0.9947333
779,0.9965854,0.99706715,0.98470014
780,0.99589014,0.99649125,0.98471564
781,0.997702,0.9984999,0.9875434
782,0.9956172,0.9981858,0.98434603
783,0.9965945,0.9985978,0.98587406
784,0.9961775,0.9981313,0.9862812
785,0.99686944,0.99795973,0.98937607
786,0.9984426,0.99925894,0.9921693
787,0.9793417,0.9973256,0.98231274
788,0.9786869,0.9950716,0.98175406
789,0.9698006,0.9849501,0.981793
790,0.9785032,0.9764605,0.98196954
791,0.9894558,0.97744864,0.98249567
792,0.995555,0.9865412,0.9842253
793,0.9969807,0.99119216,0.9876544
794,0.99806035,0.9944318,0.99063694
795,0.9984131,0.99584377,0.9931031
796,0.9979854,0.9955142,0.99266607
797,0.9990542,0.99690014,0.99476147
798,0.99808455,0.99629503,0.99356097
799,0.9981239,0.99650896,0.9950243
800,0.9983626,0.9971142,0.99595803
801,0.9984952,0.99744296,0.9966035
802,0.9988715,0.99800557,0.99696434
803,0.9991051,0.99821,0.9974564
804,0.99898463,0.99828845,0.99756294
805,0.9988515,0.99821466,0.9977294
806,0.99916244,0.9984346,0.99797076
807,0.99866664,0.9977057,0.99480814
808,0.999284,0.9980228,0.99619603
809,0.99849623,0.99775684,0.9942856
810,0.9982959,0.9976065,0.99532944
811,0.9985892,0.9980904,0.99608874
812,0.998705,0.9982867,0.9966525
813,0.9986975,0.9983301,0.9971055
814,0.9988445,0.998522,0.9974017
815,0.9988794,0.99855995,0.99737597
816,0.9985224,0.99809664,0.99473834
817,0.99856824,0.9982413,0.99571395
818,0.99864286,0.998379,0.99639136
819,0.99867076,0.99843067,0.9962827
820,0.9979145,0.99770975,0.99249005
821,0.99812084,0.99795455,0.9941779
822,0.9983594,0.9982733,0.99530303
823,0.9985215,0.9984797,0.9960863
824,0.9986638,0.99864954,0.9966459
825,0.9985703,0.99857944,0.99578136
826,0.9923472,0.99637955,0.9836973
827,0.9914327,0.9956856,0.9837273
828,0.99477893,0.99670684,0.9858232
829,0.9962533,0.99705994,0.98868614
830,0.99685466,0.996773,0.9914166
831,0.9972267,0.9966311,0.9935189
832,0.9978282,0.99783856,0.9949642
833,0.9982873,0.99852824,0.9958756
834,0.9984808,0.99871606,0.9965152
835,0.99848616,0.9986744,0.99700093
836,0.9980996,0.99765766,0.9974359
837,0.99836504,0.9982696,0.9977546
838,0.9991872,0.9989023,0.99751544
839,0.99806786,0.99835277,0.99502194
840,0.99721724,0.99803674,0.99149626
841,0.99762064,0.9981662,0.99345064
842,0.99841934,0.99856263,0.99397564
843,0.9954305,0.99793524,0.9868516
844,0.9940096,0.9972322,0.98659515
845,0.99571174,0.99740577,0.9893454
846,0.99659383,0.9981343,0.990991
847,0.9971661,0.99834955,0.9922736
848,0.99633145,0.99782175,0.99108386
849,0.99667895,0.99730045,0.99274445
850,0.9974023,0.9981585,0.99439424
851,0.9982779,0.9986905,0.9954809
852,0.995945,0.99853915,0.98871815
853,0.9967817,0.9984798,0.9910576
854,0.99641293,0.99658805,0.9930906
855,0.99762535,0.9985208,0.9946927
856,0.9977415,0.99871796,0.99374646
857,0.9975917,0.9985919,0.99398804
858,0.99806833,0.99878424,0.99516374
859,0.99756765,0.99822885,0.995783
860,0.99827033,0.99872375,0.99649525
861,0.99646,0.9983524,0.9915532
862,0.9912351,0.9931826,0.9869623
863,0.99435866,0.99434435,0.9901479
864,0.9954211,0.9935932,0.99283105
865,0.9969844,0.9970154,0.99480087
866,0.99733996,0.99717885,0.9958314
867,0.99770886,0.99775773,0.99658096
868,0.99025816,0.9964702,0.9854885
869,0.987997,0.99425936,0.9847852
870,0.9928028,0.99594885,0.98730636
871,0.99202985,0.9954473,0.9867981
872,0.9941169,0.99513674,0.98913157
873,0.99597234,0.9965905,0.9919101
874,0.9965967,0.9962403,0.993666
875,0.9967928,0.9946971,0.9951585
876,0.9975995,0.997006,0.99610853
877,0.9966168,0.9933589,0.9956302
878,0.9978505,0.9971622,0.9967076
879,0.99755603,0.9970084,0.9956859
880,0.9965184,0.9921357,0.99642056
881,0.99735063,0.99365354,0.99733466
882,0.9977171,0.99456644,0.9978926
883,0.99757946,0.9933183,0.9982777
884,0.99747145,0.9925697,0.998613
885,0.9983981,0.9970246,0.99885887
886,0.99864876,0.9977899,0.99896616
887,0.99785894,0.99382776,0.9987676
888,0.99787956,0.99367255,0.9989689
889,0.998685,0.997766,0.9990977
890,0.9974403,0.99220765,0.9978206
891,0.99766093,0.99285877,0.9982898
892,0.9982814,0.996434,0.9985931
893,0.99871653,0.99777156,0.9987322
894,0.99865973,0.99748504,0.9972164
895,0.9969941,0.9920088,0.99498993
896,0.9976131,0.99461323,0.99633163
897,0.9981155,0.99652606,0.99692863
898,0.9983143,0.9969849,0.9974309
899,0.9978504,0.995474,0.9967858
900,0.9969648,0.99037915,0.9974263
901,0.99828905,0.9966946,0.9980062
902,0.99196863,0.9878849,0.9854089
903,0.9957203,0.9936871,0.9886888
904,0.9970498,0.9957242,0.9916707
905,0.99732727,0.99548936,0.99373895
906,0.99742913,0.9958951,0.9938956
907,0.9981921,0.99748594,0.99525625
908,0.99414825,0.99466693,0.98632425
909,0.9945459,0.99551105,0.986643
910,0.99507225,0.99565196,0.9876337
911,0.9663003,0.97812223,0.98245275
912,0.97284156,0.96345085,0.9825459
913,0.98896414,0.9696892,0.9830812
914,0.9955217,0.98218936,0.98582083
915,0.9974384,0.9895259,0.98988575
916,0.9977676,0.99188143,0.9925585
917,0.99525017,0.98301584,0.99469084
918,0.9957723,0.98401487,0.9962496
919,0.99833643,0.99495137,0.9972364
920,0.9987256,0.9960721,0.99755883
921,0.9990336,0.9966641,0.9977318
922,0.9982979,0.99475116,0.9953768
923,0.998592,0.99535716,0.99463975
924,0.99681836,0.9880445,0.99389666
925,0.99634135,0.9857939,0.9957763
926,0.9975528,0.9927713,0.9969029
927,0.99662006,0.9862848,0.99757665
928,0.9965525,0.985967,0.9981015
929,0.99600565,0.984631,0.998466
930,0.9980434,0.9959356,0.9982982
931,0.9991054,0.99803674,0.99780214
932,0.99920887,0.99802315,0.9979257
933,0.99924517,0.9978997,0.99835324
934,0.9988621,0.9973015,0.996848
935,0.99809486,0.99597055,0.997538
936,0.9965166,0.98672575,0.99808955
937,0.99883425,0.9977617,0.9974918
938,0.9991284,0.9980855,0.99731755
939,0.9988389,0.99745566,0.9967184
940,0.9987666,0.99734515,0.9965043
941,0.99870086,0.99701786,0.9954561
942,0.99858546,0.99642134,0.9925106
943,0.9947688,0.99185336,0.9817915
944,0.99331486,0.982921,0.98443395
945,0.9948401,0.98450917,0.98840946
946,0.9952793,0.9848878,0.9923392
947,0.9944992,0.983291,0.9949631
948,0.996075,0.98695666,0.9962064
949,0.99566513,0.98441434,0.9969908
950,0.9982123,0.9978872,0.9964794
951,0.99804175,0.99748445,0.99648654
952,0.99609065,0.9875346,0.99745965
953,0.99724215,0.9947443,0.9972497
954,0.99600977,0.98732936,0.99772936
955,0.9965031,0.99087596,0.9975777
956,0.99618965,0.9890459,0.99764895
957,0.9959674,0.9878557,0.99763215
958,0.99684095,0.99343646,0.99718946
959,0.9970211,0.9944247,0.99707556
960,0.9962929,0.9904052,0.99736214
961,0.99848026,0.9988118,0.9957542
962,0.99861753,0.9990089,0.9957498
963,0.9980046,0.9980976,0.9965935
964,0.99871546,0.9991668,0.9959039
965,0.9983095,0.99872667,0.9965632
966,0.99661976,0.9924654,0.99762625
967,0.99907273,0.99944806,0.99539167
968,0.9981837,0.99858594,0.9968265
969,0.99935067,0.9995749,0.99763864
970,0.9992662,0.99936676,0.99722534
971,0.99879646,0.99887484,0.99542695
972,0.99897784,0.99882287,0.995403
973,0.9981902,0.9980733,0.99619645
974,0.9951878,0.9826207,0.99710345
975,0.9947442,0.98076695,0.9971838
976,0.9958459,0.98798555,0.99664026
977,0.9953404,0.98513573,0.99670815
978,0.995189,0.9846519,0.9965351
979,0.9964464,0.992531,0.9956604
980,0.99841666,0.99882793,0.9935868
981,0.9980554,0.9981543,0.9940218
982,0.9990757,0.99915266,0.9955603
983,0.99912506,0.9990479,0.99615717
984,0.9990252,0.9989381,0.99547845
985,0.9986616,0.99826396,0.99284166
986,0.99892557,0.9986518,0.99471724
987,0.9988654,0.99877405,0.99446064
988,0.9943268,0.9803404,0.99596566
989,0.9951135,0.9846757,0.99571234
990,0.99787545,0.99793726,0.99359596
991,0.998887,0.9991695,0.9945264
992,0.99745935,0.99706334,0.9948868
993,0.99882466,0.99916565,0.9941999
994,0.99831265,0.99881893,0.9941677
995,0.9984144,0.998751,0.9934021
996,0.99884045,0.9991076,0.99449354
997,0.99761885,0.9973167,0.9944384
998,0.9970398,0.9953954,0.99536085
999,0.9972934,0.9963849,0.9954424
1000,0.9970642,0.9955229,0.9957979
1001,0.9971474,0.9958738,0.9958978
1002,0.9983219,0.99884886,0.9949238
1003,0.99759305,0.99731785,0.99558985
1004,0.99756706,0.99725467,0.9958037
1005,0.99910146,0.9993573,0.99639
1006,0.99781513,0.9978247,0.9954186
1007,0.9968985,0.9946387,0.99631876
1008,0.99668974,0.99364245,0.99647224
1009,0.9969846,0.99508715,0.9963548
1010,0.99751425,0.99708515,0.9960346
1011,0.996547,0.9929461,0.9967257
1012,0.99857724,0.9991564,0.99496335
1013,0.998737,0.9992478,0.9947122
1014,0.9986765,0.9992374,0.9950701
1015,0.99870425,0.99903744,0.99424964
1016,0.99868,0.9990818,0.9946411
1017,0.999263,0.99940777,0.99802166
1018,0.9992056,0.99923587,0.99746984
1019,0.9988943,0.99865407,0.9929003
1020,0.99785376,0.9977547,0.99133456
1021,0.9972929,0.9962632,0.9936012
1022,0.99648905,0.99248683,0.9950685
1023,0.9981994,0.99854004,0.99458164
1024,0.99806595,0.99833137,0.9947812
1025,0.9989221,0.9992389,0.99523854
1026,0.9982928,0.99860257,0.9896945
1027,0.99586624,0.9973932,0.9803727
1028,0.99415237,0.985996,0.9846582
1029,0.99763095,0.9984591,0.9877815
1030,0.99638087,0.99437886,0.98976856
1031,0.99507034,0.9857892,0.9929233
1032,0.9968354,0.9950906,0.99445796
1033,0.99742705,0.99797356,0.9902622
1034,0.9983746,0.9993363,0.9900301
1035,0.9971698,0.9977306,0.9897866
1036,0.9963676,0.993625,0.9926962
1037,0.9974243,0.9976077,0.99398416
1038,0.997768,0.9983549,0.99482304
1039,0.99725574,0.9966505,0.995847
1040,0.9979665,0.998608,0.99612075
1041,0.99733603,0.9968856,0.99592143
1042,0.996643,0.9934646,0.9966791
1043,0.9956045,0.98683524,0.99719393
1044,0.9957373,0.98778915,0.9975687
1045,0.99680376,0.99428433,0.9975265
1046,0.997865,0.99831223,0.99633473
1047,0.99709475,0.99579424,0.9964867
1048,0.99760175,0.99757284,0.9966035
1049,0.9985164,0.9992982,0.99529296
1050,0.9983874,0.9991703,0.9956188
1051,0.9979487,0.9984446,0.9963257
1052,0.99721736,0.99622846,0.996255
1053,0.9956512,0.9874826,0.99618506
1054,0.99830705,0.999049,0.9958078
1055,0.9980788,0.99867624,0.9963918
1056,0.9982192,0.9989006,0.99654126
1057,0.9978079,0.9980267,0.99697953
1058,0.99728006,0.99623644,0.9972591
1059,0.99774235,0.9977906,0.9972514
1060,0.9961686,0.99011385,0.9978314
1061,0.9960813,0.9896887,0.9978685
1062,0.99683225,0.994193,0.9976939
1063,0.9973365,0.99648553,0.9969729
1064,0.9979464,0.9982829,0.9964333
1065,0.99733067,0.996405,0.9970087
1066,0.9955464,0.9863336,0.9976849
1067,0.9987523,0.9994115,0.9959708
1068,0.99920154,0.9996177,0.9978448
1069,0.9976361,0.99827516,0.9852595
1070,0.99832433,0.999011,0.98899376
1071,0.9964696,0.99358505,0.9925369
1072,0.9969094,0.9952895,0.9941973
1073,0.99753916,0.9976344,0.9936259
1074,0.9962733,0.9916779,0.99526983
1075,0.9983788,0.9991158,0.9950364
1076,0.9969983,0.99523824,0.99639934
1077,0.9988866,0.9995078,0.9955102
1078,0.99833804,0.9990864,0.9944107
1079,0.9982312,0.9989435,0.9953337
1080,0.99769855,0.99779904,0.9962144
1081,0.9983154,0.9990304,0.99615365
1082,0.9984566,0.9992012,0.99626243
1083,0.99810964,0.99872035,0.9958102
1084,0.99677473,0.9939602,0.99641806
1085,0.9985977,0.999327,0.9960244
1086,0.9988952,0.9995258,0.9957991
1087,0.9963916,0.9914608,0.99727815
1088,0.9970547,0.99512863,0.99734735
1089,0.99771804,0.9976637,0.99731475
1090,0.99710745,0.99525684,0.9976896
1091,0.9987478,0.99944395,0.996926
1092,0.9980613,0.9984815,0.9975805
1093,0.9970034,0.9946125,0.9980092
1094,0.9973045,0.99601877,0.9979705
1095,0.99741375,0.9964511,0.99798006
1096,0.9976619,0.9973368,0.99792796
1097,0.9976744,0.9973574,0.9979661
1098,0.9973658,0.9961836,0.9981136
1099,0.9985256,0.99919575,0.9975428
1100,0.9982077,0.99870056,0.997827
1101,0.9990717,0.9996208,0.99710387
1102,0.99749464,0.9966215,0.9982408
1103,0.99782103,0.99773514,0.99812204
1104,0.9988469,0.99949664,0.9974782
1105,0.99925447,0.99962604,0.99824524
1106,0.9975494,0.99668574,0.9974601
1107,0.99762106,0.99692184,0.9975533
1108,0.9985025,0.998971,0.99715155
1109,0.99821347,0.9985132,0.9974834
1110,0.99819,0.99846137,0.9975939
1111,0.9990594,0.99944854,0.9968848
1112,0.99806774,0.998173,0.99772507
1113,0.9982079,0.99847335,0.99772197
1114,0.9986266,0.99912095,0.99751025
1115,0.9983617,0.9987572,0.9977814
1116,0.9986693,0.99917644,0.9976267
1117,0.9984247,0.9988611,0.9978727
1118,0.99904186,0.9994699,0.99738264
1119,0.9989737,0.9994463,0.99754024
1120,0.9989759,0.99946076,0.99761355
1121,0.99863774,0.99917954,0.99797684
1122,0.99833715,0.99872625,0.9982021
1123,0.99832505,0.99869585,0.9982375
1124,0.9988729,0.9994026,0.9979
1125,0.9991448,0.9995663,0.99765885
1126,0.9993366,0.99962854,0.9987911
1127,0.99847597,0.9989119,0.9981971
1128,0.99923795,0.9995554,0.99785084
1129,0.99881214,0.9993245,0.99804187
1130,0.99920946,0.99956673,0.9976719
1131,0.9984506,0.9986794,0.99781805
1132,0.9986775,0.9989927,0.9977452
1133,0.9988713,0.99918824,0.99766886
1134,0.999241,0.9993992,0.99827325
1135,0.99854136,0.99865246,0.9971384
1136,0.9989335,0.9990583,0.9969961
1137,0.9990047,0.99914163,0.9971072
1138,0.999101,0.9992238,0.9972128
1139,0.9991544,0.9992825,0.99768615
1140,0.9990167,0.99924475,0.99750096
1141,0.99927723,0.9993757,0.9988763
1142,0.9985284,0.9983886,0.99256545
1143,0.9988605,0.998786,0.99473363
1144,0.99658567,0.997067,0.98470026
1145,0.9958904,0.9964911,0.98471576
1146,0.9977021,0.99849975,0.9875437
1147,0.99561757,0.99818563,0.98434615
1148,0.9965947,0.99859774,0.9858743
1149,0.9961777,0.9981313,0.9862814
1150,0.9968696,0.99795973,0.9893762
1151,0.9984427,0.9992589,0.99216944
1152,0.97934234,0.9973254,0.9823128
1153,0.9786875,0.9950715,0.98175395
1154,0.9698009,0.98495024,0.9817929
1155,0.9785037,0.97646093,0.9819695
1156,0.9894561,0.9774494,0.98249567
1157,0.9955551,0.9865416,0.98422533
1158,0.9969808,0.99119246,0.9876543
1159,0.99806035,0.994432,0.99063694
1160,0.9984131,0.9958439,0.993103
1161,0.9979854,0.99551433,0.99266595
1162,0.9990542,0.99690026,0.99476147
1163,0.99808455,0.99629515,0.99356097
1164,0.9981239,0.996509,0.9950242
1165,0.9983626,0.99711424,0.995958
1166,0.9984952,0.997443,0.9966034
1167,0.9988715,0.9980056,0.9969643
1168,0.9991051,0.9982101,0.9974563
1169,0.99898463,0.9982885,0.9975628
1170,0.9988515,0.99821466,0.99772936
1171,0.99916244,0.99843466,0.99797076
1172,0.9986667,0.9977058,0.9948081
1173,0.999284,0.9980229,0.99619603
1174,0.99849623,0.9977569,0.9942856
1175,0.9982959,0.9976066,0.99532944
1176,0.9985892,0.9980904,0.99608874
1177,0.998705,0.9982868,0.9966525
1178,0.9986975,0.9983301,0.9971055
1179,0.9988445,0.99852204,0.9974017
1180,0.9988794,0.99855995,0.99737585
1181,0.9985224,0.9980967,0.99473834
1182,0.99856824,0.9982413,0.99571395
1183,0.99864286,0.99837905,0.9963913
1184,0.99867076,0.99843067,0.9962827
1185,0.9979145,0.99770975,0.99249005
1186,0.99812084,0.9979546,0.9941779
1187,0.9983594,0.9982733,0.99530303
1188,0.9985215,0.9984798,0.9960863
1189,0.9986638,0.9986496,0.9966459
1190,0.9985703,0.99857944,0.9957813
1191,0.9923472,0.9963797,0.9836973
1192,0.99143267,0.9956857,0.9837273
1193,0.99477893,0.9967069,0.98582315
1194,0.9962533,0.99706,0.98868614
1195,0.99685466,0.996773,0.9914166
1196,0.9972267,0.9966311,0.9935188
1197,0.9978281,0.9978386,0.9949642
1198,0.99828726,0.99852824,0.9958756
1199,0.9984808,0.99871606,0.9965152
1200,0.99848616,0.9986744,0.9970009
1201,0.99809957,0.99765766,0.9974359
1202,0.99836504,0.9982696,0.9977545
1203,0.9991872,0.9989024,0.9975155
1204,0.99806786,0.99835277,0.9950219
1205,0.99721724,0.99803674,0.99149626
1206,0.99762064,0.9981662,0.9934506
1207,0.99841934,0.99856263,0.99397564
1208,0.9954305,0.9979353,0.9868515
1209,0.99400955,0.9972322,0.98659515
1210,0.99571174,0.9974058,0.9893454
1211,0.99659383,0.9981343,0.99099094
1212,0.9971661,0.99834955,0.9922736
1213,0.9963314,0.9978218,0.99108386
1214,0.99667895,0.9973005,0.9927444
1215,0.9974023,0.9981585,0.99439424
1216,0.9982779,0.9986905,0.99548084
1217,0.995945,0.99853915,0.98871815
1218,0.99678165,0.9984798,0.9910575
1219,0.99641293,0.99658805,0.9930906
1220,0.99762535,0.99852085,0.99469274
1221,0.9977415,0.99871796,0.99374646
1222,0.9975917,0.9985919,0.99398804
1223,0.99806833,0.99878424,0.99516374
1224,0.99756765,0.99822885,0.995783
1225,0.9982703,0.99872375,0.99649525
1226,0.99646,0.9983524,0.9915532
1227,0.9912351,0.9931826,0.9869624
1228,0.9943586,0.99434435,0.9901479
1229,0.9954211,0.9935932,0.99283105
1230,0.9969844,0.9970154,0.99480087
1231,0.99733996,0.99717885,0.9958314
1232,0.99770886,0.99775773,0.99658096
1233,0.99025816,0.9964702,0.9854885
1234,0.98799694,0.99425936,0.9847852
1235,0.9928028,0.99594885,0.98730636
1236,0.99202985,0.9954473,0.9867981
1237,0.99411684,0.99513674,0.98913157
1238,0.9959723,0.9965905,0.99191016
1239,0.99659663,0.9962402,0.99366593
1240,0.9967928,0.9946971,0.9951585
1241,0.9975995,0.99700594,0.99610853
1242,0.9966168,0.9933589,0.9956302
1243,0.9978505,0.9971622,0.9967076
1244,0.99755603,0.9970084,0.9956859
1245,0.9965184,0.9921357,0.99642056
1246,0.99735063,0.9936535,0.99733466
1247,0.9977171,0.9945664,0.9978926
1248,0.99757946,0.9933183,0.9982777
1249,0.99747145,0.9925697,0.998613
1250,0.9983981,0.9970246,0.99885887
1251,0.99864876,0.9977899,0.99896616
1252,0.99785894,0.99382776,0.9987676
1253,0.99787956,0.9936725,0.9989689
1254,0.998685,0.997766,0.9990977
1255,0.9974403,0.99220765,0.9978206
1256,0.99766093,0.99285877,0.9982898
1257,0.9982814,0.996434,0.99859315
1258,0.99871653,0.99777156,0.9987322
1259,0.99865973,0.997485,0.9972164
1260,0.99699414,0.9920088,0.99499
1261,0.9976131,0.9946132,0.99633163
1262,0.9981155,0.99652606,0.99692863
1263,0.9983143,0.9969849,0.9974309
1264,0.9978504,0.995474,0.9967859
1265,0.9969648,0.99037915,0.9974263
1266,0.99828905,0.9966946,0.9980062
1267,0.99196863,0.9878849,0.9854089
1268,0.9957203,0.99368703,0.9886888
1269,0.9970498,0.99572414,0.9916707
1270,0.99732727,0.9954893,0.99373895
1271,0.99742913,0.995895,0.99389565
1272,0.9981921,0.99748594,0.9952563
1273,0.99414825,0.9946669,0.98632425
1274,0.9945459,0.99551105,0.986643
1275,0.99507225,0.9956519,0.9876337
1276,0.9663003,0.9781221,0.98245275
1277,0.9728416,0.96345073,0.9825459
1278,0.9889642,0.9696892,0.9830812
1279,0.9955218,0.9821894,0.9858209
1280,0.9974384,0.9895259,0.98988575
1281,0.9977677,0.99188143,0.99255854
1282,0.99525017,0.98301584,0.99469084
1283,0.9957723,0.98401487,0.9962496
1284,0.99833643,0.99495137,0.9972364
1285,0.9987256,0.9960721,0.99755883
1286,0.9990336,0.9966641,0.9977318
1287,0.9982979,0.9947512,0.99537677
1288,0.998592,0.99535716,0.99463975
1289,0.99681836,0.9880445,0.99389666
1290,0.99634135,0.98579395,0.9957763
1291,0.9975528,0.9927714,0.9969029
1292,0.99662006,0.9862848,0.99757665
1293,0.9965525,0.985967,0.9981015
1294,0.99600565,0.98463106,0.998466
1295,0.9980434,0.9959356,0.9982982
1296,0.9991054,0.99803674,0.9978021
1297,0.99920887,0.99802315,0.9979257
1298,0.99924517,0.9978998,0.99835324
1299,0.9988621,0.9973015,0.996848
1300,0.99809486,0.99597055,0.997538
1301,0.9965166,0.98672575,0.99808955
1302,0.99883425,0.9977617,0.9974917
1303,0.9991284,0.99808556,0.99731755
1304,0.9988389,0.99745566,0.9967184
1305,0.9987666,0.9973452,0.9965043
1306,0.99870086,0.99701786,0.9954561
1307,0.99858546,0.9964214,0.9925106
1308,0.9947688,0.99185336,0.9817915
1309,0.99331486,0.982921,0.98443395
1310,0.9948401,0.98450917,0.98840946
1311,0.9952793,0.9848878,0.9923392
1312,0.9944992,0.983291,0.9949631
1313,0.996075,0.98695666,0.9962064
1314,0.99566513,0.98441434,0.9969908
1315,0.9982123,0.9978872,0.9964794
1316,0.99804175,0.99748445,0.99648654
1317,0.99609065,0.9875346,0.99745965
1318,0.99724215,0.9947443,0.9972497
1319,0.99600977,0.98732936,0.99772936
1320,0.9965031,0.99087596,0.9975777
1321,0.99618965,0.9890459,0.99764895
1322,0.9959674,0.9878557,0.99763215
1323,0.99684095,0.99343646,0.99718946
1324,0.9970211,0.9944247,0.99707556
1325,0.9962929,0.9904052,0.99736214
1326,0.99848026,0.9988118,0.9957542
1327,0.99861753,0.9990089,0.9957498
1328,0.9980046,0.9980976,0.9965935
1329,0.99871546,0.9991668,0.9959039
1330,0.9983095,0.99872667,0.9965632
1331,0.99661976,0.9924654,0.99762625
1332,0.99907273,0.99944806,0.99539167
1333,0.9981837,0.99858594,0.9968265
1334,0.99935067,0.9995749,0.99763864
1335,0.9992662,0.99936676,0.99722534
1336,0.99879646,0.99887484,0.99542695
1337,0.99897784,0.99882287,0.995403
1338,0.9981902,0.9980733,0.99619645
1339,0.9951878,0.9826207,0.99710345
1340,0.9947442,0.98076695,0.9971838
1341,0.9958459,0.9879856,0.99664026
1342,0.9953404,0.98513573,0.99670815
1343,0.995189,0.9846519,0.9965351
1344,0.9964464,0.99253106,0.9956604
1345,0.99841666,0.99882793,0.9935868
1346,0.9980554,0.9981543,0.9940218
1347,0.9990757,0.99915266,0.9955603
1348,0.99912506,0.9990479,0.99615717
1349,0.9990252,0.9989381,0.99547845
1350,0.9986616,0.99826396,0.99284166
1351,0.99892557,0.9986518,0.99471724
1352,0.9988654,0.99877405,0.99446064
1353,0.9943268,0.9803404,0.99596566
1354,0.9951135,0.9846757,0.99571234
1355,0.99787545,0.99793726,0.99359596
1356,0.998887,0.9991695,0.9945264
1357,0.99745935,0.9970634,0.9948869
1358,0.99882466,0.99916565,0.9941999
1359,0.99831265,0.99881893,0.9941677
1360,0.9984144,0.998751,0.9934021
1361,0.99884045,0.9991076,0.99449354
1362,0.99761885,0.99731666,0.9944384
1363,0.9970398,0.9953954,0.99536085
1364,0.9972934,0.9963849,0.9954424
1365,0.9970642,0.9955229,0.9957979
1366,0.9971474,0.9958738,0.9958978
1367,0.9983219,0.99884886,0.9949238
1368,0.99759305,0.99731785,0.99558985
1369,0.99756706,0.99725467,0.9958037
1370,0.99910146,0.9993573,0.99639
1371,0.99781513,0.9978247,0.9954186
1372,0.9968985,0.9946387,0.99631876
1373,0.99668974,0.99364245,0.99647224
1374,0.9969846,0.99508715,0.9963548
1375,0.99751425,0.99708515,0.9960346
1376,0.996547,0.9929461,0.9967257
1377,0.99857724,0.9991564,0.99496335
1378,0.998737,0.9992478,0.9947122
1379,0.9986765,0.9992374,0.9950701
1380,0.99870425,0.99903744,0.99424964
1381,0.99868,0.9990818,0.9946411
1382,0.999263,0.99940777,0.99802166
1383,0.9992056,0.99923587,0.99746984
1384,0.9988943,0.99865407,0.9929003
1385,0.99785376,0.9977547,0.99133456
1386,0.9972929,0.9962632,0.9936012
1387,0.99648905,0.99248683,0.99506843
1388,0.9981994,0.99854004,0.99458164
1389,0.99806595,0.99833137,0.9947812
1390,0.9989221,0.9992389,0.99523854
1391,0.9982928,0.99860257,0.9896945
1392,0.99586624,0.9973932,0.9803727
1393,0.99415237,0.985996,0.9846581
1394,0.99763095,0.9984591,0.9877815
1395,0.99638087,0.99437886,0.9897686
1396,0.99507034,0.9857892,0.9929233
1397,0.9968354,0.9950906,0.99445796
1398,0.99742705,0.99797356,0.9902622
1399,0.9983746,0.9993363,0.9900301
1400,0.9971698,0.9977306,0.9897866
1401,0.9963676,0.993625,0.9926962
1402,0.9974243,0.9976077,0.99398416
1403,0.997768,0.9983549,0.99482304
1404,0.99725574,0.9966505,0.995847
1405,0.9979665,0.998608,0.99612075
1406,0.997336,0.9968856,0.99592143
1407,0.996643,0.9934646,0.9966791
1408,0.9956045,0.98683524,0.99719393
1409,0.9957373,0.98778915,0.9975687
1410,0.99680376,0.99428433,0.9975265
1411,0.997865,0.99831223,0.99633473
1412,0.99709475,0.99579424,0.9964867
1413,0.99760175,0.99757284,0.9966035
1414,0.9985164,0.9992982,0.99529296
1415,0.9983874,0.9991703,0.9956188
1416,0.9979487,0.9984446,0.9963257
1417,0.99721736,0.99622846,0.996255
1418,0.9956512,0.9874826,0.99618506
1419,0.99830705,0.999049,0.9958078
1420,0.9980788,0.99867624,0.9963918
1421,0.9982192,0.9989006,0.99654126
1422,0.9978079,0.9980267,0.99697953
1423,0.99728006,0.99623644,0.9972591
1424,0.99774235,0.9977906,0.9972514
1425,0.9961686,0.99011385,0.9978314
1426,0.9960813,0.9896887,0.9978685
1427,0.99683225,0.994193,0.9976939
1428,0.9973365,0.99648553,0.9969729
1429,0.9979464,0.9982829,0.9964333
1430,0.99733067,0.996405,0.9970087
1431,0.9955464,0.9863336,0.9976849
1432,0.9987523,0.9994115,0.9959708
1433,0.99920154,0.9996177,0.9978448
1434,0.9976361,0.99827516,0.9852595
1435,0.99832433,0.999011,0.98899376
1436,0.9964696,0.993585,0.9925369
1437,0.9969094,0.9952895,0.9941973
1438,0.99753916,0.9976344,0.9936259
1439,0.9962733,0.9916779,0.99526983
1440,0.9983788,0.9991158,0.9950364
1441,0.9969983,0.99523824,0.99639934
1442,0.9988866,0.9995078,0.9955102
1443,0.99833804,0.9990864,0.9944107
1444,0.9982312,0.9989435,0.9953337
1445,0.99769855,0.99779904,0.9962144
1446,0.9983154,0.9990304,0.99615365
1447,0.9984566,0.9992012,0.99626243
1448,0.99810964,0.99872035,0.9958102
1449,0.99677473,0.9939602,0.99641806
1450,0.9985977,0.999327,0.9960244
1451,0.9988952,0.9995258,0.9957991
1452,0.9963916,0.9914608,0.99727815
1453,0.9970547,0.99512863,0.99734735
1454,0.99771804,0.9976637,0.99731475
1455,0.99710745,0.99525684,0.9976896
1456,0.9987478,0.99944395,0.996926
1457,0.9980613,0.9984815,0.9975805
1458,0.9970034,0.9946125,0.9980092
1459,0.9973045,0.99601877,0.9979705
1460,0.9989446,0.9995652,0.99700046
1461,0.9992005,0.99967325,0.9980621
1462,0.99916947,0.99965435,0.99781805
1463,0.9991561,0.9996426,0.99773735
1464,0.9987287,0.99941236,0.9973581
1465,0.9979814,0.99820876,0.997735
1466,0.9986842,0.99934864,0.9973863
1467,0.9992075,0.9996506,0.99821484
1468,0.9988866,0.99951524,0.99738544
1469,0.99812615,0.99850416,0.9979962
1470,0.9980849,0.99839574,0.9980708
1471,0.99875575,0.99941474,0.99771225
1472,0.9991115,0.99963576,0.9974146
1473,0.9988476,0.99949354,0.9977589
1474,0.9992673,0.9996893,0.9986398
1475,0.9989772,0.9994604,0.9969167
1476,0.9979111,0.9978583,0.99781233
1477,0.9990073,0.9994815,0.9970841
1478,0.99799496,0.9980568,0.99792683
1479,0.9984997,0.9990393,0.9977607
1480,0.99886495,0.9994138,0.9975815
1481,0.99880546,0.9993758,0.99773216
1482,0.9983378,0.9987763,0.99810874
1483,0.9986897,0.99926776,0.99796253
1484,0.99923056,0.9996117,0.99837625
1485,0.9985441,0.99902236,0.9976498
1486,0.99829143,0.9986103,0.9978999
1487,0.99921906,0.99952245,0.9984546
1488,0.9991316,0.9995004,0.9976132
1489,0.99916124,0.9995161,0.99789476
1490,0.99911326,0.9993553,0.99760896
1491,0.9983198,0.9986052,0.9968551
1492,0.9981863,0.99833614,0.9972082
1493,0.9982822,0.9985144,0.99739194
1494,0.99845636,0.9988052,0.9974917
1495,0.9983011,0.998529,0.99772817
1496,0.9985235,0.9988952,0.9977473
1497,0.99853754,0.998913,0.99785656
1498,0.9986697,0.9990815,0.9978816
1499,0.99846715,0.9988002,0.998084
1500,0.9987652,0.9991841,0.9979904
1501,0.9985632,0.99894166,0.998183
1502,0.9991703,0.9994601,0.99792624
1503,0.99875605,0.999174,0.99813914
1504,0.9986278,0.9990218,0.9982679
1505,0.9985355,0.99888414,0.99836487
1506,0.99846166,0.9987534,0.9984413
1507,0.9985964,0.99896204,0.9984162
1508,0.9987689,0.99917483,0.99836075
1509,0.99864775,0.99902743,0.99846536
1510,0.99860394,0.9989611,0.99851876
1511,0.9983078,0.99840003,0.9986678
1512,0.99899566,0.99936247,0.99833035
1513,0.9992276,0.9994893,0.99815345
1514,0.9991316,0.99946046,0.9982937
1515,0.9983994,0.9985838,0.99872315
1516,0.9986739,0.99904245,0.9986222
1517,0.9990674,0.99940836,0.9983895
1518,0.999066,0.999414,0.9984217
1519,0.99902713,0.999395,0.99848074
1520,0.99841666,0.9985967,0.99881494
1521,0.99883866,0.9992333,0.9986371
1522,0.9991804,0.99947953,0.9984121
1523,0.9989308,0.9993239,0.99862427
1524,0.99927825,0.9995247,0.99835926
1525,0.9989956,0.99934787,0.99857754
1526,0.999184,0.9994635,0.9984528
1527,0.9992678,0.99948776,0.9983723
1528,0.9990232,0.9993347,0.9985596
1529,0.9991889,0.99943465,0.99845177
1530,0.9993405,0.9994578,0.9991805
1531,0.9991789,0.9993611,0.99838495
1532,0.9991606,0.99935466,0.9984194
1533,0.99930227,0.9993451,0.998965
1534,0.999348,0.9992272,0.9990794
1535,0.9990799,0.9989727,0.9977616
1536,0.99894154,0.99891675,0.99798256
1537,0.9991759,0.99908155,0.9980211
1538,0.9990678,0.9986969,0.99714285
1539,0.9989652,0.99869573,0.99680537
1540,0.9988796,0.99870783,0.9971763
1541,0.99890614,0.9987789,0.9973924
1542,0.9991326,0.9989171,0.9978553
1543,0.99868566,0.99843043,0.99627113
1544,0.99872434,0.99854004,0.99671006
1545,0.998903,0.9987504,0.9969455
1546,0.9991438,0.9989324,0.9979233
1547,0.9991939,0.9989609,0.99804574
1548,0.9985258,0.9983447,0.99682295
1549,0.99868953,0.99858963,0.997092
1550,0.99874175,0.99868095,0.9973433
1551,0.99884474,0.9988115,0.9975103
1552,0.9990511,0.99897045,0.9974469
1553,0.9989886,0.9989347,0.9974489
1554,0.9988395,0.9988552,0.99773765
1555,0.9990801,0.99905,0.9977233
1556,0.9989764,0.998819,0.99667275
1557,0.9802715,0.9917775,0.9821561
1558,0.9664973,0.96639425,0.98091644
1559,0.9752962,0.9563815,0.98049545
1560,0.9905205,0.9662903,0.9809853
1561,0.99644566,0.98313993,0.9832928
1562,0.9979379,0.9896568,0.9854511
1563,0.99789226,0.9932348,0.9857773
1564,0.99816865,0.99547714,0.98739415
1565,0.99864185,0.99685967,0.9912678
1566,0.99867755,0.99748147,0.992057
1567,0.9989787,0.99793327,0.9940807
1568,0.9986479,0.99773735,0.9916656
1569,0.9985803,0.99812186,0.99215734
1570,0.99880767,0.99852645,0.99431133
1571,0.9991044,0.9987512,0.9959612
1572,0.99913704,0.99887466,0.9965273
1573,0.9988163,0.99885106,0.9958663
1574,0.99873704,0.9988484,0.9963832
1575,0.9986085,0.9987514,0.99683
1576,0.9986724,0.9988306,0.99688
1577,0.998674,0.9988407,0.99696785
1578,0.9992012,0.99869365,0.9941417
1579,0.9986886,0.998801,0.9939193
1580,0.99860835,0.99884707,0.9945963
1581,0.998357,0.99861425,0.99527067
1582,0.9984989,0.9988016,0.99596673
1583,0.99850345,0.99881196,0.99639565
1584,0.9989045,0.99917823,0.9963989
1585,0.9984028,0.9987868,0.99426615
1586,0.99854743,0.9989474,0.9952597
1587,0.99807286,0.99822176,0.99569654
1588,0.9984673,0.99885875,0.9962492
1589,0.998717,0.99912405,0.99650544
1590,0.9987074,0.9991243,0.9969336
1591,0.99895597,0.9993144,0.99718326
1592,0.9989922,0.999141,0.9953911
1593,0.99793833,0.99881005,0.9904089
1594,0.9979618,0.9987162,0.99274737
1595,0.99832636,0.9990969,0.99326956
1596,0.96852314,0.99323124,0.98137575
1597,0.97154975,0.98174655,0.981863
1598,0.9821193,0.97648484,0.98205954
1599,0.9917561,0.9813011,0.98282504
1600,0.9956042,0.9877375,0.985233
1601,0.9970732,0.99207276,0.98887086
1602,0.99754286,0.99376976,0.99204344
1603,0.99816495,0.9958183,0.9940496
1604,0.9986977,0.9969016,0.99481916
1605,0.99731624,0.99439085,0.99060476
1606,0.99759173,0.9950607,0.99313724
1607,0.997981,0.9962572,0.9947538
1608,0.99775076,0.995353,0.9958796
1609,0.9980467,0.9964171,0.9965185
1610,0.99859893,0.99774444,0.99692327
1611,0.9980547,0.9964156,0.9974287
1612,0.99806815,0.9965531,0.99590576
1613,0.99885476,0.9979746,0.99617517
1614,0.9991035,0.99779654,0.99530464
1615,0.9986409,0.99748933,0.99274695
1616,0.9989608,0.99792075,0.99423087
1617,0.9978967,0.9969851,0.9941212
1618,0.99649495,0.9893655,0.99435866
1619,0.99795574,0.9969814,0.9958122
1620,0.9976918,0.9958102,0.99658793
1621,0.9980652,0.9971298,0.9970714
1622,0.99861413,0.9983519,0.99731666
1623,0.9989214,0.9986841,0.99726593
1624,0.9969695,0.9945614,0.99170506
1625,0.99851006,0.99823415,0.99352103
1626,0.99779016,0.99761075,0.99167657
1627,0.99727714,0.9954767,0.9937754
1628,0.99675155,0.99136037,0.99530476
1629,0.9985208,0.9985204,0.99611205
1630,0.9976084,0.99647725,0.99496275
1631,0.99855834,0.99860454,0.9957207
1632,0.9959716,0.98799145,0.9963147
1633,0.9967844,0.99051636,0.9972568
1634,0.99812204,0.99763393,0.99749994
1635,0.9983519,0.9981837,0.99766445
1636,0.99848336,0.9984293,0.99784696
1637,0.9984301,0.9983081,0.99804074
1638,0.9969925,0.9933083,0.99469477
1639,0.9955907,0.98678964,0.9960972
1640,0.9972234,0.99370205,0.9970285
1641,0.99855417,0.9984992,0.99719316
1642,0.99904555,0.9989625,0.99741304
1643,0.99821687,0.9978667,0.9968633
1644,0.99847156,0.99836767,0.9971626
1645,0.99884737,0.9988428,0.99725115
1646,0.99650306,0.9882253,0.99800086
1647,0.99730015,0.99386144,0.9981948
1648,0.9978467,0.99658054,0.9982623
1649,0.9970239,0.9920303,0.9985176
1650,0.99750537,0.9949903,0.99853337
1651,0.9981999,0.99776256,0.9984272
1652,0.9979139,0.99680996,0.9985635
1653,0.99850076,0.9983138,0.9979981
1654,0.9987376,0.9986707,0.99797976
1655,0.9969222,0.9913027,0.9985848
1656,0.9972032,0.99324775,0.99859774
1657,0.9978559,0.9965769,0.99847996
1658,0.9991436,0.9990529,0.99780154
1659,0.99875665,0.99870616,0.9980463
1660,0.9983783,0.9980501,0.99817294
1661,0.9960775,0.9853286,0.9987426
1662,0.99684864,0.9912829,0.9986147
1663,0.9978577,0.9967329,0.9983321
1664,0.99778444,0.9964571,0.99837226
1665,0.9987653,0.9987849,0.9978764
1666,0.99891317,0.9988554,0.99768114
1667,0.9970342,0.9925189,0.9984862
1668,0.9987869,0.99872047,0.99769074
1669,0.99880636,0.99875355,0.99771124
1670,0.99917316,0.9988335,0.9973008
1671,0.9990586,0.99862516,0.9969338
1672,0.9991767,0.9983377,0.99746215
1673,0.9985649,0.9967587,0.99023455
1674,0.9945971,0.993414,0.9812444
1675,0.9965912,0.9956793,0.98397475
1676,0.99670774,0.9947996,0.98790836
1677,0.99749744,0.99675184,0.99102515
1678,0.99780834,0.99739563,0.9931805
1679,0.9975098,0.9962691,0.99475056
1680,0.9979251,0.9975134,0.9956404
1681,0.9974095,0.9954835,0.9964659
1682,0.9985145,0.9986556,0.99660534
1683,0.99869764,0.99888,0.99668735
1684,0.99898535,0.9990566,0.9965467
1685,0.9976294,0.99670935,0.9950673
1686,0.997896,0.99744636,0.99589187
1687,0.99559367,0.9863409,0.99607533
1688,0.99576646,0.9861836,0.9970635
1689,0.9975333,0.99602437,0.99732524
1690,0.99671835,0.991451,0.9977618
1691,0.99813133,0.9979903,0.9974423
1692,0.99884254,0.9990231,0.99683994
1693,0.9977955,0.9969885,0.99735975
1694,0.99747443,0.9956776,0.9976123
1695,0.99645007,0.98959047,0.9980129
1696,0.99652743,0.9902761,0.99812967
1697,0.9968324,0.992384,0.99812776
1698,0.9984256,0.99861556,0.99752444
1699,0.99874806,0.9990334,0.9973623
1700,0.996108,0.9876007,0.9984592
1701,0.9986406,0.9989806,0.997407
1702,0.99677634,0.99222827,0.9981489
1703,0.99898195,0.9992099,0.9968359
1704,0.99915123,0.9991644,0.99722743
1705,0.9989407,0.9987221,0.9953373
1706,0.9986587,0.99850875,0.99488187
1707,0.9968012,0.99247736,0.99649686
1708,0.9989929,0.99891174,0.9959216
1709,0.99876034,0.99882734,0.99599403
1710,0.9977803,0.99700004,0.9962636
1711,0.9979609,0.9974924,0.9959993
1712,0.99841386,0.9984194,0.99613726
1713,0.9978366,0.99716836,0.99664617
1714,0.9940796,0.9820423,0.99775857
1715,0.9940868,0.9814454,0.99797565
1716,0.9955729,0.9850923,0.9977456
1717,0.99561423,0.9858012,0.9976587
1718,0.9951211,0.98310715,0.9976526
1719,0.9959703,0.9889647,0.99717975
1720,0.99624664,0.9908871,0.9969359
1721,0.99816,0.99852395,0.99552655
1722,0.999235,0.99944746,0.9968542
1723,0.99885106,0.9990649,0.99432945
1724,0.998307,0.99845004,0.99491596
1725,0.99726665,0.9958224,0.9961751
1726,0.9939129,0.979273,0.99746245
1727,0.9955336,0.9868346,0.9966896
1728,0.9964493,0.9925579,0.9960717
1729,0.99638224,0.9922927,0.99607736
1730,0.9951316,0.98497987,0.9965786
1731,0.99693334,0.99528676,0.9953281
1732,0.9976009,0.99759334,0.9948468
1733,0.99498373,0.9844827,0.99657434
1734,0.9984705,0.9991914,0.9933789
1735,0.9976511,0.9978653,0.9948919
1736,0.99820644,0.99893945,0.9944449
1737,0.99850047,0.9992931,0.99425405
1738,0.99916095,0.99964166,0.9952929
1739,0.99859947,0.9993209,0.99423504
1740,0.9973941,0.9970569,0.99595726
1741,0.9963516,0.9924448,0.99666435
1742,0.9984138,0.99920696,0.9948925
1743,0.9987207,0.9994932,0.9946337
1744,0.9993342,0.9997319,0.9969924
1745,0.9983393,0.99915975,0.99561495
1746,0.9992212,0.99959797,0.99638116
1747,0.9990502,0.9991254,0.99578893
1748,0.99826956,0.9984666,0.99426186
1749,0.9979948,0.9980557,0.9948702
1750,0.99721193,0.99582225,0.9957756
1751,0.99627805,0.9912586,0.9964434
1752,0.9950529,0.9839459,0.9968741
1753,0.9972979,0.9964461,0.9954753
1754,0.9971611,0.99589026,0.99552804
1755,0.9974119,0.9967173,0.99524045
1756,0.9979595,0.9981692,0.99489015
1757,0.9988419,0.998832,0.994347
1758,0.9991258,0.9990301,0.99645233
1759,0.99880743,0.998789,0.99409467
1760,0.9989362,0.9984436,0.99353534
1761,0.9988581,0.99845624,0.992624
1762,0.99829286,0.9978953,0.9865267
1763,0.99759924,0.9973203,0.98910606
1764,0.99458164,0.9828371,0.9932853
1765,0.99442905,0.98205686,0.9949378
1766,0.9974591,0.99713403,0.99419886
1767,0.9957852,0.9892227,0.9954806
1768,0.99857295,0.99913794,0.9933392
1769,0.9963831,0.99271685,0.9959914
1770,0.9948977,0.98404735,0.99667394
1771,0.9972442,0.9967148,0.99534893
1772,0.99815226,0.9988496,0.9946375
1773,0.99800456,0.99863994,0.9951448
1774,0.9978862,0.9983823,0.9952724
1775,0.9968229,0.99497384,0.99630594
1776,0.99700606,0.99575764,0.9962493
1777,0.99752885,0.9975492,0.99595875
1778,0.99693793,0.99545354,0.99647933
1779,0.9987965,0.9995262,0.99453616
1780,0.99782693,0.9982697,0.9959717
1781,0.997212,0.99641216,0.9963504
1782,0.99905276,0.9995623,0.9958586
1783,0.99880767,0.999452,0.99460626
1784,0.99614143,0.9911204,0.99711424
1785,0.99707556,0.99589133,0.9965927
1786,0.9964647,0.99302274,0.99693507
1787,0.99681455,0.99480665,0.99671924
1788,0.99848104,0.9992857,0.99530685
1789,0.99852455,0.99930763,0.99532
1790,0.99703294,0.9956618,0.9967374
1791,0.9980163,0.99859583,0.9960249
1792,0.9988441,0.99954045,0.99505085
1793,0.999239,0.99963105,0.9973404
1794,0.998803,0.9994428,0.99504775
1795,0.99850506,0.9992229,0.9957227
1796,0.9991859,0.9995151,0.99725693
1797,0.9969317,0.99484026,0.996131
1798,0.9973559,0.9965578,0.9960763
1799,0.9978331,0.99795604,0.9959193
1800,0.99608463,0.99020606,0.9970315
1801,0.9991294,0.99947685,0.99667555
1802,0.99903256,0.9994225,0.9959803
1803,0.99900526,0.99945486,0.9957665
1804,0.9980285,0.99845433,0.99625236
1805,0.99825764,0.99885476,0.9961969
1806,0.9969746,0.99499214,0.99712574
1807,0.99908143,0.99954456,0.9962125
1808,0.9991425,0.9995857,0.9967166
1809,0.9988521,0.99948674,0.9958263
1810,0.99897766,0.99957603,0.9958091
1811,0.9989988,0.99961007,0.9959754
1812,0.99753445,0.9971872,0.99748987
1813,0.99871194,0.9994518,0.996597
1814,0.997663,0.9975728,0.9975492
1815,0.9989289,0.9995947,0.9964292
1816,0.998754,0.99949926,0.99681413
1817,0.998914,0.999611,0.9967148
1818,0.9979898,0.99840796,0.9976554
1819,0.9988227,0.9995659,0.9970063
1820,0.9991824,0.99974126,0.99658966
1821,0.99931,0.99978495,0.9978451
1822,0.9991648,0.9996819,0.9968168
1823,0.99921703,0.99968475,0.9974064
1824,0.9992318,0.9997011,0.99752253
1825,0.99913514,0.99968356,0.9967687
1826,0.9983901,0.9990761,0.9976882
1827,0.99770236,0.99749,0.9981023
1828,0.99908686,0.9996778,0.9970371
1829,0.9977713,0.99768746,0.9981483
1830,0.9978281,0.99784344,0.99813324
1831,0.99827147,0.998863,0.9979171
1832,0.9992199,0.99972796,0.99701303
1833,0.9980964,0.9985049,0.99810743
1834,0.99820656,0.9987272,0.99807304
1835,0.99801433,0.9982876,0.99819297
1836,0.99770224,0.99735785,0.99833393
1837,0.9979843,0.9981909,0.99821806
1838,0.9979669,0.99813306,0.99823797
1839,0.99796885,0.9981263,0.9982478
1840,0.99780613,0.9976398,0.9983239
1841,0.9986848,0.99939173,0.9978403
1842,0.99932355,0.99974525,0.9975671
1843,0.99910086,0.99959797,0.9972814
1844,0.99925315,0.9996594,0.99721676
1845,0.99940073,0.99968964,0.99894327
1846,0.99903,0.9995435,0.99744534
1847,0.99881756,0.99941427,0.9977437
1848,0.998671,0.99927944,0.9979186
1849,0.99867964,0.99929035,0.99795383
1850,0.998365,0.9988435,0.9981944
1851,0.99831307,0.99874073,0.99824524
1852,0.9992147,0.99964666,0.99747676
1853,0.998666,0.9992804,0.99810565
1854,0.99875116,0.9993709,0.99807703
1855,0.9986951,0.99931294,0.9981527
1856,0.9986529,0.99926376,0.99821216
1857,0.9988853,0.99949026,0.9980681
1858,0.99942833,0.9996835,0.9991349
1859,0.9993157,0.99953204,0.9981875
1860,0.9988922,0.9993367,0.99787843
1861,0.99868256,0.99914366,0.99809235
1862,0.9986619,0.99912137,0.99814
1863,0.99876714,0.9992406,0.998096
1864,0.99911594,0.99949735,0.99780077
1865,0.9992498,0.9995598,0.9976675
1866,0.9991111,0.9995201,0.99790406
1867,0.99899143,0.9994629,0.9980715
1868,0.99897593,0.9994594,0.9981228
1869,0.9989709,0.99946177,0.9981621
1870,0.99906766,0.9995205,0.9980964
1871,0.999404,0.9996475,0.99890655
1872,0.9990628,0.9995269,0.99815476
1873,0.9991278,0.9995672,0.9981239
1874,0.9990858,0.99955314,0.9982016
1875,0.9992595,0.99963367,0.998042
1876,0.9989224,0.99930984,0.99821746
1877,0.9990568,0.99940914,0.99813104
1878,0.99893546,0.99933594,0.9982713
1879,0.9992207,0.9995041,0.9980206
1880,0.9991283,0.99945134,0.99813163
1881,0.9990238,0.99940175,0.9982646
1882,0.99890697,0.99932116,0.9983858
1883,0.99905556,0.9994329,0.99829185
1884,0.9991367,0.9994847,0.99824476
1885,0.9991297,0.99948984,0.9982822
1886,0.998993,0.999414,0.99842787
1887,0.99928296,0.99956566,0.99817044
1888,0.9993878,0.99959385,0.9988416
1889,0.99926037,0.9992776,0.9980781
1890,0.9992307,0.99928826,0.9979639
1891,0.9996152,0.9988928,0.99908733
1892,0.9990775,0.99876964,0.99726605
1893,0.9992004,0.9988897,0.99800336
1894,0.9989803,0.9987817,0.9975139
1895,0.9985062,0.99827975,0.99796444
1896,0.99920696,0.99896896,0.9980275
1897,0.9990211,0.9989144,0.99776214
1898,0.99919754,0.9990416,0.99789244
1899,0.99964356,0.9990231,0.99923676
1900,0.99969673,0.9987028,0.9985968
1901,0.99918765,0.99874127,0.9979993
1902,0.9987953,0.9985474,0.99725306
1903,0.9989697,0.9987422,0.99729216
1904,0.9990202,0.9988311,0.9974099
1905,0.9991281,0.99893755,0.9974402
1906,0.9992178,0.9990259,0.99828535
1907,0.99906564,0.9989848,0.99770623
1908,0.99899614,0.9989787,0.9978687
1909,0.9990423,0.99903685,0.9979104
1910,0.99892807,0.99897224,0.99805486
1911,0.999245,0.9991707,0.9984532
1912,0.99919623,0.99909997,0.99803936
1913,0.9998982,0.9991299,0.99950063
1914,0.9998343,0.9988987,0.9989163
1915,0.999405,0.9989323,0.9985626
1916,0.9989622,0.9988271,0.99738044
1917,0.9991491,0.99897134,0.99776495
1918,0.9991015,0.9989473,0.99735975
1919,0.99932414,0.9990332,0.9986422
1920,0.998513,0.998006,0.9934422
1921,0.99853045,0.99821144,0.99475706
1922,0.9989084,0.99864143,0.9956085
1923,0.9982938,0.99801224,0.9909634
1924,0.9984145,0.9983376,0.9930343
1925,0.9984953,0.9985317,0.99446356
1926,0.99881536,0.99886996,0.9952438
1927,0.998537,0.9986844,0.99497443
1928,0.99876446,0.99893206,0.9956745
1929,0.99879384,0.99899596,0.9960562
1930,0.9989107,0.9991139,0.9964954
1931,0.9980392,0.9979719,0.995597
1932,0.998408,0.99863267,0.99619365
1933,0.99866056,0.9989467,0.9966066
1934,0.9987397,0.9990345,0.996892
1935,0.998184,0.998529,0.9934044
1936,0.998369,0.99873793,0.9946988
1937,0.9981301,0.99829763,0.9957235
1938,0.9985535,0.99892575,0.9962635
1939,0.9988122,0.99916565,0.99664575
1940,0.99816585,0.9983912,0.9958527
1941,0.998483,0.9988628,0.9963908
1942,0.99839604,0.9987042,0.9968987
1943,0.9984598,0.99877465,0.99725163
1944,0.9985566,0.9988969,0.99751556
1945,0.99961483,0.9993408,0.99831015
1946,0.9992776,0.99907357,0.9946459
1947,0.999421,0.99923456,0.99558014
1948,0.99608916,0.9983737,0.9857695
1949,0.995918,0.9983931,0.98626405
1950,0.9965098,0.99855256,0.98792374
1951,0.99699664,0.99870926,0.9896539
1952,0.9975992,0.99893534,0.99203104
1953,0.99797386,0.9991028,0.99374187
1954,0.9926792,0.99700755,0.98486656
1955,0.99494797,0.9970282,0.98745877
1956,0.99689114,0.9989411,0.9902173
1957,0.9962532,0.9988842,0.98810107
1958,0.9962965,0.9978122,0.99078125
1959,0.9970426,0.9982591,0.992948
1960,0.9975731,0.99872947,0.9944533
1961,0.9970097,0.9976253,0.9937651
1962,0.997891,0.9991037,0.99504465
1963,0.99587375,0.99777174,0.9902339
1964,0.99674445,0.9981558,0.9925035
1965,0.99718153,0.99815154,0.9941679
1966,0.997135,0.9980151,0.9941972
1967,0.99759686,0.99869686,0.9950848
1968,0.9959568,0.9925366,0.9944714
1969,0.99725443,0.99666137,0.99595267
1970,0.99771035,0.9978575,0.99671
1971,0.9976604,0.9971689,0.9972268
1972,0.99773383,0.9970497,0.9976484
1973,0.99804443,0.9980049,0.99796647
1974,0.9981256,0.99809295,0.9981969
1975,0.99819916,0.99818367,0.9983834
1976,0.9984442,0.998759,0.9985225
1977,0.9980377,0.9972882,0.9986702
1978,0.99821705,0.9978813,0.9987943
1979,0.9986689,0.999041,0.9988105
1980,0.99848396,0.9989241,0.99794817
1981,0.9980023,0.99738675,0.99818873
1982,0.9981238,0.99768585,0.9983939
1983,0.9980787,0.9973461,0.9985644
1984,0.997978,0.9967251,0.9987124
1985,0.9981845,0.9975206,0.99883467
1986,0.9986784,0.99888605,0.99889445
1987,0.99875313,0.9990602,0.9983684
1988,0.9985385,0.99874693,0.99815977
1989,0.9978926,0.99639916,0.9983815
1990,0.99768454,0.994985,0.9985606
1991,0.99770594,0.9948962,0.9987583
1992,0.9983982,0.9980773,0.99887156
1993,0.9982685,0.9985999,0.99541396
1994,0.99441344,0.99729604,0.98616576
1995,0.9947626,0.99744403,0.98678577
1996,0.9946294,0.9913651,0.9895737
1997,0.9953547,0.9905863,0.992684
1998,0.997164,0.99565196,0.9949013
1999,0.9971128,0.99396926,0.99604994
2000,0.9978307,0.99713594,0.9968292
2001,0.9980413,0.99761224,0.9973242
2002,0.99843806,0.99852955,0.99765784
2003,0.9949412,0.99752945,0.9866866
2004,0.97030455,0.9887505,0.9823947
2005,0.97669095,0.9790609,0.982704
2006,0.9868576,0.97650504,0.9836193
2007,0.99442804,0.9838706,0.98644745
2008,0.99696034,0.99182564,0.99043286
2009,0.9969107,0.98982066,0.99324495
2010,0.9962549,0.9868559,0.9953655
2011,0.99832344,0.9958886,0.99669427
2012,0.9988184,0.99694204,0.9971557
2013,0.99840957,0.99627554,0.99703306
2014,0.9961189,0.98673946,0.99431765
2015,0.9980989,0.99557424,0.99603677
2016,0.9967158,0.98781085,0.99692243
2017,0.9987523,0.9972927,0.9974741
2018,0.99668145,0.9875818,0.9971746
2019,0.9961286,0.98620194,0.9979298
2020,0.9955216,0.9848201,0.9984507
2021,0.9968032,0.98754257,0.9986828
2022,0.99747604,0.9928368,0.9987532
2023,0.9972058,0.99106395,0.998727
2024,0.99861664,0.99759245,0.99847215
2025,0.998018,0.99578,0.99857
2026,0.9976138,0.9936128,0.99815905
2027,0.999021,0.99773186,0.9977454
2028,0.99812025,0.9952439,0.99508137
2029,0.9959641,0.98434585,0.9964402
2030,0.9956915,0.98368853,0.99731994
2031,0.99839616,0.99682367,0.9971627
2032,0.9984908,0.99713194,0.99732846
2033,0.99798644,0.9959153,0.99773884
2034,0.997728,0.99495786,0.99795306
2035,0.9986508,0.9976383,0.99760795
2036,0.9976691,0.9948354,0.99815285
2037,0.9967605,0.98945117,0.99842066
2038,0.9984953,0.9976267,0.99778557
2039,0.99816626,0.9969345,0.99802005
2040,0.9963119,0.9865089,0.99846274
2041,0.9961965,0.9861668,0.99841964
2042,0.9990476,0.99843144,0.9967688
2043,0.99807703,0.9970435,0.99775434
2044,0.99877685,0.99835765,0.9972306
2045,0.9987034,0.9983483,0.99737173
2046,0.99913627,0.99874294,0.9968796
2047,0.9984723,0.9979923,0.9975766
2048,0.99810135,0.99721384,0.9978547
2049,0.99658674,0.9895815,0.998399
2050,0.99561197,0.98312074,0.99849564
2051,0.9958491,0.9853561,0.9982486
2052,0.9967627,0.9918693,0.99779487
2053,0.9962166,0.9885274,0.99787444
2054,0.9969563,0.99336106,0.9974486
2055,0.99657655,0.9912529,0.9975345
2056,0.9980693,0.99784523,0.9965765
2057,0.99726266,0.9951282,0.9971852
2058,0.99846447,0.9986299,0.9962393
2059,0.9984117,0.99860066,0.99642223
2060,0.9981409,0.9981475,0.99678797
2061,0.998692,0.9990068,0.99627805
2062,0.9978988,0.99760413,0.99714947
2063,0.9949051,0.98077285,0.9982088
2064,0.99726987,0.9955579,0.9971563
2065,0.99716324,0.9950968,0.99720377
2066,0.9973628,0.996,0.9970808
2067,0.99654,0.9917875,0.9974588
2068,0.99758416,0.99691474,0.9968445
2069,0.9989663,0.9993762,0.9952509
2070,0.9956102,0.98592675,0.9977817
2071,0.99901587,0.99947417,0.9949555
2072,0.99870235,0.99926513,0.9956785
2073,0.9976204,0.99715203,0.9969179
2074,0.99800366,0.99823123,0.9966851
2075,0.9977588,0.9975865,0.99694455
2076,0.99798524,0.9981935,0.99683315
2077,0.99865466,0.99918807,0.9960062
2078,0.9981986,0.9984689,0.99650073
2079,0.998988,0.9993821,0.9955146
2080,0.99876845,0.9992807,0.99609435
2081,0.9991207,0.99948066,0.99551505
2082,0.99929136,0.9994217,0.99564636
2083,0.99926466,0.99945503,0.99535894
2084,0.9990411,0.99930227,0.9957233
2085,0.9983133,0.99858683,0.99685717
2086,0.9985905,0.99899673,0.9966465
2087,0.998907,0.9993047,0.996325
2088,0.9981749,0.998374,0.99723333
2089,0.99657047,0.9914307,0.9980221
2090,0.9969225,0.9936341,0.9978055
2091,0.99711597,0.9947032,0.9976668
2092,0.9976018,0.99681026,0.9973767
2093,0.9969385,0.993753,0.9976503
2094,0.9969477,0.9938597,0.99759054
2095,0.99826556,0.99859995,0.9967263
2096,0.9989011,0.9993595,0.99602735
2097,0.99906164,0.99942935,0.9957814
2098,0.99895966,0.9993896,0.9960978
2099,0.9992926,0.9994504,0.9955623
2100,0.9985018,0.9987755,0.9966208
2101,0.99773836,0.99705976,0.9973204
2102,0.99745864,0.9960227,0.99749106
2103,0.99669915,0.99212164,0.9977942
2104,0.9975073,0.9962978,0.99735135
2105,0.9971023,0.9944785,0.99754477
2106,0.99802583,0.99799156,0.9969799
2107,0.9964827,0.9907989,0.997662
2108,0.9963882,0.9903731,0.9975778
2109,0.99691916,0.99367535,0.9972379
2110,0.9989165,0.9992364,0.99532247
2111,0.99766594,0.99680716,0.9966759
2112,0.99705553,0.9942497,0.997069
2113,0.99760944,0.9966752,0.99671066
2114,0.99582356,0.98683417,0.9975453
2115,0.99622977,0.9897792,0.99718016
2116,0.9978996,0.99775064,0.99604267
2117,0.99661016,0.99227947,0.9969601
2118,0.9970345,0.994633,0.99666625
2119,0.9986735,0.9991243,0.9950637
2120,0.9986721,0.99912935,0.9952132
2121,0.998703,0.99919677,0.9953689
2122,0.99863017,0.99916893,0.995689
2123,0.9982243,0.9986384,0.99635273
2124,0.99915737,0.99954844,0.994954
2125,0.9993379,0.9995657,0.99517214
2126,0.9989606,0.9994102,0.99553055
2127,0.99802184,0.9981822,0.99686253
2128,0.9980845,0.9983304,0.9968822
2129,0.997587,0.99685884,0.99723506
2130,0.9976968,0.9972396,0.99719113
2131,0.99807394,0.99827284,0.9969373
2132,0.9964948,0.9912954,0.99777395
2133,0.9961222,0.9890485,0.9977909
2134,0.9971453,0.9951589,0.9972559
2135,0.9977916,0.9976467,0.99686444
2136,0.9989675,0.99950093,0.99554753
2137,0.9975629,0.99690515,0.9971876
2138,0.9975332,0.99679464,0.997228
2139,0.9971062,0.9949571,0.99745893
2140,0.9966179,0.9923269,0.99762845
2141,0.99673134,0.9930665,0.99750847
2142,0.9966948,0.9929205,0.99746084
2143,0.9977465,0.99762,0.99684894
2144,0.99745405,0.99660397,0.997064
2145,0.9980454,0.9983934,0.9966814
2146,0.9987042,0.99937963,0.99599195
2147,0.9979511,0.9981547,0.9969144
2148,0.9977394,0.9975524,0.9971209
2149,0.9980561,0.9983925,0.99691737
2150,0.9991965,0.9996352,0.99520963
2151,0.9969409,0.99405944,0.99761665
2152,0.99669516,0.9926828,0.99760604
2153,0.99779177,0.99766153,0.99698097
2154,0.99773884,0.99749523,0.99706477
2155,0.9972851,0.99576366,0.99735796
2156,0.9976835,0.99731237,0.99712515
2157,0.997692,0.9973359,0.99715495
2158,0.99746245,0.99649274,0.9973185
2159,0.9976341,0.9971306,0.9972291
2160,0.99849826,0.999107,0.9964446
2161,0.99751914,0.99655455,0.9971574
2162,0.9979578,0.9979699,0.99686164
2163,0.9982549,0.99863905,0.99666667
2164,0.99801683,0.9981101,0.99692756
2165,0.9984466,0.9988961,0.99648005
2166,0.99775505,0.99722403,0.9970559
2167,0.9979794,0.997899,0.9969368
2168,0.99770945,0.9970781,0.9971736
2169,0.9992893,0.9995316,0.99508417
2170,0.99911726,0.9994622,0.9956348
2171,0.9992948,0.9995586,0.99534965
2172,0.99952394,0.9994716,0.99692684
2173,0.9995757,0.99945307,0.9979827
2174,0.9988431,0.99921185,0.9962638
2175,0.99904084,0.9993738,0.9960544
2176,0.99890363,0.99932927,0.99643874
2177,0.9979104,0.9976344,0.9974886
2178,0.9981125,0.998186,0.99738586
2179,0.99942553,0.9995786,0.9954361
2180,0.9995558,0.99959373,0.99746805
2181,0.9995009,0.9995217,0.99677885
2182,0.9994555,0.99951464,0.9961556
2183,0.9991281,0.99946934,0.9964427
2184,0.9994829,0.9994449,0.99692297
2185,0.9994726,0.9993968,0.99694353
2186,0.99918044,0.99931717,0.9962304
2187,0.99833214,0.9984582,0.99740875
2188,0.99802715,0.9977445,0.99765676
2189,0.9988908,0.99921304,0.9969202
2190,0.99871236,0.9990748,0.99721617
2191,0.99826664,0.99837804,0.9976522
2192,0.9984139,0.99867284,0.9975811
2193,0.9986054,0.9989785,0.9974669
2194,0.9985116,0.99885297,0.99759686
2195,0.9983801,0.9986318,0.9977369
2196,0.9992486,0.9995016,0.99675816
2197,0.99893624,0.9993702,0.9973456
2198,0.9988106,0.9992796,0.9975477
2199,0.998739,0.9992162,0.9976684
2200,0.99884903,0.99933356,0.9976099
2201,0.99882805,0.99932367,0.99768126
2202,0.9987614,0.9992643,0.9977894
2203,0.9992726,0.99960375,0.99718803
2204,0.9987062,0.99922276,0.99793494
2205,0.99882793,0.99935734,0.9978686
2206,0.9987729,0.9993059,0.9979548
2207,0.99907243,0.9995514,0.997694
2208,0.9990932,0.999572,0.9977186
2209,0.99894917,0.9994872,0.9979229
2210,0.99914736,0.999614,0.997742
2211,0.9995191,0.9997255,0.99708307
2212,0.99952865,0.9996904,0.99717003
2213,0.99931556,0.99962956,0.997506
2214,0.99943775,0.9996724,0.9973222
2215,0.9992812,0.9996476,0.99768037
2216,0.99947757,0.9997047,0.9973521
2217,0.99950236,0.9997009,0.9973102
2218,0.9995287,0.99972045,0.9973158
2219,0.99933994,0.99969983,0.9977757
2220,0.99944526,0.9997329,0.9976314
2221,0.99961317,0.99972177,0.9991262
2222,0.9995658,0.99961406,0.998577
2223,0.99928194,0.99956614,0.99776274
2224,0.99920416,0.99954957,0.9979155
2225,0.99905074,0.99947864,0.9981252
2226,0.99949956,0.9996489,0.9974804
2227,0.9991741,0.9995379,0.9980298
2228,0.999295,0.9995957,0.99790955
2229,0.99927896,0.9996022,0.99797297
2230,0.9993683,0.9996397,0.9978787
2231,0.9991478,0.9995682,0.998205
2232,0.9995124,0.9996866,0.9976807
2233,0.99940735,0.999682,0.99793786
2234,0.99908537,0.99956286,0.99836624
2235,0.9993679,0.9996835,0.9980639
2236,0.99950814,0.99972034,0.9978522
2237,0.99940383,0.9997119,0.9980847
2238,0.9993857,0.9997156,0.99814725
2239,0.9993828,0.9997222,0.9981842
2240,0.999327,0.9997133,0.9982899
2241,0.99930996,0.9997131,0.9983382
2242,0.99940073,0.9997435,0.99824715
2243,0.99952805,0.99977297,0.99806297
2244,0.9995515,0.9997837,0.9980515
2245,0.9994474,0.9997749,0.99827373
2246,0.99953425,0.9997946,0.9981544
2247,0.999553,0.9998034,0.9981505
2248,0.9995634,0.99974513,0.99853647
2249,0.9993827,0.99971837,0.99835914
2250,0.99953973,0.99975437,0.9981349
2251,0.99934185,0.9997205,0.998463
2252,0.9995341,0.9997663,0.99820554
2253,0.9996003,0.99978125,0.999194
2254,0.9993582,0.9997196,0.998474
2255,0.99914503,0.99963355,0.9986945
2256,0.9993995,0.99969137,0.99839836
2257,0.9994849,0.9997161,0.998299
2258,0.99941087,0.9996585,0.9983688
2259,0.99955386,0.99963236,0.99896663
2260,0.9994857,0.99932814,0.9985601
2261,0.9992766,0.99928415,0.99829197
2262,0.9992084,0.9992724,0.99838763
2263,0.999426,0.99936396,0.9981343
2264,0.99946976,0.99939513,0.998232
2265,0.99915224,0.9987157,0.99823964
2266,0.9992833,0.9988196,0.9981066
2267,0.9992687,0.998859,0.9981463
2268,0.99919605,0.99881494,0.99822986
2269,0.99925995,0.9985896,0.99806195
2270,0.9994418,0.99828297,0.9992168
2271,0.9991796,0.99706686,0.9975893
2272,0.99913615,0.99726325,0.99768126
2273,0.99909884,0.99742544,0.9977572
2274,0.99920994,0.9976449,0.9976437
2275,0.9992911,0.9978365,0.9977981
2276,0.9992525,0.99792975,0.99763036
2277,0.9990359,0.99740463,0.9976912
2278,0.9991056,0.99760795,0.9976492
2279,0.99930215,0.99784863,0.9980447
2280,0.9992398,0.9979479,0.99753165
2281,0.99905896,0.99798894,0.99780804
2282,0.99912786,0.9981325,0.9977597
2283,0.9993071,0.99831074,0.9979393
2284,0.9994059,0.99843,0.9990664
2285,0.9994219,0.998468,0.99924695
2286,0.9993989,0.99827826,0.999077
2287,0.9993049,0.9982415,0.9979877
2288,0.99927336,0.9983256,0.99761724
2289,0.99938446,0.99846226,0.9988338
2290,0.9993394,0.9984964,0.99826956
2291,0.99903405,0.99835765,0.9978522
2292,0.99930185,0.99856037,0.997827
2293,0.99932337,0.99864453,0.99802965
2294,0.9992959,0.9987005,0.9976952
2295,0.99932444,0.99878097,0.9979751
2296,0.9993777,0.9988466,0.9985751
2297,0.9993443,0.9988739,0.99814963
2298,0.99931544,0.99891245,0.9977914
2299,0.9992703,0.99895126,0.99780995
2300,0.9993069,0.9990123,0.9977945
2301,0.9992456,0.9990371,0.9979222
2302,0.99926084,0.9990434,0.9979129
2303,0.99919033,0.99902755,0.9980224
2304,0.9990128,0.99849945,0.9979763
2305,0.9992432,0.998681,0.9977394
2306,0.9993055,0.99877113,0.998032
2307,0.99920756,0.9987007,0.9978082
2308,0.9992695,0.998787,0.9977637
2309,0.9989314,0.99792284,0.99763054
2310,0.998969,0.9979403,0.9975541
2311,0.99902654,0.9980912,0.99757624
2312,0.99907213,0.9982226,0.9976006
2313,0.9992308,0.9983963,0.99771976
2314,0.9993481,0.9984835,0.99897736
2315,0.9986035,0.9963953,0.9951763
2316,0.9990462,0.99705493,0.99590456
2317,0.9986736,0.9970717,0.99596745
2318,0.9986501,0.99727213,0.9963956
2319,0.99859357,0.99738526,0.9967966
2320,0.99841577,0.9972244,0.9971792
2321,0.9989648,0.9980186,0.99694955
2322,0.9990076,0.9981816,0.99709713
2323,0.9988946,0.9982133,0.9973751
2324,0.9990277,0.99839807,0.9973683
2325,0.9990124,0.9983008,0.9971872
2326,0.99866754,0.9980686,0.99763525
2327,0.99889505,0.99832714,0.9974814
2328,0.99919176,0.9982925,0.99775046
2329,0.99904597,0.99827325,0.99689895
2330,0.9988278,0.9982303,0.99732196
2331,0.9991207,0.99851525,0.9971703
2332,0.99872786,0.99829155,0.9976888
2333,0.99843836,0.9976415,0.9973413
2334,0.99917746,0.99846363,0.9976729
2335,0.9992331,0.9980959,0.9975243
2336,0.9991254,0.99813235,0.9970865
2337,0.99909794,0.99825656,0.99690497
2338,0.9991807,0.99841094,0.99776095
2339,0.9983956,0.99763834,0.99691457
2340,0.9990525,0.9984484,0.9966665
2341,0.9982554,0.9974963,0.9975073
2342,0.9990229,0.99859154,0.99714744
2343,0.999103,0.99871397,0.9972329
2344,0.99915457,0.99870384,0.99759644
2345,0.9979859,0.99663204,0.9944251
2346,0.9987667,0.9980424,0.994984
2347,0.997778,0.996147,0.99628377
2348,0.9977258,0.995941,0.9968198
2349,0.99787885,0.9965081,0.9971512
2350,0.9989474,0.9985712,0.9968208
2351,0.99910986,0.9987453,0.9972633
2352,0.9981266,0.99714524,0.99034405
2353,0.9985954,0.99799633,0.9924814
2354,0.9980317,0.99738806,0.9944756
2355,0.99874264,0.99850345,0.9950595
2356,0.99739647,0.9950075,0.99638504
2357,0.9986197,0.9985366,0.9965029
2358,0.9988184,0.9987821,0.9967566
2359,0.99874383,0.99875927,0.9970892
2360,0.99743325,0.9955274,0.9949847
2361,0.99788064,0.9970711,0.9958462
2362,0.9986465,0.99859506,0.9961511
2363,0.99885017,0.9988325,0.9964877
2364,0.998748,0.9986832,0.9953287
2365,0.9974174,0.99524045,0.99650085
2366,0.99848217,0.99847955,0.9967111
2367,0.99754304,0.995632,0.9973698
2368,0.99712133,0.9932544,0.99775594
2369,0.99839383,0.9983323,0.9976707
2370,0.9979475,0.99714476,0.9979865
2371,0.9986077,0.99867654,0.997849
2372,0.999156,0.9991568,0.9979607
2373,0.997747,0.99633527,0.99811363
2374,0.9962384,0.98683137,0.998483
2375,0.9974305,0.9949568,0.9983961
2376,0.9979183,0.997063,0.99832076
2377,0.99723595,0.99386555,0.99819404
2378,0.99722004,0.9938032,0.99828357
2379,0.99736524,0.99463105,0.99830556
2380,0.99688005,0.991806,0.99845296
2381,0.9985033,0.99849576,0.99788004
2382,0.99914145,0.9991178,0.997354
2383,0.9986329,0.9987112,0.99788886
2384,0.9991036,0.99913454,0.99751127
2385,0.9975358,0.9953498,0.99514526
2386,0.9965777,0.9899728,0.9962466
2387,0.996535,0.98975664,0.9968964
2388,0.99624777,0.9879299,0.997353
2389,0.99880636,0.99858016,0.9963114
2390,0.999036,0.9988178,0.99624854
2391,0.99883276,0.99878144,0.9967586
2392,0.9991172,0.99901026,0.99693733
2393,0.998382,0.9983366,0.99746376
2394,0.99910253,0.9990886,0.99682635
2395,0.9992499,0.99919546,0.9981213
2396,0.9977104,0.9964429,0.997564
2397,0.9982615,0.99796873,0.9971944
2398,0.9972864,0.9945526,0.99776804
2399,0.9959495,0.98606133,0.9980393
2400,0.9961671,0.9879624,0.99800795
2401,0.99573725,0.98537105,0.99806404
2402,0.9956323,0.98513514,0.99797577
2403,0.99761355,0.9966703,0.99707824
2404,0.9987355,0.9989635,0.996109
2405,0.9962368,0.98951465,0.99772835
2406,0.9957136,0.98635036,0.9977592
2407,0.9962663,0.99027294,0.9973941
2408,0.99718523,0.99538076,0.9968582
2409,0.9968539,0.9938406,0.99703276
2410,0.9972154,0.99558944,0.9968044
2411,0.99817616,0.998466,0.9960854
2412,0.99889994,0.99930173,0.99519134
2413,0.99569124,0.98680127,0.9975257
2414,0.9966404,0.99290967,0.99695766
2415,0.99657404,0.99262995,0.9969226
2416,0.99665993,0.99318707,0.9968098
2417,0.9977534,0.9976708,0.99605423
2418,0.99860454,0.9991612,0.99518174
2419,0.99815625,0.998608,0.9959893
2420,0.99873966,0.99928135,0.99522364
2421,0.9994303,0.9994489,0.9984203
2422,0.9991819,0.99875367,0.99661106
2423,0.9973016,0.9954713,0.995984
2424,0.99854475,0.9985288,0.994753
2425,0.997512,0.99519867,0.99291766
2426,0.9962332,0.98911667,0.9926174
2427,0.99904686,0.997685,0.9946378
2428,0.99667,0.992021,0.98877704
2429,0.99719906,0.994738,0.99145234
2430,0.9990176,0.99828416,0.9947487
2431,0.99858093,0.9981269,0.9918776
2432,0.9982741,0.9980067,0.99262047
2433,0.9961275,0.9897915,0.99527705
2434,0.9946821,0.98147017,0.9962336
2435,0.9945986,0.9811645,0.996394
2436,0.9985969,0.99891365,0.9931866
2437,0.9955149,0.98717034,0.9963301
2438,0.99826366,0.9987424,0.99406856
2439,0.9979261,0.9982548,0.99490225
2440,0.9981219,0.99863786,0.99494094
2441,0.9984323,0.99907905,0.99477214
2442,0.9981455,0.99873406,0.9954353
2443,0.99734396,0.99676013,0.9963404
2444,0.99662036,0.9936402,0.99681693
2445,0.99519736,0.985328,0.9973029
2446,0.9962494,0.99196196,0.99665886
2447,0.99588454,0.98996013,0.9967323
2448,0.99573576,0.9892416,0.9966518
2449,0.9966594,0.99441236,0.9960353
2450,0.99767,0.9980255,0.99528944
2451,0.9986445,0.9994659,0.994083
2452,0.99850297,0.99937844,0.99470377
2453,0.99810195,0.99889827,0.99552965
2454,0.99730223,0.9968881,0.99623835
2455,0.99837106,0.99923086,0.9952844
2456,0.99692386,0.99539095,0.9967076
2457,0.99664843,0.994104,0.9968159
2458,0.9973426,0.9970051,0.9963937
2459,0.99750865,0.9975094,0.99631846
2460,0.99691904,0.9953238,0.99675876
2461,0.9991034,0.9997394,0.99416083
2462,0.99866,0.9995252,0.9953633
2463,0.998551,0.99944335,0.9957343
2464,0.99675655,0.99446845,0.9972543
2465,0.9971414,0.9961812,0.9970401
2466,0.9976478,0.99781823,0.99656063
2467,0.99837255,0.9992204,0.9959815
2468,0.9967894,0.99447495,0.9971657
2469,0.99604726,0.99033356,0.9972627
2470,0.9971494,0.9961007,0.99661964
2471,0.9981416,0.9988101,0.9957538
2472,0.99918777,0.9996899,0.995108
2473,0.9983863,0.9991404,0.9956824
2474,0.9983297,0.9990685,0.99589306
2475,0.9982486,0.9989618,0.9961422
2476,0.99821407,0.99891406,0.99631894
2477,0.9984535,0.9992456,0.9961887
2478,0.9994291,0.9997732,0.99778354
2479,0.999425,0.99977857,0.99772835
2480,0.9985472,0.99935734,0.99635214
2481,0.9978522,0.9981727,0.99707556
2482,0.99809456,0.9986695,0.9968711
2483,0.9978259,0.9980594,0.9971448
2484,0.99774075,0.99781966,0.9972498
2485,0.9990732,0.999694,0.9958267
2486,0.9967057,0.9934613,0.99786
2487,0.9961235,0.9900882,0.99797356
2488,0.9967409,0.9938133,0.99763376
2489,0.9990796,0.9997159,0.9955089
2490,0.9977268,0.99784786,0.99723864
2491,0.9967295,0.99373084,0.9977345
2492,0.99794245,0.9983327,0.99686044
2493,0.99841994,0.9991428,0.9964188
2494,0.9981182,0.99865353,0.9967827
2495,0.9990731,0.99964136,0.9955535
2496,0.9983862,0.9991007,0.9967526
2497,0.9984963,0.9992458,0.9967411
2498,0.9976771,0.9975371,0.99745196
2499,0.99723756,0.9958702,0.99764144
2500,0.99808025,0.99849886,0.99702466
2501,0.9978584,0.9979111,0.9971345
2502,0.9978997,0.99801654,0.99715644
2503,0.9990744,0.999562,0.9957909
2504,0.998433,0.99903893,0.9968356
2505,0.9985045,0.99914074,0.9968571
2506,0.99898696,0.9995485,0.99629307
2507,0.99880874,0.99945855,0.996703
2508,0.9978678,0.99790156,0.99760467
2509,0.9980682,0.998395,0.9974997
2510,0.9977879,0.9976433,0.99770105
2511,0.9967953,0.99323344,0.99810815
2512,0.9980967,0.99846077,0.9974468
2513,0.9983055,0.9985375,0.9968262
2514,0.99810165,0.99815375,0.99707586
2515,0.99877,0.99912757,0.9964156
2516,0.9976774,0.9969566,0.9974652
2517,0.9986706,0.99900997,0.9965883
2518,0.9988484,0.99918634,0.9964444
2519,0.9989499,0.99922717,0.9963199
2520,0.99827605,0.9984804,0.9972123
2521,0.99592096,0.98701805,0.99822956
2522,0.9965628,0.99153566,0.9978808
2523,0.9971568,0.9949387,0.99755585
2524,0.9975302,0.99656624,0.9973435
2525,0.99890643,0.999331,0.9960622
2526,0.9990615,0.99944884,0.99593097
2527,0.9989341,0.9993849,0.99626046
2528,0.99778724,0.99742293,0.9974174
2529,0.99701804,0.9941917,0.99779725
2530,0.9978878,0.9977432,0.9973235
2531,0.99799824,0.9980382,0.99728817
2532,0.9989896,0.99943393,0.99627936
2533,0.99823624,0.9985913,0.99726796
2534,0.9989474,0.9994491,0.99656
2535,0.9977108,0.9972133,0.997731
2536,0.997339,0.9957392,0.9979045
2537,0.99918324,0.99958163,0.99621886
2538,0.9994124,0.9996498,0.9969455
2539,0.9994779,0.99963903,0.9980095
2540,0.99886245,0.9993076,0.9967395
2541,0.9974601,0.9961071,0.9978749
2542,0.9984409,0.99887085,0.9972732
2543,0.9994952,0.9995823,0.99843854
2544,0.99946064,0.999585,0.99792176
2545,0.9993876,0.9995915,0.99690735
2546,0.9993223,0.9996051,0.99625885
2547,0.99730456,0.99543035,0.99817216
2548,0.9977049,0.99710715,0.9979846
2549,0.99919385,0.9996006,0.99663436
2550,0.99838567,0.9988784,0.9976826
2551,0.9976578,0.9969238,0.9981093
2552,0.9978952,0.99772424,0.997999
2553,0.9979742,0.99794817,0.99797034
2554,0.99799496,0.9979987,0.9979744
2555,0.99819726,0.998496,0.99788004
2556,0.9982724,0.9986507,0.99786186
2557,0.9979342,0.9977985,0.9980713
2558,0.99777347,0.99726826,0.99815106
2559,0.9982876,0.99867004,0.9978907
2560,0.99875945,0.999359,0.9975611
2561,0.9990651,0.9995872,0.99726284
2562,0.9989755,0.9995481,0.9974528
2563,0.9984396,0.9989599,0.99798024
2564,0.9994005,0.99972075,0.9968276
2565,0.99867034,0.99930006,0.99791616
2566,0.99874425,0.9993827,0.9978952
2567,0.9987384,0.99937797,0.99793947
2568,0.99879444,0.99943566,0.9979313
2569,0.99913514,0.9996714,0.99761117
2570,0.99903613,0.9996282,0.99778783
2571,0.99872535,0.99937475,0.99811345
2572,0.9986237,0.99924916,0.99821335
2573,0.99845666,0.99898857,0.9983363
2574,0.99839526,0.9988699,0.99838614
2575,0.99826187,0.9985809,0.9984638
2576,0.9988407,0.99948144,0.99813294
2577,0.9992175,0.9997181,0.9977733
2578,0.99892086,0.99955624,0.99813986
2579,0.99879956,0.99944764,0.9982654
2580,0.9988755,0.9995193,0.99823517
2581,0.99890184,0.9995423,0.99824256
2582,0.9989731,0.9995986,0.99821216
2583,0.99872476,0.9993625,0.9984204
2584,0.9990275,0.9996364,0.9982165
2585,0.9994894,0.9998051,0.997597
2586,0.99939454,0.9997965,0.9978405
2587,0.99933606,0.99978846,0.9979795
2588,0.9992506,0.9997667,0.9981337
2589,0.99935925,0.99980295,0.99802154
2590,0.9991479,0.9997311,0.9983133
2591,0.9994313,0.9998255,0.9979766
2592,0.9993213,0.9998042,0.9981814
2593,0.9990127,0.9996599,0.99851495
2594,0.99925077,0.9997848,0.99832135
2595,0.9995487,0.99985474,0.997884
2596,0.9996289,0.9998208,0.99937
2597,0.99935406,0.9997528,0.9980879
2598,0.9992324,0.9997186,0.9982758
2599,0.99929893,0.99974626,0.998227
2600,0.999316,0.999756,0.99823624
2601,0.999132,0.9996834,0.99845827
2602,0.9994449,0.99979407,0.9981071
2603,0.99950844,0.99981034,0.99802846
2604,0.99956685,0.99982375,0.9980755
2605,0.99907994,0.99955064,0.9984208
2606,0.9991614,0.99956363,0.99832416
2607,0.9991986,0.9995874,0.9983122
2608,0.99928373,0.9996283,0.99824387
2609,0.99924046,0.9996191,0.99832165
2610,0.99941146,0.9996772,0.9981247
2611,0.9995351,0.99970686,0.9982278
2612,0.99937975,0.9996114,0.9981334
2613,0.9994341,0.9996353,0.9980816
2614,0.9993573,0.999628,0.9982297
2615,0.999522,0.9996716,0.99823225
2616,0.9995368,0.99956656,0.9988861
2617,0.9994717,0.99956435,0.99798995
2618,0.9995386,0.9995488,0.9990073
2619,0.99954766,0.99953395,0.99921346
2620,0.99948496,0.9995073,0.998211
2621,0.9991075,0.9990666,0.9982533
2622,0.9991928,0.9991356,0.9981872
2623,0.999417,0.99923927,0.9979027
2624,0.9994287,0.99927616,0.99793404
2625,0.99939436,0.99929976,0.9980116
2626,0.998865,0.99869883,0.9984323
2627,0.99911654,0.9988783,0.99821615
2628,0.99920034,0.99895567,0.9981475
2629,0.9992343,0.99900514,0.9981312
2630,0.9992752,0.9990557,0.9981053
2631,0.99926496,0.9990851,0.99814403
2632,0.99924874,0.9991089,0.9981885
2633,0.9993998,0.9991874,0.9980048
2634,0.9993191,0.9991979,0.9981536
2635,0.9993839,0.9992449,0.99808854
2636,0.9991173,0.9988721,0.99828947
2637,0.999373,0.9990093,0.99799585
2638,0.99934405,0.99904466,0.9980681
2639,0.9993573,0.9990261,0.998045
2640,0.9994795,0.9990962,0.9992392
2641,0.9994185,0.9990489,0.9984197
2642,0.9994051,0.9990743,0.99822223
2643,0.99943006,0.99911606,0.9985292
2644,0.99927515,0.9990957,0.99821806
2645,0.9994626,0.99917907,0.9989344
2646,0.99947894,0.9991836,0.9991767
2647,0.9992388,0.9982207,0.9979027
2648,0.9992354,0.9982918,0.9979236
2649,0.9989336,0.99816924,0.99825203
2650,0.9989725,0.9979957,0.99813175
2651,0.9990624,0.99814,0.9980659
2652,0.998985,0.9981548,0.9981574
2653,0.9990447,0.99826497,0.99811983
2654,0.99930954,0.9984683,0.99782425
2655,0.9993393,0.99850994,0.9981676
2656,0.99929255,0.9981388,0.9979333
2657,0.9992808,0.99751616,0.99813664
2658,0.9989112,0.9974284,0.9977804
2659,0.99895227,0.9975768,0.9977781
2660,0.9991508,0.99783814,0.99760544
2661,0.9991209,0.99795765,0.997694
2662,0.9991851,0.9981081,0.9976583
2663,0.99911964,0.99812937,0.99775267
2664,0.99939364,0.998163,0.9992564
2665,0.9987723,0.99607813,0.99606377
2666,0.99889416,0.9966133,0.996362
2667,0.99893093,0.9969823,0.9966406
2668,0.99876946,0.99709916,0.99704385
2669,0.9992211,0.99761283,0.9977423
2670,0.99909484,0.9975171,0.99671024
2671,0.99843925,0.99548465,0.9933921
2672,0.9984582,0.9961863,0.9947399
2673,0.99851054,0.99668,0.99556947
2674,0.99900687,0.9974626,0.99575555
2675,0.9990259,0.9977577,0.9961206
2676,0.99848914,0.99736273,0.9968534
2677,0.9986219,0.9976821,0.9970238
2678,0.99903536,0.9981806,0.9968473
2679,0.99920124,0.9983839,0.9977878
2680,0.99916583,0.99845666,0.9974481
2681,0.99914086,0.9985352,0.99721813
2682,0.99890864,0.99847347,0.9975332
2683,0.99910116,0.9986641,0.9974331
2684,0.9992808,0.99880767,0.99854136
2685,0.99870664,0.9980389,0.99709624
2686,0.9984537,0.9977477,0.9974618
2687,0.9990054,0.99844956,0.9971811
2688,0.9988867,0.99844956,0.99745363
2689,0.99881923,0.99845135,0.99763286
2690,0.9988631,0.9981483,0.9966792
2691,0.9986484,0.9979347,0.99674714
2692,0.9991709,0.9984347,0.9976468
2693,0.9977427,0.9957862,0.99046516
2694,0.9984293,0.99732536,0.9920561
2695,0.998471,0.99773276,0.99386305
2696,0.99844646,0.9978988,0.9950544
2697,0.9989729,0.9985067,0.99594766
2698,0.99851996,0.99799454,0.99295807
2699,0.9970188,0.99684674,0.9846612
2700,0.9975332,0.99766093,0.987087
2701,0.99820006,0.9984039,0.99027723
2702,0.9985264,0.99855787,0.99062884
2703,0.9937323,0.9974491,0.98363227
2704,0.9927923,0.9970467,0.9829798
2705,0.99435973,0.99448884,0.98521787
2706,0.996665,0.9978576,0.9881412
2707,0.9976675,0.99871665,0.99084276
2708,0.9977587,0.99852246,0.99300885
2709,0.9979402,0.99856967,0.9944822
2710,0.99795765,0.9985926,0.9946634
2711,0.9974419,0.9966013,0.99573565
2712,0.9981808,0.99864614,0.99643373
2713,0.9983302,0.9988301,0.9969118
2714,0.9970309,0.9929625,0.9974541
2715,0.99826956,0.9985045,0.9977912
2716,0.99884135,0.99933666,0.99786836
2717,0.99870324,0.9992325,0.9971714
2718,0.99825877,0.99897826,0.9946283
2719,0.9967605,0.9981516,0.98937553
2720,0.9975944,0.9987801,0.9918268
2721,0.9953632,0.9967192,0.98763204
2722,0.9959162,0.9959572,0.9896638
2723,0.9967431,0.9966491,0.9922922
2724,0.99789315,0.9989685,0.99394786
2725,0.99701357,0.9977676,0.99241704
2726,0.99792135,0.99906075,0.99405444
2727,0.99764,0.9981277,0.9952164
2728,0.99737746,0.9965076,0.9961208
2729,0.9959351,0.9951686,0.9908339
2730,0.99534404,0.9905157,0.9931841
2731,0.99504006,0.98889416,0.99529445
2732,0.99686885,0.99269414,0.99667007
2733,0.9982794,0.99877375,0.99728703
2734,0.99647236,0.99053913,0.99704087
2735,0.9962129,0.9894894,0.9977693
2736,0.99802774,0.9977377,0.9981538
2737,0.9986504,0.9991399,0.9982318
2738,0.9982229,0.9982061,0.99843746
2739,0.99888605,0.99936193,0.9984208
2740,0.9967055,0.98973006,0.99870336
2741,0.99679035,0.9897564,0.9989149
2742,0.99844444,0.9986385,0.99888396
2743,0.99902534,0.9994436,0.9987735
2744,0.9978939,0.9974935,0.99694437
2745,0.99813706,0.99810284,0.9973324
2746,0.9987043,0.9990898,0.9975096
2747,0.99647397,0.9890586,0.9980363
2748,0.99778795,0.9967507,0.9977326
2749,0.9984216,0.99861324,0.99772507
2750,0.99552566,0.9880142,0.9944228
2751,0.99705017,0.9936986,0.996024
2752,0.99752706,0.9959182,0.9967919
2753,0.9948765,0.986106,0.9964494
2754,0.99740994,0.99517107,0.9971486
2755,0.9981974,0.99807966,0.9974094
2756,0.99587065,0.9872478,0.99695253
2757,0.9964445,0.98872405,0.9976314
2758,0.9961961,0.9870681,0.9980784
2759,0.996847,0.99171466,0.9982738
2760,0.99795175,0.99737656,0.9981728
2761,0.9988419,0.9991091,0.9978557
2762,0.99644536,0.9932698,0.98940283
2763,0.99401826,0.98454386,0.9908566
2764,0.9963231,0.99023503,0.9938147
2765,0.9978095,0.997333,0.9950726
2766,0.9987636,0.9989342,0.9953402
2767,0.9900066,0.9850605,0.98253465
2768,0.9964642,0.99747723,0.9839306
2769,0.99730974,0.9980268,0.9873993
2770,0.99683857,0.99752593,0.9874771
2771,0.9896649,0.99727166,0.9814397
2772,0.98158956,0.9957214,0.98118544
2773,0.9872622,0.9881641,0.98238873
2774,0.9894999,0.9838736,0.9837696
2775,0.9931147,0.98521334,0.9866713
2776,0.99649596,0.99307203,0.99051446
2777,0.9954789,0.9871052,0.9933374
2778,0.9957706,0.9870596,0.99547136
2779,0.99657375,0.9898264,0.9966755
2780,0.9989034,0.998925,0.9966637
2781,0.9988092,0.9988992,0.99703646
2782,0.9987329,0.99870324,0.99481225
2783,0.99745786,0.99714583,0.99062854
2784,0.99746734,0.996689,0.9930052
2785,0.9929338,0.9966596,0.9823791
2786,0.993379,0.99489176,0.9836349
2787,0.9934716,0.9879319,0.9858881
2788,0.9952503,0.9887889,0.98960525
2789,0.995779,0.9886346,0.99291074
2790,0.9959651,0.98827404,0.9951213
2791,0.9963065,0.988886,0.9964679
2792,0.9955126,0.9864688,0.99736667
2793,0.9945785,0.98451096,0.9980088
2794,0.99414736,0.9833577,0.9984054
2795,0.9930897,0.9814194,0.99867415
2796,0.9953603,0.98398393,0.9985413
2797,0.9963642,0.9899295,0.9983295
2798,0.99821514,0.99845856,0.9976117
2799,0.9959739,0.98747265,0.9984097
2800,0.99333453,0.97960514,0.99867743
2801,0.99510527,0.9827614,0.99823123
2802,0.9978515,0.997884,0.9969966
2803,0.99863887,0.99922377,0.99632823
2804,0.99776614,0.99765664,0.9972251
2805,0.9975418,0.99694115,0.9973953
2806,0.9983037,0.99883646,0.99689925
2807,0.99705523,0.99489975,0.99770623
2808,0.99652165,0.99194723,0.9977178
2809,0.9983157,0.9987956,0.99660736
2810,0.99844307,0.99893206,0.9964731
2811,0.9962323,0.99017155,0.9977987
2812,0.99605656,0.98925525,0.99772537
2813,0.9972835,0.99604374,0.997062
2814,0.9977261,0.99757624,0.99680436
2815,0.99597514,0.988928,0.9976454
2816,0.99592,0.9888152,0.99750364
2817,0.9958796,0.9887954,0.997352
2818,0.99704736,0.99540496,0.99667007
2819,0.9960681,0.9901196,0.9970134
2820,0.9987948,0.9993875,0.99441624
2821,0.9972738,0.9963635,0.99644685
2822,0.9983012,0.998962,0.9955885
2823,0.9987975,0.99943024,0.99488884
2824,0.99868035,0.99935454,0.9952836
2825,0.99921346,0.999628,0.99552673
2826,0.9994194,0.99966913,0.99790555
2827,0.99789566,0.9981445,0.99644023
2828,0.99729407,0.9962542,0.99691063
2829,0.99816823,0.99869686,0.9962845
2830,0.9973836,0.99658126,0.99697423
2831,0.99731266,0.996306,0.9970315
2832,0.9970973,0.99540615,0.99715954
2833,0.9974409,0.9967793,0.9969318
2834,0.9967862,0.9938893,0.997291
2835,0.99699074,0.9949404,0.99714863
2836,0.997871,0.99795306,0.99628526
2837,0.99678534,0.9937265,0.9969968
2838,0.9979218,0.99785113,0.99586797
2839,0.99846816,0.9988373,0.9953723
2840,0.99829245,0.99865,0.9958042
2841,0.9993806,0.9994546,0.9975627
2842,0.9993864,0.9994843,0.9976087
2843,0.99889815,0.99935144,0.9952645
2844,0.99939513,0.9993692,0.9980882
2845,0.9991681,0.9991718,0.9960104
2846,0.99820054,0.9983215,0.9960862
2847,0.9989244,0.998932,0.99479574
2848,0.999304,0.9989988,0.9977757
2849,0.99907553,0.9983646,0.995961
2850,0.99852943,0.9975463,0.99309593
2851,0.9988685,0.9972876,0.9925069
2852,0.9980301,0.99685526,0.9921694
2853,0.99764097,0.9961052,0.992756
2854,0.99619013,0.98927,0.99484503
2855,0.99391276,0.9802293,0.9962062
2856,0.9968912,0.9937706,0.9954689
2857,0.9962504,0.99035114,0.9959881
2858,0.9986722,0.998594,0.9935768
2859,0.9986668,0.99869585,0.9939425
2860,0.9981799,0.9982494,0.9951566
2861,0.9980707,0.99811745,0.99555576
2862,0.99781173,0.9975861,0.9960255
2863,0.99726915,0.9958368,0.9965623
2864,0.99665797,0.9929634,0.99693847
2865,0.99663967,0.99294573,0.996915
2866,0.9963909,0.991635,0.99698144
2867,0.9962304,0.99082214,0.9969644
2868,0.9973028,0.99623513,0.99623424
2869,0.99599856,0.9895576,0.99695647
2870,0.99642164,0.992215,0.99659127
2871,0.9974234,0.9968164,0.99590886
2872,0.9970686,0.99549264,0.99625415
2873,0.99713886,0.9958028,0.9962456
2874,0.9978654,0.99799204,0.9954888
2875,0.9976031,0.9973068,0.9958437
2876,0.9986104,0.99914813,0.9947496
2877,0.9985092,0.9990987,0.995188
2878,0.9986235,0.99921495,0.99517006
2879,0.99804246,0.99844694,0.99612266
2880,0.9993789,0.9996084,0.99778926
2881,0.9993792,0.9995938,0.99787205
2882,0.99921125,0.9995109,0.99626714
2883,0.9991579,0.99953306,0.99574417
2884,0.99939287,0.99961966,0.9981518
2885,0.9993334,0.9996238,0.99743
2886,0.99919945,0.9996148,0.99602604
2887,0.9990951,0.9995114,0.9954382
2888,0.9985261,0.99842715,0.9943177
2889,0.99816775,0.99711555,0.986633
2890,0.99567354,0.9870742,0.9921731
2891,0.99675655,0.9934676,0.99368197
2892,0.99819726,0.998164,0.99361336
2893,0.99804556,0.9980187,0.9946293
2894,0.999084,0.99911,0.99637383
2895,0.99767905,0.9972143,0.99538124
2896,0.9950001,0.9827109,0.99685514
2897,0.995543,0.986545,0.99680054
2898,0.99593365,0.9892932,0.99664944
2899,0.99630386,0.9916751,0.9964582
2900,0.99643564,0.9925128,0.9963813
2901,0.99792606,0.9982158,0.995303
2902,0.9984187,0.9990121,0.99492234
2903,0.99901,0.9994744,0.99528164
2904,0.99890953,0.9994764,0.9946058
2905,0.99726826,0.9964267,0.9967326
2906,0.99741703,0.9969509,0.99668574
2907,0.9978136,0.99808866,0.9964674
2908,0.998036,0.99856883,0.99638486
2909,0.997642,0.997628,0.9968025
2910,0.9974135,0.9968953,0.9970068
2911,0.996711,0.9938366,0.9973757
2912,0.99615246,0.99074477,0.9975291
2913,0.9975017,0.9972611,0.9967827
2914,0.99920887,0.99970233,0.9959608
2915,0.9990497,0.9996775,0.9951847
2916,0.998169,0.9988798,0.99666727
2917,0.99757737,0.99748135,0.9971851
2918,0.9974959,0.9972086,0.99726826
2919,0.9974467,0.9970305,0.99732196
2920,0.9979298,0.9983952,0.9970525
2921,0.9991162,0.99973917,0.99565214
2922,0.9989043,0.99966586,0.99625856
2923,0.99854904,0.9994014,0.9968636
2924,0.9982383,0.99899006,0.99723786
2925,0.9985202,0.9993706,0.99706453
2926,0.99851763,0.99936754,0.9971522
2927,0.99846065,0.999299,0.9972804
2928,0.9983099,0.9990869,0.9974701
2929,0.9981317,0.9987694,0.99764603
2930,0.99826187,0.9989974,0.9976038
2931,0.99823195,0.9989392,0.9976714
2932,0.9992163,0.99981636,0.9966035
2933,0.9983591,0.9991424,0.99771607
2934,0.99842167,0.99922794,0.9977176
2935,0.9985075,0.99933654,0.9977014
2936,0.9984478,0.99925506,0.99779344
2937,0.9983737,0.9991427,0.99788606
2938,0.99845636,0.99925727,0.9978691
2939,0.99897844,0.99973285,0.99743885
2940,0.998567,0.9993932,0.9978886
2941,0.99877566,0.99959815,0.9977627
2942,0.9990463,0.99976975,0.9975276
2943,0.9993193,0.9998619,0.99716264
2944,0.9993891,0.9998799,0.9970997
2945,0.9988091,0.99963295,0.9979693
2946,0.999503,0.9999012,0.9980476
2947,0.9993215,0.9998648,0.99736047
2948,0.998731,0.9995566,0.99811125
2949,0.9986571,0.9994796,0.99819654
2950,0.99936163,0.9998777,0.9974464
2951,0.99947864,0.9998995,0.99767953
2952,0.99945945,0.99990076,0.997372
2953,0.999142,0.9998266,0.99795926
2954,0.9993628,0.99989086,0.9976902
2955,0.9995598,0.99991995,0.99899495
2956,0.9990156,0.9997705,0.99819124
2957,0.9988639,0.99966973,0.99833906
2958,0.9994374,0.9999056,0.9976935
2959,0.9995332,0.9999195,0.99846995
2960,0.99892217,0.9997124,0.9983865
2961,0.9990026,0.99976236,0.99835
2962,0.9991119,0.9998177,0.9982817
2963,0.9990978,0.9998115,0.99832505
2964,0.9991192,0.99982125,0.99833405
2965,0.9991258,0.99982417,0.9983564
2966,0.9994581,0.99991596,0.9979569
2967,0.9995097,0.99992466,0.9979003
2968,0.9993684,0.9999045,0.998185
2969,0.9994636,0.99992234,0.998071
2970,0.9995707,0.999936,0.99893785
2971,0.9992755,0.9998618,0.99825317
2972,0.99947095,0.9999017,0.997985
2973,0.9991434,0.9998151,0.9984425
2974,0.9992033,0.9997855,0.9982068
2975,0.9991803,0.99977887,0.99826455
2976,0.9989617,0.99965006,0.9984525
2977,0.9989956,0.99967253,0.9984505
2978,0.9991644,0.99976313,0.998329
2979,0.99932605,0.9998198,0.9981745
2980,0.999469,0.9998518,0.99824446
2981,0.9994703,0.99982345,0.9985392
2982,0.99910444,0.9997131,0.9984141
2983,0.9994356,0.9998231,0.9980422
2984,0.9994753,0.99983466,0.99855566
2985,0.99932766,0.99958307,0.9978481
2986,0.99937236,0.9996092,0.998264
2987,0.9989348,0.99936986,0.99830383
2988,0.999208,0.9994405,0.9979571
2989,0.9993788,0.9995095,0.99866694
2990,0.99930054,0.99946827,0.9978634
2991,0.9991249,0.99896795,0.9975892
2992,0.99933285,0.99908966,0.99893594
2993,0.99922997,0.9984503,0.9981498
2994,0.9992986,0.9985237,0.9983655
2995,0.99860024,0.9980188,0.99688214
2996,0.9988534,0.99837345,0.9969129
2997,0.99881333,0.9984256,0.99716204
2998,0.9989749,0.9986229,0.99717677
2999,0.9991074,0.99876946,0.99717724
3000,0.99920726,0.99888307,0.9979467
3001,0.99922633,0.9989362,0.9981205
3002,0.99906486,0.998781,0.99725413
3003,0.9989632,0.99878275,0.9975026
3004,0.9989159,0.9986079,0.99713874
3005,0.99883634,0.99860907,0.9973897
3006,0.9988227,0.9986462,0.9975452
3007,0.9989632,0.9988032,0.9975452
3008,0.9991717,0.9989632,0.99768513
3009,0.9993786,0.99899215,0.9989271
3010,0.9995446,0.99863476,0.99824566
3011,0.99903977,0.9983696,0.9963332
3012,0.9986638,0.9981846,0.9957193
3013,0.9987358,0.99837506,0.9962204
3014,0.99896246,0.9986433,0.9964342
3015,0.99881196,0.9986248,0.99691665
3016,0.9991261,0.99888283,0.9975253
3017,0.9987489,0.9986644,0.9973756
3018,0.9989408,0.9988681,0.9974049
3019,0.9987748,0.998765,0.99768883
3020,0.99886817,0.9988788,0.9977482
3021,0.99910575,0.9990653,0.99765235
3022,0.99925864,0.9991553,0.9987976
3023,0.9988067,0.9987422,0.9974759
3024,0.9991156,0.99899024,0.9974926
3025,0.9991173,0.9990367,0.99751836
3026,0.99903,0.9990317,0.9977371
3027,0.99921817,0.9991481,0.99844986
3028,0.9988059,0.99849844,0.9954958
3029,0.998986,0.9987255,0.99635637
3030,0.99899685,0.9988199,0.9965507
3031,0.9989062,0.99883896,0.9968581
3032,0.9989202,0.99890184,0.9971397
3033,0.9990182,0.9989883,0.99717826
3034,0.9989094,0.99872595,0.9957618
3035,0.9992834,0.9988155,0.99663335
3036,0.9988971,0.99885315,0.9959436
3037,0.99892056,0.998942,0.99644995
3038,0.9989878,0.99903643,0.9968033
3039,0.99897903,0.99907833,0.9971173
3040,0.99857324,0.99870723,0.99749535
3041,0.99879414,0.9989743,0.997596
3042,0.9990298,0.999147,0.9974653
3043,0.99861795,0.9987068,0.9958132
3044,0.99824446,0.9981533,0.99656683
3045,0.99843544,0.99849445,0.9969408
3046,0.9979007,0.9970926,0.997435
3047,0.9981628,0.99785155,0.9976522
3048,0.99824774,0.9980376,0.99784297
3049,0.99817485,0.99781597,0.9980363
3050,0.99851173,0.99855316,0.9980765
3051,0.99854386,0.99860036,0.9981844
3052,0.9981545,0.99767953,0.99840325
3053,0.9988237,0.99896634,0.9982555
3054,0.99861324,0.998692,0.99841577
3055,0.9982254,0.9978275,0.9985649
3056,0.9986718,0.9987562,0.9984824
3057,0.99887055,0.9989972,0.9984491
3058,0.9987989,0.9989012,0.998463
3059,0.9986267,0.99866086,0.99858254
3060,0.9982724,0.9978673,0.9986746
3061,0.99870247,0.9987405,0.99857837
3062,0.99900794,0.9990688,0.9984704
3063,0.9984338,0.99822503,0.9986872
3064,0.9980103,0.9968782,0.9978676
3065,0.99802846,0.99691534,0.99804884
3066,0.99894726,0.99873704,0.9978315
3067,0.99792,0.9964868,0.99787176
3068,0.9978196,0.9960502,0.99808335
3069,0.9987273,0.998463,0.9979366
3070,0.99875003,0.9985146,0.99804646
3071,0.9983252,0.9977028,0.9980841
3072,0.99814624,0.9971935,0.99821985
3073,0.99879926,0.9985257,0.998051
3074,0.99802023,0.9967086,0.998051
3075,0.9983229,0.9976034,0.9980649
3076,0.9991507,0.99869955,0.9978275
3077,0.99876887,0.9984405,0.9980317
3078,0.99824536,0.99743915,0.99834144
3079,0.9990939,0.9987613,0.997992
3080,0.9984445,0.9979632,0.9984295
3081,0.99794567,0.9964359,0.9986313
3082,0.9981628,0.99720776,0.9986169
3083,0.9988283,0.9985886,0.9983883
3084,0.99909186,0.9988345,0.99825394
3085,0.99785864,0.9960741,0.9987984
3086,0.99822557,0.99741817,0.998718
3087,0.9983763,0.997822,0.99868727
3088,0.99895805,0.9987535,0.99842566
3089,0.9991297,0.99889773,0.99832433
3090,0.998722,0.9984999,0.99859226
3091,0.99808776,0.99647313,0.9978196
3092,0.9979967,0.99618703,0.9980063
3093,0.997999,0.9962205,0.9981304
3094,0.9989466,0.99823004,0.99776727
3095,0.9989291,0.99828637,0.99788207
3096,0.99918264,0.9985128,0.9977314
3097,0.9991413,0.99832726,0.99745005
3098,0.9991693,0.99833,0.9977075
3099,0.99766064,0.9948977,0.98623395
3100,0.9981209,0.99653935,0.989104
3101,0.99806815,0.9970013,0.9920654
3102,0.99738294,0.9948357,0.9941748
3103,0.99674547,0.9907409,0.9955746
3104,0.99829596,0.99771345,0.996197
3105,0.9981551,0.99742097,0.9967645
3106,0.9984018,0.99798197,0.9970535
3107,0.99742234,0.9944618,0.9976322
3108,0.99856055,0.9982955,0.99753386
3109,0.9974667,0.99463826,0.9980555
3110,0.99889106,0.9987269,0.99766344
3111,0.99881655,0.998663,0.9977335
3112,0.9984807,0.99821484,0.99801826
3113,0.99848604,0.9982279,0.9981024
3114,0.99807596,0.9971732,0.99821806
3115,0.9970782,0.99220586,0.9982927
3116,0.99768096,0.9956352,0.99828166
3117,0.9989891,0.99877954,0.9977501
3118,0.9984001,0.99725235,0.99180984
3119,0.9943267,0.98455375,0.9865106
3120,0.99518615,0.985321,0.9907064
3121,0.99710214,0.9941188,0.9935369
3122,0.99732953,0.9949819,0.9949896
3123,0.9969585,0.99283713,0.996041
3124,0.99839854,0.9981817,0.9959194
3125,0.9986795,0.99859244,0.99617076
3126,0.99789083,0.99706274,0.9966642
3127,0.99779266,0.9967127,0.99707246
3128,0.9977322,0.99646515,0.997333
3129,0.99800324,0.99735886,0.99746937
3130,0.99832517,0.99814856,0.9975102
3131,0.99767035,0.9961491,0.99777573
3132,0.9977002,0.9962551,0.9978986
3133,0.99748755,0.9953074,0.9980681
3134,0.99776244,0.9964579,0.99786747
3135,0.9989508,0.99833184,0.99521613
3136,0.9956917,0.9852632,0.9946265
3137,0.9958906,0.9857775,0.9960682
3138,0.9957504,0.9850075,0.9968932
3139,0.99797404,0.99738276,0.9965821
3140,0.9960884,0.9876288,0.9974984
3141,0.9983874,0.9983536,0.9966118
3142,0.9984835,0.9983853,0.9961307
3143,0.9978667,0.9970539,0.9960655
3144,0.998855,0.9981316,0.9932367
3145,0.99866265,0.99794555,0.99091667
3146,0.9966253,0.99228394,0.9928511
3147,0.9966077,0.99204636,0.99401516
3148,0.99716276,0.9948535,0.9951072
3149,0.99778455,0.9971583,0.9955871
3150,0.9970554,0.99422723,0.9964405
3151,0.9984667,0.99857336,0.99578124
3152,0.99499214,0.9832963,0.9973959
3153,0.9956436,0.98571545,0.99748373
3154,0.99592745,0.987943,0.9974589
3155,0.998448,0.99878675,0.99604696
3156,0.997487,0.99655336,0.996992
3157,0.99904,0.99931175,0.9959706
3158,0.99927056,0.99943465,0.99798214
3159,0.9987199,0.99918115,0.9962652
3160,0.99785954,0.9976326,0.9967183
3161,0.99757296,0.99676716,0.9970283
3162,0.997721,0.9972513,0.9970333
3163,0.99739856,0.99611956,0.9972902
3164,0.9968261,0.9934192,0.99757046
3165,0.997285,0.9957014,0.9973542
3166,0.9975423,0.99671566,0.9972405
3167,0.9944883,0.9805295,0.9980971
3168,0.9975215,0.9968063,0.9968004
3169,0.9967265,0.9932869,0.99725527
3170,0.9976924,0.9973954,0.99667966
3171,0.99755645,0.9969771,0.99684006
3172,0.9973507,0.9962422,0.9970102
3173,0.9965948,0.99261665,0.99737924
3174,0.9964623,0.99194765,0.9973498
3175,0.995841,0.98826104,0.99747205
3176,0.9968926,0.9945254,0.9968625
3177,0.9981049,0.99852425,0.9959066
3178,0.99858844,0.9992043,0.9954572
3179,0.998982,0.9994856,0.9948921
3180,0.9981835,0.9987246,0.9963357
3181,0.99887216,0.99945027,0.9954346
3182,0.9985438,0.99918556,0.99606913
3183,0.9976577,0.99744594,0.997002
3184,0.9982682,0.9988451,0.99657756
3185,0.9978493,0.99776286,0.99663556
3186,0.99827045,0.9986581,0.9963485
3187,0.9970177,0.9946477,0.99725664
3188,0.99701947,0.9946866,0.99722093
3189,0.99615866,0.9898644,0.99753
3190,0.9989848,0.99940175,0.99500877
3191,0.99672693,0.9933686,0.99729985
3192,0.99598557,0.9890375,0.9975076
3193,0.9945835,0.98075545,0.9977244
3194,0.99894845,0.9994883,0.99418765
3195,0.9987816,0.9994423,0.9948934
3196,0.9985219,0.9992596,0.9955882
3197,0.9986577,0.9993826,0.99551356
3198,0.99909264,0.99963963,0.99481434
3199,0.99861366,0.999335,0.995824
3200,0.9990834,0.99962026,0.9950648
3201,0.998134,0.9987138,0.99667376
3202,0.9984883,0.9990897,0.9960297
3203,0.99759924,0.99703026,0.9966218
3204,0.9987426,0.9991745,0.9954751
3205,0.9955637,0.98605597,0.9976017
3206,0.99799436,0.99817276,0.9961212
3207,0.9973507,0.99628794,0.9967249
3208,0.9976962,0.9974562,0.9965279
3209,0.99680245,0.99382824,0.9971123
3210,0.9987069,0.99906605,0.99505484
3211,0.99846315,0.99888587,0.9956694
3212,0.9984419,0.99885887,0.9958057
3213,0.9985127,0.9989316,0.9957977
3214,0.99844193,0.9988878,0.9960636
3215,0.99700725,0.99463904,0.9972501
3216,0.99685836,0.99393094,0.9972876
3217,0.9986165,0.9991404,0.99586797
3218,0.99823725,0.9985688,0.9962925
3219,0.9977151,0.9973775,0.9968395
3220,0.99897105,0.99935997,0.9954298
3221,0.9991092,0.99944866,0.9952989
3222,0.9993929,0.99956113,0.99812335
3223,0.99891824,0.99937314,0.9958848
3224,0.9974559,0.99651545,0.997403
3225,0.9964827,0.9916391,0.99779975
3226,0.99699134,0.9945579,0.9975106
3227,0.99746597,0.9966406,0.99724567
3228,0.99828476,0.99877876,0.9966671
3229,0.9974164,0.9964347,0.9973513
3230,0.99773735,0.9975361,0.9971781
3231,0.997556,0.9969436,0.9973214
3232,0.99897194,0.99949855,0.99594325
3233,0.9976174,0.99716073,0.99742013
3234,0.9988457,0.9994495,0.9963338
3235,0.9959709,0.9883743,0.998104
3236,0.99620587,0.9901348,0.9978892
3237,0.99677867,0.99366266,0.99757004
3238,0.99753183,0.9970402,0.9971583
3239,0.9982061,0.9987743,0.99670774
3240,0.9977046,0.99758387,0.9971666
3241,0.9982629,0.99887425,0.9967959
3242,0.9986012,0.99932843,0.99653965
3243,0.99885154,0.999546,0.99632335
3244,0.99876744,0.99949557,0.996567
3245,0.99829453,0.99890625,0.99707204
3246,0.998738,0.99945074,0.99669456
3247,0.99921757,0.9997052,0.995947
3248,0.9986131,0.99933535,0.9970077
3249,0.9983104,0.99892914,0.9973621
3250,0.9985504,0.9992708,0.9972186
3251,0.9989838,0.9996362,0.9967804
3252,0.9988023,0.999529,0.9971252
3253,0.9974153,0.9963302,0.99808747
3254,0.99654895,0.99176717,0.9983368
3255,0.9972502,0.99567074,0.9980396
3256,0.9966911,0.9927414,0.998194
3257,0.99712545,0.9951432,0.9979847
3258,0.99729526,0.9959387,0.99788946
3259,0.9976084,0.9971728,0.9977374
3260,0.99895275,0.9996416,0.99662054
3261,0.99936444,0.999793,0.995856
3262,0.9984062,0.99912685,0.99745417
3263,0.9984004,0.999115,0.9975138
3264,0.9981922,0.998727,0.99765885
3265,0.99805886,0.99842715,0.99777794
3266,0.99816364,0.99865067,0.9977368
3267,0.9974445,0.99639744,0.99811095
3268,0.9977108,0.99739885,0.9979901
3269,0.99855375,0.99929047,0.99748254
3270,0.9990263,0.99969095,0.9970156
3271,0.9995677,0.99983484,0.9980234
3272,0.99940836,0.9998135,0.9963463
3273,0.9986557,0.9993607,0.997463
3274,0.9985929,0.9992903,0.99757725
3275,0.998473,0.9991287,0.9977234
3276,0.99886876,0.9995597,0.99741197
3277,0.99762666,0.9969157,0.99824727
3278,0.9977375,0.9973163,0.99819666
3279,0.9987216,0.9994291,0.99760455
3280,0.99861574,0.9993133,0.99774754
3281,0.9989625,0.9996271,0.9974568
3282,0.998664,0.99937254,0.9978094
3283,0.9992237,0.9997559,0.99719995
3284,0.9989759,0.99964947,0.9976219
3285,0.9989298,0.9996173,0.99770975
3286,0.9992733,0.9997772,0.99727774
3287,0.9985109,0.99917066,0.9981373
3288,0.99902594,0.9996821,0.9977371
3289,0.9986741,0.9993643,0.9980431
3290,0.99863255,0.9993054,0.9980898
3291,0.9986656,0.9993443,0.9980974
3292,0.9991986,0.9997398,0.9975919
3293,0.9993661,0.9997944,0.99736595
3294,0.9991741,0.99974436,0.99774504
3295,0.99913204,0.999731,0.99784833
3296,0.9990897,0.99971426,0.99794245
3297,0.999485,0.9998361,0.9973395
3298,0.99951255,0.9997061,0.9977998
3299,0.99895114,0.99947107,0.9978465
3300,0.9981118,0.9980912,0.99842
3301,0.9987078,0.9992399,0.9980968
3302,0.9988177,0.9993607,0.9980423
3303,0.99880975,0.9993558,0.998082
3304,0.9986512,0.9991725,0.9982268
3305,0.99873614,0.9992782,0.99819356
3306,0.9990176,0.9995313,0.9979847
3307,0.99917006,0.9996202,0.99785197
3308,0.99920225,0.9996422,0.9978552
3309,0.99902135,0.99955535,0.9981
3310,0.9989088,0.99947464,0.99823093
3311,0.99932194,0.9996994,0.9978006
3312,0.99924296,0.99968314,0.9979607
3313,0.9995614,0.99973834,0.99846625
3314,0.99906254,0.9995746,0.9981692
3315,0.99943227,0.99971867,0.9976998
3316,0.99908155,0.99960095,0.99822325
3317,0.9991525,0.9996429,0.9981821
3318,0.99916863,0.9996553,0.9981964
3319,0.9992146,0.99968016,0.998177
3320,0.999589,0.9997706,0.99891603
3321,0.99931186,0.9996006,0.9979103
3322,0.9991627,0.99955404,0.99813956
3323,0.99912447,0.99954206,0.9982111
3324,0.99915284,0.99956334,0.99821144
3325,0.9994014,0.9996585,0.99791455
3326,0.99936,0.9996601,0.99802196
3327,0.99945134,0.9996905,0.99790794
3328,0.9990781,0.9995592,0.99841106
3329,0.999131,0.99959344,0.9983873
3330,0.9994993,0.99971795,0.99791783
3331,0.9995892,0.9997398,0.99923015
3332,0.99946284,0.9995838,0.9978374
3333,0.99923265,0.99946904,0.99815595
3334,0.99930686,0.9995094,0.99809325
3335,0.99896574,0.99932903,0.9984611
3336,0.99906427,0.99940515,0.9984
3337,0.9991182,0.99944526,0.99837416
3338,0.9992105,0.9995005,0.9983069
3339,0.9991824,0.999496,0.9983606
3340,0.9989825,0.99937123,0.9985492
3341,0.99916106,0.9994952,0.9984221
3342,0.9991271,0.9994824,0.99847376
3343,0.9994221,0.9996032,0.9981548
3344,0.9991821,0.9995047,0.99844724
3345,0.998914,0.9992785,0.99864167
3346,0.9992779,0.9995212,0.9983539
3347,0.99924624,0.9995178,0.99841154
3348,0.9994903,0.99959093,0.9980961
3349,0.9994618,0.9996006,0.99817854
3350,0.9994081,0.9996017,0.99829054
3351,0.99915755,0.99951434,0.99858564
3352,0.99904096,0.99944127,0.9986895
3353,0.99928707,0.9995811,0.9984979
3354,0.99937195,0.9996159,0.9984224
3355,0.9990508,0.9994534,0.99872327
3356,0.99921453,0.9995375,0.9985954
3357,0.9992551,0.999561,0.9985752
3358,0.9995488,0.9996449,0.9988823
3359,0.99949807,0.999494,0.99845517
3360,0.99931705,0.999462,0.9984405
3361,0.99917316,0.99940795,0.99859935
3362,0.9992378,0.9994475,0.9985577
3363,0.9995067,0.9995367,0.99850154
3364,0.99913174,0.99924123,0.998579
3365,0.99921703,0.99929667,0.99851775
3366,0.99935836,0.99936575,0.99838287
3367,0.99927187,0.9993507,0.9984998
3368,0.9991946,0.99932617,0.998589
3369,0.9993687,0.9994078,0.99842525
3370,0.9994699,0.9994482,0.998306
3371,0.9992155,0.9993788,0.9986229
3372,0.9995015,0.9994804,0.9986119
3373,0.9995103,0.9994951,0.99873626
3374,0.9994691,0.999346,0.99841166
3375,0.99910647,0.99774903,0.99820155
3376,0.99912655,0.99715394,0.9979541
3377,0.99937785,0.9974392,0.99889845
3378,0.99938965,0.99725264,0.99912983
3379,0.99938804,0.997123,0.9991579
3380,0.99935734,0.9972186,0.9987476
3381,0.99928784,0.9973293,0.9979308
3382,0.99910593,0.9974065,0.9977614
3383,0.9992267,0.99763185,0.99763525
3384,0.9991912,0.9977698,0.997715
3385,0.99927,0.9979437,0.9976343
3386,0.9993419,0.9980994,0.998329
3387,0.99928945,0.9978315,0.9979132
3388,0.9991428,0.99718994,0.99733233
3389,0.9993087,0.9974826,0.99834687
3390,0.9987738,0.9972313,0.99781406
3391,0.99914813,0.99767774,0.9974686
3392,0.99937654,0.997924,0.99900776
3393,0.99968475,0.9965277,0.99871737
3394,0.99924743,0.99633706,0.9977742
3395,0.9992021,0.9966307,0.99734885
3396,0.9988632,0.9949495,0.9932555
3397,0.99887824,0.99598485,0.99427456
3398,0.9991901,0.99679774,0.9971085
3399,0.99893254,0.9964131,0.99440134
3400,0.99916035,0.99708635,0.99681884
3401,0.99879575,0.9971625,0.99551123
3402,0.9987158,0.9973886,0.99612415
3403,0.9988865,0.99775827,0.99632514
3404,0.9992396,0.9981289,0.99804866
3405,0.9988913,0.99789315,0.9964017
3406,0.9987316,0.9979132,0.9968508
3407,0.9988532,0.99814737,0.99695003
3408,0.99902654,0.9983802,0.9969389
3409,0.99900085,0.99847215,0.99713737
3410,0.9990099,0.99855566,0.997246
3411,0.9991373,0.9987024,0.99720734
3412,0.99920404,0.99880904,0.99770784
3413,0.99931663,0.99889004,0.9988645
3414,0.99839675,0.9962152,0.98907846
3415,0.9971961,0.99554807,0.9840952
3416,0.99749124,0.99645746,0.9881976
3417,0.99788034,0.99729294,0.9912438
3418,0.9983275,0.998111,0.9931599
3419,0.99795663,0.99752307,0.99423623
3420,0.99821633,0.9980629,0.9952406
3421,0.9983198,0.9982611,0.9959623
3422,0.99850166,0.9985607,0.9964307
3423,0.9982799,0.998193,0.99695164
3424,0.9985665,0.9986768,0.9971418
3425,0.9986899,0.9988145,0.99696666
3426,0.9990935,0.9991312,0.9976554
3427,0.99902594,0.9991302,0.99721694
3428,0.9990312,0.9991681,0.99742925
3429,0.99927914,0.9991473,0.99792105
3430,0.9984876,0.99833286,0.99053615
3431,0.99789053,0.99823207,0.9905539
3432,0.9981894,0.9985692,0.99276567
3433,0.9976569,0.9972758,0.99450666
3434,0.99848545,0.99887556,0.9953294
3435,0.9983334,0.99865615,0.9961323
3436,0.99849695,0.9988716,0.99661505
3437,0.99862814,0.99902254,0.99697495
3438,0.99824023,0.99835664,0.997429
3439,0.99840134,0.99864936,0.997646
3440,0.998523,0.99883425,0.997818
3441,0.9980527,0.9976971,0.9981122
3442,0.99836445,0.9984842,0.9981928
3443,0.99847525,0.99868476,0.99818444
3444,0.99773985,0.9963387,0.9984594
3445,0.9986164,0.99888253,0.9983722
3446,0.99840015,0.99846643,0.99852127
3447,0.9977115,0.99605036,0.9987317
3448,0.99751157,0.9949834,0.9988306
3449,0.9984712,0.9985646,0.99869543
3450,0.998308,0.99816835,0.99878407
3451,0.997907,0.9968035,0.99888515
3452,0.99822515,0.9978974,0.99885213
3453,0.99817955,0.9977389,0.9988922
3454,0.9983211,0.9981245,0.9988825
3455,0.9986556,0.9988047,0.99879783
3456,0.99806565,0.9972305,0.9983434
3457,0.9984738,0.9982741,0.99815476
3458,0.99825096,0.9977054,0.9976185
3459,0.9981127,0.99729997,0.99787265
3460,0.99782056,0.9961973,0.99811757
3461,0.997723,0.9957294,0.99828684
3462,0.99867296,0.9985014,0.9980839
3463,0.99831337,0.99781054,0.9983213
3464,0.9986782,0.9985201,0.9982664
3465,0.99837756,0.9979591,0.99845624
3466,0.99794143,0.99657625,0.99863493
3467,0.99791294,0.99644953,0.9986888
3468,0.9991568,0.9989722,0.99817586
3469,0.99696195,0.99097526,0.99842477
3470,0.9970381,0.99163127,0.99853396
3471,0.9990553,0.998774,0.99785495
3472,0.9975905,0.9950442,0.9985711
3473,0.99777156,0.9958915,0.9985045
3474,0.99896336,0.99873096,0.9979992
3475,0.99893653,0.9987296,0.9980603
3476,0.99928075,0.9989541,0.9986048
3477,0.9992248,0.99851596,0.9982929
3478,0.99748516,0.9946612,0.99294716
3479,0.9985709,0.99747825,0.99411595
3480,0.99307126,0.9901304,0.9823443
3481,0.987631,0.9814314,0.9821254
3482,0.99376005,0.9860875,0.98361677
3483,0.996819,0.9953244,0.98666817
3484,0.996036,0.98925614,0.9904199
3485,0.9972055,0.9949485,0.9932035
3486,0.9983251,0.9981426,0.99441415
3487,0.99819535,0.99796367,0.99548346
3488,0.99784404,0.9970147,0.9963093
3489,0.99676925,0.99157596,0.99637216
3490,0.99831676,0.99819916,0.99664295
3491,0.9966814,0.9906821,0.9974362
3492,0.9957297,0.9855511,0.99793
3493,0.9977529,0.9966624,0.9978106
3494,0.99820256,0.99801236,0.9977679
3495,0.9971566,0.9937697,0.9982045
3496,0.9976688,0.9963049,0.9981374
3497,0.99584347,0.98495936,0.9985613
3498,0.99673504,0.9915317,0.9983818
3499,0.995861,0.9857418,0.9985247
3500,0.996653,0.99148047,0.9982628
3501,0.9969023,0.99311924,0.998133
3502,0.9968856,0.9931047,0.99808955
3503,0.9975909,0.99654406,0.99777216
3504,0.99795735,0.99772197,0.9975767
3505,0.9980524,0.99797016,0.9975543
3506,0.9982864,0.9984792,0.99743754
3507,0.99844134,0.99875,0.997372
3508,0.99881995,0.9991951,0.9970623
3509,0.99903774,0.9993607,0.9968554
3510,0.9984625,0.99884164,0.9975748
3511,0.99758387,0.99650794,0.99810004
3512,0.99802244,0.9979227,0.9978613
3513,0.99903893,0.99934065,0.99692446
3514,0.99908113,0.99937075,0.99692434
3515,0.9988547,0.99924105,0.9972924
3516,0.99902946,0.999348,0.99710524
3517,0.99836946,0.9985895,0.99774104
3518,0.9972709,0.9946041,0.99794143
3519,0.99584866,0.98560697,0.998194
3520,0.99891376,0.9988942,0.99634695
3521,0.9974792,0.9951288,0.99613595
3522,0.9963962,0.98924464,0.99640816
3523,0.996862,0.99233675,0.99652565
3524,0.99743646,0.99526095,0.99642646
3525,0.99698657,0.9932471,0.99681985
3526,0.99821717,0.9976964,0.9960314
3527,0.99518126,0.98184264,0.9971491
3528,0.99691886,0.9932647,0.99645156
3529,0.99506426,0.98197865,0.9971937
3530,0.99618995,0.98969334,0.996562
3531,0.99753493,0.9964673,0.9956395
3532,0.99743193,0.99618626,0.9958543
3533,0.99826086,0.9983219,0.9951297
3534,0.99889946,0.9988565,0.9942953
3535,0.9969445,0.994002,0.9962313
3536,0.99839133,0.99841565,0.994937
3537,0.9988588,0.99894786,0.99437195
3538,0.9991367,0.9991059,0.99613446
3539,0.9963852,0.990925,0.99662876
3540,0.9957573,0.98722327,0.9968324
3541,0.9957551,0.98756284,0.9966627
3542,0.9980742,0.9981348,0.99484545
3543,0.9983928,0.9986939,0.99466425
3544,0.9977825,0.9974844,0.9954162
3545,0.9964302,0.99184585,0.9965017
3546,0.9952572,0.98482525,0.9969022
3547,0.99554366,0.9870234,0.9965174
3548,0.9954233,0.9866099,0.99634105
3549,0.99618787,0.991466,0.9957261
3550,0.99689406,0.9950957,0.9951832
3551,0.9980364,0.9984198,0.99386114
3552,0.9978841,0.99819124,0.9944218
3553,0.9983305,0.99895304,0.99408
3554,0.9980365,0.9985617,0.99484235
3555,0.99863976,0.99920076,0.9937492
3556,0.99871093,0.999318,0.9940055
3557,0.9988184,0.9994389,0.9941473
3558,0.9987244,0.99940157,0.9946176
3559,0.9986028,0.9993438,0.99513495
3560,0.9980488,0.99862903,0.9960647
3561,0.99845785,0.999237,0.99574816
3562,0.9982458,0.998961,0.9961327
3563,0.99755895,0.9973635,0.99671656
3564,0.99705106,0.99543166,0.9970281
3565,0.9969444,0.9949043,0.99696934
3566,0.9978053,0.99797875,0.996359
3567,0.99836755,0.9990399,0.9959121
3568,0.9989679,0.99955577,0.9950965
3569,0.99856645,0.9993022,0.9960137
3570,0.9992159,0.9996809,0.9956609
3571,0.99935037,0.99972767,0.99708766
3572,0.9991754,0.99966425,0.9954507
3573,0.99907845,0.9995272,0.9952136
3574,0.99905646,0.9995559,0.99549896
3575,0.99877864,0.99935615,0.99599844
3576,0.998697,0.99914855,0.9958936
3577,0.9978032,0.9976498,0.9969302
3578,0.997581,0.99697167,0.9971283
3579,0.99879223,0.999093,0.9956391
3580,0.9989442,0.99924654,0.995588
3581,0.9981937,0.9984141,0.99663806
3582,0.9978351,0.9975954,0.9969834
3583,0.99701625,0.9944281,0.9974718
3584,0.9980394,0.99812925,0.9968727
3585,0.99923205,0.9994022,0.9971447
3586,0.99771017,0.99712044,0.99697036
3587,0.99822557,0.9983451,0.99657
3588,0.998852,0.9988365,0.99527407
3589,0.99709964,0.99441063,0.99667126
3590,0.9991572,0.99896526,0.9969539
3591,0.9991893,0.9989687,0.997271
3592,0.9988799,0.998432,0.99437994
3593,0.9961794,0.98915374,0.9961324
3594,0.99807024,0.9976398,0.99476486
3595,0.9977387,0.99692965,0.99558693
3596,0.99772847,0.9969519,0.99597263
3597,0.99809045,0.99789995,0.9959796
3598,0.998693,0.99875164,0.99537057
3599,0.996437,0.9909248,0.9971908
3600,0.99622667,0.98973036,0.99712557
3601,0.9981092,0.99804324,0.99598217
3602,0.997975,0.99780124,0.9963119
3603,0.99760437,0.9967887,0.9967348
3604,0.99791896,0.99771833,0.99661887
3605,0.9963471,0.99061114,0.9974933
3606,0.99548596,0.9852854,0.9976677
3607,0.99629605,0.99082,0.9972104
3608,0.99590963,0.9886,0.9972468
3609,0.99613154,0.99022436,0.9970009
3610,0.996254,0.99113214,0.9968202
3611,0.9962307,0.99113756,0.9967231
3612,0.9972826,0.99635696,0.9960209
3613,0.99878037,0.99927783,0.99413025
3614,0.99729073,0.99637926,0.99623966
3615,0.99923253,0.99954396,0.9961785
3616,0.99931175,0.99959034,0.99697155
3617,0.9988651,0.99945074,0.99472564
3618,0.99838537,0.999068,0.9957741
3619,0.9979536,0.99835604,0.9963909
3620,0.99902445,0.9995497,0.9948448
3621,0.99924374,0.9996547,0.9962632
3622,0.9986297,0.9993657,0.99601775
3623,0.99816775,0.9987825,0.99668324
3624,0.9993144,0.9997217,0.99686134
3625,0.99945045,0.9997574,0.99852055
3626,0.99934167,0.9997485,0.9971224
3627,0.9986772,0.99946004,0.9965265
3628,0.99778056,0.9979316,0.99740136
3629,0.9981396,0.998749,0.99720496
3630,0.99865353,0.9994486,0.99680185
3631,0.99810696,0.99867857,0.9973817
3632,0.99930173,0.99978375,0.99634767
3633,0.99932885,0.99980277,0.9966227
3634,0.9993135,0.9998115,0.9964135
3635,0.9986509,0.9994813,0.997307
3636,0.9989227,0.9996857,0.9970762
3637,0.9989771,0.9997194,0.997094
3638,0.99849784,0.9993184,0.99766606
3639,0.99784017,0.99800783,0.99809384
3640,0.9977402,0.99769944,0.99814844
3641,0.99835056,0.99909693,0.9978404
3642,0.9990745,0.9997656,0.9971849
3643,0.99922115,0.9998209,0.9970306
3644,0.9988593,0.99961674,0.99743867
3645,0.99860394,0.9993915,0.99774164
3646,0.9980152,0.99835604,0.9981442
3647,0.9984475,0.99918514,0.9979208
3648,0.99835694,0.9990162,0.99794835
3649,0.99852985,0.99925804,0.99784565
3650,0.9982014,0.99870676,0.99808836
3651,0.9989041,0.99961174,0.9975803
3652,0.9980218,0.9982716,0.9982325
3653,0.99868304,0.99942285,0.99785125
3654,0.99905336,0.9996978,0.997525
3655,0.9985063,0.9992092,0.99807304
3656,0.9992024,0.9997629,0.997419
3657,0.99944806,0.9998193,0.9978519
3658,0.99878037,0.9994976,0.99792504
3659,0.9982942,0.99881953,0.99827814
3660,0.998578,0.9992722,0.9981351
3661,0.998226,0.9986637,0.99835604
3662,0.99875736,0.9994682,0.99805456
3663,0.9989804,0.99964327,0.99789464
3664,0.9982321,0.9986557,0.99842775
3665,0.9986009,0.99928534,0.9982465
3666,0.99875295,0.99945724,0.99817073
3667,0.9985032,0.9991383,0.998354
3668,0.99859554,0.9992629,0.9983147
3669,0.99869907,0.9993875,0.99827313
3670,0.9987231,0.999412,0.9982833
3671,0.99875015,0.999439,0.9982912
3672,0.9987515,0.9994387,0.99831617
3673,0.9988729,0.99955153,0.9982551
3674,0.9988361,0.9995193,0.99831057
3675,0.99867314,0.9993438,0.99844146
3676,0.99879414,0.9994759,0.99838644
3677,0.99878126,0.999461,0.9984178
3678,0.9990589,0.9996784,0.9982268
3679,0.99873364,0.99932915,0.9983598
3680,0.99877596,0.99937445,0.9983545
3681,0.9988156,0.9994145,0.9983508
3682,0.99918026,0.99966556,0.9980509
3683,0.9993101,0.99971706,0.99792016
3684,0.9987199,0.99930257,0.9984753
3685,0.9989992,0.9995627,0.99829817
3686,0.99920064,0.9996744,0.9981293
3687,0.9993604,0.9997314,0.997952
3688,0.99935484,0.99963236,0.9978192
3689,0.99917156,0.99957913,0.998108
3690,0.9993493,0.99964947,0.99790925
3691,0.99939275,0.99967086,0.9978814
3692,0.9991657,0.9995784,0.99818707
3693,0.9993376,0.9996484,0.9980049
3694,0.9992826,0.9996387,0.9981141
3695,0.9993584,0.99966854,0.9980431
3696,0.9992237,0.9996342,0.9982523
3697,0.99936974,0.9996875,0.9980968
3698,0.99883926,0.9993446,0.9985767
3699,0.99927515,0.9996321,0.9982242
3700,0.9990384,0.99951935,0.9984802
3701,0.9990837,0.9995422,0.9984542
3702,0.9994478,0.9996823,0.9980508
3703,0.9993699,0.99967587,0.99820274
3704,0.99925417,0.99964726,0.9983742
3705,0.9994347,0.999543,0.9983889
3706,0.9994687,0.9994916,0.99904525
3707,0.9991558,0.9991671,0.99813616
3708,0.99941874,0.9992826,0.998763
3709,0.99917567,0.999215,0.9981588
3710,0.9989823,0.99911183,0.99836504
3711,0.9991205,0.9992185,0.9982646
3712,0.9993626,0.99933463,0.9979968
3713,0.9993704,0.99872315,0.99888015
3714,0.9991913,0.99810475,0.9974028
3715,0.99924856,0.99822,0.9979183
3716,0.99916,0.99818754,0.99746746
3717,0.99908674,0.99805975,0.99743277
3718,0.99905664,0.99816054,0.99755883
3719,0.9988305,0.9980714,0.9978493
3720,0.99882483,0.99813217,0.99790996
3721,0.99915266,0.9984437,0.9976345
3722,0.9992324,0.9985624,0.99768573
3723,0.9989694,0.9984875,0.99794793
3724,0.999031,0.9985844,0.9979316
3725,0.9992174,0.9987378,0.9977602
3726,0.9991955,0.9987899,0.99783796
3727,0.99909073,0.9987889,0.9980022
3728,0.99933696,0.99893683,0.99858934
3729,0.9993616,0.9989737,0.99884933
3730,0.9991218,0.9983309,0.9975093
3731,0.9992681,0.99848896,0.9982553
3732,0.9992572,0.9985481,0.9981159
3733,0.9991756,0.9985792,0.9976343
3734,0.99914706,0.9986404,0.997738
3735,0.99899775,0.99861234,0.9979545
3736,0.99909866,0.9987246,0.9979011
3737,0.99928105,0.9988562,0.99820596
3738,0.9991818,0.99886006,0.9978931
3739,0.9991934,0.99891216,0.9979255
3740,0.9992733,0.99898756,0.99803025
3741,0.99909264,0.9989434,0.9981173
3742,0.9989808,0.9988958,0.99825066
3743,0.9990821,0.9989889,0.99819005
3744,0.99919343,0.9990744,0.9981064
3745,0.9992092,0.9991111,0.9981223
3746,0.9989028,0.99892485,0.99842006
3747,0.99902916,0.9990399,0.99834317
3748,0.9990955,0.9991008,0.99830955
3749,0.99910456,0.99912494,0.99832606
3750,0.99893,0.99901116,0.9984868
3751,0.99891955,0.9990108,0.9985113
3752,0.99885976,0.99895877,0.99856585
3753,0.9989318,0.9990364,0.99853384
3754,0.9993359,0.99927974,0.99824446
3755,0.99900997,0.9991332,0.99851817
3756,0.999073,0.99918807,0.99848694
3757,0.9992147,0.9992782,0.9983786
3758,0.99903077,0.9991843,0.99855757
3759,0.99906665,0.99921805,0.99854666
3760,0.9993795,0.9993702,0.99858385
3761,0.9993765,0.99909353,0.99902326
3762,0.9991588,0.99902153,0.9983216
3763,0.9993101,0.99911153,0.99819165
3764,0.99936664,0.9991599,0.9988194
3765,0.9993636,0.9989093,0.99911356
3766,0.99934447,0.9987265,0.9990619
3767,0.9991094,0.99864864,0.99810666
3768,0.9989264,0.99855626,0.9982978
3769,0.99927545,0.99880546,0.99819076
3770,0.99917877,0.99880993,0.99814105
3771,0.9991661,0.99884474,0.99818844
3772,0.99925864,0.99892384,0.9981185
3773,0.99922657,0.99869466,0.9979645
3774,0.9993127,0.99878067,0.9987153
3775,0.99911493,0.99864006,0.9980715
3776,0.9990207,0.9971577,0.9958449
3777,0.99919695,0.996246,0.992711
3778,0.99755245,0.99448735,0.9857572
3779,0.99273264,0.9922352,0.9818485
3780,0.99607193,0.9952444,0.98367155
3781,0.9976094,0.99707323,0.98733515
3782,0.99753886,0.99738085,0.98716336
3783,0.998281,0.9981394,0.99006146
3784,0.99762666,0.99802005,0.9896317
3785,0.99789625,0.9982307,0.9921725
3786,0.99805284,0.9983748,0.99369437
3787,0.9981837,0.9987114,0.9925341
3788,0.9974528,0.9985291,0.98894435
3789,0.9973716,0.9985882,0.9893665
3790,0.9974014,0.9986743,0.9899772
3791,0.9972648,0.9976755,0.9924391
3792,0.99747795,0.9986023,0.9915677
3793,0.99781054,0.9988187,0.9930817
3794,0.9977947,0.9984824,0.99446934
3795,0.9971866,0.99569136,0.99553776
3796,0.9982311,0.9988575,0.99633324
3797,0.99807423,0.99838483,0.99688697
3798,0.99824923,0.9986668,0.99728197
3799,0.99774426,0.9969171,0.9975949
3800,0.9984409,0.9988874,0.99782586
3801,0.99663734,0.99010235,0.9981559
3802,0.99764484,0.9958614,0.9984623
3803,0.99868107,0.99912435,0.9984807
3804,0.99887544,0.999335,0.9985239
3805,0.998741,0.9992132,0.9977125
3806,0.998156,0.998483,0.9963905
3807,0.99838257,0.99881583,0.99687487
3808,0.9973884,0.9949914,0.997402
3809,0.9982959,0.9984636,0.9977204
3810,0.9972637,0.9940561,0.9975523
3811,0.997721,0.9963471,0.9979271
3812,0.9987622,0.9991371,0.99799955
3813,0.99880904,0.99917626,0.9981437
3814,0.9987874,0.9991521,0.9967922
3815,0.99811476,0.99832255,0.9959754
3816,0.9981126,0.9987824,0.99303883
3817,0.9974492,0.99862635,0.98996603
3818,0.97494876,0.98942614,0.9822723
3819,0.982682,0.9861967,0.9826555
3820,0.9908027,0.9875236,0.98374224
3821,0.9934697,0.98658776,0.9863715
3822,0.9958426,0.98915774,0.99015343
3823,0.9979563,0.99717814,0.9930832
3824,0.9982757,0.9977008,0.99459463
3825,0.99736416,0.9945014,0.99526584
3826,0.99702764,0.99150157,0.9963627
3827,0.99647415,0.98865,0.9972664
3828,0.99731743,0.99270093,0.9978875
3829,0.99827087,0.99741834,0.99812144
3830,0.9980996,0.9967854,0.9983261
3831,0.9988143,0.9983694,0.9973453
3832,0.9966616,0.9884139,0.9979517
3833,0.99680245,0.98874503,0.9983671
3834,0.99886125,0.9985843,0.99826664
3835,0.99864227,0.9982933,0.99844587
3836,0.99870056,0.99839014,0.99851257
3837,0.9986609,0.99832547,0.9985967
3838,0.99852604,0.99778783,0.99655646
3839,0.9956956,0.98744357,0.99000114
3840,0.99704957,0.9939637,0.9923236
3841,0.99826807,0.9976613,0.9940847
3842,0.99788594,0.996752,0.99538857
3843,0.9986901,0.9983483,0.99597603
3844,0.9967401,0.99273527,0.992347
3845,0.99622256,0.98817307,0.99454004
3846,0.99655956,0.9892652,0.9961285
3847,0.9982658,0.9978699,0.9967693
3848,0.99843603,0.9982084,0.9971175
3849,0.9953969,0.98584074,0.99711514
3850,0.9979038,0.9967485,0.99750364
3851,0.99856395,0.998407,0.9975486
3852,0.9960661,0.9864171,0.9982214
3853,0.99865574,0.9986052,0.99791545
3854,0.9989226,0.99890447,0.9978695
3855,0.9991763,0.99908215,0.9981031
3856,0.9986536,0.99864244,0.9981621
3857,0.99910426,0.99907124,0.9979481
3858,0.9988485,0.9989072,0.9982191
3859,0.9988403,0.9989101,0.99828976
3860,0.9987951,0.9988703,0.99837285
3861,0.9983746,0.9981623,0.9986003
3862,0.9986271,0.99864185,0.99854034
3863,0.9981725,0.9976028,0.99873376
3864,0.998514,0.9984311,0.9986456
3865,0.99919343,0.9991731,0.998267
3866,0.99924254,0.9991654,0.9984227
3867,0.99909073,0.9991096,0.9983553
3868,0.99814594,0.9974879,0.9988202
3869,0.99851143,0.9983579,0.99863225
3870,0.9973674,0.9938025,0.99886376
3871,0.9960205,0.9851297,0.9990403
3872,0.9982703,0.9978711,0.998566
3873,0.9986616,0.99864185,0.9984072
3874,0.9982235,0.99774164,0.9986243
3875,0.99800104,0.99703884,0.998707
3876,0.99763715,0.99551886,0.99880457
3877,0.997494,0.9948181,0.99882203
3878,0.99800235,0.9970689,0.9986595
3879,0.9974887,0.9947512,0.99873817
3880,0.9958178,0.98346925,0.99899256
3881,0.9956484,0.982937,0.9988912
3882,0.9963764,0.98864424,0.99861497
3883,0.99577963,0.98481756,0.99861056
3884,0.9962949,0.9888504,0.99833083
3885,0.99612993,0.9880217,0.99823636
3886,0.99758404,0.9964429,0.99756634
3887,0.9986645,0.99896324,0.9967442
3888,0.9988303,0.9991042,0.99657893
3889,0.99846125,0.99869514,0.9970604
3890,0.9991752,0.99926263,0.99604744
3891,0.99882394,0.9989966,0.9966484
3892,0.9992678,0.9992685,0.9967401
3893,0.9991846,0.99929523,0.996257
3894,0.9989723,0.99904585,0.9965335
3895,0.9989576,0.9990719,0.99664927
3896,0.9952684,0.9821455,0.99847007
3897,0.99904925,0.9992319,0.99611354
3898,0.9990839,0.9993025,0.99619955
3899,0.99887425,0.99923325,0.9966908
3900,0.99546933,0.9840209,0.99840236
3901,0.9958782,0.98720676,0.9981048
3902,0.99616116,0.98938704,0.99785334
3903,0.99731535,0.9959244,0.9972566
3904,0.9991458,0.99949396,0.99522346
3905,0.9987553,0.9993228,0.99619305
3906,0.999456,0.9996163,0.99813265
3907,0.99941194,0.9995701,0.9976899
3908,0.9990995,0.99918586,0.995212
3909,0.9991839,0.99918664,0.9960962
3910,0.9989848,0.99909455,0.9955169
3911,0.9992592,0.99915147,0.9970614
3912,0.9990481,0.9991346,0.9955379
3913,0.99891067,0.999139,0.9960068
3914,0.9974429,0.9960608,0.9974541
3915,0.99727696,0.995195,0.9973545
3916,0.9974786,0.9960789,0.9972389
3917,0.9978835,0.99745595,0.99700195
3918,0.9973246,0.9954795,0.99737394
3919,0.9969929,0.9939189,0.997511
3920,0.99736017,0.99571407,0.99729025
3921,0.99683064,0.9931402,0.99752134
3922,0.9987072,0.99899507,0.9960066
3923,0.9985886,0.99892706,0.9963209
3924,0.9984879,0.9988036,0.99651366
3925,0.9981943,0.9983558,0.9969041
3926,0.99793005,0.99776006,0.9971739
3927,0.9970456,0.9943027,0.99767005
3928,0.9963186,0.99009764,0.9978727
3929,0.9978566,0.9976059,0.9969827
3930,0.997713,0.99715984,0.99709773
3931,0.9978636,0.99762064,0.99703336
3932,0.9987264,0.99910563,0.99618053
3933,0.99929845,0.99940026,0.99648464
3934,0.99902445,0.99935365,0.99591124
3935,0.9983733,0.99876606,0.99693775
3936,0.9976988,0.9971408,0.99748665
3937,0.9977071,0.9971691,0.9974985
3938,0.9976891,0.9971087,0.99752456
3939,0.9974954,0.9963959,0.99763566
3940,0.99703974,0.99430454,0.99782276
3941,0.99836934,0.9988056,0.9970081
3942,0.9973417,0.99573666,0.99766177
3943,0.9981761,0.9984232,0.9971532
3944,0.99830455,0.9986747,0.9971081
3945,0.9990501,0.9994617,0.9962548
3946,0.9991651,0.9994828,0.99605036
3947,0.9988095,0.99899083,0.9963492
3948,0.99756294,0.9962989,0.99751735
3949,0.9989481,0.99915576,0.99625516
3950,0.9990931,0.99927825,0.9961208
3951,0.9991718,0.99934113,0.996075
3952,0.9975051,0.9961582,0.99779195
3953,0.9981445,0.9981707,0.9973986
3954,0.9984698,0.99867755,0.99706954
3955,0.9987813,0.9990231,0.9967562
3956,0.9989286,0.999078,0.9965423
3957,0.9986395,0.99886954,0.9970211
3958,0.99785227,0.9972457,0.99768215
3959,0.9989718,0.99919766,0.99669284
3960,0.9987176,0.9989938,0.9970802
3961,0.9969486,0.993135,0.9981511
3962,0.9970092,0.9935655,0.99806136
3963,0.9968713,0.992715,0.9979533
3964,0.9965505,0.99085546,0.99797684
3965,0.9969413,0.9933665,0.9977293
3966,0.99776006,0.9970765,0.99726874
3967,0.99754596,0.996251,0.9973515
3968,0.9985533,0.9987176,0.9964966
3969,0.99911356,0.9989019,0.9953541
3970,0.9981693,0.99771094,0.9967127
3971,0.99688053,0.99258614,0.99751514
3972,0.99665344,0.9913363,0.9975021
3973,0.99781424,0.9969312,0.9967767
3974,0.99825865,0.99806726,0.99644786
3975,0.998875,0.99888533,0.99573374
3976,0.9990898,0.99889654,0.9952563
3977,0.996735,0.9920158,0.9975693
3978,0.99807984,0.9977958,0.99671316
3979,0.9990717,0.9990814,0.99543846
3980,0.99938655,0.9992591,0.9973058
3981,0.9993567,0.9993,0.996915
3982,0.99939084,0.99929434,0.99741423
3983,0.99928397,0.99929434,0.9961939
3984,0.9985237,0.99874413,0.99672896
3985,0.99901706,0.9992149,0.9961321
3986,0.99882257,0.9990716,0.9965025
3987,0.99869245,0.9989845,0.9967715
3988,0.9979825,0.99773234,0.99746644
3989,0.9982333,0.9983356,0.9973262
3990,0.9985368,0.9988589,0.9971204
3991,0.99843687,0.99872583,0.9972735
3992,0.9985506,0.998836,0.9971548
3993,0.9989809,0.99924296,0.99668235
3994,0.9977832,0.99709547,0.9978064
3995,0.9982632,0.9983958,0.99752873
3996,0.9977588,0.99701387,0.9978577
3997,0.9974194,0.99565136,0.99800515
3998,0.9981568,0.9981831,0.99760944
3999,0.9981485,0.9981672,0.9976465
4000,0.9978512,0.99733716,0.9978423
4001,0.9979213,0.99755764,0.9978139
4002,0.9986817,0.99908483,0.9972787
4003,0.9986457,0.99905926,0.99737877
4004,0.99755716,0.99624044,0.9980883
4005,0.99871534,0.9991533,0.99734795
4006,0.99848723,0.9988709,0.9976101
4007,0.9977882,0.9971221,0.9980486
4008,0.99905676,0.999433,0.99702936
4009,0.9994603,0.9995805,0.99741006
4010,0.9991099,0.9994969,0.9970955
4011,0.99756867,0.996278,0.9982778
4012,0.99759305,0.9963855,0.9982503
4013,0.99833614,0.9986473,0.99787563
4014,0.9985253,0.99897355,0.9977757
4015,0.9991595,0.99954444,0.9971229
4016,0.99956346,0.99965477,0.998792
4017,0.99935776,0.999612,0.9968107
4018,0.999449,0.99946076,0.9975435
4019,0.9990464,0.9991309,0.9970053
4020,0.9988144,0.9988935,0.9972916
4021,0.99893934,0.9989286,0.997122
4022,0.99818254,0.9978185,0.9978447
4023,0.9978561,0.99684644,0.99802804
4024,0.9980572,0.9975011,0.9979218
4025,0.99828905,0.9980988,0.9977945
4026,0.9988577,0.9989593,0.9973377
4027,0.998576,0.9986654,0.9976634
4028,0.9988853,0.99903584,0.99740833
4029,0.99856246,0.9986907,0.9977625
4030,0.9986201,0.9987881,0.9977519
4031,0.99853045,0.9986684,0.9978559
4032,0.99911267,0.9992605,0.9972935
4033,0.999181,0.9993235,0.9972556
4034,0.9985059,0.9986962,0.99800783
4035,0.99953055,0.9994502,0.9988227
4036,0.999043,0.999305,0.99757254
4037,0.9989518,0.99919784,0.9976668
4038,0.99930805,0.99937713,0.997181
4039,0.99867874,0.9989414,0.9979886
4040,0.9985814,0.9988112,0.9980864
4041,0.99906373,0.9993121,0.9976815
4042,0.9993236,0.99944186,0.9973403
4043,0.99938947,0.9993347,0.9971058
4044,0.99882776,0.9990619,0.9979506
4045,0.99902827,0.9992415,0.99778867
4046,0.9992631,0.9993766,0.9975172
4047,0.9987927,0.9990833,0.99809515
4048,0.99884117,0.9990751,0.99803144
4049,0.99909145,0.99926895,0.997804
4050,0.9992817,0.99937475,0.997584
4051,0.9991556,0.9993508,0.99781656
4052,0.9993465,0.9994413,0.9975741
4053,0.9994453,0.9994891,0.9976604
4054,0.9994626,0.9994465,0.9980662
4055,0.99882245,0.9988891,0.99808466
4056,0.9989619,0.999036,0.99798864
4057,0.99902624,0.9991051,0.99795616
4058,0.9990522,0.9991448,0.99796224
4059,0.9990942,0.99919266,0.9979505
4060,0.9991334,0.9992366,0.9979408
4061,0.99917716,0.9992805,0.99792427
4062,0.9993639,0.9993702,0.9976881
4063,0.9994215,0.99941224,0.99765456
4064,0.99935555,0.99941856,0.9977925
4065,0.9989929,0.99925286,0.99825466
4066,0.99925375,0.99941015,0.99800575
4067,0.9991865,0.99939924,0.99812216
4068,0.9992356,0.99943507,0.9980957
4069,0.9988204,0.9990803,0.9984443
4070,0.99908173,0.9993119,0.99825764
4071,0.9990423,0.9992968,0.9983177
4072,0.99895495,0.9992376,0.99841034
4073,0.99918085,0.99939513,0.9982289
4074,0.99921966,0.99942577,0.9982135
4075,0.99926305,0.9994567,0.998191
4076,0.9994263,0.9995187,0.99798775
4077,0.99921995,0.9994703,0.998301
4078,0.99918985,0.9994665,0.9983571
4079,0.9991772,0.9994689,0.99839276
4080,0.9992872,0.9995247,0.998299
4081,0.9994308,0.9995763,0.99812937
4082,0.9994354,0.99959123,0.99815446
4083,0.9993198,0.9995733,0.99834436
4084,0.99918973,0.9995288,0.9985039
4085,0.99946463,0.9996253,0.99818975
4086,0.99945366,0.99963516,0.99823797
4087,0.99937046,0.9996263,0.99838346
4088,0.9994773,0.9996588,0.9982553
4089,0.9994435,0.99965495,0.99832696
4090,0.99955577,0.99968153,0.9993295
4091,0.9995713,0.9994982,0.99957925
4092,0.99937177,0.9994631,0.99828273
4093,0.9991856,0.9994042,0.99851066
4094,0.9993187,0.99946964,0.9983933
4095,0.9994594,0.99948215,0.99831885
4096,0.9995232,0.99950564,0.9993136
4097,0.99950176,0.9994293,0.99912506
4098,0.99950165,0.99937266,0.9992367
4099,0.9994191,0.99897057,0.99861896
4100,0.99938285,0.99787045,0.99903774
4101,0.9990391,0.99762344,0.9979186
4102,0.99903375,0.9977407,0.99795246
4103,0.99903893,0.9978534,0.99797356
4104,0.9988623,0.9977897,0.9981512
4105,0.99864584,0.99756473,0.99831283
4106,0.99884427,0.9978935,0.9981894
4107,0.9989046,0.99802095,0.99815685
4108,0.9989821,0.9981558,0.9981071
4109,0.999194,0.9983608,0.99790245
4110,0.99912333,0.9984021,0.99801195
4111,0.9992422,0.99852854,0.99789214
4112,0.99931574,0.9986281,0.9978161
4113,0.999259,0.9984707,0.9978319
4114,0.99959576,0.99855775,0.99956393
4115,0.9992889,0.9985209,0.9977743
4116,0.99930656,0.9986082,0.9978178
4117,0.99912226,0.99859744,0.99805224
4118,0.99905944,0.99860907,0.9981404
4119,0.9991206,0.99869007,0.9981001
4120,0.9993508,0.99883485,0.9981732
4121,0.99933046,0.9988775,0.9979074
4122,0.99937856,0.99894476,0.99844575
4123,0.9994109,0.9989865,0.99883026
4124,0.9994394,0.9990168,0.9991861
4125,0.9992795,0.9989852,0.99802244
4126,0.9991574,0.99897015,0.99819535
4127,0.99908644,0.99895763,0.9982878
4128,0.9994048,0.9991179,0.9986062
4129,0.9993697,0.99910456,0.9981816
4130,0.9993571,0.99907184,0.99809384
4131,0.9993445,0.99897796,0.99808925
4132,0.9993932,0.99903387,0.99865115
4133,0.99955165,0.99892515,0.99953806
4134,0.999366,0.998459,0.99888015
4135,0.9991424,0.99834895,0.99789286
4136,0.99921703,0.9984622,0.9978373
4137,0.9992293,0.9985419,0.9978574
4138,0.99915665,0.99853617,0.997958
4139,0.9989574,0.99830616,0.9980959
4140,0.9990721,0.9984285,0.99800676
4141,0.9993644,0.99827886,0.99909675
4142,0.9989382,0.99764395,0.9975729
4143,0.9988769,0.99764186,0.9976405
4144,0.9991806,0.99797124,0.9973907
4145,0.9992061,0.9981116,0.9975328
4146,0.99888486,0.99800426,0.99784946
4147,0.99888355,0.99808013,0.9979042
4148,0.998976,0.9982317,0.9978708
4149,0.9989402,0.9982729,0.9979504
4150,0.99893105,0.9982502,0.99794203
4151,0.99925095,0.998474,0.9978397
4152,0.9985439,0.9978449,0.9982683
4153,0.9987183,0.99815,0.99818707
4154,0.9990083,0.99848676,0.997986
4155,0.9992431,0.99856174,0.9976845
4156,0.9990735,0.9985472,0.9979234
4157,0.99924964,0.99869305,0.99775046
4158,0.99931264,0.9986145,0.9984708
4159,0.9991475,0.99859625,0.9978285
4160,0.99868876,0.99823105,0.99826133
4161,0.99889344,0.99850154,0.9981424
4162,0.9993529,0.9988041,0.99877554
4163,0.99927765,0.9988114,0.9979125
4164,0.9992085,0.9988337,0.99790955
4165,0.9988317,0.9982366,0.9980275
4166,0.9992699,0.9985791,0.9980858
4167,0.9988333,0.9983421,0.99810046
4168,0.998402,0.9976797,0.998386
4169,0.9986071,0.9980928,0.9982971
4170,0.9992971,0.9985069,0.9983835
4171,0.9990678,0.9984081,0.99778295
4172,0.9992918,0.9985744,0.9983074
4173,0.99858826,0.9979749,0.998218
4174,0.99926513,0.99863446,0.9979629
4175,0.9985535,0.99793226,0.99824613
4176,0.9982376,0.99724656,0.99842083
4177,0.99892825,0.9984625,0.9980246
4178,0.9991671,0.99867,0.9978154
4179,0.9993355,0.998534,0.9987962
4180,0.9992413,0.99848914,0.99780035
4181,0.9988618,0.99821424,0.9978975
4182,0.997346,0.99331707,0.9985884
4183,0.998568,0.99791706,0.9981099
4184,0.99919957,0.99857503,0.99756336
4185,0.99917054,0.99862194,0.9976459
4186,0.998989,0.9983836,0.9977432
4187,0.9990543,0.9984967,0.9977286
4188,0.9991201,0.99860215,0.99770623
4189,0.99831474,0.9966934,0.99721986
4190,0.9991048,0.9978219,0.9967472
4191,0.9988119,0.9971364,0.9957966
4192,0.9977275,0.99475974,0.9964645
4193,0.9980286,0.9959762,0.99677813
4194,0.99790466,0.9956884,0.99713725
4195,0.9991525,0.9979379,0.99716836
4196,0.9978455,0.995704,0.9975709
4197,0.99880797,0.9979353,0.99712634
4198,0.9987884,0.99802697,0.9972922
4199,0.9960062,0.98561764,0.98997635
4200,0.9982367,0.9962803,0.99224085
4201,0.99843925,0.9970798,0.99381596
4202,0.99893373,0.99782145,0.9948177
4203,0.99232626,0.9825689,0.9821887
4204,0.99690944,0.99543625,0.98413014
4205,0.9980827,0.997426,0.9875004
4206,0.9982257,0.99800193,0.9909073
4207,0.99671143,0.9926651,0.99340075
4208,0.998587,0.9986382,0.9942866
4209,0.99813014,0.9980398,0.99554706
4210,0.9975023,0.9960105,0.99642104
4211,0.9981985,0.99814934,0.9966797
4212,0.9981588,0.9980495,0.99695134
4213,0.99632126,0.9885898,0.99765116
4214,0.99905425,0.999202,0.9969637
4215,0.99849546,0.99869144,0.997206
4216,0.9975594,0.9961799,0.99665177
4217,0.99757785,0.99624264,0.996592
4218,0.9986412,0.99879295,0.9965226
4219,0.9982149,0.9981353,0.9963142
4220,0.99860054,0.99872106,0.99604344
4221,0.9978628,0.9972256,0.9968703
4222,0.99833554,0.998376,0.99701345
4223,0.9981185,0.9979019,0.99737513
4224,0.99825937,0.9982153,0.9975256
4225,0.9980422,0.99766177,0.9977823
4226,0.9985187,0.9986761,0.99771106
4227,0.99828243,0.9982311,0.99785507
4228,0.9989488,0.99912876,0.99756265
4229,0.99888957,0.99896,0.9968645
4230,0.9980799,0.9977225,0.99567133
4231,0.99779505,0.99734426,0.99218786
4232,0.99697113,0.9955843,0.98980606
4233,0.9961934,0.98987454,0.9927195
4234,0.9969065,0.99355507,0.99471545
4235,0.9977371,0.99706066,0.9956641
4236,0.9974856,0.9959848,0.9964218
4237,0.99877,0.99899226,0.9963553
4238,0.9986252,0.9988523,0.99599177
4239,0.9974585,0.9958052,0.99676526
4240,0.9977478,0.9968896,0.99712163
4241,0.9976409,0.9964125,0.9974599
4242,0.9975287,0.99592197,0.9973933
4243,0.99790627,0.99731666,0.9975316
4244,0.9973223,0.9948043,0.9978541
4245,0.9961756,0.9873115,0.9982206
4246,0.9970931,0.9936502,0.99817705
4247,0.9976816,0.9965324,0.99809283
4248,0.99691695,0.9926566,0.9976738
4249,0.9963043,0.98866004,0.99797595
4250,0.99696606,0.9931345,0.9979384
4251,0.9982284,0.99817973,0.99750775
4252,0.9981459,0.99794316,0.99742424
4253,0.99735606,0.99512553,0.9961345
4254,0.99850184,0.99834144,0.9959109
4255,0.99717265,0.9942514,0.9965319
4256,0.99850607,0.9984016,0.9962157
4257,0.9954918,0.98406965,0.9975988
4258,0.99651664,0.99067247,0.9975651
4259,0.9974799,0.99593866,0.9973076
4260,0.999027,0.99906176,0.99607235
4261,0.9989018,0.9990071,0.9963127
4262,0.9990993,0.999149,0.99670297
4263,0.9985814,0.9987787,0.99688274
4264,0.9986997,0.9988548,0.996644
4265,0.9988996,0.9990529,0.9965601
4266,0.99884033,0.9990593,0.9968053
4267,0.998095,0.99798554,0.9975564
4268,0.997652,0.99663526,0.9978343
4269,0.99697906,0.9934636,0.99808896
4270,0.99686694,0.99288416,0.99810153
4271,0.99656004,0.99110466,0.99815154
4272,0.9970299,0.9939982,0.9979419
4273,0.99669915,0.9921816,0.9980118
4274,0.99790734,0.99765205,0.99742866
4275,0.996539,0.99127644,0.99798787
4276,0.99807405,0.9980932,0.9971947
4277,0.9983594,0.99865407,0.99703145
4278,0.9969338,0.9936797,0.99787104
4279,0.99750334,0.9962935,0.99746454
4280,0.99874693,0.9989842,0.9963436
4281,0.9982885,0.9983914,0.9968999
4282,0.99811953,0.9978591,0.99681205
4283,0.9987344,0.9987563,0.99619
4284,0.9990089,0.99901533,0.99591297
4285,0.9989628,0.99907106,0.99618405
4286,0.9989142,0.999069,0.9963637
4287,0.99800587,0.99741495,0.996735
4288,0.9951343,0.9875429,0.9826351
4289,0.99675494,0.99368495,0.9865483
4290,0.99590546,0.9882538,0.9908497
4291,0.9961732,0.98963016,0.99346054
4292,0.9982838,0.9981417,0.99354047
4293,0.99798274,0.9977237,0.9948378
4294,0.9954502,0.98467654,0.99649215
4295,0.99282074,0.9797098,0.99719375
4296,0.99319327,0.97941905,0.997347
4297,0.99621165,0.99063957,0.99647415
4298,0.9965213,0.99255663,0.9963296
4299,0.99656814,0.9929014,0.99632055
4300,0.99702936,0.9951926,0.9960472
4301,0.9937931,0.9784726,0.9973005
4302,0.995558,0.98765707,0.9963421
4303,0.9973614,0.99686205,0.99502736
4304,0.99723876,0.99646324,0.9952878
4305,0.998148,0.99866956,0.9943125
4306,0.99793684,0.99831396,0.99481225
4307,0.9985805,0.9991786,0.9939873
4308,0.9985017,0.9991384,0.994429
4309,0.9990666,0.9995039,0.9952491
4310,0.99918187,0.99956423,0.9962298
4311,0.99890554,0.99946344,0.9942029
4312,0.99862885,0.99933803,0.99511415
4313,0.99845636,0.9991031,0.99530345
4314,0.99809426,0.9985866,0.9958702
4315,0.9972958,0.9964295,0.99664
4316,0.9972566,0.996283,0.9967122
4317,0.9974064,0.99682784,0.9966602
4318,0.9964526,0.9924507,0.9971875
4319,0.9986653,0.99932885,0.9952573
4320,0.9991641,0.999572,0.9961555
4321,0.99910855,0.99947435,0.9959891
4322,0.99917316,0.99945575,0.9966989
4323,0.9987513,0.99920726,0.99498534
4324,0.9978328,0.99789363,0.9963543
4325,0.9981258,0.99846977,0.99606186
4326,0.995003,0.983096,0.9976487
4327,0.9975127,0.9970931,0.99634105
4328,0.99805194,0.99845624,0.995988
4329,0.9992116,0.99954396,0.99680567
4330,0.99839085,0.999026,0.9959233
4331,0.9983735,0.9990236,0.9961165
4332,0.9985028,0.9991931,0.99612015
4333,0.99890083,0.9995247,0.9956863
4334,0.99814904,0.99872595,0.99680173
4335,0.99782133,0.99801135,0.9971327
4336,0.99761844,0.99742466,0.99730825
4337,0.9978944,0.9981809,0.99717367
4338,0.9988062,0.99949723,0.9962995
4339,0.99764276,0.99745893,0.99744827
4340,0.9959198,0.9886293,0.99808615
4341,0.99611676,0.9901095,0.9978839
4342,0.99650973,0.99260575,0.9976304
4343,0.9961723,0.9907124,0.9976624
4344,0.996521,0.99286586,0.99742085
4345,0.9977184,0.99789274,0.9967268
4346,0.9972861,0.99648213,0.9970624
4347,0.99705434,0.9955266,0.99719924
4348,0.9976325,0.9976435,0.99686927
4349,0.99888885,0.9996248,0.9955675
4350,0.9992402,0.999769,0.99525976
4351,0.9992009,0.99977076,0.9952585
4352,0.9990484,0.99971616,0.99571973
4353,0.998622,0.9994638,0.9965793
4354,0.99908674,0.99975234,0.99597704
4355,0.99933314,0.99982697,0.9963178
4356,0.99894696,0.99970275,0.996475
4357,0.99810535,0.99874496,0.9974516
4358,0.9985444,0.9993982,0.9971565
4359,0.9987909,0.99960905,0.9969291
4360,0.9990157,0.99973917,0.99670154
4361,0.99819463,0.9988829,0.9976333
4362,0.9994039,0.999847,0.99718785
4363,0.99922144,0.9998105,0.99652225
4364,0.9992428,0.9996738,0.9963865
4365,0.9992441,0.9996826,0.9964275
4366,0.99941456,0.99970514,0.99848676
4367,0.99923813,0.99964994,0.99658614
4368,0.9993957,0.99970293,0.99831694
4369,0.99929136,0.99965686,0.99723536
4370,0.9981326,0.99720496,0.9890569
4371,0.99857754,0.9981099,0.99098265
4372,0.9978855,0.9973812,0.9929513
4373,0.99839586,0.99836993,0.99385816
4374,0.99897355,0.99884206,0.9950672
4375,0.9982541,0.99831855,0.9947249
4376,0.99895203,0.9990517,0.9955028
4377,0.99913937,0.9992018,0.9972586
4378,0.99774647,0.99792844,0.9856204
4379,0.99099886,0.99643105,0.98150617
4380,0.99418366,0.99713457,0.9818877
4381,0.9964206,0.9980696,0.98418546
4382,0.99698573,0.9983995,0.9852411
4383,0.9975946,0.9986825,0.98871255
4384,0.9918077,0.99405265,0.9828037
4385,0.9938613,0.99098516,0.98499614
4386,0.9957875,0.9941077,0.98836476
4387,0.9963196,0.99402887,0.99130803
4388,0.99659973,0.99387294,0.9936693
4389,0.9965747,0.9926775,0.9952623
4390,0.99676704,0.9932345,0.9963343
4391,0.99739856,0.9962708,0.996945
4392,0.99674475,0.9924537,0.9974678
4393,0.9971096,0.9944879,0.9977998
4394,0.9987185,0.99936897,0.9975645
4395,0.9989574,0.99954265,0.99757636
4396,0.99903977,0.9995899,0.9976658
4397,0.9989541,0.9995471,0.9978074
4398,0.9975841,0.9970662,0.9964127
4399,0.9968276,0.99303615,0.9970713
4400,0.9972679,0.99532986,0.9974738
4401,0.99850523,0.9990835,0.9974133
4402,0.9988041,0.9993899,0.9974566
4403,0.99897933,0.9995087,0.99751425
4404,0.9989391,0.9994753,0.997307
4405,0.99806905,0.9983176,0.9969257
4406,0.9988413,0.99939424,0.9969126
4407,0.9987679,0.9993469,0.9972514
4408,0.99809223,0.99824166,0.9977552
4409,0.99844104,0.998931,0.9978241
4410,0.9983328,0.99871475,0.9980134
4411,0.9990497,0.9995166,0.99777603
4412,0.9985316,0.99903196,0.9980548
4413,0.998795,0.9993346,0.99805045
4414,0.9986684,0.99919546,0.9982146
4415,0.9986372,0.99914706,0.9983157
4416,0.998412,0.9987719,0.998473
4417,0.9989457,0.9994388,0.9983089
4418,0.9990136,0.99947196,0.998221
4419,0.9990399,0.9994882,0.9982576
4420,0.9990181,0.9994549,0.99813104
4421,0.9979028,0.9976849,0.9966347
4422,0.9985935,0.9990253,0.9968565
4423,0.9984753,0.9988596,0.997245
4424,0.99896026,0.9993369,0.9972658
4425,0.999044,0.9993951,0.9977428
4426,0.99491,0.9966569,0.98461103
4427,0.9968788,0.9984183,0.98711103
4428,0.99740744,0.9985764,0.9898396
4429,0.99786294,0.99888515,0.99191713
4430,0.9981905,0.99914396,0.9930926
4431,0.99632293,0.99739605,0.98878783
4432,0.99694675,0.99747854,0.9915122
4433,0.9977434,0.9987202,0.99344635
4434,0.99825746,0.9992689,0.9943237
4435,0.99667037,0.9989971,0.98743415
4436,0.99773884,0.9992008,0.9901556
4437,0.99644697,0.99899244,0.9887528
4438,0.9967607,0.9982029,0.99137074
4439,0.99766564,0.9991659,0.99329007
4440,0.9979712,0.9992684,0.99461895
4441,0.99787396,0.9991968,0.9945198
4442,0.9967826,0.9954825,0.9946727
4443,0.9976992,0.99835366,0.99583435
4444,0.99786216,0.99845356,0.99651915
4445,0.99850214,0.9994234,0.9969536
4446,0.9977787,0.99796814,0.9969204
4447,0.9980254,0.998533,0.9972057
4448,0.99822,0.99884164,0.99754405
4449,0.99907124,0.99948573,0.9977468
4450,0.99773204,0.99869585,0.9951748
4451,0.99793917,0.99881154,0.99601173
4452,0.9977582,0.9980038,0.9966558
4453,0.99770445,0.9974267,0.9971727
4454,0.99821097,0.99876976,0.9975474
4455,0.9982442,0.99872226,0.9978236
4456,0.99860215,0.999288,0.99800897
4457,0.99848425,0.9991172,0.9979704
4458,0.998625,0.9992723,0.99814016
4459,0.99842954,0.9988906,0.99832106
4460,0.99871683,0.9993132,0.99842596
4461,0.9987951,0.9993772,0.99852717
4462,0.9974105,0.9962841,0.99658334
4463,0.99795604,0.9980845,0.9971589
4464,0.99842095,0.9990244,0.9975007
4465,0.99822223,0.99850386,0.9977994
4466,0.99853826,0.99906677,0.9980059
4467,0.9987024,0.9992492,0.9981666
4468,0.9977744,0.99751264,0.99686277
4469,0.99845886,0.99905527,0.99728
4470,0.9978889,0.9985615,0.9954497
4471,0.9976313,0.99793977,0.9953696
4472,0.9980571,0.99865615,0.99618506
4473,0.99818295,0.9987146,0.996763
4474,0.99810034,0.9984992,0.9968352
4475,0.99818504,0.99851495,0.9972715
4476,0.99816424,0.99829185,0.99762094
4477,0.9984613,0.9988594,0.9978779
4478,0.9984398,0.99873894,0.9980955
4479,0.9989829,0.99921787,0.99823403
4480,0.99831367,0.9983808,0.99817944
4481,0.9983768,0.99845,0.99835485
4482,0.9987025,0.9990436,0.99847007
4483,0.99865884,0.9989381,0.9985913
4484,0.9986539,0.9988902,0.9986945
4485,0.99898785,0.9992151,0.9987511
4486,0.99861616,0.998895,0.9981575
4487,0.99850035,0.99868923,0.99808675
4488,0.9986106,0.9988329,0.9982587
4489,0.9980243,0.99772084,0.9972232
4490,0.9983229,0.99838674,0.99759
4491,0.9984328,0.9985298,0.9978648
4492,0.9986608,0.9988704,0.99806565
4493,0.9987709,0.9989827,0.9982302
4494,0.9973954,0.9978214,0.9932769
4495,0.9978564,0.9983027,0.9946777
4496,0.9981667,0.99858844,0.9956662
4497,0.9970152,0.9977507,0.99213946
4498,0.9970805,0.9978874,0.9923704
4499,0.99616045,0.99406314,0.9922501
4500,0.99732417,0.9973476,0.9943186
4501,0.99776924,0.9980051,0.99549305
4502,0.99813455,0.99852103,0.996279
4503,0.9978453,0.99739593,0.99687773
4504,0.9979936,0.99765056,0.99726593
4505,0.9972819,0.99317425,0.9976188
4506,0.99762887,0.9949818,0.9980915
4507,0.9979435,0.9964725,0.9983818
4508,0.99810356,0.9970458,0.99857414
4509,0.99877036,0.99887544,0.9986672
4510,0.99837554,0.9983781,0.9974021
4511,0.99650806,0.99608666,0.9915101
4512,0.99687004,0.99530023,0.99365354
4513,0.997791,0.9978452,0.99516124
4514,0.9982383,0.99850214,0.99603266
4515,0.9972452,0.9975936,0.99301124
4516,0.9979026,0.9983963,0.9945297
4517,0.99762505,0.99722296,0.9956129
4518,0.9983192,0.9986283,0.99638623
4519,0.99763316,0.99805987,0.9942392
4520,0.9973413,0.99625576,0.99537647
4521,0.99809116,0.9982701,0.9962933
4522,0.99780464,0.99701524,0.9969011
4523,0.9982703,0.99825615,0.99737513
4524,0.99764514,0.9953043,0.997751
4525,0.99826026,0.9978606,0.99809134
4526,0.998712,0.9987975,0.9982626
4527,0.9987964,0.9988811,0.9984051
4528,0.99865144,0.9986418,0.9984489
4529,0.99883854,0.9988901,0.99855614
4530,0.9986813,0.99861974,0.998683
4531,0.9963694,0.9901745,0.99744684
4532,0.9967165,0.990435,0.9980888
4533,0.9978517,0.99550813,0.99848044
4534,0.99708617,0.9907018,0.998714
4535,0.9974709,0.99250484,0.9989425
4536,0.9982365,0.9970793,0.99904615
4537,0.99895644,0.9988698,0.99902105
4538,0.9990228,0.99887,0.9987375
4539,0.9982673,0.9977349,0.996535
4540,0.9974553,0.9974099,0.99096864
4541,0.9941701,0.989866,0.9875117
4542,0.99592245,0.991115,0.991027
4543,0.9966706,0.99246037,0.9937374
4544,0.9982791,0.99826807,0.9953142
4545,0.9976044,0.9977063,0.99271184
4546,0.9969916,0.994145,0.99442786
4547,0.9970062,0.9927593,0.99581474
4548,0.99773395,0.99631345,0.99678093
4549,0.99861103,0.99863833,0.9972141
4550,0.9965379,0.99742913,0.98874176
4551,0.9955766,0.99041104,0.99155927
4552,0.9960886,0.99023867,0.9941889
4553,0.9969685,0.99264437,0.9958866
4554,0.99732876,0.9942035,0.99685645
4555,0.9987032,0.9988356,0.9972927
4556,0.99721223,0.9978778,0.99033844
4557,0.9977204,0.9982993,0.99222845
4558,0.99795574,0.99839807,0.99395764
4559,0.99823046,0.99864113,0.99513555
4560,0.9972236,0.9945396,0.9961041
4561,0.9979005,0.99733096,0.9968826
4562,0.99733,0.99538964,0.9957712
4563,0.9967329,0.9908528,0.99663717
4564,0.99847645,0.9986512,0.9973151
4565,0.99840117,0.99845034,0.9976432
4566,0.9980358,0.99727213,0.99794817
4567,0.99765,0.9952251,0.99822307
4568,0.9983779,0.99817187,0.9983873
4569,0.9967291,0.98958594,0.9986484
4570,0.9954618,0.98683685,0.9989453
4571,0.9982184,0.9975167,0.9989751
4572,0.99909437,0.99919766,0.99882895
4573,0.9982869,0.9979015,0.99746215
4574,0.99679804,0.9893915,0.99791646
4575,0.9985382,0.99838454,0.99812895
4576,0.9981424,0.9972933,0.998356
4577,0.99901944,0.9989726,0.9982647
4578,0.99714166,0.99194485,0.997965
4579,0.99724895,0.9931854,0.9971204
4580,0.9984074,0.9980387,0.9974579
4581,0.99852115,0.9982502,0.99770105
4582,0.9974906,0.9942328,0.99810266
4583,0.9981619,0.9972946,0.99824005
4584,0.99769163,0.9958543,0.9960755
4585,0.99610645,0.9873486,0.99685323
4586,0.9976747,0.99546033,0.9974719
4587,0.99761146,0.99505496,0.997815
4588,0.99848527,0.99808955,0.99787205
4589,0.99815,0.99722666,0.9978905
4590,0.99790245,0.9963121,0.99793583
4591,0.9975663,0.9954385,0.99459225
4592,0.99783224,0.99642223,0.995003
4593,0.99693775,0.9951976,0.9890778
4594,0.99701995,0.99584734,0.98919284
4595,0.99712354,0.9952593,0.99184835
4596,0.997978,0.9975994,0.9937743
4597,0.99805796,0.9979145,0.9930731
4598,0.9940755,0.98855233,0.9857106
4599,0.9949548,0.9878587,0.9894254
4600,0.9942675,0.9857093,0.9929432
4601,0.99746305,0.9960497,0.99508196
4602,0.99801606,0.9977537,0.9959406
4603,0.9986483,0.9988376,0.9963513
4604,0.997962,0.99756134,0.9963268
4605,0.9955404,0.986911,0.99615175
4606,0.996644,0.9903268,0.9971121
4607,0.996723,0.9907751,0.9975874
4608,0.9983198,0.998307,0.99762654
4609,0.9983979,0.9984491,0.9977862
4610,0.9989892,0.99916077,0.99762434
4611,0.9990242,0.9991904,0.9976578
4612,0.9983045,0.99823916,0.9973304
4613,0.998533,0.99861956,0.99694145
4614,0.99833137,0.99827677,0.99733895
4615,0.99889976,0.9990291,0.99730635
4616,0.9983086,0.9982162,0.9978028
4617,0.9982136,0.9979682,0.9978328
4618,0.99643767,0.9881738,0.9983088
4619,0.9948144,0.9843481,0.998192
4620,0.9952666,0.9845517,0.9984499
4621,0.9969046,0.9921787,0.99836206
4622,0.99685585,0.9919571,0.9984194
4623,0.9966755,0.9908916,0.9984729
4624,0.99675965,0.9916018,0.99844277
4625,0.99633896,0.98894,0.9984998
4626,0.9964944,0.99025345,0.9983969
4627,0.9964987,0.9904862,0.9983205
4628,0.9980473,0.99779534,0.99746865
4629,0.99774677,0.9969064,0.9976648
4630,0.9973574,0.9953653,0.99786115
4631,0.9970073,0.99360675,0.9979455
4632,0.99750775,0.9960474,0.99769485
4633,0.9963212,0.9894521,0.9980483
4634,0.9973048,0.99527633,0.99759316
4635,0.99716496,0.99464947,0.9976384
4636,0.99681735,0.9927877,0.997678
4637,0.99778545,0.9971587,0.9971442
4638,0.9985531,0.99877137,0.9965384
4639,0.999094,0.99922687,0.9958144
4640,0.9985883,0.99821013,0.99576694
4641,0.99866885,0.9981621,0.9953995
4642,0.997773,0.9963435,0.99601376
4643,0.9978415,0.99648166,0.9957404
4644,0.9975074,0.9949982,0.99372476
4645,0.9987541,0.9977864,0.9934291
4646,0.9990299,0.9978933,0.99495703
4647,0.9967283,0.9918364,0.994712
4648,0.99430877,0.9810248,0.9962092
4649,0.99748784,0.9958057,0.9955383
4650,0.99888915,0.99855494,0.9947687
4651,0.99873376,0.99860454,0.99495524
4652,0.99402094,0.9801748,0.9976067
4653,0.99450666,0.9802584,0.9973823
4654,0.9965443,0.99235505,0.996412
4655,0.997449,0.99652267,0.99582195
4656,0.9972799,0.99595207,0.9960659
4657,0.9959502,0.9890261,0.99682724
4658,0.99704534,0.99516606,0.9961131
4659,0.9972185,0.9958902,0.9959977
4660,0.99824095,0.99862903,0.99509865
4661,0.9990365,0.9993689,0.9947949
4662,0.9991043,0.9992153,0.99578136
4663,0.9991767,0.99905014,0.99668574
4664,0.9985293,0.9983542,0.99359703
4665,0.9984302,0.9982373,0.99368966
4666,0.99748135,0.99623,0.99478954
4667,0.9984955,0.99796426,0.9915266
4668,0.99718934,0.9950934,0.9916485
4669,0.99708575,0.9948148,0.99320614
4670,0.9975147,0.99647117,0.9940221
4671,0.99806476,0.9979207,0.9942851
4672,0.9983756,0.99850136,0.99453634
4673,0.99733084,0.99597573,0.9954258
4674,0.997653,0.9970784,0.9956013
4675,0.9989325,0.99908566,0.9952764
4676,0.99895984,0.99904114,0.99542373
4677,0.9987227,0.99881816,0.9935953
4678,0.99721014,0.9958672,0.99050397
4679,0.9970404,0.99573654,0.98844963
4680,0.99760073,0.99732804,0.9907558
4681,0.9976095,0.997554,0.9897843
4682,0.9960477,0.9902566,0.9930837
4683,0.9950875,0.9842866,0.99500394
4684,0.99691784,0.99497616,0.9938654
4685,0.9977875,0.9979049,0.99337506
4686,0.9967324,0.993949,0.9950829
4687,0.9961834,0.99088234,0.9953061
4688,0.99789906,0.99814177,0.99436116
4689,0.9973364,0.99657214,0.99492514
4690,0.99441904,0.9827204,0.9964784
4691,0.9951653,0.9846535,0.9967409
4692,0.9950278,0.984169,0.9969146
4693,0.99823946,0.99888724,0.99504197
4694,0.9984427,0.99915636,0.99510986
4695,0.99761695,0.99758863,0.99529666
4696,0.99629396,0.9919432,0.9963912
4697,0.9974434,0.99711025,0.99588007
4698,0.99797404,0.99839747,0.9953179
4699,0.99767256,0.9977291,0.9958945
4700,0.99832416,0.99885494,0.99439394
4701,0.9981548,0.9985999,0.9941278
4702,0.99803394,0.99844086,0.9949364
4703,0.9980529,0.99846923,0.99492097
4704,0.99511665,0.98440087,0.99677396
4705,0.9958923,0.98952544,0.9966524
4706,0.99810153,0.9986645,0.9953465
4707,0.9990465,0.9995316,0.99620354
4708,0.99918365,0.9996001,0.99734193
4709,0.99925464,0.9996201,0.9980316
4710,0.9991642,0.999605,0.99719274
4711,0.99601156,0.99017274,0.9972734
4712,0.9961959,0.99140525,0.9971346
4713,0.99603385,0.99056876,0.99713063
4714,0.99695593,0.99545276,0.99662423
4715,0.9971248,0.9961396,0.99656194
4716,0.9975712,0.9976242,0.9963216
4717,0.996968,0.9954734,0.9967928
4718,0.9988465,0.99957216,0.9949194
4719,0.9991107,0.9997032,0.99583524
4720,0.99929744,0.9997648,0.9975539
4721,0.9992662,0.999769,0.9972035
4722,0.9992447,0.9997756,0.9969591
4723,0.99922335,0.9997824,0.9967193
4724,0.99919033,0.99973154,0.9967389
4725,0.99636173,0.9922208,0.99763983
4726,0.99707353,0.9958178,0.99727273
4727,0.99856377,0.9994174,0.99613726
4728,0.99882066,0.99960554,0.9958735
4729,0.99911034,0.99972165,0.9958764
4730,0.9992465,0.9997735,0.9970835
4731,0.99879104,0.99959964,0.9962912
4732,0.9988455,0.9996377,0.9963423
4733,0.99902827,0.999719,0.9961034
4734,0.99850184,0.9990576,0.99529934
4735,0.99888897,0.9993711,0.9952556
4736,0.9990917,0.9994514,0.9967991
4737,0.9991329,0.9993837,0.9970282
4738,0.9986631,0.9989062,0.9909206
4739,0.9981759,0.9987335,0.9876528
4740,0.996916,0.9972208,0.98621494
4741,0.9974673,0.99818516,0.9884092
4742,0.99806994,0.9989404,0.9911078
4743,0.9978455,0.99851125,0.99323815
4744,0.99543303,0.98634607,0.9952643
4745,0.9972374,0.9964175,0.995942
4746,0.99861366,0.9993981,0.9956533
4747,0.99803823,0.99922466,0.9879576
4748,0.99781644,0.999114,0.9883191
4749,0.99838597,0.99946004,0.9913073
4750,0.9981768,0.999247,0.9931947
4751,0.99801284,0.99901646,0.9938602
4752,0.99669915,0.99432683,0.99540764
4753,0.9971649,0.9962088,0.99619615
4754,0.9981483,0.99894714,0.99643767
4755,0.9980365,0.99868745,0.996883
4756,0.9974027,0.9967345,0.99738824
4757,0.9957524,0.987025,0.99788976
4758,0.9977544,0.99784946,0.9977487
4759,0.99723935,0.9958836,0.9980279
4760,0.99845815,0.9992493,0.9976799
4761,0.99897945,0.9996831,0.99739146
4762,0.99906206,0.99972314,0.9974314
4763,0.99910164,0.999743,0.9977482
4764,0.99801207,0.9983875,0.9982896
4765,0.9972267,0.9955349,0.99855316
4766,0.9976833,0.99738604,0.9984631
4767,0.9979334,0.9981296,0.9984148
4768,0.99873126,0.9994976,0.9980675
4769,0.9985269,0.9992711,0.9982469
4770,0.99785936,0.9978546,0.9985574
4771,0.9978154,0.99769825,0.9985883
4772,0.9979207,0.9979974,0.9985693
4773,0.998772,0.9995058,0.998188
4774,0.9990089,0.99966943,0.9980424
4775,0.99922365,0.99976,0.99817663
4776,0.9992362,0.9997675,0.9982768
4777,0.9992772,0.99973875,0.99897635
4778,0.9988877,0.99954647,0.9979991
4779,0.99892104,0.9995705,0.9980348
4780,0.9992057,0.99970824,0.9982697
4781,0.9993402,0.9997378,0.9991871
4782,0.99928236,0.9997244,0.9990665
4783,0.99912035,0.99967086,0.99795985
4784,0.99823934,0.9986444,0.99846655
4785,0.99869883,0.9993527,0.9982848
4786,0.99853563,0.99914545,0.9984154
4787,0.9980757,0.9982075,0.99862987
4788,0.99831873,0.9987553,0.99856365
4789,0.9984627,0.9990043,0.9985283
4790,0.99887854,0.9994913,0.9983262
4791,0.9992062,0.99967337,0.9980744
4792,0.99911594,0.99964345,0.9982167
4793,0.99887943,0.9992798,0.9966889
4794,0.99876213,0.9992164,0.9970807
4795,0.9988706,0.9993091,0.99717605
4796,0.99874985,0.9991892,0.99672526
4797,0.99870056,0.99916023,0.9970692
4798,0.9982352,0.9984641,0.9975458
4799,0.9984996,0.99891496,0.99761873
4800,0.9988702,0.999312,0.9975589
4801,0.9990646,0.9994389,0.99754685
4802,0.999048,0.99944615,0.99770325
4803,0.9987328,0.9992176,0.9980442
4804,0.9989378,0.9993949,0.99800587
4805,0.99911827,0.99950236,0.9979466
4806,0.9983825,0.998755,0.9952493
4807,0.99835587,0.99870896,0.99600375
4808,0.9986916,0.9991059,0.9963676
4809,0.9988208,0.99922633,0.99670744
4810,0.9986929,0.9991336,0.9971233
4811,0.99832404,0.998631,0.99694085
4812,0.99869204,0.99912375,0.9971059
4813,0.9987174,0.9991528,0.9973624
4814,0.99872196,0.9991593,0.99758047
4815,0.99892604,0.9993329,0.9976452
4816,0.99888825,0.9993143,0.99783
4817,0.99907815,0.9994369,0.9978361
4818,0.9986335,0.9990465,0.9975709
4819,0.99864155,0.99905044,0.9977616
4820,0.99900186,0.9993664,0.9977282
4821,0.99869317,0.99910295,0.9978372
4822,0.99873805,0.99914885,0.99796647
4823,0.9987006,0.99910235,0.9981109
4824,0.99868023,0.9990705,0.9982286
4825,0.9987168,0.9991084,0.99830824
4826,0.9988612,0.9992564,0.998327
4827,0.9990669,0.9994075,0.9982876
4828,0.9987458,0.9991338,0.99852324
4829,0.9989466,0.9993284,0.9984902
4830,0.99917805,0.99946964,0.99857056
4831,0.99891317,0.9992032,0.9977069
4832,0.998972,0.9992553,0.99783874
4833,0.9990291,0.99930215,0.9979463
4834,0.99926275,0.9993722,0.9985298
4835,0.99909246,0.9993201,0.9981082
4836,0.9989667,0.9992584,0.9980088
4837,0.9992608,0.999365,0.99852467
4838,0.9994471,0.9993857,0.9987702
4839,0.998802,0.999012,0.9957584
4840,0.9988969,0.99905896,0.9960438
4841,0.99926496,0.9991499,0.9968788
4842,0.99875146,0.9990811,0.9966745
4843,0.99858356,0.99891233,0.99713725
4844,0.9988111,0.99914753,0.9973494
4845,0.9988924,0.99921906,0.99756014
4846,0.9989255,0.9992515,0.997751
4847,0.9984211,0.9986423,0.99746174
4848,0.9986176,0.99892676,0.99765813
4849,0.9985893,0.9988727,0.9978744
4850,0.99865425,0.99895,0.9980263
4851,0.9987739,0.9990871,0.9981306
4852,0.99892044,0.9992237,0.9981966
4853,0.9990793,0.9993343,0.9982277
4854,0.99777603,0.99800575,0.99277055
4855,0.99845374,0.99884474,0.9941747
4856,0.9981977,0.99849313,0.99537224
4857,0.9984251,0.99878377,0.99609363
4858,0.9987097,0.9990789,0.9965682
4859,0.99831074,0.9988005,0.99447185
4860,0.99599475,0.9976125,0.9869684
4861,0.99702835,0.9981296,0.98987204
4862,0.9977901,0.99876314,0.9922012
4863,0.9976026,0.99799436,0.99398464
4864,0.99782807,0.99816644,0.9952008
4865,0.9982051,0.9987631,0.9960126
4866,0.99816555,0.99855125,0.9966337
4867,0.9986754,0.999236,0.99699944
4868,0.9990493,0.9992815,0.99688447
4869,0.9980576,0.9990092,0.9935465
4870,0.998288,0.9991108,0.99480724
4871,0.99867254,0.99915504,0.994657
4872,0.99727124,0.99884766,0.9891119
4873,0.9973042,0.9989408,0.9905881
4874,0.9959275,0.99780947,0.989308
4875,0.9971093,0.99878883,0.99178505
4876,0.99756867,0.99891067,0.9935882
4877,0.99851507,0.9992273,0.99482995
4878,0.9975504,0.99897164,0.9936508
4879,0.997714,0.9988361,0.994865
4880,0.9974747,0.998794,0.99396735
4881,0.99726045,0.99888897,0.9930146
4882,0.9970536,0.9987481,0.9927024
4883,0.9974799,0.9988369,0.99424857
4884,0.996972,0.9986704,0.9927882
4885,0.99633574,0.9944474,0.993964
4886,0.99708796,0.9964855,0.99548405
4887,0.9976152,0.9978374,0.996386
4888,0.997902,0.9983371,0.9969655
4889,0.9980574,0.9985024,0.99738514
4890,0.99816614,0.99859256,0.99770236
4891,0.9978246,0.9971177,0.9979863
4892,0.99855286,0.9991351,0.9982012
4893,0.99887186,0.99928486,0.99834114
4894,0.99868983,0.99924886,0.9984456
4895,0.99895394,0.9992976,0.9985483
4896,0.998657,0.99912935,0.9986516
4897,0.9985917,0.998973,0.9987311
4898,0.9978536,0.99606067,0.9988627
4899,0.9974799,0.9932775,0.99900293
4900,0.9979452,0.99622405,0.9991358
4901,0.99848056,0.99858665,0.99880886
4902,0.9984985,0.998573,0.9988931
4903,0.9977928,0.9957922,0.9986343
4904,0.9977004,0.9949884,0.9988101
4905,0.998272,0.9977713,0.9989319
4906,0.99818903,0.9973569,0.99902076
4907,0.9984852,0.9983364,0.99907625
4908,0.9987575,0.9989235,0.9991044
4909,0.99706703,0.99159956,0.99794436
4910,0.99741685,0.9933482,0.9983645
4911,0.99883616,0.9990207,0.99850804
4912,0.99600255,0.98890966,0.99801946
4913,0.99792254,0.9963776,0.9984058
4914,0.9985812,0.99853534,0.9985194
4915,0.99859345,0.9985252,0.9986299
4916,0.9985633,0.99842536,0.99873143
4917,0.9987639,0.99877805,0.99878633
4918,0.99754447,0.9935246,0.9989624
4919,0.99590224,0.9887571,0.9956913
4920,0.9964817,0.98937577,0.9969419
4921,0.997454,0.99403095,0.9976642
4922,0.9986764,0.9985505,0.9978817
4923,0.9986793,0.99854827,0.9980774
4924,0.9972937,0.993066,0.9974319
4925,0.9987582,0.9986076,0.9976863
4926,0.99790317,0.99624026,0.9980681
4927,0.99879783,0.9986534,0.9981155
4928,0.99855745,0.9982697,0.99832344
4929,0.9985749,0.99828625,0.99844843
4930,0.9963822,0.98830444,0.9976228
4931,0.9964081,0.9879816,0.998182
4932,0.9957778,0.98641586,0.9985867
4933,0.9979592,0.9963974,0.9986378
4934,0.9983814,0.9978206,0.9986376
4935,0.99860257,0.99830174,0.9986426
4936,0.99865085,0.9983837,0.99868363
4937,0.9991718,0.9989405,0.99848753
4938,0.99865305,0.9977702,0.9941486
4939,0.9987018,0.9979977,0.99477714
4940,0.99828523,0.99761635,0.99300593
4941,0.9970999,0.99334717,0.99459755
4942,0.9984154,0.9979761,0.9956246
4943,0.9983571,0.9979077,0.9963571
4944,0.9982575,0.99768573,0.9969083
4945,0.9989343,0.99867904,0.9970496
4946,0.9986087,0.9983368,0.99650854
4947,0.9976404,0.9956258,0.9965846
4948,0.9981506,0.99770594,0.9939001
4949,0.99853253,0.99828017,0.99464625
4950,0.9945267,0.9899688,0.98593974
4951,0.9941227,0.9862753,0.98963964
4952,0.9951894,0.9869736,0.99315184
4953,0.99636775,0.98877716,0.9953326
4954,0.99802357,0.9975512,0.9963472
4955,0.99828196,0.99813384,0.99680907
4956,0.99796003,0.9972054,0.99728626
4957,0.9977763,0.99645984,0.9974877
4958,0.99741185,0.99457115,0.9978435
4959,0.9973085,0.99388504,0.99811727
4960,0.9983643,0.9981882,0.9980926
4961,0.997586,0.99532676,0.9983949
4962,0.9968702,0.9908222,0.9986119
4963,0.9972604,0.9935291,0.9986622
4964,0.9985078,0.9984812,0.99840856
4965,0.9949764,0.98392075,0.9990022
4966,0.99718064,0.99328995,0.9987749
4967,0.99704957,0.992546,0.9987975
4968,0.9974178,0.9947922,0.9987065
4969,0.9988072,0.998901,0.9980457
4970,0.9991903,0.9990437,0.99770707
4971,0.99761623,0.99556196,0.9980139
4972,0.99648345,0.98868346,0.99829346
4973,0.99792886,0.9968868,0.9979703
4974,0.9962201,0.98707724,0.9984584
4975,0.9972101,0.9938808,0.9982112
4976,0.99857026,0.9984933,0.99757355
4977,0.9987888,0.9987785,0.99745333
4978,0.99878436,0.9987488,0.99744564
4979,0.9988377,0.9987597,0.9973592
4980,0.9977824,0.9963698,0.99781454
4981,0.9980019,0.9962699,0.9930884
4982,0.9981322,0.9964458,0.98935795
4983,0.99801666,0.99678755,0.9914862
4984,0.99567145,0.99073946,0.9850531
4985,0.996299,0.99211144,0.9880517
4986,0.9969135,0.9941393,0.9914206
4987,0.9986644,0.9984927,0.99250156
4988,0.998639,0.9986585,0.9937557
4989,0.99877506,0.99878407,0.9937813
4990,0.9978224,0.9975967,0.99347824
4991,0.99582714,0.98781437,0.9925891
4992,0.996268,0.9899658,0.9947718
4993,0.9985309,0.99884313,0.9951776
4994,0.9980845,0.99815494,0.9961271
4995,0.9986983,0.99901205,0.99500567
4996,0.9983038,0.99859947,0.9958909
4997,0.99889684,0.99922425,0.9959533
4998,0.9962772,0.9893263,0.9968627
4999,0.9970367,0.9945182,0.995512
5000,0.99739915,0.99604213,0.99621344
5001,0.998348,0.99866664,0.9963105
5002,0.998898,0.99917114,0.995477
5003,0.9987449,0.99913,0.99578977
5004,0.998344,0.9986984,0.9965697
5005,0.9975773,0.9965841,0.99722064
5006,0.99472785,0.9842124,0.997938
5007,0.99334645,0.9817813,0.9983457
5008,0.99232155,0.97990274,0.998565
5009,0.99358094,0.9806442,0.99846166
5010,0.99559057,0.9857554,0.9980329
5011,0.99733627,0.99610215,0.997309
5012,0.9972869,0.99590427,0.997356
5013,0.99792373,0.997954,0.99689347
5014,0.99782234,0.99769586,0.9970459
5015,0.99696916,0.9943823,0.99753994
5016,0.9972915,0.9958919,0.9973705
5017,0.9982738,0.9987007,0.99673235
5018,0.996558,0.9921607,0.99773836
5019,0.99705255,0.99482036,0.9973554
5020,0.9980734,0.998223,0.9965598
5021,0.99835855,0.9987075,0.99633276
5022,0.99894375,0.9991326,0.995291
5023,0.9979613,0.9978913,0.99673206
5024,0.9977984,0.9974806,0.9969413
5025,0.99864775,0.9989764,0.9960996
5026,0.99877876,0.9990836,0.99597937
5027,0.9986676,0.9990282,0.9962906
5028,0.9983121,0.99851936,0.99662554
5029,0.99867463,0.9990061,0.9963593
5030,0.9984196,0.99863523,0.99655074
5031,0.99847597,0.9987465,0.99663424
5032,0.9983058,0.9985222,0.99691886
5033,0.99789757,0.9976371,0.99729484
5034,0.9972354,0.9951284,0.9975316
5035,0.99743307,0.9960076,0.99745
5036,0.9976171,0.99661696,0.99719715
5037,0.9973982,0.9957812,0.9973387
5038,0.9983859,0.99831074,0.996251
5039,0.99783957,0.9970627,0.99656093
5040,0.99737114,0.9954464,0.99698615
5041,0.99863565,0.998596,0.9959713
5042,0.9979747,0.99744827,0.9966023
5043,0.99895316,0.99885154,0.99557734
5044,0.998615,0.9984673,0.9957773
5045,0.9988738,0.9986349,0.99523324
5046,0.9985123,0.99834394,0.99577826
5047,0.997494,0.99589807,0.9968355
5048,0.997284,0.9950164,0.9969962
5049,0.99840903,0.9983427,0.99637246
5050,0.99894094,0.99882376,0.9956029
5051,0.99844235,0.9982351,0.9957688
5052,0.99793684,0.9970535,0.9945015
5053,0.9983113,0.99792373,0.9949812
5054,0.99690914,0.9931087,0.9963723
5055,0.99749166,0.995891,0.99646395
5056,0.99680525,0.99259007,0.9970075
5057,0.99738145,0.9955338,0.99691474
5058,0.9975685,0.99626327,0.9968373
5059,0.9984773,0.99846953,0.9962479
5060,0.9979419,0.9974886,0.9968916
5061,0.9964271,0.9903919,0.9976615
5062,0.99523556,0.98283094,0.99792016
5063,0.9986941,0.99890906,0.995782
5064,0.9988311,0.9990396,0.9956894
5065,0.9987661,0.99900776,0.9958977
5066,0.9983759,0.99863404,0.99656636
5067,0.9984644,0.9987259,0.99648076
5068,0.9982744,0.9984621,0.9967787
5069,0.99799174,0.9978969,0.9971016
5070,0.9978821,0.9976221,0.99724203
5071,0.99749726,0.99633497,0.9974671
5072,0.9978071,0.99739677,0.997314
5073,0.99676687,0.99280834,0.99781305
5074,0.99692553,0.9937721,0.99768907
5075,0.9974213,0.9960057,0.9972466
5076,0.99815613,0.99812466,0.9966547
5077,0.9977477,0.9970703,0.9969883
5078,0.9977192,0.9970009,0.997061
5079,0.99740756,0.9958874,0.9972815
5080,0.9985746,0.99882454,0.9963783
5081,0.9982427,0.9983187,0.9967644
5082,0.99789757,0.9975597,0.997117
5083,0.9978967,0.99756944,0.99716604
5084,0.99838984,0.9984364,0.9965807
5085,0.9977547,0.9968594,0.9970027
5086,0.9978152,0.99707675,0.99701864
5087,0.9977971,0.99704367,0.997077
5088,0.9971264,0.9943644,0.9974693
5089,0.9976689,0.99669236,0.99716365
5090,0.9985422,0.9986398,0.99642634
5091,0.99886686,0.99857897,0.9955457
5092,0.9981053,0.9976442,0.9966553
5093,0.999209,0.99891585,0.9969875
5094,0.99935573,0.9990165,0.9984849
5095,0.9993802,0.99885976,0.99892235
5096,0.9993425,0.99877805,0.99853665
5097,0.9992519,0.9987087,0.9976183
5098,0.9980352,0.9974011,0.9966272
5099,0.9979881,0.99734104,0.99677694
5100,0.9982201,0.99791235,0.99668634
5101,0.99690294,0.99296385,0.99753153
5102,0.99831784,0.99819154,0.9966364
5103,0.99758863,0.9962882,0.99725723
5104,0.99808353,0.99779695,0.99695927
5105,0.997711,0.99677193,0.9972723
5106,0.9984608,0.9985505,0.99672586
5107,0.9991949,0.9991762,0.9964498
5108,0.9989467,0.99908835,0.9962739
5109,0.99865,0.9988932,0.9968061
5110,0.9982253,0.9982828,0.9972885
5111,0.99849427,0.99873656,0.9971008
5112,0.9984245,0.9986563,0.9972365
5113,0.9979981,0.99776536,0.9975833
5114,0.9987566,0.9990747,0.99698603
5115,0.99842304,0.9986905,0.99739283
5116,0.9991862,0.9993794,0.99648476
5117,0.9993571,0.9991129,0.9984139
5118,0.9991081,0.99866456,0.99634975
5119,0.99899954,0.9986591,0.99607855
5120,0.9980659,0.997452,0.9972406
5121,0.9989455,0.9987808,0.9964303
5122,0.9986576,0.99837613,0.9966001
5123,0.9987772,0.9985748,0.9966012
5124,0.99902153,0.9985119,0.9958686
5125,0.9992125,0.99805975,0.997281
5126,0.9979463,0.9963971,0.9944456
5127,0.9991803,0.9981214,0.9969425
5128,0.999219,0.99826384,0.99744165
5129,0.99782956,0.99646264,0.995876
5130,0.99843484,0.99786437,0.99571854
5131,0.99914724,0.99857855,0.99700046
5132,0.9992524,0.99869806,0.9980642
5133,0.9990989,0.9980781,0.99584365
5134,0.9990089,0.99825925,0.99533284
5135,0.9975799,0.9958597,0.9953872
5136,0.99780047,0.99665743,0.99590325
5137,0.9976728,0.9962805,0.9964181
5138,0.99897575,0.99867785,0.99568325
5139,0.9991198,0.9988464,0.99693406
5140,0.99926734,0.9989561,0.99839514
5141,0.99940324,0.99894434,0.99857706
5142,0.99925846,0.9989127,0.99830365
5143,0.9990725,0.9984963,0.99601525
5144,0.9985457,0.99828357,0.9949703
5145,0.9984164,0.99823785,0.99574035
5146,0.9988924,0.998792,0.9957032
5147,0.99825,0.99777204,0.9897874
5148,0.9983414,0.99808985,0.989262
5149,0.99805754,0.9979944,0.99234366
5150,0.9984174,0.9985721,0.9937715
5151,0.99825203,0.99840564,0.99502105
5152,0.9984993,0.9987756,0.9956239
5153,0.99880296,0.9990933,0.9959425
5154,0.9982807,0.9984944,0.9967576
5155,0.99901444,0.99928063,0.9967441
5156,0.99919975,0.9993742,0.9981688
5157,0.99887764,0.9990536,0.99510455
5158,0.9989715,0.99916273,0.99602103
5159,0.99866724,0.99904746,0.9954753
5160,0.9983636,0.99871933,0.996223
5161,0.99855936,0.9989796,0.99657434
5162,0.9986382,0.9990741,0.9968878
5163,0.99877214,0.99920964,0.9970895
5164,0.9989709,0.9993603,0.997175
5165,0.9990678,0.99940205,0.99754465
5166,0.99812025,0.99819136,0.99742323
5167,0.9981772,0.9982916,0.9976303
5168,0.99836886,0.9986652,0.99774337
5169,0.99910617,0.99941677,0.9978568
5170,0.9985683,0.99895525,0.9972304
5171,0.99875087,0.9991571,0.99736714
5172,0.99874246,0.9991561,0.9975743
5173,0.9988184,0.9992309,0.9976969
5174,0.998787,0.9992081,0.9978603
5175,0.9986734,0.9990813,0.997948
5176,0.9990577,0.9993993,0.9978204
5177,0.9991019,0.9994337,0.99789906
5178,0.99862635,0.9990075,0.9979664
5179,0.9986836,0.99907434,0.9980587
5180,0.99867034,0.999054,0.9981683
5181,0.99907017,0.9993976,0.9980209
5182,0.9989295,0.9993172,0.9982095
5183,0.99916387,0.9994582,0.9983255
5184,0.9990161,0.9992743,0.9973613
5185,0.9989185,0.9992166,0.99739426
5186,0.99890816,0.9992262,0.99760604
5187,0.9990139,0.9993072,0.9977042
5188,0.9990596,0.99934703,0.9978193
5189,0.9990551,0.9993585,0.99794936
5190,0.99869347,0.99899155,0.99644524
5191,0.99842906,0.99867445,0.9968043
5192,0.99880654,0.99911207,0.9969984
5193,0.9986084,0.99892,0.9973953
5194,0.9988271,0.9991507,0.9975285
5195,0.9989405,0.9992465,0.9976637
5196,0.9990099,0.99930257,0.99779093
5197,0.9993153,0.99937856,0.9984879
5198,0.99908847,0.9993675,0.9980128
5199,0.99905276,0.9993595,0.99811393
5200,0.9985146,0.9988131,0.9959816
5201,0.99845976,0.998735,0.9965748
5202,0.9988807,0.9991628,0.9968111
5203,0.9988969,0.99919677,0.9971509
5204,0.998983,0.9992546,0.99740547
5205,0.9993892,0.99929667,0.9979659
5206,0.99864686,0.99900085,0.9965407
5207,0.9987564,0.99910885,0.99692243
5208,0.99890167,0.9992287,0.99718827
5209,0.9994044,0.99912375,0.99618423
5210,0.9987852,0.99907637,0.995
5211,0.9985423,0.9990239,0.99560016
5212,0.99869347,0.9991554,0.99621785
5213,0.9987505,0.9992059,0.99670494
5214,0.9987387,0.9992018,0.9968482
5215,0.9988494,0.9992875,0.9971651
5216,0.9988641,0.9993026,0.9974517
5217,0.99882966,0.99927694,0.997683
5218,0.99821043,0.998519,0.9965005
5219,0.99870044,0.9991715,0.99684983
5220,0.9993029,0.9993256,0.9975277
5221,0.9976245,0.99849343,0.9917281
5222,0.9981143,0.9989143,0.99352413
5223,0.9980589,0.9986857,0.9948599
5224,0.99816597,0.9987175,0.9957697
5225,0.9983668,0.9989422,0.99640197
5226,0.99851805,0.99908936,0.9968669
5227,0.9985948,0.99914515,0.9972328
5228,0.9983877,0.99878675,0.997583
5229,0.9987485,0.9992573,0.9977544
5230,0.9987791,0.9992734,0.9979268
5231,0.99903697,0.9993752,0.9979275
5232,0.9989089,0.99937224,0.9980945
5233,0.998097,0.99897027,0.9934745
5234,0.99864286,0.99911016,0.9943876
5235,0.9989318,0.99921054,0.99550396
5236,0.99904287,0.9992746,0.9961968
5237,0.99852574,0.99921453,0.9966025
5238,0.9936603,0.9969633,0.98558116
5239,0.9958482,0.9982958,0.9881199
5240,0.9969205,0.99866813,0.9907812
5241,0.99733365,0.9985785,0.99286747
5242,0.997163,0.99708027,0.9944306
5243,0.99779904,0.9984542,0.9955699
5244,0.99686605,0.9930409,0.99639374
5245,0.99769944,0.9971219,0.997134
5246,0.99837255,0.9989248,0.99750835
5247,0.9987632,0.9992523,0.9968312
5248,0.9979258,0.9984985,0.9959855
5249,0.99834055,0.9990805,0.9965848
5250,0.99855024,0.9991796,0.99626225
5251,0.99786144,0.9979403,0.99679047
5252,0.99831456,0.998896,0.9971823
5253,0.9979649,0.9978284,0.99751514
5254,0.9983989,0.99884564,0.99779975
5255,0.99912137,0.9993057,0.99797624
5256,0.997173,0.99633706,0.9950497
5257,0.9973523,0.9961913,0.9960914
5258,0.99822587,0.99877125,0.99677974
5259,0.998319,0.9989529,0.99665624
5260,0.99797934,0.9979899,0.9971457
5261,0.99851054,0.9990405,0.9974876
5262,0.99848914,0.9989416,0.99776846
5263,0.9983369,0.99860907,0.9978422
5264,0.9980566,0.99865854,0.9958423
5265,0.996105,0.99837655,0.98811126
5266,0.99087244,0.9963385,0.9847152
5267,0.9936454,0.9947042,0.9871737
5268,0.9957611,0.9966984,0.9902009
5269,0.9967251,0.99734443,0.99261266
5270,0.9975616,0.9985022,0.9942826
5271,0.99751514,0.997862,0.9952276
5272,0.99785817,0.9984224,0.9958657
5273,0.99679494,0.9955465,0.9943819
5274,0.99790543,0.9986036,0.99564946
5275,0.99668497,0.99324846,0.9954916
5276,0.9977644,0.99761873,0.99658257
5277,0.9982394,0.99864143,0.9971082
5278,0.9978573,0.99862057,0.9931002
5279,0.99302405,0.992845,0.9874694
5280,0.99599564,0.9974624,0.990653
5281,0.9956465,0.99262613,0.99292564
5282,0.9951884,0.9902038,0.99497527
5283,0.9964456,0.9917459,0.99647987
5284,0.9965292,0.99125296,0.9973796
5285,0.99634415,0.9903251,0.9980205
5286,0.99750346,0.99375135,0.99845487
5287,0.9984923,0.99843353,0.99857754
5288,0.9985365,0.99848646,0.9986712
5289,0.99822366,0.99752545,0.99861825
5290,0.9988405,0.9989706,0.99868065
5291,0.9985892,0.9985694,0.9984649
5292,0.99867654,0.99869317,0.99858207
5293,0.9936807,0.98732555,0.9921891
5294,0.99559295,0.9891882,0.99490017
5295,0.99754435,0.9955959,0.99639475
5296,0.99799055,0.9980044,0.99467874
5297,0.9959378,0.99687403,0.98832107
5298,0.9960444,0.9958021,0.9897094
5299,0.99386406,0.9874583,0.9924379
5300,0.99403024,0.9866258,0.9950766
5301,0.99394363,0.98576975,0.99676347
5302,0.99806607,0.9970858,0.99764806
5303,0.9984386,0.99810755,0.9979056
5304,0.99606603,0.9881934,0.99809545
5305,0.9960404,0.9877356,0.9985523
5306,0.9964855,0.98822373,0.99884117
5307,0.9984794,0.9980713,0.99883944
5308,0.9980052,0.9963774,0.9989698
5309,0.9980685,0.9966291,0.9990205
5310,0.9975776,0.9939617,0.9991237
5311,0.9989458,0.9988388,0.99891776
5312,0.99706906,0.99035215,0.99910724
5313,0.99609435,0.9863286,0.999237
5314,0.9969657,0.9900677,0.9992164
5315,0.99852675,0.9982331,0.9989618
5316,0.9985287,0.998227,0.9989756
5317,0.9982162,0.9973577,0.9990674
5318,0.9981863,0.9972447,0.99907994
5319,0.9983896,0.99785733,0.99903435
5320,0.99848515,0.9980869,0.99901295
5321,0.99785924,0.9957015,0.9989775
5322,0.9968725,0.9894169,0.9991297
5323,0.99825907,0.9973652,0.9988601
5324,0.99852806,0.9980069,0.99874806
5325,0.9980025,0.9964278,0.99891794
5326,0.9988894,0.99856985,0.99858683
5327,0.99682117,0.98932606,0.99913424
5328,0.99868494,0.99837273,0.99862015
5329,0.9991405,0.9988473,0.99832606
5330,0.99910945,0.9981528,0.9977297
5331,0.99784756,0.99426156,0.988638
5332,0.9946494,0.9824992,0.992479
5333,0.99733,0.99326223,0.9942989
5334,0.99643505,0.9875705,0.9955508
5335,0.99850196,0.99729097,0.9955595
5336,0.9982555,0.9968719,0.9952447
5337,0.99649084,0.98833275,0.9965365
5338,0.99609905,0.98571265,0.9972237
5339,0.9967891,0.99088985,0.9974558
5340,0.99795866,0.9967193,0.997218
5341,0.99762964,0.99558794,0.99751574
5342,0.9970335,0.99262977,0.9978211
5343,0.99800736,0.9970148,0.9974713
5344,0.9971612,0.99349016,0.99789774
5345,0.9980323,0.9971715,0.997529
5346,0.99717826,0.9936921,0.9979504
5347,0.99707544,0.99320877,0.9979673
5348,0.99777037,0.99648505,0.9976482
5349,0.9973186,0.99460983,0.99786335
5350,0.99729455,0.9945479,0.99784815
5351,0.9956086,0.9838659,0.99825764
5352,0.9977406,0.9966659,0.9972994
5353,0.9973696,0.9952393,0.9975132
5354,0.99639964,0.98982054,0.9978572
5355,0.99727887,0.99501556,0.9973836
5356,0.99878424,0.9988795,0.99609244
5357,0.9990156,0.9990083,0.9957312
5358,0.9970634,0.9939697,0.99755734
5359,0.99738884,0.9955785,0.9973568
5360,0.99655116,0.9911476,0.99769086
5361,0.9956556,0.9854921,0.99784786
5362,0.99595445,0.98788214,0.99753594
5363,0.9974201,0.9961782,0.9966789
5364,0.9967973,0.9933114,0.99704397
5365,0.9962921,0.99045444,0.99719983
5366,0.99596936,0.9886087,0.99719137
5367,0.99692833,0.9943664,0.99658066
5368,0.9984333,0.99890006,0.9952367
5369,0.9968896,0.9942276,0.99674505
5370,0.9968655,0.9941455,0.9967253
5371,0.9963576,0.9913961,0.99693906
5372,0.99847597,0.99906003,0.9951614
5373,0.995592,0.98670805,0.9972407
5374,0.9962295,0.9909632,0.9967844
5375,0.9976459,0.9975408,0.99580544
5376,0.9975022,0.99710464,0.9960441
5377,0.99742216,0.99683356,0.99618864
5378,0.9979986,0.99843144,0.99577385
5379,0.99863195,0.9993509,0.9951023
5380,0.9991991,0.99967515,0.99400234
5381,0.99883014,0.99932665,0.9945456
5382,0.999073,0.9994981,0.9942512
5383,0.9968862,0.99430966,0.9969591
5384,0.99722475,0.9958932,0.99674964
5385,0.99680734,0.99395007,0.9969869
5386,0.9972258,0.9959216,0.9966989
5387,0.9967189,0.99351645,0.9969847
5388,0.9966746,0.9933286,0.9969574
5389,0.99855775,0.9992553,0.99535096
5390,0.99917346,0.99963427,0.9941671
5391,0.9976896,0.9974827,0.9963096
5392,0.9967308,0.9934572,0.9969649
5393,0.99764144,0.9973738,0.9963744
5394,0.99783015,0.9979131,0.9963048
5395,0.997407,0.99657613,0.99670357
5396,0.997705,0.9975561,0.9965024
5397,0.99707645,0.9951481,0.9969298
5398,0.99604857,0.9893715,0.9973542
5399,0.99701846,0.9950058,0.9967864
5400,0.99665475,0.9931753,0.99696237
5401,0.9990086,0.9995741,0.9944425
5402,0.9990368,0.9993713,0.9938945
5403,0.9986494,0.99913174,0.9949607
5404,0.9982788,0.998724,0.9957318
5405,0.99745405,0.9966145,0.99660844
5406,0.9970498,0.994922,0.9968874
5407,0.9973412,0.9962094,0.9967057
5408,0.99822646,0.9986912,0.9959992
5409,0.9980787,0.9984116,0.99625474
5410,0.99758923,0.99706817,0.9966997
5411,0.9967624,0.9933854,0.99719447
5412,0.99793714,0.9981055,0.99642485
5413,0.99721766,0.9956644,0.9969961
5414,0.9966325,0.9927011,0.9972667
5415,0.99864125,0.999289,0.9956287
5416,0.998606,0.9992109,0.99568874
5417,0.9982284,0.9987158,0.99631643
5418,0.9991268,0.9995681,0.9949333
5419,0.99905956,0.9995411,0.9952344
5420,0.9990036,0.9995346,0.9955365
5421,0.9989619,0.99941045,0.9954778
5422,0.9990426,0.99944496,0.99540794
5423,0.99788284,0.9976004,0.9967087
5424,0.9975636,0.99659514,0.99698853
5425,0.9983102,0.9985789,0.9964262
5426,0.9992095,0.99940395,0.9950189
5427,0.9994927,0.9993218,0.9982976
5428,0.9993867,0.9985413,0.99778956
5429,0.99924284,0.9984632,0.99631476
5430,0.9993527,0.9984651,0.99756575
5431,0.99872154,0.99743664,0.99466664
5432,0.997772,0.99587685,0.9960556
5433,0.99821335,0.9971413,0.99569994
5434,0.99860597,0.99767864,0.99514896
5435,0.9992822,0.99818474,0.9972525
5436,0.9988547,0.9968712,0.99411684
5437,0.9989898,0.99742895,0.9950961
5438,0.99930364,0.9976125,0.99785244
5439,0.9975088,0.9907821,0.98169935
5440,0.9967683,0.9909524,0.9881793
5441,0.99658424,0.99064994,0.99124336
5442,0.99806786,0.9966777,0.992241
5443,0.99821967,0.99733716,0.9934453
5444,0.99805766,0.99729687,0.99452955
5445,0.9971478,0.9944509,0.9957802
5446,0.9968645,0.9931011,0.9960145
5447,0.99616086,0.9890718,0.99656546
5448,0.99663633,0.99210423,0.9961935
5449,0.9969577,0.9939188,0.9961573
5450,0.9966939,0.9926505,0.9964127
5451,0.9969601,0.99412495,0.9963122
5452,0.9971142,0.9948875,0.996235
5453,0.9970519,0.9946712,0.9963398
5454,0.996867,0.9938533,0.99648577
5455,0.9974861,0.99652493,0.9960938
5456,0.99924064,0.99917793,0.99700224
5457,0.9988716,0.9990855,0.99451923
5458,0.99932563,0.9992605,0.99793446
5459,0.99679804,0.9936005,0.9968324
5460,0.99756,0.9968824,0.99634796
5461,0.99924064,0.99933976,0.9968341
5462,0.99921745,0.99937963,0.9965803
5463,0.999355,0.99943066,0.99802226
5464,0.99875504,0.9991709,0.99537104
5465,0.9978407,0.99778086,0.996615
5466,0.99731815,0.99607277,0.9970306
5467,0.99773884,0.9975243,0.9967867
5468,0.997856,0.99784946,0.99676645
5469,0.99724716,0.99578357,0.99720514
5470,0.9985251,0.99902046,0.9960896
5471,0.9985066,0.999029,0.9962643
5472,0.99891394,0.99939865,0.9958076
5473,0.9994018,0.99959284,0.9982111
5474,0.99918944,0.9995595,0.9959059
5475,0.9994364,0.9996308,0.9986569
5476,0.9992005,0.9995746,0.9960586
5477,0.9978541,0.99787426,0.99739176
5478,0.99778813,0.99768263,0.99746716
5479,0.99840564,0.9989997,0.99705887
5480,0.9992316,0.9996359,0.99611217
5481,0.99908537,0.9996144,0.9964116
5482,0.9993779,0.9997115,0.9976655
5483,0.99939305,0.9995459,0.9984781
5484,0.99915314,0.9992242,0.99655324
5485,0.9987569,0.9990012,0.9963255
5486,0.9984455,0.9987057,0.9968299
5487,0.9982117,0.99834055,0.99713105
5488,0.9983857,0.99865985,0.9970622
5489,0.9984248,0.9987375,0.99710983
5490,0.99880683,0.9991823,0.9967867
5491,0.9992799,0.99944186,0.9975275
5492,0.99901843,0.99937373,0.99667925
5493,0.9986593,0.9991326,0.9972443
5494,0.9987675,0.99925137,0.9972079
5495,0.9988875,0.99936163,0.99714893
5496,0.9993673,0.9995761,0.9983159
5497,0.9993279,0.999578,0.9978432
5498,0.998912,0.99942106,0.9973092
5499,0.99865776,0.99921316,0.99763864
5500,0.998765,0.99932677,0.99759555
5501,0.9985812,0.9991347,0.9978068
5502,0.99855334,0.9991004,0.9978704
5503,0.9993931,0.99965304,0.99839014
5504,0.9990189,0.999529,0.9975041
5505,0.99858713,0.9991562,0.9979665
5506,0.9991302,0.9995975,0.9974669
5507,0.9994622,0.9996973,0.9992164
5508,0.9985833,0.9987888,0.99756557
5509,0.9986166,0.99884605,0.997595
5510,0.99859786,0.9988388,0.9976677
5511,0.9985853,0.9988362,0.9977297
5512,0.9987219,0.9990115,0.9976665
5513,0.998826,0.9991281,0.9976242
5514,0.99878335,0.9991026,0.9977147
5515,0.99892557,0.9992334,0.99762267
5516,0.99906325,0.99933815,0.9975206
5517,0.99923056,0.9994319,0.9973433
5518,0.999303,0.9994527,0.99791056
5519,0.9989755,0.99932754,0.9977653
5520,0.99921465,0.9994619,0.9975151
5521,0.9993409,0.99952114,0.9982455
5522,0.998838,0.99927,0.99803495
5523,0.9988867,0.9993188,0.9980305
5524,0.9994134,0.999568,0.99904
5525,0.9993333,0.9995173,0.9981515
5526,0.99941444,0.99954456,0.99913234
5527,0.99893045,0.9993386,0.9980443
5528,0.9991417,0.99947387,0.9978636
5529,0.99917537,0.9995027,0.99786866
5530,0.9994028,0.99958456,0.99887407
5531,0.99938965,0.9994613,0.99903
5532,0.99938333,0.9994264,0.9990214
5533,0.9991757,0.999369,0.99775875
5534,0.9990565,0.9993318,0.9979495
5535,0.99936694,0.9994676,0.99874
5536,0.9993559,0.99947435,0.9985857
5537,0.99869263,0.99902326,0.998312
5538,0.9989673,0.9992928,0.99813026
5539,0.99888325,0.9992353,0.9982324
5540,0.99909663,0.9993919,0.9980713
5541,0.9991388,0.99942625,0.9980633
5542,0.99918664,0.99946105,0.99804676
5543,0.9989835,0.99935967,0.9982825
5544,0.9992853,0.99951863,0.99799234
5545,0.9995997,0.99957246,0.9995926
5546,0.9994187,0.99955934,0.9991573
5547,0.99928206,0.9994675,0.99797106
5548,0.9993188,0.9994905,0.9980737
5549,0.99903256,0.9991868,0.99811053
5550,0.99910015,0.9992348,0.9980712
5551,0.9992138,0.9993075,0.99798274
5552,0.99952275,0.99938774,0.99948466
5553,0.9998744,0.9992935,0.9997959
5554,0.9990064,0.99906087,0.9980488
5555,0.9991074,0.9991169,0.99795854
5556,0.9991786,0.9991786,0.99792624
5557,0.9991199,0.99917847,0.99803954
5558,0.99937475,0.9992953,0.9992637
5559,0.9989595,0.9987587,0.9977532
5560,0.99927396,0.9989612,0.99854016
5561,0.9990491,0.9988874,0.99779356
5562,0.99931055,0.9990405,0.998885
5563,0.9993014,0.9990428,0.99877286
5564,0.99921435,0.99902916,0.9978521
5565,0.9992907,0.99909604,0.9986093
5566,0.999336,0.9991297,0.9990897
5567,0.9993154,0.9991186,0.9988523
5568,0.99930805,0.99896467,0.99894655
5569,0.99928916,0.998969,0.9987215
5570,0.9991248,0.9983491,0.997215
5571,0.9991974,0.99848425,0.997981
5572,0.9988553,0.9983624,0.99692905
5573,0.9989949,0.9985514,0.9970352
5574,0.99921256,0.99873877,0.99817824
5575,0.9992408,0.99879533,0.99846214
5576,0.99954224,0.9988447,0.99893665
5577,0.99899656,0.9983212,0.996055
5578,0.9987107,0.99822325,0.9964327
5579,0.99890065,0.99848676,0.9966488
5580,0.99898607,0.99863553,0.9968724
5581,0.9989521,0.998694,0.99715567
5582,0.999189,0.9988789,0.9980881
5583,0.99943566,0.99861944,0.9977422
5584,0.9991127,0.9986449,0.9973415
5585,0.99898916,0.99866366,0.9965141
5586,0.9989312,0.9987178,0.99690795
5587,0.9987596,0.99863666,0.99730086
5588,0.9990379,0.99889374,0.997275
5589,0.9987349,0.9986125,0.9972472
5590,0.99882597,0.9987416,0.99740064
5591,0.99904656,0.99893945,0.99740124
5592,0.99899554,0.9989545,0.99761134
5593,0.99973786,0.9991164,0.99912506
5594,0.99886036,0.99819726,0.9936555
5595,0.9992659,0.99837965,0.9943024
5596,0.9985081,0.99832755,0.9921505
5597,0.9987521,0.99866796,0.99435455
5598,0.9985212,0.9986055,0.9945799
5599,0.9985421,0.99868536,0.9955242
5600,0.99867964,0.998862,0.99612486
5601,0.99873805,0.9989485,0.99659735
5602,0.99923515,0.9991801,0.9976131
5603,0.9986922,0.9989084,0.99576133
5604,0.99859774,0.9988494,0.9964165
5605,0.99852747,0.9987688,0.9968946
5606,0.9990862,0.9992155,0.9975343
5607,0.99900633,0.9992023,0.9973521
5608,0.9989213,0.999152,0.99670446
5609,0.9988743,0.9991528,0.99709713
5610,0.9985943,0.9988843,0.99751216
5611,0.9983982,0.9985473,0.997799
5612,0.9985517,0.9987964,0.9979332
5613,0.9986856,0.99897486,0.9980369
5614,0.9989656,0.9992443,0.99803764
5615,0.99898523,0.9992658,0.99814385
5616,0.9987539,0.9990561,0.9983526
5617,0.99912804,0.9993576,0.9983062
5618,0.9986191,0.9988264,0.99496883
5619,0.99827135,0.9986128,0.99160194
5620,0.9942317,0.99755675,0.98386323
5621,0.9802809,0.9952927,0.9823622
5622,0.9648621,0.9656809,0.9813609
5623,0.96429265,0.9162504,0.98134494
5624,0.9768357,0.9449442,0.98212856
5625,0.97886926,0.9331974,0.97799397
5626,0.99435353,0.9685505,0.97657895
5627,0.99823034,0.98903733,0.98426974
5628,0.9980551,0.99321765,0.98342806
5629,0.9988253,0.9960211,0.9897804
5630,0.9982713,0.9967138,0.98795956
5631,0.998753,0.99791557,0.9922173
5632,0.99895996,0.9983946,0.9944407
5633,0.9990644,0.99864846,0.9956742
5634,0.99912614,0.9987425,0.996295
5635,0.9986426,0.9983481,0.99200433
5636,0.9971679,0.99520355,0.99437696
5637,0.99755096,0.99662364,0.9937277
5638,0.9981627,0.9981306,0.9942517
5639,0.999096,0.9990542,0.9964585
5640,0.99879193,0.9989879,0.99463
5641,0.99884534,0.99910086,0.9950058
5642,0.9973916,0.99620605,0.9965718
5643,0.9975707,0.9968429,0.99671793
5644,0.99906117,0.9993064,0.9965138
5645,0.99918246,0.99918044,0.997443
5646,0.9966266,0.99613047,0.9837282
5647,0.99781597,0.9981199,0.98732
5648,0.9986945,0.99900043,0.99210894
5649,0.9976215,0.99791366,0.9904963
5650,0.9971876,0.9963135,0.99305916
5651,0.99720675,0.996086,0.99457264
5652,0.997613,0.9973764,0.99542105
5653,0.9981265,0.99857235,0.9958456
5654,0.99690145,0.9940937,0.9968022
5655,0.998963,0.9994562,0.99626553
5656,0.99882483,0.999299,0.99446183
5657,0.99589574,0.9984096,0.9839404
5658,0.9909905,0.99796546,0.98252237
5659,0.97007555,0.9934442,0.9801468
5660,0.9721533,0.98223764,0.9809987
5661,0.9811643,0.9724135,0.9815283
5662,0.9929784,0.9848258,0.98143226
5663,0.9940235,0.9829209,0.9833097
5664,0.99573195,0.9866482,0.9868384
5665,0.9984337,0.99648166,0.98989874
5666,0.9964164,0.98910147,0.99250984
5667,0.9985023,0.99758923,0.9939608
5668,0.99809206,0.9970684,0.9953304
5669,0.9975776,0.9960274,0.9907268
5670,0.998116,0.9973578,0.9929061
5671,0.9980297,0.99738324,0.9918141
5672,0.9966293,0.99127823,0.9938874
5673,0.99714124,0.99393594,0.9953766
5674,0.9985588,0.99841356,0.99576646
5675,0.99633145,0.9882121,0.99696636
5676,0.9960376,0.9861346,0.99757415
5677,0.99678713,0.9915933,0.9978083
5678,0.9966248,0.99059856,0.9980133
5679,0.9962556,0.9882126,0.9981869
5680,0.99774605,0.9967757,0.99781525
5681,0.998424,0.99850947,0.9975241
5682,0.99832284,0.99834275,0.9976759
5683,0.9983691,0.9984361,0.9977182
5684,0.9986196,0.99882495,0.9976084
5685,0.99852425,0.998712,0.99775016
5686,0.9977438,0.99665046,0.99797016
5687,0.9962022,0.98782855,0.9984041
5688,0.9981474,0.99795276,0.99770355
5689,0.9986903,0.9988719,0.99736315
5690,0.9991111,0.9992056,0.99693555
5691,0.9988751,0.9990861,0.9973146
5692,0.99740916,0.99539435,0.9982281
5693,0.99728864,0.9948296,0.99825484
5694,0.9972935,0.99488544,0.99822956
5695,0.99821126,0.99817985,0.99780387
5696,0.99823284,0.9982305,0.9978251
5697,0.99904364,0.9992453,0.99712
5698,0.9979111,0.99722093,0.9978593
5699,0.997872,0.99710256,0.99790245
5700,0.9981008,0.99776757,0.99780446
5701,0.99749744,0.995679,0.9981039
5702,0.9973457,0.9949963,0.9981435
5703,0.99869657,0.99885213,0.99733794
5704,0.9978183,0.9969833,0.9979741
5705,0.99585646,0.9854305,0.9983662
5706,0.99771124,0.9965746,0.9976103
5707,0.9987775,0.99883354,0.9967836
5708,0.9965047,0.9903182,0.9981335
5709,0.9986737,0.9988179,0.9968196
5710,0.9987939,0.9989684,0.9967637
5711,0.99848735,0.9984742,0.9969927
5712,0.9990064,0.99901056,0.99642235
5713,0.99916375,0.9991458,0.99631107
5714,0.99897164,0.9991216,0.99673694
5715,0.9992164,0.9992167,0.9968244
5716,0.99620414,0.98836607,0.9983451
5717,0.99646026,0.99030775,0.9980985
5718,0.9962254,0.9889822,0.998049
5719,0.9965361,0.9912344,0.99781406
5720,0.99670845,0.99242324,0.99764717
5721,0.996654,0.99221593,0.9975823
5722,0.9971852,0.9951152,0.99726534
5723,0.9973885,0.9960242,0.9971402
5724,0.99696255,0.9940817,0.99735284
5725,0.99721795,0.99536,0.9971853
5726,0.99737674,0.9960372,0.9970626
5727,0.9989743,0.99931455,0.9953851
5728,0.99815154,0.9983812,0.99664575
5729,0.9984799,0.9989332,0.99640936
5730,0.9990386,0.9992117,0.99530584
5731,0.99906266,0.99924505,0.99539447
5732,0.9990441,0.99924785,0.9955575
5733,0.99885476,0.9991743,0.9960623
5734,0.9988652,0.9989306,0.9957971
5735,0.9991338,0.9991094,0.99573654
5736,0.9992707,0.99910593,0.9971631
5737,0.9993916,0.9991096,0.99858046
5738,0.9993573,0.99884677,0.9984498
5739,0.9993556,0.9986267,0.9985899
5740,0.9991951,0.99760085,0.9967117
5741,0.9965096,0.9903912,0.98416436
5742,0.99489635,0.98155886,0.9896424
5743,0.99668807,0.99198633,0.9923652
5744,0.9978403,0.99671817,0.99319196
5745,0.99883455,0.9979709,0.9928834
5746,0.9986277,0.99737793,0.9890238
5747,0.9926637,0.9826782,0.98090655
5748,0.99453896,0.984527,0.98422056
5749,0.9954044,0.9872934,0.9888483
5750,0.99622124,0.9917554,0.99116683
5751,0.99659896,0.9934844,0.99327815
5752,0.9964481,0.99273294,0.99337864
5753,0.99803865,0.99835414,0.993634
5754,0.9966225,0.9937905,0.99284333
5755,0.9951227,0.9845926,0.99483806
5756,0.9972065,0.99622244,0.9949322
5757,0.99847126,0.9990474,0.99434847
5758,0.9986773,0.9991356,0.9930447
5759,0.9985964,0.99913305,0.99279886
5760,0.9986324,0.99923736,0.9939024
5761,0.99911267,0.9995097,0.99698794
5762,0.9981747,0.9988932,0.98729694
5763,0.99606,0.9956203,0.984735
5764,0.99718094,0.9978893,0.98773766
5765,0.9967714,0.996078,0.99045074
5766,0.9972008,0.9971345,0.9923817
5767,0.99789953,0.9987104,0.99328697
5768,0.9958885,0.9896499,0.9952313
5769,0.9966663,0.9939569,0.99607277
5770,0.9969581,0.99524474,0.9965557
5771,0.9962761,0.991797,0.99594605
5772,0.9974934,0.9974864,0.995243
5773,0.9976265,0.9978264,0.9954295
5774,0.9970792,0.9960059,0.9951991
5775,0.9963226,0.9920225,0.9958368
5776,0.99600166,0.989893,0.99658203
5777,0.997154,0.9961566,0.99598163
5778,0.9968346,0.9946836,0.99626017
5779,0.9963999,0.99226075,0.99680996
5780,0.9965438,0.99307007,0.996923
5781,0.99801064,0.9985683,0.9964515
5782,0.9963072,0.9916092,0.9973889
5783,0.99666137,0.99364334,0.9973433
5784,0.9973464,0.99671006,0.9971436
5785,0.99730515,0.9965742,0.99623233
5786,0.9962597,0.9914146,0.9968129
5787,0.99695367,0.99510896,0.9967409
5788,0.9990278,0.9995541,0.9963718
5789,0.9982733,0.99895245,0.99623585
5790,0.99805444,0.99856114,0.9960755
5791,0.99617416,0.99075097,0.99722695
5792,0.9972775,0.99639535,0.99682474
5793,0.9973059,0.9964785,0.9968687
5794,0.9973805,0.9967308,0.99694705
5795,0.9981611,0.9986602,0.99562883
5796,0.99860615,0.99922305,0.9954862
5797,0.99870497,0.9993223,0.9955945
5798,0.99748474,0.9970018,0.9969226
5799,0.99722666,0.99601537,0.99717724
5800,0.99608123,0.9898852,0.99765164
5801,0.9973844,0.99667805,0.99711967
5802,0.99856406,0.9992324,0.9961478
5803,0.99745667,0.99689305,0.9971939
5804,0.9975639,0.9972291,0.99714375
5805,0.99810266,0.9985861,0.99686414
5806,0.998448,0.99900186,0.9960701
5807,0.9986645,0.99924356,0.9960432
5808,0.998149,0.99859595,0.99677825
5809,0.9984387,0.99904376,0.99666387
5810,0.9983225,0.9988921,0.996904
5811,0.9978988,0.9980528,0.99731636
5812,0.9985367,0.9991729,0.9968912
5813,0.9981289,0.9985564,0.997333
5814,0.99864566,0.9992965,0.99697477
5815,0.99862814,0.9991853,0.9966935
5816,0.9980519,0.99830216,0.99728274
5817,0.9972844,0.9957952,0.99772036
5818,0.9975985,0.9970111,0.99760854
5819,0.9980569,0.99829596,0.99740034
5820,0.9979365,0.9979842,0.9974793
5821,0.99878687,0.9993218,0.99683934
5822,0.99892837,0.9994054,0.9966816
5823,0.9992462,0.99951386,0.9979877
5824,0.9991865,0.99947244,0.99748755
5825,0.99906164,0.99945045,0.9965354
5826,0.99887997,0.99923986,0.99635386
5827,0.99801785,0.9980382,0.9972021
5828,0.9971057,0.99465483,0.9977214
5829,0.9969533,0.9938784,0.9978195
5830,0.99763435,0.99692893,0.99757934
5831,0.9977281,0.9972349,0.99758875
5832,0.9976598,0.9969995,0.9976712
5833,0.99875844,0.9992064,0.99691814
5834,0.9985862,0.9990481,0.99718297
5835,0.997707,0.997144,0.9978328
5836,0.9978692,0.99764496,0.9977794
5837,0.9973,0.9955068,0.9980464
5838,0.9977956,0.99742144,0.99782777
5839,0.99764615,0.9969141,0.9979158
5840,0.9986842,0.99917376,0.9972453
5841,0.9973157,0.99555624,0.9981107
5842,0.99850446,0.9989797,0.99745256
5843,0.99909776,0.999463,0.99678457
5844,0.9993337,0.9995282,0.99826884
5845,0.9985647,0.99890673,0.997267
5846,0.9978085,0.99729246,0.99783266
5847,0.99795145,0.99771583,0.9977826
5848,0.99828255,0.9984867,0.99761593
5849,0.99912786,0.9993813,0.9967654
5850,0.9990643,0.99938524,0.99697626
5851,0.99813193,0.9982081,0.99789417
5852,0.99796665,0.99777806,0.99800646
5853,0.99810475,0.9981352,0.99795264
5854,0.99786234,0.9974532,0.99809206
5855,0.9989097,0.9993231,0.9973566
5856,0.99759936,0.9965121,0.99825454
5857,0.9980034,0.99787176,0.99807256
5858,0.99830085,0.9985655,0.9979258
5859,0.99829406,0.9985504,0.99795866
5860,0.9984037,0.9987519,0.9979185
5861,0.998678,0.9991405,0.99775106
5862,0.99855286,0.99899006,0.9978924
5863,0.9987605,0.99923915,0.99776506
5864,0.99871993,0.9992056,0.99784553
5865,0.9986907,0.9991795,0.9979107
5866,0.9987544,0.9992524,0.99789816
5867,0.99892384,0.9994051,0.9977847
5868,0.9984341,0.998829,0.99819803
5869,0.99858713,0.9990643,0.9981266
5870,0.99930614,0.9996001,0.9973855
5871,0.99912626,0.9995546,0.9977258
5872,0.9989126,0.99942696,0.99798995
5873,0.99911195,0.99955636,0.9978222
5874,0.999133,0.9995764,0.99784446
5875,0.9989846,0.99950325,0.9980483
5876,0.9994544,0.9996864,0.998731
5877,0.9996573,0.999324,0.9996348
5878,0.9994065,0.9991806,0.9992484
5879,0.99925214,0.9991422,0.9974955
5880,0.9984171,0.99836576,0.99807143
5881,0.9986086,0.9986861,0.9979735
5882,0.9988667,0.99899113,0.99779785
5883,0.9993103,0.99925506,0.9979368
5884,0.9991851,0.99924314,0.9975191
5885,0.99916023,0.9992653,0.9976137
5886,0.9994093,0.9992806,0.99918824
5887,0.99694943,0.99278915,0.9842542
5888,0.9976043,0.99539536,0.9856422
5889,0.99486023,0.9929298,0.9824774
5890,0.9972675,0.9967274,0.984721
5891,0.99822754,0.99800134,0.98929167
5892,0.998208,0.9982732,0.9911051
5893,0.99813557,0.99825156,0.9932892
5894,0.9986048,0.99883974,0.9944004
5895,0.99879736,0.9990448,0.99523205
5896,0.9960048,0.9978712,0.98425394
5897,0.99650854,0.99770516,0.98638684
5898,0.9972691,0.99811155,0.98949647
5899,0.9979948,0.99885213,0.9919062
5900,0.99843776,0.9991916,0.9935546
5901,0.998456,0.9991936,0.99483156
5902,0.9981639,0.9987446,0.9958184
5903,0.9984489,0.99910754,0.9963742
5904,0.9986354,0.99928284,0.9967853
5905,0.99866235,0.99929285,0.9971483
5906,0.9986818,0.9992968,0.9974379
5907,0.9987247,0.9993254,0.99765867
5908,0.99933165,0.99952435,0.9981506
5909,0.9994998,0.9994766,0.9976678
5910,0.99839914,0.99903274,0.9966432
5911,0.99864817,0.99929214,0.99699116
5912,0.9985266,0.9992686,0.9955131
5913,0.99354655,0.9984343,0.98403496
5914,0.9952459,0.99866337,0.98534673
5915,0.99036455,0.99824893,0.98328847
5916,0.97669685,0.9952525,0.9822249
5917,0.98536414,0.9954671,0.983009
5918,0.9791664,0.9918908,0.98279977
5919,0.98128873,0.9867094,0.98269993
5920,0.9852393,0.98288924,0.9828604
5921,0.97082525,0.95779634,0.9820538
5922,0.9842208,0.9567505,0.98228705
5923,0.99505067,0.9764401,0.9836922
5924,0.9975504,0.98797107,0.98751163
5925,0.99812895,0.9923201,0.99130756
5926,0.99812186,0.99371743,0.99368995
5927,0.9986869,0.99547833,0.9950185
5928,0.99872637,0.9961048,0.9959802
5929,0.99879235,0.9965639,0.9966048
5930,0.9990577,0.99706936,0.9970628
5931,0.9988133,0.99672496,0.99628925
5932,0.99880636,0.9970089,0.99683493
5933,0.99876195,0.997165,0.9972507
5934,0.9991336,0.997636,0.99783486
5935,0.998953,0.9971217,0.99608254
5936,0.99879616,0.9972778,0.9967135
5937,0.998758,0.9974174,0.99714786
5938,0.9989735,0.99776345,0.9973419
5939,0.99928665,0.9978755,0.9978761
5940,0.98600286,0.9869466,0.9821333
5941,0.9922631,0.98887444,0.9825089
5942,0.9955832,0.99229395,0.98411804
5943,0.99755186,0.9953217,0.9875929
5944,0.9973475,0.99595493,0.98765147
5945,0.9980748,0.99717414,0.9906712
5946,0.9983443,0.997749,0.9929458
5947,0.9984396,0.9980195,0.99449015
5948,0.9986154,0.9983026,0.99548656
5949,0.99838364,0.9980964,0.9948697
5950,0.99812424,0.99790454,0.9932401
5951,0.99826556,0.9981069,0.9946764
5952,0.9989653,0.9986235,0.9957631
5953,0.9914781,0.9959737,0.9834923
5954,0.99245155,0.9960667,0.9836537
5955,0.9948699,0.9968061,0.98523086
5956,0.9966075,0.997624,0.988015
5957,0.9982171,0.9983061,0.99111843
5958,0.9975937,0.9983317,0.9917119
5959,0.9979443,0.9985306,0.9935757
5960,0.99816984,0.9986678,0.9948713
5961,0.99577105,0.99795514,0.9868165
5962,0.99526197,0.99465215,0.98891485
5963,0.99670047,0.9969867,0.99178153
5964,0.9968046,0.9952785,0.99378186
5965,0.997437,0.99693805,0.9952724
5966,0.99758387,0.9968312,0.99621004
5967,0.99795425,0.9978081,0.99687165
5968,0.9983553,0.99865556,0.9973
5969,0.9986049,0.9989816,0.99759793
5970,0.998557,0.9988644,0.9978623
5971,0.99778265,0.99633896,0.99786294
5972,0.9981318,0.9976345,0.9981449
5973,0.99870723,0.9989573,0.9982902
5974,0.9982617,0.9979071,0.99839014
5975,0.9981669,0.99745446,0.9985546
5976,0.9981044,0.997077,0.99870056
5977,0.998002,0.9964756,0.99883336
5978,0.9976755,0.994413,0.99896735
5979,0.99890524,0.9990382,0.99897397
5980,0.9989706,0.99910074,0.9990115
5981,0.99899334,0.999104,0.99895525
5982,0.9987,0.99866426,0.9990532
5983,0.99897593,0.99906105,0.999049
5984,0.99765843,0.99418205,0.99891543
5985,0.998406,0.9978565,0.9989911
5986,0.9988997,0.9988634,0.9986286
5987,0.9983823,0.9982469,0.9959103
5988,0.99823976,0.99798876,0.9962012
5989,0.997381,0.99505335,0.99561125
5990,0.9983368,0.9981437,0.9964604
5991,0.9981883,0.9976939,0.9970175
5992,0.99781275,0.99659914,0.99645954
5993,0.99867254,0.9985707,0.99695647
5994,0.99871415,0.9986226,0.9972478
5995,0.99905324,0.9986675,0.9971108
5996,0.99874824,0.9985904,0.99666417
5997,0.99864817,0.99860066,0.9971249
5998,0.9975296,0.9946161,0.99736303
5999,0.99785125,0.99607944,0.997814
6000,0.9986655,0.99854004,0.99802834
6001,0.998756,0.99865526,0.99819726
6002,0.9987086,0.9985725,0.99832726
6003,0.99883443,0.9987211,0.99817616
6004,0.99881107,0.9986895,0.9983119
6005,0.99708223,0.9903257,0.9986055
6006,0.9982342,0.997224,0.99878234
6007,0.99893093,0.9988176,0.99876857
6008,0.9985036,0.9980598,0.9982245
6009,0.99738944,0.99248755,0.9984946
6010,0.99780905,0.9951671,0.9986992
6011,0.9976397,0.9940512,0.99885166
6012,0.99828273,0.9972723,0.9989092
6013,0.99893415,0.99871576,0.99885267
6014,0.9976481,0.99397004,0.9990912
6015,0.9988742,0.9986428,0.9989822
6016,0.99731416,0.99156,0.9992219
6017,0.99762213,0.9938662,0.9992553
6018,0.9974676,0.99286985,0.99930155
6019,0.99833655,0.9974024,0.99908024
6020,0.99720657,0.99103135,0.999243
6021,0.99767363,0.9943973,0.99922454
6022,0.99806744,0.9964584,0.99918246
6023,0.99881256,0.9985243,0.9990162
6024,0.9992553,0.99884486,0.9987267
6025,0.995987,0.9864784,0.99083406
6026,0.9967852,0.99032015,0.9938678
6027,0.99763405,0.99490666,0.9954476
6028,0.9985295,0.99752957,0.9960827
6029,0.9989847,0.99811596,0.99653804
6030,0.9987438,0.9979565,0.99635875
6031,0.99848217,0.99745554,0.993662
6032,0.99627227,0.98722523,0.99545646
6033,0.9975702,0.99494976,0.9965512
6034,0.9984778,0.9978578,0.99685687
6035,0.99855524,0.998012,0.9970029
6036,0.998578,0.99788046,0.9951065
6037,0.99452084,0.98543763,0.9880052
6038,0.99553376,0.98645145,0.9919164
6039,0.99604815,0.986963,0.9945684
6040,0.99650013,0.98932874,0.996091
6041,0.9987611,0.99857503,0.9962076
6042,0.99818,0.9977172,0.9969384
6043,0.99653035,0.98920286,0.997634
6044,0.9960999,0.9861933,0.9980237
6045,0.99514574,0.9838521,0.9983525
6046,0.99684954,0.99202067,0.99818414
6047,0.99834585,0.9982924,0.9976665
6048,0.99908525,0.9990909,0.9970088
6049,0.9989551,0.9989832,0.9970839
6050,0.9981407,0.9978278,0.9977993
6051,0.9979703,0.9973589,0.99795026
6052,0.99792576,0.99678123,0.98651636
6053,0.99562114,0.99333024,0.98397493
6054,0.99612194,0.99219847,0.9877476
6055,0.99770606,0.9974554,0.99059135
6056,0.9952902,0.9859518,0.9927235
6057,0.9980619,0.99806684,0.99429756
6058,0.9957653,0.9861828,0.99592286
6059,0.99582756,0.9863861,0.99684757
6060,0.99541974,0.9846711,0.9974338
6061,0.99608535,0.98856664,0.99759084
6062,0.99448705,0.98229873,0.99798846
6063,0.9955247,0.98551893,0.9977953
6064,0.99723804,0.9957677,0.9971401
6065,0.9954371,0.9853562,0.9977799
6066,0.99575627,0.9877852,0.997533
6067,0.99581456,0.9884358,0.9973644
6068,0.9975369,0.9971893,0.9962943
6069,0.9970054,0.99519163,0.9967196
6070,0.99571836,0.9880458,0.9972638
6071,0.99632335,0.9919196,0.9968527
6072,0.99655175,0.993242,0.99662995
6073,0.9954901,0.9870958,0.9970172
6074,0.99701816,0.99565053,0.9960659
6075,0.99629414,0.99213916,0.99651486
6076,0.9967255,0.99443173,0.9962133
6077,0.9986394,0.9993953,0.9942336
6078,0.99857926,0.999381,0.994691
6079,0.99777156,0.99816155,0.99595785
6080,0.9982491,0.99904746,0.9956091
6081,0.9973073,0.99678785,0.9965941
6082,0.99564546,0.98819137,0.99736667
6083,0.9986582,0.99951094,0.9949934
6084,0.99925715,0.9997744,0.99564856
6085,0.9991252,0.99941,0.9958121
6086,0.9989758,0.9994046,0.9946288
6087,0.99813724,0.9985508,0.99518377
6088,0.9981065,0.9985293,0.9954391
6089,0.99861574,0.99918675,0.99490005
6090,0.99824256,0.99872255,0.9954968
6091,0.9985716,0.9991514,0.9952642
6092,0.9974129,0.99673724,0.99658316
6093,0.998498,0.99910134,0.9956078
6094,0.9982936,0.99886566,0.9960369
6095,0.9980919,0.998548,0.99639434
6096,0.9988425,0.99943787,0.9955519
6097,0.9985973,0.9992643,0.99609065
6098,0.99859744,0.9992786,0.99623555
6099,0.9981796,0.99873513,0.9968134
6100,0.9959668,0.9890177,0.9979188
6101,0.99645406,0.99219346,0.99761987
6102,0.9977349,0.9978145,0.9969115
6103,0.997412,0.9967868,0.9971657
6104,0.9982316,0.9988809,0.9966099
6105,0.99866605,0.9992711,0.99584025
6106,0.9947339,0.9814394,0.99798965
6107,0.9953458,0.98563474,0.9975467
6108,0.9976273,0.9976092,0.9962333
6109,0.998458,0.9991899,0.99547297
6110,0.9978654,0.9982135,0.9962856
6111,0.9977965,0.9980022,0.99633455
6112,0.99863565,0.9993505,0.9955107
6113,0.99879104,0.9994871,0.99545825
6114,0.9990243,0.99959725,0.99508506
6115,0.9976502,0.99759734,0.9969513
6116,0.9969676,0.9949737,0.9973613
6117,0.9968448,0.9943977,0.99738795
6118,0.99696815,0.99501103,0.99728423
6119,0.99761784,0.99752116,0.99691236
6120,0.9966182,0.99323267,0.9974524
6121,0.9984734,0.99925303,0.9961332
6122,0.9968886,0.9946393,0.99738204
6123,0.9966418,0.9933978,0.9974495
6124,0.99675196,0.9940224,0.9973446
6125,0.99731654,0.99654335,0.99697334
6126,0.99837923,0.99915266,0.9961578
6127,0.99833983,0.9990929,0.9962958
6128,0.9979081,0.99823207,0.9966125
6129,0.9966494,0.99326867,0.99738926
6130,0.9974741,0.997002,0.9969205
6131,0.9980572,0.998572,0.9965401
6132,0.99730307,0.9963305,0.99709874
6133,0.9962272,0.99078155,0.9975537
6134,0.99465704,0.98133326,0.9978603
6135,0.9958016,0.9887326,0.9972466
6136,0.9977798,0.99810636,0.9959983
6137,0.99698514,0.9953689,0.99666536
6138,0.9973302,0.99673915,0.99642867
6139,0.9976569,0.99777186,0.9962545
6140,0.9981732,0.99889815,0.9958795
6141,0.99863935,0.9994657,0.9954157
6142,0.99848187,0.999292,0.99569505
6143,0.9989406,0.9996531,0.99510527
6144,0.9990782,0.9997266,0.9950263
6145,0.9978324,0.9981517,0.9967681
6146,0.9972437,0.99621874,0.9971938
6147,0.9978773,0.9982513,0.9968132
6148,0.9988875,0.9995011,0.995179
6149,0.9990252,0.9994318,0.99462456
6150,0.99839944,0.99890834,0.99586505
6151,0.99812776,0.9984922,0.996314
6152,0.99646693,0.99179715,0.99736446
6153,0.99642897,0.9916875,0.9972819
6154,0.9959615,0.98893744,0.99735385
6155,0.9949377,0.9828043,0.99750143
6156,0.9964961,0.9926929,0.996634
6157,0.99587005,0.989084,0.9968429
6158,0.9959728,0.98990214,0.9966431
6159,0.9981675,0.99883103,0.99487126
6160,0.9982083,0.99890834,0.995052
6161,0.9987975,0.99952316,0.9942789
6162,0.9989752,0.9995809,0.9938974
6163,0.99727356,0.99646425,0.9964152
6164,0.99738985,0.99686027,0.9963303
6165,0.99747396,0.9971408,0.9963394
6166,0.9981401,0.99878526,0.99581546
6167,0.99891335,0.9996065,0.99479526
6168,0.9988041,0.99956346,0.9952663
6169,0.9985012,0.99932253,0.99595404
6170,0.9988472,0.9996169,0.99559015
6171,0.99937004,0.99979717,0.99549574
6172,0.9989873,0.9997039,0.99564093
6173,0.99794674,0.99841446,0.9970232
6174,0.998007,0.9985403,0.9970449
6175,0.99908227,0.9997558,0.9957969
6176,0.9983585,0.99916035,0.9969385
6177,0.9985452,0.99939305,0.9968418
6178,0.9983353,0.99912226,0.9971329
6179,0.9983068,0.99907464,0.99722886
6180,0.9981553,0.99880254,0.99739826
6181,0.9980261,0.9985244,0.9975339
6182,0.99906486,0.999767,0.99650884
6183,0.9988793,0.9996189,0.99662286
6184,0.9992433,0.9997818,0.9960624
6185,0.99925554,0.9997965,0.99618506
6186,0.99899185,0.99971193,0.9968314
6187,0.9988071,0.9995819,0.9970825
6188,0.99836266,0.9990716,0.9975481
6189,0.9982957,0.99892837,0.9975607
6190,0.9981404,0.9986223,0.9977094
6191,0.9988011,0.99954623,0.9971995
6192,0.9991646,0.9995397,0.996135
6193,0.9989666,0.99947953,0.99664354
6194,0.9987931,0.99936914,0.996971
6195,0.99851096,0.99907845,0.99734735
6196,0.9978439,0.9976375,0.997843
6197,0.99776495,0.9973785,0.99789447
6198,0.9976098,0.9968214,0.997971
6199,0.99823153,0.9986092,0.9976371
6200,0.9980812,0.9982705,0.99776787
6201,0.9985675,0.99915683,0.9974525
6202,0.9987194,0.9993331,0.9973694
6203,0.9994686,0.99970263,0.997532
6204,0.9983274,0.9988026,0.9978059
6205,0.9984706,0.9990408,0.9977428
6206,0.9981832,0.9984997,0.99796546
6207,0.9981887,0.99850553,0.99798596
6208,0.99946254,0.9997259,0.99720675
6209,0.9992597,0.9996393,0.9968527
6210,0.99898833,0.9995404,0.99738073
6211,0.99821323,0.9985173,0.99807185
6212,0.9984574,0.9989811,0.9979475
6213,0.998073,0.99816006,0.99819106
6214,0.99918956,0.9996456,0.99724025
6215,0.99939173,0.9996922,0.996863
6216,0.9992187,0.99947035,0.9969562
6217,0.99844706,0.99878186,0.9978894
6218,0.99881756,0.9992623,0.9976217
6219,0.9988294,0.9992843,0.99766105
6220,0.99899375,0.9994207,0.99753445
6221,0.9990102,0.9994452,0.99757266
6222,0.99911934,0.9995177,0.9974898
6223,0.9991155,0.9995298,0.99755436
6224,0.99898297,0.99942666,0.9977125
6225,0.99856347,0.99899554,0.9981117
6226,0.9984659,0.9988368,0.9981975
6227,0.9987961,0.999285,0.997991
6228,0.99937403,0.999432,0.99704504
6229,0.9986673,0.99886787,0.99789613
6230,0.9984616,0.998562,0.99807036
6231,0.9991025,0.9992694,0.9975127
6232,0.9988155,0.9990822,0.99787754
6233,0.99912566,0.99932307,0.99757963
6234,0.999057,0.99930984,0.99771905
6235,0.9989392,0.99924815,0.99789107
6236,0.9994269,0.9994798,0.99771327
6237,0.9991869,0.9994333,0.9976926
6238,0.9985116,0.9987723,0.99831986
6239,0.9994304,0.99952203,0.99767303
6240,0.9994074,0.9995401,0.9974436
6241,0.99951625,0.99958134,0.9989225
6242,0.9991484,0.9993958,0.99783427
6243,0.9990259,0.9993401,0.9980097
6244,0.99923986,0.99946177,0.99779195
6245,0.9994809,0.99954134,0.99851054
6246,0.9994832,0.9995541,0.99852777
6247,0.9989845,0.99933964,0.99814916
6248,0.9990672,0.99940246,0.9980991
6249,0.99909216,0.9994276,0.99810606
6250,0.999191,0.99936056,0.997907
6251,0.9989075,0.99919355,0.9982279
6252,0.9990117,0.999286,0.998164
6253,0.9991629,0.99938744,0.9980384
6254,0.999264,0.99944544,0.9979471
6255,0.9994759,0.99951714,0.9985624
6256,0.9994831,0.9995034,0.99872446
6257,0.9993994,0.99943936,0.9977373
6258,0.9995519,0.99939114,0.99956286
6259,0.99933493,0.9990608,0.9975935
6260,0.9988529,0.9987121,0.99814224
6261,0.9989746,0.9988475,0.9980599
6262,0.99926746,0.9990421,0.9977447
6263,0.999378,0.9991197,0.99806273
6264,0.99930805,0.9991367,0.9977587
6265,0.99934924,0.9991887,0.9977344
6266,0.9992813,0.9992063,0.99788344
6267,0.9994639,0.99928516,0.99909747
6268,0.9991922,0.9992117,0.9980455
6269,0.99921626,0.9992465,0.9980485
6270,0.9991429,0.99923426,0.9981629
6271,0.9992016,0.9992818,0.9981264
6272,0.99924374,0.99929386,0.9980876
6273,0.9992082,0.99927723,0.99814445
6274,0.9990526,0.9991276,0.9982768
6275,0.9991942,0.9992253,0.9981584
6276,0.99923974,0.9992631,0.9981312
6277,0.9990694,0.9991941,0.9983343
6278,0.9990768,0.9992123,0.998349
6279,0.9993156,0.99933994,0.9981119
6280,0.9992919,0.99935,0.99817073
6281,0.9993121,0.99937624,0.99817365
6282,0.9992138,0.99935657,0.9983166
6283,0.99946463,0.99944806,0.9989292
6284,0.99946636,0.99945503,0.99894077
6285,0.99942094,0.99945444,0.99827874
6286,0.99944854,0.9994776,0.9986423
6287,0.9995059,0.9994996,0.9994878
6288,0.9994603,0.9994926,0.9987762
6289,0.99949896,0.9995063,0.99935114
6290,0.99947226,0.9994749,0.9989972
6291,0.99923,0.9994093,0.99840033
6292,0.99949485,0.9994976,0.99930036
6293,0.9998436,0.9991788,0.99983734
6294,0.99949515,0.99918234,0.9994997
6295,0.99973446,0.99917144,0.9997315
6296,0.9996895,0.998962,0.99967575
6297,0.99930614,0.9985151,0.99810416
6298,0.99915963,0.9984144,0.9979016
6299,0.9991011,0.9984546,0.99800104
6300,0.9992289,0.9985828,0.9978819
6301,0.99933344,0.998689,0.99835247
6302,0.99917215,0.99867463,0.9980089
6303,0.99929184,0.9987788,0.99788624
6304,0.9994214,0.9988689,0.99933714
6305,0.99963313,0.99879205,0.9995906
6306,0.9993656,0.9987915,0.99868655
6307,0.999105,0.9987118,0.9980908
6308,0.9992519,0.99882853,0.99794793
6309,0.99910146,0.9988037,0.99815243
6310,0.9994256,0.9989681,0.9993151
6311,0.9996338,0.9982982,0.9994477
6312,0.9993357,0.99825454,0.99879396
6313,0.999309,0.99824905,0.9984953
6314,0.99920213,0.9982687,0.99756503
6315,0.9991441,0.99834603,0.99770343
6316,0.99936086,0.9985157,0.99899673
6317,0.99978817,0.99812555,0.99944395
6318,0.9999426,0.99815345,0.9995783
6319,0.99935174,0.9960775,0.9954571
6320,0.9987316,0.99620074,0.9932443
6321,0.9987808,0.9969013,0.99455976
6322,0.9990905,0.99749565,0.996414
6323,0.99892145,0.9975588,0.9954007
6324,0.9990578,0.99791217,0.9963673
6325,0.9991183,0.9981189,0.9970108
6326,0.99863696,0.99707574,0.9926493
6327,0.9986596,0.9975669,0.994225
6328,0.99901456,0.9980905,0.9959421
6329,0.99938214,0.9979411,0.99559146
6330,0.9987759,0.99774116,0.9932269
6331,0.99881405,0.9981116,0.9939935
6332,0.9987631,0.99832207,0.99452025
6333,0.9978816,0.9971681,0.9921039
6334,0.9984879,0.9982229,0.99363565
6335,0.99819034,0.9978964,0.99505025
6336,0.99824816,0.99802464,0.9958593
6337,0.9982324,0.9979964,0.9964619
6338,0.9990083,0.9989512,0.9967645
6339,0.9987108,0.9987849,0.9970038
6340,0.99898213,0.99903315,0.9970923
6341,0.9990886,0.9991293,0.99758905
6342,0.99856097,0.998618,0.9968968
6343,0.9984228,0.99841535,0.9972791
6344,0.99817955,0.99787813,0.99761766
6345,0.9987374,0.99886006,0.9975911
6346,0.9985602,0.99864036,0.99785006
6347,0.99873906,0.99888116,0.9979063
6348,0.9991106,0.9991832,0.9977795
6349,0.9987636,0.998609,0.994513
6350,0.9982626,0.9981617,0.9952052
6351,0.9987269,0.99877197,0.99577266
6352,0.99839216,0.99840486,0.996529
6353,0.9987303,0.99885565,0.9968091
6354,0.99818045,0.99803203,0.996116
6355,0.9987268,0.998811,0.9955398
6356,0.9984074,0.9984853,0.996363
6357,0.9978923,0.9971678,0.99698716
6358,0.99832684,0.9982925,0.99726075
6359,0.9989134,0.9990588,0.99728674
6360,0.9980487,0.9980274,0.993834
6361,0.99764997,0.99674666,0.99519277
6362,0.998651,0.9988232,0.99577886
6363,0.9988168,0.9989882,0.99614394
6364,0.99758095,0.9963897,0.9957852
6365,0.99750876,0.99580157,0.9965564
6366,0.99817526,0.9980412,0.9969834
6367,0.99858767,0.9987805,0.99721795
6368,0.9977901,0.9966735,0.997577
6369,0.9985292,0.99866813,0.99737203
6370,0.9988201,0.9989951,0.99716043
6371,0.9970959,0.99416304,0.99510616
6372,0.99852467,0.9986827,0.9958468
6373,0.997912,0.99766976,0.994894
6374,0.9984543,0.9986421,0.9956796
6375,0.99779373,0.99698627,0.996522
6376,0.99808365,0.9977987,0.9969917
6377,0.99835384,0.99838835,0.99730235
6378,0.9962404,0.9880367,0.99744076
6379,0.99672896,0.99030447,0.99793893
6380,0.9976434,0.99592286,0.99813825
6381,0.99740386,0.9946239,0.99834025
6382,0.9980041,0.99730927,0.99836075
6383,0.99879235,0.9989892,0.9981818
6384,0.9964703,0.98835605,0.9981432
6385,0.99691,0.9917721,0.99791145
6386,0.99736494,0.99456054,0.99806076
6387,0.99695736,0.9920833,0.9982874
6388,0.99681634,0.9912075,0.99843013
6389,0.99754155,0.9955392,0.9983584
6390,0.9968,0.99122167,0.9985618
6391,0.9972365,0.99404943,0.9984904
6392,0.99843365,0.9984623,0.998081
6393,0.99772835,0.996436,0.99841243
6394,0.99845135,0.99849427,0.9981297
6395,0.9991225,0.999148,0.9975226
6396,0.9987816,0.99884355,0.9977613
6397,0.9978402,0.9967682,0.9983124
6398,0.99899554,0.9990445,0.99766177
6399,0.99817455,0.997829,0.9982705
6400,0.9989632,0.9990564,0.9977967
6401,0.9985131,0.9985508,0.99816716
6402,0.99628586,0.9875393,0.99873644
6403,0.9971965,0.99385923,0.99848986
6404,0.99769944,0.99633753,0.99831283
6405,0.99647903,0.98937434,0.9986213
6406,0.99672735,0.9912948,0.9984814
6407,0.9983749,0.9984135,0.9977553
6408,0.9987265,0.99892557,0.9975173
6409,0.9993152,0.99927986,0.99799556
6410,0.9988372,0.9990348,0.9974637
6411,0.9981049,0.99784064,0.9980459
6412,0.99888766,0.99910486,0.99748796
6413,0.9991013,0.99925953,0.99727833
6414,0.99920267,0.99930495,0.99715805
6415,0.9988829,0.99916184,0.997656
6416,0.99916255,0.9992983,0.9973048
6417,0.9990655,0.9992427,0.99746346
6418,0.99841803,0.9985503,0.99808174
6419,0.9966839,0.9909212,0.99868774
6420,0.9981855,0.9980795,0.9980943
6421,0.9984794,0.9986703,0.9979387
6422,0.9977142,0.9965963,0.9983399
6423,0.99829745,0.9983362,0.99806297
6424,0.997822,0.9969945,0.99830323
6425,0.9980986,0.99784416,0.9981651
6426,0.996808,0.991796,0.9985917
6427,0.99692726,0.992682,0.998482
6428,0.9971673,0.9941645,0.9983433
6429,0.99736476,0.99522763,0.9982277
6430,0.9973864,0.9953575,0.9981846
6431,0.9970546,0.9936615,0.9982597
6432,0.9985378,0.99883896,0.9974471
6433,0.9981214,0.9980537,0.99779075
6434,0.9970762,0.9938242,0.9982486
6435,0.9984963,0.9988103,0.997479
6436,0.99783874,0.99727005,0.99793583
6437,0.99888396,0.99925417,0.99714655
6438,0.9990382,0.9993765,0.9970154
6439,0.9990828,0.999418,0.9970243
6440,0.99864125,0.99908113,0.99761516
6441,0.99811447,0.998115,0.9980134
6442,0.99758977,0.9963328,0.99824315
6443,0.99816185,0.9982144,0.99796593
6444,0.99882525,0.9992695,0.99748677
6445,0.99856347,0.99898213,0.9977725
6446,0.9984842,0.998867,0.9978691
6447,0.9991509,0.99950075,0.99721426
6448,0.99826723,0.9984647,0.9980816
6449,0.997711,0.99677247,0.99834776
6450,0.9978537,0.9972965,0.99828017
6451,0.9954134,0.98253495,0.9988327
6452,0.9972074,0.9946968,0.99826765
6453,0.99710083,0.99416226,0.9982592
6454,0.9975279,0.99627614,0.9980592
6455,0.9982904,0.99861866,0.997649
6456,0.99733335,0.9953662,0.99812794
6457,0.9963981,0.9898547,0.99836797
6458,0.9963231,0.9895561,0.9982762
6459,0.9969155,0.99344796,0.9979832
6460,0.9988887,0.9994259,0.9965608
6461,0.99655527,0.99131715,0.99810004
6462,0.99785966,0.9976949,0.9974672
6463,0.9968277,0.99307436,0.9979444
6464,0.997334,0.99575585,0.9976847
6465,0.99822664,0.9986276,0.9971462
6466,0.9979288,0.9979132,0.99740446
6467,0.9995713,0.9996941,0.9977717
6468,0.99939334,0.99962336,0.9952682
6469,0.9991067,0.9995365,0.99613553
6470,0.9994507,0.99961936,0.99624324
6471,0.9995189,0.99953115,0.997703
6472,0.99911565,0.99921256,0.9957548
6473,0.99908215,0.9991629,0.995868
6474,0.9991992,0.999272,0.9957606
6475,0.99862003,0.9987238,0.9966679
6476,0.9989104,0.99904025,0.9963704
6477,0.9987678,0.99897844,0.9966939
6478,0.9988044,0.99905115,0.9967446
6479,0.99861926,0.99889356,0.997054
6480,0.99876827,0.99905246,0.99693215
6481,0.99777156,0.99695504,0.99776614
6482,0.99841183,0.99853975,0.9972894
6483,0.99865896,0.99891,0.99711
6484,0.99681306,0.9919846,0.9980835
6485,0.9962817,0.98859024,0.99812037
6486,0.99667263,0.9914348,0.99785525
6487,0.99689484,0.9929203,0.9976732
6488,0.99922836,0.9992562,0.99527663
6489,0.9987284,0.9988949,0.9962843
6490,0.9972626,0.9948944,0.9975356
6491,0.99713784,0.99431163,0.9975579
6492,0.99794376,0.99757046,0.99706924
6493,0.99929744,0.99927694,0.99520236
6494,0.9991762,0.9992621,0.9955725
6495,0.99871945,0.99893475,0.9964473
6496,0.99889034,0.9991168,0.99630713
6497,0.99848187,0.99867326,0.9968809
6498,0.9982039,0.99799687,0.9970281
6499,0.9982094,0.998023,0.9970665
6500,0.9967024,0.9914526,0.997845
6501,0.9986179,0.99871874,0.9965283
6502,0.99758047,0.9961696,0.99743146
6503,0.99910814,0.9991548,0.9958237
6504,0.9987775,0.9990095,0.9965523
6505,0.9993872,0.99925554,0.996623
6506,0.9990552,0.99902683,0.9960255
6507,0.9987971,0.99889725,0.9965648
6508,0.9982738,0.99816036,0.9971703
6509,0.9985958,0.99871504,0.9969268
6510,0.9989421,0.99908197,0.99656373
6511,0.99928164,0.99916244,0.9958474
6512,0.99740773,0.99531794,0.9978634
6513,0.99691415,0.9927223,0.9980158
6514,0.99726117,0.9947215,0.99781024
6515,0.9966658,0.991361,0.9979808
6516,0.99720275,0.9945797,0.99768245
6517,0.9970009,0.99355674,0.9977232
6518,0.9981022,0.99797577,0.9970384
6519,0.99861246,0.99886966,0.9965889
6520,0.9985542,0.99882853,0.9967525
6521,0.99825615,0.99832267,0.9970766
6522,0.9988747,0.99916327,0.9964568
6523,0.99792814,0.9975426,0.9974424
6524,0.99903464,0.99930054,0.996327
6525,0.99947536,0.99945253,0.9973297
6526,0.9980473,0.99750686,0.9971837
6527,0.99781597,0.9968427,0.99736935
6528,0.9975849,0.99601233,0.99751043
6529,0.99789125,0.997139,0.99732745
6530,0.9982168,0.9980218,0.9971204
6531,0.9992504,0.9991479,0.995675
6532,0.99815404,0.9978176,0.99721026
6533,0.9981592,0.99785435,0.9972463
6534,0.9977875,0.9967914,0.99752307
6535,0.9974359,0.9953934,0.99770534
6536,0.99820006,0.9980154,0.9972341
6537,0.99789447,0.9972009,0.9974746
6538,0.99800324,0.9975378,0.99742144
6539,0.9982698,0.9982077,0.9972606
6540,0.9990199,0.9990911,0.9963735
6541,0.99846184,0.9982422,0.9969393
6542,0.99690604,0.9921221,0.99781805
6543,0.9966937,0.9909516,0.9978021
6544,0.99729335,0.99454886,0.9974431
6545,0.9981808,0.9977746,0.9968413
6546,0.99864596,0.99860275,0.99642205
6547,0.99880373,0.9987739,0.99626845
6548,0.99799186,0.99740636,0.99719435
6549,0.9988866,0.99893916,0.99630576
6550,0.9973652,0.99510556,0.99765927
6551,0.9973348,0.9949996,0.997643
6552,0.9976324,0.9962913,0.99743336
6553,0.997988,0.9975088,0.99721766
6554,0.9983385,0.9983475,0.9969808
6555,0.999004,0.9990414,0.9960977
6556,0.9994808,0.99893415,0.99773914
6557,0.99951595,0.9989541,0.998307
6558,0.9994507,0.9989813,0.9973197
6559,0.9994564,0.9990508,0.99737024
6560,0.9993953,0.99910265,0.9965153
6561,0.99749833,0.9956452,0.99763006
6562,0.99759763,0.9960956,0.99756217
6563,0.9983232,0.9982675,0.9970781
6564,0.9970146,0.99326235,0.9978508
6565,0.99888396,0.99904597,0.9964038
6566,0.9987836,0.9990114,0.9966626
6567,0.9982369,0.99822855,0.9972982
6568,0.999275,0.9993465,0.9959195
6569,0.9995644,0.99945194,0.99851453
6570,0.9995407,0.9993766,0.9982712
6571,0.99892473,0.99918747,0.99672836
6572,0.998197,0.99818,0.99753505
6573,0.99874055,0.9990752,0.9971013
6574,0.99903435,0.99932766,0.9967862
6575,0.9982553,0.99836105,0.9976659
6576,0.99797493,0.9976358,0.99786216
6577,0.9989489,0.9993188,0.9970659
6578,0.9984661,0.99879044,0.9976274
6579,0.99833834,0.99856186,0.997759
6580,0.99838156,0.9986482,0.9977616
6581,0.9981514,0.9981389,0.9979354
6582,0.99828357,0.99844974,0.99787676
6583,0.99841124,0.9987069,0.9978201
6584,0.9984043,0.99869555,0.99785626
6585,0.99841976,0.9987255,0.9978759
6586,0.9987357,0.99917483,0.99764127
6587,0.9986062,0.99901515,0.99779016
6588,0.998925,0.99936366,0.9975324
6589,0.9987577,0.99922043,0.99775237
6590,0.998689,0.999147,0.9978524
6591,0.99857825,0.9989991,0.99797225
6592,0.99903864,0.9994737,0.99757886
6593,0.9990696,0.9995041,0.9975946
6594,0.99925023,0.9995979,0.9973876
6595,0.99924636,0.9996119,0.9974588
6596,0.9994621,0.99967957,0.99708086
6597,0.9995409,0.9997086,0.9971737
6598,0.99931526,0.999683,0.99754506
6599,0.99949753,0.999732,0.9972158
6600,0.9990121,0.99956584,0.9980476
6601,0.99884886,0.99943554,0.9982217
6602,0.99905723,0.99960065,0.99806744
6603,0.99882096,0.9994112,0.99830014
6604,0.99947566,0.9997562,0.9975081
6605,0.99917614,0.9996446,0.9979814
6606,0.9994348,0.9997317,0.99762005
6607,0.99941653,0.99973893,0.99771047
6608,0.99948967,0.9997615,0.9976105
6609,0.9994964,0.99976593,0.997634
6610,0.99916244,0.99967694,0.9981969
6611,0.9995292,0.9997847,0.9976516
6612,0.9995869,0.9998003,0.9979459
6613,0.99927443,0.99972576,0.9981401
6614,0.9991498,0.9996772,0.99830985
6615,0.9990421,0.999616,0.9984315
6616,0.99924207,0.99972326,0.9982644
6617,0.9993782,0.9997704,0.99811864
6618,0.99943686,0.9997888,0.99806094
6619,0.9991052,0.99967045,0.9984845
6620,0.99917674,0.99971014,0.9984426
6621,0.9994248,0.9997963,0.99816936
6622,0.99924123,0.9997454,0.9984304
6623,0.9996092,0.9998303,0.9983002
6624,0.9995159,0.9998116,0.9980689
6625,0.99955463,0.99982256,0.99802613
6626,0.99951845,0.9997036,0.997888
6627,0.99928004,0.9996563,0.9982994
6628,0.9994635,0.99970543,0.9980559
6629,0.9995948,0.9997328,0.99877006
6630,0.99959266,0.9997381,0.99871165
6631,0.9996237,0.9997466,0.99936765
6632,0.99903065,0.9994636,0.9985269
6633,0.999097,0.9995117,0.9984921
6634,0.99942404,0.9996505,0.99814296
6635,0.999549,0.9996824,0.99809897
6636,0.9993359,0.99958533,0.9982542
6637,0.9992898,0.99957925,0.9983374
6638,0.9993564,0.9995942,0.9982638
6639,0.99953413,0.99964184,0.9980535
6640,0.99931866,0.99960554,0.99836826
6641,0.99906605,0.9994818,0.99862283
6642,0.99924564,0.99953896,0.9984394
6643,0.99948615,0.99961746,0.9981411
6644,0.99957776,0.9996436,0.9989429
6645,0.9995548,0.99923277,0.99945766
6646,0.99972236,0.999153,0.99973214
6647,0.9994982,0.9987721,0.99905103
6648,0.9993845,0.9983381,0.99782735
6649,0.9994181,0.99844503,0.99822235
6650,0.9993271,0.99849397,0.99775714
6651,0.9993377,0.998582,0.99776864
6652,0.9992902,0.99864334,0.99787134
6653,0.9994446,0.99875474,0.9984492
6654,0.9994208,0.9985591,0.9983214
6655,0.9994844,0.9986162,0.9992033
6656,0.99947596,0.9980482,0.9994771
6657,0.9993452,0.99805516,0.99775815
6658,0.9992445,0.99814254,0.9976812
6659,0.99921596,0.99824095,0.9977489
6660,0.99929094,0.99836904,0.9976636
6661,0.99931693,0.99847484,0.997653
6662,0.9991974,0.9985165,0.99786115
6663,0.99921453,0.9985943,0.9978652
6664,0.9994463,0.9987347,0.9987744
6665,0.9992391,0.99842954,0.9977546
6666,0.9991112,0.99844307,0.99794394
6667,0.9992334,0.9985716,0.9978147
6668,0.9994381,0.99870646,0.99877584
6669,0.99936056,0.9985125,0.9979534
6670,0.9994754,0.9986076,0.9994378
6671,0.99941987,0.99821234,0.99894917
6672,0.99945766,0.99827576,0.99942666
6673,0.99922353,0.9963232,0.9974129
6674,0.999187,0.99658203,0.99705774
6675,0.99931514,0.9969628,0.9983334
6676,0.99925053,0.9964126,0.9977166
6677,0.9991726,0.9965429,0.9969653
6678,0.9991414,0.996722,0.9966973
6679,0.99926645,0.9971127,0.99789697
6680,0.999425,0.99734545,0.9990369
6681,0.9988347,0.9958507,0.99545556
6682,0.9990892,0.9963509,0.9960861
6683,0.999002,0.9967579,0.9957437
6684,0.9982893,0.99619156,0.9967968
6685,0.9988324,0.9972236,0.996524
6686,0.99925774,0.9977026,0.99791175
6687,0.99949276,0.9975946,0.9987751
6688,0.9992263,0.99757826,0.9975985
6689,0.99877244,0.9958691,0.9925693
6690,0.9985672,0.9964986,0.9943225
6691,0.9991133,0.99736136,0.9963148
6692,0.9986403,0.9973027,0.9956118
6693,0.9990564,0.9978742,0.9961435
6694,0.9990347,0.99807554,0.99606866
6695,0.99905664,0.998153,0.9962742
6696,0.99857026,0.9977597,0.996401
6697,0.9991091,0.998337,0.9967915
6698,0.9987712,0.9982391,0.9967445
6699,0.9991086,0.9985686,0.99685043
6700,0.99897414,0.9985991,0.9969078
6701,0.99907,0.9986065,0.9966333
6702,0.9991797,0.99875695,0.9975497
6703,0.9987109,0.9984914,0.9973504
6704,0.99846697,0.9981968,0.9976457
6705,0.9985499,0.99835604,0.9976806
6706,0.9987249,0.99860793,0.9976238
6707,0.99909174,0.9989328,0.9973313
6708,0.9993253,0.9990723,0.99889493
6709,0.9988962,0.99863046,0.99719816
6710,0.99897486,0.99874973,0.9972509
6711,0.99886346,0.9984648,0.9968035
6712,0.9988719,0.9985578,0.99701405
6713,0.9993899,0.99800897,0.99609774
6714,0.99863416,0.9979501,0.9947287
6715,0.99868006,0.99818486,0.9955048
6716,0.9991311,0.99860793,0.997238
6717,0.9987785,0.99848866,0.9963112
6718,0.99863863,0.9984322,0.9967885
6719,0.99879664,0.99865305,0.9969363
6720,0.99917686,0.9988065,0.9978585
6721,0.9990499,0.99838686,0.9956874
6722,0.9994177,0.99856794,0.9966024
6723,0.9981363,0.9976266,0.9954156
6724,0.99880433,0.99861085,0.9955794
6725,0.9990392,0.9988494,0.9966782
6726,0.99866414,0.9983555,0.99275583
6727,0.99585384,0.9966164,0.9832201
6728,0.99690825,0.9975052,0.98576885
6729,0.99612576,0.9941845,0.98801833
6730,0.9968068,0.99520093,0.9912117
6731,0.9983758,0.99886924,0.99282014
6732,0.9979308,0.9982135,0.9941528
6733,0.9984023,0.9989062,0.99511665
6734,0.9977503,0.99804443,0.99336964
6735,0.99779516,0.9978904,0.9947705
6736,0.99689716,0.99345934,0.9959047
6737,0.99843264,0.99891907,0.99642485
6738,0.99881434,0.999296,0.9966832
6739,0.99446136,0.99699783,0.98425347
6740,0.9946763,0.99632657,0.9851385
6741,0.9949487,0.99011403,0.9882729
6742,0.99716574,0.9976434,0.9915607
6743,0.997857,0.9986918,0.99345535
6744,0.9960582,0.994269,0.99030036
6745,0.9977072,0.9987345,0.9926298
6746,0.9969952,0.99565506,0.9943584
6747,0.9980971,0.99883664,0.9954687
6748,0.9983862,0.99916553,0.9961406
6749,0.9983305,0.999036,0.99658674
6750,0.99747694,0.997351,0.99509346
6751,0.9966891,0.9924291,0.9960147
6752,0.99830645,0.9989544,0.99673295
6753,0.99735755,0.9955187,0.99729264
6754,0.9973737,0.9953075,0.99771655
6755,0.9971272,0.99357915,0.9980657
6756,0.9980213,0.9978339,0.9982429
6757,0.99832517,0.9986134,0.9983365
6758,0.9987458,0.9992864,0.9983106
6759,0.99814916,0.998076,0.9985478
6760,0.9989324,0.99943566,0.9984404
6761,0.9871487,0.9963426,0.9823731
6762,0.97341585,0.9931232,0.98178196
6763,0.97724247,0.98538727,0.98208904
6764,0.98248047,0.9768198,0.98246604
6765,0.99079674,0.9780805,0.9836311
6766,0.99394584,0.9814461,0.9868188
6767,0.9979988,0.9947357,0.99070996
6768,0.9982343,0.9957195,0.991555
6769,0.99500954,0.9919449,0.98473406
6770,0.9936747,0.9838769,0.988185
6771,0.9943175,0.98419434,0.99225944
6772,0.9973316,0.99362785,0.9948393
6773,0.99820775,0.99696803,0.99585086
6774,0.99668133,0.988537,0.99676925
6775,0.9969312,0.9903442,0.9974954
6776,0.9983384,0.9974458,0.9976596
6777,0.99882066,0.9982874,0.9976682
6778,0.99745333,0.9937716,0.99823254
6779,0.9987338,0.9982637,0.99804026
6780,0.99867415,0.9977388,0.99589324
6781,0.99849063,0.99726534,0.99255615
6782,0.98780304,0.9800892,0.98308164
6783,0.99538916,0.9914174,0.9852085
6784,0.9952818,0.9863741,0.9889238
6785,0.9977823,0.99681455,0.9921741
6786,0.9974969,0.9956965,0.9941027
6787,0.9971135,0.99352705,0.99520946
6788,0.99564344,0.9861727,0.99578273
6789,0.9972344,0.99388343,0.9967296
6790,0.99592197,0.9860619,0.9974336
6791,0.9980583,0.99738306,0.9974794
6792,0.99662143,0.9898248,0.9980148
6793,0.9981611,0.99770206,0.99780077
6794,0.99840504,0.9982458,0.99780715
6795,0.9984239,0.99828875,0.9979019
6796,0.9981302,0.99761665,0.99811953
6797,0.99911666,0.99903977,0.9974883
6798,0.9947328,0.98323864,0.99814975
6799,0.99579114,0.9845097,0.9982395
6800,0.9968076,0.99170816,0.9980985
6801,0.9953248,0.9829832,0.9983957
6802,0.99531007,0.9824625,0.99831486
6803,0.995152,0.98196787,0.9981904
6804,0.9962181,0.98947155,0.9977139
6805,0.9956217,0.9858403,0.9977579
6806,0.996951,0.9942264,0.9970655
6807,0.99822617,0.998483,0.9961401
6808,0.9990443,0.99930835,0.9949886
6809,0.9985607,0.9990181,0.99606514
6810,0.99651766,0.9918678,0.997498
6811,0.9957146,0.9869647,0.99766266
6812,0.9966135,0.9927839,0.99714106
6813,0.998529,0.9990668,0.99559444
6814,0.99834526,0.9988333,0.99593914
6815,0.99922156,0.99951077,0.99604416
6816,0.999386,0.9995153,0.99797344
6817,0.99921626,0.9991765,0.99677426
6818,0.99663275,0.992537,0.997025
6819,0.9966395,0.9926801,0.9969563
6820,0.99872935,0.9990675,0.9950311
6821,0.9955889,0.98635834,0.9974354
6822,0.9979702,0.99812794,0.99590784
6823,0.99703825,0.99503475,0.99671596
6824,0.9951047,0.9837267,0.99745214
6825,0.99752295,0.9971124,0.99601513
6826,0.998451,0.99902415,0.99506277
6827,0.99751455,0.9970821,0.9962527
6828,0.996821,0.99424636,0.99675155
6829,0.9974647,0.9969437,0.99632627
6830,0.9974112,0.99676454,0.9964345
6831,0.9978206,0.99798995,0.9961854
6832,0.9991611,0.9995772,0.9947914
6833,0.9973229,0.9962015,0.9963929
6834,0.9976947,0.9974558,0.99617
6835,0.9973959,0.9965003,0.99648434
6836,0.9972259,0.99585515,0.9966406
6837,0.99645805,0.9920473,0.997047
6838,0.9977817,0.9977666,0.99612963
6839,0.9973054,0.99605167,0.99631304
6840,0.99849546,0.9989286,0.9951618
6841,0.997964,0.99770075,0.9954526
6842,0.9984676,0.99853206,0.99487036
6843,0.9989091,0.9989955,0.9942762
6844,0.9991684,0.99916244,0.995961
6845,0.9985424,0.99845654,0.9948501
6846,0.9990979,0.99881446,0.9958957
6847,0.9985511,0.99844575,0.99494743
6848,0.9986026,0.9985591,0.99504435
6849,0.9992999,0.9990439,0.9978035
6850,0.99821067,0.9978036,0.99523354
6851,0.99619085,0.98933434,0.99681276
6852,0.9963986,0.9908652,0.9966703
6853,0.99590856,0.98799074,0.9967588
6854,0.9962809,0.99060196,0.9964577
6855,0.9991926,0.9990562,0.99647266
6856,0.99859285,0.998195,0.99325526
6857,0.9987689,0.9985711,0.9938036
6858,0.9989931,0.99887437,0.99526536
6859,0.99874747,0.99869376,0.9939371
6860,0.996628,0.9926152,0.9964343
6861,0.9981034,0.9981125,0.9953456
6862,0.9974506,0.99636626,0.9959831
6863,0.99596775,0.98879194,0.99687195
6864,0.9966971,0.9932691,0.9964116
6865,0.9971718,0.99555653,0.9961158
6866,0.99799526,0.99810076,0.99549043
6867,0.9966222,0.99300367,0.99664426
6868,0.9981285,0.9984143,0.9954247
6869,0.99753445,0.99689126,0.9959916
6870,0.9976756,0.9973273,0.9959558
6871,0.9971391,0.9953823,0.99634624
6872,0.99714667,0.9954502,0.99637747
6873,0.99763286,0.99722576,0.9960686
6874,0.9985083,0.998916,0.995133
6875,0.9989205,0.9992734,0.9945732
6876,0.9990196,0.99923646,0.9950448
6877,0.9987522,0.9991632,0.9951758
6878,0.9987968,0.99921834,0.9952705
6879,0.9986486,0.9990154,0.99545825
6880,0.99767447,0.99715316,0.9964878
6881,0.99722147,0.9955287,0.9968591
6882,0.9985497,0.9989251,0.9957411
6883,0.99784833,0.9976755,0.9965555
6884,0.9974508,0.9963993,0.99683785
6885,0.9987428,0.99904776,0.99551433
6886,0.9976347,0.99703526,0.99684507
6887,0.99847984,0.9988567,0.9961433
6888,0.9985971,0.9989983,0.99610084
6889,0.9990349,0.99929017,0.99541587
6890,0.9984018,0.99875253,0.99648154
6891,0.998264,0.99853694,0.99668896
6892,0.9986692,0.99908686,0.9963576
6893,0.9990359,0.9993433,0.99586624
6894,0.9991957,0.9994307,0.9967514
6895,0.99867153,0.9991358,0.9966518
6896,0.99765617,0.9970693,0.9975476
6897,0.9971747,0.99511844,0.9977816
6898,0.9979385,0.99792016,0.997376
6899,0.99893886,0.9993223,0.9963202
6900,0.99907416,0.99938667,0.99614865
6901,0.99846774,0.99887985,0.9970364
6902,0.99877846,0.99923044,0.9967895
6903,0.9988681,0.9993226,0.9967819
6904,0.9967903,0.9929347,0.9981301
6905,0.9969835,0.99407965,0.99799496
6906,0.9971367,0.9949026,0.9978894
6907,0.99714345,0.99495476,0.9978419
6908,0.9973716,0.99600714,0.9977121
6909,0.99696845,0.9941076,0.9978587
6910,0.995862,0.98737514,0.9981283
6911,0.9965489,0.99203134,0.99775934
6912,0.99762905,0.9971828,0.99718326
6913,0.9978384,0.9978064,0.9970778
6914,0.9991104,0.999536,0.9955867
6915,0.999296,0.9995923,0.9965498
6916,0.9977819,0.9976453,0.9973312
6917,0.9966191,0.99242157,0.99786776
6918,0.998804,0.9994131,0.9963001
6919,0.9984571,0.9990844,0.99685305
6920,0.9982183,0.9987158,0.9971534
6921,0.99694747,0.99423707,0.9978742
6922,0.99747497,0.99665254,0.9976071
6923,0.9982651,0.9988102,0.9971213
6924,0.9987883,0.9994518,0.996654
6925,0.9993782,0.9997147,0.9968103
6926,0.99929994,0.999559,0.9965143
6927,0.9990481,0.9992392,0.9957295
6928,0.99869853,0.99905634,0.99647224
6929,0.99749064,0.9962934,0.9975191
6930,0.9974045,0.9959553,0.99755937
6931,0.9976836,0.99702036,0.99740684
6932,0.99740326,0.9959666,0.99756706
6933,0.9984892,0.99888575,0.9968098
6934,0.9979928,0.9979588,0.9973043
6935,0.9988695,0.99929553,0.9964902
6936,0.9994294,0.999522,0.99817556
6937,0.99945444,0.99944067,0.9987378
6938,0.99938196,0.99906373,0.99839693
6939,0.9991905,0.99890906,0.99654347
6940,0.99932593,0.99901235,0.99788475
6941,0.99931145,0.9990571,0.99770075
6942,0.999305,0.9990866,0.99762756
6943,0.992842,0.979643,0.98001724
6944,0.99618226,0.9910485,0.9822836
6945,0.99725854,0.9949818,0.98656565
6946,0.99741787,0.99576026,0.99042106
6947,0.9977535,0.9968801,0.9926071
6948,0.9975871,0.9964915,0.9942002
6949,0.9978106,0.99719226,0.99500227
6950,0.9982098,0.99812406,0.9953605
6951,0.9988502,0.99891657,0.9951401
6952,0.9991959,0.99914867,0.99769175
6953,0.9991409,0.9991689,0.9972122
6954,0.9980219,0.9979092,0.9967452
6955,0.99784243,0.9974425,0.9970557
6956,0.99829555,0.9984809,0.99692917
6957,0.99843264,0.9987136,0.99698216
6958,0.998183,0.9982949,0.99730414
6959,0.99801725,0.99791867,0.997507
6960,0.99806523,0.9980336,0.9975606
6961,0.99789894,0.9975894,0.9977187
6962,0.99821883,0.9983701,0.9975949
6963,0.9982784,0.99848855,0.997622
6964,0.9986254,0.99901545,0.997426
6965,0.9990252,0.9993523,0.9970656
6966,0.9992699,0.99946827,0.99806523
6967,0.9987264,0.99903804,0.9972384
6968,0.99831134,0.9984832,0.9976618
6969,0.998634,0.9989711,0.99749434
6970,0.9987309,0.9990891,0.997488
6971,0.99854743,0.9988911,0.9977139
6972,0.99855864,0.9989136,0.99776477
6973,0.99910855,0.9993872,0.9972635
6974,0.9990287,0.99937457,0.9974581
6975,0.9988322,0.9992599,0.9977407
6976,0.9992192,0.9994896,0.99747294
6977,0.99887204,0.9993211,0.99782103
6978,0.99883544,0.9993008,0.9979052
6979,0.9986808,0.99915326,0.9980716
6980,0.99891233,0.99937373,0.9979227
6981,0.9990383,0.9994639,0.9978437
6982,0.9987277,0.9992246,0.9981615
6983,0.99922043,0.9995608,0.99770874
6984,0.99878305,0.9992936,0.9981962
6985,0.9989876,0.9994625,0.998061
6986,0.99905235,0.9995085,0.9980376
6987,0.99917287,0.99957454,0.9979461
6988,0.9992854,0.999624,0.9978426
6989,0.9992962,0.9993449,0.9986531
6990,0.9987665,0.9990377,0.9979734
6991,0.9991319,0.9993121,0.99767524
6992,0.99922794,0.9993747,0.9978604
6993,0.99940014,0.9994348,0.99930334
6994,0.998863,0.9984686,0.99502903
6995,0.9986625,0.9984554,0.99591804
6996,0.99892914,0.9987562,0.9961316
6997,0.9988859,0.9987337,0.9959953
6998,0.99725217,0.99682796,0.9861191
6999,0.9977714,0.99763227,0.98959935
7000,0.9981293,0.99820226,0.99212414
7001,0.9983812,0.9985755,0.9937722
7002,0.9985957,0.9988494,0.9948358
7003,0.9963733,0.99788487,0.98457557
7004,0.9971767,0.99840724,0.986355
7005,0.99775785,0.9987382,0.9894718
7006,0.99819285,0.99903435,0.9919276
7007,0.9982159,0.9990004,0.9937557
7008,0.9984313,0.9991706,0.994898
7009,0.9985047,0.999212,0.99573535
7010,0.9990238,0.99937296,0.9955161
7011,0.99037814,0.9981019,0.98246914
7012,0.99332273,0.9983156,0.9837902
7013,0.9949742,0.9978273,0.98587245
7014,0.9963937,0.998199,0.98871946
7015,0.9969787,0.9980399,0.9913752
7016,0.9978883,0.9990978,0.99327904
7017,0.9961116,0.9983381,0.98860425
7018,0.9972096,0.99897426,0.9911622
7019,0.99868953,0.99947625,0.9934828
7020,0.9986785,0.99952966,0.9935443
7021,0.9980265,0.99927884,0.99397963
7022,0.9978551,0.9989858,0.9951418
7023,0.9976965,0.99824595,0.99600655
7024,0.9980834,0.9989335,0.9965542
7025,0.9984122,0.99931884,0.9969964
7026,0.9988794,0.99943376,0.9973348
7027,0.99835193,0.9990726,0.9976534
7028,0.9985766,0.99934,0.9978712
7029,0.998575,0.9992902,0.9980694
7030,0.9959995,0.9987309,0.98929036
7031,0.9960819,0.9982501,0.99027735
7032,0.9970657,0.99888,0.99250925
7033,0.99737996,0.9989658,0.99362427
7034,0.9971999,0.99791604,0.9946336
7035,0.99759513,0.99837196,0.99568415
7036,0.99797237,0.99890316,0.9963822
7037,0.9979209,0.99849916,0.99692076
7038,0.9981054,0.9987243,0.9973393
7039,0.9982428,0.99891084,0.99755853
7040,0.99810207,0.9991172,0.9953701
7041,0.9976723,0.9982666,0.9961173
7042,0.99791336,0.9985363,0.99674183
7043,0.9984041,0.9991807,0.99717796
7044,0.9979892,0.99821675,0.9975443
7045,0.99855894,0.9992025,0.99760586
7046,0.998054,0.998394,0.99751604
7047,0.9981069,0.9983276,0.9978229
7048,0.9981083,0.9981283,0.9980758
7049,0.99820244,0.9982576,0.9982844
7050,0.9985973,0.9990935,0.998429
7051,0.998361,0.9984997,0.9985732
7052,0.9985501,0.9988806,0.9986822
7053,0.9973059,0.99868244,0.9930985
7054,0.9926331,0.9967338,0.98628217
7055,0.9941734,0.99350196,0.98910016
7056,0.99551845,0.99334407,0.9920839
7057,0.9969057,0.9966572,0.99429333
7058,0.99697924,0.9951699,0.99556226
7059,0.99738425,0.99611914,0.996539
7060,0.99812007,0.99846697,0.99715525
7061,0.9981223,0.9982437,0.997536
7062,0.99848354,0.9989075,0.9978209
7063,0.9980087,0.9974979,0.9979459
7064,0.99842113,0.99861246,0.99818164
7065,0.9983517,0.99832237,0.9983651
7066,0.9983817,0.9982934,0.998522
7067,0.9987172,0.99896,0.99863136
7068,0.9988913,0.9988709,0.99679244
7069,0.9983354,0.99874157,0.997007
7070,0.99792767,0.9976216,0.9971456
7071,0.9984251,0.9987178,0.9975162
7072,0.9960064,0.9968232,0.99079114
7073,0.98312193,0.99514854,0.98317623
7074,0.9877563,0.9937445,0.98400545
7075,0.9922292,0.9924683,0.98613673
7076,0.99517626,0.9947758,0.9892713
7077,0.99680054,0.9967678,0.99204105
7078,0.9957119,0.9965251,0.9888718
7079,0.99265766,0.991543,0.9872646
7080,0.99496883,0.9920496,0.9906129
7081,0.9965135,0.99408346,0.99338037
7082,0.99695605,0.99395597,0.99503875
7083,0.9975789,0.9959386,0.99625415
7084,0.99745,0.9941041,0.9969991
7085,0.99845123,0.9979927,0.99758303
7086,0.99716955,0.993881,0.9957608
7087,0.99722725,0.9927917,0.9967668
7088,0.9976975,0.9948959,0.9975096
7089,0.9984004,0.99768,0.99792916
7090,0.9985042,0.9978911,0.9979835
7091,0.9976982,0.997222,0.99424666
7092,0.9980234,0.99744374,0.9942038
7093,0.9976148,0.9965808,0.9953403
7094,0.99770385,0.99636,0.9961023
7095,0.9981465,0.9974827,0.9967826
7096,0.9983612,0.9978291,0.99727744
7097,0.9976356,0.99425673,0.99769425
7098,0.99829346,0.9972855,0.998095
7099,0.9983642,0.99756235,0.9978603
7100,0.99832,0.9976862,0.99692947
7101,0.99915075,0.9982014,0.9973018
7102,0.99696916,0.99667716,0.991859
7103,0.99644417,0.99194264,0.9938788
7104,0.99719125,0.99387574,0.99561334
7105,0.99704087,0.9918498,0.99666345
7106,0.9981462,0.9971301,0.99743664
7107,0.9973182,0.9940006,0.99603003
7108,0.9979058,0.99643695,0.9969025
7109,0.9973519,0.9924595,0.9974581
7110,0.997917,0.99570847,0.9979809
7111,0.9968779,0.9901571,0.99832356
7112,0.9987998,0.9983692,0.9985687
7113,0.99802494,0.9957289,0.99875003
7114,0.9987562,0.9982472,0.9986516
7115,0.99889576,0.9983762,0.9982243
7116,0.998879,0.99835104,0.9982173
7117,0.9983435,0.9971857,0.9983961
7118,0.9988143,0.99826443,0.99850464
7119,0.998362,0.99738115,0.9940362
7120,0.99744046,0.99548036,0.9943158
7121,0.99671566,0.99031246,0.9956843
7122,0.9980502,0.996747,0.9968014
7123,0.99854857,0.9979365,0.99725807
7124,0.9979674,0.9961484,0.99747133
7125,0.99819344,0.99690515,0.9978366
7126,0.9983767,0.99742025,0.9980938
7127,0.9983683,0.99733764,0.99830437
7128,0.9983236,0.9971337,0.99848324
7129,0.99842155,0.9974041,0.99862003
7130,0.9985908,0.99783546,0.9987172
7131,0.9983493,0.99708563,0.9988421
7132,0.9984811,0.99748653,0.9989175
7133,0.9972094,0.9896835,0.99907607
7134,0.9982543,0.9966818,0.9989541
7135,0.99883467,0.9982444,0.99893665
7136,0.9958643,0.986434,0.99921477
7137,0.996095,0.9864832,0.9993322
7138,0.9973858,0.9917354,0.99932843
7139,0.9984675,0.99758077,0.99921584
7140,0.9986232,0.9977732,0.99895567
7141,0.9961175,0.9858867,0.9992575
7142,0.99687535,0.9881887,0.99925846
7143,0.9972802,0.9916606,0.9992268
7144,0.9966554,0.98705673,0.9992834
7145,0.99874216,0.99829125,0.99882025
7146,0.99896705,0.99857986,0.99871975
7147,0.99924755,0.99870217,0.9984696
7148,0.9982097,0.9969172,0.99894387
7149,0.9968704,0.98912096,0.9991751
7150,0.9967838,0.9888016,0.9991455
7151,0.9964137,0.98634595,0.9991359
7152,0.99625915,0.9856917,0.999072
7153,0.9969086,0.9909295,0.99886495
7154,0.997095,0.9923669,0.9987524
7155,0.99809015,0.9972296,0.9983825
7156,0.99836916,0.9979691,0.99824554
7157,0.9973277,0.9939076,0.9986342
7158,0.99794716,0.9968135,0.99838275
7159,0.99846864,0.9982139,0.9981154
7160,0.99837023,0.9980295,0.9981868
7161,0.9987038,0.9986106,0.99798054
7162,0.9971916,0.99322873,0.9986441
7163,0.9985698,0.99846077,0.99801433
7164,0.9987415,0.99871606,0.9979079
7165,0.9977828,0.9963162,0.99844325
7166,0.99877596,0.99878323,0.99788034
7167,0.99870384,0.9987194,0.99796975
7168,0.9986599,0.9986786,0.99802923
7169,0.99893653,0.998995,0.99781877
7170,0.9991918,0.9991768,0.9975483
7171,0.9991724,0.9992043,0.99762815
7172,0.9993681,0.9993,0.99734885
7173,0.99910295,0.9991962,0.99778694
7174,0.99844897,0.9983889,0.99831086
7175,0.99685997,0.9911893,0.99882436
7176,0.9981886,0.99782467,0.9983396
7177,0.99915874,0.99921614,0.9975792
7178,0.99929297,0.999253,0.99738103
7179,0.9977012,0.9960172,0.9985284
7180,0.99601513,0.9852628,0.99887025
7181,0.9975455,0.9955454,0.9983668
7182,0.9956492,0.9832776,0.99875927
7183,0.99795085,0.99735487,0.99791664
7184,0.99712366,0.99368477,0.9982479
7185,0.9977813,0.99682176,0.9979355
7186,0.9979234,0.99731463,0.99786144
7187,0.9992056,0.9993035,0.99658966
7188,0.99931085,0.9989421,0.9963189
7189,0.9982463,0.9976927,0.9974356
7190,0.99769056,0.99600255,0.9977881
7191,0.99937874,0.99892026,0.99716157
7192,0.99917984,0.9989231,0.9963747
7193,0.9987816,0.99871516,0.99708265
7194,0.9977539,0.99641585,0.99788785
7195,0.9990009,0.9984268,0.99649155
7196,0.99901545,0.9979138,0.9962161
7197,0.9981237,0.99579394,0.99690026
7198,0.9986995,0.99701816,0.99633956
7199,0.99816495,0.99631846,0.99696815
7200,0.9953131,0.9802025,0.9981033
7201,0.99612474,0.98652244,0.9976018
7202,0.9964092,0.98892426,0.9972923
7203,0.9953522,0.98231196,0.9974783
7204,0.9981276,0.99733794,0.9955471
7205,0.99893576,0.99845356,0.99433905
7206,0.997438,0.9954314,0.99640805
7207,0.9970153,0.9935927,0.99668944
7208,0.9991567,0.9987918,0.9948931
7209,0.99852467,0.9984688,0.99549776
7210,0.99772614,0.99674034,0.9964042
7211,0.99757445,0.9962805,0.99657404
7212,0.9987005,0.9987012,0.9953718
7213,0.99701023,0.99385417,0.9970305
7214,0.9972498,0.99507594,0.9968477
7215,0.99797016,0.99745476,0.9961633
7216,0.9986154,0.9986011,0.9954671
7217,0.99837077,0.9983714,0.99597806
7218,0.99892414,0.99895775,0.9952019
7219,0.998596,0.99816906,0.99541146
7220,0.9982726,0.9976817,0.9958948
7221,0.99897546,0.9984038,0.99475056
7222,0.9976649,0.9959676,0.9964681
7223,0.996944,0.9927452,0.99688023
7224,0.9980413,0.9971698,0.99604666
7225,0.99861425,0.998227,0.99544203
7226,0.9984204,0.9980445,0.9958333
7227,0.99885744,0.99848306,0.9951859
7228,0.9982809,0.99793106,0.99621075
7229,0.9967778,0.9922443,0.9972978
7230,0.9971892,0.9945149,0.9969889
7231,0.9978997,0.9972396,0.99649477
7232,0.99750394,0.99598706,0.9968434
7233,0.9983706,0.9983375,0.996134
7234,0.9990256,0.99903244,0.99521923
7235,0.9991786,0.999173,0.9952155
7236,0.99857336,0.9985275,0.99604416
7237,0.99797994,0.9974971,0.9967648
7238,0.9988992,0.9987955,0.9956072
7239,0.9985793,0.99812526,0.9958575
7240,0.99920326,0.99866587,0.9963623
7241,0.99766475,0.9961226,0.9968494
7242,0.99747974,0.99549115,0.99699366
7243,0.9987849,0.9985181,0.9957224
7244,0.9973933,0.995286,0.99715996
7245,0.99847454,0.99833775,0.99630183
7246,0.99903864,0.99891376,0.9955359
7247,0.9984577,0.9984838,0.99659467
7248,0.9990592,0.99907637,0.99580806
7249,0.9986951,0.99871624,0.99638003
7250,0.9989983,0.9988415,0.9958488
7251,0.99813235,0.9970576,0.99638164
7252,0.9985979,0.9979415,0.9959869
7253,0.9982148,0.99747384,0.99656093
7254,0.99896765,0.9984762,0.99566776
7255,0.99903625,0.9984543,0.99554425
7256,0.9980336,0.99713236,0.9968241
7257,0.99672025,0.9913856,0.9975688
7258,0.9968806,0.9925115,0.9974371
7259,0.99879,0.9985092,0.9958308
7260,0.9981385,0.99734503,0.9964119
7261,0.9986168,0.99820393,0.99600065
7262,0.9982177,0.9973942,0.99624354
7263,0.9988339,0.9981197,0.9953503
7264,0.9988824,0.9981856,0.995291
7265,0.99832934,0.9976932,0.996233
7266,0.9985641,0.99808645,0.9960615
7267,0.99809897,0.9973085,0.99657565
7268,0.99748623,0.99543124,0.9970959
7269,0.99721456,0.9942777,0.9972744
7270,0.99848634,0.9981892,0.99635315
7271,0.9973882,0.9948856,0.9968876
7272,0.9973627,0.994863,0.99696654
7273,0.99768436,0.99620205,0.99682367
7274,0.9978055,0.9966624,0.99680936
7275,0.99858296,0.9983171,0.9961491
7276,0.99883974,0.9986555,0.9959343
7277,0.99900925,0.9988313,0.99576634
7278,0.9987959,0.9987831,0.9962959
7279,0.997496,0.9958822,0.99749285
7280,0.9964454,0.9902342,0.99789125
7281,0.99663913,0.9916535,0.9977112
7282,0.997824,0.9972347,0.9970436
7283,0.99922913,0.9991983,0.9965163
7284,0.99911153,0.9988661,0.995918
7285,0.99873763,0.99815667,0.9953022
7286,0.9976075,0.9959037,0.99661374
7287,0.9970167,0.9933633,0.997027
7288,0.9973194,0.9949235,0.9968755
7289,0.9978072,0.9967927,0.9966001
7290,0.99827677,0.99796206,0.9962811
7291,0.99828196,0.9980429,0.9964015
7292,0.9985081,0.9984519,0.9962756
7293,0.9989095,0.9988434,0.9957652
7294,0.99860746,0.9986301,0.9963378
7295,0.99888825,0.9989242,0.99605006
7296,0.99933964,0.99908847,0.9981734
7297,0.99907297,0.9988966,0.99581236
7298,0.9982208,0.99805456,0.9969129
7299,0.9990903,0.9990469,0.9958697
7300,0.99899656,0.99908614,0.9962312
7301,0.99880165,0.99901956,0.9966748
7302,0.9993713,0.99932104,0.99848396
7303,0.99925095,0.9992706,0.99723
7304,0.99920005,0.99884784,0.99724776
7305,0.9987145,0.9986316,0.9964482
7306,0.99886256,0.99882716,0.9964034
7307,0.9991367,0.999047,0.9966099
7308,0.99916273,0.99912524,0.9968103
7309,0.9993263,0.99922866,0.99840254
7310,0.99885994,0.9984358,0.99550855
7311,0.99750966,0.9956287,0.9969726
7312,0.9978314,0.99681616,0.99696094
7313,0.99756676,0.99592173,0.99723643
7314,0.998916,0.9987595,0.99618876
7315,0.99919456,0.9989798,0.99733394
7316,0.9981739,0.9979141,0.99724346
7317,0.9979101,0.9972609,0.99748784
7318,0.99889797,0.9989478,0.99669427
7319,0.9982386,0.9981398,0.99744815
7320,0.99807185,0.9977733,0.99761313
7321,0.99807477,0.9977893,0.9976545
7322,0.99926406,0.99922734,0.9976763
7323,0.9991657,0.9992324,0.99671143
7324,0.9982656,0.99830765,0.9977256
7325,0.9992788,0.9993312,0.9977127
7326,0.99826044,0.9983283,0.9978226
7327,0.9982839,0.9983794,0.99784166
7328,0.99871844,0.9990387,0.99755
7329,0.9986948,0.9990301,0.9976283
7330,0.9985897,0.9989171,0.9977664
7331,0.998596,0.9989344,0.9978048
7332,0.99862516,0.99898016,0.9978239
7333,0.998766,0.9991468,0.9977488
7334,0.9987123,0.9991023,0.99784106
7335,0.99847716,0.99879205,0.99805
7336,0.9990758,0.9994016,0.99754536
7337,0.999303,0.9995078,0.9974382
7338,0.99933887,0.99954045,0.99781454
7339,0.99937904,0.99956745,0.9982706
7340,0.99936837,0.9995072,0.9983204
7341,0.9990491,0.99936706,0.9976909
7342,0.9990627,0.99938047,0.99771357
7343,0.99941236,0.9995186,0.998908
7344,0.9993908,0.9995099,0.9986429
7345,0.99921834,0.9994719,0.9975957
7346,0.99943805,0.9995486,0.9992145
7347,0.9992964,0.99945027,0.9976621
7348,0.9989863,0.99933136,0.99791604
7349,0.9992179,0.99946237,0.99768305
7350,0.99928164,0.9995034,0.99764216
7351,0.9988215,0.9992483,0.99819326
7352,0.9991804,0.9994938,0.99787605
7353,0.99933714,0.99956006,0.99793154
7354,0.9993038,0.9995655,0.99779475
7355,0.9992361,0.9995597,0.99793977
7356,0.998939,0.9994078,0.99828255
7357,0.99939674,0.9996034,0.9986179
7358,0.9991729,0.9995409,0.9980912
7359,0.9992045,0.9995639,0.9980913
7360,0.9988445,0.9993356,0.9984418
7361,0.9988694,0.9993597,0.9984459
7362,0.99940723,0.99962646,0.9986557
7363,0.9991729,0.99955636,0.99821615
7364,0.99916005,0.99955827,0.99826056
7365,0.9992533,0.99960357,0.9981883
7366,0.99924845,0.9996105,0.9982266
7367,0.99946904,0.99967474,0.99940556
7368,0.99904484,0.99951124,0.99845177
7369,0.9992628,0.9996214,0.9982665
7370,0.9989331,0.99943817,0.99858016
7371,0.99909115,0.9995506,0.99848187
7372,0.99921864,0.99961686,0.99838763
7373,0.9994002,0.99967885,0.99831986
7374,0.99925804,0.9996455,0.99839944
7375,0.9993381,0.99967694,0.99833363
7376,0.9993922,0.9996976,0.9982912
7377,0.9991877,0.9994999,0.99839014
7378,0.99960643,0.9995851,0.99960315
7379,0.9998917,0.999569,0.9998841
7380,0.99994874,0.9994919,0.9999331
7381,0.99961394,0.9994134,0.99959445
7382,0.99990344,0.9994174,0.9998787
7383,0.9991836,0.998562,0.997712
7384,0.9989701,0.9983703,0.99723357
7385,0.99897116,0.9984591,0.9973953
7386,0.99907166,0.9985973,0.9974277
7387,0.9989688,0.9986034,0.9976533
7388,0.9992106,0.9987911,0.99796677
7389,0.9990786,0.9986754,0.99752146
7390,0.99900806,0.9986792,0.99767023
7391,0.9991093,0.9987919,0.99766374
7392,0.99923193,0.99889964,0.99818194
7393,0.9989885,0.99880856,0.9979342
7394,0.9991207,0.9989255,0.9978739
7395,0.9991209,0.99896467,0.9979388
7396,0.9992281,0.99904907,0.99803317
7397,0.99929935,0.9991088,0.9987498
7398,0.9991147,0.9983872,0.9972268
7399,0.99915165,0.99844366,0.9976068
7400,0.9996154,0.9977747,0.99523044
7401,0.99827015,0.9972199,0.9909601
7402,0.9985934,0.9979236,0.99298626
7403,0.9984509,0.9980196,0.99457246
7404,0.9985924,0.9983083,0.9954464
7405,0.9989301,0.99868226,0.9959037
7406,0.9986593,0.9985554,0.9965964
7407,0.9988622,0.99879366,0.9968401
7408,0.9994668,0.9990076,0.9982009
7409,0.9996797,0.9987538,0.9963981
7410,0.99911773,0.9983301,0.9925675
7411,0.99819964,0.9982849,0.9915805
7412,0.99839574,0.99857515,0.9934711
7413,0.9986714,0.99887824,0.99463475
7414,0.99869317,0.9989577,0.99555534
7415,0.9989192,0.9991384,0.9965442
7416,0.99883366,0.99910945,0.9959966
7417,0.99915147,0.9991007,0.99595004
7418,0.9984444,0.99888563,0.9939856
7419,0.99867654,0.9990928,0.9949082
7420,0.9992679,0.9991574,0.9955732
7421,0.99802274,0.9988742,0.9908745
7422,0.9980519,0.9988186,0.9930325
7423,0.9983017,0.9990148,0.99442905
7424,0.9975989,0.9988928,0.98995984
7425,0.9966723,0.9985908,0.98801947
7426,0.9974771,0.9989215,0.9907415
7427,0.99725926,0.99776965,0.9929714
7428,0.9976125,0.99906534,0.99148643
7429,0.99771637,0.9988371,0.99341834
7430,0.9978082,0.99865013,0.99476683
7431,0.997986,0.99874437,0.9957097
7432,0.99818075,0.9989386,0.99637777
7433,0.99808496,0.99859244,0.99690974
7434,0.99818605,0.99868697,0.9973067
7435,0.9983738,0.99897194,0.99759877
7436,0.99890345,0.99941957,0.9970199
7437,0.9932508,0.9985107,0.98476166
7438,0.99581975,0.99882036,0.98688596
7439,0.9761141,0.9953398,0.98240906
7440,0.9837772,0.99488854,0.9828457
7441,0.99113303,0.99582535,0.9839525
7442,0.97369,0.9899933,0.9825162
7443,0.97379017,0.9754025,0.9824743
7444,0.98639995,0.9750915,0.9828923
7445,0.9934717,0.9799115,0.9849308
7446,0.99630886,0.9869726,0.98887354
7447,0.99707127,0.98943025,0.99249125
7448,0.9981502,0.99414176,0.99474764
7449,0.99852014,0.9953804,0.99592507
7450,0.999208,0.99615765,0.9966701
7451,0.99817044,0.9950068,0.9963153
7452,0.9986792,0.99636436,0.9968899
7453,0.9989614,0.99588007,0.994795
7454,0.9981703,0.9954854,0.9926372
7455,0.99746823,0.99357647,0.9941043
7456,0.99830645,0.9963707,0.9954915
7457,0.9984285,0.9966008,0.9941377
7458,0.9972195,0.993793,0.9926578
7459,0.99704576,0.9915315,0.9946528
7460,0.9975579,0.9940497,0.9960619
7461,0.9981125,0.99635035,0.9968334
7462,0.99854237,0.9974627,0.99726284
7463,0.9977836,0.9947175,0.99772966
7464,0.99741995,0.99227154,0.99810857
7465,0.997673,0.9939054,0.9983971
7466,0.99883634,0.9980801,0.9983939
7467,0.99908435,0.9983033,0.9982663
7468,0.9989571,0.99804294,0.9977782
7469,0.99881494,0.9978144,0.9973506
7470,0.99835616,0.99703383,0.9977671
7471,0.998613,0.99763674,0.99795777
7472,0.99868596,0.99779636,0.9981293
7473,0.9974063,0.99222,0.9984424
7474,0.99826413,0.99678737,0.99853534
7475,0.99823487,0.99667656,0.9986478
7476,0.9983239,0.996972,0.99872047
7477,0.9990307,0.99831307,0.99855006
7478,0.9979373,0.99537814,0.9987876
7479,0.9989234,0.9981989,0.99862623
7480,0.99856865,0.9976353,0.9987966
7481,0.99785864,0.99498814,0.9989784
7482,0.9988502,0.99815744,0.9987935
7483,0.99918455,0.99849015,0.998664
7484,0.9975443,0.99316627,0.99907887
7485,0.9961301,0.98539686,0.9992347
7486,0.99603707,0.9848659,0.9992568
7487,0.9970429,0.99054456,0.9991321
7488,0.9989899,0.9985817,0.99852747
7489,0.99790686,0.9958994,0.99893993
7490,0.99777883,0.9951133,0.9988211
7491,0.99810445,0.99651307,0.9987313
7492,0.99771875,0.9948814,0.99883395
7493,0.99782676,0.99544513,0.99879265
7494,0.9965926,0.9875711,0.999009
7495,0.9975361,0.99427146,0.99875236
7496,0.9985656,0.99794835,0.9983354
7497,0.9987845,0.9983004,0.9982077
7498,0.9985252,0.9979314,0.9983836
7499,0.99933684,0.998573,0.9982799
7500,0.9981813,0.9967931,0.9983997
7501,0.99763125,0.99463695,0.9985876
7502,0.99704015,0.99123925,0.9987046
7503,0.9992827,0.99849474,0.99751675
7504,0.9991546,0.9980711,0.9972803
7505,0.9985557,0.99758124,0.9979323
7506,0.9993237,0.9980362,0.9983374
7507,0.99887973,0.9949896,0.99352175
7508,0.99856234,0.99565893,0.9948868
7509,0.9989485,0.9965905,0.99518394
7510,0.9985004,0.99448675,0.9891128
7511,0.9983796,0.9953691,0.9895517
7512,0.99695975,0.99297315,0.98653746
7513,0.9979619,0.9961097,0.9896093
7514,0.99819714,0.9969651,0.9910487
7515,0.997924,0.99676186,0.9932763
7516,0.9986327,0.9980782,0.9941961
7517,0.9988146,0.9981966,0.9938461
7518,0.9983748,0.9980014,0.99430233
7519,0.99836797,0.99809724,0.9953264
7520,0.9983694,0.99815965,0.99603117
7521,0.998864,0.99872094,0.995706
7522,0.9982039,0.99790853,0.9966626
7523,0.99708354,0.9932357,0.99735117
7524,0.9953921,0.984884,0.9979166
7525,0.99554825,0.9846975,0.99819785
7526,0.99834585,0.99832505,0.99758875
7527,0.9989019,0.9990335,0.9972731
7528,0.99910784,0.99918413,0.99714804
7529,0.99881345,0.9988228,0.99675
7530,0.9970251,0.9931542,0.9978088
7531,0.9980576,0.9975939,0.99736595
7532,0.99884003,0.9987953,0.9965972
7533,0.99876624,0.99879533,0.99692523
7534,0.99906224,0.99894834,0.9967381
7535,0.99769735,0.99712956,0.98714733
7536,0.99833053,0.9981551,0.99021965
7537,0.9950976,0.9871975,0.98717725
7538,0.99573696,0.98806936,0.99113476
7539,0.9982372,0.99848944,0.9931122
7540,0.9979058,0.99794775,0.9938072
7541,0.9983386,0.99870044,0.99406534
7542,0.9973036,0.99594873,0.99488515
7543,0.9971651,0.99514276,0.99556994
7544,0.99547213,0.98591006,0.9966373
7545,0.9971878,0.9949509,0.9970581
7546,0.9930726,0.98178846,0.9979089
7547,0.99419624,0.9825559,0.99814147
7548,0.99746597,0.99628556,0.99757046
7549,0.9979468,0.9978602,0.99743557
7550,0.99681777,0.9930588,0.99795556
7551,0.99721175,0.9951741,0.99783885
7552,0.9978838,0.9977048,0.99756926
7553,0.9990117,0.9993803,0.996622
7554,0.9956038,0.9852566,0.9983559
7555,0.9986109,0.9991277,0.99692625
7556,0.99553734,0.9852069,0.9983093
7557,0.99724543,0.9956893,0.99764514
7558,0.99640495,0.9912221,0.99792993
7559,0.99910134,0.99952173,0.9959098
7560,0.9989535,0.9994839,0.9962078
7561,0.9981778,0.99858326,0.99709755
7562,0.998805,0.9993588,0.99650073
7563,0.9987085,0.9991674,0.99641925
7564,0.99840003,0.99884796,0.9968999
7565,0.9979353,0.99794656,0.99734706
7566,0.99657327,0.9919733,0.9979693
7567,0.9984792,0.9989926,0.9968692
7568,0.999069,0.99947804,0.9961695
7569,0.99765605,0.9971863,0.9976529
7570,0.9969191,0.9939287,0.9978867
7571,0.99528545,0.9837817,0.99824893
7572,0.99530303,0.98439175,0.99803066
7573,0.99529654,0.9847978,0.9977914
7574,0.9989261,0.99947774,0.99495757
7575,0.9984304,0.9990942,0.9959696
7576,0.99785995,0.9980554,0.9965897
7577,0.99808455,0.998546,0.9964937
7578,0.998915,0.9995073,0.9955346
7579,0.99803174,0.9983656,0.9965868
7580,0.9979752,0.99822783,0.99668634
7581,0.9979134,0.9980027,0.9966566
7582,0.9961971,0.9902126,0.99756
7583,0.996027,0.98934,0.9974877
7584,0.99715436,0.9956327,0.9968489
7585,0.99649745,0.9923743,0.9971683
7586,0.99698573,0.9949682,0.9968585
7587,0.99609935,0.9901566,0.9972322
7588,0.99572325,0.98798203,0.99719095
7589,0.9969468,0.995046,0.99644595
7590,0.99791384,0.9982739,0.9957308
7591,0.99498564,0.9836951,0.9973438
7592,0.9983727,0.9990323,0.99463964
7593,0.9990899,0.9993345,0.99498355
7594,0.99793535,0.9981835,0.99520177
7595,0.9988055,0.99931854,0.9940542
7596,0.9990015,0.9994774,0.99409264
7597,0.99846447,0.99908173,0.9951752
7598,0.99686474,0.9945548,0.99675786
7599,0.9982763,0.99888706,0.9956219
7600,0.99735916,0.99663866,0.99659413
7601,0.99702543,0.99529606,0.9968341
7602,0.99783236,0.99807334,0.9962998
7603,0.9978071,0.99801064,0.9964222
7604,0.9964607,0.9923855,0.997255
7605,0.99699193,0.9951763,0.9969318
7606,0.9991609,0.9996571,0.9946782
7607,0.9982006,0.9984689,0.9953641
7608,0.99749583,0.99678046,0.9962193
7609,0.99879616,0.9992081,0.9947459
7610,0.99929726,0.9994273,0.99709404
7611,0.99842,0.99878764,0.9954547
7612,0.99860936,0.99904454,0.99538875
7613,0.9975313,0.9968826,0.9966701
7614,0.9974154,0.9964845,0.9967964
7615,0.99717385,0.9955284,0.99696815
7616,0.9977985,0.997724,0.9965681
7617,0.9989976,0.99941945,0.9950969
7618,0.99898225,0.9994387,0.9953261
7619,0.999106,0.9995259,0.9952596
7620,0.9984229,0.99899566,0.9964803
7621,0.9982884,0.9987721,0.996651
7622,0.9982054,0.99862313,0.9967921
7623,0.9974145,0.99640703,0.997392
7624,0.9987139,0.9992856,0.99631363
7625,0.9982655,0.99867743,0.99680674
7626,0.99857366,0.99911124,0.9965737
7627,0.99862826,0.9991121,0.9964866
7628,0.9988509,0.99929065,0.99624383
7629,0.99880713,0.999294,0.99645454
7630,0.9963537,0.990555,0.9980333
7631,0.9971054,0.9949461,0.9976588
7632,0.9985373,0.9990924,0.9966763
7633,0.9970159,0.99451625,0.9977383
7634,0.99826,0.99871606,0.9969878
7635,0.9993133,0.99960226,0.99684685
7636,0.99918526,0.99959314,0.99590254
7637,0.99877995,0.99935114,0.9966385
7638,0.99873126,0.999315,0.9967837
7639,0.9983215,0.99872404,0.99712783
7640,0.9987153,0.999171,0.9967024
7641,0.99780875,0.9974933,0.9975437
7642,0.9984578,0.99890506,0.9971084
7643,0.99841297,0.9987898,0.9971343
7644,0.99768364,0.99702686,0.9976804
7645,0.997941,0.9978177,0.99754995
7646,0.99747074,0.99622065,0.99781454
7647,0.9984398,0.99885637,0.9972103
7648,0.9992809,0.99951255,0.9966827
7649,0.999198,0.99952215,0.99637383
7650,0.9993954,0.9995599,0.9980643
7651,0.9992439,0.9995053,0.99645036
7652,0.99786156,0.9975957,0.99786687
7653,0.9990829,0.9994648,0.9967542
7654,0.9993399,0.99947524,0.99767315
7655,0.9993717,0.99949974,0.9980369
7656,0.9990986,0.99933386,0.99664104
7657,0.9987114,0.99879074,0.9968804
7658,0.9987932,0.9989127,0.9968848
7659,0.9989644,0.99908257,0.99675685
7660,0.9979224,0.99741864,0.9977595
7661,0.99779266,0.99701285,0.99784446
7662,0.9974983,0.9958959,0.99798125
7663,0.9979039,0.99738497,0.9977799
7664,0.9981659,0.99808335,0.9976456
7665,0.99933887,0.9993284,0.99789286
7666,0.99919057,0.99930745,0.99660736
7667,0.9980976,0.99792665,0.99778336
7668,0.99855983,0.99880964,0.99748725
7669,0.9987804,0.9989618,0.99720883
7670,0.9981136,0.99783295,0.997747
7671,0.9979479,0.997368,0.99784654
7672,0.997856,0.9970866,0.9979056
7673,0.99871635,0.99888206,0.9973163
7674,0.99790263,0.9972626,0.9979405
7675,0.998428,0.9985253,0.9976339
7676,0.9984905,0.9986406,0.9976278
7677,0.9991574,0.99926203,0.99690837
7678,0.9988248,0.9986548,0.9970258
7679,0.99837345,0.99807364,0.9974906
7680,0.99884564,0.9987277,0.99710125
7681,0.9993012,0.99892545,0.99793136
7682,0.998798,0.99860495,0.9971119
7683,0.999168,0.9989011,0.9966611
7684,0.99842566,0.9982524,0.9976196
7685,0.99912536,0.99899197,0.9969055
7686,0.9994137,0.9991099,0.9991993
7687,0.999247,0.9988155,0.99759465
7688,0.9985923,0.9982792,0.9973001
7689,0.9985756,0.9983086,0.9973908
7690,0.9985307,0.9982885,0.99749535
7691,0.99916637,0.9988916,0.996806
7692,0.99845314,0.99827665,0.99769765
7693,0.9982982,0.9980033,0.9978417
7694,0.9983956,0.99820495,0.99780387
7695,0.99862474,0.9985879,0.997672
7696,0.99864936,0.99864626,0.99769765
7697,0.9986023,0.99860847,0.99777895
7698,0.99885464,0.99891275,0.9975974
7699,0.9990951,0.99910796,0.99736613
7700,0.99936193,0.9992433,0.9983739
7701,0.99932265,0.9991689,0.9980391
7702,0.9990176,0.99903834,0.9974967
7703,0.99882305,0.99892384,0.9977608
7704,0.9992187,0.9991981,0.9973246
7705,0.9988332,0.9989984,0.99785477
7706,0.99920374,0.9992551,0.99746644
7707,0.99922395,0.9992975,0.99749815
7708,0.99895674,0.9991802,0.99788064
7709,0.99911505,0.9992446,0.99769807
7710,0.99936384,0.9988064,0.9991094
7711,0.9989967,0.9967911,0.99437815
7712,0.9982833,0.99662447,0.9938469
7713,0.9987681,0.99757457,0.9945279
7714,0.9986798,0.9977909,0.99544656
7715,0.9986388,0.9979369,0.9960451
7716,0.99863756,0.9980697,0.9964535
7717,0.998713,0.998257,0.9966992
7718,0.99903834,0.99859774,0.99659735
7719,0.9989873,0.9985976,0.9966674
7720,0.9986923,0.99843943,0.9971887
7721,0.99914473,0.9988282,0.99735934
7722,0.99877214,0.9986384,0.9974276
7723,0.99877954,0.9986873,0.99754393
7724,0.9988108,0.9987541,0.99762374
7725,0.99914473,0.99901396,0.99736816
7726,0.99902564,0.9990025,0.99761546
7727,0.9980876,0.997397,0.9979469
7728,0.99860317,0.99848205,0.99776644
7729,0.9990394,0.9989254,0.9974881
7730,0.9988121,0.9987955,0.9978
7731,0.99917483,0.9990663,0.9975545
7732,0.99931794,0.9991243,0.99903446
7733,0.9992563,0.99904317,0.9984279
7734,0.9991518,0.999031,0.9974972
7735,0.99921787,0.9991034,0.99799836
7736,0.9990085,0.99900985,0.99777675
7737,0.99903506,0.9990277,0.9977661
7738,0.99952936,0.9990737,0.99916077
7739,0.999141,0.99854726,0.9973975
7740,0.9990919,0.99861425,0.9969903
7741,0.99912125,0.9987083,0.9973172
7742,0.99917686,0.99880224,0.9978894
7743,0.9990059,0.99877596,0.9969328
7744,0.9989917,0.99883676,0.9971701
7745,0.9989268,0.9988488,0.9974127
7746,0.99919474,0.9990353,0.9980892
7747,0.9990733,0.99884826,0.99701244
7748,0.999116,0.9989348,0.9974199
7749,0.9989453,0.9988552,0.9972437
7750,0.9991881,0.9990277,0.9981288
7751,0.99918103,0.9990567,0.9980516
7752,0.9995176,0.9991099,0.99891824
7753,0.99892837,0.998858,0.9972459
7754,0.9991455,0.99902356,0.9977629
7755,0.9992145,0.99908787,0.99843717
7756,0.99913067,0.9990527,0.9976286
7757,0.9992214,0.9991092,0.99852216
7758,0.9987823,0.99855983,0.99588346
7759,0.99920803,0.99883896,0.9974608
7760,0.9994392,0.99845636,0.99510294
7761,0.999374,0.9985701,0.9950893
7762,0.99888027,0.99873346,0.9953186
7763,0.9988124,0.99880576,0.995129
7764,0.9986312,0.99874365,0.9960073
7765,0.9985679,0.99870825,0.996566
7766,0.9987031,0.9988816,0.996885
7767,0.9989286,0.99909115,0.99704474
7768,0.9986774,0.998829,0.9958765
7769,0.9988264,0.9989809,0.996104
7770,0.99879813,0.99900645,0.99660337
7771,0.99881303,0.9990424,0.996853
7772,0.9989093,0.99913615,0.99708146
7773,0.99906147,0.99924684,0.99768317
7774,0.9991589,0.99883735,0.99415326
7775,0.99834204,0.9986752,0.99425894
7776,0.9984171,0.9987643,0.99530196
7777,0.99865055,0.99901676,0.99595165
7778,0.9988704,0.9991993,0.9963893
7779,0.9993109,0.9992433,0.99704087
7780,0.9988573,0.9992317,0.99664134
7781,0.99856424,0.9989668,0.99716413
7782,0.9989259,0.99930006,0.9972914
7783,0.9989537,0.99932957,0.9975237
7784,0.998692,0.999108,0.99784935
7785,0.9988215,0.99923605,0.9979616
7786,0.9990081,0.9993767,0.99801147
7787,0.99860835,0.9989914,0.99752665
7788,0.9986209,0.9989941,0.9977495
7789,0.99867105,0.9990459,0.9979201
7790,0.9987666,0.9991474,0.9980431
7791,0.99887323,0.9992463,0.9981348
7792,0.99883854,0.9992127,0.99826604
7793,0.99899966,0.99934244,0.9982963
7794,0.99902564,0.9993351,0.99807227
7795,0.9989564,0.9992951,0.99822766
7796,0.9985147,0.9987318,0.99847937
7797,0.9993017,0.99939764,0.99864745
7798,0.9984692,0.99882543,0.9947323
7799,0.9982776,0.9985549,0.9957372
7800,0.99832493,0.9985752,0.9963991
7801,0.9984952,0.9988042,0.9968544
7802,0.9987558,0.99909115,0.9971494
7803,0.9986034,0.9989444,0.9968368
7804,0.9981885,0.9981796,0.99718773
7805,0.99818337,0.99808407,0.9975308
7806,0.9984909,0.9987041,0.997738
7807,0.99865556,0.99893385,0.99790496
7808,0.99915236,0.9992634,0.9980119
7809,0.99887437,0.9990504,0.99626887
7810,0.9987737,0.999076,0.99669284
7811,0.9987428,0.9990619,0.9963209
7812,0.997534,0.99667823,0.9952024
7813,0.9985129,0.9988854,0.9959555
7814,0.9978321,0.99723166,0.99670124
7815,0.9977791,0.9968042,0.9972136
7816,0.9981915,0.9980729,0.9975497
7817,0.99842554,0.9985566,0.9977805
7818,0.99874234,0.99901956,0.9979143
7819,0.9976276,0.99629647,0.99662596
7820,0.99779874,0.9967907,0.9971467
7821,0.9973248,0.994064,0.9976106
7822,0.9981209,0.9976757,0.99790037
7823,0.9983933,0.99835265,0.99806505
7824,0.99843603,0.9984106,0.99822164
7825,0.99885625,0.9990426,0.9982458
7826,0.9982076,0.99781436,0.99805015
7827,0.998541,0.99856544,0.99816436
7828,0.99861157,0.9986691,0.9982888
7829,0.99888617,0.99901736,0.99832594
7830,0.9976615,0.9952305,0.9986613
7831,0.9971555,0.9918727,0.998831
7832,0.9976219,0.99495494,0.99890924
7833,0.99814415,0.99736166,0.99890697
7834,0.9985955,0.9985617,0.99885863
7835,0.9978629,0.9961253,0.99903506
7836,0.9984439,0.9982,0.9989684
7837,0.99820864,0.99749285,0.9990452
7838,0.9974601,0.99379045,0.99917567
7839,0.99904126,0.9991012,0.99882644
7840,0.99804515,0.996813,0.998825
7841,0.99736434,0.9931919,0.9989556
7842,0.997378,0.9933394,0.9990015
7843,0.9986996,0.9985675,0.99874115
7844,0.99874705,0.9986363,0.9987526
7845,0.99913734,0.99901533,0.9985683
7846,0.9988213,0.998474,0.99819183
7847,0.99813867,0.99693996,0.99810207
7848,0.99753475,0.99422055,0.99836653
7849,0.9979266,0.99615437,0.99842066
7850,0.99743694,0.9936533,0.9986029
7851,0.9966239,0.98801655,0.99878883
7852,0.9973007,0.9930895,0.99874204
7853,0.9976183,0.9949657,0.9986991
7854,0.9973372,0.99343854,0.9987703
7855,0.997449,0.9941634,0.998743
7856,0.99710995,0.9921758,0.99880165
7857,0.99856794,0.9982493,0.99830025
7858,0.99794185,0.9965966,0.99858403
7859,0.9980934,0.9971254,0.9985292
7860,0.99833804,0.99780583,0.9984315
7861,0.99922585,0.99891514,0.99775577
7862,0.9984663,0.99809134,0.99838483
7863,0.99825734,0.9976179,0.998493
7864,0.99930197,0.9989411,0.9980483
7865,0.9978252,0.9953928,0.99786717
7866,0.9986296,0.99745804,0.9973511
7867,0.9985143,0.9973857,0.99756104
7868,0.99873066,0.9977894,0.9975082
7869,0.9972526,0.9927407,0.99824476
7870,0.99828917,0.9971546,0.9978766
7871,0.9990553,0.9982737,0.99730295
7872,0.99827,0.996969,0.99769837
7873,0.99865717,0.99775153,0.9975152
7874,0.997195,0.9925583,0.9982433
7875,0.9990013,0.9977696,0.99665874
7876,0.9989314,0.9979052,0.99692583
7877,0.99770814,0.99521846,0.99784935
7878,0.99862176,0.9977646,0.99739414
7879,0.9983974,0.9974723,0.99764115
7880,0.9988248,0.99814487,0.99735373
7881,0.99900717,0.99837816,0.9972279
7882,0.9959454,0.98364025,0.9965055
7883,0.9971328,0.9917224,0.9916055
7884,0.9988712,0.99659944,0.99316776
7885,0.99425733,0.9900013,0.98118424
7886,0.99640983,0.99369884,0.9818653
7887,0.9966464,0.99384034,0.98617846
7888,0.9953527,0.9852414,0.98929596
7889,0.99694604,0.9938571,0.9925266
7890,0.9981062,0.9977554,0.9938308
7891,0.99341214,0.981861,0.9960032
7892,0.99705553,0.9939468,0.9963917
7893,0.9976984,0.996715,0.9965518
7894,0.9956527,0.9849138,0.997445
7895,0.9987984,0.9989275,0.99606425
7896,0.9965532,0.99130017,0.9961666
7897,0.9952752,0.98341227,0.9968875
7898,0.9954944,0.9848677,0.9971255
7899,0.9956577,0.98634064,0.99715894
7900,0.99908036,0.9991623,0.99625975
7901,0.9992432,0.99926484,0.99770087
7902,0.9990862,0.9985944,0.99553376
7903,0.9960743,0.98935944,0.9942829
7904,0.99539506,0.98516905,0.9954678
7905,0.99534976,0.985238,0.9959701
7906,0.99470294,0.98177093,0.99635404
7907,0.99605393,0.99039733,0.99574095
7908,0.997552,0.99722004,0.9947162
7909,0.9979947,0.99828374,0.9945195
7910,0.99882996,0.9992696,0.99414825
7911,0.9989764,0.9993452,0.99520737
7912,0.9992849,0.99931633,0.9980036
7913,0.99905807,0.99913996,0.9959964
7914,0.99898815,0.99916935,0.99551976
7915,0.9980073,0.99825203,0.9948309
7916,0.9980498,0.9983751,0.9951444
7917,0.99812347,0.99853915,0.9953643
7918,0.9973919,0.9967263,0.99624467
7919,0.9978997,0.99814963,0.99597514
7920,0.99593914,0.9894075,0.99718744
7921,0.99749404,0.9971422,0.99629307
7922,0.9977534,0.9978771,0.9961989
7923,0.9972934,0.9964521,0.99664015
7924,0.9970055,0.9952863,0.9968516
7925,0.9968649,0.994657,0.9969294
7926,0.9959225,0.9894565,0.99729556
7927,0.9969053,0.99498725,0.9967222
7928,0.99645025,0.9927274,0.9969383
7929,0.9958347,0.9892284,0.9971122
7930,0.99668115,0.9941299,0.9965825
7931,0.9980099,0.9986188,0.99558413
7932,0.99705577,0.99581337,0.99650145
7933,0.9984797,0.99929535,0.9952214
7934,0.998374,0.99919564,0.99560034
7935,0.9974192,0.99712497,0.9966422
7936,0.99737036,0.9969508,0.99673015
7937,0.9983827,0.99922097,0.995916
7938,0.99890643,0.99965775,0.9952775
7939,0.9982948,0.9990988,0.9962641
7940,0.9972306,0.9963478,0.997162
7941,0.9981572,0.9988889,0.9965462
7942,0.9979056,0.99837106,0.99678457
7943,0.9989727,0.99963325,0.9953549
7944,0.9974537,0.99694896,0.996952
7945,0.99860924,0.99934155,0.99595726
7946,0.99892676,0.9995801,0.9956127
7947,0.9992812,0.9995594,0.9970744
7948,0.99879533,0.99928796,0.99544847
7949,0.9978958,0.9979717,0.996602
7950,0.9992015,0.99943733,0.99666643
7951,0.99878967,0.99925536,0.9956579
7952,0.99892086,0.99931633,0.9954808
7953,0.9981912,0.9985538,0.99662167
7954,0.99906933,0.9994153,0.99568015
7955,0.9968702,0.9936697,0.99693704
7956,0.99616265,0.9896222,0.99724287
7957,0.9980591,0.998105,0.99610204
7958,0.99840504,0.99871737,0.99590105
7959,0.9980456,0.9981483,0.9964449
7960,0.99925524,0.9993782,0.9974595
7961,0.99920774,0.999207,0.9972615
7962,0.9989068,0.9990052,0.9949903
7963,0.99863714,0.99886084,0.9955922
7964,0.9978962,0.997682,0.99657214
7965,0.99824816,0.9984269,0.99636966
7966,0.9981252,0.99823,0.9966338
7967,0.9985798,0.9989396,0.99630946
7968,0.99583787,0.9873013,0.9978807
7969,0.998671,0.99910814,0.99608177
7970,0.9989439,0.99933773,0.99582314
7971,0.9975619,0.99688584,0.997334
7972,0.99749595,0.9966498,0.99739593
7973,0.9976823,0.997285,0.99731404
7974,0.9991212,0.99948066,0.9959632
7975,0.9985301,0.99893945,0.996516
7976,0.99898195,0.9991708,0.9956234
7977,0.9983059,0.9985049,0.9965998
7978,0.99684024,0.99333274,0.9975584
7979,0.9968296,0.9932956,0.99743325
7980,0.99909663,0.9992454,0.9962251
7981,0.9991328,0.9993146,0.9965007
7982,0.9991668,0.99926126,0.9969473
7983,0.99755645,0.99662745,0.99721706
7984,0.9976789,0.9970508,0.9971978
7985,0.9967557,0.9929007,0.99765754
7986,0.99692875,0.9939193,0.9975422
7987,0.99847597,0.9988606,0.9965014
7988,0.99923706,0.99941456,0.9971509
7989,0.99869037,0.99915045,0.9964821
7990,0.9982019,0.9985008,0.99707794
7991,0.9991538,0.9992888,0.9966322
7992,0.99920124,0.9992933,0.9971301
7993,0.9986038,0.9989573,0.9966112
7994,0.998779,0.9991518,0.99652326
7995,0.9992002,0.9994068,0.9970136
7996,0.9990973,0.99940586,0.9962725
7997,0.9992282,0.9993478,0.99751276
7998,0.99907863,0.9985677,0.9959505
7999,0.9990879,0.9986792,0.9961848
8000,0.9989966,0.998764,0.9956114
8001,0.99551094,0.9845227,0.9968558
8002,0.99594647,0.9877825,0.9970317
8003,0.9987565,0.998912,0.9953045
8004,0.9990241,0.9991493,0.99599564
8005,0.99896264,0.9991885,0.9955515
8006,0.9992497,0.9993571,0.99795574
8007,0.99927235,0.9993863,0.99817103
8008,0.99922395,0.9993924,0.9976808
8009,0.99931407,0.9994369,0.99858683
8010,0.9992642,0.9992668,0.9982362
8011,0.99878275,0.9989834,0.99555564
8012,0.99876326,0.99889976,0.99511105
8013,0.99813515,0.99814403,0.99598074
8014,0.99889636,0.99908227,0.9954784
8015,0.99900115,0.99919873,0.9960759
8016,0.9989898,0.99918914,0.9960079
8017,0.99726844,0.9954661,0.99719346
8018,0.9974039,0.9960346,0.9972861
8019,0.997454,0.99622655,0.997381
8020,0.99712944,0.9947822,0.99759823
8021,0.997289,0.9955375,0.99758464
8022,0.9991662,0.999372,0.9972216
8023,0.99908876,0.999377,0.9965423
8024,0.99922675,0.99946094,0.99774724
8025,0.9974763,0.9963489,0.9978308
8026,0.99742115,0.99612147,0.99786973
8027,0.99756116,0.9966713,0.99781966
8028,0.9977748,0.99739885,0.99773586
8029,0.9975903,0.99676514,0.9978469
8030,0.99933434,0.9995239,0.99843305
8031,0.9991106,0.9992411,0.99668676
8032,0.9981487,0.99820745,0.9972776
8033,0.9980156,0.99790674,0.997444
8034,0.9977757,0.9972266,0.9976366
8035,0.99776417,0.9971874,0.9976801
8036,0.9988599,0.9992009,0.9968512
8037,0.99772984,0.99708706,0.9978144
8038,0.9977302,0.9970849,0.9978326
8039,0.9980422,0.99799645,0.99768806
8040,0.99808496,0.99809986,0.99769884
8041,0.99921674,0.99943167,0.99705213
8042,0.99855995,0.99898016,0.9974739
8043,0.99806714,0.99807703,0.9978644
8044,0.9988995,0.999322,0.99722487
8045,0.99869835,0.99916995,0.9975158
8046,0.9979619,0.9978053,0.99805456
8047,0.9979478,0.997758,0.9980737
8048,0.9987614,0.99924177,0.99754506
8049,0.9993407,0.99955857,0.9979673
8050,0.9992138,0.99912834,0.9974456
8051,0.9980634,0.9977271,0.9976865
8052,0.99848115,0.9985807,0.9974554
8053,0.9984123,0.9984907,0.99757284
8054,0.99825674,0.9982122,0.9977317
8055,0.9990731,0.9991922,0.99699074
8056,0.99849176,0.9986813,0.9976941
8057,0.9992425,0.99931675,0.99740356
8058,0.9981952,0.99808574,0.9979028
8059,0.99891084,0.99911964,0.9973665
8060,0.9988989,0.99913985,0.99745244
8061,0.99850196,0.99872035,0.99786156
8062,0.9984574,0.9986561,0.9979298
8063,0.9992739,0.99937224,0.997601
8064,0.99929047,0.9991093,0.99823946
8065,0.99935395,0.9991174,0.998967
8066,0.99886835,0.9987069,0.99701285
8067,0.9991112,0.9989164,0.9968096
8068,0.998968,0.9988561,0.9970466
8069,0.9988477,0.9988261,0.99730283
8070,0.9988772,0.9988932,0.9973667
8071,0.998867,0.9989243,0.9974646
8072,0.9987953,0.99889493,0.9976115
8073,0.99875134,0.9988777,0.9977162
8074,0.9988273,0.9989736,0.9977078
8075,0.9989828,0.9991179,0.9976105
8076,0.9991558,0.9992386,0.99745876
8077,0.9988336,0.99906236,0.99788314
8078,0.9986303,0.9988498,0.9980825
8079,0.99893993,0.99917483,0.99786943
8080,0.99902433,0.99924964,0.99783117
8081,0.99922156,0.9993643,0.99763626
8082,0.9987483,0.99905926,0.998168
8083,0.99893916,0.9992434,0.9980477
8084,0.9992748,0.9994295,0.9977222
8085,0.9991685,0.9994132,0.9978962
8086,0.9991965,0.99944216,0.997907
8087,0.99930865,0.99949735,0.99799925
8088,0.9992614,0.9994996,0.99790996
8089,0.9988105,0.99921817,0.99837154
8090,0.99936193,0.9995412,0.9985469
8091,0.99928683,0.99953026,0.9979676
8092,0.999244,0.99953014,0.9980647
8093,0.99928206,0.9995549,0.9980532
8094,0.99902844,0.9994469,0.9983544
8095,0.9991333,0.9994985,0.99827
8096,0.99933064,0.99958205,0.99807024
8097,0.9991431,0.9993294,0.99810064
8098,0.99907696,0.99931026,0.9982035
8099,0.99930006,0.99942076,0.9981808
8100,0.9993105,0.9994412,0.9982699
8101,0.99931014,0.99945647,0.9982401
8102,0.9993759,0.99948925,0.9989827
8103,0.99940175,0.9995004,0.9992875
8104,0.99957925,0.9990242,0.999284
8105,0.9990439,0.9983362,0.99645805
8106,0.9986428,0.9980572,0.9963226
8107,0.99887806,0.99838835,0.99653
8108,0.999169,0.9986506,0.9977885
8109,0.9930277,0.9931522,0.98311585
8110,0.9860175,0.9909746,0.98092216
8111,0.99266523,0.9925293,0.9822628
8112,0.99590194,0.99495393,0.9840319
8113,0.9968426,0.99625814,0.9854695
8114,0.99625754,0.99658394,0.98463196
8115,0.99734473,0.99756145,0.9878184
8116,0.9965161,0.9974674,0.98608255
8117,0.9971035,0.9977545,0.9887002
8118,0.997749,0.9983236,0.99138755
8119,0.998111,0.9986482,0.99332815
8120,0.99810183,0.9985147,0.9947286
8121,0.99890006,0.99912304,0.99572736
8122,0.9985013,0.999023,0.9941316
8123,0.998591,0.99911636,0.99508643
8124,0.9985982,0.9991572,0.995898
8125,0.99906844,0.9991999,0.9957761
8126,0.99896216,0.99917674,0.99509394
8127,0.9988433,0.9991408,0.9934888
8128,0.9988136,0.99920756,0.99450886
8129,0.99769354,0.99894595,0.9921671
8130,0.9976673,0.99897325,0.9922822
8131,0.99810976,0.9991607,0.9931195
8132,0.99754536,0.9989212,0.9925174
8133,0.99788123,0.9990393,0.9940963
8134,0.99857545,0.99927866,0.9944029
8135,0.9959842,0.9990231,0.987194
8136,0.99708223,0.9990809,0.98953503
8137,0.99793756,0.99933666,0.991878
8138,0.9975125,0.99917203,0.99309206
8139,0.99816704,0.9992814,0.99447596
8140,0.997794,0.99897134,0.9954307
8141,0.9980266,0.99910814,0.9961808
8142,0.9979155,0.99862444,0.9967612
8143,0.9977984,0.99794716,0.9972297
8144,0.99807155,0.99853617,0.9975993
8145,0.9984697,0.99923927,0.9978477
8146,0.99806166,0.9981596,0.9980922
8147,0.9986155,0.9993108,0.99825066
8148,0.99912703,0.99942213,0.9981996
8149,0.9976975,0.9982382,0.9961419
8150,0.9978602,0.9983175,0.9967642
8151,0.99777275,0.9976485,0.99724555
8152,0.9983578,0.9990448,0.9975993
8153,0.9985031,0.9991919,0.9978463
8154,0.9983664,0.99886554,0.9980715
8155,0.9985893,0.99919164,0.9982362
8156,0.9985812,0.99912643,0.99838597
8157,0.99863887,0.9991858,0.99844134
8158,0.99778426,0.99699813,0.99779725
8159,0.99809736,0.99805313,0.9980015
8160,0.9980415,0.99765307,0.9982319
8161,0.99819356,0.9980417,0.9984207
8162,0.9980556,0.997358,0.99858415
8163,0.99833554,0.99826455,0.9987123
8164,0.9983554,0.99824107,0.9988163
8165,0.99834806,0.99813867,0.99890864
8166,0.99854845,0.9986466,0.9989746
8167,0.9985872,0.9986941,0.9990355
8168,0.9983371,0.99790186,0.99911165
8169,0.998679,0.99881774,0.9991439
8170,0.99888897,0.99915165,0.99916327
8171,0.9994687,0.9992599,0.99890655
8172,0.9988773,0.99905473,0.99808323
8173,0.99851006,0.99862885,0.99828464
8174,0.99858856,0.99874276,0.9983631
8175,0.9983618,0.9981725,0.99841636
8176,0.9982981,0.99787647,0.9985696
8177,0.99880385,0.998972,0.9986491
8178,0.9986578,0.99872094,0.9986609
8179,0.99872684,0.9988301,0.9985611
8180,0.99805474,0.996851,0.9984721
8181,0.99823904,0.99748844,0.9986317
8182,0.9983126,0.9976835,0.99871016
8183,0.99821985,0.9972394,0.9988305
8184,0.9991905,0.9990341,0.99884385
8185,0.99807715,0.9981927,0.99469715
8186,0.9973796,0.99529964,0.99577993
8187,0.99822754,0.9980967,0.99655044
8188,0.9976091,0.99537903,0.9971207
8189,0.9979351,0.9966468,0.99761605
8190,0.9985381,0.9983913,0.9979019
8191,0.9984797,0.99821264,0.99813
8192,0.9975254,0.9935024,0.9983875
8193,0.99747527,0.9928792,0.9986536
8194,0.99874187,0.998595,0.99875575
8195,0.99829924,0.99746716,0.9985978
8196,0.99884814,0.9986993,0.9986415
8197,0.99862224,0.9983555,0.99721295
8198,0.9974603,0.9935429,0.99768275
8199,0.99849224,0.99805194,0.9979799
8200,0.998699,0.9984124,0.9981564
8201,0.9986291,0.998275,0.99833536
8202,0.99858564,0.9981612,0.9984776
8203,0.9983119,0.99735403,0.9986364
8204,0.9978943,0.9953678,0.9987926
8205,0.99837273,0.9974599,0.99887586
8206,0.9990324,0.9987625,0.99883956
8207,0.9986813,0.99788284,0.9950959
8208,0.9940837,0.995304,0.98490006
8209,0.9948714,0.9913752,0.9874891
8210,0.9956416,0.98990226,0.99090457
8211,0.9968013,0.99286616,0.9937365
8212,0.99727905,0.9944076,0.99540627
8213,0.99773246,0.9961477,0.996412
8214,0.998374,0.99803686,0.99697953
8215,0.9983836,0.9979996,0.9973899
8216,0.99799025,0.99667615,0.99765533
8217,0.99866873,0.9984569,0.99787396
8218,0.9988103,0.99864024,0.99805146
8219,0.9985974,0.998317,0.99801683
8220,0.9987665,0.99856806,0.9981722
8221,0.99429315,0.9881245,0.9885245
8222,0.9954089,0.98856974,0.9920522
8223,0.99780756,0.99716413,0.99449354
8224,0.99847203,0.99834126,0.9955055
8225,0.9977736,0.99789715,0.9915763
8226,0.9979427,0.99804497,0.99323934
8227,0.99501294,0.98763967,0.9944762
8228,0.9973687,0.9947168,0.9961683
8229,0.9984307,0.9983572,0.996813
8230,0.9977294,0.9968231,0.99545723
8231,0.9943881,0.9862456,0.9951818
8232,0.9959284,0.9880764,0.9967386
8233,0.99784905,0.99639136,0.99748063
8234,0.9978905,0.9964348,0.9978199
8235,0.9981493,0.9973398,0.99804854
8236,0.99830353,0.99776256,0.9982164
8237,0.99863356,0.99847364,0.99829775
8238,0.9988957,0.9988196,0.998339
8239,0.9988406,0.9987658,0.99846095
8240,0.9969846,0.99027276,0.9984745
8241,0.9954458,0.9860212,0.998448
8242,0.99608505,0.986723,0.99873227
8243,0.9986579,0.9984872,0.9985259
8244,0.9988473,0.9987017,0.9983723
8245,0.99874383,0.9982564,0.996567
8246,0.9946459,0.9849081,0.9931721
8247,0.99534535,0.98552954,0.9955035
8248,0.99597746,0.9862477,0.996789
8249,0.9969589,0.9916238,0.99741393
8250,0.9990627,0.99868625,0.9969621
8251,0.99523395,0.98440665,0.99788725
8252,0.99706507,0.9925363,0.9979868
8253,0.99720705,0.99345064,0.9980745
8254,0.99892855,0.99873966,0.9973723
8255,0.9986851,0.9985031,0.997564
8256,0.99875444,0.9986157,0.99762344
8257,0.998948,0.99834895,0.99585164
8258,0.9985961,0.997982,0.995374
8259,0.99756366,0.99614286,0.9891439
8260,0.9970973,0.9943524,0.99187535
8261,0.99807274,0.99745697,0.99362737
8262,0.9977621,0.9966577,0.99504334
8263,0.99879074,0.9985915,0.9953416
8264,0.9978485,0.9973568,0.9914067
8265,0.9941707,0.9839697,0.9940925
8266,0.9950343,0.9846884,0.9959555
8267,0.9971298,0.9939887,0.9966438
8268,0.9954751,0.98474646,0.99739367
8269,0.99352753,0.9813903,0.9979928
8270,0.99851054,0.9986052,0.9968279
8271,0.99838024,0.9983708,0.9967899
8272,0.99877423,0.9988805,0.99662
8273,0.9981418,0.9978802,0.9967936
8274,0.99664205,0.99129266,0.99758315
8275,0.9948166,0.9824856,0.9980462
8276,0.99836254,0.9984513,0.99678284
8277,0.998328,0.99842507,0.99695337
8278,0.99588645,0.9867892,0.9980508
8279,0.9981662,0.9982206,0.9970101
8280,0.9987658,0.9990659,0.99651164
8281,0.99512136,0.9821716,0.9982641
8282,0.9985678,0.998981,0.996471
8283,0.9953728,0.9842863,0.9980859
8284,0.99564296,0.9864917,0.99780697
8285,0.9969708,0.9946502,0.9971311
8286,0.99618673,0.99031484,0.99739766
8287,0.9962567,0.9909135,0.9972418
8288,0.99675393,0.99382555,0.9969104
8289,0.9971207,0.9955199,0.9965648
8290,0.99483603,0.9821625,0.9972286
8291,0.99594814,0.98947126,0.9964909
8292,0.9971096,0.99568343,0.9956737
8293,0.9983234,0.9988411,0.9944877
8294,0.99869627,0.99926233,0.9941384
8295,0.99871314,0.99923104,0.994187
8296,0.9992261,0.99943644,0.9963674
8297,0.9991553,0.999403,0.9958305
8298,0.9993435,0.99949414,0.9976517
8299,0.99920887,0.9993319,0.9966
8300,0.99855936,0.9990264,0.9948603
8301,0.99843997,0.9989577,0.99531853
8302,0.99863875,0.9991985,0.99524736
8303,0.99859846,0.999204,0.9955481
8304,0.9958358,0.98841524,0.9974895
8305,0.9948477,0.98261285,0.9975895
8306,0.9962923,0.9918083,0.9967927
8307,0.9965499,0.9933079,0.99658006
8308,0.9971674,0.996157,0.99615836
8309,0.9976151,0.9976348,0.9958683
8310,0.9989032,0.99949723,0.99403936
8311,0.9960133,0.99018973,0.9969634
8312,0.9964826,0.99300396,0.9966208
8313,0.9985224,0.9992891,0.9947712
8314,0.9988815,0.9995703,0.9943606
8315,0.99932814,0.9997026,0.9967078
8316,0.9989431,0.9995719,0.9944
8317,0.99848086,0.99926794,0.9955433
8318,0.99827266,0.9990252,0.99599737
8319,0.9988267,0.9995722,0.995367
8320,0.9989754,0.99964046,0.9951792
8321,0.99915177,0.9997036,0.99514294
8322,0.9987496,0.9995383,0.99597204
8323,0.9986643,0.9994855,0.9962635
8324,0.99771386,0.99785465,0.9972326
8325,0.99892604,0.9996659,0.99606603
8326,0.99856305,0.9993698,0.99656904
8327,0.99866724,0.99946934,0.9965522
8328,0.9983759,0.99915546,0.99698025
8329,0.9992241,0.99976414,0.99578846
8330,0.9987442,0.9994813,0.99655074
8331,0.9983626,0.9990694,0.9970517
8332,0.9969649,0.99466515,0.99788415
8333,0.99710864,0.9953734,0.997789
8334,0.9963724,0.99142,0.9980056
8335,0.99730784,0.99630636,0.9975639
8336,0.998858,0.99956,0.99623024
8337,0.9983809,0.99908787,0.99687845
8338,0.99702287,0.99496156,0.9977606
8339,0.9971459,0.99554867,0.9976774
8340,0.99788684,0.99814236,0.9972772
8341,0.997658,0.997458,0.99739444
8342,0.99791396,0.9981689,0.9972694
8343,0.99819803,0.9987724,0.9971168
8344,0.9992037,0.999697,0.99580485
8345,0.9989263,0.999581,0.99644256
8346,0.9984382,0.9991339,0.997116
8347,0.9973642,0.9962732,0.9978084
8348,0.99831325,0.998937,0.9972515
8349,0.99905866,0.9996492,0.9964384
8350,0.9991757,0.99966115,0.99619097
8351,0.9990288,0.9996114,0.9965784
8352,0.9990128,0.99956286,0.9965715
8353,0.9987908,0.9993611,0.9968286
8354,0.99849415,0.99903715,0.99718624
8355,0.9976014,0.99675053,0.9976429
8356,0.99792427,0.99776244,0.99745625
8357,0.99879336,0.9991688,0.9966494
8358,0.99868125,0.9988686,0.99657786
8359,0.9971848,0.9946983,0.9977005
8360,0.9968555,0.99300426,0.9977949
8361,0.99681723,0.9928699,0.9977333
8362,0.9975736,0.9965186,0.9973257
8363,0.99767584,0.99676764,0.99715173
8364,0.9962662,0.98949295,0.99777174
8365,0.9958959,0.987323,0.99774325
8366,0.9972025,0.99520266,0.99703664
8367,0.9987446,0.9990484,0.99561584
8368,0.99898,0.9992589,0.99537426
8369,0.9988275,0.9992297,0.99587643
8370,0.99736226,0.9960127,0.9973392
8371,0.99923456,0.9994703,0.99603695
8372,0.9993566,0.99954003,0.9973149
8373,0.9990315,0.99929905,0.9956338
8374,0.9989697,0.9992941,0.99589825
8375,0.9983858,0.99870515,0.9967397
8376,0.9977936,0.997406,0.99728346
8377,0.99695206,0.9938822,0.99771523
8378,0.99906754,0.99937266,0.99583006
8379,0.99756634,0.9967155,0.9974938
8380,0.99882966,0.9992902,0.9964268
8381,0.9973318,0.99578834,0.9977017
8382,0.9974998,0.996489,0.99760765
8383,0.9990047,0.9994378,0.99624693
8384,0.9993492,0.9995825,0.9971169
8385,0.99915004,0.999353,0.9958329
8386,0.9992101,0.99935764,0.996291
8387,0.9978559,0.997454,0.99739283
8388,0.9976062,0.99657387,0.99749655
8389,0.9978177,0.99729604,0.9973875
8390,0.9975968,0.9965577,0.99753445
8391,0.9976596,0.9967951,0.99750644
8392,0.9973421,0.99553734,0.9976688
8393,0.99823534,0.998381,0.9971193
8394,0.9991268,0.99934065,0.9960413
8395,0.9993273,0.99944323,0.9971499
8396,0.9975882,0.99661845,0.99774593
8397,0.9979562,0.99781543,0.99754965
8398,0.9985676,0.99900204,0.9971152
8399,0.9980444,0.99805415,0.9975891
8400,0.99827594,0.9985647,0.9974671
8401,0.99811625,0.99822956,0.9976202
8402,0.9991564,0.99948645,0.9965291
8403,0.99773896,0.9971608,0.9979342
8404,0.99909747,0.99949557,0.9967618
8405,0.9994102,0.9996097,0.9975922
8406,0.9994252,0.9993841,0.9984139
8407,0.99924237,0.9993523,0.9963187
8408,0.99902606,0.9993146,0.99683505
8409,0.99942195,0.9994332,0.99840224
8410,0.99935704,0.9993511,0.99775654
8411,0.9988083,0.99910116,0.9971546
8412,0.9991001,0.99931693,0.9968275
8413,0.9986193,0.9989667,0.9975046
8414,0.9980188,0.9978046,0.99795675
8415,0.9988193,0.9991924,0.9973806
8416,0.99916184,0.99942076,0.99698234
8417,0.9983071,0.99849296,0.9978931
8418,0.9982576,0.998391,0.9979497
8419,0.99922997,0.9994554,0.9969786
8420,0.9988621,0.99928325,0.99757665
8421,0.9992922,0.9995195,0.9970174
8422,0.9984888,0.99888086,0.9980031
8423,0.99872744,0.9991987,0.9978579
8424,0.9987187,0.99919367,0.99790317
8425,0.9987632,0.99924636,0.99790496
8426,0.9985403,0.99897134,0.99810517
8427,0.9986609,0.99913716,0.99805015
8428,0.9988804,0.9993658,0.9979041
8429,0.9987946,0.9992951,0.9980178
8430,0.99882334,0.99932724,0.998029
8431,0.9986893,0.99918735,0.998164
8432,0.998734,0.99924076,0.99815995
8433,0.99947566,0.9996509,0.998515
8434,0.999482,0.9996207,0.9987329
8435,0.9994713,0.99962676,0.99855536
8436,0.99951607,0.99963516,0.99925756
8437,0.99945045,0.999526,0.99855244
8438,0.99921787,0.9994774,0.99763477
8439,0.9994466,0.9994999,0.99860275
8440,0.99928635,0.999407,0.9974664
8441,0.999444,0.9994371,0.99876183
8442,0.9993629,0.9993729,0.9978217
8443,0.99913865,0.99932224,0.9977222
8444,0.99915534,0.9993494,0.9977457
8445,0.9992953,0.9994239,0.99758977
8446,0.99891543,0.9991904,0.9980465
8447,0.99935454,0.9994257,0.9977013
8448,0.99874604,0.99841875,0.99779636
8449,0.9989566,0.9986608,0.99763924
8450,0.999047,0.9987742,0.99758714
8451,0.9989464,0.9987569,0.9977508
8452,0.9991062,0.9989025,0.9976135
8453,0.9993002,0.99902993,0.9978477
8454,0.9993567,0.99909025,0.9984553
8455,0.9989826,0.9988143,0.9977762
8456,0.9992253,0.9989861,0.99751574
8457,0.99918026,0.99902016,0.99763906
8458,0.99862164,0.998542,0.9981927
8459,0.9992893,0.99895155,0.9979158
8460,0.99932754,0.9989881,0.9983309
8461,0.9993608,0.9988036,0.9989349
8462,0.9991682,0.9978718,0.9972641
8463,0.9992242,0.99804825,0.99783283
8464,0.9986933,0.9972306,0.9957748
8465,0.99876803,0.99755853,0.9961767
8466,0.99922603,0.99803495,0.9978908
8467,0.9985741,0.9975367,0.9966194
8468,0.99888664,0.9980097,0.9966083
8469,0.99913627,0.9983014,0.997098
8470,0.99901706,0.99836123,0.9968846
8471,0.99912786,0.9985301,0.9970491
8472,0.99904656,0.99858814,0.99717605
8473,0.99914366,0.9983666,0.9972352
8474,0.9985794,0.99744767,0.99480224
8475,0.99888027,0.9979699,0.99530697
8476,0.99904406,0.9982766,0.996311
8477,0.99892545,0.99835974,0.9962698
8478,0.99908066,0.9985718,0.99682444
8479,0.9990267,0.99859023,0.99656004
8480,0.99903846,0.99851996,0.99644345
8481,0.9991746,0.99869096,0.99778247
8482,0.99431413,0.9942964,0.98260707
8483,0.994135,0.99460536,0.98196375
8484,0.99659705,0.9966802,0.9842506
8485,0.9975283,0.997676,0.98764825
8486,0.9980889,0.9983354,0.9906389
8487,0.99846596,0.998752,0.9927389
8488,0.99775714,0.9982221,0.9909289
8489,0.99827605,0.99879134,0.9928225
8490,0.9987461,0.99910253,0.9946672
8491,0.99794346,0.99878657,0.9896688
8492,0.9978512,0.9987706,0.99146444
8493,0.99855363,0.99917436,0.99355793
8494,0.9987622,0.9992681,0.9946334
8495,0.99837714,0.9991243,0.99532926
8496,0.99854034,0.9992487,0.99603224
8497,0.9986064,0.999285,0.99657243
8498,0.9987138,0.9993607,0.9969643
8499,0.9985768,0.9992041,0.99734926
8500,0.99863404,0.99924475,0.99760413
8501,0.99864054,0.9992293,0.9978244
8502,0.99860483,0.9991596,0.9980187
8503,0.9988495,0.99940777,0.99810195
8504,0.99867636,0.9992133,0.99828756
8505,0.99867576,0.99919295,0.9984026
8506,0.998624,0.9990988,0.99851507
8507,0.9989286,0.99943155,0.99851716
8508,0.9990059,0.99948317,0.9985608
8509,0.9989753,0.9994466,0.99820817
8510,0.9989819,0.99939966,0.99773425
8511,0.9992304,0.99941826,0.9979296
8512,0.99891955,0.99940354,0.99794966
8513,0.9989258,0.9994047,0.9981012
8514,0.9986147,0.99907166,0.9981459
8515,0.9988115,0.99929804,0.9979321
8516,0.9986359,0.9990819,0.9981463
8517,0.9987418,0.99919724,0.99826247
8518,0.9986133,0.99900067,0.99841416
8519,0.998917,0.9993459,0.99844146
8520,0.9988552,0.99928105,0.99842286
8521,0.99885887,0.9992755,0.9982526
8522,0.99896765,0.99935436,0.99819815
8523,0.9987977,0.9992115,0.9977558
8524,0.99882007,0.9992239,0.9979425
8525,0.9980891,0.99809206,0.9969422
8526,0.9983588,0.998628,0.9972587
8527,0.99867326,0.99906266,0.997512
8528,0.9984444,0.9986954,0.9977448
8529,0.99852365,0.9989561,0.9962631
8530,0.99804884,0.9979514,0.9968871
8531,0.99846077,0.99877816,0.9972092
8532,0.99871635,0.9990809,0.99747694
8533,0.9984129,0.9985916,0.9978012
8534,0.99802953,0.9974063,0.99807495
8535,0.99803084,0.9972957,0.998283
8536,0.9987387,0.999007,0.9983422
8537,0.998634,0.99879336,0.9942029
8538,0.99844784,0.9988453,0.99450374
8539,0.9984365,0.9989016,0.995508
8540,0.99779403,0.99733883,0.9962984
8541,0.9982767,0.9984939,0.9968543
8542,0.99851334,0.9988371,0.9972351
8543,0.99852425,0.99880946,0.9975564
8544,0.9985793,0.9989799,0.9962255
8545,0.998026,0.99839747,0.99506587
8546,0.9976815,0.9970736,0.99599075
8547,0.99774075,0.99690664,0.99670666
8548,0.9979879,0.99757355,0.99722135
8549,0.99810416,0.99778765,0.9975933
8550,0.9980529,0.9974699,0.9978894
8551,0.99874157,0.9990052,0.9978303
8552,0.9979797,0.99702495,0.99814415
8553,0.9989662,0.99915624,0.998198
8554,0.9978893,0.9965682,0.9981676
8555,0.99870354,0.9988719,0.9982569
8556,0.9989606,0.9991349,0.99828535
8557,0.99756783,0.99742717,0.99369997
8558,0.9980753,0.9982778,0.9950042
8559,0.9978148,0.9974519,0.9956617
8560,0.9977634,0.99689287,0.9964562
8561,0.99812424,0.99788445,0.99702036
8562,0.99856555,0.9987288,0.9973668
8563,0.9978396,0.9964753,0.9977619
8564,0.9986175,0.9987218,0.9979686
8565,0.99859124,0.99869233,0.9976469
8566,0.9986979,0.99884427,0.9969262
8567,0.9986674,0.9988164,0.99711406
8568,0.9978311,0.99831086,0.9924727
8569,0.9952343,0.9902101,0.9906336
8570,0.99679375,0.9942772,0.9935091
8571,0.9965249,0.99086106,0.995204
8572,0.9978925,0.9974235,0.9964266
8573,0.99838215,0.99852955,0.9969391
8574,0.99178207,0.98828197,0.98568934
8575,0.9964014,0.9971269,0.98905265
8576,0.995542,0.99023634,0.9918272
8577,0.99721545,0.99597114,0.99430156
8578,0.9960393,0.9896099,0.99566525
8579,0.9972499,0.9940722,0.9968356
8580,0.9987142,0.9989908,0.99725217
8581,0.99817806,0.9979428,0.9976388
8582,0.99652964,0.9894638,0.99804115
8583,0.9983704,0.9982664,0.998302
8584,0.9982165,0.99777144,0.9984651
8585,0.99839777,0.9982419,0.99856323
8586,0.9988627,0.99904305,0.99856365
8587,0.9983371,0.99851364,0.99453753
8588,0.9974293,0.9955904,0.99572176
8589,0.9983019,0.9983161,0.9964618
8590,0.9982063,0.99801624,0.9969938
8591,0.99835557,0.99828947,0.9973496
8592,0.9945276,0.98979926,0.9875555
8593,0.99729687,0.9977104,0.9909263
8594,0.9980131,0.99851286,0.99297893
8595,0.97672826,0.99029016,0.9822452
8596,0.9839509,0.98755276,0.98261577
8597,0.9916244,0.9913655,0.983678
8598,0.99523985,0.99442476,0.9856268
8599,0.98171633,0.98457974,0.9825718
8600,0.98979735,0.98856926,0.9831683
8601,0.9940024,0.9897101,0.98518246
8602,0.99375325,0.9843052,0.98857534
8603,0.99405646,0.9840685,0.99256754
8604,0.9953432,0.98557144,0.9953339
8605,0.995742,0.98592323,0.99687505
8606,0.9958824,0.9858595,0.99778
8607,0.9949181,0.9839549,0.99837947
8608,0.9973409,0.99173504,0.99857396
8609,0.99865925,0.99749166,0.99824804
8610,0.99663216,0.9864437,0.99867046
8611,0.99599916,0.98484683,0.9988712
8612,0.9985365,0.99758387,0.9984723
8613,0.9972399,0.99187404,0.99883646
8614,0.99829656,0.9970928,0.99859077
8615,0.99895793,0.9982822,0.9982801
8616,0.9975382,0.99393606,0.9988404
8617,0.999011,0.99835247,0.9982063
8618,0.9991255,0.9984825,0.9981362
8619,0.99922025,0.9982362,0.997821
8620,0.9943535,0.98097396,0.99495846
8621,0.99492043,0.98168725,0.9965414
8622,0.99681675,0.98943704,0.99702996
8623,0.9956785,0.9826293,0.9975973
8624,0.99818105,0.996562,0.9969135
8625,0.9990258,0.99786305,0.9961812
8626,0.9987472,0.9972648,0.9958116
8627,0.99894685,0.9976888,0.9958823
8628,0.99917895,0.9980394,0.99717873
8629,0.9984044,0.99707603,0.9961903
8630,0.9983825,0.99679786,0.99536884
8631,0.9963966,0.98789537,0.99673337
8632,0.9950161,0.9816406,0.9973818
8633,0.9955872,0.98335356,0.9974202
8634,0.9958977,0.9860671,0.99731284
8635,0.99858004,0.99812055,0.99548525
8636,0.9988681,0.99850506,0.9952239
8637,0.9972583,0.9947846,0.9970019
8638,0.9976342,0.9963543,0.9967988
8639,0.99729323,0.9950572,0.9970487
8640,0.9968561,0.9929353,0.99725735
8641,0.9974378,0.9957905,0.9968944
8642,0.99625,0.98944753,0.9974436
8643,0.99646956,0.9910637,0.9972162
8644,0.99918425,0.9991106,0.9959605
8645,0.997995,0.997567,0.99602747
8646,0.99910045,0.99895877,0.9955009
8647,0.9982739,0.99828935,0.99605733
8648,0.9953366,0.9838707,0.99766177
8649,0.9962134,0.9899701,0.9971059
8650,0.99794555,0.99786127,0.9958965
8651,0.99706966,0.9948744,0.99666226
8652,0.9965835,0.9924231,0.99690425
8653,0.99674624,0.9934113,0.99674755
8654,0.9973899,0.9963554,0.996295
8655,0.99727464,0.99593467,0.99642795
8656,0.9972419,0.9958251,0.9964849
8657,0.9979534,0.99809223,0.99596715
8658,0.998229,0.9986512,0.9958142
8659,0.99607986,0.989596,0.997282
8660,0.9972514,0.99599457,0.99657595
8661,0.9989074,0.9994286,0.99471045
8662,0.9986449,0.9992891,0.99548036
8663,0.9982983,0.9989035,0.9961319
8664,0.997283,0.99613637,0.99703056
8665,0.998075,0.99852175,0.99648976
8666,0.9988955,0.99952644,0.99554133
8667,0.997562,0.9971576,0.9971028
8668,0.9981009,0.99859124,0.9967608
8669,0.99748045,0.9968526,0.9972568
8670,0.9966124,0.9927331,0.99765325
8671,0.9956303,0.98668814,0.99786437
8672,0.99659777,0.99292743,0.9973649
8673,0.9984037,0.99914896,0.9960689
8674,0.99699837,0.99495095,0.99708873
8675,0.99598736,0.98923117,0.9974726
8676,0.99551785,0.9864565,0.997476
8677,0.99785835,0.9981977,0.9960605
8678,0.9987989,0.99951965,0.9948801
8679,0.9983315,0.99905473,0.99575883
8680,0.99791414,0.99829566,0.9963451
8681,0.99830955,0.99902177,0.9960134
8682,0.9986819,0.9994048,0.9954948
8683,0.9983205,0.9989446,0.9959704
8684,0.9987549,0.9992979,0.9951517
8685,0.9977485,0.9975463,0.9963969
8686,0.99732673,0.99577445,0.996361
8687,0.99724346,0.99546146,0.9964392
8688,0.9985318,0.99880564,0.9951697
8689,0.9992396,0.999257,0.995394
8690,0.99940276,0.99917716,0.9975022
8691,0.999074,0.9989228,0.9945216
8692,0.99745125,0.9960869,0.99643546
8693,0.99739856,0.9959292,0.99651104
8694,0.99828166,0.9983774,0.995761
8695,0.9988085,0.99896103,0.99502987
8696,0.998499,0.9987005,0.995699
8697,0.99901175,0.99841493,0.9947678
8698,0.9993104,0.9987093,0.9973509
8699,0.9990829,0.9987126,0.99524486
8700,0.9986272,0.9985153,0.9954142
8701,0.9979227,0.99738663,0.99640244
8702,0.99776244,0.99693936,0.99657047
8703,0.9983851,0.9983755,0.996056
8704,0.9984252,0.99842143,0.9960659
8705,0.9973781,0.995627,0.9970378
8706,0.9973881,0.99562466,0.9969636
8707,0.9966266,0.99179125,0.99733084
8708,0.9979395,0.9975802,0.9964689
8709,0.99675614,0.99270034,0.99724376
8710,0.99727786,0.9954092,0.9969077
8711,0.9968618,0.99342954,0.9971183
8712,0.9977089,0.99710447,0.9965651
8713,0.99843556,0.99871653,0.995939
8714,0.9959051,0.9876883,0.9975727
8715,0.9970329,0.9945998,0.9969234
8716,0.99712175,0.99506044,0.9968538
8717,0.99895304,0.999314,0.99486226
8718,0.9980066,0.9981574,0.99642104
8719,0.9980714,0.9983129,0.99646163
8720,0.99890393,0.9993892,0.99548584
8721,0.9994191,0.99952745,0.99720466
8722,0.99837255,0.9969446,0.99445724
8723,0.99753165,0.9950558,0.99556774
8724,0.9978175,0.996188,0.9954514
8725,0.9983356,0.9973051,0.9948359
8726,0.99931026,0.9982489,0.9976953
8727,0.99901116,0.99826366,0.9950582
8728,0.9985804,0.9981533,0.99504554
8729,0.99888456,0.99856836,0.994727
8730,0.99882644,0.99869084,0.9951267
8731,0.9960894,0.98845464,0.9974114
8732,0.9965798,0.99178606,0.9970529
8733,0.99708533,0.9945967,0.9967094
8734,0.99926984,0.99915385,0.99665594
8735,0.9990893,0.9991324,0.9950373
8736,0.9979299,0.9977679,0.99638313
8737,0.999078,0.9992333,0.99485815
8738,0.998914,0.99923694,0.99541783
8739,0.99911493,0.999341,0.9951645
8740,0.9980265,0.9981272,0.9968288
8741,0.9981269,0.9983487,0.99681205
8742,0.99897677,0.9993064,0.9957097
8743,0.99845535,0.9988906,0.99663526
8744,0.9988384,0.99929744,0.9962594
8745,0.99918807,0.9995004,0.9957311
8746,0.99740446,0.99617535,0.99768406
8747,0.9974843,0.9964985,0.99763805
8748,0.99872345,0.9992875,0.99670094
8749,0.99780434,0.99760133,0.99755436
8750,0.9981947,0.9985662,0.9973315
8751,0.9988324,0.99940413,0.9967649
8752,0.9983279,0.99882424,0.99737346
8753,0.99916244,0.9996022,0.99640536
8754,0.9993672,0.9994446,0.99774945
8755,0.9993431,0.9994657,0.9974413
8756,0.9993666,0.9994984,0.9976898
8757,0.99931157,0.9995108,0.9970312
8758,0.99893844,0.9993861,0.99681646
8759,0.9981171,0.9982867,0.99767226
8760,0.9975675,0.99658877,0.9979797
8761,0.9977029,0.9970885,0.9979116
8762,0.99765337,0.9969079,0.9979353
8763,0.99751276,0.9963634,0.9979923
8764,0.9990464,0.9994808,0.9967623
8765,0.9994355,0.99961305,0.99808925
8766,0.99872166,0.99922675,0.997243
8767,0.9987222,0.9992408,0.9973143
8768,0.99849886,0.99898386,0.9975811
8769,0.99867433,0.9992093,0.9974809
8770,0.99941486,0.9996232,0.99778306
8771,0.9994095,0.9995861,0.9978677
8772,0.9990742,0.9994526,0.99702406
8773,0.99831766,0.998635,0.99784464
8774,0.999174,0.99952126,0.9969905
8775,0.99884063,0.9993479,0.9975211
8776,0.99870616,0.99922425,0.9976962
8777,0.99933517,0.9996033,0.99691445
8778,0.9994242,0.9996331,0.9980467
8779,0.99942267,0.99964607,0.9980045
8780,0.99871135,0.99927014,0.99788237
8781,0.9984877,0.9989776,0.9980804
8782,0.99839944,0.99882615,0.99816036
8783,0.9985072,0.9990027,0.99811864
8784,0.9994573,0.9996767,0.99828863
8785,0.99942774,0.99964213,0.9980082
8786,0.99830997,0.99859023,0.998238
8787,0.9982137,0.99836516,0.99829566
8788,0.9993664,0.9996094,0.9972044
8789,0.998977,0.9994682,0.9978336
8790,0.9989354,0.9994474,0.9979197
8791,0.9989639,0.9994745,0.9979332
8792,0.9988943,0.99942863,0.99803764
8793,0.9991423,0.9995881,0.9978174
8794,0.9989664,0.9994969,0.9980513
8795,0.99947816,0.99969715,0.9985182
8796,0.9995022,0.99969816,0.99891555
8797,0.99894583,0.99948674,0.9981363
8798,0.9993938,0.9996898,0.99759936
8799,0.9994086,0.99970603,0.9976297
8800,0.99906886,0.99959534,0.9981473
8801,0.9991827,0.9996559,0.99806017
8802,0.9993011,0.999704,0.997946
8803,0.999195,0.9996749,0.99812317
8804,0.9990126,0.9995833,0.99833435
8805,0.9989681,0.9995539,0.99839586
8806,0.9990239,0.99959385,0.99837565
8807,0.999091,0.99963623,0.9983433
8808,0.9994348,0.99974227,0.99790466
8809,0.9991474,0.9996481,0.9983053
8810,0.9992028,0.9996768,0.9982771
8811,0.99916106,0.99966264,0.99834836
8812,0.9990403,0.9995984,0.9984792
8813,0.99943393,0.99975526,0.99805665
8814,0.99895394,0.9992762,0.998304
8815,0.9990666,0.9993427,0.9982129
8816,0.9990247,0.9993258,0.9982783
8817,0.9990579,0.99935675,0.9982743
8818,0.9993541,0.9994963,0.9979543
8819,0.9992468,0.99947983,0.9981392
8820,0.99937975,0.9995344,0.9979889
8821,0.99945277,0.9995667,0.9987377
8822,0.9994968,0.99958235,0.99938077
8823,0.999307,0.9995399,0.99815845
8824,0.99934816,0.9995646,0.9981353
8825,0.9991825,0.9995159,0.9983612
8826,0.99908715,0.99947137,0.9984711
8827,0.9991641,0.9995191,0.9984246
8828,0.9990796,0.9994771,0.9985192
8829,0.99913806,0.9995154,0.99849
8830,0.9994003,0.9996197,0.99821925
8831,0.9995066,0.9996448,0.9993501
8832,0.9993677,0.99891895,0.99874485
8833,0.99940956,0.9989567,0.99923843
8834,0.9993572,0.9989566,0.9985677
8835,0.99928004,0.99881345,0.9978497
8836,0.99923444,0.99871486,0.9978236
8837,0.9991214,0.99872184,0.9980017
8838,0.9990804,0.99874425,0.9980785
8839,0.9989962,0.998725,0.99818695
8840,0.9990958,0.9988262,0.9981209
8841,0.9991265,0.99888,0.9981188
8842,0.9992015,0.99895346,0.9980658
8843,0.9993051,0.9990315,0.99798316
8844,0.9993953,0.9990978,0.9990148
8845,0.9993246,0.9990931,0.998145
8846,0.9993875,0.9989167,0.9991578
8847,0.9991895,0.9982061,0.99751395
8848,0.9989479,0.9981669,0.9978001
8849,0.99907464,0.99833447,0.99774367
8850,0.9992804,0.9985106,0.9983369
8851,0.99900496,0.9977807,0.99704576
8852,0.9989483,0.9978976,0.9972901
8853,0.99906814,0.99810356,0.99731237
8854,0.99922603,0.9982983,0.997989
8855,0.999692,0.9983965,0.99925226
8856,0.99933815,0.99671555,0.9951129
8857,0.9988187,0.9971235,0.99414325
8858,0.9988936,0.9975881,0.9951049
8859,0.99899477,0.9979326,0.9958803
8860,0.99900573,0.9981448,0.99619794
8861,0.9991365,0.998371,0.9973838
8862,0.9994409,0.99794304,0.99652064
8863,0.99841803,0.99706024,0.99016726
8864,0.9986003,0.99776804,0.9925899
8865,0.99875075,0.99819344,0.9940868
8866,0.9988795,0.99848044,0.9951972
8867,0.9995808,0.9987039,0.9972229
8868,0.999177,0.9983697,0.99434084
8869,0.99858177,0.9984293,0.99416727
8870,0.9987829,0.99870855,0.9950944
8871,0.99885035,0.99885064,0.99581057
8872,0.9989763,0.9989951,0.9966447
8873,0.9992429,0.9990699,0.9974545
8874,0.9993692,0.999126,0.9977984
8875,0.999518,0.99917173,0.99809986
8876,0.9995252,0.99916494,0.99798036
8877,0.998884,0.999079,0.99704736
8878,0.9989027,0.9991194,0.99730444
8879,0.99895966,0.99918014,0.9974898
8880,0.99864346,0.99889535,0.9978353
8881,0.99900126,0.9992326,0.9977885
8882,0.9987788,0.9990636,0.99805444
8883,0.9986129,0.99885374,0.9982345
8884,0.99891084,0.9991879,0.9981895
8885,0.9989129,0.9991949,0.9982753
8886,0.9984417,0.9985116,0.99785244
8887,0.9987669,0.9989751,0.99788314
8888,0.9990505,0.9992098,0.9978572
8889,0.9982623,0.99832433,0.99389875
8890,0.99828434,0.998358,0.9951005
8891,0.9984923,0.9986531,0.99585724
8892,0.9987791,0.99896175,0.9963252
8893,0.9987667,0.99898475,0.9967994
8894,0.9986085,0.99883235,0.99722874
8895,0.99891394,0.9991327,0.99736434
8896,0.9984533,0.9985838,0.99777025
8897,0.99842495,0.9985075,0.9979516
8898,0.99855036,0.99871486,0.99807477
8899,0.998391,0.9983896,0.9982549
8900,0.9989702,0.99918556,0.9981563
8901,0.99896663,0.99919075,0.99826187
8902,0.99902916,0.9992414,0.9983189
8903,0.9991939,0.9991606,0.99798876
8904,0.9985062,0.9985812,0.9977577
8905,0.99803036,0.99733233,0.998065
8906,0.9982072,0.9978405,0.9982006
8907,0.99809474,0.9974495,0.99836
8908,0.99840254,0.9982773,0.99840707
8909,0.9986607,0.9987465,0.9984243
8910,0.9991052,0.9991854,0.9983006
8911,0.9993143,0.99924225,0.9987942
8912,0.999017,0.9990636,0.99802554
8913,0.9981101,0.9976459,0.996188
8914,0.99821573,0.99785316,0.9967434
8915,0.9987054,0.9986743,0.99701107
8916,0.99836934,0.99815565,0.9974556
8917,0.9986684,0.9986542,0.9976224
8918,0.998971,0.9989635,0.99769485
8919,0.9978947,0.99792904,0.98974013
8920,0.9982366,0.9983622,0.99187064
8921,0.998233,0.9984168,0.9937752
8922,0.99859035,0.99879557,0.9949021
8923,0.9984671,0.99872696,0.9951821
8924,0.9971274,0.99379545,0.9962349
8925,0.99786305,0.9971173,0.9969222
8926,0.99890053,0.9990966,0.9970764
8927,0.99872905,0.9989545,0.99578094
8928,0.9985,0.9987454,0.9965027
8929,0.99792373,0.9973077,0.9970961
8930,0.9976295,0.9958825,0.9975344
8931,0.9983265,0.9982797,0.99776727
8932,0.99860734,0.9987808,0.9979172
8933,0.9981501,0.9978412,0.9974401
8934,0.99888855,0.9990582,0.9975202
8935,0.9979681,0.9983495,0.9917868
8936,0.9985206,0.9986669,0.9928252
8937,0.9978382,0.99837583,0.9924047
8938,0.99692774,0.9943096,0.994248
8939,0.9954258,0.98793346,0.99575156
8940,0.99735856,0.99493146,0.9968817
8941,0.9981393,0.9981098,0.9967075
8942,0.99744433,0.99520916,0.997164
8943,0.998575,0.9988265,0.997419
8944,0.99860007,0.99884945,0.9975415
8945,0.99862504,0.9988687,0.9977738
8946,0.99830157,0.9982441,0.9978574
8947,0.99789023,0.99682343,0.9981172
8948,0.9963054,0.98896915,0.9961826
8949,0.9968109,0.99111265,0.99697876
8950,0.9982887,0.9982133,0.9973959
8951,0.99862355,0.9987887,0.99757814
8952,0.99648917,0.98840106,0.9981274
8953,0.9971381,0.9927317,0.9984074
8954,0.99751586,0.9950121,0.99853337
8955,0.9989477,0.999139,0.99824363
8956,0.99912244,0.9992606,0.99821556
8957,0.9990757,0.9991251,0.9977536
8958,0.9981667,0.99803525,0.9945546
8959,0.9979446,0.9974425,0.99564266
8960,0.9958834,0.9872377,0.9966546
8961,0.99781734,0.9967405,0.99724925
8962,0.99883175,0.99887043,0.9966498
8963,0.99860215,0.9986659,0.99693775
8964,0.9985681,0.9986327,0.99728143
8965,0.9987044,0.998815,0.99748224
8966,0.99684495,0.9917879,0.9963198
8967,0.9950928,0.98543996,0.9972513
8968,0.99804604,0.9974696,0.9975034
8969,0.9980484,0.99744296,0.9977362
8970,0.9988913,0.9989568,0.997552
8971,0.99884987,0.9989424,0.9977122
8972,0.9989434,0.9990386,0.9977931
8973,0.9987229,0.99884677,0.99804926
8974,0.99858725,0.99866366,0.998212
8975,0.9985716,0.9986356,0.9983023
8976,0.99724424,0.9934777,0.99869704
8977,0.99880177,0.99894816,0.99830633
8978,0.99878883,0.99839276,0.99441445
8979,0.99661225,0.9967484,0.9849928
8980,0.99372125,0.9856744,0.9872006
8981,0.9945147,0.9856717,0.9912447
8982,0.9961363,0.98849964,0.9941265
8983,0.9962767,0.98881984,0.9957836
8984,0.9937542,0.9831475,0.9970212
8985,0.9982338,0.99818707,0.9969704
8986,0.9980409,0.9977207,0.9973245
8987,0.9978185,0.99701375,0.99761623
8988,0.9973289,0.9948785,0.9979215
8989,0.99762946,0.9962534,0.9979692
8990,0.9965232,0.9899028,0.9983144
8991,0.99740636,0.99531895,0.99817026
8992,0.9990367,0.9992082,0.9972767
8993,0.9972886,0.99472344,0.9982395
8994,0.9969846,0.99305683,0.9983426
8995,0.9984653,0.9986435,0.9977657
8996,0.9987656,0.9990314,0.99760467
8997,0.9976024,0.9962234,0.9982857
8998,0.99746746,0.99563366,0.9983364
8999,0.9980243,0.99769825,0.99812627
9000,0.9968293,0.99213237,0.99852014
9001,0.9979183,0.9974193,0.9981217
9002,0.9970639,0.99363244,0.99842066
9003,0.99752,0.99597204,0.9982349
9004,0.9982608,0.99832803,0.997883
9005,0.9987417,0.99905974,0.9975585
9006,0.9992428,0.9993604,0.9972912
9007,0.99875486,0.99903375,0.9975633
9008,0.9991841,0.99909925,0.9971653
9009,0.99913156,0.99870664,0.99697113
9010,0.9973578,0.9945319,0.99484074
9011,0.9977347,0.99608564,0.9955411
9012,0.9971064,0.99340177,0.99597293
9013,0.9976987,0.9960738,0.99617636
9014,0.9963108,0.9885597,0.9970432
9015,0.99595314,0.98637974,0.99738175
9016,0.99748117,0.9956219,0.99695486
9017,0.9989314,0.99871904,0.99576485
9018,0.9974858,0.9957657,0.99726975
9019,0.9983711,0.99826473,0.9967601
9020,0.99833536,0.9982448,0.9969083
9021,0.99862516,0.9986915,0.99674207
9022,0.99876696,0.9988805,0.9967026
9023,0.99719596,0.9945674,0.997845
9024,0.9955536,0.9842804,0.9982617
9025,0.9954623,0.98420614,0.9981021
9026,0.9958555,0.98727226,0.9977938
9027,0.9974344,0.99628913,0.99696946
9028,0.99807185,0.9981757,0.9965434
9029,0.9981736,0.99840015,0.9965503
9030,0.9985467,0.9988448,0.99604917
9031,0.99933195,0.99928206,0.99785256
9032,0.99902725,0.9991634,0.99528223
9033,0.99768704,0.9970229,0.99698824
9034,0.9989131,0.9991183,0.995659
9035,0.9963845,0.9906327,0.9976677
9036,0.9964859,0.99143183,0.99751806
9037,0.9961991,0.98981273,0.9975161
9038,0.9979036,0.9978403,0.9964761
9039,0.996478,0.9917055,0.99734443
9040,0.9972704,0.9958343,0.9968703
9041,0.9985406,0.99902165,0.9957734
9042,0.9976671,0.99727273,0.9967415
9043,0.9973433,0.9961376,0.99699694
9044,0.99626136,0.9904999,0.9974823
9045,0.9993223,0.99952734,0.9967018
9046,0.99883,0.99930835,0.9953461
9047,0.9982117,0.99860156,0.9963129
9048,0.99868906,0.99911237,0.99563223
9049,0.9983224,0.9986973,0.9962469
9050,0.998305,0.99869627,0.99639374
9051,0.9973104,0.9958925,0.99719936
9052,0.99889994,0.9993312,0.9956619
9053,0.9990116,0.9994326,0.99563944
9054,0.9989507,0.99940705,0.99587536
9055,0.9977157,0.9972694,0.99712276
9056,0.9985986,0.99905926,0.9963955
9057,0.9989864,0.9993849,0.9959379
9058,0.9994073,0.999543,0.9981582
9059,0.9993306,0.99925935,0.997832
9060,0.99881375,0.99901986,0.9959813
9061,0.99872786,0.9989939,0.9962496
9062,0.9992632,0.9992846,0.997187
9063,0.9981855,0.99811053,0.9967759
9064,0.99755025,0.9963332,0.9972885
9065,0.99823815,0.9982653,0.99684167
9066,0.9974376,0.9959276,0.9974383
9067,0.99682724,0.99295473,0.9976923
9068,0.9969741,0.99383307,0.9975549
9069,0.99731797,0.99553436,0.99733865
9070,0.9974397,0.9960177,0.99721664
9071,0.9979447,0.9976935,0.99690574
9072,0.99870265,0.9989559,0.99616265
9073,0.9982936,0.99822354,0.996482
9074,0.99855465,0.9986234,0.9962719
9075,0.99891645,0.9990009,0.9958717
9076,0.9990046,0.9984447,0.995452
9077,0.9987819,0.9981802,0.99511
9078,0.9992229,0.99858785,0.99737227
9079,0.998355,0.9976996,0.9956168
9080,0.9985797,0.9977803,0.9947068
9081,0.9973559,0.994858,0.99624753
9082,0.99702466,0.9933867,0.996644
9083,0.9973686,0.99511075,0.99660367
9084,0.9982453,0.9975901,0.995643
9085,0.99844074,0.99802744,0.99571383
9086,0.9985034,0.9979568,0.9952528
9087,0.9985896,0.9981728,0.9953973
9088,0.9982218,0.99776095,0.99609727
9089,0.99854314,0.9981486,0.9955008
9090,0.99845946,0.9979424,0.9951942
9091,0.9988687,0.99791175,0.99375445
9092,0.9981065,0.9971367,0.9929989
9093,0.996815,0.99252474,0.99502873
9094,0.9981116,0.99752337,0.9950362
9095,0.9987653,0.99851274,0.99486077
9096,0.998613,0.9984495,0.99521613
9097,0.99866194,0.99860567,0.99559176
9098,0.99762833,0.9964694,0.99648696
9099,0.9982519,0.99812555,0.99635
9100,0.9985657,0.998634,0.99631596
9101,0.99845296,0.998544,0.99665713
9102,0.99893904,0.99905133,0.99628043
9103,0.9983481,0.9984679,0.99709284
9104,0.9980769,0.99793595,0.9973954
9105,0.99732184,0.9952976,0.9978267
9106,0.9979278,0.99756134,0.9975831
9107,0.9985352,0.9984459,0.99612015
9108,0.9968516,0.9926549,0.996913
9109,0.9971615,0.9943741,0.9970333
9110,0.9979671,0.9973206,0.99614626
9111,0.99764216,0.9963806,0.99664706
9112,0.99704945,0.9937933,0.99712783
9113,0.9964362,0.9902381,0.9974583
9114,0.99746853,0.9958921,0.99709904
9115,0.998294,0.998233,0.99662465
9116,0.99836475,0.99838376,0.99668884
9117,0.9981945,0.9981082,0.9969474
9118,0.9972611,0.9950359,0.99755234
9119,0.99776447,0.9970351,0.9973209
9120,0.9978223,0.9972218,0.99732965
9121,0.9978682,0.9973581,0.9973339
9122,0.99903244,0.999149,0.99618834
9123,0.9990893,0.99907976,0.9962317
9124,0.99903846,0.9989997,0.99598014
9125,0.997981,0.99757797,0.9972461
9126,0.9992206,0.9990934,0.9975192
9127,0.9976302,0.9964766,0.99750227
9128,0.9974004,0.9955679,0.99764514
9129,0.9977031,0.99676746,0.9975151
9130,0.99780446,0.9971129,0.9974928
9131,0.9987152,0.99891424,0.996808
9132,0.99847096,0.9986624,0.9971615
9133,0.9974681,0.9959171,0.99783605
9134,0.9988992,0.9991395,0.99675244
9135,0.9992432,0.99933904,0.9971865
9136,0.9993046,0.9993273,0.9979155
9137,0.99884135,0.99876016,0.9963979
9138,0.99850667,0.99848056,0.99693364
9139,0.99803394,0.9972178,0.9964677
9140,0.9989719,0.9986011,0.99569756
9141,0.99926335,0.99877894,0.99812776
9142,0.9989422,0.99813914,0.99480057
9143,0.9976093,0.9959204,0.984524
9144,0.9985995,0.9977344,0.9902204
9145,0.9972068,0.99524933,0.9918738
9146,0.9984088,0.9982652,0.9931117
9147,0.9989855,0.9988433,0.99549013
9148,0.99865884,0.99844646,0.9916192
9149,0.9950521,0.996934,0.98308873
9150,0.99669707,0.9978229,0.98370755
9151,0.99659795,0.9964621,0.9872796
9152,0.99821335,0.9989115,0.98995453
9153,0.99788624,0.9984992,0.9924196
9154,0.9976997,0.9978715,0.9941604
9155,0.9972949,0.99614656,0.995407
9156,0.9984184,0.9990351,0.99588966
9157,0.9988839,0.99942803,0.9962482
9158,0.998409,0.99901354,0.99643433
9159,0.9979233,0.9980986,0.9962497
9160,0.99794346,0.99804866,0.996768
9161,0.9986355,0.99924105,0.99690354
9162,0.99887276,0.99943125,0.9970741
9163,0.99862784,0.99922323,0.9974752
9164,0.99881047,0.99939084,0.99758637
9165,0.9983156,0.9987125,0.9979685
9166,0.9982317,0.99850065,0.9981339
9167,0.9984028,0.998825,0.9982018
9168,0.99852306,0.9990096,0.9982631
9169,0.99893194,0.99945104,0.9981661
9170,0.99855006,0.9990323,0.9980213
9171,0.9990243,0.9994782,0.9979031
9172,0.99912596,0.9995335,0.9983711
9173,0.9988339,0.99934894,0.99822056
9174,0.999271,0.99925673,0.99590707
9175,0.9987249,0.99924564,0.99550515
9176,0.9983217,0.99880636,0.9962915
9177,0.9985911,0.9991357,0.9966856
9178,0.9982261,0.99853075,0.99719566
9179,0.99880373,0.9993134,0.9972694
9180,0.9981668,0.9983647,0.9973223
9181,0.9983447,0.99870646,0.9974404
9182,0.9988326,0.9993161,0.99750596
9183,0.9981874,0.99828094,0.9979318
9184,0.99865824,0.99912304,0.997967
9185,0.9986646,0.9991192,0.99810755
9186,0.9986533,0.99909216,0.9982337
9187,0.9989085,0.9993515,0.9982365
9188,0.99907655,0.9994622,0.99824226
9189,0.9987913,0.9992397,0.9984666
9190,0.9986295,0.9990208,0.99859345
9191,0.9988936,0.99932563,0.9985616
9192,0.9990017,0.9994094,0.9985714
9193,0.9991007,0.9994716,0.99857414
9194,0.9982782,0.998228,0.99889654
9195,0.99896467,0.9993692,0.9987337
9196,0.9982407,0.9980776,0.9989802
9197,0.9986801,0.99902177,0.9989054
9198,0.9987453,0.9991045,0.99891514
9199,0.9989335,0.9993107,0.9988754
9200,0.99900436,0.9993678,0.99887276
9201,0.9991763,0.99944335,0.99869066
9202,0.9989759,0.9991334,0.99736136
9203,0.99897707,0.99915814,0.9975996
9204,0.99883,0.9990604,0.9978681
9205,0.9990382,0.99922365,0.99792355
9206,0.9983339,0.99856913,0.9937575
9207,0.9982722,0.9984848,0.99497664
9208,0.99855775,0.99882805,0.9957671
9209,0.9987333,0.9990024,0.9963385
9210,0.99877137,0.99904853,0.9965012
9211,0.998394,0.9985829,0.9970614
9212,0.9987641,0.9990572,0.997294
9213,0.9988078,0.9991006,0.99755305
9214,0.9982548,0.9983698,0.99655616
9215,0.9985535,0.9988253,0.9969556
9216,0.99857706,0.99885035,0.997069
9217,0.99855995,0.9988086,0.99741095
9218,0.9988437,0.9991177,0.99758774
9219,0.99907416,0.9992094,0.99770355
9220,0.9986961,0.9988373,0.9941303
9221,0.99757427,0.99850386,0.9900178
9222,0.99771094,0.9983869,0.99243426
9223,0.99790883,0.9984295,0.9940979
9224,0.9981065,0.9985848,0.9952384
9225,0.9983747,0.9989401,0.9955912
9226,0.9970268,0.998428,0.98969686
9227,0.99748886,0.99849427,0.9921153
9228,0.9980047,0.9989123,0.9938118
9229,0.99894464,0.99916035,0.9950837
9230,0.9988326,0.9991837,0.9951176
9231,0.99860644,0.9992066,0.9956159
9232,0.99777794,0.9988288,0.9937788
9233,0.99812365,0.99907064,0.99497545
9234,0.9983799,0.9991979,0.99581945
9235,0.9983493,0.9991185,0.9964644
9236,0.9978593,0.99875116,0.9948872
9237,0.997934,0.99874175,0.9954115
9238,0.9980409,0.9987044,0.9961868
9239,0.99844325,0.9992046,0.9967173
9240,0.99799216,0.9981476,0.9972019
9241,0.99827623,0.9987185,0.9975517
9242,0.99824506,0.99852395,0.9978347
9243,0.9985482,0.99905837,0.99803376
9244,0.9987028,0.9992407,0.9981141
9245,0.9983869,0.9990906,0.99653935
9246,0.9977258,0.99881107,0.99385136
9247,0.99691725,0.99483186,0.99514365
9248,0.9976623,0.9974995,0.99622756
9249,0.9979174,0.9979831,0.9968562
9250,0.9982627,0.9986876,0.99728876
9251,0.99835914,0.9987701,0.99761266
9252,0.998471,0.9988959,0.9978661
9253,0.9979939,0.99739414,0.9981237
9254,0.99844843,0.99868464,0.99830586
9255,0.99856025,0.9988541,0.9984432
9256,0.9988226,0.99921054,0.99853134
9257,0.9970747,0.99668044,0.9938445
9258,0.9973585,0.9967484,0.99518454
9259,0.9980451,0.998477,0.9960507
9260,0.9976005,0.99847007,0.9936283
9261,0.997727,0.99830157,0.99482894
9262,0.99769425,0.9977022,0.9958142
9263,0.9977177,0.9972663,0.9965603
9264,0.99838513,0.99889773,0.99678
9265,0.996812,0.9979433,0.99159837
9266,0.9970026,0.99699336,0.9935576
9267,0.99749243,0.997653,0.9949932
9268,0.9973226,0.9959932,0.99598634
9269,0.99757737,0.99646616,0.9967799
9270,0.99784875,0.9972086,0.9973285
9271,0.9983656,0.9986047,0.99768436
9272,0.99723893,0.9979942,0.9930723
9273,0.9946289,0.9974809,0.9873616
9274,0.98720723,0.99228096,0.98392284
9275,0.9920835,0.99220747,0.98610604
9276,0.99534774,0.9960041,0.98926604
9277,0.9959484,0.9934699,0.99197024
9278,0.99756986,0.99817175,0.9940405
9279,0.9920969,0.99056363,0.9870418
9280,0.9961347,0.9972473,0.99043936
9281,0.996996,0.9979722,0.99232054
9282,0.99224687,0.9971888,0.9852933
9283,0.9829586,0.99481803,0.983199
9284,0.98844403,0.99056983,0.9845437
9285,0.9929905,0.9910948,0.98724246
9286,0.99598706,0.9954054,0.9906012
9287,0.9952719,0.99149835,0.9912273
9288,0.9962401,0.99184847,0.99388534
9289,0.99703056,0.992853,0.9956424
9290,0.99729156,0.9936381,0.9962746
9291,0.9965223,0.99122804,0.99550515
9292,0.99791485,0.99671155,0.99645275
9293,0.99800885,0.99747187,0.99519056
9294,0.99589515,0.9947453,0.99027175
9295,0.994125,0.9876557,0.9929176
9296,0.9958708,0.9895469,0.99529856
9297,0.9966578,0.9905282,0.99671334
9298,0.9978481,0.99549353,0.9975417
9299,0.99274045,0.9873926,0.98755044
9300,0.9952108,0.98938644,0.99107957
9301,0.9976894,0.9969458,0.99386114
9302,0.99769616,0.9965522,0.994992
9303,0.9978865,0.99679905,0.9959075
9304,0.99687755,0.99094045,0.9965123
9305,0.9985238,0.99803436,0.9972689
9306,0.9958725,0.9963405,0.98784536
9307,0.9950351,0.9895099,0.99083275
9308,0.9977337,0.9974417,0.9936583
9309,0.99610674,0.98991406,0.9950102
9310,0.99564576,0.9893978,0.9934018
9311,0.99668413,0.99080265,0.9954724
9312,0.99839604,0.9981002,0.9965838
9313,0.9949353,0.98862964,0.9912827
9314,0.9957355,0.988974,0.99415886
9315,0.99637896,0.98957497,0.995978
9316,0.9981309,0.9974067,0.99697214
9317,0.9981797,0.99743265,0.99740857
9318,0.9965248,0.98907214,0.99787027
9319,0.99717146,0.99127984,0.99833035
9320,0.99613106,0.98762304,0.99867374
9321,0.9968565,0.98877865,0.99889386
9322,0.99606013,0.9868073,0.9990903
9323,0.9951938,0.9849388,0.99923944
9324,0.9971398,0.99157697,0.99917066
9325,0.9974174,0.9935999,0.9991492
9326,0.9979113,0.99631965,0.99907345
9327,0.9975188,0.99429214,0.9991415
9328,0.9985453,0.9983466,0.99890345
9329,0.99896145,0.99894166,0.9987341
9330,0.9967501,0.9889928,0.99923396
9331,0.9990312,0.99901825,0.9985924
9332,0.9991386,0.9989627,0.9984
9333,0.9991343,0.9987201,0.9981059
9334,0.998009,0.9961841,0.996933
9335,0.99592,0.98509365,0.9975048
9336,0.9979723,0.99623716,0.9975861
9337,0.99873686,0.9980037,0.9974163
9338,0.9989616,0.9982957,0.9974074
9339,0.99675626,0.98953724,0.99834216
9340,0.9990987,0.9985431,0.99744666
9341,0.99890655,0.9971248,0.99421245
9342,0.9962083,0.98643595,0.9949258
9343,0.9979434,0.9963111,0.9957796
9344,0.99789816,0.9962535,0.9964066
9345,0.99629885,0.9871245,0.99725413
9346,0.99879605,0.9982479,0.99660707
9347,0.99884224,0.99839354,0.9968172
9348,0.9987304,0.99833,0.9969971
9349,0.99787915,0.99635214,0.9963995
9350,0.999048,0.9983607,0.9963415
9351,0.99888396,0.99827164,0.99588877
9352,0.998877,0.9983278,0.9959402
9353,0.9990082,0.99810517,0.99551946
9354,0.99410635,0.9939948,0.98185724
9355,0.99534863,0.9935975,0.9836294
9356,0.9961186,0.9929131,0.98710257
9357,0.9945421,0.9849923,0.9909674
9358,0.99406004,0.98368543,0.9941509
9359,0.9966518,0.99157816,0.99568397
9360,0.99829644,0.9982569,0.99592274
9361,0.99887747,0.998952,0.9959402
9362,0.9943284,0.9834615,0.99633634
9363,0.99784034,0.99721897,0.99648243
9364,0.99744004,0.99572396,0.9970027
9365,0.9987258,0.99888486,0.99654925
9366,0.996269,0.9888175,0.997602
9367,0.99604046,0.98744214,0.99777526
9368,0.998889,0.99909616,0.99648154
9369,0.99874103,0.9989971,0.99671876
9370,0.99670506,0.9920049,0.9979147
9371,0.99737984,0.99566764,0.9977382
9372,0.99750215,0.99618536,0.99773854
9373,0.9979286,0.99763703,0.99758464
9374,0.9967245,0.9921884,0.9980875
9375,0.9969806,0.99375904,0.99797463
9376,0.9964393,0.990595,0.9981037
9377,0.99641436,0.9905869,0.99797696
9378,0.9986304,0.9990061,0.9966333
9379,0.9986969,0.999043,0.99656516
9380,0.99683154,0.993121,0.9977573
9381,0.9980184,0.9979565,0.9971332
9382,0.99822664,0.99840885,0.9970445
9383,0.99718386,0.9949849,0.9976916
9384,0.99781233,0.997432,0.9973644
9385,0.9976922,0.9970546,0.99746376
9386,0.9947734,0.9803709,0.99833226
9387,0.99630904,0.99051714,0.9976736
9388,0.9970434,0.99476385,0.99726343
9389,0.9982933,0.99868715,0.9963547
9390,0.9969989,0.99436766,0.99709463
9391,0.9983674,0.9986603,0.99605644
9392,0.99828905,0.9985547,0.99625105
9393,0.9986139,0.99887556,0.99578243
9394,0.9984833,0.9986992,0.9959991
9395,0.996771,0.9929871,0.99728376
9396,0.99695516,0.993721,0.9967087
9397,0.9979563,0.9975222,0.9960452
9398,0.9966597,0.9922188,0.99691594
9399,0.9989461,0.998804,0.9948226
9400,0.9977042,0.9968765,0.99624896
9401,0.99778837,0.9971579,0.9962722
9402,0.99845046,0.99813014,0.99502796
9403,0.9982908,0.99801946,0.99549544
9404,0.99902266,0.9985457,0.9956354
9405,0.9983839,0.998129,0.99535084
9406,0.9982497,0.9980317,0.99578375
9407,0.997894,0.9973498,0.9963228
9408,0.99868196,0.99872446,0.99560905
9409,0.9984957,0.99861234,0.99608225
9410,0.99808854,0.9979496,0.99658734
9411,0.9971609,0.99481696,0.9972647
9412,0.99856627,0.9987534,0.99616486
9413,0.99699223,0.994029,0.9974202
9414,0.9975419,0.9964919,0.9971203
9415,0.9976699,0.9969473,0.99707186
9416,0.9979611,0.9976726,0.9967465
9417,0.9964781,0.99107164,0.99756896
9418,0.9969524,0.99391323,0.997282
9419,0.99891204,0.9987781,0.99490756
9420,0.9972776,0.9951038,0.9966071
9421,0.9975856,0.9963562,0.99647874
9422,0.99915564,0.9989343,0.99649626
9423,0.9976285,0.9965209,0.99652123
9424,0.9964444,0.9908135,0.9972024
9425,0.99913603,0.99900806,0.99620026
9426,0.99915904,0.9990152,0.996465
9427,0.99919033,0.99869823,0.99700385
9428,0.9988738,0.9985299,0.99461496
9429,0.9990403,0.99860716,0.9958278
9430,0.9987294,0.9978801,0.99294055
9431,0.9987415,0.99792314,0.99268454
9432,0.9986266,0.99799764,0.9920055
9433,0.9990142,0.99848646,0.9951045
9434,0.99886876,0.99860317,0.99435455
9435,0.99894893,0.9988098,0.9952151
9436,0.9982295,0.99813867,0.99499243
9437,0.997648,0.9967804,0.99540097
9438,0.9973568,0.995771,0.99439144
9439,0.9984653,0.9984705,0.99442065
9440,0.99856484,0.99865973,0.99478966
9441,0.9980095,0.99785423,0.9957608
9442,0.9987166,0.99884564,0.9948629
9443,0.99851286,0.99874026,0.995668
9444,0.9979636,0.9978162,0.9965031
9445,0.996997,0.99410194,0.99681014
9446,0.9964954,0.99121916,0.99722606
9447,0.9970716,0.9945337,0.99719954
9448,0.9970915,0.9946418,0.99731296
9449,0.99673116,0.9927415,0.99749714
9450,0.9978286,0.9975277,0.9970348
9451,0.997215,0.9952721,0.99744195
9452,0.99725896,0.9954823,0.9974558
9453,0.99713725,0.99493843,0.9975308
9454,0.99863034,0.99904144,0.9965073
9455,0.99863803,0.998991,0.99642426
9456,0.99894685,0.99925673,0.9961339
9457,0.9976565,0.99699646,0.9974193
9458,0.998053,0.99811155,0.9972305
9459,0.9969254,0.99376976,0.9978282
9460,0.9964696,0.9911853,0.99793595
9461,0.9969205,0.9939128,0.9976982
9462,0.9965628,0.99196047,0.9977795
9463,0.99922603,0.99946135,0.99689597
9464,0.99910223,0.9994244,0.99584186
9465,0.99931496,0.9994642,0.9979741
9466,0.9989758,0.9992934,0.9958776
9467,0.9983419,0.9986025,0.9966345
9468,0.99859583,0.99895936,0.9964906
9469,0.9990343,0.9991999,0.99586606
9470,0.9986041,0.99893194,0.99652165
9471,0.9974538,0.9961593,0.9973836
9472,0.99771047,0.9970833,0.9972825
9473,0.99846494,0.9987721,0.9967807
9474,0.99842227,0.99873817,0.996934
9475,0.99901897,0.9993066,0.99628365
9476,0.99785507,0.9975704,0.9975327
9477,0.99680245,0.99296504,0.99799937
9478,0.9967246,0.99260086,0.99796283
9479,0.9988711,0.99928683,0.99645764
9480,0.9993839,0.99950397,0.9986568
9481,0.99870795,0.9975602,0.99111104
9482,0.9982209,0.9975365,0.99186
9483,0.9989906,0.9984891,0.9948739
9484,0.9990557,0.99861413,0.99555707
9485,0.99875045,0.9986017,0.9937056
9486,0.9976984,0.9969087,0.99559164
9487,0.99866056,0.9987621,0.9953131
9488,0.99840224,0.9985385,0.9959889
9489,0.99814945,0.9981417,0.9964856
9490,0.9987544,0.9989595,0.9959966
9491,0.99875784,0.99897385,0.99602264
9492,0.9976706,0.9968722,0.99710363
9493,0.9975776,0.99652463,0.99731976
9494,0.99777544,0.99719745,0.9973644
9495,0.9976344,0.996709,0.9975424
9496,0.9977382,0.99706143,0.99758095
9497,0.9982184,0.9983286,0.99739546
9498,0.9987269,0.9990653,0.9970767
9499,0.99901813,0.9992945,0.9968336
9500,0.9980301,0.99780524,0.9972712
9501,0.9973506,0.99540675,0.9976961
9502,0.9981133,0.99801475,0.99741435
9503,0.99915916,0.9992559,0.9972742
9504,0.9976873,0.9967871,0.997818
9505,0.9980497,0.9978904,0.99769014
9506,0.99823457,0.9983131,0.9976416
9507,0.9991746,0.9993285,0.9972247
9508,0.99866307,0.99901295,0.9974794
9509,0.9987574,0.9991243,0.99746805
9510,0.9988851,0.9992476,0.99741316
9511,0.9990135,0.9993479,0.99733704
9512,0.9992385,0.999464,0.99766827
9513,0.99791646,0.9975762,0.99824333
9514,0.99931216,0.99950427,0.9983383
9515,0.9993029,0.9995148,0.99821407
9516,0.99906194,0.9994399,0.9975306
9517,0.99891794,0.99937004,0.99775785
9518,0.99933386,0.99954236,0.99853873
9519,0.99894303,0.99938333,0.99778086
9520,0.99868155,0.9991576,0.99805367
9521,0.9983592,0.99867076,0.9982832
9522,0.998625,0.9990882,0.99815035
9523,0.99820334,0.99832755,0.9984045
9524,0.9991268,0.9995028,0.99774563
9525,0.9992881,0.9995752,0.997752
9526,0.99888456,0.9993814,0.9980941
9527,0.9992482,0.9995854,0.9977331
9528,0.998119,0.9981009,0.9985618
9529,0.9986409,0.99907666,0.9982694
9530,0.9985778,0.99898905,0.9983322
9531,0.99921036,0.9995248,0.9978058
9532,0.99839294,0.9986843,0.99848634
9533,0.9987764,0.9992433,0.99828297
9534,0.9993763,0.9995901,0.9986201
9535,0.998918,0.9993063,0.9981357
9536,0.99887776,0.9992804,0.9982015
9537,0.9987835,0.99919546,0.9983002
9538,0.9991284,0.9994576,0.9980291
9539,0.99929243,0.99953353,0.9978616
9540,0.9989748,0.9993935,0.9982552
9541,0.9988545,0.99929976,0.99837506
9542,0.9990632,0.99946016,0.99823225
9543,0.9990231,0.9994424,0.99829787
9544,0.999408,0.9996033,0.9989429
9545,0.99891776,0.9993127,0.9983576
9546,0.99870384,0.99909157,0.99851924
9547,0.99902105,0.9993948,0.9983189
9548,0.99942493,0.99955904,0.9992473
9549,0.9993466,0.9994112,0.998585
9550,0.9992816,0.99940246,0.997951
9551,0.9993724,0.99944896,0.9988486
9552,0.9989373,0.9992408,0.99835795
9553,0.9993393,0.99945647,0.9983975
9554,0.9989447,0.9990988,0.9982379
9555,0.9990279,0.9991734,0.9981989
9556,0.9993549,0.9993341,0.99885523
9557,0.99933535,0.99925894,0.99875426
9558,0.99946856,0.9981778,0.9977287
9559,0.9993806,0.99818176,0.9974841
9560,0.9995264,0.9983089,0.9978365
9561,0.99918354,0.9976414,0.99450237
9562,0.98754424,0.9906625,0.98202366
9563,0.9932462,0.99238235,0.9820355
9564,0.9960053,0.9948534,0.98302466
9565,0.997333,0.99665487,0.98623097
9566,0.99631006,0.99660295,0.9843802
9567,0.997566,0.99778813,0.9874923
9568,0.9978432,0.9982258,0.98899245
9569,0.99809057,0.9985508,0.99111474
9570,0.9983417,0.998803,0.9930505
9571,0.9976185,0.99845684,0.99006206
9572,0.9981905,0.9989085,0.99228394
9573,0.9968484,0.99776196,0.9893278
9574,0.9979014,0.9989016,0.9917467
9575,0.99723405,0.9983427,0.9907037
9576,0.9974227,0.99842,0.991868
9577,0.9976451,0.9983435,0.9937085
9578,0.99808574,0.9988954,0.9949338
9579,0.9984112,0.9992051,0.9957431
9580,0.998389,0.9991134,0.9964042
9581,0.9985262,0.999223,0.99686694
9582,0.9986111,0.99927735,0.99722856
9583,0.9990237,0.99942887,0.99747646
9584,0.9985443,0.99930066,0.9959813
9585,0.9984183,0.99923015,0.99590605
9586,0.9981712,0.99898154,0.995633
9587,0.99836373,0.99913746,0.99630046
9588,0.9983931,0.9992191,0.9959832
9589,0.99805516,0.9991229,0.99254733
9590,0.9985224,0.9992365,0.99396586
9591,0.99148405,0.9983713,0.98408735
9592,0.9936524,0.9980732,0.98581797
9593,0.9954698,0.99802333,0.988511
9594,0.9963297,0.9975834,0.99115837
9595,0.9974083,0.9988876,0.9932066
9596,0.98663384,0.9976849,0.98343813
9597,0.9867381,0.9968893,0.98355836
9598,0.99094903,0.99419916,0.9852178
9599,0.9944075,0.99626404,0.98797125
9600,0.99583113,0.9962691,0.9907914
9601,0.9964606,0.99545294,0.9931111
9602,0.9972716,0.997141,0.9948153
9603,0.99747264,0.9969022,0.9958823
9604,0.99783134,0.99762356,0.9966519
9605,0.99813503,0.9982007,0.9971761
9606,0.9986393,0.9987359,0.99753934
9607,0.99828804,0.9984957,0.99561596
9608,0.99752676,0.9981855,0.99437636
9609,0.9976119,0.9979463,0.99522394
9610,0.9973055,0.99571455,0.996136
9611,0.99682593,0.99250776,0.99693775
9612,0.99803066,0.99748677,0.997624
9613,0.998475,0.99856013,0.997921
9614,0.99905384,0.9988241,0.9981267
9615,0.99939096,0.9990529,0.99825495
9616,0.99659604,0.99781924,0.99090666
9617,0.9938428,0.9959941,0.9874769
9618,0.9960033,0.99763876,0.99033964
9619,0.99761313,0.9983533,0.9925972
9620,0.99555296,0.9972216,0.9901153
9621,0.9960717,0.99554175,0.9923522
9622,0.9967688,0.9958447,0.9942966
9623,0.9976106,0.9978649,0.9956007
9624,0.9940289,0.9972029,0.9877527
9625,0.9953273,0.99613637,0.9905088
9626,0.9961323,0.9951097,0.99289876
9627,0.9971509,0.99723446,0.9947054
9628,0.9974796,0.9973157,0.9957972
9629,0.9978559,0.9978911,0.9965694
9630,0.9960696,0.99600565,0.99225956
9631,0.9967311,0.99596214,0.99418986
9632,0.99757177,0.9977947,0.9955211
9633,0.9977648,0.9977427,0.9963302
9634,0.9973144,0.99560946,0.99635303
9635,0.99676895,0.9925841,0.99708843
9636,0.9967537,0.9922968,0.9971601
9637,0.9981006,0.9974066,0.9978033
9638,0.997677,0.99465966,0.9981124
9639,0.9985954,0.9984201,0.99839824
9640,0.99814403,0.9968038,0.9985346
9641,0.9980962,0.99632764,0.9987122
9642,0.9984057,0.9975673,0.9988553
9643,0.9986644,0.9982726,0.99894637
9644,0.9986356,0.99814504,0.9990269
9645,0.9976328,0.9925536,0.99909264
9646,0.99867964,0.99816304,0.9991991
9647,0.9984758,0.9977216,0.99860376
9648,0.9985397,0.99807864,0.9975739
9649,0.9956949,0.99616176,0.98896456
9650,0.9964944,0.9957236,0.9916905
9651,0.9955336,0.9903461,0.9933493
9652,0.9966268,0.9916783,0.9954094
9653,0.99785554,0.99660635,0.9966182
9654,0.99749625,0.9939546,0.9972324
9655,0.995867,0.99057204,0.99327785
9656,0.9965697,0.9911276,0.99533516
9657,0.9961505,0.98949057,0.9966505
9658,0.9969411,0.99071383,0.9975708
9659,0.99809164,0.99654245,0.99809027
9660,0.9975225,0.9928697,0.9983684
9661,0.9979877,0.9958171,0.99842674
9662,0.9973523,0.9913098,0.9986142
9663,0.99695605,0.990166,0.9971411
9664,0.9983946,0.99753696,0.99772745
9665,0.9972646,0.9914692,0.9978532
9666,0.9981304,0.99655324,0.998217
9667,0.99854344,0.99781185,0.99836445
9668,0.99630976,0.98781884,0.99867177
9669,0.9967327,0.98836356,0.99892676
9670,0.9987614,0.99829465,0.9988735
9671,0.9988859,0.99847806,0.998891
9672,0.9988259,0.9983875,0.9989342
9673,0.99867207,0.9981124,0.9990114
9674,0.9973402,0.9916501,0.9987316
9675,0.9982655,0.9967961,0.99623406
9676,0.9981669,0.9965921,0.9960193
9677,0.9977147,0.994782,0.99678797
9678,0.99776906,0.9949375,0.9973447
9679,0.99714524,0.9908457,0.9978227
9680,0.99742603,0.99281675,0.998182
9681,0.9989074,0.99819976,0.9980813
9682,0.9979944,0.9960454,0.99555045
9683,0.99866664,0.997561,0.9961733
9684,0.99757016,0.99413097,0.9970141
9685,0.9984275,0.9973588,0.9973314
9686,0.9968609,0.98910165,0.99788904
9687,0.9972707,0.9921927,0.9982141
9688,0.9988478,0.99822444,0.99801373
9689,0.99854785,0.99781555,0.99825996
9690,0.997374,0.9929055,0.99861467
9691,0.9975145,0.9938384,0.9986867
9692,0.9978693,0.99572736,0.99868166
9693,0.9956788,0.98441774,0.9989998
9694,0.9959677,0.98470503,0.9983087
9695,0.9964058,0.9867823,0.9984224
9696,0.9971032,0.99207115,0.9983498
9697,0.998654,0.9980671,0.9977488
9698,0.99901336,0.9984777,0.99749357
9699,0.99671465,0.9895088,0.9982158
9700,0.99636734,0.9871807,0.99800557
9701,0.9966951,0.98987544,0.9979866
9702,0.9966371,0.9897539,0.99800676
9703,0.9987802,0.998222,0.99679244
9704,0.9984958,0.9979699,0.9971909
9705,0.999178,0.99864644,0.99687666
9706,0.99897563,0.9986391,0.9968381
9707,0.998659,0.9982772,0.99714607
9708,0.9986817,0.99837065,0.99720925
9709,0.9992782,0.9988224,0.9978463
9710,0.99847835,0.9977256,0.9969442
9711,0.9961964,0.98692644,0.998019
9712,0.9981336,0.99726415,0.99720204
9713,0.998342,0.99776894,0.99712485
9714,0.99929506,0.99868053,0.9980416
9715,0.99878365,0.998052,0.99625415
9716,0.99783206,0.99628526,0.9972268
9717,0.99885774,0.99831545,0.99641955
9718,0.9991193,0.9985899,0.9964905
9719,0.99926066,0.99873483,0.9977875
9720,0.99874383,0.997921,0.99595416
9721,0.9981879,0.9972244,0.99674195
9722,0.99685943,0.99165106,0.99744785
9723,0.9959245,0.9856146,0.9977684
9724,0.9984104,0.99793285,0.99652016
9725,0.99649537,0.9899465,0.9976149
9726,0.995782,0.9854511,0.9977606
9727,0.99646205,0.9903892,0.99738896
9728,0.9959932,0.9875981,0.99745125
9729,0.99596184,0.98775196,0.99729115
9730,0.9970966,0.99460113,0.99659556
9731,0.99870574,0.99880856,0.99498045
9732,0.9962572,0.99004763,0.99710983
9733,0.99762446,0.99687564,0.9962099
9734,0.99840885,0.99863905,0.9955009
9735,0.9980674,0.9981207,0.99607676
9736,0.99850243,0.99885476,0.9957071
9737,0.9987195,0.9991184,0.9955654
9738,0.99889404,0.99928916,0.99545366
9739,0.99631643,0.9906431,0.99759704
9740,0.99615574,0.9898092,0.997528
9741,0.99578,0.9876239,0.9975075
9742,0.9968963,0.9944105,0.9968665
9743,0.99620366,0.9906039,0.9971464
9744,0.99613976,0.9903692,0.99704725
9745,0.9969297,0.9948157,0.9965433
9746,0.9980262,0.9984506,0.9956696
9747,0.99904805,0.99955124,0.99410087
9748,0.9992049,0.9996452,0.9944964
9749,0.9987665,0.99942356,0.99515384
9750,0.9978321,0.99800235,0.9964082
9751,0.9981969,0.99877065,0.9961742
9752,0.9989137,0.9995247,0.9952464
9753,0.9993385,0.9996937,0.99610907
9754,0.999426,0.99961567,0.9976451
9755,0.9990981,0.9995604,0.9949884
9756,0.99664927,0.9930172,0.99749315
9757,0.99878824,0.99944884,0.99575734
9758,0.9967784,0.9937596,0.9974883
9759,0.99785894,0.99805945,0.9968554
9760,0.999107,0.99964374,0.9952985
9761,0.9980696,0.998553,0.99691397
9762,0.9987381,0.99947375,0.9962982
9763,0.9994331,0.9997643,0.9971756
9764,0.9989216,0.999553,0.9960357
9765,0.9981009,0.9985662,0.9971097
9766,0.99815094,0.99866354,0.997137
9767,0.9993636,0.9997337,0.9964433
9768,0.9982055,0.9984081,0.9966097
9769,0.9987674,0.9991321,0.9960071
9770,0.9979068,0.99776554,0.99703497
9771,0.99814934,0.998309,0.9968617
9772,0.9993004,0.9993245,0.99703777
9773,0.9992084,0.9991934,0.9963598
9774,0.99677104,0.99272627,0.99759734
9775,0.99680936,0.9930428,0.9975055
9776,0.997433,0.9961071,0.9971412
9777,0.99854493,0.9988713,0.99623936
9778,0.997319,0.9956762,0.99731106
9779,0.9965319,0.991568,0.9976296
9780,0.99788785,0.997732,0.9968323
9781,0.9986563,0.9989302,0.995897
9782,0.9986899,0.9989375,0.99590504
9783,0.9987056,0.99895555,0.99597406
9784,0.9984947,0.9987802,0.9964026
9785,0.9981327,0.9982009,0.99686193
9786,0.99822444,0.9983993,0.99685407
9787,0.9977264,0.997103,0.9972376
9788,0.99716175,0.99481434,0.9975374
9789,0.9969857,0.99392873,0.9975453
9790,0.99757636,0.9966148,0.99720365
9791,0.998149,0.99825114,0.99682546
9792,0.99778193,0.9972953,0.99713105
9793,0.9978719,0.9975714,0.9971077
9794,0.9987588,0.9991227,0.9962753
9795,0.9982965,0.9981579,0.99649054
9796,0.9983818,0.9983537,0.99650216
9797,0.99918306,0.99905896,0.9958483
9798,0.9989994,0.99863607,0.9953763
9799,0.9985747,0.998207,0.9960672
9800,0.9976296,0.996089,0.997017
9801,0.99790186,0.997025,0.9968631
9802,0.9969338,0.992971,0.99743295
9803,0.9976942,0.9964941,0.9969731
9804,0.9971446,0.9942338,0.9973018
9805,0.99609154,0.9880103,0.99766207
9806,0.9945554,0.9788863,0.9978791
9807,0.9980759,0.99796176,0.9958336
9808,0.997329,0.9957298,0.99656767
9809,0.99864686,0.9988976,0.99526477
9810,0.99846435,0.9987512,0.99572563
9811,0.9984813,0.9986865,0.99568933
9812,0.9991604,0.99919003,0.99528205
9813,0.9975379,0.9965542,0.9968373
9814,0.9979326,0.99777853,0.9965884
9815,0.9971935,0.9951153,0.9970672
9816,0.9975547,0.9966152,0.99684393
9817,0.9971778,0.995059,0.9970536
9818,0.9975468,0.9966016,0.99682504
9819,0.99702,0.9943579,0.99714756
9820,0.9971593,0.9950679,0.9970364
9821,0.99827045,0.9985529,0.9962005
9822,0.9980754,0.9980596,0.9963253
9823,0.99802643,0.9978698,0.99634665
9824,0.9982024,0.9982743,0.99627715
9825,0.9987747,0.9990004,0.99558043
9826,0.99778783,0.9972658,0.9967835
9827,0.9973433,0.99566966,0.9971038
9828,0.99823135,0.9983742,0.9964597
9829,0.99709886,0.9945867,0.9973058
9830,0.9980194,0.9979792,0.99670464
9831,0.9975454,0.9965565,0.9970999
9832,0.99779886,0.9974166,0.996959
9833,0.9981758,0.9983631,0.99671143
9834,0.99853843,0.99892074,0.99636877
9835,0.99921006,0.9994229,0.9952914
9836,0.99875486,0.9992208,0.9963741
9837,0.9989419,0.9993842,0.9962163
9838,0.9985531,0.9990688,0.99686986
9839,0.9984265,0.9989073,0.997078
9840,0.9976165,0.9968563,0.99768
9841,0.9978008,0.9974836,0.9975892
9842,0.9969025,0.99349385,0.9979868
9843,0.997211,0.9951623,0.99781233
9844,0.99750143,0.99645853,0.9976561
9845,0.9978517,0.9976768,0.99747
9846,0.9984612,0.99899703,0.99705064
9847,0.9991136,0.99948734,0.996067
9848,0.99880445,0.9993224,0.996701
9849,0.99824286,0.99857384,0.99734557
9850,0.9977019,0.9970985,0.9977214
9851,0.99852717,0.9990474,0.9971663
9852,0.9992972,0.9995833,0.9960018
9853,0.9988553,0.9993377,0.9968383
9854,0.99834937,0.9987277,0.9974297
9855,0.9990703,0.9994916,0.9966627
9856,0.999282,0.9995893,0.9963407
9857,0.9990223,0.9993919,0.9967438
9858,0.99921477,0.99946016,0.99642444
9859,0.99901855,0.999411,0.9969024
9860,0.9989086,0.99930376,0.9970577
9861,0.9982368,0.99837404,0.9977084
9862,0.99836236,0.9986279,0.9976554
9863,0.9991048,0.9994286,0.9969022
9864,0.9988993,0.99933285,0.99728256
9865,0.9986892,0.9991536,0.9975689
9866,0.9990412,0.99945253,0.9972278
9867,0.9992374,0.9995554,0.996986
9868,0.99892616,0.99941987,0.997524
9869,0.99835384,0.9986957,0.99804103
9870,0.9981449,0.9982241,0.9981767
9871,0.99837697,0.99873286,0.99806434
9872,0.9989991,0.99948287,0.9975739
9873,0.9989205,0.99943954,0.9977161
9874,0.9985867,0.9990905,0.9980426
9875,0.9989774,0.9994907,0.99773926
9876,0.9986479,0.99917936,0.9980715
9877,0.99865633,0.9991905,0.99809545
9878,0.9991128,0.9995826,0.99769986
9879,0.99949825,0.99970394,0.99766904
9880,0.9993176,0.9996749,0.99748826
9881,0.9991702,0.9996369,0.9977733
9882,0.99937046,0.9997096,0.9975082
9883,0.9992982,0.9991348,0.9969887
9884,0.99918944,0.9991536,0.99726796
9885,0.9993629,0.999253,0.99718595
9886,0.99941677,0.99931115,0.9978403
9887,0.99941444,0.99929225,0.9978791
9888,0.9994089,0.99887425,0.9984142
9889,0.999351,0.99890083,0.9976826
9890,0.99916625,0.9988982,0.9972419
9891,0.99901295,0.9988758,0.997518
9892,0.99893916,0.9988673,0.9976518
9893,0.9992242,0.99906725,0.99731624
9894,0.9991165,0.9988625,0.9974007
9895,0.99861115,0.99842757,0.99795616
9896,0.9991284,0.99894243,0.99746394
9897,0.9990729,0.99896246,0.99759114
9898,0.99927497,0.9990954,0.99733967
9899,0.9988343,0.99866796,0.99782157
9900,0.9992306,0.9989661,0.997375
9901,0.99892396,0.998842,0.99782026
9902,0.9993802,0.99910176,0.99810684
9903,0.9987943,0.9987861,0.9980027
9904,0.9994056,0.9991667,0.99835783
9905,0.99919134,0.99861115,0.99729854
9906,0.9993205,0.998743,0.9978885
9907,0.9994,0.9988261,0.9987948
9908,0.99927664,0.9988245,0.99735755
9909,0.99939215,0.9989283,0.9986377
9910,0.9993443,0.9987209,0.9982769
9911,0.99932134,0.9986664,0.99808156
9912,0.99934083,0.9987335,0.9982702
9913,0.9993074,0.99877596,0.9978682
9914,0.99929917,0.9988348,0.99774724
9915,0.99934727,0.9989089,0.9982516
9916,0.9993912,0.9988134,0.99890816
9917,0.9987584,0.997784,0.99738693
9918,0.9988916,0.9980214,0.99733377
9919,0.9991281,0.9982772,0.99710554
9920,0.9992698,0.9983929,0.9979347
9921,0.999137,0.99835736,0.9971207
9922,0.9989701,0.9983702,0.99742967
9923,0.9989752,0.998455,0.99749255
9924,0.9991013,0.9986067,0.9974011
9925,0.9992356,0.99874264,0.997468
9926,0.99933434,0.99875855,0.9985627
9927,0.9992688,0.99853563,0.9980208
9928,0.9990279,0.9975772,0.9959717
9929,0.9991568,0.9978805,0.9971369
9930,0.9990883,0.99801487,0.99656725
9931,0.9992492,0.9982255,0.99810165
9932,0.9993646,0.9981776,0.9985757
9933,0.999158,0.998193,0.9972183
9934,0.99926656,0.99822176,0.998313
9935,0.9994164,0.9982418,0.99857956
9936,0.9991586,0.99795806,0.99713767
9937,0.99851555,0.9967266,0.99245226
9938,0.9987824,0.9974936,0.99379534
9939,0.9988009,0.99786747,0.9948673
9940,0.9990309,0.9982439,0.9960803
9941,0.9994131,0.9982344,0.9970301
9942,0.9953277,0.9941847,0.98337626
9943,0.99479187,0.99499893,0.983097
9944,0.9969955,0.9966979,0.98515064
9945,0.9976012,0.9976764,0.9864754
9946,0.99810576,0.9983302,0.9898217
9947,0.99850565,0.99877435,0.99247885
9948,0.9983362,0.99870366,0.99397093
9949,0.99845845,0.9988513,0.9950653
9950,0.9986639,0.99906504,0.99576443
9951,0.9988027,0.99919313,0.9962788
9952,0.9964873,0.998169,0.98566866
9953,0.99751484,0.9987182,0.9886862
9954,0.99765795,0.9988644,0.98982626
9955,0.9978519,0.99906546,0.9905878
9956,0.9971878,0.99892396,0.9887655
9957,0.99803644,0.99920654,0.99143124
9958,0.997942,0.9992381,0.9922793
9959,0.99808055,0.99929756,0.9926282
9960,0.9969504,0.99913245,0.98851115
9961,0.9974396,0.99924105,0.99110866
9962,0.9978162,0.9992934,0.9930794
9963,0.99793303,0.9991963,0.9944459
9964,0.9980372,0.9991301,0.9954577
9965,0.99823403,0.99928117,0.99604726
9966,0.9981577,0.999033,0.99664384
9967,0.9979881,0.9984888,0.9971203
9968,0.9980579,0.99849874,0.997488
9969,0.9985443,0.99933785,0.99771714
9970,0.99859923,0.9993627,0.99792635
9971,0.99808955,0.9982445,0.998141
9972,0.9985724,0.9992426,0.9982657
9973,0.9983407,0.99875355,0.99843085
9974,0.99728155,0.9968114,0.99544924
9975,0.9980217,0.998749,0.9962775
9976,0.9980593,0.9986316,0.99683213
9977,0.9984257,0.99919003,0.9972144
9978,0.9985357,0.99929637,0.9973728
9979,0.99804413,0.9983904,0.9972681
9980,0.9985386,0.9993192,0.9971112
9981,0.9983413,0.99896765,0.99747926
9982,0.9985428,0.9992157,0.99773055
9983,0.99860126,0.9992467,0.9979443
9984,0.99854946,0.9991276,0.99813783
9985,0.99604934,0.9967933,0.9903721
9986,0.9967132,0.99680805,0.99275583
9987,0.9973426,0.9978066,0.99444276
9988,0.9976283,0.99803233,0.99555373
9989,0.9982142,0.99905497,0.9962892
9990,0.9983017,0.9990594,0.9968191
9991,0.99847347,0.99923533,0.9970574
9992,0.99662215,0.9985537,0.990763
9993,0.9968514,0.9976343,0.99287856
9994,0.9974994,0.9984671,0.9944551
9995,0.9977936,0.99864763,0.99551237
9996,0.998095,0.9989546,0.9962545
9997,0.9879802,0.9977962,0.9836938
9998,0.9917085,0.99610287,0.985502
9999,0.99457437,0.9970824,0.98816466
10000,0.99625653,0.9981542,0.9908843
10001,0.99652994,0.99670184,0.9930112
10002,0.9971792,0.9974829,0.9946455
10003,0.9975106,0.9976871,0.9957327
10004,0.9979721,0.99851453,0.99648577
10005,0.99783725,0.99773705,0.9970259
10006,0.997794,0.99710846,0.9974585
10007,0.9977448,0.9963671,0.99784017
10008,0.9977764,0.9967054,0.9976383
10009,0.9978766,0.99677104,0.99798936
10010,0.9975867,0.99458057,0.9982779
10011,0.9978483,0.99586344,0.99855345
10012,0.99853384,0.99853057,0.99870914
10013,0.9984296,0.9981679,0.99881774
10014,0.9973894,0.9959691,0.99601686
10015,0.9977507,0.99693114,0.9968012
10016,0.9970722,0.9976859,0.9927065
10017,0.9971731,0.99669945,0.9943633
10018,0.9937639,0.9911044,0.9888913
10019,0.99697226,0.99793327,0.9920718
10020,0.99686694,0.9958895,0.99390554
10021,0.9976252,0.99780744,0.9951324
10022,0.99677056,0.9931038,0.9953741
10023,0.99242586,0.99094343,0.98710096
10024,0.9960978,0.99702954,0.9904663
10025,0.996617,0.99616635,0.99279636
10026,0.9971856,0.99671704,0.9945409
10027,0.9978586,0.99813896,0.9956725
10028,0.9907144,0.9910832,0.985732
10029,0.9939393,0.9915902,0.98894554
10030,0.99615216,0.9945746,0.9921254
10031,0.99721843,0.9970533,0.9941998
10032,0.9968476,0.9955414,0.99402595
10033,0.9971961,0.9955448,0.99544996
10034,0.99667,0.99200284,0.9964614
10035,0.99827313,0.99824667,0.9972861
10036,0.9722952,0.9866304,0.98262364
10037,0.98338157,0.9877068,0.98300993
10038,0.99069124,0.98747367,0.9843932
10039,0.9943425,0.9877844,0.98730123
10040,0.996514,0.99353254,0.9897645
10041,0.9974569,0.9950606,0.99255687
10042,0.97161067,0.97454256,0.98254234
10043,0.98007333,0.9636222,0.9829426
10044,0.9937651,0.97756267,0.9849352
10045,0.9971563,0.98840016,0.989008
10046,0.9976236,0.9912872,0.99127394
10047,0.997037,0.98816305,0.99396527
10048,0.99843055,0.9948835,0.9957149
10049,0.99870133,0.99569476,0.996289
10050,0.9941333,0.9826542,0.98713976
10051,0.9968147,0.990608,0.9911935
10052,0.99590784,0.98597956,0.9934102
10053,0.99670976,0.98756874,0.9956307
10054,0.99648446,0.98689437,0.9969254
10055,0.9972097,0.9907107,0.9976742
10056,0.996719,0.9870346,0.9981428
10057,0.99865854,0.99749696,0.99807733
10058,0.9989857,0.99796474,0.99805826
10059,0.99857193,0.9965646,0.99454165
10060,0.9958011,0.9904316,0.9862729
10061,0.99426484,0.9923876,0.9834308
10062,0.9946947,0.98634225,0.9864591
10063,0.99683064,0.99383163,0.9901843
10064,0.9976438,0.99628294,0.9927854
10065,0.998295,0.9977266,0.99429417
10066,0.9983194,0.9978302,0.9954122
10067,0.9937897,0.9946634,0.98361844
10068,0.9840462,0.99165595,0.9819779
10069,0.9851446,0.9846174,0.982384
10070,0.98988515,0.9817755,0.9837529
10071,0.99284416,0.9828734,0.98682857
10072,0.99658966,0.99135506,0.99087566
10073,0.9979987,0.996711,0.99316126
10074,0.9980115,0.99678,0.9946471
10075,0.996421,0.9900583,0.9920367
10076,0.9948441,0.98524666,0.99432534
10077,0.9952033,0.98533076,0.9962068
10078,0.99867576,0.99820125,0.9966789
10079,0.99869144,0.9982161,0.9964491
10080,0.9920363,0.98292637,0.9854797
10081,0.9923105,0.9828807,0.98635656
10082,0.9923005,0.9819224,0.99072057
10083,0.9965109,0.99009866,0.99390346
10084,0.99862325,0.99824476,0.9947982
10085,0.9968987,0.99231106,0.9954759
10086,0.99592537,0.9861018,0.9965004
10087,0.9976482,0.9960567,0.9969441
10088,0.9949873,0.983944,0.99773186
10089,0.9949139,0.98333484,0.9980918
10090,0.997611,0.9960963,0.997684
10091,0.99443686,0.9819477,0.9983993
10092,0.9983889,0.9983682,0.99718153
10093,0.9984685,0.9984892,0.997155
10094,0.998134,0.997882,0.9974943
10095,0.9980906,0.9977887,0.9975896
10096,0.9969818,0.99299306,0.9973931
10097,0.9977829,0.9966003,0.99691886
10098,0.99858975,0.9983007,0.9962535
10099,0.9987974,0.9983194,0.99530643
10100,0.99387026,0.98108804,0.9960558
10101,0.9959218,0.9865497,0.9964801
10102,0.99604124,0.9877043,0.9967764
10103,0.99741834,0.99560714,0.99632806
10104,0.9989365,0.9984664,0.99505746
10105,0.99786943,0.9970399,0.995727
10106,0.99692297,0.99335754,0.9965871
10107,0.9982408,0.99800307,0.99584126
10108,0.9983007,0.9981773,0.99601084
10109,0.9987359,0.9985256,0.9950103
10110,0.99877256,0.9986907,0.9953394
10111,0.9983143,0.99810964,0.9956983
10112,0.99803776,0.99751675,0.9956307
10113,0.9982095,0.9979228,0.99576616
10114,0.9988454,0.9987592,0.99531525
10115,0.99828386,0.998165,0.99609417
10116,0.9977752,0.9970283,0.99672544
10117,0.99791867,0.99745274,0.9967778
10118,0.9985076,0.9986126,0.9964434
10119,0.9982812,0.99823767,0.9965954
10120,0.997553,0.99628687,0.9972262
10121,0.99629664,0.98956096,0.99775606
10122,0.9968667,0.9932222,0.99752516
10123,0.99808294,0.99799246,0.9968663
10124,0.9980413,0.9978324,0.99682665
10125,0.9979247,0.99729306,0.9963284
10126,0.9986131,0.99856156,0.9958709
10127,0.99845576,0.9984571,0.9962952
10128,0.9938324,0.98004854,0.9981032
10129,0.99756783,0.99652654,0.996812
10130,0.99806714,0.9979386,0.99649316
10131,0.9978402,0.99728185,0.9965505
10132,0.99619204,0.9893028,0.99744254
10133,0.9987387,0.99889994,0.9955136
10134,0.9974758,0.99630183,0.99693185
10135,0.99702483,0.99437225,0.9972045
10136,0.9984334,0.9986408,0.9960567
10137,0.997649,0.99666506,0.99645525
10138,0.99847347,0.99821496,0.9951872
10139,0.998992,0.99840295,0.9953735
10140,0.99858624,0.9981684,0.9943782
10141,0.9971162,0.9943144,0.9959461
10142,0.9957807,0.9864751,0.9965242
10143,0.9966,0.99193215,0.9963339
10144,0.99749935,0.99620664,0.9958871
10145,0.9941213,0.9796785,0.9972676
10146,0.9961841,0.9901373,0.99638176
10147,0.9966999,0.9930872,0.99577665
10148,0.9963561,0.9913432,0.9960273
10149,0.9972047,0.9956191,0.9954562
10150,0.9986869,0.9988955,0.99370897
10151,0.9986128,0.9988291,0.9940152
10152,0.99830526,0.99856,0.9948276
10153,0.99799037,0.99787444,0.9950321
10154,0.9974915,0.9966262,0.99575865
10155,0.9978914,0.997749,0.9954857
10156,0.9958364,0.9882061,0.99688256
10157,0.9973807,0.99642384,0.99589413
10158,0.9987996,0.99909973,0.994094
10159,0.99904287,0.9992964,0.9952985
10160,0.99861574,0.99901307,0.9948487
10161,0.99644005,0.99200815,0.9968978
10162,0.9986677,0.99914527,0.99490356
10163,0.99843144,0.9989554,0.9955128
10164,0.99877554,0.99929875,0.99516445
10165,0.99914104,0.99949497,0.99600464
10166,0.997373,0.99645454,0.996798
10167,0.99677217,0.9937877,0.99714386
10168,0.99713224,0.99553657,0.99692684
10169,0.9974675,0.9968445,0.99673986
10170,0.9981852,0.9986689,0.9962225
10171,0.9979614,0.998206,0.9964782
10172,0.99644494,0.99194527,0.99739033
10173,0.9967911,0.9939244,0.9971314
10174,0.99719775,0.9958471,0.9968846
10175,0.99726254,0.9961129,0.9968523
10176,0.9983042,0.9988282,0.9959238
10177,0.9985342,0.99910676,0.9957253
10178,0.9985658,0.9991633,0.9958524
10179,0.99771976,0.9973362,0.9963811
10180,0.9988342,0.999174,0.9951435
10181,0.99902767,0.99873954,0.9956773
10182,0.99892807,0.99868596,0.9949962
10183,0.99686337,0.99352,0.99642974
10184,0.9960112,0.9886338,0.996873
10185,0.9948619,0.981775,0.99716234
10186,0.9953227,0.98514134,0.9967502
10187,0.99643445,0.9922329,0.9960127
10188,0.99691504,0.9947367,0.99568206
10189,0.9976859,0.9975163,0.99510705
10190,0.9973966,0.9966945,0.9955644
10191,0.9974543,0.996908,0.99564165
10192,0.9977111,0.9976738,0.99554193
10193,0.9985428,0.99912494,0.99466693
10194,0.9979944,0.99834895,0.9955999
10195,0.99761534,0.9973922,0.9960119
10196,0.9991667,0.9995019,0.9956574
10197,0.99928755,0.99954057,0.99687874
10198,0.99873173,0.99927914,0.9949178
10199,0.9989922,0.9992901,0.99485207
10200,0.99918896,0.99920166,0.9967846
10201,0.99921775,0.99917305,0.99713606
10202,0.9990041,0.9990348,0.99547344
10203,0.9975166,0.99668694,0.99607855
10204,0.9981421,0.99829286,0.9956599
10205,0.9989445,0.99918926,0.9949394
10206,0.99924326,0.9992928,0.9974624
10207,0.9991061,0.9992663,0.99626046
10208,0.99917996,0.99930394,0.9969303
10209,0.9986439,0.998661,0.9942664
10210,0.9976274,0.99689615,0.99588495
10211,0.9979594,0.9978129,0.99587476
10212,0.9984987,0.9987522,0.99554706
10213,0.99821556,0.9984124,0.9961302
10214,0.9972608,0.9956611,0.9969743
10215,0.9971097,0.99501306,0.99710417
10216,0.99684525,0.9937434,0.9972461
10217,0.9977078,0.99733055,0.9967711
10218,0.99858326,0.9990225,0.99603975
10219,0.9986913,0.9991613,0.9960676
10220,0.9983004,0.9987271,0.9966794
10221,0.99847996,0.9989952,0.99661106
10222,0.99916434,0.99949926,0.99646246
10223,0.9989865,0.9993936,0.9960044
10224,0.9988639,0.999295,0.9962211
10225,0.9990804,0.9993808,0.9961409
10226,0.998711,0.9989944,0.99605167
10227,0.9988241,0.99913317,0.9961078
10228,0.9982132,0.9983805,0.9967941
10229,0.99801284,0.9979748,0.9970723
10230,0.9974417,0.9961724,0.99748003
10231,0.9983849,0.99870545,0.99692494
10232,0.9976116,0.99681145,0.99753135
10233,0.9983115,0.99861145,0.99713
10234,0.9982143,0.99844563,0.9972865
10235,0.9978888,0.9974787,0.9970727
10236,0.9981254,0.9980705,0.9970197
10237,0.9977604,0.9971176,0.9973493
10238,0.9988905,0.9991175,0.99641806
10239,0.99929637,0.9993095,0.9982933
10240,0.9992695,0.99932146,0.9979995
10241,0.9992901,0.99930763,0.9982604
10242,0.99743336,0.99573535,0.9970658
10243,0.9980181,0.9976669,0.996875
10244,0.99811363,0.99791265,0.9969537
10245,0.9985183,0.9986395,0.9967507
10246,0.9981202,0.99798095,0.9972088
10247,0.99804467,0.99781716,0.99734765
10248,0.9981761,0.9981288,0.9973366
10249,0.99821377,0.99821955,0.99738467
10250,0.9982852,0.99837154,0.9974033
10251,0.9984872,0.9987179,0.99731493
10252,0.9986882,0.998983,0.9972068
10253,0.99874395,0.9990625,0.99723405
10254,0.99866945,0.99896973,0.9973248
10255,0.9986222,0.9989371,0.99744356
10256,0.9992453,0.9993367,0.9975801
10257,0.99851924,0.9987204,0.99746716
10258,0.9988834,0.999121,0.99718356
10259,0.99889225,0.9991586,0.9972627
10260,0.99899465,0.99925345,0.9972206
10261,0.99922395,0.9988848,0.9978902
10262,0.99860483,0.9985139,0.9968249
10263,0.9994422,0.9990188,0.99899215
10264,0.9990537,0.9988338,0.9963985
10265,0.99900913,0.99887484,0.99638724
10266,0.99842626,0.99835765,0.99719405
10267,0.9986608,0.99870586,0.997139
10268,0.9985799,0.99864477,0.99733686
10269,0.99860567,0.99870473,0.9974227
10270,0.9987743,0.99891436,0.99737054
10271,0.99908817,0.9991608,0.9971013
10272,0.99849546,0.9986408,0.99778324
10273,0.99868274,0.9988924,0.997689
10274,0.9988567,0.99907994,0.99760205
10275,0.9990294,0.99922174,0.9974871
10276,0.99906,0.99926627,0.99752635
10277,0.9986677,0.9984438,0.9964366
10278,0.99893194,0.9985141,0.99531466
10279,0.99894196,0.9986675,0.9958221
10280,0.99866325,0.9985109,0.9962787
10281,0.9989726,0.9988123,0.99622405
10282,0.99882376,0.9987412,0.99639785
10283,0.9988779,0.99884063,0.9966023
10284,0.99847674,0.9981239,0.99263334
10285,0.9983739,0.9981943,0.994272
10286,0.9984268,0.9983573,0.9952394
10287,0.998483,0.99849325,0.99590284
10288,0.9983927,0.99840015,0.9964691
10289,0.9982755,0.9982044,0.99691075
10290,0.9982171,0.99807745,0.99712396
10291,0.99841756,0.99834335,0.99364805
10292,0.99833655,0.9983262,0.9949241
10293,0.9985687,0.9986726,0.9956082
10294,0.99892926,0.999015,0.99596035
10295,0.99892706,0.9990784,0.99640715
10296,0.99864405,0.9988876,0.9969913
10297,0.9986553,0.9989159,0.9972568
10298,0.9986756,0.99895024,0.9974655
10299,0.99796414,0.99745905,0.99793154
10300,0.99865615,0.99892783,0.9978038
10301,0.9990704,0.99928164,0.99764013
10302,0.9989786,0.9992007,0.9975202
10303,0.9987834,0.9990671,0.9978128
10304,0.9985709,0.9988129,0.99804646
10305,0.99878,0.9990725,0.99803966
10306,0.99857473,0.9985789,0.9926551
10307,0.998519,0.9986822,0.9935601
10308,0.9984548,0.9986899,0.9948702
10309,0.9985597,0.99883354,0.99568075
10310,0.99871457,0.99900675,0.99620664
10311,0.9982745,0.99870116,0.99125725
10312,0.98666006,0.9959545,0.9815883
10313,0.98680353,0.99441785,0.9819661
10314,0.99216497,0.9947201,0.9830956
10315,0.9952998,0.9963624,0.9851481
10316,0.99696237,0.9976898,0.987881
10317,0.9977449,0.998297,0.9906964
10318,0.9963138,0.9978139,0.98713505
10319,0.99754626,0.9984877,0.98995405
10320,0.99802846,0.99875146,0.99204487
10321,0.9975899,0.99866855,0.9901753
10322,0.99809694,0.9988662,0.9917436
10323,0.9980888,0.9989898,0.9934877
10324,0.9968051,0.99840045,0.99028605
10325,0.9975992,0.99890774,0.99249035
10326,0.99744105,0.9987607,0.99255013
10327,0.9973987,0.99800247,0.99413294
10328,0.9981373,0.99909365,0.9952556
10329,0.99554044,0.9981393,0.9883568
10330,0.9966639,0.9984755,0.9909893
10331,0.997409,0.9988893,0.99301976
10332,0.9955992,0.9976174,0.9894831
10333,0.9971163,0.9988805,0.9915706
10334,0.9971231,0.9983998,0.9934369
10335,0.99741733,0.99829423,0.9948073
10336,0.9975224,0.9985289,0.9949012
10337,0.99426097,0.9977594,0.98776543
10338,0.9896598,0.9962136,0.9847824
10339,0.9929706,0.9948209,0.98723024
10340,0.9961135,0.9984257,0.99020964
10341,0.99477154,0.99850065,0.9878223
10342,0.9913634,0.99820477,0.9853579
10343,0.9917558,0.99692404,0.98633665
10344,0.99215627,0.99478674,0.9871691
10345,0.99454457,0.9962235,0.9896673
10346,0.99179065,0.9948766,0.9869224
10347,0.9940941,0.9940105,0.98992985
10348,0.9957305,0.99472654,0.9926895
10349,0.9971307,0.9977613,0.99459547
10350,0.9969449,0.9966259,0.9949178
10351,0.9974749,0.9977882,0.9956571
10352,0.99721843,0.9953753,0.9964588
10353,0.996979,0.99353164,0.9971907
10354,0.9982874,0.9983084,0.9977745
10355,0.9979221,0.9981179,0.9961702
10356,0.99740356,0.9977088,0.99509245
10357,0.9973851,0.9965961,0.9960482
10358,0.9973597,0.9951436,0.9968147
10359,0.9974385,0.99437934,0.99745256
10360,0.99725235,0.99316925,0.99796057
10361,0.99796635,0.9961818,0.99836254
10362,0.9985279,0.9982255,0.99856734
10363,0.9989912,0.9985281,0.9981447
10364,0.99357736,0.9960133,0.9872767
10365,0.9943537,0.9928114,0.989555
10366,0.9964097,0.99614143,0.9924672
10367,0.9960402,0.9952537,0.9919935
10368,0.9957843,0.99226785,0.9935055
10369,0.9975042,0.9971113,0.9953347
10370,0.9957856,0.99554354,0.99111575
10371,0.9965294,0.99514455,0.9934128
10372,0.99695075,0.994718,0.99506795
10373,0.9970343,0.9934656,0.996242
10374,0.99742436,0.99423796,0.997124
10375,0.99708384,0.99227756,0.99772406
10376,0.9979351,0.9958836,0.99820906
10377,0.99830645,0.9973722,0.99845576
10378,0.99807525,0.99611485,0.99863744
10379,0.99754405,0.9924057,0.9988262
10380,0.9980231,0.99536264,0.9990217
10381,0.9977147,0.9929636,0.99914896
10382,0.99800557,0.99500763,0.99926454
10383,0.99785036,0.9938384,0.99934834
10384,0.99748516,0.991144,0.9994342
10385,0.99853,0.9975917,0.9994596
10386,0.9988561,0.9984638,0.99945396
10387,0.99898577,0.9986731,0.99945545
10388,0.99801916,0.99546885,0.9985469
10389,0.9986611,0.9978064,0.9977347
10390,0.99746436,0.9920663,0.9980683
10391,0.99862736,0.9977383,0.9983579
10392,0.99772406,0.9935919,0.9985893
10393,0.99780196,0.9940112,0.998792
10394,0.99826795,0.9965065,0.9989141
10395,0.99862075,0.9976656,0.99896795
10396,0.9984914,0.9972372,0.9986476
10397,0.998827,0.99783194,0.99812454
10398,0.99729365,0.99121714,0.9972488
10399,0.998083,0.9958385,0.99779034
10400,0.9986311,0.9974505,0.9976963
10401,0.9986938,0.997473,0.9970401
10402,0.9988167,0.99765867,0.9970746
10403,0.9981579,0.9966519,0.9937568
10404,0.9980122,0.9966361,0.9932737
10405,0.9952461,0.9864588,0.9950265
10406,0.99585736,0.9871213,0.99618495
10407,0.9952793,0.9857373,0.99735576
10408,0.99792594,0.99550766,0.9979307
10409,0.9950504,0.9853173,0.99347687
10410,0.9975715,0.99450755,0.9952564
10411,0.9982924,0.9969932,0.99614316
10412,0.9965542,0.9877689,0.9963608
10413,0.9970932,0.99111557,0.99726033
10414,0.9981737,0.99679196,0.99760795
10415,0.99778235,0.99521583,0.99791414
10416,0.99676615,0.98845726,0.99824715
10417,0.99708176,0.9910244,0.9984712
10418,0.99829364,0.99729353,0.9983762
10419,0.99916446,0.99859464,0.9980091
10420,0.96475136,0.92627,0.9812413
10421,0.96435523,0.8801349,0.97807455
10422,0.9724121,0.92734754,0.9787391
10423,0.9897347,0.95203453,0.97269523
10424,0.99566823,0.9829068,0.9735377
10425,0.99688035,0.9926643,0.9782943
10426,0.9984083,0.99734986,0.98771656
10427,0.99706393,0.99579215,0.9858023
10428,0.9985015,0.99867,0.9916408
10429,0.9992055,0.99914175,0.9966508
10430,0.99777156,0.9977902,0.98733765
10431,0.9968011,0.99549556,0.99040157
10432,0.99745125,0.9975356,0.9911599
10433,0.9971296,0.9967141,0.99269205
10434,0.9973006,0.9972423,0.9932088
10435,0.99695206,0.99614155,0.9940981
10436,0.9980295,0.9988141,0.99321973
10437,0.9985868,0.99942756,0.9930197
10438,0.99903333,0.9996766,0.9957376
10439,0.99813133,0.9990353,0.9944385
10440,0.99746424,0.997728,0.9954783
10441,0.99885345,0.99966604,0.994316
10442,0.9989944,0.99963963,0.9957291
10443,0.99771124,0.998237,0.99533486
10444,0.99646163,0.9937386,0.996401
10445,0.99826807,0.99917483,0.9949606
10446,0.99794096,0.99870026,0.99562424
10447,0.99905765,0.99973714,0.9958957
10448,0.99932504,0.9998079,0.9983238
10449,0.99568075,0.9891875,0.99654037
10450,0.99494207,0.9849793,0.99676234
10451,0.9958922,0.9908583,0.9962201
10452,0.99906814,0.9996793,0.9960091
10453,0.9977525,0.998338,0.99495846
10454,0.9977842,0.99840343,0.99519736
10455,0.9979725,0.99875396,0.9952409
10456,0.9966773,0.9947424,0.9964397
10457,0.99846476,0.9993956,0.9948659
10458,0.9988769,0.9996818,0.9943961
10459,0.9993415,0.9998195,0.9982866
10460,0.99841845,0.99931014,0.99512166
10461,0.9973469,0.9971719,0.9964034
10462,0.9977545,0.99826205,0.9962017
10463,0.9988292,0.9996362,0.99499375
10464,0.9975821,0.99778146,0.996428
10465,0.99605054,0.9910049,0.99727565
10466,0.9981773,0.99901474,0.99588567
10467,0.9982869,0.9991659,0.99594796
10468,0.9986884,0.9995578,0.99559903
10469,0.99911785,0.99976915,0.99615014
10470,0.99853396,0.9993621,0.9956291
10471,0.9978441,0.99832904,0.99655074
10472,0.9972011,0.99639434,0.9970623
10473,0.99861217,0.99944776,0.99593186
10474,0.9985519,0.99914503,0.9936574
10475,0.9983499,0.998978,0.9941499
10476,0.9986539,0.99929523,0.9943889
10477,0.99636275,0.992219,0.99658364
10478,0.99847555,0.9991954,0.99539506
10479,0.9949169,0.9833682,0.9974246
10480,0.9985685,0.999332,0.99531907
10481,0.9982117,0.99894345,0.99604464
10482,0.99618655,0.99132025,0.9972561
10483,0.9988974,0.9995749,0.99517727
10484,0.99795926,0.9985296,0.9965294
10485,0.9961644,0.99116844,0.9975313
10486,0.99874556,0.9995319,0.99565256
10487,0.9962074,0.9914767,0.99758124
10488,0.9964729,0.99305606,0.9974021
10489,0.99590486,0.9898672,0.9975356
10490,0.99537534,0.98682916,0.99755925
10491,0.9991721,0.99975586,0.9963402
10492,0.9966836,0.99429625,0.9962722
10493,0.99591166,0.99016,0.9966772
10494,0.99592775,0.990403,0.9965829
10495,0.9962914,0.992561,0.9963208
10496,0.9960986,0.99158067,0.9963748
10497,0.9971546,0.9965358,0.9956794
10498,0.9966438,0.9944375,0.99612135
10499,0.9969625,0.9958263,0.99594265
10500,0.9973249,0.997115,0.9957556
10501,0.996685,0.9946133,0.9962904
10502,0.99779177,0.9983509,0.99548584
10503,0.9990222,0.99969757,0.9945076
10504,0.9988904,0.99963397,0.99408954
10505,0.99731916,0.9970284,0.9963432
10506,0.9975996,0.9978481,0.9962136
10507,0.99797624,0.99867505,0.9959561
10508,0.99725175,0.9967338,0.99664974
10509,0.9954643,0.9874129,0.9974079
10510,0.9970225,0.99595964,0.9965504
10511,0.99732625,0.9970575,0.9963956
10512,0.9980588,0.9988497,0.99586946
10513,0.9978696,0.99848866,0.99619925
10514,0.9983715,0.9992807,0.99577075
10515,0.9960328,0.99077255,0.99739474
10516,0.9990367,0.9997601,0.9945808
10517,0.9971337,0.9963145,0.9969758
10518,0.9975664,0.99774325,0.9967285
10519,0.9965115,0.99339795,0.9972332
10520,0.99728847,0.9968435,0.9967969
10521,0.9993507,0.9998336,0.9966136
10522,0.99933475,0.999764,0.9969829
10523,0.99880785,0.9994373,0.99446535
10524,0.9992191,0.9996365,0.9964493
10525,0.99857354,0.9992994,0.9952938
10526,0.9979098,0.99833614,0.996279
10527,0.9956688,0.98794794,0.9974942
10528,0.99753565,0.997438,0.99643356
10529,0.99825096,0.99895054,0.9957375
10530,0.9985198,0.99928814,0.9955784
10531,0.99893916,0.99960047,0.9950536
10532,0.9983005,0.9990497,0.99620265
10533,0.99872166,0.99949396,0.9958068
10534,0.9967233,0.9939638,0.9974745
10535,0.9982871,0.99905443,0.99645084
10536,0.9992802,0.99975806,0.9965805
10537,0.9991246,0.99971026,0.9953184
10538,0.9985005,0.9993242,0.99655473
10539,0.997421,0.99691874,0.9974541
10540,0.9982483,0.99899334,0.9969348
10541,0.99761486,0.9975319,0.9974424
10542,0.99872684,0.9995374,0.9965539
10543,0.9986753,0.9994,0.99637574
10544,0.9979722,0.9983572,0.99716675
10545,0.9980923,0.9986067,0.99714124
10546,0.99876,0.9994634,0.996481
10547,0.99848497,0.9991213,0.99669796
10548,0.99761873,0.997075,0.9971174
10549,0.9979316,0.99797046,0.9969609
10550,0.99662584,0.9925149,0.99766606
10551,0.998563,0.999087,0.99634504
10552,0.997252,0.99574125,0.9974362
10553,0.99727595,0.9958529,0.99741817
10554,0.99758255,0.997024,0.99725556
10555,0.99841654,0.99895537,0.9966568
10556,0.9984676,0.99901813,0.9966748
10557,0.99892336,0.99940825,0.9961123
10558,0.99877256,0.99927396,0.9963644
10559,0.9985768,0.9990324,0.9965819
10560,0.9988309,0.9989704,0.99575466
10561,0.9989337,0.9990871,0.99575067
10562,0.99885166,0.998778,0.9952504
10563,0.99917704,0.99895203,0.99721855
10564,0.99847,0.9985083,0.9960371
10565,0.99816275,0.99806905,0.99655956
10566,0.9991891,0.9991383,0.99732894
10567,0.999241,0.99920005,0.997814
10568,0.99874383,0.99796146,0.99175787
10569,0.9980645,0.9974205,0.9884767
10570,0.9978999,0.99750066,0.98928714
10571,0.99802446,0.9979053,0.99087656
10572,0.998842,0.9988521,0.9937542
10573,0.9985131,0.9987658,0.9938449
10574,0.9988951,0.999115,0.99504083
10575,0.99771434,0.9972997,0.99593323
10576,0.99693376,0.9938866,0.99671006
10577,0.9979448,0.99788165,0.99671096
10578,0.9962584,0.9895903,0.99751675
10579,0.9966759,0.99234444,0.997613
10580,0.99774075,0.9973178,0.9973532
10581,0.99759823,0.99681973,0.9975356
10582,0.99692875,0.9937546,0.9978578
10583,0.99856794,0.9990331,0.99704194
10584,0.99887854,0.9993247,0.99683505
10585,0.9992344,0.999507,0.99800754
10586,0.9992208,0.9993615,0.9980849
10587,0.9988879,0.99907625,0.9953701
10588,0.9989146,0.9991646,0.9957969
10589,0.9975191,0.99700063,0.9911512
10590,0.9966897,0.9932022,0.9936303
10591,0.99689734,0.99402785,0.9950044
10592,0.9970245,0.9945243,0.9958569
10593,0.99747956,0.99644345,0.9962768
10594,0.9976644,0.9970535,0.99660265
10595,0.9975564,0.99664557,0.9969537
10596,0.99769104,0.99708825,0.9971251
10597,0.9975407,0.99653053,0.99736947
10598,0.9980793,0.9981428,0.9972495
10599,0.99890846,0.99926925,0.9966848
10600,0.9977127,0.9971102,0.9977131
10601,0.99779534,0.9973655,0.997751
10602,0.9988404,0.9992606,0.99709535
10603,0.9990338,0.99939936,0.9969767
10604,0.9984874,0.9989326,0.9976407
10605,0.99926764,0.99951965,0.9983571
10606,0.99780715,0.99725956,0.9969142
10607,0.997933,0.9976128,0.99709076
10608,0.9980525,0.997916,0.99722064
10609,0.9976075,0.99652225,0.9975785
10610,0.998063,0.9979337,0.99748415
10611,0.9984577,0.99870586,0.9973522
10612,0.99796665,0.99767625,0.99774754
10613,0.9988204,0.99913204,0.99723226
10614,0.9982444,0.998356,0.99777555
10615,0.999074,0.999323,0.99711514
10616,0.9983147,0.99851686,0.9978925
10617,0.99816227,0.9981898,0.99802464
10618,0.99901724,0.9993336,0.9974105
10619,0.99908835,0.9993918,0.9974037
10620,0.9988085,0.9990455,0.9973017
10621,0.99871045,0.998979,0.9975056
10622,0.999131,0.9992914,0.9971744
10623,0.99880177,0.9991178,0.997628
10624,0.99873817,0.9990729,0.99776083
10625,0.99909514,0.9993439,0.9974722
10626,0.9989749,0.99924874,0.99756
10627,0.9989263,0.9992331,0.9976812
10628,0.9991769,0.9993846,0.99753565
10629,0.99930155,0.99944884,0.99876165
10630,0.9988279,0.999177,0.9978917
10631,0.9985567,0.9988721,0.99813724
10632,0.9991026,0.9992776,0.9974866
10633,0.9982833,0.99819976,0.99771845
10634,0.9984782,0.99856156,0.9977219
10635,0.999235,0.99922705,0.9983416
10636,0.9988055,0.9989608,0.99754345
10637,0.99915504,0.99920744,0.99757797
10638,0.9992673,0.99922097,0.9987375
10639,0.99914587,0.9987236,0.9967933
10640,0.99896204,0.9987645,0.9958147
10641,0.9982041,0.99791443,0.9961128
10642,0.9983634,0.99814916,0.9940496
10643,0.9981804,0.9979282,0.995242
10644,0.998191,0.9979709,0.9959745
10645,0.99856097,0.9985965,0.99630153
10646,0.9983026,0.9982036,0.9957335
10647,0.9985024,0.998525,0.99587435
10648,0.99854296,0.9986189,0.9963859
10649,0.9987294,0.99885756,0.99666864
10650,0.9987654,0.99892724,0.9969686
10651,0.9990473,0.9991173,0.99706787
10652,0.99879223,0.9988361,0.99512506
10653,0.9985472,0.9986916,0.996034
10654,0.99866015,0.99884844,0.996475
10655,0.99874485,0.99896,0.9968134
10656,0.99869365,0.9989346,0.99715656
10657,0.9990893,0.9992365,0.9976481
10658,0.9961725,0.997538,0.98415655
10659,0.99572086,0.9977565,0.98380077
10660,0.9969107,0.9982007,0.98689383
10661,0.99774295,0.998739,0.98986363
10662,0.9980209,0.99887705,0.9922806
10663,0.9980617,0.9990229,0.9919661
10664,0.99819684,0.9990592,0.9937387
10665,0.99817353,0.99892247,0.99498624
10666,0.99844885,0.9991899,0.9957739
10667,0.9981805,0.99891996,0.9953192
10668,0.9984411,0.9991821,0.99602574
10669,0.99831,0.9989391,0.9966346
10670,0.9987428,0.99939936,0.99693793
10671,0.99850637,0.9992864,0.9956429
10672,0.99806195,0.9986473,0.99592316
10673,0.99812824,0.9986371,0.99654895
10674,0.99870646,0.99938166,0.9968839
10675,0.9897799,0.9980268,0.98295003
10676,0.99356884,0.9982834,0.9844644
10677,0.9946772,0.998396,0.9857893
10678,0.9963977,0.9987285,0.98815745
10679,0.99793273,0.99917686,0.99098563
10680,0.9975632,0.9990385,0.99225533
10681,0.997736,0.9990286,0.99391115
10682,0.9979609,0.9990608,0.9950813
10683,0.9980841,0.99903154,0.99592495
10684,0.99777776,0.99800915,0.9965901
10685,0.9985073,0.9992776,0.99704635
10686,0.99802834,0.9985297,0.99694395
10687,0.9983503,0.99904495,0.9973301
10688,0.998267,0.9987704,0.99765074
10689,0.99858874,0.99924105,0.9978753
10690,0.996988,0.9985426,0.99213177
10691,0.9956397,0.99828,0.98905206
10692,0.9967711,0.9987241,0.991541
10693,0.985411,0.99494714,0.9835163
10694,0.99156415,0.9976085,0.9851527
10695,0.99067366,0.99607843,0.98507607
10696,0.99401206,0.9968604,0.9876235
10697,0.9954508,0.9960891,0.990432
10698,0.9969049,0.9980991,0.99282527
10699,0.99733704,0.9983013,0.9939421
10700,0.99738014,0.9977096,0.99512625
10701,0.99780446,0.9982788,0.9960161
10702,0.9970411,0.99726534,0.9943489
10703,0.9975525,0.99791276,0.99553466
10704,0.99785876,0.99820316,0.9963376
10705,0.99800026,0.9981987,0.99691886
10706,0.9987906,0.99878854,0.9973487
10707,0.9947929,0.99446,0.99004716
10708,0.9958225,0.99451995,0.9922707
10709,0.99645776,0.99418455,0.99433184
10710,0.9975238,0.99751604,0.9957538
10711,0.99783945,0.9979125,0.9965248
10712,0.9981816,0.99844885,0.99706584
10713,0.9980137,0.99770516,0.99747634
10714,0.99835694,0.9984425,0.9978105
10715,0.99892056,0.99871874,0.9980433
10716,0.998997,0.9987959,0.9978009
10717,0.9988869,0.99875784,0.99721277
10718,0.9978694,0.99772745,0.99675137
10719,0.9982322,0.99840176,0.9971976
10720,0.9979481,0.99723274,0.9975876
10721,0.99789834,0.996559,0.9979377
10722,0.99855196,0.9985651,0.99819016
10723,0.99875623,0.9986094,0.99822307
10724,0.99860656,0.99856675,0.99839413
10725,0.9983991,0.9983183,0.99780273
10726,0.99786323,0.99650353,0.99764097
10727,0.99757284,0.9940588,0.99801517
10728,0.9984482,0.9980962,0.99834836
10729,0.99755895,0.9966027,0.9959103
10730,0.98833877,0.9942468,0.9842029
10731,0.99295014,0.99517787,0.9864151
10732,0.99508893,0.9956606,0.98905504
10733,0.9963413,0.9960465,0.9917951
10734,0.995701,0.9911624,0.9938809
10735,0.99770015,0.99700814,0.9956738
10736,0.9978347,0.9972869,0.9958745
10737,0.9956966,0.99227774,0.9922198
10738,0.9963071,0.9920143,0.99450666
10739,0.9969255,0.9925748,0.99604714
10740,0.9977999,0.9961291,0.9970182
10741,0.9984629,0.9980153,0.9975053
10742,0.99788713,0.99595046,0.997598
10743,0.9977597,0.99469477,0.9979952
10744,0.9983935,0.9974951,0.9983111
10745,0.99868906,0.9981782,0.9982687
10746,0.9978296,0.9953661,0.99764913
10747,0.9985763,0.9979603,0.9979263
10748,0.99821764,0.996798,0.99819213
10749,0.9972356,0.9912876,0.9984596
10750,0.9985114,0.99755466,0.9987261
10751,0.998637,0.99785125,0.9988334
10752,0.9986981,0.9979687,0.9986718
10753,0.99811584,0.99577695,0.9987634
10754,0.999161,0.9983789,0.99883556
10755,0.9976364,0.9957848,0.9950493
10756,0.9982097,0.9971882,0.99608845
10757,0.9980342,0.9971706,0.9944543
10758,0.9978939,0.9970794,0.99423915
10759,0.99634147,0.99402046,0.99115103
10760,0.9945877,0.9895373,0.98946255
10761,0.99656147,0.99303156,0.99272805
10762,0.9967152,0.99144876,0.9947699
10763,0.99802935,0.99717206,0.9961673
10764,0.99824524,0.9975611,0.9968232
10765,0.996062,0.989168,0.9963638
10766,0.9961138,0.9893696,0.99536955
10767,0.9965826,0.98978096,0.99674153
10768,0.9979282,0.9960232,0.9975389
10769,0.9985159,0.9978867,0.99785125
10770,0.9988521,0.99840945,0.9980311
10771,0.9980788,0.9972317,0.9953926
10772,0.99805653,0.996995,0.99626863
10773,0.9984222,0.9977994,0.9968679
10774,0.9986275,0.9981294,0.99718714
10775,0.9955159,0.9896676,0.9904178
10776,0.9974493,0.9963193,0.99335307
10777,0.9974689,0.9955653,0.99492043
10778,0.9973275,0.99393547,0.9960597
10779,0.9984179,0.997995,0.996818
10780,0.99872416,0.9984303,0.9972116
10781,0.99818814,0.99786913,0.99458075
10782,0.9982745,0.99804157,0.99475634
10783,0.9963096,0.9896811,0.9955728
10784,0.99607164,0.98886776,0.9960377
10785,0.9985207,0.9982422,0.9969737
10786,0.99848956,0.9982601,0.99522936
10787,0.9956039,0.9903079,0.98993933
10788,0.9966655,0.9929329,0.99300474
10789,0.99773175,0.9970165,0.99485075
10790,0.99766916,0.9963278,0.9959055
10791,0.998465,0.99839103,0.9965688
10792,0.9983098,0.99804795,0.9970676
10793,0.9963927,0.9890932,0.9976086
10794,0.9976377,0.99491894,0.99811244
10795,0.9985585,0.9983703,0.9982548
10796,0.99769247,0.9949784,0.9985096
10797,0.9979666,0.9963359,0.99865
10798,0.9978949,0.9959212,0.99877787
10799,0.99810374,0.9968316,0.99885666
10800,0.99874425,0.9985957,0.99882114
10801,0.99895966,0.9988607,0.9987856
10802,0.9985978,0.9981469,0.9959116
10803,0.9927998,0.9903896,0.98436964
10804,0.99587977,0.9951807,0.98720926
10805,0.9974799,0.9975336,0.9901497
10806,0.9944767,0.98987955,0.9870372
10807,0.9964556,0.9947026,0.99047816
10808,0.9972022,0.9977851,0.98988295
10809,0.9964264,0.9976246,0.98804235
10810,0.99384266,0.99652624,0.98520774
10811,0.9929692,0.99690455,0.9846286
10812,0.99423397,0.99501723,0.98652893
10813,0.9948612,0.991046,0.98942155
10814,0.9945724,0.9885647,0.9926221
10815,0.996466,0.9911079,0.9950273
10816,0.99826515,0.9985358,0.9962591
10817,0.99740964,0.99722314,0.9938464
10818,0.99682546,0.99550414,0.9929186
10819,0.9969522,0.9951281,0.99399084
10820,0.9952305,0.9884488,0.9955229
10821,0.9948353,0.9871582,0.9969113
10822,0.99540436,0.9874597,0.99781615
10823,0.9959997,0.98801017,0.9983616
10824,0.9938784,0.9844053,0.9987798
10825,0.99536556,0.98594284,0.9990132
10826,0.9972103,0.9924597,0.99903435
10827,0.9980828,0.99722195,0.99896646
10828,0.9972504,0.99277645,0.9991128
10829,0.99637204,0.9870553,0.9988115
10830,0.99714136,0.99240327,0.99883777
10831,0.9987277,0.9987561,0.9984783
10832,0.99885476,0.99861073,0.9973559
10833,0.99849576,0.99817514,0.9976991
10834,0.9968845,0.99075645,0.998236
10835,0.99436605,0.98308635,0.9986437
10836,0.99514014,0.98370206,0.99874574
10837,0.9960233,0.98532784,0.9986891
10838,0.9982283,0.9978774,0.9980811
10839,0.9987927,0.9987597,0.99767613
10840,0.9988373,0.99871176,0.9975012
10841,0.99904805,0.9987796,0.99711776
10842,0.9989944,0.9986844,0.9970141
10843,0.9989558,0.9984572,0.99638957
10844,0.99886376,0.99814945,0.9951621
10845,0.9982352,0.9974801,0.99612874
10846,0.99593335,0.98510677,0.99723244
10847,0.9984072,0.9980122,0.9968229
10848,0.99854034,0.99819183,0.996631
10849,0.99575615,0.984615,0.99643236
10850,0.9958357,0.9852377,0.9970834
10851,0.99773306,0.99646366,0.99679995
10852,0.99617946,0.9879717,0.99725634
10853,0.996198,0.98834383,0.99705386
10854,0.99702877,0.9936305,0.99693096
10855,0.99714684,0.99429125,0.9969773
10856,0.9966203,0.9914471,0.99722415
10857,0.996857,0.9929578,0.997149
10858,0.9956702,0.9856171,0.99755216
10859,0.99697036,0.99393433,0.996919
10860,0.9982064,0.9981749,0.99604267
10861,0.99777097,0.9971854,0.9965292
10862,0.99805593,0.99774903,0.99610037
10863,0.9983429,0.9983271,0.9959463
10864,0.9966228,0.9918211,0.99693096
10865,0.9975111,0.9961741,0.9964352
10866,0.9983408,0.9981486,0.99554574
10867,0.99728644,0.9952735,0.99661344
10868,0.99634266,0.9903134,0.99710584
10869,0.9978467,0.99735135,0.9961504
10870,0.9968565,0.99347055,0.9968794
10871,0.99902475,0.99899024,0.99521005
10872,0.9974103,0.99598336,0.99652886
10873,0.9986851,0.9987754,0.99519426
10874,0.99885285,0.9988323,0.99486184
10875,0.99701035,0.99421257,0.99689025
10876,0.9970211,0.9943297,0.99688095
10877,0.99898136,0.99907506,0.99485904
10878,0.9986483,0.9989422,0.9956925
10879,0.9982093,0.99841154,0.9964026
10880,0.9984491,0.99881005,0.99627
10881,0.99841,0.99879056,0.9964486
10882,0.99878687,0.99917185,0.99601537
10883,0.9986567,0.99902403,0.9962273
10884,0.9984778,0.9988633,0.99658465
10885,0.9980832,0.9981446,0.99695426
10886,0.99778545,0.99738836,0.997229
10887,0.99831176,0.9986084,0.99688125
10888,0.99903405,0.9993466,0.9960326
10889,0.9987188,0.9989785,0.9963559
10890,0.9982159,0.9983253,0.99700046
10891,0.99878544,0.9990781,0.9964525
10892,0.99883044,0.99912554,0.9964749
10893,0.9992121,0.99931103,0.9969236
10894,0.9989718,0.9989496,0.9958953
10895,0.99891376,0.9977801,0.99362075
10896,0.9978985,0.9963436,0.98536944
10897,0.9979305,0.99710244,0.98746467
10898,0.99844676,0.99814296,0.9903677
10899,0.9982766,0.99819285,0.9910205
10900,0.9961235,0.98995024,0.99246603
10901,0.99796337,0.99788994,0.9937767
10902,0.9969836,0.9946266,0.99380237
10903,0.99869394,0.9989022,0.99335796
10904,0.99855554,0.998899,0.9946762
10905,0.9979144,0.9978696,0.99573624
10906,0.9976932,0.99720967,0.9962763
10907,0.9976037,0.99685484,0.99673605
10908,0.9969772,0.9939933,0.99710137
10909,0.99744165,0.9961678,0.9972334
10910,0.99776447,0.99731576,0.9969079
10911,0.99754,0.99651957,0.99694836
10912,0.997766,0.99729216,0.99626017
10913,0.99748826,0.99638426,0.9956682
10914,0.9969371,0.9937543,0.99643916
10915,0.9971106,0.99460375,0.9968323
10916,0.9971747,0.9948876,0.9970747
10917,0.99754864,0.99648285,0.9969472
10918,0.9969173,0.9935711,0.9966576
10919,0.9974129,0.9959366,0.99669915
10920,0.9966969,0.9922763,0.99708587
10921,0.9961604,0.9889285,0.99744165
10922,0.9962468,0.98968893,0.9975333
10923,0.9974,0.99606246,0.9971546
10924,0.99697393,0.994066,0.9970565
10925,0.99693996,0.9939242,0.99717426
10926,0.9966847,0.99257874,0.9973254
10927,0.9958831,0.98769534,0.99758804
10928,0.9956776,0.98667526,0.9975468
10929,0.99680704,0.99376744,0.99698275
10930,0.9985628,0.99900293,0.99554366
10931,0.99921983,0.9992328,0.99732816
10932,0.99907047,0.9992005,0.996066
10933,0.9988803,0.9989861,0.99482334
10934,0.9985783,0.9988602,0.99535614
10935,0.9977903,0.9975205,0.9964328
10936,0.9982784,0.9985564,0.9961061
10937,0.99854213,0.9989206,0.9959414
10938,0.9979671,0.9979597,0.9965675
10939,0.9984692,0.9988546,0.9962332
10940,0.9990501,0.9993402,0.9959656
10941,0.9992533,0.9994534,0.9977193
10942,0.99911606,0.9994066,0.99651146
10943,0.997676,0.99690807,0.99530244
10944,0.99779606,0.99728674,0.99572146
10945,0.99809796,0.9980321,0.99586964
10946,0.9970672,0.9945642,0.9967878
10947,0.9991796,0.99918807,0.9973514
10948,0.998886,0.99871784,0.9944484
10949,0.99819857,0.9981347,0.99470353
10950,0.9977918,0.9973041,0.9956117
10951,0.9977599,0.9972326,0.99608
10952,0.99768496,0.9970151,0.9964544
10953,0.9976879,0.99702734,0.99669886
10954,0.99768853,0.997031,0.9968892
10955,0.99907744,0.99922603,0.99655515
10956,0.99916977,0.99922144,0.9973937
10957,0.99719125,0.99504423,0.99696493
10958,0.99822557,0.99833196,0.99651355
10959,0.99899143,0.9991791,0.99591804
10960,0.99928766,0.9993401,0.9985475
10961,0.99929947,0.99935734,0.99866253
10962,0.99932253,0.9993743,0.9989035
10963,0.9983945,0.9986307,0.9966465
10964,0.9978762,0.99756145,0.9971861
10965,0.99773234,0.99712557,0.9973769
10966,0.9976828,0.9969569,0.99748635
10967,0.99784666,0.9974712,0.99747074
10968,0.99772686,0.99709445,0.99759674
10969,0.9979687,0.99780697,0.99751794
10970,0.9990352,0.9993088,0.99656653
10971,0.9993574,0.999364,0.99912685
10972,0.99385047,0.9943952,0.98186094
10973,0.9956228,0.9954064,0.9814888
10974,0.9966481,0.99611574,0.9850658
10975,0.997153,0.9966128,0.9888514
10976,0.9973123,0.9965973,0.9918139
10977,0.9981823,0.99852705,0.99337417
10978,0.99853164,0.9989662,0.99442273
10979,0.9985333,0.99900484,0.99534017
10980,0.9989742,0.99934024,0.99640733
10981,0.99928325,0.99941766,0.9975975
10982,0.9990156,0.99939364,0.99689007
10983,0.9982873,0.99869823,0.9968104
10984,0.9982914,0.99868476,0.99712443
10985,0.99771893,0.9971329,0.9975541
10986,0.9982779,0.9986134,0.99756604
10987,0.99785215,0.99748755,0.99788564
10988,0.99812,0.9982179,0.99793285
10989,0.9986475,0.9991363,0.99780494
10990,0.999117,0.9994889,0.9977329
10991,0.99911964,0.9994893,0.9977776
10992,0.9992165,0.9995367,0.9986928
10993,0.99906063,0.99946123,0.9976498
10994,0.9989333,0.99940026,0.997873
10995,0.99912333,0.99951124,0.9977996
10996,0.99895465,0.9993828,0.9976531
10997,0.9987809,0.9992578,0.99790204
10998,0.99794835,0.99761343,0.99829024
10999,0.9984454,0.99879885,0.998196
11000,0.99876195,0.9992179,0.9981011
11001,0.9986286,0.9990617,0.9982496
11002,0.99858296,0.9989927,0.9983359
11003,0.9985932,0.999,0.9983877
11004,0.998918,0.9993494,0.9982601
11005,0.99841267,0.9986833,0.99856275
11006,0.99913853,0.9994828,0.99818313
11007,0.99873966,0.999146,0.9983569
11008,0.9990677,0.9994165,0.99819523
11009,0.9992257,0.9994962,0.9985708
11010,0.9992234,0.9995021,0.9985231
11011,0.9989363,0.9993481,0.99843067
11012,0.9992581,0.9995251,0.9988203
11013,0.9988234,0.9990791,0.9975957
11014,0.99897146,0.9992061,0.9976513
11015,0.9989701,0.99922353,0.99779224
11016,0.9991174,0.99932116,0.99783134
11017,0.9985534,0.99872303,0.9968638
11018,0.9987137,0.9989231,0.99710613
11019,0.9986612,0.99888146,0.9973998
11020,0.9988796,0.9991034,0.9974871
11021,0.9988936,0.9991327,0.99766284
11022,0.99915344,0.9992978,0.9983239
11023,0.99960834,0.999245,0.9984984
11024,0.99934125,0.999264,0.9983238
11025,0.99894774,0.9991804,0.99764085
11026,0.998865,0.9991339,0.99785197
11027,0.9986677,0.9989309,0.9980824
11028,0.9989107,0.9991835,0.99806637
11029,0.9987325,0.9990127,0.9982571
11030,0.9988896,0.99917424,0.99826103
11031,0.9991075,0.9993293,0.9981972
11032,0.99984044,0.999393,0.99937534
11033,0.9990818,0.9991661,0.9978009
11034,0.9988513,0.998994,0.9968649
11035,0.998928,0.99908024,0.99713814
11036,0.9988843,0.9990782,0.9974285
11037,0.9988696,0.9990856,0.99764806
11038,0.99898094,0.9991817,0.99775517
11039,0.99880385,0.9990514,0.9980041
11040,0.9990116,0.9992261,0.9980123
11041,0.99942213,0.99932635,0.99875957
11042,0.99902475,0.9990211,0.99679345
11043,0.9987699,0.9989317,0.9963914
11044,0.9986817,0.99888116,0.9968863
11045,0.99910307,0.9991558,0.9975421
11046,0.99968314,0.99914485,0.99723566
11047,0.9986894,0.99892265,0.9957371
11048,0.99846333,0.99869764,0.99634856
11049,0.9986616,0.99893636,0.9967455
11050,0.99875176,0.9990067,0.9956744
11051,0.99857247,0.9988945,0.9954252
11052,0.9987144,0.9990369,0.99608594
11053,0.99838924,0.9986475,0.9967493
11054,0.9993605,0.9992353,0.99753934
11055,0.99868196,0.99904513,0.9961678
11056,0.99862474,0.99899757,0.99671686
11057,0.99857944,0.99893546,0.99713236
11058,0.99891907,0.9992474,0.99730814
11059,0.99970686,0.9993639,0.99795866
11060,0.9988536,0.9992217,0.997154
11061,0.9983485,0.9986711,0.99656653
11062,0.99844503,0.9988146,0.99663657
11063,0.9985904,0.9989808,0.99702907
11064,0.99842215,0.99870193,0.9974149
11065,0.99860495,0.99895686,0.99764115
11066,0.9982765,0.9982983,0.997938
11067,0.99899566,0.9993063,0.9979153
11068,0.9985574,0.9988228,0.9981845
11069,0.99861175,0.9988891,0.99829096
11070,0.9984065,0.9984669,0.998453
11071,0.99898946,0.99928534,0.99839324
11072,0.9990657,0.99933773,0.99844956
11073,0.9989761,0.9989,0.9949464
11074,0.99805564,0.9982611,0.99512005
11075,0.9982067,0.9984322,0.9959647
11076,0.9981264,0.9981396,0.99661285
11077,0.9980374,0.9977592,0.9971122
11078,0.9988174,0.9991214,0.9973096
11079,0.99801445,0.99771166,0.9969676
11080,0.9982899,0.9983845,0.99707836
11081,0.9982118,0.99811727,0.99745774
11082,0.9987763,0.9990519,0.9976209
11083,0.99875367,0.9990241,0.9978521
11084,0.9992152,0.9992285,0.9980548
11085,0.9985196,0.9987222,0.99750865
11086,0.9983965,0.99845135,0.9977963
11087,0.9983644,0.9983278,0.9980208
11088,0.998773,0.9989993,0.99811226
11089,0.99892116,0.99914074,0.9982113
11090,0.998801,0.9990184,0.9983725
11091,0.99871594,0.9988958,0.99850136
11092,0.99865985,0.9987914,0.99860764
11093,0.9989795,0.99917084,0.9986041
11094,0.9986868,0.9988068,0.99875474
11095,0.99838936,0.99812925,0.99887156
11096,0.9979478,0.99643177,0.99898916
11097,0.99804837,0.9969066,0.99880344
11098,0.9985334,0.99840593,0.99881434
11099,0.9989229,0.99901193,0.99878025
11100,0.9987819,0.99872434,0.9975899
11101,0.9982248,0.9976195,0.99795353
11102,0.9979167,0.99638486,0.99820685
11103,0.9984097,0.99802846,0.9983239
11104,0.9981179,0.9970769,0.99850434
11105,0.9980973,0.9969446,0.9986302
11106,0.9981424,0.99707323,0.9987275
11107,0.99884737,0.99874604,0.9986623
11108,0.9982306,0.99733347,0.99886155
11109,0.99899894,0.9988961,0.9987347
11110,0.9989553,0.9988591,0.9988008
11111,0.9981942,0.99714416,0.9990192
11112,0.99898785,0.99888223,0.9988734
11113,0.99945635,0.99903625,0.99909973
11114,0.9987353,0.9983119,0.9978592
11115,0.99896044,0.9985774,0.9979598
11116,0.9980844,0.9973053,0.9909679
11117,0.9975716,0.9963927,0.99278396
11118,0.99811655,0.9975671,0.9944043
11119,0.99859256,0.9982765,0.99538726
11120,0.9984124,0.9981461,0.9944136
11121,0.9989504,0.9982444,0.9938699
11122,0.9975485,0.9975784,0.98805165
11123,0.9924434,0.9962032,0.98372453
11124,0.99121284,0.9915527,0.983996
11125,0.994408,0.99436915,0.98605406
11126,0.99642384,0.9968458,0.9890801
11127,0.99708265,0.9970679,0.9917539
11128,0.99619204,0.9917315,0.9923352
11129,0.9960605,0.99444366,0.99021053
11130,0.995956,0.9907873,0.9927066
11131,0.99822253,0.99870074,0.99471104
11132,0.99818176,0.9987342,0.9943838
11133,0.99822193,0.9986804,0.995449
11134,0.99584395,0.98965013,0.9953125
11135,0.99738795,0.9980139,0.99218667
11136,0.9978231,0.99839866,0.99390167
11137,0.9973996,0.9985347,0.9903169
11138,0.9767819,0.9948497,0.9823129
11139,0.9802409,0.98546225,0.9827902
11140,0.9884771,0.98423374,0.9839059
11141,0.9946823,0.9912064,0.98657393
11142,0.9963574,0.99329156,0.98994046
11143,0.9975247,0.9960617,0.9926886
11144,0.99674493,0.9903855,0.9945409
11145,0.99711084,0.9915328,0.9961204
11146,0.9979426,0.9960169,0.9970365
11147,0.99637043,0.98841447,0.9976184
11148,0.9984566,0.99751276,0.9980719
11149,0.9962305,0.98767406,0.9984312
11150,0.9967361,0.98837805,0.9987624
11151,0.99893576,0.9984341,0.9987101
11152,0.9978902,0.9951762,0.9988707
11153,0.9971378,0.98994505,0.9990266
11154,0.9984332,0.9974847,0.9989822
11155,0.9972352,0.99087286,0.99916685
11156,0.99808824,0.9962855,0.9991234
11157,0.9980015,0.9958877,0.9991607
11158,0.9989402,0.9985104,0.99895936
11159,0.9971476,0.9904198,0.9992947
11160,0.99649024,0.9862568,0.9993237
11161,0.99769366,0.9946327,0.99918365
11162,0.9991588,0.9987941,0.99870795
11163,0.9973661,0.99265385,0.9992207
11164,0.99852663,0.99771583,0.9987781
11165,0.997497,0.9934286,0.99903303
11166,0.9985731,0.9978519,0.9987594
11167,0.99890274,0.9983675,0.9986183
11168,0.99930257,0.99867165,0.99855
11169,0.9986321,0.9977418,0.998565
11170,0.99708015,0.9905946,0.99896634
11171,0.9965378,0.98677427,0.9990262
11172,0.9968248,0.98940855,0.99893814
11173,0.9971958,0.9922636,0.9988158
11174,0.99875486,0.99825674,0.99818844
11175,0.9993763,0.9987197,0.99884343
11176,0.998915,0.9963303,0.99530464
11177,0.9983912,0.9952512,0.9935114
11178,0.9988912,0.99649954,0.9943577
11179,0.9986509,0.9966296,0.9948692
11180,0.99724203,0.99236983,0.99634886
11181,0.99911135,0.9976028,0.9966895
11182,0.99854887,0.9957077,0.9899925
11183,0.99596876,0.9926278,0.98299116
11184,0.9968874,0.99437886,0.9866071
11185,0.9967937,0.99307877,0.9903326
11186,0.9952828,0.98500186,0.9933432
11187,0.99562657,0.98521805,0.99541676
11188,0.9977891,0.99664456,0.9960512
11189,0.9986205,0.99843323,0.99606866
11190,0.9989642,0.99879414,0.9961293
11191,0.9967804,0.9915999,0.9975501
11192,0.9981161,0.9977197,0.99732333
11193,0.9959614,0.9860615,0.99749297
11194,0.9990433,0.9989345,0.9964381
11195,0.9991054,0.9990378,0.99699104
11196,0.9988083,0.9983662,0.99362123
11197,0.9968444,0.9926774,0.9954137
11198,0.9959051,0.9863861,0.99644995
11199,0.99891406,0.9988545,0.9955049
11200,0.99896294,0.9989084,0.9957073
11201,0.9978334,0.99717367,0.99499935
11202,0.9976942,0.9967625,0.99551016
11203,0.9965565,0.9910754,0.9964363
11204,0.9989694,0.9989675,0.99579054
11205,0.9966709,0.99181944,0.9969513
11206,0.99496144,0.983276,0.99759007
11207,0.9965416,0.99134225,0.9974334
11208,0.9961763,0.9891344,0.99761254
11209,0.9958231,0.9870461,0.9977039
11210,0.9953842,0.9845496,0.99773484
11211,0.99562216,0.9865229,0.9975108
11212,0.99546874,0.98591375,0.99738663
11213,0.9953751,0.98571396,0.997208
11214,0.9969831,0.99515915,0.9962599
11215,0.99928343,0.999503,0.9971936
11216,0.9989922,0.999113,0.9952643
11217,0.9987094,0.99894184,0.9937318
11218,0.9991064,0.999118,0.99631447
11219,0.99661094,0.99303615,0.9961752
11220,0.9959697,0.9894175,0.9964106
11221,0.99835265,0.9987178,0.99444515
11222,0.99696696,0.9949763,0.9960935
11223,0.9986252,0.9991021,0.99441266
11224,0.9980649,0.99843895,0.99552053
11225,0.9986995,0.99925536,0.99483997
11226,0.9987566,0.9993329,0.9949947
11227,0.9988433,0.9994065,0.9950326
11228,0.9963908,0.9917912,0.99668276
11229,0.9986834,0.99911225,0.9946805
11230,0.99870557,0.99916434,0.99487686
11231,0.99843186,0.99896395,0.9956019
11232,0.99815387,0.9985963,0.99613327
11233,0.9993134,0.99953216,0.99818003
11234,0.99927413,0.99938136,0.9980306
11235,0.9978068,0.99767435,0.9959898
11236,0.9969555,0.9945905,0.99671656
11237,0.99776644,0.99761236,0.99628514
11238,0.9964659,0.99202853,0.99711984
11239,0.9970639,0.9951724,0.99678487
11240,0.9965047,0.9922111,0.9965643
11241,0.9964402,0.9919274,0.99654925
11242,0.9966102,0.9929698,0.99647814
11243,0.9977675,0.9976089,0.99566126
11244,0.9976931,0.9971906,0.9951137
11245,0.99718475,0.9955217,0.9957582
11246,0.9989451,0.999071,0.9951327
11247,0.9970398,0.9949897,0.99623704
11248,0.99760187,0.9971071,0.9959462
11249,0.9958987,0.9887318,0.9969756
11250,0.99654865,0.9927785,0.99657387
11251,0.99653894,0.9928093,0.9965424
11252,0.99621564,0.9910782,0.9966448
11253,0.9965441,0.9930297,0.9963743
11254,0.99833,0.9988736,0.99479693
11255,0.99617994,0.9910592,0.99669
11256,0.9976044,0.99747753,0.99565
11257,0.99876356,0.99931884,0.9941536
11258,0.99730635,0.99647397,0.99607664
11259,0.9980027,0.99839306,0.99555075
11260,0.9978711,0.99812025,0.9958242
11261,0.9988225,0.9993976,0.9946458
11262,0.9987086,0.9991626,0.994609
11263,0.9957269,0.98791784,0.9971551
11264,0.9977679,0.9978365,0.99582994
11265,0.99717206,0.99592084,0.99641144
11266,0.9983882,0.9990008,0.9953473
11267,0.9972016,0.9960401,0.9965867
11268,0.9974918,0.99708843,0.99643403
11269,0.99608994,0.99031,0.9971994
11270,0.9964499,0.99251676,0.99686253
11271,0.9965793,0.9932921,0.9967285
11272,0.99705714,0.9956082,0.9964209
11273,0.99806386,0.9986135,0.995645
11274,0.99797696,0.99845606,0.9959001
11275,0.9976421,0.9976468,0.9963159
11276,0.9979918,0.99848956,0.99611586
11277,0.9968821,0.99474233,0.99697685
11278,0.996982,0.99522144,0.9969077
11279,0.9966847,0.9937973,0.9970454
11280,0.99671465,0.9939879,0.99698764
11281,0.9980319,0.99861634,0.9960738
11282,0.9990442,0.9996701,0.9946537
11283,0.99746823,0.997143,0.9967916
11284,0.9986616,0.9994665,0.9956939
11285,0.9981181,0.99878484,0.99650836
11286,0.99856764,0.9993984,0.99613076
11287,0.9993121,0.9997471,0.9959326
11288,0.99913013,0.9996875,0.9950984
11289,0.998239,0.99891174,0.996597
11290,0.9991165,0.9996893,0.9954022
11291,0.9986533,0.99943453,0.9963945
11292,0.9992446,0.9996471,0.9959536
11293,0.9992087,0.999569,0.9959505
11294,0.99909383,0.9995671,0.9955043
11295,0.99914527,0.99956304,0.99549633
11296,0.9986822,0.9992083,0.9961889
11297,0.99848306,0.9989753,0.99648094
11298,0.9992885,0.9994735,0.9973943
11299,0.99905956,0.9993795,0.9956372
11300,0.99880743,0.9992017,0.99611306
11301,0.99870485,0.99915767,0.99641377
11302,0.9974923,0.99649453,0.99744993
11303,0.9971358,0.9949806,0.9976233
11304,0.99703497,0.9945176,0.9976384
11305,0.9979534,0.9979737,0.99711907
11306,0.99764615,0.9970853,0.9973631
11307,0.99758935,0.9968917,0.9974172
11308,0.99814767,0.9984237,0.9970781
11309,0.9990142,0.99943393,0.9961275
11310,0.9986234,0.9991793,0.9968372
11311,0.99901897,0.9994892,0.99639183
11312,0.9989865,0.99949217,0.99656606
11313,0.99760383,0.9969593,0.99782836
11314,0.99802756,0.99821943,0.99760765
11315,0.99843836,0.9990007,0.9973541
11316,0.9990609,0.9995622,0.99669176
11317,0.9989056,0.99949646,0.997031
11318,0.9993044,0.9996745,0.9968064
11319,0.999446,0.9997183,0.9985357
11320,0.9994094,0.99971896,0.9980244
11321,0.9986698,0.9993425,0.9975558
11322,0.99807245,0.99834174,0.9980132
11323,0.9979473,0.998008,0.998094
11324,0.9981134,0.9984217,0.99802446
11325,0.9982745,0.9987562,0.9979566
11326,0.99880445,0.99946433,0.9975857
11327,0.9994471,0.9995963,0.99880767
11328,0.9994126,0.9995626,0.9984333
11329,0.99941313,0.99957454,0.9984201
11330,0.9984476,0.9988859,0.997729
11331,0.9984135,0.99883306,0.9977939
11332,0.9983492,0.998722,0.9978734
11333,0.99839365,0.9987995,0.997877
11334,0.99856514,0.99906135,0.9977903
11335,0.99845815,0.9989075,0.9979071
11336,0.9988762,0.99939173,0.9975941
11337,0.9994057,0.99963146,0.99797565
11338,0.9983549,0.99873024,0.99807376
11339,0.99860346,0.9991198,0.99793714
11340,0.9993495,0.99962693,0.99720865
11341,0.99927205,0.9995915,0.99722743
11342,0.998846,0.9993807,0.99784845
11343,0.99875355,0.99930024,0.99797046
11344,0.99900407,0.99950653,0.99777526
11345,0.99943703,0.999671,0.9983074
11346,0.99937123,0.999507,0.9979598
11347,0.9992613,0.999473,0.99728924
11348,0.99925715,0.9994978,0.9973706
11349,0.99932075,0.9995391,0.9973477
11350,0.9993669,0.9995731,0.99786276
11351,0.9993474,0.9994918,0.997879
11352,0.99897456,0.9992552,0.99774766
11353,0.99875605,0.99908346,0.99799424
11354,0.9989025,0.9992297,0.9979039
11355,0.998815,0.999165,0.9980199
11356,0.9989993,0.99932307,0.997886
11357,0.9989329,0.99929,0.99799204
11358,0.9987697,0.99915075,0.9981621
11359,0.9987387,0.9991212,0.9982121
11360,0.9988803,0.9992678,0.9981312
11361,0.99864805,0.999017,0.9983251
11362,0.99934036,0.99952227,0.99764746
11363,0.99945605,0.9995671,0.99909323
11364,0.9989099,0.99924105,0.9981341
11365,0.99932164,0.99946696,0.99768406
11366,0.9996286,0.99951535,0.9996294
11367,0.9995145,0.99927276,0.9994974
11368,0.99939907,0.9992685,0.9989508
11369,0.9993574,0.99927086,0.99841887
11370,0.9991647,0.99922645,0.99776715
11371,0.9994097,0.9993324,0.9990096
11372,0.9996525,0.99921376,0.9996202
11373,0.99877626,0.9986249,0.99790585
11374,0.99901265,0.9988609,0.9977273
11375,0.9991855,0.9989952,0.9975652
11376,0.99893206,0.9988903,0.99791294
11377,0.9991587,0.9990608,0.9977058
11378,0.9993623,0.99917,0.9987328
11379,0.9993849,0.9991643,0.99902576
11380,0.9994077,0.99913615,0.9993535
11381,0.99912095,0.9982439,0.99692315
11382,0.99904543,0.99833745,0.9970107
11383,0.9989426,0.9983803,0.9972802
11384,0.99904877,0.9985344,0.99727815
11385,0.9989957,0.9985832,0.99745
11386,0.9989955,0.9986497,0.9975429
11387,0.9989761,0.9986948,0.99764496
11388,0.9993334,0.9989112,0.9989192
11389,0.9992864,0.9985744,0.9986195
11390,0.99899364,0.9984852,0.9972559
11391,0.9988949,0.9984928,0.9974831
11392,0.9992279,0.99874663,0.9979553
11393,0.99956954,0.99883324,0.99926984
11394,0.99976754,0.99856746,0.9991278
11395,0.99909735,0.9980337,0.99665165
11396,0.9991442,0.99822,0.99719936
11397,0.9991771,0.99820065,0.9974989
11398,0.99878144,0.9980658,0.99614155
11399,0.9988859,0.9982926,0.9964333
11400,0.998849,0.9983833,0.99678504
11401,0.9990986,0.99863356,0.9969901
11402,0.99911875,0.9987031,0.9971932
11403,0.99884224,0.9983722,0.9964553
11404,0.999187,0.99866664,0.99787736
11405,0.9991779,0.998725,0.9978044
11406,0.9990224,0.99871415,0.99693966
11407,0.9992781,0.9988866,0.9985719
11408,0.9982938,0.99739546,0.9921297
11409,0.99850667,0.9979374,0.9937809
11410,0.9987969,0.99838877,0.99471647
11411,0.9986352,0.9984065,0.99569774
11412,0.9989003,0.99871707,0.9960545
11413,0.99881333,0.99874127,0.9965786
11414,0.9989216,0.9988779,0.9968122
11415,0.9990728,0.99901736,0.99722046
11416,0.9996094,0.9988943,0.99760514
11417,0.99926513,0.9986346,0.9952959
11418,0.9987862,0.99872386,0.99465585
11419,0.9993468,0.9989517,0.996788
11420,0.9988557,0.99887294,0.9953096
11421,0.998914,0.99898994,0.99599284
11422,0.999104,0.9990929,0.9969485
11423,0.995979,0.9974504,0.98406416
11424,0.99727017,0.99824345,0.98711896
11425,0.9979147,0.9987058,0.99014306
11426,0.99818164,0.9989106,0.99232423
11427,0.99810886,0.99894047,0.99033254
11428,0.9963795,0.9984267,0.98674786
11429,0.99732065,0.99880403,0.9896671
11430,0.9977817,0.9989752,0.99207145
11431,0.99818915,0.9992277,0.993733
11432,0.99816585,0.9991758,0.9943341
11433,0.9979406,0.99863625,0.99543995
11434,0.998201,0.9989612,0.9961631
11435,0.9985032,0.99929374,0.99665344
11436,0.99857515,0.9993286,0.9970585
11437,0.99889225,0.99940604,0.99567574
11438,0.9980405,0.99885106,0.9955892
11439,0.9982779,0.99909985,0.996262
11440,0.9985041,0.99932104,0.9966523
11441,0.9982834,0.99893844,0.99712557
11442,0.99829775,0.9988754,0.9974682
11443,0.9987557,0.99944615,0.9976494
11444,0.9983695,0.9990088,0.9973775
11445,0.99856365,0.999263,0.9974574
11446,0.9982016,0.99853754,0.997782
11447,0.9988806,0.9994593,0.99789417
11448,0.9982003,0.9988251,0.9966904
11449,0.99771845,0.9973467,0.9969166
11450,0.9980648,0.99827474,0.99734735
11451,0.99807096,0.9981426,0.99767643
11452,0.99866724,0.9992648,0.9978493
11453,0.9981776,0.99824625,0.9981203
11454,0.9981956,0.99820524,0.99830085
11455,0.99870336,0.999209,0.9983768
11456,0.99891967,0.99941784,0.99838006
11457,0.9978245,0.99732727,0.9972892
11458,0.9975966,0.99601275,0.997678
11459,0.9984515,0.998823,0.9979206
11460,0.99829715,0.99841684,0.99813956
11461,0.99831015,0.998378,0.9983102
11462,0.9984863,0.9987345,0.9984307
11463,0.99832886,0.9983063,0.9985708
11464,0.9979649,0.9969285,0.99871814
11465,0.9978388,0.99623257,0.99884135
11466,0.9978645,0.99627984,0.9989415
11467,0.99877185,0.9990637,0.99890363
11468,0.99766725,0.99755687,0.99442
11469,0.9957356,0.9887945,0.99569774
11470,0.99837756,0.99859613,0.9967177
11471,0.9977009,0.998145,0.99274313
11472,0.99754846,0.99722314,0.9943864
11473,0.9973511,0.9957059,0.9955839
11474,0.9979173,0.99761564,0.9964289
11475,0.9984589,0.998749,0.9969036
11476,0.989096,0.9955492,0.983128
11477,0.99095696,0.99661666,0.9834503
11478,0.98537815,0.99528354,0.9826516
11479,0.98674023,0.9887922,0.9832429
11480,0.9927289,0.99156034,0.98501366
11481,0.9959755,0.9959351,0.9879229
11482,0.99709415,0.99699783,0.9905685
11483,0.9972118,0.9971753,0.9913255
11484,0.9970322,0.9961211,0.99250984
11485,0.99117094,0.9881978,0.98555785
11486,0.99387074,0.9885327,0.9890192
11487,0.9970591,0.9962725,0.992418
11488,0.99676454,0.9925906,0.99430555
11489,0.99783635,0.997109,0.99578065
11490,0.99727166,0.9935139,0.9966022
11491,0.99824345,0.997773,0.9972702
11492,0.9977908,0.995756,0.9976769
11493,0.99872476,0.99858475,0.9979288
11494,0.99584717,0.98955774,0.99380654
11495,0.99669826,0.9906497,0.99571085
11496,0.99847436,0.9982865,0.99671453
11497,0.9979899,0.99689543,0.9972402
11498,0.99829847,0.9977693,0.99761343
11499,0.9986125,0.9983993,0.9978565
11500,0.99709165,0.9909182,0.99774283
11501,0.99795645,0.9977813,0.99312425
11502,0.99417263,0.9948314,0.9856407
11503,0.99530905,0.992293,0.9885224
11504,0.98917633,0.9954705,0.9831986
11505,0.98959625,0.99403334,0.9835432
11506,0.9935985,0.9950144,0.9853537
11507,0.995709,0.9964844,0.9876064
11508,0.9845278,0.9857445,0.9834478
11509,0.9911075,0.98643786,0.9855202
11510,0.99289006,0.9856276,0.98915076
11511,0.99498075,0.98735183,0.99290603
11512,0.99491894,0.9865182,0.99535316
11513,0.9950995,0.9862416,0.9969033
11514,0.99551666,0.9864306,0.99784535
11515,0.9958076,0.9865122,0.9984168
11516,0.99638814,0.98723525,0.99875265
11517,0.9967756,0.9877533,0.99894375
11518,0.997345,0.99208635,0.9990197
11519,0.9965596,0.98677665,0.9991459
11520,0.99849313,0.9978301,0.9988996
11521,0.99898845,0.99862075,0.9987312
11522,0.9988025,0.9982387,0.99861914
11523,0.9990509,0.9984552,0.9984476
11524,0.9991556,0.9983224,0.9980415
11525,0.99624115,0.9932846,0.98502034
11526,0.99661815,0.99359655,0.9877505
11527,0.9977611,0.99641097,0.990785
11528,0.9957175,0.98666275,0.993466
11529,0.996707,0.9900133,0.995502
11530,0.9956174,0.9858028,0.9967377
11531,0.9970179,0.99174553,0.9974206
11532,0.99583364,0.98556095,0.99795336
11533,0.9956331,0.9848055,0.9983067
11534,0.9986799,0.9984769,0.99769896
11535,0.9991193,0.99887574,0.9974186
11536,0.9986337,0.9982491,0.99711645
11537,0.9985112,0.9978646,0.995859
11538,0.99793786,0.9966681,0.9966734
11539,0.9980985,0.9971649,0.9969979
11540,0.9986756,0.9982989,0.99698067
11541,0.99767995,0.9957408,0.99766517
11542,0.9979898,0.99688184,0.99759185
11543,0.9953682,0.98399645,0.99825734
11544,0.99747014,0.9949396,0.9980198
11545,0.99730843,0.9941205,0.9980662
11546,0.9979622,0.99687475,0.99769956
11547,0.9983105,0.9978061,0.9976189
11548,0.997983,0.9969779,0.9978721
11549,0.99770164,0.99597996,0.99804413
11550,0.99825233,0.9977373,0.9978363
11551,0.99715555,0.99330837,0.9982988
11552,0.9964803,0.98905146,0.9984427
11553,0.99808407,0.99745613,0.9978342
11554,0.9981715,0.99769616,0.9978164
11555,0.9981022,0.99753374,0.99788547
11556,0.99746317,0.9951975,0.9981811
11557,0.9972805,0.9941741,0.99809074
11558,0.99719775,0.99377936,0.99807054
11559,0.99773765,0.99629897,0.9978063
11560,0.99692565,0.9923262,0.9981131
11561,0.9968515,0.9920139,0.9980668
11562,0.9963947,0.9892291,0.99811864
11563,0.9959832,0.98673123,0.9980955
11564,0.9978242,0.9970128,0.99715155
11565,0.9977372,0.9964244,0.99698025
11566,0.9963613,0.98936677,0.9976348
11567,0.9953393,0.98293316,0.99778825
11568,0.9963162,0.989861,0.9971981
11569,0.99736863,0.995647,0.99651754
11570,0.99417853,0.97744966,0.9976884
11571,0.9958479,0.9878711,0.99675953
11572,0.99592537,0.98866284,0.9965241
11573,0.9955323,0.9864702,0.99651116
11574,0.9956322,0.98743755,0.9962254
11575,0.99602133,0.99009115,0.99582255
11576,0.9956872,0.9882606,0.99587506
11577,0.99881023,0.99930876,0.9920835
11578,0.9993602,0.9993802,0.99635303
11579,0.9989824,0.9993308,0.9928462
11580,0.99856377,0.9990177,0.99311167
11581,0.99857163,0.9990654,0.993444
11582,0.9972282,0.99618745,0.9955236
11583,0.99834144,0.9989249,0.9944083
11584,0.99823356,0.99880505,0.99482924
11585,0.99640656,0.99230784,0.9965238
11586,0.9957195,0.9883221,0.9967542
11587,0.9968826,0.99494994,0.99598515
11588,0.9969172,0.99512327,0.99599606
11589,0.9970925,0.99587685,0.99590915
11590,0.99752927,0.99741596,0.9956419
11591,0.9973915,0.99697936,0.9958844
11592,0.9968622,0.9948592,0.99633425
11593,0.9978228,0.9982092,0.9956296
11594,0.9973826,0.99694735,0.9961479
11595,0.9976052,0.9976418,0.9960614
11596,0.9988512,0.9996022,0.99455625
11597,0.99864,0.9994009,0.9948906
11598,0.9975127,0.9972737,0.99637604
11599,0.99582607,0.98870784,0.9971562
11600,0.9972995,0.9965644,0.99626315
11601,0.99835396,0.9990902,0.9952332
11602,0.9981646,0.9987849,0.9955467
11603,0.9987336,0.9994072,0.994712
11604,0.9991507,0.9995993,0.9937951
11605,0.999301,0.9995484,0.9956891
11606,0.9990701,0.9994275,0.993925
11607,0.9979869,0.9982037,0.99591345
11608,0.9961509,0.9901386,0.9971154
11609,0.997109,0.99538064,0.9964369
11610,0.996134,0.9900205,0.9967459
11611,0.9975345,0.99695826,0.9957596
11612,0.9978632,0.9978849,0.9955451
11613,0.9988064,0.99924535,0.9942951
11614,0.99872875,0.9992334,0.9947253
11615,0.99892646,0.9994057,0.9945832
11616,0.9985365,0.9991521,0.99556637
11617,0.99842536,0.9990408,0.99588376
11618,0.99822307,0.9987351,0.99620867
11619,0.99859846,0.99924475,0.99589324
11620,0.9993483,0.9996066,0.99652135
11621,0.99907994,0.9995331,0.9951361
11622,0.9992793,0.9995406,0.9961014
11623,0.99850345,0.9989873,0.9960948
11624,0.99905914,0.99926937,0.99497175
11625,0.9986109,0.99868584,0.9955396
11626,0.99866956,0.99874854,0.9955456
11627,0.99850553,0.9985037,0.99577475
11628,0.9980767,0.99780786,0.9963427
11629,0.9988371,0.99888927,0.9954935
11630,0.99849385,0.99862635,0.9961726
11631,0.99782854,0.9972064,0.9967599
11632,0.99591166,0.9872885,0.99767315
11633,0.9965823,0.9918518,0.99726135
11634,0.9970494,0.9944813,0.9969585
11635,0.9970718,0.9946384,0.996921
11636,0.99795103,0.99780905,0.9963121
11637,0.99755424,0.9966334,0.99665564
11638,0.997274,0.99558187,0.9968737
11639,0.99759233,0.9968174,0.9966838
11640,0.99821025,0.99841386,0.9962237
11641,0.99791783,0.9978153,0.9966054
11642,0.99900675,0.99928665,0.9952253
11643,0.9992957,0.9993337,0.9968873
11644,0.9990239,0.998876,0.99508286
11645,0.9988408,0.9988837,0.9953711
11646,0.99854493,0.99870765,0.9960421
11647,0.99857116,0.99879545,0.99616146
11648,0.998406,0.99863285,0.9964941
11649,0.99817175,0.9982636,0.99682444
11650,0.9989214,0.99920624,0.9960086
11651,0.99853534,0.998913,0.99669546
11652,0.9981149,0.9982302,0.9971687
11653,0.99875885,0.9991576,0.9965609
11654,0.9972837,0.99535775,0.99764884
11655,0.99668646,0.9922303,0.9978511
11656,0.9962068,0.9893423,0.9979015
11657,0.9967232,0.992737,0.9975853
11658,0.99662745,0.9922803,0.9975425
11659,0.9974352,0.99632657,0.99707985
11660,0.9992417,0.99944425,0.99590456
11661,0.9993748,0.99949205,0.9974013
11662,0.9993737,0.99936056,0.9977211
11663,0.9986679,0.9968363,0.9924084
11664,0.9975526,0.99516535,0.9945449
11665,0.99914,0.99795955,0.9963578
11666,0.9988913,0.99803376,0.9945649
11667,0.9970048,0.9934834,0.9961066
11668,0.99760705,0.996121,0.995891
11669,0.99870396,0.99817723,0.9944085
11670,0.9988738,0.9982546,0.9945374
11671,0.99920154,0.99860895,0.99717486
11672,0.99904305,0.99850595,0.9958252
11673,0.9986196,0.9983762,0.99501216
11674,0.99877584,0.99864846,0.99512696
11675,0.9990762,0.9989381,0.9962083
11676,0.9981566,0.9977807,0.9956154
11677,0.99718183,0.9947131,0.9965886
11678,0.99767184,0.99667716,0.996461
11679,0.9985686,0.9985872,0.99580836
11680,0.99871546,0.9988096,0.99584544
11681,0.9987248,0.99889225,0.99605435
11682,0.99845386,0.99865675,0.996567
11683,0.99871826,0.9989882,0.9964032
11684,0.99881995,0.99911547,0.9964189
11685,0.9990655,0.9989415,0.99630827
11686,0.9981481,0.9979973,0.9966329
11687,0.998578,0.9987085,0.9964047
11688,0.9991993,0.9991704,0.99745107
11689,0.99736166,0.99549675,0.9971438
11690,0.9985596,0.99866766,0.99642575
11691,0.9988734,0.99900293,0.9962176
11692,0.9981699,0.99814665,0.99711883
11693,0.9990905,0.999205,0.996467
11694,0.9992622,0.9993156,0.9980084
11695,0.9974627,0.9957307,0.99434197
11696,0.998918,0.9985695,0.99479705
11697,0.99902695,0.99878174,0.99591815
11698,0.9976054,0.9964119,0.99560606
11699,0.9979945,0.9975705,0.99592453
11700,0.99809283,0.99783176,0.99627036
11701,0.9986717,0.99875724,0.9960946
11702,0.99814373,0.9980111,0.9967901
11703,0.9981249,0.9979866,0.99700856
11704,0.99787766,0.99735826,0.99731183
11705,0.9978794,0.9973627,0.99743223
11706,0.9990929,0.99918616,0.9967391
11707,0.9982179,0.99824864,0.9974803
11708,0.99809676,0.99798197,0.9976366
11709,0.99870527,0.9989954,0.9972678
11710,0.9991761,0.99932253,0.99733245
11711,0.99905646,0.9989049,0.99646574
11712,0.9983798,0.99787676,0.9903065
11713,0.99773955,0.9969945,0.9930686
11714,0.9988646,0.99872243,0.9943741
11715,0.9986674,0.9987336,0.99477434
11716,0.99832654,0.9984097,0.99580413
11717,0.99882835,0.9990009,0.9958842
11718,0.9983872,0.99857396,0.9966779
11719,0.99907064,0.99922305,0.9970078
11720,0.99850273,0.99866575,0.9947428
11721,0.99903995,0.9991069,0.9965908
11722,0.99751997,0.9980355,0.9856356
11723,0.99802977,0.99860317,0.9884448
11724,0.99820733,0.998841,0.9905896
11725,0.9976344,0.99776804,0.9931754
11726,0.9983847,0.9990298,0.9936502
11727,0.99754924,0.9974565,0.9939927
11728,0.99792963,0.99826103,0.99510705
11729,0.9980681,0.99845624,0.99589145
11730,0.9986173,0.9992289,0.9962512
11731,0.9981031,0.99839896,0.996922
11732,0.99879456,0.99936676,0.9969708
11733,0.9986079,0.9991938,0.99732494
11734,0.99857175,0.99914104,0.9975048
11735,0.9987164,0.99929196,0.99764216
11736,0.998954,0.999475,0.9976702
11737,0.99882436,0.9993778,0.9974684
11738,0.99901116,0.9994917,0.99753785
11739,0.99716944,0.9987483,0.9867273
11740,0.9978759,0.9990547,0.98923665
11741,0.99799854,0.9992067,0.9911054
11742,0.99812025,0.99919456,0.99315464
11743,0.99788564,0.99866086,0.9946405
11744,0.9983365,0.9992218,0.9955108
11745,0.9987845,0.999468,0.9955507
11746,0.9974882,0.9990393,0.9908691
11747,0.9943772,0.9988889,0.9846618
11748,0.99396026,0.9987025,0.98488384
11749,0.99560386,0.99843055,0.98755145
11750,0.996634,0.9985534,0.9903151
11751,0.9972565,0.9987559,0.99254555
11752,0.9967057,0.995414,0.99423236
11753,0.99760354,0.9981784,0.9955312
11754,0.997911,0.9986466,0.99628884
11755,0.99795216,0.99851036,0.99684703
11756,0.99791366,0.99817777,0.9972874
11757,0.9979175,0.99855745,0.99644184
11758,0.99809533,0.9987699,0.99694943
11759,0.9980845,0.99857986,0.9973511
11760,0.99858063,0.99937147,0.99760306
11761,0.9975754,0.99916744,0.9927473
11762,0.99771214,0.99897325,0.9942722
11763,0.9977935,0.9987561,0.99536085
11764,0.99780375,0.9984254,0.9961632
11765,0.9974937,0.99767095,0.9957622
11766,0.99796915,0.9986754,0.9964846
11767,0.9978528,0.9980754,0.9970126
11768,0.99823266,0.99887407,0.9974012
11769,0.9983581,0.99901026,0.99769074
11770,0.9985055,0.99918234,0.9979146
11771,0.9985,0.9991146,0.9981115
11772,0.99805945,0.9981016,0.9979494
11773,0.9983815,0.99884623,0.9981478
11774,0.99841183,0.9988355,0.99831456
11775,0.99872786,0.9993118,0.99841833
11776,0.9988006,0.99936897,0.99852115
11777,0.99865294,0.999174,0.99503404
11778,0.99819475,0.9991259,0.9958375
11779,0.9981379,0.998922,0.9963501
11780,0.9982483,0.9989615,0.9968568
11781,0.99821824,0.99876034,0.99727595
11782,0.9983129,0.99882776,0.9976026
11783,0.998495,0.99906826,0.99785054
11784,0.99845994,0.9989937,0.99786603
11785,0.9985801,0.9991245,0.99805397
11786,0.99865556,0.9991896,0.99818975
11787,0.9978586,0.99828595,0.99612534
11788,0.9980451,0.99847,0.9967403
11789,0.99833447,0.9989033,0.9971809
11790,0.998544,0.99912935,0.9975041
11791,0.99867666,0.9991139,0.9969923
11792,0.998489,0.9990807,0.9973635
11793,0.9984337,0.9989233,0.99765104
11794,0.9984451,0.9988664,0.9978762
11795,0.9977315,0.9987752,0.99413323
11796,0.99811554,0.9988781,0.9949819
11797,0.998525,0.99897194,0.99553835
11798,0.9979048,0.9988189,0.99373996
11799,0.99785954,0.9988504,0.9949703
11800,0.9978824,0.9986433,0.9957863
11801,0.99809855,0.99879503,0.99646753
11802,0.9984531,0.99901134,0.9969642
11803,0.9941039,0.9981021,0.986862
11804,0.99130964,0.9950045,0.9857145
11805,0.9944976,0.99681765,0.988542
11806,0.99586225,0.9972078,0.99105746
11807,0.99651253,0.99668455,0.9932149
11808,0.9976168,0.99854845,0.99476904
11809,0.99739075,0.99844134,0.9944691
11810,0.9976557,0.998725,0.99331367
11811,0.99379635,0.9979153,0.98742074
11812,0.9952266,0.9976171,0.99010885
11813,0.9959092,0.99600065,0.99246156
11814,0.996645,0.99625593,0.9943363
11815,0.99725175,0.9972191,0.99561423
11816,0.99766314,0.9978562,0.9964474
11817,0.99790007,0.99809015,0.9970232
11818,0.9980838,0.9982726,0.99745005
11819,0.99795073,0.9974632,0.9977883
11820,0.99782735,0.99639124,0.998092
11821,0.99783987,0.9959579,0.9983696
11822,0.99709195,0.99359375,0.9972072
11823,0.9980876,0.9977248,0.9977765
11824,0.99829096,0.9981419,0.9980562
11825,0.99782676,0.99575067,0.99829346
11826,0.99795634,0.9961183,0.99854356
11827,0.9986796,0.99865556,0.9987036
11828,0.99828696,0.99738127,0.99882686
11829,0.99837995,0.9976242,0.9989385
11830,0.99870145,0.9985148,0.9990155
11831,0.9982754,0.99695575,0.99910414
11832,0.9980981,0.99585176,0.9991938
11833,0.9981366,0.9959578,0.99927855
11834,0.9986263,0.99808687,0.99932766
11835,0.99820215,0.9963728,0.9991721
11836,0.9986537,0.99816924,0.9990731
11837,0.99888384,0.99861604,0.99911207
11838,0.9988132,0.998474,0.9989038
11839,0.9989017,0.99859047,0.9989716
11840,0.998897,0.99855924,0.998928
11841,0.9985702,0.99781615,0.99901986
11842,0.9981064,0.9956741,0.99910665
11843,0.9986488,0.99794525,0.999173
11844,0.99945694,0.9986942,0.9991852
11845,0.99926907,0.99836266,0.99844503
11846,0.99940425,0.99844486,0.9985533
11847,0.99853987,0.9977454,0.9985753
11848,0.99794966,0.9949848,0.9987455
11849,0.99848604,0.9974677,0.99879456
11850,0.9987898,0.99818796,0.9988747
11851,0.9968521,0.99045795,0.996983
11852,0.99810463,0.9964377,0.99750745
11853,0.99822557,0.99673736,0.99787617
11854,0.99748456,0.9920836,0.9982041
11855,0.99697614,0.9897808,0.99857193
11856,0.9965154,0.98845786,0.99888694
11857,0.99868214,0.99789107,0.9989814
11858,0.99895597,0.99836063,0.9989961
11859,0.997581,0.9923552,0.9990195
11860,0.9980439,0.99542326,0.9991139
11861,0.99900496,0.99838644,0.99904066
11862,0.99893075,0.99806744,0.9985476
11863,0.99899876,0.9981717,0.9986329
11864,0.9983444,0.9967444,0.99883914
11865,0.99763477,0.992822,0.99899334
11866,0.99811774,0.9957768,0.9990638
11867,0.99791247,0.9946658,0.99914724
11868,0.9967408,0.987607,0.99928284
11869,0.995868,0.985593,0.9993958
11870,0.9978801,0.99488914,0.9992994
11871,0.9987392,0.99805063,0.9991537
11872,0.9984749,0.9974232,0.9992252
11873,0.99724936,0.9906621,0.9993918
11874,0.99897844,0.99845266,0.9990557
11875,0.99790037,0.99519,0.9993157
11876,0.9980822,0.99610716,0.9992791
11877,0.99898404,0.9984677,0.9990274
11878,0.99918365,0.9986493,0.99892783
11879,0.9993198,0.9985399,0.99887574
11880,0.9990745,0.9966663,0.99705154
11881,0.9974378,0.99177754,0.99585193
11882,0.9983171,0.9955965,0.99610436
11883,0.9962892,0.9851095,0.9971029
11884,0.9987163,0.99695283,0.9972229
11885,0.99855906,0.9968728,0.99756444
11886,0.99806523,0.99562514,0.9978922
11887,0.99622685,0.9846177,0.9944283
11888,0.9977843,0.9944185,0.9958237
11889,0.9966854,0.9879713,0.9967871
11890,0.99610454,0.9844192,0.99748373
11891,0.99885154,0.99764603,0.9968771
11892,0.9986331,0.9975399,0.9972463
11893,0.9979862,0.9959994,0.99745816
11894,0.9958957,0.9837727,0.99684966
11895,0.99697024,0.99112666,0.99718785
11896,0.9968535,0.99059236,0.9974729
11897,0.9980249,0.9964137,0.99716467
11898,0.99903107,0.99809897,0.9963729
11899,0.9989422,0.99819255,0.996669
11900,0.9988102,0.9975953,0.9957966
11901,0.99916244,0.99753916,0.9967803
11902,0.9984746,0.9956805,0.98869693
11903,0.99644226,0.98934,0.99191934
11904,0.998906,0.9976696,0.99395055
11905,0.9990185,0.99806684,0.9953821
11906,0.9977187,0.99606377,0.9854845
11907,0.9936951,0.98372686,0.98462707
11908,0.99575067,0.9886004,0.98866874
11909,0.99803525,0.99780196,0.9913639
11910,0.9978126,0.99741673,0.9932186
11911,0.99292606,0.9826647,0.98901325
11912,0.99372804,0.98304445,0.992116
11913,0.9969084,0.994066,0.9941695
11914,0.9972036,0.99541456,0.99451894
11915,0.99858576,0.9987782,0.99388367
11916,0.99806356,0.99818134,0.9921842
11917,0.99845517,0.9987556,0.9932454
11918,0.9975656,0.99693954,0.9950135
11919,0.9970052,0.9944626,0.99580586
11920,0.9977877,0.99750656,0.99617565
11921,0.9970684,0.9945778,0.9966901
11922,0.9961517,0.9889354,0.99727714
11923,0.9958431,0.9869835,0.99762297
11924,0.9951774,0.98363394,0.9978919
11925,0.99527925,0.98400956,0.9978957
11926,0.9985083,0.9990276,0.99611306
11927,0.99827445,0.9986919,0.9962874
11928,0.99863297,0.99914825,0.9961108
11929,0.99705243,0.99492,0.9973957
11930,0.99842423,0.99893683,0.99650854
11931,0.9988284,0.99925977,0.9958094
11932,0.9984079,0.9986424,0.9940309
11933,0.99597126,0.98870057,0.9961232
11934,0.99804133,0.9981855,0.995616
11935,0.99864215,0.99905044,0.99539936
11936,0.99893606,0.9992932,0.99560386
11937,0.9984029,0.99877644,0.9951519
11938,0.9977376,0.99748284,0.99605054
11939,0.99647623,0.9917371,0.9969273
11940,0.99756074,0.9969376,0.9967027
11941,0.99797493,0.99805605,0.9962146
11942,0.9980214,0.998152,0.996325
11943,0.9950047,0.98308766,0.9976091
11944,0.99521583,0.9840319,0.99759203
11945,0.9970153,0.99503195,0.996908
11946,0.9951425,0.98404765,0.9975646
11947,0.9971329,0.99575496,0.9966251
11948,0.99852926,0.9991456,0.99541926
11949,0.9972903,0.9963344,0.9966321
11950,0.9970475,0.9953506,0.9968318
11951,0.9964968,0.99259555,0.99701756
11952,0.9960727,0.9902227,0.9971348
11953,0.9973001,0.9964782,0.9964161
11954,0.9971536,0.9959214,0.9965717
11955,0.9959421,0.9895613,0.9971077
11956,0.99639153,0.9923649,0.99677896
11957,0.9961998,0.9913737,0.99679154
11958,0.99835974,0.999068,0.9950192
11959,0.99703926,0.99566066,0.9964474
11960,0.9975417,0.99735665,0.99590254
11961,0.9956145,0.9878042,0.997016
11962,0.99658227,0.9936028,0.9963932
11963,0.99616367,0.991243,0.99628246
11964,0.9969879,0.99546087,0.99569464
11965,0.99736524,0.99686396,0.9954476
11966,0.9981503,0.99872303,0.9947269
11967,0.9970941,0.9958435,0.9958813
11968,0.9966544,0.9938942,0.99622375
11969,0.99852717,0.99921936,0.9943791
11970,0.99784553,0.9982041,0.99554276
11971,0.9980299,0.9985873,0.99552673
11972,0.9982425,0.9989455,0.99546677
11973,0.9989643,0.99957913,0.9943763
11974,0.9990327,0.99961406,0.99441785
11975,0.9969653,0.9952075,0.99689275
11976,0.9954327,0.98651713,0.99747056
11977,0.9961958,0.9914408,0.9969853
11978,0.9965411,0.9934312,0.9967294
11979,0.99663216,0.9939323,0.9966289
11980,0.99825484,0.9990509,0.9953154
11981,0.99860746,0.99942416,0.9949304
11982,0.9981052,0.9987797,0.99568164
11983,0.9978597,0.99828905,0.99604315
11984,0.99734825,0.99674493,0.99634504
11985,0.99832094,0.99903375,0.99551964
11986,0.99905276,0.9995554,0.99446404
11987,0.99895644,0.99952877,0.9945992
11988,0.99720436,0.9960848,0.99675894
11989,0.9980491,0.99855447,0.9961633
11990,0.9973164,0.9965042,0.9968291
11991,0.9972875,0.9963927,0.9968773
11992,0.9972357,0.99618995,0.99693245
11993,0.99599725,0.9896759,0.9974698
11994,0.9962735,0.99151087,0.9972266
11995,0.9972442,0.9963666,0.99665517
11996,0.99891883,0.99959683,0.9948084
11997,0.99908847,0.9996688,0.99457175
11998,0.9993721,0.9997349,0.9970018
11999,0.9994393,0.9997502,0.99788874
12000,0.99894774,0.9994758,0.9947553
12001,0.9991146,0.99957776,0.99503374
12002,0.9983634,0.9990206,0.99611783
12003,0.998884,0.99950385,0.99548703
12004,0.9988036,0.99929243,0.99533397
12005,0.99847364,0.9990397,0.99605215
12006,0.9974169,0.9965729,0.9970519
12007,0.9964232,0.99171853,0.99751586
12008,0.997159,0.9956117,0.9971003
12009,0.99722844,0.9959151,0.99706256
12010,0.9976989,0.9975652,0.9967742
12011,0.99678993,0.9938079,0.997252
12012,0.9970852,0.9952836,0.99706364
12013,0.9972396,0.99596184,0.9969736
12014,0.9982587,0.998808,0.99622035
12015,0.99704075,0.99498105,0.99702466
12016,0.99691534,0.9944093,0.9970707
12017,0.9974443,0.99669063,0.9967496
12018,0.99917036,0.9995062,0.995322
12019,0.9993311,0.99958885,0.9969053
12020,0.9990696,0.99947023,0.99493676
12021,0.99841547,0.99900264,0.9962806
12022,0.9991352,0.9995646,0.99521303
12023,0.99875623,0.99940497,0.99617666
12024,0.99835014,0.9989784,0.996797
12025,0.9965693,0.9924109,0.9978411
12026,0.9971057,0.99529725,0.99755573
12027,0.99779636,0.9978501,0.9971729
12028,0.997743,0.99769145,0.9972517
12029,0.99786454,0.9980212,0.9972148
12030,0.9990212,0.99961257,0.9959897
12031,0.9988964,0.99956846,0.99637234
12032,0.9990868,0.999675,0.9961772
12033,0.99914134,0.9997111,0.9962209
12034,0.9994317,0.9997762,0.9976194
12035,0.9991971,0.9996854,0.9960877
12036,0.999211,0.99967474,0.99609816
12037,0.9987113,0.99941283,0.99702823
12038,0.9979976,0.99827206,0.9976786
12039,0.9980937,0.99848753,0.9976534
12040,0.9978547,0.9978743,0.99782103
12041,0.9978064,0.9977222,0.9978635
12042,0.9977378,0.99749863,0.99791026
12043,0.99788475,0.9979327,0.99784815
12044,0.9980355,0.9983146,0.99777895
12045,0.9982061,0.99868435,0.99770564
12046,0.9991711,0.9996915,0.9967104
12047,0.99932057,0.99974644,0.9965052
12048,0.9994897,0.9997861,0.9983076
12049,0.9994982,0.9997898,0.9984444
12050,0.99889255,0.9995666,0.99735427
12051,0.9990535,0.99966544,0.9972205
12052,0.9980383,0.9982851,0.9981146
12053,0.9982863,0.9988246,0.99799967
12054,0.99887466,0.999565,0.99757296
12055,0.99808085,0.9983582,0.9981651
12056,0.9992806,0.99975145,0.9970546
12057,0.998149,0.9985149,0.9982046
12058,0.99854916,0.99923134,0.9979916
12059,0.9985599,0.99924296,0.9980186
12060,0.9990166,0.9996589,0.99764985
12061,0.9987481,0.99946034,0.9979622
12062,0.99885535,0.9995559,0.9979107
12063,0.9986597,0.9993656,0.99810636
12064,0.9991444,0.9997299,0.9976783
12065,0.9986453,0.9993406,0.9981712
12066,0.998796,0.9994993,0.9980919
12067,0.9984276,0.9990166,0.99835825
12068,0.99871695,0.99941576,0.9982038
12069,0.9988196,0.9995167,0.9981579
12070,0.9989362,0.999611,0.998094
12071,0.9987105,0.99940544,0.9982989
12072,0.99868196,0.99936986,0.9983419
12073,0.99871206,0.9994022,0.99834615
12074,0.99878645,0.99947953,0.9983206
12075,0.9988527,0.9995406,0.998299
12076,0.9988269,0.99951625,0.9983439
12077,0.99932855,0.99979556,0.99785364
12078,0.9993316,0.99980164,0.9978957
12079,0.9991234,0.999731,0.9981968
12080,0.9987953,0.9994915,0.9984865
12081,0.999273,0.99979204,0.9980838
12082,0.99894667,0.9996261,0.9984344
12083,0.9989309,0.9996133,0.99846864
12084,0.99893504,0.9996157,0.99848735
12085,0.9989627,0.99963605,0.9984888
12086,0.9989904,0.9996555,0.99848986
12087,0.99919057,0.9997668,0.99833953
12088,0.99938,0.9998292,0.99813825
12089,0.9995785,0.9997997,0.9992675
12090,0.9992949,0.99974084,0.9981216
12091,0.99928874,0.99974406,0.9981644
12092,0.9991877,0.99971074,0.9983117
12093,0.999292,0.9997531,0.9982234
12094,0.99928224,0.99975413,0.99826634
12095,0.99931604,0.9997685,0.9982553
12096,0.9994513,0.99980426,0.99809015
12097,0.9995407,0.99982256,0.99843824
12098,0.9994086,0.999803,0.9982154
12099,0.9993934,0.9998039,0.9982684
12100,0.99947625,0.99977857,0.99806285
12101,0.99937636,0.9997654,0.9982559
12102,0.9992578,0.999734,0.9984267
12103,0.999418,0.99978304,0.9982541
12104,0.999477,0.9997992,0.9981922
12105,0.9994177,0.9997935,0.9983159
12106,0.9993733,0.9997875,0.99840283
12107,0.99929136,0.99976677,0.99852043
12108,0.99942106,0.99980474,0.99838924
12109,0.99952567,0.9997506,0.9987942
12110,0.999412,0.9996935,0.99823874
12111,0.99955124,0.9997251,0.9994149
12112,0.9994866,0.99949634,0.99905324
12113,0.99928087,0.9994501,0.99822164
12114,0.9992381,0.9994474,0.99829876
12115,0.9992357,0.99945784,0.9983265
12116,0.9994676,0.99913466,0.9994448
12117,0.9991265,0.99877626,0.9980758
12118,0.99912107,0.99881464,0.9981074
12119,0.9992706,0.9989243,0.99795514
12120,0.99936587,0.9989515,0.9983433
12121,0.9993357,0.99819833,0.99864924
12122,0.99910647,0.99739885,0.9971047
12123,0.9990991,0.99760246,0.9972434
12124,0.9990698,0.9977628,0.99739045
12125,0.9991008,0.99792874,0.9974452
12126,0.999226,0.998121,0.9976718
12127,0.9992058,0.99822813,0.9974561
12128,0.99933106,0.99838614,0.9987231
12129,0.9989449,0.9980683,0.9977096
12130,0.99916714,0.9982993,0.99752176
12131,0.99923813,0.9984314,0.9977388
12132,0.9991164,0.99846166,0.99771196
12133,0.99902254,0.99820733,0.997625
12134,0.99909395,0.99828714,0.99756134
12135,0.9991833,0.99842596,0.9975221
12136,0.9993277,0.9985705,0.9987515
12137,0.9990813,0.9981891,0.9974034
12138,0.99899656,0.99824274,0.99759537
12139,0.9991239,0.998407,0.9975323
12140,0.9989179,0.99835324,0.9978253
12141,0.9992356,0.99860585,0.9978208
12142,0.9997586,0.9985981,0.9995105
12143,0.9992151,0.9977535,0.9978311
12144,0.99928886,0.99758965,0.99762756
12145,0.99873376,0.99640113,0.9922504
12146,0.998974,0.99724394,0.99493843
12147,0.998957,0.99761266,0.9951322
12148,0.9989992,0.99792814,0.99577266
12149,0.99962765,0.99821734,0.9977988
12150,0.99914765,0.99735886,0.99338496
12151,0.9982696,0.9970395,0.98904
12152,0.998556,0.9978506,0.9917853
12153,0.99882317,0.99834955,0.99431545
12154,0.9988212,0.99853927,0.9946364
12155,0.9989771,0.99876785,0.9962208
12156,0.9993472,0.9988682,0.9970807
12157,0.9989013,0.99885434,0.9960025
12158,0.9990173,0.9989919,0.9968521
12159,0.9990314,0.9990522,0.9970342
12160,0.9990458,0.9991047,0.99719965
12161,0.99964553,0.99917275,0.9984389
12162,0.9994178,0.99912214,0.9979087
12163,0.99891007,0.9987555,0.9946089
12164,0.9854089,0.99491936,0.98189473
12165,0.99147946,0.9951204,0.9822202
12166,0.9949781,0.99633884,0.9837668
12167,0.98939764,0.9945622,0.98223794
12168,0.9942809,0.9962346,0.9837682
12169,0.9968652,0.9973331,0.9865086
12170,0.9926794,0.9965998,0.98343307
12171,0.9951043,0.9971291,0.98531085
12172,0.9967626,0.99795717,0.98810536
12173,0.9981067,0.99848074,0.9910454
12174,0.9957613,0.9980007,0.9868431
12175,0.9969064,0.99836385,0.98967063
12176,0.99729013,0.9981924,0.992107
12177,0.9987471,0.9990289,0.9940426
12178,0.9967744,0.9985777,0.98985445
12179,0.9973361,0.9986839,0.99205786
12180,0.9975011,0.99879026,0.99093616
12181,0.9940992,0.998321,0.98588353
12182,0.9953453,0.9979546,0.9885487
12183,0.9964199,0.9980502,0.99115366
12184,0.996895,0.9976803,0.9932119
12185,0.9972907,0.99775964,0.9947067
12186,0.9977264,0.99837184,0.99574226
12187,0.99809617,0.998862,0.9964424
12188,0.99801606,0.9984433,0.99696964
12189,0.99801075,0.99815434,0.9973927
12190,0.9983922,0.99891406,0.99770904
12191,0.99856406,0.99910855,0.99794084
12192,0.99876934,0.99912596,0.9959107
12193,0.9961983,0.9974376,0.99139005
12194,0.99748427,0.99871653,0.9932817
12195,0.99766546,0.9987632,0.99362934
12196,0.9975671,0.9987055,0.99471533
12197,0.99765944,0.99872035,0.9951004
12198,0.97827125,0.9962385,0.9828225
12199,0.981624,0.99403507,0.9831032
12200,0.9870654,0.9889061,0.9842268
12201,0.99330294,0.9930265,0.9867973
12202,0.9957164,0.99472564,0.9899487
12203,0.99504703,0.9915884,0.99013484
12204,0.9969871,0.99604195,0.9927403
12205,0.99484974,0.99513936,0.988262
12206,0.96610594,0.97428954,0.9824869
12207,0.9725168,0.9587423,0.9825981
12208,0.98750746,0.9603694,0.98342526
12209,0.99598587,0.98075986,0.9870878
12210,0.99695593,0.9855872,0.99152416
12211,0.9969814,0.98511297,0.9945422
12212,0.9988981,0.9942941,0.99615604
12213,0.99797237,0.99246484,0.99553686
12214,0.9973949,0.9892309,0.99666893
12215,0.998186,0.99406886,0.99742407
12216,0.99700165,0.9866048,0.997965
12217,0.99804777,0.99397576,0.99829245
12218,0.99883896,0.99651027,0.9983143
12219,0.9979662,0.9938187,0.99863094
12220,0.99856406,0.9962296,0.99864024
12221,0.99804205,0.99440414,0.99882275
12222,0.99900395,0.99715734,0.9986329
12223,0.99893343,0.99717724,0.9987132
12224,0.9991891,0.9974929,0.9986188
12225,0.99814045,0.9942116,0.99736875
12226,0.99776644,0.9926623,0.9976812
12227,0.99761325,0.99198616,0.99803615
12228,0.9978224,0.9933893,0.9982403
12229,0.9979489,0.9941738,0.9983705
12230,0.99762267,0.9925786,0.9985445
12231,0.9988704,0.99699396,0.99821997
12232,0.9989629,0.9972215,0.9982239
12233,0.9992119,0.99752504,0.9980725
12234,0.9984998,0.9967304,0.998554
12235,0.99927807,0.9977428,0.99838305
12236,0.99883455,0.9946864,0.99376756
12237,0.99670994,0.9898831,0.9846195
12238,0.99602306,0.9862298,0.98825777
12239,0.99645734,0.98785377,0.99207026
12240,0.99738723,0.9934159,0.9943574
12241,0.9989542,0.9974211,0.99530226
12242,0.9978088,0.9955117,0.9941574
12243,0.99860305,0.99741554,0.9949917
12244,0.99847835,0.997475,0.9958948
12245,0.99895185,0.9981178,0.9961134
12246,0.9980928,0.99665153,0.98962957
12247,0.9955943,0.9857712,0.99246764
12248,0.9959043,0.98600864,0.9949224
12249,0.99589163,0.98563987,0.9963525
12250,0.9978612,0.99667007,0.9967162
12251,0.99890447,0.9986184,0.996412
12252,0.9987869,0.9986151,0.9968473
12253,0.9990423,0.9988559,0.99683225
12254,0.9990748,0.9989419,0.99701643
12255,0.9991094,0.99901587,0.9972568
12256,0.99901986,0.99874103,0.996415
12257,0.9985091,0.9979294,0.99097306
12258,0.99847233,0.99817485,0.99143386
12259,0.9979447,0.9975629,0.99378276
12260,0.99766654,0.9968144,0.99423605
12261,0.996277,0.9887281,0.9956774
12262,0.9989048,0.9989522,0.9957255
12263,0.9974138,0.9954295,0.99696827
12264,0.9984688,0.99859595,0.9969699
12265,0.99883157,0.99902123,0.9970094
12266,0.9987694,0.99895245,0.99684066
12267,0.9990722,0.99917084,0.9972943
12268,0.9985729,0.99859977,0.99233985
12269,0.99705344,0.9944814,0.99437225
12270,0.9969684,0.9935858,0.99563926
12271,0.99771047,0.9968844,0.996279
12272,0.9980149,0.9977592,0.99671113
12273,0.997458,0.9956459,0.99725145
12274,0.9983806,0.99851465,0.9972678
12275,0.99867564,0.99889797,0.99681556
12276,0.9985438,0.99872965,0.99641275
12277,0.99547935,0.9857099,0.9974907
12278,0.9952439,0.9848465,0.99799263
12279,0.9947472,0.9835698,0.9983133
12280,0.9952067,0.98377025,0.99838674
12281,0.9973763,0.99561185,0.99792624
12282,0.99789524,0.9975399,0.9977524
12283,0.9980043,0.99782795,0.9977249
12284,0.9989377,0.9992441,0.99704057
12285,0.9986382,0.99901533,0.9974639
12286,0.9991607,0.9992906,0.99732774
12287,0.99740916,0.99555165,0.9964434
12288,0.9958038,0.9858203,0.99724597
12289,0.9957761,0.98596793,0.9975114
12290,0.99864215,0.9988104,0.99618036
12291,0.99876064,0.9989725,0.9962642
12292,0.9990687,0.9992101,0.9964417
12293,0.99909073,0.99887294,0.9964695
12294,0.998785,0.99879354,0.99512213
12295,0.99739873,0.9957798,0.9964114
12296,0.9984639,0.9985557,0.99592614
12297,0.9983722,0.9982936,0.9945208
12298,0.9977196,0.996965,0.99436474
12299,0.9987051,0.9987253,0.9944661
12300,0.9974365,0.99688053,0.9882521
12301,0.9980529,0.9981173,0.9900128
12302,0.9953255,0.9854697,0.9934821
12303,0.99629694,0.9905844,0.9951764
12304,0.9976514,0.99714077,0.9956429
12305,0.99359447,0.982434,0.9945307
12306,0.99456567,0.9831576,0.9959537
12307,0.9952053,0.9838565,0.9965874
12308,0.9951934,0.98415107,0.9969199
12309,0.9972335,0.9960154,0.9962276
12310,0.99614525,0.99045455,0.9968932
12311,0.99621576,0.9910158,0.9968707
12312,0.99539405,0.9861115,0.99712557
12313,0.994946,0.9837609,0.99709547
12314,0.9954383,0.9871596,0.9966745
12315,0.9992151,0.9995677,0.9967836
12316,0.9984143,0.9991537,0.99435085
12317,0.99841106,0.99918586,0.99470055
12318,0.998456,0.9992092,0.99473137
12319,0.9991065,0.99959373,0.9959484
12320,0.9987507,0.99946874,0.9946205
12321,0.997762,0.9981094,0.9961687
12322,0.9970781,0.9959111,0.99674726
12323,0.99895316,0.9996241,0.99471724
12324,0.99803203,0.998688,0.99629647
12325,0.9982319,0.9990164,0.99623436
12326,0.99735796,0.99690163,0.9970217
12327,0.9965587,0.99335533,0.9974203
12328,0.9958765,0.9894826,0.9975857
12329,0.9972272,0.99652326,0.99687177
12330,0.99836683,0.9992285,0.9959879
12331,0.9992348,0.9997139,0.99652463
12332,0.99904937,0.99953,0.9955115
12333,0.9990151,0.99950325,0.9953759
12334,0.9992069,0.9995617,0.99704754
12335,0.9993112,0.99959433,0.9980943
12336,0.9968333,0.99423367,0.99423605
12337,0.99863416,0.99885786,0.9931349
12338,0.99869865,0.9986927,0.99203795
12339,0.9968409,0.9944636,0.9937312
12340,0.9970891,0.99550605,0.99455583
12341,0.9969639,0.99495083,0.9952979
12342,0.99826795,0.99867016,0.99472195
12343,0.99856913,0.9989622,0.9938365
12344,0.9990815,0.99931103,0.9964632
12345,0.9986398,0.99886316,0.9915573
12346,0.9971582,0.9960619,0.99289006
12347,0.9985761,0.9990384,0.99299407
12348,0.99854535,0.9990965,0.99417186
12349,0.9988076,0.9993069,0.9944823
12350,0.9985459,0.9991602,0.99474955
12351,0.9983632,0.998978,0.9942969
12352,0.9982794,0.99889356,0.9948695
12353,0.99704635,0.995338,0.9961692
12354,0.99605685,0.9897003,0.99688965
12355,0.9962408,0.99090755,0.99713534
12356,0.9967179,0.9936903,0.997155
12357,0.9983205,0.9989672,0.9963835
12358,0.99804765,0.9985017,0.99668205
12359,0.99689007,0.99446625,0.99741983
12360,0.9962428,0.99085504,0.9976748
12361,0.9958533,0.98855925,0.99772084
12362,0.99547267,0.98639476,0.9977382
12363,0.9960433,0.99025357,0.99743026
12364,0.9965386,0.99319285,0.99704146
12365,0.996904,0.9950125,0.9967614
12366,0.9987173,0.999411,0.9951164
12367,0.9982476,0.99872595,0.9947714
12368,0.9975825,0.99736404,0.99579877
12369,0.99701476,0.9953117,0.9963913
12370,0.99692535,0.99491805,0.9965568
12371,0.997023,0.99535936,0.9965779
12372,0.99596345,0.9896998,0.997097
12373,0.9971747,0.9960826,0.99643815
12374,0.9966458,0.99369586,0.99675685
12375,0.9984256,0.99910605,0.99532044
12376,0.9978362,0.9981365,0.99615973
12377,0.99857455,0.9990816,0.99468595
12378,0.99881345,0.9992451,0.994468
12379,0.99861217,0.99917114,0.99508137
12380,0.9988566,0.9992507,0.9948348
12381,0.99850833,0.99893755,0.9944523
12382,0.99798983,0.99824196,0.9955568
12383,0.99726504,0.99612474,0.99586916
12384,0.9971927,0.99583006,0.9961971
12385,0.99660903,0.99305546,0.99668986
12386,0.99668944,0.9935154,0.9966417
12387,0.997602,0.99723554,0.99576557
12388,0.9990504,0.9993303,0.9962148
12389,0.99886113,0.99919003,0.99485815
12390,0.9972975,0.9961953,0.9958667
12391,0.99764454,0.9973426,0.99594617
12392,0.9979569,0.9981328,0.9959723
12393,0.9976252,0.9972894,0.9964555
12394,0.99551326,0.9861839,0.9974512
12395,0.997004,0.9950748,0.99679714
12396,0.9960335,0.9897995,0.99723923
12397,0.99590504,0.98919725,0.99719024
12398,0.9990002,0.99947613,0.9953162
12399,0.9992198,0.9995568,0.9971793
12400,0.9969022,0.99573094,0.98314
12401,0.99546766,0.9878662,0.9890391
12402,0.99860007,0.99884427,0.99126333
12403,0.99906254,0.9992093,0.99545914
12404,0.99904436,0.99926883,0.99554896
12405,0.99904656,0.99933785,0.9958688
12406,0.9990939,0.9994005,0.99648094
12407,0.995147,0.9974655,0.9794554
12408,0.99508053,0.99270076,0.983448
12409,0.9953548,0.98990977,0.987653
12410,0.997461,0.9979521,0.9906573
12411,0.99796534,0.9987734,0.99260473
12412,0.99862313,0.99944437,0.9934639
12413,0.9983221,0.99919224,0.99487936
12414,0.99762845,0.99780613,0.99599713
12415,0.9976533,0.99779624,0.996464
12416,0.9972988,0.9965217,0.9969565
12417,0.99694985,0.9949029,0.99733245
12418,0.9966688,0.9933754,0.997606
12419,0.9971675,0.99583364,0.99756813
12420,0.99856806,0.999364,0.996949
12421,0.9976216,0.997467,0.9976385
12422,0.9983069,0.9990247,0.9973308
12423,0.997408,0.9966521,0.99787354
12424,0.99704665,0.99505764,0.9980445
12425,0.9985433,0.99931103,0.997354
12426,0.9987073,0.9994687,0.9973137
12427,0.9979321,0.9982303,0.9979036
12428,0.9974297,0.99660814,0.9981476
12429,0.99787515,0.9980537,0.9979925
12430,0.99784696,0.99795926,0.9980405
12431,0.9982375,0.9988339,0.9978785
12432,0.99862283,0.99936694,0.9976677
12433,0.998222,0.9987897,0.99799347
12434,0.99827826,0.9988825,0.9980017
12435,0.9979986,0.9982804,0.9981779
12436,0.99867,0.9994015,0.99780613
12437,0.9989641,0.9996264,0.99758583
12438,0.99921966,0.99973774,0.99756974
12439,0.99825054,0.998806,0.99822974
12440,0.99864787,0.9993801,0.9980178
12441,0.99850374,0.99920315,0.9981529
12442,0.99843,0.99909127,0.9982279
12443,0.99827754,0.9988221,0.9983335
12444,0.9985046,0.999187,0.9982349
12445,0.9991976,0.9997192,0.99760056
12446,0.9990012,0.9995899,0.99774873
12447,0.9992614,0.9997006,0.9980171
12448,0.9988058,0.99929273,0.99739254
12449,0.99817616,0.99836284,0.9976451
12450,0.99860865,0.99906266,0.997487
12451,0.99850774,0.99894,0.99766874
12452,0.99888706,0.9993321,0.9974592
12453,0.9991227,0.99947476,0.9973048
12454,0.9985838,0.9990682,0.9979029
12455,0.99912167,0.9995009,0.99748063
12456,0.99913055,0.9995218,0.9975614
12457,0.9988463,0.998893,0.9942708
12458,0.9986951,0.99889785,0.993254
12459,0.99831146,0.998626,0.99412084
12460,0.99834156,0.9986865,0.99515027
12461,0.9984623,0.99885654,0.99580747
12462,0.9985106,0.99892694,0.9963174
12463,0.99838173,0.9987509,0.9967997
12464,0.9985725,0.99900955,0.99700797
12465,0.99864703,0.9990981,0.9972202
12466,0.9984361,0.99882007,0.9975481
12467,0.99881387,0.9992626,0.9974965
12468,0.99884385,0.9992956,0.99763197
12469,0.9991196,0.9994666,0.997844
12470,0.9995075,0.99936354,0.9980409
12471,0.9983222,0.9988021,0.99148756
12472,0.9989618,0.9991076,0.9939594
12473,0.99545234,0.99768376,0.98405343
12474,0.996713,0.99832445,0.9865307
12475,0.99707943,0.9979229,0.9897577
12476,0.99777955,0.99873877,0.9921074
12477,0.99832684,0.9992382,0.9936871
12478,0.99822867,0.9990607,0.99496454
12479,0.998204,0.9989291,0.9958322
12480,0.9986853,0.9994281,0.9962833
12481,0.99843097,0.99914396,0.9968603
12482,0.9983666,0.99899954,0.9972459
12483,0.99888283,0.99952596,0.99735063
12484,0.99844354,0.99907655,0.9975173
12485,0.9983677,0.9989075,0.99776816
12486,0.998406,0.99893403,0.9979586
12487,0.99840784,0.9988989,0.99812454
12488,0.99875396,0.99936557,0.9981682
12489,0.9989434,0.999516,0.9982148
12490,0.99922067,0.9994565,0.9970657
12491,0.995991,0.99862826,0.98635876
12492,0.997188,0.9990319,0.9892027
12493,0.9975513,0.9990286,0.9914994
12494,0.99764055,0.99886554,0.99297506
12495,0.9979343,0.9990089,0.9944196
12496,0.99823993,0.99924886,0.99540246
12497,0.99846375,0.9993959,0.9960972
12498,0.9983485,0.9991962,0.99668175
12499,0.99860185,0.9994307,0.9970078
12500,0.9983493,0.9993493,0.99567854
12501,0.9974484,0.99888676,0.9926244
12502,0.99667567,0.9980706,0.9911714
12503,0.99748284,0.99888873,0.9931834
12504,0.9979006,0.99915814,0.9945554
12505,0.99812883,0.9992543,0.9955205
12506,0.99866056,0.99941367,0.9962005
12507,0.9984609,0.9993847,0.9960744
12508,0.9983871,0.9993741,0.99663347
12509,0.99810594,0.99879396,0.99711317
12510,0.9983607,0.99915487,0.99745065
12511,0.9985873,0.9993968,0.99768656
12512,0.9984145,0.9993544,0.9967926
12513,0.9984405,0.99930966,0.9971962
12514,0.9980974,0.9985387,0.9975608
12515,0.99861753,0.99938846,0.99778616
12516,0.999161,0.9994588,0.9978724
12517,0.9989877,0.9994238,0.9975915
12518,0.99868804,0.9993665,0.9972033
12519,0.99837404,0.9991174,0.9975398
12520,0.98970306,0.9963572,0.9843217
12521,0.99383503,0.99826986,0.9865319
12522,0.99634075,0.9987856,0.9892068
12523,0.9966391,0.9986853,0.99162483
12524,0.9976251,0.99896336,0.9934687
12525,0.99298894,0.9987031,0.9857989
12526,0.99439454,0.9985521,0.9874936
12527,0.9954412,0.9982037,0.99013233
12528,0.99651337,0.9985266,0.99240595
12529,0.99702173,0.9984393,0.99406105
12530,0.99693304,0.9987551,0.9924835
12531,0.98933864,0.99530303,0.98534805
12532,0.9932124,0.9962317,0.9880414
12533,0.9954549,0.9978705,0.99083084
12534,0.9967845,0.99876904,0.99183446
12535,0.9961155,0.99858475,0.99102247
12536,0.9963431,0.9980894,0.99302715
12537,0.9972502,0.9985073,0.99452907
12538,0.99716604,0.9980283,0.9953297
12539,0.9967701,0.99793726,0.9942911
12540,0.9967532,0.99583465,0.99546444
12541,0.99756634,0.99802285,0.9964364
12542,0.99756587,0.99723434,0.997017
12543,0.9977656,0.9973847,0.99749696
12544,0.9980974,0.99817616,0.99785525
12545,0.997075,0.99535817,0.99638134
12546,0.99761695,0.9969746,0.9971236
12547,0.99806786,0.9981566,0.9975814
12548,0.99824613,0.9985987,0.9961353
12549,0.98255223,0.9957447,0.98350555
12550,0.98875064,0.9949725,0.98500234
12551,0.99275446,0.9947329,0.987563
12552,0.99507904,0.995164,0.9905589
12553,0.9955979,0.99272263,0.9930477
12554,0.9971973,0.99617213,0.9950267
12555,0.9975694,0.9965677,0.995928
12556,0.9973043,0.9941612,0.9967332
12557,0.99774134,0.9953013,0.9974426
12558,0.99811256,0.9965513,0.99790335
12559,0.9974814,0.9930204,0.9982278
12560,0.99845314,0.99721843,0.9985369
12561,0.9978102,0.9934581,0.99872154
12562,0.997996,0.99419063,0.9989446
12563,0.99800813,0.994003,0.99910724
12564,0.9976153,0.9920393,0.9992481
12565,0.9980213,0.9937541,0.99937063
12566,0.9979691,0.9932619,0.9994556
12567,0.9972328,0.9904156,0.99954146
12568,0.9989337,0.9981529,0.99955565
12569,0.9990039,0.99813616,0.9993495
12570,0.99833155,0.9958727,0.99930304
12571,0.998328,0.99581045,0.99936604
12572,0.99895823,0.9979854,0.99937534
12573,0.99868023,0.99718404,0.99896586
12574,0.99823695,0.9953351,0.99907523
12575,0.99893004,0.9977235,0.99912536
12576,0.9980934,0.9953899,0.99687535
12577,0.9982944,0.99600345,0.99740994
12578,0.99825084,0.9957695,0.9978301
12579,0.9985776,0.99677134,0.99809396
12580,0.99886525,0.9973436,0.99829406
12581,0.9985293,0.9966501,0.99801075
12582,0.998297,0.99586016,0.99828815
12583,0.99850374,0.9965727,0.9984966
12584,0.9987447,0.9971984,0.99863666
12585,0.99822813,0.9958753,0.9947312
12586,0.9951156,0.9871131,0.98979616
12587,0.9979413,0.99593806,0.993073
12588,0.99670684,0.9949557,0.9890901
12589,0.9876478,0.98383975,0.9838248
12590,0.99320656,0.9862294,0.98647857
12591,0.9968412,0.99473166,0.9902044
12592,0.9965587,0.9911905,0.9924109
12593,0.9976535,0.9963277,0.9927145
12594,0.99832183,0.99729913,0.9943923
12595,0.99792683,0.9971092,0.993023
12596,0.9913024,0.99404716,0.98394614
12597,0.98444134,0.99143887,0.98278594
12598,0.9647719,0.96255845,0.9823744
12599,0.9768982,0.95497704,0.9822704
12600,0.99043256,0.96148705,0.9831584
12601,0.99726605,0.9849485,0.9862705
12602,0.99800605,0.99037987,0.98876464
12603,0.996253,0.9837242,0.9925308
12604,0.9971671,0.98953325,0.99508476
12605,0.9974396,0.99151117,0.9963327
12606,0.99849796,0.99565905,0.99574995
12607,0.99627125,0.984661,0.99430954
12608,0.99581295,0.9837584,0.99291
12609,0.99620056,0.9847378,0.995294
12610,0.9989049,0.9971317,0.9956287
12611,0.9969312,0.99298674,0.98468196
12612,0.9826536,0.98536044,0.98182017
12613,0.9694228,0.9599187,0.9800327
12614,0.9807722,0.9489862,0.98082227
12615,0.99330944,0.9692875,0.9808132
12616,0.9970587,0.98812443,0.9830382
12617,0.99855465,0.99430287,0.98840445
12618,0.99779534,0.9947932,0.99100333
12619,0.9966872,0.990379,0.99343187
12620,0.9966802,0.99058396,0.99491805
12621,0.99584603,0.98529935,0.9960377
12622,0.9974412,0.99504143,0.995913
12623,0.99751425,0.99544525,0.9961991
12624,0.9990379,0.9984251,0.99586046
12625,0.99788475,0.99555725,0.9867944
12626,0.9988014,0.9974956,0.9918122
12627,0.9972044,0.9945764,0.9930463
12628,0.99559546,0.9849499,0.9950381
12629,0.99881256,0.99851143,0.9940872
12630,0.999138,0.9988416,0.9968092
12631,0.9988951,0.9987475,0.9948783
12632,0.9984335,0.99818605,0.99306417
12633,0.99745727,0.99608314,0.9950167
12634,0.99709135,0.99452764,0.995876
12635,0.9967489,0.992732,0.99647033
12636,0.9989632,0.9990007,0.9956005
12637,0.99893934,0.99906653,0.99550325
12638,0.9955316,0.985011,0.997616
12639,0.99551576,0.98532104,0.9976318
12640,0.9967102,0.99309975,0.9971822
12641,0.9987939,0.99918526,0.9955163
12642,0.9991863,0.9994183,0.9971089
12643,0.99917746,0.999447,0.99701077
12644,0.9991558,0.9993939,0.99694455
12645,0.9992445,0.99944335,0.99776417
12646,0.9984015,0.99812573,0.9895156
12647,0.99682677,0.9954777,0.9859347
12648,0.998541,0.998516,0.9895249
12649,0.99768114,0.99811137,0.9857197
12650,0.9977808,0.99822545,0.9897598
12651,0.9972553,0.9981476,0.9857863
12652,0.99550366,0.9927521,0.98615885
12653,0.9946714,0.98644817,0.9889675
12654,0.9965472,0.9942325,0.9922641
12655,0.99369335,0.9841086,0.9927646
12656,0.99521196,0.9856385,0.994932
12657,0.99649274,0.9928972,0.99588484
12658,0.9966776,0.9937701,0.99642986
12659,0.9982954,0.99902433,0.9960168
12660,0.9959708,0.9893846,0.9973154
12661,0.9959127,0.9891223,0.9975047
12662,0.99664575,0.9935627,0.99737555
12663,0.9969458,0.99506074,0.99733233
12664,0.9961653,0.9908355,0.99764407
12665,0.99728477,0.9965272,0.99719626
12666,0.9962885,0.9916437,0.99762964
12667,0.99839777,0.9991908,0.9963817
12668,0.9986525,0.99944997,0.9962428
12669,0.99853486,0.9992781,0.99606353
12670,0.99477476,0.982274,0.99792385
12671,0.9951166,0.98478985,0.99766886
12672,0.9958337,0.9895407,0.9972669
12673,0.99527,0.9863167,0.9973166
12674,0.9949851,0.98494625,0.99719006
12675,0.9948265,0.98440033,0.9969801
12676,0.99468154,0.9839613,0.99673986
12677,0.9961123,0.9924243,0.99581754
12678,0.99868536,0.99959403,0.9929313
12679,0.9990194,0.9997602,0.9943715
12680,0.9992132,0.9997875,0.99626637
12681,0.9986819,0.9996086,0.9937943
12682,0.998143,0.999114,0.9950691
12683,0.99893403,0.9997571,0.99392176
12684,0.9992857,0.99986047,0.99678844
12685,0.99876785,0.9996505,0.9943912
12686,0.99831414,0.999296,0.99546194
12687,0.9970175,0.99614537,0.99659467
12688,0.99802804,0.9988773,0.99587774
12689,0.99895895,0.99974763,0.9946418
12690,0.9960248,0.9912082,0.9973756
12691,0.9946991,0.9835483,0.9976426
12692,0.9960515,0.99177015,0.99694026
12693,0.9977103,0.9983659,0.9958708
12694,0.9953225,0.98757654,0.9972142
12695,0.99650884,0.99427235,0.9965428
12696,0.99622226,0.99286777,0.9966641
12697,0.99693036,0.9961029,0.9962386
12698,0.99901843,0.9998042,0.99362874
12699,0.9959681,0.99144226,0.99689734
12700,0.9964267,0.99389786,0.9965994
12701,0.9949801,0.98584974,0.997119
12702,0.9953718,0.9883947,0.9967545
12703,0.99452364,0.98375356,0.99686706
12704,0.99459267,0.98446417,0.9965573
12705,0.9952463,0.98842335,0.9960309
12706,0.99682194,0.99621576,0.99496186
12707,0.9982217,0.9993494,0.99319255
12708,0.99849993,0.9995992,0.99309903
12709,0.9969615,0.996571,0.99531233
12710,0.99895024,0.9998066,0.9920968
12711,0.9993186,0.99972606,0.99689937
12712,0.9992801,0.99970436,0.99662894
12713,0.99892545,0.9995364,0.99409974
12714,0.99787503,0.998566,0.9934097
12715,0.99781716,0.9984852,0.993921
12716,0.99814975,0.99902755,0.99380285
12717,0.9991502,0.9997306,0.9955724
12718,0.99874055,0.9995646,0.993147
12719,0.996841,0.9955447,0.9958577
12720,0.995254,0.9871227,0.9966729
12721,0.9963568,0.9934948,0.9959476
12722,0.9963577,0.9935269,0.99593705
12723,0.9970524,0.99650306,0.99548143
12724,0.9984291,0.9994059,0.9939679
12725,0.998091,0.9990021,0.994698
12726,0.99749273,0.9977859,0.99558944
12727,0.996641,0.9946841,0.9963128
12728,0.99614555,0.99222106,0.9965657
12729,0.9959272,0.9910861,0.99659014
12730,0.9984384,0.99944496,0.9944032
12731,0.99907666,0.9997953,0.9940073
12732,0.9990325,0.99977684,0.9938414
12733,0.99714524,0.9966923,0.9963349
12734,0.9973071,0.99721575,0.9962941
12735,0.99752915,0.99783915,0.99617076
12736,0.99722546,0.9968987,0.9964845
12737,0.9982404,0.9992123,0.99568695
12738,0.99797744,0.99880594,0.9961408
12739,0.9974561,0.9975661,0.9966723
12740,0.9974129,0.9974184,0.9967659
12741,0.9973653,0.9972508,0.99685216
12742,0.99630266,0.9925441,0.9973858
12743,0.9948959,0.98431957,0.99771845
12744,0.99656403,0.9941659,0.9969193
12745,0.9974915,0.9977389,0.9963664
12746,0.9976392,0.9981127,0.9963484
12747,0.9979165,0.9987084,0.9962159
12748,0.99923646,0.9998782,0.9941094
12749,0.99904376,0.9998279,0.9948255
12750,0.9984532,0.9994536,0.9959933
12751,0.99861366,0.99959743,0.9959464
12752,0.99778396,0.99835217,0.9968351
12753,0.99800146,0.9987941,0.99674916
12754,0.9985033,0.9994887,0.99636143
12755,0.99759835,0.9978228,0.99718666
12756,0.99841774,0.99938947,0.99659884
12757,0.99898374,0.999805,0.99593073
12758,0.9992073,0.9998793,0.99561435
12759,0.9980035,0.9987474,0.99732196
12760,0.99855816,0.99953246,0.9969237
12761,0.9977461,0.9981339,0.9976069
12762,0.9974915,0.9973703,0.9977615
12763,0.9979546,0.9986055,0.9975353
12764,0.9981001,0.9988843,0.99748784
12765,0.9980418,0.9987624,0.9975743
12766,0.99791473,0.9984785,0.9976913
12767,0.997432,0.9970556,0.99794936
12768,0.9980046,0.9986572,0.9976749
12769,0.99952024,0.9999312,0.99721885
12770,0.99927574,0.99988616,0.99616355
12771,0.9994448,0.9999175,0.996285
12772,0.9992821,0.9998973,0.99643826
12773,0.9990963,0.99985003,0.99692625
12774,0.9985555,0.9994878,0.9976316
12775,0.9985183,0.99944305,0.9977133
12776,0.9991111,0.9998569,0.99712664
12777,0.99906194,0.9998399,0.99727994
12778,0.99934417,0.99991924,0.9968559
12779,0.99915195,0.9998754,0.9973127
12780,0.9994672,0.99994063,0.9967302
12781,0.99955696,0.99995035,0.9979045
12782,0.9995122,0.9999074,0.9980169
12783,0.99919784,0.9998504,0.9970471
12784,0.9986866,0.9995617,0.99775004
12785,0.99881244,0.9996643,0.9976877
12786,0.9985392,0.9994013,0.99796057
12787,0.9982953,0.9990414,0.998146
12788,0.9985748,0.9994344,0.99800146
12789,0.9986783,0.9995412,0.9979633
12790,0.9985567,0.9994055,0.9980878
12791,0.9987081,0.9995644,0.99801445
12792,0.99871385,0.9995674,0.99804765
12793,0.9982825,0.99897426,0.99834037
12794,0.9986849,0.99953294,0.99812555
12795,0.9987924,0.99962926,0.9980788
12796,0.99871755,0.99956,0.99816966
12797,0.99876297,0.9995999,0.9981685
12798,0.99938077,0.99989855,0.99747443
12799,0.99952364,0.9999209,0.99765545
12800,0.9995227,0.99986655,0.99845475
12801,0.9993153,0.99975437,0.99709207
12802,0.9994081,0.9997817,0.9973661
12803,0.99898916,0.99964505,0.9977254
12804,0.9986815,0.99939483,0.99805033
12805,0.99872285,0.9994374,0.9980546
12806,0.9992563,0.9997626,0.9974982
12807,0.99884033,0.99949837,0.997926
12808,0.9992527,0.99972427,0.9974803
12809,0.99935794,0.9997604,0.99735874
12810,0.9994566,0.9996325,0.9988678
12811,0.9994506,0.9996332,0.9987804
12812,0.99885327,0.99937797,0.9978312
12813,0.9988876,0.99941266,0.99784386
12814,0.99937385,0.9996421,0.99768233
12815,0.99936324,0.99965495,0.9975267
12816,0.99932224,0.9996609,0.9974403
12817,0.99899006,0.99953413,0.9979489
12818,0.99886143,0.9994444,0.99810547
12819,0.9987733,0.9993646,0.99820626
12820,0.9985789,0.9991271,0.998359
12821,0.9987923,0.9993822,0.998243
12822,0.9991587,0.99963653,0.9979335
12823,0.9992914,0.9996913,0.9977995
12824,0.9989424,0.99952745,0.9982329
12825,0.99913925,0.9996473,0.99807703
12826,0.9992113,0.99968296,0.99803144
12827,0.99923015,0.99969625,0.9980477
12828,0.99946064,0.9995243,0.99931693
12829,0.9994247,0.99941164,0.9990567
12830,0.9993967,0.9992502,0.99897677
12831,0.9993353,0.99906176,0.9984926
12832,0.99914896,0.9990249,0.99746203
12833,0.999293,0.99912554,0.99796903
12834,0.9992847,0.9991591,0.99785167
12835,0.99933887,0.99921066,0.99841875
12836,0.9995504,0.9986515,0.99920094
12837,0.9992323,0.99824643,0.9979475
12838,0.9989752,0.99821955,0.996584
12839,0.99927914,0.9984876,0.9984652
12840,0.9990128,0.9972702,0.9949191
12841,0.9988782,0.9975924,0.9941854
12842,0.9985802,0.9976734,0.9951797
12843,0.99857515,0.9978523,0.9958011
12844,0.9988055,0.99823266,0.99608076
12845,0.9990897,0.99854016,0.9968086
12846,0.9987126,0.99837327,0.9968288
12847,0.99881256,0.9985432,0.99697775
12848,0.99895304,0.99871916,0.9970378
12849,0.9989769,0.99880123,0.9971891
12850,0.9990689,0.99891216,0.9972348
12851,0.99898493,0.9989191,0.99746495
12852,0.99927104,0.9990925,0.9986164
12853,0.99908566,0.99858254,0.9968418
12854,0.9989689,0.99862456,0.9963263
12855,0.9987832,0.9985858,0.9968505
12856,0.99905276,0.9988376,0.99683094
12857,0.99903077,0.9988981,0.9970851
12858,0.99891114,0.99887824,0.99738944
12859,0.9990292,0.9989728,0.99733835
12860,0.998872,0.99890023,0.9976015
12861,0.99866164,0.9987082,0.9978669
12862,0.99922544,0.9991502,0.99833786
12863,0.9990392,0.9990877,0.9977381
12864,0.99895,0.9990576,0.99790835
12865,0.9992093,0.9992203,0.99810696
12866,0.99915904,0.9992238,0.9978484
12867,0.9990481,0.9991921,0.9980302
12868,0.99893755,0.9990652,0.99801594
12869,0.99922794,0.9992434,0.9983047
12870,0.9989633,0.99912035,0.99811643
12871,0.99905217,0.9991952,0.9980991
12872,0.9989938,0.999174,0.9982021
12873,0.9990534,0.99922645,0.99820095
12874,0.9990368,0.99923,0.99826056
12875,0.99898225,0.99920416,0.99834406
12876,0.9990325,0.99924856,0.99834245
12877,0.99896836,0.99921215,0.9984251
12878,0.9988481,0.9991105,0.9985326
12879,0.9991401,0.9993328,0.99834764
12880,0.999238,0.99938864,0.99828583
12881,0.99912286,0.99911594,0.9979972
12882,0.99910325,0.99913186,0.9980845
12883,0.9990971,0.99915093,0.99815094
12884,0.99885976,0.9989758,0.99835
12885,0.9991704,0.99920446,0.99815565
12886,0.99900234,0.9991263,0.99834764
12887,0.998847,0.999001,0.9984877
12888,0.9990308,0.9991639,0.99840117
12889,0.99896336,0.9991239,0.998483
12890,0.99896544,0.99913293,0.99851215
12891,0.9990078,0.999173,0.99851227
12892,0.9990734,0.99922633,0.9984931
12893,0.9991747,0.999293,0.9984389
12894,0.9993337,0.9993398,0.99917877
12895,0.9992552,0.9990619,0.99871933
12896,0.9992661,0.99908316,0.99881
12897,0.9989223,0.9988953,0.9982847
12898,0.99884236,0.99883294,0.9983857
12899,0.9988212,0.9988197,0.9984423
12900,0.9990894,0.999056,0.9983045
12901,0.99926263,0.9991591,0.99859685
12902,0.9987566,0.9986478,0.9983308
12903,0.9987554,0.99865526,0.998383
12904,0.99918914,0.99902266,0.9981264
12905,0.9991857,0.9990522,0.99818796
12906,0.9992435,0.9991048,0.99844384
12907,0.99868196,0.99806273,0.9963577
12908,0.99877983,0.9982672,0.9967407
12909,0.99895084,0.99849415,0.9969605
12910,0.99907166,0.99864936,0.99720806
12911,0.998995,0.9984283,0.9964603
12912,0.99902683,0.9984601,0.9967802
12913,0.9986744,0.99828887,0.9965757
12914,0.99874216,0.99843204,0.99693537
12915,0.9990423,0.99872404,0.9970718
12916,0.99815744,0.9975287,0.99241173
12917,0.99850506,0.9981264,0.99398315
12918,0.9986175,0.99837685,0.9950957
12919,0.99872893,0.9985755,0.9958455
12920,0.99893904,0.9988013,0.99645543
12921,0.9988953,0.9987639,0.9960988
12922,0.99880326,0.99871933,0.9955326
12923,0.99887615,0.99884826,0.9961394
12924,0.9985586,0.99859846,0.99680793
12925,0.99782705,0.99669325,0.997377
12926,0.9987782,0.99886364,0.99740887
12927,0.99866706,0.9987523,0.9976901
12928,0.99771684,0.99604815,0.9979606
12929,0.9979894,0.9971022,0.99812
12930,0.9987286,0.9988033,0.9980587
12931,0.9979009,0.9966819,0.99840873
12932,0.9977787,0.9961112,0.9985406
12933,0.9986123,0.9986153,0.99842495
12934,0.99915946,0.9991575,0.9982128
12935,0.9983949,0.9981557,0.9984075
12936,0.998953,0.998982,0.99826646
12937,0.9990677,0.99907833,0.9982754
12938,0.99621856,0.9944644,0.98719573
12939,0.9973153,0.9966668,0.9903727
12940,0.9979645,0.99783653,0.9926764
12941,0.99806815,0.99794614,0.99429965
12942,0.99742126,0.9955284,0.99555564
12943,0.99844944,0.99850315,0.9961928
12944,0.9979536,0.9972991,0.9968626
12945,0.99848545,0.99852896,0.99715805
12946,0.9987094,0.99883205,0.99738884
12947,0.9972551,0.99352044,0.9979418
12948,0.998292,0.9980632,0.9980498
12949,0.99707377,0.99215347,0.9982658
12950,0.9973645,0.9940164,0.9984505
12951,0.99840826,0.9982843,0.99838465
12952,0.9973614,0.9939506,0.9985258
12953,0.9980808,0.9973394,0.9985134
12954,0.99898475,0.99905324,0.9982534
12955,0.99849135,0.9981686,0.993495
12956,0.99701303,0.99367476,0.993937
12957,0.9970726,0.99342054,0.9954205
12958,0.998333,0.99811995,0.99611026
12959,0.9969634,0.9921313,0.9969632
12960,0.9981338,0.9976309,0.9972743
12961,0.9985807,0.9985363,0.99740154
12962,0.9988705,0.9988781,0.99747753
12963,0.9911896,0.98497313,0.98362845
12964,0.9947003,0.9943809,0.9840825
12965,0.9915587,0.9930884,0.9826976
12966,0.9922626,0.9877024,0.983858
12967,0.9963213,0.9966442,0.986577
12968,0.99639297,0.9942217,0.9898715
12969,0.99435073,0.98762614,0.9883484
12970,0.9958132,0.9889138,0.9919885
12971,0.9978139,0.9978279,0.9942373
12972,0.9982968,0.99867016,0.9952413
12973,0.9979401,0.99781984,0.996132
12974,0.9973051,0.9949797,0.9968369
12975,0.99845153,0.99876577,0.9971159
12976,0.99826604,0.9983802,0.9974811
12977,0.99790865,0.997281,0.9978125
12978,0.99823713,0.9982161,0.9979608
12979,0.9956939,0.9867266,0.9984256
12980,0.9984579,0.99865144,0.9983016
12981,0.9982538,0.99817586,0.9984517
12982,0.9987336,0.9990385,0.99828935
12983,0.9984218,0.99852604,0.9984832
12984,0.9980059,0.9973411,0.9986554
12985,0.9975174,0.9951209,0.9988009
12986,0.99892133,0.99920213,0.99845177
12987,0.9990152,0.9992781,0.9984489
12988,0.9986487,0.99880886,0.9982137
12989,0.9985598,0.99866635,0.99834
12990,0.99557173,0.98561645,0.9988618
12991,0.9954033,0.9848877,0.9989756
12992,0.9989884,0.99921185,0.9981716
12993,0.99876136,0.99901557,0.9983745
12994,0.9988239,0.9990852,0.9983784
12995,0.9988085,0.99904954,0.9983746
12996,0.9975823,0.9955684,0.9988287
12997,0.99835145,0.9983045,0.9986221
12998,0.99875385,0.9989806,0.99846256
12999,0.99913454,0.9992969,0.9982189
13000,0.999125,0.9992676,0.9982014
13001,0.999123,0.9992704,0.99822557
13002,0.9987723,0.99899524,0.99851394
13003,0.9990346,0.99923587,0.99837106
13004,0.9980044,0.9972609,0.99885356
13005,0.9981289,0.9975655,0.9986582
13006,0.9958301,0.9847477,0.99905807
13007,0.9962649,0.9871095,0.9989567
13008,0.9983746,0.9983662,0.9983485
13009,0.99614954,0.98654383,0.99877894
13010,0.9990733,0.9991236,0.9974693
13011,0.9968899,0.9919915,0.9985325
13012,0.9981393,0.9977696,0.9980641
13013,0.99721545,0.9938373,0.9981314
13014,0.9990147,0.9982376,0.9958917
13015,0.99683297,0.9914445,0.9973623
13016,0.99811655,0.99726117,0.99700874
13017,0.9988057,0.99841875,0.99659747
13018,0.9980557,0.9972372,0.9973781
13019,0.9986524,0.9983969,0.9970536
13020,0.99838847,0.99782985,0.99686974
13021,0.998633,0.9979313,0.9958776
13022,0.99518865,0.9828197,0.9975271
13023,0.996705,0.99110645,0.99738926
13024,0.9983803,0.9979563,0.9966049
13025,0.99828887,0.9978664,0.9968486
13026,0.9985408,0.99832594,0.99676055
13027,0.9985871,0.9984313,0.9968214
13028,0.9986254,0.99796015,0.9955116
13029,0.99899083,0.9982233,0.99549955
13030,0.99901164,0.99831235,0.9956976
13031,0.9978208,0.996547,0.99629813
13032,0.99849015,0.99807537,0.9961025
13033,0.9978987,0.9968807,0.99669075
13034,0.9976644,0.99611974,0.9969146
13035,0.9979129,0.9969743,0.99697363
13036,0.9986984,0.99849623,0.9965069
13037,0.99853677,0.9981791,0.99626786
13038,0.9975707,0.99566853,0.9964549
13039,0.9962453,0.9882219,0.9972101
13040,0.9963617,0.98927623,0.9973417
13041,0.9961851,0.98835397,0.997473
13042,0.99792624,0.99726045,0.9966908
13043,0.9944465,0.98058194,0.9979594
13044,0.99700266,0.9939741,0.99701947
13045,0.9981162,0.99795467,0.99628127
13046,0.9950878,0.98228514,0.9977432
13047,0.9961718,0.9897297,0.9971454
13048,0.9967616,0.99335206,0.996751
13049,0.99884236,0.99901515,0.9944429
13050,0.998282,0.9984773,0.99556476
13051,0.99713933,0.99513274,0.9966013
13052,0.99676645,0.993373,0.9968152
13053,0.99557984,0.9863019,0.99723965
13054,0.99764055,0.9972273,0.9959196
13055,0.9970789,0.9951916,0.996426
13056,0.99940825,0.99941635,0.9981274
13057,0.9990798,0.99864715,0.99574566
13058,0.9986741,0.99831486,0.9934578
13059,0.99892336,0.9986927,0.9947155
13060,0.9991359,0.9988976,0.996321
13061,0.9987536,0.998512,0.9937788
13062,0.99698406,0.99412084,0.9957966
13063,0.99699575,0.99427277,0.9959459
13064,0.99502254,0.9826859,0.9968826
13065,0.9962715,0.99091065,0.9961454
13066,0.99774975,0.9973044,0.9948128
13067,0.996448,0.9919595,0.995912
13068,0.99618965,0.99064,0.99603564
13069,0.99674946,0.993827,0.9956341
13070,0.99607027,0.99022436,0.99605393
13071,0.9969734,0.99506974,0.9953896
13072,0.99735904,0.9965894,0.99516636
13073,0.997101,0.9956782,0.9955282
13074,0.9962867,0.99174297,0.99610853
13075,0.9960263,0.99036974,0.9961658
13076,0.9974105,0.99697006,0.9951206
13077,0.99612737,0.9911059,0.99613297
13078,0.99560845,0.9881668,0.9962795
13079,0.99567837,0.9888206,0.9960575
13080,0.9982278,0.998887,0.9934594
13081,0.99768686,0.9978941,0.9944796
13082,0.9976501,0.9978245,0.9947808
13083,0.99780846,0.99815834,0.9946792
13084,0.99858534,0.9993111,0.9937703
13085,0.997374,0.9969897,0.99556625
13086,0.9962554,0.9919441,0.99638593
13087,0.9976947,0.9979517,0.9953181
13088,0.9975553,0.9975845,0.9956238
13089,0.9978365,0.9982902,0.9955017
13090,0.9984564,0.9992821,0.99491656
13091,0.9974008,0.9970857,0.99620986
13092,0.99863297,0.99945724,0.9949453
13093,0.9984488,0.99926925,0.9953405
13094,0.9982684,0.99902254,0.9956501
13095,0.9977573,0.99803203,0.99632406
13096,0.9983808,0.9991848,0.99581337
13097,0.9969819,0.9952801,0.99704206
13098,0.99691427,0.9949768,0.9970674
13099,0.9973409,0.99675006,0.99682546
13100,0.9984737,0.9993045,0.9958487
13101,0.9969461,0.9950773,0.9971679
13102,0.99878436,0.9995853,0.99553806
13103,0.99924684,0.9997517,0.9948088
13104,0.998774,0.9995637,0.9957555
13105,0.99938285,0.9997999,0.9963769
13106,0.9992997,0.99979365,0.9954051
13107,0.99915093,0.9997759,0.99552906
13108,0.9993429,0.9998326,0.9958232
13109,0.9987726,0.9996188,0.9965834
13110,0.9985774,0.99945647,0.99693125
13111,0.9972341,0.99611974,0.997849
13112,0.9971194,0.995617,0.99787635
13113,0.9977074,0.99779713,0.9975943
13114,0.99925023,0.9998333,0.9959033
13115,0.9992958,0.9998528,0.99595904
13116,0.9984746,0.9992721,0.99699736
13117,0.9991953,0.9997574,0.9959566
13118,0.99927324,0.9997265,0.99579805
13119,0.99928254,0.9997498,0.9958586
13120,0.9994109,0.9996181,0.9981636
13121,0.9990275,0.9993461,0.9956812
13122,0.9966414,0.9923777,0.99772507
13123,0.99761164,0.9969881,0.9972036
13124,0.9974375,0.99636066,0.9973258
13125,0.99898094,0.9993901,0.99582726
13126,0.9967902,0.99331826,0.9977246
13127,0.9971693,0.99529773,0.99750465
13128,0.99710125,0.99499977,0.99751186
13129,0.99820215,0.9986069,0.9968114
13130,0.99885094,0.9993957,0.99614584
13131,0.99892426,0.9994264,0.9960857
13132,0.9993935,0.99956816,0.9978601
13133,0.9987325,0.99923456,0.99640423
13134,0.9976712,0.9971749,0.9974259
13135,0.9977304,0.9973648,0.9974133
13136,0.9980586,0.9982526,0.99723226
13137,0.9987604,0.99930584,0.9966205
13138,0.998057,0.9982626,0.9973786
13139,0.99777496,0.99749815,0.997591
13140,0.99744684,0.9963208,0.99776953
13141,0.998075,0.99830395,0.99742275
13142,0.998054,0.9982531,0.99747956
13143,0.9984505,0.99899787,0.9972246
13144,0.998148,0.9984634,0.99752
13145,0.99776006,0.99741846,0.9977817
13146,0.99755424,0.99668324,0.9978881
13147,0.99775076,0.99738044,0.99779236
13148,0.9989907,0.9995243,0.9967444
13149,0.9972803,0.995499,0.99806976
13150,0.9985517,0.9991594,0.99732065
13151,0.9980499,0.9982407,0.99774253
13152,0.9978835,0.99778247,0.9978593
13153,0.99908394,0.99959993,0.9967957
13154,0.99931794,0.99969244,0.99642843
13155,0.999544,0.999744,0.9988797
13156,0.9995037,0.99963087,0.9986568
13157,0.99939394,0.9996164,0.99710643
13158,0.9993276,0.9996014,0.9963583
13159,0.9994535,0.9996528,0.9979479
13160,0.99852014,0.9990667,0.9976506
13161,0.99924266,0.99962884,0.9968095
13162,0.9990628,0.9995734,0.9972044
13163,0.99906296,0.99958694,0.9972831
13164,0.99875796,0.99938154,0.9976976
13165,0.9992176,0.999668,0.99717796
13166,0.998577,0.9991687,0.9979175
13167,0.9987683,0.9993875,0.9978029
13168,0.9992102,0.9996667,0.9973262
13169,0.9993586,0.9997195,0.99712354
13170,0.99931675,0.99972427,0.9972927
13171,0.9991588,0.9996226,0.9974841
13172,0.99950397,0.99971884,0.99874455
13173,0.99946153,0.99945897,0.99890405
13174,0.99908847,0.9993238,0.99726844
13175,0.99915195,0.99938077,0.99724543
13176,0.9987863,0.9991606,0.9977498
13177,0.99905294,0.99937415,0.9975099
13178,0.9990302,0.99938107,0.9975976
13179,0.99928796,0.99950826,0.99727243
13180,0.9993511,0.99954927,0.99732274
13181,0.99908376,0.9994753,0.99771655
13182,0.9992116,0.99954545,0.9975976
13183,0.9991336,0.999526,0.99775606
13184,0.99871826,0.9991948,0.9981682
13185,0.9990409,0.99947476,0.9979188
13186,0.99885064,0.9993422,0.99813396
13187,0.99944156,0.9996329,0.9983487
13188,0.99907047,0.999462,0.9979258
13189,0.998896,0.99935126,0.99813163
13190,0.99931073,0.9995787,0.9976859
13191,0.99933153,0.9996007,0.99770516
13192,0.9990091,0.9994722,0.9981509
13193,0.9992242,0.9995888,0.99795073
13194,0.9993202,0.99963075,0.99785817
13195,0.99908143,0.99954385,0.99819064
13196,0.9990061,0.9995026,0.9982895
13197,0.9991673,0.99959755,0.9981632
13198,0.9990653,0.9995423,0.9982847
13199,0.99927634,0.9996435,0.9980861
13200,0.99921143,0.99962825,0.99819976
13201,0.99926394,0.9996546,0.9981706
13202,0.9991388,0.9996003,0.9983255
13203,0.9990168,0.999532,0.9984564
13204,0.99928606,0.99966824,0.9982182
13205,0.99943954,0.99971306,0.9981055
13206,0.99928176,0.9996518,0.99824256
13207,0.99934995,0.9996794,0.9981861
13208,0.9993436,0.9996657,0.99819803
13209,0.9990131,0.99931693,0.99836004
13210,0.99911827,0.9993912,0.99829024
13211,0.99889374,0.9992341,0.99849427
13212,0.9988082,0.9991478,0.99856555
13213,0.99915916,0.99942863,0.99831283
13214,0.9993928,0.99952304,0.9981248
13215,0.9990707,0.9994033,0.99844605
13216,0.9988804,0.9992541,0.9986017
13217,0.999005,0.9993645,0.9985328
13218,0.99916184,0.99946755,0.99842215
13219,0.99935734,0.9995509,0.9982271
13220,0.9994774,0.9995848,0.999156
13221,0.99947184,0.9994232,0.99947125
13222,0.9994363,0.9991534,0.99941057
13223,0.99903363,0.99835664,0.9978725
13224,0.99896294,0.9983669,0.99798316
13225,0.9992425,0.99858934,0.9977313
13226,0.99900377,0.9984889,0.998003
13227,0.9991463,0.99862677,0.9978917
13228,0.9991873,0.998706,0.9978863
13229,0.9992582,0.9987929,0.9978373
13230,0.9991206,0.99866444,0.99795383
13231,0.99924535,0.99861705,0.99786204
13232,0.99932647,0.99866873,0.9987353
13233,0.9991334,0.99816304,0.997372
13234,0.9992547,0.99833256,0.99820757
13235,0.9990551,0.9983079,0.99763376
13236,0.9991514,0.99844646,0.9976056
13237,0.9990439,0.99846536,0.99779856
13238,0.9992197,0.9986231,0.9977503
13239,0.9995164,0.9986355,0.9992693
13240,0.99943465,0.99718356,0.99665165
13241,0.99923235,0.9975023,0.99693817
13242,0.9990127,0.9976156,0.99585426
13243,0.99781156,0.99536306,0.9903129
13244,0.99835134,0.99687773,0.99259645
13245,0.998798,0.9977186,0.993879
13246,0.9990027,0.99814385,0.9959467
13247,0.9986291,0.9977195,0.9928146
13248,0.99855113,0.99795973,0.9944229
13249,0.99859124,0.9981703,0.9953881
13250,0.9988434,0.99851525,0.9958902
13251,0.999072,0.99875057,0.99714845
13252,0.9993123,0.9985751,0.99640745
13253,0.9987671,0.99839616,0.99410814
13254,0.99858975,0.9984277,0.9948829
13255,0.99863213,0.9985009,0.99434894
13256,0.9986499,0.9986284,0.9953562
13257,0.998849,0.9988573,0.9959281
13258,0.99861836,0.9987047,0.9963477
13259,0.9989315,0.9990033,0.9965996
13260,0.99899316,0.99908406,0.9969491
13261,0.99886024,0.99903274,0.9972472
13262,0.99887335,0.99906653,0.9974797
13263,0.99836415,0.99843913,0.99549764
13264,0.9985449,0.9986952,0.99612796
13265,0.99837536,0.99845064,0.996721
13266,0.99827564,0.9982318,0.9971505
13267,0.99890286,0.9990698,0.99710834
13268,0.99858105,0.99876094,0.9975425
13269,0.9987636,0.9989818,0.997647
13270,0.998897,0.99904984,0.9969819
13271,0.998726,0.9989017,0.99658793
13272,0.9990584,0.9991208,0.9973286
13273,0.9965694,0.9978188,0.9858307
13274,0.99724436,0.9982985,0.9876243
13275,0.9978036,0.9986414,0.9905522
13276,0.99822396,0.99894077,0.992695
13277,0.9978964,0.99853384,0.9935154
13278,0.9982447,0.9989009,0.99477315
13279,0.9985846,0.9992017,0.99552774
13280,0.99778366,0.99844223,0.99364424
13281,0.9976526,0.997707,0.99498355
13282,0.99852896,0.9991952,0.99575263
13283,0.9984516,0.9991344,0.99581933
13284,0.9983912,0.99900484,0.99647075
13285,0.99859834,0.99920833,0.9968991
13286,0.9966076,0.998097,0.9892854
13287,0.99176174,0.9977563,0.98386645
13288,0.9944583,0.99759024,0.98606485
13289,0.9957524,0.9969297,0.98890257
13290,0.99691105,0.99808073,0.9915613
13291,0.9959211,0.9914468,0.99360126
13292,0.9968922,0.99422956,0.9954339
13293,0.9969057,0.9930224,0.99649554
13294,0.99769336,0.99691266,0.9972357
13295,0.99828434,0.9986514,0.9975875
13296,0.99869573,0.9992552,0.9977853
13297,0.99740434,0.9988577,0.9912018
13298,0.99774426,0.9989747,0.9929407
13299,0.9973909,0.9976586,0.9944568
13300,0.9972222,0.9960143,0.9956073
13301,0.9980146,0.99846655,0.9964443
13302,0.99805987,0.9983646,0.99697345
13303,0.99822587,0.99861133,0.9973698
13304,0.9986197,0.9992052,0.99760574
13305,0.9966042,0.9950841,0.9932571
13306,0.9967933,0.994244,0.9948048
13307,0.99788,0.998244,0.9959922
13308,0.9974953,0.9963187,0.9966861
13309,0.9982637,0.9986894,0.99720025
13310,0.9981308,0.9982206,0.99756396
13311,0.99849635,0.9989404,0.9978141
13312,0.9981312,0.99795413,0.9980664
13313,0.9977651,0.99621445,0.99830276
13314,0.998076,0.9974707,0.99849284
13315,0.99847955,0.9986349,0.99859
13316,0.99822176,0.9978317,0.99872154
13317,0.9967419,0.9900787,0.99890673
13318,0.99786806,0.9960814,0.9990425
13319,0.99900675,0.99931306,0.99896884
13320,0.9987449,0.99904025,0.99757063
13321,0.99819136,0.99793303,0.9978561
13322,0.9988123,0.999073,0.99798894
13323,0.99801123,0.9976323,0.99699557
13324,0.99677867,0.99052167,0.9974132
13325,0.99837095,0.99833304,0.9978737
13326,0.9975562,0.9947799,0.9981773
13327,0.9982783,0.9979303,0.9983626
13328,0.9986004,0.99865556,0.9984554
13329,0.9985496,0.99855196,0.99827963
13330,0.99781585,0.9971,0.9959126
13331,0.9980879,0.99773484,0.9966076
13332,0.99622387,0.98890185,0.99726343
13333,0.9984459,0.9983503,0.99768645
13334,0.9982698,0.9978714,0.9979587
13335,0.99678844,0.9896246,0.99790496
13336,0.9977672,0.99579227,0.9982661
13337,0.9986196,0.998565,0.9983226
13338,0.9978004,0.9957919,0.9985681
13339,0.9986268,0.99853927,0.9985679
13340,0.99667734,0.988515,0.9988764
13341,0.9972928,0.99260706,0.9989855
13342,0.99864256,0.9985802,0.99884933
13343,0.9987566,0.9987558,0.99885595
13344,0.99897826,0.99901336,0.9988125
13345,0.9983708,0.99791557,0.99898726
13346,0.99895513,0.998967,0.9988517
13347,0.9977851,0.99555475,0.99864113
13348,0.99890566,0.9987402,0.9984693
13349,0.9986241,0.9980513,0.9959288
13350,0.996597,0.99628794,0.9858782
13351,0.99676925,0.99653643,0.9876292
13352,0.99520457,0.98770916,0.99092907
13353,0.9975239,0.9964283,0.99374044
13354,0.99777704,0.9970533,0.99472487
13355,0.99488825,0.9910873,0.9866526
13356,0.9967866,0.9960192,0.9900497
13357,0.99621946,0.9902873,0.9927222
13358,0.9979739,0.99795747,0.994696
13359,0.99802727,0.99827975,0.99365634
13360,0.99814945,0.9983941,0.9947532
13361,0.9982811,0.9985298,0.99569005
13362,0.9958113,0.9881093,0.99665135
13363,0.9957687,0.98753065,0.99755514
13364,0.99719465,0.99330825,0.9980297
13365,0.9978422,0.9966974,0.9982132
13366,0.9989017,0.999131,0.99807346
13367,0.9956987,0.9867129,0.9982013
13368,0.9951786,0.98540455,0.99858147
13369,0.9978043,0.99653304,0.99851394
13370,0.9962392,0.9866956,0.99880224
13371,0.9983187,0.9982482,0.99849373
13372,0.9976766,0.9960289,0.9987103
13373,0.9989159,0.9991405,0.99827707
13374,0.9974875,0.9950738,0.9988177
13375,0.9961707,0.9862499,0.99901396
13376,0.99707377,0.99295473,0.9988489
13377,0.9987404,0.99901927,0.99826705
13378,0.99762124,0.99597275,0.9987357
13379,0.9974741,0.995276,0.99876195
13380,0.9961794,0.98692656,0.9989684
13381,0.9983321,0.99841803,0.99831825
13382,0.9976043,0.99584764,0.99828386
13383,0.99814165,0.99772227,0.9980897
13384,0.99785614,0.99673915,0.9980599
13385,0.9986009,0.9984373,0.99756104
13386,0.99732774,0.9943809,0.99821854
13387,0.9984091,0.9981809,0.99776673
13388,0.9958749,0.98488325,0.9985824
13389,0.9956711,0.98401195,0.9985154
13390,0.9981761,0.9979511,0.99752176
13391,0.99796146,0.9974078,0.9976847
13392,0.99564445,0.98436224,0.9984227
13393,0.9967117,0.99192065,0.9979755
13394,0.99759007,0.99641573,0.9975355
13395,0.99722296,0.9948549,0.99770683
13396,0.99677163,0.99247676,0.99784255
13397,0.99674016,0.9924045,0.9977715
13398,0.9981333,0.99814636,0.99695
13399,0.99679106,0.9928032,0.9977205
13400,0.99806476,0.9980468,0.9969694
13401,0.9977005,0.99704087,0.9972737
13402,0.9986435,0.9989924,0.99646276
13403,0.99892616,0.9988812,0.9956885
13404,0.9965939,0.991345,0.99763894
13405,0.99778897,0.99709344,0.9969443
13406,0.99929625,0.99917483,0.9970032
13407,0.9980838,0.9973875,0.99632907
13408,0.99705875,0.99364835,0.99706995
13409,0.99855757,0.99831104,0.9958356
13410,0.9974457,0.99560964,0.9969591
13411,0.9987731,0.99867797,0.99569315
13412,0.9990076,0.9987619,0.99524033
13413,0.9962913,0.98938423,0.9976031
13414,0.99684614,0.99297994,0.9972476
13415,0.9987646,0.9988317,0.9955622
13416,0.999017,0.9990481,0.9952337
13417,0.9991744,0.9991459,0.9959687
13418,0.99889255,0.99898297,0.9956681
13419,0.9989805,0.99885696,0.99534863
13420,0.998518,0.9985444,0.9962621
13421,0.99776256,0.9968865,0.99694157
13422,0.9961606,0.98863965,0.9976904
13423,0.9950757,0.9819615,0.9978305
13424,0.9980452,0.99793917,0.99611294
13425,0.9962024,0.9897286,0.99728566
13426,0.99785185,0.99759734,0.99620795
13427,0.99713904,0.99507993,0.996776
13428,0.9982712,0.9985193,0.9958693
13429,0.9987033,0.99899375,0.9952932
13430,0.997466,0.9963722,0.99669594
13431,0.9976368,0.9969073,0.9965275
13432,0.9987718,0.9989181,0.99513346
13433,0.99888265,0.99904215,0.9951014
13434,0.9983328,0.99852693,0.99611616
13435,0.9981834,0.9979401,0.9959639
13436,0.99811924,0.99785614,0.99613893
13437,0.99819934,0.99786067,0.995939
13438,0.9966391,0.99177194,0.99704975
13439,0.9969195,0.99344164,0.9968155
13440,0.9975666,0.9961905,0.9962343
13441,0.9967959,0.9923596,0.99627346
13442,0.99762255,0.9961116,0.99570954
13443,0.9976242,0.995315,0.99431574
13444,0.99750865,0.9947783,0.9937307
13445,0.9981372,0.99658835,0.9932322
13446,0.99689686,0.99247324,0.99414945
13447,0.9969372,0.99281496,0.99409896
13448,0.99837095,0.9974243,0.99332315
13449,0.99831986,0.99743944,0.99341196
13450,0.9987956,0.9979466,0.9936445
13451,0.9986556,0.99767226,0.99213934
13452,0.99902934,0.9977942,0.99397403
13453,0.997355,0.9954357,0.9813881
13454,0.99532,0.9865653,0.98669976
13455,0.9961101,0.99050593,0.990726
13456,0.99590456,0.9889728,0.9933068
13457,0.99891144,0.99895084,0.99447584
13458,0.9969506,0.9947921,0.9939427
13459,0.99721575,0.9959703,0.99263746
13460,0.9976923,0.99744165,0.99344456
13461,0.99676406,0.99402297,0.9938916
13462,0.99841315,0.9987665,0.99354714
13463,0.9978579,0.9979168,0.99462336
13464,0.9982308,0.9986315,0.99498194
13465,0.99893147,0.9993135,0.9954996
13466,0.9982924,0.99878234,0.9957532
13467,0.998937,0.9993763,0.9956797
13468,0.9985982,0.9991575,0.9956736
13469,0.9971118,0.99534965,0.99692845
13470,0.9958457,0.98807406,0.99722993
13471,0.99634814,0.9914052,0.99720407
13472,0.9972648,0.99610955,0.9969258
13473,0.9975356,0.99707913,0.99689794
13474,0.9962101,0.9906049,0.9967549
13475,0.99638623,0.99175173,0.99685276
13476,0.9947399,0.9819156,0.9973996
13477,0.99569637,0.98807424,0.9970087
13478,0.99598277,0.9900618,0.9968055
13479,0.99840033,0.9990631,0.99492407
13480,0.99706376,0.9957434,0.9964167
13481,0.9982566,0.99893016,0.9954716
13482,0.9974746,0.9971923,0.9963079
13483,0.99752617,0.9973472,0.99636984
13484,0.996892,0.99492913,0.9968373
13485,0.99864656,0.99937266,0.99527776
13486,0.9979056,0.9983453,0.99636775
13487,0.9967315,0.99412477,0.9971754
13488,0.99742174,0.9970319,0.9967807
13489,0.99726367,0.9964635,0.9969234
13490,0.9986406,0.9994207,0.995718
13491,0.9991075,0.99969035,0.995359
13492,0.9993137,0.9997618,0.99729705
13493,0.9992705,0.99976504,0.99681056
13494,0.9992558,0.99974924,0.99679416
13495,0.9986424,0.99945176,0.99633443
13496,0.998489,0.9993097,0.9966496
13497,0.99821794,0.9989242,0.9969417
13498,0.9968431,0.9943858,0.9977632
13499,0.99841064,0.99920493,0.9967946
13500,0.9977702,0.9979641,0.9973723
13501,0.99885637,0.9996112,0.99641585
13502,0.9992341,0.9997725,0.9963148
13503,0.99796563,0.99843514,0.99750024
13504,0.99787635,0.99821126,0.9975947
13505,0.9979011,0.998258,0.9976067
13506,0.99921185,0.9997789,0.9962022
13507,0.9985774,0.99941033,0.99726295
13508,0.9990546,0.9997342,0.9967082
13509,0.9984509,0.9992582,0.99750406
13510,0.9976916,0.9976176,0.9980009
13511,0.99822253,0.9988987,0.9977326
13512,0.99774665,0.99775535,0.99802184
13513,0.9981291,0.99870473,0.99784064
13514,0.99857676,0.9993907,0.99756557
13515,0.9987505,0.9995567,0.9974662
13516,0.9979441,0.99825275,0.9980707
13517,0.9986985,0.99950933,0.9976014
13518,0.99940574,0.9998146,0.9977929
13519,0.99943185,0.9997394,0.9986528
13520,0.99920017,0.99939567,0.99702203
13521,0.99860895,0.99904203,0.99700123
13522,0.99885476,0.9992297,0.9967098
13523,0.9988397,0.9992507,0.99685055
13524,0.99931014,0.9994873,0.9981022
13525,0.9993224,0.9993659,0.9985067
13526,0.9981051,0.9981121,0.9974493
13527,0.99805874,0.9980063,0.997534
13528,0.9979172,0.99763703,0.99766314
13529,0.9991551,0.9993631,0.99666506
13530,0.9987081,0.99911904,0.99721587
13531,0.9983477,0.9986553,0.99759996
13532,0.99920917,0.9994538,0.99703103
13533,0.9982618,0.9985252,0.9977844
13534,0.99852,0.9989551,0.99764436
13535,0.99851936,0.99896,0.99769586
13536,0.9984241,0.99882156,0.9978116
13537,0.9987789,0.9992642,0.9975664
13538,0.9987104,0.999209,0.9976877
13539,0.99846643,0.9989034,0.9979231
13540,0.9985172,0.9989796,0.9979241
13541,0.9991739,0.99953705,0.9972868
13542,0.99891794,0.9994211,0.9976886
13543,0.9990289,0.99950075,0.9976199
13544,0.99902856,0.99951017,0.9976747
13545,0.9991776,0.9995903,0.99753845
13546,0.9993232,0.9994236,0.99830604
13547,0.99843633,0.99862736,0.9979231
13548,0.998808,0.99910635,0.9976733
13549,0.99875253,0.99906975,0.99777806
13550,0.9986576,0.9989767,0.9979026
13551,0.9989568,0.9992654,0.99767685
13552,0.99914044,0.9993851,0.99751025
13553,0.99872696,0.9991039,0.9979958
13554,0.9991949,0.99943995,0.9975432
13555,0.99918854,0.99945986,0.99761575
13556,0.9987518,0.99910295,0.998026
13557,0.9992734,0.99944407,0.99770504
13558,0.9988889,0.99926096,0.99800014
13559,0.9991776,0.99944425,0.99773073
13560,0.99939585,0.99951357,0.9990534
13561,0.9992888,0.999028,0.9985772
13562,0.9992891,0.9990222,0.99859035
13563,0.9989935,0.99824196,0.9956536
13564,0.9990607,0.99832886,0.99625075
13565,0.9990162,0.9984005,0.99594223
13566,0.9989457,0.9985137,0.9957005
13567,0.9987057,0.9981447,0.99404395
13568,0.99885225,0.99843323,0.99468887
13569,0.998817,0.99857783,0.9955282
13570,0.9990501,0.99881583,0.99663603
13571,0.99878097,0.9983879,0.9935902
13572,0.9980427,0.9977124,0.9919563
13573,0.9988563,0.99866563,0.99459517
13574,0.99792725,0.99799556,0.988239
13575,0.99813354,0.9983571,0.9912518
13576,0.9984485,0.998751,0.9930511
13577,0.99184406,0.99699986,0.9823588
13578,0.970642,0.99007416,0.98102164
13579,0.9795282,0.98537624,0.98127705
13580,0.98897153,0.9850331,0.98178357
13581,0.994718,0.99007994,0.98297334
13582,0.9967728,0.9936337,0.9858365
13583,0.9980897,0.99610376,0.98961735
13584,0.9980299,0.9966349,0.989731
13585,0.995431,0.9951831,0.9843265
13586,0.9970361,0.9967214,0.9872529
13587,0.99768907,0.9974888,0.99032503
13588,0.9980509,0.99802226,0.9915807
13589,0.996397,0.997062,0.987205
13590,0.9972381,0.99760646,0.9901705
13591,0.9975516,0.99764264,0.99256253
13592,0.9974417,0.9966262,0.99429387
13593,0.99796844,0.9979119,0.9954645
13594,0.99814636,0.99816597,0.9962419
13595,0.9985182,0.9987584,0.99674815
13596,0.99825996,0.99834263,0.99662614
13597,0.99848163,0.99869365,0.9969055
13598,0.99859315,0.99883485,0.99701595
13599,0.9985487,0.99882203,0.9963457
13600,0.99731034,0.9979759,0.99101454
13601,0.9942411,0.99729985,0.98525757
13602,0.9959855,0.9976705,0.98794216
13603,0.9967974,0.9979258,0.99031687
13604,0.99739933,0.9982162,0.992593
13605,0.9976043,0.9986868,0.99223626
13606,0.99454606,0.9980877,0.98609257
13607,0.9954434,0.9981893,0.98779505
13608,0.9963442,0.9977976,0.99052036
13609,0.9972446,0.9984966,0.99273235
13610,0.997285,0.9976783,0.99432033
13611,0.99790055,0.9986796,0.9954535
13612,0.99806505,0.9987308,0.9962035
13613,0.99811727,0.9989167,0.9956898
13614,0.9978945,0.9986106,0.99568367
13615,0.9973368,0.99601084,0.9963335
13616,0.99777156,0.9973767,0.99702317
13617,0.998215,0.9985148,0.9974552
13618,0.9979462,0.9974158,0.99778634
13619,0.9981533,0.9979577,0.99806535
13620,0.99842364,0.9985978,0.99826354
13621,0.9983555,0.9983248,0.99843216
13622,0.9985162,0.9986501,0.9985644
13623,0.99866724,0.9988992,0.9986669
13624,0.99964243,0.9993948,0.99862045
13625,0.9918747,0.997792,0.9847677
13626,0.9943297,0.9978381,0.9863242
13627,0.9956373,0.99786097,0.9890054
13628,0.99631065,0.99741226,0.9914384
13629,0.9969094,0.99741274,0.9933914
13630,0.9976077,0.99832964,0.994835
13631,0.99686736,0.99817455,0.99204576
13632,0.99776125,0.9985656,0.9934408
13633,0.9974546,0.9982132,0.9947821
13634,0.99659014,0.9975269,0.9927431
13635,0.9973153,0.99820626,0.99437666
13636,0.99659324,0.9982424,0.9912518
13637,0.9861969,0.99607956,0.983978
13638,0.99088246,0.9943109,0.98591995
13639,0.99433994,0.9960798,0.988834
13640,0.99643046,0.9974902,0.9915573
13641,0.9923129,0.99672216,0.9863153
13642,0.99414134,0.9954561,0.98905826
13643,0.9953988,0.994319,0.9918336
13644,0.9974764,0.9977436,0.994032
13645,0.991897,0.99640965,0.98620147
13646,0.9914148,0.99562705,0.98645395
13647,0.99459755,0.99628425,0.9892719
13648,0.9955071,0.9949181,0.9919077
13649,0.996104,0.9937277,0.99405354
13650,0.9967514,0.99391395,0.99563545
13651,0.99775,0.99681634,0.9966818
13652,0.99725586,0.9937106,0.99727076
13653,0.99774444,0.99490464,0.9978526
13654,0.99732685,0.9927843,0.9982463
13655,0.99788237,0.9943205,0.9986003
13656,0.99825937,0.9963403,0.99882424
13657,0.9986915,0.9978662,0.99889684
13658,0.9980323,0.9970092,0.9966108
13659,0.99751115,0.9936781,0.99721295
13660,0.99752176,0.9930322,0.9977934
13661,0.9982691,0.9967087,0.9982284
13662,0.9984584,0.9972264,0.9984543
13663,0.99894035,0.9978015,0.99830836
13664,0.99698365,0.99209976,0.9960037
13665,0.99784994,0.9956055,0.99701834
13666,0.9978817,0.9952166,0.9975677
13667,0.9979703,0.9952656,0.9979938
13668,0.9983416,0.997019,0.99763083
13669,0.9862136,0.9839946,0.98425394
13670,0.992834,0.9868405,0.9872687
13671,0.99590385,0.9905906,0.9909498
13672,0.99703306,0.99347174,0.9937357
13673,0.99772257,0.99554574,0.99538136
13674,0.99790233,0.995754,0.9963746
13675,0.99775624,0.9945302,0.9970862
13676,0.99815834,0.9961712,0.9976349
13677,0.9975602,0.9922058,0.99802774
13678,0.9986402,0.9974766,0.99836093
13679,0.99889225,0.99789906,0.9984318
13680,0.99872357,0.99757105,0.99785167
13681,0.9973665,0.99076813,0.99818707
13682,0.9972904,0.9902769,0.99858147
13683,0.99886113,0.99791795,0.9987504
13684,0.9986315,0.9973072,0.99730486
13685,0.99798775,0.9952109,0.9977489
13686,0.9988272,0.9976884,0.9980049
13687,0.99771804,0.99592257,0.9925155
13688,0.9958591,0.988862,0.99145365
13689,0.9981063,0.996849,0.99405813
13690,0.992784,0.98578215,0.98709637
13691,0.9960556,0.98991793,0.9909839
13692,0.9963138,0.9894299,0.99383146
13693,0.99841917,0.9976796,0.9955443
13694,0.99777377,0.9958417,0.99611187
13695,0.9976796,0.99500734,0.99686855
13696,0.9968913,0.99494827,0.99121183
13697,0.9957797,0.9884716,0.9936255
13698,0.997999,0.99702275,0.9955231
13699,0.99855816,0.99809134,0.99626243
13700,0.9959004,0.9963461,0.9866319
13701,0.96741086,0.9814043,0.9819081
13702,0.9669133,0.942701,0.9818604
13703,0.9771595,0.944721,0.9816659
13704,0.9915854,0.95831525,0.9822794
13705,0.9951075,0.97433287,0.9856274
13706,0.9951385,0.97874177,0.99077916
13707,0.9975145,0.9918255,0.99358326
13708,0.9970396,0.9897719,0.9868211
13709,0.99454075,0.9798372,0.9839131
13710,0.99616283,0.98775953,0.9882323
13711,0.9966949,0.99084777,0.99183124
13712,0.998538,0.99732816,0.992881
13713,0.99877495,0.9978701,0.9936276
13714,0.9978211,0.99646604,0.9953104
13715,0.9980477,0.99717134,0.99583536
13716,0.9991016,0.99858236,0.9966849
13717,0.99861443,0.9981651,0.9951954
13718,0.9970753,0.99363196,0.9944759
13719,0.99648774,0.9900785,0.9957302
13720,0.9960917,0.9874679,0.99656683
13721,0.9961838,0.9883269,0.9970047
13722,0.9987908,0.9986833,0.9957178
13723,0.99899334,0.9989092,0.99584234
13724,0.998704,0.99879795,0.9964189
13725,0.9986253,0.9987744,0.9967065
13726,0.9989321,0.9990732,0.9964991
13727,0.99906677,0.9991972,0.99646544
13728,0.99650806,0.9906955,0.9981114
13729,0.99650043,0.9908151,0.9980755
13730,0.9951429,0.98214066,0.998304
13731,0.9984598,0.9988299,0.9967165
13732,0.99791294,0.9977439,0.9971847
13733,0.9974325,0.9961577,0.9975055
13734,0.998319,0.99862164,0.99695235
13735,0.9989992,0.9993282,0.9962098
13736,0.996533,0.9915172,0.99801147
13737,0.9974895,0.99647516,0.99755865
13738,0.99867445,0.9991601,0.99667567
13739,0.9993559,0.9995288,0.9981698
13740,0.9986245,0.9985342,0.99563926
13741,0.9961714,0.9888578,0.99736553
13742,0.99895686,0.99893826,0.99528867
13743,0.99881625,0.99891526,0.99567753
13744,0.99904114,0.9985849,0.9958053
13745,0.9987425,0.99768287,0.9910191
13746,0.9970784,0.9960145,0.98211354
13747,0.99602824,0.9911314,0.9875594
13748,0.99438107,0.9834034,0.99104786
13749,0.9981055,0.9981726,0.99242634
13750,0.9963926,0.9915377,0.9948174
13751,0.99640703,0.9915363,0.99573094
13752,0.9979447,0.9979875,0.9955366
13753,0.9984899,0.9988959,0.9954452
13754,0.99531543,0.98441654,0.9971556
13755,0.99895024,0.99932307,0.9956392
13756,0.99768054,0.99742824,0.9966956
13757,0.99680597,0.99381095,0.9972602
13758,0.996566,0.9925337,0.9973954
13759,0.9988546,0.9993647,0.9956908
13760,0.9990225,0.99946296,0.9960212
13761,0.9990077,0.99949265,0.9958908
13762,0.9986899,0.99926007,0.9961747
13763,0.9957254,0.9872152,0.9975016
13764,0.99552375,0.9862127,0.99754524
13765,0.99590653,0.988966,0.99734926
13766,0.9975603,0.9972773,0.9964965
13767,0.99777716,0.99788094,0.9964484
13768,0.99641424,0.992131,0.9972723
13769,0.99810964,0.9986239,0.9961903
13770,0.9980462,0.9985019,0.9963529
13771,0.99863666,0.9990686,0.9949157
13772,0.9991852,0.99938136,0.9972808
13773,0.99904364,0.99899197,0.9956328
13774,0.9987065,0.99885947,0.99325055
13775,0.9979819,0.99806905,0.9945271
13776,0.99902403,0.99902207,0.99522203
13777,0.9987381,0.9989905,0.9934601
13778,0.99823606,0.9985975,0.99453014
13779,0.998664,0.99908197,0.9942402
13780,0.9986837,0.9991165,0.99414915
13781,0.9984337,0.9989341,0.99475074
13782,0.9984083,0.9988749,0.9925947
13783,0.9971959,0.9969604,0.9891859
13784,0.99813,0.99874276,0.99098647
13785,0.9971805,0.99658537,0.9922531
13786,0.99540305,0.986064,0.99450874
13787,0.9973982,0.99689084,0.99530315
13788,0.99675524,0.9939448,0.99619967
13789,0.99683946,0.9942875,0.9966216
13790,0.9986481,0.9993088,0.99572104
13791,0.99440706,0.98307455,0.9975846
13792,0.9950155,0.9834514,0.99764407
13793,0.9961107,0.99050206,0.99739075
13794,0.99510026,0.9843886,0.997648
13795,0.99535596,0.98635316,0.997445
13796,0.9957057,0.9888036,0.9971819
13797,0.99645007,0.9932291,0.9967575
13798,0.99739045,0.9972041,0.9961957
13799,0.99721855,0.99661934,0.99641246
13800,0.9983858,0.9992367,0.99542785
13801,0.9990044,0.99968016,0.99511445
13802,0.99876153,0.9995819,0.99531764
13803,0.9986341,0.99950975,0.9957641
13804,0.9980973,0.9988716,0.9965422
13805,0.9960533,0.9907226,0.99767196
13806,0.9976361,0.9978817,0.9967848
13807,0.9980733,0.99882627,0.9965089
13808,0.99594563,0.99007016,0.9976697
13809,0.99602944,0.9907255,0.99751055
13810,0.99676937,0.9947753,0.9971029
13811,0.99870586,0.99955124,0.995211
13812,0.9980235,0.9987515,0.9962909
13813,0.99850863,0.99940664,0.9958806
13814,0.997665,0.9979292,0.9967727
13815,0.9968475,0.99493366,0.99728245
13816,0.9984512,0.99934435,0.99611324
13817,0.999268,0.9998011,0.996623
13818,0.99939746,0.9998234,0.9981396
13819,0.9987774,0.99957645,0.9957429
13820,0.998225,0.99898946,0.9965002
13821,0.9980449,0.9986609,0.9966987
13822,0.9972211,0.99625003,0.9972447
13823,0.9982873,0.9990408,0.9965184
13824,0.9978044,0.9980453,0.9968532
13825,0.9968192,0.9943376,0.99744236
13826,0.99725556,0.9962796,0.9971611
13827,0.99640757,0.99213666,0.9975314
13828,0.99839455,0.9991416,0.9961962
13829,0.999061,0.9996518,0.99527764
13830,0.99641544,0.99219775,0.99766964
13831,0.9970772,0.9956246,0.9973185
13832,0.997272,0.9964207,0.9972149
13833,0.9982927,0.9990509,0.99650854
13834,0.99675435,0.9939438,0.9973081
13835,0.9969294,0.99484074,0.99718416
13836,0.99729896,0.99642825,0.99697393
13837,0.99680036,0.99422723,0.9972396
13838,0.9984396,0.9991757,0.99601686
13839,0.99748635,0.9971017,0.9969675
13840,0.99671453,0.9937667,0.9973793
13841,0.99677384,0.9941123,0.99730164
13842,0.99905455,0.99964774,0.99501073
13843,0.9987231,0.9994616,0.995777
13844,0.9977165,0.99780244,0.99695665
13845,0.99801284,0.99851483,0.99680203
13846,0.9965874,0.9929802,0.99759746
13847,0.99891347,0.9996047,0.9956659
13848,0.9985027,0.9992977,0.9964545
13849,0.99800265,0.99849755,0.997012
13850,0.9984441,0.9992296,0.9967003
13851,0.99868375,0.9994809,0.99653614
13852,0.99923265,0.99976766,0.9956752
13853,0.99936056,0.9998082,0.99674284
13854,0.999181,0.9997273,0.9958726
13855,0.9990853,0.9997087,0.99623436
13856,0.99746144,0.9968363,0.9978076
13857,0.9975173,0.99702966,0.99778336
13858,0.99911565,0.99973285,0.9963347
13859,0.99946415,0.99977887,0.9985031
13860,0.9992174,0.9997214,0.99606615
13861,0.9979203,0.9981728,0.99764127
13862,0.9976444,0.9973555,0.99781275
13863,0.9976384,0.9973251,0.9978251
13864,0.99748945,0.9967855,0.9978992
13865,0.9983664,0.99905145,0.99739516
13866,0.99939525,0.9997755,0.9972996
13867,0.9993473,0.99976027,0.9967971
13868,0.99887615,0.9994596,0.99672055
13869,0.9980457,0.9982917,0.9975623
13870,0.9979519,0.9980539,0.9976539
13871,0.9978311,0.9977069,0.99774086
13872,0.9985095,0.9991127,0.9973035
13873,0.99852186,0.9991336,0.9973595
13874,0.99840677,0.9989753,0.9975166
13875,0.9980314,0.998227,0.99781066
13876,0.9982035,0.9986087,0.9977355
13877,0.99809533,0.99836683,0.99783456
13878,0.998117,0.9984103,0.9978491
13879,0.99801683,0.99815917,0.99793017
13880,0.9985679,0.9991906,0.9975912
13881,0.9990579,0.9996019,0.99710876
13882,0.998324,0.9988278,0.9978849
13883,0.99919343,0.9996708,0.99702084
13884,0.9991361,0.9996607,0.9971992
13885,0.9989744,0.99959224,0.9974982
13886,0.9984846,0.99910516,0.9979875
13887,0.9993879,0.99975246,0.9970233
13888,0.99942994,0.9997706,0.99757886
13889,0.9995191,0.99978274,0.9989675
13890,0.9987289,0.9993601,0.9978464
13891,0.99867016,0.99929553,0.99792963
13892,0.99874055,0.99937207,0.9979127
13893,0.9990631,0.99961483,0.9976331
13894,0.99846745,0.99902403,0.9981871
13895,0.9992509,0.99969876,0.9974579
13896,0.99885595,0.99949455,0.9979877
13897,0.9990115,0.9995941,0.9978517
13898,0.9993805,0.99973893,0.99736005
13899,0.9994519,0.9997634,0.9979855
13900,0.9994568,0.99968314,0.9984796
13901,0.9993718,0.99967587,0.99733627
13902,0.9993437,0.9996855,0.9974639
13903,0.99870884,0.9993028,0.99822736
13904,0.9988088,0.99940705,0.99818313
13905,0.9987933,0.99939287,0.99822426
13906,0.99935186,0.99970853,0.99762976
13907,0.9987966,0.9994061,0.99829304
13908,0.9993567,0.9997227,0.9977137
13909,0.9992498,0.9997027,0.99792874
13910,0.9987474,0.99936754,0.998425
13911,0.99926233,0.9997142,0.99798256
13912,0.99949723,0.99977267,0.9987593
13913,0.9989204,0.9994819,0.99829215
13914,0.9993501,0.99969625,0.9978433
13915,0.9994807,0.99973166,0.99872595
13916,0.9989815,0.9995049,0.99827373
13917,0.99926025,0.9996504,0.9980114
13918,0.9992607,0.99965787,0.9980481
13919,0.9994328,0.99971014,0.9981131
13920,0.99911475,0.9996124,0.9982817
13921,0.99949753,0.9997344,0.999033
13922,0.99925816,0.9996797,0.9981712
13923,0.998934,0.9994901,0.9984811
13924,0.99912745,0.99958605,0.99829966
13925,0.99907964,0.9995645,0.99837077
13926,0.9991078,0.9995841,0.998371
13927,0.9992144,0.999639,0.99829227
13928,0.9989022,0.9989065,0.9981301
13929,0.9988216,0.99883044,0.99820924
13930,0.9994108,0.999186,0.99910676
13931,0.9993441,0.9988624,0.998673
13932,0.99911004,0.99768883,0.9967458
13933,0.9988152,0.99768776,0.9968585
13934,0.9991203,0.9980525,0.99691236
13935,0.99928784,0.9982676,0.9985655
13936,0.998573,0.9968288,0.99478894
13937,0.9987921,0.99740493,0.99540126
13938,0.9990953,0.9978695,0.99661875
13939,0.99912506,0.99806416,0.99698913
13940,0.9990384,0.99817324,0.99635255
13941,0.99908054,0.99835306,0.9967225
13942,0.99884546,0.9975249,0.99392074
13943,0.99895346,0.9979472,0.9952338
13944,0.9983765,0.99711925,0.9909962
13945,0.99815536,0.9971341,0.9900039
13946,0.99850374,0.99790907,0.9923574
13947,0.99859375,0.99825037,0.9939899
13948,0.9987693,0.9985535,0.99495995
13949,0.99860126,0.998494,0.99546045
13950,0.9979328,0.99781156,0.98810333
13951,0.9984017,0.9984361,0.9913719
13952,0.9980577,0.998383,0.9896622
13953,0.99796075,0.99827224,0.99236566
13954,0.99855536,0.99893636,0.99378484
13955,0.9984527,0.9988932,0.9946988
13956,0.9982426,0.99858445,0.995709
13957,0.99876493,0.99918056,0.9960902
13958,0.99887055,0.9992707,0.9965427
13959,0.9988727,0.99929196,0.99694425
13960,0.9986405,0.9990244,0.9930438
13961,0.99844766,0.9990943,0.9933034
13962,0.9983505,0.99902976,0.9944543
13963,0.99861073,0.9992373,0.99535507
13964,0.99863833,0.9992561,0.996078
13965,0.99877846,0.9993557,0.996557
13966,0.99640745,0.99868965,0.98626447
13967,0.9945661,0.99804395,0.9850873
13968,0.996234,0.99843407,0.9878301
13969,0.9971649,0.99878424,0.99056953
13970,0.99759704,0.99886745,0.9927291
13971,0.99807066,0.9992123,0.99421024
13972,0.99815077,0.99915224,0.99529004
13973,0.9982102,0.999096,0.99606806
13974,0.9981619,0.9988763,0.996663
13975,0.9981448,0.99869776,0.9971211
13976,0.99845904,0.99917626,0.9974349
13977,0.998209,0.99861485,0.9977477
13978,0.9985682,0.9992194,0.99793386
13979,0.99857044,0.99932927,0.9970846
13980,0.99748445,0.99848574,0.9935766
13981,0.9980655,0.9991328,0.9948336
13982,0.9983003,0.9992655,0.9957111
13983,0.9983123,0.9991792,0.9963805
13984,0.9992308,0.9994277,0.99702126
13985,0.9989243,0.9993447,0.99581
13986,0.9988887,0.99936795,0.9962603
13987,0.998608,0.99928993,0.9944266
13988,0.9963234,0.9983081,0.9904377
13989,0.99717116,0.99881625,0.99263245
13990,0.99734557,0.9984155,0.99419147
13991,0.9977039,0.9986992,0.9953267
13992,0.9981267,0.9991846,0.99610174
13993,0.9985133,0.9994457,0.99412495
13994,0.9980738,0.9992131,0.9934728
13995,0.997877,0.9991847,0.9947464
13996,0.9974728,0.99806327,0.99569166
13997,0.9981302,0.9992089,0.9964051
13998,0.9976666,0.99770266,0.9969502
13999,0.997624,0.99702346,0.9974185
14000,0.99829113,0.9989504,0.9977654
14001,0.9983057,0.99886274,0.9980018
14002,0.99787104,0.9972314,0.9982286
14003,0.9983646,0.99875903,0.99841017
14004,0.9979706,0.9976642,0.99813086
14005,0.9978483,0.9968695,0.9983549
14006,0.99824744,0.99828416,0.9985324
14007,0.9982669,0.99823534,0.9986633
14008,0.99812067,0.9975834,0.9987865
14009,0.9985146,0.998758,0.99887
14010,0.99876213,0.99921924,0.9987677
14011,0.99828064,0.99836826,0.998292
14012,0.998698,0.999162,0.99841225
14013,0.99699277,0.99791586,0.9927893
14014,0.9968528,0.99561185,0.9944196
14015,0.99708724,0.99522233,0.9957167
14016,0.99774593,0.9977049,0.9963974
14017,0.9964387,0.99569666,0.9926559
14018,0.9974655,0.99809533,0.99445415
14019,0.9979319,0.9986779,0.9955243
14020,0.9978448,0.9984049,0.99576515
14021,0.9979413,0.9983073,0.9964529
14022,0.99797744,0.99824834,0.9967282
14023,0.9972092,0.9937702,0.9972523
14024,0.9979764,0.99749833,0.99778223
14025,0.99756557,0.9949816,0.99809057
14026,0.99833643,0.99830335,0.9983535
14027,0.9978785,0.99866676,0.9943224
14028,0.99786943,0.998427,0.9953288
14029,0.99759674,0.99708545,0.9961572
14030,0.9974662,0.99576265,0.9968088
14031,0.9984297,0.99880433,0.9973308
14032,0.9989874,0.99902934,0.99762595
14033,0.9978906,0.9980526,0.99614245
14034,0.99890107,0.9989247,0.99668723
14035,0.98883754,0.99676543,0.98389566
14036,0.99187547,0.9924814,0.9858909
14037,0.9938385,0.9909702,0.98899734
14038,0.99584943,0.9925754,0.99224246
14039,0.9973675,0.9972494,0.9944406
14040,0.9966027,0.9921733,0.9956453
14041,0.9981387,0.9981813,0.9967164
14042,0.9978153,0.9967779,0.9971798
14043,0.9971215,0.9921853,0.9976214
14044,0.9975498,0.9941449,0.99812734
14045,0.99832666,0.9978647,0.9984044
14046,0.99804,0.99656963,0.99858207
14047,0.99807155,0.99663544,0.9986494
14048,0.99862665,0.99845576,0.99875206
14049,0.998453,0.9984019,0.99679506
14050,0.99642867,0.9900738,0.9972524
14051,0.9966066,0.9899734,0.9979535
14052,0.99716586,0.9908989,0.9984144
14053,0.99878407,0.99865746,0.9985485
14054,0.9972548,0.99250174,0.99732983
14055,0.9986798,0.9984696,0.99774235
14056,0.99867576,0.99845356,0.9979802
14057,0.99870396,0.9984833,0.99817026
14058,0.9979925,0.99631864,0.9982558
14059,0.9982853,0.99740034,0.99843645
14060,0.9975321,0.99328953,0.99864715
14061,0.99720293,0.9906518,0.9988569
14062,0.9986252,0.99825096,0.9988966
14063,0.99693453,0.98962694,0.997704
14064,0.9970711,0.9906473,0.99776834
14065,0.99759513,0.99419254,0.99817437
14066,0.9967808,0.98856676,0.9984865
14067,0.9987498,0.9984051,0.9984797
14068,0.9990736,0.99875677,0.99844486
14069,0.9985936,0.99791074,0.99635154
14070,0.9985893,0.9979736,0.9968843
14071,0.99796736,0.9963228,0.9974229
14072,0.99843115,0.99771285,0.99767697
14073,0.99776536,0.9952479,0.9980365
14074,0.99806327,0.9965417,0.99822766
14075,0.9983565,0.99745315,0.9977397
14076,0.99824876,0.9971416,0.997921
14077,0.9976896,0.99473923,0.9981517
14078,0.9966996,0.9877425,0.99846625
14079,0.99902815,0.998588,0.998208
14080,0.99726075,0.9922321,0.9981882
14081,0.9987089,0.99815226,0.9980889
14082,0.99872667,0.99820465,0.99820274
14083,0.9968925,0.9895681,0.99846363
14084,0.9961861,0.98594874,0.99870914
14085,0.9951282,0.9837116,0.9989169
14086,0.9989967,0.99866337,0.99808776
14087,0.99866635,0.9982876,0.9982887
14088,0.99907506,0.9987117,0.9980343
14089,0.99907476,0.99875444,0.9980919
14090,0.99907506,0.99879324,0.998143
14091,0.99924237,0.99886537,0.9981907
14092,0.99843,0.9978621,0.9984205
14093,0.9989707,0.99859643,0.99808395
14094,0.9945115,0.98278266,0.98925364
14095,0.99826777,0.9966906,0.99220145
14096,0.99812865,0.9968056,0.9941027
14097,0.99697477,0.99194384,0.99561584
14098,0.99863946,0.9979223,0.9956165
14099,0.9954924,0.984729,0.9958853
14100,0.995137,0.9837639,0.99699
14101,0.9951201,0.9833042,0.9975913
14102,0.9967948,0.9914634,0.99756914
14103,0.99625134,0.9879896,0.99782395
14104,0.99727124,0.9944872,0.9975584
14105,0.9970561,0.9933549,0.99751997
14106,0.9969847,0.9930462,0.99758923
14107,0.9972012,0.9942843,0.99751973
14108,0.9973094,0.9948657,0.99748725
14109,0.9971299,0.99403924,0.99757254
14110,0.9992392,0.99897873,0.9973373
14111,0.9992088,0.9987947,0.99722964
14112,0.9989315,0.9978521,0.9947259
14113,0.9980724,0.99681383,0.9946096
14114,0.9971063,0.9935325,0.9958891
14115,0.9971756,0.99399084,0.9962662
14116,0.9979984,0.99708426,0.9960462
14117,0.997889,0.99688774,0.99639
14118,0.99798,0.9970766,0.9961964
14119,0.99840254,0.99800694,0.9960619
14120,0.9957119,0.98517376,0.9975632
14121,0.9959997,0.98755985,0.99742216
14122,0.9957755,0.98644245,0.9973964
14123,0.99569654,0.9863375,0.9972669
14124,0.99608654,0.9892208,0.9969375
14125,0.99651325,0.9920136,0.99660814
14126,0.9972322,0.99561584,0.9960901
14127,0.99913675,0.99918664,0.9957145
14128,0.99873793,0.99906594,0.99465084
14129,0.99687034,0.9941385,0.9967388
14130,0.9974171,0.9965198,0.9963879
14131,0.9969429,0.99455416,0.99672997
14132,0.9968887,0.9943333,0.9967436
14133,0.99709725,0.9953389,0.9966068
14134,0.9970762,0.9952387,0.996583
14135,0.99639535,0.99175197,0.99692446
14136,0.99682176,0.99415606,0.9966224
14137,0.9987134,0.9992745,0.994733
14138,0.99764234,0.9974439,0.9962418
14139,0.99707246,0.99535,0.99670076
14140,0.99667215,0.99342066,0.9969116
14141,0.9967573,0.99391395,0.9968135
14142,0.998001,0.9984036,0.99591345
14143,0.9972,0.99592274,0.99656796
14144,0.9972851,0.99624485,0.99649763
14145,0.99885696,0.9993479,0.9945001
14146,0.9949827,0.98303914,0.99745864
14147,0.99866754,0.9992891,0.9945606
14148,0.9991424,0.99957705,0.99423987
14149,0.99920523,0.99964076,0.9947646
14150,0.99935395,0.999659,0.99652416
14151,0.99857265,0.9992905,0.99555415
14152,0.9981499,0.99873686,0.9962386
14153,0.998134,0.9987109,0.9963725
14154,0.9981065,0.99866295,0.99651307
14155,0.99769634,0.99766135,0.9968753
14156,0.9983836,0.99909335,0.9963519
14157,0.9985401,0.9992904,0.99630064
14158,0.9981208,0.99867344,0.9968361
14159,0.9983926,0.9989914,0.99634135
14160,0.99699944,0.9947323,0.99740165
14161,0.9969237,0.9943834,0.99740255
14162,0.99671704,0.9933331,0.99744827
14163,0.99787426,0.9980446,0.9967545
14164,0.9992448,0.99949616,0.99560416
14165,0.99916846,0.9994339,0.99508804
14166,0.9979445,0.9980064,0.9965986
14167,0.9991567,0.99946374,0.99498206
14168,0.99922657,0.99948597,0.9957462
14169,0.9978352,0.9977359,0.9969589
14170,0.9972567,0.99568874,0.99734485
14171,0.9963108,0.990585,0.9977053
14172,0.9966736,0.9928963,0.99745286
14173,0.99626726,0.9905726,0.9975284
14174,0.9989117,0.9994495,0.9952599
14175,0.99870616,0.99929184,0.9957138
14176,0.9982877,0.99880683,0.9963836
14177,0.99769634,0.99745154,0.9969609
14178,0.9988408,0.9994247,0.9958237
14179,0.99920833,0.9996146,0.9952031
14180,0.9982769,0.9986728,0.9965224
14181,0.99855584,0.9990785,0.99632627
14182,0.9988273,0.9993293,0.99604475
14183,0.9993202,0.99956626,0.9965512
14184,0.99939,0.999598,0.99738824
14185,0.9992917,0.9995804,0.9962884
14186,0.9991653,0.99939835,0.9955444
14187,0.9991315,0.9994066,0.99571425
14188,0.9987478,0.99919754,0.99650615
14189,0.9991019,0.9994379,0.9960386
14190,0.9988792,0.99894893,0.9959639
14191,0.99839914,0.99847066,0.9966885
14192,0.9984612,0.99857134,0.9966912
14193,0.9989532,0.9990838,0.996147
14194,0.9974465,0.9955052,0.9970884
14195,0.99905413,0.99854463,0.99594855
14196,0.99895954,0.99833924,0.99526936
14197,0.9982294,0.99746233,0.99557203
14198,0.9970302,0.9933614,0.99666846
14199,0.99832326,0.99784964,0.99597293
14200,0.9962941,0.98908854,0.99713665
14201,0.9987253,0.9984677,0.9954725
14202,0.9985657,0.99843353,0.99596095
14203,0.9968176,0.99253696,0.99703586
14204,0.9975048,0.99590325,0.9967419
14205,0.9976815,0.99635524,0.99626124
14206,0.997183,0.9944039,0.9966296
14207,0.9977963,0.9967843,0.9962988
14208,0.9985658,0.99836975,0.9956984
14209,0.9985759,0.9984452,0.995839
14210,0.998735,0.9984671,0.99537235
14211,0.9990786,0.9987518,0.9962063
14212,0.9988068,0.99870324,0.99565536
14213,0.99882907,0.9988218,0.99586695
14214,0.996502,0.9908956,0.99762934
14215,0.9978627,0.9973582,0.99693906
14216,0.9984176,0.9985402,0.9965567
14217,0.99898857,0.9990883,0.99585146
14218,0.99644065,0.99068063,0.9978283
14219,0.9964942,0.9911919,0.99771667
14220,0.9964114,0.99084115,0.99764967
14221,0.9980748,0.9981351,0.99666226
14222,0.99906564,0.9993019,0.9954142
14223,0.99849313,0.99891555,0.9965274
14224,0.9979483,0.99792206,0.9970971
14225,0.9978666,0.9977123,0.9972065
14226,0.99696386,0.99410856,0.9976929
14227,0.99769914,0.9972432,0.9972941
14228,0.99868256,0.9991567,0.9964442
14229,0.99641526,0.99095154,0.9979085
14230,0.99851346,0.99902374,0.99659044
14231,0.99894357,0.99941427,0.9961123
14232,0.9970882,0.99483824,0.99773055
14233,0.9979305,0.9979959,0.9972659
14234,0.9983284,0.9988223,0.9970135
14235,0.9991914,0.9995762,0.9958719
14236,0.99853367,0.9991465,0.99703205
14237,0.9986694,0.99930394,0.9969753
14238,0.99805474,0.99832296,0.9975635
14239,0.99858,0.99921966,0.997199
14240,0.9977888,0.99759245,0.99780905
14241,0.99840665,0.9989922,0.997439
14242,0.9988688,0.999495,0.9970387
14243,0.99895734,0.99956274,0.9970116
14244,0.9984246,0.9990356,0.9976327
14245,0.9984719,0.9991044,0.9976447
14246,0.9987969,0.9994674,0.9974053
14247,0.9993755,0.99973994,0.9968808
14248,0.9992838,0.9997357,0.99685514
14249,0.99933195,0.99976027,0.99685496
14250,0.999298,0.9997655,0.9970306
14251,0.9994954,0.9998101,0.9984631
14252,0.99934274,0.9997386,0.99690163
14253,0.9993804,0.9997299,0.9972964
14254,0.9985854,0.9992199,0.99789697
14255,0.9991284,0.9996545,0.9973829
14256,0.998618,0.99926746,0.99796885
14257,0.99931526,0.99972725,0.9971886
14258,0.99901783,0.9996246,0.99770904
14259,0.9988229,0.99941266,0.9977986
14260,0.9994099,0.9996904,0.9979628
14261,0.99912494,0.9991988,0.99694955
14262,0.9993199,0.9993052,0.9979542
14263,0.99919844,0.9991184,0.9969883
14264,0.9993059,0.9990479,0.9982437
14265,0.99660206,0.993096,0.98347026
14266,0.9943904,0.9930423,0.9823876
14267,0.99382627,0.99382734,0.981387
14268,0.99517184,0.9950569,0.98169297
14269,0.9965242,0.99607664,0.9848407
14270,0.99736154,0.9971947,0.9883562
14271,0.9979966,0.99818224,0.9911753
14272,0.99794275,0.998036,0.9933316
14273,0.9976148,0.99699086,0.9948328
14274,0.9972695,0.99532205,0.995882
14275,0.9985798,0.99892664,0.9961303
14276,0.9983185,0.99874383,0.9908297
14277,0.99718606,0.99823946,0.9869841
14278,0.9979316,0.9988046,0.98997647
14279,0.99745065,0.99761605,0.9926019
14280,0.9977163,0.99794817,0.9942333
14281,0.9984804,0.999153,0.99510807
14282,0.99806076,0.9984486,0.99605316
14283,0.99785423,0.9977751,0.9966843
14284,0.99834883,0.9988527,0.997009
14285,0.998485,0.9990588,0.99686027
14286,0.998483,0.99902886,0.997216
14287,0.9983927,0.9988559,0.9975274
14288,0.9983966,0.99882776,0.9977561
14289,0.99871325,0.9992524,0.9978381
14290,0.9984032,0.998931,0.99650276
14291,0.9981383,0.9988835,0.9934257
14292,0.9983581,0.9990623,0.99468046
14293,0.99833834,0.9991663,0.99318624
14294,0.99783283,0.9982833,0.9947523
14295,0.9984394,0.99916434,0.99556786
14296,0.9982016,0.99875313,0.9963251
14297,0.9985773,0.99923265,0.9967374
14298,0.9983966,0.99895614,0.99718416
14299,0.99835217,0.9988246,0.99750817
14300,0.99876195,0.9993464,0.9976465
14301,0.99890596,0.99945086,0.99778837
14302,0.996289,0.9979041,0.9880511
14303,0.9969739,0.9979307,0.9908597
14304,0.99767584,0.9987082,0.99296373
14305,0.9978469,0.9986675,0.99444634
14306,0.99888617,0.9993595,0.99551296
14307,0.9966491,0.9980499,0.9901633
14308,0.9977273,0.99914205,0.9923826
14309,0.99746954,0.99915653,0.9893984
14310,0.9964248,0.9985409,0.98972565
14311,0.9970286,0.9984879,0.99210966
14312,0.99750155,0.9987298,0.9938477
14313,0.99790037,0.99906,0.99504095
14314,0.9977618,0.99843967,0.9959275
14315,0.9979342,0.99857277,0.9965816
14316,0.9983663,0.99924016,0.99702793
14317,0.99825263,0.9989476,0.9974052
14318,0.9984324,0.99918,0.9976392
14319,0.9981473,0.99847114,0.99791527
14320,0.9983248,0.99880433,0.99811894
14321,0.99854666,0.99916214,0.99826866
14322,0.99857056,0.9991539,0.9984061
14323,0.998765,0.99938434,0.9984989
14324,0.99883145,0.9994328,0.9985892
14325,0.99875814,0.9993291,0.9986899
14326,0.99834603,0.99846727,0.99881506
14327,0.9987758,0.99930036,0.9988318
14328,0.99860215,0.9989924,0.9989188
14329,0.9987568,0.9992266,0.9989562
14330,0.9985864,0.99891144,0.9989754
14331,0.9988486,0.9993134,0.9989982
14332,0.99880415,0.9992362,0.9990518
14333,0.9988348,0.9992594,0.99909097
14334,0.99871063,0.9990461,0.99913585
14335,0.99889994,0.99930847,0.99914855
14336,0.99871945,0.9991754,0.99812484
14337,0.99866116,0.9991461,0.99768955
14338,0.9991351,0.99922836,0.99780595
14339,0.99861753,0.99911326,0.9975302
14340,0.99843377,0.99877405,0.99782056
14341,0.99860066,0.9989977,0.99802506
14342,0.99832773,0.9983648,0.9982388
14343,0.9986144,0.9989211,0.9983759
14344,0.99862486,0.9988972,0.99850523
14345,0.99868953,0.99896854,0.9986101
14346,0.99878055,0.9990857,0.9985839
14347,0.9986811,0.99891037,0.9986815
14348,0.99883527,0.9991101,0.998749
14349,0.99877256,0.9990021,0.9988345
14350,0.99878305,0.9989939,0.99890214
14351,0.99886626,0.99909025,0.9989518
14352,0.9988224,0.9988132,0.9961418
14353,0.99804443,0.9979738,0.9966379
14354,0.99791753,0.99727213,0.99716216
14355,0.9984927,0.99867415,0.99752843
14356,0.9985423,0.99870026,0.99779034
14357,0.99858963,0.99872935,0.99801064
14358,0.9986913,0.99884725,0.9981891
14359,0.99864984,0.9987483,0.9983542
14360,0.9981126,0.9971922,0.99839973
14361,0.99841195,0.9981263,0.99854547
14362,0.99890834,0.99901056,0.9986058
14363,0.9986455,0.99861556,0.9961478
14364,0.99804705,0.9976676,0.9967913
14365,0.99907684,0.9987964,0.9971986
14366,0.99909616,0.99874616,0.99665546
14367,0.9960162,0.9977122,0.9872565
14368,0.99686617,0.99805856,0.98901117
14369,0.9973292,0.99828607,0.99152297
14370,0.9977676,0.9984962,0.9933998
14371,0.9967086,0.9984691,0.9890559
14372,0.9896691,0.9970752,0.98419714
14373,0.99317604,0.997019,0.9863032
14374,0.99479324,0.9951565,0.98908865
14375,0.99599123,0.995019,0.99189293
14376,0.9970807,0.99719685,0.9940026
14377,0.9975332,0.9982709,0.9942996
14378,0.9925675,0.9933753,0.9869253
14379,0.99517775,0.9951341,0.9900728
14380,0.9965821,0.9970045,0.9926603
14381,0.9967683,0.99536765,0.9943899
14382,0.99689883,0.9938253,0.9957274
14383,0.9973827,0.9952531,0.99674153
14384,0.99800014,0.99759007,0.9973638
14385,0.9984296,0.9985422,0.99771553
14386,0.997969,0.9968284,0.9980041
14387,0.9979526,0.9964014,0.99827874
14388,0.99832857,0.9978091,0.9984947
14389,0.9984512,0.99808115,0.9986411
14390,0.9988389,0.9987852,0.9987247
14391,0.99841446,0.9982337,0.9955172
14392,0.9931119,0.9965797,0.9860734
14393,0.99552983,0.99713874,0.9888214
14394,0.9959045,0.9953326,0.99139154
14395,0.99728465,0.9977908,0.9930143
14396,0.99427783,0.9953564,0.9884211
14397,0.9954359,0.9936567,0.9913081
14398,0.9965231,0.994698,0.99373317
14399,0.99638647,0.992826,0.9948485
14400,0.99610466,0.99108064,0.99622905
14401,0.99739337,0.9940198,0.9972376
14402,0.9983571,0.9981297,0.9977623
14403,0.9981647,0.99734586,0.99804366
14404,0.99778116,0.9950317,0.99829686
14405,0.9980384,0.996236,0.99855494
14406,0.998427,0.99775374,0.9987184
14407,0.9985287,0.99798757,0.99882454
14408,0.9986199,0.9981739,0.9989162
14409,0.99815696,0.9962758,0.999024
14410,0.99877304,0.9984306,0.999086
14411,0.99749416,0.99176264,0.9991791
14412,0.9973513,0.991151,0.9992638
14413,0.99692225,0.98983896,0.99939287
14414,0.9987689,0.998367,0.9993994
14415,0.99876297,0.99825096,0.9987105
14416,0.99887615,0.998382,0.99851704
14417,0.9982297,0.9966205,0.9987062
14418,0.99696183,0.9898273,0.9987417
14419,0.9966557,0.9888409,0.99899244
14420,0.99803615,0.9955295,0.9991212
14421,0.9990519,0.99859977,0.99906117
14422,0.99762946,0.99313337,0.99864775
14423,0.9978292,0.9944166,0.998802
14424,0.9983792,0.99704313,0.9988852
14425,0.9981781,0.9962208,0.99877566
14426,0.9975896,0.9932598,0.9977152
14427,0.9971857,0.9900958,0.99812615
14428,0.9956647,0.9859583,0.9981353
14429,0.9964963,0.9871681,0.99856013
14430,0.9989289,0.99811363,0.99846184
14431,0.99704194,0.98954964,0.9979059
14432,0.99636453,0.9864701,0.99834913
14433,0.9976354,0.99391747,0.99851114
14434,0.9972511,0.99147713,0.99868524
14435,0.9978676,0.9952813,0.99868757
14436,0.9987779,0.99799687,0.99847364
14437,0.999174,0.99833053,0.99819326
14438,0.99866694,0.9975749,0.9980876
14439,0.99896985,0.9979945,0.99802005
14440,0.9987939,0.9976253,0.9977181
14441,0.9968437,0.98868823,0.9982804
14442,0.996616,0.98723376,0.9985065
14443,0.99686456,0.9894963,0.9985887
14444,0.9975964,0.99439305,0.9984928
14445,0.99835277,0.99729836,0.9982735
14446,0.9974246,0.99354625,0.99859875
14447,0.9982201,0.9970255,0.9983548
14448,0.9987236,0.9980753,0.99811155
14449,0.9985871,0.99783957,0.9981742
14450,0.9985792,0.99739635,0.99775964
14451,0.999115,0.9980378,0.99737155
14452,0.9986757,0.996949,0.99658334
14453,0.99862164,0.9969322,0.9965682
14454,0.9963373,0.9858289,0.9971648
14455,0.99805766,0.9960165,0.9970726
14456,0.9989011,0.9974841,0.99635047
14457,0.998257,0.9966281,0.9969036
14458,0.9987311,0.9975592,0.9967911
14459,0.9977163,0.9951412,0.99758554
14460,0.99743176,0.9938925,0.99780625
14461,0.99866664,0.99778974,0.9972412
14462,0.99747247,0.9942785,0.9979738
14463,0.9985963,0.99777406,0.9973456
14464,0.9992198,0.9983754,0.9975436
14465,0.99854654,0.9978772,0.9975511
14466,0.9989749,0.9984086,0.9972115
14467,0.9977072,0.99566126,0.9981284
14468,0.9978191,0.996142,0.9980905
14469,0.99851435,0.99802405,0.99772364
14470,0.99635184,0.9875266,0.9984606
14471,0.99533206,0.981622,0.9985463
14472,0.9978709,0.99670565,0.997595
14473,0.9989235,0.99866945,0.9966828
14474,0.99838966,0.99810934,0.99735117
14475,0.9979744,0.9971682,0.99767524
14476,0.99909914,0.9989176,0.9965839
14477,0.9976902,0.99606925,0.99776113
14478,0.998885,0.99863815,0.996791
14479,0.996018,0.98627865,0.99832755
14480,0.99635357,0.9890153,0.99807763
14481,0.99591494,0.9863466,0.998054
14482,0.9985157,0.9985418,0.99647117
14483,0.99770856,0.996732,0.9972327
14484,0.9968436,0.99274683,0.9976571
14485,0.99829686,0.9983174,0.99671394
14486,0.9976941,0.9967922,0.99723965
14487,0.9969408,0.99342155,0.99761933
14488,0.99733627,0.99546033,0.99737847
14489,0.9972633,0.99516183,0.9973973
14490,0.9950495,0.98162746,0.99805975
14491,0.99829185,0.99854094,0.9962188
14492,0.99874896,0.999133,0.9957501
14493,0.9987061,0.99914205,0.9959913
14494,0.9979558,0.99793345,0.9969101
14495,0.9971997,0.9952208,0.99740916
14496,0.99855494,0.99901503,0.9963324
14497,0.99935865,0.9995144,0.99634725
14498,0.9990981,0.99943554,0.9956196
14499,0.99870473,0.99922746,0.9964797
14500,0.99867594,0.9992225,0.9966353
14501,0.9989876,0.9994741,0.99629414
14502,0.99820787,0.99857205,0.99728733
14503,0.99863786,0.99922603,0.99695975
14504,0.99949193,0.99966323,0.998008
14505,0.9994392,0.99944,0.9978968
14506,0.9971626,0.9946617,0.9977235
14507,0.99842685,0.9987291,0.99689597
14508,0.99772483,0.9970569,0.99747944
14509,0.99766606,0.996858,0.9975256
14510,0.9970599,0.99416554,0.9977983
14511,0.99692935,0.99346715,0.9977596
14512,0.99783415,0.9974233,0.99724287
14513,0.99818134,0.99826324,0.9969687
14514,0.99836993,0.9984747,0.99669886
14515,0.99891233,0.9991126,0.99609286
14516,0.9975168,0.99616903,0.9974874
14517,0.9984445,0.9986916,0.99683046
14518,0.99883795,0.9990714,0.9963385
14519,0.99881387,0.99903977,0.99642885
14520,0.99887663,0.9991339,0.99645627
14521,0.99941254,0.99938947,0.9973904
14522,0.9991708,0.99936086,0.99612683
14523,0.9992035,0.9994062,0.9961813
14524,0.9987815,0.99920297,0.9970051
14525,0.99675566,0.9922142,0.9982116
14526,0.99789035,0.99758995,0.99767596
14527,0.9985176,0.9989203,0.99722236
14528,0.99686205,0.9928781,0.9981174
14529,0.99723387,0.99497694,0.9979155
14530,0.9973616,0.99560905,0.99782807
14531,0.99833554,0.9985777,0.9971379
14532,0.9991253,0.9992738,0.99600756
14533,0.9983962,0.9984878,0.99699414
14534,0.997056,0.993727,0.9977995
14535,0.99801457,0.9976844,0.9972489
14536,0.99884814,0.99905646,0.9964608
14537,0.99888563,0.9991307,0.9965222
14538,0.9993651,0.9993768,0.99660194
14539,0.99936825,0.99911344,0.9971773
14540,0.99902785,0.99788326,0.9953555
14541,0.9988885,0.99769527,0.9955762
14542,0.9986514,0.9976678,0.99608314
14543,0.9987388,0.9979307,0.99608624
14544,0.99913555,0.99829435,0.9959528
14545,0.99795043,0.996736,0.99708176
14546,0.9967094,0.99096125,0.9977129
14547,0.9982416,0.99762124,0.9967453
14548,0.9958331,0.98539984,0.99791145
14549,0.99910814,0.99873257,0.9952003
14550,0.9988192,0.9986939,0.9959007
14551,0.999001,0.99889237,0.99571496
14552,0.99874175,0.99880284,0.99632007
14553,0.9990843,0.9990925,0.99586153
14554,0.99916536,0.99853057,0.99626344
14555,0.9973122,0.9946252,0.9973012
14556,0.99629414,0.98879224,0.9976753
14557,0.9967779,0.99211496,0.9973448
14558,0.99742097,0.9954752,0.9969392
14559,0.9966905,0.99177885,0.99726695
14560,0.99817526,0.99785817,0.996203
14561,0.99839425,0.9983085,0.9960776
14562,0.9993288,0.99903023,0.9971719
14563,0.9991677,0.998499,0.99612176
14564,0.9984276,0.9962168,0.99368596
14565,0.9979189,0.99563295,0.99471515
14566,0.99766535,0.9952317,0.9953702
14567,0.99901444,0.9977501,0.99536425
14568,0.9984943,0.9975965,0.99505717
14569,0.9977864,0.996337,0.99608934
14570,0.9969533,0.99298006,0.99674433
14571,0.9983319,0.9978054,0.9956884
14572,0.99900985,0.9981,0.99538445
14573,0.998269,0.9974429,0.9954304
14574,0.99889797,0.99808764,0.99466103
14575,0.9980704,0.99721676,0.99585205
14576,0.9983755,0.9979018,0.9957363
14577,0.99732983,0.99503636,0.99677116
14578,0.99659,0.991248,0.99716544
14579,0.9958373,0.9866373,0.9973658
14580,0.99902105,0.9988154,0.99516857
14581,0.99909335,0.9987382,0.9959079
14582,0.99867266,0.99816597,0.9945106
14583,0.9983015,0.997816,0.99524814
14584,0.9975824,0.9961769,0.99618703
14585,0.99775773,0.9968093,0.9961918
14586,0.9981317,0.99757075,0.9956092
14587,0.9978001,0.9966318,0.9956246
14588,0.9971221,0.9941944,0.99633497
14589,0.9975002,0.99587077,0.9962157
14590,0.99635816,0.9901539,0.9969235
14591,0.99737984,0.99563235,0.99633944
14592,0.9989842,0.9988313,0.99505883
14593,0.99764395,0.9967392,0.9964369
14594,0.99753684,0.99641985,0.9965925
14595,0.9973169,0.9956166,0.99678713
14596,0.99738127,0.99591404,0.9967721
14597,0.9977716,0.9972755,0.9965386
14598,0.99769604,0.99707687,0.9966686
14599,0.9974526,0.99626386,0.99688596
14600,0.99867666,0.99899566,0.995761
14601,0.9993634,0.9992908,0.99797124
14602,0.9991256,0.9987533,0.99621606
14603,0.99891645,0.99876267,0.9948994
14604,0.9985665,0.99858665,0.9957447
14605,0.9978899,0.9972364,0.9963418
14606,0.9985042,0.9984589,0.99584794
14607,0.99879545,0.9988256,0.995612
14608,0.9993612,0.9991489,0.99851674
14609,0.9992652,0.99858284,0.9978064
14610,0.99904925,0.9982863,0.99578464
14611,0.99851894,0.99807686,0.9949746
14612,0.9980732,0.99750245,0.995865
14613,0.9972905,0.9950442,0.9966459
14614,0.9981152,0.9977359,0.99620444
14615,0.9983584,0.9982404,0.996152
14616,0.9981551,0.9979449,0.99652255
14617,0.999006,0.9989817,0.9955519
14618,0.9982004,0.9981647,0.996804
14619,0.9982135,0.9982193,0.99689513
14620,0.998647,0.99887794,0.9965641
14621,0.9989959,0.9991845,0.99619025
14622,0.9989474,0.99921244,0.9964301
14623,0.9993879,0.9993995,0.99890804
14624,0.9993542,0.9992469,0.9987441
14625,0.99916357,0.99918073,0.99685055
14626,0.9992668,0.99926275,0.9978054
14627,0.9990871,0.99923474,0.99626356
14628,0.9991328,0.99930835,0.9965035
14629,0.9992784,0.9994,0.9978426
14630,0.9993926,0.99944127,0.99911857
14631,0.9993083,0.9993987,0.9981912
14632,0.9992253,0.9988446,0.9977836
14633,0.99906963,0.9988503,0.9964126
14634,0.9991418,0.9989468,0.99706244
14635,0.999254,0.9988844,0.99813306
14636,0.99886644,0.99796206,0.9927981
14637,0.9943039,0.99472815,0.9821206
14638,0.98655134,0.9927068,0.9821909
14639,0.9917701,0.993309,0.9823963
14640,0.9943861,0.99478906,0.98281217
14641,0.99678195,0.99656886,0.9846528
14642,0.99707156,0.99735713,0.9843942
14643,0.9970366,0.99674535,0.98843884
14644,0.9976598,0.9977552,0.99131304
14645,0.997762,0.99774605,0.99338925
14646,0.99857783,0.9989742,0.99440753
14647,0.9978926,0.99780166,0.9956903
14648,0.99778974,0.9973644,0.9964028
14649,0.99849075,0.9988835,0.9966749
14650,0.99886477,0.9992517,0.9968224
14651,0.9983029,0.99854994,0.9974102
14652,0.99897176,0.99933934,0.99731255
14653,0.9991726,0.9994213,0.9981533
14654,0.9990065,0.999384,0.99763775
14655,0.9990685,0.9994283,0.9977691
14656,0.9989112,0.9993251,0.9977236
14657,0.9985462,0.9989314,0.9980498
14658,0.99894285,0.9993518,0.9979832
14659,0.99885523,0.99928725,0.9981455
14660,0.9990844,0.9994451,0.99810165
14661,0.99885935,0.99929535,0.99832743
14662,0.99897635,0.9993882,0.9983393
14663,0.99909204,0.99946165,0.99833614
14664,0.999092,0.9994667,0.99840134
14665,0.9989993,0.9994133,0.99851614
14666,0.9990728,0.9994608,0.9985204
14667,0.99913234,0.9994097,0.9983961
14668,0.99913204,0.99940753,0.9983953
14669,0.9990119,0.999349,0.9981357
14670,0.9990216,0.9993573,0.9981911
14671,0.9986285,0.9989392,0.99733925
14672,0.99857956,0.9988693,0.9976091
14673,0.9987211,0.99904,0.9977576
14674,0.99886525,0.99917984,0.9978464
14675,0.9986162,0.99889994,0.99808604
14676,0.99897426,0.99926674,0.9980548
14677,0.9987855,0.999106,0.9982593
14678,0.99877995,0.99909616,0.99835694
14679,0.9988513,0.9991678,0.9984108
14680,0.9991168,0.9993642,0.99834585
14681,0.99921757,0.998867,0.99506724
14682,0.9975868,0.9983627,0.98869747
14683,0.9977337,0.9984217,0.9909807
14684,0.9981182,0.9987442,0.99302846
14685,0.99819034,0.99874336,0.9944941
14686,0.9985179,0.99906677,0.9954131
14687,0.9986485,0.9991708,0.996101
14688,0.99843323,0.99890965,0.99671924
14689,0.9984442,0.99887997,0.99713457
14690,0.9986759,0.99915296,0.99739885
14691,0.99830073,0.9985057,0.9977519
14692,0.9984461,0.9987551,0.99794567
14693,0.99865633,0.9990618,0.99807596
14694,0.9986484,0.9990308,0.9982265
14695,0.9986476,0.9990091,0.9983534
14696,0.99912935,0.99939495,0.9983336
14697,0.998736,0.9991399,0.997095
14698,0.9984847,0.9988455,0.9971463
14699,0.99833274,0.99851894,0.99750924
14700,0.9987874,0.9991616,0.99766606
14701,0.9985356,0.9989649,0.99611676
14702,0.9986279,0.9990432,0.9966525
14703,0.99871194,0.99911374,0.99705625
14704,0.99865836,0.99904746,0.9974094
14705,0.99836427,0.99853456,0.9977444
14706,0.99884486,0.99920213,0.9978585
14707,0.9987011,0.999041,0.99807596
14708,0.99857956,0.9988834,0.9977578
14709,0.99881876,0.9991527,0.99790937
14710,0.9988144,0.9991418,0.9980203
14711,0.9984424,0.9986196,0.99777883
14712,0.9984137,0.99851,0.9980048
14713,0.9982527,0.99804384,0.9982147
14714,0.9983874,0.9983439,0.9983573
14715,0.99867487,0.9988781,0.99843574
14716,0.998857,0.99909866,0.99849766
14717,0.9990137,0.9992341,0.9985411
14718,0.9989352,0.9991662,0.99863917
14719,0.9984396,0.998387,0.998307
14720,0.9987157,0.998866,0.99839073
14721,0.99879897,0.99896306,0.99848276
14722,0.9989056,0.99907357,0.9985507
14723,0.998495,0.9983943,0.9987217
14724,0.9985018,0.9983782,0.99879956
14725,0.999139,0.99920636,0.9987214
14726,0.9985542,0.99848235,0.9983747
14727,0.998479,0.99828917,0.99851143
14728,0.99838746,0.99801916,0.9986341
14729,0.9987662,0.9987761,0.99865836
14730,0.9985118,0.99827707,0.998785
14731,0.9983785,0.9978911,0.99887407
14732,0.99852246,0.99824643,0.9989162
14733,0.99883085,0.99880546,0.99890727
14734,0.99897975,0.99897414,0.99891216
14735,0.999042,0.9990297,0.9989336
14736,0.9980747,0.99768186,0.99354297
14737,0.9977445,0.996641,0.99499863
14738,0.99789226,0.996956,0.9956988
14739,0.99796885,0.99700284,0.99647444
14740,0.99867094,0.99847883,0.9969081
14741,0.9991177,0.9986259,0.99680597
14742,0.9987442,0.99859005,0.99651444
14743,0.9984933,0.99830204,0.99706346
14744,0.9983028,0.9978612,0.9974671
14745,0.99869245,0.9985713,0.9976925
14746,0.99806476,0.9971627,0.9972864
14747,0.9985441,0.9983207,0.99757683
14748,0.99872154,0.9985799,0.9977985
14749,0.9987514,0.9986144,0.9978858
14750,0.99869794,0.99854165,0.99809325
14751,0.9985863,0.998341,0.9982798
14752,0.9990206,0.9988883,0.9983028
14753,0.9989819,0.9988712,0.9984305
14754,0.9982473,0.9973686,0.9986771
14755,0.9978566,0.9955743,0.99882156
14756,0.9983735,0.9977034,0.99886394
14757,0.9978556,0.9954627,0.99899286
14758,0.9987033,0.99845827,0.99894243
14759,0.9989078,0.9987537,0.9989261
14760,0.99842685,0.9977674,0.9990126
14761,0.99792796,0.99572396,0.99912196
14762,0.998627,0.99823993,0.999064
14763,0.9979753,0.99592227,0.99919397
14764,0.9979398,0.99573475,0.99922967
14765,0.99765164,0.9940777,0.99928546
14766,0.99815804,0.99676657,0.9992444
14767,0.9987475,0.9984416,0.99914056
14768,0.9980093,0.9960832,0.99929196
14769,0.9987337,0.99840224,0.9991606
14770,0.99898225,0.99874836,0.99909097
14771,0.9991459,0.9988949,0.9990312
14772,0.99860036,0.99693364,0.99455667
14773,0.9985429,0.9971604,0.9955651
14774,0.99827695,0.9968063,0.9961654
14775,0.997997,0.99600536,0.9966419
14776,0.9982847,0.99691296,0.9970795
14777,0.9986019,0.9976324,0.9973731
14778,0.9983909,0.99696016,0.9932834
14779,0.99675196,0.993309,0.9899349
14780,0.9969767,0.9929692,0.99277437
14781,0.9973648,0.9943324,0.99469674
14782,0.99746716,0.99448806,0.99590176
14783,0.9969823,0.99108523,0.9967829
14784,0.9963874,0.98737603,0.99752
14785,0.9987727,0.9983805,0.9975785
14786,0.99709004,0.99159336,0.9981738
14787,0.9969538,0.99066657,0.9984167
14788,0.9969447,0.99072146,0.9985787
14789,0.9977434,0.9956565,0.9985442
14790,0.9973571,0.99359375,0.99867696
14791,0.998557,0.9982423,0.9983809
14792,0.9971177,0.99212444,0.99880093
14793,0.9976892,0.99550813,0.99869716
14794,0.99827397,0.9976651,0.99853486
14795,0.9988914,0.9987314,0.9982423
14796,0.9989167,0.99877703,0.9982612
14797,0.9985672,0.9983403,0.9984996
14798,0.99891937,0.9988074,0.9983159
14799,0.9972372,0.9928901,0.9987529
14800,0.9990808,0.9987772,0.9979581
14801,0.99799275,0.9967439,0.99859893
14802,0.9992362,0.99888223,0.9978279
14803,0.9982418,0.99723893,0.99814206
14804,0.99888676,0.99836963,0.9978272
14805,0.996094,0.9847486,0.99874
14806,0.9968689,0.9908579,0.9985666
14807,0.99836206,0.9978051,0.9980306
14808,0.99716985,0.9929773,0.998494
14809,0.9990612,0.9987421,0.9974123
14810,0.9991047,0.9986115,0.9972061
14811,0.99816555,0.9970017,0.9976668
14812,0.99745923,0.9943571,0.99803
14813,0.9970012,0.9918463,0.99818933
14814,0.99737674,0.99413997,0.99805933
14815,0.99630183,0.98741007,0.9983362
14816,0.9967448,0.9908166,0.9981251
14817,0.9990549,0.9986414,0.99647516
14818,0.9980553,0.99726534,0.9975883
14819,0.9989886,0.99873865,0.9967348
14820,0.9987017,0.9985677,0.997187
14821,0.99911743,0.99893063,0.99669856
14822,0.9989519,0.99888784,0.99703544
14823,0.9972223,0.99409854,0.9982027
14824,0.9963498,0.98871636,0.9983904
14825,0.9985496,0.99859226,0.99725145
14826,0.99894756,0.99902105,0.996861
14827,0.99891967,0.9990511,0.99699235
14828,0.9988207,0.999015,0.99719876
14829,0.9979929,0.99756503,0.9978973
14830,0.9990599,0.99921876,0.996969
14831,0.99931335,0.9991821,0.99746263
14832,0.9981758,0.99758446,0.9975164
14833,0.9970058,0.9923482,0.99776083
14834,0.9976245,0.99554247,0.99746686
14835,0.99911,0.9984967,0.9960792
14836,0.997946,0.9968607,0.9974173
14837,0.9987541,0.9984387,0.99676126
14838,0.9993089,0.9987966,0.9978369
14839,0.9986991,0.99763894,0.9960301
14840,0.9979528,0.9964001,0.9969143
14841,0.99759024,0.99523234,0.99722654
14842,0.9968626,0.9916135,0.9975846
14843,0.9980551,0.99697423,0.9969449
14844,0.998681,0.9981625,0.99642557
14845,0.9991492,0.99819064,0.99661624
14846,0.99901175,0.9972653,0.9952904
14847,0.9990629,0.99679923,0.99496204
14848,0.9982975,0.9951658,0.9869771
14849,0.99785066,0.9956745,0.9905952
14850,0.99847203,0.99723697,0.9919394
14851,0.9981506,0.9962907,0.9863089
14852,0.99767387,0.99653995,0.9886924
14853,0.9980911,0.99759865,0.9914947
14854,0.99786735,0.99728847,0.9936107
14855,0.9984107,0.9983573,0.99445647
14856,0.9976729,0.9967937,0.9950392
14857,0.9984147,0.9984657,0.99538535
14858,0.9981044,0.99796206,0.9961799
14859,0.99778193,0.99708694,0.9967519
14860,0.9984217,0.9985647,0.99672323
14861,0.9986516,0.9988353,0.9964315
14862,0.99647754,0.9902549,0.99753153
14863,0.99690896,0.9930525,0.99765986
14864,0.9959465,0.9867963,0.99800056
14865,0.9955433,0.9844141,0.9981288
14866,0.99553734,0.98484147,0.9980921
14867,0.9981045,0.9982509,0.99700516
14868,0.99676186,0.99295104,0.9975797
14869,0.9963742,0.99072665,0.997691
14870,0.99458,0.98085934,0.9980441
14871,0.9953805,0.9851087,0.99762404
14872,0.9951319,0.9840041,0.99747425
14873,0.9948691,0.9828521,0.9971948
14874,0.99595606,0.9898502,0.9963717
14875,0.9964384,0.9927534,0.9959969
14876,0.99675894,0.99442524,0.9957736
14877,0.99660695,0.9937347,0.9958968
14878,0.9984378,0.9990951,0.9940382
14879,0.9992293,0.9995825,0.99614453
14880,0.9991727,0.99947053,0.9959852
14881,0.9989788,0.99945533,0.99439335
14882,0.9974587,0.9971381,0.9958411
14883,0.9989449,0.99949974,0.99405646
14884,0.996483,0.9929059,0.9966481
14885,0.99583924,0.98927635,0.9968685
14886,0.9965943,0.9936965,0.99636054
14887,0.99712265,0.996072,0.99597496
14888,0.99627376,0.9919959,0.9964661
14889,0.99744374,0.9971711,0.99553144
14890,0.995752,0.9889752,0.9966342
14891,0.9966312,0.9940335,0.9960286
14892,0.99833494,0.9990609,0.9942872
14893,0.9976228,0.99773496,0.9953859
14894,0.99551713,0.98762923,0.99675506
14895,0.9980794,0.9987681,0.9947719
14896,0.9990876,0.999656,0.994221
14897,0.9991475,0.9996979,0.99473155
14898,0.9993188,0.99975985,0.996393
14899,0.9969494,0.99544543,0.9964153
14900,0.9968022,0.994796,0.99652165
14901,0.99648166,0.9932277,0.99667454
14902,0.99831736,0.9991465,0.99514496
14903,0.9991607,0.999705,0.99482405
14904,0.9973144,0.9968437,0.9964212
14905,0.9982612,0.9990802,0.995656
14906,0.99717385,0.99626577,0.9966138
14907,0.997007,0.9955821,0.9967439
14908,0.998673,0.99949867,0.99518657
14909,0.99801993,0.9985742,0.9958647
14910,0.99552226,0.98711056,0.9973355
14911,0.9962022,0.9914858,0.99687827
14912,0.99601805,0.9905149,0.99684167
14913,0.9965377,0.9935044,0.99644476
14914,0.99891764,0.99961126,0.99373883
14915,0.9968042,0.99481905,0.9965049
14916,0.9983969,0.9992558,0.99511683
14917,0.9979795,0.9986391,0.99584436
14918,0.99831295,0.9991709,0.9956349
14919,0.9984209,0.999304,0.9956741
14920,0.99918544,0.99978596,0.99434334
14921,0.9976498,0.9978482,0.99673444
14922,0.99851406,0.99941045,0.9959958
14923,0.99943066,0.9998387,0.9970752
14924,0.99858624,0.99948096,0.9961288
14925,0.9977025,0.99794346,0.99706596
14926,0.99801564,0.9986698,0.9969032
14927,0.9986731,0.9995587,0.9963249
14928,0.9985179,0.9994064,0.99657756
14929,0.9985249,0.99940753,0.99664444
14930,0.9970722,0.99554914,0.9976862
14931,0.99700654,0.99525225,0.997693
14932,0.9968762,0.99463654,0.9977179
14933,0.99783796,0.9982233,0.9972129
14934,0.9988801,0.9996876,0.9962004
14935,0.9981954,0.9989515,0.9970941
14936,0.9970997,0.99558467,0.99774486
14937,0.9968364,0.99432576,0.99782336
14938,0.99798775,0.99854153,0.9972163
14939,0.9990733,0.99977744,0.99600637
14940,0.9993926,0.99984956,0.9959003
14941,0.99854106,0.9994134,0.9969781
14942,0.9986947,0.9995612,0.9969029
14943,0.99919534,0.9998289,0.9962108
14944,0.99941796,0.99988014,0.99608123
14945,0.99928486,0.9998661,0.99630433
14946,0.99915344,0.9997852,0.9963555
14947,0.9991647,0.9997658,0.9962964
14948,0.9989253,0.9995912,0.9965281
14949,0.9991521,0.9996882,0.99619055
14950,0.99850976,0.99923825,0.9972165
14951,0.9970802,0.99495685,0.99806094
14952,0.9978076,0.9978213,0.9977176
14953,0.99822456,0.99880046,0.99748945
14954,0.99888945,0.9995906,0.9969042
14955,0.9993557,0.999758,0.996485
14956,0.9977463,0.99754035,0.9978263
14957,0.9986827,0.9993852,0.9971824
14958,0.9985128,0.9991993,0.99741805
14959,0.99841714,0.9990664,0.997555
14960,0.9982239,0.9987303,0.9977389
14961,0.9990257,0.99964404,0.9970152
14962,0.9989422,0.99956983,0.997114
14963,0.9989518,0.9995851,0.99718535
14964,0.9993074,0.99973494,0.9966605
14965,0.99933815,0.9997481,0.99667585
14966,0.9981125,0.9984579,0.99807817
14967,0.9983862,0.99899524,0.99794304
14968,0.9981557,0.9985395,0.99810576
14969,0.9982242,0.99867976,0.99808973
14970,0.9983405,0.9988989,0.99804735
14971,0.9980546,0.998267,0.99822116
14972,0.9983149,0.9988388,0.9981019
14973,0.99860436,0.99928504,0.9979425
14974,0.999143,0.9996875,0.9973828
14975,0.99900234,0.9996036,0.9975763
14976,0.99884933,0.9994667,0.9977172
14977,0.99866736,0.9992704,0.9978834
14978,0.99876267,0.99937385,0.99784553
14979,0.9991981,0.99965596,0.99738795
14980,0.9991876,0.9996611,0.99746704
14981,0.99932,0.9997124,0.9973098
14982,0.9995169,0.99973226,0.9988719
14983,0.9993002,0.9996723,0.9973297
14984,0.99947333,0.99972075,0.9982602
14985,0.9995202,0.9997335,0.9989901
14986,0.999442,0.9990918,0.99927366
14987,0.99900705,0.9983466,0.99659544
14988,0.99853534,0.997995,0.99726135
14989,0.998369,0.99777704,0.9974625
14990,0.99843997,0.9979554,0.9974619
14991,0.9984397,0.99800235,0.9975139
14992,0.99830836,0.99779207,0.9976534
14993,0.99848276,0.99815154,0.9975646
14994,0.9989791,0.99874413,0.99710834
14995,0.999281,0.99894893,0.99752253
14996,0.9993541,0.9990267,0.99829614
14997,0.9993926,0.9989549,0.9988674
14998,0.99923104,0.99866533,0.9973397
14999,0.998909,0.9985783,0.99713653
15000,0.99896735,0.9986919,0.9971441
15001,0.99867654,0.9984876,0.99753284
15002,0.99881834,0.998681,0.9974514
15003,0.99869233,0.9985915,0.9976284
15004,0.99885744,0.9987956,0.9975196
15005,0.9993719,0.9990947,0.9985769
15006,0.9990668,0.9990085,0.9973548
15007,0.9993014,0.9991494,0.99771404
15008,0.99933904,0.99920034,0.9981038
15009,0.99929816,0.9986776,0.99824023
15010,0.9992292,0.99836385,0.9977027
15011,0.9991931,0.9984466,0.9973456
15012,0.99897206,0.9982386,0.9966523
15013,0.99893916,0.9983081,0.99680436
15014,0.9988847,0.9983277,0.99694014
15015,0.99928796,0.998584,0.99837995
15016,0.9991294,0.99845666,0.99688673
15017,0.9990381,0.9985261,0.99682224
15018,0.9992263,0.99870956,0.99776775
15019,0.9992503,0.9987829,0.99798983
15020,0.99931353,0.9988548,0.9986369
15021,0.9991191,0.99845433,0.9968805
15022,0.99917465,0.9985591,0.99740064
15023,0.99904203,0.9985872,0.99677217
15024,0.99882734,0.99840856,0.996924
15025,0.9985629,0.99752474,0.9947027
15026,0.9991515,0.99817765,0.9970324
15027,0.99901146,0.9978592,0.9952413
15028,0.9988334,0.9971832,0.9913557
15029,0.99631923,0.9954151,0.98395556
15030,0.9856325,0.99215144,0.9814284
15031,0.992217,0.9931279,0.98244035
15032,0.99579424,0.9951994,0.983904
15033,0.9967159,0.9965637,0.985041
15034,0.9971994,0.99725777,0.9859903
15035,0.997884,0.9979948,0.987997
15036,0.99778265,0.99825746,0.98981786
15037,0.99804354,0.99850047,0.99222815
15038,0.99845356,0.9989111,0.99380845
15039,0.99826294,0.99868304,0.9951007
15040,0.9983993,0.9988324,0.99588966
15041,0.99876416,0.99919355,0.99634284
15042,0.9986803,0.9991332,0.99685055
15043,0.9989256,0.99932146,0.99718046
15044,0.9988633,0.99911,0.9946246
15045,0.9972366,0.99865264,0.9877954
15046,0.9972955,0.9986675,0.98960847
15047,0.99781024,0.9989455,0.991826
15048,0.99820024,0.999171,0.99357116
15049,0.9988082,0.99931055,0.99497503
15050,0.99802744,0.9991788,0.9925429
15051,0.99872535,0.9992956,0.9938056
15052,0.99866986,0.9993401,0.9944178
15053,0.9977006,0.99917454,0.9922855
15054,0.9978659,0.99910194,0.99387336
15055,0.99813926,0.9992514,0.99496305
15056,0.99827045,0.99928135,0.9957749
15057,0.9981646,0.9992761,0.992298
15058,0.9967701,0.9991252,0.98863333
15059,0.9970826,0.9991714,0.991078
15060,0.9974319,0.99920356,0.99281746
15061,0.99757165,0.9989373,0.99431884
15062,0.9981524,0.99933684,0.9953491
15063,0.9980614,0.9991765,0.9961138
15064,0.9980966,0.9990484,0.99669135
15065,0.99851584,0.9993968,0.997103
15066,0.9981662,0.9988762,0.99747264
15067,0.99823904,0.9988978,0.9977597
15068,0.9984936,0.9992673,0.9979714
15069,0.9978489,0.99912107,0.99514186
15070,0.9974539,0.998473,0.99484444
15071,0.9979446,0.9990845,0.9957733
15072,0.99814457,0.9991892,0.996427
15073,0.9981275,0.9989871,0.99693465
15074,0.9983368,0.9992036,0.9973157
15075,0.99819,0.99901533,0.99712324
15076,0.9980797,0.99858713,0.9974923
15077,0.99801093,0.9981658,0.9978019
15078,0.998488,0.9991725,0.9980254
15079,0.99916106,0.9993926,0.9981775
15080,0.999205,0.9994045,0.99786663
15081,0.99906176,0.9993597,0.99788547
15082,0.9988946,0.99930394,0.9972383
15083,0.9952404,0.9989139,0.98757106
15084,0.9760688,0.9948559,0.98270327
15085,0.98380417,0.995528,0.9832345
15086,0.9881541,0.9949306,0.9840175
15087,0.9907519,0.9939464,0.98506665
15088,0.9932556,0.992778,0.9871046
15089,0.99591154,0.9958818,0.9902873
15090,0.9962668,0.99650294,0.98997
15091,0.994806,0.9951281,0.98891133
15092,0.9960987,0.9951725,0.9917336
15093,0.9968155,0.9952884,0.99388826
15094,0.9973686,0.9960626,0.9953733
15095,0.9968529,0.9924479,0.9963735
15096,0.9980363,0.99699056,0.9972496
15097,0.9982377,0.99737877,0.9976713
15098,0.9983033,0.9977299,0.99715436
15099,0.99732924,0.9968904,0.99385536
15100,0.9976922,0.9971195,0.99521416
15101,0.9979345,0.9973702,0.9959926
15102,0.9984037,0.99772525,0.9953283
15103,0.9939155,0.9920276,0.98856914
15104,0.99424,0.9913227,0.9895511
15105,0.99583274,0.9926436,0.99217963
15106,0.99726444,0.9964146,0.9944144
15107,0.99754053,0.99638534,0.99565023
15108,0.9975492,0.9954283,0.99653316
15109,0.99734527,0.99305695,0.9972318
15110,0.99757326,0.9936251,0.99783766
15111,0.99863815,0.9981635,0.9982079
15112,0.99591315,0.9963604,0.98916143
15113,0.9966958,0.99685097,0.9914604
15114,0.9973149,0.99718016,0.9935018
15115,0.99749875,0.99694574,0.9947995
15116,0.99800545,0.99773777,0.9958603
15117,0.99773836,0.9975413,0.99320936
15118,0.9954416,0.9966923,0.9887464
15119,0.99182206,0.99546105,0.9857398
15120,0.99449235,0.9960593,0.98823255
15121,0.9959828,0.99639535,0.9909784
15122,0.9970895,0.99729776,0.9924979
15123,0.9862956,0.9946389,0.98382705
15124,0.96952325,0.98183745,0.98261356
15125,0.96983016,0.9599623,0.9825569
15126,0.98325366,0.95547,0.98306817
15127,0.9945878,0.97410095,0.9860907
15128,0.996069,0.9801134,0.9910693
15129,0.9974878,0.98808575,0.9946336
15130,0.99772596,0.99001634,0.996283
15131,0.99881524,0.9944662,0.9970667
15132,0.9988225,0.9936696,0.9950774
15133,0.99713606,0.9898756,0.990472
15134,0.99828666,0.9939587,0.9932665
15135,0.9985896,0.9952513,0.9949229
15136,0.9981637,0.99482834,0.9957479
15137,0.99766207,0.9926566,0.9966891
15138,0.99724704,0.98965776,0.99742335
15139,0.99873793,0.996806,0.9977621
15140,0.9980806,0.99500424,0.99814135
15141,0.99870324,0.99696636,0.99823517
15142,0.9977857,0.99382573,0.9944955
15143,0.99753654,0.99272156,0.9953502
15144,0.99776274,0.9938806,0.996411
15145,0.9970585,0.98922664,0.99719024
15146,0.99814355,0.9956899,0.99764836
15147,0.9975973,0.9930752,0.9980246
15148,0.99769384,0.9936741,0.9979155
15149,0.99848926,0.9966361,0.9974397
15150,0.9988057,0.9972811,0.99758875
15151,0.99885195,0.9974642,0.9977818
15152,0.99687916,0.98826987,0.998191
15153,0.9988325,0.99762434,0.9979878
15154,0.9990812,0.9973678,0.99706936
15155,0.9980005,0.9954196,0.9974226
15156,0.9972666,0.99156463,0.9978582
15157,0.9990136,0.99774384,0.9975188
15158,0.9990083,0.99771106,0.9973689
15159,0.9976978,0.9942828,0.9975731
15160,0.99750936,0.9933473,0.9978877
15161,0.99776787,0.99477,0.9980373
15162,0.9981155,0.99622047,0.9980805
15163,0.9977602,0.9948366,0.9982866
15164,0.99724835,0.9920233,0.9984783
15165,0.9966358,0.98787045,0.9986342
15166,0.99801785,0.9962485,0.998312
15167,0.99755,0.99424165,0.99848115
15168,0.9988908,0.9981649,0.99783474
15169,0.9969049,0.99023426,0.99849194
15170,0.9990284,0.997964,0.9972425
15171,0.99796534,0.99606216,0.9980707
15172,0.99737215,0.99341697,0.9983003
15173,0.99659705,0.98852956,0.9984768
15174,0.9964209,0.9876458,0.9984422
15175,0.99638426,0.98780245,0.99834645
15176,0.9963046,0.987645,0.9982427
15177,0.9991516,0.9986196,0.9961264
15178,0.99654096,0.98976296,0.99811363
15179,0.9967956,0.9916525,0.99791265
15180,0.9966442,0.99088013,0.9978667
15181,0.9967953,0.99200845,0.9977006
15182,0.9965104,0.99039835,0.9977074
15183,0.9961611,0.9883422,0.99769396
15184,0.9967922,0.9925733,0.9972863
15185,0.99830866,0.99829036,0.9961705
15186,0.99706006,0.9941585,0.99717313
15187,0.9992501,0.9991861,0.9956461
15188,0.99934727,0.99896884,0.9971286
15189,0.9990258,0.9971928,0.9952254
15190,0.99898505,0.9974336,0.9949506
15191,0.9992083,0.9977186,0.996784
15192,0.99903363,0.9956983,0.9943594
15193,0.99617916,0.9868127,0.9945045
15194,0.9979119,0.995615,0.9938592
15195,0.9991008,0.9974973,0.99588627
15196,0.99879074,0.99694973,0.99333936
15197,0.9988919,0.9974559,0.99424267
15198,0.9988653,0.9978097,0.9942746
15199,0.9989354,0.997092,0.99343514
15200,0.9985772,0.9969488,0.990674
15201,0.9984002,0.99727345,0.9912772
15202,0.9989329,0.99812955,0.9942686
15203,0.9984854,0.997435,0.9893549
15204,0.9986373,0.99812233,0.99167997
15205,0.99804604,0.99767214,0.9936318
15206,0.9970444,0.99445045,0.9952532
15207,0.9976485,0.9968269,0.9954743
15208,0.9972904,0.9955329,0.99551517
15209,0.99858576,0.99860513,0.9944115
15210,0.9981989,0.9981387,0.99479234
15211,0.99620533,0.9896868,0.9964209
15212,0.995681,0.9864257,0.9968983
15213,0.99795496,0.9977892,0.9954274
15214,0.9983473,0.9985407,0.9954384
15215,0.99811757,0.9982178,0.99601096
15216,0.9966206,0.9924623,0.9970848
15217,0.99578387,0.9873691,0.9974065
15218,0.9976641,0.99725693,0.9965032
15219,0.99806815,0.9982701,0.996312
15220,0.99874234,0.9990004,0.99505466
15221,0.99652743,0.9920553,0.99689764
15222,0.99527085,0.9843235,0.9973405
15223,0.99598503,0.989258,0.99697816
15224,0.9965263,0.9926364,0.99665964
15225,0.998593,0.9990769,0.9948326
15226,0.99909836,0.9994256,0.9959759
15227,0.99830526,0.9988496,0.9957459
15228,0.9992991,0.99955267,0.9977415
15229,0.9992829,0.99955213,0.99759454
15230,0.99885774,0.9992083,0.99462813
15231,0.9988139,0.99925184,0.99505293
15232,0.99759436,0.9971486,0.996439
15233,0.9988767,0.9992869,0.99509245
15234,0.9988142,0.9992467,0.9952903
15235,0.99915165,0.99942386,0.99691194
15236,0.9980902,0.998124,0.9946977
15237,0.9985635,0.99883497,0.99469995
15238,0.9976727,0.9972464,0.99605054
15239,0.9965015,0.99201506,0.996883
15240,0.9972691,0.9958845,0.99662286
15241,0.99774146,0.99742603,0.9960536
15242,0.9972677,0.99582607,0.9965806
15243,0.9965763,0.9924444,0.9970075
15244,0.99435395,0.98082536,0.9976442
15245,0.9943744,0.9802133,0.99744534
15246,0.99800295,0.99834496,0.99527663
15247,0.99888027,0.9992909,0.9945306
15248,0.99871516,0.9992358,0.99452525
15249,0.99785626,0.9980737,0.9959583
15250,0.9983307,0.9989247,0.9956014
15251,0.9970646,0.995473,0.99677664
15252,0.99848497,0.9991347,0.9956008
15253,0.9989921,0.9995232,0.9950468
15254,0.99862826,0.9993315,0.9958415
15255,0.99831843,0.9990052,0.99639946
15256,0.99864274,0.9993769,0.9961543
15257,0.9968797,0.9945477,0.997548
15258,0.9956484,0.9873801,0.9978977
15259,0.9987,0.99946326,0.99585634
15260,0.99860126,0.9993974,0.996177
15261,0.99804723,0.9986307,0.9968781
15262,0.9952207,0.9848042,0.9980648
15263,0.99576557,0.98858345,0.99770606
15264,0.9960257,0.99038947,0.9974621
15265,0.9968428,0.9949113,0.99700516
15266,0.99615383,0.9912989,0.997275
15267,0.99931127,0.9997907,0.99633855
15268,0.9989624,0.99965227,0.9945182
15269,0.99842095,0.9992354,0.9955755
15270,0.99871016,0.99950945,0.99534595
15271,0.99888295,0.99963117,0.9952617
15272,0.9970937,0.9958728,0.9971746
15273,0.99607444,0.99057114,0.99757403
15274,0.9963436,0.9922653,0.997358
15275,0.9954367,0.9869151,0.99756557
15276,0.9960783,0.9910525,0.9971545
15277,0.9965568,0.9936973,0.9966537
15278,0.9966157,0.994023,0.99658847
15279,0.9989345,0.99967086,0.99401754
15280,0.9979124,0.99855405,0.99591833
15281,0.9991996,0.9997524,0.99499583
15282,0.99884593,0.99961656,0.9946779
15283,0.9991411,0.9997523,0.9945613
15284,0.99766636,0.9977995,0.9961862
15285,0.9968445,0.9947104,0.9966848
15286,0.9974935,0.9972601,0.99627584
15287,0.99906784,0.999619,0.994562
15288,0.99922514,0.9996601,0.9960793
15289,0.99924016,0.9996014,0.99654126
15290,0.99915916,0.99911773,0.99669975
15291,0.9992095,0.9991542,0.9971754
15292,0.9981795,0.99837726,0.995013
15293,0.9983041,0.9985689,0.9949787
15294,0.99903953,0.9992308,0.9957719
15295,0.99843186,0.9988534,0.99534476
15296,0.99835247,0.9987347,0.99550205
15297,0.9958565,0.9883823,0.9972414
15298,0.99537,0.985597,0.99726385
15299,0.99603766,0.9900957,0.9968113
15300,0.9959617,0.9898192,0.99672014
15301,0.99567264,0.98825926,0.9967004
15302,0.9962518,0.9918497,0.9961697
15303,0.9968619,0.9949934,0.99574447
15304,0.998458,0.9991423,0.9941002
15305,0.9984009,0.9991217,0.9945383
15306,0.9980973,0.99873835,0.9952507
15307,0.99928135,0.9996716,0.9966742
15308,0.99936074,0.99970055,0.9975394
15309,0.9984609,0.99926376,0.9952769
15310,0.9966407,0.9938757,0.99693143
15311,0.99652916,0.99333805,0.9969423
15312,0.99709636,0.9960067,0.99659884
15313,0.9972038,0.9964191,0.99656546
15314,0.9991548,0.9997258,0.9948605
15315,0.9992573,0.999773,0.99580026
15316,0.9982556,0.9990833,0.99611026
15317,0.9980438,0.9987352,0.99644667
15318,0.9981726,0.9989531,0.9964373
15319,0.9990594,0.9997399,0.9952165
15320,0.9990241,0.9996941,0.9952579
15321,0.9985133,0.99936604,0.9963187
15322,0.99802727,0.9986468,0.996913
15323,0.9987904,0.999605,0.9961855
15324,0.99928683,0.99977714,0.99640685
15325,0.99922377,0.9997776,0.9957217
15326,0.9992732,0.9997958,0.9962584
15327,0.9993973,0.99980015,0.9978926
15328,0.99753195,0.9972396,0.9975378
15329,0.9979057,0.9982949,0.99734724
15330,0.9979833,0.998464,0.9973456
15331,0.9980035,0.9984995,0.9973838
15332,0.9979538,0.998378,0.99746466
15333,0.9980794,0.9986433,0.9974285
15334,0.9988867,0.9996413,0.9967091
15335,0.9988729,0.9996405,0.9968423
15336,0.99852467,0.9993441,0.99732274
15337,0.99941146,0.99983376,0.99759495
15338,0.99771696,0.9976734,0.9979129
15339,0.9980412,0.9985191,0.9977603
15340,0.997816,0.9979381,0.9979094
15341,0.99781895,0.9979338,0.9979248
15342,0.99846524,0.9992445,0.99754876
15343,0.998407,0.99916095,0.9976475
15344,0.9982134,0.9988334,0.99782336
15345,0.998368,0.99909276,0.99776036
15346,0.99855256,0.99934167,0.99766845
15347,0.99866515,0.99946326,0.99762636
15348,0.998382,0.9991017,0.99789107
15349,0.9983738,0.9990832,0.99793285
15350,0.9986262,0.9994164,0.99779063
15351,0.9985778,0.99935913,0.9978732
15352,0.9985678,0.9993443,0.9979216
15353,0.99894303,0.9996797,0.9976318
15354,0.99891824,0.9996664,0.99771506
15355,0.99886346,0.99963015,0.9978215
15356,0.99899435,0.9997151,0.997737
15357,0.9992723,0.99982816,0.99741167
15358,0.99941987,0.9998635,0.9971898
15359,0.9986935,0.9994891,0.9981659
15360,0.99896187,0.99970657,0.9979785
15361,0.9989717,0.9997132,0.99801046
15362,0.99944896,0.99987775,0.997357
15363,0.9994432,0.99988204,0.9974428
15364,0.99950844,0.9998947,0.9980408
15365,0.99893886,0.9996933,0.99817944
15366,0.99892044,0.9996802,0.9982267
15367,0.9989468,0.9996976,0.99823636
15368,0.99869907,0.9994809,0.9984393
15369,0.99879575,0.9995752,0.99840057
15370,0.9988129,0.99958867,0.99841297
15371,0.99886954,0.99963504,0.998398
15372,0.9990791,0.9997702,0.9982542
15373,0.99948674,0.99989045,0.9977171
15374,0.99848247,0.9991708,0.99869365
15375,0.9986227,0.9993705,0.9986403
15376,0.99891454,0.9996655,0.99848557
15377,0.9994318,0.9998842,0.997948
15378,0.99955267,0.9999029,0.99854386
15379,0.999534,0.9998869,0.9984149
15380,0.99917334,0.99980295,0.9983154
15381,0.99924505,0.99983066,0.9982686
15382,0.9994806,0.9998862,0.9979575
15383,0.99926305,0.99984115,0.9983154
15384,0.9993334,0.9998626,0.9982608
15385,0.9994407,0.99988693,0.9981384
15386,0.99921405,0.99962085,0.99796176
15387,0.99933976,0.9996696,0.9978257
15388,0.99927557,0.9996624,0.99796766
15389,0.9989344,0.99948794,0.9983521
15390,0.9991301,0.9996143,0.998206
15391,0.9989287,0.9994893,0.99840957
15392,0.99886197,0.9994318,0.9984787
15393,0.9992976,0.99968857,0.9980955
15394,0.99918336,0.9996538,0.99826515
15395,0.99944377,0.999735,0.99816674
15396,0.999523,0.9997246,0.9995248
15397,0.9992971,0.9996644,0.99813354
15398,0.99932814,0.99963766,0.99806154
15399,0.9992852,0.9996348,0.9981556
15400,0.9991791,0.999602,0.99830824
15401,0.9992399,0.9996331,0.99827147
15402,0.9993627,0.99967825,0.9981472
15403,0.9988831,0.99941903,0.9986209
15404,0.99926865,0.9996589,0.9983194
15405,0.9993036,0.9996766,0.9983068
15406,0.9993337,0.9996919,0.9982984
15407,0.9994569,0.9997182,0.9985231
15408,0.99945587,0.9997211,0.99850434
15409,0.9992118,0.99965525,0.9984891
15410,0.99934393,0.9997056,0.9983702
15411,0.99921745,0.9996667,0.99852973
15412,0.999236,0.99967754,0.99853325
15413,0.9993536,0.99972063,0.9984299
15414,0.99922043,0.9996731,0.99858224
15415,0.99917597,0.99962604,0.9986016
15416,0.999271,0.9996695,0.9985338
15417,0.99943674,0.99972045,0.9983588
15418,0.9993406,0.99970335,0.9985058
15419,0.99930096,0.9995571,0.9984118
15420,0.9998606,0.9995675,0.99985886
15421,0.9993175,0.99933064,0.998206
15422,0.9991046,0.9992475,0.9984502
15423,0.99935025,0.9993669,0.9982094
15424,0.99929094,0.9993644,0.998309
15425,0.99958605,0.9994266,0.9995836
15426,0.9995517,0.9991692,0.9995264
15427,0.99921453,0.9989166,0.9981029
15428,0.99920607,0.99895114,0.9981451
15429,0.99930066,0.99902403,0.9981875
15430,0.9993721,0.99907225,0.99899334
15431,0.99946314,0.9990303,0.999411
15432,0.9992097,0.9988597,0.99807185
15433,0.9993535,0.99894136,0.9989312
15434,0.9992489,0.9988903,0.9980356
15435,0.99916327,0.99889565,0.99816924
15436,0.99919206,0.99894494,0.9981704
15437,0.99966365,0.9990549,0.99960524
15438,0.9997461,0.99871415,0.9995524
15439,0.9996143,0.99873775,0.99943477
15440,0.9992545,0.9987233,0.998075
15441,0.9991233,0.9987162,0.9980212
15442,0.9992607,0.99882686,0.99807453
15443,0.998966,0.99856925,0.99812067
15444,0.9991432,0.9986557,0.9979244
15445,0.9990264,0.99863905,0.99809104
15446,0.99919665,0.9987793,0.9979631
15447,0.99933267,0.9988775,0.9988953
15448,0.99954414,0.9988824,0.99940795
15449,0.9992423,0.99876,0.998002
15450,0.99899936,0.99819463,0.9974857
15451,0.9991605,0.998382,0.9974771
15452,0.99902415,0.9984007,0.9977025
15453,0.99883884,0.9983131,0.9979468
15454,0.999274,0.9986455,0.9985347
15455,0.99898815,0.9984681,0.9978496
15456,0.99905646,0.9985726,0.99786264
15457,0.99900556,0.9985938,0.9979786
15458,0.99883425,0.99848574,0.99816847
15459,0.99909824,0.9987324,0.9980008
15460,0.99897057,0.9986882,0.99816495
15461,0.99927074,0.9988907,0.9983205
15462,0.9993247,0.9989428,0.9988839
15463,0.9993333,0.99864566,0.99897087
15464,0.99950796,0.9980169,0.99813634
15465,0.99910784,0.9979226,0.99698764
15466,0.99896866,0.9978868,0.9961005
15467,0.9986772,0.99779373,0.9966962
15468,0.9991308,0.9982689,0.9973499
15469,0.9989823,0.9982985,0.9970044
15470,0.999061,0.99845123,0.9971538
15471,0.9986166,0.9981099,0.99768496
15472,0.9992957,0.99866265,0.99864084
15473,0.9988208,0.99819237,0.9970029
15474,0.9986239,0.99805266,0.99738276
15475,0.99901146,0.99849087,0.9972673
15476,0.9986985,0.99743754,0.9928075
15477,0.99825436,0.9972549,0.994288
15478,0.99869627,0.9979823,0.99477
15479,0.9991038,0.9983355,0.9963456
15480,0.9984975,0.99764454,0.9914218
15481,0.99845666,0.99798465,0.992602
15482,0.99815387,0.99772465,0.9944009
15483,0.99731284,0.994665,0.99569505
15484,0.99874586,0.99862194,0.99599874
15485,0.99809694,0.9975702,0.9968185
15486,0.99822867,0.9978799,0.9971621
15487,0.9985257,0.9984543,0.9973437
15488,0.9990115,0.99897003,0.99728984
15489,0.99791324,0.9968937,0.997877
15490,0.9983723,0.9981827,0.99792176
15491,0.99847484,0.9983791,0.9980246
15492,0.99892294,0.99896,0.9979206
15493,0.9988496,0.9987768,0.9972759
15494,0.99885315,0.9986008,0.99553317
15495,0.99884635,0.99870354,0.99619204
15496,0.9983218,0.9980713,0.99693257
15497,0.9978678,0.9967426,0.99741036
15498,0.9990647,0.9989648,0.9974339
15499,0.99903834,0.99894893,0.99721915
15500,0.99818873,0.997806,0.9961941
15501,0.99724597,0.99388635,0.9969526
15502,0.9989413,0.99885964,0.99686277
15503,0.99747723,0.99500734,0.9975498
15504,0.9978206,0.9965177,0.9977787
15505,0.9980867,0.99741685,0.9979202
15506,0.99802226,0.99718136,0.9980962
15507,0.99795246,0.99690753,0.9982441
15508,0.9991775,0.9989886,0.99830574
15509,0.99797535,0.9969623,0.99763143
15510,0.99725133,0.99346906,0.9979576
15511,0.996863,0.9909151,0.9982286
15512,0.99735767,0.99414617,0.998309
15513,0.9985336,0.9983828,0.9980434
15514,0.9980735,0.9972911,0.9983077
15515,0.9991596,0.9987505,0.997813
15516,0.99757844,0.99540347,0.9956934
15517,0.99677837,0.9909211,0.99605083
15518,0.99831414,0.9977028,0.9963694
15519,0.9985326,0.9981328,0.99667823
15520,0.9990832,0.9981352,0.9951259
15521,0.9986587,0.9979134,0.9924274
15522,0.998,0.9973772,0.9924484
15523,0.99807477,0.9977225,0.9885044
15524,0.99684095,0.9973177,0.98490447
15525,0.99568677,0.9901256,0.9888984
15526,0.9949029,0.98630255,0.9924033
15527,0.9947916,0.9854544,0.99495685
15528,0.9955364,0.9862063,0.995987
15529,0.9969271,0.99319077,0.9967899
15530,0.99873954,0.99902326,0.996531
15531,0.9987227,0.9990388,0.9968734
15532,0.9991217,0.99930173,0.99770045
15533,0.9981357,0.99811196,0.9973697
15534,0.99649763,0.99003536,0.9979053
15535,0.99696785,0.9931554,0.99802905
15536,0.9968827,0.9926595,0.9981676
15537,0.9981301,0.99809945,0.997866
15538,0.9980672,0.99792784,0.9979778
15539,0.99894875,0.9992379,0.9973556
15540,0.9981077,0.99792373,0.9939819
15541,0.99616724,0.9885129,0.99568844
15542,0.99851227,0.99864024,0.99573714
15543,0.99901193,0.99908763,0.9963586
15544,0.9990352,0.99914813,0.9966384
15545,0.9947659,0.9843557,0.9952908
15546,0.99870354,0.9988682,0.9952106
15547,0.99588543,0.98668563,0.9969263
15548,0.9959458,0.98727155,0.9973793
15549,0.99724287,0.99525017,0.9972748
15550,0.99865645,0.99900424,0.9965788
15551,0.9990643,0.99931085,0.9966704
15552,0.9962789,0.98961884,0.99801224
15553,0.9957948,0.9865978,0.99811906
15554,0.99722236,0.99539053,0.9976463
15555,0.9971388,0.9949947,0.9976364
15556,0.99606234,0.988738,0.9979564
15557,0.997466,0.99651015,0.99735534
15558,0.99897045,0.9993718,0.99599624
15559,0.99855334,0.9990836,0.99675137
15560,0.9982315,0.9986349,0.9971547
15561,0.9968804,0.9938067,0.99790066
15562,0.99756193,0.9968624,0.9975235
15563,0.9992079,0.99951905,0.9969667
15564,0.99676055,0.9931604,0.9979401
15565,0.99659926,0.99231035,0.997928
15566,0.9968373,0.9937386,0.9977669
15567,0.99788725,0.99795943,0.99720395
15568,0.99510574,0.9830141,0.9981816
15569,0.99597573,0.9890136,0.99772114
15570,0.99653274,0.9925807,0.99737513
15571,0.9971725,0.9958087,0.99700403
15572,0.99882966,0.99946016,0.9954138
15573,0.9989775,0.9995474,0.9952795
15574,0.99803805,0.9984782,0.9966757
15575,0.9993136,0.9996735,0.9969122
15576,0.99820435,0.9987935,0.99670494
15577,0.9958135,0.98804384,0.99789894
15578,0.9960974,0.9900871,0.99764836
15579,0.99590915,0.9890942,0.9975748
15580,0.9956162,0.98747617,0.9975104
15581,0.99607885,0.9905757,0.997163
15582,0.99671733,0.9942062,0.9967626
15583,0.9972488,0.9965246,0.996439
15584,0.9986055,0.9994328,0.9951272
15585,0.99888957,0.99962914,0.9947922
15586,0.99843067,0.9992803,0.99580157
15587,0.9985779,0.99943864,0.99578196
15588,0.99876904,0.99959373,0.9956541
15589,0.9990743,0.9997538,0.99524164
15590,0.99587613,0.9891205,0.99782866
15591,0.9987727,0.9996278,0.9957954
15592,0.99528944,0.9855969,0.99793917
15593,0.9963746,0.9924632,0.9974166
15594,0.9967562,0.99451095,0.9971879
15595,0.99609745,0.9909546,0.9974148
15596,0.9968329,0.994957,0.99700904
15597,0.9966968,0.9943125,0.9970608
15598,0.9974189,0.99727243,0.9966461
15599,0.9985513,0.9994988,0.9956389
15600,0.9992356,0.9998531,0.9943608
15601,0.9990061,0.9997814,0.9951156
15602,0.997088,0.9959557,0.99724644
15603,0.9973858,0.9970751,0.99709713
15604,0.9992588,0.9998642,0.99473655
15605,0.9992838,0.9998793,0.9949353
15606,0.9990369,0.9998215,0.9958213
15607,0.998982,0.9998045,0.9961033
15608,0.99890125,0.9997701,0.9963917
15609,0.9976079,0.9977053,0.99762565
15610,0.994579,0.9812825,0.9984513
15611,0.99835634,0.99931896,0.9967736
15612,0.9989862,0.99981874,0.9960461
15613,0.9985694,0.99954754,0.99677545
15614,0.9984637,0.99943614,0.99697393
15615,0.9989684,0.99980056,0.99625957
15616,0.99893093,0.9997573,0.9961562
15617,0.99946856,0.99988985,0.99656975
15618,0.99941826,0.9998792,0.99598026
15619,0.99923116,0.9998506,0.99569774
15620,0.9990811,0.9998153,0.99622285
15621,0.9991604,0.9998462,0.99620986
15622,0.9993522,0.9998933,0.9958717
15623,0.99899954,0.9997773,0.9966024
15624,0.99832916,0.9991695,0.9974313
15625,0.99917936,0.999844,0.99644786
15626,0.99812907,0.99881953,0.99771094
15627,0.9974129,0.9967622,0.99808663
15628,0.99876183,0.99963695,0.99722904
15629,0.99912715,0.99982744,0.99676037
15630,0.9989736,0.99972266,0.99681556
15631,0.9986816,0.9995248,0.9972733
15632,0.99839854,0.99919444,0.99758613
15633,0.9993445,0.99985266,0.99635625
15634,0.99915093,0.9997719,0.9966779
15635,0.99732685,0.9961128,0.99810946
15636,0.9965595,0.9921007,0.9983215
15637,0.9987917,0.9995671,0.99703944
15638,0.9992662,0.9997755,0.9962525
15639,0.99837536,0.99909294,0.9975453
15640,0.9975727,0.9970567,0.99803215
15641,0.99826854,0.99890804,0.99766946
15642,0.99828804,0.9989291,0.9976763
15643,0.99761504,0.99714917,0.998062
15644,0.99813855,0.99862117,0.9977939
15645,0.9975755,0.9969045,0.9979646
15646,0.9978097,0.9976918,0.99785554
15647,0.9984418,0.9990892,0.9974767
15648,0.99903315,0.9996389,0.9968851
15649,0.99913484,0.9996877,0.9967976
15650,0.9990907,0.99966884,0.9969343
15651,0.9980018,0.99818695,0.99796593
15652,0.9992212,0.9997185,0.99680024
15653,0.99887115,0.99954087,0.99736893
15654,0.9982684,0.9987443,0.9978725
15655,0.9986466,0.99931526,0.99763244
15656,0.9974362,0.99610716,0.9983053
15657,0.9971411,0.994689,0.9983709
15658,0.997695,0.9971556,0.99813706
15659,0.99867433,0.999337,0.997545
15660,0.9987387,0.9994044,0.997538
15661,0.99835974,0.99889475,0.9978843
15662,0.9990805,0.9996471,0.99723375
15663,0.999072,0.99965286,0.9973229
15664,0.9995147,0.999712,0.9983703
15665,0.99890655,0.9981754,0.996163
15666,0.99906653,0.9984005,0.99599326
15667,0.99903876,0.9985356,0.99619603
15668,0.9956624,0.98379266,0.99820703
15669,0.9963619,0.98911375,0.99781173
15670,0.9968148,0.9922288,0.9975071
15671,0.99776095,0.99669534,0.9969297
15672,0.9986213,0.9985454,0.9961586
15673,0.9988036,0.9986018,0.99584544
15674,0.9979844,0.99736595,0.9968934
15675,0.99920624,0.9986845,0.99640274
15676,0.99927366,0.99881965,0.9970191
15677,0.99937487,0.9985365,0.9984329
15678,0.9990723,0.99780834,0.99582285
15679,0.99599606,0.9853791,0.98382056
15680,0.99534917,0.9820058,0.9891949
15681,0.99618524,0.98823136,0.9923566
15682,0.9970558,0.9934748,0.99356556
15683,0.9976676,0.99604523,0.9940645
15684,0.99887687,0.9982032,0.99440753
15685,0.998533,0.99791175,0.99332845
15686,0.99858034,0.9982172,0.9940385
15687,0.99819595,0.9978937,0.9951467
15688,0.99715346,0.9947485,0.99619263
15689,0.9990726,0.9988799,0.9961772
15690,0.9992523,0.99901205,0.9977976
15691,0.9990496,0.9987167,0.9959328
15692,0.99884045,0.9987366,0.9945495
15693,0.9986352,0.9987176,0.9953123
15694,0.9982832,0.9983624,0.996062
15695,0.9985072,0.99872315,0.99605197
15696,0.9974765,0.996305,0.99704945
15697,0.9978404,0.997501,0.99691695
15698,0.99859214,0.9989103,0.9963633
15699,0.9988826,0.9991922,0.99613094
15700,0.99793345,0.9978205,0.99723667
15701,0.99877405,0.9991765,0.9965465
15702,0.99897826,0.99934244,0.996386
15703,0.99913186,0.9994342,0.99652594
15704,0.99888283,0.9993132,0.9967116
