,0,1,2
0,0.0,0.0,0.0
1,0.0,0.0,0.0
2,0.0,0.0,0.0
3,0.0,0.0,0.0
4,0.0,0.0,0.0
5,0.0,0.0,0.0
6,0.0,0.0,0.0
7,0.30661863,0.47461262,0.57056874
8,0.30660635,0.47458825,0.57035685
9,0.3065956,0.47456387,0.5701305
10,3.1565237,4.88593,5.873095
11,8.519954,13.187681,15.849422
12,8.519617,13.186333,15.842512
13,8.519285,13.184985,15.83555
14,8.519078,13.18364,15.826758
15,8.518827,13.182295,15.818777
16,8.518571,13.180951,15.810893
17,9.595462,14.846722,17.804071
18,9.595149,14.845068,17.79537
19,9.594857,14.843415,17.786375
20,9.594634,14.8417635,17.776114
21,9.594363,14.840114,17.76678
22,9.594144,14.838465,17.756447
23,9.593881,14.836818,17.747005
24,9.715616,15.023851,17.961716
25,9.715443,15.022169,17.94988
26,9.715269,15.020489,17.938076
27,9.7150345,15.01881,17.9279
28,9.714745,15.017133,17.918743
29,9.714451,15.015457,17.909658
30,9.714254,15.0137825,17.898594
31,10.093102,15.598757,18.591167
32,11.685095,18.061382,21.538788
33,11.940557,18.454945,22.002985
34,11.9403925,18.452473,21.985844
35,11.940133,18.450005,21.972198
36,18.443142,28.513765,34.056885
37,18.46825,28.546879,34.08363
38,18.467804,28.540306,34.06097
39,18.467422,28.533747,34.036507
40,23.466995,36.26639,43.310516
41,23.47933,36.27382,43.304333
42,23.478884,36.261215,43.268803
43,23.550299,36.35984,43.3659
44,23.552345,36.350964,43.331898
45,23.551985,36.338367,43.29238
46,23.551558,36.325817,43.256107
47,34.033894,52.539314,62.720276
48,34.033173,52.495922,62.66111
49,43.680393,67.386536,80.5474
50,47.093193,72.54789,86.82404
51,47.09141,72.37292,86.745705
52,54.104855,83.05783,99.69287
53,54.893635,83.9293,101.019295
54,56.877274,86.63047,104.56623
55,56.875473,86.18865,104.44115
56,56.873405,85.75886,104.32357
57,75.83132,114.68683,139.44106
58,79.804886,118.24574,146.61508
59,89.94671,130.59315,165.17963
60,89.94313,123.331375,164.80328
61,89.93939,117.88562,164.37129
62,89.93543,113.56438,163.90047
63,90.09414,110.26073,163.5984
64,90.33953,107.62744,163.5164
65,90.3367,104.980125,162.83383
66,92.34096,105.81169,165.8542
67,92.33703,103.41573,165.1839
68,94.30341,104.38316,168.6724
69,94.29939,102.097916,167.90858
70,94.29496,100.119415,167.15915
71,94.29094,98.38523,166.35783
72,94.28712,96.857086,165.52695
73,94.284355,95.50296,164.87485
74,94.28191,94.27964,164.59315
75,94.58404,93.61071,164.66711
76,94.68921,92.69539,163.9011
77,99.93578,99.84361,173.38896
78,100.030136,98.45421,173.16603
79,102.392685,100.69542,177.44
80,102.571556,99.30468,177.11784
81,102.56722,97.78573,175.96147
82,102.56361,96.47011,174.91768
83,102.56017,95.3126,174.02638
84,102.55654,94.27677,172.93819
85,103.14551,94.27531,173.30449
86,107.397026,99.97179,180.62721
87,107.393616,98.72344,180.03792
88,107.38995,97.585396,179.20802
89,108.27556,97.937935,180.00604
90,113.00142,104.25058,188.11243
91,112.996895,102.79036,186.95192
92,112.9922,101.5224,185.65952
93,112.987854,100.42392,184.59651
94,112.98375,99.45022,183.7037
95,114.82093,101.42198,186.45242
96,128.10611,121.02526,210.65007
97,131.6507,123.33386,216.79117
98,131.64415,119.53506,215.55077
99,131.6384,116.514885,214.67928
100,131.63187,113.98271,213.37367
101,131.62401,111.88799,211.46117
102,131.61554,110.20228,209.28587
103,131.6087,108.8513,207.76778
104,131.60341,107.702385,207.04218
105,131.6176,106.68963,206.61234
106,131.61234,105.72054,205.88223
107,131.60458,104.83575,203.91943
108,132.4688,105.44247,204.04102
109,136.36064,110.77038,211.1259
110,140.47691,116.16445,217.9946
111,140.47089,114.83298,217.3332
112,141.24153,114.82988,217.90617
113,148.61,125.07918,231.45508
114,151.37132,127.14936,236.47858
115,151.39525,124.58572,235.5635
116,152.08705,123.452866,235.70842
117,152.73853,122.46733,236.4063
118,155.1817,124.35581,240.58595
119,155.54109,122.754395,240.34293
120,155.53136,120.81717,238.88503
121,155.52324,119.19559,237.98393
122,162.40932,128.43588,250.56554
123,162.40242,125.89123,250.54073
124,162.3952,123.58266,250.34892
125,162.38359,121.4955,248.63293
126,164.27895,122.73473,251.80258
127,165.21713,122.334465,253.38673
128,165.20956,120.45973,253.12723
129,165.4627,119.149475,253.40738
130,165.45374,117.528244,252.58978
131,170.87387,124.492744,262.40765
132,176.5459,131.0581,272.68933
133,176.52548,127.65542,269.84064
134,176.50847,125.20123,267.53223
135,176.48877,123.301445,264.73282
136,176.53703,121.94772,263.4643
137,176.56035,120.75484,262.16092
138,188.00766,137.40921,282.41336
139,192.07602,140.90279,289.33307
140,192.05927,137.37363,287.8076
141,195.17029,139.42284,292.95535
142,195.6565,136.99811,293.1264
143,195.64143,134.17535,292.038
144,195.8216,132.11876,291.8716
145,195.80757,130.00253,290.96982
146,196.01756,128.52234,289.5848
147,197.4883,129.28186,291.61868
148,197.4645,127.697556,289.07507
149,199.49529,129.6171,292.1602
150,199.6361,128.48723,291.8284
151,199.60591,127.225334,288.603
152,199.59174,126.285194,286.14502
153,199.5797,125.52841,283.97375
154,199.55424,124.8878,281.24796
155,199.52533,124.37414,278.10666
156,199.50789,123.97264,276.55496
157,200.67868,125.4539,277.77582
158,200.65334,125.08982,275.09262
159,200.627,124.79403,272.2809
160,204.75845,130.97443,278.85355
161,204.72806,130.65054,275.79535
162,204.69864,130.39403,272.83295
163,204.67723,130.18898,270.86765
164,208.44958,135.87552,276.98602
165,211.9572,141.09059,283.21396
166,211.92526,140.77214,280.35684
167,212.1265,140.86983,278.41312
168,212.10512,140.65138,276.82422
169,213.80852,143.12564,278.6616
170,213.78224,142.92099,276.4998
171,213.73738,142.74709,272.638
172,227.5845,164.08725,296.57428
173,227.60176,163.77292,293.25427
174,227.57109,163.4502,291.29785
175,227.59302,163.24675,289.98026
176,228.8594,165.0051,290.43457
177,228.83418,164.76987,288.63898
178,237.89487,178.61453,305.00775
179,240.36116,182.00969,308.33356
180,242.07709,184.17772,310.8526
181,263.68924,217.09776,350.1115
182,264.69528,215.06358,348.59894
183,264.5938,212.23796,344.64365
184,264.55453,210.2952,343.66385
185,264.53842,208.64282,342.30753
186,264.90527,207.82385,341.79446
187,265.0287,206.78366,340.24908
188,265.36862,206.4505,335.512
189,265.2054,205.68939,329.96518
190,265.1451,205.19167,327.56317
191,265.0992,204.77914,326.01727
192,269.8198,211.77437,334.24652
193,271.6168,214.11229,335.6753
194,273.91437,217.19797,339.05908
195,273.8527,216.67857,334.96948
196,273.69525,216.22745,330.2471
197,273.58804,215.91075,326.3913
198,273.42877,215.6673,322.5957
199,273.25888,215.4787,319.25287
200,273.05246,215.32094,316.4468
201,272.952,215.20131,312.89963
202,274.07224,216.91238,313.9439
203,275.63327,219.29488,316.27377
204,278.308,223.38788,320.94717
205,278.25238,223.25854,319.37436
206,278.15253,223.14206,316.03293
207,277.9591,223.03963,313.755
208,277.9357,223.02219,311.85315
209,281.53217,228.59303,317.60223
210,282.87067,230.67177,318.47168
211,285.55026,234.83232,321.70706
212,289.8138,241.43588,327.95975
213,302.60696,261.20807,350.43646
214,303.772,262.7722,351.0789
215,303.4806,262.36844,348.6446
216,303.18533,262.0169,346.37204
217,302.87393,261.69882,344.28305
218,302.47202,261.3404,342.5292
219,302.17828,261.0862,340.58847
220,301.8384,260.8272,338.86914
221,302.8635,262.4561,338.54675
222,302.71082,262.2948,336.26755
223,302.38968,262.09952,334.75394
224,302.16104,261.95703,333.0512
225,301.8192,261.7695,331.71027
226,301.5141,261.6135,330.34702
227,301.17398,261.44077,329.10223
228,300.80542,261.24905,327.9462
229,300.5134,261.117,326.69455
230,300.2349,260.99704,325.4598
231,299.88116,260.8314,324.3982
232,299.73737,260.75626,322.81784
233,299.60623,260.6893,321.2426
234,299.4148,260.62006,319.98428
235,299.2919,260.56424,318.49036
236,299.33832,260.83334,317.62946
237,299.00427,260.7094,316.77164
238,298.9139,260.66455,315.21198
239,299.05823,261.11615,314.73682
240,304.36508,269.39056,323.7313
241,309.82877,277.90274,332.85043
242,313.11252,283.08493,337.63397
243,313.04697,283.03607,335.96085
244,316.49026,288.55127,341.46332
245,315.96344,288.08685,340.65912
246,315.36707,287.45,339.91498
247,314.88678,287.07635,339.0954
248,314.3338,286.5507,338.34506
249,313.74835,285.93936,337.62527
250,313.47156,285.88464,337.1
251,317.7733,292.7212,344.26263
252,318.2154,293.60306,344.37027
253,321.2343,298.30118,348.56323
254,323.37326,301.60208,351.1168
255,329.77106,311.49908,361.59442
256,329.84348,311.55685,360.44174
257,329.8829,311.543,359.0563
258,331.08862,313.3761,359.97763
259,330.30988,311.93393,359.28375
260,329.6241,310.8869,358.53723
261,329.3279,310.5938,357.4117
262,329.24484,310.46982,356.04886
263,331.16678,313.6973,359.33694
264,331.05875,313.53592,358.00604
265,335.94498,321.22455,366.38632
266,337.12872,323.0626,367.70206
267,339.40628,326.49814,370.7216
268,339.0571,326.03537,369.6324
269,338.61517,325.4924,368.6841
270,338.4022,325.3093,368.07632
271,337.9552,324.78244,367.16415
272,337.51712,324.28027,366.2588
273,339.93097,328.07724,370.07382
274,339.69547,327.82254,369.33395
275,340.56415,329.2942,370.6874
276,342.66852,332.39282,373.37833
277,342.3235,331.90668,372.3295
278,342.12982,331.71634,372.0395
279,341.59113,330.97433,371.219
280,341.4451,330.8719,371.0201
281,341.03607,330.36,370.09482
282,340.45874,329.54913,369.32715
283,342.3714,332.51093,372.14423
284,342.77206,333.05893,372.00262
285,348.77692,342.30783,382.36014
286,349.10452,342.54312,381.9724
287,348.9224,342.0269,380.68375
288,352.4131,347.1072,386.69547
289,359.77454,358.03696,399.91077
290,360.4581,358.1281,400.51053
291,360.11215,356.87735,399.1072
292,359.65085,355.62897,397.90353
293,359.11343,354.27237,397.02835
294,360.0063,355.17004,397.8282
295,360.3638,355.26428,397.7229
296,367.2181,365.2678,409.33054
297,378.2509,381.27304,428.50745
298,378.7712,379.2106,427.91867
299,377.94107,375.20377,426.62296
300,379.14914,375.1083,427.25012
301,378.5465,372.49615,425.51144
302,377.7394,369.3332,424.32117
303,382.11057,374.96378,431.76468
304,384.09778,376.28525,433.8882
305,385.92755,377.12585,436.63522
306,385.47382,374.5884,434.0633
307,385.01904,372.56622,432.37106
308,384.73322,371.05927,430.2735
309,384.317,369.57516,427.737
310,383.86624,368.35916,425.7402
311,385.092,369.79578,426.33868
312,384.5671,368.646,424.2477
313,384.17657,367.82367,423.03
314,383.24316,365.8761,421.5322
315,382.3446,364.06464,420.08774
316,384.71082,367.68475,424.08572
317,385.57144,368.8176,424.35068
318,385.04224,367.8794,422.6985
319,386.83862,370.5968,425.05252
320,387.2169,370.8678,424.10718
321,387.03824,370.38492,422.03607
322,388.2816,372.3039,423.19287
323,389.46054,374.18005,424.8325
324,388.4723,372.18503,423.4768
325,388.09995,371.52325,421.30606
326,387.8746,371.2268,419.7616
327,387.69894,371.02945,418.2623
328,387.7305,371.27536,417.6002
329,387.09842,370.54095,416.15707
330,386.81113,370.3483,415.0667
331,386.20505,369.38,414.50708
332,385.25476,367.80276,413.38928
333,387.6839,371.78146,418.1117
334,388.54028,373.31894,419.48886
335,388.04187,372.70352,417.85037
336,387.41406,371.94937,416.52634
337,386.28906,369.50833,415.4931
338,386.60727,370.06354,414.6824
339,401.88654,393.65067,442.69318
340,401.76456,392.70337,440.8352
341,401.4576,391.54382,439.26413
342,400.60577,389.7408,437.6658
343,401.55673,390.9174,439.2066
344,400.96207,389.70813,437.29153
345,400.12692,387.8794,436.0587
346,399.72495,387.0133,433.8259
347,399.89978,387.20297,434.07895
348,402.63376,391.14505,438.38647
349,402.22897,390.25607,436.14304
350,401.80402,389.49002,434.1347
351,401.4785,389.04953,432.9507
352,401.44284,389.00278,431.76462
353,403.29453,391.88855,434.00745
354,403.5944,392.40817,433.679
355,402.73212,391.0471,432.35608
356,403.40686,392.08035,432.29346
357,403.13382,391.55945,431.13794
358,402.31735,390.10074,430.30225
359,401.5031,388.9736,429.01697
360,400.87277,388.25027,427.58542
361,400.06204,387.17407,426.35596
362,399.71936,386.74875,424.52347
363,399.54184,386.78806,423.7956
364,398.6917,385.65784,422.6948
365,397.92404,384.7596,421.54947
366,397.18466,383.9358,420.40247
367,396.51498,383.26306,419.22052
368,395.84695,382.60236,418.06387
369,395.08633,381.7495,417.0028
370,394.6634,381.3988,415.6114
371,394.147,380.98666,414.39215
372,394.18872,381.2066,413.51178
373,393.46158,380.4713,412.54214
374,392.82867,379.92615,411.51935
375,395.34586,384.08734,415.45306
376,400.49622,392.12872,424.74243
377,399.77994,391.254,423.64905
378,399.08148,390.42932,422.5598
379,398.64563,389.97443,421.21237
380,398.12152,389.4623,420.01898
381,397.5889,388.95602,418.86584
382,398.39322,390.29895,419.50687
383,397.82202,389.75317,418.42966
384,397.29175,389.27014,417.33728
385,396.8868,388.9103,416.12134
386,396.40115,388.5018,415.0413
387,396.00754,388.17593,413.87466
388,395.5395,387.80753,412.8334
389,395.37885,387.7414,411.7629
390,395.07544,387.49448,410.5481
391,394.77228,387.26147,409.37125
392,394.36685,386.9904,408.38104
393,393.87015,386.64694,407.50717
394,393.36917,386.3019,406.65472
395,393.0333,386.0839,405.63837
396,393.15817,386.48743,405.21118
397,394.5537,388.78378,407.68558
398,394.3521,388.87332,407.30698
399,394.12546,388.68134,406.42465
400,393.76944,388.4549,405.49426
401,400.0368,398.34247,416.5636
402,399.59683,397.97397,415.70358
403,399.2001,397.6289,414.7409
404,398.86218,397.32718,413.72357
405,403.6372,404.81165,422.3905
406,403.21893,404.36435,421.4295
407,402.90747,403.98068,420.30014
408,402.68768,403.73672,419.29916
409,402.4268,403.4122,418.33945
410,402.17838,403.1039,417.55005
411,401.8855,402.7957,416.49118
412,412.15543,418.74823,435.6803
413,411.80283,418.04678,434.39722
414,421.1754,432.35828,451.65802
415,424.0515,436.15244,455.9665
416,423.3562,434.27133,453.348
417,429.97583,443.79373,464.4887
418,430.23456,442.92517,461.87006
419,431.7227,444.35327,462.05804
420,431.01416,442.7195,457.44778
421,430.30145,441.40762,454.08896
422,448.91623,469.86536,487.5046
423,448.6839,472.05432,486.3961
424,454.35538,483.70883,496.50067
425,444.79355,476.57355,486.51633
426,439.85614,469.47684,476.9785
427,437.44986,464.73944,468.2436
428,436.36768,462.34064,461.35516
429,435.56793,460.8485,456.12607
430,434.85114,459.63824,451.68875
431,436.24265,461.8242,452.09332
432,435.4395,460.77454,448.60443
433,437.0432,463.12454,449.97525
434,436.25275,462.21283,446.82678
435,435.46472,461.31784,444.37802
436,434.77176,460.5859,442.35867
437,434.13138,459.93875,440.64493
438,433.6517,459.46307,439.08176
439,433.27798,459.04285,437.95322
440,433.14755,459.10455,437.28485
441,432.7613,458.82996,436.30734
442,437.65778,466.58258,445.17422
443,437.18033,466.17426,442.95135
444,439.24213,469.35303,445.59573
445,438.76532,469.06644,443.12537
446,438.01468,468.40674,440.85287
447,437.3924,467.90298,438.94254
448,436.82037,467.4539,437.30774
449,436.24417,467.0054,435.8977
450,436.32495,467.53558,435.7314
451,440.08276,473.7474,442.37363
452,439.42242,473.25082,439.87714
453,438.7812,472.7776,437.84882
454,439.0619,473.71213,437.79785
455,443.19345,480.60806,444.847
456,442.2438,479.95465,441.34973
457,441.3869,479.3473,438.64273
458,440.63837,478.83966,436.46112
459,439.96375,478.39557,434.64603
460,441.195,480.8561,436.51852
461,453.82727,501.0202,459.29785
462,453.738,505.48068,458.3342
463,449.59296,504.09415,450.79865
464,447.04,503.01917,444.26465
465,445.21445,501.9641,439.04184
466,443.70197,500.67072,435.07825
467,442.3845,499.24802,432.09573
468,441.3572,498.39066,429.79117
469,440.548,497.85492,427.9155
470,439.85138,497.42606,426.37494
471,439.14206,496.9339,425.02438
472,438.26126,495.91785,423.8727
473,438.3754,496.55203,424.48923
474,441.89166,502.1952,430.62964
475,445.09186,507.95123,436.0521
476,443.73584,507.2142,432.21777
477,443.3648,507.69406,430.7236
478,449.96835,518.5735,441.75333
479,450.4467,522.11444,441.00635
480,447.50146,520.9935,435.07574
481,446.0901,520.91754,431.6385
482,445.07822,521.1353,428.87616
483,446.1559,524.2138,430.03336
484,444.7336,523.7751,426.8004
485,443.1331,522.44165,423.63168
486,441.89035,521.5668,421.2032
487,447.96133,531.6515,432.08478
488,445.94858,531.056,427.14993
489,444.37244,530.3871,423.27377
490,442.65518,528.5743,420.2959
491,443.4332,530.8029,421.57294
492,443.28787,531.6863,420.66125
493,442.13303,531.0312,418.09787
494,441.46844,530.86945,416.5314
495,440.31946,529.9483,414.74817
496,444.93427,537.7411,423.37595
497,448.9075,545.7461,430.33514
498,444.6911,542.17285,424.69766
499,442.00443,539.21295,420.4775
500,439.85657,535.845,417.43
501,438.50732,534.27985,415.3488
502,437.31183,532.7691,413.67184
503,447.71713,549.27765,433.57602
504,447.17566,553.7582,434.87778
505,441.5189,550.6701,428.2598
506,441.27386,553.3044,428.6283
507,438.05832,551.55676,423.89374
508,435.34427,548.8425,419.2812
509,433.6963,547.22156,416.24765
510,432.1563,545.07,413.61542
511,430.9523,542.49207,412.0479
512,431.36688,543.04846,413.2173
513,429.8705,539.4013,411.42856
514,430.9654,540.9247,413.89413
515,430.0379,539.4323,412.41913
516,428.516,535.15015,410.96585
517,427.37277,531.72705,409.9076
518,426.39322,528.66003,409.07855
519,425.35162,525.0958,408.39297
520,424.2679,521.1669,407.8426
521,423.58273,519.51135,407.39215
522,424.1916,520.1241,409.1921
523,423.27835,516.721,408.70532
524,422.37778,513.272,408.30164
525,425.96826,518.48364,415.6686
526,424.87637,514.4102,414.80157
527,423.88113,510.56042,414.1228
528,423.15283,508.653,413.56882
529,426.3981,513.33014,420.11984
530,429.34937,517.43036,425.5551
531,428.06186,513.13367,423.49734
532,427.2719,510.60797,422.42828
533,426.46988,508.75726,421.18143
534,427.47705,509.8235,423.34805
535,426.56177,507.42346,422.0355
536,425.27084,502.50165,420.98798
537,438.41678,522.24414,445.9907
538,434.99112,515.88495,439.6543
539,433.14764,512.50574,434.7543
540,431.92917,510.30347,431.29218
541,432.08002,509.9303,431.06104
542,430.9816,507.7711,428.48816
543,439.2888,520.4955,443.3927
544,439.23825,521.47186,442.00864
545,438.61023,521.7332,439.3822
546,458.11398,552.88354,474.2583
547,443.79907,542.144,467.97583
548,431.84753,521.9417,459.81055
549,427.21646,506.09015,452.05035
550,425.38287,497.2106,445.75485
551,424.7211,492.67648,442.0739
552,423.95752,488.96317,439.15527
553,422.46188,481.44623,437.80334
554,420.68097,473.74463,436.17975
555,419.98358,471.3541,434.98395
556,419.4502,469.50067,433.9285
557,423.80106,475.2911,441.7963
558,424.93707,475.6642,443.21744
559,426.68152,477.0718,445.2076
560,425.38736,471.47263,442.6133
561,423.8345,464.76416,440.75104
562,422.79956,461.41122,439.38925
563,421.37296,455.07394,438.32632
564,419.92252,448.67984,437.4945
565,418.24756,441.77643,436.82275
566,417.43045,439.9845,436.07623
567,418.22238,440.92123,437.27966
568,419.4921,442.524,439.3517
569,421.88742,445.7889,443.67584
570,421.4084,444.5836,442.2743
571,420.6069,442.79526,441.1837
572,419.14383,436.93927,440.33997
573,418.69525,436.02057,439.30356
574,421.97385,440.8231,444.89813
575,422.88467,441.8672,446.03998
576,425.10907,444.94238,449.58664
577,428.8882,450.31757,455.602
578,441.14026,468.60574,476.1191
579,440.09634,466.7169,469.7677
580,437.16583,458.74423,462.45963
581,434.91565,451.63678,457.10837
582,432.86588,444.8095,453.61298
583,430.4875,437.37424,451.33105
584,428.79962,431.6915,449.61795
585,426.94235,424.9604,448.26236
586,427.34268,425.8656,448.84143
587,426.5066,424.79834,447.2588
588,424.84048,419.52167,446.11935
589,423.66968,417.32535,444.88757
590,421.9802,412.05344,443.87357
591,420.50537,408.30554,442.794
592,418.90393,403.84494,441.7488
593,417.21542,398.95203,440.69882
594,415.89798,396.3403,439.4557
595,414.65955,394.1362,438.16614
596,413.12292,390.36264,437.0066
597,412.4953,389.89987,435.14578
598,411.92526,389.5144,433.29126
599,411.10358,388.77533,431.81143
600,410.57568,388.45233,430.03833
601,410.09134,388.28336,428.94678
602,408.70557,385.36392,427.9263
603,408.32672,385.15195,425.9504
604,407.90894,385.10974,425.1984
605,413.0146,393.25946,434.1878
606,418.24832,401.58163,443.2861
607,421.15097,406.40332,447.5939
608,420.7588,405.98575,445.60822
609,423.62888,410.82672,450.66895
610,421.59088,403.6959,449.36383
611,419.3756,395.9318,448.098
612,417.63385,391.18155,446.59146
613,415.68823,385.37323,445.12036
614,413.6887,379.46402,443.57712
615,412.37894,376.88113,441.94916
616,416.2212,383.39835,447.47827
617,416.0963,383.75156,446.07584
618,418.84512,388.27753,449.92618
619,420.72656,391.38843,452.38043
620,426.8364,401.0661,462.46796
621,426.50488,400.7428,459.6061
622,426.22067,400.47324,457.50366
623,427.08673,402.07248,457.48206
624,424.66406,394.16833,455.6374
625,422.58917,388.13165,453.68396
626,421.69147,387.33212,450.7783
627,421.29306,387.12088,448.44305
628,422.5043,389.51678,450.39542
629,422.0649,389.2809,447.88968
630,426.47916,396.75684,454.8165
631,427.2138,398.44586,454.44122
632,429.16122,401.87204,456.48514
633,428.13943,400.7948,453.94702
634,426.87216,398.95068,451.84155
635,425.91113,397.81027,450.144
636,424.6608,396.0304,448.25262
637,423.44946,394.39734,446.41394
638,425.40915,398.07706,449.1168
639,424.52377,397.22452,447.39404
640,424.74045,398.0688,447.84192
641,426.6013,401.2845,450.39835
642,425.66928,400.41226,448.33524
643,424.65387,398.73822,447.25214
644,423.2482,396.20422,445.67456
645,422.3205,394.79803,444.69873
646,421.2711,393.64835,442.93616
647,419.81647,390.87247,441.486
648,421.36752,393.86847,443.26028
649,421.44608,394.51788,442.05313
650,427.11432,403.85452,451.45963
651,427.10532,404.30887,449.87704
652,426.58157,403.9999,447.54102
653,429.88007,409.35333,453.37888
654,437.02902,420.63525,466.17075
655,437.38388,421.36694,464.4225
656,436.44522,420.42142,460.39957
657,435.26376,418.85092,457.45444
658,433.8194,415.83435,455.35495
659,434.2438,417.09357,455.1313
660,434.09964,417.47467,454.0509
661,440.6675,428.0478,464.9817
662,451.2051,444.9255,481.19928
663,450.17188,445.05362,473.3025
664,447.57092,438.86993,466.09995
665,448.0525,440.58047,463.27438
666,446.43094,438.10422,458.53476
667,444.35205,432.0672,455.51688
668,447.9189,437.644,462.24655
669,449.1816,440.49576,462.23962
670,450.4939,443.3649,461.4318
671,449.21887,442.35886,456.7191
672,447.8042,439.875,453.7873
673,446.84088,439.11707,451.41116
674,445.84348,438.39474,449.07422
675,444.7066,437.0606,447.37045
676,445.42215,438.95966,448.64932
677,444.23553,437.59265,446.8195
678,443.04132,435.1928,445.88855
679,441.0939,429.46375,444.63733
680,439.24216,424.26398,443.6095
681,440.9048,426.58588,448.21866
682,441.28152,427.9062,449.02856
683,440.1042,426.26874,447.6459
684,441.36917,428.82602,450.4435
685,441.40033,429.58694,449.59973
686,440.84848,429.47812,447.92752
687,441.63174,431.4224,449.422
688,442.1942,432.5682,451.07236
689,440.27118,427.15366,449.35153
690,439.5258,426.7475,447.46774
691,438.88705,426.501,446.23593
692,438.33038,426.38028,445.11105
693,437.9028,426.36444,444.75894
694,436.7117,424.75986,443.5399
695,435.96387,424.19003,442.7639
696,434.60272,420.47513,442.3792
697,432.89963,416.13953,441.43625
698,434.73077,418.6801,446.3776
699,435.08005,419.54175,447.83105
700,434.18655,418.8214,446.2338
701,433.05798,417.36295,444.95563
702,431.1293,411.6591,443.9255
703,431.21814,412.3871,443.30316
704,446.34763,436.1812,471.14203
705,445.58173,435.87677,464.73538
706,444.83505,435.44577,459.62033
707,443.2646,432.65244,456.1901
708,443.61365,433.27533,456.74182
709,442.52368,432.25308,453.8337
710,441.00305,428.85483,451.92618
711,440.2881,428.4757,449.68304
712,439.93088,427.92822,449.85852
713,442.4469,432.3704,453.43216
714,441.71158,431.97543,450.8978
715,440.94952,431.54892,448.8296
716,440.20895,431.02362,447.64084
717,439.8647,431.22073,446.6584
718,441.43353,434.3556,449.1717
719,441.38165,435.01123,448.74612
720,439.95804,432.38382,447.13873
721,440.37473,433.69287,447.2846
722,439.8882,433.48727,445.40558
723,438.47614,430.0568,444.51932
724,437.18466,427.9618,443.34018
725,436.18698,426.96194,442.14972
726,434.92526,424.93677,441.1282
727,434.38065,424.7005,439.77222
728,433.90253,424.6191,439.38562
729,432.6023,422.33145,438.51093
730,431.43622,420.65002,437.621
731,430.32037,419.15717,436.73706
732,429.31424,418.04086,435.83215
733,428.31583,416.93616,434.94574
734,427.18753,415.34494,434.12527
735,426.5577,415.01093,433.05856
736,425.79318,414.47168,432.11755
737,425.70453,414.78915,431.4367
738,424.63797,413.3878,430.67776
739,423.7127,412.4515,429.86896
740,426.07404,416.6553,434.08823
741,431.11984,424.80157,443.30707
742,430.06335,423.39368,442.18112
743,429.04022,422.0904,441.09927
744,428.39774,421.65607,439.84283
745,427.6324,421.02917,438.73593
746,426.85834,420.38138,437.68027
747,427.5338,421.81668,438.32098
748,426.70767,421.04602,437.32382
749,425.94296,420.40326,436.32758
750,425.35794,420.03372,435.24127
751,424.66107,419.51172,434.27567
752,424.09595,419.16626,433.245
753,423.42786,418.68887,432.3234
754,423.144,418.65564,431.4187
755,422.70975,418.42383,430.3575
756,422.27682,418.1982,429.3305
757,421.70157,417.85513,428.4619
758,421.00034,417.3229,427.6916
759,420.29517,416.77866,426.93777
760,419.82144,416.52966,426.04123
761,419.8414,416.9357,425.74908
762,421.15497,419.24527,428.19708
763,420.7689,419.18506,427.90106
764,420.44824,418.99872,426.9814
765,419.94882,418.71567,426.14536
766,426.12003,428.6005,437.25464
767,425.48538,428.07416,436.3483
768,424.92267,427.64297,435.3644
769,424.44308,427.29587,434.34952
770,429.12076,434.77835,442.90338
771,428.50775,434.2126,441.66006
772,428.05075,433.8037,440.33334
773,427.69656,433.54257,439.19318
774,427.31448,433.20984,437.97357
775,426.95312,432.89902,436.96014
776,426.5333,432.57208,435.86816
777,436.70764,448.52808,454.8849
778,436.06497,447.80536,451.5029
779,445.21582,462.19547,467.07797
780,447.1097,466.12457,466.28485
781,445.27216,464.48907,459.158
782,451.26334,474.64984,466.49118
783,450.07538,475.0113,460.65848
784,450.52734,477.4174,457.84448
785,448.8052,476.52524,451.56342
786,447.4002,475.553,446.76602
787,465.66245,504.5471,478.54724
788,460.018,509.35117,477.48056
789,460.3576,522.54266,487.64484
790,446.45508,514.67847,478.76627
791,436.85773,502.5632,470.13388
792,432.25143,491.2297,461.9045
793,430.4916,484.86838,454.91867
794,429.44122,480.98376,449.7665
795,428.60825,478.30554,445.55533
796,429.93512,479.4243,446.21713
797,429.06897,477.27368,442.9446
798,430.63187,478.84158,444.28772
799,429.807,477.0675,441.42694
800,429.00064,475.40204,439.23053
801,428.2982,474.03012,437.45517
802,427.6537,472.818,435.96936
803,427.17108,471.875,434.6459
804,426.78882,471.03036,433.5403
805,426.66022,470.6959,433.05084
806,426.27847,470.0231,432.269
807,431.17047,477.41223,441.15942
808,430.69278,476.46735,439.04984
809,432.74957,479.18625,441.78085
810,432.2809,478.39322,439.59518
811,431.54428,477.2482,437.54202
812,430.93546,476.33685,435.8307
813,430.3774,475.52075,434.37173
814,429.81686,474.72668,433.11444
815,429.91245,474.9417,433.0911
816,433.6853,480.8435,439.8719
817,433.0445,479.92828,437.55743
818,432.42447,479.08423,435.68204
819,432.7269,479.6841,435.76462
820,436.8811,486.25195,442.94543
821,435.96997,485.1383,439.61893
822,435.15073,484.14597,437.05942
823,434.4368,483.31,435.00656
824,433.7945,482.57523,433.30408
825,435.05585,484.7732,435.27655
826,447.72284,504.65442,458.16895
827,447.84592,508.32144,457.30444
828,444.0091,506.12833,449.86285
829,441.6909,504.46158,443.48523
830,440.036,502.97842,438.4677
831,438.65195,501.35532,434.70416
832,437.43546,499.6663,431.8868
833,436.4854,498.5863,429.7119
834,435.73785,497.8525,427.9396
835,435.0949,497.24277,426.4838
836,434.43625,496.58362,425.20474
837,433.61066,495.42044,424.11447
838,433.7726,495.9112,424.7827
839,437.31635,501.3979,430.9777
840,440.59348,506.95255,436.50284
841,439.3674,505.95728,432.79092
842,439.09903,506.23224,431.40237
843,445.77863,516.9182,442.52466
844,446.50882,520.1342,441.85544
845,443.86597,518.744,435.99185
846,442.66278,518.4821,432.64954
847,441.8134,518.5339,429.97696
848,443.01117,521.47015,431.21356
849,441.75357,520.9033,428.05286
850,440.2865,519.49713,424.94708
851,439.14276,518.54047,422.56494
852,445.27914,528.5305,433.48145
853,443.47354,527.7584,428.59097
854,442.04633,526.9561,424.75833
855,440.46066,525.15814,421.82352
856,441.31763,527.3268,423.12573
857,441.2664,528.11426,422.23907
858,440.20367,527.3706,419.7006
859,439.6139,527.13275,418.15564
860,438.5446,526.1991,416.39227
861,443.2137,533.929,425.033
862,447.32507,541.84186,432.01297
863,443.4043,538.1479,426.38052
864,440.9029,535.1043,422.17978
865,438.88403,531.676,419.1532
866,437.6213,530.1832,417.08704
867,436.49292,528.74274,415.4148
868,446.95142,545.2937,435.31702
869,446.6777,549.685,436.5929
870,441.31622,546.5295,429.95023
871,441.26364,549.1505,430.30524
872,438.24652,547.424,425.55444
873,435.66827,544.7617,420.92932
874,434.1062,543.2026,417.88257
875,432.6288,541.1603,415.2357
876,431.46982,538.6443,413.6506
877,431.91797,539.3284,414.80215
878,430.4567,535.7467,412.98956
879,431.5755,537.3904,415.43356
880,430.67484,536.02124,413.92804
881,429.17538,531.8058,412.4464
882,428.04785,528.4455,411.36484
883,427.08017,525.5889,410.51566
884,426.04642,522.0771,409.80862
885,424.96915,518.1979,409.24023
886,424.2884,516.656,408.77322
887,424.90045,517.34894,410.55637
888,423.99072,514.15576,410.0504
889,423.09167,510.90247,409.62762
890,426.68225,516.1801,416.97485
891,425.59006,512.15784,416.0661
892,424.59457,508.5004,415.35455
893,423.86487,506.68707,414.7702
894,427.10864,511.42102,421.29282
895,430.05737,515.5852,426.67245
896,428.76465,511.46506,424.5348
897,427.96976,509.06366,423.40274
898,427.16324,507.2952,422.10233
899,428.16647,508.43314,424.2247
900,427.2461,506.13196,422.86118
901,425.9493,501.26254,421.77286
902,439.09152,521.07654,446.7437
903,435.6314,514.8664,440.34882
904,433.76706,511.6161,435.36795
905,432.535,509.50226,431.83026
906,432.67596,509.21167,431.54007
907,431.56805,507.12833,428.91406
908,439.86832,519.909,443.77676
909,439.79,520.9994,442.3519
910,439.13254,521.3559,439.68356
911,458.6092,552.58636,474.51602
912,444.24927,542.192,468.2273
913,432.18414,522.37537,460.0548
914,427.4146,506.54175,452.27124
915,425.52908,497.56418,445.9116
916,424.84848,492.98645,442.16345
917,424.07492,489.2548,439.19852
918,422.57104,481.7353,437.81653
919,420.78455,474.0347,436.17456
920,420.08453,471.64148,434.96915
921,419.54916,469.78894,433.90732
922,423.89844,475.5816,441.77097
923,425.03113,475.95544,443.17892
924,426.77237,477.36728,445.15717
925,425.47333,471.75113,442.54962
926,423.91666,465.04938,440.68042
927,422.87924,461.68768,439.31558
928,421.44992,455.35553,438.25098
929,419.99698,448.9655,437.41895
930,418.31937,442.06537,436.74796
931,417.5009,440.26865,436.0047
932,418.2921,441.20718,437.2138
933,419.56116,442.81155,439.28415
934,421.95575,446.07834,443.60605
935,421.4756,444.8746,442.2078
936,420.6726,443.082,441.11908
937,419.20724,437.2004,440.27634
938,418.75784,436.2826,439.2451
939,422.03577,441.08618,444.84573
940,422.9456,442.13068,445.99078
941,425.16885,445.20575,449.5396
942,428.94662,450.58066,455.55463
943,441.1965,468.86884,476.06693
944,440.13647,466.98083,469.7207
945,437.1941,459.00528,462.409
946,434.9382,451.8949,457.04944
947,432.88498,445.06577,453.54807
948,430.50375,437.62915,451.26358
949,428.81403,431.921,449.55167
950,426.95517,425.1892,448.19888
951,427.3548,426.0909,448.7849
952,426.51794,425.01904,447.20813
953,424.85052,419.721,446.07205
954,423.67886,417.51508,444.8452
955,421.98828,412.22488,443.83514
956,420.51263,408.4637,442.76004
957,418.91034,403.98938,441.7191
958,417.22104,399.0832,440.67316
959,415.903,396.46378,439.43463
960,414.66406,394.25336,438.14954
961,413.12686,390.47058,436.99374
962,412.49902,390.00662,435.13834
963,411.92874,389.6201,433.2889
964,411.10678,388.87888,431.8129
965,410.5787,388.55487,430.04416
966,410.09412,388.3844,428.95602
967,408.7079,385.45807,427.93777
968,408.32892,385.24533,425.9657
969,407.91092,385.2015,425.21616
970,413.01648,393.35056,434.20554
971,418.25012,401.67172,443.3037
972,421.15262,406.49173,447.61426
973,420.76025,406.07224,445.6275
974,423.6301,410.91074,450.68982
975,421.59152,403.7694,449.38437
976,419.3757,396.0037,448.1188
977,417.63358,391.24594,446.61325
978,415.68756,385.43036,445.14307
979,413.68768,379.51474,443.6007
980,412.37772,376.92798,441.9736
981,416.21988,383.44412,447.50378
982,416.09488,383.79575,446.10202
983,418.84366,388.32065,449.95212
984,420.72504,391.43033,452.40588
985,426.83478,401.1067,462.49274
986,426.5031,400.78128,459.628
987,426.21878,400.51016,457.52353
988,427.08475,402.10812,457.50043
989,424.6618,394.20285,455.65472
990,422.5867,388.16196,453.70102
991,421.6889,387.36127,450.7955
992,421.29047,387.14932,448.45996
993,422.50165,389.54398,450.41248
994,422.06223,389.30743,447.90637
995,426.4764,396.78265,454.83334
996,427.211,398.47083,454.45764
997,429.1584,401.89633,456.50076
998,428.1365,400.81793,453.96188
999,426.86914,398.97232,451.8559
1000,425.90805,397.83072,450.15802
1001,424.65765,396.0496,448.2664
1002,423.44626,394.4154,446.42752
1003,425.4059,398.0946,449.13025
1004,424.52048,397.24124,447.40723
1005,424.73712,398.08475,447.85486
1006,426.59796,401.30002,450.411
1007,425.6659,400.4271,448.3475
1008,424.65042,398.75198,447.2641
1009,423.24472,396.2169,445.68625
1010,422.31702,394.8098,444.7102
1011,421.26758,393.65952,442.9474
1012,419.81293,390.8827,441.49704
1013,421.36398,393.87836,443.27112
1014,421.44254,394.52747,442.0637
1015,427.11075,403.86377,451.46997
1016,427.1017,404.31772,449.8869
1017,426.5779,404.00836,447.5504
1018,429.8764,409.36148,453.38803
1019,437.02533,420.64304,466.17938
1020,437.38013,421.37402,464.42908
1021,436.4414,420.42792,460.4046
1022,435.25992,418.85687,457.45856
1023,433.81555,415.83966,455.35855
1024,434.23996,417.0986,455.13458
1025,434.0958,417.47946,454.0539
1026,440.6637,428.05234,464.9844
1027,451.20132,444.92975,481.2013
1028,450.16785,445.05725,473.30426
1029,447.5668,438.87323,466.1013
1030,448.04834,440.58353,463.27533
1031,446.4268,438.10693,458.53537
1032,444.34793,432.06976,455.5173
1033,447.91483,437.64633,462.24692
1034,449.17755,440.4979,462.23993
1035,450.48984,443.3669,461.43198
1036,449.21484,442.36075,456.7192
1037,447.8002,439.8767,453.78738
1038,446.8369,439.11868,451.41125
1039,445.83957,438.3963,449.0743
1040,444.70273,437.06204,447.37057
1041,445.4183,438.96103,448.64944
1042,444.23172,437.59393,446.8196
1043,443.03757,435.19397,445.88867
1044,441.0902,429.46475,444.63748
1045,439.23856,424.26486,443.60965
1046,440.90125,426.58667,448.21884
1047,441.278,427.90695,449.02875
1048,440.10074,426.2694,447.6461
1049,441.36575,428.82663,450.4437
1050,441.3969,429.58752,449.5999
1051,440.84506,429.47867,447.92773
1052,441.62836,431.4229,449.42224
1053,442.1909,432.56866,451.07263
1054,440.26788,427.15402,449.3518
1055,439.52252,426.7478,447.46805
1056,438.88382,426.50125,446.23624
1057,438.32718,426.3805,445.11136
1058,437.89963,426.3646,444.75925
1059,436.70856,424.75995,443.5402
1060,435.96075,424.19006,442.7642
1061,434.59964,420.47516,442.3795
1062,432.89658,416.1395,441.43655
1063,434.72775,418.68008,446.37787
1064,435.07706,419.54166,447.83133
1065,434.18356,418.82126,446.23407
1066,433.05505,417.36276,444.9559
1067,431.1264,411.6589,443.92578
1068,431.21524,412.38684,443.30344
1069,446.34473,436.18094,471.14227
1070,445.5789,435.87634,464.73566
1071,444.83224,435.44525,459.62067
1072,443.2618,432.6519,456.19046
1073,443.6109,433.27478,456.7422
1074,442.52097,432.25247,453.83408
1075,441.0004,428.85422,451.9266
1076,440.28546,428.47504,449.68344
1077,439.92828,427.92755,449.85892
1078,442.4443,432.3697,453.4326
1079,441.70898,431.97467,450.89822
1080,440.94693,431.5481,448.83002
1081,440.20636,431.02277,447.64127
1082,439.8621,431.21985,446.6588
1083,441.43094,434.35464,449.17212
1084,441.3791,435.01025,448.74655
1085,439.95554,432.38287,447.13916
1086,440.37225,433.6919,447.28503
1087,439.88574,433.48624,445.40604
1088,438.4737,430.05582,444.51974
1089,437.18225,427.96085,443.3406
1090,436.18463,426.961,442.15012
1091,434.92294,424.93585,441.12857
1092,434.37836,424.69955,439.77255
1093,433.90024,424.61813,439.38593
1094,432.6,422.3305,438.5112
1095,431.43393,420.6491,437.62125
1096,430.31815,419.15625,436.73727
1097,429.312,418.03995,435.83234
1098,428.3136,416.93524,434.9459
1099,427.18533,415.34402,434.1254
1100,426.5555,415.00998,433.05865
1101,425.791,414.4707,432.1176
1102,425.70233,414.78815,431.4367
1103,424.6358,413.38678,430.67773
1104,423.71054,412.45053,429.86893
1105,426.0719,416.6543,434.08817
1106,431.1177,424.80054,443.307
1107,430.06122,423.39264,442.18106
1108,429.03812,422.08936,441.09918
1109,428.39563,421.65503,439.84274
1110,427.63028,421.0281,438.7358
1111,426.85626,420.3803,437.68015
1112,427.53177,421.8156,438.32086
1113,426.70566,421.04495,437.3237
1114,425.94098,420.40216,436.32745
1115,425.356,420.0326,435.24112
1116,424.65912,419.51056,434.27548
1117,424.09402,419.16507,433.2448
1118,423.42596,418.68768,432.32318
1119,423.14215,418.65442,431.4185
1120,422.7079,418.4226,430.3573
1121,422.275,418.197,429.33026
1122,421.69974,417.85388,428.46167
1123,420.9985,417.32162,427.69135
1124,420.29337,416.77737,426.93753
1125,419.81964,416.52838,426.04095
1126,419.8396,416.9344,425.74878
1127,421.15317,419.24393,428.19678
1128,420.76712,419.1837,427.90076
1129,420.44647,418.9973,426.98114
1130,419.94705,418.7143,426.14505
1131,426.11826,428.5991,437.25433
1132,425.48364,428.07275,436.34796
1133,424.92093,427.64154,435.3641
1134,424.44135,427.2944,434.3492
1135,429.11902,434.7769,442.9031
1136,428.506,434.21106,441.6598
1137,428.049,433.80215,440.3331
1138,427.69482,433.541,439.19296
1139,427.31277,433.20822,437.97336
1140,426.95145,432.8974,436.95996
1141,426.53162,432.57047,435.86798
1142,436.70596,448.52643,454.8847
1143,436.06332,447.80368,451.50284
1144,445.21417,462.19376,467.07806
1145,447.1082,466.1228,466.285
1146,445.27075,464.4872,459.1582
1147,451.262,474.64795,466.49152
1148,450.0742,475.00934,460.65884
1149,450.52628,477.4154,457.84494
1150,448.80423,476.52325,451.56393
1151,447.3993,475.55103,446.7666
1152,465.6616,504.54507,478.54785
1153,460.0175,509.34906,477.4812
1154,460.35736,522.5405,487.6454
1155,446.455,514.6764,478.76678
1156,436.85785,502.5614,470.13437
1157,432.25168,491.22836,461.90497
1158,430.49188,484.86725,454.91913
1159,429.44153,480.9828,449.76694
1160,428.60855,478.30466,445.55576
1161,429.93542,479.42346,446.21753
1162,429.06927,477.27292,442.94495
1163,430.63217,478.84088,444.28806
1164,429.8073,477.06686,441.42728
1165,429.00095,475.40143,439.23083
1166,428.2985,474.02954,437.45544
1167,427.654,472.81744,435.9696
1168,427.1714,471.87448,434.64612
1169,426.78912,471.02985,433.54053
1170,426.66052,470.6954,433.051
1171,426.27878,470.0226,432.26913
1172,431.17078,477.41177,441.15955
1173,430.69308,476.46695,439.04993
1174,432.74988,479.1859,441.78094
1175,432.28122,478.3929,439.59528
1176,431.54456,477.24792,437.5421
1177,430.93573,476.33658,435.83078
1178,430.3777,475.5205,434.37183
1179,429.81714,474.72644,433.11453
1180,429.91272,474.9415,433.0912
1181,433.68558,480.8433,439.87192
1182,433.04477,479.9281,437.55746
1183,432.42474,479.08405,435.68207
1184,432.72717,479.68396,435.76465
1185,436.88138,486.2518,442.94547
1186,435.97025,485.13815,439.61896
1187,435.151,484.14584,437.05945
1188,434.43707,483.30988,435.0066
1189,433.79477,482.57513,433.3041
1190,435.05612,484.77313,435.27658
1191,447.7231,504.65436,458.16895
1192,447.8462,508.32144,457.30444
1193,444.00934,506.1284,449.86285
1194,441.69113,504.46167,443.48523
1195,440.03625,502.97855,438.4677
1196,438.6522,501.35544,434.70416
1197,437.43567,499.6664,431.88678
1198,436.48563,498.58646,429.71188
1199,435.73804,497.85266,427.93958
1200,435.0951,497.24292,426.48376
1201,434.43643,496.58377,425.20468
1202,433.6108,495.4206,424.11444
1203,433.77277,495.91135,424.78268
1204,437.3165,501.39807,430.9777
1205,440.59363,506.95273,436.50284
1206,439.36755,505.95746,432.79092
1207,439.09918,506.23242,431.40234
1208,445.77878,516.9184,442.52463
1209,446.50897,520.13446,441.85538
1210,443.86612,518.74426,435.9918
1211,442.66293,518.4824,432.64948
1212,441.81354,518.5342,429.97687
1213,443.01132,521.47046,431.21347
1214,441.7537,520.9036,428.05276
1215,440.2866,519.49744,424.947
1216,439.14285,518.5408,422.56485
1217,445.27924,528.5308,433.48132
1218,443.47363,527.7587,428.59085
1219,442.0464,526.9564,424.75818
1220,440.46072,525.15845,421.82336
1221,441.3177,527.3271,423.12558
1222,441.26645,528.11456,422.23892
1223,440.20374,527.3709,419.70044
1224,439.61395,527.13306,418.1555
1225,438.54465,526.1994,416.39212
1226,443.21375,533.9293,425.03284
1227,447.3251,541.84216,432.01282
1228,443.40433,538.1482,426.3804
1229,440.9029,535.1046,422.17966
1230,438.88403,531.67633,419.15308
1231,437.6213,530.18353,417.0869
1232,436.49292,528.74304,415.41467
1233,446.95142,545.294,435.3169
1234,446.6777,549.6853,436.59277
1235,441.3162,546.5298,429.9501
1236,441.2636,549.1508,430.3051
1237,438.2465,547.4243,425.55432
1238,435.6682,544.762,420.9292
1239,434.1061,543.2029,417.88248
1240,432.6287,541.1605,415.2356
1241,431.4697,538.64453,413.6505
1242,431.91785,539.3287,414.80206
1243,430.45657,535.74695,412.98947
1244,431.57538,537.3906,415.43347
1245,430.6747,536.0215,413.92795
1246,429.17526,531.806,412.44632
1247,428.04773,528.4457,411.36475
1248,427.08005,525.58905,410.51556
1249,426.0463,522.0772,409.80853
1250,424.96902,518.198,409.24014
1251,424.28827,516.6561,408.77313
1252,424.90033,517.34906,410.55627
1253,423.9906,514.1559,410.05032
1254,423.09155,510.90256,409.62753
1255,426.68213,516.18024,416.97476
1256,425.58994,512.15796,416.066
1257,424.59445,508.50052,415.35446
1258,423.86475,506.6872,414.7701
1259,427.10852,511.42114,421.29272
1260,430.05725,515.5853,426.67236
1261,428.76456,511.46518,424.53473
1262,427.96967,509.06375,423.40268
1263,427.16315,507.2953,422.10226
1264,428.16638,508.43323,424.22464
1265,427.246,506.13205,422.86115
1266,425.94922,501.26263,421.77283
1267,439.09143,521.0766,446.74368
1268,435.63132,514.86646,440.3488
1269,433.76697,511.61612,435.36792
1270,432.5349,509.50226,431.83023
1271,432.67587,509.21164,431.54004
1272,431.56796,507.12827,428.91406
1273,439.86823,519.90894,443.7768
1274,439.78992,520.99927,442.35193
1275,439.13245,521.3558,439.6836
1276,458.6091,552.5862,474.51605
1277,444.24918,542.1918,468.22733
1278,432.18408,522.37506,460.05484
1279,427.41458,506.54144,452.27127
1280,425.52908,497.5639,445.91165
1281,424.84848,492.98618,442.1635
1282,424.07495,489.25452,439.1986
1283,422.57108,481.73502,437.81662
1284,420.78458,474.03442,436.17465
1285,420.08456,471.6412,434.96924
1286,419.5492,469.78867,433.9074
1287,423.89847,475.58133,441.77106
1288,425.03116,475.9552,443.179
1289,426.7724,477.36703,445.15723
1290,425.47336,471.7509,442.54968
1291,423.9167,465.04916,440.68048
1292,422.87927,461.6875,439.31564
1293,421.44995,455.35535,438.25104
1294,419.997,448.96533,437.419
1295,418.3194,442.06522,436.74802
1296,417.50092,440.2685,436.00476
1297,418.29214,441.20703,437.21384
1298,419.5612,442.8114,439.28418
1299,421.95578,446.07822,443.60608
1300,421.47562,444.87448,442.20782
1301,420.67264,443.08188,441.1191
1302,419.20728,437.2003,440.27637
1303,418.75787,436.28247,439.2451
1304,422.0358,441.0861,444.84573
1305,422.94562,442.1306,445.99078
1306,425.16888,445.20572,449.5396
1307,428.94666,450.58063,455.55463
1308,441.19653,468.86884,476.06693
1309,440.1365,466.98083,469.7207
1310,437.19412,459.00528,462.409
1311,434.93823,451.8949,457.04944
1312,432.885,445.06577,453.54807
1313,430.50378,437.62915,451.26358
1314,428.81406,431.921,449.55167
1315,426.9552,425.1892,448.19888
1316,427.35483,426.0909,448.7849
1317,426.51797,425.01904,447.20813
1318,424.85056,419.721,446.07205
1319,423.6789,417.51508,444.8452
1320,421.9883,412.22488,443.83514
1321,420.51266,408.4637,442.76004
1322,418.91037,403.98938,441.7191
1323,417.22107,399.0832,440.67316
1324,415.90305,396.46378,439.43463
1325,414.6641,394.25336,438.14954
1326,413.1269,390.47058,436.99374
1327,412.49905,390.00662,435.13834
1328,411.92877,389.6201,433.2889
1329,411.1068,388.87888,431.8129
1330,410.57874,388.55487,430.04416
1331,410.09415,388.3844,428.95602
1332,408.70792,385.45807,427.93777
1333,408.32895,385.24533,425.9657
1334,407.91095,385.2015,425.21616
1335,413.0165,393.35056,434.20554
1336,418.25015,401.67172,443.3037
1337,421.15265,406.49173,447.61426
1338,420.76028,406.07224,445.6275
1339,423.63013,410.91074,450.68982
1340,421.59155,403.7694,449.38437
1341,419.37573,396.0037,448.1188
1342,417.6336,391.24594,446.61325
1343,415.6876,385.43036,445.14307
1344,413.6877,379.51474,443.6007
1345,412.37775,376.928,441.9736
1346,416.2199,383.44415,447.50378
1347,416.0949,383.79578,446.10202
1348,418.8437,388.32068,449.95212
1349,420.72507,391.43036,452.40588
1350,426.8348,401.10672,462.49274
1351,426.50314,400.7813,459.628
1352,426.2188,400.5102,457.52353
1353,427.08478,402.10815,457.50043
1354,424.66183,394.20288,455.65472
1355,422.58673,388.162,453.70102
1356,421.68893,387.3613,450.7955
1357,421.2905,387.14935,448.45996
1358,422.50168,389.54404,450.4125
1359,422.06226,389.3075,447.9064
1360,426.47644,396.7827,454.83337
1361,427.21103,398.4709,454.45767
1362,429.15842,401.8964,456.5008
1363,428.13654,400.81796,453.9619
1364,426.86917,398.97235,451.85593
1365,425.90808,397.83075,450.15805
1366,424.65768,396.04962,448.26642
1367,423.4463,394.41544,446.42755
1368,425.40594,398.09464,449.13028
1369,424.5205,397.24127,447.40726
1370,424.73715,398.08478,447.8549
1371,426.598,401.30005,450.41104
1372,425.66592,400.42712,448.34753
1373,424.65045,398.752,447.26413
1374,423.24475,396.21692,445.68628
1375,422.31705,394.80984,444.71024
1376,421.2676,393.65955,442.94742
1377,419.81296,390.88272,441.49707
1378,421.364,393.8784,443.27115
1379,421.44257,394.5275,442.06372
1380,427.11078,403.8638,451.47
1381,427.10175,404.31775,449.88693
1382,426.57794,404.0084,447.55045
1383,429.87643,409.3615,453.38806
1384,437.02536,420.64307,466.1794
1385,437.38016,421.37405,464.4291
1386,436.44144,420.42795,460.40463
1387,435.25995,418.8569,457.4586
1388,433.81558,415.8397,455.35855
1389,434.24,417.09863,455.13458
1390,434.09583,417.4795,454.0539
1391,440.66373,428.05237,464.9844
1392,451.20135,444.92978,481.2013
1393,450.16788,445.05728,473.30426
1394,447.56683,438.87326,466.10126
1395,448.04837,440.58356,463.2753
1396,446.42682,438.10696,458.53537
1397,444.34796,432.0698,455.5173
1398,447.91486,437.64636,462.24692
1399,449.17758,440.49792,462.23993
1400,450.48987,443.36694,461.43198
1401,449.21487,442.36078,456.7192
1402,447.80023,439.87674,453.78738
1403,446.83694,439.1187,451.41125
1404,445.8396,438.39633,449.0743
1405,444.70276,437.06207,447.37057
1406,445.41833,438.96106,448.64944
1407,444.23172,437.59396,446.8196
1408,443.03757,435.194,445.88867
1409,441.0902,429.46478,444.63748
1410,439.23856,424.2649,443.60965
1411,440.90125,426.5867,448.21884
1412,441.278,427.90698,449.02875
1413,440.10074,426.26944,447.6461
1414,441.36575,428.82666,450.4437
1415,441.3969,429.58755,449.5999
1416,440.84506,429.4787,447.92773
1417,441.62836,431.42294,449.42224
1418,442.1909,432.5687,451.07263
1419,440.26788,427.15405,449.3518
1420,439.52252,426.74783,447.46805
1421,438.88382,426.50128,446.23624
1422,438.32718,426.38052,445.11136
1423,437.89963,426.36462,444.75925
1424,436.70856,424.75998,443.5402
1425,435.96075,424.1901,442.7642
1426,434.59964,420.4752,442.3795
1427,432.89658,416.13953,441.43655
1428,434.72775,418.6801,446.37787
1429,435.07706,419.5417,447.83133
1430,434.18356,418.8213,446.23407
1431,433.05505,417.3628,444.9559
1432,431.1264,411.65894,443.92578
1433,431.21524,412.38687,443.30344
1434,446.34473,436.18097,471.14227
1435,445.5789,435.87637,464.73566
1436,444.83224,435.44528,459.62067
1437,443.2618,432.6519,456.19046
1438,443.6109,433.27478,456.7422
1439,442.52097,432.25247,453.83408
1440,441.0004,428.85422,451.9266
1441,440.28546,428.47504,449.68344
1442,439.92828,427.92755,449.85892
1443,442.4443,432.3697,453.4326
1444,441.70898,431.97467,450.89822
1445,440.94693,431.5481,448.83002
1446,440.20636,431.02277,447.64127
1447,439.8621,431.21985,446.6588
1448,441.43094,434.35464,449.17212
1449,441.3791,435.01025,448.74655
1450,439.95554,432.38287,447.13916
1451,440.37225,433.6919,447.28503
1452,439.88574,433.48624,445.40604
1453,438.4737,430.05582,444.51974
1454,437.18225,427.96085,443.3406
1455,436.18463,426.961,442.15012
1456,434.92294,424.93585,441.12857
1457,434.37836,424.69955,439.77255
1458,433.90024,424.61813,439.38593
1459,432.6,422.3305,438.5112
1460,431.43393,420.6491,437.62125
1461,431.23712,420.8664,436.78967
1462,431.74152,422.04327,437.52335
1463,432.19427,423.15326,438.0785
1464,432.01636,423.29117,437.4349
1465,432.90955,425.27512,438.96332
1466,432.03568,424.51334,437.9691
1467,431.46722,424.23682,436.82434
1468,431.12527,424.0886,436.04453
1469,430.77475,424.08344,435.14542
1470,429.96753,423.44907,434.27347
1471,429.1441,422.76974,433.43567
1472,428.61014,422.5223,432.4441
1473,428.59274,422.93097,432.00235
1474,428.3914,423.1696,431.57858
1475,433.35022,431.1997,440.80328
1476,432.90698,430.96704,439.44415
1477,432.4674,430.76337,439.34753
1478,432.0381,430.54,438.06644
1479,431.17184,429.7034,437.15826
1480,430.52496,429.2906,436.17935
1481,430.0363,429.03894,435.12445
1482,429.52258,428.77115,434.13766
1483,428.80862,428.24646,433.3166
1484,428.24677,427.9329,432.43372
1485,431.58643,433.44617,438.55923
1486,430.95807,433.0224,437.52853
1487,430.22174,432.42062,436.60968
1488,429.88577,432.2141,435.93494
1489,429.89816,432.59515,435.6121
1490,434.17166,439.55887,443.31833
1491,434.79492,440.83618,444.13455
1492,434.0644,440.2213,442.7378
1493,433.27713,439.48883,441.50174
1494,432.53284,438.83594,440.35028
1495,431.86517,438.3116,439.24576
1496,431.13147,437.66687,438.24786
1497,430.4949,437.18335,437.26062
1498,429.86533,436.70813,436.32336
1499,429.29346,436.307,435.39905
1500,428.6354,435.78354,434.56482
1501,428.1061,435.42798,433.69153
1502,427.491,434.96713,432.9035
1503,427.64993,435.5273,432.96152
1504,427.1635,435.2381,432.24063
1505,426.57736,434.81235,431.49194
1506,425.95264,434.32715,430.7864
1507,425.29736,433.78574,430.11493
1508,424.7004,433.33548,429.43372
1509,424.17758,432.9779,428.72977
1510,423.60397,432.5568,428.0718
1511,423.0126,432.1074,427.43774
1512,422.29678,431.41605,426.86832
1513,421.87265,431.141,426.1556
1514,421.54678,430.9208,425.36868
1515,421.5945,431.3288,425.41287
1516,420.9197,430.71796,424.8697
1517,420.5101,430.53543,424.56073
1518,420.11795,430.2807,423.87695
1519,419.72556,430.02856,423.20795
1520,419.31723,429.7684,422.56497
1521,418.65332,429.1653,422.0642
1522,418.1671,428.83627,421.48898
1523,417.88864,428.71255,420.93933
1524,417.48468,428.489,420.43997
1525,418.2964,430.00824,421.82135
1526,417.87625,429.7278,421.2213
1527,418.0484,430.2915,421.5244
1528,418.7608,431.6476,422.73358
1529,418.35175,431.36044,422.12466
1530,419.0842,432.77557,423.46555
1531,419.76318,434.01974,424.8963
1532,419.63974,434.0849,424.62173
1533,421.01627,436.48077,427.1676
1534,423.0558,439.8066,431.06735
1535,425.57364,443.79108,435.86914
1536,425.18207,443.33517,434.8935
1537,424.73203,442.85492,434.0161
1538,429.41406,450.23724,442.5211
1539,429.26794,450.04398,441.72974
1540,428.82373,449.457,440.31857
1541,428.3433,448.87622,439.07523
1542,428.44403,449.2093,438.98962
1543,431.22385,453.60095,443.91248
1544,430.65707,452.889,442.25717
1545,430.1077,452.2278,440.8022
1546,429.63586,451.66272,439.45575
1547,429.4775,451.50482,438.93298
1548,431.168,454.18823,441.86514
1549,430.53238,453.43643,440.4613
1550,429.96817,452.79694,439.18045
1551,429.42715,452.19968,438.01367
1552,429.251,452.1575,437.51855
1553,429.53696,452.76508,437.69156
1554,429.10254,452.28275,436.57498
1555,428.6236,451.79443,435.62274
1556,431.6936,456.7276,441.07748
1557,456.5034,495.27502,486.5992
1558,462.8824,515.0171,506.54562
1559,447.37457,497.70956,496.87894
1560,436.32272,476.0002,487.18753
1561,432.6538,460.6776,478.79324
1562,433.18567,456.1142,474.6453
1563,433.70096,453.57678,470.3608
1564,433.37888,451.42465,464.7727
1565,433.4913,450.78546,460.59995
1566,433.28735,449.96548,457.29395
1567,433.4584,449.98395,455.04623
1568,436.23785,454.04147,458.34857
1569,435.64804,453.01413,454.5285
1570,435.04858,452.19278,450.99927
1571,434.65845,451.72546,448.6729
1572,434.26917,451.16135,446.8608
1573,433.8944,450.65363,445.309
1574,433.50937,450.33487,443.70746
1575,433.04758,449.94894,442.26218
1576,432.95923,450.1831,441.8171
1577,432.87662,450.41852,441.3545
1578,438.2662,459.12732,451.11353
1579,438.50153,459.43372,449.56015
1580,437.92645,458.88284,446.8265
1581,437.80045,459.10208,445.31155
1582,437.08115,458.46588,443.20554
1583,436.6278,458.2303,441.79526
1584,436.4034,458.35,441.00128
1585,439.5889,463.64413,446.2305
1586,438.88678,463.08163,443.67188
1587,438.89407,463.5923,442.76862
1588,438.04828,462.7679,440.8632
1589,437.5933,462.57474,439.61227
1590,437.03186,462.16956,438.07602
1591,436.46695,461.76483,436.7327
1592,440.08426,467.75284,443.08176
1593,444.49826,474.86993,450.07867
1594,443.58798,474.31436,445.77332
1595,443.51117,474.986,444.07977
1596,470.56586,517.5837,492.81665
1597,457.24295,516.3851,486.4091
1598,444.23428,506.95926,477.5871
1599,436.29108,495.03802,469.01895
1600,432.69434,485.78137,460.96356
1601,430.7923,479.82446,454.15652
1602,429.53143,476.02078,449.10214
1603,428.476,473.05505,445.52884
1604,428.065,471.65778,443.5761
1605,432.65515,478.16434,450.85693
1606,431.49402,475.48224,446.62103
1607,430.45486,473.13367,443.55597
1608,429.5858,471.36282,441.22897
1609,428.75668,469.38467,439.6661
1610,427.9192,467.7029,438.1354
1611,427.36038,466.71103,436.8632
1612,429.61063,469.80814,441.47427
1613,429.01712,468.55478,440.1068
1614,431.1721,471.7019,443.34784
1615,434.05283,475.71997,447.34613
1616,433.70535,474.90094,444.5527
1617,434.22192,475.41077,443.78796
1618,434.54288,475.88794,443.47577
1619,433.02,470.82742,440.97433
1620,432.1348,469.4062,439.12762
1621,431.17038,467.4906,437.69077
1622,430.33615,466.1488,436.40894
1623,430.17694,466.0572,436.0514
1624,437.07288,476.83627,448.55484
1625,435.74832,474.24295,444.8341
1626,438.12854,478.0948,447.58942
1627,437.16034,476.95248,443.86392
1628,435.97,474.7951,441.10104
1629,434.66043,470.85815,439.22842
1630,436.42773,473.89227,442.0058
1631,435.41678,472.27365,439.84033
1632,435.39548,472.55328,439.08655
1633,433.64154,466.8786,437.46838
1634,432.5214,462.8754,436.7787
1635,431.83102,461.9689,435.91354
1636,431.11932,461.12985,434.89545
1637,430.46548,460.40555,433.9591
1638,436.0223,469.27402,444.7068
1639,434.7127,466.13644,442.3507
1640,432.79617,459.979,440.62476
1641,431.59445,457.0821,439.31546
1642,431.3398,456.96786,438.7697
1643,432.59183,459.069,440.73053
1644,431.82047,458.08966,439.34808
1645,431.23764,457.46136,438.24506
1646,430.78818,457.00568,437.12897
1647,429.41888,451.83685,436.51028
1648,428.25952,449.06323,435.7223
1649,427.33737,447.52768,434.96512
1650,426.11127,444.03177,434.40536
1651,425.04828,441.8073,433.76825
1652,424.28314,440.8188,433.08603
1653,425.83798,443.1893,437.00424
1654,425.19955,442.442,436.12943
1655,424.66278,441.85385,435.24835
1656,423.35574,438.01093,434.6324
1657,422.1717,435.05338,434.02292
1658,421.2665,433.56415,433.3632
1659,422.1343,435.0552,434.69666
1660,422.6166,436.05133,435.7216
1661,421.93124,435.20108,434.9255
1662,420.2762,428.81607,434.37863
1663,418.95178,425.07803,433.7769
1664,418.05426,423.68927,433.05338
1665,417.12802,422.18817,432.34848
1666,417.94565,423.738,433.91025
1667,418.60477,424.97632,434.97583
1668,417.36325,421.79703,434.31738
1669,417.11835,421.66193,433.80084
1670,419.1466,425.04654,437.50873
1671,421.2836,428.395,440.9493
1672,424.84973,433.9399,446.97134
1673,433.32364,446.87668,462.2565
1674,444.10913,463.08557,478.96967
1675,441.70966,460.03568,469.9863
1676,440.20395,458.048,462.45465
1677,438.75467,455.666,456.86282
1678,437.65665,454.1859,452.76254
1679,436.69745,453.00305,449.67493
1680,435.61,451.31296,447.3144
1681,434.70615,450.19073,445.3643
1682,433.58005,448.15747,443.79034
1683,433.30292,448.12302,442.9667
1684,434.21613,449.9082,444.24878
1685,436.79297,454.15442,448.3296
1686,435.7575,452.65994,446.1181
1687,436.0874,453.4338,446.60538
1688,434.16586,447.2403,444.8526
1689,432.32782,441.06104,443.5463
1690,431.2614,439.30753,442.35992
1691,430.29858,436.2522,442.21173
1692,430.5578,437.02133,443.05933
1693,431.00577,438.0592,443.4202
1694,430.2529,437.04535,442.61655
1695,429.16626,435.15625,441.55972
1696,427.64276,430.62646,440.6823
1697,426.15775,426.4391,439.8581
1698,424.80783,423.19135,439.03458
1699,424.139,422.60547,437.94772
1700,423.608,422.19696,436.79254
1701,421.95932,416.962,436.11954
1702,423.25085,419.42398,438.4594
1703,421.88644,416.16434,437.6478
1704,424.4853,420.52307,441.89832
1705,429.81497,428.97916,451.26126
1706,431.25186,431.35983,452.6782
1707,430.794,430.90323,450.5857
1708,429.416,427.6617,449.00723
1709,429.40225,427.84448,447.9552
1710,430.92548,430.5245,449.98572
1711,431.21594,431.16312,450.62485
1712,430.33667,430.0819,448.82202
1713,430.19653,430.2418,448.09775
1714,429.26584,429.0235,446.5949
1715,426.7244,421.3192,445.5939
1716,424.20108,413.5018,444.69186
1717,422.32312,407.33743,443.68933
1718,420.47092,401.55374,442.65054
1719,418.4195,394.77036,441.61145
1720,416.7334,390.41394,440.366
1721,415.17783,386.86942,439.03262
1722,414.4152,386.30038,437.07104
1723,419.6697,394.71112,446.06387
1724,422.5201,399.50052,449.73587
1725,421.80478,398.88132,447.4494
1726,420.65182,397.21497,445.73795
1727,418.09128,388.9819,444.60687
1728,416.2239,383.8608,443.13504
1729,414.74603,381.00406,441.39426
1730,413.24557,378.06754,439.6628
1731,411.3826,372.61935,438.43555
1732,410.12103,370.8631,436.38724
1733,409.13712,369.97055,434.13846
1734,407.08478,364.2296,432.65125
1735,407.22318,365.11313,431.20282
1736,406.26666,364.33374,429.00018
1737,405.9094,364.52225,427.30814
1738,406.97586,366.85748,427.97
1739,409.70654,371.48132,431.67224
1740,409.3871,371.62274,429.65692
1741,408.32025,370.52902,427.91992
1742,406.83054,367.7296,426.49252
1743,406.28464,367.59192,424.49924
1744,406.49573,368.53683,423.58118
1745,406.23462,368.45276,422.32495
1746,411.92447,377.99466,432.31628
1747,422.1497,394.16678,450.37628
1748,423.7395,396.90356,452.18423
1749,423.82288,397.55902,451.10916
1750,423.52185,397.63556,449.8163
1751,422.34103,395.97433,447.9161
1752,420.7691,392.51297,446.32306
1753,418.6875,386.21152,444.9279
1754,419.3456,387.60886,446.24463
1755,419.97885,388.83887,447.64276
1756,418.8919,387.5624,445.51218
1757,424.9386,397.53552,456.07816
1758,425.1249,398.12134,454.7624
1759,427.37656,401.79578,458.03058
1760,433.06995,410.9109,466.86868
1761,434.70197,413.5107,467.7448
1762,439.92508,421.72552,474.9378
1763,439.36475,421.13306,468.89365
1764,438.30994,420.00455,463.78555
1765,435.93503,412.79605,460.67136
1766,433.5153,405.40286,458.35574
1767,433.18134,405.42908,457.12503
1768,431.35556,401.05966,455.0591
1769,430.74463,400.72113,452.0367
1770,429.18665,397.8026,450.22467
1771,426.99683,391.4566,448.7272
1772,425.8201,390.1706,446.64014
1773,425.05124,389.7495,444.2784
1774,426.27045,392.4195,445.96838
1775,425.3694,391.78467,443.86002
1776,424.01794,389.8155,442.22037
1777,422.74847,388.16174,440.56174
1778,421.70792,387.2168,438.789
1779,420.58844,385.7223,437.5639
1780,421.8955,388.34625,438.54727
1781,423.48407,391.55234,441.44275
1782,423.5326,392.05017,442.11902
1783,424.42917,393.88736,442.70297
1784,423.9231,393.6715,440.31516
1785,422.28735,390.17587,439.04453
1786,421.0524,388.57278,437.54858
1787,419.56387,385.8616,436.20752
1788,418.2274,383.8577,434.77643
1789,419.36298,386.32462,436.03128
1790,420.1034,388.16098,436.51987
1791,419.2827,387.1361,435.88797
1792,418.53055,386.71564,434.30328
1793,421.36438,391.67325,438.3274
1794,422.5947,393.92947,440.04773
1795,422.8152,394.83423,439.22003
1796,426.3333,400.95148,445.06427
1797,430.0813,407.0958,451.46375
1798,428.76166,404.9953,449.71704
1799,427.62796,403.60123,447.95248
1800,426.79083,402.91483,446.29108
1801,425.11978,398.9687,444.96628
1802,426.3067,401.1701,446.38443
1803,425.8943,400.93842,444.59012
1804,425.5699,400.87344,442.8926
1805,424.7309,400.2538,441.23282
1806,424.82468,401.08606,441.10635
1807,423.5394,399.07748,439.8385
1808,423.42975,399.32822,438.69254
1809,423.06744,399.16397,437.25357
1810,422.5818,398.9591,435.42862
1811,422.14978,398.78995,433.60376
1812,422.13586,399.26715,432.61926
1813,421.12814,398.19528,431.59488
1814,420.5857,397.977,430.12616
1815,420.08368,397.7554,429.9669
1816,419.63373,397.59418,428.43158
1817,419.13943,397.43933,427.11984
1818,418.68427,397.28473,425.71664
1819,417.84262,396.65222,424.7185
1820,417.35068,396.48004,423.44702
1821,417.00946,396.37744,422.00293
1822,421.09225,403.05728,429.22638
1823,422.12515,405.07227,430.43658
1824,421.79465,404.94458,429.32022
1825,421.47064,404.82355,428.2566
1826,421.25848,404.93127,427.15628
1827,420.5803,404.55716,426.16876
1828,419.61395,403.54172,425.36002
1829,419.23077,403.41168,424.09973
1830,418.29645,402.4788,423.31442
1831,417.50986,401.7995,422.75104
1832,416.78818,401.34265,421.87048
1833,416.64636,401.5172,420.9515
1834,415.85324,400.9169,420.15482
1835,415.10742,400.40662,419.34518
1836,414.28314,399.72098,418.5874
1837,413.3312,398.66486,417.89
1838,412.49805,397.94363,417.14536
1839,411.6594,397.20068,416.41034
1840,410.82324,396.45645,415.6807
1841,409.92194,395.52072,414.98398
1842,409.79022,395.9108,414.8459
1843,413.83157,402.49457,421.87274
1844,413.6803,402.6746,421.13678
1845,414.14362,403.73285,421.40176
1846,415.1391,405.5326,423.27072
1847,414.74573,405.3619,422.20676
1848,414.25552,405.1248,421.25452
1849,413.705,404.83286,420.37772
1850,413.15875,404.54556,419.51755
1851,412.48325,404.0777,418.76007
1852,411.7874,403.56885,418.02524
1853,411.46405,403.42624,416.97046
1854,410.91516,403.13593,416.18057
1855,410.402,402.8823,415.38028
1856,409.86646,402.6055,414.61295
1857,409.3143,402.30908,413.87167
1858,410.7314,405.00378,416.55817
1859,414.9833,411.82053,424.5468
1860,414.8335,411.8355,424.027
1861,414.37393,411.56235,423.1274
1862,413.82803,411.2099,422.32022
1863,413.2743,410.8486,421.5347
1864,412.76477,410.5366,420.7321
1865,412.50586,410.4943,420.00403
1866,412.22614,410.35962,419.07968
1867,411.87875,410.19214,418.23672
1868,411.46335,409.97183,417.43015
1869,411.042,409.75018,416.64655
1870,410.86276,409.90698,416.33444
1871,410.4797,409.71042,415.5419
1872,410.29776,409.66302,415.20413
1873,409.9132,409.4692,414.438
1874,409.5557,409.292,413.66046
1875,409.18127,409.1091,412.91653
1876,413.9639,416.83124,421.5716
1877,413.51782,416.54355,420.82013
1878,413.1278,416.29742,420.03363
1879,412.68802,416.02097,419.30753
1880,413.13394,417.00272,419.90576
1881,412.79523,416.8071,419.1611
1882,412.39224,416.55774,418.4337
1883,411.9415,416.27496,417.75824
1884,411.55246,416.0389,417.04465
1885,411.19717,415.82452,416.31262
1886,410.83932,415.6124,415.59747
1887,410.4256,415.36887,414.9441
1888,410.52036,415.79062,414.90884
1889,417.29822,426.50217,427.5084
1890,417.04156,426.27457,426.78354
1891,423.46658,436.41302,438.46756
1892,424.0789,437.12982,439.51
1893,423.69196,436.5986,438.31638
1894,423.84073,436.8685,438.34848
1895,423.40854,436.33624,437.2587
1896,422.77603,435.58563,436.36862
1897,422.44077,435.13654,435.50787
1898,422.02725,434.66415,434.53326
1899,423.03625,436.3336,436.1252
1900,426.64908,441.73297,442.7958
1901,426.55295,441.2115,442.2364
1902,426.20645,440.65613,441.35162
1903,425.693,440.01602,440.13925
1904,425.2544,439.4626,438.94742
1905,424.8682,438.99603,437.86716
1906,424.49774,438.52963,436.7463
1907,424.18094,438.12604,436.0258
1908,423.7846,437.68124,435.02563
1909,423.3592,437.23422,434.09848
1910,423.13657,437.09613,433.53162
1911,422.68298,436.6469,432.68832
1912,423.54373,438.11115,434.21463
1913,423.88638,438.77417,434.63437
1914,427.0064,443.28864,440.3035
1915,426.93564,442.80045,439.82635
1916,426.81683,442.537,439.44577
1917,426.44247,442.12408,438.4222
1918,426.72403,442.66675,438.64145
1919,426.60352,442.60767,437.97247
1920,434.07462,454.1905,451.81686
1921,433.42914,453.28482,448.85394
1922,432.7922,452.4741,446.50064
1923,437.80215,460.34552,454.7417
1924,437.1297,459.5458,450.77103
1925,436.43665,458.78186,447.6311
1926,435.77994,458.10822,445.15283
1927,436.7546,459.89832,445.8099
1928,436.11563,459.29327,443.56946
1929,435.90247,459.3069,442.2568
1930,435.3767,458.84573,440.51263
1931,437.45456,462.38953,443.71786
1932,436.5968,461.45175,441.7642
1933,435.90173,460.8208,440.08267
1934,435.46204,460.55856,438.85757
1935,440.00565,467.9964,446.96976
1936,439.2066,467.30798,444.02173
1937,438.49023,466.7182,441.66788
1938,437.6703,465.92368,439.77908
1939,437.0372,465.42316,438.13586
1940,438.66254,468.35416,440.6567
1941,437.87332,467.62445,438.85773
1942,437.20908,467.09268,437.2738
1943,436.5078,466.48743,435.9177
1944,435.8355,465.9158,434.71964
1945,435.2504,465.46994,433.72144
1946,440.8286,474.05704,443.68063
1947,440.58252,473.72986,441.43976
1948,449.375,487.3719,456.32474
1949,449.63217,489.69766,453.5799
1950,448.8652,490.5646,449.33777
1951,448.1223,491.1296,445.44427
1952,446.77643,490.4957,440.83566
1953,445.7038,489.97348,437.32266
1954,454.45398,504.476,452.54898
1955,451.127,502.9664,445.70035
1956,448.8479,501.47168,440.11072
1957,451.04922,506.50806,442.49823
1958,449.35922,505.9429,437.23297
1959,447.69504,504.836,433.20224
1960,446.37103,503.95715,430.1473
1961,447.02374,506.00403,430.99185
1962,445.687,504.80243,428.30466
1963,449.89493,512.3183,435.76163
1964,448.06967,511.22488,431.56384
1965,446.61096,510.28207,428.32864
1966,446.49124,511.10193,427.95016
1967,445.49792,510.52997,425.99884
1968,446.0586,512.3897,426.9405
1969,444.25507,508.56555,424.5801
1970,443.03534,506.86765,422.8617
1971,442.02094,505.78168,421.4705
1972,440.9868,504.34976,420.30167
1973,439.98743,502.8618,419.3133
1974,439.127,501.85852,418.4606
1975,438.30392,500.90146,417.7061
1976,437.51462,499.99167,417.03082
1977,436.83392,499.37115,416.41467
1978,435.9767,498.01697,415.86093
1979,435.3922,497.26025,415.7183
1980,437.54074,501.00616,420.30035
1981,436.8774,500.46713,419.43796
1982,436.00467,499.1593,418.67825
1983,435.18665,498.00418,418.0058
1984,434.36957,496.712,417.4412
1985,433.5008,495.10007,416.92145
1986,432.71378,493.87253,416.4356
1987,434.14978,496.43036,419.71155
1988,434.57455,497.4592,420.82446
1989,433.93942,496.83585,420.05005
1990,433.12396,495.2001,419.5545
1991,432.1211,492.71667,418.9506
1992,431.1298,490.20193,418.4304
1993,437.18576,499.70233,430.51245
1994,445.71368,513.37476,445.81586
1995,445.2504,515.1238,443.41977
1996,443.01047,513.9496,437.73157
1997,440.63123,509.51166,433.16766
1998,438.58438,504.71527,429.99863
1999,437.34055,502.52075,427.80618
2000,436.18546,499.65674,426.31656
2001,435.23923,498.22568,424.9648
2002,434.38672,497.03604,423.8277
2003,445.14178,514.0031,444.11108
2004,460.83896,540.5164,471.59882
2005,447.31924,534.69147,463.6034
2006,436.98407,523.63696,455.755
2007,431.24106,511.33414,448.2894
2008,428.8382,503.08664,442.21393
2009,427.56607,499.02286,438.0417
2010,426.24518,493.94315,435.0827
2011,424.64886,487.4507,433.0663
2012,423.93777,485.44794,431.63632
2013,424.503,485.61374,432.39255
2014,428.06744,490.36755,438.9989
2015,426.40607,483.86502,436.50436
2016,425.59543,481.72354,434.77438
2017,424.1977,475.85175,433.43634
2018,425.35583,477.1754,435.48154
2019,423.94427,471.24976,434.25113
2020,422.30304,464.74744,433.35214
2021,420.4118,457.69263,432.68076
2022,419.0873,452.0211,432.14706
2023,418.87665,450.09442,433.1846
2024,417.7062,446.07236,432.63318
2025,418.05698,446.4358,433.70016
2026,420.0127,448.86163,438.26117
2027,419.01047,445.9947,437.45435
2028,425.40903,455.52237,449.13812
2029,424.60938,453.35587,446.929
2030,423.00235,446.42407,445.53644
2031,421.17984,439.14224,444.34238
2032,420.50433,437.74738,443.08163
2033,419.86972,436.49188,441.89792
2034,419.0243,434.70895,440.8987
2035,418.07227,432.5171,439.99622
2036,417.5082,431.4956,438.94373
2037,416.53503,429.2671,438.13293
2038,415.18567,424.73883,437.44098
2039,414.56094,423.7308,436.4723
2040,415.01535,424.31195,437.8683
2041,413.49478,418.60306,437.2138
2042,411.92206,412.81244,436.52286
2043,411.52972,412.16492,435.11237
2044,410.87122,411.15198,434.38248
2045,410.36865,410.4767,433.1795
2046,409.83658,409.79874,432.041
2047,411.2863,412.0755,434.0492
2048,410.65796,411.24817,432.9973
2049,409.87827,410.10236,432.06842
2050,408.47925,405.8297,431.37668
2051,406.68683,398.9796,430.72772
2052,404.9987,393.137,429.97333
2053,403.6876,389.9405,429.02518
2054,402.16028,385.46686,428.11325
2055,400.93622,382.90778,427.02097
2056,399.56363,379.55844,425.96814
2057,398.79218,378.74057,424.50983
2058,397.70053,376.89542,423.3149
2059,397.08984,376.37903,421.72296
2060,396.45914,375.85236,420.21414
2061,395.72208,375.1561,418.8644
2062,395.20447,374.7835,417.30542
2063,394.37408,373.8856,416.11588
2064,392.3648,366.69684,415.37054
2065,391.2936,365.06793,414.18936
2066,390.1836,363.27792,413.0312
2067,389.1546,361.8248,411.82547
2068,387.80814,358.8533,410.77893
2069,387.52756,358.76205,410.70398
2070,387.12695,358.53824,408.7535
2071,385.42752,353.49243,407.84677
2072,386.65884,355.79962,408.78647
2073,386.1571,355.53815,407.0199
2074,385.23822,354.52557,405.7654
2075,384.46915,353.8985,404.42035
2076,383.60748,353.04437,403.18466
2077,386.09967,357.46054,407.9836
2078,388.26993,361.33368,411.35934
2079,387.5705,360.78043,409.9199
2080,387.23538,360.64594,408.18756
2081,387.69348,361.8338,408.33322
2082,391.345,367.8257,413.93112
2083,391.4582,368.21747,412.85568
2084,394.25253,372.7877,416.67505
2085,394.29803,373.1832,415.6812
2086,393.8104,372.93045,414.70493
2087,393.25537,372.55634,413.31424
2088,392.95547,372.4984,412.03708
2089,392.23828,371.89273,410.8971
2090,390.8931,368.70587,410.08438
2091,389.78152,366.5002,409.35455
2092,389.14594,365.31516,409.30856
2093,389.1671,365.62726,410.01083
2094,387.97568,363.3432,409.04745
2095,387.04813,361.50946,408.53943
2096,386.37683,361.00333,407.202
2097,387.34125,362.92215,408.16907
2098,387.781,363.95837,407.94183
2099,390.07025,367.90414,411.3606
2100,393.63364,373.6448,416.67947
2101,393.04388,373.1873,415.27142
2102,392.15497,372.09003,414.15866
2103,391.15836,370.6101,413.11957
2104,389.97766,367.8613,412.41388
2105,389.04364,366.55835,411.3924
2106,387.92148,364.54236,410.3919
2107,390.00818,368.22562,414.46054
2108,388.63638,364.83752,413.49155
2109,387.24127,361.33853,412.50595
2110,386.04825,359.0532,411.36658
2111,389.8603,365.3271,417.3143
2112,389.1185,364.4209,416.24002
2113,387.97275,362.32538,415.02002
2114,387.0453,361.12073,413.65488
2115,385.84018,357.00305,413.405
2116,384.38547,353.3542,412.23926
2117,383.64667,352.6655,410.73547
2118,382.34616,349.94272,409.48688
2119,381.2123,348.06458,408.12177
2120,381.75082,349.37607,408.05026
2121,381.40564,349.32227,406.398
2122,380.9245,349.06265,404.54114
2123,380.4027,348.77255,402.79715
2124,379.73676,348.3124,401.34576
2125,381.71066,351.7058,403.5891
2126,383.65552,354.95468,405.72998
2127,383.38193,354.9391,404.14954
2128,382.62354,354.29388,402.88153
2129,382.82394,355.14703,403.36215
2130,381.9002,354.03146,402.2469
2131,381.53104,353.84427,402.06683
2132,380.9158,353.4183,401.058
2133,379.58063,350.34195,400.16522
2134,378.10867,346.5052,399.28122
2135,377.0293,344.82773,398.18555
2136,376.26392,344.12033,397.06216
2137,376.02045,344.17303,395.5641
2138,375.10403,343.10788,394.4516
2139,374.17874,342.0081,393.3582
2140,373.09595,340.28336,392.35864
2141,371.8341,337.67233,391.42813
2142,370.6187,335.3311,390.45288
2143,369.39374,332.95712,389.46146
2144,368.9727,332.80145,388.9998
2145,368.0333,331.67123,387.85767
2146,368.13696,332.41232,388.10205
2147,367.65994,332.20612,386.5465
2148,366.90665,331.5931,385.3538
2149,366.51764,331.46326,385.06393
2150,367.983,334.30148,387.9295
2151,367.73907,334.2596,386.16745
2152,368.01685,334.4452,387.8573
2153,366.9182,332.18002,387.1476
2154,366.10797,331.40323,385.9788
2155,365.28015,330.57315,384.84586
2156,364.4875,329.4808,384.19943
2157,363.64316,328.59528,383.0949
2158,362.80386,327.71988,382.00497
2159,361.99405,326.742,381.1868
2160,363.1489,328.91772,383.87326
2161,365.6394,333.32318,388.15768
2162,365.23413,332.95154,387.98816
2163,364.66727,332.55276,387.10367
2164,364.47037,332.78043,386.6311
2165,365.8007,335.32953,389.26376
2166,367.0275,337.7379,391.2339
2167,366.20355,336.80035,390.08206
2168,365.4636,336.09274,388.88718
2169,364.6265,335.11072,387.78802
2170,366.17096,337.74557,389.23798
2171,365.84772,337.56393,387.53888
2172,370.2036,344.55676,394.32242
2173,371.46265,346.59637,395.78143
2174,371.4282,346.59744,395.2122
2175,370.99847,346.32428,393.7356
2176,370.64264,346.10742,392.18207
2177,370.23627,345.87527,390.7854
2178,369.46262,345.05707,389.804
2179,368.76526,344.43112,388.78497
2180,369.91293,346.39038,389.54047
2181,372.3242,350.23636,393.3469
2182,373.11884,351.58655,393.90445
2183,372.91568,351.4159,392.39014
2184,376.38675,357.10553,398.0584
2185,378.1009,359.86185,400.38547
2186,379.00058,361.34604,401.20694
2187,379.0404,361.64175,400.34665
2188,378.40823,361.08417,399.30927
2189,377.66168,360.26974,398.3736
2190,377.2428,359.98624,397.1467
2191,376.75705,359.6532,396.0411
2192,376.104,359.06985,395.11127
2193,375.50748,358.59332,394.15555
2194,374.9838,358.22702,393.15714
2195,374.42566,357.81613,392.2123
2196,373.81912,357.32657,391.32468
2197,373.53824,357.14847,390.05606
2198,373.14087,356.92355,389.02072
2199,372.69705,356.66644,388.0667
2200,372.22708,356.3869,387.1619
2201,371.79868,356.14938,386.23654
2202,371.36295,355.9085,385.34097
2203,370.90298,355.64667,384.48914
2204,370.63318,355.50574,383.40796
2205,370.15366,355.22943,382.6162
2206,369.71982,355.00113,381.8007
2207,369.26614,354.75473,381.01984
2208,368.9236,354.59558,380.1412
2209,368.58905,354.44382,379.27393
2210,368.20172,354.26205,378.48615
2211,367.8878,354.1253,377.63153
2212,370.07028,357.6802,380.92047
2213,371.42337,359.93396,382.68497
2214,371.16916,359.80063,381.73056
2215,371.0614,359.83902,380.8962
2216,370.79468,359.71222,380.01266
2217,371.60593,361.16162,380.87656
2218,371.421,361.0536,379.85208
2219,371.24594,360.95267,378.8325
2220,371.0009,360.84433,377.98984
2221,372.8789,363.9735,380.9722
2222,376.76727,370.11432,388.1434
2223,376.60367,369.97147,387.59106
2224,376.37704,369.87875,386.80542
2225,376.0775,369.71216,385.9991
2226,375.72052,369.5194,385.27545
2227,376.77142,371.3074,386.61017
2228,376.46027,371.1358,385.84848
2229,376.19485,370.98575,385.04187
2230,375.9236,370.83817,384.26138
2231,375.68616,370.70456,383.44623
2232,375.366,370.5445,382.75793
2233,375.18295,370.42838,381.8702
2234,374.9606,370.31058,381.08273
2235,374.77667,370.39487,380.75607
2236,374.53976,370.27765,380.0189
2237,374.36697,370.1918,379.22397
2238,374.1438,370.08514,378.49765
2239,373.91397,369.9799,377.7964
2240,373.6832,369.8771,377.11038
2241,373.4317,369.77106,376.46548
2242,373.174,369.66498,375.83987
2243,372.95038,369.57016,375.1811
2244,372.77435,369.48627,374.45435
2245,372.60715,369.40634,373.72473
2246,372.40125,369.32318,373.0796
2247,372.2278,369.2473,372.39102
2248,375.88864,375.09885,378.8241
2249,375.72452,375.00323,378.26968
2250,375.49258,374.8976,377.649
2251,375.31976,374.80554,376.94464
2252,375.07275,374.70078,376.36526
2253,374.898,374.6132,375.68988
2254,375.80615,376.1689,377.35583
2255,375.56494,376.06345,376.78
2256,377.50266,379.42203,380.4914
2257,377.27597,379.30493,379.882
2258,379.2595,382.56833,383.28845
2259,381.27982,385.91077,386.8385
2260,388.5692,397.31537,400.31967
2261,388.45505,397.18106,399.90268
2262,388.17404,396.89673,399.21964
2263,387.882,396.63153,398.6043
2264,387.6879,396.4235,397.91382
2265,396.08762,409.50375,413.22336
2266,395.75183,408.9778,412.49594
2267,395.48502,408.52112,411.74625
2268,395.80438,408.997,412.11548
2269,398.5023,413.18094,416.99847
2270,401.6994,418.00348,422.68845
2271,407.90494,427.23834,434.32214
2272,407.57028,425.9852,433.27512
2273,407.2182,424.8194,432.27048
2274,406.85123,423.72568,431.30096
2275,406.5298,422.72775,430.2847
2276,406.42856,422.10254,429.68512
2277,409.2184,426.0173,434.42374
2278,408.82388,424.91162,433.42075
2279,408.45822,423.8952,432.40186
2280,408.1827,422.998,431.57413
2281,407.8724,422.12994,430.50885
2282,407.4886,421.281,429.5652
2283,407.1332,420.49426,428.60284
2284,406.85114,419.78397,427.71964
2285,406.64093,419.17365,427.3789
2286,408.03952,421.0602,430.09708
2287,408.1936,420.9534,430.4432
2288,407.90985,420.21313,429.57703
2289,407.61343,419.50952,428.55344
2290,407.36252,418.8644,428.05365
2291,407.59097,419.0048,428.2388
2292,407.20438,418.32767,427.33228
2293,406.92007,417.72543,426.4037
2294,406.64474,417.1592,425.5635
2295,406.35843,416.61713,424.58267
2296,406.1573,416.2228,423.85944
2297,405.90927,415.75006,423.26428
2298,405.64313,415.2819,422.48108
2299,405.36545,414.83026,421.548
2300,405.06967,414.3952,420.6248
2301,404.7889,413.9859,419.6971
2302,405.0206,414.41864,419.82452
2303,405.0787,414.5756,419.61356
2304,410.03262,422.3482,428.61246
2305,409.62784,421.71445,427.7451
2306,409.31784,421.1582,426.7781
2307,409.9592,422.07343,427.6606
2308,409.63437,421.52505,426.7233
2309,415.59988,430.7109,437.42676
2310,415.96167,431.06366,437.8899
2311,415.5328,430.1758,436.81888
2312,415.1283,429.3547,435.76013
2313,414.7431,428.59155,434.71457
2314,414.7678,428.43625,434.36295
2315,423.92676,442.38214,451.4653
2316,423.87555,441.62457,450.29388
2317,423.6338,440.57556,448.7522
2318,423.20172,439.48636,447.1841
2319,422.63043,438.2875,445.57227
2320,422.03604,437.1415,444.14493
2321,421.36743,435.92816,442.8921
2322,420.9312,435.06442,441.54108
2323,420.5135,434.2733,440.25934
2324,420.04865,433.49738,439.1037
2325,421.18533,435.19455,440.8232
2326,420.76938,434.45508,439.58325
2327,420.6411,434.2853,439.3484
2328,422.6257,437.35016,442.79974
2329,422.66434,437.19193,442.51117
2330,422.2611,436.437,441.13892
2331,421.76614,435.66464,439.95752
2332,421.3953,435.0178,438.7126
2333,423.57227,438.4741,442.74716
2334,422.9108,437.43994,441.57
2335,426.13388,442.29535,447.18744
2336,426.35376,442.29938,447.0976
2337,425.99377,441.49332,445.819
2338,425.67093,440.81873,444.55353
2339,426.01968,441.1979,444.8561
2340,425.33618,440.15594,443.48352
2341,424.9332,439.473,442.00516
2342,424.19183,438.37268,440.90335
2343,423.77734,437.75525,439.64566
2344,424.5904,439.0392,440.64944
2345,430.98074,448.91733,452.1497
2346,430.1127,447.4054,449.629
2347,429.58224,446.52957,447.37366
2348,428.62772,444.80908,445.71112
2349,427.65292,443.0036,444.29367
2350,426.74582,441.4567,443.02795
2351,426.29663,440.82596,441.61948
2352,435.47662,455.06982,458.1995
2353,434.66083,453.77072,453.77515
2354,434.05032,452.8615,450.3634
2355,433.2417,451.74942,447.96048
2356,432.69696,451.07336,445.7473
2357,431.57043,448.82138,444.13596
2358,430.97473,448.16458,442.58276
2359,430.54532,447.74237,441.29587
2360,434.77698,454.57413,448.89218
2361,433.661,452.541,446.64084
2362,432.7419,451.21555,444.78558
2363,432.1562,450.5816,443.07364
2364,434.2722,454.1001,446.37967
2365,433.7891,453.59595,444.4073
2366,432.6688,451.43704,442.85223
2367,432.0121,450.75064,441.39572
2368,430.95065,448.78177,440.23477
2369,429.71008,445.7545,439.24686
2370,429.0199,445.0111,438.22372
2371,428.2203,443.8658,437.492
2372,427.63867,443.30096,436.5781
2373,428.37872,444.63135,437.7365
2374,427.41357,443.0019,436.91077
2375,425.80582,437.16815,436.248
2376,424.7117,434.9634,435.54828
2377,426.0091,437.06265,438.87634
2378,424.83157,434.3815,438.08374
2379,423.65054,431.68973,437.3318
2380,422.53433,429.372,436.59076
2381,421.21603,425.85373,435.91534
2382,420.5856,425.21313,434.9912
2383,420.6816,425.54553,434.6908
2384,420.1065,424.9971,433.7731
2385,430.4821,441.2725,452.70166
2386,429.4213,439.2205,450.5039
2387,427.9517,434.8163,448.813
2388,426.46884,430.36234,447.42004
2389,424.86862,425.16782,446.23572
2390,424.36148,424.56415,444.58975
2391,423.9524,424.06223,442.9219
2392,423.45755,423.54547,441.4862
2393,423.0837,423.12628,440.1341
2394,422.44675,422.49615,439.1064
2395,422.11334,422.18182,437.7979
2396,425.0192,426.83026,442.97202
2397,425.0331,426.83978,443.7296
2398,424.2942,425.97275,442.48468
2399,423.87418,424.78436,442.85797
2400,422.1573,418.86343,441.98965
2401,420.5392,413.82132,441.1092
2402,418.74655,407.76755,440.25522
2403,416.9176,401.70615,439.36404
2404,415.92264,400.3686,438.08032
2405,416.4347,401.5603,438.30728
2406,414.86755,397.3498,437.3116
2407,413.08926,391.92612,436.3317
2408,411.5469,388.11383,435.19464
2409,410.3885,386.32104,433.82733
2410,409.09735,383.94153,432.54007
2411,407.95816,382.24814,431.15784
2412,407.2141,381.66177,429.47003
2413,409.57687,385.74597,432.6352
2414,407.81824,380.6641,431.5761
2415,406.44812,377.96506,430.26312
2416,405.05563,375.17944,428.93903
2417,403.70273,372.62338,427.57062
2418,402.79578,371.7555,425.8835
2419,402.2337,371.44366,423.83148
2420,403.1224,373.45013,425.16537
2421,406.1363,378.63336,429.68842
2422,415.8457,393.81195,447.50787
2423,415.698,393.61908,446.3495
2424,414.57626,391.8365,444.55695
2425,425.6155,409.28143,463.8893
2426,427.7965,412.33142,466.63287
2427,427.33408,409.62238,465.32602
2428,432.1906,416.82196,472.62604
2429,430.75143,413.49615,467.32178
2430,429.54492,411.32034,463.32727
2431,430.46335,412.68942,463.38852
2432,430.9318,413.58707,461.63312
2433,430.18805,412.76266,458.22647
2434,428.52213,408.54898,456.0623
2435,426.2433,400.97864,454.34457
2436,423.94098,393.42603,452.7062
2437,423.45282,393.16373,449.8202
2438,421.5536,388.11957,448.16937
2439,420.84067,387.66095,445.54654
2440,419.9679,386.9844,443.27527
2441,419.3125,386.66364,441.28082
2442,418.77795,386.49768,439.20248
2443,418.00134,386.0084,437.19766
2444,416.8911,384.75778,435.5977
2445,415.48218,382.3108,434.21115
2446,413.48676,376.70154,433.04004
2447,411.9359,373.67358,431.5932
2448,410.2406,369.92194,430.1829
2449,408.49124,365.94217,428.74255
2450,407.12665,363.89743,427.0427
2451,406.85416,364.22543,426.28925
2452,406.30264,364.03088,423.76688
2453,405.7137,363.83453,421.55847
2454,407.3022,367.0844,424.06277
2455,406.33765,366.14993,422.71747
2456,405.67575,365.86832,420.7241
2457,405.08682,365.20206,420.56516
2458,403.72916,363.04883,419.22604
2459,403.11526,362.67203,418.5683
2460,402.21762,361.93387,417.22577
2461,400.9784,360.2414,415.87344
2462,401.735,361.8751,415.52194
2463,401.39856,362.01575,413.97092
2464,400.81693,361.81424,412.20502
2465,399.5169,359.81284,411.07324
2466,401.6021,363.43427,415.86197
2467,400.65747,362.64133,414.43167
2468,401.44336,364.58438,415.44208
2469,403.40842,367.60678,420.31964
2470,401.8329,364.08282,419.20456
2471,402.2625,365.10123,420.71848
2472,401.6292,364.84366,419.14465
2473,403.62186,368.31982,421.4092
2474,403.5619,368.91855,420.69016
2475,402.9678,368.69873,419.11127
2476,402.26202,368.31595,417.49442
2477,401.5436,367.916,415.95758
2478,400.9226,367.63843,414.37225
2479,400.90686,367.88495,413.8504
2480,401.19266,368.60272,413.8711
2481,401.02692,369.01147,413.1375
2482,401.7492,370.78848,414.8762
2483,400.9837,370.29514,413.5781
2484,400.11194,369.57654,412.39725
2485,399.20798,368.77072,411.26306
2486,398.83798,368.65787,409.54675
2487,397.5241,366.2473,408.67032
2488,396.43066,363.30994,408.67502
2489,395.2053,361.1654,407.83206
2490,394.84155,361.0628,406.00046
2491,393.944,360.28574,404.87933
2492,396.56207,364.0738,411.23135
2493,397.21817,365.7453,412.6795
2494,397.3143,366.55206,412.54837
2495,397.12372,366.9208,412.25772
2496,396.7556,366.7892,410.42462
2497,396.11533,366.45935,409.09183
2498,395.51968,366.18298,407.75864
2499,395.68176,366.9541,408.73093
2500,397.10083,369.32712,412.44153
2501,398.50394,372.12454,415.2439
2502,397.65103,371.348,414.055
2503,397.55527,371.75595,414.25348
2504,397.9077,372.70828,413.85046
2505,397.28418,372.3501,412.54086
2506,397.07095,372.61975,411.9531
2507,396.6687,372.4515,410.42603
2508,396.19617,372.24985,409.07288
2509,395.6409,371.91678,408.6317
2510,394.87662,371.31985,407.61002
2511,394.0031,370.44476,406.67294
2512,392.9747,368.30075,406.33948
2513,401.93143,382.75565,423.36084
2514,401.25037,382.19586,422.01715
2515,401.1743,382.55154,422.059
2516,400.68085,382.2178,420.54617
2517,401.3079,383.4657,422.37875
2518,401.02795,383.47855,421.40955
2519,401.94788,385.30536,422.48242
2520,401.5258,385.00757,420.92764
2521,400.8336,384.42252,419.7542
2522,399.19858,379.43198,419.01108
2523,397.82645,376.22034,418.1231
2524,396.69534,374.31616,417.10117
2525,395.7156,373.03085,415.99313
2526,395.28287,372.78128,414.35504
2527,395.95303,374.18738,414.60638
2528,396.8815,376.04767,415.56906
2529,396.0033,375.07858,414.49582
2530,394.82242,372.90002,413.5828
2531,393.98846,372.05847,412.47583
2532,393.1998,371.32855,411.35727
2533,392.8025,371.11835,409.82675
2534,392.10968,370.59555,408.7071
2535,391.69693,370.3914,407.30112
2536,390.80026,369.35922,406.37695
2537,389.8556,367.9329,405.70264
2538,390.0208,368.52756,405.06857
2539,391.34427,370.8018,406.7205
2540,394.7513,376.25793,412.63107
2541,394.30225,375.9974,411.2857
2542,393.30078,374.5337,410.41168
2543,392.70187,374.1329,409.31915
2544,392.67807,374.2466,409.0046
2545,392.46628,374.09128,408.1546
2546,392.22595,373.93848,406.89233
2547,391.96014,373.7908,405.3701
2548,390.90363,372.0827,404.62915
2549,390.00647,371.00632,403.81366
2550,389.69208,370.85812,402.45456
2551,389.063,370.44217,401.5219
2552,388.1517,369.3026,400.76276
2553,387.33472,368.46216,399.96085
2554,386.55005,367.70615,399.14905
2555,385.775,366.97028,398.3405
2556,385.07953,366.41837,397.49606
2557,384.41428,365.92398,396.64615
2558,383.62015,365.1184,395.88113
2559,382.766,364.121,395.14917
2560,382.11053,363.63675,394.31567
2561,381.6365,363.40366,393.35397
2562,381.27972,363.25363,392.2773
2563,380.8891,363.08948,391.2781
2564,380.29477,362.71182,390.48782
2565,380.06677,362.61053,389.24905
2566,379.5614,362.35672,388.43793
2567,379.08478,362.13303,387.62033
2568,378.60654,361.90778,386.82162
2569,378.15012,361.70355,386.0214
2570,377.82306,361.5847,385.09924
2571,377.4589,361.45026,384.24734
2572,376.97775,361.22427,383.52243
2573,376.45892,360.95306,382.83722
2574,375.87793,360.58798,382.2003
2575,375.27475,360.18048,381.58347
2576,374.62247,359.66934,380.99728
2577,374.18817,359.48282,380.28595
2578,373.8954,359.3815,379.43915
2579,373.4919,359.22202,378.73334
2580,373.04355,359.0236,378.0764
2581,372.62405,358.851,377.40915
2582,372.21484,358.68677,376.74588
2583,371.8326,358.5428,376.07233
2584,371.35843,358.31424,375.4783
2585,370.99728,358.18396,374.80865
2586,370.80786,358.11414,373.908
2587,370.58334,358.04126,373.10056
2588,370.3373,357.9655,372.3467
2589,370.05978,357.88202,371.6518
2590,369.82266,357.8115,370.9165
2591,369.50754,357.71527,370.2909
2592,369.2974,357.65283,369.54166
2593,369.04675,357.5828,368.8696
2594,368.6824,357.46118,368.3218
2595,368.4062,357.38428,367.70352
2596,372.0207,363.1846,373.96085
2597,373.56866,365.72934,376.8627
2598,373.32736,365.63895,376.1421
2599,373.0408,365.53607,375.49356
2600,372.77927,365.44333,374.82782
2601,372.5243,365.35416,374.16672
2602,372.20093,365.23846,373.58984
2603,371.99432,365.16324,372.88266
2604,371.81146,365.094,372.1475
2605,378.41537,375.50107,384.01978
2606,379.57324,377.66354,386.21585
2607,379.25494,377.49875,385.5686
2608,378.95102,377.343,384.91782
2609,378.6796,377.20273,384.24185
2610,378.46912,377.17847,383.7405
2611,378.31516,377.16318,383.1489
2612,381.1173,381.66226,388.0115
2613,380.88092,381.51395,387.28726
2614,380.67682,381.3925,386.56558
2615,380.43216,381.2506,385.88123
2616,384.22992,387.2854,392.6045
2617,384.05194,387.11752,392.16718
2618,385.09488,388.8773,393.69717
2619,385.5434,389.67108,394.4716
2620,385.94797,390.38568,395.2387
2621,392.12265,400.0588,406.3917
2622,391.77267,399.6854,405.68185
2623,391.45642,399.3399,404.94644
2624,391.2282,399.0361,404.09714
2625,391.0047,398.74725,403.2623
2626,395.3924,405.6263,411.06595
2627,395.61093,406.13144,411.66327
2628,395.2614,405.67587,410.92892
2629,394.94534,405.2522,410.16766
2630,394.64294,404.84903,409.40115
2631,394.3569,404.46674,408.62546
2632,394.06705,404.0967,407.86707
2633,393.771,403.73663,407.1282
2634,393.53464,403.40857,406.3159
2635,393.26666,403.085,405.56567
2636,397.22772,409.28696,412.61218
2637,396.94305,408.92737,412.0291
2638,396.69418,408.52225,411.20334
2639,397.25815,409.4077,411.9426
2640,397.00284,409.009,411.13727
2641,397.42126,409.60693,411.98767
2642,397.24472,409.30182,411.43817
2643,397.0084,408.9229,410.70673
2644,396.78214,408.56146,410.10266
2645,396.49454,408.192,409.3719
2646,396.51,408.21063,409.36096
2647,405.5212,422.14557,426.17682
2648,405.37506,421.64603,425.58545
2649,405.08105,420.95047,424.73145
2650,406.6258,423.23956,427.6674
2651,406.20798,422.39127,426.8684
2652,405.82712,421.60562,426.0428
2653,405.4152,420.8277,425.25775
2654,405.0279,420.09753,424.4582
2655,405.19626,420.14755,424.36835
2656,408.1879,424.56668,429.6559
2657,412.2074,430.4452,436.78494
2658,411.92346,429.39542,435.99435
2659,411.58926,428.46808,435.23926
2660,411.15802,427.4298,434.27222
2661,410.80887,426.50577,433.23233
2662,410.44772,425.6347,432.2333
2663,410.51544,425.45197,431.96954
2664,411.36282,426.52713,433.24805
2665,419.62515,438.91885,448.76486
2666,419.11,437.19748,446.9984
2667,418.6465,435.71683,445.37222
2668,418.19894,434.40195,443.87604
2669,417.68433,433.1418,442.56387
2670,418.45,433.79663,443.59494
2671,425.5517,444.29846,456.0555
2672,424.8875,442.2923,453.04196
2673,424.23242,440.60553,450.6589
2674,423.60056,439.14273,448.66223
2675,423.17987,438.02844,446.7579
2676,423.09332,437.55035,445.63077
2677,422.4541,436.39642,444.22855
2678,421.87192,435.3849,442.90643
2679,421.52213,434.68124,441.61642
2680,421.18542,433.97876,440.63947
2681,420.86264,433.35318,439.5681
2682,420.58487,432.84814,438.50125
2683,420.12585,432.18738,437.41956
2684,419.74823,431.61002,436.29675
2685,423.5103,437.386,443.22275
2686,422.96255,436.52823,441.93573
2687,422.30853,435.54504,440.814
2688,421.8885,434.86975,439.57138
2689,421.4188,434.19553,438.45206
2690,424.7941,439.51794,444.62103
2691,425.35004,440.31216,445.0777
2692,424.77515,439.4028,443.6299
2693,433.49506,452.75763,459.46768
2694,432.95026,451.52115,455.89383
2695,432.27023,450.3135,452.27225
2696,431.6093,449.29254,449.49667
2697,430.93878,448.3485,447.27365
2698,434.4985,453.87424,452.9089
2699,442.4409,466.25336,465.69568
2700,442.0313,466.19083,460.24478
2701,440.94092,465.10037,454.30164
2702,442.53693,468.05698,454.33133
2703,452.09436,483.1853,469.07214
2704,452.1008,486.34885,466.67938
2705,449.03027,485.20364,459.08636
2706,446.49762,482.5296,452.30008
2707,445.00854,481.49582,446.93634
2708,443.97055,480.8779,442.84363
2709,442.97546,480.1674,439.74765
2710,442.9715,480.8868,439.01175
2711,442.0668,480.21002,436.6689
2712,440.93594,478.5779,434.8068
2713,440.1338,477.93,433.25616
2714,439.39883,477.37085,431.91818
2715,438.0942,474.01135,430.81857
2716,437.33612,473.3025,429.86697
2717,438.78946,476.0225,432.59802
2718,442.1593,481.75403,438.70395
2719,446.99356,489.93643,446.77582
2720,445.54553,489.03082,442.02905
2721,449.64236,496.43472,448.03424
2722,448.2894,495.93896,443.85498
2723,446.45868,493.934,439.2672
2724,445.08868,492.40903,436.0379
2725,446.69775,495.8433,438.13815
2726,445.3637,494.7364,434.81577
2727,444.4684,494.31885,432.2872
2728,443.41946,493.39334,430.21933
2729,448.1307,500.7627,439.4812
2730,446.41718,498.51065,435.65402
2731,444.33868,493.78262,432.68463
2732,442.1348,488.29877,430.64862
2733,440.7504,484.73132,429.2146
2734,441.21664,486.0325,430.32895
2735,439.6602,481.4342,429.05554
2736,437.99515,476.37402,428.09845
2737,437.13132,475.29633,427.3081
2738,436.54135,474.8875,426.55255
2739,435.7846,474.0651,425.9215
2740,435.55817,474.1635,425.73083
2741,434.1232,469.29388,425.1788
2742,432.72983,464.48663,424.71744
2743,432.0567,463.85425,424.24344
2744,437.90826,473.30557,435.39554
2745,436.986,472.11923,434.06512
2746,436.1719,471.22354,432.9072
2747,435.63345,470.83594,431.87875
2748,435.61145,468.02792,433.8481
2749,435.02875,467.09677,433.5732
2750,439.92438,475.08975,442.97455
2751,437.956,469.39542,440.504
2752,436.6641,466.43756,438.75256
2753,437.2922,467.1774,440.52322
2754,435.23172,460.96503,439.29404
2755,434.10443,458.73904,438.0414
2756,435.415,461.098,440.80154
2757,433.61703,455.218,439.45822
2758,432.07532,450.08496,438.4173
2759,430.43173,444.26453,437.57483
2760,429.07455,440.58365,436.8195
2761,428.1957,439.4278,436.02133
2762,440.67392,459.11887,459.22922
2763,440.6594,458.4311,457.25058
2764,438.02347,451.34552,453.06976
2765,436.4129,446.93814,450.2674
2766,435.45694,445.74615,448.04874
2767,451.32248,470.66263,476.48608
2768,446.81226,463.63116,468.1641
2769,445.23242,462.46152,460.64096
2770,446.62814,465.56345,459.66266
2771,457.09903,482.80502,476.0185
2772,460.51688,494.0907,482.3344
2773,452.04434,491.98563,473.27026
2774,446.8784,487.07904,466.03717
2775,442.27335,479.35922,458.6355
2776,439.22818,472.2711,452.5225
2777,437.68912,468.9992,448.23007
2778,435.7103,462.95154,445.24368
2779,433.8675,456.96075,443.22733
2780,432.38095,452.3118,441.7538
2781,431.99356,451.95987,440.44144
2782,435.54648,457.75818,446.70483
2783,440.25674,465.3098,454.17947
2784,439.13873,463.98358,449.92535
2785,450.698,482.06137,470.35776
2786,449.36658,483.3198,465.5183
2787,447.00253,481.79697,459.03738
2788,444.08432,475.9826,452.5595
2789,441.97504,470.64633,447.85526
2790,440.10944,465.29724,444.6803
2791,438.33365,459.8412,442.51083
2792,436.71466,454.7305,440.94785
2793,434.75494,448.57745,439.78668
2794,432.39792,441.62943,438.91098
2795,429.86725,434.2797,438.2111
2796,426.89673,426.2105,437.6301
2797,424.91608,419.3843,436.99173
2798,423.37115,415.1609,436.26175
2799,422.6155,414.52094,435.21982
2800,420.914,409.3281,434.52768
2801,418.1084,400.97992,433.95297
2802,416.06186,394.06757,433.18542
2803,415.25934,393.37518,432.0545
2804,414.69412,393.06982,430.4681
2805,413.76776,392.1487,429.27362
2806,412.75064,390.9492,428.1555
2807,412.0505,390.4943,426.82788
2808,413.8668,393.1923,431.48657
2809,412.4415,390.04813,430.5284
2810,413.3787,392.1043,432.1044
2811,412.73508,391.68558,430.5804
2812,411.18,387.8359,429.63257
2813,409.8347,384.09616,429.1692
2814,408.72137,382.57657,427.9083
2815,407.79196,381.6493,426.54086
2816,406.15067,377.42368,425.53653
2817,404.49356,373.20227,424.47424
2818,402.82687,369.0207,423.35025
2819,403.6916,370.50455,425.76288
2820,402.4966,367.45102,425.22128
2821,402.01154,367.22595,422.84695
2822,400.91556,365.89053,421.3445
2823,401.73242,367.82938,422.27316
2824,402.2721,369.20294,422.01807
2825,402.30597,369.83875,421.0785
2826,403.0883,371.40192,421.2395
2827,404.75085,374.21478,423.88657
2828,404.44427,374.3643,423.3921
2829,403.34988,372.962,422.08408
2830,402.8091,372.78256,420.88437
2831,401.90753,371.74396,419.89438
2832,400.82748,370.37073,418.64792
2833,400.26395,369.59796,418.57516
2834,399.23962,368.4076,417.2909
2835,397.987,366.2035,416.21713
2836,401.54205,371.70728,423.87433
2837,401.7288,372.55872,424.23804
2838,405.24097,377.65692,431.9027
2839,404.3988,376.8454,430.11807
2840,403.77933,376.40723,428.12762
2841,403.08984,375.89908,426.33127
2842,402.84018,375.69406,425.29218
2843,402.59302,375.5003,424.27518
2844,406.66882,382.25235,430.67593
2845,409.57272,386.8869,435.71402
2846,409.67038,387.24503,434.79147
2847,412.58426,392.24646,439.88382
2848,414.63086,395.68237,442.22873
2849,420.62714,405.0145,452.94016
2850,424.8785,411.5347,459.74545
2851,429.63806,418.85938,466.59082
2852,429.45627,418.1943,463.66092
2853,430.18726,419.32016,462.96466
2854,429.17242,417.68698,459.61096
2855,427.53732,413.2052,457.24167
2856,424.9443,405.0506,455.52472
2857,423.93558,403.01086,454.04193
2858,423.27826,400.56537,453.95517
2859,423.55612,401.30225,452.60226
2860,422.99146,400.7789,449.86063
2861,422.313,400.21878,447.85187
2862,421.49823,399.46536,445.8615
2863,420.57587,398.50107,444.08945
2864,419.42734,396.84204,442.5628
2865,418.0256,394.04962,441.2079
2866,416.6209,391.2699,439.84674
2867,415.11728,387.99695,438.51904
2868,414.24664,385.5105,438.47964
2869,413.12933,384.0591,436.82843
2870,411.9519,380.7849,436.38406
2871,410.47778,377.8205,434.89655
2872,409.42014,376.61768,433.1173
2873,408.21994,374.92014,431.4949
2874,409.86972,377.7081,435.1183
2875,409.69287,378.03018,434.45435
2876,408.8699,377.25824,432.94455
2877,408.40933,377.10342,430.87164
2878,408.68417,378.1314,430.44272
2879,408.15018,377.87875,428.41684
2880,407.43402,377.42014,426.90985
2881,408.22366,378.8863,427.90634
2882,410.03348,381.92603,430.8351
2883,409.74384,381.7915,429.2897
2884,409.3988,381.61322,427.4627
2885,409.15024,381.46808,426.67267
2886,408.8775,381.32455,425.57614
2887,412.0763,386.63574,430.4465
2888,425.59012,407.94196,454.32388
2889,435.7512,423.99954,471.81772
2890,434.9528,422.77655,465.51093
2891,433.07098,417.31183,461.8674
2892,431.66635,414.5858,458.9493
2893,430.88815,413.82462,456.01816
2894,430.22754,413.28568,453.90683
2895,430.89777,414.56534,454.24146
2896,429.89767,413.4105,452.14343
2897,427.74823,406.263,450.7215
2898,425.84177,400.79675,449.27942
2899,424.11014,396.50552,447.77408
2900,422.54257,393.20465,446.18814
2901,421.03647,390.26065,444.57352
2902,420.16327,389.56433,442.48535
2903,419.49887,389.17947,440.23856
2904,419.0836,388.9749,438.16135
2905,418.6266,388.77124,435.79782
2906,417.48755,387.3891,434.3824
2907,416.40918,386.20792,432.94272
2908,415.49875,385.46973,431.4133
2909,414.6827,384.91806,429.85367
2910,413.71152,384.01532,428.49158
2911,412.64145,382.82306,427.209
2912,411.28427,380.46356,426.0879
2913,409.70184,376.9423,425.03506
2914,408.67828,375.90988,423.6676
2915,408.35495,375.79797,421.9563
2916,407.9669,375.67676,419.92447
2917,407.2199,375.25592,418.52496
2918,406.23337,374.3108,417.34686
2919,405.21613,373.26593,416.2068
2920,404.1815,372.1575,415.09216
2921,403.34476,371.56027,413.86868
2922,402.98828,371.46335,412.06924
2923,402.54672,371.33923,410.5275
2924,401.96265,371.11694,409.23993
2925,401.25452,370.74213,408.10956
2926,400.66074,370.50876,406.91156
2927,400.10776,370.3378,405.82892
2928,399.49185,370.0782,404.72522
2929,398.81668,369.74026,403.7013
2930,398.07156,369.28528,402.751
2931,397.37967,368.91504,401.78592
2932,396.6771,368.5237,400.85034
2933,396.3662,368.45602,399.48886
2934,395.71582,368.14005,398.57645
2935,395.09125,367.8558,397.66675
2936,394.5016,367.61176,396.7527
2937,393.88922,367.33792,395.87723
2938,393.24863,367.023,395.04037
2939,392.6416,366.7504,394.19858
2940,392.24048,366.65244,393.18896
2941,391.6784,366.42996,392.3588
2942,391.19885,366.2827,391.48096
2943,390.82578,366.19836,390.51306
2944,390.55975,366.1478,389.40503
2945,390.32117,366.10382,388.27563
2946,389.85632,365.96945,387.48718
2947,391.2195,368.3433,389.6279
2948,390.95407,368.2935,388.59946
2949,390.45795,368.1302,387.86548
2950,389.9336,367.9386,387.166
2951,389.68466,367.8936,386.17734
2952,389.4815,367.85663,385.28122
2953,389.27097,367.82013,384.26868
2954,388.93698,367.75635,383.4845
2955,388.68915,367.71622,382.59872
2956,388.7122,367.98727,382.57547
2957,388.55444,368.25092,382.30194
2958,388.113,368.1293,381.66696
2959,388.00067,368.25864,380.98392
2960,387.83066,368.2462,380.4217
2961,387.41263,368.1403,379.8079
2962,387.0262,368.0528,379.1812
2963,386.6825,367.98572,378.52966
2964,386.33365,367.91635,377.89563
2965,385.99338,367.8506,377.26608
2966,385.65594,367.78592,376.646
2967,385.44696,367.755,375.87646
2968,385.25797,367.7273,375.08725
2969,385.01465,367.69217,374.40646
2970,384.80814,367.6636,373.68423
2971,388.95804,374.31937,381.31702
2972,389.07397,374.8833,381.39102
2973,388.8801,374.865,380.6448
2974,395.12622,384.97958,392.2948
2975,394.81143,384.897,391.59134
2976,395.57864,386.5004,392.94162
2977,395.1679,386.36514,392.33353
2978,394.771,386.23862,391.72562
2979,394.44113,386.14713,391.07104
2980,394.1753,386.07755,390.35715
2981,396.78995,390.3915,394.92682
2982,396.57977,390.3226,394.3499
2983,396.2246,390.21063,393.72452
2984,396.00098,390.1416,392.9537
2985,407.26578,407.83542,413.7348
2986,406.99194,407.66537,412.84448
2987,408.0872,409.59674,414.64117
2988,410.349,413.51254,418.95566
2989,410.024,413.2812,418.0998
2990,410.56577,414.31137,419.0246
2991,418.67456,427.08713,433.75287
2992,418.30817,426.64636,432.70715
2993,424.79358,436.72867,444.83435
2994,424.46872,436.05533,444.0155
2995,424.98343,436.66916,444.80157
2996,424.39124,435.8082,443.41977
2997,423.90463,435.09933,442.05087
2998,423.4016,434.4143,440.79636
2999,422.9676,433.81607,439.55188
3000,422.59006,433.28226,438.31113
3001,422.25507,432.7983,437.41113
3002,423.46915,434.72287,439.45618
3003,423.07315,434.19296,438.24948
3004,424.9914,437.31265,441.5408
3005,424.53067,436.70386,440.27744
3006,424.03665,436.09644,439.12817
3007,423.5374,435.50604,438.0502
3008,423.09827,434.98483,436.97485
3009,423.5342,435.7511,437.42667
3010,427.30457,441.5554,444.46313
3011,429.70798,444.97397,448.51785
3012,429.9094,445.19897,448.0159
3013,429.33493,444.39078,446.09808
3014,428.79214,443.66867,444.41202
3015,428.34726,443.06674,442.82733
3016,427.83838,442.45743,441.46194
3017,427.5502,442.09583,440.52896
3018,427.0153,441.50534,439.37283
3019,426.56302,441.0056,438.2326
3020,426.0404,440.46097,437.2198
3021,425.5582,439.9671,436.23526
3022,425.30145,439.74747,435.4415
3023,427.46777,443.2173,439.5358
3024,426.95767,442.65982,438.42636
3025,426.58008,442.21283,437.32706
3026,426.20355,441.78687,436.24176
3027,425.8587,441.46524,435.3822
3028,432.0141,451.13242,446.7811
3029,431.49823,450.45502,444.7687
3030,431.0607,449.8809,443.14813
3031,430.6283,449.34998,441.61957
3032,430.1573,448.82828,440.23206
3033,430.0109,448.82773,439.56476
3034,433.65344,454.66537,445.88824
3035,433.93335,455.2514,445.39935
3036,433.62238,454.71216,443.89984
3037,433.14413,454.19067,442.0992
3038,432.67657,453.71014,440.52972
3039,432.23862,453.27295,439.1215
3040,432.0787,453.29077,438.37924
3041,431.46222,452.70477,437.28125
3042,431.402,452.9526,437.08618
3043,435.1176,458.96545,443.67133
3044,434.51627,458.37192,441.81375
3045,433.75345,457.52545,440.29694
3046,433.07483,456.8366,438.94998
3047,432.16568,455.5084,437.82407
3048,431.3717,454.52975,436.79614
3049,430.61584,453.6378,435.85397
3050,429.8299,452.64703,434.9981
3051,429.1902,451.99213,434.16138
3052,428.56522,451.3595,433.3731
3053,427.77432,450.31213,432.68112
3054,427.3284,449.93533,432.03293
3055,426.96484,449.70132,431.7747
3056,426.20715,448.72433,431.15506
3057,425.6445,448.1715,430.5071
3058,425.6716,448.50818,430.78445
3059,425.20953,448.0915,430.21387
3060,425.10507,448.23358,430.49625
3061,424.37067,447.27762,429.92566
3062,423.82004,446.71426,429.31445
3063,424.0002,447.228,429.77545
3064,427.9335,453.55038,437.76617
3065,427.08203,452.1345,436.83267
3066,426.24002,450.7398,435.98035
3067,427.45044,452.7387,438.12234
3068,426.56134,451.14813,437.1899
3069,425.63126,449.36618,436.35196
3070,425.08957,448.6755,435.4516
3071,425.56494,449.5673,436.47424
3072,425.01056,448.77963,435.93265
3073,424.3141,447.66162,435.32672
3074,425.42734,449.51343,437.49792
3075,424.72516,448.2507,436.9059
3076,424.24872,447.54153,436.4994
3077,423.97522,447.09393,435.71265
3078,423.45325,446.3967,434.855
3079,422.71024,445.25354,434.1338
3080,422.3272,444.702,433.26205
3081,421.6703,443.79623,432.5816
3082,420.80405,442.21448,431.98953
3083,420.03094,440.9797,431.39203
3084,419.5388,440.35733,430.69675
3085,419.28955,440.04807,430.18997
3086,418.3917,438.32047,429.67303
3087,417.6493,437.18878,429.1222
3088,416.97116,436.23657,428.55887
3089,416.5367,435.6928,427.8842
3090,416.5682,435.82245,427.9004
3091,422.85544,445.7247,439.98825
3092,422.04684,444.15268,439.0289
3093,421.20135,442.45914,438.1536
3094,420.35855,440.78687,437.3344
3095,419.91574,440.00668,436.35797
3096,419.46603,439.2527,435.4338
3097,421.246,441.88535,438.39624
3098,421.80103,442.56522,438.98428
3099,435.87753,464.15744,464.8241
3100,434.85785,461.78918,458.4253
3101,434.0788,460.25006,453.50113
3102,433.24023,458.8699,449.9028
3103,432.13498,456.5444,447.3352
3104,430.72858,452.3172,445.35556
3105,429.9946,451.28296,443.66187
3106,429.2013,450.11908,442.22638
3107,428.51535,449.21072,440.92337
3108,427.4108,446.7229,439.87936
3109,426.79556,445.96146,438.79456
3110,425.71436,443.57034,437.9413
3111,425.7161,443.73914,437.7998
3112,425.30368,443.28735,436.97763
3113,424.72607,442.60214,436.23926
3114,424.70956,442.78754,436.57727
3115,425.04895,443.3261,437.9515
3116,423.80704,439.87076,437.2038
3117,422.82422,437.9508,436.45255
3118,433.22223,454.1729,455.61502
3119,439.477,463.67953,464.81235
3120,436.9837,456.51743,458.5423
3121,434.88013,449.8162,454.2808
3122,433.6199,447.17075,451.34473
3123,432.46194,444.9268,449.08328
3124,431.639,442.50204,448.22165
3125,431.06528,441.87936,446.61133
3126,431.22495,442.3856,446.25748
3127,430.32495,441.10092,444.7866
3128,429.5065,439.8543,443.72903
3129,428.53247,438.2995,442.5456
3130,427.6768,437.14188,441.42566
3131,427.51648,437.19308,441.36118
3132,426.5538,435.56107,440.4414
3133,425.58398,433.94724,439.53665
3134,425.5577,433.52533,440.62836
3135,431.14606,442.1138,451.85965
3136,433.03265,444.99673,454.0504
3137,431.16702,438.43893,451.6106
3138,429.3952,432.20325,449.83493
3139,427.57047,425.72345,448.4374
3140,426.70422,424.60922,446.9047
3141,425.04465,419.37103,445.80444
3142,426.67993,422.2728,448.61243
3143,428.41376,425.2763,451.30707
3144,433.289,432.98444,460.30417
3145,436.37003,437.7125,463.8475
3146,435.85938,436.92612,459.76993
3147,435.05127,434.5807,457.71637
3148,433.57544,431.12418,454.97702
3149,432.34528,428.9054,452.7509
3150,431.38745,427.68658,450.75296
3151,430.6838,426.09473,450.2029
3152,430.12057,425.63718,448.48434
3153,427.96658,418.52744,447.31644
3154,426.1022,412.54895,446.19086
3155,424.36688,407.57486,445.05704
3156,423.70828,407.08038,443.2977
3157,422.6435,405.67734,441.96426
3158,422.23776,405.39813,440.1834
3159,422.14935,405.50882,439.70377
3160,425.5156,411.22382,445.33118
3161,424.6048,410.2503,443.86972
3162,423.57425,408.92404,442.55066
3163,422.60892,407.80002,441.23773
3164,421.50952,406.21756,440.04205
3165,420.1717,403.5443,438.97296
3166,419.0309,401.80963,437.81152
3167,419.15848,402.2815,438.7571
3168,416.8482,394.44885,437.9222
3169,415.81506,393.18912,436.52106
3170,414.4539,390.5496,435.32294
3171,413.4975,389.53238,433.87753
3172,412.4871,388.35486,432.5065
3173,411.3943,386.8955,431.21338
3174,410.05435,384.13324,430.1967
3175,408.6037,381.04007,429.05658
3176,406.95193,376.64075,428.06055
3177,406.59677,375.98645,428.4098
3178,405.85477,375.47583,426.70932
3179,405.84372,376.04672,425.81635
3180,405.43057,375.8533,423.64133
3181,406.06537,377.49652,424.6407
3182,406.79202,379.12268,424.90643
3183,406.2663,378.91708,423.36023
3184,405.3147,377.9493,422.091
3185,410.90375,387.25058,432.35297
3186,410.02002,386.38425,430.89835
3187,410.08795,387.06857,430.77094
3188,408.97922,385.17374,429.80182
3189,407.76025,383.12717,428.60736
3190,406.1939,379.24396,427.5487
3191,406.22342,379.701,426.2369
3192,404.94144,377.25674,425.1746
3193,403.4034,373.25665,424.27786
3194,401.22266,366.0801,423.32034
3195,400.91226,366.0654,421.06735
3196,400.4238,365.86124,418.9171
3197,400.75143,367.01364,418.77997
3198,400.61108,367.40247,417.64096
3199,402.52206,370.79068,419.70764
3200,402.76584,371.78522,419.447
3201,402.39667,371.64404,417.37692
3202,407.3372,379.9757,426.57938
3203,412.00406,387.8068,434.71588
3204,411.01492,386.65512,433.2473
3205,412.02078,388.69287,434.1204
3206,410.19293,383.27292,433.07922
3207,409.37024,382.5726,431.3994
3208,408.2857,381.15247,429.98654
3209,407.3451,380.1829,428.4936
3210,410.36325,384.5244,435.29633
3211,409.9286,384.31384,433.3223
3212,410.25372,385.3641,433.2231
3213,410.73248,386.65488,433.48642
3214,410.12158,386.24176,431.66476
3215,409.48257,385.81216,429.96555
3216,408.2571,383.74384,428.78317
3217,407.12308,381.64478,427.89655
3218,409.22778,385.4464,431.09308
3219,408.54926,384.96106,429.57452
3220,407.73764,384.1402,428.4437
3221,407.81802,384.6682,427.41592
3222,407.62186,384.7148,425.7176
3223,408.7428,386.66412,427.4651
3224,408.30063,386.42175,425.70596
3225,407.26187,385.07526,424.6004
3226,405.8294,381.85568,423.66617
3227,404.6084,379.7776,422.6115
3228,403.82117,378.87027,421.89053
3229,403.2504,378.59628,420.71124
3230,402.20856,377.24646,419.5969
3231,401.2985,376.317,418.4128
3232,400.36533,375.2405,417.38065
3233,399.95374,375.05234,415.68744
3234,399.26746,374.40018,415.11118
3235,398.80658,374.19406,413.5893
3236,397.19974,369.84378,412.8051
3237,395.69272,366.1952,411.93378
3238,394.41806,363.87448,410.9328
3239,393.44458,362.7975,409.76505
3240,392.73877,362.3528,408.416
3241,391.83728,361.47733,407.25876
3242,391.15662,361.0704,405.95386
3243,390.60947,360.8279,404.5491
3244,390.36844,360.9854,403.448
3245,391.78043,363.73367,405.5858
3246,391.11224,363.33585,404.39825
3247,391.0686,363.83276,403.89883
3248,391.6111,365.03885,403.84073
3249,391.068,364.79623,402.63232
3250,390.40723,364.40558,401.57022
3251,389.8413,364.13986,400.4533
3252,389.44516,364.0074,399.164
3253,389.12158,364.05707,398.28232
3254,388.1158,362.72104,397.5206
3255,386.7764,359.7348,396.85944
3256,385.71283,358.17743,396.08142
3257,384.43655,355.57758,395.3661
3258,383.33148,353.8506,394.5693
3259,382.29468,352.4135,393.73654
3260,381.3804,351.41718,392.84567
3261,380.981,351.29123,391.51807
3262,380.73886,351.2185,389.8956
3263,380.14496,350.93185,388.92703
3264,380.7281,352.46518,390.17676
3265,380.0398,352.0165,389.2633
3266,379.52112,351.80185,388.8059
3267,378.8242,351.32715,387.92596
3268,377.8561,350.06146,387.19315
3269,376.99112,349.1509,386.41492
3270,376.4459,348.90317,385.44214
3271,376.07935,348.79535,384.2918
3272,376.6579,349.88495,384.91138
3273,380.2991,355.80084,390.69543
3274,379.78787,355.57336,389.70422
3275,379.25348,355.321,388.76007
3276,378.67435,355.0114,387.87503
3277,378.42215,355.1278,387.199
3278,377.52402,354.0325,386.52036
3279,376.6699,353.0824,385.82333
3280,376.18835,352.88083,384.8991
3281,375.6676,352.6385,384.03214
3282,375.27786,352.507,383.05545
3283,374.7765,352.2858,382.21634
3284,374.48557,352.1998,381.14612
3285,374.50867,352.70578,380.99637
3286,374.46783,353.128,380.7936
3287,374.1957,353.04932,379.757
3288,373.6385,352.75653,379.04962
3289,374.84772,355.0795,381.1193
3290,374.79355,355.53925,381.1975
3291,374.28104,355.2923,380.46933
3292,373.8673,355.19202,379.90497
3293,373.5677,355.0996,378.9901
3294,373.33087,355.0266,377.99182
3295,373.02255,354.93585,377.13947
3296,372.6988,354.84036,376.32797
3297,372.35953,354.73898,375.55365
3298,380.68137,367.859,390.39697
3299,382.06967,370.18704,392.4667
3300,381.78323,370.16812,391.83417
3301,381.06235,369.46155,391.21506
3302,380.56992,369.18073,390.47052
3303,380.11996,368.9447,389.7061
3304,379.66754,368.70703,388.95862
3305,379.15546,368.40192,388.26892
3306,378.67627,368.136,387.56754
3307,378.30426,367.96344,386.78647
3308,377.9903,367.8237,385.95563
3309,377.68875,367.69208,385.12784
3310,377.31912,367.5286,384.3961
3311,376.9074,367.3355,383.71606
3312,376.65186,367.2251,382.8721
3313,377.4509,368.7869,384.10876
3314,377.93387,369.6942,384.7264
3315,377.57956,369.53696,384.02203
3316,377.3652,369.43298,383.1387
3317,377.01862,369.28555,382.45795
3318,376.6991,369.1537,381.7627
3319,376.38593,369.02643,381.07416
3320,376.1393,368.98425,380.47067
3321,381.3518,377.20724,390.04553
3322,381.0894,377.05658,389.23047
3323,380.7703,376.88843,388.50632
3324,380.43692,376.71582,387.8113
3325,380.11462,376.55133,387.11768
3326,379.8871,376.42276,386.31036
3327,379.64398,376.2948,385.54623
3328,379.4357,376.1783,384.73965
3329,379.0859,376.0125,384.12833
3330,378.7565,375.85965,383.50882
3331,378.56686,375.75363,382.7103
3332,383.8133,384.01755,392.46786
3333,385.5472,386.8608,395.22934
3334,385.25137,386.6554,394.50052
3335,384.99384,386.4804,393.766
3336,384.67944,386.35083,393.31598
3337,384.3195,386.121,392.68668
3338,383.9806,385.9068,392.04822
3339,383.67743,385.71405,391.38443
3340,383.37518,385.53735,390.76407
3341,382.9851,385.29495,390.19714
3342,382.66382,385.10046,389.58145
3343,382.32977,384.90112,388.98685
3344,382.94223,386.03842,389.81992
3345,383.70782,387.51706,391.22208
3346,383.2911,387.23746,390.69067
3347,383.01434,387.05203,390.04755
3348,382.89514,387.12775,389.7434
3349,382.69998,386.9694,389.00137
3350,382.49402,386.81482,388.29282
3351,382.26764,386.66077,387.62906
3352,381.9456,386.473,387.0808
3353,381.57928,386.25705,386.57352
3354,381.30725,386.09525,385.99286
3355,381.43338,386.51288,386.06427
3356,381.70035,387.27527,386.74188
3357,381.40054,387.09616,386.19867
3358,381.11646,386.92624,385.6484
3359,385.38736,393.6659,393.48483
3360,385.1939,393.4667,392.87695
3361,384.93085,393.25504,392.26425
3362,384.61258,393.02222,391.7148
3363,384.31943,392.80508,391.14984
3364,388.1037,398.77417,397.9584
3365,387.81436,398.54532,397.48154
3366,387.5107,398.265,396.89236
3367,387.26205,398.01242,396.25055
3368,386.98007,397.754,395.6561
3369,386.6684,397.486,395.0978
3370,386.42432,397.2506,394.47562
3371,386.21945,397.0314,393.80737
3372,385.91644,396.78476,393.26505
3373,385.72406,396.5786,392.71918
3374,388.8951,401.57922,398.4752
3375,403.4559,424.17468,425.32178
3376,406.80017,428.9545,431.45087
3377,406.44485,427.73367,430.56815
3378,407.58798,428.7992,432.6916
3379,408.37054,429.21753,434.23422
3380,408.1492,428.02692,433.92175
3381,407.8869,426.8364,433.3783
3382,407.65738,425.79077,432.59497
3383,407.2929,424.68646,431.6266
3384,407.01987,423.7456,430.6839
3385,406.69067,422.80057,429.6998
3386,406.42676,421.98218,428.7446
3387,408.29807,424.4907,432.00806
3388,411.7323,429.33505,438.03693
3389,411.37936,428.1286,436.86838
3390,411.09497,427.05084,436.14618
3391,410.59088,425.86847,435.19278
3392,410.24112,424.8795,434.09113
3393,416.65094,434.31503,446.064
3394,418.0155,435.12247,448.2755
3395,417.70093,433.52863,447.27774
3396,423.29034,441.23566,457.11316
3397,422.80914,439.0072,454.03015
3398,422.33484,437.24454,451.43063
3399,424.3392,439.47635,454.49164
3400,423.88623,437.9,451.94708
3401,423.53983,436.63885,450.5271
3402,423.0298,435.3999,448.5048
3403,422.48654,434.2629,446.76645
3404,422.0161,433.2894,445.12463
3405,422.79083,434.17453,446.29477
3406,422.32208,433.2598,444.68887
3407,421.7864,432.35565,443.28845
3408,421.3027,431.55466,441.93643
3409,420.89258,430.85562,440.58362
3410,420.57678,430.35947,439.5173
3411,420.16037,429.73788,438.3069
3412,419.79788,429.18027,437.08286
3413,419.6199,428.91086,436.37158
3414,434.46655,451.85965,464.03693
3415,439.38675,458.84363,469.42084
3416,438.15475,456.80087,461.9548
3417,437.05554,455.18265,456.50262
3418,436.12912,453.95044,452.5054
3419,435.95474,453.9521,450.44308
3420,435.06393,452.82767,447.84683
3421,434.28793,451.9505,445.71536
3422,433.55826,451.1646,443.9157
3423,432.90863,450.51526,442.33124
3424,432.17545,449.7189,441.00412
3425,432.43015,450.47696,441.37036
3426,431.86362,449.94293,440.03152
3427,431.4721,449.55203,438.99982
3428,431.05182,449.161,437.77805
3429,432.4781,451.64145,440.08374
3430,441.09305,465.07397,455.78006
3431,441.52594,466.0013,453.51355
3432,440.59454,465.17746,449.2296
3433,439.79678,464.51187,445.97974
3434,438.7663,463.24646,443.52982
3435,438.10178,462.72556,441.45825
3436,437.37164,462.10373,439.75082
3437,436.71426,461.5823,438.2623
3438,436.11514,461.13113,436.93652
3439,435.3477,460.37332,435.81317
3440,434.6517,459.75153,434.78726
3441,434.00974,459.21558,433.83856
3442,433.16458,458.15805,433.01956
3443,432.81894,458.02518,432.91217
3444,432.159,457.42276,432.1262
3445,431.18225,455.74802,431.46045
3446,430.58566,455.23874,430.75812
3447,429.8968,454.5406,430.12115
3448,428.91296,452.74533,429.57562
3449,427.84564,450.4741,429.07327
3450,427.19156,449.82748,428.51352
3451,426.6535,449.28955,428.33624
3452,425.7605,447.8534,427.8587
3453,425.00485,446.91174,427.36758
3454,424.23114,445.90125,426.89413
3455,423.5712,445.1459,426.5144
3456,427.46353,451.52014,434.30426
3457,427.38022,451.42062,434.96844
3458,429.10574,454.32205,438.5905
3459,428.35522,453.27957,437.54602
3460,427.54678,452.0557,436.6152
3461,426.61496,450.33667,435.7933
3462,425.8064,448.6655,435.34973
3463,425.24133,447.99313,434.51556
3464,424.5241,447.01227,433.78613
3465,423.96298,446.35074,433.03412
3466,423.27512,445.43976,432.36563
3467,422.40378,443.91467,431.77542
3468,421.5222,442.33856,431.2093
3469,424.42926,446.9339,436.49368
3470,423.13983,442.90045,435.8061
3471,421.88654,439.19394,435.16718
3472,421.48798,438.6555,434.23373
3473,420.94092,437.20682,434.4851
3474,420.0029,435.41058,433.8354
3475,419.74838,435.13803,433.304
3476,419.302,434.58524,432.4635
3477,423.7353,441.45975,440.67093
3478,431.41718,453.2038,454.8247
3479,430.3357,450.78958,451.62332
3480,444.02512,471.7945,475.5842
3481,447.7795,477.7116,479.89868
3482,442.24094,468.8412,471.32068
3483,439.48138,462.31842,463.59894
3484,438.0834,460.1568,457.4183
3485,436.34683,455.21295,453.0362
3486,435.12747,452.91345,449.95715
3487,434.39868,452.0722,447.44376
3488,433.61475,451.15164,445.42285
3489,433.8369,451.59576,445.93198
3490,432.4353,447.7915,444.3142
3491,431.7074,446.9851,442.82263
3492,430.27472,442.82016,441.68735
3493,428.43732,436.4219,440.77304
3494,427.47458,434.9653,439.808
3495,426.7062,434.10074,438.82632
3496,425.49292,431.39615,438.03842
3497,424.501,429.80212,437.22253
3498,422.73654,423.33762,436.5935
3499,421.35632,419.7527,435.887
3500,419.61234,413.76776,435.24393
3501,418.20792,410.24265,434.48782
3502,416.9124,407.41986,433.67664
3503,415.61398,404.61057,432.8481
3504,414.85077,403.58072,432.32675
3505,414.0034,402.66135,431.2791
3506,413.19708,401.84402,430.22433
3507,412.48904,401.2329,429.1219
3508,411.8461,400.73135,427.99414
3509,411.3601,400.4088,426.73685
3510,411.00998,400.22357,425.47998
3511,410.37805,399.75998,424.44812
3512,410.00974,399.3286,424.80136
3513,410.21747,400.0757,425.78824
3514,410.34695,400.6226,425.45328
3515,410.52603,401.23132,425.17957
3516,410.73294,401.97488,425.2883
3517,411.92554,404.17584,427.01822
3518,417.2373,412.86746,437.18784
3519,417.52917,412.85403,438.9499
3520,415.79587,406.9118,438.15714
3521,423.947,419.77805,452.56494
3522,424.28442,419.90976,453.4328
3523,422.75537,415.3935,451.80414
3524,421.42877,412.21024,450.2344
3525,420.34842,410.25674,448.6255
3526,419.34836,407.89905,447.69495
3527,421.15933,410.91983,450.67932
3528,419.12988,403.45862,449.39447
3529,417.83847,400.74118,447.7998
3530,415.77612,393.5193,446.54315
3531,414.192,389.4634,445.00793
3532,413.17096,388.08755,443.06747
3533,412.10992,386.60748,441.23065
3534,413.9465,389.91095,443.833
3535,416.01578,393.37326,445.9994
3536,414.74463,391.0138,444.31857
3537,414.07745,390.3943,442.069
3538,414.83887,391.89355,441.8772
3539,418.21768,397.32755,447.12296
3540,416.7059,393.7218,445.6156
3541,414.93793,388.6913,444.20404
3542,413.17654,383.8571,442.7216
3543,412.38083,383.1411,440.43954
3544,414.33707,386.69467,442.96307
3545,413.41827,385.7219,440.93262
3546,411.94247,382.57666,439.3901
3547,409.9887,376.77115,438.02896
3548,408.16165,371.88196,436.50348
3549,406.29364,366.9024,434.90634
3550,404.90668,364.02182,433.34885
3551,406.05576,365.96185,435.74
3552,405.25842,365.38358,433.06503
3553,404.40094,364.7227,430.6493
3554,403.72577,364.34085,428.09985
3555,406.83197,369.8519,433.14716
3556,406.2786,369.5563,430.43964
3557,405.75488,369.30426,427.85938
3558,406.1466,370.4455,426.97635
3559,405.62854,370.22382,424.6782
3560,405.0618,369.98087,422.61212
3561,404.27142,369.47363,420.94904
3562,404.27652,370.16464,420.32886
3563,405.50845,372.78473,422.31546
3564,405.1959,372.85028,422.18918
3565,405.93774,374.1448,424.53842
3566,405.51816,373.5088,424.77917
3567,404.62817,372.75385,423.23254
3568,404.21967,372.78604,421.97134
3569,403.94766,372.84518,420.17242
3570,403.66953,373.05084,419.05753
3571,403.63193,373.36353,417.75824
3572,405.3705,376.35883,420.26474
3573,410.32062,384.41205,428.18616
3574,410.0766,384.43793,426.38626
3575,412.56995,388.72556,429.8268
3576,416.85233,395.88394,437.01337
3577,416.53732,395.90005,435.64337
3578,415.6985,395.08752,434.4478
3579,418.73236,400.14374,440.717
3580,418.22662,399.7808,438.79507
3581,419.0446,401.4292,439.20288
3582,418.72122,401.46365,438.53308
3583,417.8727,400.58807,437.31815
3584,416.6259,398.35605,436.21252
3585,416.10236,398.06482,435.39417
3586,419.21985,403.14703,440.54675
3587,419.1093,403.30093,440.79266
3588,422.7316,409.39157,447.40512
3589,424.44714,412.3219,449.3861
3590,423.28864,410.12955,448.0252
3591,423.93396,411.2563,448.5252
3592,428.88812,419.03265,457.15964
3593,428.4077,418.3756,454.59036
3594,428.44647,416.43137,455.9501
3595,427.653,415.5001,453.62518
3596,426.68597,414.22437,451.6233
3597,425.71674,412.96176,449.80444
3598,425.7161,413.35187,449.50763
3599,425.15967,412.83585,447.42667
3600,424.65186,410.64804,448.04364
3601,423.73895,407.49805,448.03873
3602,422.93774,406.70068,446.2386
3603,422.0813,405.80646,444.5928
3604,421.07016,404.5033,443.1411
3605,420.1939,403.58035,441.6428
3606,418.659,399.7912,440.53574
3607,416.76917,393.90842,439.50827
3608,415.22546,390.29233,438.2822
3609,413.52704,385.843,437.07553
3610,411.92734,382.07114,435.76468
3611,410.38428,378.68298,434.37903
3612,408.83743,375.32693,432.95563
3613,409.15964,376.17798,433.89972
3614,408.6606,375.9063,431.35284
3615,407.55344,374.54526,429.7308
3616,407.3997,374.6206,428.38452
3617,407.6559,375.29776,428.08575
3618,407.37228,375.36874,426.16104
3619,406.71454,375.01892,424.36014
3620,407.68582,377.19418,426.1848
3621,407.28812,377.02432,423.98773
3622,407.0182,376.9531,422.47424
3623,406.46045,376.714,420.79184
3624,405.7157,376.25534,419.39618
3625,405.43756,376.15063,418.07983
3626,405.21475,376.0594,417.4613
3627,404.948,375.9648,416.26
3628,404.41232,375.7618,414.81412
3629,403.51474,374.9846,413.73618
3630,402.76404,374.5155,412.57977
3631,402.22174,374.309,411.26028
3632,401.46033,373.81436,410.18347
3633,401.18,373.73352,408.68533
3634,400.91074,373.65982,407.30508
3635,400.6355,373.5894,405.8443
3636,400.095,373.3956,404.75137
3637,399.66397,373.27823,403.56796
3638,399.25516,373.1735,402.39517
3639,398.65543,372.91916,401.456
3640,397.7944,372.17624,400.69077
3641,396.89548,371.32004,399.94885
3642,396.2408,370.9847,399.0851
3643,395.8741,370.89774,397.96164
3644,399.393,376.7554,403.90173
3645,398.9374,376.611,402.86722
3646,398.38046,376.38184,401.9574
3647,397.58975,375.7631,401.21146
3648,398.75012,378.20853,403.68518
3649,398.6456,378.6888,403.88165
3650,398.05954,378.40784,403.01154
3651,397.52164,378.1941,402.5725
3652,397.25742,378.31256,401.91736
3653,396.47156,377.6587,401.20697
3654,395.94943,377.44073,400.34488
3655,395.57462,377.32666,399.354
3656,395.02182,377.08725,398.65533
3657,395.16544,377.70786,398.47998
3658,396.6703,380.30655,400.8302
3659,396.1865,380.11548,399.9985
3660,395.51068,379.66678,399.30975
3661,394.94827,379.39047,398.56506
3662,394.24762,378.8835,397.90985
3663,393.75772,378.68204,397.13574
3664,393.47528,378.7312,396.52112
3665,392.77966,378.22208,395.89767
3666,392.23013,377.95178,395.20346
3667,391.84573,377.90878,394.67545
3668,391.48776,377.9369,394.4511
3669,390.93793,377.65833,393.78635
3670,390.42935,377.427,393.10632
3671,389.93082,377.20508,392.4315
3672,389.44345,376.99347,391.7609
3673,388.95724,376.78186,391.10123
3674,388.51883,376.61288,390.4188
3675,388.06662,376.43185,389.75922
3676,387.5517,376.18484,389.15176
3677,387.08435,375.98767,388.52383
3678,386.6126,375.785,387.90912
3679,390.9335,382.9156,395.9388
3680,390.43845,382.65872,395.2894
3681,389.96054,382.41934,394.63895
3682,389.49866,382.19543,393.9881
3683,389.17938,382.06763,393.22018
3684,389.73938,383.24194,393.94403
3685,389.24045,382.97467,393.34338
3686,388.8509,382.8072,392.67398
3687,388.54007,382.68253,391.93942
3688,393.0713,389.97827,400.03107
3689,392.92792,390.00552,399.3638
3690,392.6024,389.84137,398.60822
3691,392.36606,389.73434,397.81042
3692,393.27094,391.3755,399.0948
3693,392.94284,391.21048,398.37125
3694,392.82504,391.2935,397.84158
3695,392.5836,391.21454,397.16635
3696,392.33173,391.08487,396.38913
3697,392.02716,390.9418,395.69635
3698,393.37106,393.28232,397.90384
3699,392.91446,393.02457,397.3375
3700,392.67892,392.9562,396.72354
3701,392.66443,393.32938,396.79626
3702,392.30463,393.1493,396.1829
3703,392.088,393.02438,395.41064
3704,391.856,392.92026,394.72794
3705,397.28094,401.6313,404.72504
3706,398.95044,404.37958,407.59756
3707,403.43463,411.4431,415.9472
3708,403.09406,411.1004,415.17194
3709,402.85974,410.80548,414.6584
3710,402.52765,410.483,413.89493
3711,402.118,410.11844,413.21823
3712,401.76434,409.79794,412.50113
3713,410.3175,423.16107,428.06744
3714,414.87512,430.07532,436.54977
3715,414.79678,429.6583,435.8945
3716,415.1587,429.93622,436.2406
3717,416.28275,431.43668,437.8764
3718,415.90256,430.59958,436.7523
3719,415.51022,429.8075,435.6861
3720,415.0243,428.97855,434.74905
3721,414.53656,428.17728,433.84042
3722,414.1853,427.51093,432.81415
3723,413.86737,426.89633,431.8125
3724,413.44083,426.25064,430.9264
3725,413.0402,425.64725,430.03506
3726,412.71695,425.11,429.07187
3727,412.38492,424.59555,428.1442
3728,412.00995,424.08133,427.28885
3729,411.73676,423.63046,426.6861
3730,417.15945,431.99637,436.7751
3731,416.7931,431.27533,435.6872
3732,416.48804,430.62366,434.92706
3733,416.17868,429.99844,434.1076
3734,415.83557,429.3875,433.08063
3735,415.4809,428.8037,432.101
3736,415.06448,428.20868,431.21713
3737,414.69037,427.66254,430.31204
3738,414.3922,427.17337,429.54004
3739,414.05316,426.68643,428.63504
3740,413.71918,426.22226,427.74585
3741,413.41852,425.79074,426.9033
3742,413.0434,425.34085,426.09958
3743,412.62244,424.8712,425.3542
3744,412.24368,424.44162,424.58432
3745,411.9112,424.04877,423.78033
3746,411.68073,423.81927,423.16183
3747,411.27094,423.42847,422.57123
3748,410.87164,423.02194,421.8711
3749,410.5,422.64157,421.15793
3750,410.13242,422.27173,420.45294
3751,409.69357,421.85416,419.8167
3752,409.25092,421.43686,419.19174
3753,408.78427,420.99805,418.59055
3754,408.34763,420.59235,417.97684
3755,408.07645,420.2894,417.24307
3756,407.67242,419.9251,416.6248
3757,407.29453,419.58417,415.99442
3758,406.97467,419.2813,415.31992
3759,406.58023,418.9393,414.72086
3760,406.20074,418.6117,414.11813
3761,410.91232,426.03122,422.7682
3762,410.66718,425.66217,422.37585
3763,410.32172,425.24567,421.66693
3764,410.0415,424.8723,420.9098
3765,413.3452,430.03116,427.0438
3766,415.1724,432.7976,430.55484
3767,414.90024,432.24643,430.15094
3768,414.53073,431.66232,429.33652
3769,414.0857,431.03912,428.6057
3770,413.78568,430.52423,427.83026
3771,413.44586,430.01187,427.03494
3772,413.10107,429.5151,426.26135
3773,415.69644,433.54425,430.85876
3774,415.41132,433.03464,430.04944
3775,416.0113,433.87726,431.1447
3776,425.92334,449.1999,449.44315
3777,430.6291,455.85275,457.10846
3778,438.04758,466.1598,468.22476
3779,444.89175,475.84366,476.28696
3780,441.65857,472.14883,467.64163
3781,439.9237,469.90347,460.00577
3782,441.89102,473.20126,459.79776
3783,440.80557,471.96515,453.89944
3784,441.82,473.83017,452.6861
3785,440.77142,472.892,447.99252
3786,440.0527,472.37814,444.87393
3787,441.38083,474.99255,446.13464
3788,444.93805,481.1276,450.91504
3789,445.6006,483.19974,449.27173
3790,445.9652,484.89487,447.35233
3791,444.80634,484.252,442.8686
3792,445.7653,486.494,443.56857
3793,444.96152,486.31006,440.4246
3794,444.0676,485.85986,437.527
3795,443.1645,485.24045,435.249
3796,441.9177,483.14972,433.3068
3797,441.136,482.59772,431.71796
3798,440.28647,481.81824,430.374
3799,439.65515,481.39188,429.46384
3800,438.6634,479.9078,428.43094
3801,438.07758,479.5257,427.68198
3802,436.60446,474.7795,426.89328
3803,435.5762,472.8146,426.23685
3804,435.0017,472.40057,425.58926
3805,437.24612,476.31778,430.04788
3806,439.61655,480.4643,434.49954
3807,438.8059,479.73544,432.9312
3808,438.09616,479.16736,431.57825
3809,436.95203,476.76743,430.457
3810,437.31827,477.75436,431.54285
3811,436.12164,474.91464,430.48654
3812,435.12772,473.17984,429.5942
3813,434.5891,472.77155,428.73483
3814,437.2512,477.3039,433.85583
3815,438.7293,480.00787,436.2013
3816,441.62473,484.96475,441.37277
3817,444.64206,490.335,445.46613
3818,461.66608,517.7684,474.7859
3819,450.75687,513.30914,467.5899
3820,442.95065,506.2238,459.4798
3821,438.8767,499.90793,452.00967
3822,436.0107,493.20303,445.84946
3823,434.19803,487.8556,441.45938
3824,433.31064,486.47894,438.40588
3825,433.14722,486.26404,437.1224
3826,432.00552,483.59027,435.053
3827,430.72144,479.4805,433.47058
3828,429.2028,474.03842,432.28564
3829,428.05142,470.57837,431.37244
3830,427.31128,469.3635,430.56207
3831,428.99634,471.7199,434.48807
3832,428.49557,470.96292,433.34933
3833,427.0651,465.5063,432.4617
3834,425.69952,460.26703,431.75552
3835,425.21475,459.61542,431.00714
3836,424.63742,458.831,430.3373
3837,424.09692,458.10983,429.71823
3838,429.3326,466.32605,439.9148
3839,436.2615,476.99918,452.4711
3840,435.10602,472.1279,449.2911
3841,433.82227,469.278,445.84216
3842,433.07092,468.1805,443.2049
3843,432.1618,466.66983,441.173
3844,436.53784,473.54886,448.5942
3845,435.11478,470.10864,445.1611
3846,433.47116,464.5487,442.73053
3847,431.97983,459.56186,441.0165
3848,431.23068,458.58295,439.59174
3849,432.05276,460.0778,441.10938
3850,430.064,453.56342,439.83682
3851,429.1625,452.08865,438.73883
3852,428.5462,451.36847,437.6633
3853,426.86035,445.23758,436.88486
3854,426.28653,444.61655,435.97415
3855,425.82724,444.12946,435.04532
3856,425.76743,444.17212,434.7614
3857,425.19418,443.56912,433.96237
3858,424.81332,443.15717,433.07193
3859,424.32416,442.67288,432.30066
3860,423.83206,442.19043,431.5613
3861,423.32138,441.6909,430.8591
3862,422.6333,440.8792,430.25604
3863,422.05307,440.28043,429.62802
3864,421.28177,439.225,429.084
3865,420.65573,438.5359,428.50287
3866,421.1692,439.49323,429.3471
3867,420.87503,439.16495,428.7162
3868,420.49234,438.77393,428.01108
3869,420.7354,439.25473,429.40918
3870,420.99435,439.90366,430.46912
3871,419.94318,437.26578,430.08633
3872,418.272,430.76352,429.67358
3873,417.5485,429.84647,429.05743
3874,416.98962,429.26266,428.37402
3875,416.24884,428.29324,427.78473
3876,415.41678,427.025,427.2316
3877,414.4352,425.11145,426.7209
3878,413.39664,422.90857,426.21823
3879,413.84308,423.6383,428.01437
3880,412.80377,421.41473,427.4743
3881,411.07733,414.44843,427.04364
3882,409.28848,407.37668,426.57013
3883,407.8054,402.7506,425.9793
3884,406.0843,396.63586,425.38742
3885,404.5797,392.21353,424.67737
3886,403.05203,387.57443,423.99924
3887,402.07828,386.1958,422.96738
3888,402.39355,387.11462,423.1762
3889,402.7085,387.98392,423.1904
3890,403.1792,389.1654,423.9754
3891,405.234,392.57385,426.74216
3892,404.75742,392.17996,425.3119
3893,404.46106,391.89307,423.9254
3894,407.82617,397.3362,429.2143
3895,407.776,397.5282,428.413
3896,407.35095,397.1593,426.9776
3897,405.42352,390.0682,426.32434
3898,405.03806,389.7686,424.66745
3899,404.667,389.49673,423.05353
3900,404.21143,389.1981,421.65356
3901,402.38007,382.97906,420.97992
3902,400.72156,378.07953,420.18207
3903,399.18326,374.067,419.2801
3904,398.1116,372.54245,418.12982
3905,397.93442,372.606,416.43564
3906,397.81708,372.9387,415.55365
3907,399.33194,375.47543,417.9993
3908,406.44193,386.683,430.70126
3909,408.0108,389.36316,432.23953
3910,409.06256,391.18988,433.1289
3911,410.64957,393.935,434.9131
3912,410.3739,393.645,433.68823
3913,410.0109,393.34708,431.80447
3914,409.84424,393.44177,430.60117
3915,411.85782,396.63095,435.20203
3916,410.75113,394.74805,434.07825
3917,409.71545,393.2002,432.8797
3918,408.8483,392.1999,431.5819
3919,407.75446,390.42697,430.44855
3920,406.5283,388.05273,429.37717
3921,405.45514,386.38956,428.21365
3922,404.71576,384.58362,428.1676
3923,404.19254,384.19714,426.45776
3924,404.41913,385.01868,426.37198
3925,403.80762,384.55804,424.8855
3926,403.07846,383.92575,423.5701
3927,402.2441,383.06577,422.37305
3928,401.0824,380.92462,421.43857
3929,400.64877,378.76694,422.48282
3930,400.32428,378.68707,422.2022
3931,399.40875,377.61154,420.97687
3932,399.49905,378.17368,421.48386
3933,399.78873,379.07138,421.35983
3934,399.50827,378.84402,419.8786
3935,399.11853,378.59915,418.1618
3936,398.4693,378.132,416.8813
3937,397.55234,377.05084,415.83353
3938,396.6408,375.98343,414.79333
3939,395.7242,374.89636,413.76654
3940,394.7331,373.5452,412.78827
3941,393.56458,371.4177,411.88953
3942,394.0798,372.765,412.81024
3943,393.15897,371.37195,412.0808
3944,392.4815,370.84772,410.98145
3945,391.8869,370.46588,409.92474
3946,393.18475,372.85162,411.4973
3947,400.1317,383.92007,423.41013
3948,399.65536,383.53262,421.86435
3949,398.6814,382.11313,420.81702
3950,398.33487,381.9033,419.37668
3951,398.39835,382.2851,418.5402
3952,398.25027,382.3148,417.23587
3953,397.84518,381.75696,417.40973
3954,399.2897,384.4372,420.38556
3955,399.49365,385.19022,420.67007
3956,400.73734,387.49255,422.52573
3957,400.30798,387.13528,421.06476
3958,399.76337,386.69763,419.81042
3959,398.9048,385.63257,418.83737
3960,399.2912,386.55612,418.93448
3961,398.77914,386.16718,417.71127
3962,397.56232,383.5161,416.93896
3963,398.75293,384.7318,420.5588
3964,397.50534,381.92905,419.69806
3965,396.13416,378.4365,418.84894
3966,394.92252,375.92612,417.89786
3967,395.2911,376.7669,419.08847
3968,395.479,377.14682,420.13333
3969,399.2395,383.36966,426.72382
3970,401.38754,386.82144,429.39706
3971,400.9003,386.31924,428.44626
3972,400.05725,384.08603,428.14005
3973,398.71844,380.75842,427.0706
3974,397.84695,379.58994,425.694
3975,397.15417,378.8563,424.1819
3976,399.26685,382.39572,427.13495
3977,398.9034,381.97375,425.10876
3978,397.60098,378.92398,424.07547
3979,396.83752,378.08878,422.6816
3980,396.46915,377.74146,420.75354
3981,396.22592,377.46158,419.61996
3982,397.1007,378.94595,420.42758
3983,397.22928,379.25204,420.02988
3984,398.38757,381.2176,421.1158
3985,397.81848,380.76828,419.7737
3986,398.78064,382.5639,420.6681
3987,398.548,382.57547,419.63766
3988,398.0309,382.1932,418.29034
3989,397.22787,381.32654,417.2306
3990,396.5261,380.69186,416.115
3991,396.08304,380.46976,415.17194
3992,396.95993,382.3007,416.82385
3993,396.7617,382.4394,416.33963
3994,396.35733,382.14987,414.95837
3995,395.47867,381.03992,414.0481
3996,394.79178,380.42865,413.02487
3997,393.90698,379.29263,412.14005
3998,392.89047,377.64322,411.3179
3999,392.1663,376.95706,410.33463
4000,391.4402,376.26617,409.3689
4001,390.59906,375.26425,408.4856
4002,389.7871,374.34772,407.5926
4003,389.27325,374.00513,406.4834
4004,388.74606,373.6533,405.4179
4005,387.79642,372.2485,404.64288
4006,387.29822,371.93332,403.56976
4007,386.97134,371.91428,403.08722
4008,386.11545,370.84393,402.30063
4009,385.75125,370.63367,401.10553
4010,385.77927,370.8438,400.50623
4011,385.57486,370.87234,399.60156
4012,384.6374,369.49194,398.91336
4013,383.71158,368.15643,398.2154
4014,383.07312,367.65842,397.36945
4015,382.5082,367.28104,396.48557
4016,382.1867,367.1137,395.34482
4017,382.71625,368.06488,396.1631
4018,388.0537,376.56433,405.28915
4019,392.37112,383.37512,412.7255
4020,393.78284,385.8063,414.81274
4021,394.89532,387.82407,416.62817
4022,394.47647,387.40854,415.4291
4023,393.7976,386.62238,414.60458
4024,392.95334,385.40314,413.787
4025,392.1899,384.44003,412.92706
4026,391.5189,383.70914,412.01636
4027,391.07166,383.3098,410.91943
4028,390.51477,382.79825,409.95926
4029,390.07947,382.42917,408.8968
4030,389.5187,381.92847,407.98187
4031,388.9812,381.4656,407.0647
4032,388.40958,380.95764,406.19193
4033,388.06494,380.6759,405.09256
4034,387.7471,380.41837,403.98083
4035,387.16776,379.9224,403.17603
4036,386.986,379.7135,402.70135
4037,388.09222,381.73523,404.47153
4038,388.09195,382.0583,404.2843
4039,388.11288,382.2684,403.68332
4040,387.6001,381.86374,402.87134
4041,387.05026,381.40976,402.1004
4042,386.68787,381.1474,401.16812
4043,389.7431,386.06873,406.2732
4044,389.50516,385.81186,405.09735
4045,389.04855,385.44992,404.26715
4046,388.6705,385.15753,403.37317
4047,388.38422,384.9176,402.3719
4048,389.39026,386.8478,404.3501
4049,389.2133,386.91452,404.06445
4050,388.85968,386.63165,403.17712
4051,388.58035,386.38992,402.20303
4052,388.25223,386.13907,401.32486
4053,387.9985,385.92334,400.3513
4054,389.50037,388.38403,402.6098
4055,393.74948,395.07025,410.1277
4056,393.28583,394.63138,409.34216
4057,392.87756,394.25095,408.51883
4058,392.495,393.89813,407.68387
4059,392.123,393.56128,406.85312
4060,391.7678,393.24353,406.01926
4061,391.42828,392.94333,405.18317
4062,391.1062,392.6606,404.3421
4063,390.8641,392.42368,403.41977
4064,390.78934,392.42734,402.75528
4065,390.76605,392.55292,402.29147
4066,390.37253,392.2596,401.58932
4067,390.0812,392.02823,400.78845
4068,389.7639,391.79272,400.03583
4069,391.01196,393.96445,402.15094
4070,390.55072,393.6021,401.52533
4071,390.19208,393.3313,400.8257
4072,389.8184,393.0547,400.1514
4073,389.411,392.75504,399.5153
4074,389.09204,392.51746,398.8077
4075,388.78842,392.29205,398.09525
4076,388.5019,392.07892,397.3751
4077,388.27902,391.8902,396.57547
4078,387.97614,391.68262,395.9017
4079,387.6618,391.47363,395.25128
4080,387.34283,391.26572,394.61603
4081,387.06674,391.07974,393.9448
4082,386.8464,390.91403,393.20786
4083,386.628,390.75424,392.48218
4084,386.365,390.5875,391.83237
4085,386.05194,390.40347,391.24615
4086,385.84528,390.2572,390.5379
4087,385.63446,390.1148,389.84976
4088,385.3917,389.96902,389.21954
4089,385.48154,390.28683,389.0825
4090,385.3128,390.22308,388.5168
4091,390.81693,398.88358,398.81717
4092,390.6911,398.748,398.72696
4093,390.45993,398.55603,398.06882
4094,390.14194,398.31857,397.47595
4095,390.82648,399.57837,398.60577
4096,390.71475,399.52554,398.1209
4097,392.32858,402.1144,401.19736
4098,393.46695,403.94955,403.3284
4099,399.30426,413.03516,414.2477
4100,408.36127,426.98828,430.96094
4101,408.97137,427.41342,432.15048
4102,408.5784,426.39764,431.251
4103,408.18362,425.43427,430.368
4104,407.79132,424.52103,429.4959
4105,407.3274,423.5827,428.70184
4106,406.77582,422.55118,427.97855
4107,406.3057,421.66107,427.20364
4108,405.86063,420.82657,426.41623
4109,405.44748,420.05048,425.60907
4110,405.1207,419.36194,424.71634
4111,404.76553,418.69183,423.87198
4112,404.45984,418.07736,422.98047
4113,406.06787,420.42123,425.564
4114,406.18228,420.42114,425.41415
4115,406.15475,420.02634,425.48294
4116,405.86594,419.4051,424.53595
4117,405.5845,418.82135,423.60953
4118,405.22852,418.23392,422.78442
4119,404.86835,417.68463,422.0372
4120,404.5123,417.13748,421.23538
4121,404.2497,416.65146,420.46585
4122,403.97903,416.18378,419.586
4123,403.75278,415.78293,418.97995
4124,403.51492,415.3615,418.48984
4125,403.28873,414.95312,418.14923
4126,402.99817,414.532,417.32233
4127,402.6586,414.1051,416.5692
4128,402.29074,413.67346,415.85596
4129,402.46744,413.9527,416.0507
4130,403.1149,414.9769,416.971
4131,404.55908,417.2283,419.34583
4132,404.2939,416.80188,418.54456
4133,405.8763,419.22833,421.38113
4134,410.0912,425.5836,429.36835
4135,410.35062,425.7318,429.85413
4136,410.0073,425.04218,428.96432
4137,409.71674,424.4357,428.0933
4138,409.79745,424.43054,427.91385
4139,410.8474,425.96942,429.63696
4140,410.5868,425.5075,429.13098
4141,412.95544,429.09497,433.39227
4142,415.67633,432.9744,438.5524
4143,415.70413,432.68054,438.36105
4144,415.23727,431.66022,437.32672
4145,414.97226,430.90094,436.32562
4146,414.7228,430.21106,435.39798
4147,414.26462,429.3591,434.4696
4148,413.80212,428.5348,433.55902
4149,413.3784,427.777,432.6359
4150,413.58994,428.04373,432.95798
4151,413.43857,427.74478,432.60797
4152,413.12888,427.09204,431.6734
4153,412.5273,426.1716,430.92587
4154,411.9986,425.38318,430.14462
4155,412.61063,426.31927,431.17752
4156,412.3709,425.8185,430.3142
4157,411.98886,425.1999,429.4206
4158,413.3145,427.17465,431.4967
4159,413.03152,426.58447,430.83887
4160,412.6794,425.98566,429.9033
4161,412.13828,425.23212,429.15582
4162,411.68222,424.5949,428.35864
4163,411.4158,424.08713,427.83414
4164,411.18207,423.68127,427.05908
4165,414.64514,429.05136,433.21616
4166,414.20486,428.36313,432.44382
4167,413.9369,427.8077,431.68005
4168,413.45395,427.09845,430.86005
4169,412.79324,426.10745,430.16464
4170,414.3081,428.52963,433.32098
4171,414.45572,428.5691,433.4372
4172,414.16418,428.0336,432.65265
4173,414.0456,427.69385,432.2455
4174,413.46106,426.82773,431.47525
4175,413.9103,427.41055,431.99762
4176,413.31226,426.52777,431.24118
4177,412.58383,425.35336,430.56018
4178,412.14163,424.69937,429.70966
4179,414.26212,427.94818,433.3556
4180,414.467,428.06406,433.72742
4181,415.06046,428.82263,434.46283
4182,414.60004,428.07544,433.57172
4183,413.4997,425.21463,432.9597
4184,412.90756,424.32892,432.14133
4185,412.7686,424.02075,431.44476
4186,414.31116,426.35413,433.93668
4187,413.89227,425.66495,432.95737
4188,413.50085,425.02505,431.97394
4189,420.40817,435.68588,444.51352
4190,419.69968,434.24524,443.2777
4191,423.23767,439.35742,449.11862
4192,423.7025,439.59714,449.0315
4193,422.73965,437.29355,447.44394
4194,421.9253,435.56345,446.03778
4195,421.04123,433.68546,444.7609
4196,420.6844,432.79117,443.5015
4197,419.778,430.9319,442.42416
4198,419.27762,430.04214,441.1528
4199,431.281,448.55994,463.23996
4200,429.69296,442.31662,458.84668
4201,428.95435,440.7008,455.32187
4202,428.5648,439.8472,453.02707
4203,443.58142,462.84045,479.47324
4204,440.1775,454.77264,470.9332
4205,438.8171,452.69717,463.45956
4206,437.97577,451.53192,457.6665
4207,437.48245,451.069,454.03317
4208,436.04376,447.76047,451.0369
4209,435.42764,447.15073,448.45993
4210,434.61823,446.2816,446.4718
4211,433.53268,444.50113,444.8739
4212,432.98163,444.03445,443.8247
4213,432.27158,443.30328,442.63385
4214,430.68137,438.24512,441.59418
4215,431.34262,439.54947,442.24182
4216,433.52557,443.35785,446.276
4217,433.42838,443.15143,446.56973
4218,432.37854,441.48636,445.04782
4219,433.46167,443.53946,446.60904
4220,433.58743,444.10477,446.63684
4221,432.98065,443.53677,444.8697
4222,432.0553,442.3062,443.4774
4223,431.33615,441.58792,442.15292
4224,430.5246,440.66144,440.99234
4225,429.7752,439.875,439.90112
4226,428.9338,438.84647,438.92554
4227,428.71936,438.917,438.70413
4228,427.983,438.1406,437.76315
4229,430.6265,442.5471,442.45245
4230,433.9525,447.97534,448.14417
4231,437.78815,454.18198,454.8923
4232,440.5605,458.76123,458.29376
4233,439.22607,456.73547,453.62195
4234,437.5541,452.1108,450.31934
4235,436.20053,449.197,447.9396
4236,435.21347,447.87665,445.9974
4237,434.1268,446.09015,444.41574
4238,435.17807,448.09436,445.74588
4239,434.92102,448.10825,444.59418
4240,433.81567,446.22852,443.15604
4241,432.83862,444.84058,441.88046
4242,432.7422,444.67603,442.47873
4243,431.72604,442.94516,441.42456
4244,430.92685,441.91873,440.52985
4245,429.77298,439.62265,439.58453
4246,428.25937,434.2457,439.04422
4247,427.04303,431.53256,438.29706
4248,429.28784,435.0434,443.48074
4249,427.96432,431.8487,442.44913
4250,426.3827,426.95154,441.5536
4251,425.08908,424.0203,440.64328
4252,425.69147,425.34665,442.06747
4253,430.384,432.957,451.12958
4254,429.37466,431.04556,449.62497
4255,429.85223,432.0656,449.87213
4256,428.6369,429.58182,448.31192
4257,427.99655,428.89517,446.6154
4258,426.06705,422.0627,445.543
4259,424.58292,418.12592,444.45813
4260,423.51294,416.42776,443.26147
4261,424.07123,417.53906,443.3262
4262,423.95193,417.6607,442.33618
4263,424.24588,418.35132,442.13528
4264,425.1666,420.19714,443.59024
4265,424.73984,419.91107,442.33615
4266,424.32956,419.6018,440.92087
4267,423.83853,419.20874,439.51425
4268,423.10217,418.4743,438.57254
4269,422.2398,417.2691,437.8666
4270,421.02072,414.6291,437.13492
4271,419.70163,411.67865,436.30502
4272,418.25787,408.01663,435.49854
4273,417.02704,405.5855,434.6235
4274,415.65048,402.4145,433.7594
4275,415.42715,402.47034,433.84705
4276,413.98935,398.95935,432.9741
4277,413.19202,398.1986,431.75946
4278,412.5958,397.7891,430.62973
4279,413.36664,398.4264,433.50156
4280,413.8887,399.3552,435.29437
4281,414.33,400.43533,435.48895
4282,417.22333,405.36743,440.8425
4283,417.19485,405.66998,440.84412
4284,416.66687,405.16544,439.16452
4285,416.2539,404.76648,437.36963
4286,416.45544,405.3707,436.87906
4287,421.66016,413.7496,445.81708
4288,439.8797,442.18347,479.82986
4289,437.73938,436.67517,471.49765
4290,436.31888,433.91754,465.1552
4291,434.53235,428.82065,460.8989
4292,433.1261,424.77106,458.3624
4293,432.38278,423.98172,455.40158
4294,431.51056,423.0166,453.05072
4295,430.00055,417.23615,452.30496
4296,426.91345,408.77036,451.03568
4297,424.00757,400.35748,449.83908
4298,422.40128,396.60995,448.25302
4299,420.93185,393.65784,446.60776
4300,419.6006,391.03882,445.17535
4301,418.3541,389.15894,443.41565
4302,415.75742,380.78134,442.21866
4303,413.91064,376.0814,440.60107
4304,413.0923,375.32504,438.9196
4305,413.42337,376.2757,439.58997
4306,413.5943,377.2248,438.83264
4307,413.9104,378.3989,438.73218
4308,414.10944,379.3056,437.5579
4309,414.2784,380.20074,436.58926
4310,414.42545,380.8383,435.50824
4311,415.32584,382.59082,436.17267
4312,414.87128,382.38553,433.64413
4313,417.82388,387.58322,438.07828
4314,418.2794,388.93896,438.06857
4315,417.69464,388.718,436.65463
4316,416.56512,387.33008,435.18747
4317,415.4223,385.89038,433.75665
4318,414.34488,384.6663,432.30798
4319,413.87964,383.31738,432.96155
4320,414.69757,385.18127,433.45813
4321,417.88483,390.48654,438.36774
4322,419.6302,393.55954,440.5505
4323,421.5782,396.89767,443.36676
4324,421.0889,396.6405,441.21252
4325,421.71042,398.17966,442.4587
4326,420.92004,397.57034,440.71625
4327,418.8167,390.84982,439.68
4328,417.775,389.71365,438.07123
4329,416.96115,389.11203,436.3137
4330,416.65146,388.96405,434.9554
4331,415.98102,388.5852,433.18222
4332,415.30444,388.2058,431.49997
4333,414.68265,387.89255,429.8258
4334,414.22684,387.7082,427.97165
4335,413.4601,387.21423,426.60287
4336,412.56696,386.45602,425.39386
4337,411.5844,385.46075,424.2488
4338,411.428,385.85898,424.3714
4339,410.9865,385.7419,422.8935
4340,410.01773,384.76172,421.8144
4341,408.3448,380.3867,421.0071
4342,406.7591,376.62448,420.1162
4343,405.3394,373.83963,419.1207
4344,403.78787,370.36755,418.14096
4345,402.3831,367.7253,417.0625
4346,401.465,366.9504,415.6974
4347,400.37546,365.65952,414.47623
4348,399.19608,364.02377,413.31537
4349,398.25098,363.16595,412.0214
4350,397.80847,363.0297,410.1951
4351,398.10046,363.86563,409.35645
4352,399.565,366.5416,410.73276
4353,399.18478,366.43756,408.9747
4354,398.6347,366.2411,407.5757
4355,398.27066,366.1504,405.93607
4356,399.11734,367.80872,406.51108
4357,398.70468,367.71118,405.09232
4358,397.94928,367.2497,404.05997
4359,398.18994,368.29782,404.43674
4360,397.94653,368.5223,403.63773
4361,397.55484,368.42618,402.30634
4362,397.44653,368.95798,402.48828
4363,397.9819,370.09692,402.79352
4364,407.39545,385.07755,419.4864
4365,407.68866,385.8833,419.09024
4366,408.79272,387.9468,420.22095
4367,409.75815,389.69724,421.8269
4368,409.4544,389.5739,420.4026
4369,410.70392,391.77533,422.48065
4370,435.00046,429.69983,467.06625
4371,434.6607,429.2303,462.83447
4372,434.7166,429.4626,459.9155
4373,433.79742,428.33792,456.67368
4374,434.5524,429.88544,456.56863
4375,434.10776,429.38983,454.3191
4376,433.34985,428.66785,451.92252
4377,432.89572,428.26132,449.89014
4378,444.84814,446.9972,471.5916
4379,455.5413,464.17477,486.574
4380,452.07004,463.49203,478.74615
4381,449.593,462.39978,470.35846
4382,448.82175,462.80432,464.47937
4383,447.46887,462.0636,457.62418
4384,456.31174,476.80872,470.91687
4385,452.79144,474.31033,463.22443
4386,450.0184,470.04453,456.28635
4387,448.29413,467.54022,451.29633
4388,446.64423,464.74847,447.3737
4389,445.12552,461.90094,444.54147
4390,443.60083,458.51868,442.4354
4391,442.1667,455.41656,440.81357
4392,441.01642,453.7182,439.4669
4393,439.5808,450.2943,438.35406
4394,438.31024,447.81223,437.38962
4395,437.74854,447.52963,436.32434
4396,437.29214,447.32495,435.26685
4397,437.12088,447.52634,434.7135
4398,441.63116,455.01276,443.004
4399,440.56424,453.67783,441.4148
4400,439.1666,450.5185,440.12204
4401,437.96674,448.41452,439.0102
4402,437.31207,448.00357,437.8746
4403,436.7891,447.73022,436.76093
4404,437.5872,449.43573,437.99002
4405,439.5086,452.89264,441.24985
4406,438.65994,452.1307,439.8933
4407,438.15167,451.8568,438.5352
4408,437.61182,451.5617,437.32983
4409,436.77695,450.7677,436.3481
4410,436.09604,450.28583,435.39865
4411,435.3753,449.71686,434.5454
4412,435.4938,450.3233,434.56937
4413,434.8543,449.88736,433.72403
4414,434.3303,449.58798,432.87845
4415,433.75192,449.22626,432.1056
4416,433.1608,448.84308,431.37778
4417,432.47293,448.29187,430.71906
4418,432.67105,449.05276,431.20782
4419,432.3684,449.0078,430.67172
4420,433.08197,450.5251,432.0216
4421,438.08234,458.6778,441.3104
4422,437.1636,457.6159,439.82526
4423,436.54874,457.16986,438.44266
4424,435.88315,456.6485,437.23474
4425,435.47705,456.41867,436.12695
4426,449.81366,478.97852,462.59537
4427,447.7267,477.69083,455.85352
4428,446.55783,477.289,450.40332
4429,445.63248,476.96918,446.25943
4430,445.156,477.17404,443.5379
4431,449.39508,484.57407,449.86142
4432,447.7426,483.31226,444.8175
4433,446.37555,482.0936,441.04196
4434,445.7133,482.01068,438.79355
4435,452.07434,492.70673,449.58502
4436,450.61093,492.2773,444.01343
4437,452.37457,496.19092,444.8202
4438,450.76767,495.6916,439.81793
4439,449.3075,494.80078,436.0226
4440,448.25864,494.38806,433.09692
4441,448.4562,495.7399,432.8264
4442,448.4846,496.86145,432.2814
4443,447.04163,494.61688,429.97852
4444,446.01306,493.80258,428.18738
4445,445.05957,493.03894,426.69693
4446,445.1615,493.9443,426.8272
4447,444.40735,493.30392,425.94943
4448,443.52982,492.58026,424.7592
4449,442.74036,492.00967,423.716
4450,446.49728,498.20847,430.51752
4451,445.48465,497.55872,428.4402
4452,444.5666,496.96738,426.73145
4453,443.56998,495.9753,425.30438
4454,442.55173,494.699,424.10193
4455,441.75998,494.0904,423.06177
4456,440.98434,493.45908,422.14102
4457,440.9031,493.93616,422.29645
4458,440.2348,493.50012,421.43936
4459,439.62946,493.141,420.65555
4460,438.93903,492.5939,419.94928
4461,438.3758,492.25558,419.28827
4462,442.19867,498.684,426.76736
4463,441.06348,496.84625,425.32764
4464,440.16196,495.89453,424.11923
4465,439.46692,495.41074,423.05923
4466,438.68564,494.66953,422.12823
4467,438.0444,494.2079,421.28647
4468,440.4414,498.42694,426.03223
4469,439.46118,497.18716,424.69568
4470,441.81,501.40155,429.1716
4471,441.89648,502.25787,429.1153
4472,440.84976,501.2231,427.12833
4473,439.99326,500.54956,425.49887
4474,439.77322,500.8031,425.1998
4475,438.9378,500.0515,423.85413
4476,438.14114,499.3089,422.69763
4477,437.33682,498.456,421.69202
4478,436.6639,497.88745,420.79715
4479,435.98264,497.25958,419.99576
4480,436.1801,497.8627,420.44666
4481,435.44458,497.05655,419.6812
4482,434.73776,496.2861,418.99078
4483,434.1737,495.81143,418.34976
4484,433.5914,495.2849,417.76044
4485,433.00775,494.73526,417.21506
4486,434.71268,497.66437,420.68213
4487,434.72287,498.06137,421.0454
4488,434.07092,497.40854,420.23984
4489,436.03137,500.79605,424.2784
4490,435.1699,499.65466,423.10028
4491,434.44006,498.8486,422.0806
4492,433.75922,498.1152,421.17935
4493,433.1783,497.55252,420.36465
4494,439.5601,507.7488,432.4869
4495,438.44934,506.6954,429.64273
4496,437.50946,505.8354,427.35605
4497,440.88324,511.58517,433.2746
4498,440.91608,512.5223,432.37875
4499,441.26434,513.9711,432.12335
4500,439.5701,510.91977,428.77444
4501,438.3939,509.5646,426.3384
4502,437.41592,508.54807,424.41693
4503,436.59995,507.79593,422.83768
4504,435.81635,506.71683,421.80988
4505,435.07144,505.7268,420.8976
4506,433.8889,502.27484,419.89536
4507,432.86008,499.75433,419.094
4508,431.9699,497.99142,418.4158
4509,431.1507,496.52026,417.8192
4510,433.9901,501.1776,423.53256
4511,440.09393,510.90405,435.10236
4512,438.55716,508.90472,431.4084
4513,437.18448,506.513,428.67047
4514,436.21875,505.42154,426.59622
4515,439.26782,510.57364,432.0076
4516,438.0577,509.34497,428.9884
4517,437.13892,508.52814,426.64172
4518,436.10074,507.11594,424.77002
4519,438.4485,511.18903,428.96777
4520,437.4668,510.28403,426.6009
4521,436.30368,508.3734,424.62848
4522,435.47086,507.494,423.0545
4523,434.51483,505.97925,421.7435
4524,433.76324,505.0969,420.63647
4525,432.7418,502.7251,419.69046
4526,431.98892,501.64957,418.8894
4527,431.43253,501.04633,418.16162
4528,431.21066,500.94604,418.04807
4529,430.6317,500.26962,417.4044
4530,430.13156,499.7144,416.80173
4531,433.01065,504.35916,422.6658
4532,431.43857,499.40356,421.58667
4533,430.02194,494.62677,420.7809
4534,429.09814,492.40497,420.1415
4535,427.84784,487.82648,419.60123
4536,426.76578,484.17014,419.1575
4537,426.01315,482.756,418.7577
4538,427.09647,484.5754,421.19092
4539,432.06204,492.36002,430.67596
4540,437.41312,500.68643,440.53424
4541,441.20566,506.983,445.68427
4542,438.63348,501.84525,440.11844
4543,436.84494,497.38635,436.16925
4544,435.3905,493.63623,433.43768
4545,438.07153,498.09103,437.78992
4546,437.02286,496.9497,434.60065
4547,435.7081,494.04007,432.179
4548,434.40366,490.46286,430.3702
4549,433.41928,488.65475,428.98483
4550,441.71487,501.76193,444.34674
4551,440.18564,500.47195,439.34418
4552,438.23853,495.67294,435.6358
4553,436.5244,490.8345,433.10428
4554,435.20108,487.22412,431.32275
4555,434.03854,484.39993,429.96686
4556,441.2307,495.83987,443.2337
4557,440.31046,495.26712,439.52786
4558,439.30673,494.4248,436.11206
4559,438.40866,493.63278,433.47693
4560,437.63287,492.962,431.3683
4561,436.41785,490.27023,429.6877
4562,437.7605,492.45822,432.55167
4563,436.6625,490.29745,430.8543
4564,435.23587,485.8126,429.40543
4565,434.57275,485.15732,428.25253
4566,433.87793,484.4055,427.24323
4567,433.0257,483.0841,426.3666
4568,432.01666,480.79068,425.62494
4569,431.3159,479.91174,424.93854
4570,429.9051,474.9139,424.3642
4571,427.9541,468.66254,423.91663
4572,427.19168,467.49872,423.48215
4573,432.1656,475.4215,432.9618
4574,431.42865,474.42914,431.8694
4575,430.04724,469.39615,430.96957
4576,429.4186,468.63785,430.1632
4577,428.62094,467.3694,429.45602
4578,430.47397,470.40805,432.94104
4579,431.8259,470.61606,436.8654
4580,430.6379,467.409,435.6074
4581,429.9521,466.49228,434.50003
4582,429.31625,465.676,433.50113
4583,428.23892,462.99033,432.67862
4584,432.30554,469.2509,440.94922
4585,431.45953,467.54065,439.50137
4586,429.7939,461.64774,438.14496
4587,428.79453,459.552,437.0373
4588,427.77032,457.2795,436.08237
4589,427.85992,457.54755,436.52686
4590,427.6588,457.1925,436.70465
4591,432.69623,464.6923,446.84628
4592,432.442,463.80908,445.91632
4593,437.87503,472.01053,455.54254
4594,438.75586,473.1827,454.70126
4595,437.61975,471.48306,450.1062
4596,436.36096,469.2479,446.4371
4597,437.36414,471.03998,447.16635
4598,444.73993,482.78928,459.37457
4599,442.1057,477.26343,452.81158
4600,439.8752,471.46884,448.0233
4601,437.35364,464.73123,444.8617
4602,436.24408,462.89542,442.67386
4603,435.3786,461.8556,440.8769
4604,435.92938,463.0822,441.3883
4605,436.54712,464.2843,442.56973
4606,434.60028,458.20728,440.8666
4607,433.3094,454.0344,439.9053
4608,431.88943,449.84598,438.844
4609,431.1638,449.08438,437.80243
4610,430.47302,448.38788,436.83322
4611,430.36166,448.51273,436.39792
4612,432.48,452.0786,440.09915
4613,432.99744,453.2185,441.25165
4614,432.3652,452.59747,439.9076
4615,431.64374,451.81754,438.73697
4616,431.16882,451.37888,437.55518
4617,430.97186,451.39767,437.58435
4618,430.20197,450.48053,436.63602
4619,430.44257,447.89767,439.1971
4620,428.21045,440.88724,438.40305
4621,426.18356,434.0763,437.72348
4622,424.86435,430.68124,437.00653
4623,423.5285,427.21732,436.3158
4624,422.12048,423.32605,435.6495
4625,420.75266,419.77087,434.9711
4626,419.21225,415.1282,434.31857
4627,417.74268,411.08212,433.6223
4628,418.7264,410.95792,437.44638
4629,418.15732,410.43665,436.80157
4630,417.21512,409.16693,435.78156
4631,416.5954,408.01788,435.7479
4632,415.5715,405.75424,435.26727
4633,415.35095,405.41223,435.7808
4634,413.82297,401.136,434.93027
4635,412.70764,399.24115,433.88345
4636,412.64224,398.81488,434.91437
4637,411.32895,395.9385,433.90448
4638,410.41803,394.81354,432.66534
4639,409.8242,394.32846,431.16763
4640,418.94333,408.71375,447.02313
4641,420.7713,411.72714,449.63293
4642,422.5027,414.51743,451.8285
4643,423.21616,415.56256,453.106
4644,427.4694,422.09802,460.79044
4645,426.40387,419.9868,457.89886
4646,428.54465,423.1931,459.8623
4647,428.7789,423.30768,458.75275
4648,427.37607,419.852,456.32687
4649,424.9438,411.88522,454.59705
4650,423.87625,410.15765,452.56876
4651,423.53253,409.76172,450.4378
4652,422.99625,409.1899,448.16547
4653,420.46713,401.07764,447.09286
4654,418.15735,393.15973,445.92252
4655,416.7123,390.15405,444.32254
4656,415.64926,388.79736,442.46613
4657,414.51865,387.22354,440.72543
4658,412.83994,382.9742,439.32712
4659,412.12198,381.89972,438.55338
4660,410.97565,380.3302,436.79816
4661,410.26416,379.82648,434.67853
4662,414.9298,387.42053,441.8336
4663,418.67474,393.48853,447.62997
4664,423.1729,400.61102,455.15823
4665,424.76364,403.37732,456.36206
4666,425.88425,405.43304,456.80838
4667,429.7425,411.53708,463.60382
4668,432.68173,416.24973,466.3481
4669,431.7827,414.6982,463.04346
4670,430.52438,412.5479,459.8976
4671,429.4544,411.0921,457.14838
4672,428.62332,410.2373,454.53583
4673,429.5326,412.1077,455.04007
4674,428.3861,410.44928,452.95865
4675,427.38068,409.25012,450.96622
4676,429.32596,412.5932,453.30484
4677,431.79773,416.7148,456.66095
4678,437.92676,426.5631,466.16763
4679,440.50305,430.67914,468.8084
4680,439.66525,429.56415,464.2605
4681,441.37158,432.69043,465.10693
4682,440.31647,431.63208,460.35553
4683,438.5762,427.4265,457.17157
4684,438.81665,424.41733,459.34415
4685,438.90543,424.51605,459.20822
4686,437.93433,423.62665,456.166
4687,437.7232,422.95154,456.19296
4688,437.44717,421.2539,456.64676
4689,437.54468,422.04468,455.9635
4690,436.37924,420.59796,453.64954
4691,433.94382,413.3302,452.05194
4692,431.84583,406.98703,450.57864
4693,429.69858,400.544,449.18845
4694,428.94208,400.0983,446.96136
4695,432.82837,406.81027,453.25046
4696,431.7969,405.8293,451.11865
4697,430.19666,402.55963,449.49063
4698,430.75232,403.95892,450.71945
4699,429.87964,403.31155,448.60913
4700,433.05484,408.85928,454.53775
4701,434.8936,412.36066,456.7617
4702,434.09113,411.7833,454.0795
4703,434.54468,413.1644,454.21237
4704,433.69858,412.53195,451.90543
4705,431.5807,406.0968,450.44757
4706,429.8079,401.8431,448.93967
4707,428.9919,401.30646,446.85052
4708,428.5829,401.1185,445.15408
4709,428.70663,401.69122,444.85217
4710,428.67053,401.97733,444.50397
4711,428.45795,402.04404,443.52722
4712,426.79572,398.16528,442.40472
4713,425.17215,394.74316,441.13705
4714,423.48584,391.02023,439.87128
4715,422.19672,389.24216,438.38638
4716,420.98282,387.73953,436.87918
4717,419.96033,386.81836,435.2722
4718,418.68698,385.06738,433.8762
4719,418.204,384.90265,431.67184
4720,417.8321,384.78842,429.87402
4721,417.53854,384.6979,428.8225
4722,417.23215,384.60904,427.62332
4723,416.91702,384.52274,426.32297
4724,420.1919,390.00937,431.62085
4725,419.85168,389.90466,430.2133
4726,418.32416,386.87152,429.1979
4727,417.09995,385.25354,428.02737
4728,417.24133,386.17523,427.75186
4729,418.25906,388.3599,428.79626
4730,417.88696,388.2518,427.02808
4731,417.77493,388.47784,426.16013
4732,417.57364,388.79254,425.1449
4733,418.2438,390.43527,425.734
4734,431.82822,411.98187,450.10983
4735,431.6022,412.24515,448.77728
4736,432.54462,414.1869,449.2941
4737,435.06183,418.4642,453.2712
4738,442.3279,430.03735,466.1472
4739,444.44498,433.75934,466.9548
4740,448.0637,440.06625,469.43164
4741,447.69034,440.40424,464.83713
4742,446.55646,439.60498,459.4493
4743,445.78598,439.28067,455.5339
4744,444.82553,438.62668,452.45364
4745,442.79404,432.6377,450.31094
4746,441.57077,431.08777,448.48358
4747,450.92484,446.25497,465.07974
4748,451.30325,447.864,461.82938
4749,450.3178,447.4672,456.43478
4750,449.59207,447.2273,452.4692
4751,449.58212,448.14395,450.89685
4752,448.68872,447.7032,448.12842
4753,447.20767,445.1633,446.07047
4754,445.9398,443.4756,444.3737
4755,445.11404,443.00867,442.79068
4756,444.24005,442.4272,441.4105
4757,443.16766,441.1085,440.40915
4758,441.28525,435.38513,439.47977
4759,440.29428,434.44882,438.49036
4760,439.0788,432.66046,437.6256
4761,438.4018,432.33566,436.61026
4762,437.95438,432.19864,435.47134
4763,437.5436,432.07898,434.35278
4764,437.15054,431.96793,433.3747
4765,436.28152,431.2714,432.63345
4766,435.0716,429.34573,432.0075
4767,434.06366,428.22345,431.34357
4768,433.16663,427.42252,430.65982
4769,432.61703,427.20776,429.82758
4770,431.97974,426.89636,429.07404
4771,431.05502,425.9805,428.45505
4772,430.11334,425.0,427.85022
4773,429.219,424.1489,427.2381
4774,428.69193,423.9393,426.46396
4775,428.26706,423.79916,425.62912
4776,427.93457,423.69745,424.85303
4777,430.57852,428.19742,429.64914
4778,431.34177,429.7487,431.2087
4779,430.862,429.55377,430.3459
4780,430.39713,429.36926,429.50015
4781,430.05527,429.244,428.757
4782,430.3329,430.00037,429.45306
4783,430.04337,429.91177,429.0881
4784,430.7861,431.5055,430.29877
4785,430.02765,430.92056,429.63892
4786,429.4681,430.64163,428.902
4787,428.8392,430.27362,428.22238
4788,428.014,429.50235,427.63565
4789,427.2944,428.96774,427.02142
4790,426.6375,428.54062,426.39297
4791,426.15906,428.3226,425.67926
4792,425.82245,428.1853,424.8627
4793,435.3961,443.43433,442.62064
4794,434.9082,443.11496,441.1551
4795,434.5222,443.00357,440.15073
4796,436.0093,445.75903,442.5883
4797,435.46423,445.3976,441.13892
4798,434.89838,445.0236,439.846
4799,434.1309,444.3401,438.76654
4800,433.47952,443.85797,437.7217
4801,432.98978,443.55258,436.6532
4802,432.58478,443.3037,435.58203
4803,432.17294,443.0582,434.5816
4804,431.6253,442.71155,433.73166
4805,431.16684,442.44366,432.86673
4806,438.63815,454.37677,446.5883
4807,437.92865,453.81107,444.46667
4808,437.20865,453.2252,442.69046
4809,436.63663,452.81995,441.08243
4810,436.12555,452.4755,439.6372
4811,436.89252,454.153,440.86044
4812,436.1603,453.53128,439.51178
4813,435.5898,453.13388,438.23978
4814,435.03113,452.74997,437.08386
4815,434.47513,452.36932,436.02634
4816,434.0085,452.06754,434.99957
4817,433.526,451.75757,434.0556
4818,435.22372,454.74973,437.01926
4819,434.629,454.31613,435.95767
4820,434.03857,453.88474,434.98184
4821,434.29544,454.66537,435.27783
4822,433.72787,454.2575,434.3364
4823,433.18054,453.87085,433.45316
4824,432.61768,453.46344,432.6343
4825,432.04672,453.04196,431.86795
4826,431.4923,452.63803,431.13733
4827,431.00092,452.30142,430.41605
4828,430.59875,452.03342,429.67902
4829,430.0587,451.64188,429.0445
4830,429.60565,451.33853,428.39673
4831,433.20068,457.21045,435.13123
4832,432.72986,456.84616,434.13342
4833,432.285,456.50595,433.19516
4834,431.8653,456.18738,432.3055
4835,432.65155,457.61084,433.7255
4836,432.2589,457.2997,432.90497
4837,431.81226,456.96057,432.04297
4838,431.49304,456.67038,431.40555
4839,437.29227,465.73572,442.11038
4840,437.37088,466.20813,441.35623
4841,436.88843,465.7694,439.61014
4842,436.5673,465.37347,438.23804
4843,436.02222,464.94583,436.78067
4844,435.4046,464.44012,435.53027
4845,434.88696,464.04422,434.37585
4846,434.4053,463.68182,433.31604
4847,435.52554,465.79126,435.2947
4848,434.8379,465.15887,434.18982
4849,434.23676,464.65964,433.173
4850,433.62418,464.13583,432.25223
4851,433.04062,463.6485,431.3991
4852,432.50964,463.22522,430.59265
4853,432.04272,462.86563,429.81613
4854,440.53586,476.31967,445.59897
4855,439.55612,475.36978,442.37753
4856,438.87646,474.82062,439.80057
4857,438.08548,474.10513,437.7653
4858,437.39554,473.5285,436.0552
4859,440.12524,478.19125,440.68854
4860,447.02698,489.45163,452.47888
4861,445.2365,488.28305,446.58237
4862,443.91342,487.36978,442.0594
4863,442.9324,486.76697,438.61185
4864,441.8705,485.79068,435.97345
4865,440.9108,484.89996,433.88113
4866,440.11942,484.30017,432.1511
4867,439.31204,483.59854,430.69635
4868,439.5156,484.4449,430.86563
4869,443.49506,490.9034,437.70596
4870,442.6336,490.41702,434.88123
4871,443.02014,491.7523,434.7524
4872,448.3414,500.48386,443.42593
4873,447.72018,500.8393,439.7185
4874,449.3685,504.7285,440.89316
4875,447.53845,503.62286,436.17914
4876,446.24475,503.01288,432.59595
4877,445.1598,502.46494,429.82224
4878,446.58368,505.3039,431.47977
4879,445.53934,504.86105,428.83252
4880,446.3655,507.12885,430.06317
4881,447.21558,509.57785,431.14816
4882,447.56198,511.4443,431.06085
4883,446.2433,510.80405,427.91516
4884,447.50415,513.9023,429.89294
4885,446.52692,513.8038,427.49564
4886,444.89072,510.95084,424.91528
4887,443.59518,509.1551,422.9964
4888,442.5373,508.05402,421.46768
4889,441.60883,507.20917,420.18875
4890,440.76242,506.46725,419.1113
4891,439.95413,505.75443,418.14835
4892,438.99707,504.2967,417.30634
4893,438.36606,503.86713,416.56366
4894,437.94302,503.6175,416.00574
4895,437.392,503.27444,415.4015
4896,436.9616,502.96298,414.849
4897,436.4476,502.63785,414.42517
4898,435.83295,502.12164,413.8993
4899,434.91367,500.16867,413.4587
4900,433.81766,496.80627,413.04648
4901,434.65033,497.5991,415.8978
4902,433.99,496.89597,415.4026
4903,434.72382,498.33145,417.52094
4904,433.76428,496.2346,416.9507
4905,432.76678,493.74765,416.4546
4906,432.01895,492.64725,416.00977
4907,431.23657,491.34512,415.6024
4908,430.58334,490.5277,415.21848
4909,434.39264,496.72415,422.93066
4910,433.1186,492.55145,422.06128
4911,431.9998,489.2751,421.371
4912,433.58798,492.0325,424.6333
4913,431.9026,486.64978,423.88135
4914,431.00534,484.88693,423.2056
4915,430.39383,484.17673,422.579
4916,429.78845,483.46268,422.00006
4917,429.17096,482.7014,421.46472
4918,428.70154,482.20605,421.06683
4919,434.96887,490.4142,434.25137
4920,433.18646,484.9005,432.3803
4921,431.66238,479.7488,431.05804
4922,430.56335,476.88516,430.05118
4923,429.99347,476.1939,429.1402
4924,431.68344,478.99753,432.51663
4925,430.51517,475.67618,431.40588
4926,429.98056,475.01382,430.40775
4927,429.11893,473.2898,429.65063
4928,428.60306,472.65247,428.84094
4929,427.98477,471.83463,428.12198
4930,430.4704,475.81763,433.21808
4931,428.91302,470.2527,432.18823
4932,427.3724,464.601,431.40253
4933,425.56796,458.2898,430.79285
4934,424.69946,456.63876,430.20602
4935,424.01202,455.6436,429.6199
4936,423.4195,454.86978,429.03674
4937,422.88016,454.18402,428.5314
4938,432.12018,468.5475,445.7292
4939,432.0861,468.3509,444.14072
4940,434.44403,471.93124,447.25262
4941,433.92978,471.16342,444.5538
4942,432.67133,468.02884,442.15213
4943,431.98572,467.0816,440.21753
4944,431.276,466.10434,438.61386
4945,430.5245,465.02563,437.2578
4946,431.86447,467.19565,439.31497
4947,432.2628,467.96524,439.64044
4948,435.0825,471.86172,445.28397
4949,434.66867,471.38422,443.29507
4950,443.24637,484.8382,458.07047
4951,440.82034,479.97467,451.62988
4952,438.2295,473.38718,446.95084
4953,436.12137,467.22064,443.89005
4954,434.53726,461.9771,441.81824
4955,433.67844,460.84583,440.20435
4956,432.93335,459.9858,438.79968
4957,432.4011,459.2435,438.2619
4958,431.44626,457.62802,437.17328
4959,430.32962,455.14362,436.23053
4960,429.1714,452.36044,435.4092
4961,428.4694,451.54086,434.5787
4962,427.43506,449.4307,433.88116
4963,426.0973,445.3059,433.2789
4964,424.92996,442.42438,432.69925
4965,424.29587,441.75244,432.01062
4966,422.19482,434.69653,431.63623
4967,421.00452,431.7797,431.10742
4968,419.76236,428.56122,430.58902
4969,419.8222,428.09973,432.16037
4970,421.45245,430.92783,435.28128
4971,424.157,435.2303,439.95096
4972,423.47372,433.80606,439.68713
4973,421.98456,428.89688,438.9368
4974,421.11057,427.56165,438.04587
4975,419.51883,422.03638,437.37057
4976,418.34842,419.45386,436.5882
4977,417.7503,418.82187,435.52884
4978,418.13602,419.69055,436.079
4979,418.68866,420.80765,436.93936
4980,420.6465,424.06952,440.3343
4981,429.8909,438.2833,458.31012
4982,433.5579,443.65414,463.5646
4983,433.44897,443.1622,459.93555
4984,440.3913,453.8152,470.53802
4985,439.23544,450.77414,464.9013
4986,437.60983,447.21817,459.34653
4987,436.50293,444.97452,455.85925
4988,436.19986,444.73712,452.96194
4989,437.48068,447.042,453.62164
4990,438.43445,448.80423,453.57272
4991,440.13876,451.84155,455.5627
4992,438.30212,446.33557,452.18658
4993,436.66638,441.85696,449.82245
4994,436.02487,441.3458,447.65323
4995,437.11328,443.50903,449.49905
4996,436.73474,443.3657,447.60855
4997,436.00345,442.7595,445.78702
4998,436.57663,444.04776,445.94473
4999,437.99814,444.02423,450.21527
5000,436.70026,441.59024,448.1948
5001,435.62445,439.93536,446.6093
5002,436.956,442.52383,448.7785
5003,436.6002,442.35162,446.9826
5004,436.05222,441.9668,445.1007
5005,435.3301,441.39154,443.57388
5006,434.27545,439.8838,442.34103
5007,431.9859,432.9391,441.42892
5008,429.11166,425.0515,440.69867
5009,425.81674,416.50916,440.06628
5010,423.0834,408.4473,439.3893
5011,421.21783,402.62912,438.525
5012,420.09583,401.05972,437.34494
5013,420.29495,401.48953,438.68005
5014,419.42993,400.6799,437.33148
5015,418.51657,399.75668,436.03955
5016,417.2481,397.511,434.96686
5017,416.11798,395.878,433.8231
5018,415.5054,395.52722,432.6022
5019,415.9236,395.28763,435.06335
5020,416.74127,396.4034,437.71555
5021,416.7186,396.90668,437.66156
5022,419.18405,401.26874,441.91724
5023,418.74127,400.92065,439.83624
5024,417.88757,400.07523,438.3989
5025,418.24362,401.04245,439.43253
5026,418.6884,402.1959,439.5987
5027,418.45703,402.26065,438.3522
5028,419.93973,405.02783,440.52277
5029,419.23093,404.42813,439.03625
5030,420.91885,407.49896,441.61276
5031,420.25363,406.9428,440.08954
5032,419.63318,406.46368,438.64554
5033,419.08414,406.1136,437.59525
5034,419.96,407.87357,439.68088
5035,418.79898,405.88657,438.59558
5036,419.67325,407.28345,441.10452
5037,418.90652,406.26672,440.3023
5038,421.2494,409.86633,445.51837
5039,422.45468,412.0921,447.35623
5040,421.542,410.88165,445.81775
5041,420.95947,409.8243,445.4523
5042,421.70502,411.29196,446.1138
5043,421.13376,410.68024,445.12436
5044,423.5564,414.64096,448.48425
5045,424.69086,416.6695,449.7931
5046,425.36642,417.88675,449.7962
5047,424.7336,417.1947,447.89728
5048,424.11774,416.17764,447.3145
5049,422.9782,414.12274,445.99393
5050,423.6403,415.5029,446.86035
5051,426.1791,419.6385,450.45474
5052,429.96698,425.78867,456.83273
5053,429.0799,424.5341,454.32083
5054,428.3553,423.65265,452.0407
5055,427.0313,420.73312,450.40085
5056,425.96017,419.00433,448.8082
5057,424.59933,415.89954,447.46512
5058,424.07028,414.94415,447.16907
5059,423.28772,413.77835,446.21735
5060,422.64316,413.14508,444.5431
5061,421.77332,412.1075,443.1613
5062,420.26636,408.14795,442.12494
5063,418.62207,401.69464,441.87164
5064,418.77292,402.33606,441.3058
5065,419.2286,403.4127,441.16235
5066,418.71133,403.01242,439.35257
5067,419.24545,404.34128,440.1033
5068,418.81638,404.1585,438.95407
5069,418.09366,403.53696,437.54007
5070,417.25403,402.6883,436.2719
5071,416.91028,402.56653,436.07346
5072,415.8897,401.1265,435.01147
5073,414.9777,400.08228,433.84302
5074,413.63602,397.20502,432.89423
5075,415.0983,398.96317,436.98132
5076,415.51917,399.67792,438.55316
5077,415.5505,400.16287,438.57013
5078,414.61456,398.9905,437.2493
5079,413.6689,397.79388,435.96423
5080,412.62695,396.20508,434.83572
5081,413.11487,397.405,435.26328
5082,412.3889,396.73682,433.85495
5083,411.54947,395.81143,432.65555
5084,413.9002,399.82797,437.41455
5085,415.4268,402.59738,439.99982
5086,414.49402,401.33298,438.681
5087,413.67984,400.30127,437.54324
5088,412.81424,399.1886,436.34937
5089,411.628,396.93893,435.2451
5090,411.3122,396.62247,435.2085
5091,415.97214,404.2242,443.4404
5092,415.6321,403.85306,441.70953
5093,414.8446,402.90164,440.23215
5094,414.63275,402.64484,439.12234
5095,416.65228,405.78836,442.71216
5096,417.46042,406.97626,444.2194
5097,418.10663,407.90408,445.2826
5098,417.79385,407.37738,444.22208
5099,416.97296,406.31866,442.72382
5100,416.13406,405.23828,441.29688
5101,415.39337,404.39227,439.83456
5102,414.10687,401.5469,438.74884
5103,413.41028,400.8207,437.27307
5104,412.4134,399.33295,436.07373
5105,411.62302,398.4532,434.74774
5106,410.68082,397.16696,433.5619
5107,410.05634,396.60306,432.15652
5108,410.41763,397.34662,431.90897
5109,410.1586,397.25253,430.622
5110,409.6049,396.81287,429.24664
5111,409.21124,396.64737,428.70297
5112,408.5951,396.14624,427.46005
5113,408.27225,396.11066,426.87592
5114,407.45493,395.2255,425.8443
5115,406.9483,394.8598,424.56082
5116,406.30655,394.34274,423.45392
5117,412.43765,404.10013,433.9897
5118,416.9846,411.19025,442.2559
5119,417.32275,411.74026,441.96292
5120,416.90524,411.18814,440.2298
5121,416.0989,410.14044,439.015
5122,418.48508,414.0131,442.70462
5123,417.93378,413.35703,441.21896
5124,420.68237,417.81348,445.78503
5125,425.67853,425.56238,454.00632
5126,427.63614,428.28577,457.03848
5127,426.7579,426.74268,454.4999
5128,426.5781,426.2041,453.4266
5129,426.39395,425.69482,452.54388
5130,425.78842,424.68427,451.273
5131,425.122,423.77728,449.3409
5132,424.8839,423.36746,448.2246
5133,429.88983,431.05658,457.26324
5134,429.5067,430.23477,455.37067
5135,429.55765,430.2236,454.13232
5136,428.51807,428.44235,452.0375
5137,427.57553,427.01025,450.1856
5138,426.8095,425.77652,448.9993
5139,426.5766,425.52975,447.4412
5140,426.3381,425.25092,446.32425
5141,426.6325,425.74615,446.73703
5142,427.11346,426.4353,447.47012
5143,431.06305,432.57538,454.64993
5144,430.66324,431.92493,452.83826
5145,430.03693,431.18356,450.56064
5146,429.35593,430.42377,448.64142
5147,437.21198,442.80023,462.2175
5148,438.84366,445.52365,461.95712
5149,438.11578,444.67264,456.9966
5150,437.26477,443.78082,453.49768
5151,436.57275,443.14716,450.67307
5152,435.80963,442.4406,448.4292
5153,435.1556,441.8989,446.46683
5154,434.6347,441.49823,444.65527
5155,433.88745,440.8335,443.21353
5156,433.45984,440.5164,441.77048
5157,438.56,448.67215,451.09756
5158,438.06778,448.24753,448.88925
5159,437.61725,447.87222,447.10315
5160,437.14066,447.61072,445.2786
5161,436.42532,447.03748,443.59677
5162,435.7966,446.58133,442.07715
5163,435.20312,446.16785,440.70132
5164,434.66876,445.81522,439.41867
5165,435.07593,446.85266,439.76733
5166,435.53787,447.92828,440.30188
5167,434.71918,447.11813,439.16733
5168,433.92676,446.35428,438.12662
5169,433.39618,446.0328,437.4677
5170,435.00583,448.86386,440.24628
5171,434.38303,448.3949,439.02698
5172,433.84042,448.01694,437.8711
5173,433.29486,447.63885,436.80896
5174,432.78287,447.2946,435.80295
5175,432.64542,447.5402,435.59152
5176,432.07147,447.12903,434.6977
5177,431.66434,446.86044,433.7502
5178,432.71555,448.83466,435.51648
5179,432.12115,448.3892,434.63083
5180,431.5523,447.97412,433.78708
5181,430.9785,447.55035,432.9925
5182,430.57776,447.28073,432.13556
5183,430.11682,446.97534,431.36182
5184,433.46277,452.46902,437.53506
5185,433.70734,453.1794,437.62927
5186,433.23828,452.8244,436.48892
5187,432.76526,452.474,435.44397
5188,432.3385,452.16052,434.44427
5189,431.9425,451.88162,433.51657
5190,436.1317,458.70795,441.18253
5191,435.90155,458.77112,440.2463
5192,435.21677,458.163,438.83942
5193,434.69736,457.75616,437.52222
5194,434.09244,457.2618,436.3826
5195,433.58328,456.87344,435.30408
5196,433.1239,456.52917,434.28708
5197,432.69888,456.21667,433.33478
5198,432.40643,455.93906,432.6866
5199,432.0199,455.66248,431.84097
5200,437.21436,464.0445,441.45404
5201,436.5649,463.4937,439.68008
5202,435.8925,462.9074,438.1741
5203,435.40457,462.51987,436.7768
5204,435.39566,462.87796,436.40952
5205,435.15146,462.8403,435.6468
5206,437.02686,465.82913,438.74506
5207,436.4355,465.3637,437.22733
5208,435.89273,464.949,435.88174
5209,438.85297,469.91357,441.05557
5210,440.0592,471.7735,442.1036
5211,439.52463,471.33774,439.8931
5212,438.88394,470.8777,437.95764
5213,438.31055,470.48,436.30124
5214,438.199,470.78143,435.6751
5215,437.6463,470.40564,434.30197
5216,437.14273,470.07047,433.07077
5217,436.6938,469.81635,432.0558
5218,439.08432,473.968,436.45413
5219,438.29855,473.26605,434.92676
5220,437.72897,472.87396,433.55667
5221,444.06595,482.83636,444.84476
5222,443.01108,482.10895,441.16507
5223,442.1757,481.5855,438.30814
5224,441.31738,480.95258,436.05518
5225,440.508,480.33575,434.2105
5226,439.78854,479.82767,432.6482
5227,439.1368,479.39072,431.29266
5228,438.51974,478.9809,430.09918
5229,437.8127,478.39978,429.05963
5230,437.31537,478.12283,428.1903
5231,437.11227,478.2875,427.91815
5232,436.6913,477.98868,427.03128
5233,443.04877,488.26678,438.9344
5234,442.60855,488.38766,436.81985
5235,442.00787,487.95306,434.36826
5236,441.53574,487.56784,432.4153
5237,441.11313,487.21417,430.77075
5238,451.79514,504.3727,450.39484
5239,449.08826,503.08472,444.19354
5240,447.22372,502.22736,438.91647
5241,445.86554,501.58795,434.90564
5242,444.6767,500.87494,431.80365
5243,443.41516,499.4125,429.39877
5244,442.4392,498.64053,427.4965
5245,441.1331,495.295,426.10458
5246,440.11823,493.86948,424.88336
5247,440.97122,495.76755,426.74487
5248,442.24384,498.2109,428.77557
5249,441.32654,497.46283,427.05426
5250,441.6707,498.67175,427.599
5251,441.12512,498.40933,426.17706
5252,440.25623,497.49802,424.9478
5253,439.59875,497.07968,423.9078
5254,438.70413,496.00024,422.85446
5255,438.0017,495.42767,421.92407
5256,442.37805,502.45355,429.93005
5257,441.1324,500.62076,427.811
5258,439.9644,498.71405,426.1389
5259,439.99896,499.363,426.28345
5260,439.26694,498.852,424.87228
5261,438.37933,497.84924,423.65958
5262,437.72638,497.37155,422.59518
5263,437.43158,497.4125,422.33423
5264,440.2019,502.13486,427.93176
5265,447.01447,513.33057,440.42157
5266,451.60565,522.29895,446.96896
5267,447.48358,520.38654,440.13715
5268,444.64,517.6307,434.4918
5269,442.75522,515.92163,430.23416
5270,441.30606,514.55286,427.0574
5271,440.42343,514.0816,424.97574
5272,439.6134,513.42267,423.47675
5273,441.09094,516.35724,426.22757
5274,439.67722,514.0577,423.83298
5275,439.8576,515.04456,424.03845
5276,438.39948,511.5672,422.12674
5277,437.4194,510.34903,420.68414
5278,441.58792,517.3001,428.65762
5279,446.80618,526.1285,437.17108
5280,443.6893,522.364,431.69305
5281,441.9126,521.03845,427.65802
5282,439.9887,517.1964,424.63263
5283,437.87167,512.1298,422.49896
5284,436.3153,507.90265,421.01172
5285,434.80096,503.46,419.9085
5286,433.22534,498.61066,419.10327
5287,432.36786,495.84192,418.8727
5288,431.77884,495.16248,418.39383
5289,431.76526,495.37012,418.98846
5290,431.01608,494.17184,418.44266
5291,431.61917,495.37024,419.94284
5292,431.01025,494.6616,419.2982
5293,439.32922,507.77496,435.24542
5294,436.55298,501.3392,431.84576
5295,434.62906,495.91882,429.64343
5296,436.3858,498.10605,433.34952
5297,442.04343,507.22675,443.20322
5298,441.40717,507.43576,440.18448
5299,439.66302,505.30856,435.65823
5300,436.96527,498.97113,432.36374
5301,434.3567,492.2978,430.23505
5302,431.72607,485.29227,428.8426
5303,430.89114,483.87802,427.83398
5304,430.68115,483.67868,427.79913
5305,428.98688,477.96808,426.98438
5306,427.28827,472.1061,426.36624
5307,425.78656,466.54645,425.87216
5308,425.13913,465.64664,425.3779
5309,424.29108,463.95978,424.93967
5310,423.47156,462.3958,424.52344
5311,422.44574,459.60373,424.15143
5312,423.1483,460.84683,425.8284
5313,421.90805,456.40067,425.44824
5314,420.26022,450.16104,425.12363
5315,418.98502,445.6899,424.7905
5316,418.36774,444.9024,424.3495
5317,417.7522,444.1136,423.91476
5318,417.00702,442.94012,423.51944
5319,416.2507,441.7197,423.1298
5320,415.58038,440.77322,422.7212
5321,417.8229,444.37564,427.64844
5322,416.92844,442.46548,427.21115
5323,415.62448,437.78284,426.83936
5324,415.37085,437.3568,427.22733
5325,414.75946,436.4851,426.69247
5326,413.931,434.92587,426.23077
5327,413.47128,434.30386,425.62845
5328,412.15692,429.66812,425.25995
5329,411.6149,428.96893,424.67316
5330,417.9187,438.77966,436.35098
5331,431.3445,459.32697,461.03625
5332,430.4626,456.7631,455.88446
5333,428.61646,449.4769,453.30637
5334,427.7492,446.87744,451.23776
5335,426.6899,442.04373,450.0966
5336,427.74008,443.46115,451.24155
5337,426.9939,442.07394,449.09576
5338,425.4955,436.91617,447.5403
5339,423.8357,430.6738,446.2978
5340,422.4748,426.7503,445.16232
5341,421.61237,425.35028,443.9239
5342,420.613,423.4736,442.82108
5343,419.36523,420.3525,441.8562
5344,418.5296,419.0977,440.73886
5345,417.3415,416.36942,439.81232
5346,416.52026,415.1917,438.72552
5347,415.34494,412.57272,437.8263
5348,414.13025,409.77084,436.93634
5349,413.20688,408.33054,435.90875
5350,412.0989,406.12958,434.97736
5351,411.4544,404.6435,434.91675
5352,409.64755,398.11493,434.15897
5353,408.72202,396.78757,432.98645
5354,407.6469,394.8986,431.9097
5355,406.17923,390.87872,430.98422
5356,405.07397,388.93042,429.8566
5357,405.92264,390.57056,430.67255
5358,406.3293,391.4312,430.33435
5359,405.13608,389.07077,429.2832
5360,404.07822,387.3505,428.1485
5361,402.6846,383.9215,427.15985
5362,400.93518,378.35162,426.24054
5363,399.31317,373.7668,425.19025
5364,398.28296,372.33835,423.77814
5365,397.0074,369.84793,422.52542
5366,395.53534,366.31754,421.3423
5367,393.94107,362.1447,420.1589
5368,392.73102,360.10455,418.72223
5369,392.11572,359.70847,416.72772
5370,391.0275,357.8355,415.61588
5371,389.80182,355.74057,414.25485
5372,388.38202,352.6798,412.98685
5373,388.34625,353.20914,412.0235
5374,386.63443,348.51428,410.8866
5375,385.17664,345.36484,409.56534
5376,384.2699,344.5155,407.84738
5377,383.41672,343.6831,406.43243
5378,382.42834,342.59485,404.88336
5379,381.7601,342.20782,403.35306
5380,381.32922,342.12717,401.54767
5381,389.2843,354.80237,414.51077
5382,388.83557,354.5738,412.2623
5383,388.89224,355.04147,410.66843
5384,387.6813,353.02118,409.41962
5385,386.60538,351.57138,408.08887
5386,385.871,350.21826,407.78955
5387,384.80054,348.78995,406.4434
5388,383.5551,346.55508,405.24976
5389,382.27963,344.24307,404.01675
5390,382.39966,345.0259,403.38773
5391,387.3211,353.00684,410.78098
5392,386.42624,352.11823,409.265
5393,385.16293,349.8144,408.02286
5394,384.25452,348.89572,406.54355
5395,383.42075,348.16763,405.0413
5396,383.03314,347.9145,404.83487
5397,382.7688,348.01572,404.5628
5398,381.7164,346.43036,403.4448
5399,380.20807,342.74832,402.37735
5400,379.0859,341.05426,401.10556
5401,377.81778,338.72668,399.88715
5402,385.3814,350.8699,412.43652
5403,386.66714,353.2141,413.00174
5404,386.14493,352.90744,410.9205
5405,385.4803,352.45712,409.1666
5406,384.5246,351.3037,407.82672
5407,383.48157,349.66125,406.72742
5408,382.75766,348.79352,405.93777
5409,382.55115,349.0681,405.19266
5410,382.67703,349.84616,405.27704
5411,381.7545,348.82047,403.9395
5412,380.51852,346.51315,402.80624
5413,379.73358,345.8567,401.36615
5414,378.8199,344.57834,400.42633
5415,377.54422,342.0633,399.33185
5416,379.37762,345.45206,401.95255
5417,378.87357,345.2178,400.26572
5418,378.95654,345.9419,400.1948
5419,380.08072,348.0448,400.87485
5420,380.32892,348.82254,400.0914
5421,384.37134,355.504,406.5331
5422,385.27747,357.3146,407.12332
5423,390.2928,365.4504,415.2729
5424,389.46646,364.57346,413.9061
5425,388.51758,363.33212,412.65964
5426,387.86105,362.8158,411.18488
5427,391.7782,369.13745,416.99646
5428,401.23776,383.83716,434.2592
5429,402.13705,385.05014,435.43063
5430,403.27243,386.68713,436.50528
5431,408.54602,394.66068,445.74182
5432,408.34653,394.1487,443.96524
5433,407.52722,392.66364,442.38242
5434,408.35703,393.95264,443.37918
5435,408.68732,394.43054,442.90225
5436,415.33487,404.45834,454.60135
5437,414.925,403.29474,452.0493
5438,415.93985,404.47754,452.50098
5439,431.63147,428.2491,481.2678
5440,430.5562,424.30154,472.46027
5441,429.62427,421.17383,467.73047
5442,428.15677,417.23584,463.63474
5443,427.3295,415.84967,460.0374
5444,426.57632,414.75415,457.0362
5445,425.74777,413.63303,454.536
5446,425.28003,412.49338,454.00726
5447,423.94656,409.64764,452.1978
5448,423.4772,406.96375,452.8
5449,422.10037,403.82416,451.165
5450,420.83145,401.392,449.45966
5451,419.45398,398.46338,447.87302
5452,418.518,396.64728,446.85236
5453,417.31024,394.61942,445.16995
5454,416.07996,392.51657,443.54053
5455,414.77637,390.10388,441.9818
5456,414.33194,389.6743,441.36862
5457,414.14877,389.55743,440.29013
5458,415.058,391.33194,440.43857
5459,414.7781,391.04254,439.52884
5460,413.45,388.54007,438.13657
5461,412.4412,387.32874,436.53647
5462,412.128,387.073,435.15445
5463,412.28662,387.57764,434.56168
5464,412.92026,388.7494,435.37616
5465,412.4837,388.54703,433.50504
5466,411.59302,387.68478,432.03763
5467,410.4892,386.16226,430.75473
5468,409.561,385.20624,429.3706
5469,408.68292,384.37784,427.9822
5470,409.14865,385.21948,429.74625
5471,408.5452,384.84213,428.06577
5472,407.9532,384.49646,426.50034
5473,407.51013,384.26523,424.71228
5474,407.35587,384.2473,424.11908
5475,407.4515,384.7372,423.1751
5476,407.8437,385.5577,423.7639
5477,407.51764,385.3937,422.09366
5478,406.64316,384.57446,420.99274
5479,405.7437,383.68326,419.92642
5480,405.0968,383.29947,418.69138
5481,404.78552,383.1599,417.06357
5482,404.49585,383.13687,415.71692
5483,410.80676,393.18448,426.9583
5484,416.68378,402.48883,437.70868
5485,417.36823,403.78226,438.1303
5486,416.8494,403.37897,436.5204
5487,416.20142,402.85687,435.1366
5488,415.45712,402.18835,433.8882
5489,414.78647,401.64935,432.61353
5490,414.13312,401.14227,431.3632
5491,413.63898,400.81424,429.97708
5492,413.34113,400.5905,428.91394
5493,412.9354,400.33963,427.48962
5494,412.38177,399.99237,426.31158
5495,411.8735,399.69293,425.12128
5496,411.41528,399.43777,423.90924
5497,411.2226,399.37314,423.32114
5498,410.9462,399.2046,422.4081
5499,410.49908,398.97348,421.27148
5500,409.9481,398.65955,420.2767
5501,409.4418,398.39114,419.26617
5502,408.86087,398.04642,418.34665
5503,408.26938,397.68832,417.45572
5504,408.21494,397.84958,417.1434
5505,407.81445,397.6622,416.10226
5506,407.23825,397.32663,415.25613
5507,406.88522,397.16855,414.20648
5508,416.92267,412.92398,432.96725
5509,416.37866,412.496,432.00003
5510,415.80264,412.02,430.9611
5511,415.21964,411.54153,429.95593
5512,414.6322,411.0626,428.9798
5513,414.10226,410.65625,427.97876
5514,413.71466,410.45074,427.14536
5515,413.2875,410.20032,426.31097
5516,412.84344,409.88586,425.2975
5517,412.45673,409.6146,424.243
5518,412.84167,410.46896,424.4228
5519,412.55392,410.24432,423.53598
5520,412.13126,409.96844,422.5895
5521,411.8076,409.74783,421.5394
5522,411.53616,409.5516,420.7998
5523,411.05795,409.25266,419.9729
5524,410.6003,408.97388,419.14575
5525,411.44693,410.4805,420.76703
5526,411.31738,410.5064,420.25854
5527,411.08035,410.32535,419.90097
5528,410.6407,410.05396,419.07977
5529,410.28824,409.83823,418.18445
5530,409.9499,409.63443,417.29315
5531,413.17874,414.8411,423.28723
5532,413.841,416.0331,424.5783
5533,413.58582,415.7945,424.1628
5534,413.2449,415.53214,423.21216
5535,412.855,415.25446,422.34436
5536,412.59366,415.0334,421.81223
5537,412.7644,415.49088,422.02792
5538,412.27487,415.1626,421.40878
5539,411.84912,414.869,420.62085
5540,411.3892,414.55173,419.87738
5541,411.01755,414.29965,419.06757
5542,410.66357,414.06195,418.25598
5543,410.32956,413.8388,417.43903
5544,409.91245,413.57382,416.72208
5545,409.65305,413.42673,415.9479
5546,409.7162,413.60153,416.20108
5547,411.13223,415.97986,418.92862
5548,410.99286,415.99945,418.36853
5549,415.088,422.5597,425.704
5550,414.8718,422.503,425.24457
5551,414.49847,422.1797,424.42435
5552,414.1726,421.88733,423.56818
5553,415.8814,424.58002,426.89752
5554,417.0443,426.16092,429.07153
5555,417.09467,426.48004,429.09906
5556,416.72238,426.10342,428.22308
5557,416.38007,425.75342,427.33505
5558,416.0136,425.40366,426.49728
5559,420.96902,433.17694,435.8885
5560,420.531,432.63922,434.90915
5561,420.22568,432.1898,434.27426
5562,419.8261,431.70895,433.31607
5563,419.6966,431.5423,433.13055
5564,419.451,431.20294,432.68762
5565,419.12146,430.7843,431.75824
5566,418.83087,430.4052,431.17023
5567,418.77887,430.3806,431.19846
5568,420.78067,433.54364,434.96213
5569,420.58246,433.23868,434.67688
5570,426.269,442.05698,445.25925
5571,425.89597,441.32718,444.0192
5572,425.55414,440.65823,443.1227
5573,425.06702,439.9366,441.7619
5574,424.63977,439.29935,440.45218
5575,424.3054,438.7453,439.64978
5576,423.98328,438.21677,438.97366
5577,428.22766,444.58075,446.76617
5578,428.05902,444.23846,445.48947
5579,427.5071,443.44916,443.9003
5580,427.03714,442.7781,442.4127
5581,426.60416,442.17395,441.02902
5582,426.1571,441.59647,439.7746
5583,429.08218,446.16406,445.02005
5584,429.28848,446.24225,444.84976
5585,428.9076,445.63754,443.66714
5586,428.47403,445.04202,442.12054
5587,428.01608,444.47137,440.75348
5588,427.48517,443.86542,439.5638
5589,428.4937,445.57214,441.0081
5590,427.95163,444.95392,439.7941
5591,427.4492,444.394,438.6509
5592,427.04166,443.9227,437.51096
5593,426.6127,443.45856,436.46588
5594,435.47607,456.9594,452.7855
5595,435.9643,457.65952,451.74478
5596,437.37897,459.6031,452.39896
5597,436.9645,459.2029,449.29086
5598,436.65778,458.9605,447.19833
5599,436.01205,458.3205,444.77448
5600,435.37637,457.71796,442.78375
5601,434.8015,457.19708,441.0679
5602,434.2528,456.71634,439.5671
5603,436.4071,460.19055,443.14468
5604,435.83636,459.6882,441.26633
5605,435.22522,459.15927,439.68506
5606,434.58435,458.59396,438.31967
5607,434.92422,459.37497,438.61032
5608,435.43918,460.47458,439.2114
5609,434.96945,460.0841,437.76395
5610,434.4798,459.6943,436.49316
5611,433.86905,459.18143,435.40723
5612,433.17407,458.51437,434.44888
5613,432.54672,457.9625,433.55096
5614,431.97818,457.493,432.69986
5615,431.53134,457.14728,431.85074
5616,431.09344,456.81165,431.04916
5617,430.55627,456.38046,430.33905
5618,437.49005,467.40115,443.21143
5619,441.31516,473.70856,449.22366
5620,450.23355,488.03705,463.46637
5621,459.73813,505.5767,478.5068
5622,472.76163,537.3884,511.17145
5623,462.76727,529.1889,513.9578
5624,446.24307,484.86954,504.3699
5625,443.47116,469.8844,509.4333
5626,434.14548,438.56485,498.30676
5627,431.6941,424.77222,486.6359
5628,431.96185,421.71252,480.90082
5629,432.2855,420.6537,475.09692
5630,431.99432,419.31528,470.64478
5631,431.25516,417.94913,464.9922
5632,430.71738,417.07794,461.3733
5633,430.2694,416.40836,458.80838
5634,430.58105,416.95105,458.15268
5635,433.33237,421.26788,462.27515
5636,432.88672,420.79263,458.84418
5637,433.58673,421.75555,459.84805
5638,432.52487,420.33154,456.96375
5639,431.7302,419.54578,454.337
5640,431.3399,419.14896,452.72797
5641,431.08087,419.13034,450.78445
5642,431.05673,419.48657,449.41446
5643,429.93234,417.89505,447.87378
5644,428.8879,416.5757,446.40384
5645,432.57547,422.61798,452.45883
5646,444.77914,441.70898,474.6691
5647,443.297,440.02805,466.97934
5648,442.3355,439.21106,461.07047
5649,443.7378,441.83652,461.11618
5650,442.68234,440.9147,456.73386
5651,441.43735,439.28928,453.56375
5652,440.2043,437.5699,451.1021
5653,439.15356,436.42188,449.03653
5654,438.3308,435.79883,447.17105
5655,436.97263,433.22488,445.7411
5656,441.68353,440.98273,453.68597
5657,453.69913,460.07587,474.49838
5658,459.44873,471.12628,481.04233
5659,470.95956,494.39267,501.7575
5660,459.8095,495.7072,497.27277
5661,447.34055,487.42114,488.4477
5662,438.91455,473.97488,479.42523
5663,437.21396,468.92075,473.09372
5664,434.60095,460.912,465.19763
5665,432.74606,454.758,459.0749
5666,432.8025,454.2945,455.80392
5667,431.2515,449.34335,452.3899
5668,430.60562,448.2601,449.6578
5669,435.362,455.58005,457.93774
5670,434.30737,453.7702,453.69122
5671,435.93106,456.3511,455.0168
5672,435.33234,455.5597,451.77625
5673,433.86496,451.5864,449.01474
5674,432.62463,448.84796,446.93875
5675,432.00113,448.1359,445.04663
5676,430.41632,442.85333,443.69653
5677,428.71085,436.71298,442.62018
5678,427.33347,433.04166,441.6501
5679,425.89114,428.97043,440.77267
5680,424.29642,423.91397,439.9735
5681,423.3401,422.54715,439.01227
5682,422.6729,421.91733,437.92532
5683,421.96402,421.2181,436.90753
5684,421.27585,420.55936,435.9106
5685,420.69434,420.0652,434.8681
5686,422.40552,423.13388,438.22925
5687,421.56732,421.89435,437.55344
5688,419.96628,416.75928,436.85513
5689,419.18826,415.90607,435.85193
5690,418.63925,415.4369,434.70267
5691,418.74918,415.85303,434.26755
5692,418.52264,415.85147,433.5564
5693,417.43832,413.93622,432.78818
5694,416.3065,411.796,432.0329
5695,415.17975,409.68985,431.268
5696,414.4371,408.94415,430.3209
5697,413.70474,408.22052,429.38498
5698,417.06488,413.726,435.1373
5699,416.19366,412.57623,434.2058
5700,415.308,411.38083,433.29504
5701,414.51926,410.46246,432.34372
5702,413.4819,408.68887,431.52396
5703,412.3844,406.64392,430.72284
5704,411.9441,406.3276,429.75708
5705,414.43445,410.34778,435.193
5706,412.71722,404.3692,434.48196
5707,411.7726,402.98407,433.44366
5708,411.26923,402.514,432.04953
5709,409.88315,398.69653,431.33878
5710,409.43735,398.3767,430.14905
5711,411.9215,402.57538,434.29855
5712,411.29843,401.96112,432.9925
5713,410.92215,401.61356,431.50366
5714,410.57852,401.2705,429.91187
5715,411.241,402.59702,430.52747
5716,411.10632,402.572,429.50934
5717,410.60474,399.52762,430.76904
5718,409.1513,395.6553,429.94992
5719,407.60693,391.29605,429.11108
5720,406.195,387.86612,428.17307
5721,404.858,384.92734,427.16565
5722,403.50333,381.93103,426.1329
5723,402.36752,380.06537,424.96756
5724,401.31674,378.5543,423.75226
5725,400.09775,376.31387,422.63052
5726,399.47034,375.31955,422.3447
5727,398.42242,373.8322,421.1041
5728,398.68036,374.60776,420.40115
5729,397.94342,374.00134,418.99103
5730,401.90002,380.66312,425.97488
5731,402.47485,381.8509,425.76395
5732,403.24686,383.34155,425.94168
5733,403.48907,384.0248,425.21747
5734,408.26404,391.81415,433.28842
5735,408.3708,392.27756,432.52817
5736,409.98053,394.96744,434.3378
5737,410.8155,396.3696,435.21576
5738,414.06262,401.42975,441.10544
5739,416.39755,404.99292,445.26175
5740,423.24936,415.45792,457.8833
5741,434.35083,432.1724,477.66965
5742,432.83478,428.01974,470.10544
5743,430.62573,420.1266,465.23627
5744,429.19952,416.75983,461.68427
5745,431.1719,419.8799,463.93628
5746,436.7401,428.4247,471.9312
5747,446.77295,443.75882,486.53598
5748,443.49527,436.0721,477.24634
5749,441.07333,429.32477,469.71567
5750,439.832,425.0856,465.9395
5751,438.16998,421.58096,461.8238
5752,438.31244,421.36133,461.75766
5753,436.7651,418.31403,458.71793
5754,439.4557,423.11627,462.39856
5755,437.97144,420.48892,459.08932
5756,435.8353,414.01028,456.71954
5757,434.6178,412.44632,454.40497
5758,438.05307,418.39932,459.4658
5759,438.75955,420.0281,458.6629
5760,438.1437,419.66397,455.36002
5761,437.7404,419.64716,452.94797
5762,446.58725,433.73663,468.76904
5763,450.94354,441.2614,472.4375
5764,449.65918,440.0909,466.1419
5765,449.0543,440.18787,461.65915
5766,447.964,439.01797,457.91968
5767,447.18524,438.4955,455.31534
5768,446.2564,437.94626,452.2783
5769,444.4216,433.41345,450.1215
5770,442.94003,430.7943,448.35376
5771,443.97525,432.43375,451.2431
5772,443.96555,431.43063,452.47232
5773,443.57452,431.4635,451.66312
5774,444.24722,433.1966,452.80972
5775,443.51627,432.3434,451.6902
5776,441.88525,428.8944,449.8097
5777,441.7011,427.00937,451.21735
5778,441.12204,426.4177,450.66586
5779,439.7257,424.1507,448.98044
5780,438.55402,421.50488,448.31372
5781,437.09924,418.67822,447.04767
5782,436.3235,418.22397,445.63583
5783,434.86078,414.94467,444.74866
5784,433.40894,412.307,443.5671
5785,436.75143,417.90457,450.6601
5786,435.98468,417.1079,449.72552
5787,434.37302,413.55637,448.32767
5788,433.15115,411.69055,447.05515
5789,432.9134,411.79077,445.7743
5790,434.68704,415.26187,448.7878
5791,433.84134,414.66437,447.02655
5792,432.44815,411.24185,446.28308
5793,431.68695,410.40363,445.6404
5794,430.52823,408.965,444.25296
5795,433.56763,414.07834,450.6511
5796,432.77032,413.52356,448.6812
5797,432.5709,413.82727,447.4073
5798,432.0107,413.5468,445.43625
5799,430.9241,412.30692,444.06546
5800,429.729,410.66403,442.81198
5801,428.04498,406.51025,441.7721
5802,427.92438,406.70612,442.35852
5803,427.3099,406.39392,440.65448
5804,426.7564,405.95676,440.41028
5805,425.7168,404.83188,439.15234
5806,429.2362,410.95746,445.8274
5807,428.57004,410.54727,444.07532
5808,427.99768,410.23672,442.3182
5809,427.20544,409.66074,440.89316
5810,426.62036,409.39578,439.57468
5811,425.93707,408.99234,438.274
5812,425.16876,408.392,437.3335
5813,424.58658,408.11612,436.0483
5814,423.81308,407.55936,434.92435
5815,427.0806,413.21884,440.75702
5816,426.73657,413.25662,439.74976
5817,426.12808,412.8999,438.96948
5818,424.99945,411.20798,438.02197
5819,424.00644,410.0217,437.02588
5820,423.87106,410.3887,437.17096
5821,422.9964,409.56143,436.069
5822,423.45172,410.78275,436.4929
5823,424.30545,412.5624,437.47757
5824,425.14105,414.15036,438.74734
5825,424.7986,413.9372,437.6514
5826,428.38467,419.87756,443.55
5827,428.54825,420.5543,443.12997
5828,427.6988,419.72925,441.89014
5829,426.4609,417.48572,440.88324
5830,425.16162,414.93005,439.92188
5831,424.15585,413.65576,438.85696
5832,423.19223,412.51196,437.79877
5833,422.20187,411.27423,436.7792
5834,421.97003,411.40036,435.9771
5835,421.37344,411.00876,434.74896
5836,420.40723,409.8349,433.80676
5837,419.5114,408.86972,432.84348
5838,418.37875,407.0326,431.99786
5839,417.45648,405.98303,431.05948
5840,416.47385,404.7302,430.16107
5841,415.92587,404.39578,428.9761
5842,414.80942,402.59875,428.16565
5843,414.79947,403.1328,428.2108
5844,415.42267,404.46027,428.68994
5845,418.7258,409.8108,434.60953
5846,418.126,409.36462,433.42398
5847,417.2097,408.25626,432.4846
5848,416.355,407.32373,431.5256
5849,415.63995,406.70734,430.49683
5850,415.38556,406.62302,429.30545
5851,415.2521,406.7681,428.48227
5852,414.47638,406.0392,427.57996
5853,413.6336,405.13702,426.72757
5854,412.84967,404.38153,425.8539
5855,411.96713,403.35165,425.0414
5856,411.51797,403.07864,423.91785
5857,410.53006,401.67276,423.17792
5858,409.71042,400.8179,422.36227
5859,409.01425,400.24292,421.4862
5860,408.3165,399.66272,420.62582
5861,407.6647,399.16388,419.75027
5862,407.1258,398.8208,418.80627
5863,406.53662,398.41803,417.92358
5864,406.0327,398.1149,416.98956
5865,405.51297,397.79865,416.0912
5866,404.98206,397.47223,415.22183
5867,404.4776,397.17508,414.3491
5868,404.04233,396.93878,413.43118
5869,403.40964,396.47397,412.6862
5870,402.83966,396.103,411.9131
5871,402.56015,395.9446,410.83615
5872,402.5741,396.3343,410.5823
5873,402.13632,396.10718,409.75702
5874,401.7792,395.93146,408.86465
5875,401.43085,395.76373,407.98334
5876,401.02322,395.56714,407.18707
5877,410.7544,410.84457,425.18567
5878,412.95444,414.1902,429.38626
5879,412.81628,414.0163,429.2625
5880,412.50757,413.66116,428.1874
5881,411.8546,412.98514,427.36163
5882,411.28156,412.4425,426.49557
5883,410.81543,412.0264,425.55637
5884,410.5321,411.71945,424.67834
5885,410.2166,411.43732,423.66022
5886,411.56155,413.7501,425.793
5887,439.46848,457.02563,477.8301
5888,438.78595,454.7488,471.53094
5889,443.57135,461.68927,475.6218
5890,441.5028,458.75214,467.6809
5891,440.2964,457.25082,460.53522
5892,439.516,456.33694,455.60367
5893,438.7398,455.56665,451.5724
5894,437.9218,454.7701,448.54196
5895,437.31082,454.24246,446.0303
5896,448.76093,472.3462,466.18918
5897,447.46875,472.1157,459.78024
5898,445.92548,471.06174,453.55664
5899,444.7077,470.17215,448.7927
5900,443.81598,469.63245,445.16028
5901,443.12262,469.25278,442.29105
5902,442.43845,468.8744,440.0051
5903,441.62607,468.28577,438.16516
5904,440.94107,467.86783,436.57645
5905,440.33936,467.5323,435.17297
5906,439.75034,467.20166,433.93198
5907,439.18112,466.88934,432.8397
5908,438.62103,466.57437,431.82626
5909,440.38736,469.5403,434.86002
5910,441.47058,471.31223,436.27145
5911,440.76385,470.85635,434.80698
5912,442.8533,474.67957,438.4956
5913,455.03348,494.196,460.40775
5914,452.66965,494.3087,454.123
5915,457.58557,504.58844,460.62097
5916,463.355,519.46,471.86377
5917,452.97556,517.64124,464.25455
5918,453.4251,526.25275,469.53973
5919,447.14365,526.88434,467.35312
5920,441.50055,524.0975,464.33597
5921,448.67697,536.3255,481.85846
5922,435.58694,513.6906,473.21094
5923,428.71375,491.47375,464.82898
5924,426.5919,479.89468,457.24866
5925,425.54694,474.12207,451.53836
5926,424.8645,470.657,447.82516
5927,424.06656,467.70007,444.99936
5928,423.50974,465.5853,442.7826
5929,422.97034,463.77173,441.0027
5930,422.45953,462.17816,439.5054
5931,424.06525,463.9253,441.94318
5932,423.56198,462.4059,440.30322
5933,423.0564,461.02283,438.90964
5934,422.53262,459.71585,437.70294
5935,425.2408,463.38776,442.476
5936,424.7956,462.054,440.74265
5937,424.2842,460.79617,439.29416
5938,423.75726,459.6061,438.04123
5939,424.11908,459.81158,438.35962
5940,446.80862,494.424,480.21326
5941,440.9559,488.59125,472.3802
5942,437.5571,483.1753,464.14166
5943,435.62448,479.45193,456.77017
5944,436.73874,480.58444,455.16095
5945,435.5803,478.64044,449.54037
5946,434.74173,477.28787,445.3467
5947,434.02194,476.21347,442.20514
5948,433.3447,475.27032,439.76865
5949,434.42752,477.06845,440.91528
5950,436.3592,480.23724,443.55447
5951,435.54068,479.23093,440.5561
5952,434.78525,478.3237,438.21075
5953,449.42035,501.0152,464.42484
5954,447.8398,502.47974,460.944
5955,444.5393,500.62717,453.55814
5956,442.25876,499.0282,446.85947
5957,440.76886,497.85873,441.52335
5958,440.89578,498.42828,439.30048
5959,439.83487,497.59677,435.65952
5960,438.9307,496.8656,432.86072
5961,446.1717,508.6554,445.6099
5962,444.95483,508.65234,440.98193
5963,442.84662,505.93216,436.09357
5964,441.38544,504.40762,432.50955
5965,439.97504,502.02606,429.82016
5966,438.84738,500.4889,427.78815
5967,437.78708,498.90292,426.16684
5968,436.89148,497.8094,424.83365
5969,436.17294,497.1401,423.6866
5970,435.56442,496.63382,422.66888
5971,435.54535,497.01324,422.89948
5972,434.5796,495.19366,421.9957
5973,433.7677,494.02228,421.21286
5974,433.46118,493.9007,420.9658
5975,432.7077,492.867,420.2881
5976,431.91452,491.6124,419.6806
5977,431.0958,490.1754,419.13525
5978,430.23447,488.4478,418.64627
5979,429.23438,485.71887,418.21396
5980,428.76447,485.2517,417.78485
5981,428.8352,485.608,418.32483
5982,428.4035,485.1729,417.8878
5983,427.8923,484.59558,417.57718
5984,428.99963,486.5329,420.05606
5985,427.9951,483.70227,419.6005
5986,428.86624,485.06992,422.06772
5987,434.04318,493.26236,432.0005
5988,433.8661,493.21036,431.21082
5989,434.72318,494.72717,432.58878
5990,433.58463,492.27994,430.69025
5991,432.8635,491.36612,429.16577
5992,433.6334,492.63858,430.77774
5993,432.68494,490.9632,429.2526
5994,432.271,490.50977,428.24466
5995,432.50644,491.05896,428.5385
5996,433.39832,492.41898,429.72205
5997,432.8558,491.72485,428.28857
5998,432.70206,491.70453,427.86
5999,431.63312,489.05725,426.73172
6000,430.70566,487.13986,425.7989
6001,430.1309,486.42865,424.95935
6002,429.68976,485.91995,424.3681
6003,429.8794,486.37875,425.04367
6004,429.44498,485.85992,424.39252
6005,428.9344,485.2232,423.6761
6006,427.6905,480.5408,423.09946
6007,426.93527,479.20682,422.58426
6008,428.91476,482.41077,426.5967
6009,428.27295,481.4748,425.8393
6010,427.1549,477.85773,425.19824
6011,426.21902,475.54828,424.64514
6012,425.213,472.71936,424.1575
6013,424.48282,471.42993,423.69482
6014,424.0304,470.8245,423.2087
6015,423.0522,468.01492,422.85956
6016,422.5759,467.37973,422.42917
6017,421.44092,463.43503,422.1005
6018,420.43878,460.5924,421.78616
6019,420.83295,459.56653,424.20636
6020,420.1329,458.37277,423.8162
6021,418.9593,454.26178,423.49536
6022,417.98465,451.71667,423.16696
6023,417.17688,450.11688,422.821
6024,417.75424,451.11307,424.4012
6025,432.71677,474.2339,452.28262
6026,430.9803,467.82147,448.13702
6027,429.5948,463.29303,445.38898
6028,428.5784,460.93332,443.3614
6029,427.94818,459.79462,441.62463
6030,428.57605,460.5728,442.07266
6031,432.0928,465.90857,448.0089
6032,431.43695,464.72308,445.16943
6033,429.82867,458.78635,443.1468
6034,428.78427,456.46936,441.61847
6035,428.5115,456.07956,440.93735
6036,431.34195,460.51242,446.0349
6037,438.6364,471.7768,458.56744
6038,436.23306,464.90662,453.06702
6039,434.28473,458.60782,449.4046
6040,432.5685,452.62894,446.96362
6041,431.05457,447.79883,445.21643
6042,430.56815,447.23444,443.61658
6043,429.79688,446.23267,442.28143
6044,428.30563,441.41464,441.235
6045,426.6352,435.32016,440.36298
6046,424.5642,428.29065,439.63748
6047,423.22662,424.87317,438.83917
6048,422.96237,424.82224,438.6261
6049,423.988,426.6225,439.9426
6050,423.7278,426.47174,438.9999
6051,422.93997,425.54538,438.03378
6052,437.95242,448.9879,466.66916
6053,443.1988,457.06967,471.82983
6054,441.2581,454.02112,464.26874
6055,439.71896,450.74545,458.90054
6056,439.43427,450.71915,455.93015
6057,437.36462,444.38736,452.61258
6058,436.51697,443.5283,450.0316
6059,434.66846,437.39996,448.19675
6060,432.85483,431.44525,446.78384
6061,430.87225,424.83167,445.6373
6062,429.18555,419.9744,444.5637
6063,426.81946,412.5403,443.66943
6064,424.9093,406.56628,442.69125
6065,423.73572,404.84558,441.4252
6066,421.80225,398.9171,440.4452
6067,420.01224,394.04443,439.3586
6068,419.22992,390.99777,440.0161
6069,418.19733,389.89877,438.38556
6070,416.97357,388.06824,437.00067
6071,415.18823,383.4292,435.80493
6072,414.1417,381.07385,435.32645
6073,412.71362,378.49857,433.85938
6074,410.85233,373.61435,432.56525
6075,409.62723,371.98932,430.8635
6076,408.1092,369.0652,429.36188
6077,406.77283,367.01013,427.73602
6078,406.21936,366.7882,425.26953
6079,405.64224,366.56116,423.01178
6080,404.73828,365.88727,421.3019
6081,404.02963,365.53876,419.45203
6082,402.9417,364.3646,418.0234
6083,401.18707,360.06195,416.9226
6084,401.36057,360.98767,416.15982
6085,414.6514,381.94052,439.63593
6086,414.442,381.9525,438.0801
6087,416.96292,386.28427,441.208
6088,416.34286,385.96692,439.37454
6089,416.02615,386.12936,438.2483
6090,417.56308,389.08575,439.9449
6091,416.82922,388.5887,437.9637
6092,416.7519,389.06088,436.8536
6093,416.02228,388.33096,436.00952
6094,415.68216,388.42273,434.62433
6095,414.97284,387.98212,432.90186
6096,414.39386,387.7482,431.73697
6097,414.52652,388.47806,430.956
6098,414.1679,388.53717,429.68588
6099,413.587,388.25687,428.06836
6100,412.8341,387.76578,426.70428
6101,411.16907,383.50723,425.81622
6102,409.7111,380.51337,424.80273
6103,408.78305,379.68173,423.49075
6104,407.72513,378.46173,422.29044
6105,412.33875,386.2957,430.7858
6106,411.7887,386.0141,428.99384
6107,409.62018,378.84946,428.1314
6108,407.7137,373.4072,427.08105
6109,406.8706,372.70682,425.7036
6110,406.59366,372.94736,424.42853
6111,407.50412,375.03384,426.16135
6112,406.60617,374.28458,424.59927
6113,406.15808,374.20657,422.89157
6114,407.15262,376.31412,423.73526
6115,406.77155,376.18762,421.68277
6116,405.8157,375.28378,420.3972
6117,404.5937,373.41077,419.30383
6118,403.53806,371.6608,418.6197
6119,402.31458,369.80658,417.48282
6120,401.3562,368.8899,416.1938
6121,399.9989,366.3935,415.13348
6122,399.38828,366.1198,413.52826
6123,398.1456,364.15714,412.44565
6124,396.80856,361.7529,411.3937
6125,396.54245,361.17358,412.20447
6126,395.47833,359.92514,410.95685
6127,395.562,360.74185,410.72638
6128,398.1954,365.50735,415.32733
6129,397.36246,364.8612,413.92044
6130,396.03104,362.4052,412.8398
6131,395.0307,361.31873,411.56848
6132,395.09457,362.08957,411.69147
6133,394.23187,361.0749,410.8745
6134,392.7445,357.74634,409.8694
6135,390.6461,351.0684,408.9924
6136,389.006,347.11276,407.8663
6137,388.14233,346.45544,406.23416
6138,387.6187,345.8518,406.0827
6139,386.58383,344.72403,404.63245
6140,385.7161,344.0149,403.18774
6141,385.2305,343.97485,401.93396
6142,386.7685,346.98306,403.9287
6143,386.21182,346.78458,402.24655
6144,385.9074,346.82642,400.47256
6145,387.37625,349.55582,401.87595
6146,386.5899,348.99228,400.67636
6147,385.58148,347.76108,399.65833
6148,391.8275,358.08804,411.53058
6149,396.92047,366.46747,419.83493
6150,398.20435,368.84543,420.68716
6151,397.61365,368.515,419.03445
6152,397.47964,368.90417,418.62576
6153,396.07532,365.8781,417.52246
6154,394.66092,362.83673,416.3876
6155,393.06708,358.8228,415.28577
6156,391.07727,352.65262,414.24814
6157,389.7679,350.17007,412.9672
6158,388.1582,346.34763,411.66342
6159,386.59503,342.85025,410.28152
6160,386.03894,342.6853,408.46082
6161,385.62247,342.7372,406.95187
6162,388.02512,347.0106,409.9575
6163,387.62747,346.86517,407.4557
6164,387.49243,347.06558,407.71036
6165,386.48102,345.9759,406.2142
6166,385.79996,345.44363,405.27655
6167,385.13,345.09772,403.66925
6168,384.97815,345.37463,402.06442
6169,384.51776,345.22388,400.16116
6170,383.99286,345.06958,398.6378
6171,384.38156,346.2242,398.42685
6172,384.4565,346.64484,397.2223
6173,384.41855,347.0861,396.14468
6174,383.62924,346.53577,394.96545
6175,382.86465,346.0299,393.7983
6176,382.93323,346.59546,392.92465
6177,382.32654,346.33835,391.76248
6178,381.77036,346.12814,390.5252
6179,381.13483,345.82434,389.40552
6180,380.67996,345.79916,388.68085
6181,379.99677,345.41455,387.70505
6182,379.2467,344.90494,386.74902
6183,383.91812,352.6044,394.75156
6184,383.48788,352.47003,393.41843
6185,383.3034,352.55673,392.06598
6186,383.01804,352.485,390.57028
6187,384.4012,355.1222,392.62518
6188,384.5388,355.89645,392.589
6189,385.8566,358.5804,395.2502
6190,385.199,358.19614,394.28607
6191,384.5284,357.77338,393.46796
6192,393.83807,372.735,410.5477
6193,393.58017,372.6735,409.09326
6194,393.55722,373.07358,408.43433
6195,393.08224,372.83823,407.19717
6196,392.49692,372.49463,406.11703
6197,391.65067,371.61462,405.24106
6198,390.7753,370.64044,404.38782
6199,389.84128,369.4623,403.56732
6200,389.15186,368.94846,402.61374
6201,388.40515,368.31036,401.71506
6202,387.84875,367.99982,400.69168
6203,387.35208,367.7544,399.63763
6204,387.1748,367.6893,398.70453
6205,386.5272,367.24902,397.82974
6206,385.93604,366.89676,396.93176
6207,385.23486,366.3463,396.12418
6208,384.53708,365.79883,395.32635
6209,387.02963,369.87668,399.24496
6210,386.74313,369.74326,397.98843
6211,386.35187,369.5733,396.94598
6212,385.66156,369.02533,396.1806
6213,385.06662,368.64932,395.36746
6214,384.46173,368.18332,394.90744
6215,385.1271,369.56503,395.63553
6216,391.6727,379.94574,407.01062
6217,391.3667,379.7445,405.77176
6218,390.75894,379.28192,404.91534
6219,390.2969,379.0021,403.95233
6220,389.84003,378.73087,403.0075
6221,389.44775,378.51147,402.0139
6222,389.0623,378.30148,401.03806
6223,388.76157,378.18387,400.10934
6224,389.81088,380.1625,401.7233
6225,389.41443,379.94455,400.80435
6226,388.855,379.5629,400.04752
6227,388.25845,379.1214,399.32642
6228,392.8525,386.6849,407.94272
6229,395.28192,390.60638,411.71564
6230,394.75513,390.16415,410.84946
6231,394.14783,389.6031,410.05667
6232,393.79407,389.31845,409.03674
6233,393.3276,388.96115,408.16858
6234,392.9837,388.69785,407.18066
6235,392.61313,388.4296,406.2519
6236,392.19666,388.13754,405.39514
6237,391.9719,387.9356,404.4681
6238,391.78174,387.91476,403.77405
6239,391.1986,387.43854,403.09564
6240,390.9758,387.25336,402.15765
6241,390.75128,387.08636,401.1429
6242,392.9829,390.67123,405.21515
6243,392.72586,390.55533,404.482
6244,392.3433,390.2976,403.67694
6245,392.04504,390.08752,402.7856
6246,391.84152,389.9086,402.18567
6247,392.32816,390.80145,402.87595
6248,391.98056,390.62204,402.22482
6249,391.61493,390.38864,401.46024
6250,394.52487,395.2198,406.77643
6251,394.21173,394.97644,405.9363
6252,393.78107,394.6579,405.21695
6253,393.39188,394.3761,404.47296
6254,393.06256,394.13452,403.67957
6255,392.7733,393.916,402.8509
6256,393.2787,394.8267,403.59528
6257,394.51007,396.85135,405.75018
6258,396.36472,399.86642,408.7242
6259,401.03592,407.12842,417.56845
6260,402.13214,408.8557,419.09976
6261,401.67087,408.32916,418.32117
6262,401.259,407.85855,417.50958
6263,400.96506,407.46786,416.56796
6264,400.71567,407.10916,415.76096
6265,400.4384,406.7577,414.8291
6266,400.1778,406.4277,413.88928
6267,399.8902,406.10513,413.01328
6268,399.6758,405.81482,412.6405
6269,399.35294,405.49493,411.83398
6270,399.03995,405.1894,411.03027
6271,398.69794,404.87912,410.27518
6272,398.88922,405.3772,410.4548
6273,399.04117,405.79306,410.51392
6274,400.25504,407.86777,412.59897
6275,399.87582,407.51196,411.888
6276,399.61743,407.295,411.2482
6277,399.31363,406.99487,410.47968
6278,398.94202,406.66687,409.79593
6279,398.5737,406.34656,409.11935
6280,398.37476,406.1926,408.48425
6281,398.09265,405.9286,407.73703
6282,397.81882,405.67538,406.99237
6283,397.50607,405.41437,406.30722
6284,397.34592,405.2721,405.97012
6285,397.13388,405.05124,405.5401
6286,396.90393,404.83026,404.84207
6287,396.68506,404.61877,404.29242
6288,396.48904,404.41632,404.08536
6289,396.35126,404.32904,403.73264
6290,396.88058,405.25613,404.82516
6291,396.6772,405.05267,404.43045
6292,396.37177,404.81342,403.7835
6293,402.35083,414.17493,414.99973
6294,402.2879,413.8348,414.93222
6295,402.35202,413.91006,415.22186
6296,405.07,417.93964,420.36694
6297,409.1331,423.9897,428.02542
6298,409.77615,424.7949,428.93884
6299,409.4318,424.12134,428.03876
6300,409.06375,423.46588,427.18314
6301,408.74832,422.86572,426.27832
6302,408.47586,422.31134,425.57602
6303,408.1377,421.75162,424.72867
6304,407.90628,421.32574,423.9381
6305,408.65277,422.36996,425.48535
6306,408.50284,421.85977,425.31116
6307,408.28177,421.40894,424.8234
6308,407.91635,420.8661,424.01233
6309,407.61118,420.37305,423.1422
6310,407.24493,419.87015,422.36044
6311,413.26416,429.11606,433.70724
6312,413.6244,429.17764,434.41962
6313,413.74033,429.03333,434.62277
6314,413.5316,428.40152,434.11234
6315,413.20163,427.65985,433.0553
6316,412.84796,426.9525,432.06076
6317,415.80783,431.30875,437.6261
6318,416.06393,431.03302,438.02322
6319,425.44037,444.78778,455.331
6320,426.34103,444.86414,455.4517
6321,425.80026,443.17398,452.3748
6322,425.32883,441.87454,450.00253
6323,425.53183,441.68094,449.4864
6324,425.07288,440.6027,447.41907
6325,424.7638,439.82428,445.96384
6326,430.28104,448.11673,455.5944
6327,429.69455,446.8063,452.24545
6328,429.1186,445.71918,449.63376
6329,431.23196,448.79395,452.52878
6330,433.7319,452.15198,455.6816
6331,433.20245,451.13297,452.598
6332,432.6887,450.28104,449.8795
6333,436.11118,455.65152,454.77884
6334,435.18732,454.36118,451.18784
6335,434.52927,453.5537,448.3163
6336,433.74292,452.5996,446.09726
6337,432.98306,451.70557,444.25012
6338,432.21774,450.80054,442.67834
6339,431.78912,450.32773,441.24606
6340,431.23245,449.78055,439.924
6341,430.79352,449.34567,438.64484
6342,432.58493,452.3351,441.65146
6343,431.96243,451.71,440.2809
6344,431.28113,450.9942,439.08295
6345,430.496,450.03726,438.0369
6346,429.95245,449.52426,436.9817
6347,429.3334,448.91306,436.0422
6348,428.79205,448.4108,435.12927
6349,435.9362,459.6932,448.16684
6350,435.51944,459.24295,445.93515
6351,434.76276,458.3987,443.797
6352,434.21878,457.85052,441.93866
6353,433.52063,457.12018,440.4047
6354,435.12442,459.93158,443.0081
6355,435.60956,461.0029,443.66345
6356,435.05493,460.45477,441.68463
6357,434.37158,459.77206,440.09595
6358,433.45605,458.4699,438.77002
6359,432.7308,457.68707,437.5681
6360,438.00092,466.1417,447.06274
6361,437.14624,465.22217,444.30615
6362,436.11893,463.70865,442.17026
6363,435.76297,463.5226,440.73618
6364,437.04956,465.84323,442.3903
6365,435.9923,464.16138,440.5257
6366,434.90616,462.21262,439.0087
6367,434.11258,461.30725,437.6844
6368,433.7928,461.1987,437.01254
6369,433.53455,460.74866,437.25702
6370,433.65292,461.3052,437.5147
6371,437.32806,467.32236,444.06335
6372,436.058,464.5946,441.89017
6373,437.6111,467.38242,444.14212
6374,436.6974,466.2933,441.87433
6375,436.02237,465.66013,439.96527
6376,435.0604,464.25674,438.4351
6377,434.22665,463.23477,437.11615
6378,434.45154,463.94275,437.68558
6379,432.86838,458.47015,436.65884
6380,431.45245,454.02505,435.75885
6381,430.4357,452.17392,434.94757
6382,429.31824,449.74298,434.22568
6383,428.46136,448.53284,433.5139
6384,430.51022,452.05182,437.50113
6385,430.4696,449.07745,439.44092
6386,429.20038,445.47684,438.63654
6387,428.0694,443.05368,437.78592
6388,426.76694,439.54617,437.03616
6389,425.40826,435.68146,436.35007
6390,424.36243,433.73798,435.63376
6391,423.00446,429.93048,435.00723
6392,421.83548,427.37216,434.35056
6393,421.17474,426.715,433.51706
6394,420.218,425.19418,432.82883
6395,420.54193,426.06268,433.83307
6396,421.8065,428.22827,435.79813
6397,421.29257,427.73303,434.8225
6398,420.38266,426.35068,434.0887
6399,419.9604,425.9433,433.0737
6400,419.19376,425.0186,432.3247
6401,418.98767,424.97128,431.79745
6402,419.55695,426.20087,433.22464
6403,417.99866,420.8901,432.67725
6404,416.82678,418.3055,432.02383
6405,415.86786,416.77347,431.29492
6406,414.4036,412.34497,430.7003
6407,413.0474,408.75543,430.04623
6408,412.37613,408.10693,429.0809
6409,412.22528,408.24786,428.7122
6410,412.4352,408.71576,428.7688
6411,412.01132,408.40753,427.78497
6412,411.2305,407.52563,426.94904
6413,410.8521,407.28317,426.02362
6414,411.09427,407.92795,426.0018
6415,410.76648,407.6444,424.79114
6416,411.3361,408.89468,425.7092
6417,411.88104,409.98453,426.21692
6418,411.58948,409.8185,425.30948
6419,410.93835,409.2244,424.49362
6420,410.02893,406.21075,424.78006
6421,409.28494,405.4306,423.97055
6422,408.6626,404.89148,423.09662
6423,407.7285,403.51334,422.39423
6424,407.0343,402.84198,421.57605
6425,406.4401,402.0837,421.40472
6426,405.6673,401.2169,420.63147
6427,404.3724,397.92532,420.0391
6428,403.12988,395.0133,419.40146
6429,401.98795,392.70822,418.70663
6430,400.92862,390.83408,417.96457
6431,399.88074,389.01962,417.2058
6432,398.7029,386.55383,416.47977
6433,398.11993,386.10504,415.41653
6434,397.372,385.35358,414.49878
6435,396.21017,382.9737,413.77283
6436,395.61438,382.51807,412.7297
6437,394.75934,381.47382,411.87778
6438,394.3188,381.1893,410.7025
6439,394.13193,381.2494,409.83472
6440,393.77042,381.0275,408.61517
6441,393.23538,380.6774,407.6407
6442,392.92636,380.62918,407.63556
6443,392.01254,379.28476,406.98123
6444,391.29196,378.6075,406.1534
6445,390.9085,378.44885,405.27444
6446,390.34695,378.06363,404.3717
6447,389.75525,377.63528,403.51
6448,389.6995,377.87274,402.89804
6449,389.02423,377.2926,402.12512
6450,388.13376,376.0749,401.46072
6451,387.30072,375.05817,400.77026
6452,385.52432,368.50775,400.30246
6453,384.44772,366.55347,399.609
6454,383.33313,364.41364,398.91336
6455,382.3855,363.0566,398.13916
6456,382.31268,363.45428,398.28412
6457,381.29318,361.7701,397.5385
6458,379.9198,358.09985,396.8897
6459,378.5983,354.4766,396.34583
6460,377.45627,352.1939,395.5944
6461,377.1135,352.1104,394.37656
6462,375.81445,349.0531,393.62726
6463,375.01007,348.2485,392.63028
6464,373.82043,345.83667,391.82318
6465,372.83542,344.38684,390.93756
6466,372.36703,344.21262,390.18063
6467,371.59616,343.49484,389.16858
6468,373.9032,347.2074,392.89084
6469,375.2892,349.57318,394.03305
6470,376.14807,351.25952,394.73236
6471,379.86914,357.20547,400.5583
6472,385.1007,365.41882,409.71344
6473,386.56943,367.93167,411.34094
6474,386.27258,367.71347,409.74924
6475,389.4229,372.80093,414.45
6476,388.88553,372.32516,413.06903
6477,388.46182,371.96783,411.56973
6478,387.98315,371.58786,410.20905
6479,387.5193,371.2353,408.87363
6480,387.54703,371.6957,408.71634
6481,387.2065,371.55533,407.7171
6482,387.8211,372.71088,409.5556
6483,387.26993,372.26688,408.56598
6484,389.19095,375.63852,411.92636
6485,388.69592,373.78125,412.52377
6486,387.25064,369.5165,411.74838
6487,385.96213,366.35153,410.8653
6488,384.76364,363.75787,409.9093
6489,386.98267,367.3817,412.6549
6490,386.49057,366.9757,411.1216
6491,385.45544,365.13748,410.15097
6492,384.3522,363.06046,409.14932
6493,384.3725,363.43314,409.45862
6494,385.21964,364.89963,409.5731
6495,386.8382,367.62695,411.36212
6496,386.46234,367.42035,410.12308
6497,387.03546,368.64673,410.47302
6498,389.72372,373.2283,415.28857
6499,389.25446,372.83777,414.48367
6500,389.36667,373.35318,414.77356
6501,388.08267,370.16196,413.87973
6502,387.74728,369.99878,412.81686
6503,386.8091,368.58154,411.75653
6504,386.46414,368.27002,410.0369
6505,387.67914,370.51724,411.76328
6506,390.347,374.73868,415.77927
6507,390.4172,375.05353,414.94366
6508,390.657,375.73813,414.83844
6509,389.98267,375.0469,413.66458
6510,389.43503,374.56497,412.3933
6511,391.0504,377.35928,414.74887
6512,390.8752,377.20682,413.22327
6513,389.86197,375.4407,412.3404
6514,388.6589,372.70834,411.52225
6515,387.61346,370.77048,410.6566
6516,386.32108,367.5674,409.82736
6517,385.24045,365.57507,408.87756
6518,384.56976,363.96988,408.8486
6519,384.2204,363.82205,408.34576
6520,383.74487,363.49994,407.06003
6521,383.99332,364.31744,407.23282
6522,383.3237,363.70636,406.0423
6523,383.21994,363.9091,405.21317
6524,382.42596,363.01483,404.1768
6525,382.54398,363.51505,403.59882
6526,389.5005,374.39462,415.8395
6527,388.7399,373.4612,414.66837
6528,387.89087,372.28207,413.5775
6529,386.95407,370.79755,412.54788
6530,386.1381,369.7367,411.4453
6531,385.83328,369.5993,410.9746
6532,387.6734,372.58032,413.15945
6533,386.98917,371.8158,412.0653
6534,386.2768,371.018,410.9306
6535,385.42215,369.82758,409.91275
6536,384.4339,368.12393,408.97214
6537,383.8943,367.62918,408.12448
6538,383.15884,366.71292,407.22937
6539,382.39377,365.81,406.17932
6540,382.94614,367.03348,407.32565
6541,387.12958,373.75635,414.33157
6542,388.17444,375.6384,416.11578
6543,386.97345,372.67917,415.20786
6544,385.694,369.307,414.29526
6545,384.65005,367.29385,413.23593
6546,383.9503,366.47647,411.93063
6547,384.1197,367.03137,411.7394
6548,383.6651,366.589,410.21213
6549,382.89465,365.63818,409.06122
6550,382.46832,365.2503,407.55005
6551,381.46057,363.46262,406.59607
6552,381.14478,362.73004,406.94196
6553,380.24237,361.38477,405.8975
6554,379.47733,360.4845,404.76816
6555,380.56094,362.54202,406.73575
6556,384.64526,369.10327,413.4541
6557,384.98645,369.54712,413.52588
6558,384.9158,369.33972,413.04108
6559,384.70438,368.96347,411.934
6560,384.5,368.62064,410.85956
6561,384.29794,368.337,409.4845
6562,383.33655,366.73297,408.51404
6563,382.41562,365.3011,407.51816
6564,381.77438,364.66818,406.32745
6565,380.6346,362.21118,405.45416
6566,380.2098,361.86563,403.99606
6567,379.7473,361.5079,402.64777
6568,379.0778,360.86752,401.55988
6569,378.80298,360.63168,399.92133
6570,380.5568,363.40417,402.89792
6571,380.382,363.1776,402.2014
6572,379.97296,362.8825,400.88553
6573,379.28787,362.22205,399.89737
6574,378.81018,361.88705,398.7382
6575,378.44437,361.64374,397.45673
6576,377.7841,361.05103,396.52902
6577,377.01904,360.19742,395.6813
6578,376.62274,359.95206,394.52032
6579,376.04504,359.51666,393.5843
6580,375.4202,358.99963,392.70227
6581,374.8126,358.51434,391.82324
6582,374.11972,357.8471,391.01428
6583,373.47757,357.29236,390.18405
6584,372.88422,356.83032,389.3335
6585,372.2892,356.36487,388.49887
6586,372.1856,356.66098,388.57565
6587,371.86646,356.601,387.94086
6588,371.34814,356.24982,387.08356
6589,370.94894,356.02313,386.1284
6590,370.48813,355.74557,385.2605
6591,370.0024,355.4421,384.4331
6592,369.47635,355.08636,383.65356
6593,369.12115,354.89948,382.72467
6594,368.7777,354.72348,381.80408
6595,368.50122,354.58084,380.80664
6596,368.2235,354.44324,379.83893
6597,368.02545,354.32965,378.73013
6598,367.8565,354.2264,377.65973
6599,367.6046,354.11414,376.7326
6600,367.5151,354.16663,375.8609
6601,367.15204,354.01285,375.12708
6602,366.7294,353.81302,374.46
6603,366.38367,353.67172,373.73633
6604,365.9517,353.4635,373.101
6605,367.61816,356.25388,375.62946
6606,367.3153,356.12726,374.87122
6607,367.1077,356.0317,373.97903
6608,366.8935,355.93875,373.1228
6609,367.09482,356.45532,372.95425
6610,366.90994,356.3719,372.07184
6611,366.60263,356.25674,371.40097
6612,366.43002,356.18005,370.52878
6613,367.41736,357.87155,371.88663
6614,367.15527,357.78036,371.2033
6615,366.8431,357.66486,370.57593
6616,366.4917,357.52753,369.9947
6617,366.21393,357.4286,369.3525
6618,365.9862,357.34653,368.65762
6619,365.7801,357.27106,367.94278
6620,365.4528,357.15332,367.38516
6621,365.15192,357.0498,366.813
6622,364.9419,356.97705,366.14148
6623,364.66498,356.88617,365.56677
6624,365.51138,358.35638,366.7856
6625,365.33444,358.28888,366.07733
6626,371.99832,368.79214,378.05792
6627,371.8371,368.71057,377.29282
6628,371.87415,369.05557,377.2183
6629,371.69366,368.97635,376.5204
6630,371.54306,368.87775,376.05728
6631,371.39172,368.78113,375.57278
6632,374.48126,373.68625,381.34445
6633,374.1386,373.51733,380.8206
6634,373.80075,373.33496,380.24637
6635,373.58545,373.20447,379.54022
6636,375.7772,376.73932,383.2107
6637,375.52762,376.5831,382.5417
6638,375.79422,377.25012,382.898
6639,375.55237,377.09705,382.23322
6640,375.3774,376.96198,381.4892
6641,375.16507,376.8805,380.94754
6642,376.47632,379.2572,383.51495
6643,376.19232,379.08234,382.91644
6644,375.99902,378.93732,382.20465
6645,385.41995,393.6306,399.62692
6646,386.56653,395.369,401.86307
6647,390.9613,402.0029,410.13315
6648,394.5531,407.37265,416.7928
6649,394.31027,406.69565,415.88724
6650,394.0808,406.06326,415.14795
6651,393.81564,405.45172,414.21683
6652,393.5548,404.8768,413.29257
6653,393.27548,404.3275,412.4128
6654,395.28754,407.27658,415.92383
6655,395.23093,406.95648,415.5464
6656,399.45547,413.24786,423.4557
6657,399.24615,412.44128,423.23425
6658,398.9847,411.63916,422.28543
6659,398.6833,410.87454,421.30624
6660,398.3707,410.1518,420.35785
6661,398.08823,409.48285,419.37573
6662,397.8163,408.8583,418.39145
6663,397.49704,408.25177,417.49658
6664,397.1848,407.6779,416.60532
6665,399.47894,411.05353,420.77298
6666,399.20923,410.46097,419.89185
6667,398.8544,409.8219,419.02853
6668,398.54865,409.2365,418.11282
6669,400.25772,411.69928,421.19803
6670,400.08722,411.21915,420.495
6671,403.0126,415.49957,426.0928
6672,402.7788,414.7568,425.64505
6673,411.76544,428.2901,442.53018
6674,411.69244,427.0973,441.84445
6675,411.35773,425.63748,440.54443
6676,413.84183,428.6259,444.95694
6677,414.06027,427.90643,444.92453
6678,414.32712,427.37045,444.7084
6679,413.97137,425.9695,443.23965
6680,413.6677,424.7396,442.3075
6681,418.6393,431.6758,451.5755
6682,418.93564,431.09842,450.9825
6683,418.55408,429.5253,449.2174
6684,418.1973,428.22708,447.4188
6685,417.48187,426.5962,445.98563
6686,416.99442,425.4118,444.43536
6687,418.16922,426.732,446.26932
6688,418.50015,426.54608,446.7332
6689,425.2228,436.42023,458.77267
6690,424.70084,434.61743,455.36368
6691,424.09235,433.09564,452.77835
6692,423.7163,431.95285,451.10977
6693,423.14017,430.78775,449.13022
6694,422.7409,429.87198,447.39816
6695,423.24417,430.45538,447.33517
6696,423.97095,431.4033,447.76385
6697,423.36478,430.43683,446.15234
6698,422.9876,429.721,444.72086
6699,422.46783,428.96432,443.27307
6700,422.09125,428.3503,441.87695
6701,423.04428,429.8957,443.08978
6702,422.65085,429.29663,441.59802
6703,422.32513,428.79544,440.555
6704,421.7807,428.14856,439.3877
6705,421.1341,427.37653,438.35324
6706,420.59103,426.77863,437.46234
6707,420.05472,426.1845,436.42285
6708,419.6732,425.72968,435.25818
6709,422.5554,430.23438,440.66745
6710,422.08896,429.64514,439.43277
6711,424.7007,433.82047,443.88998
6712,424.21802,433.15448,442.4711
6713,430.3481,442.75925,453.4475
6714,430.1905,442.04013,451.87332
6715,429.6029,441.13397,449.49136
6716,429.03586,440.33325,447.4708
6717,428.66306,439.72028,446.23486
6718,428.13947,439.05573,444.58878
6719,427.5566,438.36737,443.16098
6720,428.67645,440.30667,444.8445
6721,432.63123,446.44894,451.90775
6722,432.30176,445.85504,450.1107
6723,432.5845,446.0438,449.5759
6724,431.9122,445.19244,447.76407
6725,431.40863,444.5939,445.80862
6726,436.15747,452.07468,453.93594
6727,445.88693,467.29324,469.83673
6728,444.6279,466.6249,463.05023
6729,444.4686,467.342,458.7221
6730,442.7466,464.62418,453.22586
6731,441.50986,462.66843,449.5722
6732,441.1747,462.7365,447.0551
6733,440.26184,461.90985,444.4411
6734,442.491,465.94385,447.72775
6735,441.4955,465.03265,444.75916
6736,440.5221,464.05164,442.4333
6737,439.1552,461.01642,440.6214
6738,438.49246,460.5577,439.09372
6739,451.53506,481.22675,462.87497
6740,451.163,483.0772,459.5477
6741,448.76114,481.30264,452.7181
6742,446.4943,476.5445,447.40903
6743,445.22882,475.42148,443.6332
6744,448.35043,481.10837,448.31412
6745,446.68216,478.50443,444.14993
6746,445.658,477.89886,440.87646
6747,444.31888,475.82242,438.38922
6748,443.4734,475.26886,436.40274
6749,442.9277,475.13538,435.0348
6750,444.8844,478.8507,438.56705
6751,443.8926,477.7845,436.65836
6752,442.4229,474.1672,434.91815
6753,441.67365,473.67142,433.49725
6754,440.50653,471.54874,432.3236
6755,439.34964,469.336,431.33643
6756,438.08746,466.32245,430.5021
6757,437.2206,465.31235,429.74567
6758,436.61023,464.85583,429.25763
6759,436.07214,464.53885,428.55017
6760,435.2653,463.64548,427.92828
6761,457.4729,498.47812,469.45047
6762,463.0653,514.4117,482.52222
6763,452.93948,514.2554,477.79642
6764,444.4708,509.58737,472.66086
6765,436.68387,497.77505,464.37323
6766,432.66495,486.86407,456.77194
6767,430.04553,477.83084,450.75113
6768,430.4853,477.32828,448.98346
6769,438.1703,488.35724,460.90686
6770,435.99667,484.4437,453.89502
6771,433.23886,476.63297,448.53226
6772,430.77698,469.09946,445.06036
6773,429.6275,466.1103,442.76355
6774,428.8953,464.75555,440.99677
6775,427.47192,459.42807,439.57202
6776,426.1601,454.99194,438.47107
6777,425.452,453.8298,437.4449
6778,424.95026,453.05255,436.42487
6779,423.86804,450.23077,435.6535
6780,428.63263,457.65485,444.66458
6781,432.51996,463.51685,451.12967
6782,445.06833,482.68335,472.33685
6783,439.6824,473.13855,464.4248
6784,437.6551,469.0778,457.55527
6785,435.59015,462.6862,452.48727
6786,434.65073,461.25345,448.9956
6787,433.8673,459.7399,446.91452
6788,433.47476,458.0949,446.3735
6789,431.5863,451.76068,444.49103
6790,430.3927,448.99747,443.03738
6791,428.63754,442.7393,441.90036
6792,427.80527,441.58066,440.7865
6793,426.3599,437.08746,439.91144
6794,425.57584,436.08307,438.94397
6795,424.89706,435.31808,437.9814
6796,424.2274,434.57315,437.0625
6797,423.6913,433.93542,436.71912
6798,426.76498,438.8558,442.03833
6799,424.51712,431.49997,441.22046
6800,422.73038,424.81592,440.4437
6801,421.38083,421.29343,439.6062
6802,419.4108,414.12436,438.90094
6803,417.4438,406.86166,438.16132
6804,415.42,399.5251,437.3684
6805,413.84894,395.3187,436.36856
6806,412.037,389.7211,435.3902
6807,410.78067,387.471,434.11255
6808,410.25916,387.20386,432.82242
6809,410.1822,387.42383,431.23978
6810,410.62152,388.63724,431.45898
6811,409.1916,385.47675,430.37946
6812,407.43805,380.45193,429.3735
6813,406.05826,377.70654,428.14597
6814,406.5494,379.03885,428.28513
6815,405.87668,378.59662,426.54593
6816,407.43198,381.3079,428.34067
6817,413.81952,391.3975,439.8243
6818,413.49518,391.07516,438.40555
6819,412.10284,388.1566,437.1013
6820,410.71796,385.3153,435.77087
6821,410.19608,384.956,433.6056
6822,408.38666,379.70456,432.49356
6823,407.55774,378.9937,430.72372
6824,406.35065,377.1119,429.3092
6825,404.36142,370.97504,428.2154
6826,404.10654,371.0597,427.8986
6827,403.6434,370.94965,426.08896
6828,402.67444,369.9203,424.55606
6829,401.58527,368.08746,423.53223
6830,400.56714,366.9625,421.9763
6831,399.53015,365.7752,420.47174
6832,399.3141,366.05334,420.0861
6833,405.51328,376.01273,430.057
6834,404.42767,374.58444,428.50574
6835,403.49533,373.6314,426.86456
6836,402.44458,372.32382,425.36386
6837,401.32816,370.7806,423.9349
6838,400.40445,368.60242,423.60934
6839,403.61334,374.12103,429.59387
6840,402.707,372.9244,428.34723
6841,409.0081,383.21613,439.12756
6842,409.37228,384.1877,439.35794
6843,408.86005,383.80185,437.3183
6844,409.27115,384.74304,436.41016
6845,414.26697,392.68063,444.57727
6846,415.32098,394.6407,445.3727
6847,416.31174,396.28635,446.0856
6848,416.46826,396.8464,445.24548
6849,415.8942,396.2868,443.05368
6850,420.1749,402.98465,450.588
6851,419.42307,402.09955,448.4403
6852,417.8254,397.81088,447.01102
6853,416.87778,395.03928,446.5593
6854,415.17215,390.29514,445.1119
6855,413.6349,386.63766,443.54785
6856,420.17413,396.91177,454.7733
6857,419.5829,396.19534,451.70596
6858,419.0667,395.62976,448.90768
6859,420.70828,398.37857,450.6222
6860,420.18134,397.8582,447.8901
6861,418.76447,394.9201,446.29306
6862,419.341,396.29654,446.76666
6863,418.27194,394.8565,444.97205
6864,416.58536,390.43094,443.58014
6865,415.20944,387.80298,441.9884
6866,414.03516,386.0798,440.27164
6867,413.2051,385.34656,438.2862
6868,412.27188,383.36642,437.67606
6869,413.62744,386.0511,439.63184
6870,412.93634,385.35977,438.4813
6871,413.33673,386.43533,439.2392
6872,412.1542,384.6509,437.6343
6873,410.97818,382.90082,436.04895
6874,410.97885,383.34546,436.14624
6875,410.76813,383.55267,434.7722
6876,413.57153,388.2997,438.4546
6877,413.16608,388.00323,436.28198
6878,413.42575,388.87854,435.61987
6879,416.01788,393.3569,439.3088
6880,417.526,396.1743,441.16614
6881,416.55502,395.04645,439.61667
6882,415.3976,393.2801,438.23587
6883,415.75378,394.3412,438.15332
6884,415.82233,394.9153,438.4363
6885,415.85062,395.17792,439.07504
6886,415.32782,394.8016,437.1055
6887,414.6121,394.04385,436.22263
6888,414.56226,394.49182,435.62036
6889,415.18445,395.96,436.1619
6890,415.93988,397.46848,436.3138
6891,415.90295,397.94446,435.94693
6892,415.18094,397.36224,434.50348
6893,415.19943,397.88327,433.98343
6894,415.2806,398.36725,433.08542
6895,415.57935,399.1199,432.85593
6896,415.02725,398.775,431.40665
6897,414.0545,397.6063,430.34866
6898,412.88467,395.66534,429.39398
6899,413.60562,397.27585,431.19272
6900,414.15085,398.52997,431.43735
6901,414.78104,399.8545,431.66193
6902,414.14548,399.4066,430.38266
6903,413.6396,399.0992,429.00092
6904,413.32187,399.0618,427.9004
6905,412.08664,396.3838,427.27036
6906,410.8436,394.03705,426.41367
6907,409.86786,392.33902,425.887
6908,408.73132,390.41263,425.03168
6909,407.657,388.85376,424.05923
6910,406.42117,386.56247,423.15118
6911,404.7394,381.68216,422.35916
6912,403.34262,378.64066,421.4128
6913,402.4945,377.7414,420.4271
6914,401.67206,376.98648,419.2871
6915,402.40433,378.49814,419.46426
6916,402.35385,378.7042,418.45026
6917,401.46136,377.81247,417.3335
6918,400.10406,374.94925,416.44363
6919,399.62552,374.7292,414.90283
6920,399.0089,374.38608,413.59717
6921,398.298,373.9053,412.41983
6922,397.08218,371.75052,411.54312
6923,396.07953,370.5061,410.55835
6924,395.39236,370.06528,409.37646
6925,394.91327,369.86243,408.00668
6926,400.78467,379.22528,418.08792
6927,407.12592,389.30792,428.9528
6928,406.91562,389.2861,427.45074
6929,406.60742,389.26147,426.3548
6930,405.5871,387.81863,425.29706
6931,404.5344,386.25003,424.25906
6932,403.59732,385.09915,423.1589
6933,402.5493,383.5459,422.1294
6934,401.9411,383.11853,420.7827
6935,401.13434,382.3365,419.6484
6936,401.06766,382.66586,418.8953
6937,403.33606,386.34842,422.778
6938,409.59586,396.16238,434.3023
6939,411.15045,398.58963,436.96997
6940,411.06485,398.53745,435.9196
6941,410.78775,398.14383,434.9975
6942,410.7598,398.16296,434.47165
6943,441.08813,445.18616,490.40833
6944,437.93085,436.1235,480.6086
6945,436.25894,432.21954,472.09396
6946,435.06296,430.0506,465.75168
6947,433.93958,428.2273,461.29028
6948,432.96472,426.89127,457.88
6949,431.92,425.39352,455.2244
6950,430.97437,424.19913,452.9493
6951,430.20282,423.40335,450.84784
6952,429.8697,423.19458,448.95724
6953,429.57803,422.91788,448.02142
6954,429.21417,422.5744,446.7821
6955,428.36514,421.6909,445.32794
6956,427.44092,420.6124,444.01675
6957,426.71237,419.97345,442.65326
6958,426.04355,419.4332,441.3174
6959,425.26944,418.71802,440.1277
6960,424.42624,417.84653,439.03043
6961,423.60507,417.02487,437.95947
6962,422.71506,416.0196,436.96036
6963,421.96213,415.34152,435.90942
6964,421.23566,414.71375,434.87283
6965,420.65662,414.30545,433.75345
6966,420.3632,414.21762,432.69763
6967,423.34073,419.08136,437.97232
6968,422.80157,418.67822,436.76282
6969,422.08762,418.04315,435.74158
6970,421.51105,417.61304,434.64975
6971,420.9761,417.23264,433.55792
6972,420.36462,416.76996,432.56677
6973,419.75873,416.31717,431.59988
6974,419.38452,416.06204,430.4188
6975,418.97717,415.80182,429.3247
6976,418.4879,415.49408,428.35474
6977,418.2507,415.4206,427.43884
6978,417.77893,415.13858,426.50748
6979,417.2924,414.8483,425.614
6980,416.74188,414.49704,424.79327
6981,416.2886,414.23746,423.91086
6982,415.88824,414.01538,422.99677
6983,415.3591,413.69437,422.2191
6984,415.1498,413.6899,421.46475
6985,414.6446,413.3977,420.7045
6986,414.22482,413.1755,419.88876
6987,413.83228,412.97244,419.06476
6988,413.49,412.79675,418.20404
6989,421.41544,425.36667,432.59967
6990,421.11884,425.088,432.017
6991,420.59937,424.67896,431.14148
6992,420.23425,424.3868,430.1392
6993,419.90982,424.12143,429.21884
6994,431.06537,441.5392,450.14728
6995,430.57523,440.86304,447.9096
6996,430.00696,440.19388,446.09546
6997,430.75732,441.52063,446.623
6998,441.2691,457.97543,465.28812
6999,440.05658,456.5227,458.8295
7000,439.07587,455.44177,454.05737
7001,438.2545,454.62302,450.4813
7002,437.54504,453.9754,447.67578
7003,447.87726,470.3973,465.7339
7004,446.99283,470.5476,459.92703
7005,445.73083,469.79813,453.65134
7006,444.73145,469.20535,448.8752
7007,443.92773,468.75226,445.2517
7008,443.13574,468.2837,442.47144
7009,442.4406,467.8953,440.21396
7010,443.42783,470.07877,441.40475
7011,457.93246,492.90564,467.22186
7012,454.62167,493.6656,461.06937
7013,451.58603,492.83405,453.59552
7014,449.31644,491.76328,447.18732
7015,447.69604,490.8776,442.1428
7016,446.3434,489.91544,438.3294
7017,450.59375,497.51147,445.04654
7018,448.85092,496.69904,439.99216
7019,447.6417,496.25647,436.18402
7020,448.16367,497.7125,435.4042
7021,447.94394,498.05502,433.2866
7022,447.05994,497.69592,430.67813
7023,446.10104,497.19116,428.58582
7024,445.17725,496.47974,427.0674
7025,444.32404,495.95023,425.59583
7026,443.61853,495.6124,424.3175
7027,443.1214,495.33176,423.1866
7028,442.3911,494.8724,422.19357
7029,441.7614,494.54578,421.29483
7030,450.9487,509.39014,438.749
7031,450.33768,510.5903,436.2701
7032,448.5732,509.69684,432.0284
7033,447.68646,509.7908,429.59143
7034,446.7983,509.7044,427.38245
7035,445.54724,508.6422,425.08896
7036,444.5015,507.85394,423.3022
7037,443.60022,507.2969,421.77075
7038,442.67792,506.53552,420.47202
7039,442.01978,506.1688,419.68924
7040,444.69592,510.96216,425.08984
7041,443.90692,510.5962,423.22403
7042,442.87378,509.71133,421.58102
7043,441.94968,508.96527,420.20743
7044,441.24435,508.54825,419.02158
7045,440.76077,508.26627,418.7438
7046,440.8238,508.94165,419.04047
7047,439.96597,508.1243,417.99957
7048,439.1331,507.2745,417.08954
7049,438.3024,506.32504,416.28696
7050,437.51453,505.4428,415.57278
7051,436.90085,504.98462,414.91992
7052,436.18475,504.227,414.3279
7053,443.63632,516.1757,428.82492
7054,449.84167,526.95087,439.63663
7055,446.52774,525.22974,433.60577
7056,443.926,521.8168,428.87955
7057,441.93652,518.34357,425.4845
7058,440.56903,516.61084,423.0564
7059,439.2382,514.11554,421.179
7060,438.08926,512.1203,419.72128
7061,437.2657,511.3352,418.52728
7062,436.4446,510.43713,417.49603
7063,436.06747,510.32022,417.11612
7064,435.19916,509.04337,416.25934
7065,434.51202,508.33704,415.50244
7066,433.7958,507.48422,414.82315
7067,433.09378,506.61816,414.21002
7068,436.58133,512.3496,421.16675
7069,436.42642,512.2806,420.4283
7070,436.15707,512.34344,420.0206
7071,435.28488,511.1739,418.8806
7072,442.0815,522.10004,431.7633
7073,452.76575,539.7122,450.95416
7074,446.1464,538.6765,445.27005
7075,440.68393,535.3068,438.14816
7076,437.25946,531.275,432.074
7077,435.15024,528.4995,427.43842
7078,438.00967,533.37244,431.94815
7079,439.8982,537.34955,434.15063
7080,436.6683,532.8052,428.62155
7081,434.47134,528.56915,424.59805
7082,433.04996,525.5864,421.96118
7083,431.73178,522.4098,419.86774
7084,430.68652,520.2881,418.29498
7085,429.58826,517.2205,417.0397
7086,432.09076,521.0858,421.9266
7087,430.86774,517.8973,420.13797
7088,429.67303,514.1641,418.77957
7089,428.68372,511.53976,417.73663
7090,428.41663,511.001,417.65057
7091,433.177,518.2838,426.85913
7092,433.4194,518.7626,426.70975
7093,432.66135,517.5892,424.42
7094,431.8575,516.17255,422.8669
7095,430.93076,514.3941,421.33936
7096,430.13202,513.09924,419.98373
7097,429.4271,511.98535,418.8403
7098,428.41174,509.0449,417.87457
7099,428.71573,509.26532,419.0047
7100,430.15326,511.33456,422.08817
7101,429.52838,510.3028,420.9741
7102,435.4889,519.1758,431.60858
7103,434.169,517.4506,428.09488
7104,432.62518,513.2813,425.47443
7105,431.41003,510.13785,423.608
7106,430.13342,505.9801,422.1946
7107,432.04462,508.7206,426.15265
7108,430.88596,505.6686,424.46085
7109,429.98358,503.86688,423.1461
7110,428.84494,500.06747,422.0705
7111,427.95166,497.92142,421.2183
7112,426.61557,493.02045,420.51215
7113,426.1226,492.2459,419.94574
7114,425.9213,491.13464,420.61234
7115,426.95404,492.6924,422.95282
7116,426.9411,492.6021,423.05502
7117,426.61896,492.032,422.59198
7118,425.91226,490.64728,421.91418
7119,432.46298,500.71722,434.41284
7120,432.81796,501.05185,433.8008
7121,431.71014,498.78726,431.335
7122,430.29227,493.95523,429.47348
7123,429.4571,492.35428,428.10684
7124,429.22617,491.94565,427.66318
7125,428.35373,490.05087,426.58176
7126,427.5799,488.53424,425.65887
7127,426.8858,487.27396,424.84747
7128,426.18927,485.97665,424.12708
7129,425.47482,484.58368,423.48376
7130,424.80322,483.32574,422.89938
7131,424.2046,482.27957,422.35687
7132,423.50436,480.87402,421.86783
7133,422.9203,479.757,421.52127
7134,422.7838,476.42313,423.07397
7135,422.04575,474.84225,422.6315
7136,421.55392,474.00864,422.1821
7137,419.8105,467.57822,421.8506
7138,418.1711,461.25806,421.56888
7139,417.07794,457.44595,421.28577
7140,418.92264,460.18405,425.57748
7141,418.34586,459.1593,425.13303
7142,416.72162,452.67905,424.81735
7143,415.4195,447.3323,424.50232
7144,414.28964,443.6018,424.1741
7145,413.2546,438.4028,424.5225
7146,412.7348,437.6537,424.02167
7147,413.28107,438.53763,425.28867
7148,413.65735,439.03226,425.91666
7149,412.91678,437.6788,425.46683
7150,411.6245,432.91727,425.11584
7151,410.30063,428.06927,424.7526
7152,408.82916,422.2244,424.38556
7153,407.2998,416.1831,423.99173
7154,406.04068,412.4081,423.51047
7155,404.8611,409.26016,422.98212
7156,404.0879,408.12634,422.29794
7157,403.4289,407.2975,421.55704
7158,402.3508,404.81604,420.9813
7159,401.52484,403.5261,420.30045
7160,400.90997,402.80536,419.50836
7161,400.2566,402.01163,418.7477
7162,399.73776,401.45306,417.90207
7163,398.61514,398.7347,417.33545
7164,398.04504,398.12097,416.50674
7165,397.5441,397.6098,415.63538
7166,396.66266,396.14508,414.98834
7167,396.17712,395.66306,414.1087
7168,395.6636,395.15637,413.26794
7169,395.1334,394.63422,412.4535
7170,394.7132,394.2376,411.55383
7171,394.3942,393.9131,410.54483
7172,394.12872,393.69397,409.68448
7173,394.65335,394.616,410.03806
7174,395.302,395.85086,410.99646
7175,394.68887,395.2131,410.30225
7176,393.51047,391.82532,409.9333
7177,392.79767,390.97296,409.25262
7178,393.31473,391.97833,409.83896
7179,394.62662,394.1466,411.72424
7180,393.71945,392.5768,411.11835
7181,392.15054,386.79132,410.6539
7182,391.188,385.06833,409.98322
7183,389.48602,378.62906,409.47455
7184,388.6879,377.62753,408.62146
7185,387.5699,375.24274,407.90552
7186,386.70996,374.05014,407.0634
7187,385.90692,373.0457,406.19287
7188,392.47244,383.4231,417.5955
7189,394.43442,386.47305,420.2125
7190,393.7427,385.58136,419.13492
7191,392.94003,384.2051,418.40628
7192,392.87625,384.06937,417.5542
7193,392.9196,384.22162,416.7207
7194,392.55682,383.90744,415.72073
7195,397.3065,391.2482,425.32178
7196,401.79102,398.1887,432.9132
7197,406.81677,405.7496,441.36334
7198,406.2276,404.31253,440.31927
7199,405.6993,403.10693,438.70752
7200,404.95483,401.6229,437.3774
7201,403.05685,393.67175,436.54785
7202,401.4949,388.36603,435.50092
7203,400.0532,384.06458,434.32172
7204,398.19382,377.27124,433.2265
7205,397.73398,376.7092,431.8291
7206,398.3364,377.7143,431.2932
7207,397.31586,375.98868,429.74402
7208,396.12997,373.5796,428.32132
7209,395.95987,373.38202,426.439
7210,396.74365,374.92773,427.0646
7211,395.84152,373.7056,425.52896
7212,395.44696,373.19104,425.12357
7213,395.24332,373.18658,423.73334
7214,394.22876,371.15173,422.78604
7215,395.59753,373.12115,426.01794
7216,395.2403,372.86148,425.21298
7217,394.7102,372.36642,423.31747
7218,394.78812,372.876,422.95654
7219,401.37833,383.34576,433.9809
7220,402.26953,384.8957,434.69662
7221,403.11462,386.38712,435.77777
7222,404.97482,389.289,437.7202
7223,404.921,389.09967,437.8338
7224,403.68356,386.27682,436.46786
7225,403.04523,385.41946,435.0259
7226,403.1823,385.81287,434.33752
7227,403.86017,387.09348,434.97427
7228,403.46017,386.60135,432.99457
7229,402.76657,385.80148,431.35385
7230,401.88196,383.44888,430.95712
7231,400.75235,381.3456,429.65945
7232,399.91064,380.29294,428.1534
7233,398.91245,378.76685,426.8019
7234,398.26245,378.13715,425.1519
7235,398.10294,378.12503,423.54462
7236,402.36166,384.91052,430.05145
7237,401.95102,384.59668,428.65433
7238,402.84683,386.2775,430.44543
7239,407.58795,393.83737,438.20224
7240,407.1704,393.349,436.68747
7241,408.31815,395.10294,437.83838
7242,407.36462,393.57095,436.45892
7243,406.49945,392.04636,435.4473
7244,406.00552,391.4654,433.58463
7245,404.9472,389.62003,432.35324
7246,404.32947,388.97238,430.75433
7247,403.94077,388.54987,428.83142
7248,403.31775,387.96072,427.3711
7249,405.61575,391.7468,430.56192
7250,407.29007,394.65488,433.10388
7251,414.3222,405.7142,445.15085
7252,413.7012,404.757,443.8245
7253,413.12115,403.9238,442.04337
7254,412.548,403.1578,440.829
7255,414.02448,405.48816,442.45926
7256,414.56583,406.317,442.23767
7257,413.7506,405.15182,440.83316
7258,412.39362,401.66168,439.7614
7259,411.55927,399.35364,439.47565
7260,414.37442,403.88666,443.8086
7261,413.70108,402.9661,442.39862
7262,415.97592,406.6493,445.92725
7263,416.83026,408.05966,447.22153
7264,417.63574,409.29153,447.5454
7265,417.59293,409.20508,446.22675
7266,417.42017,409.0736,445.52258
7267,417.6605,409.5906,445.3304
7268,416.86652,408.4882,443.80545
7269,415.8186,406.62192,442.5166
7270,414.8713,404.6216,441.70303
7271,417.62863,409.12897,446.39166
7272,416.53787,407.03653,445.00232
7273,415.43933,404.9456,443.65244
7274,414.47733,403.40762,442.24326
7275,413.6984,402.26343,441.07535
7276,413.11215,401.58646,439.37683
7277,413.00677,401.6253,438.28625
7278,412.75708,401.40277,436.72745
7279,412.2601,400.9143,435.10977
7280,411.2278,399.26343,434.0189
7281,409.76608,395.3643,433.10364
7282,408.38892,392.0644,432.11234
7283,407.50027,390.98022,430.83484
7284,412.24823,398.50235,438.75366
7285,417.83444,407.26428,448.03928
7286,417.77408,407.23657,446.80368
7287,416.77457,405.5684,445.29068
7288,415.59216,402.9711,444.08023
7289,414.47812,400.9254,442.69272
7290,413.56924,399.63953,441.1876
7291,412.87466,398.8531,439.58054
7292,412.1653,398.07248,437.9987
7293,412.24564,398.53235,437.66113
7294,412.44666,399.0784,437.01834
7295,412.10477,398.8915,435.85043
7296,412.98697,400.5371,436.62305
7297,414.65897,403.1822,439.44434
7298,414.27457,402.7373,437.6041
7299,413.53748,401.9538,436.25317
7300,413.1613,401.5707,434.45132
7301,412.7467,401.20374,432.81396
7302,412.25208,400.8104,431.37476
7303,412.78433,401.76334,432.19354
7304,418.99,411.55463,443.1195
7305,418.65482,411.08044,441.89993
7306,418.11664,410.5179,440.3304
7307,417.64105,410.03644,438.74673
7308,417.2805,409.64566,437.25934
7309,416.94522,409.3091,435.89084
7310,424.3667,420.9159,449.52747
7311,423.8829,420.2575,447.50842
7312,422.8273,418.42044,446.15366
7313,421.91037,417.08826,444.79776
7314,420.88376,415.38727,443.56854
7315,420.42752,414.87198,441.878
7316,420.0889,414.44873,440.69992
7317,419.32178,413.58423,439.4851
7318,418.44543,412.4514,438.38104
7319,417.98428,412.0174,436.9319
7320,417.24805,411.25095,435.8169
7321,416.44354,410.3352,434.77667
7322,415.64178,409.4281,433.7569
7323,415.3359,409.11176,432.749
7324,414.9894,408.79773,431.32587
7325,414.26965,408.1059,430.34485
7326,413.9709,407.83295,429.3605
7327,413.25076,407.15118,428.4256
7328,412.5416,406.49136,427.50092
7329,412.0129,406.10062,426.45355
7330,411.47513,405.70676,425.4421
7331,410.89484,405.26743,424.49182
7332,410.31793,404.83557,423.56
7333,409.7538,404.4227,422.63828
7334,409.24817,404.07767,421.68683
7335,408.7212,403.71494,420.77643
7336,408.0988,403.22726,419.9559
7337,407.72162,402.986,418.92505
7338,407.43744,402.78763,417.85184
7339,407.16806,402.60254,416.93863
7340,408.9425,405.56644,419.99002
7341,409.6277,406.82697,421.04025
7342,409.54294,407.04117,420.6351
7343,409.1591,406.789,419.67334
7344,409.22342,407.06494,419.7822
7345,408.99606,406.8994,419.2534
7346,408.67636,406.68454,418.2454
7347,410.28412,409.34506,421.33594
7348,409.99545,409.12003,420.35092
7349,409.57983,408.84647,419.4749
7350,409.25952,408.62665,418.50302
7351,408.9655,408.4237,417.51627
7352,408.48355,408.1167,416.76193
7353,408.14874,407.9101,415.87674
7354,407.91437,407.78665,415.08383
7355,407.63037,407.60947,414.16846
7356,407.33044,407.44772,413.3365
7357,407.52762,408.18063,413.79776
7358,407.28177,408.01874,413.22583
7359,406.94492,407.83142,412.43707
7360,406.6212,407.65356,411.64984
7361,406.15134,407.38272,411.00842
7362,406.12927,407.79852,411.18314
7363,405.97992,407.78766,410.80048
7364,405.64413,407.60675,410.06766
7365,405.3034,407.4267,409.35437
7366,405.00076,407.26517,408.61276
7367,404.69638,407.10654,407.88812
7368,404.70685,407.32294,408.065
7369,404.32028,407.12384,407.43323
7370,404.02222,406.9697,406.72696
7371,403.59116,406.74106,406.14948
7372,403.22437,406.55826,405.5329
7373,402.9093,406.4025,404.87903
7374,402.66763,406.27197,404.1988
7375,402.36887,406.12793,403.55185
7376,402.10254,405.99673,402.8794
7377,406.99594,413.8267,411.75156
7378,406.87076,413.9377,411.47092
7379,407.29178,414.6655,412.38904
7380,409.34387,417.73145,416.2419
7381,411.07028,420.22397,419.4657
7382,410.95914,420.05103,419.38406
7383,421.6205,436.3704,439.24615
7384,422.69086,437.93246,440.87344
7385,422.25552,437.21875,439.6538
7386,421.8211,436.54504,438.50864
7387,421.4295,435.9327,437.38068
7388,420.9949,435.32388,436.35428
7389,421.83362,436.61026,437.64618
7390,421.6369,436.3291,436.9187
7391,421.21866,435.7528,435.9008
7392,420.8435,435.22635,434.88242
7393,420.52026,434.74744,434.09177
7394,420.0949,434.22946,433.19504
7395,419.73315,433.7747,432.2882
7396,419.36417,433.3256,431.3972
7397,419.04047,432.91354,430.5487
7398,426.23392,444.11688,443.94266
7399,426.41034,444.25778,443.74197
7400,431.5538,452.08786,452.92435
7401,434.57178,456.01025,456.68893
7402,433.82004,454.74252,452.56052
7403,433.2098,453.7983,449.38638
7404,432.53873,452.8996,446.94733
7405,431.92987,452.13342,444.9121
7406,431.46774,451.53763,443.0896
7407,430.88928,450.88535,441.5815
7408,430.39902,450.34143,440.18616
7409,434.38815,456.42447,447.24442
7410,438.5273,462.47797,453.5947
7411,439.3085,463.51376,452.397
7412,438.51758,462.71878,448.58804
7413,437.8141,462.05948,445.65924
7414,437.23242,461.54117,443.26816
7415,436.73578,461.17578,441.43704
7416,437.07578,462.03537,441.42258
7417,438.459,464.55405,443.17795
7418,440.2753,467.52353,445.4552
7419,439.72754,467.2148,443.03125
7420,440.34122,468.6417,443.00034
7421,444.36414,474.9729,449.1252
7422,443.49896,474.459,445.05182
7423,442.63498,473.89847,441.95093
7424,446.77225,480.99927,448.58652
7425,449.27853,486.00668,450.7427
7426,447.78345,485.3218,445.34256
7427,446.65375,484.7984,441.21936
7428,447.97125,487.65134,442.84784
7429,446.9017,487.19556,439.07764
7430,445.88113,486.629,436.18777
7431,444.90387,485.9721,433.90512
7432,444.00784,485.3619,432.04355
7433,443.20007,484.84674,430.47858
7434,442.35132,484.16428,429.1483
7435,441.54892,483.52856,427.99246
7436,442.23398,485.2033,429.5757
7437,454.6617,504.90912,452.32394
7438,452.02252,504.82187,446.23035
7439,464.62674,526.66113,467.3491
7440,453.78275,524.60004,459.6007
7441,446.42215,521.9201,451.71844
7442,456.0101,540.7096,469.67715
7443,447.72055,541.03864,468.3656
7444,435.98587,527.7304,460.15717
7445,430.05643,514.58545,452.2849
7446,427.24887,504.2482,445.46936
7447,425.67184,497.67914,440.51288
7448,424.42517,492.4188,437.20517
7449,423.64008,489.5341,434.9088
7450,423.18982,487.5461,433.46536
7451,424.16763,487.70514,434.46524
7452,423.45636,485.37018,432.9849
7453,426.4497,489.10464,438.2492
7454,429.0322,491.77258,441.59793
7455,428.7145,490.2758,439.21613
7456,427.6291,487.1265,436.62665
7457,429.28046,489.0357,439.0787
7458,431.36142,491.63867,441.63235
7459,430.16202,488.58707,438.3898
7460,428.8912,484.44946,436.04565
7461,427.8438,481.56686,434.32846
7462,427.03625,479.80933,432.9531
7463,426.4138,478.5919,431.76804
7464,425.4687,476.06372,430.78778
7465,424.37097,472.3845,429.97296
7466,423.38345,469.5055,429.28375
7467,423.41226,469.4113,429.56467
7468,425.00333,471.67773,432.50208
7469,426.13034,473.1852,434.4631
7470,425.64056,472.17462,433.34036
7471,424.941,470.7743,432.373
7472,424.35162,469.6617,431.49
7473,423.93585,468.84628,430.94672
7474,422.84506,465.2122,430.29178
7475,422.11105,463.71762,429.66156
7476,421.36597,462.17648,429.08057
7477,420.82733,461.03647,428.84344
7478,420.9929,461.14636,429.28876
7479,420.1245,459.015,428.76828
7480,419.6722,458.1883,428.17926
7481,419.0715,457.10483,427.66397
7482,418.17413,454.81387,427.22705
7483,417.69333,453.97586,426.7116
7484,417.83328,454.03427,427.03577
7485,416.8072,450.93152,426.64243
7486,415.19418,444.3465,426.31592
7487,413.5488,437.6217,425.99908
7488,412.3259,433.4838,425.62936
7489,412.35364,433.55664,425.8293
7490,413.8129,435.3735,429.6994
7491,412.89374,433.24597,429.1928
7492,412.11108,431.73526,428.6483
7493,411.17096,429.5254,428.14847
7494,410.27737,427.56897,427.63153
7495,408.8794,422.25476,427.20776
7496,407.87198,419.83585,426.67477
7497,407.28693,418.9745,425.96454
7498,406.79187,418.2624,425.20108
7499,407.76752,419.836,427.44565
7500,409.38666,422.1617,430.22656
7501,408.6421,420.8079,429.53806
7502,407.67426,418.5513,428.9316
7503,406.4676,414.8845,428.37598
7504,409.75842,419.80515,433.9785
7505,409.43396,419.02936,432.83905
7506,410.83246,421.09592,435.64685
7507,422.31265,438.46915,456.80237
7508,421.83954,436.27222,453.84308
7509,421.23306,434.37833,451.5225
7510,428.61838,445.01456,463.91504
7511,430.05933,445.7864,462.74173
7512,434.64615,451.9006,467.739
7513,433.56067,449.0904,461.88113
7514,433.65945,448.864,458.91003
7515,433.02072,447.72327,455.06848
7516,432.17545,446.35654,452.10858
7517,433.90637,449.0927,453.80518
7518,433.6768,448.72363,451.54248
7519,432.972,447.8268,448.96973
7520,432.26535,446.9747,446.87143
7521,432.379,447.41907,446.621
7522,431.89792,446.86246,444.72205
7523,431.12216,445.92786,443.23782
7524,429.8648,442.91147,442.06375
7525,427.88403,436.21643,441.14276
7526,425.9792,429.54123,440.34775
7527,425.27457,428.82178,439.28595
7528,424.8516,428.47543,438.16992
7529,428.28952,434.0341,444.023
7530,427.78134,433.52313,442.57993
7531,427.46573,432.03665,443.39093
7532,427.99588,433.10297,444.7546
7533,427.49957,432.58145,443.2415
7534,428.3823,434.2431,444.50272
7535,439.6892,451.91016,464.84073
7536,438.69128,450.63547,458.89334
7537,443.28403,458.04684,464.31445
7538,441.111,452.18292,458.3609
7539,439.2334,446.7925,454.30273
7540,439.3887,447.55652,452.9034
7541,439.26157,447.86557,451.57437
7542,439.34222,448.53806,450.4026
7543,438.5937,447.39594,448.91034
7544,437.35043,445.22305,446.92188
7545,435.37018,438.9499,445.419
7546,434.1458,436.73358,444.1086
7547,431.13834,428.78,443.17993
7548,428.6361,421.30032,442.35626
7549,427.54993,419.7354,441.28152
7550,426.6721,418.83725,440.1499
7551,425.31433,415.93002,439.25003
7552,424.12845,413.9228,438.30075
7553,423.2309,412.97275,437.23535
7554,423.32535,413.51047,436.7125
7555,421.46432,407.4139,435.9945
7556,420.87888,407.0585,434.65436
7557,419.00064,401.03683,433.9195
7558,417.84647,399.30807,432.89767
7559,416.3443,395.80298,432.00156
7560,416.26367,396.068,430.78076
7561,417.74582,398.83206,432.71582
7562,417.4526,398.99142,432.33075
7563,420.9282,404.88763,438.2137
7564,420.38455,404.5505,436.6446
7565,419.71194,404.08444,435.29095
7566,418.84537,403.25467,434.13614
7567,417.4101,400.01785,433.25455
7568,416.7753,399.6149,431.8981
7569,416.39108,399.4122,430.2508
7570,416.98062,400.7117,432.15417
7571,415.85745,398.5288,431.5414
7572,413.89688,392.06534,430.78577
7573,412.24716,386.40152,430.48514
7574,410.30817,380.52734,429.53436
7575,410.51245,381.32687,428.56857
7576,411.16614,382.9907,429.2567
7577,410.28622,382.24594,427.79282
7578,409.50034,381.69016,426.29285
7579,412.5381,386.89197,430.86887
7580,412.40134,387.30478,430.65472
7581,414.026,390.4258,433.80487
7582,413.54443,390.23782,433.06595
7583,411.97177,386.41843,432.00928
7584,410.3807,382.36993,431.009
7585,409.21292,380.7,429.65085
7586,407.77975,377.79712,428.43445
7587,406.5506,375.89612,427.0885
7588,405.66528,373.2803,427.2099
7589,403.93036,368.79422,426.00986
7590,402.6972,366.96744,424.49603
7591,401.91425,366.42245,422.7901
7592,402.4285,364.3635,426.37427
7593,407.92322,373.52985,435.5322
7594,407.6092,373.36987,433.45386
7595,406.7676,372.69165,431.37405
7596,406.28174,372.43768,428.8092
7597,407.98984,375.51495,430.20947
7598,407.36334,375.17014,428.1338
7599,406.2667,373.40674,427.0817
7600,405.5664,372.99115,425.21188
7601,404.49536,371.7374,423.76367
7602,403.29218,369.98877,422.4221
7603,402.47144,369.3587,420.95853
7604,401.58884,368.6239,419.45242
7605,400.16748,365.81702,418.30103
7606,398.96375,364.05243,417.01758
7607,410.39478,382.13977,436.69257
7608,409.6797,381.59082,434.7116
7609,408.65378,380.36227,433.06808
7610,409.15485,381.59814,432.64053
7611,411.51965,385.48517,436.3189
7612,410.88562,385.04285,434.3658
7613,410.31424,384.67496,432.36285
7614,409.3013,383.47577,430.92313
7615,408.24344,382.12766,429.54263
7616,407.16205,380.53094,428.37497
7617,406.4257,379.9125,427.20255
7618,406.688,380.72855,426.3541
7619,406.4629,380.8071,424.7127
7620,407.46167,382.73505,425.23416
7621,408.11542,384.35727,426.14978
7622,407.98837,384.76993,425.78607
7623,407.3038,384.31384,424.5088
7624,406.60257,383.47763,424.0564
7625,408.17584,386.44836,426.39386
7626,407.66785,386.24683,425.40445
7627,409.19907,389.17377,427.87827
7628,409.53192,390.21228,428.03885
7629,409.0613,389.9355,426.43106
7630,408.57336,389.6602,424.91916
7631,407.0836,385.97983,424.08347
7632,405.90524,384.02914,423.0906
7633,405.31152,383.6806,421.6844
7634,404.10202,381.5766,420.73065
7635,403.3989,381.08667,419.46335
7636,403.20724,381.0672,418.29956
7637,405.05026,384.2735,420.62653
7638,405.06992,384.81952,420.16873
7639,407.5147,389.1357,424.32303
7640,408.5289,391.26782,426.26437
7641,408.00406,390.94348,424.8587
7642,407.11002,389.9635,423.81512
7643,408.08972,392.0248,425.581
7644,407.45065,391.56366,424.37738
7645,406.50687,390.39948,423.393
7646,405.66986,389.54752,422.35568
7647,404.64383,388.0753,421.43265
7648,404.0125,387.63147,420.257
7649,403.722,387.4425,418.86288
7650,404.65182,389.19785,419.67682
7651,405.4956,390.71133,420.88983
7652,405.18903,390.51804,419.3958
7653,404.92004,390.504,419.61304
7654,407.23892,394.4592,423.25717
7655,407.12192,394.48718,422.5548
7656,409.35294,398.13916,426.35287
7657,414.76755,406.8263,435.6831
7658,414.2342,406.33606,434.32602
7659,413.73428,405.89426,432.97302
7660,413.30585,405.52188,431.56882
7661,412.44717,404.4751,430.6019
7662,411.53677,403.26688,429.6737
7663,410.50723,401.61185,428.8063
7664,409.64676,400.5616,427.8543
7665,408.89923,399.79977,426.85406
7666,408.79962,399.79553,426.2723
7667,409.63138,401.31833,426.98965
7668,408.85208,400.48627,426.04318
7669,410.39474,403.30884,428.939
7670,410.95874,404.53787,429.72263
7671,410.50345,404.1565,429.34985
7672,409.66104,403.09274,428.42526
7673,408.78275,401.91837,427.52798
7674,408.25803,401.46906,426.3806
7675,407.40176,400.3701,425.50247
7676,406.76132,399.77966,424.49567
7677,406.1473,399.2362,423.48868
7678,412.51175,409.32275,434.65942
7679,412.5347,409.55804,434.3115
7680,411.86368,408.76907,433.22162
7681,412.56125,410.06467,434.14856
7682,413.37283,411.32654,435.29718
7683,412.87598,410.75272,434.04
7684,412.55246,410.33234,432.62802
7685,411.90295,409.61523,431.5982
7686,411.98648,409.88928,431.08847
7687,415.01038,414.579,436.81976
7688,415.85928,415.88565,437.93027
7689,415.2739,415.17,436.7479
7690,414.6824,414.4678,435.60834
7691,414.07312,413.75845,434.5173
7692,413.72794,413.29984,433.12946
7693,413.08795,412.5876,432.13223
7694,412.50687,411.95245,431.4264
7695,411.84506,411.21298,430.4789
7696,411.27866,410.63232,429.47678
7697,410.72318,410.07645,428.48798
7698,410.1491,409.5058,427.5363
7699,409.67935,409.06058,426.5091
7700,409.30862,408.69568,425.3857
7701,410.49734,410.6307,427.39203
7702,410.76968,411.14136,427.57812
7703,410.36615,410.74597,426.50778
7704,409.88318,410.30396,425.55273
7705,409.56293,409.9749,424.4142
7706,409.08505,409.56427,423.50375
7707,408.7593,409.2592,422.4308
7708,408.56558,409.16284,421.60376
7709,409.16132,410.40933,422.61197
7710,416.6712,422.2843,436.2877
7711,428.59702,440.65045,458.58447
7712,428.16827,439.23846,456.0088
7713,427.43326,437.7558,453.2029
7714,426.9067,436.69406,450.72293
7715,426.3431,435.72934,448.6706
7716,425.7628,434.83038,446.89615
7717,425.18283,433.99124,445.3115
7718,424.63562,433.23477,443.8416
7719,425.02652,433.8644,443.81866
7720,424.5961,433.25598,442.3396
7721,424.04083,432.57986,441.09604
7722,423.67816,432.07297,439.93124
7723,423.15796,431.48465,438.79956
7724,422.6415,430.91824,437.72183
7725,422.13892,430.38135,436.6817
7726,421.77786,429.95697,435.5324
7727,423.76492,433.23996,438.95618
7728,422.9548,432.1127,438.0555
7729,422.364,431.4568,437.0771
7730,421.95828,430.99313,435.9792
7731,421.45703,430.474,435.02002
7732,421.61496,430.85483,434.89722
7733,422.39832,432.13516,436.4701
7734,422.0842,431.72168,435.78394
7735,421.72632,431.30356,434.6935
7736,421.75024,431.46448,434.48175
7737,421.8082,431.7743,434.4018
7738,422.97427,433.7895,436.35867
7739,428.41162,442.1122,446.48093
7740,428.04465,441.47156,445.3209
7741,427.75116,441.0072,444.1578
7742,427.37527,440.43756,442.96622
7743,427.0235,439.91003,442.03128
7744,426.599,439.37155,440.67548
7745,426.16888,438.86044,439.4284
7746,425.71152,438.35522,438.29147
7747,427.72144,441.5741,441.832
7748,427.32507,441.06552,440.512
7749,427.49014,441.4359,440.3855
7750,427.03928,440.93054,439.17166
7751,426.69257,440.50183,438.34988
7752,426.44177,440.23904,437.67938
7753,427.94574,442.49362,440.3874
7754,427.48715,441.98828,439.17453
7755,427.12186,441.5567,438.19205
7756,427.18182,441.76608,438.24313
7757,427.09427,441.7869,437.732
7758,431.59756,448.87872,446.08383
7759,431.072,448.23227,444.2475
7760,435.13788,454.53387,451.32074
7761,435.8018,455.23764,450.80014
7762,435.6239,454.73364,448.76303
7763,435.1361,454.1577,446.6622
7764,434.61932,453.61536,444.4865
7765,434.0244,453.04547,442.71182
7766,433.40283,452.46024,441.19156
7767,432.8484,451.966,439.83145
7768,435.36084,456.16208,444.0699
7769,435.15634,456.20267,442.92972
7770,434.66995,455.77536,441.24933
7771,434.38165,455.6849,440.18625
7772,433.93463,455.35468,438.9286
7773,433.4777,454.9866,437.67798
7774,439.5004,464.59613,448.6283
7775,439.23254,464.21353,446.1947
7776,438.5043,463.59854,443.63306
7777,437.81018,463.02567,441.54886
7778,437.2194,462.5704,439.76132
7779,437.6224,463.58835,439.84253
7780,437.35284,463.28708,438.60056
7781,436.8531,462.93112,437.12744
7782,436.22586,462.45282,435.88782
7783,435.75732,462.12912,434.70715
7784,435.3014,461.8193,433.6307
7785,434.732,461.40738,432.69812
7786,434.21967,461.05487,431.8161
7787,435.97626,464.15314,435.0276
7788,435.36954,463.68497,433.9516
7789,434.76913,463.21857,432.975
7790,434.19135,462.7766,432.07446
7791,433.65582,462.38205,431.22894
7792,433.1672,462.03354,430.42462
7793,432.6641,461.66977,429.67828
7794,433.36093,463.11475,431.04834
7795,432.9387,462.80682,430.2174
7796,432.48688,462.4806,429.45493
7797,431.89084,461.96576,428.88806
7798,438.90143,473.00598,441.91483
7799,438.22955,472.4504,439.58694
7800,437.47476,471.76767,437.71307
7801,436.74197,471.0955,436.1369
7802,436.08478,470.53217,434.765
7803,436.7532,471.97903,435.77914
7804,436.38757,471.859,434.85532
7805,435.59705,471.00003,433.6324
7806,434.80573,470.09763,432.56168
7807,434.14957,469.4884,431.58322
7808,433.7686,469.30164,431.05627
7809,437.07025,474.6357,437.02737
7810,436.57843,474.18524,435.39706
7811,437.25574,475.6242,436.21375
7812,439.12494,478.9222,439.11008
7813,438.04205,477.33133,437.00342
7814,437.39066,476.7993,435.23596
7815,436.44244,475.47934,433.80023
7816,435.47314,473.95978,432.5915
7817,434.68558,473.04642,431.53152
7818,434.0012,472.36362,430.57373
7819,436.68692,476.9026,435.68912
7820,435.6905,475.19757,434.2927
7821,434.7314,473.67252,433.05353
7822,433.56842,470.86078,432.0188
7823,432.7537,469.76636,431.11172
7824,432.05838,468.9925,430.27756
7825,431.38266,468.24707,429.51236
7826,432.32727,470.02466,431.4348
7827,431.55237,468.99734,430.5936
7828,430.92273,468.32452,429.8032
7829,430.32443,467.70123,429.06772
7830,429.84512,467.24164,428.34943
7831,428.8399,465.01312,427.776
7832,427.62006,461.23383,427.2759
7833,426.60312,458.90686,426.80984
7834,425.8114,457.6961,426.34332
7835,425.21335,457.03778,425.85672
7836,424.30463,455.26688,425.4458
7837,423.64438,454.4474,425.00693
7838,422.88547,453.308,424.60114
7839,421.8114,450.49316,424.25113
7840,424.22702,454.45337,429.0009
7841,423.5319,453.21274,428.74652
7842,422.41562,450.12723,428.29874
7843,421.30804,447.12912,427.8711
7844,420.7602,446.48862,427.33246
7845,420.30054,445.98425,426.92505
7846,423.95908,451.76938,433.7965
7847,425.17584,453.73694,436.2063
7848,424.38446,452.34848,435.37842
7849,423.33826,449.73416,434.66724
7850,422.4605,448.00464,433.98074
7851,421.37772,445.1613,433.37445
7852,419.95508,439.82672,432.84955
7853,418.82147,436.7873,432.30505
7854,417.82397,434.58835,431.74268
7855,416.7114,431.73682,431.21176
7856,415.64835,429.21695,430.66974
7857,414.44724,425.8589,430.1539
7858,413.85373,425.11334,429.42276
7859,413.00195,423.6665,428.8147
7860,412.21454,422.44864,428.184
7861,411.52945,421.52173,427.5124
7862,411.82483,422.01474,427.6954
7863,411.1932,421.20926,427.0046
7864,410.71274,420.57135,426.80045
7865,418.68777,432.91425,441.34122
7866,418.74353,432.41544,442.19806
7867,418.1697,431.31625,441.02673
7868,417.54843,430.18866,439.95108
7869,417.0651,429.3099,438.94165
7870,415.9497,426.24057,438.22787
7871,415.2381,425.02774,437.29733
7872,417.237,427.99527,440.5675
7873,416.56656,426.77756,439.6491
7874,416.00717,425.81796,438.55667
7875,418.06815,427.64554,443.79282
7876,417.65063,426.6917,442.31
7877,417.31677,425.9719,441.15945
7878,416.36035,423.9351,440.21066
7879,415.7865,422.98743,439.06354
7880,415.1735,422.0008,438.1271
7881,414.68558,421.21793,436.9677
7882,423.01944,434.072,452.03055
7883,428.0702,437.4436,463.04126
7884,427.22202,434.40964,459.85995
7885,442.65634,457.56952,486.33627
7886,440.156,453.05896,477.26306
7887,438.57578,450.20416,468.60803
7888,437.97525,448.77814,463.75058
7889,435.93985,442.15482,458.78656
7890,434.60852,439.4387,455.35785
7891,433.78546,438.45233,452.54865
7892,430.92773,430.49924,450.7399
7893,429.65887,427.89334,449.1135
7894,428.66998,426.4877,447.56488
7895,426.8084,420.0567,446.42508
7896,430.74872,426.4992,452.95474
7897,429.4255,423.0387,451.5189
7898,427.39655,416.02145,450.11353
7899,425.4709,409.72607,448.81967
7900,423.62335,404.1295,447.54456
7901,423.38232,404.02094,446.1471
7902,431.7009,417.09613,461.19714
7903,432.3285,418.09198,461.0393
7904,430.63132,413.64325,458.4035
7905,428.6483,407.5085,456.32593
7906,426.65497,401.4929,454.48697
7907,424.39496,394.17404,452.82993
7908,422.72028,390.38892,450.9013
7909,421.68546,389.30365,448.51886
7910,420.83984,388.6355,446.06073
7911,421.92938,390.8003,446.39423
7912,425.2093,396.28986,451.16187
7913,427.568,400.14056,455.2161
7914,427.54614,400.38602,454.1024
7915,427.11353,400.05344,452.0679
7916,426.26242,399.35416,449.7311
7917,425.43112,398.70526,447.5474
7918,424.63278,398.1228,445.47272
7919,423.5253,396.81946,443.7998
7920,422.63577,396.0852,442.01358
7921,420.9195,391.88968,440.7704
7922,419.8647,390.76974,439.13647
7923,418.92142,389.9402,437.46725
7924,417.78757,388.5567,435.99744
7925,416.5365,386.72516,434.62476
7926,415.23062,384.65887,433.2902
7927,413.5375,380.6032,432.11838
7928,412.25787,378.69556,430.70224
7929,410.79446,375.94147,429.38354
7930,409.08337,371.892,428.1436
7931,407.72568,369.70895,426.68042
7932,406.9357,369.23148,424.83615
7933,405.73758,367.68564,423.34985
7934,405.12076,367.42654,421.3268
7935,404.46204,367.131,419.4731
7936,403.41818,366.0755,418.0646
7937,402.35733,364.95926,416.6976
7938,401.71738,364.69162,415.01587
7939,402.94263,367.14334,416.1534
7940,402.28503,366.85815,414.6536
7941,401.17093,365.5183,413.4768
7942,401.70605,367.0848,414.4202
7943,403.6425,370.78653,418.25662
7944,407.00003,376.48947,423.3332
7945,405.96368,375.3408,422.04288
7946,405.4343,375.1482,420.40222
7947,411.28525,384.72083,430.25516
7948,413.81696,388.92776,434.25763
7949,414.53687,390.53683,434.5484
7950,414.95074,391.73553,435.46512
7951,415.42236,392.75803,435.50766
7952,416.50128,394.9139,436.55997
7953,416.34225,395.0935,435.12753
7954,416.36438,395.72208,435.10007
7955,423.02832,406.40552,446.34204
7956,421.73282,403.87692,445.0279
7957,420.11447,399.68555,443.8009
7958,419.29907,398.92813,442.07098
7959,418.6303,398.41644,440.25894
7960,417.81213,397.6787,438.69376
7961,421.15967,403.0947,444.3875
7962,422.95398,406.06897,447.13043
7963,423.2519,406.84186,446.3052
7964,422.81537,406.5956,444.59912
7965,422.249,406.15332,443.67645
7966,421.50928,405.5144,442.06577
7967,420.71902,404.79663,440.5777
7968,420.12152,404.36737,438.95172
7969,418.37292,399.23242,438.02145
7970,417.8169,398.87637,436.30518
7971,417.39432,398.6411,434.51752
7972,416.37665,397.3997,433.3591
7973,415.334,396.06833,432.2306
7974,414.4476,395.11093,431.21143
7975,418.2224,401.3125,437.1728
7976,420.94702,406.05585,441.86368
7977,421.6576,407.4824,442.04953
7978,420.94327,406.87317,440.54648
7979,420.73688,405.89975,441.56183
7980,419.40298,403.17844,440.42844
7981,419.0432,402.90378,438.80142
7982,420.92105,406.0968,441.4365
7983,420.76517,406.09836,440.45145
7984,419.737,404.72876,439.2257
7985,418.76273,403.53516,437.9949
7986,417.40414,400.67035,436.9689
7987,416.1222,398.234,435.89493
7988,415.488,397.78027,434.3699
7989,415.22418,397.6297,433.23126
7990,414.90945,397.64648,432.13345
7991,418.00168,402.99158,438.01312
7992,418.80692,404.49893,438.69467
7993,418.47238,404.21307,437.43567
7994,417.8967,403.80487,435.96924
7995,417.38644,403.46237,434.4535
7996,417.05276,403.22327,433.1563
7997,419.9925,408.11682,437.71262
7998,430.26804,424.2578,456.34827
7999,430.21213,424.17722,455.13394
8000,429.83047,423.63358,453.41748
8001,429.3992,423.10995,451.4276
8002,427.4716,416.56134,450.00824
8003,425.73895,411.4722,448.67273
8004,425.2097,411.02472,446.56625
8005,424.7947,410.67508,444.77805
8006,424.35403,410.3418,442.79947
8007,424.03564,410.078,441.89426
8008,423.7756,409.90146,441.17633
8009,423.47983,409.70364,440.21472
8010,426.70792,414.91928,446.1401
8011,428.1296,417.30164,448.58295
8012,430.12927,420.77936,451.28012
8013,430.3263,421.44476,450.4303
8014,429.52853,420.6699,448.62872
8015,429.2519,420.58936,446.9675
8016,430.09344,422.21866,447.57742
8017,429.82047,422.12628,446.09116
8018,428.6464,420.2124,444.83917
8019,427.5336,418.5461,443.63193
8020,426.4451,416.96674,442.47003
8021,425.22098,414.79108,441.40732
8022,424.0682,412.9401,440.34116
8023,423.7146,412.68076,439.1177
8024,423.3285,412.42368,437.59937
8025,423.00116,412.20135,436.61356
8026,421.93362,410.69638,435.66644
8027,420.84552,409.1035,434.73834
8028,419.81915,407.7417,433.79047
8029,418.88495,406.6811,432.8083
8030,417.87555,405.36554,431.8764
8031,422.86078,413.3197,440.99402
8032,422.48495,413.00647,439.53342
8033,421.7028,412.26614,438.33685
8034,420.86597,411.40317,437.21646
8035,419.9298,410.26218,436.18314
8036,418.9909,409.10828,435.17123
8037,418.5132,408.78134,433.80096
8038,417.5631,407.59058,432.85284
8039,416.61533,406.4024,431.91467
8040,415.79968,405.58817,430.9161
8041,415.00342,404.8175,429.9245
8042,414.83987,404.8374,428.95764
8043,414.2425,404.42453,427.87405
8044,413.44183,403.64685,426.9603
8045,412.98685,403.37317,425.77542
8046,412.44928,403.03836,424.7177
8047,411.60867,402.1538,423.89145
8048,410.76398,401.25217,423.07492
8049,410.25522,400.94794,422.0363
8050,418.75876,414.35217,437.50546
8051,418.42978,413.9914,436.38834
8052,417.61945,413.05045,435.37875
8053,416.98514,412.4642,434.2709
8054,416.3231,411.84167,433.21686
8055,415.59732,411.10538,432.2342
8056,415.2121,410.7733,430.9335
8057,414.58585,410.2316,429.9398
8058,415.76013,412.2551,431.59305
8059,415.00977,411.46594,430.68793
8060,414.55777,411.1037,429.5537
8061,414.10132,410.7501,428.45938
8062,413.481,410.2245,427.54315
8063,412.84314,409.6732,426.65805
8064,417.82764,417.59552,435.4677
8065,418.083,418.07773,435.72787
8066,420.4663,421.81592,440.21536
8067,419.99048,421.27045,438.90036
8068,420.36078,421.96497,438.8838
8069,419.92697,421.4823,437.5876
8070,419.44308,420.98752,436.40735
8071,418.97214,420.52158,435.25818
8072,418.49744,420.0692,434.15463
8073,417.99326,419.605,433.11768
8074,417.4713,419.1341,432.1285
8075,416.98175,418.7039,431.13797
8076,416.5576,418.33456,430.10776
8077,416.20593,418.01605,429.01474
8078,415.72046,417.6241,428.10657
8079,415.15103,417.14377,427.28568
8080,414.71094,416.79956,426.3753
8081,414.3063,416.48682,425.45056
8082,413.9838,416.22208,424.44492
8083,413.4656,415.8305,423.66733
8084,413.02698,415.51587,422.8402
8085,412.72745,415.27884,421.87708
8086,412.38428,415.03516,420.98953
8087,412.05295,414.80362,420.1084
8088,411.76807,414.59512,419.26785
8089,411.68164,414.72467,418.79672
8090,411.19196,414.40042,418.11472
8091,410.9296,414.2103,417.50714
8092,410.65988,414.05185,416.70203
8093,410.37277,413.89343,415.939
8094,410.07816,413.7092,415.12924
8095,410.14252,414.1967,415.30722
8096,409.78705,413.98895,414.5887
8097,414.83032,422.04694,423.6838
8098,414.47485,421.76392,422.8791
8099,414.0923,421.473,422.1194
8100,413.80246,421.22885,421.35147
8101,413.51715,420.99347,420.6225
8102,413.23187,420.76465,419.88226
8103,412.97684,420.55417,419.46045
8104,421.12393,433.33734,434.78183
8105,427.26837,442.6997,446.2341
8106,427.7782,443.3846,446.36246
8107,427.19785,442.52356,444.7214
8108,426.71857,441.81036,443.17822
8109,446.97272,473.11435,480.5478
8110,451.46667,481.65457,486.59583
8111,445.15405,477.30743,477.31262
8112,441.90314,473.76358,468.87286
8113,441.68527,473.83887,464.35034
8114,443.26956,476.6768,463.1463
8115,441.61066,475.04843,456.02866
8116,444.5031,480.1823,458.03796
8117,443.39847,479.6534,452.4894
8118,442.11417,478.57635,447.37637
8119,441.11896,477.77408,443.52338
8120,440.28568,477.12823,440.56427
8121,439.44995,476.41956,438.24188
8122,441.2931,479.60294,440.69873
8123,440.7605,479.3337,438.3522
8124,440.13947,478.91016,436.19833
8125,440.85104,480.56302,436.88132
8126,441.98624,482.57135,437.9126
8127,444.15256,486.2373,440.6489
8128,443.65958,485.85165,437.81836
8129,446.0429,489.97052,440.8287
8130,446.38242,491.57202,439.9219
8131,446.04,492.14902,437.82712
8132,447.01974,494.55756,438.2067
8133,445.9225,494.02405,434.92776
8134,445.76022,494.7607,433.81625
8135,452.6369,506.03107,445.36618
8136,450.8832,505.63574,439.7819
8137,449.64383,505.28894,435.32138
8138,449.01083,505.40942,432.33347
8139,447.89566,504.99368,429.35016
8140,447.13562,504.72513,427.09183
8141,446.14923,504.20593,425.14032
8142,445.2688,503.75626,423.5166
8143,444.34064,503.06332,422.14493
8144,443.36237,502.0306,420.97546
8145,442.50735,501.29572,419.96484
8146,441.8302,500.91437,419.06094
8147,440.9738,499.9925,418.26144
8148,440.8247,500.36215,418.38843
8149,444.33618,506.10406,424.8856
8150,443.31308,505.2124,423.24634
8151,442.36447,504.36237,421.8768
8152,441.3792,503.17636,420.71475
8153,440.65436,502.6957,419.70474
8154,439.99475,502.28946,418.8008
8155,439.27597,501.71964,417.99316
8156,438.65628,501.31406,417.2559
8157,438.2262,501.1738,416.94028
8158,439.60764,503.8274,419.97104
8159,438.81497,502.59573,419.38348
8160,437.98007,501.61725,418.54535
8161,437.12228,500.43997,417.80533
8162,436.33264,499.45996,417.1455
8163,435.48422,498.1404,416.5549
8164,434.75937,497.2759,416.0185
8165,434.04437,496.40125,415.52606
8166,433.32736,495.47726,415.07257
8167,432.69836,494.8067,414.64697
8168,432.08704,494.16055,414.24704
8169,431.3685,493.12372,413.87906
8170,430.79865,492.5407,413.52475
8171,431.7461,494.3303,415.83246
8172,434.41248,498.44684,420.7664
8173,433.92474,497.97568,419.95987
8174,433.46558,497.5829,419.5881
8175,433.1616,497.43378,419.4741
8176,432.452,496.52472,418.80978
8177,431.716,495.47034,418.21072
8178,431.54504,495.4957,418.28857
8179,431.60025,495.84396,418.90903
8180,431.845,496.4933,419.78424
8181,431.00507,494.93005,419.1431
8182,430.4076,493.93698,418.8701
8183,429.6813,492.7928,418.3298
8184,428.9164,491.43237,417.84058
8185,436.15656,502.7021,431.47635
8186,435.31876,501.79492,429.1899
8187,434.25516,499.5557,427.5222
8188,433.49402,498.61816,426.0634
8189,432.45758,496.31406,424.8366
8190,431.5646,494.64984,423.82382
8191,430.9337,493.8541,422.9346
8192,430.27853,492.9714,422.14374
8193,429.21378,489.76825,421.46304
8194,428.13013,486.2807,420.89557
8195,428.6833,487.28745,422.4035
8196,427.9841,486.0995,421.86685
8197,431.2761,491.326,428.337
8198,430.6819,490.518,427.14322
8199,429.66617,487.47156,426.29874
8200,429.01834,486.52194,425.43756
8201,428.4602,485.7495,424.65323
8202,427.89627,484.94785,423.98993
8203,427.29108,484.05612,423.34445
8204,426.56976,482.77533,422.76718
8205,425.67154,480.53903,422.2567
8206,424.97885,479.31842,421.78204
8207,432.22473,490.5776,435.54126
8208,442.33994,506.07846,453.28876
8209,440.00552,504.13934,446.97
8210,437.7489,499.79126,441.37802
8211,435.841,494.7445,437.3635
8212,434.4469,491.2151,434.62408
8213,433.2648,488.46802,432.62753
8214,432.28235,486.58627,431.07526
8215,431.57944,485.63104,429.7732
8216,431.09708,484.99277,429.052
8217,430.23068,483.38074,428.04602
8218,429.65793,482.63483,427.136
8219,429.7893,482.97314,427.4994
8220,429.18646,482.1603,426.65158
8221,439.8757,498.83517,446.74792
8222,437.43,493.01126,441.7415
8223,435.4217,487.376,438.23062
8224,434.46707,485.99387,435.81754
8225,438.36206,492.24432,442.34204
8226,437.65286,491.62216,439.11237
8227,437.17688,491.31796,436.93344
8228,434.99664,485.24512,434.5199
8229,433.85202,482.6815,432.85495
8230,435.72577,485.8427,436.22906
8231,436.27988,486.68832,437.1195
8232,433.83765,480.00372,435.0248
8233,432.07123,474.28033,433.60602
8234,431.14188,472.56882,432.5136
8235,430.23236,470.88403,431.57068
8236,429.43613,469.63138,430.7285
8237,428.7076,468.5806,429.96024
8238,428.1218,467.8654,429.22833
8239,427.64902,467.3131,428.51538
8240,428.47214,468.77795,430.3102
8241,428.45355,466.1892,432.02347
8242,426.5023,459.67245,431.35297
8243,424.83255,453.5694,430.80612
8244,425.02905,454.07,431.5978
8245,429.84445,461.6926,440.76767
8246,434.6267,469.1258,449.1583
8247,432.29968,462.0458,446.0915
8248,430.28748,455.3598,444.08563
8249,428.55664,449.09756,442.65967
8250,427.25336,445.33585,441.51492
8251,427.78314,446.19067,441.90463
8252,425.7443,439.23306,440.971
8253,424.60904,436.13165,440.2959
8254,423.42313,433.27527,439.4481
8255,423.68057,433.82993,439.61664
8256,423.15146,433.22385,438.59784
8257,427.9258,440.83014,447.42056
8258,429.7166,443.57114,449.73468
8259,436.43304,454.00616,461.27505
8260,435.68787,452.7474,456.8594
8261,434.4232,450.19046,453.14758
8262,433.58594,449.04562,450.25983
8263,432.61572,447.545,448.0283
8264,437.54376,455.35248,456.08496
8265,436.6455,454.2156,452.2459
8266,434.1002,446.9344,449.57428
8267,431.94458,440.0911,447.75598
8268,430.7048,437.4456,446.2532
8269,428.75592,430.77298,445.09012
8270,425.9808,422.7564,444.19675
8271,426.76526,424.3631,445.42813
8272,426.08655,423.69113,444.0216
8273,427.75623,426.60968,446.59967
8274,427.00516,425.77316,445.2492
8275,425.5713,422.0658,444.1731
8276,423.3655,414.67377,443.3055
8277,422.67227,414.03156,441.87933
8278,421.96576,413.37985,440.5335
8279,420.22998,407.9188,439.67484
8280,419.45935,407.19296,438.36026
8281,418.94165,406.8126,436.83112
8282,416.8978,399.55978,436.0728
8283,416.30072,399.15262,434.5339
8284,414.3744,392.88046,433.70218
8285,412.56894,387.5733,432.75107
8286,411.78522,386.22122,432.37677
8287,410.21497,382.48062,431.2516
8288,408.6794,379.00522,430.0621
8289,409.09552,379.36258,431.97626
8290,412.03882,384.04218,438.16125
8291,409.91107,377.1918,436.94693
8292,408.25015,373.22046,435.41364
8293,407.07013,371.60944,433.5299
8294,406.38785,371.17914,431.1406
8295,408.54126,375.05865,433.60648
8296,410.07626,377.96005,434.9206
8297,411.20868,379.99112,436.03848
8298,410.86133,379.76425,434.2204
8299,414.2476,385.2312,440.0039
8300,413.93198,384.99255,438.53043
8301,413.33566,384.61774,436.27652
8302,412.69086,384.21686,434.2341
8303,412.1291,383.9089,432.17035
8304,412.0521,384.3782,431.17795
8305,410.44308,380.0907,430.29437
8306,408.32837,373.482,429.25717
8307,406.8144,370.42255,427.8804
8308,405.72192,368.42514,426.9959
8309,404.8104,367.3772,425.79785
8310,405.43695,368.9725,427.001
8311,405.8609,370.1315,426.07217
8312,404.24286,366.5004,424.77835
8313,402.82098,363.93634,423.34293
8314,402.22577,363.6776,421.12933
8315,403.48962,366.17404,421.94345
8316,405.08228,368.94998,424.02243
8317,404.88907,369.15567,422.08505
8318,404.32397,368.96283,420.29697
8319,403.67557,368.68057,418.7077
8320,404.6512,370.7662,419.46472
8321,405.44104,372.49722,419.6838
8322,405.09714,372.3868,417.6454
8323,404.59122,372.21582,415.96426
8324,404.16733,372.20468,414.62683
8325,403.24335,371.40616,413.4794
8326,405.36743,375.24026,416.61124
8327,405.00577,375.34558,415.59274
8328,404.466,375.1464,414.15988
8329,404.15195,375.3602,413.54715
8330,408.0877,381.84918,419.71283
8331,408.05762,382.39783,419.1628
8332,407.5541,382.2968,418.2334
8333,406.31714,380.25732,417.34848
8334,405.14304,378.49915,416.42703
8335,403.67334,375.25162,415.59653
8336,403.4322,375.1745,416.15765
8337,404.11533,376.78,416.71738
8338,403.46317,376.43964,415.42053
8339,402.26212,374.54318,414.49048
8340,401.114,372.87598,413.52777
8341,401.6031,374.2524,414.88922
8342,400.66254,373.30106,413.8082
8343,399.82675,372.6175,412.67825
8344,399.40057,372.6156,412.03607
8345,400.38174,374.5138,412.7252
8346,400.49622,375.1995,412.26993
8347,400.53497,375.90274,412.31702
8348,399.47946,374.5022,411.41382
8349,398.80563,374.1041,410.28305
8350,400.74515,377.5561,413.12946
8351,401.10468,378.49594,412.83948
8352,403.2659,382.29718,416.1735
8353,405.93063,386.871,420.44608
8354,406.49576,388.25836,421.07767
8355,409.8614,394.04163,427.2948
8356,409.22287,393.2946,426.92883
8357,409.5922,394.3011,428.11075
8358,413.62244,400.97675,435.09564
8359,413.27075,400.82306,433.96732
8360,412.10733,398.698,432.96942
8361,410.98477,396.1771,432.3372
8362,409.6767,393.35233,431.3572
8363,410.82407,395.29755,434.18842
8364,409.86935,394.02002,432.95197
8365,408.339,389.88004,431.98724
8366,406.66315,384.93753,431.01236
8367,405.5255,383.09085,429.7351
8368,405.01642,382.72632,427.85107
8369,404.6033,382.44266,425.87195
8370,404.1289,382.14807,424.11584
8371,403.06293,380.62433,422.98737
8372,402.7544,380.4227,421.31104
8373,406.69803,386.7531,428.0004
8374,407.0024,387.56287,427.43103
8375,408.1146,389.6599,428.52777
8376,407.4585,389.15955,427.13568
8377,406.55948,388.15005,425.97534
8378,405.3203,385.77542,425.00208
8379,405.0186,385.65134,423.3716
8380,404.0329,384.38467,422.31055
8381,403.56003,384.11185,420.80154
8382,402.48325,382.4941,419.8344
8383,401.47696,381.15118,418.83002
8384,401.0774,380.9369,417.25812
8385,406.16534,389.0575,426.00873
8386,407.35385,391.17984,427.08755
8387,408.6615,393.45068,428.53555
8388,408.9972,394.32486,429.6735
8389,408.01813,392.97385,428.59784
8390,407.12772,391.91125,427.47815
8391,406.1493,390.5622,426.4242
8392,405.19876,389.3105,425.36087
8393,404.1218,387.57312,424.36926
8394,403.40866,386.94565,423.1468
8395,403.1971,386.90836,421.73355
8396,402.93002,386.69937,420.53928
8397,401.95825,385.39172,419.59134
8398,401.13675,384.5498,418.5632
8399,400.56216,384.16605,417.35574
8400,399.7788,383.41852,416.34955
8401,399.08957,382.8682,415.29498
8402,398.3378,382.19034,414.30667
8403,398.00177,381.99405,412.86865
8404,397.10187,380.9095,412.01575
8405,396.74347,380.71735,410.68155
8406,402.97717,390.58008,421.7281
8407,402.97556,390.69553,421.48718
8408,402.67026,390.44247,419.93555
8409,403.26413,391.70114,420.44135
8410,404.88715,394.35217,423.2235
8411,404.8706,394.47363,422.72766
8412,404.38812,394.11908,421.52484
8413,404.0242,393.84988,420.18756
8414,403.46637,393.4429,419.139
8415,402.66702,392.57913,418.2826
8416,402.1916,392.2621,417.18695
8417,402.64832,393.2636,417.40515
8418,401.96667,392.67096,416.52573
8419,401.26627,392.03915,415.67172
8420,400.95728,391.82565,414.4158
8421,400.501,391.5448,413.41153
8422,400.21753,391.35666,412.17847
8423,399.6127,390.91867,411.3554
8424,399.1529,390.68082,410.5649
8425,398.64145,390.36578,409.70404
8426,398.1484,390.0716,408.8457
8427,397.56723,389.67035,408.071
8428,397.03485,389.33414,407.27533
8429,396.59033,389.08722,406.42172
8430,396.11227,388.81296,405.61612
8431,395.64618,388.5514,404.81665
8432,395.1276,388.23563,404.0734
8433,394.62735,387.94086,403.32986
8434,395.82828,389.98462,405.3507
8435,395.62323,389.8367,404.8371
8436,395.6432,390.04587,404.67865
8437,398.55212,394.70264,410.14755
8438,398.3331,394.51556,409.55383
8439,399.55295,396.6798,411.4348
8440,400.9731,399.022,413.91415
8441,401.49506,400.03622,414.3692
8442,402.55814,401.8021,416.24976
8443,402.30167,401.5501,415.34305
8444,402.03174,401.3965,414.53952
8445,401.69217,401.13538,413.605
8446,402.6524,402.8288,414.92172
8447,402.21613,402.50333,414.11197
8448,411.86407,417.60803,431.59644
8449,411.34796,416.9482,430.646
8450,410.91876,416.38983,429.62933
8451,410.52716,415.8794,428.5927
8452,410.09464,415.3624,427.62872
8453,409.72812,414.90652,426.6082
8454,409.44138,414.50403,425.68997
8455,410.93854,416.85205,428.3085
8456,410.52045,416.3578,427.35605
8457,410.20242,415.93564,426.29437
8458,410.10046,415.89075,425.7239
8459,411.5608,418.41983,428.72385
8460,411.5482,418.4144,428.35114
8461,413.92914,422.10486,432.5818
8462,420.77148,432.60062,445.34595
8463,420.43762,431.7049,444.1575
8464,423.72076,436.44913,449.91132
8465,423.16708,435.24042,448.01035
8466,422.64575,434.1778,446.2975
8467,423.04346,434.4466,446.70496
8468,422.44366,433.38177,445.20123
8469,421.97333,432.5192,443.69125
8470,421.60886,431.78452,442.4037
8471,421.19443,431.07693,441.02542
8472,420.8271,430.4433,439.724
8473,423.68982,434.88785,444.55597
8474,428.1034,441.5708,452.21494
8475,427.4952,440.44376,449.86444
8476,427.01654,439.54962,447.7532
8477,426.60834,438.79208,446.10144
8478,426.14993,438.07236,444.4374
8479,426.33847,438.345,444.10596
8480,427.8107,440.64816,446.08997
8481,427.39935,439.99597,444.50342
8482,445.62244,468.17343,478.08447
8483,446.02164,470.04303,475.22696
8484,443.40573,467.50732,466.65564
8485,441.89685,465.9553,459.3061
8486,440.80463,464.8724,453.63284
8487,439.9622,464.0986,449.38635
8488,442.4163,468.36282,451.94595
8489,441.5118,467.66602,448.0097
8490,440.75067,467.10077,444.79413
8491,445.5737,475.00253,452.42545
8492,444.85724,474.73557,448.12332
8493,443.90134,474.15192,444.29834
8494,443.47397,474.0927,441.83557
8495,442.9408,473.77014,439.49374
8496,442.22195,473.35526,437.44098
8497,441.57666,472.99997,435.70575
8498,440.96127,472.66177,434.21234
8499,440.3941,472.3596,432.8942
8500,439.76733,471.98364,431.7467
8501,439.16663,471.62717,430.7123
8502,438.56958,471.2637,429.77524
8503,437.9577,470.86765,428.9237
8504,437.45383,470.58878,428.1096
8505,436.8748,470.21857,427.37646
8506,436.29626,469.83908,426.6938
8507,435.69592,469.41565,426.06018
8508,435.256,469.1904,425.47842
8509,436.45325,471.47083,427.89905
8510,437.69012,473.8167,430.26617
8511,437.5985,474.0802,429.95004
8512,437.26172,473.8044,429.05988
8513,436.80072,473.53952,428.20142
8514,436.85684,474.07077,428.36588
8515,437.07968,474.91232,429.1124
8516,436.5602,474.57895,428.22504
8517,435.9647,474.14325,427.43124
8518,435.41617,473.76263,426.68857
8519,434.81238,473.28918,426.0119
8520,434.8119,473.7078,426.22333
8521,435.2041,474.7448,427.20724
8522,435.13614,475.06436,427.25836
8523,436.33124,477.30283,429.54828
8524,435.82346,476.9525,428.61557
8525,437.96286,480.68988,432.67172
8526,437.22318,479.92325,431.52963
8527,436.50558,479.2648,430.34668
8528,436.0772,479.0489,429.5565
8529,438.28986,482.89893,433.9675
8530,437.6428,482.3948,432.3458
8531,436.86945,481.53125,431.14987
8532,436.197,480.9429,429.94662
8533,435.63705,480.50085,428.86185
8534,434.94565,479.82413,427.91885
8535,434.0886,478.57962,427.0951
8536,433.2338,477.2854,426.3618
8537,439.41595,487.22665,438.17587
8538,439.5832,487.82678,437.06393
8539,438.90088,487.2635,434.6617
8540,438.28323,486.8344,432.83682
8541,437.3164,485.53885,431.23462
8542,436.56277,484.8076,429.87808
8543,435.91376,484.2438,428.6895
8544,437.82,487.61374,432.3863
8545,439.38712,490.50485,434.82782
8546,438.53845,489.7477,432.71704
8547,437.5217,488.3145,430.98218
8548,436.53323,486.804,429.5628
8549,435.6549,485.62277,428.3692
8550,434.8405,484.56622,427.35968
8551,434.4547,484.0536,427.31534
8552,433.908,483.57205,426.38818
8553,433.03137,482.1334,425.59686
8554,433.48813,483.12656,426.51294
8555,432.62674,481.55148,425.8311
8556,432.20355,481.22137,425.34503
8557,438.90823,491.87857,437.928
8558,437.84073,490.61304,435.16904
8559,437.34445,490.30435,433.63968
8560,436.38876,489.05502,431.75842
8561,435.41272,487.53546,430.22836
8562,434.59598,486.50406,428.94644
8563,433.97256,485.88562,427.81693
8564,433.03503,484.173,426.85944
8565,433.5943,485.34656,428.14713
8566,434.70325,487.37393,430.33994
8567,434.48212,487.34454,429.65897
8568,439.5728,495.54376,438.9694
8569,441.74268,499.5412,441.47702
8570,439.6377,494.65112,437.3424
8571,438.22812,491.8203,434.50366
8572,436.70523,487.3256,432.41977
8573,435.78488,486.07,430.87454
8574,446.9058,503.66055,451.56192
8575,443.23315,497.75864,445.09976
8576,441.63815,496.32852,440.2271
8577,439.6693,491.48254,436.6292
8578,438.44504,489.50244,434.1411
8579,436.70847,484.41647,432.25922
8580,435.50748,481.54495,430.89136
8581,434.99417,481.1312,429.79416
8582,434.20184,480.14178,428.77975
8583,432.695,475.08292,427.93985
8584,431.9899,474.2593,427.2132
8585,431.21945,473.2024,426.55746
8586,430.52853,472.37045,425.9446
8587,437.40576,483.32156,439.04138
8588,436.6784,482.60318,436.64313
8589,435.55585,480.4751,434.77505
8590,434.81625,479.66602,433.23672
8591,434.0746,478.77368,432.0055
8592,443.78934,494.09702,450.26642
8593,441.36075,489.05685,444.6631
8594,440.18246,487.95996,440.65582
8595,458.83408,517.45874,473.89716
8596,449.05844,513.8309,467.16208
8597,441.85147,507.4351,459.04083
8598,438.48465,503.57056,452.1698
8599,448.2097,519.0472,467.65146
8600,440.878,512.3795,461.10745
8601,436.37988,506.52264,453.34622
8602,433.76266,501.31058,446.62875
8603,431.05307,493.4426,441.52618
8604,428.4911,485.58133,438.24457
8605,426.4957,478.5751,436.19968
8606,424.6797,471.83832,434.83658
8607,422.93103,465.1663,433.87125
8608,420.78174,457.70267,433.16815
8609,420.49835,455.21307,434.10522
8610,420.13208,454.37698,433.71225
8611,418.71713,448.21732,433.13562
8612,417.0419,441.4254,432.6467
8613,416.43158,440.3589,431.98572
8614,415.2822,436.78055,431.4831
8615,414.5748,435.51074,430.87503
8616,414.1428,434.76263,430.13397
8617,413.51627,432.7346,430.36655
8618,413.1073,432.02164,429.5946
8619,415.63977,435.84525,434.1787
8620,425.7468,451.22275,452.64328
8621,423.34558,442.64203,450.36642
8622,421.19516,434.53604,448.80878
8623,419.8544,429.94604,447.4758
8624,418.04,422.47757,446.40063
8625,417.28552,421.03424,445.03384
8626,420.47272,425.6972,450.02167
8627,419.94595,424.53284,448.13678
8628,419.50772,423.5579,446.29898
8629,421.70837,426.66702,449.7759
8630,423.77252,429.65613,453.1556
8631,423.24857,428.53027,451.35748
8632,421.72342,423.34308,449.88306
8633,419.62158,415.57074,448.70517
8634,417.7699,408.65295,447.5476
8635,416.0561,402.95923,446.34497
8636,415.59384,402.40085,444.56903
8637,415.18878,401.9004,442.56726
8638,414.0507,399.8047,441.2408
8639,413.0711,398.3471,439.8283
8640,411.99112,396.43713,438.6011
8641,410.85736,393.88638,437.69867
8642,409.80466,392.2283,436.33936
8643,408.26788,388.08932,435.2239
8644,406.8265,384.62125,434.01233
8645,410.3318,390.21866,439.39948
8646,409.5091,389.26926,437.65396
8647,409.1436,388.86835,435.69025
8648,408.64282,388.52115,434.3548
8649,406.73715,382.25458,433.33917
8650,405.197,378.4206,432.08505
8651,404.36453,377.61127,430.312
8652,403.1796,375.67578,428.87573
8653,401.80215,372.8293,427.54803
8654,400.85284,370.9271,426.82376
8655,399.80658,369.57523,425.24237
8656,398.71695,368.07278,423.7234
8657,397.61725,366.53613,422.23395
8658,396.8035,365.83685,420.53113
8659,396.10077,365.3434,418.77087
8660,394.548,361.5424,417.63266
8661,393.46353,360.09427,416.20267
8662,393.03363,359.8885,414.00113
8663,392.50104,359.63263,412.13
8664,391.91876,359.3709,410.69528
8665,390.95676,358.1416,409.6671
8666,390.26987,357.7139,408.35138
8667,389.83884,357.5445,406.53067
8668,388.8884,356.5282,405.35287
8669,388.14984,356.02594,404.03986
8670,387.17188,354.90536,402.9315
8671,386.15964,352.78967,402.5429
8672,384.47226,348.09338,401.68323
8673,383.28574,345.8196,400.85095
8674,385.33627,349.64633,404.2294
8675,384.17975,347.88116,403.05283
8676,382.63818,344.1349,402.03415
8677,380.92316,339.4741,401.0194
8678,381.04858,340.31915,401.19104
8679,381.77222,341.9842,401.33517
8680,381.13522,341.66092,399.63306
8681,381.1022,342.25806,399.59033
8682,382.74014,345.45578,402.24405
8683,385.07245,349.64117,405.71066
8684,388.93365,356.24997,412.4644
8685,390.5806,359.2987,414.43045
8686,396.19412,368.46744,425.0195
8687,395.29575,367.15933,423.77203
8688,394.55746,366.0369,422.91696
8689,394.9893,367.16483,422.75565
8690,397.90408,371.86874,426.79135
8691,400.75735,376.34714,431.47702
8692,400.56873,376.22415,429.45273
8693,399.54776,374.75195,427.92194
8694,398.62436,373.40598,426.64478
8695,399.167,374.70026,427.12054
8696,399.52173,375.59625,426.54288
8697,407.89337,388.99484,441.4026
8698,407.49026,388.37827,439.09308
8699,407.3961,388.16617,438.27753
8700,407.39716,388.24643,436.8907
8701,406.85425,387.6954,434.9177
8702,406.59695,387.59216,434.44696
8703,405.68716,386.40588,432.957
8704,406.0772,387.39603,433.19437
8705,405.4377,386.7845,431.49014
8706,405.53552,386.88992,432.37213
8707,404.47632,385.19714,431.0593
8708,403.11188,382.03516,429.90872
8709,402.28128,381.1107,428.3907
8710,400.97635,378.3287,427.20993
8711,399.88483,376.59186,425.8889
8712,398.6299,374.11746,424.6616
8713,397.7166,373.03418,423.2029
8714,397.09442,372.5554,421.48428
8715,395.46835,367.9686,420.4612
8716,394.29495,365.9815,419.1676
8717,393.16006,364.1737,417.84882
8718,392.74857,363.9241,415.70227
8719,391.96567,363.25354,414.21448
8720,391.20972,362.6407,412.74884
8721,392.789,365.5275,414.62234
8722,413.086,397.12555,451.65747
8723,413.1366,397.03113,450.49924
8724,412.11682,395.0681,448.5025
8725,412.49313,395.53683,448.83643
8726,411.998,394.76715,446.87473
8727,411.7418,394.1192,445.8969
8728,411.33466,393.43488,443.69336
8729,410.75073,392.70834,441.4951
8730,410.29257,392.14612,439.16708
8731,409.81107,391.63275,437.02692
8732,408.20847,387.1112,435.89563
8733,406.81232,383.9315,434.611
8734,405.6266,381.857,433.18088
8735,405.89056,382.4009,432.77463
8736,405.52097,382.0692,430.627
8737,405.1254,381.90353,429.89554
8738,404.76044,381.624,427.70105
8739,405.33875,382.9084,427.63538
8740,405.0336,382.73907,425.66736
8741,404.39526,382.27148,424.61707
8742,405.2959,384.20685,426.34888
8743,404.8812,383.94037,424.5197
8744,404.2558,383.5144,423.0913
8745,403.78622,383.24496,421.5087
8746,403.45837,383.0535,419.70932
8747,402.4112,381.58844,418.7373
8748,401.39886,380.25232,417.74826
8749,400.88644,379.98138,416.3701
8750,400.00623,379.06995,415.3518
8751,399.2841,378.52643,414.24344
8752,398.81787,378.30087,412.90332
8753,398.151,377.85608,411.81882
8754,404.88834,388.65063,423.49612
8755,404.63348,388.43692,422.5456
8756,404.3678,388.22958,421.46466
8757,404.11166,388.03485,420.491
8758,403.9952,388.0954,419.54364
8759,403.56635,387.85715,418.208
8760,402.80646,387.19263,417.23453
8761,401.82663,385.87183,416.3916
8762,400.9036,384.74835,415.522
8763,399.96283,383.55865,414.66406
8764,398.96802,382.16382,413.83154
8765,398.79324,382.28375,412.87442
8766,400.21814,384.68988,415.15594
8767,399.7065,384.39243,414.01135
8768,399.19577,384.1006,412.89944
8769,398.59653,383.7103,411.9007
8770,398.0681,383.4069,410.8631
8771,399.57907,385.96173,413.1973
8772,400.81433,388.07925,415.05392
8773,400.4542,387.8837,413.83905
8774,399.8178,387.41205,413.01657
8775,399.59344,387.3905,411.97067
8776,399.37393,387.51526,411.40308
8777,398.8572,387.21463,410.4553
8778,398.99844,387.69006,409.94507
8779,398.7687,387.54782,409.14432
8780,398.53848,387.41064,408.32788
8781,398.0253,387.1285,407.46393
8782,397.42337,386.7327,406.68176
8783,396.78726,386.27872,405.93362
8784,396.19495,385.8935,405.16992
8785,397.50696,388.13242,407.3181
8786,398.3126,389.59268,408.42926
8787,397.83182,389.34122,408.0676
8788,397.1212,388.7047,407.3721
8789,396.86957,388.5529,406.23325
8790,396.46356,388.34625,405.35318
8791,396.04147,388.13165,404.50992
8792,395.63113,387.9277,403.6739
8793,395.19366,387.70605,402.88174
8794,394.8547,387.54636,402.0024
8795,394.48834,387.41602,401.29672
8796,394.68924,387.92834,401.45905
8797,394.49277,387.81125,401.02368
8798,394.0769,387.6122,400.27628
8799,393.838,387.49197,399.31537
8800,393.6051,387.37805,398.36887
8801,393.2386,387.22128,397.6308
8802,392.9172,387.08804,396.85947
8803,392.64258,386.97348,396.0443
8804,392.3265,386.8477,395.301
8805,391.93912,386.6865,394.64255
8806,391.5347,386.514,394.0095
8807,391.15253,386.35703,393.36948
8808,391.76898,387.72107,394.52655
8809,392.13287,388.52713,394.78903
8810,391.79855,388.3904,394.12
8811,391.4862,388.2649,393.44098
8812,391.1579,388.13412,392.7914
8813,390.7825,387.97824,392.19406
8814,400.4821,403.23965,409.89294
8815,400.59927,403.7776,410.19537
8816,400.22534,403.51218,409.4623
8817,399.835,403.24014,408.75735
8818,399.4583,402.98074,408.05197
8819,399.20032,402.77774,407.21722
8820,398.89963,402.56824,406.45947
8821,398.65222,402.3808,405.64203
8822,398.43408,402.20645,405.12997
8823,398.2422,402.05176,404.89508
8824,397.9662,401.8668,404.14944
8825,397.7068,401.6918,403.39584
8826,397.38168,401.49734,402.73474
8827,397.01892,401.2851,402.119
8828,396.68704,401.09213,401.48547
8829,396.32193,400.8824,400.89096
8830,395.98032,400.6881,400.2856
8831,395.95963,400.87128,399.9762
8832,409.30408,421.68707,424.9117
8833,409.0453,421.2312,424.3784
8834,408.80377,420.79172,424.0552
8835,410.28223,423.04785,426.68796
8836,411.4731,424.84647,428.53613
8837,411.1581,424.30048,427.60345
8838,410.79688,423.75815,426.74896
8839,410.41913,423.226,425.929
8840,410.00714,422.6864,425.15674
8841,409.6364,422.19025,424.35782
8842,409.2786,421.7174,423.5595
8843,408.95178,421.27606,422.74026
8844,408.6676,420.86804,421.88766
8845,408.42047,420.48834,421.47202
8846,411.11877,424.71063,426.22458
8847,416.87378,433.54843,437.0433
8848,416.5359,432.7707,435.9568
8849,416.09766,431.9774,434.99774
8850,415.71262,431.2579,434.01624
8851,420.23438,438.07785,442.26538
8852,419.81622,437.10562,440.95883
8853,419.3747,436.18668,439.76385
8854,418.9839,435.35947,438.58194
8855,418.84363,434.90347,438.0424
8856,427.7836,448.24393,454.59076
8857,427.50046,446.7717,452.36914
8858,426.99545,445.48654,449.71973
8859,426.52304,444.41208,447.5183
8860,426.0943,443.49332,445.67468
8861,425.67065,442.67056,443.9802
8862,429.20868,447.99487,450.08627
8863,434.1825,455.1437,458.22226
8864,433.49564,453.8057,453.71667
8865,432.8889,452.79282,450.35458
8866,432.34808,451.97482,447.69156
8867,432.03253,451.5494,445.85562
8868,435.68332,456.89554,451.74802
8869,435.32474,456.15067,449.1915
8870,434.70734,455.43417,446.57147
8871,434.17825,454.846,444.38077
8872,433.6791,454.32324,442.51907
8873,433.5526,454.3581,441.62503
8874,433.22437,453.93552,440.5009
8875,432.99695,453.60977,439.61642
8876,433.5036,454.34137,440.11224
8877,433.4425,454.186,439.4927
8878,432.97025,453.7854,438.2163
8879,432.49515,453.3858,437.03506
8880,432.0921,453.0867,436.0253
8881,431.50595,452.5862,435.08142
8882,431.07498,452.2389,434.11923
8883,430.55618,451.82724,433.28882
8884,429.95895,451.30933,432.52386
8885,429.49066,450.9428,431.74078
8886,431.81082,454.89386,436.18246
8887,431.13794,454.2168,435.24573
8888,430.6063,453.75128,434.32437
8889,437.61356,464.87213,447.19397
8890,436.85312,464.09317,444.4655
8891,436.10364,463.33115,442.28784
8892,435.44614,462.7071,440.45554
8893,434.91452,462.22668,438.83694
8894,434.37814,461.75742,437.4324
8895,433.7737,461.21823,436.22015
8896,433.34793,460.88837,435.15475
8897,432.72437,460.30795,434.2714
8898,432.04282,459.62094,433.38184
8899,431.4165,459.03027,432.5475
8900,430.72235,458.29105,431.79263
8901,430.2788,457.9178,430.99655
8902,429.83417,457.5472,430.24744
8903,432.29288,461.65186,434.87592
8904,432.467,462.07327,434.97375
8905,431.82098,461.41766,433.9984
8906,430.97046,460.18677,433.15863
8907,430.1978,459.193,432.3792
8908,429.37817,458.02182,431.6701
8909,428.69226,457.2328,430.98248
8910,428.1181,456.65967,430.30338
8911,427.7599,456.32617,429.6184
8912,429.41843,459.00165,432.73245
8913,433.92346,466.19855,441.0467
8914,433.1034,465.10107,439.36542
8915,432.33063,464.10257,437.93457
8916,431.77094,463.4873,436.6256
8917,431.06686,462.63248,435.51465
8918,430.49283,462.00986,434.47916
8919,439.96487,476.8784,451.92795
8920,439.11023,476.00165,447.42453
8921,438.3359,475.22205,443.78726
8922,437.56137,474.46967,441.02478
8923,437.70087,475.06888,440.18384
8924,437.0418,474.48254,438.08524
8925,435.78638,471.5386,436.4358
8926,434.85513,470.1793,435.09253
8927,436.9775,473.77982,438.6596
8928,436.42212,473.28445,436.80887
8929,435.7675,472.69067,435.28122
8930,434.8627,471.41806,434.0172
8931,433.83188,469.477,432.94708
8932,433.10587,468.66934,431.98044
8933,434.271,470.83508,434.37122
8934,433.48624,469.8474,433.29388
8935,440.345,480.76733,445.87906
8936,440.33844,481.3486,443.8697
8937,441.27792,483.16946,443.64545
8938,440.32397,482.3847,440.27582
8939,438.9712,479.63974,437.74335
8940,436.96326,473.85214,435.8836
8941,436.82547,473.0237,436.4158
8942,436.1872,472.39978,435.3037
8943,435.07245,470.1366,434.06918
8944,434.7434,470.03528,433.4903
8945,434.13483,469.4945,432.4246
8946,434.01862,469.7075,432.3565
8947,433.31573,468.93576,431.49393
8948,436.70123,474.1016,438.68253
8949,435.37857,469.32193,437.54898
8950,433.9901,465.1509,436.22705
8951,433.2474,464.31982,435.09106
8952,432.65106,463.7574,434.03732
8953,431.1321,458.3783,433.22455
8954,429.89825,455.04666,432.5346
8955,428.83032,452.77695,431.90024
8956,428.3795,452.3878,431.14246
8957,430.77457,456.3425,435.5295
8958,436.38898,465.25006,445.7396
8959,435.58893,464.33597,443.31235
8960,434.6936,463.1484,441.38068
8961,432.90414,457.23758,439.90408
8962,433.08975,457.49713,440.7977
8963,432.99368,457.6148,440.0837
8964,432.38843,457.0043,438.73605
8965,431.7693,456.37946,437.54333
8966,434.68655,461.22018,442.9113
8967,433.3151,457.43262,441.28128
8968,431.18872,450.77237,440.06833
8969,430.3462,449.63174,438.96967
8970,429.50635,448.48203,437.97592
8971,429.14612,448.19363,437.1195
8972,428.65372,447.7214,436.12164
8973,428.2008,447.29095,435.15915
8974,427.65396,446.77512,434.31027
8975,427.0498,446.17807,433.53372
8976,426.4398,445.5693,432.7977
8977,425.26462,442.66318,432.2338
8978,434.20108,456.819,449.07928
8979,443.05814,470.60855,464.0311
8980,443.12427,471.50403,459.98346
8981,440.342,464.74945,454.09595
8982,437.9266,458.0904,450.12018
8983,436.2346,452.82217,447.4764
8984,434.61035,447.75955,445.5897
8985,431.89587,440.21368,444.26236
8986,431.13306,439.41562,442.91644
8987,430.28842,438.41406,441.73145
8988,429.34976,437.10486,440.67847
8989,428.2029,434.8662,439.76254
8990,427.18784,433.23694,438.86948
8991,425.70258,428.86246,438.1297
8992,424.59845,426.85492,437.32803
8993,424.95074,427.6953,437.55368
8994,423.8131,425.46112,436.81052
8995,422.53516,422.50708,436.08655
8996,421.8867,421.93396,435.1122
8997,421.3659,421.5253,434.06998
8998,420.35565,419.93335,433.32587
8999,419.29108,418.0998,432.60498
9000,418.46268,417.13742,431.7944
9001,417.13583,413.85553,431.1554
9002,416.2675,412.7875,430.34555
9003,415.0453,410.15906,429.6659
9004,414.016,408.50696,428.9075
9005,413.30667,407.84055,428.01947
9006,413.36252,408.34854,428.04617
9007,414.38318,410.15173,429.36844
9008,417.9578,416.0872,435.93408
9009,423.03763,424.10333,444.78577
9010,429.25583,433.74857,455.69327
9011,428.12164,431.3768,453.34222
9012,427.95303,430.9284,452.8117
9013,426.88965,428.35587,451.31375
9014,425.90726,426.67404,449.5881
9015,424.336,421.7928,448.25876
9016,422.61877,416.04785,447.0851
9017,421.55426,414.22635,445.72366
9018,421.1038,413.69574,443.83597
9019,420.04504,411.94403,442.62418
9020,419.43573,411.34512,441.32947
9021,418.73752,410.62314,439.96503
9022,418.16183,410.08585,438.53165
9023,417.64658,409.62732,437.0863
9024,416.47546,407.40198,436.14438
9025,414.62366,400.99777,435.38623
9026,412.74222,394.66446,434.55994
9027,411.03162,389.64127,433.6012
9028,409.97705,388.19537,432.28714
9029,409.18655,387.48718,430.7929
9030,411.1723,391.09778,434.3927
9031,411.8247,392.58078,435.00244
9032,412.59653,393.91943,436.01645
9033,412.97012,394.78943,435.4015
9034,412.8616,394.92465,435.66565
9035,412.80627,395.1854,434.50647
9036,411.31378,391.48358,433.49307
9037,409.86838,388.12927,432.41718
9038,408.3105,384.1753,431.34308
9039,407.4545,383.34558,429.8231
9040,406.01944,380.16592,428.68167
9041,404.91116,378.58228,427.34003
9042,404.86746,379.05896,426.55215
9043,403.92294,378.02518,425.16223
9044,402.84985,376.5651,423.88544
9045,401.34375,372.9877,422.8182
9046,402.81085,375.50336,424.65985
9047,403.4178,376.91263,424.68994
9048,405.5749,380.8412,428.4806
9049,405.67236,381.477,427.77982
9050,404.9923,380.98077,426.1752
9051,404.67456,381.05478,425.3244
9052,403.7736,379.77975,424.48203
9053,403.3294,379.52576,422.6406
9054,403.98404,380.94083,422.75766
9055,406.79965,385.72934,427.04214
9056,405.8704,384.67606,425.81345
9057,405.3016,384.31418,424.27863
9058,405.14563,384.4722,423.0293
9059,411.1839,394.0148,433.9333
9060,411.80728,395.11398,434.66476
9061,411.62885,395.20667,433.49496
9062,411.81613,395.9095,433.19214
9063,414.5624,400.34686,437.64856
9064,413.8104,399.5908,436.23798
9065,412.79666,398.12555,435.0551
9066,412.06937,397.43494,433.68106
9067,411.0708,395.90512,432.67676
9068,409.98367,393.45193,432.08228
9069,408.93933,391.32928,431.39093
9070,408.7103,390.925,431.85767
9071,407.66388,389.3682,430.65564
9072,407.4452,389.42856,430.47528
9073,410.8842,395.1634,436.20648
9074,410.60556,395.1154,435.45813
9075,410.05875,394.6437,433.92154
9076,417.5674,406.55978,446.92944
9077,419.7229,409.90732,449.68127
9078,419.21164,409.16138,447.48233
9079,421.3037,412.32617,450.80573
9080,423.6006,416.00574,454.39352
9081,422.99893,415.08234,451.98834
9082,421.88046,412.948,450.29227
9083,420.6252,410.21704,448.7811
9084,421.52722,411.3209,450.99506
9085,420.78757,410.32965,449.0301
9086,422.74213,413.5613,451.96353
9087,422.51773,413.34833,450.5777
9088,422.05856,412.80475,448.75833
9089,423.28616,414.94232,450.68784
9090,425.0161,417.8064,453.02676
9091,429.02014,424.158,459.51886
9092,430.56775,426.41907,460.43192
9093,429.7526,425.1983,457.2086
9094,428.38385,422.01984,454.93567
9095,427.59045,420.99872,452.70642
9096,428.00607,421.83316,452.1357
9097,427.5023,421.3182,450.13998
9098,427.84106,422.14056,449.85052
9099,426.82635,420.65015,448.27017
9100,426.08023,419.86166,446.63397
9101,425.4691,419.28812,444.98856
9102,424.81088,418.6776,443.501
9103,424.4659,418.44412,442.04816
9104,423.76474,417.80304,440.76306
9105,422.9498,416.94067,439.61505
9106,421.81708,414.98004,438.65964
9107,426.7863,423.01282,448.47287
9108,427.55188,424.50815,449.32083
9109,426.20578,421.3901,447.93378
9110,427.2006,422.43185,450.70728
9111,426.35583,421.33664,449.01443
9112,425.35056,419.81168,447.5089
9113,424.09555,417.20602,446.2236
9114,422.58414,413.1333,445.08942
9115,421.63205,411.61835,444.01718
9116,421.04272,411.0922,442.7603
9117,420.49005,410.638,441.54703
9118,419.88434,410.0987,440.48474
9119,418.7343,408.06293,439.4066
9120,417.8844,406.98648,438.38977
9121,417.17917,406.17282,437.60022
9122,416.33228,405.16547,436.51254
9123,418.53345,408.85138,439.6943
9124,420.1278,411.53305,441.71353
9125,420.09512,411.69608,440.62875
9126,420.1282,412.06302,441.05518
9127,419.8036,411.69385,439.96628
9128,418.80872,410.2433,438.86737
9129,417.71997,408.42505,437.8339
9130,416.7605,407.1048,436.7459
9131,415.8455,405.92944,435.6509
9132,415.31122,405.4887,434.2603
9133,414.67618,404.94632,433.02768
9134,413.62625,403.29297,432.09064
9135,413.17093,402.94592,430.6874
9136,414.17728,404.72134,431.93018
9137,419.85883,413.68933,442.1382
9138,419.41922,413.249,440.63284
9139,423.97348,420.6401,448.922
9140,423.13992,419.4698,447.33627
9141,423.40982,419.97412,446.72336
9142,428.28464,427.4898,455.53867
9143,438.1457,442.65936,472.36298
9144,437.09824,440.8535,465.0527
9145,436.48608,439.8547,460.5047
9146,435.2669,437.7651,456.76254
9147,434.5743,437.00568,453.61624
9148,439.33972,444.5589,461.2585
9149,449.98294,461.25488,478.29465
9150,447.7573,459.84192,470.2076
9151,446.27838,458.8408,462.54678
9152,444.76013,457.21747,456.663
9153,444.15106,457.007,452.42087
9154,443.22092,456.33456,449.0075
9155,442.20135,455.36325,446.3855
9156,441.00516,453.60852,444.33524
9157,440.36618,453.2614,442.61777
9158,440.59363,454.115,442.29498
9159,441.19742,455.68668,443.14587
9160,440.2812,454.82025,441.48395
9161,439.37573,453.93274,440.05707
9162,438.77618,453.58823,438.69446
9163,438.2816,453.33026,437.4109
9164,437.6802,452.97812,436.30652
9165,437.15958,452.70218,435.25345
9166,436.42322,452.11932,434.36923
9167,435.6515,451.44144,433.55865
9168,434.95566,450.911,432.77902
9169,434.31326,450.46445,432.02734
9170,435.57367,452.88614,434.44363
9171,434.9421,452.44788,433.584
9172,434.51773,452.2118,432.67484
9173,434.13794,452.00082,431.97006
9174,440.64557,462.56326,444.25308
9175,440.41742,462.36356,442.608
9176,439.95273,462.16476,440.79886
9177,439.21436,461.6131,439.16415
9178,438.59555,461.2141,437.7086
9179,437.85223,460.59018,436.5457
9180,438.25858,461.71365,437.0844
9181,437.72375,461.37436,436.41382
9182,436.9992,460.77756,435.29678
9183,436.48904,460.46243,434.21115
9184,435.7055,459.68268,433.3273
9185,435.12088,459.27954,432.44635
9186,434.53983,458.87503,431.62796
9187,433.95462,458.45844,430.86557
9188,433.48096,458.16113,430.10574
9189,433.08066,457.91473,429.34973
9190,432.5572,457.56656,428.69138
9191,431.9644,457.11853,428.0884
9192,431.48648,456.81027,427.47266
9193,431.05573,456.54047,426.86197
9194,430.66806,456.29922,426.25333
9195,429.92654,455.49066,425.78296
9196,429.48236,455.2048,425.24557
9197,428.73917,454.34888,424.83496
9198,428.17328,453.90442,424.36993
9199,427.63605,453.49796,423.90955
9200,427.17996,453.18533,423.4328
9201,427.86404,454.61606,425.01993
9202,433.45987,463.57025,435.53217
9203,433.01645,463.16928,434.38388
9204,432.5735,462.77936,433.3412
9205,432.06738,462.3445,432.41736
9206,438.6498,472.81772,444.54163
9207,437.98276,472.2399,441.88525
9208,437.226,471.52435,439.6655
9209,436.59543,470.97174,437.80444
9210,436.51526,471.23386,437.08136
9211,436.0026,470.8221,435.59613
9212,435.30237,470.1549,434.31607
9213,434.76453,469.71188,433.1411
9214,436.79303,473.2317,436.82053
9215,436.03137,472.4612,435.31738
9216,435.8345,472.57776,434.7994
9217,435.21432,472.03445,433.52502
9218,434.5876,471.47208,432.40262
9219,434.38162,471.51508,431.91135
9220,439.60825,479.85504,441.39377
9221,443.47665,486.17227,447.06805
9222,442.4009,485.4449,442.60532
9223,441.3882,484.66183,439.25668
9224,440.4652,483.90067,436.66415
9225,440.12485,483.97998,435.50354
9226,445.5617,492.98996,445.03177
9227,444.23697,492.21497,440.44653
9228,443.12143,491.47382,436.97375
9229,442.39233,491.1793,434.55823
9230,442.65164,491.89096,433.77316
9231,442.3693,491.85226,432.0915
9232,444.48697,495.69418,435.28497
9233,443.4993,495.11365,432.577
9234,442.66714,494.6535,430.4035
9235,441.94998,494.25674,428.6042
9236,443.7721,497.77075,431.837
9237,443.26343,497.83224,430.45032
9238,442.34763,497.20584,428.4752
9239,441.48102,496.56165,426.84134
9240,440.79373,496.16666,425.44012
9241,439.9087,495.24756,424.2497
9242,439.1504,494.61288,423.211
9243,438.3797,493.8828,422.29462
9244,437.92847,493.70444,421.80893
9245,440.5682,498.29495,426.98273
9246,443.46268,503.42215,432.21368
9247,442.45422,502.8237,429.55627
9248,441.09024,500.22504,427.4702
9249,440.0591,498.97424,425.8576
9250,439.14264,497.96786,424.5188
9251,438.37973,497.31433,423.36783
9252,437.6604,496.7027,422.35712
9253,436.99124,496.15427,421.45584
9254,436.1146,494.86136,420.66507
9255,435.43793,494.21045,419.9524
9256,434.811,493.64413,419.2986
9257,441.58417,504.53094,432.2392
9258,440.33606,502.92368,429.65976
9259,439.25024,501.40808,427.73468
9260,441.66235,505.70728,432.1319
9261,440.71185,505.10272,429.58185
9262,439.7101,504.24484,427.36044
9263,438.69626,503.08618,425.5716
9264,438.12897,502.3826,424.91528
9265,443.24707,510.84625,434.3876
9266,441.83398,509.7956,430.73804
9267,440.50964,508.26282,427.96304
9268,439.40503,507.06992,425.8203
9269,438.22858,505.03818,424.1112
9270,437.1669,503.25345,422.74554
9271,436.22644,501.84866,421.61618
9272,441.42755,510.3028,431.64502
9273,446.44077,518.9258,440.25153
9274,451.63177,529.36536,448.8092
9275,445.85422,525.2793,441.59375
9276,442.32462,521.18604,435.45825
9277,440.2668,519.10345,430.78406
9278,438.58826,515.8766,427.52075
9279,444.8527,526.27985,438.6134
9280,441.33698,521.31366,432.92975
9281,439.96436,520.39453,429.41086
9282,446.8238,532.00275,441.33694
9283,451.36563,542.89984,449.74448
9284,443.6744,540.0876,442.18954
9285,438.55728,535.0099,435.37344
9286,435.48322,530.24554,429.81915
9287,435.25543,530.16174,428.60742
9288,433.1975,525.6545,424.84738
9289,431.56873,521.36957,422.24957
9290,430.89276,518.5807,421.53644
9291,431.8027,518.4965,423.831
9292,430.64322,514.478,422.5627
9293,432.04642,516.3481,425.34583
9294,436.53162,523.31683,433.2472
9295,434.73972,520.56696,429.03244
9296,432.25766,514.2524,426.12787
9297,430.4728,508.87683,424.12445
9298,429.0341,504.05685,422.7305
9299,438.75125,518.25555,441.49142
9300,435.76218,512.0252,436.3599
9301,433.67523,506.5908,432.46738
9302,432.9111,505.4118,430.25525
9303,432.05365,503.8858,428.36087
9304,431.43057,502.72186,427.14755
9305,430.1349,498.247,425.75345
9306,439.2196,512.3127,442.6775
9307,437.40674,510.4379,437.2969
9308,435.23508,505.08334,433.2881
9309,434.37418,503.98538,430.77377
9310,435.88364,503.8564,434.5801
9311,433.9857,498.51443,431.71268
9312,432.54666,493.9294,429.75806
9313,437.91238,502.3705,439.56567
9314,435.6957,496.66028,435.73615
9315,433.8377,491.18408,433.19095
9316,432.26675,486.06348,431.44864
9317,431.4588,484.80298,430.14227
9318,430.6734,483.55832,429.0276
9319,429.17673,478.27408,428.11386
9320,427.9628,474.10345,427.39905
9321,426.30704,468.2355,426.8322
9322,424.96695,462.98126,426.36008
9323,423.29263,456.8733,425.97223
9324,421.2582,449.99222,425.64825
9325,420.05334,446.20193,425.29526
9326,418.9685,443.3462,424.9334
9327,418.09338,441.7145,424.53967
9328,417.056,439.19327,424.1752
9329,416.4493,438.46713,423.71008
9330,416.4197,438.6267,423.9234
9331,415.0664,433.79868,423.59866
9332,416.74945,436.60043,426.8826
9333,419.67566,441.23267,432.3128
9334,425.93628,450.92108,443.82007
9335,425.47336,449.7965,443.17548
9336,423.73743,443.09167,442.06964
9337,422.8782,441.42438,441.0025
9338,422.34406,440.54318,439.8631
9339,421.91245,439.8031,438.73557
9340,420.54385,435.20154,438.0082
9341,429.84903,449.5576,454.9106
9342,429.48468,448.4286,452.47446
9343,427.87003,442.36746,450.2042
9344,426.99008,440.73563,448.30414
9345,426.09262,439.0844,446.6932
9346,424.5156,433.43097,445.46664
9347,424.0045,432.67157,443.9552
9348,424.01843,432.75793,443.4816
9349,427.09314,437.6278,448.87317
9350,426.248,436.12524,447.36984
9351,427.07706,437.32175,448.03104
9352,427.44107,437.8671,447.75336
9353,430.79556,443.07028,453.07098
9354,445.8323,466.16736,479.81705
9355,443.26447,463.46036,471.223
9356,441.20267,460.49304,463.5088
9357,439.49017,457.22958,457.53073
9358,437.0915,450.36765,453.39804
9359,434.49518,443.02008,450.74606
9360,433.0404,439.28903,448.80063
9361,432.3027,438.52332,446.97076
9362,434.3771,442.02582,449.9193
9363,431.91348,434.71536,448.27097
9364,430.9807,433.5064,446.69415
9365,429.8774,431.6527,445.3553
9366,430.005,432.2167,445.0752
9367,428.6873,427.8271,444.54126
9368,426.98987,422.4545,443.55228
9369,427.2176,423.15942,443.29813
9370,426.67975,422.73505,441.84357
9371,425.27386,419.35522,440.92218
9372,424.15958,417.53842,439.9249
9373,423.1001,415.94568,438.93002
9374,422.24734,414.99942,437.91388
9375,420.86426,411.7576,437.0764
9376,419.5935,409.18784,436.19113
9377,418.85666,406.51147,436.773
9378,417.45673,402.8427,436.0791
9379,418.1591,404.4145,436.98187
9380,418.83057,405.91025,437.74435
9381,417.5035,403.118,436.76263
9382,416.70667,402.34143,435.56726
9383,416.12936,401.9515,434.5808
9384,414.9575,399.9357,433.5776
9385,414.1257,399.02628,432.57626
9386,413.16998,397.85098,431.47916
9387,411.35968,390.58197,431.4093
9388,409.84137,386.87814,430.40567
9389,409.02234,385.4603,429.95868
9390,412.33282,391.15912,435.8507
9391,411.13235,389.0132,434.65326
9392,410.96622,389.27386,433.87903
9393,412.7515,392.56308,436.88306
9394,413.7219,394.5093,437.91083
9395,413.8952,395.23572,437.649
9396,417.46384,400.05658,445.5879
9397,416.19272,397.54462,444.12134
9398,416.04733,397.65115,443.67722
9399,415.94888,396.55566,444.71173
9400,416.43,397.50464,444.12033
9401,415.66696,396.56177,442.81357
9402,419.4578,402.7255,449.92767
9403,419.05267,402.35144,448.14624
9404,421.1386,405.89206,451.34195
9405,420.90384,405.57544,449.70102
9406,420.24075,404.84317,447.6422
9407,419.50522,404.0463,445.75485
9408,418.62173,402.9755,444.11572
9409,418.06998,402.4615,442.16562
9410,418.0535,402.85098,441.57294
9411,417.2544,402.02496,440.066
9412,416.51797,400.63507,439.69638
9413,415.9208,400.13565,438.01007
9414,414.6698,397.74643,436.8801
9415,413.69742,396.4237,435.7093
9416,414.95044,398.64517,438.55893
9417,414.1044,397.71738,437.13208
9418,412.64597,394.1664,436.0694
9419,416.3052,399.3779,444.0336
9420,418.24854,402.59903,446.23138
9421,417.1099,400.6278,444.71738
9422,416.1028,399.168,443.1514
9423,417.19086,400.97064,444.27722
9424,416.2015,399.57562,442.7317
9425,414.72165,395.9049,441.4931
9426,415.5472,397.34473,442.01855
9427,419.98727,404.3671,449.36856
9428,420.96408,405.87906,450.47266
9429,422.3321,408.13373,451.4747
9430,427.87946,416.77936,460.66803
9431,429.7627,419.6524,461.93204
9432,430.86606,421.32596,461.61246
9433,430.88055,421.42072,459.05026
9434,430.45724,420.78513,456.8057
9435,430.0065,420.2534,454.29416
9436,430.75592,421.61282,454.35602
9437,431.2407,422.75894,454.4021
9438,433.18082,425.97095,457.80997
9439,432.05948,424.20615,455.28635
9440,431.86206,424.2781,453.6127
9441,431.55737,424.1972,451.8356
9442,432.12616,425.49707,452.5771
9443,431.6202,425.08118,450.34265
9444,430.97833,424.5457,448.39175
9445,431.31735,425.50183,449.08783
9446,430.0221,422.9922,447.6553
9447,428.51505,419.27795,446.41354
9448,427.2602,416.98605,445.1634
9449,426.18045,415.00397,444.27045
9450,424.80392,412.01736,443.1894
9451,423.8815,410.99875,441.87524
9452,422.701,409.0556,440.7449
9453,421.54236,407.2076,439.62354
9454,420.3356,405.1465,438.53802
9455,421.7528,407.843,440.71487
9456,421.28033,407.58926,439.32867
9457,421.40808,408.1708,438.69348
9458,420.42053,406.94485,437.56134
9459,419.63898,406.2336,436.41837
9460,418.34875,403.70267,435.47055
9461,416.87183,400.14417,434.57172
9462,415.58807,397.7084,433.5714
9463,414.1596,394.51102,432.60867
9464,414.66992,395.58463,432.81195
9465,415.95557,397.92322,434.09738
9466,417.49957,400.54102,436.6213
9467,419.7515,404.40564,439.8076
9468,419.07916,403.8771,438.37143
9469,420.77246,406.98874,441.079
9470,420.75644,407.26727,439.98193
9471,421.24286,408.4943,440.4496
9472,420.22015,407.0026,439.38998
9473,419.25806,405.8155,438.19595
9474,418.61447,405.31717,436.78528
9475,417.954,404.80573,435.4461
9476,417.8119,404.93973,434.32635
9477,416.9157,403.95587,433.25476
9478,415.5826,401.11404,432.38797
9479,414.2214,398.14615,431.5071
9480,414.00418,398.2498,430.4445
9481,432.96985,427.80386,465.6331
9482,432.833,427.41418,462.28043
9483,432.09036,426.40366,458.56845
9484,432.51123,427.086,457.81256
9485,432.28952,426.7831,456.12595
9486,431.74936,426.18634,453.25488
9487,430.76328,424.88068,451.27097
9488,430.36234,424.62717,449.48346
9489,429.81757,424.2277,447.94638
9490,429.6853,424.46585,447.60614
9491,430.06342,425.43793,447.51373
9492,429.5874,425.09146,445.84213
9493,428.58673,423.76184,444.5508
9494,427.54852,422.28912,443.3593
9495,426.5974,421.10565,442.1908
9496,425.58826,419.7198,441.10406
9497,424.62564,418.48642,440.03702
9498,423.86914,417.787,438.89093
9499,423.3764,417.46906,437.69516
9500,426.71555,422.98666,443.29648
9501,425.87497,422.05832,442.0868
9502,424.74664,420.1197,441.06827
9503,423.94525,419.28564,439.92783
9504,423.58878,418.97366,438.72867
9505,422.60913,417.62753,437.77136
9506,421.7849,416.74652,436.76016
9507,421.04028,416.04352,435.7301
9508,420.69275,415.76413,434.5208
9509,420.1303,415.35376,433.42554
9510,419.60828,414.99002,432.32812
9511,419.18832,414.75192,431.29886
9512,418.8107,414.53705,430.21713
9513,418.49176,414.31485,429.214
9514,417.6198,413.31064,428.46
9515,417.33255,413.10574,427.74802
9516,417.04163,412.9053,426.9841
9517,416.65042,412.67404,425.9297
9518,416.92627,413.5389,426.32697
9519,416.64874,413.35004,425.7044
9520,416.20834,413.09512,424.7597
9521,415.65958,412.74713,423.93298
9522,414.97757,412.1985,423.20517
9523,414.40698,411.82266,422.4224
9524,413.66245,411.1339,421.7484
9525,413.30124,410.92947,420.79764
9526,413.007,410.7549,419.85168
9527,412.5463,410.50082,419.05148
9528,413.11276,411.68756,419.7328
9529,413.53055,412.75522,421.35257
9530,412.9685,412.3741,420.62338
9531,412.38116,411.9572,419.92188
9532,412.05554,411.76144,419.00046
9533,411.39334,411.2197,418.36624
9534,410.88995,410.90854,417.6479
9535,412.93164,414.29715,421.34775
9536,412.48483,414.00977,420.56223
9537,412.02194,413.71185,419.80585
9538,411.52072,413.379,419.09225
9539,411.16205,413.1548,418.26627
9540,410.87112,412.96207,417.37186
9541,410.4499,412.7116,416.64362
9542,409.97974,412.4226,415.96658
9543,409.59567,412.19995,415.23126
9544,409.2188,412.0061,414.56778
9545,410.8486,414.74036,417.6131
9546,410.40396,414.4553,416.92722
9547,409.872,414.0788,416.30984
9548,409.64612,414.0996,415.9363
9549,412.7857,419.1414,421.90384
9550,412.57214,418.9815,421.41132
9551,412.27576,418.73114,420.54782
9552,412.01703,418.5004,420.0636
9553,411.5792,418.18268,419.37384
9554,414.97766,423.6368,425.5319
9555,414.53973,423.255,424.78207
9556,414.14294,422.91473,424.02853
9557,415.37717,424.9571,426.33694
9558,426.59045,442.42648,447.18576
9559,427.23172,442.96384,447.78525
9560,427.06808,442.31473,446.84656
9561,431.765,449.15018,454.99643
9562,450.24765,477.24554,487.54422
9563,444.63947,472.78928,478.77997
9564,441.6848,469.26263,470.26895
9565,439.93448,466.86926,462.31216
9566,443.60788,472.8097,464.9655
9567,441.97098,471.20352,457.70285
9568,442.58633,472.77896,455.12497
9569,441.63177,471.94016,450.11517
9570,440.86426,471.3734,446.2567
9571,444.02567,476.83435,450.39877
9572,442.9889,476.1305,445.96118
9573,446.24237,481.88757,450.0659
9574,444.836,480.80908,445.2627
9575,446.39905,484.1454,446.23355
9576,446.00833,484.6494,443.65576
9577,444.85883,483.88367,440.04797
9578,443.81122,483.08212,437.27942
9579,442.9767,482.57187,435.09213
9580,442.27292,482.1883,433.24
9581,441.56042,481.76077,431.68213
9582,440.90967,481.38644,430.32965
9583,440.29727,481.03857,429.13702
9584,442.7139,485.1699,433.35095
9585,442.95316,486.19852,433.2539
9586,443.41248,487.6197,433.63867
9587,442.6017,487.12332,431.74527
9588,442.98132,488.41174,432.20203
9589,446.4106,494.44037,438.1719
9590,445.69547,494.24362,435.19116
9591,456.0445,510.90485,453.04855
9592,452.71188,510.9257,446.86475
9593,449.83826,509.94125,440.52728
9594,447.8004,508.93326,435.46606
9595,446.15686,507.70337,431.61584
9596,457.49274,526.4752,451.92972
9597,454.50125,530.09106,450.25714
9598,448.53522,528.5373,442.96866
9599,444.47556,525.4713,436.42062
9600,442.006,523.53326,431.20117
9601,440.16336,521.58,427.2304
9602,438.60547,519.2084,424.28726
9603,437.40878,517.72394,422.08746
9604,436.30328,516.1201,420.34943
9605,435.3571,514.8936,418.94205
9606,434.5458,513.96814,417.7602
9607,437.11548,518.21124,422.61426
9608,438.50275,520.73737,424.73547
9609,437.70062,520.2296,422.87247
9610,436.65533,519.16125,420.8528
9611,435.47876,516.9364,419.22665
9612,434.09653,513.0634,417.94287
9613,433.24164,511.77396,416.94983
9614,432.58096,511.03708,416.08298
9615,432.28558,510.6125,415.5155
9616,440.7453,523.6311,431.0225
9617,444.00467,529.8566,435.96
9618,441.27084,527.7341,430.50043
9619,439.51486,526.49976,426.35583
9620,441.9037,530.9543,429.59702
9621,440.06723,529.6783,425.59012
9622,438.3385,527.31683,422.3353
9623,436.92212,525.1257,419.92654
9624,443.7187,536.1408,432.6692
9625,441.0692,534.6412,427.37015
9626,439.0182,532.59094,423.33243
9627,437.3202,529.9864,420.32623
9628,436.07422,528.5207,418.10077
9629,434.97516,527.102,416.3436
9630,439.05823,533.75415,424.24866
9631,437.33255,531.62213,420.96478
9632,435.90295,529.4755,418.51892
9633,434.85922,528.3307,416.67188
9634,434.69748,528.3923,416.65048
9635,433.55273,526.1074,415.17316
9636,433.18817,523.8099,415.89267
9637,431.78192,519.77484,414.71158
9638,430.9618,518.4269,413.80057
9639,429.9607,515.6583,413.01947
9640,429.4645,515.0104,412.5584
9641,428.66745,513.3643,411.95386
9642,427.85138,511.47906,411.42334
9643,427.16925,510.2348,410.9524
9644,426.59872,509.35342,410.5194
9645,426.22235,508.72696,410.5027
9646,425.2134,504.93878,410.13022
9647,427.37158,508.2209,414.8625
9648,429.47437,511.3261,419.4083
9649,437.98154,524.48267,435.38834
9650,436.09598,522.4696,430.58362
9651,435.00534,520.91345,427.82095
9652,433.06244,515.8846,424.97565
9653,431.60162,511.59155,423.02478
9654,430.6761,509.85538,421.5942
9655,434.95352,515.06323,430.39362
9656,433.15585,510.20724,427.50046
9657,431.66998,505.68048,425.50623
9658,430.00827,500.36606,424.081
9659,428.6929,495.71957,423.0508
9660,427.88083,494.01495,422.25412
9661,427.41934,491.41904,422.67908
9662,426.70398,489.58755,422.28348
9663,429.70718,491.73038,429.38913
9664,428.39917,486.8947,428.16156
9665,428.24878,486.52725,428.18848
9666,427.07736,482.3768,427.26926
9667,426.2789,480.71417,426.50742
9668,425.66275,479.66968,425.8187
9669,424.09195,473.82675,425.2531
9670,422.71237,468.32245,424.80795
9671,422.1888,467.5238,424.3294
9672,421.8329,466.98935,424.07172
9673,421.33762,466.23633,423.61975
9674,423.4982,469.56668,428.26263
9675,428.2855,474.79968,438.72394
9676,428.74936,475.1464,439.31726
9677,427.96344,473.52713,437.56848
9678,426.9854,471.05624,436.163
9679,426.03284,468.6715,435.00485
9680,424.81662,464.38113,434.0577
9681,423.72314,461.04538,433.2686
9682,428.93906,469.00568,443.00476
9683,428.0788,467.15094,441.0336
9684,427.50803,466.01154,439.34592
9685,426.46924,463.2765,438.0341
9686,425.80856,462.0683,436.88367
9687,424.47192,457.0325,435.96143
9688,423.31342,453.4643,435.18286
9689,422.82565,452.65915,434.31848
9690,422.21164,451.67035,433.56274
9691,421.1029,448.46597,432.96213
9692,420.05624,445.70273,432.3935
9693,419.1658,443.80548,431.83197
9694,421.75357,443.6993,439.58606
9695,420.05292,436.91293,438.8426
9696,418.54315,431.13794,438.15027
9697,417.33072,427.7195,437.42722
9698,416.76898,426.89276,436.44247
9699,419.1528,430.56927,440.54965
9700,419.64395,428.9439,443.24008
9701,418.11954,423.44516,442.35608
9702,416.7377,419.15796,441.46545
9703,415.33624,414.86322,440.5855
9704,414.82962,414.12558,439.1723
9705,414.20563,413.28488,437.93863
9706,413.92847,412.8235,436.68866
9707,415.18515,414.86325,438.43542
9708,414.6284,414.14853,437.18417
9709,414.1404,413.56448,436.0732
9710,418.50247,420.29214,443.80737
9711,417.86737,419.33887,442.45435
9712,416.27795,413.85663,441.57782
9713,415.501,412.72437,440.34232
9714,415.14053,412.31192,439.6874
9715,418.4719,417.37747,445.57004
9716,418.03375,416.6741,444.03287
9717,417.13742,415.1417,442.81998
9718,416.66095,414.44238,441.23447
9719,416.5031,414.18167,440.0751
9720,421.28494,421.536,448.57263
9721,420.8182,420.75632,446.87402
9722,420.48557,420.25397,446.21814
9723,419.165,416.7453,445.0793
9724,417.4567,410.75024,444.0861
9725,417.27765,410.65112,443.44235
9726,415.81525,406.52264,442.3847
9727,414.06134,400.6082,441.394
9728,412.5964,396.75803,440.24152
9729,410.9432,391.8375,439.11945
9730,409.28375,387.03824,437.92993
9731,408.09543,384.94867,436.43903
9732,408.2934,385.614,435.59955
9733,406.76523,381.77625,434.3406
9734,405.79895,380.58344,432.69443
9735,405.15326,380.0655,430.7477
9736,404.37024,379.35126,429.0578
9737,403.76468,378.9168,427.21588
9738,403.29337,378.6535,425.4064
9739,402.84735,378.38434,423.47235
9740,401.36343,374.84384,422.45477
9741,399.8205,371.0239,421.41046
9742,398.13324,366.43207,420.3601
9743,396.89755,364.3839,419.0429
9744,395.3908,360.96014,417.84714
9745,393.8645,357.4838,416.61334
9746,393.1684,356.42484,416.12817
9747,392.55386,356.12256,414.62668
9748,392.18018,355.96274,412.18076
9749,394.487,359.8898,414.7852
9750,395.27014,361.6478,415.13788
9751,394.41324,360.92535,413.6468
9752,394.2446,361.32144,413.07385
9753,393.81635,361.14972,411.11026
9754,398.08646,368.05197,417.94138
9755,397.89206,367.9633,417.0206
9756,397.5332,367.80154,414.93066
9757,396.20117,365.23325,413.8905
9758,395.72107,365.03195,412.13452
9759,394.45157,362.7623,411.1093
9760,393.77173,362.31332,410.12305
9761,393.4334,362.20483,408.21964
9762,392.67392,361.68073,406.95987
9763,392.1784,361.4904,405.45337
9764,395.3838,366.71088,410.68658
9765,394.9813,366.58398,409.103
9766,394.23117,366.05838,407.92056
9767,393.50223,365.56915,406.7527
9768,404.99716,383.65237,427.16223
9769,404.84195,383.92636,426.77762
9770,404.34293,383.59314,425.07352
9771,404.24707,383.89777,425.2098
9772,405.7622,386.75192,428.08698
9773,408.2328,390.75427,431.9445
9774,408.01834,390.60733,430.5744
9775,406.70087,387.76614,429.5399
9776,405.40323,385.0684,428.46838
9777,404.36255,383.56937,427.24347
9778,403.77417,383.13644,425.63675
9779,402.69165,381.47986,424.49225
9780,401.29507,378.26324,423.48602
9781,403.63657,382.3417,428.07898
9782,404.50256,384.1127,428.94336
9783,404.91522,385.1636,428.94086
9784,404.3911,384.76132,427.21396
9785,403.87292,384.43216,425.84558
9786,403.19162,383.8533,424.6448
9787,403.34662,384.58688,424.92947
9788,402.70392,383.89737,424.26614
9789,402.2536,382.9788,424.51028
9790,401.04108,380.65363,423.46823
9791,400.0691,379.36505,422.28406
9792,399.95407,379.66983,422.10748
9793,399.06696,378.64294,420.89648
9794,398.50845,378.17346,420.22018
9795,404.91852,388.5294,431.5035
9796,404.22873,387.8137,429.98917
9797,404.17093,388.09827,429.5948
9798,409.17853,395.99536,437.744
9799,410.97314,398.86688,439.82135
9800,410.54886,398.40167,438.39215
9801,409.57568,396.8435,437.08444
9802,408.79865,395.79028,435.8665
9803,407.5452,393.00827,434.7476
9804,406.60547,391.63043,433.43164
9805,405.44443,389.37222,432.26218
9806,403.85977,384.70377,431.2516
9807,401.66092,376.58124,430.33694
9808,400.8881,375.81366,428.54398
9809,399.81732,374.20886,427.07306
9810,399.54755,374.21616,425.5555
9811,401.33197,377.46063,428.1988
9812,401.5654,378.26965,427.9216
9813,401.22824,377.96326,425.90268
9814,400.2404,376.66086,424.5557
9815,400.63,377.70804,425.37207
9816,399.51517,375.87778,424.14227
9817,399.2232,375.66577,424.07828
9818,398.0965,373.8096,422.8288
9819,397.11987,372.53925,421.48633
9820,396.04788,370.6098,420.4914
9821,394.92282,368.78192,419.24524
9822,397.09317,372.665,422.96204
9823,398.22345,374.87433,424.9331
9824,397.43753,374.07578,423.38068
9825,397.71088,374.95923,423.6426
9826,397.8695,375.58426,422.9723
9827,397.09644,374.72308,421.81104
9828,396.04147,373.1004,420.5894
9829,395.341,372.49384,419.10037
9830,394.19406,370.47742,417.97122
9831,393.45807,369.79803,416.67712
9832,392.4923,368.52463,415.46872
9833,391.69858,367.68127,414.3359
9834,391.92578,368.53714,414.72577
9835,391.35297,368.1394,413.2198
9836,391.27872,368.29053,411.7112
9837,390.79153,368.00354,410.21838
9838,390.37805,367.77695,408.66623
9839,389.87415,367.5288,407.50046
9840,389.26068,367.12723,406.30975
9841,388.3329,365.97308,405.36713
9842,387.47888,365.05215,404.38986
9843,386.2787,362.67706,403.57574
9844,385.20135,360.92255,402.69284
9845,384.2389,359.64435,401.74896
9846,383.41345,358.8088,400.73254
9847,385.4642,362.53656,404.46466
9848,385.57376,363.04913,403.71353
9849,385.2725,363.05032,402.67886
9850,384.59552,362.53256,401.61
9851,383.78976,361.60156,400.84018
9852,383.92987,362.3489,401.01685
9853,385.91092,365.682,403.602
9854,385.6077,365.65424,402.58365
9855,385.0478,365.30756,401.69144
9856,384.7863,365.27115,400.53036
9857,388.34836,371.06247,406.20724
9858,389.10464,372.59518,406.9984
9859,388.7991,372.39404,405.54315
9860,390.1119,374.7975,407.43997
9861,390.4304,375.6886,407.62613
9862,389.74197,375.07776,406.69202
9863,389.10373,374.5631,405.7385
9864,388.7554,374.34906,404.4816
9865,388.32748,374.0993,403.38245
9866,387.81845,373.78268,402.4018
9867,387.44662,373.57806,401.28625
9868,387.15115,373.412,400.07675
9869,386.7354,373.19537,399.08618
9870,386.0988,372.70862,398.30438
9871,385.38254,372.04672,397.57816
9872,384.75705,371.5753,396.8086
9873,384.37195,371.38315,395.8459
9874,383.95703,371.175,394.94183
9875,383.4144,370.8374,394.16876
9876,383.0323,370.66394,393.29617
9877,382.5144,370.35977,392.5377
9878,382.00043,370.05997,391.79007
9879,381.6615,369.9055,390.8889
9880,381.80426,370.31332,390.59973
9881,381.5437,370.19293,389.61865
9882,381.22708,370.0585,388.7511
9883,395.60907,392.5843,414.99158
9884,395.3325,392.24625,413.74387
9885,395.01205,391.91425,412.6135
9886,394.76038,391.6215,411.4524
9887,395.46097,392.7925,412.29587
9888,401.57272,402.3333,423.22534
9889,401.36536,401.9268,422.61
9890,401.1049,401.48502,421.6306
9891,400.77048,401.04266,420.4677
9892,400.3749,400.5918,419.4241
9893,399.95016,400.13803,418.4392
9894,402.4186,404.06595,422.48697
9895,402.16003,403.75638,421.56918
9896,401.6015,403.1215,420.70755
9897,401.25146,402.69516,419.64062
9898,400.87946,402.27734,418.62976
9899,403.3136,406.1311,422.58646
9900,402.84348,405.59012,421.6659
9901,402.53354,405.17078,420.55902
9902,402.1004,404.7016,419.6423
9903,401.85117,404.33807,418.84784
9904,401.36667,403.84726,418.0113
9905,407.2952,413.0567,428.8008
9906,406.96582,412.48303,427.64243
9907,406.6893,411.96454,426.73947
9908,406.44528,411.48093,426.22516
9909,406.15128,410.99722,425.09888
9910,408.36102,414.35938,429.0912
9911,409.07812,415.35385,430.18448
9912,408.8005,414.79993,429.3592
9913,408.53104,414.2746,428.6165
9914,408.24808,413.76752,427.70276
9915,407.96198,413.2854,426.73926
9916,409.35645,415.40515,429.0836
9917,414.80997,423.73944,439.227
9918,414.29492,422.80045,438.07925
9919,413.89667,422.05823,437.02463
9920,414.02985,422.0958,436.67902
9921,414.27563,422.2659,436.79712
9922,413.91833,421.57263,435.53986
9923,413.49203,420.88553,434.42038
9924,413.0683,420.23526,433.3311
9925,412.69705,419.64975,432.2049
9926,413.3087,420.55716,432.8358
9927,415.3488,423.61877,436.5219
9928,421.51733,433.0168,447.7018
9929,421.19897,432.1092,446.06842
9930,420.8438,431.19336,444.7913
9931,420.64526,430.62396,443.60898
9932,421.3966,431.51166,444.75266
9933,421.2474,430.9088,444.3398
9934,421.90045,431.69,444.979
9935,422.0669,431.659,445.1139
9936,424.018,434.30142,448.57065
9937,429.3671,442.24667,457.9044
9938,428.7297,440.799,454.44824
9939,428.20767,439.6942,451.62854
9940,427.69418,438.75656,449.3105
9941,429.05237,440.72998,450.84796
9942,444.40475,464.10544,478.54593
9943,445.87387,466.8946,477.18832
9944,443.6061,464.64386,469.22366
9945,442.2733,463.10956,462.25598
9946,441.21237,462.03348,456.00415
9947,440.37662,461.26196,451.3628
9948,439.71854,460.69662,447.96802
9949,438.98694,460.0994,445.26718
9950,438.3102,459.5709,443.06992
9951,437.72458,459.1412,441.19327
9952,448.15213,475.7227,459.93076
9953,446.60257,474.88983,453.3852
9954,446.7447,476.21906,450.5854
9955,447.06946,477.8005,448.55255
9956,449.3111,482.3103,450.28903
9957,448.04755,481.79132,445.23026
9958,447.98352,482.67172,442.93317
9959,448.18985,484.0504,441.61295
9960,452.08722,491.07474,447.21075
9961,450.7106,490.65195,442.0767
9962,449.5566,490.27957,438.14603
9963,448.62128,490.005,435.2002
9964,447.694,489.61118,432.78305
9965,446.96762,489.42108,431.10074
9966,446.17828,489.06927,429.3967
9967,445.3563,488.59634,427.95557
9968,444.4603,487.85797,426.7232
9969,443.5971,487.12558,425.65128
9970,442.95135,486.80304,424.67957
9971,442.41797,486.62762,423.961
9972,441.57275,485.77338,423.17285
9973,440.94556,485.41037,422.44485
9974,445.68286,493.2707,431.95886
9975,444.47128,491.69785,429.99313
9976,443.59198,491.08273,428.3925
9977,442.73108,490.41074,427.0354
9978,442.29218,490.41302,426.32614
9979,442.4613,491.3322,426.72595
9980,442.34644,491.70306,426.95676
9981,441.70078,491.36954,425.72482
9982,440.96814,490.86227,424.65167
9983,440.32556,490.4773,423.68796
9984,439.70966,490.10782,422.817
9985,448.26395,503.90863,439.13467
9986,446.493,502.29276,434.90674
9987,445.02548,500.68945,431.7562
9988,443.84286,499.59125,429.3568
9989,442.7902,498.60822,427.44778
9990,441.99945,498.13702,425.8616
9991,441.49146,498.04404,424.95847
9992,447.6908,508.3023,436.49808
9993,446.19882,507.59848,432.50385
9994,444.7939,506.39764,429.4238
9995,443.68167,505.62137,427.0427
9996,442.70273,504.9376,425.12628
9997,456.1462,526.52423,450.11954
9998,450.66342,525.3639,442.7798
9999,446.95667,523.3628,436.41602
10000,444.53165,521.8358,431.2509
10001,442.86755,520.8726,427.31973
10002,441.33078,519.1547,424.33328
10003,440.08588,517.84796,422.0612
10004,438.99033,516.6502,420.26013
10005,438.1001,515.88275,418.78323
10006,437.18253,514.76166,417.59344
10007,436.21808,513.2732,416.53214
10008,436.2919,513.04553,417.6005
10009,435.32285,511.35696,416.6163
10010,434.39847,509.7058,415.77863
10011,433.35016,506.94348,415.06262
10012,432.4177,504.84647,414.46222
10013,431.78534,504.10718,413.9303
10014,436.83273,512.04596,424.0951
10015,435.69232,509.98196,422.40585
10016,439.70987,516.1526,430.3543
10017,438.4225,514.9582,427.2155
10018,443.0956,522.41046,435.8097
10019,440.3346,517.76666,430.9724
10020,439.00137,516.6966,427.55557
10021,437.81354,514.8631,425.29895
10022,437.5834,514.9874,424.7353
10023,444.8847,524.925,438.98672
10024,441.51508,520.17096,433.32422
10025,439.7922,518.6258,429.19302
10026,438.30438,516.6376,426.10126
10027,437.08987,514.971,423.81064
10028,446.36996,529.82605,440.98712
10029,442.22513,525.1017,434.69513
10030,439.54492,520.68567,429.8898
10031,437.85364,517.8607,426.50458
10032,438.05127,518.5259,426.6649
10033,436.67038,516.214,424.11597
10034,435.44598,513.9141,422.18622
10035,433.99594,509.80426,420.69226
10036,456.41327,544.7701,462.66022
10037,444.01132,537.8627,455.07288
10038,436.63254,531.2506,447.34116
10039,432.56802,524.596,440.3596
10040,431.09628,519.69775,436.58286
10041,429.5935,516.3366,432.11423
10042,449.08017,545.6406,467.19254
10043,437.1984,533.0925,460.6504
10044,428.48648,513.6998,452.79288
10045,425.8149,502.17377,445.97165
10046,425.5747,497.85117,442.87582
10047,424.5634,493.5135,439.01126
10048,423.3054,487.67178,436.36194
10049,422.9698,485.68552,435.1039
10050,432.0734,498.53616,451.45178
10051,429.59964,489.98325,445.7597
10052,428.72595,486.14706,442.75467
10053,426.97153,479.33105,439.837
10054,425.56668,473.37238,437.91522
10055,424.0706,467.16852,436.56882
10056,422.88733,462.82883,435.55347
10057,421.68326,457.11197,435.08585
10058,421.1182,455.96875,434.25046
10059,427.7012,465.89166,446.452
10060,435.9023,477.931,460.41266
10061,440.92422,483.9645,466.84348
10062,438.39545,480.28036,459.10825
10063,436.12225,473.80228,452.98944
10064,434.74002,470.8797,448.54303
10065,433.74142,469.16922,445.35483
10066,433.0019,468.10263,442.81372
10067,445.13754,486.99808,464.71887
10068,452.51172,500.09262,475.97238
10069,448.39294,500.71906,473.16385
10070,441.7319,493.0167,464.8286
10071,437.26385,484.0317,457.2765
10072,434.13486,475.74188,451.2535
10073,432.8158,471.8791,447.4366
10074,432.02762,470.4478,444.52185
10075,434.92758,474.75153,449.13733
10076,433.63544,470.44107,446.05286
10077,431.39966,463.5005,443.52167
10078,429.33038,456.7013,441.83932
10079,429.86838,457.5926,442.431
10080,441.5449,475.72095,463.63483
10081,441.00336,472.20334,462.43835
10082,437.61227,464.11957,456.1291
10083,434.2429,455.7294,451.89648
10084,432.75647,451.26147,449.1949
10085,433.20944,452.0928,448.80988
10086,431.98782,448.8054,447.00626
10087,430.22763,442.5678,445.4419
10088,429.21582,440.82263,444.0807
10089,427.0643,433.74478,443.07346
10090,424.8922,426.51636,442.228
10091,423.87714,424.85138,441.2038
10092,421.7541,417.5457,440.93497
10093,421.5893,417.66107,440.65
10094,420.94363,417.03006,439.39636
10095,420.15817,416.1468,438.29535
10096,424.15082,422.64853,446.16144
10097,423.99222,421.42316,447.08542
10098,424.01358,421.47855,447.4969
10099,426.2942,425.21808,451.17694
10100,429.08157,429.6116,455.20023
10101,426.45142,421.48682,453.40482
10102,424.71225,415.8177,451.80887
10103,423.0309,410.7049,450.35242
10104,424.49548,412.85822,453.45636
10105,424.72186,413.2743,452.47653
10106,423.81696,412.05096,450.5431
10107,422.51285,409.31393,449.00543
10108,421.8294,408.5892,447.2495
10109,424.0758,412.4312,450.97946
10110,423.54535,411.83182,448.7397
10111,425.20694,414.66925,450.7076
10112,426.56683,417.0998,452.63312
10113,426.00296,416.48685,451.16373
10114,425.2402,415.6217,449.25357
10115,425.74365,416.6453,448.99942
10116,425.01303,415.88077,447.2457
10117,424.17603,414.81293,445.98315
10118,423.29318,413.7563,444.54608
10119,424.01913,415.28375,445.4914
10120,423.2903,414.55188,443.97467
10121,422.27652,413.04666,442.78412
10122,420.71268,408.73486,441.79053
10123,419.39447,405.96454,440.69717
10124,420.13504,407.5404,442.1904
10125,423.62,413.3252,448.8035
10126,422.74084,412.20636,447.15567
10127,422.15454,411.61343,445.30933
10128,421.50262,410.97833,443.65955
10129,418.90295,402.77872,442.81802
10130,418.1743,401.82883,441.9463
10131,419.46866,404.25513,444.3091
10132,418.5627,403.1563,442.77646
10133,416.96884,398.84366,441.64407
10134,416.44293,398.4049,439.6627
10135,415.39175,396.93155,438.31375
10136,415.29904,396.46722,439.2157
10137,418.91037,402.52536,445.4145
10138,421.4304,406.60812,450.35764
10139,424.29718,411.31564,454.722
10140,425.08984,412.54773,454.88907
10141,425.25934,412.9847,453.7655
10142,424.8567,411.91162,453.45877
10143,423.0641,406.34058,451.88266
10144,421.78705,403.3121,450.52634
10145,421.17868,402.47314,449.50403
10146,418.7027,394.29428,448.27582
10147,419.15558,393.57956,450.46967
10148,417.77234,390.85883,448.56717
10149,416.25003,387.47525,446.78516
10150,415.0865,385.77777,444.75507
10151,416.56708,388.48715,445.72647
10152,416.62326,389.0137,444.23874
10153,419.49783,393.99597,448.60397
10154,418.6548,393.1585,446.37534
10155,418.14368,392.6665,445.4853
10156,417.29486,391.83347,443.5354
10157,415.5574,387.21222,442.1527
10158,415.44254,387.3345,442.149
10159,415.25885,387.47342,440.12384
10160,416.7979,390.19833,441.65814
10161,416.3891,390.07355,439.69595
10162,414.93042,386.99277,438.37598
10163,414.67865,387.12796,436.702
10164,414.28833,387.12625,435.2265
10165,414.3963,387.80716,434.26688
10166,415.9767,390.6086,436.13513
10167,414.884,389.22382,434.73874
10168,413.54483,386.80585,433.49707
10169,412.3589,385.07938,432.16486
10170,411.3146,383.86426,430.75595
10171,411.69867,385.10324,431.23248
10172,411.09427,384.77597,430.15088
10173,410.03134,382.29358,429.76993
10174,408.7156,379.97092,428.53708
10175,407.72263,378.62878,427.4855
10176,408.28348,379.75278,429.26047
10177,408.53268,380.76523,429.26285
10178,408.13278,380.73303,427.79803
10179,414.0232,390.43826,438.07407
10180,413.08002,389.3996,436.49036
10181,421.60748,403.02295,451.13492
10182,422.71207,404.85925,452.00305
10183,422.25916,404.3276,449.74173
10184,420.9347,401.70758,448.13605
10185,419.25568,397.1417,446.73474
10186,417.1015,389.90378,445.46707
10187,415.1506,384.11032,444.01938
10188,413.67035,381.1269,442.24893
10189,412.3942,379.1209,440.33932
10190,411.43988,378.1793,438.18478
10191,410.3924,376.96585,436.28522
10192,409.3676,375.83115,434.42087
10193,408.43756,374.9676,432.49707
10194,408.72757,376.00964,431.83774
10195,409.275,377.50504,432.48166
10196,408.299,376.52057,430.7569
10197,408.91196,377.80838,430.65997
10198,410.33334,380.2859,432.50287
10199,414.3162,386.98233,438.68466
10200,418.2721,393.47723,444.56464
10201,419.4571,395.52246,445.97153
10202,421.0444,398.16028,448.2586
10203,420.75635,397.97916,446.47382
10204,419.71143,396.6606,444.723
10205,419.02283,396.1246,442.96252
10206,420.08896,398.13828,443.52774
10207,420.28207,398.6477,443.35315
10208,420.7145,399.60608,443.19897
10209,426.87604,409.39932,453.9461
10210,426.29715,408.85114,451.34335
10211,425.2857,407.58212,449.48605
10212,424.41785,406.6907,447.6318
10213,423.78067,406.18323,445.63852
10214,423.02444,405.53836,443.914
10215,421.8657,403.77875,442.57083
10216,420.6464,401.76514,441.2892
10217,419.31937,399.25146,440.07394
10218,418.3582,398.18567,438.65298
10219,417.76547,397.79645,436.9158
10220,417.21875,397.46283,435.19766
10221,416.50964,396.95688,433.75256
10222,416.01956,396.77942,432.54877
10223,417.6401,399.62732,434.68115
10224,419.06644,402.248,436.3862
10225,420.12003,404.33218,437.58368
10226,424.28467,411.12622,444.36362
10227,423.73776,410.7128,442.60913
10228,424.41092,412.17,443.06625
10229,423.65256,411.5025,441.64584
10230,422.8107,410.66913,440.3528
10231,421.72903,409.09726,439.24313
10232,421.04788,408.56766,437.89243
10233,420.04224,407.26492,436.81143
10234,419.35666,406.73602,435.6018
10235,423.37274,413.47937,443.2866
10236,422.4789,412.43686,441.98895
10237,421.68692,411.64105,440.6717
10238,420.74252,410.45453,439.5036
10239,420.7477,410.82285,438.8076
10240,420.5094,410.6285,438.16608
10241,421.05695,411.6729,438.88004
10242,425.30618,418.42792,446.57996
10243,424.21457,416.64346,445.2696
10244,423.3738,415.6714,443.8781
10245,422.57516,414.80374,442.52594
10246,421.94904,414.2394,441.08804
10247,421.15585,413.40305,439.85687
10248,420.33237,412.50064,438.69022
10249,419.56573,411.72876,437.52182
10250,418.81628,410.9957,436.37756
10251,418.09808,410.32642,435.24445
10252,417.46558,409.80032,434.07578
10253,416.91797,409.38358,432.8633
10254,417.26782,410.3519,433.29156
10255,416.71262,409.92914,432.13245
10256,417.01788,410.85464,432.66415
10257,418.49545,413.35638,434.9523
10258,417.87576,412.82745,433.85065
10259,417.40918,412.46457,432.62872
10260,416.9468,412.11752,431.4445
10261,424.44437,424.06412,444.97714
10262,424.11646,423.59348,444.04108
10263,423.5447,422.99484,442.66837
10264,424.78238,424.86124,444.9649
10265,424.71686,424.88657,443.9885
10266,424.3568,424.5026,442.4976
10267,423.689,423.80542,441.25595
10268,423.12158,423.25696,439.9935
10269,422.52072,422.68335,438.82175
10270,421.93158,422.13586,437.69077
10271,421.41443,421.67758,436.5399
10272,421.03018,421.32373,435.2745
10273,420.57956,421.0341,434.64984
10274,420.02554,420.56775,433.64536
10275,419.54535,420.18082,432.6055
10276,419.13812,419.85382,431.5184
10277,427.44208,433.00925,446.63654
10278,429.48688,436.38202,449.90976
10279,429.0312,435.73828,447.8074
10280,429.18973,436.10568,447.0762
10281,428.8367,435.79788,445.82318
10282,429.2519,436.60495,445.73224
10283,428.91312,436.3125,444.4358
10284,435.2672,446.3871,455.6453
10285,434.6042,445.54962,452.2887
10286,433.8975,444.7451,449.698
10287,433.21487,444.0145,447.55716
10288,432.55768,443.3455,445.72345
10289,431.86243,442.6362,444.14963
10290,431.39035,442.26346,443.2849
10291,436.18112,450.01932,452.35614
10292,435.49088,449.2738,449.4828
10293,434.76645,448.5218,447.20126
10294,434.14417,447.92642,445.23724
10295,433.67932,447.4852,443.43863
10296,433.21402,447.07278,441.84543
10297,432.62662,446.57547,440.51605
10298,432.04486,446.09134,439.30765
10299,431.47266,445.62305,438.1942
10300,430.59424,444.49075,437.28784
10301,430.0156,444.0142,436.32748
10302,430.90958,445.69778,437.70523
10303,430.46945,445.34155,436.6198
10304,429.94574,444.92612,435.66483
10305,429.3313,444.39795,434.81372
10306,438.67838,459.2648,452.32944
10307,438.28113,458.9651,449.4314
10308,437.63898,458.37097,446.54996
10309,436.96274,457.77045,444.25925
10310,436.35333,457.26736,442.37753
10311,442.11465,466.5993,452.46408
10312,456.7427,489.81674,477.14838
10313,454.16272,493.27286,474.90027
10314,448.16937,490.51932,466.33597
10315,444.65796,487.9294,458.45282
10316,442.67096,486.31387,451.8355
10317,441.3263,485.19037,446.3597
10318,445.1995,491.89987,451.26633
10319,443.5584,490.82452,445.46082
10320,442.66568,490.38507,441.3498
10321,444.80978,494.44257,443.4527
10322,444.34903,494.73044,440.23343
10323,443.50342,494.16953,436.5987
10324,446.5853,499.75278,441.06766
10325,445.1597,498.9553,436.78543
10326,445.45636,500.52383,436.04617
10327,444.3647,499.97818,432.88742
10328,443.20874,498.97946,430.34766
10329,449.31912,509.2633,441.2126
10330,447.31537,508.31573,436.07547
10331,445.8231,507.5408,432.14615
10332,448.9221,513.562,437.04593
10333,447.23767,512.7892,432.99142
10334,445.95493,512.2258,429.35443
10335,444.67197,511.40616,426.53653
10336,444.46198,511.98645,426.06796
10337,450.54025,522.3463,437.25537
10338,453.99734,530.5295,443.15033
10339,449.30292,528.5207,436.40665
10340,446.1446,525.78345,430.83383
10341,448.31232,530.99506,433.8762
10342,451.0534,538.07007,438.0551
10343,448.70966,539.50616,434.52875
10344,446.82367,540.65344,431.96582
10345,443.74625,538.49634,427.2185
10346,446.00635,543.7083,431.51465
10347,442.34494,540.92267,425.87146
10348,439.73248,537.6828,421.5829
10349,437.85504,534.84735,418.5009
10350,437.40533,534.89856,417.7401
10351,436.4447,533.6753,416.31616
10352,435.34265,532.49493,414.50815
10353,434.1317,530.0323,413.0403
10354,432.8202,526.6038,411.87997
10355,434.98697,530.2143,416.3747
10356,436.08752,532.319,418.5099
10357,434.95526,531.0993,416.45602
10358,433.8179,529.2915,414.81027
10359,432.6725,526.72107,413.48898
10360,431.56418,523.76056,412.43564
10361,430.3784,520.18286,411.5945
10362,429.50314,518.1967,410.92053
10363,430.31934,519.51917,413.02713
10364,441.55835,536.82324,433.98267
10365,439.24683,535.4949,429.43686
10366,436.78668,531.6763,424.98853
10367,437.23145,532.74054,425.53293
10368,436.02032,531.01715,423.09387
10369,434.19424,526.92993,420.36853
10370,437.88983,532.80554,427.30084
10371,436.04437,530.4311,423.5046
10372,434.53104,527.8556,420.7149
10373,433.20605,525.06744,418.63992
10374,431.9213,521.6365,417.06668
10375,430.80884,518.6308,415.86722
10376,429.55252,514.62573,414.92072
10377,428.66556,512.5073,414.1776
10378,427.9396,511.16055,413.53802
10379,427.11594,509.17462,412.97455
10380,426.06696,505.3078,412.4898
10381,425.22467,502.9645,412.08627
10382,424.2529,499.42545,411.73557
10383,423.40677,496.93213,411.43274
10384,422.49658,493.87024,411.1646
10385,421.43408,489.49652,410.93198
10386,420.81458,488.31766,410.70993
10387,420.33322,487.5675,410.48566
10388,425.4517,495.50327,420.58008
10389,427.0182,496.9873,424.45215
10390,426.51627,496.0052,423.6206
10391,425.43478,492.07004,422.80228
10392,424.85687,490.96646,422.11923
10393,423.90375,487.8417,421.54944
10394,422.972,484.92014,421.0402
10395,422.23938,483.22607,420.583
10396,423.40915,484.81015,423.4094
10397,424.59607,486.29666,426.23404
10398,426.69733,489.2658,430.27158
10399,425.5712,485.01303,429.14117
10400,425.4779,484.11304,429.53738
10401,426.64084,485.5804,431.7957
10402,426.6732,485.26605,431.6148
10403,430.8272,491.34137,439.02167
10404,431.81808,492.45847,439.6014
10405,430.95975,490.8019,436.64453
10406,429.53735,485.12537,435.63843
10407,427.75793,478.87756,433.97644
10408,425.73862,472.0475,432.8289
10409,431.61993,480.3973,444.52057
10410,429.81824,473.8618,442.24365
10411,428.77444,471.25912,440.14584
10412,428.99228,471.31262,440.21606
10413,427.54123,465.59,438.66458
10414,426.29846,461.4535,437.4628
10415,425.60416,460.10352,436.57306
10416,424.75638,458.05103,435.84122
10417,423.38278,452.76385,435.07724
10418,422.14725,448.7,434.41208
10419,421.4269,447.48563,433.70667
10420,471.32028,524.63135,526.3421
10421,464.43643,501.0106,534.5738
10422,453.55753,449.74243,533.4148
10423,441.04483,417.06754,522.0739
10424,436.51736,397.06268,507.81882
10425,434.62646,390.2756,494.38077
10426,433.27057,387.41266,483.6499
10427,432.58093,386.38596,477.709
10428,431.31085,384.7601,470.92664
10429,430.66452,384.24835,466.99008
10430,435.7368,392.29953,475.50146
10431,434.76578,391.43265,469.4805
10432,433.375,389.66946,464.9742
10433,432.27045,388.70917,460.8638
10434,431.02966,387.43192,457.49582
10435,429.86615,386.3635,454.3889
10436,428.55594,384.87274,451.70715
10437,427.71146,384.41632,448.64447
10438,427.107,384.19626,445.5128
10439,426.69412,384.072,443.61383
10440,425.96774,383.81134,441.27878
10441,424.8876,382.93933,439.28345
10442,430.3816,392.06958,447.9165
10443,429.95032,391.93063,446.00632
10444,428.96628,391.23965,443.92563
10445,427.44843,388.78995,442.32794
10446,426.7081,388.46912,440.09888
10447,425.8295,387.9642,438.17313
10448,425.43094,387.86642,436.3798
10449,432.54846,399.25354,449.42722
10450,430.68018,394.9366,447.87238
10451,428.50183,389.0044,446.4223
10452,426.74164,385.44824,444.73486
10453,427.74338,387.4908,445.5641
10454,426.782,386.8468,443.31775
10455,425.83633,386.2292,441.18866
10456,424.97293,385.74792,439.08902
10457,423.56085,383.71982,437.52573
10458,422.91058,383.4879,435.27942
10459,422.8858,384.06265,433.6778
10460,427.16165,391.04294,441.4096
10461,426.48608,390.77316,439.25626
10462,425.35455,389.668,437.67642
10463,424.523,389.1821,436.244
10464,426.92175,393.52286,439.4486
10465,425.8895,392.6498,437.8789
10466,424.20746,389.1179,436.68597
10467,423.43427,388.7345,434.8893
10468,422.7089,388.41025,433.12714
10469,422.15448,388.2385,431.22095
10470,428.00058,397.7744,441.13245
10471,427.3731,397.5207,439.20428
10472,426.45172,396.85645,437.68936
10473,425.32144,395.52353,436.52142
10474,436.36203,413.3084,456.38876
10475,436.9554,414.85168,455.77417
10476,436.31137,414.54684,453.25107
10477,435.7369,414.27457,450.73172
10478,434.152,411.0511,449.19186
10479,433.56616,410.83798,447.26474
10480,431.5238,404.25497,446.41336
10481,430.90607,403.98492,444.32373
10482,430.98804,404.8778,444.15277
10483,429.34448,401.36356,442.93405
10484,428.87106,401.19293,440.7979
10485,427.99585,400.60303,439.26807
10486,426.35422,397.06506,438.18365
10487,425.8194,396.8792,436.2787
10488,424.20444,393.4965,435.22345
10489,422.70822,390.76407,434.09277
10490,420.97717,386.80453,433.02298
10491,419.0303,381.71,431.96606
10492,427.42117,395.14194,446.6448
10493,426.00366,392.88815,444.9798
10494,424.26202,389.02213,443.50122
10495,422.53433,385.28867,441.98575
10496,420.96732,382.4225,440.3596
10497,419.32495,379.20273,438.76318
10498,418.1318,377.8891,436.86746
10499,416.72845,375.7871,435.173
10500,415.46265,374.2187,433.40735
10501,414.35123,373.13907,431.5678
10502,412.97766,371.1291,429.96686
10503,412.4138,371.05585,428.67365
10504,414.285,374.4643,430.55167
10505,414.2579,374.99686,428.8119
10506,413.23413,374.01688,427.40533
10507,412.8741,374.19016,426.9629
10508,412.03854,373.69437,425.2363
10509,411.4655,373.33963,424.85254
10510,409.59924,368.64038,423.75128
10511,408.37967,367.15094,422.2895
10512,407.28778,366.0706,420.7674
10513,406.60178,365.81143,419.22406
10514,406.30286,366.13666,418.68634
10515,405.64117,365.8733,416.91562
10516,404.0319,362.49722,415.82944
10517,403.77826,362.6201,413.82828
10518,402.84946,361.63742,413.00208
10519,403.70142,363.65756,415.06064
10520,402.29312,361.25668,413.91226
10521,401.2023,360.1164,412.58646
10522,406.5337,368.71207,421.59488
10523,413.61353,380.00253,434.0006
10524,413.12042,379.7887,431.59857
10525,414.04764,381.5852,432.3918
10526,413.46323,381.32745,430.36844
10527,412.6047,380.7018,428.77768
10528,410.81766,376.1136,427.70325
10529,411.67026,378.03677,429.6483
10530,410.95023,377.64005,427.8169
10531,410.42175,377.4948,426.07382
10532,410.8316,378.6523,425.53912
10533,410.16205,378.33685,423.97653
10534,409.66766,378.19174,422.25446
10535,408.32532,375.9089,421.18805
10536,407.7211,375.70087,419.87036
10537,408.91516,377.9125,421.20264
10538,408.71194,378.04257,419.51874
10539,408.0991,377.78708,418.0734
10540,407.0466,376.62302,417.00903
10541,406.33356,376.2439,415.7308
10542,405.42688,375.41205,414.78387
10543,410.69724,384.1953,424.1223
10544,410.15338,383.96518,422.5856
10545,409.32928,383.3462,421.4025
10546,409.70258,384.59863,422.34558
10547,412.90744,390.1394,427.76846
10548,417.63336,398.08014,436.31424
10549,416.63885,396.91577,435.05652
10550,415.77707,396.11023,433.7343
10551,414.37418,393.1453,432.72202
10552,413.77872,392.78635,431.14044
10553,412.64166,391.11356,430.0351
10554,411.5176,389.49158,428.9248
10555,410.52948,388.34277,427.76007
10556,410.45993,388.83566,427.41022
10557,410.82895,389.99866,427.84604
10558,412.30792,392.74185,429.75793
10559,414.11914,396.0436,432.50763
10560,419.7315,405.25998,442.56967
10561,419.59088,405.38455,441.34222
10562,424.1273,412.72888,448.7409
10563,424.7705,413.97403,448.7128
10564,424.42093,413.5402,447.46472
10565,423.77158,412.9233,445.69147
10566,422.993,412.12598,444.15808
10567,422.653,411.7755,442.97733
10568,434.0688,429.61304,463.84888
10569,437.2024,434.43173,466.87155
10570,438.32758,436.36258,465.16006
10571,438.36005,436.74713,461.9503
10572,437.49405,435.83228,457.73572
10573,436.98743,435.33197,454.8768
10574,436.53326,435.09747,452.44095
10575,436.07166,434.7445,450.23578
10576,435.07495,433.57056,448.4048
10577,433.7409,430.91995,446.92957
10578,432.84946,430.0071,445.4596
10579,431.2299,425.53085,444.3534
10580,429.79645,422.27316,443.29272
10581,428.82544,421.14053,442.11942
10582,427.7955,419.8012,441.02985
10583,426.48163,417.17938,440.08508
10584,425.87088,416.776,438.7833
10585,425.39328,416.49454,437.39456
10586,429.0192,422.40588,443.8764
10587,432.22488,427.61566,449.61368
10588,431.74738,427.22556,447.53793
10589,439.61838,439.7775,461.17563
10590,438.5277,438.45844,457.0948
10591,437.07605,435.47787,454.18323
10592,435.71994,432.87714,451.9143
10593,434.42343,430.50684,450.04196
10594,433.3285,428.9757,448.36636
10595,432.3164,427.71173,446.8431
10596,431.25998,426.277,445.4819
10597,430.26422,425.0358,444.20117
10598,429.2061,423.56116,443.03268
10599,428.3817,422.7745,441.81412
10600,427.91412,422.46558,440.3494
10601,426.93533,421.24472,439.34235
10602,425.99408,420.13495,438.35428
10603,425.5001,419.8243,437.08102
10604,425.089,419.57214,435.75958
10605,424.446,419.1243,434.7315
10606,430.89932,429.39316,446.60434
10607,429.95444,428.21643,445.2262
10608,429.0657,427.19418,443.93094
10609,428.2301,426.3039,442.69708
10610,427.20557,424.82132,441.6251
10611,426.37808,423.9435,440.51404
10612,425.72046,423.39487,439.34763
10613,424.85483,422.411,438.358
10614,424.35367,422.04437,437.14474
10615,423.60867,421.35052,436.17233
10616,423.2164,421.06528,434.91403
10617,422.50314,420.44077,433.99744
10618,421.72668,419.6797,433.14014
10619,421.32715,419.42313,432.0463
10620,425.29312,425.90146,439.01935
10621,424.78638,425.49493,437.83475
10622,424.2386,425.0605,436.7426
10623,423.86993,424.7593,435.50854
10624,423.36203,424.38458,434.4755
10625,422.82782,423.99115,433.50262
10626,423.7312,425.7035,434.7998
10627,423.4145,425.5658,433.95782
10628,422.95987,425.23944,432.95157
10629,422.6157,424.9839,431.892
10630,422.97134,425.75708,432.56827
10631,422.47556,425.40668,431.65628
10632,424.1399,428.44696,435.08398
10633,426.89737,432.99487,439.82993
10634,426.16452,432.2154,438.82645
10635,425.51596,431.5937,437.82675
10636,425.89975,432.35806,438.4206
10637,425.39102,431.90875,437.3436
10638,426.08005,433.18936,438.23535
10639,432.12234,442.688,449.5068
10640,431.75327,442.12296,448.0654
10641,432.14813,442.88165,447.75885
10642,434.80923,447.2784,452.41443
10643,434.09763,446.45056,449.72238
10644,433.30774,445.5256,447.5826
10645,432.5239,444.62158,445.78085
10646,433.87405,447.05087,447.80276
10647,433.68695,447.0981,446.9145
10648,433.03745,446.43866,445.07068
10649,432.4065,445.82208,443.46213
10650,431.8571,445.31274,441.9848
10651,431.98547,445.85904,441.87604
10652,435.26782,451.18326,447.45422
10653,434.74213,450.6581,445.27292
10654,434.11053,450.06848,443.507
10655,433.5289,449.5502,441.9436
10656,432.98474,449.08267,440.5353
10657,432.4191,448.60422,439.28268
10658,447.09814,471.59286,466.29773
10659,448.72476,475.5985,465.12128
10660,446.8046,474.5315,457.58667
10661,445.4243,473.67767,451.58948
10662,444.41895,473.08035,447.012
10663,445.2339,475.172,446.71454
10664,444.3709,474.7077,443.1257
10665,443.56964,474.2611,440.35117
10666,442.7595,473.7501,438.14334
10667,443.5089,475.58942,438.9643
10668,442.70197,475.07578,436.90958
10669,442.01184,474.68723,435.1732
10670,441.27603,474.2009,433.7294
10671,443.1952,477.74545,437.0049
10672,443.1744,478.39703,436.29398
10673,442.31552,477.74988,434.5153
10674,441.4876,477.09875,433.01575
10675,457.37195,502.27493,462.28735
10676,452.9088,501.6108,454.79846
10677,451.25583,502.69965,450.07706
10678,449.15674,502.3621,444.24472
10679,447.65265,501.8997,439.1957
10680,447.04364,501.97632,435.82544
10681,445.95428,501.49368,432.4501
10682,444.94464,501.00653,429.817
10683,444.03735,500.53598,427.70285
10684,443.18665,500.05124,425.95993
10685,442.20178,499.0557,424.50745
10686,442.34692,499.94156,424.75198
10687,441.47552,499.20764,423.45532
10688,440.74722,498.73087,422.32474
10689,439.9834,498.11765,421.33258
10690,446.43674,508.68982,433.6015
10691,449.1167,514.17816,437.67902
10692,447.1589,513.29456,432.88824
10693,457.14532,530.33246,450.49637
10694,450.476,527.6528,443.0705
10695,449.76364,531.1704,442.23798
10696,445.569,529.0874,435.63806
10697,442.90097,527.4263,430.2464
10698,440.8861,525.3636,426.12982
10699,439.9315,524.9995,423.83536
10700,438.81348,524.1905,421.3673
10701,437.7057,523.0546,419.39148
10702,439.32114,526.14246,422.51505
10703,438.02124,524.7036,420.12735
10704,436.9492,523.60846,418.25134
10705,436.01358,522.6676,416.71954
10706,435.14166,521.72614,415.43558
10707,442.40082,533.145,428.8215
10708,440.47787,530.7807,425.26193
10709,438.64536,527.8837,421.989
10710,437.09155,524.81384,419.5971
10711,436.00922,523.51025,417.81543
10712,435.0672,522.4174,416.36343
10713,434.2776,521.60944,415.1446
10714,433.41498,520.4124,414.0969
10715,432.7177,519.6249,413.21786
10716,433.1799,520.3975,414.1386
10717,434.23578,522.0779,416.0012
10718,435.02667,523.4018,417.21292
10719,434.176,522.33026,415.99933
10720,433.40845,521.4954,414.83356
10721,432.51913,520.0523,413.83282
10722,431.6487,518.3225,413.05112
10723,431.37372,518.12054,412.95493
10724,430.8372,517.4001,412.22113
10725,431.9674,519.3372,414.77945
10726,432.1428,519.8058,415.4813
10727,431.2194,517.9883,414.50116
10728,430.17276,514.9108,413.67844
10729,433.94748,520.8067,421.26154
10730,445.9513,539.2576,443.84708
10731,440.7521,536.1569,436.83777
10732,437.885,533.9432,431.35022
10733,435.73453,531.62616,426.62912
10734,434.1403,529.52435,423.1287
10735,432.27393,524.84467,420.53955
10736,432.0355,524.4442,420.1265
10737,435.48657,529.8113,426.55597
10738,433.6125,525.7199,423.23727
10739,432.0112,521.52167,420.9123
10740,430.68298,517.6493,419.24847
10741,429.7354,515.6455,417.99835
10742,429.56393,515.3791,417.86566
10743,428.6563,513.29205,416.86194
10744,427.69598,510.5689,416.0262
10745,427.5545,510.13455,416.3389
10746,428.8502,512.0783,419.07214
10747,428.08093,509.95535,418.38748
10748,427.47147,508.91522,417.51987
10749,426.70956,507.28568,416.76505
10750,425.52997,502.866,416.12305
10751,424.89752,501.63788,415.59482
10752,425.2364,501.98096,416.81824
10753,424.90695,501.30826,416.68176
10754,424.10635,499.19122,416.16647
10755,430.8286,509.3381,428.85312
10756,429.8103,507.19116,426.72998
10757,431.66464,509.82642,429.9433
10758,432.2048,510.53354,430.14316
10759,435.20026,515.0881,434.93304
10760,437.0579,517.348,437.50394
10761,434.6924,511.93515,432.89377
10762,433.19772,508.36777,429.7458
10763,431.77475,504.0206,427.49817
10764,430.92386,502.59525,425.8597
10765,431.67044,503.69556,427.3032
10766,432.63843,502.36917,430.71402
10767,430.9571,497.02878,428.71964
10768,429.48434,491.94962,427.32266
10769,428.59454,489.99323,426.271
10770,427.95847,488.95773,425.35504
10771,432.11044,495.36728,433.15793
10772,431.2839,494.0016,431.16895
10773,430.4457,492.5171,429.5601
10774,429.93024,491.68665,428.5193
10775,436.9339,502.5212,441.4447
10776,434.97464,497.32895,437.2147
10777,433.86514,495.4984,434.30856
10778,432.76697,493.30103,432.10248
10779,431.6104,490.3094,430.39987
10780,430.92758,489.32632,429.03033
10781,434.3255,494.66888,435.1801
10782,434.45413,495.03198,434.52545
10783,434.1023,494.67825,432.98718
10784,433.57184,491.23242,433.0643
10785,431.86862,485.76392,431.3484
10786,434.09464,489.3446,435.37415
10787,439.25446,497.49493,444.1188
10788,437.32346,492.6732,439.65067
10789,435.8652,489.19144,436.5752
10790,434.87656,487.73193,434.32715
10791,433.8629,485.9409,432.5488
10792,433.22684,485.20532,431.1203
10793,432.4946,484.25818,429.85608
10794,430.93448,478.97647,428.82812
10795,429.91647,476.54276,428.01868
10796,429.29675,475.7661,427.2717
10797,428.32593,473.40765,426.67172
10798,427.45496,471.67307,426.09573
10799,426.5551,469.7492,425.57498
10800,425.74625,468.26086,425.0884
10801,425.37646,467.8585,424.89404
10802,432.05713,478.3514,437.6332
10803,443.99005,496.87363,459.17667
10804,440.79324,492.09848,451.99957
10805,438.98764,489.7433,446.23785
10806,442.76675,496.0975,450.93323
10807,440.3722,491.1557,445.18274
10808,441.27222,492.36304,445.5231
10809,443.5708,496.74146,447.5904
10810,447.43408,503.9951,452.37692
10811,448.50894,508.17255,452.81204
10812,446.05988,507.6897,447.1623
10813,443.6495,505.41016,441.43927
10814,441.36966,500.8847,436.76953
10815,438.9741,495.15695,433.5471
10816,437.42276,490.75397,431.3912
10817,440.06348,495.29758,436.10345
10818,441.06732,497.24054,437.40906
10819,440.32382,496.02145,435.53354
10820,438.98178,493.6049,432.91635
10821,436.88806,487.90317,430.97815
10822,434.63168,481.6376,429.64697
10823,432.63428,475.59775,428.70868
10824,430.9036,469.89542,428.0063
10825,428.26578,462.56754,427.484
10826,426.281,456.06516,427.06216
10827,425.09183,452.62628,426.64978
10828,424.27686,451.36887,426.20883
10829,426.2727,453.0035,431.7155
10830,424.7262,447.13953,431.20242
10831,423.61105,443.896,430.8855
10832,427.95572,450.9032,439.31754
10833,427.62186,450.5186,438.44666
10834,426.9786,449.69644,437.43784
10835,425.64838,445.53964,436.6662
10836,423.2503,438.00394,436.07394
10837,421.19336,430.8654,435.527
10838,419.5184,424.54367,434.9561
10839,419.59204,424.907,435.64154
10840,420.77557,426.9961,437.7742
10841,421.87656,428.90747,439.63943
10842,423.04724,430.81778,441.29807
10843,425.61987,434.89166,445.5593
10844,428.62878,439.5661,450.37677
10845,428.4708,439.26196,448.81018
10846,427.71463,438.15506,447.07272
10847,425.97528,431.62952,445.83542
10848,426.32535,432.36365,446.33295
10849,429.03134,436.73367,451.02264
10850,427.2106,430.01453,449.41357
10851,425.43158,423.66653,448.1028
10852,425.5182,423.7952,448.62466
10853,425.25888,420.8127,449.93646
10854,423.64767,415.91632,448.62134
10855,422.5137,413.46033,447.47675
10856,421.62787,411.59482,446.71906
10857,420.216,408.0948,445.50342
10858,418.89526,405.2209,444.23328
10859,417.08154,399.39264,443.14587
10860,415.82397,396.9794,441.79175
10861,415.5119,396.9263,440.8506
10862,417.29263,399.99915,444.35764
10863,416.58612,399.2609,442.81973
10864,418.753,403.01562,446.3415
10865,417.33878,399.7194,444.97165
10866,418.10336,400.9814,446.74112
10867,417.57507,400.4951,445.05905
10868,416.47205,398.6487,443.6078
10869,414.94885,394.78717,442.3239
10870,414.19513,393.95786,440.88123
10871,413.8234,392.82553,441.2365
10872,414.7736,394.52438,441.6422
10873,414.5028,394.18323,441.60416
10874,416.2112,397.18857,443.67517
10875,416.04276,397.20306,441.97052
10876,414.79892,394.90427,440.5961
10877,413.56326,392.66504,439.22186
10878,413.142,392.30185,436.96384
10879,412.58356,391.88687,435.0816
10880,411.84476,391.26437,433.51645
10881,411.20602,390.7988,431.89944
10882,411.53015,391.83987,432.18536
10883,412.78622,394.23242,433.7296
10884,412.23172,393.84766,432.0933
10885,413.02692,395.60214,433.26498
10886,412.23523,394.86816,431.94537
10887,411.32233,393.8369,430.74844
10888,410.6426,393.31155,429.43237
10889,414.5496,399.71616,435.73706
10890,414.1444,399.50275,434.38354
10891,413.8026,399.44833,433.8195
10892,413.8956,400.00195,433.38876
10893,414.34186,401.09222,433.59222
10894,419.1676,408.791,441.84583
10895,430.2997,426.26,461.5493
10896,436.99246,436.39688,471.92886
10897,437.7186,437.34668,468.08438
10898,436.8899,436.19885,462.36035
10899,437.8685,437.95398,460.99054
10900,438.68256,439.5907,459.77014
10901,436.982,435.1729,456.30624
10902,437.92548,437.09268,456.8783
10903,437.33618,435.87653,455.40823
10904,436.77783,435.4179,452.40732
10905,436.4014,435.33243,450.47235
10906,435.69464,434.71985,448.93015
10907,434.68958,433.50684,447.25848
10908,434.058,432.7781,446.56168
10909,432.74594,430.17853,445.26724
10910,432.93115,430.53036,446.4402
10911,432.86554,430.77124,446.73862
10912,433.95544,432.60733,449.385
10913,435.14545,434.77853,451.7228
10914,434.0894,433.26364,449.83475
10915,432.75983,430.55762,448.23297
10916,431.6347,428.4282,447.0463
10917,431.13025,427.34473,447.06915
10918,432.2003,429.1339,449.66214
10919,431.21906,426.91852,448.81253
10920,430.5253,425.83676,448.11603
10921,429.11624,422.56784,446.83435
10922,427.4686,417.88937,445.6912
10923,425.88995,413.6203,444.63968
10924,426.88525,415.24628,447.28717
10925,425.59348,412.7822,445.97058
10926,424.34808,410.36234,444.81635
10927,422.94122,407.31693,443.62665
10928,421.2,402.30502,442.55664
10929,419.37943,396.94443,441.47095
10930,418.177,394.68192,440.39313
10931,421.40665,400.2178,445.5588
10932,421.647,400.79172,445.4274
10933,424.52438,405.53186,449.7588
10934,424.04962,405.1216,447.43164
10935,423.44675,404.65985,445.35382
10936,422.84735,404.17706,444.39096
10937,422.4994,404.18185,443.36774
10938,422.9403,405.38147,443.53494
10939,422.08054,404.55435,442.0125
10940,421.43442,404.09097,440.34756
10941,421.0341,403.82434,438.571
10942,421.4878,404.79257,439.0001
10943,430.47885,419.04623,454.89285
10944,429.47842,417.75058,452.75595
10945,428.5319,416.61713,450.81882
10946,427.7168,415.79727,448.95676
10947,426.46396,413.53946,447.5175
10948,431.87955,422.12802,457.0608
10949,431.8514,422.28793,455.36627
10950,431.19907,421.69464,453.18817
10951,430.24692,420.5578,451.19946
10952,429.2831,419.39395,449.43076
10953,428.2893,418.14212,447.83725
10954,427.29904,416.89914,446.3589
10955,426.31134,415.66135,444.97034
10956,427.5583,417.87854,446.48972
10957,428.54517,419.63025,447.82303
10958,427.45895,417.73245,446.68243
10959,426.70047,417.03564,445.1251
10960,426.2701,416.6933,443.3081
10961,425.96646,416.41833,442.66418
10962,425.66806,416.15073,442.07214
10963,427.24982,418.78503,445.06738
10964,426.56387,418.21158,443.57486
10965,425.65796,417.19174,442.3267
10966,424.69272,415.99255,441.16644
10967,423.70862,414.72665,440.0575
10968,422.79623,413.6779,438.9445
10969,421.83514,412.47592,437.8896
10970,420.97827,411.57135,436.80273
10971,422.44424,414.18475,438.7867
10972,448.63196,454.87726,487.6399
10973,445.87357,452.3285,478.79544
10974,443.93185,450.26608,469.9509
10975,442.44382,448.51712,462.93256
10976,441.18417,446.9979,457.7715
10977,439.9984,445.4769,454.02414
10978,439.19864,444.82074,451.01584
10979,438.55374,444.3609,448.5004
10980,437.91052,443.9187,446.41046
10981,437.46332,443.62894,444.81042
10982,437.8001,444.37723,444.9519
10983,437.36914,444.1078,443.56815
10984,436.62006,443.52966,442.15332
10985,435.9442,443.055,441.0125
10986,434.9498,441.7847,439.93384
10987,434.20078,441.17212,438.86307
10988,433.2682,440.0637,437.93515
10989,432.45364,439.27945,437.02988
10990,431.88327,438.92255,436.09763
10991,432.01776,439.49667,436.06885
10992,431.65912,439.3058,435.14008
10993,431.96765,440.1033,435.7747
10994,431.57974,439.89386,434.78378
10995,431.1194,439.63004,433.859
10996,432.72836,442.49072,436.6017
10997,432.2872,442.23495,435.5979
10998,432.0361,442.3338,435.19745
10999,431.1821,441.32828,434.51364
11000,430.60318,440.93967,433.89987
11001,430.07007,440.59482,433.07596
11002,429.4803,440.1814,432.3179
11003,428.8717,439.738,431.59848
11004,428.26837,439.29828,430.90262
11005,427.805,439.01248,430.1529
11006,427.12592,438.43442,429.53467
11007,428.10095,440.28647,431.25336
11008,427.5614,439.91046,430.54477
11009,427.16574,439.65826,429.77316
11010,426.835,439.43677,429.15894
11011,426.5035,439.218,428.52512
11012,426.04984,438.93167,427.85263
11013,431.3546,447.42377,437.8075
11014,430.84708,447.01175,436.75488
11015,430.41272,446.67047,435.7454
11016,429.96942,446.32364,434.7834
11017,433.7655,452.48404,441.61063
11018,433.138,451.90622,440.22565
11019,432.58084,451.4196,438.9517
11020,432.0017,450.91464,437.81033
11021,431.5177,450.51038,436.71017
11022,431.04028,450.11966,435.6895
11023,432.22952,452.20923,437.85126
11024,432.06024,451.8678,437.19376
11025,431.77563,451.53522,436.46094
11026,431.3213,451.16513,435.43127
11027,430.83176,450.77438,434.49594
11028,430.25778,450.29245,433.66275
11029,429.78912,449.92477,432.82422
11030,429.24435,449.48056,432.06985
11031,428.76773,449.1094,431.3185
11032,428.7337,449.34787,431.1897
11033,432.50592,455.02002,438.0672
11034,433.5902,456.93365,439.86053
11035,433.09213,456.47397,438.48154
11036,432.62787,456.0541,437.22665
11037,432.1452,455.63373,436.10233
11038,431.6567,455.2171,435.07663
11039,431.21683,454.8446,434.09995
11040,430.70102,454.41315,433.23352
11041,430.2987,454.0977,432.41592
11042,434.92468,461.33716,440.95044
11043,435.0525,461.73996,440.56363
11044,434.51733,461.24667,438.97382
11045,433.94452,460.73062,437.607
11046,435.83304,463.8674,440.76993
11047,436.8272,465.2234,441.65848
11048,436.42334,464.98322,440.08954
11049,435.77637,464.41425,438.5266
11050,437.31305,467.20172,441.04428
11051,438.03073,468.69345,441.48773
11052,437.40543,468.17532,439.46802
11053,436.84308,467.72443,437.74792
11054,436.13943,467.09183,436.32492
11055,437.73093,469.6298,438.7318
11056,437.154,469.18137,437.0505
11057,436.5528,468.71103,435.6156
11058,435.93265,468.21207,434.36642
11059,436.4188,469.34158,434.9787
11060,436.64157,469.5859,434.74338
11061,437.97037,472.05206,436.91022
11062,437.82227,472.31516,436.4805
11063,437.14148,471.75528,435.01242
11064,436.5253,471.27448,433.72003
11065,435.83652,470.66272,432.59882
11066,435.22852,470.17175,431.57837
11067,434.4784,469.37164,430.68845
11068,434.14056,469.1986,429.97397
11069,433.56415,468.72348,429.28616
11070,432.96527,468.20743,428.5581
11071,432.27536,467.48962,427.89514
11072,431.83853,467.15552,427.2076
11073,438.89655,478.3957,440.4299
11074,438.97653,478.68884,439.1892
11075,438.12302,477.85645,437.046
11076,437.3373,477.10727,435.28238
11077,436.5179,476.21967,433.808
11078,435.6612,475.15256,432.55527
11079,436.61816,477.01392,434.13104
11080,436.20786,476.62912,433.66428
11081,435.46188,475.8591,432.39728
11082,434.6832,474.9632,431.298
11083,434.15128,474.5129,430.27188
11084,433.61874,474.0631,429.36365
11085,435.0055,476.37064,431.74222
11086,434.3615,475.76193,430.6666
11087,433.665,475.02515,429.71753
11088,432.9557,474.2308,428.86703
11089,432.42444,473.75623,428.05743
11090,431.95792,473.34915,427.29178
11091,431.44,472.8845,426.59634
11092,430.88623,472.3627,425.95746
11093,430.30878,471.7918,425.36438
11094,429.86966,471.4006,424.77063
11095,429.31372,470.85138,424.25763
11096,428.62225,469.97052,423.77887
11097,429.0356,470.2949,425.75647
11098,428.1983,468.84006,425.24704
11099,427.5703,468.09268,424.74283
11100,431.38602,474.24936,432.18216
11101,430.86057,473.64438,431.14056
11102,430.0957,472.51688,430.25824
11103,429.19968,470.80865,429.48672
11104,428.51712,469.88043,428.76688
11105,427.71063,468.50693,428.12558
11106,426.89682,467.07544,427.53915
11107,426.10382,465.7084,426.99512
11108,425.61267,465.12442,426.42392
11109,424.8596,463.88416,425.93845
11110,424.43427,463.37207,425.3995
11111,423.99088,462.8434,424.88937
11112,423.22525,461.5216,424.47266
11113,423.1655,461.57635,424.68042
11114,427.618,468.3796,433.01163
11115,427.0772,467.58893,432.08463
11116,435.7005,480.9589,448.07587
11117,435.36118,480.4295,444.95047
11118,434.30392,478.69647,441.7397
11119,433.48593,477.53186,439.26785
11120,434.88474,479.8184,440.97986
11121,436.26965,482.1413,442.3783
11122,441.99878,490.8717,451.17953
11123,448.2421,501.0242,459.42282
11124,448.0707,504.09967,457.92963
11125,444.6185,500.5922,451.5035
11126,442.1322,497.77344,445.20688
11127,440.55106,496.20334,440.34525
11128,440.5351,496.71313,439.07602
11129,442.567,498.34787,442.61328
11130,440.98517,495.82916,438.5812
11131,439.2018,491.26126,435.38245
11132,439.76196,492.69843,435.57477
11133,438.96445,492.078,433.1324
11134,439.4332,493.3624,433.4859
11135,441.97742,495.02124,439.58676
11136,440.8466,494.0747,436.19617
11137,444.043,499.71667,441.2699
11138,460.17044,525.7353,469.1563
11139,450.72705,524.94836,463.16742
11140,441.82108,517.3168,455.19638
11141,436.73,509.1606,447.87042
11142,434.40762,504.68326,441.8573
11143,432.82526,501.2976,437.4124
11144,431.75388,499.32333,434.21432
11145,430.34848,494.52258,431.84393
11146,429.10513,490.33536,430.16855
11147,428.2223,488.38232,428.89374
11148,426.66803,482.72415,427.87228
11149,426.00952,481.5235,427.0473
11150,424.4037,475.58826,426.37735
11151,423.0185,470.061,425.84967
11152,423.02695,470.03488,426.1538
11153,422.13443,467.76752,425.67255
11154,420.92618,463.06415,425.2582
11155,420.26666,461.89938,424.82538
11156,419.1047,457.68356,424.47144
11157,418.30347,455.9835,424.09933
11158,417.4675,454.10834,423.74338
11159,417.0251,453.43192,423.30243
11160,416.29562,449.80005,423.85995
11161,414.83453,443.61835,423.5733
11162,413.87778,441.23734,423.2275
11163,413.83438,441.17694,423.24774
11164,415.55112,442.2805,428.14078
11165,414.93884,441.27023,427.61765
11166,413.90027,438.37045,427.20416
11167,413.3097,437.4288,426.67416
11168,412.85617,436.7147,426.08463
11169,415.3868,440.4974,430.7117
11170,414.81882,439.50305,430.09406
11171,413.6076,435.36935,429.64948
11172,412.17563,429.61127,429.23108
11173,410.86688,425.06107,428.7753
11174,409.71472,421.77264,428.26755
11175,409.20456,421.03738,427.4917
11176,421.65662,440.16782,450.64352
11177,425.13232,444.64072,455.84665
11178,424.45026,442.53217,452.89236
11179,424.93948,442.46887,452.12317
11180,424.3662,440.97757,449.8034
11181,423.23132,437.66776,448.22717
11182,431.14365,449.44818,462.16678
11183,439.1488,460.87857,473.6022
11184,437.37848,457.4809,465.54678
11185,436.03705,454.94022,459.34888
11186,434.63898,451.79147,454.90817
11187,432.5887,445.01544,451.8799
11188,430.6968,438.43726,449.80884
11189,429.74457,436.9661,448.03262
11190,429.15173,436.28146,446.27124
11191,428.7072,435.75537,444.54385
11192,427.35754,432.14236,443.5117
11193,428.58066,434.29642,446.09875
11194,426.8498,428.24298,444.98038
11195,426.4414,427.78668,443.3954
11196,433.394,438.72745,455.70883
11197,432.95462,438.12994,452.9454
11198,431.58838,434.9217,450.86807
11199,429.82108,429.00073,449.26746
11200,430.42618,430.16846,449.24255
11201,433.38385,434.96802,453.6485
11202,432.95474,434.5279,452.32877
11203,432.10153,433.34573,450.5679
11204,430.6136,429.4783,448.96222
11205,430.96796,430.27032,448.55756
11206,429.53894,426.75934,447.20068
11207,427.3747,419.62222,446.12296
11208,425.89667,415.98923,444.97794
11209,424.26816,411.46924,443.91556
11210,422.49603,406.13913,442.8963
11211,420.54587,399.8641,441.89307
11212,418.70477,394.4751,440.7931
11213,416.80753,388.91843,439.64114
11214,414.87982,383.36234,438.41367
11215,413.62817,381.50653,436.77396
11216,420.30646,392.11295,448.52692
11217,421.66263,394.52,449.71466
11218,423.31235,397.4985,450.97833
11219,422.9486,397.17038,449.3433
11220,422.32095,395.65173,449.12402
11221,420.61887,391.46475,447.51193
11222,419.92596,390.9628,445.02606
11223,418.678,389.03848,443.3354
11224,418.272,388.95166,441.1739
11225,417.4626,388.34448,439.19766
11226,417.25827,388.57938,437.56143
11227,417.47574,389.45987,436.74142
11228,423.80954,399.78024,447.25674
11229,422.3036,396.53516,445.81714
11230,422.47964,397.3163,444.8079
11231,421.93298,396.98465,442.5295
11232,421.27133,396.57336,440.58322
11233,420.84283,396.55725,439.52945
11234,424.42767,402.36795,445.93802
11235,425.9184,404.90335,448.40704
11236,424.98425,403.9617,446.60886
11237,423.6904,401.7765,445.14246
11238,422.74405,400.8172,443.4888
11239,421.47858,397.97586,442.63678
11240,424.4331,402.54343,449.01437
11241,423.48074,400.23026,448.46014
11242,421.97324,396.99936,446.91263
11243,421.02127,394.94894,446.22894
11244,424.8139,401.33008,453.09943
11245,424.10635,400.62427,451.3924
11246,423.0224,399.00046,449.68237
11247,422.86502,399.0769,448.03113
11248,421.6369,397.114,446.38925
11249,420.62576,395.9652,444.57968
11250,418.90067,391.5034,443.2351
11251,417.5022,388.7494,441.80457
11252,416.1772,386.13974,440.50024
11253,414.7986,382.99866,439.38773
11254,413.4094,380.39758,437.87704
11255,412.94492,380.3188,436.01913
11256,411.98306,377.87137,435.7215
11257,411.83298,378.21356,435.38333
11258,413.21826,380.88843,436.3633
11259,412.20444,379.69904,434.836
11260,411.85962,379.8295,433.7917
11261,411.168,379.40213,432.32483
11262,416.22754,387.7546,440.326
11263,415.69003,387.4299,437.95218
11264,413.91373,382.7489,436.70624
11265,412.98984,381.9208,434.88513
11266,411.82193,380.36288,433.32452
11267,411.47955,380.48032,431.9065
11268,410.32806,378.97366,430.43225
11269,409.29886,377.87027,428.89734
11270,408.66095,375.69852,429.48718
11271,407.21014,372.8871,428.13968
11272,405.8172,370.3858,426.739
11273,404.62292,368.75916,425.21167
11274,403.93576,368.39682,423.53894
11275,403.3566,368.19644,422.24536
11276,402.40552,367.33002,420.68976
11277,401.6236,366.81573,419.1045
11278,400.37137,364.88715,417.83746
11279,399.16302,363.14352,416.54538
11280,397.83966,360.89105,415.31467
11281,396.53262,358.72134,414.0636
11282,395.75223,358.225,412.4379
11283,396.2366,359.4421,411.83813
11284,395.23343,358.41516,410.51678
11285,394.70444,358.22394,408.74905
11286,394.05063,357.92636,407.48743
11287,396.14212,361.82208,410.853
11288,397.881,364.84402,412.92477
11289,398.97546,366.95984,413.58142
11290,398.36218,366.69876,412.34024
11291,398.4527,367.26968,411.26776
11292,402.96204,374.8726,419.17462
11293,406.2845,380.3543,424.2275
11294,405.9929,380.23666,422.56528
11295,407.61734,383.15598,424.373
11296,411.24487,389.14285,429.86032
11297,412.11728,391.024,430.8539
11298,412.64075,392.4012,431.47507
11299,413.65152,394.21362,432.77798
11300,415.3927,397.26633,434.8538
11301,414.97873,397.07523,433.31506
11302,415.21832,397.94354,433.20706
11303,414.1771,396.54855,432.10236
11304,412.9908,394.5581,431.07538
11305,411.7663,392.395,430.05734
11306,410.92358,391.59988,428.8184
11307,409.95633,390.45847,427.68762
11308,408.96808,389.24478,426.583
11309,408.21054,388.63123,425.33658
11310,407.80814,388.41122,423.68945
11311,407.24673,388.09247,422.3494
11312,407.10696,388.29633,421.3089
11313,406.7061,388.1173,419.88397
11314,405.7799,387.01205,419.06216
11315,404.97952,386.32297,418.05963
11316,404.34708,385.93692,416.9535
11317,404.02954,385.86417,415.6898
11318,403.58737,385.66986,414.4556
11319,403.32172,385.56766,413.16006
11320,403.1209,385.49408,412.5972
11321,402.97366,385.5264,411.95117
11322,402.43762,385.27292,410.94427
11323,401.6619,384.63403,410.1278
11324,400.8374,383.86786,409.3461
11325,400.08118,383.26202,408.5374
11326,399.39084,382.7853,407.7026
11327,404.91724,391.87363,417.89056
11328,405.78,393.39743,419.41437
11329,405.54166,393.22537,418.75726
11330,405.30365,393.05807,418.09567
11331,404.6814,392.6309,417.15906
11332,404.03937,392.1727,416.23877
11333,403.37238,391.6715,415.3536
11334,402.72443,391.2013,414.4718
11335,402.14658,390.8341,413.55594
11336,401.52652,390.40714,412.6904
11337,401.0753,390.16968,411.6975
11338,401.35938,390.8346,411.8363
11339,400.6991,390.33832,411.043
11340,400.1395,389.99475,410.19507
11341,401.17416,391.85376,411.45987
11342,400.88214,391.6937,410.31906
11343,400.41953,391.4511,409.43625
11344,399.9204,391.1772,408.6053
11345,399.52213,390.98416,407.69626
11346,404.53787,398.96753,416.75824
11347,404.9446,399.79416,417.13815
11348,404.64548,399.58347,416.0074
11349,404.34488,399.38278,414.91354
11350,404.07022,399.1987,413.81308
11351,406.5114,403.20297,417.94736
11352,408.56677,406.59018,421.37927
11353,408.14783,406.28735,420.43018
11354,407.6401,405.91498,419.58688
11355,407.19272,405.60233,418.70737
11356,406.7102,405.26364,417.87827
11357,406.30322,404.98932,416.99487
11358,405.86966,404.70178,416.15756
11359,405.37033,404.3581,415.3927
11360,404.85904,404.00275,414.65002
11361,404.40573,403.70694,413.87512
11362,403.859,403.3101,413.18192
11363,403.5926,403.1174,412.2099
11364,405.6517,406.47003,416.07635
11365,405.23795,406.20557,415.3529
11366,405.16495,406.3016,414.7667
11367,409.9709,413.77673,423.83612
11368,409.77185,413.47583,423.6231
11369,409.5256,413.17337,423.17862
11370,409.26245,412.8721,422.50952
11371,408.9206,412.55273,421.56613
11372,411.00586,415.87872,425.47815
11373,413.99445,420.39883,431.14365
11374,413.48782,419.82074,430.24075
11375,413.07956,419.34253,429.26294
11376,412.7431,418.92117,428.21777
11377,412.3023,418.4563,427.32407
11378,411.95544,418.0633,426.34372
11379,412.14392,418.41467,426.64304
11380,412.5648,419.1089,427.48233
11381,420.58148,431.53406,442.5785
11382,420.21176,430.77625,441.21674
11383,419.81064,430.06006,439.8978
11384,419.36673,429.3635,438.70135
11385,418.9678,428.73422,437.50726
11386,418.54706,428.1268,436.39163
11387,418.12662,427.5487,435.3194
11388,417.69852,426.99066,434.2942
11389,420.9687,432.01862,440.42822
11390,420.6771,431.4163,439.83655
11391,420.25375,430.7628,438.6296
11392,419.7893,430.11353,437.5256
11393,419.51877,429.65735,436.7307
11394,422.12125,433.46396,441.59073
11395,426.059,439.0901,448.71564
11396,425.6744,438.2267,447.21317
11397,426.50534,439.29675,448.1848
11398,426.34006,438.79376,447.40942
11399,425.82053,437.94507,445.6831
11400,425.34613,437.19733,444.0935
11401,424.85654,436.4905,442.66577
11402,424.79,436.38388,441.9222
11403,427.00986,439.8335,445.50925
11404,426.51547,439.11752,443.93005
11405,426.1687,438.532,442.98776
11406,425.81833,437.97287,442.01514
11407,425.40207,437.4097,440.6624
11408,433.77167,450.35324,456.17902
11409,433.0316,449.18027,452.58875
11410,432.38492,448.25378,449.77405
11411,431.86472,447.53156,447.39764
11412,431.2753,446.81842,445.4728
11413,430.8189,446.27286,443.74844
11414,430.34943,445.77576,442.3079
11415,429.8853,445.27554,440.89792
11416,432.35098,449.2715,445.00232
11417,435.62167,454.09885,450.33713
11418,435.30157,453.47888,448.21878
11419,434.78015,452.9109,445.8363
11420,436.0055,454.7724,447.21295
11421,435.50656,454.25986,445.11533
11422,435.13928,453.9646,443.52832
11423,447.24152,472.8892,465.4207
11424,445.44318,471.68353,458.0038
11425,444.2272,470.855,452.10425
11426,443.42184,470.43295,447.87308
11427,446.10034,475.31454,450.91995
11428,449.84534,481.91364,455.0994
11429,448.21667,481.15543,449.06836
11430,447.01575,480.58,444.4282
11431,446.02414,480.0875,440.9045
11432,445.84628,480.69162,439.31335
11433,445.02875,480.2958,436.82468
11434,444.11224,479.6408,434.83273
11435,443.3133,479.14255,433.1643
11436,442.64975,478.80414,431.7147
11437,444.657,482.56595,435.35364
11438,445.0362,483.62872,435.0933
11439,444.1702,483.0824,433.18542
11440,443.53873,482.85406,431.81445
11441,442.87546,482.52658,430.3693
11442,442.1152,482.01434,429.13223
11443,441.3626,481.47226,428.04575
11444,441.96204,482.98352,429.17694
11445,441.57452,483.02036,428.67123
11446,440.94028,482.66437,427.5813
11447,440.1473,481.9585,426.63293
11448,442.44464,486.01654,430.9263
11449,442.08878,486.1272,430.3196
11450,441.08014,484.83734,428.99277
11451,440.22656,484.0009,427.8548
11452,439.37735,483.1019,426.86066
11453,438.79178,482.7467,425.9426
11454,437.99213,481.9001,425.14197
11455,437.2018,481.0352,424.4196
11456,436.82492,480.94882,424.08423
11457,439.53973,485.60156,429.32727
11458,438.60715,484.3403,428.2075
11459,437.553,482.40912,427.2132
11460,436.87546,481.8413,426.32483
11461,436.13153,481.0785,425.53168
11462,435.39453,480.29816,424.81262
11463,434.73547,479.69034,424.14597
11464,434.00897,478.87787,423.53976
11465,433.12573,477.407,422.99686
11466,432.18967,475.60843,422.50674
11467,431.26672,473.83908,422.0595
11468,439.5344,487.01273,437.96722
11469,438.50906,485.82288,435.52338
11470,436.63907,480.379,433.64963
11471,440.8871,487.37668,441.44943
11472,439.87454,486.47427,438.2479
11473,438.79617,485.1234,435.78772
11474,437.63385,483.04025,433.86322
11475,436.72238,481.88852,432.31384
11476,452.48145,506.72083,461.55276
11477,450.00287,508.26602,458.33435
11478,452.57516,516.82697,463.10815
11479,448.04016,517.6128,458.94913
11480,442.09924,511.8115,451.25848
11481,438.8847,507.49197,444.49576
11482,437.30664,505.7204,439.47778
11483,437.30853,506.1721,437.70108
11484,436.88785,505.97845,435.39035
11485,443.77158,516.678,447.35144
11486,439.8535,510.58005,440.89072
11487,437.1575,504.7251,436.04938
11488,435.87186,502.84375,432.74326
11489,434.4616,499.11798,430.27902
11490,433.52158,497.67502,428.46353
11491,432.33878,494.44705,427.0077
11492,431.58505,493.35477,425.8527
11493,430.63852,491.27167,424.87628
11494,436.10962,499.89508,435.199
11495,434.29852,494.67505,432.50363
11496,432.8646,490.04968,430.64856
11497,432.21088,489.22028,429.2461
11498,431.34207,487.70145,428.06146
11499,430.60812,486.61353,427.03986
11500,431.04547,487.43643,428.05014
11501,436.2268,492.97025,439.05838
11502,443.56696,504.6181,451.3572
11503,441.09387,502.1829,445.08398
11504,449.1302,513.9547,458.78015
11505,447.1111,516.0261,456.36084
11506,442.6189,513.1939,449.14725
11507,440.27762,511.3971,443.48465
11508,447.79306,524.1566,455.48886
11509,440.86472,516.6845,447.94952
11510,436.94434,509.67715,441.4633
11511,433.83768,502.35187,436.67374
11512,431.66013,495.99805,433.576
11513,429.46683,489.3111,431.56122
11514,427.3622,482.57895,430.2248
11515,425.4462,476.03064,429.29782
11516,423.66254,469.61002,428.61813
11517,422.13232,463.61557,428.0835
11518,420.7712,457.9378,427.63132
11519,419.65405,454.31384,427.2121
11520,418.2103,448.3063,426.84723
11521,417.5801,447.33353,426.3775
11522,419.22607,449.91818,429.68542
11523,419.35767,450.10657,430.27124
11524,421.11426,452.74637,433.61267
11525,437.12228,477.31598,463.2136
11526,436.1755,475.1884,457.57053
11527,434.7588,472.23584,452.07407
11528,433.7854,470.54095,447.9082
11529,431.92773,464.26523,444.98157
11530,430.5054,459.62875,442.98004
11531,428.61865,453.10333,441.5349
11532,427.34048,449.36322,440.39603
11533,425.56003,442.87485,439.4947
11534,423.70166,436.1456,438.7505
11535,423.14233,435.48132,437.7409
11536,426.18143,440.2728,442.95966
11537,429.05554,444.85208,448.1142
11538,428.41812,443.9043,446.26114
11539,427.53467,442.42526,444.7766
11540,426.7217,441.17096,443.44135
11541,426.15656,440.42047,442.10245
11542,425.7031,439.37314,442.06625
11543,424.8498,438.00693,441.0063
11544,422.88196,430.99725,440.23776
11545,422.23535,429.47134,440.1535
11546,422.25705,428.73898,441.45752
11547,421.39658,427.39908,440.442
11548,420.68463,426.4614,439.39325
11549,419.8361,425.1726,438.45828
11550,418.87115,423.4634,437.6007
11551,418.1391,422.50525,436.65387
11552,416.9497,419.678,435.91104
11553,415.48218,415.08316,435.2322
11554,414.68616,414.02725,434.28958
11555,413.92792,413.0734,433.34125
11556,413.14236,412.05466,432.42493
11557,414.189,413.31808,435.5363
11558,413.35895,411.36887,435.2562
11559,412.38876,409.1011,434.7665
11560,411.45578,407.587,433.81277
11561,410.19083,404.45926,432.9942
11562,408.89935,401.2292,432.15714
11563,407.42514,396.9076,431.3441
11564,406.09708,392.11865,431.09665
11565,409.18488,397.0946,437.25882
11566,408.25897,395.67474,435.93842
11567,406.77344,391.46744,434.90735
11568,404.87756,384.78632,433.94543
11569,403.38608,380.88498,432.72955
11570,402.32462,379.227,431.2226
11571,399.98248,370.6753,430.2258
11572,398.32172,366.1794,428.83167
11573,396.6987,362.02798,427.3411
11574,394.92636,357.12982,425.85016
11575,393.2014,352.6434,424.24274
11576,391.63696,349.1491,422.4705
11577,389.9479,345.05032,420.7278
11578,394.08765,351.93784,425.9639
11579,394.07156,352.08508,424.8497
11580,397.03424,357.05612,428.06967
11581,397.56378,358.4077,427.16748
11582,397.07166,358.19003,424.50793
11583,395.97107,356.8244,422.60767
11584,395.75397,357.12134,421.06268
11585,395.0549,356.69458,418.88547
11586,393.63528,353.95084,417.42935
11587,391.95032,349.8174,416.07446
11588,390.72845,348.0508,414.404
11589,389.64392,346.53918,412.96802
11590,388.51102,345.11035,411.27863
11591,387.55112,344.21857,409.48624
11592,386.5402,343.1788,407.80096
11593,385.34802,341.4467,406.34464
11594,384.50906,340.8352,404.56876
11595,383.50266,339.79474,403.0103
11596,382.58426,338.99344,401.423
11597,386.29245,345.27878,406.95596
11598,385.7671,345.07193,404.87665
11599,386.90887,347.3838,407.31964
11600,385.29395,343.4611,406.16132
11601,385.4312,344.10413,406.83517
11602,386.55325,346.50986,408.16437
11603,387.9446,349.34067,410.25598
11604,389.09537,351.6753,411.14215
11605,393.3938,358.6994,417.2047
11606,396.02472,363.03543,420.8136
11607,397.5446,365.7502,421.77063
11608,397.1278,365.68683,420.76068
11609,396.7974,363.9353,421.77658
11610,398.94446,367.35324,426.40375
11611,397.40213,363.68726,425.01617
11612,396.78247,363.13846,423.88406
11613,396.33423,362.98895,422.73932
11614,396.4603,363.64236,421.44247
11615,396.06323,363.5291,419.41846
11616,395.82953,363.60944,417.50287
11617,395.56274,363.78485,416.23334
11618,395.862,364.86325,416.23596
11619,395.15857,364.40173,414.65787
11620,396.15775,366.53043,415.84485
11621,397.01572,368.11392,416.47525
11622,399.56088,372.44708,419.8654
11623,402.22275,376.842,423.71765
11624,405.46338,382.4083,429.21338
11625,411.03928,391.35025,438.14087
11626,411.5693,392.5402,438.2354
11627,413.1386,395.32565,440.22256
11628,413.28745,395.92023,439.78842
11629,412.56274,395.16098,438.31064
11630,412.4112,395.2301,436.94614
11631,413.73154,397.6924,438.88657
11632,412.83313,396.58142,437.46454
11633,411.14532,391.54025,436.44662
11634,409.74017,388.3499,435.25134
11635,408.6083,386.3261,434.071
11636,407.41183,384.2548,432.7345
11637,407.4062,384.6963,432.6815
11638,406.40976,383.40118,431.23444
11639,405.30188,381.70728,429.88626
11640,404.32605,380.49246,428.46066
11641,403.60242,379.88895,426.84265
11642,403.27203,379.8484,426.34265
11643,405.20187,383.1846,428.64346
11644,411.42416,393.00247,439.41898
11645,411.17828,392.80176,437.54807
11646,410.70187,392.36365,435.52313
11647,410.10428,391.85657,433.79938
11648,409.5183,391.38455,432.13422
11649,408.86856,390.85413,430.62482
11650,408.12103,390.17545,429.25735
11651,407.68082,389.86575,427.544
11652,407.0837,389.44196,426.13116
11653,406.9177,389.6836,426.04373
11654,408.3334,392.32843,428.15274
11655,407.22424,390.50714,427.1461
11656,406.11505,387.8448,426.6751
11657,404.5746,383.71124,425.77972
11658,403.24887,380.92435,424.7516
11659,401.8889,377.98373,423.70776
11660,400.85812,376.59525,422.47046
11661,401.2596,377.4779,422.05298
11662,404.63007,382.89157,427.69485
11663,423.49115,412.2339,462.2892
11664,422.9748,411.0037,458.86862
11665,421.98245,409.08295,456.4452
11666,421.7957,408.52084,455.11047
11667,421.34726,407.74738,452.6727
11668,420.08524,405.09027,450.91028
11669,420.94693,406.40872,452.53152
11670,422.60538,409.0795,454.1025
11671,422.12943,408.36548,451.62195
11672,423.19223,409.96426,452.95096
11673,422.78726,409.35175,451.05997
11674,422.21057,408.69775,448.82303
11675,421.69373,408.1454,446.6359
11676,424.95303,413.36005,451.73236
11677,424.16968,412.44266,449.7517
11678,422.9743,410.26212,448.2174
11679,421.98956,408.8989,446.63116
11680,421.38553,408.3212,444.75906
11681,420.84424,407.8351,442.9113
11682,420.3076,407.38333,441.16373
11683,419.65775,406.83612,439.64923
11684,419.11984,406.4245,438.0679
11685,424.4911,415.1447,447.41458
11686,424.13065,414.76132,445.83026
11687,423.34518,413.93066,444.3291
11688,422.7432,413.39606,442.7316
11689,424.7129,416.62595,445.8983
11690,423.59235,414.7498,444.62473
11691,422.9822,414.1972,443.03552
11692,422.50568,413.7842,441.3598
11693,421.73245,413.01733,440.08817
11694,421.34888,412.689,438.53333
11695,431.72073,428.94223,457.53876
11696,430.62534,427.11093,454.94998
11697,430.1594,426.49994,452.5829
11698,431.12396,428.12134,453.30936
11699,430.09158,426.5852,451.31754
11700,429.22903,425.54883,449.4782
11701,428.41043,424.62613,447.80182
11702,428.0113,424.36145,446.3692
11703,427.2168,423.51746,444.9364
11704,426.4157,422.66476,443.6054
11705,425.5107,421.5482,442.41293
11706,424.60837,420.43643,441.27692
11707,424.2232,420.09427,439.83795
11708,423.4672,419.35852,438.72968
11709,422.66122,418.51224,437.69278
11710,422.11398,418.0918,436.49692
11711,428.54608,428.3031,447.94885
11712,436.38297,440.5906,461.70135
11713,435.79877,439.84528,457.45447
11714,434.81366,438.52332,454.28366
11715,434.31998,437.96307,451.7279
11716,433.7412,437.40842,449.36734
11717,433.01535,436.7128,447.48184
11718,432.508,436.2765,445.64008
11719,431.81046,435.65433,444.1596
11720,435.9295,442.3129,451.24228
11721,435.27737,441.72363,448.8711
11722,445.02734,457.06784,466.26154
11723,444.56467,457.16208,460.7567
11724,443.84485,456.76505,455.723
11725,443.0492,456.23566,451.43448
11726,442.66037,456.23776,449.58035
11727,443.20917,457.7514,449.07742
11728,442.12296,456.5871,446.37967
11729,441.2076,455.79312,444.19556
11730,440.35522,455.08948,442.37054
11731,439.74634,454.73856,440.7122
11732,438.91217,454.0105,439.35568
11733,438.466,453.85132,438.17905
11734,438.03568,453.76416,437.34198
11735,437.41006,453.3744,436.2507
11736,436.87775,453.09848,435.27634
11737,437.70554,454.84924,436.65292
11738,437.62006,455.23044,436.34598
11739,450.07138,474.9422,459.24683
11740,448.87726,474.47128,453.2999
11741,447.93237,474.03604,448.43683
11742,447.03586,473.66,444.44815
11743,446.19556,473.2785,441.40573
11744,445.25214,472.6447,439.04004
11745,445.41922,473.68204,438.75833
11746,449.96326,481.3018,446.26938
11747,456.459,492.6436,456.38528
11748,456.67435,496.4023,454.56186
11749,453.91617,495.75824,447.69064
11750,451.9207,494.98016,442.11755
11751,450.39954,494.26413,437.8357
11752,449.16388,493.6492,434.57187
11753,447.6842,491.38535,432.0654
11754,446.61136,490.49023,430.13458
11755,445.67838,489.82642,428.53827
11756,444.7657,489.09674,427.1871
11757,445.71332,491.1087,429.51846
11758,444.78796,490.4047,427.99548
11759,443.9408,489.80142,426.68985
11760,443.09042,489.10583,425.5596
11761,448.5989,498.29843,435.96027
11762,447.51123,497.88358,432.79837
11763,446.4874,497.37238,430.31937
11764,445.50223,496.7537,428.32306
11765,445.82925,497.99222,429.1089
11766,444.71185,496.83237,427.29044
11767,443.80872,496.17426,425.78833
11768,442.85577,495.21933,424.51633
11769,442.0731,494.66174,423.4131
11770,441.34723,494.17215,422.4353
11771,440.68762,493.7681,421.55435
11772,440.9008,494.68405,422.38498
11773,440.0484,493.74988,421.5248
11774,439.33618,493.1802,420.74405
11775,438.63843,492.6059,420.0349
11776,438.0804,492.26688,419.37054
11777,443.5817,501.28497,429.96518
11778,443.02982,500.9416,427.91495
11779,442.41727,500.79352,426.48215
11780,441.6171,500.29028,424.96957
11781,440.8435,499.77072,423.63382
11782,440.058,499.15118,422.47983
11783,439.31558,498.56607,421.46698
11784,439.0868,498.77078,421.36563
11785,438.4354,498.30728,420.51263
11786,437.8888,497.98856,419.83557
11787,441.21686,503.64774,426.36404
11788,440.27203,502.78445,424.71204
11789,439.41135,502.0152,423.3276
11790,438.6795,501.46463,422.1342
11791,439.38766,503.11288,423.58694
11792,438.8062,502.66708,422.31293
11793,438.18457,502.26907,421.27652
11794,437.5582,501.82104,420.39847
11795,442.15637,509.42276,429.32812
11796,441.43478,509.23444,427.33307
11797,440.9575,509.21198,425.84845
11798,442.9241,512.7393,428.8183
11799,441.99606,512.1337,426.13388
11800,441.14612,511.6938,424.16943
11801,440.21194,510.99957,422.3821
11802,439.37576,510.38516,420.8916
11803,448.85236,525.6014,438.51306
11804,450.11542,530.6554,440.02692
11805,446.20377,528.0045,433.7409
11806,443.91006,526.5742,429.07162
11807,442.07327,525.10394,425.23462
11808,440.53156,523.363,422.34937
11809,440.7871,524.6239,422.56924
11810,441.752,527.08,424.16776
11811,447.00162,536.13684,433.02744
11812,444.22858,535.01917,427.58026
11813,442.1081,533.74426,423.351
11814,440.29953,531.6096,420.1596
11815,438.82233,529.61926,417.77994
11816,437.61633,528.1464,415.94766
11817,436.5937,527.01416,414.46997
11818,435.67688,526.0076,413.23618
11819,434.842,525.099,412.18243
11820,433.9509,523.76697,411.2708
11821,433.0081,521.87683,410.4861
11822,434.97495,524.25964,415.2174
11823,433.72412,520.9229,414.084
11824,432.89465,519.7377,413.1633
11825,432.15482,518.7719,412.36017
11826,431.21564,516.5675,411.65646
11827,430.33438,514.5624,411.05692
11828,429.76614,513.8706,410.52402
11829,429.02994,512.5249,410.04242
11830,428.3351,511.30762,409.60757
11831,427.7789,510.54822,409.2043
11832,427.04114,508.994,408.83774
11833,426.22894,506.88257,408.50812
11834,425.4347,504.83365,408.2134
11835,426.15045,505.88034,410.35837
11836,426.1866,505.28732,411.5116
11837,425.64328,504.4094,411.1868
11838,426.38586,505.59613,413.0876
11839,425.87982,504.8246,412.63477
11840,425.8873,504.8486,413.09473
11841,425.44965,504.17093,412.7116
11842,424.90274,503.16492,412.42136
11843,424.09814,500.98825,412.05292
11844,423.52512,499.95883,411.71216
11845,426.51495,504.28992,417.36832
11846,426.2627,503.55637,416.83008
11847,426.4257,503.4186,417.00287
11848,425.80304,502.2836,416.40878
11849,425.26437,500.28214,416.50864
11850,424.62064,499.0154,416.00674
11851,428.989,505.6684,424.62375
11852,427.99765,501.39905,424.01077
11853,427.18643,499.6129,422.95392
11854,426.4284,497.98285,422.05563
11855,425.35574,494.04062,421.29767
11856,424.06952,488.9919,420.696
11857,422.5918,483.3479,420.22775
11858,422.03488,482.32855,419.7997
11859,422.50186,482.94272,421.06717
11860,421.47983,479.25073,420.65433
11861,420.7063,477.13614,420.37634
11862,422.96637,480.51254,424.95767
11863,422.5141,479.58392,424.34048
11864,422.09106,478.7071,423.76038
11865,421.39227,477.14862,423.26846
11866,420.39557,473.72363,422.84238
11867,419.60428,471.723,422.4465
11868,418.72833,469.20673,422.08624
11869,417.36362,463.39185,421.78354
11870,415.63907,456.71576,421.5287
11871,414.75797,454.38156,421.23337
11872,414.23505,453.4958,420.87686
11873,413.6033,452.3272,420.55075
11874,412.46564,448.10342,420.29498
11875,412.04428,447.41006,419.8981
11876,411.17914,445.25803,419.61075
11877,410.3906,443.52472,419.30826
11878,409.97366,442.8451,418.90042
11879,411.56274,445.22473,422.03113
11880,421.73358,460.75134,441.00388
11881,424.17984,463.60605,444.982
11882,423.75137,460.8132,444.36133
11883,423.03824,458.78403,442.63025
11884,421.4684,451.9525,441.3479
11885,420.92737,450.57535,440.12222
11886,420.4782,449.4099,439.34314
11887,426.48285,457.99762,451.1046
11888,424.87366,450.95258,448.5912
11889,423.93228,448.43558,446.7177
11890,422.5271,443.04147,445.28244
11891,420.88116,436.13855,444.162
11892,420.49783,435.26678,442.9611
11893,421.05682,435.951,443.85114
11894,423.7137,439.632,449.24484
11895,421.97467,432.49796,447.82956
11896,420.6962,428.66025,446.5702
11897,419.37247,424.62756,445.44165
11898,418.54416,423.10474,444.17868
11899,418.2762,422.5134,442.82364
11900,422.3036,428.66855,449.66626
11901,424.6715,432.08078,453.1175
11902,432.14062,443.12946,466.2193
11903,431.64703,441.4717,461.25775
11904,430.11136,436.76562,457.5305
11905,429.68527,435.81656,454.84534
11906,439.58926,450.95718,471.95944
11907,442.37766,455.0505,472.16357
11908,439.5922,447.65115,464.9119
11909,437.7242,442.5481,459.64386
11910,437.17007,442.0488,456.2435
11911,442.04172,449.92783,463.99435
11912,439.5893,443.17236,460.15186
11913,436.8322,435.65814,456.52402
11914,436.41373,434.5156,455.5966
11915,436.15802,434.01636,454.89453
11916,439.05325,438.92236,458.6476
11917,438.5215,438.61707,455.65552
11918,437.8991,438.1564,452.68015
11919,437.15613,437.31543,451.02393
11920,435.84695,434.89383,449.13226
11921,435.28183,434.42715,448.15723
11922,434.02942,432.10825,446.7179
11923,432.35913,427.32715,445.50156
11924,430.56186,421.76483,444.4426
11925,428.4854,414.8622,443.50568
11926,427.70703,410.15457,444.88803
11927,428.6466,412.19772,446.09448
11928,427.93085,411.69556,444.48282
11929,427.35156,411.35376,442.76477
11930,426.65076,410.12912,442.65158
11931,428.20425,413.1384,445.24796
11932,434.6898,423.64804,456.3842
11933,434.05566,423.16257,453.76782
11934,432.32413,418.40762,452.0406
11935,431.47736,417.64844,450.05884
11936,430.99808,417.41684,448.1866
11937,433.97324,422.43686,452.60593
11938,433.60324,422.42017,451.01294
11939,432.62225,421.35687,449.2317
11940,431.09778,417.87524,447.85135
11941,431.66748,419.1051,449.39157
11942,431.2874,419.05518,448.6099
11943,430.43408,418.28076,446.96127
11944,428.293,411.22067,445.9095
11945,426.244,404.65427,444.83575
11946,425.13327,402.8939,443.76083
11947,423.0682,396.4668,442.6801
11948,422.06522,395.10883,441.5769
11949,422.76556,396.81616,442.01254
11950,421.62,395.36157,440.5239
11951,421.472,395.22113,441.16922
11952,419.99548,392.29474,439.85345
11953,418.34604,388.45917,438.5932
11954,417.21655,387.0911,437.02133
11955,416.80374,386.71152,436.96475
11956,415.1126,382.67514,435.70132
11957,413.6147,379.75336,434.2979
11958,412.04285,376.4775,432.90448
11959,411.40625,376.18738,430.8213
11960,413.31693,379.39795,435.11288
11961,412.30087,378.39508,433.33002
11962,410.49274,373.78024,432.03696
11963,413.20013,377.75146,438.12738
11964,411.78027,374.6994,436.80624
11965,410.94717,373.6289,435.68338
11966,410.3225,373.16626,434.5524
11967,410.841,374.6671,434.63812
11968,409.64713,373.10983,432.848
11969,408.2766,370.8317,431.21344
11970,408.18433,371.33014,429.73688
11971,407.3051,370.66364,427.82187
11972,406.55246,370.21707,426.00076
11973,406.4665,370.7996,425.23923
11974,407.301,372.58685,425.18402
11975,408.36282,374.6965,425.51962
11976,407.12357,372.90076,424.19742
11977,405.2641,367.873,423.12442
11978,403.72238,364.72427,421.84885
11979,402.50558,362.60657,420.80344
11980,401.15002,360.40637,419.38486
11981,401.51825,361.71793,419.4081
11982,403.24417,365.04666,421.534
11983,403.20312,365.72037,421.05908
11984,405.5907,370.12613,425.44177
11985,404.51517,368.92136,423.8868
11986,406.414,372.5554,426.7849
11987,407.25327,374.28473,426.70035
11988,408.08093,376.04733,426.72684
11989,406.9401,374.57504,425.34378
11990,406.16983,374.0702,423.7559
11991,405.07983,372.7625,422.4122
11992,403.98105,371.41785,421.09314
11993,402.86432,370.00272,419.80142
11994,401.25174,366.18277,418.73923
11995,399.75647,363.0742,417.57788
11996,398.65482,361.755,416.18115
11997,399.38846,363.4119,416.1877
11998,400.44244,365.48648,416.56726
11999,400.64316,366.08948,416.1597
12000,406.76437,375.8207,427.0897
12001,406.5759,375.99445,425.29544
12002,407.15225,377.28506,424.92572
12003,406.82114,377.43448,423.89993
12004,412.52826,386.784,433.45178
12005,412.03473,386.5103,431.4293
12006,411.65714,386.52817,430.19373
12007,410.59378,385.2035,428.92548
12008,409.12515,382.01343,427.85995
12009,407.96283,380.33704,426.6193
12010,407.04367,379.11084,425.75977
12011,407.4051,380.19702,426.80185
12012,406.0973,377.8428,425.629
12013,404.9136,376.06076,424.3792
12014,403.79587,374.54218,423.09485
12015,406.15063,378.829,427.18594
12016,404.94873,376.92767,425.91492
12017,403.69962,374.8204,424.6673
12018,403.2845,374.5344,424.43433
12019,402.9499,374.34943,422.44882
12020,405.0193,377.81592,425.49384
12021,404.64267,377.61612,423.33987
12022,404.0015,377.2395,421.76532
12023,403.6521,377.07526,419.74634
12024,403.15005,376.8509,418.1415
12025,402.48492,376.46588,416.80222
12026,401.1041,373.60886,415.90237
12027,399.94318,371.85187,414.8858
12028,399.06186,371.05243,413.7129
12029,398.1612,370.19583,412.57587
12030,397.4833,369.73007,411.7475
12031,397.09424,369.58682,410.09625
12032,396.656,369.42734,408.60855
12033,396.2938,369.30725,407.0465
12034,396.84708,370.58368,407.171
12035,399.5415,375.0205,411.63522
12036,400.95444,377.58612,413.25095
12037,400.98267,377.99667,412.2797
12038,400.4659,377.77472,411.0545
12039,399.664,377.12195,410.10028
12040,398.91928,376.57812,409.16986
12041,398.06348,375.77765,408.2783
12042,397.19028,374.9217,407.406
12043,396.29175,373.9839,406.55463
12044,395.64072,373.50055,406.02817
12045,394.86346,372.87106,405.12637
12046,394.15512,372.3805,404.19687
12047,393.8284,372.2656,402.86722
12048,393.73553,372.44162,401.78436
12049,393.74548,372.68835,401.49677
12050,394.73904,374.45377,403.0887
12051,394.30188,374.29147,402.02225
12052,393.92865,374.16626,400.90485
12053,393.15588,373.5246,400.149
12054,392.48215,373.08554,399.34854
12055,392.5203,373.666,399.27222
12056,391.7672,373.05286,398.54
12057,391.48535,372.96014,397.36615
12058,390.7607,372.40625,396.6527
12059,390.1938,372.12,395.85608
12060,389.63187,371.8383,395.07175
12061,389.2487,371.71146,394.14328
12062,388.76138,371.51086,393.3401
12063,388.31638,371.3459,392.51828
12064,387.7959,371.11032,391.775
12065,388.08228,371.96695,392.01572
12066,387.55655,371.72168,391.2988
12067,387.08994,371.53555,390.55215
12068,386.4813,371.17017,389.91098
12069,385.9854,370.9533,389.21063
12070,385.5298,370.77405,388.49368
12071,385.11966,370.62982,387.75323
12072,384.62305,370.40945,387.09363
12073,384.1161,370.17606,386.45178
12074,383.62137,369.95477,385.81265
12075,383.15582,369.76224,385.1647
12076,382.71625,369.59238,384.50955
12077,382.2673,369.41357,383.87277
12078,382.01062,369.33804,383.04883
12079,381.7622,369.27548,382.25568
12080,381.42755,369.17615,381.56638
12081,380.96805,368.98843,380.9889
12082,380.69107,368.9117,380.25882
12083,380.29007,368.77377,379.66348
12084,379.88348,368.63116,379.0821
12085,379.4789,368.4895,378.50867
12086,379.08527,368.35538,377.93665
12087,378.70255,368.2285,377.3659
12088,378.39603,368.14264,376.7393
12089,383.06302,375.6669,385.15903
12090,383.30515,376.21643,385.62793
12091,383.03488,376.11893,384.90356
12092,382.76245,376.02267,384.19705
12093,382.45154,375.9139,383.5484
12094,382.18076,375.8211,382.867
12095,381.90643,375.7287,382.20325
12096,381.64523,375.64172,381.5364
12097,381.46448,375.61258,380.86108
12098,381.46704,375.82108,380.59705
12099,381.25803,375.7727,379.94867
12100,384.16675,380.5594,385.1338
12101,383.96555,380.47513,384.38773
12102,383.72607,380.38586,383.71732
12103,383.44128,380.28467,383.11362
12104,383.21814,380.20215,382.44473
12105,383.01773,380.1258,381.75336
12106,382.7947,380.0473,381.11044
12107,382.5548,379.96655,380.50174
12108,382.28372,379.87793,379.93875
12109,386.82568,387.1768,388.19046
12110,388.63635,390.16696,391.4332
12111,388.40784,390.0474,390.74377
12112,395.59116,401.32898,404.20654
12113,395.38806,401.12686,403.82385
12114,395.10373,400.90628,403.1057
12115,394.81116,400.69785,402.43567
12116,402.33453,412.59305,416.3235
12117,405.17532,416.96484,421.77722
12118,404.8214,416.4546,420.96564
12119,404.4656,415.96094,420.1689
12120,404.77838,416.45428,420.44073
12121,411.67657,427.09265,433.0583
12122,415.9892,433.42197,441.00732
12123,415.6382,432.3267,439.76904
12124,415.26376,431.29016,438.55676
12125,414.8775,430.3253,437.41232
12126,414.50446,429.43396,436.29483
12127,414.18362,428.62708,435.27905
12128,413.86102,427.87738,434.18344
12129,414.85034,429.14676,435.98517
12130,414.41263,428.31778,434.98657
12131,414.06747,427.58932,433.90857
12132,413.752,426.9186,432.9274
12133,415.67355,429.80206,436.19275
12134,415.7061,429.71085,435.97345
12135,415.33246,428.9795,434.91586
12136,414.99408,428.3055,433.83972
12137,417.33072,431.74194,438.16537
12138,416.94733,430.9601,437.02762
12139,416.52893,430.2028,435.9767
12140,416.164,429.5175,434.90085
12141,415.71365,428.81018,433.95508
12142,416.53247,429.97165,435.1244
12143,422.34476,438.52133,445.9143
12144,423.71893,440.17636,448.12112
12145,428.93353,447.65347,457.32227
12146,428.3904,446.04242,453.7782
12147,427.9509,444.8131,451.48138
12148,427.50455,443.7512,449.28366
12149,427.09088,442.85373,447.41077
12150,432.6372,450.89554,457.0427
12151,435.6519,454.94183,460.31537
12152,434.89804,453.59497,455.27032
12153,434.27005,452.62003,451.5304
12154,433.75897,451.873,448.96365
12155,433.24765,451.21292,446.5556
12156,433.12686,451.15594,445.46783
12157,433.0724,450.99866,444.59213
12158,432.5966,450.48196,442.81488
12159,432.17148,450.02783,441.42093
12160,431.7529,449.60132,440.11176
12161,431.77142,449.86517,439.68042
12162,432.8063,451.3318,441.20453
12163,437.43146,458.48486,449.35742
12164,455.94772,487.31348,482.27792
12165,449.31924,484.8752,473.59134
12166,445.59604,482.6721,465.36676
12167,450.81323,492.4444,471.68488
12168,446.03354,489.7666,463.3068
12169,443.48694,487.92914,455.79456
12170,449.04855,497.38858,462.58154
12171,445.7627,495.69955,454.92065
12172,443.58038,494.27643,448.23825
12173,442.14432,493.2667,442.90662
12174,446.4914,500.54187,448.58752
12175,444.59885,499.54114,442.68552
12176,443.22345,498.72382,438.11285
12177,442.04785,497.86176,434.7022
12178,445.88406,504.17358,440.28168
12179,444.55304,503.6225,436.01434
12180,445.75452,506.65253,436.9909
12181,451.0085,515.8964,444.87976
12182,448.35565,515.04333,438.6154
12183,446.28152,514.00977,433.6166
12184,444.6838,513.00757,429.7807
12185,443.30307,511.81754,426.8633
12186,442.10202,510.67087,424.6038
12187,441.09686,509.83942,422.79593
12188,440.25708,509.25925,421.29178
12189,439.38364,508.4665,420.0151
12190,438.50958,507.52805,418.92
12191,437.80457,506.9769,417.9603
12192,440.7039,511.98593,423.66467
12193,445.13223,519.23254,431.1819
12194,443.53995,518.0568,427.6555
12195,443.37234,518.8596,426.54684
12196,442.5211,518.50244,424.1715
12197,442.07224,518.8029,423.09805
12198,458.61398,545.3455,453.73203
12199,450.74664,546.5413,449.84164
12200,442.70535,543.6553,442.6904
12201,436.97913,537.624,435.70776
12202,434.05264,533.8749,429.95523
12203,434.23685,534.22217,429.43625
12204,432.3382,530.1187,425.66888
12205,436.35327,536.2517,432.474
12206,457.60193,570.01447,471.11993
12207,442.09195,555.35913,462.86917
12208,429.94183,532.4463,454.8144
12209,424.57077,511.34512,447.27597
12210,422.8665,501.50677,441.50064
12211,421.57925,494.27866,437.75854
12212,420.30667,486.92032,435.36932
12213,421.8825,487.29813,437.49
12214,421.0271,483.62625,435.5374
12215,419.9303,478.41803,434.0866
12216,419.16855,475.58047,432.96844
12217,418.0114,469.36426,432.2728
12218,417.19537,466.53668,431.53467
12219,416.711,464.9086,430.80725
12220,415.86346,462.03485,430.21744
12221,415.2663,460.2928,429.63245
12222,414.45322,457.71704,429.12665
12223,414.0404,456.4159,428.53998
12224,413.6104,455.14548,428.0101
12225,419.57068,463.74945,439.1342
12226,419.10654,461.55435,438.5669
12227,418.17044,458.1676,437.54996
12228,417.17236,454.4959,436.69067
12229,416.26392,451.49136,435.9222
12230,415.41013,448.8609,435.21188
12231,414.42255,445.52972,434.57843
12232,413.9544,444.19043,433.80487
12233,413.5251,442.95627,433.0344
12234,413.23776,441.91965,432.27145
12235,412.6594,440.5391,431.72375
12236,423.32172,456.50995,451.4209
12237,432.76007,469.45746,467.08878
12238,431.86633,465.52847,460.89108
12239,430.14883,459.11804,455.4792
12240,428.62497,453.54147,451.86734
12241,427.7336,450.90906,449.74292
12242,429.60733,453.33896,451.94928
12243,428.6661,451.30444,449.30896
12244,428.0673,450.13806,447.0587
12245,427.42667,449.01807,445.24338
12246,434.78046,460.24924,458.0308
12247,434.41367,459.4239,454.14133
12248,432.4998,452.88684,450.72058
12249,430.7284,446.55035,448.432
12250,428.9588,440.13785,446.79636
12251,428.04135,438.6722,445.32916
12252,427.57242,438.06616,443.73132
12253,427.05374,437.45947,442.33237
12254,426.64474,436.95898,440.93118
12255,426.2818,436.5458,439.6747
12256,429.83432,442.20276,445.78574
12257,436.67355,452.88455,457.6983
12258,437.17358,453.72852,455.70862
12259,436.50574,452.9004,451.80496
12260,436.58704,453.3112,450.81674
12261,435.56827,451.86713,448.21826
12262,433.94662,446.77374,446.2808
12263,433.47137,446.3056,444.37317
12264,432.35056,444.26614,443.02637
12265,431.68854,443.64236,441.68393
12266,432.37927,445.05804,442.58698
12267,432.04276,444.89453,441.5526
12268,438.76822,455.5564,453.61884
12269,438.1431,454.92014,450.146
12270,436.85208,452.4096,447.6127
12271,435.59973,449.61926,445.79477
12272,434.60242,448.21844,444.13596
12273,433.7397,447.21408,442.67526
12274,432.63712,445.26685,441.45856
12275,433.24554,446.6317,442.68832
12276,434.30737,448.67126,444.3222
12277,433.67493,448.1013,442.7283
12278,431.71445,441.69788,441.61737
12279,429.66116,435.0046,440.7309
12280,427.40424,427.8574,439.98752
12281,425.35556,420.91336,439.2777
12282,424.23956,419.0663,438.36676
12283,423.61423,418.44955,437.87943
12284,422.76883,417.54065,436.8832
12285,422.31973,417.22504,435.59027
12286,424.11758,420.48727,438.90125
12287,430.35922,430.40137,450.0055
12288,429.24423,428.4868,448.405
12289,427.44302,422.41098,447.17007
12290,425.63754,416.48367,446.05725
12291,425.0596,415.98822,444.3535
12292,424.5328,415.5608,442.69348
12293,430.35248,424.8528,452.68353
12294,430.15268,424.67038,451.44168
12295,430.32355,425.23148,450.5301
12296,429.5608,423.98895,449.57693
12297,432.71378,429.27844,454.8405
12298,434.09055,431.76727,456.22104
12299,433.10065,430.45685,453.65012
12300,440.44382,442.14267,465.84775
12301,440.1372,442.03647,461.90546
12302,439.2802,441.20425,457.29233
12303,437.2268,434.79343,454.31174
12304,435.60773,430.6996,452.1203
12305,438.36307,435.31668,457.1814
12306,435.5551,427.6699,454.68094
12307,433.18817,420.4669,452.84116
12308,431.11115,413.67908,451.29578
12309,429.03897,407.1227,449.90573
12310,427.85205,405.5005,448.20853
12311,426.2028,401.6298,446.81604
12312,424.58994,398.02145,445.41782
12313,422.6343,392.49353,444.13748
12314,420.49832,386.11978,442.84747
12315,418.58014,381.16187,441.3748
12316,418.25162,380.99707,439.95517
12317,417.58838,380.67462,437.4698
12318,418.89478,383.41388,438.8171
12319,419.5988,385.20154,439.0187
12320,419.22507,385.04688,437.24216
12321,418.70132,384.84232,434.89
12322,417.76428,384.11475,433.22382
12323,416.54364,382.54416,431.81464
12324,416.41272,382.87268,430.1013
12325,415.59323,382.37033,428.5084
12326,414.87558,382.02078,426.9267
12327,413.77945,380.83713,425.65518
12328,412.4498,378.45248,424.73254
12329,410.74905,374.47214,423.70712
12330,409.61014,373.1702,422.38168
12331,412.80743,378.86685,427.88153
12332,418.75546,388.4543,438.0506
12333,420.10492,390.97675,439.33627
12334,420.98206,392.7807,439.70688
12335,421.04575,393.224,439.14853
12336,432.64545,411.46848,460.43652
12337,431.2763,409.09726,457.78433
12338,436.24075,417.22623,464.97577
12339,435.67975,416.6911,461.28604
12340,434.39304,414.52295,458.56116
12341,433.15997,412.7087,456.12314
12342,431.8451,410.62524,453.97882
12343,433.54083,413.86185,456.13013
12344,433.32922,414.06503,454.07938
12345,439.15244,423.40955,464.05008
12346,439.28204,424.05344,461.48495
12347,438.0544,422.4156,458.2424
12348,437.43066,422.0094,455.03198
12349,437.76077,423.12405,454.1784
12350,437.9342,423.90717,452.96637
12351,439.545,427.0302,454.77054
12352,439.3634,427.4263,453.17776
12353,438.69577,427.09012,451.01712
12354,437.40002,425.09903,449.28937
12355,435.6753,420.72064,447.8919
12356,434.0375,416.89526,446.60886
12357,432.61295,414.26477,445.33826
12358,432.56284,414.884,444.98645
12359,431.76117,414.3287,443.58975
12360,430.44208,412.07254,442.48926
12361,429.1448,408.79944,442.05582
12362,427.37384,404.13574,441.06427
12363,425.43896,398.6374,440.06665
12364,425.02588,396.7183,441.2995
12365,424.4805,395.4508,441.71667
12366,423.16632,393.47852,440.28613
12367,430.36273,405.2262,452.53735
12368,429.6918,404.83875,450.32608
12369,428.653,403.7716,448.43414
12370,427.37338,401.8786,446.8159
12371,426.0939,399.88974,445.34167
12372,424.8254,398.034,443.8177
12373,423.1106,393.93417,442.5293
12374,422.2382,392.891,441.55414
12375,420.82193,390.41415,440.1221
12376,420.46414,390.53687,438.6296
12377,425.57895,399.13458,448.15604
12378,426.6399,401.34927,448.8776
12379,426.13635,401.05045,446.39935
12380,428.9754,406.02798,450.5872
12381,431.41742,410.26294,453.7167
12382,430.80188,409.8704,451.2517
12383,431.80582,412.04425,452.72635
12384,430.68082,410.5341,450.96033
12385,429.47177,408.82217,449.24536
12386,428.6252,406.92694,448.89297
12387,429.37073,407.63855,451.4132
12388,428.3412,406.5118,449.50192
12389,430.31598,409.92596,452.2322
12390,431.31683,411.90176,452.6813
12391,430.1512,410.3346,450.81024
12392,429.138,409.24417,448.98273
12393,428.26123,408.48004,447.17435
12394,427.24417,407.37283,445.58932
12395,425.41016,401.87283,444.60788
12396,424.13562,399.89352,443.18387
12397,422.45328,395.81442,441.96033
12398,420.72336,391.53854,440.71854
12399,421.19617,392.7164,440.31686
12400,442.19482,425.55463,478.76154
12401,440.825,423.7379,470.6896
12402,438.82706,418.59637,465.53043
12403,438.27737,418.21265,461.58353
12404,438.18875,418.38077,460.0872
12405,437.77,418.07486,458.03934
12406,437.46097,417.9658,456.34875
12407,453.7352,443.51953,485.7642
12408,451.57248,442.45618,475.85742
12409,449.38553,439.28006,468.04532
12410,447.29803,434.84763,462.26636
12411,446.16235,433.9571,457.94754
12412,445.25458,433.4248,454.56088
12413,444.6415,433.184,451.5898
12414,443.89545,432.83408,449.27737
12415,442.8427,431.8845,447.47897
12416,441.8035,430.9327,445.8967
12417,440.61008,429.4338,444.5396
12418,439.26614,427.24493,443.3538
12419,437.96436,424.66458,442.5929
12420,436.72385,422.89526,441.51657
12421,436.25803,422.87326,440.46643
12422,435.52518,422.27383,439.99335
12423,434.78778,421.862,438.8189
12424,433.6608,420.44965,437.88577
12425,432.38004,418.37164,437.02948
12426,431.75018,418.0834,435.87308
12427,431.3391,418.08893,434.97586
12428,430.44714,417.34903,434.06396
12429,429.3408,415.93344,433.25992
12430,428.4285,415.12393,432.39017
12431,427.50607,414.27676,431.5429
12432,426.7526,413.79367,430.62738
12433,426.1649,413.5317,429.62302
12434,425.40717,413.03122,428.76096
12435,424.6747,412.56964,427.90417
12436,423.82477,411.8602,427.12448
12437,423.26108,411.6137,426.18744
12438,422.8226,411.45993,425.15854
12439,422.59958,411.51755,424.3243
12440,421.9212,411.1205,423.68655
12441,421.3507,410.86566,422.8467
12442,420.72025,410.53827,422.06567
12443,420.05972,410.1652,421.31772
12444,419.33618,409.68207,420.6156
12445,419.58926,410.7114,421.51102
12446,422.17883,415.12558,425.9449
12447,421.76575,414.96863,425.00192
12448,428.80658,426.22507,437.84076
12449,430.0532,428.64587,439.97174
12450,429.26883,427.94412,438.93564
12451,428.67157,427.543,437.8326
12452,428.0319,427.0898,436.81192
12453,427.5555,426.80453,435.70206
12454,427.18042,426.58035,434.52774
12455,426.57544,426.18286,433.61652
12456,426.20078,425.97015,432.52408
12457,438.2395,444.9747,454.56107
12458,438.61148,445.84055,453.58987
12459,438.78168,446.49854,451.91174
12460,438.04077,445.88504,449.25488
12461,437.3143,445.29938,447.0761
12462,436.64185,444.7902,445.20172
12463,435.99152,444.3129,443.56223
12464,435.28598,443.7579,442.1427
12465,434.6646,443.3184,440.8198
12466,434.07654,442.91858,439.59442
12467,433.39767,442.39597,438.51657
12468,432.8836,442.06973,437.41873
12469,432.38312,441.75833,436.3829
12470,435.63477,447.14517,442.20123
12471,442.19458,457.3466,453.94095
12472,441.98773,457.62698,451.0725
12473,450.92462,471.7622,465.8318
12474,449.31583,471.35342,459.2256
12475,447.83893,470.56366,453.04016
12476,446.56378,469.63702,448.46103
12477,445.5722,469.0447,444.9215
12478,444.8267,468.68738,442.11276
12479,444.03876,468.24713,439.88654
12480,443.24127,467.74567,438.0532
12481,442.65854,467.47815,436.42508
12482,441.964,467.07797,435.05484
12483,441.2421,466.6107,433.85666
12484,441.27435,467.20245,433.68454
12485,440.60373,466.79608,432.63797
12486,439.88455,466.2861,431.6724
12487,439.18338,465.78906,430.79117
12488,438.48413,465.27618,429.98325
12489,437.93777,464.981,429.1956
12490,441.46515,470.9322,435.85434
12491,451.58704,486.87637,454.05084
12492,449.7766,486.2085,447.85703
12493,448.69962,486.02844,443.37076
12494,447.9876,486.15497,440.32147
12495,446.9306,485.60345,437.22824
12496,446.0074,485.12216,434.78833
12497,445.22238,484.75778,432.78937
12498,444.53842,484.46494,431.10028
12499,443.88147,484.195,429.81345
12500,445.67236,487.65213,433.01477
12501,448.76028,493.2533,438.25858
12502,450.23828,496.76437,439.90723
12503,448.74155,495.8059,436.02347
12504,447.612,495.25494,433.05127
12505,446.67227,494.838,430.69348
12506,445.8365,494.469,428.7642
12507,446.11,495.52676,428.75525
12508,445.42337,495.22186,427.0721
12509,444.70496,494.9119,425.63437
12510,443.86267,494.315,424.40564
12511,443.1587,493.93387,423.3677
12512,444.50504,496.68896,426.05856
12513,443.8008,496.3691,424.693
12514,443.1087,496.02646,423.50223
12515,442.26566,495.3016,422.4692
12516,441.88678,495.35867,421.96664
12517,442.5015,496.61594,422.90265
12518,443.2123,498.12344,424.0404
12519,442.63113,497.80835,422.85504
12520,456.5424,520.0161,449.04062
12521,451.8414,518.1218,442.00043
12522,449.05582,517.2254,436.04752
12523,447.4126,516.5973,431.34116
12524,445.90887,515.9181,427.7286
12525,453.02353,528.03516,440.14484
12526,450.63162,528.5643,435.35367
12527,448.10562,527.79895,429.90894
12528,446.0628,526.8509,425.66675
12529,444.50754,526.0746,422.4342
12530,445.6945,529.14,424.5976
12531,452.56638,541.2341,436.7372
12532,447.7414,538.6919,430.33817
12533,444.7262,536.6989,425.23642
12534,443.64224,537.007,423.0817
12535,444.36624,539.67474,423.62875
12536,442.6401,538.91095,419.82562
12537,441.03018,537.8949,416.91464
12538,440.07812,537.4955,415.11884
12539,440.81982,539.5142,416.881
12540,439.39682,538.4026,414.50256
12541,437.97018,536.16,412.62256
12542,436.90454,535.1003,411.15256
12543,435.84106,533.62036,409.9261
12544,434.86722,532.2248,408.90002
12545,436.85034,535.60443,413.25293
12546,435.57257,533.1182,411.7575
12547,434.53458,531.5053,410.57312
12548,436.32547,534.59717,414.47498
12549,450.78387,557.4126,441.20197
12550,442.9187,555.04065,433.9246
12551,437.93616,552.2502,427.41675
12552,434.76306,549.34143,422.10098
12553,432.6236,546.6848,418.1159
12554,430.71915,542.70636,415.20905
12555,429.71536,540.94385,413.5226
12556,428.6709,539.08716,411.83875
12557,427.51535,535.9395,410.49335
12558,426.54974,533.4213,409.44354
12559,425.74466,531.5817,408.58508
12560,424.7486,527.98944,408.00278
12561,424.09158,526.5208,407.40582
12562,423.1629,523.07635,406.88498
12563,422.31488,520.0376,406.45554
12564,421.4737,516.91895,406.09268
12565,420.4686,512.8039,405.78732
12566,419.63663,509.60095,405.53192
12567,418.7844,506.1672,405.31113
12568,417.62552,501.3159,405.12527
12569,419.20416,503.5228,408.71152
12570,419.65247,503.9246,410.0569
12571,418.96613,501.86612,409.79678
12572,418.2956,499.80994,409.59277
12573,420.57242,503.00183,414.3846
12574,420.05203,501.63904,414.02057
12575,419.31146,499.29895,413.6377
12576,424.9744,507.62234,424.6486
12577,424.21582,505.36212,423.41788
12578,423.49228,503.3424,422.3212
12579,422.83575,501.34338,421.5615
12580,422.23676,499.7285,420.76254
12581,423.02917,500.3692,422.4109
12582,422.40704,498.69302,421.57062
12583,421.68768,496.6285,420.84897
12584,421.05673,494.9264,420.21625
12585,427.2814,503.99304,432.21
12586,432.09598,510.5385,440.30072
12587,429.98544,503.95926,435.80795
12588,433.9134,509.36243,441.7456
12589,441.82468,521.25073,454.30692
12590,436.36716,512.8272,446.9584
12591,433.4027,505.7653,440.9149
12592,432.41394,503.68936,437.30347
12593,432.61212,501.86224,437.12256
12594,431.597,500.01926,433.93793
12595,433.29575,502.41943,436.0135
12596,443.3508,517.92163,453.35382
12597,447.10248,526.6145,460.23264
12598,456.82666,547.9257,483.34998
12599,440.73846,527.41815,474.8398
12600,430.5566,503.6722,466.4211
12601,426.4373,484.27432,458.56583
12602,426.58963,479.0257,454.7229
12603,425.7559,474.4435,449.6453
12604,424.17343,466.74146,446.31073
12605,422.9718,461.8562,444.117
12606,423.48654,460.40866,445.46136
12607,426.0704,463.3942,449.55997
12608,427.8919,461.56485,453.34766
12609,426.1003,454.0683,450.13342
12610,424.48138,447.1382,448.01508
12611,436.96133,465.89282,470.14487
12612,450.50952,485.67215,490.64948
12613,456.1997,499.46622,506.86
12614,442.2508,479.44757,496.74008
12615,433.74728,454.9891,487.21375
12616,430.84528,441.01526,477.86566
12617,429.57803,435.77795,469.7602
12618,428.95715,433.29526,464.31308
12619,428.3752,431.6022,460.81268
12620,426.9561,427.44974,457.786
12621,425.53867,423.42487,455.45956
12622,423.771,417.20026,453.6549
12623,422.68665,415.13153,451.80084
12624,421.63596,413.24072,450.0836
12625,433.5715,431.69275,471.18546
12626,432.69708,429.8409,465.0426
12627,432.17847,428.7644,461.23495
12628,430.97028,426.43896,458.02765
12629,429.07205,420.021,455.75494
12630,428.569,419.40573,453.07214
12631,429.19238,420.45663,453.4739
12632,432.93954,426.46426,459.00665
12633,432.26154,425.69104,455.8235
12634,431.1624,424.02368,453.55197
12635,429.90833,421.70328,451.68152
12636,428.51065,418.63834,450.08722
12637,428.228,418.47015,448.40778
12638,427.7738,418.07953,446.3914
12639,425.86234,411.81293,445.32718
12640,423.95267,405.76794,444.27255
12641,422.55795,402.96805,443.0207
12642,422.0483,402.63974,441.03433
12643,421.73914,402.45856,439.82303
12644,423.3291,405.23404,442.1125
12645,423.19308,405.33102,441.1735
12646,436.68286,426.48105,465.88443
12647,442.01898,435.02188,472.2285
12648,441.98456,435.1724,468.13242
12649,444.8104,439.8989,469.6871
12650,443.77924,439.06854,462.98038
12651,448.07712,446.4665,468.06967
12652,450.12692,450.71597,467.51956
12653,449.08447,448.96844,462.87494
12654,446.6915,442.8841,457.76825
12655,446.98532,443.1719,457.64377
12656,444.16635,436.1293,454.33252
12657,442.03967,429.86584,452.02997
12658,440.48932,426.8126,450.1698
12659,439.02582,424.1536,448.56262
12660,438.27747,423.73978,446.7759
12661,436.51157,419.2416,445.5765
12662,434.7274,414.6812,444.46466
12663,433.2692,412.01178,443.2982
12664,431.9459,409.97675,442.11563
12665,430.2895,406.2195,441.07404
12666,429.12115,404.80878,439.83737
12667,427.52847,401.4261,438.7948
12668,426.84348,401.10126,437.20712
12669,430.43262,407.32654,443.31357
12670,429.82562,407.06912,441.61252
12671,427.57968,399.85342,440.69568
12672,425.49164,393.7716,439.66837
12673,423.7189,389.653,438.4667
12674,421.71472,384.32126,437.29013
12675,419.59985,378.5358,436.06137
12676,417.42905,372.63077,434.7445
12677,415.20895,366.65424,433.32718
12678,413.59473,363.8766,431.5148
12679,413.2264,364.0004,428.79102
12680,415.6939,368.35977,431.7232
12681,415.36685,368.2815,430.1113
12682,414.8565,368.1948,427.51126
12683,414.08612,367.86856,425.40323
12684,413.73032,367.9117,422.97684
12685,418.43213,375.5957,430.91766
12686,417.9167,375.4646,428.50095
12687,419.30203,378.4352,430.44537
12688,418.05145,376.97647,428.97955
12689,417.22708,376.55322,427.21118
12690,416.79272,376.4582,424.9221
12691,415.1359,373.14844,423.80692
12692,412.9353,367.0095,422.80783
12693,411.3048,363.98904,421.51416
12694,410.36304,363.39426,419.77365
12695,408.44357,358.87964,418.60425
12696,407.01764,356.8241,417.15704
12697,405.48004,354.27914,415.76544
12698,405.96323,355.57306,417.41684
12699,405.56476,355.50345,414.75735
12700,403.92957,352.46115,413.4705
12701,402.4862,350.3104,412.06442
12702,400.46576,345.35342,410.87726
12703,398.61234,341.3455,409.54376
12704,396.42938,335.79984,408.26068
12705,394.28577,330.58292,406.85516
12706,392.41144,326.75586,405.24033
12707,394.38046,330.4976,409.18338
12708,393.9688,330.73096,406.93692
12709,394.5542,332.4193,406.3177
12710,396.8602,336.7046,410.935
12711,410.582,358.52417,433.99658
12712,411.9476,360.97287,435.71274
12713,415.9144,367.46536,442.17737
12714,415.9692,368.07162,440.50204
12715,415.0853,367.5438,437.599
12716,414.34207,367.23907,435.24182
12717,413.57544,366.88196,432.54456
12718,415.33585,370.05203,434.55927
12719,415.37845,370.76654,432.6339
12720,414.06628,369.11465,430.84183
12721,412.1011,364.36145,429.4084
12722,410.59973,361.9912,427.66824
12723,409.1042,359.648,425.93063
12724,408.7715,359.742,425.63098
12725,409.71927,361.98923,426.02203
12726,409.022,361.7594,423.92123
12727,407.99646,360.95844,422.0515
12728,406.62598,359.0396,420.49533
12729,405.05865,356.24667,419.0512
12730,403.40894,353.07114,417.6223
12731,404.1672,355.02396,417.8682
12732,405.99564,358.3591,419.46085
12733,405.60284,358.2791,416.87756
12734,404.44495,357.09402,415.34967
12735,404.06485,357.1973,415.12982
12736,403.06647,356.42545,413.5402
12737,401.94815,355.32007,412.0864
12738,401.24088,355.0402,410.30905
12739,400.42935,354.61624,408.7256
12740,399.41068,353.75314,407.36545
12741,398.37738,352.8399,406.048
12742,397.32776,351.86987,404.76984
12743,395.96436,349.4099,403.9083
12744,393.9433,343.931,402.98676
12745,392.58972,341.92447,401.74527
12746,391.6049,341.15134,400.2855
12747,390.8089,340.70642,399.06293
12748,390.2132,340.60468,397.9595
12749,391.82904,343.52554,399.1765
12750,393.0352,345.9134,400.05264
12751,392.42746,345.72476,398.4502
12752,393.16525,347.5697,399.2203
12753,392.29398,346.99698,397.95682
12754,391.50995,346.57852,396.66312
12755,391.57224,347.40475,396.42612
12756,390.6689,346.70584,395.37988
12757,390.05078,346.49417,394.03513
12758,389.6544,346.4266,392.4317
12759,389.35504,346.39954,390.72836
12760,388.5777,345.96564,389.68198
12761,388.01743,345.8039,388.4832
12762,387.14288,345.1586,387.5535
12763,386.17172,344.25095,386.68594
12764,385.38184,343.77087,385.73288
12765,384.64966,343.38733,384.76385
12766,383.89645,342.96237,383.83054
12767,383.11957,342.47717,382.9884
12768,382.15643,341.5009,382.2416
12769,381.3939,341.04233,381.35284
12770,384.17877,345.6128,385.81494
12771,383.90054,345.57346,384.33478
12772,383.73077,345.6121,382.98767
12773,383.49814,345.6429,381.7033
12774,383.16663,345.6144,380.55814
12775,382.61313,345.43738,379.65683
12776,382.0462,345.245,378.78867
12777,381.77643,345.30368,377.8302
12778,381.4233,345.25613,376.81177
12779,381.17316,345.22824,375.62704
12780,380.8499,345.18524,374.61765
12781,380.9441,345.62463,373.9456
12782,389.36914,358.90976,389.1537
12783,389.80096,359.83896,389.53897
12784,389.49686,359.7984,388.40466
12785,388.9853,359.64072,387.53076
12786,388.52335,359.52,386.63467
12787,387.95578,359.30475,385.84616
12788,387.29443,358.9603,385.1308
12789,386.74246,358.75726,384.36108
12790,386.23132,358.59268,383.57825
12791,385.67386,358.3795,382.8448
12792,385.17563,358.2234,382.08463
12793,384.68024,358.06842,381.33865
12794,384.01953,357.70114,380.70578
12795,383.5145,357.53406,379.99216
12796,383.05136,357.40152,379.26212
12797,382.56012,357.24426,378.56793
12798,382.08688,357.10132,377.8746
12799,381.85028,357.0651,376.92026
12800,389.4181,369.03253,390.4575
12801,395.61334,378.86057,401.7284
12802,395.50046,379.0121,400.8542
12803,395.26636,378.92935,399.79837
12804,394.86682,378.79486,398.889
12805,394.3462,378.5656,398.1113
12806,394.1041,378.75745,397.8235
12807,396.87903,383.4165,402.53732
12808,396.4188,383.22418,401.70245
12809,396.12253,383.11853,400.69028
12810,403.04303,394.13263,412.98322
12811,402.96777,394.21033,412.78317
12812,402.75592,394.08047,412.2975
12813,402.29407,393.83536,411.4033
12814,401.88513,393.66376,410.58804
12815,401.63348,393.52286,409.63644
12816,401.37775,393.3871,408.6233
12817,401.1057,393.2537,407.57733
12818,400.70062,393.0705,406.74133
12819,400.2444,392.8521,405.97073
12820,399.7534,392.6025,405.24252
12821,399.1853,392.2598,404.57755
12822,398.70322,392.01746,403.8667
12823,398.36777,391.87497,403.0321
12824,398.08548,391.754,402.14523
12825,397.66446,391.56888,401.4346
12826,397.32217,391.4308,400.66266
12827,397.00882,391.3067,399.87393
12828,405.54822,404.879,415.55246
12829,407.9218,408.6991,420.0926
12830,410.79514,413.26953,425.47983
12831,413.3697,417.32843,430.2965
12832,413.0949,416.9369,429.6479
12833,412.74335,416.53033,428.55746
12834,412.45154,416.1661,427.68707
12835,412.1565,415.81616,426.76825
12836,419.07922,426.62537,439.48257
12837,422.2461,431.24368,445.3751
12838,421.94336,430.52063,444.50085
12839,421.51096,429.75412,442.98245
12840,428.847,440.92987,456.51917
12841,428.42365,439.72623,454.19965
12842,427.94302,438.66754,451.55865
12843,427.4207,437.77887,449.54065
12844,426.81168,436.83865,447.65308
12845,426.30185,436.06662,445.89862
12846,425.9138,435.43002,444.4756
12847,425.36548,434.7217,443.06607
12848,424.86038,434.0884,441.72702
12849,424.41556,433.5324,440.41855
12850,423.98132,433.0127,439.18057
12851,423.58655,432.54166,437.96616
12852,423.1566,432.07413,436.8559
12853,428.4795,440.39883,446.7306
12854,428.0877,439.7746,445.31973
12855,427.6463,439.1697,443.68378
12856,427.12592,438.54865,442.28638
12857,426.7213,438.03888,440.88474
12858,426.3077,437.5562,439.5996
12859,426.20532,437.6254,439.12524
12860,425.9206,437.37558,438.19656
12861,425.44016,436.89456,437.14554
12862,424.87076,436.33017,436.21307
12863,424.54166,435.95938,435.48804
12864,424.13376,435.56165,434.50302
12865,423.68842,435.15115,433.5942
12866,423.3534,434.81186,432.7734
12867,423.0089,434.49225,431.86374
12868,423.9913,436.28513,433.59042
12869,423.54083,435.8773,432.73016
12870,423.21384,435.5475,431.99658
12871,422.7751,435.16437,431.1829
12872,422.37436,434.81415,430.36325
12873,421.94937,434.455,429.5895
12874,421.54996,434.11893,428.81665
12875,421.14392,433.78467,428.07074
12876,420.7153,433.43945,427.36188
12877,420.30826,433.11374,426.6535
12878,419.87466,432.77252,425.98157
12879,419.391,432.38757,425.35648
12880,419.03036,432.0991,424.65363
12881,423.43704,439.15024,432.72
12882,423.0656,438.762,431.85336
12883,422.68622,438.38107,431.02615
12884,422.56512,438.41214,430.714
12885,422.0833,437.96313,430.00333
12886,421.73315,437.61472,429.21027
12887,421.3124,437.2324,428.50107
12888,420.82663,436.7956,427.85306
12889,420.41876,436.4304,427.169
12890,419.98294,436.04803,426.521
12891,419.54843,435.66995,425.88638
12892,419.13217,435.30966,425.25278
12893,418.7438,434.97287,424.61194
12894,418.9706,435.55133,425.0142
12895,423.06934,442.0403,432.81174
12896,422.7542,441.62564,432.25745
12897,422.44394,441.22073,431.74304
12898,421.98868,440.7333,431.00247
12899,421.50037,440.2193,430.30713
12900,421.0035,439.6997,429.63684
12901,420.62015,439.28464,428.9084
12902,422.60043,442.4606,432.56866
12903,422.09863,441.89893,431.89066
12904,421.57327,441.3047,431.1923
12905,421.23145,440.87338,430.3844
12906,420.88843,440.45554,429.60452
12907,428.75412,452.72934,444.1653
12908,428.189,451.8523,442.54752
12909,427.66653,451.0693,441.10513
12910,427.21783,450.39008,439.7644
12911,429.62732,454.1253,443.7583
12912,430.2424,455.03195,444.13553
12913,429.84943,454.3711,442.75336
12914,429.2796,453.5936,441.23724
12915,428.73962,452.8824,439.885
12916,435.29465,463.0866,451.55893
12917,434.49258,461.94217,448.1324
12918,433.84305,461.07666,445.43604
12919,433.24326,460.32825,443.25146
12920,432.69257,459.67252,441.40997
12921,433.67145,461.3473,442.52118
12922,434.4764,462.76462,443.18427
12923,433.98727,462.21967,441.26175
12924,433.50812,461.7006,439.5742
12925,432.8918,461.06677,438.187
12926,431.95117,459.54214,437.03763
12927,431.42343,459.01993,435.9052
12928,431.30142,459.1485,435.7414
12929,430.3169,457.33438,434.85318
12930,429.45172,456.00912,434.03568
12931,428.9057,455.46344,433.19308
12932,428.00537,453.95218,432.50375
12933,427.05466,452.18686,431.87256
12934,426.46204,451.56073,431.19232
12935,427.31442,453.05457,432.6749
12936,426.62854,452.219,431.98584
12937,426.18185,451.75864,431.23697
12938,440.80664,474.59485,458.447
12939,439.13977,471.96768,452.5769
12940,437.96536,470.40152,448.22827
12941,437.07388,469.38382,444.94562
12942,436.22952,468.41977,442.40927
12943,435.1046,466.3252,440.44305
12944,434.42996,465.62717,438.7662
12945,433.54095,464.36954,437.38962
12946,432.88434,463.68643,436.14658
12947,432.32565,463.14487,435.00772
12948,431.13895,460.1439,434.1124
12949,430.83212,459.91757,434.06506
12950,429.5714,456.3088,433.31232
12951,428.43927,453.57843,432.6409
12952,428.45834,453.8854,433.2466
12953,427.32782,451.13968,432.6079
12954,426.5077,449.9394,431.96478
12955,435.37308,463.90634,448.51318
12956,436.0513,465.12326,448.07993
12957,434.74884,462.18124,445.36322
12958,433.47614,459.14035,443.3237
12959,432.7535,458.27713,441.59927
12960,431.4394,454.67108,440.25824
12961,430.63422,453.5939,439.05823
12962,430.023,452.92996,437.91736
12963,446.72925,479.0331,468.8042
12964,445.49982,476.024,466.16537
12965,449.6634,483.44852,470.88644
12966,447.58154,482.76004,465.92825
12967,444.11844,476.82327,458.40723
12968,442.48468,475.22314,452.25403
12969,444.5661,478.1695,454.5166
12970,442.05533,472.25378,449.22208
12971,440.20453,467.01828,445.62314
12972,439.2422,466.00388,443.05515
12973,438.49408,465.38416,440.94678
12974,437.59274,464.3725,439.24475
12975,436.41348,462.0412,437.85538
12976,435.7377,461.47095,436.59256
12977,434.98215,460.72345,435.49283
12978,434.07245,459.47076,434.5402
12979,433.30725,458.65112,433.65408
12980,431.4414,452.56326,432.97134
12981,430.7761,451.95294,432.236
12982,430.425,451.74936,432.31314
12983,429.87988,451.315,431.5736
12984,429.20145,450.64978,430.91898
12985,428.34558,449.45154,430.33954
12986,427.28217,447.2586,429.82352
12987,426.82126,446.90176,429.15805
12988,429.16263,450.85397,433.6315
12989,428.5827,450.31696,432.8569
12990,427.96545,449.7164,432.13837
12991,426.0703,443.2479,431.6465
12992,424.1118,436.5494,431.2043
12993,423.68274,436.20535,430.41592
12994,423.16653,435.7892,429.73224
12995,423.23022,436.2595,430.08
12996,422.72595,435.84485,429.38092
12997,421.70395,433.91336,428.878
12998,421.00876,433.17764,428.28705
12999,420.48413,432.73605,427.62857
13000,420.9731,433.75198,428.454
13001,420.86295,433.83395,428.16385
13002,420.49384,433.51743,427.4041
13003,419.9776,433.08185,426.76895
13004,419.6051,432.80194,426.1351
13005,421.16006,435.31955,430.09836
13006,420.37204,434.25977,429.52124
13007,418.61914,427.63632,429.11667
13008,417.05554,422.12387,428.66898
13009,418.8463,425.25543,432.55484
13010,417.24863,419.55646,432.05475
13011,418.11792,421.13284,433.29852
13012,416.9772,418.00735,432.95975
13013,419.64984,422.41293,438.5387
13014,424.42148,429.0045,448.77298
13015,424.0033,428.2484,446.9293
13016,422.66046,424.58453,445.75043
13017,421.8644,423.42166,444.41708
13018,421.36057,422.75214,442.90494
13019,420.54132,421.58417,441.74368
13020,422.69708,425.1224,445.5082
13021,425.098,428.97058,449.84894
13022,424.5169,428.08316,447.99448
13023,422.4744,420.72855,446.88663
13024,421.08234,416.9868,445.7199
13025,420.4003,416.13458,444.20667
13026,419.68094,415.2467,442.8068
13027,419.2765,414.87344,441.7593
13028,424.6011,423.3816,451.36578
13029,425.56094,424.90707,452.21204
13030,426.09415,425.64224,451.96826
13031,426.00577,425.43896,450.6429
13032,425.1774,424.12463,449.1607
13033,425.0199,424.0582,448.31152
13034,424.58615,423.44644,447.6827
13035,423.59448,421.80334,446.30145
13036,422.75,420.58844,445.0245
13037,424.64844,423.74622,448.02658
13038,426.231,426.38605,450.45563
13039,425.19556,424.53915,448.8587
13040,423.6753,419.6568,447.7482
13041,422.13382,415.1565,446.55795
13042,420.52344,410.32156,445.4295
13043,419.65137,409.19748,443.9555
13044,417.32083,401.25165,443.04956
13045,416.07907,398.8478,441.74597
13046,415.29526,398.03204,440.10324
13047,413.25525,390.98096,439.11002
13048,411.67322,386.96545,437.85654
13049,411.87338,386.76636,439.28723
13050,412.3899,387.923,438.6945
13051,412.75354,388.9918,438.74377
13052,411.57278,387.09848,437.2526
13053,410.24194,384.53317,435.86005
13054,408.42862,379.2658,434.65692
13055,407.46497,378.21423,432.88333
13056,406.49628,376.7386,431.7485
13057,416.4066,392.23114,449.82913
13058,418.44763,395.45294,452.4265
13059,417.9565,394.88516,449.58517
13060,417.88205,394.95016,447.9081
13061,420.88416,399.7206,452.51862
13062,421.91986,401.541,452.60687
13063,420.64737,399.18027,450.7044
13064,419.38364,396.89407,448.8772
13065,417.29617,390.02222,447.47787
13066,417.32184,388.92523,448.69604
13067,417.38705,389.4314,448.2374
13068,415.90448,386.30017,446.405
13069,414.31973,382.6844,444.63528
13070,412.97296,380.32208,442.69403
13071,411.3501,376.6042,440.94714
13072,410.1051,374.74744,438.91418
13073,409.02203,373.46933,436.79263
13074,408.01297,372.12875,435.16818
13075,406.4979,369.05606,433.47473
13076,404.8826,365.50195,431.8127
13077,403.83414,364.3945,429.70572
13078,402.27023,361.15353,428.04404
13079,400.50363,356.87994,426.45148
13080,400.79193,356.01566,428.52747
13081,401.3881,357.64166,428.15573
13082,400.46872,356.9026,425.80908
13083,401.25995,358.80756,426.81027
13084,400.38058,358.14676,424.5393
13085,400.9639,359.67966,424.034
13086,399.91098,358.59692,422.15393
13087,398.41348,355.7081,420.62823
13088,397.495,354.9795,418.6589
13089,396.58664,354.22018,416.94476
13090,395.73718,353.6278,415.08517
13091,395.71674,354.2878,414.07376
13092,394.7189,353.30286,412.56152
13093,395.98282,355.90268,413.83215
13094,397.15945,358.41473,415.23648
13095,396.47174,358.0644,413.43024
13096,395.58258,357.35974,411.9105
13097,394.94205,357.06842,410.18597
13098,393.7501,355.3831,408.97266
13099,392.5351,353.59793,407.7733
13100,392.0163,353.2614,407.45575
13101,391.41797,353.01572,405.76428
13102,390.22263,351.27792,404.6151
13103,392.12732,354.8148,407.23682
13104,392.67316,356.02875,406.6881
13105,392.2509,355.96497,405.072
13106,392.5345,356.7074,404.58255
13107,392.25958,356.6338,402.7235
13108,391.9265,356.55386,400.92294
13109,391.68182,356.51407,399.2723
13110,391.20108,356.37817,397.90814
13111,390.9144,356.60217,397.1892
13112,389.94028,355.3843,396.53418
13113,388.81702,353.82666,395.69208
13114,387.92563,353.04724,394.74017
13115,387.63477,352.98837,393.12305
13116,393.9405,363.11954,403.7764
13117,394.36832,364.44763,404.47833
13118,398.09735,370.6226,410.37253
13119,397.80804,370.5212,408.64816
13120,405.39072,382.60742,421.59702
13121,410.16095,390.21475,430.1438
13122,410.27197,390.7489,429.235
13123,408.89404,387.7705,428.2585
13124,407.91745,386.6026,427.0609
13125,406.87216,385.19562,425.91885
13126,406.45752,384.9607,424.1416
13127,405.15286,382.3885,423.1765
13128,404.006,380.5904,422.12054
13129,402.8349,378.68735,421.07025
13130,402.11066,378.15982,419.72763
13131,402.98373,379.99792,420.5944
13132,403.97546,381.98608,421.6002
13133,405.39597,384.39914,423.7972
13134,404.88397,384.10773,422.27676
13135,403.94107,383.02258,421.1898
13136,403.02426,382.01324,420.10028
13137,402.24185,381.3457,418.93756
13138,401.74323,381.081,417.52176
13139,400.96265,380.41888,416.42728
13140,400.0705,379.46713,415.4241
13141,399.04904,378.07098,414.49753
13142,398.28088,377.42975,413.42926
13143,397.50583,376.77042,412.38724
13144,396.8899,376.39285,411.2427
13145,396.15488,375.81448,410.22284
13146,395.26752,374.8443,409.31284
13147,394.30078,373.60104,408.4484
13148,393.4139,372.62238,407.5467
13149,393.01685,372.44513,406.21988
13150,391.94797,370.76877,405.4358
13151,391.3803,370.4571,404.3495
13152,390.6171,369.80536,403.43668
13153,389.79034,368.9853,402.57303
13154,389.43326,368.83768,401.28308
13155,389.28787,368.91037,400.07364
13156,393.73547,375.97513,408.2321
13157,393.81363,376.25983,408.19287
13158,394.44095,377.45593,408.6232
13159,394.17844,377.3097,407.14017
13160,393.9716,377.19196,406.32062
13161,393.38855,376.83994,405.36603
13162,393.3207,377.05618,404.50082
13163,392.9521,376.89532,403.37003
13164,392.58386,376.73965,402.2741
13165,392.09625,376.50665,401.3479
13166,392.7773,377.9107,402.05347
13167,392.21838,377.59656,401.2162
13168,391.7353,377.3653,400.3347
13169,391.4259,377.2395,399.26428
13170,391.17484,377.1337,398.1158
13171,393.97314,381.7749,402.74255
13172,393.64172,381.63083,401.72928
13173,401.7485,394.37418,416.67365
13174,402.28137,395.3205,417.61115
13175,401.92325,395.06644,416.4864
13176,401.5824,394.8218,415.33914
13177,401.09497,394.4904,414.40454
13178,400.71512,394.2435,413.37262
13179,400.3265,393.99948,412.37952
13180,400.04147,393.80573,411.25473
13181,399.7819,393.62823,410.1537
13182,399.4156,393.4217,409.21713
13183,399.20807,393.40903,408.43378
13184,399.49927,394.20868,408.70276
13185,398.9872,393.89127,407.95407
13186,398.60455,393.6844,407.10504
13187,398.15378,393.4368,406.35904
13188,399.74606,396.10123,409.0648
13189,399.37485,395.88867,408.21698
13190,398.93393,395.63184,407.45428
13191,398.65897,395.46515,406.5114
13192,398.3925,395.30725,405.57852
13193,397.9977,395.0986,404.82855
13194,397.68893,394.93613,403.99896
13195,397.44678,394.83392,403.18613
13196,397.0817,394.6538,402.4566
13197,396.68726,394.4579,401.76865
13198,396.70502,394.83792,401.67844
13199,396.3342,394.6572,400.98944
13200,396.0474,394.5165,400.222
13201,395.73508,394.36984,399.5015
13202,395.81982,394.81567,399.4704
13203,395.48492,394.66714,398.81262
13204,395.0961,394.48242,398.19702
13205,394.8642,394.42923,397.58087
13206,395.99646,396.41122,399.34644
13207,395.71204,396.2732,398.6446
13208,396.33563,397.5096,399.5606
13209,402.62265,407.51105,411.0239
13210,402.22937,407.23898,410.3574
13211,401.87473,406.99106,409.6558
13212,401.43015,406.67932,409.03897
13213,400.95172,406.33273,408.45224
13214,400.6146,406.10056,407.76312
13215,400.37134,405.90686,406.99847
13216,399.99927,405.66464,406.36603
13217,399.55142,405.36206,405.7978
13218,399.15387,405.10446,405.2024
13219,398.8193,404.88876,404.56305
13220,398.71964,404.94937,404.1373
13221,402.75018,411.34262,411.68417
13222,407.2397,418.38385,420.21655
13223,413.9671,428.7983,432.91473
13224,413.60187,428.14752,432.05847
13225,413.17294,427.4483,431.18707
13226,413.25497,427.4568,430.94397
13227,412.8861,426.87717,430.16312
13228,412.53363,426.29095,429.25623
13229,412.19836,425.73932,428.3489
13230,413.20212,427.25238,429.8593
13231,414.422,429.13248,431.92593
13232,414.53583,429.1993,431.7963
13233,418.15286,434.6589,438.50052
13234,417.7905,433.86044,437.3481
13235,417.49985,433.1691,436.60278
13236,417.10535,432.43613,435.56967
13237,416.78467,431.8158,434.58865
13238,416.38617,431.1531,433.63193
13239,417.04514,432.08234,434.48715
13240,425.907,445.5221,451.03546
13241,425.66623,444.2673,449.52524
13242,425.7065,443.7258,448.83188
13243,432.14487,453.28418,459.73398
13244,431.19913,451.1823,455.2805
13245,430.48822,449.7736,451.9098
13246,429.97076,448.74747,449.14365
13247,432.8606,453.05142,453.4986
13248,432.26718,452.01825,450.24002
13249,431.64087,451.096,447.729
13250,431.0328,450.27066,445.66412
13251,430.53427,449.6021,443.83252
13252,432.76248,453.10782,447.45673
13253,434.81708,456.10312,450.2263
13254,434.32465,455.4392,447.65485
13255,435.3088,457.1946,448.33533
13256,434.71335,456.50922,445.80176
13257,434.12643,455.88306,443.73154
13258,434.0619,456.0357,442.73447
13259,433.4622,455.44498,441.1175
13260,433.04596,455.06363,439.7048
13261,432.70462,454.79337,438.5395
13262,432.212,454.35437,437.33337
13263,436.11176,460.72037,444.3941
13264,435.39835,460.00125,442.39328
13265,434.76477,459.40103,440.68033
13266,434.05844,458.68924,439.23535
13267,433.48004,458.14145,438.3002
13268,433.00446,457.7153,437.03278
13269,432.471,457.27347,436.1094
13270,433.78406,459.66797,438.52158
13271,434.80627,461.55408,439.99063
13272,434.25235,461.04715,438.48935
13273,445.8975,479.3001,459.7486
13274,444.98215,479.20563,454.3775
13275,443.75977,478.39615,448.76132
13276,442.7851,477.7462,444.5215
13277,442.7845,478.45648,442.7365
13278,441.85303,477.755,439.86554
13279,441.15714,477.35324,437.71472
13280,443.47992,481.5341,441.24136
13281,442.497,480.78397,438.43695
13282,441.45828,479.68152,436.23755
13283,441.57397,480.47977,435.80838
13284,440.89023,480.06387,433.98642
13285,440.18094,479.58612,432.45477
13286,447.6709,491.7551,446.19952
13287,454.506,503.75003,456.96375
13288,450.7617,502.61978,449.5913
13289,448.2637,501.4086,443.32617
13290,446.35965,499.86914,438.4064
13291,444.98087,498.90976,434.70682
13292,443.16583,494.6425,431.92523
13293,441.78857,491.78818,429.95303
13294,440.42154,488.35666,428.4463
13295,439.40564,486.84894,427.26193
13296,438.65176,486.19235,426.23117
13297,445.8933,497.92496,439.82718
13298,444.92874,497.65463,436.3163
13299,443.94885,497.18115,433.28043
13300,442.79056,496.01706,430.8787
13301,441.56058,494.04007,428.986
13302,440.68393,493.28247,427.46063
13303,439.82895,492.47577,426.1669
13304,439.09586,491.86496,425.1339
13305,444.2851,500.44458,434.90027
13306,442.92935,498.2212,432.25238
13307,441.50903,495.35342,430.00674
13308,440.57303,494.48358,428.28336
13309,439.4695,492.66324,426.86407
13310,438.70648,492.01755,425.66898
13311,437.88644,491.14206,424.63202
13312,437.24518,490.6482,423.73575
13313,436.42807,489.64438,422.9164
13314,435.4527,487.7908,422.1986
13315,434.64536,486.60416,421.61896
13316,433.98544,485.94135,421.02625
13317,433.21393,484.88803,420.4884
13318,431.80246,480.0773,420.0287
13319,430.8819,478.19608,419.62653
13320,435.24893,485.28976,428.1166
13321,434.8232,485.0106,427.30087
13322,434.03677,484.0081,426.38477
13323,436.07925,487.51892,430.2873
13324,435.39713,486.65118,429.33905
13325,433.99457,482.03854,428.22845
13326,433.28757,481.23502,427.31793
13327,432.2287,478.7229,426.53906
13328,431.48453,477.7321,425.84064
13329,431.82782,478.5559,426.9454
13330,435.949,485.2116,435.04532
13331,434.99683,483.8045,433.26712
13332,434.16507,482.70862,431.7973
13333,432.668,477.57187,430.88065
13334,431.9975,476.78693,429.8873
13335,432.22113,477.27515,430.81677
13336,430.83304,472.32324,429.91418
13337,429.8711,470.33585,429.16876
13338,429.30115,469.69717,428.4925
13339,428.35687,467.72064,427.87894
13340,427.76868,467.0374,427.26617
13341,426.34735,461.6735,426.7861
13342,425.19315,458.26038,426.35315
13343,424.61618,457.6101,425.86298
13344,424.0882,457.04074,425.37576
13345,423.9448,457.03857,425.41013
13346,423.25412,456.0859,424.9793
13347,426.05325,460.63205,430.52295
13348,425.1096,458.5844,429.93793
13349,431.05472,467.9292,441.20844
13350,440.5614,482.65073,458.20633
13351,440.38278,482.90326,454.19308
13352,438.9603,481.2311,448.57486
13353,436.8553,475.31638,444.50586
13354,436.17245,474.23608,442.46567
13355,443.55655,485.76926,455.67648
13356,441.28918,481.43976,449.5944
13357,439.87115,479.52322,445.1208
13358,438.2082,474.86575,441.8813
13359,439.38254,477.0879,443.375
13360,438.70776,476.5644,440.91968
13361,437.8959,475.79907,438.60626
13362,437.14322,475.09955,436.71588
13363,435.31216,469.4503,435.25348
13364,433.47025,463.59656,434.18933
13365,432.2542,460.4943,433.33386
13366,431.3215,458.97348,432.55957
13367,432.46808,461.0827,434.74136
13368,430.6079,454.95624,433.9594
13369,428.53177,448.31595,433.34384
13370,427.59082,446.76166,432.69986
13371,425.98273,440.81775,432.18158
13372,425.2665,440.04553,431.5306
13373,424.27844,438.29807,430.97406
13374,423.82373,437.92947,430.24124
13375,422.75888,435.77216,429.73257
13376,421.14,429.78024,429.30884
13377,419.90765,426.75232,428.81467
13378,419.37872,426.3338,428.07156
13379,418.38113,424.61685,427.53036
13380,417.32434,422.61096,427.00107
13381,415.75357,417.1226,426.6046
13382,420.15417,424.34775,435.3664
13383,419.1476,422.5857,434.61923
13384,420.25052,424.53604,437.29077
13385,420.4522,424.8585,438.49423
13386,419.88763,424.2312,437.46884
13387,418.7656,421.8474,436.6895
13388,418.09937,421.08005,435.71426
13389,416.37466,414.7147,435.09662
13390,414.5722,408.0842,434.45068
13391,413.94946,407.45456,433.62225
13392,413.10562,406.39835,432.6183
13393,411.3063,400.04318,431.9359
13394,409.98834,396.86456,431.12573
13395,409.0003,395.4421,430.06323
13396,407.8645,393.40753,429.07703
13397,406.54776,390.44785,428.1513
13398,405.22247,387.4822,427.19717
13399,404.46603,386.76395,425.8942
13400,403.16812,383.9805,424.92337
13401,402.38788,383.2305,423.6356
13402,402.05383,383.01166,423.58087
13403,407.75192,392.28995,433.70068
13404,407.47556,392.10104,432.1313
13405,406.08765,388.7074,431.111
13406,405.21548,387.61743,429.8415
13407,411.91418,398.10782,441.54916
13408,411.4703,397.6025,440.57108
13409,410.26007,395.0771,439.28018
13410,409.6683,394.40982,437.45084
13411,408.6219,392.67822,436.12057
13412,410.11627,395.24826,437.956
13413,409.70926,394.7589,435.87146
13414,408.18976,390.56824,434.82672
13415,406.90237,387.82642,433.62988
13416,406.80798,388.00534,432.4653
13417,407.3125,389.03595,432.087
13418,408.7057,391.3807,433.56342
13419,411.8601,396.566,438.39746
13420,411.7839,396.64474,436.9979
13421,412.5576,398.20956,437.93973
13422,411.63452,396.96973,436.6003
13423,410.0541,392.46002,435.59192
13424,408.03488,385.3806,434.6469
13425,407.23724,384.58643,432.95743
13426,405.69073,380.6362,431.78223
13427,405.0985,380.15393,430.66455
13428,404.0038,378.38303,429.39572
13429,404.98203,380.418,430.74194
13430,405.39972,381.49463,430.469
13431,405.73642,382.22195,431.58484
13432,406.89978,384.3248,434.03522
13433,407.02484,384.87616,433.0857
13434,407.06656,385.27606,431.8881
13435,411.8417,393.1504,440.3593
13436,411.4587,392.90573,439.26144
13437,413.25934,396.0484,442.35614
13438,413.1531,396.18854,441.74683
13439,412.13705,393.5053,441.1368
13440,412.60904,393.62033,442.9728
13441,416.0513,399.00327,449.57864
13442,414.9514,396.3156,448.33713
13443,420.70288,405.20428,458.9519
13444,422.5767,407.7535,461.6899
13445,422.69836,407.44226,460.98093
13446,424.00345,409.2912,461.7549
13447,424.15237,408.47772,461.7789
13448,422.8533,405.5428,459.05392
13449,423.91763,407.21198,459.25128
13450,425.16852,409.20798,459.87878
13451,428.2046,413.8598,463.5585
13452,430.9802,418.08392,466.15085
13453,440.83395,433.06183,482.4566
13454,439.67032,431.0889,473.4816
13455,437.61267,425.29733,467.18417
13456,435.9104,421.25952,462.8515
13457,434.12515,416.6142,459.75354
13458,435.33865,418.78693,460.35126
13459,436.84598,420.99393,462.83795
13460,436.0225,419.90546,460.16122
13461,436.68304,421.41116,460.24628
13462,435.48642,419.22742,457.8377
13463,435.5141,419.82278,456.22073
13464,434.5812,418.9482,453.7678
13465,433.81235,418.37488,451.49075
13466,433.708,418.64365,450.12726
13467,433.3518,418.72888,448.93097
13468,434.00467,420.19135,449.06357
13469,433.68256,420.28043,447.65338
13470,433.46225,419.9238,448.19928
13471,431.7629,415.07278,447.14645
13472,430.18616,411.5053,445.89627
13473,429.00952,409.90436,444.52548
13474,431.93658,414.8744,450.56073
13475,430.2996,410.9766,449.0986
13476,428.7446,407.58676,447.68518
13477,426.48935,400.2158,446.52103
13478,424.6539,395.4429,445.18533
13479,422.94797,391.5129,443.76318
13480,422.2714,391.1461,441.51068
13481,421.0315,389.48114,439.92862
13482,421.2899,390.6006,439.7831
13483,420.22595,389.5039,438.1594
13484,419.18637,388.4706,436.56882
13485,417.8835,386.50073,435.18808
13486,417.31793,386.25827,433.13303
13487,416.4439,385.61914,431.55978
13488,415.08276,383.35355,430.3408
13489,414.01257,382.21573,428.95538
13490,412.8797,380.864,427.63565
13491,412.31842,380.64337,425.8045
13492,411.9504,380.5255,423.82834
13493,411.6913,380.47144,422.72668
13494,412.99747,382.86868,424.3678
13495,413.51404,384.04807,424.54062
13496,413.0395,383.97195,423.14606
13497,413.69345,385.68515,424.10657
13498,412.95624,385.27023,422.8095
13499,411.6526,383.10724,421.86377
13500,410.99832,382.80264,420.5115
13501,410.08188,382.0233,419.40652
13502,409.61288,381.87476,417.90332
13503,409.405,381.9517,416.5602
13504,408.58975,381.3813,415.55173
13505,407.91925,381.00433,414.91916
13506,407.06305,380.3406,413.92612
13507,406.74222,380.25653,412.3541
13508,406.92636,381.21298,412.64484
13509,406.54166,381.11166,411.2865
13510,405.91187,380.82895,410.25995
13511,404.97485,379.92166,409.43982
13512,404.25504,379.50323,408.51144
13513,403.34412,378.65137,407.70334
13514,402.5895,378.16092,406.82297
13515,402.01654,377.9305,405.83258
13516,401.51422,377.76297,404.8043
13517,400.68875,377.10294,404.02332
13518,402.57123,380.63904,407.5277
13519,407.6513,388.8022,416.52664
13520,417.3258,404.03442,434.39917
13521,417.08047,403.92722,433.27017
13522,417.77127,405.5076,434.33597
13523,417.29282,405.19525,432.90692
13524,416.80957,404.8931,431.54526
13525,419.7903,409.74445,436.808
13526,419.6243,409.668,436.37613
13527,418.85297,408.93143,435.30734
13528,418.03986,408.11612,434.23386
13529,417.16916,407.15176,433.21912
13530,416.81668,406.89246,431.77435
13531,416.2782,406.534,430.57224
13532,415.5904,405.98734,429.53885
13533,415.26172,405.76556,428.26355
13534,414.53992,405.16714,427.31467
13535,413.9264,404.74377,426.30807
13536,413.3135,404.32285,425.3258
13537,412.66217,403.84637,424.39502
13538,412.15826,403.54922,423.3622
13539,411.62674,403.23,422.38327
13540,410.99548,402.7878,421.506
13541,410.38608,402.37683,420.631
13542,410.04706,402.19055,419.48975
13543,409.60336,401.95773,418.52014
13544,409.29224,401.89117,417.68527
13545,408.89462,401.6943,416.71402
13546,415.212,411.82886,428.06967
13547,416.41312,413.88562,430.1025
13548,415.81302,413.39645,429.30417
13549,415.31738,413.027,428.3053
13550,414.7993,412.6428,427.35364
13551,414.24246,412.22055,426.4573
13552,413.81033,411.91772,425.46658
13553,413.45465,411.66446,424.4073
13554,412.9283,411.29556,423.5567
13555,412.5959,411.06522,422.5161
13556,414.1994,413.8435,425.11566
13557,413.6824,413.47226,424.2765
13558,413.38184,413.2424,423.3028
13559,412.92255,412.937,422.45624
13560,412.9553,413.28387,422.19046
13561,421.30566,426.39447,437.79382
13562,421.42358,426.62634,437.9479
13563,428.2953,437.30954,450.6752
13564,428.9388,438.2041,450.71606
13565,429.0873,438.3253,450.05225
13566,428.6652,437.62418,448.22604
13567,431.90643,442.69034,453.1713
13568,431.63712,442.31744,451.01126
13569,431.1417,441.62442,448.61588
13570,430.7201,441.13327,446.77435
13571,435.06906,447.97595,454.12555
13572,437.1524,451.29947,456.07837
13573,436.29675,450.26706,452.40982
13574,441.35544,458.26892,460.30658
13575,440.46594,457.38956,454.94006
13576,439.73328,456.77655,451.1266
13577,453.64255,478.7921,475.14426
13578,465.73764,501.80463,496.1541
13579,452.0645,496.8238,486.7379
13580,442.80994,489.55835,477.62476
13581,437.92642,482.23117,468.92413
13582,435.6133,477.44742,460.9399
13583,434.20752,474.40784,454.41138
13584,435.30588,475.5435,453.2808
13585,441.7139,485.18964,462.14624
13586,439.6957,482.85254,454.90277
13587,438.3925,481.26944,449.10406
13588,438.22763,481.37387,446.33746
13589,442.80026,488.82187,452.67795
13590,441.20486,487.3857,446.88596
13591,439.9863,486.21915,442.4933
13592,438.90906,485.07294,439.20227
13593,437.7862,483.4364,436.69614
13594,436.8968,482.4269,434.7155
13595,436.08694,481.5421,433.08182
13596,436.36926,482.38144,433.40128
13597,435.85504,481.96133,432.39508
13598,435.626,482.00156,431.86227
13599,436.6169,483.92236,433.5579
13600,441.92007,492.5419,443.02103
13601,447.93213,502.69083,452.4396
13602,445.38913,501.39014,445.83762
13603,443.9182,500.71298,441.05185
13604,442.49652,499.6744,436.7811
13605,443.0366,501.40036,436.69232
13606,448.9194,511.49078,446.224
13607,447.38852,511.93286,441.72546
13608,445.34995,511.0059,436.33423
13609,443.72183,509.88046,432.19794
13610,442.4992,509.1139,429.0569
13611,441.29782,507.9319,426.62
13612,440.39328,507.29517,424.72116
13613,440.89157,508.74164,425.62164
13614,440.9192,509.51813,425.38315
13615,440.1307,509.0267,423.8073
13616,438.95856,506.99612,422.25342
13617,437.98038,505.6661,420.99643
13618,437.19858,504.91507,419.92508
13619,436.30066,503.61026,418.9955
13620,435.49496,502.58173,418.1849
13621,434.80847,501.877,417.45874
13622,434.09344,501.0363,416.80423
13623,433.44934,500.35992,416.20587
13624,433.9868,501.53528,417.72614
13625,449.69873,525.79236,446.67612
13626,446.4194,525.21124,440.56924
13627,443.88806,524.0758,434.5441
13628,442.04776,523.10376,429.94553
13629,440.48206,521.85095,426.3857
13630,439.1207,520.5008,423.5679
13631,441.55844,525.0308,427.87128
13632,440.50632,524.5849,425.08405
13633,439.52014,523.83246,422.29584
13634,441.28622,527.36194,425.46063
13635,439.7815,526.05774,422.3731
13636,442.37924,530.96277,427.02902
13637,450.92764,545.5943,442.00494
13638,444.70343,543.4553,434.92313
13639,440.64883,540.3636,428.79938
13640,438.15472,538.24524,424.0114
13641,443.02823,546.85895,432.4108
13642,439.62262,545.0664,426.49338
13643,437.04703,542.58966,421.82678
13644,435.0361,539.5072,418.382
13645,442.16562,551.02496,431.19498
13646,441.0456,552.8588,429.82812
13647,437.2977,550.5009,424.07745
13648,434.9352,548.4554,419.5279
13649,432.9811,545.6682,416.13297
13650,431.29422,542.2456,413.65845
13651,429.89313,538.9455,411.85303
13652,428.9354,537.24445,410.50415
13653,427.75833,533.8655,409.3838
13654,426.7935,531.14526,408.5047
13655,425.65262,527.3127,407.7883
13656,424.75125,524.3178,407.21753
13657,424.2109,522.707,407.10907
13658,428.7566,529.48706,416.15173
13659,427.9129,527.9035,414.74133
13660,426.87784,524.6125,413.64114
13661,425.83377,520.97845,412.7541
13662,425.09668,519.26373,412.02283
13663,425.2712,519.10803,412.93024
13664,429.1108,524.6076,420.2152
13665,427.81647,520.4631,418.5359
13666,426.89664,518.1759,417.28796
13667,425.99234,515.69727,416.273
13668,426.52975,515.426,418.04694
13669,441.07037,537.4917,445.43057
13670,434.98962,528.8889,438.4168
13671,431.97302,522.08466,433.02228
13672,430.20358,517.1721,429.10333
13673,428.9272,513.7959,426.41528
13674,427.95032,511.50732,424.44583
13675,427.0526,509.33548,422.90704
13676,426.09442,506.54953,421.67477
13677,425.3097,504.61005,420.67746
13678,424.27203,500.677,419.84778
13679,423.89117,499.7171,419.5245
13680,425.29346,501.56467,422.34982
13681,424.78583,500.40094,421.50803
13682,423.66736,495.78168,420.7443
13683,422.51938,490.96112,420.14746
13684,425.9991,496.07,426.9931
13685,425.41614,494.7342,425.8423
13686,424.5601,492.36487,424.88367
13687,431.301,502.43164,437.50632
13688,432.91537,504.40536,439.0674
13689,431.14713,498.8251,435.36047
13690,437.80396,508.82117,446.68027
13691,434.64478,501.58682,440.91647
13692,432.93036,496.5298,436.94113
13693,431.3345,491.2814,434.24585
13694,431.05768,490.76837,433.0647
13695,430.09805,488.7276,431.3809
13696,435.64563,496.4194,442.21036
13697,434.29135,493.91162,438.32413
13698,432.4585,488.21762,435.53003
13699,431.59314,486.76407,433.5802
13700,440.63397,500.79245,449.9412
13701,463.34952,536.92,489.55783
13702,456.25372,539.3255,495.59564
13703,441.31973,508.67334,486.9071
13704,431.2612,480.58755,478.02
13705,427.6323,460.55438,469.5492
13706,425.5401,448.73328,462.80057
13707,423.47134,439.194,458.53317
13708,429.77658,446.99286,469.28256
13709,435.14218,452.69574,475.45004
13710,432.76663,443.5681,467.80154
13711,431.10605,438.13864,462.2966
13712,429.68213,434.1301,458.52188
13713,429.44827,433.58057,455.99146
13714,429.19388,433.07767,453.5913
13715,428.26727,431.56046,451.48013
13716,427.43118,430.33972,449.59988
13717,429.1057,432.91602,451.94
13718,431.81134,437.22995,455.90973
13719,430.54843,434.44565,453.39124
13720,429.03622,430.13528,451.45535
13721,427.35944,424.74478,449.90543
13722,425.72855,419.78668,448.55783
13723,425.21375,419.23395,446.63702
13724,424.7857,418.77664,444.78006
13725,424.2352,418.27325,443.18726
13726,423.652,417.76062,441.7276
13727,423.1996,417.37344,440.18115
13728,423.1216,417.529,439.21512
13729,421.6441,413.64407,438.38562
13730,420.16852,409.8448,437.54193
13731,418.12772,402.52524,436.79987
13732,418.4476,403.54617,437.1592
13733,417.59793,402.67236,435.9725
13734,416.52573,401.12518,434.88498
13735,415.82553,400.5723,433.5596
13736,415.45844,400.37918,432.00766
13737,414.01804,396.98285,431.1486
13738,412.97864,395.58356,430.096
13739,412.4312,395.2513,428.66623
13740,423.21277,412.16498,448.43878
13741,422.70993,411.68356,446.6308
13742,421.09155,407.0965,445.45416
13743,421.24997,407.58942,444.46765
13744,427.3495,417.36053,454.82462
13745,434.47156,428.4284,466.93234
13746,442.01483,439.9575,477.79236
13747,440.79727,438.3183,469.3837
13748,439.61374,435.309,464.59973
13749,437.19196,428.15918,460.53058
13750,436.3637,427.37674,457.04266
13751,434.78958,423.76013,454.67398
13752,433.2274,420.17355,452.73294
13753,432.4437,419.49316,450.9108
13754,432.2126,419.68307,449.64212
13755,430.18787,413.14297,448.36316
13756,429.75342,412.88986,446.43985
13757,428.75662,411.828,444.96463
13758,427.38715,409.27917,443.7455
13759,425.9195,406.22336,442.58972
13760,426.1313,407.04822,441.98444
13761,425.71472,406.82962,440.22586
13762,427.67462,410.3108,442.85004
13763,429.79553,414.1574,446.1453
13764,427.9583,408.8625,445.03064
13765,426.04266,403.22537,443.9382
13766,424.29868,398.77618,442.76144
13767,423.26352,397.69043,441.21024
13768,422.32266,396.8477,439.64322
13769,420.83832,393.7713,438.4998
13770,420.53143,393.9858,437.73853
13771,426.3917,403.73843,448.57602
13772,426.42776,404.31808,447.44424
13773,432.8714,414.57983,458.8647
13774,433.6509,416.00934,459.08167
13775,433.3426,415.92584,456.45316
13776,435.78296,420.25378,460.1235
13777,435.57086,420.17288,458.32184
13778,435.06235,419.8124,455.40103
13779,435.16232,420.56628,454.5242
13780,436.05475,422.46146,454.6487
13781,436.38123,423.48203,453.66425
13782,439.74442,429.2945,458.8131
13783,444.30942,436.96106,465.21268
13784,443.43762,436.21194,460.87796
13785,443.92694,437.70447,459.1774
13786,442.6755,436.21024,455.62064
13787,440.64078,430.1316,453.11914
13788,439.49432,428.79425,450.9909
13789,438.12027,426.2783,449.37372
13790,437.13095,424.4552,448.59134
13791,436.69238,424.3977,446.95538
13792,434.34167,417.35648,446.0464
13793,432.1767,410.44983,444.99554
13794,430.49582,406.5514,443.83444
13795,428.3865,400.20456,442.79056
13796,426.39706,394.74304,441.6592
13797,424.566,390.32336,440.41458
13798,423.05884,387.6805,438.98654
13799,421.95483,386.59662,437.3165
13800,420.7812,385.28967,435.74762
13801,420.12387,385.02948,433.79608
13802,419.996,385.35587,432.21716
13803,419.47586,385.19473,430.19336
13804,419.1332,385.3624,428.79968
13805,418.38718,385.00717,427.41272
13806,417.60806,382.78528,428.0406
13807,416.884,382.38168,427.154
13808,416.08078,381.93286,425.66275
13809,414.39383,378.14032,424.67084
13810,412.74844,374.63327,423.61365
13811,414.1271,376.87396,427.4332
13812,413.648,376.79285,425.49203
13813,413.04474,376.65414,424.31262
13814,413.41913,377.96365,424.40762
13815,412.45667,377.1854,423.04324
13816,411.1564,375.27444,421.8936
13817,410.95193,375.6976,421.05832
13818,411.32452,376.66522,420.8895
13819,414.18848,381.41544,425.89703
13820,415.32755,383.80084,427.14584
13821,415.80713,385.29648,427.9152
13822,416.12924,386.53748,428.61462
13823,414.97287,385.08798,427.43365
13824,417.0317,389.00555,431.09918
13825,416.1161,388.24518,429.74258
13826,415.56332,387.23993,430.07782
13827,414.423,385.7995,428.85718
13828,412.9342,382.76584,427.7985
13829,412.27127,382.43726,426.17123
13830,411.93777,382.3871,424.25848
13831,410.46115,379.4036,423.2698
13832,409.26147,377.74356,422.1348
13833,408.14502,376.3915,420.9591
13834,412.2768,383.50845,428.47464
13835,410.9387,381.18585,427.32123
13836,409.67688,379.2192,426.11795
13837,408.59412,377.9016,424.8728
13838,407.28677,375.72006,423.69998
13839,406.71075,375.50247,422.12305
13840,405.74527,374.50217,420.94876
13841,404.4122,372.1678,419.84558
13842,403.2877,370.25546,419.04794
13843,404.59372,372.73682,420.09705
13844,404.0771,372.53613,418.32297
13845,403.15436,371.71747,417.04987
13846,402.894,372.00244,416.72244
13847,401.51923,369.39127,415.7215
13848,401.08298,369.24524,413.9197
13849,400.79388,369.468,413.0317
13850,400.02335,368.9593,411.85336
13851,399.40094,368.67505,410.49435
13852,398.8752,368.48367,409.07245
13853,398.6771,368.5652,407.50418
13854,402.028,374.076,412.8868
13855,402.03146,374.48898,411.80182
13856,401.66373,374.3799,410.25113
13857,400.64407,373.1955,409.3517
13858,399.64938,372.08698,408.44434
13859,402.01154,376.19098,412.0005
13860,402.84058,377.7245,413.3273
13861,402.90433,378.20593,412.40662
13862,402.0664,377.5149,411.43387
13863,401.1193,376.51657,410.53397
13864,400.172,375.50943,409.64108
13865,399.16736,374.30237,408.7805
13866,398.5153,373.94733,407.71567
13867,399.4039,375.6119,408.71674
13868,405.39133,385.19324,419.03436
13869,405.3884,385.68576,418.5025
13870,404.61978,385.0635,417.52634
13871,403.95258,384.56412,416.8473
13872,403.07645,383.68228,415.90558
13873,402.47568,383.34186,414.7841
13874,401.88077,383.00974,413.68884
13875,401.24048,382.61725,412.66147
13876,400.4506,381.93887,411.75803
13877,399.7312,381.40747,410.8256
13878,398.96985,380.78458,409.93597
13879,398.2186,380.17923,409.05426
13880,397.42886,379.47937,408.20758
13881,396.8597,379.17224,407.2243
13882,396.48584,379.0213,406.0469
13883,395.83514,378.59842,405.21378
13884,395.67737,378.72375,404.3071
13885,395.33554,378.59525,403.1747
13886,394.93008,378.44086,402.16605
13887,394.3316,378.1022,401.3567
13888,394.23938,378.23944,400.43948
13889,394.57037,379.0129,400.50412
13890,397.2264,383.33557,405.3862
13891,396.8832,383.34058,404.8141
13892,396.3554,383.07053,403.97598
13893,395.85623,382.83,403.13275
13894,395.48535,382.68253,402.1786
13895,394.87924,382.30905,401.4495
13896,394.58344,382.19388,400.429
13897,394.8329,383.0856,400.92743
13898,394.4426,382.9301,400.06613
13899,394.19824,382.83014,399.00998
13900,398.31424,389.44513,406.26746
13901,398.09787,389.32172,405.64978
13902,397.8478,389.19553,404.56924
13903,397.5867,389.07312,403.5432
13904,397.07336,388.80185,402.82788
13905,396.60037,388.57132,402.096
13906,396.1218,388.33542,401.382
13907,395.86505,388.22223,400.4306
13908,395.38867,387.99167,399.74707
13909,395.1343,387.8841,398.83313
13910,394.8379,387.76877,398.00705
13911,394.34332,387.52353,397.3802
13912,394.05243,387.41278,396.5785
13913,396.75974,391.822,401.49298
13914,396.3314,391.619,400.80728
13915,396.0738,391.50003,399.94287
13916,397.61624,394.1009,402.6863
13917,397.237,393.94562,402.039
13918,397.00308,393.90067,401.351
13919,396.7096,393.7659,400.56763
13920,396.4846,393.65176,399.8118
13921,396.1336,393.49918,399.12482
13922,395.99982,393.49564,398.86026
13923,396.32776,394.3319,399.28772
13924,397.37704,396.40897,401.41995
13925,397.0303,396.24487,400.7374
13926,396.6649,396.07233,400.0845
13927,396.31097,395.9076,399.43277
13928,409.4521,416.5876,423.78354
13929,409.25827,416.5278,423.46686
13930,408.776,416.04065,422.70853
13931,412.70276,422.153,430.08624
13932,421.2204,435.27615,445.86923
13933,420.84653,434.2717,444.42017
13934,420.3479,433.26755,443.02402
13935,419.97812,432.42374,441.65613
13936,425.9255,441.34348,452.6463
13937,425.31772,439.94388,450.28754
13938,424.804,438.8022,448.2168
13939,424.46533,437.938,446.78622
13940,424.09396,437.0902,445.441
13941,423.68616,436.29175,443.81628
13942,429.40073,445.02176,453.72052
13943,428.90735,443.92398,450.96667
13944,433.48892,450.7993,458.17813
13945,435.53714,453.76044,459.1738
13946,434.73373,452.46,454.58383
13947,434.08325,451.51392,451.10962
13948,433.4728,450.72394,448.3984
13949,433.52,450.97073,447.21893
13950,440.99548,462.80148,460.22787
13951,440.08386,461.78867,454.7527
13952,441.7984,464.8092,455.32846
13953,440.9422,464.06055,450.62488
13954,440.05295,463.27417,447.2032
13955,439.7918,463.3612,445.12076
13956,439.11133,462.84836,442.7611
13957,438.4018,462.2894,440.97693
13958,437.86035,461.91058,439.25278
13959,437.3658,461.5737,437.73413
13960,442.83743,470.47955,447.4958
13961,443.0656,471.30566,445.92786
13962,442.3778,470.8788,442.94165
13963,441.6481,470.42194,440.48523
13964,441.03455,470.06314,438.4392
13965,440.434,469.71344,436.71967
13966,450.74677,486.2066,455.40756
13967,452.93958,491.4703,456.24606
13968,450.47833,490.50897,449.4422
13969,448.78183,489.74088,443.97253
13970,447.5095,489.14548,439.78568
13971,446.43414,488.5915,436.58804
13972,445.5728,488.20663,434.0603
13973,444.74884,487.79276,432.0159
13974,443.95282,487.35178,430.31723
13975,443.1368,486.80414,428.88126
13976,442.3147,486.1702,427.64655
13977,441.63312,485.7697,426.5496
13978,440.84238,485.09723,425.5893
13979,442.23434,487.85022,428.47476
13980,446.28497,494.7715,435.93958
13981,445.16232,494.0223,433.13934
13982,444.30115,493.5939,430.90158
13983,443.546,493.23135,429.05347
13984,442.80695,492.84125,427.51825
13985,444.49948,495.70627,430.02814
13986,444.11603,495.528,428.40253
13987,446.42926,499.55942,432.0234
13988,450.19736,505.99918,437.78375
13989,448.54218,505.1431,433.59753
13990,447.29697,504.58176,430.44702
13991,446.10965,503.78226,427.94675
13992,445.08533,503.12692,425.9468
13993,447.234,507.3332,429.8362
13994,448.03162,509.3158,430.03244
13995,447.16937,508.91614,427.22687
13996,446.24368,508.53784,425.02643
13997,445.11594,507.55295,423.19528
13998,444.28366,507.15143,421.67395
13999,443.24698,505.98633,420.38794
14000,442.19382,504.48026,419.3027
14001,441.43817,503.95078,418.36575
14002,440.69025,503.37766,417.5298
14003,439.75784,501.99295,416.80096
14004,440.18066,503.1377,418.2634
14005,439.28735,501.96246,417.4816
14006,438.34213,500.39108,416.7948
14007,437.5739,499.5325,416.1831
14008,436.81555,498.651,415.6268
14009,435.99463,497.44595,415.12244
14010,435.9436,497.75165,415.76358
14011,437.2545,500.22745,418.69476
14012,436.51553,499.4311,418.00357
14013,443.66382,510.9571,431.6993
14014,442.32962,509.89218,428.58646
14015,440.93753,507.6547,426.19476
14016,439.93732,505.66907,424.89792
14017,443.50464,511.56528,431.85065
14018,441.92517,509.36383,428.67908
14019,440.8051,508.39368,426.3017
14020,440.51794,508.68814,425.55573
14021,439.59885,507.92365,423.80997
14022,439.07935,507.66058,423.02405
14023,438.19128,506.77133,421.63998
14024,436.96838,503.61423,420.48145
14025,436.08414,502.35434,419.54892
14026,435.02252,499.8333,418.74783
14027,440.4399,508.491,429.48593
14028,439.60294,507.9638,427.22873
14029,438.69586,507.2105,425.28806
14030,437.71176,505.84088,423.78442
14031,436.6027,503.69745,422.43207
14032,435.9171,503.09518,421.3045
14033,438.24762,506.89746,425.46237
14034,437.37653,505.99292,423.9204
14035,451.2175,527.6171,449.16632
14036,446.20078,525.9414,441.96994
14037,442.60773,522.0368,435.79398
14038,439.88058,517.32294,430.99908
14039,438.05484,513.482,427.65558
14040,436.90167,512.06964,425.27808
14041,435.4174,508.06183,423.42612
14042,434.68158,507.2533,422.17456
14043,433.7984,505.72174,421.1076
14044,432.5497,501.76968,420.10596
14045,431.48987,498.8318,419.31924
14046,430.76785,497.76663,418.65018
14047,430.23035,496.534,418.62744
14048,429.40067,494.86337,418.06204
14049,433.379,501.17007,426.04077
14050,432.8862,500.64413,425.0059
14051,431.3402,495.67465,423.83813
14052,429.8765,490.70474,422.97073
14053,428.78625,486.43707,422.53842
14054,431.75604,491.18793,428.42157
14055,430.57077,487.50488,427.27762
14056,430.00235,486.7588,426.313
14057,429.43295,486.0061,425.452
14058,429.32886,485.96936,425.5155
14059,428.46698,484.18033,424.77332
14060,427.7323,482.92163,424.10916
14061,426.6767,479.681,423.5354
14062,425.48325,475.19684,423.05127
14063,429.34097,481.2425,430.8516
14064,429.04074,477.82303,431.75278
14065,427.78983,473.36295,430.7999
14066,426.76105,470.61392,430.01343
14067,425.38724,465.23328,429.3626
14068,424.85562,464.49164,428.7103
14069,430.06113,472.58093,438.4626
14070,429.4563,471.5936,436.86288
14071,428.85046,470.63797,435.50174
14072,427.97876,468.90735,434.3794
14073,427.3073,467.8349,433.37033
14074,426.35245,465.6117,432.5194
14075,427.21976,466.62213,434.90332
14076,426.71286,465.7359,434.28357
14077,426.16193,464.70856,433.74603
14078,425.17734,462.26382,432.94434
14079,423.77408,456.59763,432.2803
14080,425.4865,459.24103,435.45856
14081,424.32098,455.67368,434.6696
14082,423.77313,454.8317,433.8389
14083,424.1151,455.3797,434.69968
14084,422.79718,450.62924,434.03183
14085,421.18466,444.29733,433.47156
14086,419.13275,437.06046,433.00208
14087,419.28845,437.36823,433.24637
14088,418.8909,436.86945,432.80566
14089,418.50345,436.30664,431.9549
14090,418.11624,435.76318,431.13068
14091,418.3071,436.1314,431.4049
14092,419.26437,437.6089,432.99545
14093,419.2119,437.611,433.43878
14094,433.9069,460.41092,460.75626
14095,431.5254,452.48386,455.8048
14096,430.7779,450.9864,452.25018
14097,429.97177,449.54578,449.58313
14098,429.04742,446.50677,448.3125
14099,430.2933,448.41113,449.75195
14100,428.3537,441.56345,447.90137
14101,426.2706,434.39417,446.5532
14102,424.19043,427.1416,445.4776
14103,422.8308,423.49527,444.3947
14104,421.24576,418.40894,443.4277
14105,421.19827,417.80814,444.39566
14106,419.9583,415.03177,443.29355
14107,418.69202,412.14572,442.22488
14108,417.52017,409.79,441.12805
14109,416.397,407.6864,440.02002
14110,415.2019,405.2563,438.9519
14111,417.70728,409.2094,443.03305
14112,424.95685,420.44928,455.91095
14113,426.31732,422.35486,456.88293
14114,425.49554,421.00916,454.42014
14115,424.26428,418.28625,452.55206
14116,423.06598,415.7727,450.8623
14117,422.21918,414.56042,449.07968
14118,422.70868,415.40756,450.02798
14119,421.85507,414.19357,448.31677
14120,421.18118,413.36807,446.55127
14121,419.37512,407.23938,445.4631
14122,417.69748,402.17325,444.31476
14123,415.93292,396.72076,443.15796
14124,414.14297,391.30057,441.94675
14125,412.52225,387.08267,440.5933
14126,411.47583,384.59796,439.82822
14127,410.33694,382.91183,438.10855
14128,409.98273,382.6004,436.23102
14129,409.4653,382.24304,433.89755
14130,408.1838,380.0025,432.4825
14131,407.12952,378.68002,430.92035
14132,405.88486,376.6178,429.51123
14133,404.62204,374.48364,428.11258
14134,404.19238,373.89114,428.04602
14135,403.11728,372.27603,426.78183
14136,401.66418,369.20547,425.46924
14137,400.43228,367.117,424.11533
14138,400.39352,367.58813,422.76807
14139,399.50674,366.73715,421.2857
14140,398.33716,365.03183,419.89578
14141,397.11823,362.79526,418.79742
14142,395.8305,360.58728,417.46292
14143,396.483,362.24643,418.44354
14144,396.11307,361.9152,418.3848
14145,397.72223,364.71155,421.915
14146,397.97455,365.568,420.91
14147,396.0054,359.4104,419.89175
14148,395.47775,359.1549,417.6078
14149,395.13858,359.003,415.2023
14150,396.78387,361.9069,416.67462
14151,397.0158,362.53928,416.13492
14152,396.65067,362.59402,414.65988
14153,396.03204,362.31436,413.3146
14154,395.29306,361.8473,411.8153
14155,395.48068,362.81253,412.12134
14156,394.56964,361.96405,410.8336
14157,393.93185,361.63586,409.33484
14158,393.55954,361.69315,408.19794
14159,398.12595,369.42645,416.78006
14160,397.52435,369.1132,415.3266
14161,396.33157,367.16882,414.24744
14162,395.11234,365.10657,413.17145
14163,393.8152,362.67242,412.11716
14164,397.92938,369.6274,419.99332
14165,400.00745,373.12296,422.57324
14166,400.8178,374.68094,422.62448
14167,400.02356,373.97986,421.2421
14168,401.12732,376.00995,421.80997
14169,401.46786,376.82404,421.22668
14170,400.5988,375.9709,419.9457
14171,399.49982,374.34998,418.8307
14172,398.02597,370.82547,417.8696
14173,396.70197,368.19125,416.80524
14174,395.2212,364.72015,415.77505
14175,396.5566,367.25226,417.08963
14176,396.55103,367.77774,416.24625
14177,396.1181,367.71982,415.19885
14178,395.2208,366.8063,413.96536
14179,394.83792,366.71176,412.37656
14180,400.17184,375.31064,420.90567
14181,399.4865,374.81903,419.44974
14182,399.44476,375.30203,418.9047
14183,399.0223,375.12152,417.33344
14184,399.12756,375.5416,416.59476
14185,399.58246,376.47162,416.80624
14186,404.34875,384.12946,424.65524
14187,404.87308,385.23236,424.36688
14188,405.3946,386.35526,424.1729
14189,404.97723,386.18497,422.85892
14190,412.85718,398.72818,436.52396
14191,413.0303,399.29333,435.94534
14192,412.8449,399.41916,435.38712
14193,412.21704,398.86,433.96033
14194,417.92932,408.00446,443.72083
14195,419.4302,410.1457,447.20767
14196,421.76822,413.78183,450.48474
14197,423.50275,416.45877,452.39795
14198,422.78745,415.4554,450.459
14199,421.53186,412.6974,448.95828
14200,421.69012,413.14896,448.76004
14201,420.12738,408.6409,447.4751
14202,419.59183,408.01474,445.44916
14203,421.03424,410.53986,447.45398
14204,419.69434,407.47598,446.12766
14205,421.3385,409.9727,449.6824
14206,420.892,409.29935,448.98807
14207,420.04156,407.52774,448.09854
14208,419.1159,406.21725,446.44003
14209,418.99203,406.29373,445.40768
14210,420.9706,409.64822,448.3465
14211,421.02396,409.92715,447.36194
14212,420.70343,409.51984,445.7902
14213,420.20145,408.9888,443.8534
14214,419.7094,408.50693,442.01892
14215,418.24127,404.78772,440.97104
14216,417.396,403.79364,439.71173
14217,417.20697,403.934,439.075
14218,416.81158,403.60684,437.30295
14219,415.328,399.8455,436.35327
14220,413.87195,396.3236,435.35693
14221,412.38672,392.69373,434.3337
14222,411.5928,391.9614,432.884
14223,411.20822,391.68777,430.8989
14224,410.8436,391.6577,429.87708
14225,410.0083,390.85568,428.64337
14226,409.13358,389.96152,427.44595
14227,407.8914,387.6641,426.45978
14228,407.56146,387.5374,426.43832
14229,407.0445,387.2415,424.95914
14230,405.60678,383.77072,424.1102
14231,405.00385,383.39606,422.66415
14232,404.576,383.17148,421.02097
14233,403.39795,381.19363,420.0655
14234,402.56314,380.4297,418.917
14235,401.8902,379.98166,417.6659
14236,401.6214,379.9076,416.0463
14237,401.0325,379.58334,414.8115
14238,400.5203,379.3523,413.5967
14239,399.74118,378.7161,412.589
14240,399.17355,378.42056,411.43332
14241,398.2909,377.5095,410.5319
14242,397.65628,377.12903,409.48053
14243,397.20645,376.9386,408.26794
14244,396.7923,376.77377,407.04788
14245,396.16718,376.4104,406.08426
14246,395.5618,376.07327,405.1278
14247,395.08588,375.87296,404.07663
14248,394.83914,375.7752,402.81625
14249,394.55637,375.6759,401.54944
14250,394.2928,375.58585,400.28656
14251,394.016,375.49777,399.09796
14252,397.03143,380.40176,404.46582
14253,398.4146,382.84726,406.27216
14254,399.15042,384.2649,407.00235
14255,398.5858,383.96512,406.14642
14256,398.2386,383.83282,405.08392
14257,397.68823,383.55167,404.26114
14258,397.4531,383.5046,403.1938
14259,400.98465,389.43137,409.56815
14260,400.58704,389.31775,408.80493
14261,411.60876,406.62357,428.92166
14262,411.32257,406.4123,427.7509
14263,414.09943,410.86115,432.5636
14264,416.09735,414.10532,435.59637
14265,440.4767,451.8947,480.7349
14266,445.3387,458.61746,484.62106
14267,446.80862,461.5687,483.4697
14268,445.41953,460.83923,477.01907
14269,443.2828,458.58267,468.31198
14270,441.74207,456.78348,461.2127
14271,440.57657,455.50214,455.84253
14272,439.69394,454.67413,451.81985
14273,438.78937,453.78116,448.80695
14274,437.74277,452.41568,446.48788
14275,436.54752,450.29932,444.64923
14276,442.61533,460.168,455.37354
14277,446.5379,466.81375,459.8819
14278,445.29422,466.0118,453.92004
14279,444.41516,465.51974,449.44827
14280,443.2822,464.40997,446.1232
14281,442.26987,463.4571,443.55054
14282,441.59778,463.06454,441.3807
14283,440.74142,462.34616,439.63864
14284,439.7957,461.31747,438.18094
14285,439.88834,462.05566,438.39404
14286,439.22192,461.62076,437.0176
14287,438.55563,461.17245,435.80093
14288,437.85074,460.64484,434.7234
14289,437.14868,460.10486,433.74792
14290,439.9465,464.96228,439.06326
14291,443.45682,470.98627,445.3672
14292,442.64117,470.47583,442.45773
14293,444.3106,473.74377,444.56305
14294,443.57233,473.34882,441.5339
14295,442.61102,472.53622,439.21686
14296,441.92026,472.14136,437.27017
14297,441.12552,471.55267,435.66324
14298,440.49792,471.19083,434.24185
14299,439.79163,470.69897,433.0191
14300,439.06714,470.1461,431.94052
14301,438.54382,469.87018,430.96167
14302,449.14377,486.7624,450.6262
14303,447.477,485.7422,445.2417
14304,446.12286,484.73703,441.17206
14305,445.086,484.11084,438.06784
14306,444.1277,483.46576,435.63495
14307,449.2357,491.82846,444.10596
14308,447.73035,490.86935,439.73743
14309,450.8521,496.85547,444.09042
14310,451.14334,498.65317,442.0473
14311,449.53043,497.92557,437.50555
14312,448.19467,497.17264,434.0535
14313,447.0749,496.54114,431.3831
14314,446.1362,496.07437,429.24384
14315,445.13788,495.3007,427.4962
14316,444.21832,494.59378,426.03485
14317,443.4926,494.21796,424.76865
14318,442.79947,493.82446,423.81863
14319,442.10535,493.41953,422.81808
14320,441.28928,492.66983,421.94223
14321,440.55002,492.08075,421.14853
14322,439.90976,491.66846,420.41937
14323,439.28094,491.25247,419.74927
14324,438.73843,490.95004,419.1192
14325,438.22574,490.67157,418.52792
14326,437.68906,490.35403,417.99362
14327,437.04132,489.72037,417.6401
14328,436.5063,489.37775,417.15222
14329,435.91898,488.92004,416.7437
14330,435.6407,488.95,416.7993
14331,435.02487,488.41776,416.37222
14332,434.524,488.08243,415.9551
14333,434.00436,487.70966,415.5607
14334,433.56363,487.44904,415.3039
14335,433.0046,486.98404,414.945
14336,436.61353,492.97076,422.19366
14337,437.40808,494.6596,423.92096
14338,437.0283,494.55585,423.32452
14339,437.66586,495.74622,424.28555
14340,437.0608,495.3066,423.23767
14341,436.37625,494.6994,422.31525
14342,435.76562,494.20355,421.4812
14343,435.0369,493.39545,420.7389
14344,434.43408,492.86313,420.05557
14345,433.83667,492.3196,419.42767
14346,433.6418,492.39023,419.54007
14347,433.16013,492.013,419.03366
14348,432.58884,491.4769,418.48117
14349,432.085,491.03952,417.95767
14350,431.55463,490.5495,417.47055
14351,431.02945,490.05594,417.01224
14352,436.89136,499.44012,428.39255
14353,436.56525,499.13898,427.09024
14354,435.71246,498.1291,425.6561
14355,434.8051,496.77026,424.44815
14356,434.1783,496.15588,423.4523
14357,433.55838,495.5311,422.54074
14358,432.9469,494.90146,421.70016
14359,432.3803,494.33096,420.9365
14360,432.20837,494.3497,421.01007
14361,431.4026,492.97705,420.35483
14362,430.7175,492.05338,419.7434
14363,435.33176,499.4367,428.61957
14364,434.7421,498.74527,426.96844
14365,433.89307,497.582,425.59842
14366,434.92648,499.20273,427.0745
14367,444.00305,513.2348,443.26764
14368,442.97458,513.2066,438.99658
14369,441.58636,512.21027,434.17252
14370,440.43277,511.3723,430.54007
14371,444.46286,518.36334,437.02737
14372,450.76306,529.58624,446.6904
14373,446.10626,528.0373,439.6314
14374,443.06204,526.4632,433.60986
14375,440.75513,523.91327,428.8786
14376,438.98825,521.30365,425.40164
14377,438.67252,521.33734,424.6476
14378,445.19733,532.21063,436.3823
14379,441.8884,528.6849,430.67673
14380,439.7575,526.11237,426.4013
14381,438.25446,524.5364,423.27164
14382,436.83813,522.10657,420.89703
14383,435.48343,518.88275,419.09872
14384,434.34363,516.4197,417.7331
14385,433.475,515.1751,416.63187
14386,432.79428,514.4241,415.68008
14387,431.91525,512.79254,414.85043
14388,431.03094,510.94724,414.13635
14389,430.31052,509.82782,413.51294
14390,429.68884,508.91888,413.0344
14391,435.10077,517.45,423.50677
14392,443.9424,531.2898,439.34494
14393,440.8845,529.47266,433.22635
14394,438.98148,528.0627,428.50967
14395,437.68887,526.38007,425.76105
14396,441.73877,533.3257,432.53458
14397,439.21106,530.8491,427.5263
14398,437.20645,527.4818,423.81027
14399,436.1811,525.451,422.07504
14400,434.61343,521.6945,419.9165
14401,432.92047,517.0413,418.333
14402,431.79224,513.9497,417.17786
14403,431.08286,512.98846,416.24435
14404,430.3131,511.6601,415.4699
14405,429.3583,509.118,414.7623
14406,428.51608,507.2017,414.16293
14407,427.86343,506.09555,413.67203
14408,427.23392,505.07706,413.18576
14409,426.6458,504.15707,412.74078
14410,425.86252,502.28415,412.34357
14411,425.4665,501.69168,412.2021
14412,424.7265,498.06393,412.47067
14413,423.60153,493.65656,412.16702
14414,422.2978,488.6405,411.91678
14415,425.7852,494.04535,419.12625
14416,426.1988,494.63675,420.33557
14417,425.71982,493.83643,419.71222
14418,425.53955,493.05505,420.2362
14419,424.30115,488.1236,419.80872
14420,422.88217,482.67657,419.38574
14421,422.0517,480.51877,419.01718
14422,424.56445,484.35477,424.04422
14423,423.66388,481.19272,423.6678
14424,422.7442,478.506,423.16025
14425,423.03717,478.60526,424.50876
14426,425.8644,482.36578,430.68427
14427,424.88907,479.19373,429.79544
14428,424.8914,476.30222,431.21954
14429,423.04938,469.6141,430.41547
14430,421.56714,463.58804,429.79572
14431,424.34494,467.7122,435.1439
14432,423.0897,462.82443,434.23267
14433,421.55157,456.56247,433.5158
14434,420.55478,453.7854,432.87036
14435,419.3987,449.91785,432.30124
14436,418.5044,447.7948,431.7339
14437,418.5567,447.77042,432.12396
14438,420.67426,450.8358,435.92703
14439,420.18445,449.85233,435.22543
14440,421.71643,451.99152,438.02
14441,421.50568,451.37927,437.5748
14442,420.17526,446.27338,436.82236
14443,418.7534,440.57614,436.16995
14444,417.4404,435.94846,435.55438
14445,416.43704,433.50412,434.89792
14446,415.75107,432.33295,434.14706
14447,414.68036,429.5428,433.53873
14448,413.9674,428.30402,432.87222
14449,414.08112,428.47357,433.24957
14450,417.14944,433.20294,439.2569
14451,416.55676,432.07504,438.2728
14452,421.23355,439.03702,446.50958
14453,421.61353,439.14914,446.72916
14454,422.29706,439.7595,447.54944
14455,420.7503,433.52762,446.28055
14456,420.88815,433.27902,446.75134
14457,421.21698,433.41382,446.5934
14458,420.49695,431.9743,445.2369
14459,419.96338,430.91992,443.8082
14460,419.0043,428.82617,442.73663
14461,417.9282,426.20712,441.76538
14462,417.37094,425.2651,440.54663
14463,416.90018,423.73618,440.74106
14464,416.31497,422.79297,439.57117
14465,416.02872,422.1658,438.56314
14466,415.42404,421.26962,437.48914
14467,414.9982,420.5992,436.2692
14468,414.0467,418.77435,435.45267
14469,413.1437,417.15872,434.6212
14470,413.6894,418.1292,435.78946
14471,412.1804,412.9141,435.11902
14472,410.25635,405.32556,434.48648
14473,409.38287,403.99026,433.44156
14474,408.94217,403.45273,432.00375
14475,408.28363,402.68994,430.85944
14476,407.4566,401.5496,429.8578
14477,409.84943,405.38696,433.52505
14478,409.18756,404.23428,433.08435
14479,408.7408,403.69852,431.7123
14480,407.11322,398.15924,430.9903
14481,405.62872,393.78558,430.16177
14482,403.9717,388.40906,429.32468
14483,403.3721,387.84268,427.80966
14484,402.44778,386.57523,426.62576
14485,401.1775,383.77133,425.62622
14486,400.5129,383.1545,424.26233
14487,399.58936,381.9254,423.09122
14488,398.36694,379.41293,422.08398
14489,397.3058,377.69052,420.97748
14490,396.21848,375.8632,419.8818
14491,394.257,368.95764,419.06714
14492,393.58353,368.4193,417.48257
14493,393.09113,368.09988,415.7083
14494,392.6602,367.9043,414.1864
14495,391.8575,367.144,412.90662
14496,391.5403,366.59686,413.2885
14497,391.091,366.41608,411.98947
14498,392.09152,368.1751,412.81317
14499,391.7379,367.9673,411.00488
14500,391.2305,367.683,409.558
14501,390.7125,367.39716,408.18
14502,390.52072,367.51938,407.04654
14503,389.82086,366.99457,405.94235
14504,389.29007,366.71085,404.70856
14505,395.77054,376.92453,416.32953
14506,396.67563,378.458,417.55112
14507,395.57373,376.4743,416.6446
14508,394.95145,375.99585,415.35132
14509,394.05286,374.88925,414.3044
14510,393.27188,373.9261,413.53738
14511,393.0232,373.14926,414.3158
14512,392.084,371.1259,413.88565
14513,392.35675,371.90625,414.83224
14514,394.5825,375.81006,419.04434
14515,393.9393,375.23685,417.661
14516,393.51083,374.90387,416.02914
14517,392.53366,373.46762,414.98383
14518,393.5669,375.52344,416.72742
14519,394.21466,376.8853,417.258
14520,393.74707,376.5234,415.7679
14521,393.3657,376.29163,414.40796
14522,393.21634,376.1884,413.47858
14523,393.2128,376.4471,412.47723
14524,392.93576,376.27957,410.96942
14525,392.45697,375.97968,409.73862
14526,391.18372,373.05237,409.00586
14527,391.0088,373.1599,409.26544
14528,390.91498,373.50906,409.03275
14529,389.6883,370.84897,408.2627
14530,388.61606,368.99503,407.42233
14531,389.59988,370.48474,410.27615
14532,391.38876,373.73053,413.63742
14533,393.7263,377.60724,416.97278
14534,393.7945,378.11923,417.02136
14535,392.6361,375.74878,416.10547
14536,391.86954,374.89877,414.98486
14537,391.41815,374.54504,413.51614
14538,390.9991,374.246,412.10992
14539,396.19846,382.44504,420.84668
14540,406.82162,398.93695,439.89255
14541,408.66287,401.5547,442.01163
14542,408.557,401.16843,440.70447
14543,408.05142,400.3031,439.0628
14544,407.99847,400.1894,438.20352
14545,407.64578,399.5068,436.43002
14546,406.81027,398.20282,435.1564
14547,405.47162,394.60358,434.16116
14548,404.97485,393.9996,433.15048
14549,403.39484,388.4135,432.4458
14550,403.1845,388.15256,430.6483
14551,402.89124,387.92862,429.22318
14552,402.48877,387.49893,427.38394
14553,401.98233,387.03503,425.8112
14554,409.56274,398.98724,438.8399
14555,409.26077,398.46265,437.27432
14556,408.22552,396.42123,436.21472
14557,406.7127,391.97824,435.20065
14558,405.40317,388.88895,434.04688
14559,404.90176,387.97162,433.73093
14560,403.6503,384.9191,432.71033
14561,402.91376,384.09467,431.06732
14562,402.79575,384.26373,430.36078
14563,408.46136,393.0793,440.18958
14564,419.00656,409.33835,458.738
14565,418.9759,408.7621,457.01047
14566,418.11188,406.98926,454.61
14567,417.13574,405.0486,452.50525
14568,416.72464,404.1373,450.40756
14569,416.0972,403.16595,448.18127
14570,415.17612,401.68915,446.4286
14571,413.9112,398.86932,444.97516
14572,417.2217,404.18698,450.5017
14573,417.71982,404.8295,450.11807
14574,418.70398,406.43692,451.2381
14575,418.41068,405.9199,449.14178
14576,417.60333,404.79013,447.27878
14577,416.92493,403.9408,445.3717
14578,415.81454,401.94025,443.93903
14579,414.44376,398.49545,442.76837
14580,413.03848,393.66574,442.19742
14581,415.34222,397.39127,445.1003
14582,419.2465,403.5161,451.24487
14583,419.6067,404.19498,450.4736
14584,418.89398,403.31223,448.333
14585,417.88126,401.77032,446.62354
14586,419.39453,404.2812,449.4823
14587,421.16177,407.2475,452.2554
14588,420.23526,405.8758,450.2766
14589,419.02588,403.51944,448.62634
14590,417.9784,401.8532,446.92862
14591,416.45618,397.8965,445.55365
14592,415.38443,396.18872,443.95883
14593,415.02676,395.82516,441.8848
14594,414.04895,394.53445,440.3103
14595,413.02908,393.12195,438.80997
14596,411.9209,391.39874,437.40012
14597,410.8422,389.7995,435.98825
14598,409.92667,388.7375,434.47913
14599,408.9822,387.60117,433.03168
14600,407.94037,386.15305,431.6832
14601,409.05243,388.32224,432.92725
14602,415.75446,398.82394,445.00494
14603,415.4961,398.4895,443.51675
14604,415.31772,398.4172,441.7604
14605,417.28143,401.81528,444.64264
14606,416.4009,400.7048,443.01605
14607,415.77808,400.08728,441.17664
14608,415.31348,399.6735,439.30817
14609,421.5796,409.44324,450.81046
14610,423.89835,412.9317,454.71286
14611,423.49533,412.22406,452.79608
14612,422.8681,411.4313,450.5206
14613,422.0533,410.40375,448.65768
14614,420.90976,408.36984,447.15286
14615,420.11642,407.44525,445.45566
14616,419.4268,406.7283,443.74155
14617,418.65298,405.89243,442.19846
14618,418.23685,405.47913,440.2315
14619,417.4842,404.73495,438.82452
14620,416.73837,404.01425,437.46204
14621,416.17453,403.5609,435.95895
14622,415.77808,403.26498,434.33795
14623,415.56436,403.29404,433.20413
14624,418.2523,407.6062,438.20624
14625,418.55133,408.18024,438.715
14626,418.22488,407.88245,437.37732
14627,417.9419,407.61835,436.4615
14628,417.56036,407.3064,434.8307
14629,417.19827,407.0247,433.3103
14630,417.03238,406.98962,432.62692
14631,417.47803,407.84412,433.5462
14632,425.7756,420.88965,448.73987
14633,425.45645,420.4199,447.76514
14634,425.32086,420.3394,446.6431
14635,426.9798,423.0295,449.0973
14636,434.39886,434.53455,462.65732
14637,448.11102,455.63617,485.7578
14638,455.00613,467.85797,494.65323
14639,449.45273,465.32162,486.89682
14640,446.87277,463.94022,480.40787
14641,444.36407,461.52264,472.1507
14642,444.16452,461.8437,467.19418
14643,442.8638,460.6231,459.90323
14644,441.55142,459.12393,454.5862
14645,440.5181,458.0933,450.63724
14646,439.53223,457.06076,447.65817
14647,438.90714,456.59192,445.15466
14648,437.98218,455.58817,443.23618
14649,437.01413,454.38742,441.64175
14650,436.38586,453.92856,440.2315
14651,435.89047,453.5889,438.83264
14652,435.15073,452.93115,437.69614
14653,434.70328,452.63193,436.51984
14654,434.34363,452.37,435.7137
14655,433.9121,452.09134,434.68445
14656,434.43927,453.27444,435.44778
14657,433.96625,452.96854,434.4565
14658,433.33533,452.4845,433.60922
14659,432.87723,452.1912,432.73474
14660,432.38168,451.8689,431.93225
14661,431.9858,451.61813,431.1123
14662,431.49307,451.2999,430.39124
14663,431.05136,451.0238,429.67648
14664,430.65997,450.781,428.96155
14665,430.26892,450.54062,428.2758
14666,429.862,450.31293,427.68433
14667,432.49847,454.768,432.69922
14668,432.41138,454.94562,432.54147
14669,432.08847,454.7572,431.9449
14670,431.81967,454.706,431.434
14671,434.93158,459.8846,437.2305
14672,434.33508,459.3968,436.06714
14673,433.71814,458.87735,435.02454
14674,433.2133,458.51398,434.14178
14675,432.76965,458.21213,433.29605
14676,432.1708,457.70807,432.46674
14677,431.72772,457.3728,431.62592
14678,431.2034,456.9639,430.87457
14679,430.6773,456.55087,430.16663
14680,430.1859,456.17606,429.48917
14681,438.28857,469.0162,444.56354
14682,443.76334,477.48993,453.19638
14683,442.96915,477.13644,448.58902
14684,441.96713,476.38635,444.5466
14685,441.13544,475.78812,441.44742
14686,440.33713,475.19022,439.01685
14687,439.68448,474.74677,437.00314
14688,439.09027,474.3531,435.2993
14689,438.4023,473.83588,433.8712
14690,437.72025,473.30518,432.62796
14691,437.14066,472.90427,431.50262
14692,436.39783,472.1976,430.53256
14693,435.71973,471.60977,429.6481
14694,435.13428,471.16733,428.82144
14695,434.5471,470.71216,428.0627
14696,433.95987,470.24646,427.35876
14697,437.16068,475.5013,433.3059
14698,437.23618,476.06448,433.21585
14699,436.5736,475.51486,431.97958
14700,435.84573,474.8106,430.90363
14701,438.44553,479.2548,435.71918
14702,437.80347,478.75873,434.02716
14703,437.20276,478.30066,432.57425
14704,436.63962,477.87677,431.30084
14705,436.0538,477.42157,430.1835
14706,435.34055,476.72192,429.21317
14707,434.85007,476.36072,428.31705
14708,435.53302,477.83533,429.81485
14709,434.91458,477.30215,428.85153
14710,434.5728,477.16394,428.27496
14711,435.25156,478.6026,429.6489
14712,434.5736,477.94196,428.69458
14713,433.88425,477.22983,427.83923
14714,433.12613,476.2963,427.0754
14715,432.42767,475.5075,426.37384
14716,431.85464,474.97406,425.70688
14717,431.36105,474.54596,425.06732
14718,430.96756,474.23196,424.50668
14719,432.3614,476.70435,427.3766
14720,431.68674,475.93542,426.65305
14721,431.13232,475.39572,425.96646
14722,430.61453,474.90277,425.32016
14723,430.14954,474.4725,424.7154
14724,429.50217,473.71066,424.1725
14725,428.85867,472.9424,423.6633
14726,430.67755,475.95404,427.19333
14727,430.0549,475.23172,426.49902
14728,429.4008,474.41867,425.86417
14729,428.70837,473.4789,425.28247
14730,428.1794,472.8994,424.71188
14731,427.55505,472.10455,424.2198
14732,426.8618,471.10895,423.74216
14733,426.23108,470.28284,423.2829
14734,425.73276,469.72107,422.82037
14735,425.2984,469.2392,422.3604
14736,435.31775,484.92346,441.31262
14737,434.47968,483.79938,438.46307
14738,433.85193,482.7195,436.92563
14739,432.94388,481.26007,435.05826
14740,432.0645,479.81766,433.52444
14741,432.45828,480.58615,433.98535
14742,432.96872,481.3065,434.25906
14743,432.425,480.62787,432.74542
14744,431.78204,479.82507,431.4906
14745,431.04944,478.7992,430.3981
14746,432.00604,480.46826,432.2339
14747,431.17023,479.1054,431.0614
14748,430.54248,478.30084,430.01688
14749,430.2721,478.0551,429.59134
14750,429.73486,477.3927,428.6831
14751,429.17532,476.6965,427.86572
14752,428.5686,475.90567,427.1297
14753,428.15512,475.38632,426.41644
14754,427.73206,474.8696,425.77112
14755,426.9824,473.62003,425.20786
14756,426.0672,471.52393,424.70676
14757,425.3742,470.441,424.22427
14758,424.46204,468.3065,423.79703
14759,423.9726,467.6788,423.46225
14760,423.89194,467.6879,423.71915
14761,423.2251,466.64374,423.30075
14762,422.3484,464.6487,422.9295
14763,421.7685,463.8309,422.53366
14764,420.91452,461.9395,422.19308
14765,420.04736,459.96924,421.86786
14766,419.06094,457.24515,421.5664
14767,418.28906,455.76666,421.24786
14768,417.76517,455.0564,420.88583
14769,416.93353,453.27402,420.58783
14770,416.40558,452.5498,420.23477
14771,415.98178,451.98337,419.85275
14772,428.89456,472.0214,444.13577
14773,428.4132,470.75812,441.93954
14774,428.1341,469.9556,440.62183
14775,427.72385,468.96155,439.54153
14776,426.92813,467.1827,438.17908
14777,426.19583,465.7405,436.89938
14778,431.35382,473.54416,446.4587
14779,435.11148,478.9955,451.74402
14780,433.6982,475.79056,447.19717
14781,432.387,472.44537,443.96588
14782,431.2476,469.76773,441.61142
14783,430.1553,467.1784,439.8016
14784,428.8572,463.0136,438.38672
14785,427.30792,457.16855,437.29953
14786,426.78348,456.42816,436.2406
14787,425.54156,452.59113,435.44394
14788,424.24527,448.36688,434.75452
14789,422.9491,444.2067,434.1366
14790,421.9947,442.27728,433.50458
14791,420.8794,439.44394,432.93103
14792,420.27206,438.67154,432.23007
14793,419.0607,435.21677,431.7118
14794,418.09232,433.26184,431.14935
14795,417.37067,432.2502,430.51767
14796,416.908,431.70184,429.76096
14797,416.45636,431.1739,429.0137
14798,415.85968,430.45828,428.37
14799,417.86008,433.73694,432.20724
14800,416.70563,430.6531,431.66824
14801,416.32257,430.1265,430.78683
14802,415.68997,429.0403,430.5612
14803,419.3242,434.6776,436.9795
14804,418.5869,433.47745,436.1676
14805,418.12094,432.77072,435.21988
14806,416.61508,426.36743,434.90842
14807,415.3106,422.46954,434.28503
14808,414.63037,421.54227,433.42975
14809,413.4569,418.5819,432.777
14810,415.37335,421.62265,435.94562
14811,418.29633,426.13733,440.85886
14812,417.529,424.85965,439.83023
14813,416.46814,422.46222,438.96378
14814,415.2192,419.0176,438.16895
14815,414.12997,416.56216,437.3186
14816,412.59845,411.3177,436.591
14817,411.25537,407.5404,435.77243
14818,410.8667,406.9867,434.2364
14819,410.09567,405.91705,433.2412
14820,409.76947,405.5421,431.9914
14821,409.23746,404.96124,430.7762
14822,409.2002,405.0296,429.95682
14823,408.91034,404.79428,428.94083
14824,407.7745,402.4054,428.1699
14825,406.28604,397.8648,427.4807
14826,405.69675,397.30472,426.30576
14827,405.26978,396.91577,424.96756
14828,404.83194,396.53912,423.6894
14829,404.35452,396.14853,422.50253
14830,403.54294,395.18393,421.61414
14831,406.16544,399.52173,425.9222
14832,410.89465,406.947,434.16077
14833,414.37018,412.50394,440.94467
14834,413.1295,409.34753,439.95734
14835,412.1481,407.52286,438.84286
14836,411.78128,406.91025,437.12225
14837,410.9355,405.6328,435.9933
14838,410.80237,405.586,435.28625
14839,417.5629,416.00192,447.45325
14840,417.02536,415.02844,445.6874
14841,416.17163,413.5344,444.31216
14842,415.16876,411.5628,443.0799
14843,413.8662,408.11124,442.00967
14844,413.06128,406.87637,440.6593
14845,415.80423,411.21786,445.2022
14846,421.61322,420.0131,455.16364
14847,425.15555,424.99255,460.38702
14848,431.14352,433.5177,469.95166
14849,430.9901,432.3207,464.91193
14850,430.43338,431.0228,461.22726
14851,437.67624,442.06107,472.21118
14852,436.87964,440.44122,465.77
14853,435.8634,438.91727,460.50323
14854,435.03137,437.86328,456.58652
14855,434.1036,436.676,453.66925
14856,434.45755,437.57446,453.09677
14857,433.46378,436.19812,450.88113
14858,432.7766,435.52887,448.80048
14859,431.95624,434.6413,447.086
14860,430.99826,433.37537,445.63406
14861,431.37848,434.3948,446.14713
14862,430.9967,434.1983,444.92703
14863,429.47855,429.96698,443.82874
14864,428.151,426.97977,442.7901
14865,426.4155,421.34207,441.90475
14866,424.5151,414.7751,441.07785
14867,422.62064,408.4877,440.23633
14868,423.4658,410.3214,441.9813
14869,422.11932,407.4674,440.95764
14870,420.5888,403.6888,439.93945
14871,418.3092,395.96194,439.07895
14872,416.37683,390.06555,438.0357
14873,415.7502,385.99365,439.53516
14874,415.1048,381.67755,441.07065
14875,413.42615,377.80362,439.4703
14876,411.95367,375.06583,437.71106
14877,410.66028,373.03958,435.93887
14878,409.39487,370.9005,434.38834
14879,408.7853,370.6113,431.8544
14880,412.43484,376.5933,437.5668
14881,412.09363,376.3939,435.81006
14882,412.2734,377.1186,434.4843
14883,411.23047,376.0467,432.6862
14884,412.91043,379.1306,434.0481
14885,411.45822,376.44104,432.5932
14886,409.74625,372.4042,431.23853
14887,408.94083,370.9701,430.76703
14888,408.60153,370.80908,430.5914
14889,408.5574,370.12952,431.82086
14890,407.51303,369.08246,429.89124
14891,405.80765,365.05322,428.49216
14892,405.81604,365.00427,429.35
14893,406.02646,366.03317,428.5462
14894,405.06125,365.2041,426.56885
14895,403.24542,360.68625,425.18466
14896,402.47095,360.2419,422.96176
14897,402.5905,360.8715,421.42328
14898,402.28738,360.82455,419.27765
14899,404.97607,365.3239,423.2785
14900,403.74063,363.66003,421.76117
14901,402.6113,362.0179,420.59512
14902,401.4306,359.9313,419.6353
14903,402.0913,361.69238,420.0844
14904,402.05295,362.04868,418.46667
14905,400.9732,360.90594,416.9691
14906,402.0305,363.28973,418.4226
14907,400.8943,361.93314,417.00574
14908,399.69443,360.33417,415.64792
14909,404.2751,368.0649,423.15808
14910,403.73425,367.94208,421.8914
14911,401.92642,363.1995,420.76724
14912,400.6298,360.4629,419.8814
14913,399.5678,357.86932,419.54764
14914,398.1844,355.54474,418.05606
14915,397.96484,355.7338,415.83197
14916,396.69302,353.89075,414.3786
14917,396.05707,353.62738,412.35513
14918,395.25684,353.14612,410.64154
14919,394.7605,353.1172,409.16626
14920,394.13733,352.8718,407.39667
14921,394.85278,354.40063,407.0209
14922,394.05145,353.83408,405.92743
14923,394.07376,354.56635,405.43314
14924,394.0852,354.87415,404.6861
14925,393.52808,354.68994,403.11948
14926,392.62393,353.9605,401.9367
14927,391.89853,353.5728,400.79193
14928,392.52112,355.18542,401.4452
14929,392.6328,356.04797,401.3617
14930,392.11923,355.93854,400.1369
14931,390.9712,354.3543,399.21106
14932,389.80084,352.67194,398.29007
14933,388.58316,350.7804,397.38113
14934,388.19354,350.85452,397.11194
14935,387.95203,351.04404,395.96262
14936,387.6885,351.35175,395.6244
14937,386.5641,349.8004,394.7322
14938,385.3583,347.8421,393.90494
14939,384.89636,347.82007,393.3918
14940,385.9504,349.92627,394.44583
14941,385.75906,349.9403,392.90884
14942,385.19626,349.73502,391.72153
14943,384.69348,349.58154,390.50833
14944,384.38394,349.52173,389.02863
14945,384.16022,349.47983,387.50412
14946,389.7886,358.5704,397.05676
14947,392.1679,362.68704,400.6512
14948,397.18222,370.8708,409.1078
14949,397.6341,372.07938,409.3226
14950,397.29694,371.96338,407.7633
14951,396.70486,371.68002,406.6283
14952,395.54657,369.80557,405.8398
14953,394.67938,368.99988,404.91354
14954,393.97864,368.55725,403.897
14955,394.6595,370.13745,404.72772
14956,396.85794,373.8445,407.86932
14957,395.96353,372.925,406.98273
14958,395.44193,372.6957,405.83603
14959,394.85382,372.39728,404.78818
14960,394.22882,372.04962,403.7985
14961,393.52863,371.57724,402.88547
14962,395.21155,374.64346,405.52808
14963,394.81653,374.51797,404.4006
14964,394.40268,374.36258,403.26236
14965,394.63538,375.04636,402.85696
14966,394.37436,374.95215,401.51813
14967,393.63855,374.3872,400.76245
14968,393.0033,374.01105,399.9381
14969,392.27847,373.4648,399.18054
14970,391.58188,372.97174,398.418
14971,390.93204,372.56107,397.64
14972,390.17154,371.9154,396.93268
14973,389.51407,371.48352,396.17926
14974,390.05005,372.889,397.37308
14975,391.05768,374.84958,398.8301
14976,392.55704,377.62573,401.37952
14977,393.13116,379.01218,402.37213
14978,392.60727,378.73563,401.52048
14979,392.15344,378.54794,400.7149
14980,391.98083,378.6373,399.93222
14981,391.66238,378.50897,398.91922
14982,392.7388,380.47855,400.34467
14983,393.68805,382.13968,402.01248
14984,393.41254,382.01443,400.939
14985,393.2765,382.01785,400.3738
14986,408.26962,405.41586,428.22046
14987,414.3557,414.8209,439.6586
14988,413.94427,414.13504,438.16174
14989,413.33798,413.30472,436.96176
14990,412.66382,412.38596,435.85297
14991,412.02005,411.5428,434.74673
14992,411.3772,410.72067,433.6659
14993,410.6813,409.81384,432.64825
14994,410.0582,409.0563,431.59457
14995,409.63956,408.54257,430.34656
14996,409.34503,408.11316,429.2804
14997,410.53787,409.97156,431.26062
14998,413.20648,414.0598,436.2021
14999,412.88873,413.50717,435.04166
15000,412.43826,412.91928,433.79593
15001,412.01236,412.37915,432.55704
15002,411.46707,411.75546,431.48984
15003,410.98087,411.21237,430.39017
15004,410.44345,410.63318,429.36945
15005,409.9745,410.1386,428.30444
15006,409.71698,409.76733,427.69492
15007,409.33466,409.36105,426.56357
15008,409.04868,409.01285,425.58847
15009,415.51797,419.11807,437.3229
15010,418.27713,423.28613,442.23035
15011,417.9547,422.59357,441.21442
15012,419.28662,424.52078,443.14932
15013,419.18057,424.27603,442.27048
15014,419.19885,424.27478,441.71863
15015,419.14612,424.2073,441.1389
15016,419.97812,425.35645,442.52783
15017,419.6125,424.69998,441.15012
15018,419.20886,424.074,439.74826
15019,418.88452,423.52676,438.76663
15020,418.5705,423.0113,437.88464
15021,421.90677,428.1358,444.0307
15022,421.82626,427.9247,443.18732
15023,421.47812,427.30814,442.0353
15024,422.37845,428.723,443.03516
15025,428.10995,437.67914,453.25946
15026,427.49472,436.59576,450.8584
15027,430.05975,440.332,454.96854
15028,434.78354,447.35934,462.38483
15029,443.48645,460.3555,475.52643
15030,453.755,476.66614,490.04257
15031,447.23566,472.925,480.94168
15032,443.8006,469.74585,472.5817
15033,442.97107,469.09592,466.9047
15034,443.7113,470.8816,464.00485
15035,443.18747,470.703,458.8419
15036,442.344,469.90518,453.50995
15037,441.4127,469.163,448.98438
15038,440.54907,468.45947,445.49493
15039,439.8678,467.94937,442.73663
15040,439.10373,467.3331,440.56754
15041,438.40085,466.78745,438.75665
15042,437.85904,466.411,437.15204
15043,437.2812,466.00674,435.77524
15044,441.34702,472.7112,442.98663
15045,447.59543,482.7389,453.16623
15046,446.93875,482.98654,448.71518
15047,445.88052,482.57596,444.33243
15048,444.90414,482.06708,440.70044
15049,444.10938,481.67664,437.8783
15050,446.6078,486.03113,441.31207
15051,446.29507,486.5116,439.07858
15052,446.08878,486.7301,437.03342
15053,448.33618,490.80612,439.88004
15054,447.37015,490.50143,436.60733
15055,446.4797,490.16043,434.05203
15056,445.69177,489.85983,431.94547
15057,449.13684,496.03354,437.96558
15058,452.6902,502.45068,442.7386
15059,451.2318,502.017,437.71317
15060,450.11258,501.90625,434.17484
15061,448.95663,501.5065,431.05637
15062,447.86642,500.97354,428.60745
15063,447.03894,500.64133,426.61404
15064,446.17233,500.22906,424.95612
15065,445.3231,499.75305,423.55008
15066,444.66217,499.4516,422.32306
15067,443.84674,498.89032,421.2557
15068,443.06516,498.34042,420.31198
15069,446.89072,504.9299,427.82007
15070,447.1791,506.42053,428.06717
15071,446.04056,505.64722,425.86023
15072,445.12375,505.1843,424.06024
15073,444.29785,504.7747,422.54507
15074,443.4659,504.2634,421.24982
15075,443.59155,505.198,421.72537
15076,442.78864,504.70053,420.51218
15077,441.93835,503.98746,419.45767
15078,441.0593,503.06305,418.53568
15079,440.40997,502.6739,417.74185
15080,441.0963,504.00287,418.94522
15081,441.12003,504.28226,418.74814
15082,442.31064,506.44296,420.8484
15083,451.6203,521.2577,437.9198
15084,462.998,541.6302,457.64893
15085,452.2575,539.3697,450.36508
15086,446.11603,538.7891,445.01624
15087,442.25714,538.2647,440.55685
15088,438.84357,536.0533,435.23663
15089,435.88385,532.1819,429.62408
15090,436.3717,533.50385,429.6753
15091,437.66812,536.16644,430.80954
15092,435.39487,533.5543,426.03244
15093,433.69647,530.97894,422.5111
15094,432.31537,528.4772,419.92883
15095,431.17776,526.39636,417.98596
15096,429.8208,522.42096,416.47012
15097,428.97678,520.84875,415.32468
15098,429.68756,521.75385,417.08694
15099,433.3543,527.37366,424.08
15100,432.19693,525.73376,421.47415
15101,431.39362,524.5198,419.8182
15102,432.12976,525.65906,421.16376
15103,438.32355,535.11835,432.00546
15104,437.48944,533.6893,430.47797
15105,435.3639,529.66876,426.71387
15106,433.54962,525.7723,423.3768
15107,432.36362,523.88715,421.012
15108,431.30023,521.99347,419.1807
15109,430.2432,519.60706,417.72745
15110,429.101,515.9994,416.57108
15111,428.0597,512.70996,415.67032
15112,437.6038,527.444,433.77026
15113,436.09634,525.9592,429.5917
15114,434.67255,524.3295,425.95508
15115,433.65588,523.0839,423.46713
15116,432.5712,521.48627,421.2649
15117,435.17822,525.6774,425.97775
15118,439.26416,532.23303,432.51987
15119,442.6461,538.8069,437.67172
15120,439.28073,536.7553,431.90414
15121,436.91605,534.7248,426.92355
15122,435.76004,533.72473,424.18695
15123,445.8339,549.83887,442.11057
15124,452.53986,566.7287,458.8086
15125,445.19492,566.41473,462.8284
15126,431.76346,543.7368,454.75522
15127,424.533,519.52423,447.0554
15128,422.23532,506.06903,440.83716
15129,420.57553,496.00504,436.90018
15130,419.51895,490.09552,434.5556
15131,418.56494,485.20258,432.94037
15132,421.53818,487.8874,438.12592
15133,426.59302,493.39157,446.2991
15134,425.3715,488.39664,442.0472
15135,424.6427,485.4461,439.0707
15136,424.4913,483.83362,437.6743
15137,423.71182,481.3314,435.81326
15138,422.72122,477.79678,434.37033
15139,421.5575,472.8553,433.2511
15140,421.02545,471.345,432.28152
15141,420.21735,468.99026,431.47806
15142,426.38177,477.95288,443.20166
15143,426.01413,475.89426,441.83487
15144,424.96466,472.43048,439.78043
15145,424.01392,469.5395,438.20206
15146,422.7667,464.48096,436.97083
15147,421.98184,462.479,435.94324
15148,421.99548,460.86697,436.99417
15149,422.4767,460.20288,438.7897
15150,421.83847,458.65482,437.66626
15151,421.33466,457.40778,436.61093
15152,421.50613,457.262,436.86163
15153,420.19067,451.89825,436.07135
15154,423.071,456.04254,441.46664
15155,423.0054,455.3423,440.7741
15156,422.18777,453.30026,439.6905
15157,421.03397,449.47687,438.7492
15158,421.65936,450.07367,439.59717
15159,422.7736,451.41547,441.29205
15160,421.80026,448.83463,440.22107
15161,420.7497,445.84866,439.29117
15162,419.81052,443.51688,438.42896
15163,419.01938,441.84058,437.5874
15164,418.08084,439.5592,436.83765
15165,416.93042,436.05298,436.1729
15166,415.52777,430.76385,435.5772
15167,414.70413,429.14783,434.84195
15168,413.6881,426.67664,434.1815
15169,415.15262,428.87082,436.82043
15170,415.39383,427.0449,439.00162
15171,414.99023,426.17545,437.79108
15172,414.14587,424.49722,436.94644
15173,413.05756,421.70273,436.20377
15174,411.65195,416.8656,435.53934
15175,410.17862,411.71558,434.86084
15176,408.69553,406.69366,434.14178
15177,407.1852,401.66895,433.37885
15178,406.83975,401.1145,431.7001
15179,405.43246,397.00827,430.88577
15180,404.1333,393.69424,429.98636
15181,402.7771,390.1038,429.06906
15182,401.48633,386.98627,428.08246
15183,400.0853,383.27057,427.10104
15184,398.5494,378.8025,426.11612
15185,397.27094,375.98926,424.95978
15186,396.599,375.34647,423.3324
15187,395.433,373.15387,422.13568
15188,399.76913,380.021,428.91837
15189,412.24527,399.34476,451.38846
15190,412.437,399.14218,450.33743
15191,412.85718,399.4162,449.62436
15192,421.4209,412.26666,464.72235
15193,421.11777,410.6544,462.2948
15194,419.50876,405.23898,459.75427
15195,418.71066,403.58255,457.0759
15196,421.78796,407.91864,461.6226
15197,421.73233,407.37772,459.39343
15198,421.3526,406.4769,456.91156
15199,426.91995,414.94437,465.54523
15200,428.85083,417.43002,466.9278
15201,429.31674,417.822,464.57562
15202,428.82544,416.9854,460.88705
15203,433.57825,424.27066,467.94128
15204,432.92157,423.18246,462.96008
15205,432.33163,422.38788,459.10825
15206,431.5152,421.44846,456.2372
15207,430.3487,419.27814,454.27417
15208,430.7842,420.18823,454.91177
15209,430.72534,420.0269,454.93417
15210,431.56934,421.69034,455.0959
15211,430.79205,420.90546,452.7259
15212,429.15735,416.56458,451.10556
15213,429.14743,413.76373,453.13702
15214,428.2698,412.849,451.06503
15215,427.57346,412.26422,449.02872
15216,426.7686,411.52948,447.23752
15217,425.32635,408.4275,445.93372
15218,423.5331,403.26868,444.7772
15219,422.5438,402.16248,443.2219
15220,425.45187,407.23166,448.51776
15221,425.95868,408.4373,448.23843
15222,424.47952,405.19238,446.84784
15223,422.4721,398.8404,445.65945
15224,420.7759,394.55606,444.31274
15225,419.31427,391.6507,442.82858
15226,418.72427,391.28915,440.5403
15227,418.34674,391.0644,438.76755
15228,417.64062,390.61893,436.90628
15229,417.84854,391.21912,436.85114
15230,422.8752,399.28848,445.71173
15231,422.50528,399.1474,443.52786
15232,423.9121,401.8021,444.88412
15233,422.97705,400.7875,443.45755
15234,424.01184,402.8389,444.09094
15235,424.1799,403.57382,443.24774
15236,431.2047,414.772,455.6207
15237,430.40488,414.03055,453.24893
15238,429.7942,413.55988,450.86075
15239,428.7939,412.42108,449.08008
15240,427.40054,409.29318,447.87897
15241,428.23502,410.70712,450.09125
15242,427.27792,409.6656,448.33377
15243,426.24286,408.16055,447.0471
15244,424.78354,405.07666,445.7093
15245,422.3852,397.30945,444.65927
15246,420.20813,389.75616,443.89377
15247,421.09772,391.78705,445.014
15248,421.2648,392.49774,443.7684
15249,420.81583,392.34064,441.51065
15250,420.127,391.91504,440.1231
15251,419.80475,392.08035,438.89258
15252,418.57245,390.30542,437.47787
15253,417.9383,389.96768,435.55334
15254,417.6741,390.02484,433.68817
15255,417.10117,389.7641,431.88467
15256,416.39978,389.37637,430.32965
15257,415.83463,389.13376,428.67474
15258,414.5371,387.0121,427.62363
15259,412.73322,382.12802,426.72464
15260,412.1967,381.9229,424.95645
15261,411.65207,381.74225,423.39133
15262,410.8482,381.21954,422.06955
15263,408.88486,375.42697,421.2532
15264,407.15347,371.1409,420.28687
15265,405.5353,367.57404,419.2202
15266,404.25494,365.70355,417.96472
15267,402.7001,362.52155,416.82578
15268,406.04932,368.0592,422.04803
15269,408.1251,371.79648,424.3812
15270,407.50967,371.5571,422.5575
15271,407.00333,371.4047,420.62677
15272,406.54868,371.2677,418.63373
15273,405.36713,369.7354,417.45093
15274,403.77582,366.24924,416.4382
15275,402.29947,363.4164,415.33798
15276,400.46365,358.66116,414.32687
15277,402.1224,360.4506,419.157
15278,400.76068,358.21417,417.7969
15279,399.4044,356.07312,416.37158
15280,399.0719,356.10004,414.05386
15281,400.4956,359.07846,416.56342
15282,402.11987,361.99994,418.09787
15283,401.6558,361.86115,415.8727
15284,408.11563,372.30463,426.2736
15285,409.16733,374.5875,428.37717
15286,407.8762,372.60608,426.957
15287,406.85385,371.58517,425.36694
15288,408.12802,374.0029,426.1305
15289,411.23395,379.17294,430.8279
15290,422.0053,396.1784,449.96307
15291,422.28876,396.81683,449.66583
15292,422.06622,396.65344,448.60275
15293,422.37576,397.67825,448.37137
15294,421.79688,397.32184,446.37567
15295,421.39175,397.0162,444.48834
15296,422.2272,398.877,445.20343
15297,421.55524,398.40894,443.24496
15298,419.80853,393.78033,442.02222
15299,417.8648,388.10873,440.81277
15300,416.20908,384.26477,439.40714
15301,414.52832,380.35266,437.96594
15302,413.85538,377.622,438.6066
15303,412.30417,374.54428,436.9266
15304,411.0103,372.6691,435.06726
15305,410.55975,372.63303,432.84137
15306,409.95514,372.38608,430.57388
15307,409.1751,371.91626,428.52896
15308,409.0911,372.1193,427.49466
15309,408.8298,372.00824,426.4432
15310,408.2127,371.75317,424.4517
15311,406.8414,369.47644,423.14923
15312,405.42932,367.015,421.85535
15313,404.2521,365.54944,420.42056
15314,403.12173,364.24042,418.97662
15315,402.781,364.14056,416.82327
15316,403.09067,365.00027,416.2056
15317,402.59622,364.98877,414.97507
15318,401.88998,364.65298,413.65182
15319,401.73453,365.16745,413.2555
15320,404.79102,370.38852,417.6695
15321,404.39597,370.2752,415.68887
15322,403.79474,370.04047,414.1586
15323,403.00443,369.54944,412.89175
15324,404.91058,373.1086,415.771
15325,404.65384,373.07498,414.33664
15326,404.9737,373.97333,413.7437
15327,406.83475,377.2333,416.2065
15328,407.18176,378.07462,416.43143
15329,406.17682,377.03098,415.4061
15330,405.32614,376.3881,414.30414
15331,404.5087,375.80997,413.2044
15332,403.70108,375.24606,412.12338
15333,402.87503,374.63742,411.07852
15334,402.1013,374.12915,410.02142
15335,401.65363,373.99496,408.6721
15336,401.2009,373.86053,407.38162
15337,400.60898,373.61533,406.29095
15338,401.4688,375.24908,407.35254
15339,400.55225,374.37604,406.50235
15340,399.76764,373.82162,405.59192
15341,398.89456,373.05084,404.744
15342,398.02457,372.28006,403.90405
15343,397.4137,371.9988,402.914
15344,396.7806,371.68668,401.96616
15345,396.07172,371.25308,401.09122
15346,395.42532,370.91626,400.1929
15347,394.85297,370.67206,399.25983
15348,394.3259,370.4731,398.31213
15349,393.68787,370.14032,397.4721
15350,393.04767,369.801,396.65048
15351,392.5077,369.58517,395.77414
15352,391.94946,369.34833,394.9324
15353,391.38812,369.10614,394.11157
15354,390.97443,368.9879,393.17822
15355,390.55148,368.8648,392.27985
15356,390.1076,368.7284,391.42526
15357,389.7153,368.62335,390.53946
15358,389.4317,368.56,389.52863
15359,389.20578,368.5097,388.434
15360,388.74423,368.39407,387.8089
15361,388.34067,368.28598,387.02493
15362,387.94135,368.18036,386.25494
15363,387.72757,368.13535,385.23407
15364,387.5401,368.13596,384.30185
15365,388.5884,370.01468,385.85413
15366,388.1997,369.9378,385.19568
15367,387.7806,369.81952,384.5126
15368,387.3722,369.7077,383.83447
15369,386.86826,369.51578,383.2354
15370,386.40237,369.3588,382.62247
15371,385.9437,369.20688,382.01523
15372,385.5074,369.07214,381.40323
15373,385.15237,368.98734,380.73737
15374,384.95468,368.9469,379.86816
15375,384.3705,368.64096,379.37192
15376,383.84113,368.4089,378.85608
15377,383.42447,368.28568,378.28232
15378,383.2066,368.243,377.50607
15379,385.17218,371.5151,380.93298
15380,385.00375,371.49017,380.34973
15381,384.6855,371.41696,379.70898
15382,384.39508,371.35406,379.05154
15383,384.19543,371.3118,378.27734
15384,383.9123,371.2528,377.6401
15385,383.65637,371.2018,376.9833
15386,398.4646,394.4135,404.23657
15387,398.15146,394.264,403.41266
15388,397.89484,394.14346,402.54718
15389,397.6491,394.0762,401.80817
15390,397.22537,393.87442,401.14603
15391,396.87982,393.7225,400.4264
15392,396.45465,393.52142,399.78955
15393,396.00348,393.29782,399.18137
15394,395.72534,393.17532,398.42114
15395,395.44815,393.11038,397.8155
15396,396.71637,395.30975,399.85547
15397,397.08224,396.06018,400.69843
15398,398.64954,398.7853,403.38638
15399,398.38168,398.6408,402.60443
15400,398.09692,398.49524,401.86188
15401,397.77014,398.33664,401.18204
15402,397.4678,398.1905,400.4886
15403,397.2145,398.06238,399.74655
15404,396.77087,397.83112,399.19528
15405,396.48068,397.6954,398.52438
15406,396.20456,397.56677,397.8496
15407,396.3468,398.0731,397.9286
15408,396.27618,398.1848,397.61005
15409,396.06055,398.07376,397.01535
15410,395.74835,397.93652,396.4155
15411,395.4887,397.81937,395.7694
15412,395.17923,397.68677,395.18753
15413,394.87732,397.55853,394.60788
15414,394.93652,397.9342,394.57346
15415,396.0901,400.0663,396.73358
15416,395.7637,399.91672,396.1788
15417,395.4752,399.78455,395.59793
15418,395.25244,399.6728,394.94867
15419,400.53787,408.1389,404.6788
15420,401.71695,410.2166,406.7512
15421,406.33704,417.27725,415.39523
15422,406.18402,417.19037,414.88132
15423,405.82034,416.87643,414.23834
15424,405.6327,416.73016,413.6381
15425,405.34506,416.46527,412.93863
15426,409.74863,423.30243,421.27325
15427,412.16055,426.96844,425.90372
15428,411.84467,426.51804,425.11035
15429,411.5177,426.07068,424.3218
15430,411.35083,425.84198,423.77768
15431,411.95557,426.7827,424.95697
15432,413.15213,428.56335,427.34485
15433,412.9816,428.3161,426.8111
15434,413.15137,428.5387,427.16763
15435,412.84106,428.06314,426.32852
15436,412.49564,427.5904,425.548
15437,412.16235,427.13925,424.7694
15438,415.9232,432.77155,431.85803
15439,415.81757,432.21506,431.66473
15440,415.6572,431.6695,431.42075
15441,415.34732,431.1184,430.59027
15442,414.9832,430.56494,429.73822
15443,416.15384,432.34674,431.66006
15444,416.47235,432.88724,432.24222
15445,416.1155,432.3053,431.34506
15446,415.7104,431.71695,430.52164
15447,415.40436,431.23315,429.69666
15448,415.4636,431.26993,429.84808
15449,416.3266,432.41696,431.55197
15450,420.5467,438.9013,439.12967
15451,420.1259,438.10892,438.02557
15452,419.7732,437.40005,436.92047
15453,419.36356,436.70053,435.91663
15454,418.87662,435.96387,435.0216
15455,419.2486,436.41986,435.64224
15456,418.82437,435.7513,434.70544
15457,418.4292,435.1293,433.7763
15458,418.0131,434.51743,432.89948
15459,417.5258,433.85947,432.1066
15460,417.1493,433.3095,431.24274
15461,416.71988,432.7411,430.4514
15462,416.44946,432.31287,429.79074
15463,419.54172,437.07767,435.58862
15464,424.23325,444.18063,444.39102
15465,425.2065,445.12936,445.76233
15466,425.70523,445.5638,446.0535
15467,425.4619,444.92523,444.67838
15468,424.8991,443.9436,443.20923
15469,424.5298,443.17508,442.0347
15470,424.09775,442.42102,440.71054
15471,423.69952,441.7358,439.4562
15472,423.27402,441.14957,438.7378
15473,425.39325,444.30133,442.6397
15474,424.89163,443.4982,441.31308
15475,424.36163,442.7192,440.25983
15476,431.68118,454.0303,453.4579
15477,431.45355,453.38422,450.81833
15478,431.09653,452.75284,448.9804
15479,430.95514,452.49045,447.41498
15480,435.95834,460.07953,455.80884
15481,435.38058,459.11545,452.04263
15482,434.70865,458.19016,448.69843
15483,433.90613,457.1476,446.18613
15484,432.74014,454.70874,444.26532
15485,432.19742,454.08212,442.4877
15486,431.3749,452.9788,441.07993
15487,430.6108,452.01843,439.8282
15488,429.97595,451.31973,438.65988
15489,429.84857,451.3156,438.0249
15490,428.95157,449.9137,437.09497
15491,428.25336,449.09607,436.18658
15492,427.6002,448.36813,435.32492
15493,429.79086,452.0056,439.3532
15494,432.92505,457.06946,444.9087
15495,432.42874,456.4302,442.9217
15496,431.92987,455.83847,441.23508
15497,431.205,454.9593,439.88162
15498,430.28558,453.4773,438.7425
15499,430.6491,454.19354,439.04205
15500,433.2656,458.4072,443.4606
15501,432.48083,457.40146,441.77286
15502,431.28976,454.60507,440.4266
15503,431.16425,454.59915,439.661
15504,430.0765,452.3295,438.58374
15505,429.1392,450.75436,437.60953
15506,428.3181,449.59,436.6994
15507,427.471,448.32275,435.868
15508,427.87173,448.91147,437.4771
15509,429.1132,450.92383,439.70093
15510,428.38153,449.76633,438.91464
15511,427.20404,446.82892,438.0182
15512,425.8639,442.76953,437.24228
15513,424.73862,440.17764,436.5029
15514,424.11578,439.4658,435.64883
15515,426.67844,443.50674,441.20068
15516,430.8238,449.92416,448.61688
15517,430.63416,449.1774,448.27335
15518,429.2468,445.09937,446.50305
15519,428.52313,444.07687,444.882
15520,432.6129,450.5516,452.18478
15521,435.10837,454.18802,455.36243
15522,435.73553,455.11447,454.16724
15523,439.3558,460.8735,459.09592
15524,444.1674,468.58096,464.34592
15525,442.76425,467.32407,457.33636
15526,440.8545,462.70953,452.2592
15527,438.60742,456.37158,448.82352
15528,436.9291,450.67157,447.68793
15529,434.97903,444.4555,445.89178
15530,433.64236,441.4291,444.46042
15531,433.09576,440.99796,442.91858
15532,432.78543,440.94998,441.9857
15533,432.92145,441.44098,441.92972
15534,432.34277,440.9611,441.19238
15535,430.82855,436.56708,440.26822
15536,429.52222,433.57895,439.40048
15537,428.18326,430.39627,438.5953
15538,427.3826,429.57828,437.65933
15539,427.27756,429.80414,438.11597
15540,435.88504,443.49536,453.81046
15541,435.06177,442.57693,451.08224
15542,433.3943,437.493,449.1374
15543,432.7495,436.89813,447.22278
15544,432.51782,436.8027,445.95874
15545,436.45956,443.17795,452.57114
15546,434.17508,436.24472,450.4399
15547,433.61218,435.75098,448.28256
15548,431.82806,429.94922,446.9047
15549,430.07736,424.47662,445.7335
15550,428.89157,422.46042,444.5188
15551,428.31534,422.03976,442.99802
15552,427.91458,421.7489,441.523
15553,426.32227,417.37067,440.6454
15554,424.52948,411.77698,439.81656
15555,423.97247,410.842,439.93915
15556,422.97787,409.12378,439.30585
15557,421.31232,404.51624,438.40808
15558,420.24472,403.10452,437.24863
15559,419.81204,402.85132,435.498
15560,419.2047,402.48215,434.08322
15561,418.46335,401.9327,432.84814
15562,418.0127,400.76654,433.53006
15563,416.99356,399.5091,432.45642
15564,416.66327,399.31696,431.14465
15565,415.3135,396.5858,430.25656
15566,413.90112,393.53616,429.36508
15567,412.59207,391.07208,428.40628
15568,412.26303,391.11404,428.21823
15569,410.2453,384.4706,427.43954
15570,408.59436,380.24667,426.46545
15571,407.17764,377.4255,425.34604
15572,406.02634,375.8436,424.07172
15573,406.35294,376.8818,423.61884
15574,406.7087,377.9051,423.05435
15575,405.92694,377.355,421.6781
15576,406.16254,378.02777,421.33295
15577,405.63626,377.88602,420.32254
15578,403.93805,373.36795,419.43942
15579,402.36163,369.66678,418.45306
15580,400.71564,365.63525,417.43823
15581,398.95898,361.0561,416.39896
15582,397.3946,357.65338,415.21762
15583,396.0901,355.5812,413.87338
15584,395.00037,354.3454,412.39957
15585,395.01764,355.0238,411.4472
15586,394.8419,355.29904,409.7936
15587,394.22226,355.04333,408.07312
15588,393.9245,355.25092,406.84097
15589,393.5263,355.2408,405.23422
15590,393.20773,355.2241,403.39102
15591,391.5862,351.35944,402.51514
15592,391.10562,351.22867,400.82272
15593,389.2633,346.1699,399.9967
15594,387.85208,343.56088,398.96335
15595,386.59396,341.67505,397.84143
15596,385.10892,338.62106,396.85696
15597,383.88925,336.9134,395.66998
15598,382.6212,334.9972,394.50702
15599,381.6336,334.08347,393.1839
15600,381.08075,333.91602,391.46918
15601,382.94037,337.19635,393.26416
15602,382.56357,337.12854,391.35037
15603,381.44955,335.7651,390.27277
15604,380.45236,334.78302,389.13986
15605,380.17038,334.73755,387.09164
15606,379.8981,334.69714,385.13113
15607,379.53223,334.6374,383.5218
15608,379.15063,334.57935,382.03616
15609,378.73404,334.50244,380.65765
15610,377.98502,333.9778,380.04593
15611,376.13443,328.03378,379.82666
15612,375.53986,327.847,378.64523
15613,375.3065,328.0157,377.42236
15614,374.92786,328.11224,376.49985
15615,377.02643,332.0672,380.3375
15616,381.27808,339.18414,387.5503
15617,382.78497,342.06528,389.62326
15618,384.14893,344.45374,391.2034
15619,384.61493,345.47937,390.9139
15620,384.3192,345.42773,389.2321
15621,383.96606,345.36392,387.7619
15622,383.74875,345.47348,386.4878
15623,386.64624,350.3064,390.7466
15624,386.59042,350.74078,390.035
15625,386.03876,350.5954,389.20853
15626,385.72195,350.5407,387.826
15627,385.0003,350.12692,386.93823
15628,384.10663,349.15173,386.38837
15629,384.45206,350.29584,386.8455
15630,389.39795,358.41052,395.42023
15631,389.00208,358.31702,394.16812
15632,388.5451,358.23325,393.19736
15633,387.92285,357.94467,392.24823
15634,391.58652,363.9565,398.10965
15635,393.2561,366.9725,400.5126
15636,392.20486,365.54602,399.75543
15637,390.86487,362.673,399.10193
15638,391.83124,364.7429,400.59747
15639,391.68243,364.87573,399.35437
15640,391.05753,364.56247,398.39536
15641,390.1083,363.48947,397.6114
15642,389.97424,363.93057,397.69217
15643,389.4374,363.7433,397.01144
15644,388.80234,363.161,396.78864
15645,391.6921,368.2536,402.63748
15646,390.74246,367.11368,401.81796
15647,389.9103,366.30295,401.00034
15648,389.30276,365.9693,399.9885
15649,389.2827,366.38876,399.4057
15650,389.72113,367.47427,399.56918
15651,389.82416,368.06055,399.19534
15652,389.0935,367.46796,398.47324
15653,389.77618,368.89023,399.0324
15654,390.68338,370.80618,400.48947
15655,390.0069,370.34058,399.63742
15656,389.81033,370.59976,399.3077
15657,388.99377,369.4401,398.97125
15658,387.88168,367.478,398.3213
15659,386.98764,366.43274,397.57925
15660,386.5508,366.3077,396.745
15661,386.14087,366.20966,395.91257
15662,385.5075,365.8049,395.07492
15663,385.153,365.6758,393.98206
15664,388.21542,370.84238,399.29108
15665,409.4864,403.9524,438.57288
15666,409.2291,403.51016,437.2445
15667,408.8696,402.89954,435.53442
15668,409.0548,403.20456,434.95367
15669,407.2805,396.66968,434.17383
15670,405.79877,392.35144,433.22375
15671,404.50623,389.3024,432.14377
15672,403.60052,388.0159,430.81696
15673,405.34424,391.0119,433.44226
15674,404.85928,390.46518,431.6415
15675,407.14438,394.2369,436.0713
15676,406.8212,393.7183,434.50262
15677,410.341,399.15927,440.30713
15678,415.04257,406.2497,448.84335
15679,432.03668,432.26038,479.3083
15680,430.30682,425.94034,471.55334
15681,428.30554,418.27588,466.4582
15682,426.67166,413.35333,462.89285
15683,425.41547,410.6561,459.9144
15684,424.43314,409.0474,457.203
15685,426.19922,411.78397,458.81952
15686,425.65717,411.05283,455.91327
15687,425.0529,410.32,453.19534
15688,424.71997,410.1274,451.80328
15689,423.511,407.9736,450.0831
15690,423.32315,407.8338,448.74384
15691,426.40213,412.68674,454.07397
15692,425.9969,412.15714,452.22717
15693,425.50293,411.6364,449.76233
15694,424.92218,411.10852,447.65396
15695,424.1927,410.4353,445.89108
15696,423.55978,409.91174,444.13132
15697,422.49094,408.39713,442.8209
15698,421.57852,407.37656,441.45566
15699,420.985,406.93265,439.85022
15700,420.51462,406.60397,438.1485
15701,419.6456,405.71777,436.93774
15702,419.13113,405.38367,435.42877
15703,419.02292,405.6125,434.45068
15704,419.56323,406.78244,434.62375
