,0,1,2
0,0.0,0.0,0.0
1,0.0,0.0,0.0
2,0.0,0.0,0.0
3,0.0,0.0,0.0
4,0.0,0.0,0.0
5,0.0,0.0,0.0
6,0.0,0.0,0.0
7,3.3301976e-31,2.4361483e-05,1.0253654e-35
8,3.3300135e-31,2.435979e-05,1.0249532e-35
9,3.329846e-31,2.4358143e-05,1.0245232e-35
10,6.368145e-30,0.00031848383,2.3577163e-34
11,5.511618e-29,0.0013474473,2.8867399e-33
12,5.5084997e-29,0.0013466185,2.8831929e-33
13,5.505407e-29,0.00134578,2.8796179e-33
14,5.501725e-29,0.0013447397,2.8751664e-33
15,5.498333e-29,0.0013437964,2.8711086e-33
16,5.4949797e-29,0.0013428627,2.867095e-33
17,7.815635e-29,0.0016541563,4.369195e-33
18,7.810283e-29,0.0016528779,4.3626636e-33
19,7.804834e-29,0.0016515787,4.355969e-33
20,7.7987897e-29,0.0016500946,4.3484107e-33
21,7.793157e-29,0.0016487428,4.3415212e-33
22,7.7870957e-29,0.0016472618,4.3339007e-33
23,7.7814774e-29,0.0016458997,4.3269723e-33
24,8.0846495e-29,0.0016822127,4.5263068e-33
25,8.0776307e-29,0.0016805049,4.5173576e-33
26,8.070587e-29,0.0016788035,4.5083636e-33
27,8.0643905e-29,0.0016773184,4.500618e-33
28,8.058615e-29,0.0016759512,4.4935858e-33
29,8.0529625e-29,0.0016746173,4.48665e-33
30,8.0463216e-29,0.0016730118,4.4782713e-33
31,9.069462e-29,0.0017925925,5.169032e-33
32,1.4824434e-28,0.0023693356,9.367316e-33
33,1.6000217e-28,0.0024712102,1.027111e-32
34,1.5980235e-28,0.0024676279,1.0243394e-32
35,1.5963742e-28,0.0024647044,1.0221116e-32
36,1.0119341e-27,0.006562563,9.898972e-32
37,1.0172661e-27,0.006573192,9.953565e-32
38,1.0154232e-27,0.006559755,9.920195e-32
39,1.0134673e-27,0.0065453625,9.884448e-32
40,3.80825e-27,0.012620719,5.1349096e-31
41,3.8112112e-27,0.012604789,5.13355e-31
42,3.8000766e-27,0.012563259,5.107197e-31
43,3.8601275e-27,0.012635163,5.200336e-31
44,3.8505352e-27,0.012594523,5.175724e-31
45,3.8383187e-27,0.012549258,5.1465235e-31
46,3.826948e-27,0.01250721,5.1195854e-31
47,5.377264e-26,0.043390807,1.4204698e-29
48,5.345817e-26,0.043112427,1.4075275e-29
49,5.54794e-25,0.12331912,2.725027e-28
50,1.242772e-24,0.17496866,7.5899893e-28
51,1.2265845e-24,0.17264612,7.4618456e-28
52,6.3761805e-24,0.35109088,6.084998e-27
53,7.488744e-24,0.3709555,7.470466e-27
54,1.1632679e-23,0.4418172,1.3107643e-26
55,1.1308882e-23,0.42978525,1.2667162e-26
56,1.10054174e-23,0.41851875,1.2258608e-26
57,8.768221e-22,2.5945144,3.320269e-24
58,1.9184718e-21,3.3543825,9.317624e-24
59,1.6500206e-20,7.261773,1.5283764e-22
60,1.1592642e-20,5.4457493,1.0594473e-22
61,8.8094356e-21,4.3212404,7.91497e-23
62,7.0255705e-21,3.5536623,6.1906724e-23
63,5.967375e-21,3.0193095,5.1773257e-23
64,5.31714e-21,2.6473162,4.578982e-23
65,4.511097e-21,2.2751157,3.769161e-23
66,6.1409978e-21,2.3959517,5.6639014e-23
67,5.2736314e-21,2.0799525,4.721501e-23
68,7.43406e-21,2.2852418,7.5146776e-23
69,6.3769522e-21,1.978494,6.2304146e-23
70,5.5516615e-21,1.7341813,5.245121e-23
71,4.8703817e-21,1.5281467,4.4382223e-23
72,4.3044036e-21,1.354127,3.777613e-23
73,3.879449e-21,1.2233201,3.305798e-23
74,3.6034475e-21,1.1406263,3.0328736e-23
75,3.5517746e-21,1.0829005,2.9825947e-23
76,3.2537428e-21,0.9766838,2.6325792e-23
77,1.0093013e-20,1.5398438,1.137549e-22
78,9.372954e-21,1.4197798,1.04445013e-22
79,1.4917805e-20,1.6726018,1.9310265e-22
80,1.3804113e-20,1.5189536,1.7558578e-22
81,1.1947873e-20,1.3156159,1.4422971e-22
82,1.0514109e-20,1.1575066,1.2106058e-22
83,9.412183e-21,1.035827,1.04084346e-22
84,8.363795e-21,0.9181429,8.8019604e-23
85,8.746416e-21,0.88925046,9.256017e-23
86,2.1208929e-20,1.2483386,2.8905754e-22
87,1.9285454e-20,1.1380512,2.5601788e-22
88,1.7348813e-20,1.0239745,2.2184988e-22
89,1.9155383e-20,1.0079705,2.4985608e-22
90,5.1006945e-20,1.46022,8.803871e-22
91,4.4253184e-20,1.2679601,7.250153e-22
92,3.8396257e-20,1.0984788,5.9342545e-22
93,3.4078358e-20,0.9737013,5.0202775e-22
94,3.0757706e-20,0.87791646,4.352236e-22
95,4.2874287e-20,0.96660364,6.645421e-22
96,7.9388494e-19,3.1854994,2.8849058e-20
97,1.4818929e-18,3.7987952,6.672135e-20
98,1.1506089e-18,3.020175,4.9100827e-20
99,9.480027e-19,2.5321662,3.896661e-20
100,7.761318e-19,2.0947137,3.0125524e-20
101,6.228746e-19,1.6857105,2.2208912e-20
102,5.0052275e-19,1.3509735,1.6195687e-20
103,4.2628704e-19,1.1489167,1.2890897e-20
104,3.858954e-19,1.0422555,1.1301214e-20
105,3.58582e-19,0.96908534,1.0302488e-20
106,3.27159e-19,0.8847886,9.100103e-21
107,2.7640773e-19,0.7413092,7.039606e-21
108,2.947094e-19,0.70312464,7.434121e-21
109,6.7782524e-19,0.9865117,2.1980842e-20
110,1.5518366e-18,1.331475,6.38075e-20
111,1.3990867e-18,1.2058854,5.58878e-20
112,1.4894291e-18,1.1643244,6.027284e-20
113,7.297357e-18,2.2131257,4.7751994e-19
114,1.2168031e-17,2.613064,9.517535e-19
115,1.0215187e-17,2.2167163,7.678354e-19
116,1.0018797e-17,2.0046632,7.5002627e-19
117,1.02424084e-17,1.9036127,7.831834e-19
118,1.5859218e-17,2.1704426,1.4033958e-18
119,1.4687781e-17,1.9372116,1.279514e-18
120,1.2229181e-17,1.6215796,9.995817e-19
121,1.0711877e-17,1.428763,8.419643e-19
122,4.614111e-17,2.544655,5.6619413e-18
123,4.105189e-17,2.308576,5.039372e-18
124,3.651444e-17,2.087149,4.4504923e-18
125,2.9690024e-17,1.7062247,3.357883e-18
126,4.1030382e-17,1.8637516,5.1814986e-18
127,4.604271e-17,1.8747336,6.148138e-18
128,4.1579937e-17,1.7135642,5.4949786e-18
129,4.023482e-17,1.621233,5.366295e-18
130,3.5435355e-17,1.4369712,4.562677e-18
131,1.09484256e-16,2.2271533,1.9940641e-17
132,3.4481848e-16,3.4026515,9.03051e-17
133,2.4526368e-16,2.4541664,5.678161e-17
134,1.8866073e-16,1.8997519,3.951522e-17
135,1.4409151e-16,1.4477663,2.6709963e-17
136,1.2494064e-16,1.2481363,2.1898962e-17
137,1.0879225e-16,1.0822178,1.8007408e-17
138,1.2402067e-15,2.8224409,4.1795247e-16
139,2.5894524e-15,3.5291493,1.1109834e-15
140,1.9970477e-15,2.7858777,8.0314785e-16
141,3.3763087e-15,3.1983507,1.623532e-15
142,3.1059932e-15,2.8227537,1.4960729e-15
143,2.544958e-15,2.354808,1.1708584e-15
144,2.3066918e-15,2.1162148,1.0519462e-15
145,1.9753994e-15,1.8339466,8.67157e-16
146,1.6985539e-15,1.5373454,7.0015934e-16
147,2.1007935e-15,1.5842791,9.261628e-16
148,1.6548009e-15,1.244468,6.534228e-16
149,2.3502441e-15,1.3683617,1.0302862e-15
150,2.1947583e-15,1.2618475,9.469025e-16
151,1.677411e-15,0.95486546,6.2906347e-16
152,1.3683863e-15,0.7715138,4.6109165e-16
153,1.1469517e-15,0.6405867,3.515775e-16
154,9.316245e-16,0.5136279,2.5355516e-16
155,7.406028e-16,0.40149167,1.7571e-16
156,6.5677643e-16,0.35352325,1.4561608e-16
157,7.884185e-16,0.36406246,1.8119013e-16
158,6.502692e-16,0.29575896,1.3288631e-16
159,5.3346553e-16,0.23863383,9.6381934e-17
160,1.2301918e-15,0.32383424,2.7864022e-16
161,9.917127e-16,0.25647768,1.9649051e-16
162,8.069593e-16,0.20503479,1.4042704e-16
163,7.0266095e-16,0.17651989,1.1218773e-16
164,1.5208789e-15,0.23533036,3.001766e-16
165,3.2185513e-15,0.31840262,7.9211583e-16
166,2.6294768e-15,0.25603363,5.712126e-16
167,2.3402294e-15,0.21842606,4.654144e-16
168,2.0872681e-15,0.19323017,3.8726902e-16
169,2.7719596e-15,0.20462817,5.4351023e-16
170,2.3825768e-15,0.17375675,4.2502297e-16
171,1.8340046e-15,0.13063934,2.7624918e-16
172,3.496389e-14,0.4169398,1.2249015e-14
173,2.775975e-14,0.32268608,8.41001e-15
174,2.4051085e-14,0.27715364,6.692454e-15
175,2.1878576e-14,0.24921754,5.7454825e-15
176,2.534946e-14,0.24210733,6.666081e-15
177,2.2286589e-14,0.21095496,5.4199042e-15
178,1.5939816e-13,0.46788964,6.9457725e-14
179,2.4862507e-13,0.52717483,1.2086995e-13
180,3.4029168e-13,0.577231,1.8014481e-13
181,3.723151e-11,3.728035,7.947553e-11
182,3.168865e-11,2.8239408,6.259142e-11
183,2.1470303e-11,1.9427016,3.584521e-11
184,1.842368e-11,1.6965059,2.9528935e-11
185,1.5639554e-11,1.4526787,2.366415e-11
186,1.473237e-11,1.3107303,2.1705736e-11
187,1.27513165e-11,1.1151397,1.7552583e-11
188,9.308268e-12,0.7541866,1.03914e-11
189,6.2281595e-12,0.49747363,5.4807816e-12
190,5.195419e-12,0.41242468,4.1238553e-12
191,4.6030554e-12,0.36457506,3.4193555e-12
192,1.2425779e-11,0.53194904,1.2344325e-11
193,1.5984936e-11,0.5358433,1.6477635e-11
194,2.4526716e-11,0.6080486,2.8353887e-11
195,1.8304117e-11,0.44536376,1.7744351e-11
196,1.3110299e-11,0.31509444,1.0380277e-11
197,1.0012875e-11,0.237414,6.7169412e-12
198,7.6911e-12,0.18106344,4.3850704e-12
199,6.098361e-12,0.14316802,3.0137939e-12
200,5.009775e-12,0.118308365,2.1974965e-12
201,3.939868e-12,0.091727905,1.4829885e-12
202,4.7097005e-12,0.09402595,1.826387e-12
203,6.3942697e-12,0.1037593,2.6850965e-12
204,1.1294081e-11,0.12914556,5.598778e-12
205,1.0114669e-11,0.115185395,4.6864418e-12
206,8.06356e-12,0.09067067,3.2351376e-12
207,6.876759e-12,0.07793519,2.5050342e-12
208,6.063834e-12,0.06789776,2.0339787e-12
209,1.2619152e-11,0.087795965,5.1709878e-12
210,1.5258541e-11,0.08801132,6.373919e-12
211,2.4605231e-11,0.09867304,1.1399238e-11
212,5.651631e-11,0.1282008,3.2387076e-11
213,8.707948e-10,0.36694777,1.108094e-09
214,1.0081467e-09,0.36122128,1.2983558e-09
215,8.371787e-10,0.30685177,9.743657e-10
216,7.041738e-10,0.26434237,7.458382e-10
217,6.000771e-10,0.23144324,5.83101e-10
218,5.203763e-10,0.20928283,4.712175e-10
219,4.4929335e-10,0.18531354,3.7553544e-10
220,3.9296447e-10,0.16752192,3.0626562e-10
221,4.2666015e-10,0.15616581,3.233545e-10
222,3.6331568e-10,0.13341074,2.4997357e-10
223,3.2317385e-10,0.122473836,2.0911893e-10
224,2.8537595e-10,0.11005675,1.72039e-10
225,2.5666147e-10,0.10256272,1.4664472e-10
226,2.310746e-10,0.095174514,1.2494379e-10
227,2.0928408e-10,0.08935215,1.0769136e-10
228,1.903312e-10,0.08462043,9.359764e-11
229,1.7286335e-10,0.07913149,8.082069e-11
230,1.5732e-10,0.07402056,6.9968184e-11
231,1.4418992e-10,0.07054647,6.152324e-11
232,1.2905603e-10,0.06356841,5.1509665e-11
233,1.1563491e-10,0.05724499,4.317347e-11
234,1.05582584e-10,0.05308131,3.741517e-11
235,9.5177054e-11,0.04806579,3.165742e-11
236,9.1192685e-11,0.045333676,2.9195618e-11
237,8.491062e-11,0.04383382,2.6303007e-11
238,7.632382e-11,0.03938642,2.2117952e-11
239,7.5832646e-11,0.038080946,2.1480597e-11
240,2.314646e-10,0.05757363,9.016678e-11
241,7.2303497e-10,0.08709456,3.8842998e-10
242,1.3737486e-09,0.10631329,8.684277e-10
243,1.2263766e-09,0.09448954,7.216835e-10
244,2.490412e-09,0.12099095,1.7750758e-09
245,2.2788866e-09,0.118362576,1.5796399e-09
246,2.0731081e-09,0.11642635,1.4024855e-09
247,1.9054593e-09,0.113590546,1.2519784e-09
248,1.7435939e-09,0.111620486,1.1171248e-09
249,1.5909996e-09,0.109965354,9.957665e-10
250,1.5212941e-09,0.10859247,9.340217e-10
251,3.7469405e-09,0.15072484,2.959305e-09
252,3.977224e-09,0.14977817,3.136745e-09
253,7.0570927e-09,0.17665945,6.4061045e-09
254,1.0295886e-08,0.19237575,1.0140632e-08
255,3.8396585e-08,0.30572796,5.455514e-08
256,3.5777003e-08,0.2794586,4.832285e-08
257,3.2695635e-08,0.2513388,4.1579185e-08
258,3.9053987e-08,0.25356925,5.085326e-08
259,3.419358e-08,0.24810845,4.3669377e-08
260,3.0453982e-08,0.24282895,3.8007578e-08
261,2.7684838e-08,0.22805655,3.3041495e-08
262,2.5123414e-08,0.20721075,2.8303267e-08
263,3.8085087e-08,0.24267967,4.818448e-08
264,3.4550567e-08,0.22129054,4.1333127e-08
265,9.731501e-08,0.32524037,1.5652792e-07
266,1.192197e-07,0.338498,1.9976945e-07
267,1.8107063e-07,0.37752575,3.3524572e-07
268,1.6349209e-07,0.3553776,2.9016496e-07
269,1.480543e-07,0.34023988,2.537187e-07
270,1.4025578e-07,0.33039466,2.3479109e-07
271,1.273859e-07,0.3174921,2.0623449e-07
272,1.1590701e-07,0.3052272,1.8151027e-07
273,1.8922545e-07,0.3603412,3.3820274e-07
274,1.770299e-07,0.3464866,3.0742638e-07
275,2.1191501e-07,0.3685928,3.8558716e-07
276,3.0869919e-07,0.40362972,6.1334555e-07
277,2.792089e-07,0.3806272,5.3268786e-07
278,2.7011797e-07,0.37750384,5.102307e-07
279,2.4378045e-07,0.3659236,4.4766895e-07
280,2.3852095e-07,0.36469266,4.350907e-07
281,2.168329e-07,0.34896815,3.8212707e-07
282,1.9554044e-07,0.3400974,3.3594938e-07
283,2.83875e-07,0.38143173,5.3679315e-07
284,2.916359e-07,0.3693884,5.452365e-07
285,1.0351135e-06,0.5901719,2.7903843e-06
286,1.029581e-06,0.55950654,2.718233e-06
287,9.197743e-07,0.5095347,2.3033347e-06
288,1.8938713e-06,0.6616524,5.8648384e-06
289,9.082316e-06,1.2007965,4.501434e-05
290,9.670789e-06,1.1750958,4.8765265e-05
291,8.25638e-06,1.0527984,3.939685e-05
292,7.118795e-06,0.96824604,3.246592e-05
293,6.2270624e-06,0.91574216,2.7554886e-05
294,7.008908e-06,0.9149469,3.1730837e-05
295,7.0620263e-06,0.8787192,3.168637e-05
296,2.880691e-05,1.4444559,0.00019431833
297,0.0002844824,3.3037257,0.0037727882
298,0.00025307553,2.8073223,0.003256213
299,0.0001894927,2.4291382,0.0023356338
300,0.0002034147,2.2467422,0.002537835
301,0.00015860875,1.9270418,0.0018535294
302,0.00012431153,1.7232666,0.0013968068
303,0.00029520303,2.3104284,0.0043074177
304,0.0003808605,2.3109004,0.005934056
305,0.00049856957,2.4176643,0.008535632
306,0.00037095678,1.9279097,0.005732346
307,0.00029922448,1.6670545,0.004331097
308,0.00024174184,1.3997062,0.0032136717
309,0.00018927403,1.1537662,0.0022715018
310,0.00015523579,1.0015111,0.001721378
311,0.00017833673,0.9709436,0.0019972262
312,0.00014549831,0.8450665,0.0015008027
313,0.00012803999,0.7820364,0.0012603274
314,0.00010354312,0.7209395,0.0009679526
315,8.462702e-05,0.66790414,0.0007526692
316,0.00013840533,0.7969908,0.0014160865
317,0.00015187392,0.7742344,0.0015543124
318,0.0001287239,0.7010405,0.0012361913
319,0.0001786055,0.76184905,0.0018530085
320,0.00017179837,0.6906662,0.0017038346
321,0.0001460649,0.59449667,0.0013292505
322,0.00017795895,0.6090898,0.0016743533
323,0.00022292916,0.6497457,0.0022154027
324,0.00018129582,0.60765195,0.0017226883
325,0.00015107679,0.52624726,0.0013148502
326,0.0001338948,0.4759379,0.0010940734
327,0.00011972007,0.43113747,0.0009196024
328,0.00011603375,0.41280943,0.0008659761
329,0.00010033148,0.38609058,0.0007096842
330,9.1869646e-05,0.3645078,0.0006224597
331,8.333632e-05,0.35993084,0.0005556407
332,7.0220995e-05,0.34601262,0.00045189098
333,0.00012259434,0.43798697,0.00093542394
334,0.00014731984,0.46810022,0.0011789458
335,0.00012692458,0.4275316,0.0009530967
336,0.00011052101,0.40292943,0.0007905627
337,8.9614645e-05,0.38532025,0.0006225504
338,8.793639e-05,0.35827404,0.0005876379
339,0.0024527237,1.3228033,0.04425953
340,0.0020740586,1.1327354,0.034687605
341,0.0017607871,1.0018454,0.027684228
342,0.0014273139,0.9140842,0.021216283
343,0.0017099741,0.96730256,0.026799725
344,0.0014047927,0.8572077,0.0204656
345,0.0011654584,0.8012253,0.016296305
346,0.00095761067,0.68819755,0.01224465
347,0.0009868158,0.69324887,0.012726193
348,0.001687911,0.82386094,0.025219278
349,0.0013844002,0.7067665,0.018913172
350,0.0011588105,0.6205997,0.014619928
351,0.0010417678,0.5793613,0.01255111
352,0.0009610477,0.5322115,0.0110144
353,0.0013357116,0.5735403,0.016438613
354,0.0013497556,0.55280584,0.016317246
355,0.0011361523,0.52280337,0.013131114
356,0.0012083522,0.50338733,0.0138072325
357,0.001085989,0.46716708,0.011857072
358,0.00094076263,0.45427164,0.010019336
359,0.0008033511,0.43208304,0.008185551
360,0.0006955897,0.40457502,0.006721894
361,0.0005975873,0.38690642,0.0055371686
362,0.0005150315,0.34516606,0.004432864
363,0.00048951746,0.33356157,0.004093111
364,0.0004225936,0.32270545,0.003408201
365,0.00036844725,0.31102127,0.0028574262
366,0.00032254113,0.29961625,0.0024042483
367,0.00028419818,0.2873295,0.002031213
368,0.00025097496,0.27612278,0.0017216989
369,0.00022051862,0.26798686,0.0014597015
370,0.00019582808,0.24954939,0.0012279046
371,0.00017492077,0.23706834,0.0010478414
372,0.00016698438,0.22294818,0.00096275075
373,0.00014852555,0.21795842,0.00082910724
374,0.00013313822,0.2115927,0.0007170614
375,0.00022311149,0.25204414,0.0013761455
376,0.000681039,0.38847318,0.0058437358
377,0.00059730205,0.37421054,0.0049365303
378,0.0005254513,0.36053666,0.0041824626
379,0.00046560031,0.33609462,0.003518278
380,0.00041463212,0.31908157,0.0029972154
381,0.00037022398,0.30414364,0.0025647236
382,0.00041963774,0.30753288,0.0029567422
383,0.00037547798,0.2955283,0.0025448448
384,0.00033697372,0.2831041,0.002194297
385,0.0003027275,0.26648298,0.0018810135
386,0.00027316267,0.25500035,0.0016306154
387,0.00024665022,0.24089696,0.001407636
388,0.00022364226,0.23107335,0.0012279005
389,0.00020696419,0.21661939,0.0010876277
390,0.000187431,0.20260614,0.00093865674
391,0.0001702712,0.19011128,0.00081392244
392,0.00015586145,0.1824855,0.00071773655
393,0.00014292225,0.17786641,0.00063791673
394,0.00013121543,0.1737022,0.00056820683
395,0.000120429475,0.16554719,0.0005013823
396,0.00011968972,0.1605923,0.0004884301
397,0.00016236455,0.18072605,0.0007234201
398,0.00015813566,0.17991821,0.0006949053
399,0.00014703939,0.17142259,0.0006239646
400,0.00013558469,0.16469646,0.00055533665
401,0.0005215987,0.27496544,0.003163488
402,0.0004789629,0.26653576,0.0028155462
403,0.00043786663,0.25551167,0.0024825244
404,0.0004003131,0.24287449,0.0021822636
405,0.0011318722,0.3643205,0.008398679
406,0.0010294856,0.34886992,0.0073712724
407,0.0009315756,0.32713994,0.006381897
408,0.0008576778,0.30825636,0.0056457417
409,0.00078798266,0.29176286,0.004995405
410,0.00073285075,0.27942342,0.004506184
411,0.00066883874,0.26354408,0.003945342
412,0.006436039,0.65220034,0.07485527
413,0.0056772614,0.6009042,0.06289651
414,0.043482974,1.3341097,0.8089992
415,0.074003264,1.5532731,1.4549913
416,0.05623971,1.2924031,1.0574362
417,0.21339801,2.0576727,3.7268786
418,0.17462316,1.6096702,3.0964537
419,0.19631036,1.4738729,3.3051324
420,0.13281439,1.0702817,2.250198
421,0.09873445,0.8609042,1.6185657
422,3.984191,3.9037433,8.282543
423,4.042937,3.9601798,8.259254
424,8.946448,6.836846,8.595313
425,4.3479433,6.796603,8.288718
426,1.8139125,4.4242334,7.6491284
427,0.8305915,2.5547724,6.3968716
428,0.47250775,1.5922363,4.89094
429,0.31029075,1.1206924,3.5968797
430,0.21681134,0.8362649,2.569109
431,0.25484982,0.8051673,2.860819
432,0.19000803,0.65294343,2.1176565
433,0.2408955,0.6641096,2.576635
434,0.18474978,0.5539301,1.9437419
435,0.1482461,0.4864666,1.5171463
436,0.123476826,0.439039,1.2219669
437,0.10543131,0.40420333,1.0080984
438,0.092005424,0.37233227,0.8468312
439,0.08303152,0.35096973,0.74233407
440,0.079432555,0.33928674,0.69566566
441,0.07283708,0.32535586,0.62099534
442,0.20979738,0.49233484,1.9999284
443,0.17614026,0.432982,1.6295595
444,0.2547405,0.4745232,2.3029087
445,0.21173924,0.41143668,1.8639228
446,0.17390685,0.36749122,1.4872528
447,0.14770474,0.33446515,1.2207404
448,0.12816916,0.30961153,1.0235599
449,0.11282164,0.2914968,0.872731
450,0.114554115,0.29068682,0.87813085
451,0.2576461,0.39811933,2.0818205
452,0.21073909,0.34851328,1.65337
453,0.17784342,0.3153787,1.3505595
454,0.18625292,0.31503582,1.396429
455,0.44488364,0.4378262,3.1543024
456,0.33709574,0.36478475,2.399943
457,0.2694889,0.31954923,1.8840309
458,0.22431657,0.28871205,1.5254714
459,0.19202416,0.26653075,1.2667254
460,0.25008586,0.2930199,1.6578676
461,3.174843,0.84933114,7.2172546
462,3.5323813,0.92478436,7.266138
463,2.0294392,0.771731,6.298951
464,1.2429664,0.5965487,5.0379634
465,0.824109,0.47208545,3.8164752
466,0.58454657,0.39388806,2.853299
467,0.43903348,0.34481424,2.1689467
468,0.35499522,0.31390238,1.7293818
469,0.30075267,0.29156578,1.4301869
470,0.26224908,0.27539927,1.2156351
471,0.23068114,0.26356736,1.0436279
472,0.19978692,0.25594798,0.8889666
473,0.21452393,0.27032956,0.9676502
474,0.44919673,0.3585949,2.1137104
475,0.8818669,0.4674994,3.6944523
476,0.6494501,0.3948018,2.8175697
477,0.5978185,0.3731303,2.5624297
478,2.1630569,0.61656386,5.770471
479,2.4055946,0.62492985,5.8825536
480,1.5250525,0.5244304,4.6506863
481,1.1947097,0.4686139,3.8983433
482,0.99301445,0.4267414,3.318247
483,1.2462705,0.4611701,3.8438551
484,0.96911037,0.41379723,3.1071572
485,0.72147703,0.36878294,2.3653798
486,0.57715327,0.3398097,1.8780961
487,1.9879745,0.57065547,4.9100513
488,1.3843373,0.47718585,3.8132374
489,1.0232793,0.41169074,2.9332004
490,0.7535683,0.3706056,2.2111168
491,0.9155931,0.40492678,2.6175973
492,0.8953736,0.3956254,2.513245
493,0.7204267,0.36037838,2.0037801
494,0.63730264,0.34166175,1.7419775
495,0.53068405,0.32649142,1.4287401
496,1.4185976,0.49900588,3.564564
497,3.1456587,0.72454286,5.6062593
498,1.8219159,0.65152454,4.1888137
499,1.1756003,0.568589,3.0200276
500,0.7997941,0.50538576,2.1601498
501,0.63352257,0.4720601,1.7099777
502,0.5169424,0.44802046,1.3838207
503,4.0729713,1.1622448,6.2468824
504,4.9356766,1.5625558,6.5820217
505,2.8485997,1.5358826,5.4077735
506,3.1767642,1.7622747,5.6307216
507,2.1378915,1.6258283,4.5834517
508,1.3728513,1.3943229,3.3624914
509,1.0246385,1.249738,2.6057875
510,0.7637022,1.1213889,1.9704123
511,0.6000135,1.0370559,1.5649157
512,0.668699,1.1035748,1.7679929
513,0.48986334,0.99851084,1.3094168
514,0.6295889,1.1262531,1.7314159
515,0.5245515,1.0567814,1.4333067
516,0.38044825,0.9621799,1.0519708
517,0.2962563,0.8928118,0.82021654
518,0.23862992,0.8384172,0.6598227
519,0.18927214,0.7876402,0.5244747
520,0.14871229,0.74149954,0.41421762
521,0.13159057,0.727916,0.36500925
522,0.15455475,0.79709345,0.45430464
523,0.12537348,0.7539571,0.36942428
524,0.102038294,0.71548057,0.30175537
525,0.22916484,1.0152153,0.8279766
526,0.1753411,0.93013227,0.63587904
527,0.1374204,0.8619005,0.49966747
528,0.11927503,0.8363619,0.43143144
529,0.24552378,1.1371634,1.0383393
530,0.45146686,1.4396114,2.0015533
531,0.3164165,1.2240429,1.4306748
532,0.25849286,1.1278754,1.1724833
533,0.21491122,1.0500543,0.9624483
534,0.26633218,1.1517413,1.2411913
535,0.21451291,1.0600308,0.9917032
536,0.1552909,0.9507513,0.72513276
537,2.3867347,3.0183756,6.375077
538,1.1774087,2.1769688,4.7959094
539,0.71984124,1.6393378,3.4442492
540,0.50965786,1.3380852,2.5517402
541,0.49618056,1.2801207,2.4857242
542,0.37202957,1.1030717,1.8788828
543,1.9703339,2.1625671,5.9136677
544,1.8899788,2.0285738,5.749068
545,1.615479,1.7987521,5.290781
546,13.922478,8.88425,8.230476
547,10.508938,16.24694,8.073371
548,4.1391573,15.327248,7.56734
549,1.3483365,8.392554,6.1346
550,0.60002786,4.802383,4.216161
551,0.3830694,3.3893456,3.036726
552,0.26414222,2.6201248,2.187031
553,0.16619831,2.1548243,1.4869435
554,0.10083387,1.7759978,0.9362507
555,0.08218438,1.6132139,0.751297
556,0.06955338,1.482213,0.6231543
557,0.16958076,2.059794,1.7149827
558,0.19504027,2.0643835,1.9807273
559,0.24770148,2.099444,2.4666655
560,0.15750876,1.6450667,1.6413418
561,0.09898662,1.3448285,1.0621946
562,0.07571477,1.2090734,0.80611104
563,0.05104464,1.0469192,0.5489738
564,0.03480315,0.92220664,0.3773033
565,0.023278203,0.8263914,0.25513044
566,0.019985387,0.8003668,0.21555488
567,0.023058554,0.8327118,0.25780326
568,0.029404376,0.8996162,0.34925848
569,0.04829446,1.0814184,0.64356905
570,0.04119268,0.9840392,0.5284858
571,0.034608252,0.92804456,0.43372178
572,0.0241404,0.8321934,0.30304775
573,0.02137465,0.7827075,0.25968492
574,0.0419137,0.99451965,0.59342587
575,0.04854777,1.0214329,0.70300174
576,0.07473833,1.1725883,1.1499604
577,0.15611108,1.4882632,2.4217262
578,1.7214352,3.557032,7.5675573
579,1.0631819,2.3386436,6.7864084
580,0.44236892,1.4150363,4.84323
581,0.2156187,0.9480785,2.99215
582,0.1197613,0.7192921,1.8085839
583,0.06920292,0.60392404,1.0903983
584,0.045717634,0.52259207,0.7213041
585,0.029331636,0.45591047,0.4638197
586,0.03208767,0.4708838,0.5139582
587,0.02694197,0.44017053,0.41307878
588,0.01881253,0.4016034,0.28572994
589,0.015212757,0.38364938,0.22433072
590,0.010702314,0.3540727,0.15599985
591,0.008079026,0.3348243,0.1152806
592,0.0058974223,0.3138959,0.08257055
593,0.0042097853,0.29246274,0.0578383
594,0.0033239385,0.2793133,0.04413367
595,0.0026710597,0.26735613,0.034150355
596,0.0019996348,0.25258476,0.024862282
597,0.0017036671,0.23110901,0.019731136
598,0.0014595353,0.21087757,0.015735868
599,0.0012521788,0.2004642,0.012809034
600,0.0010827914,0.18361415,0.010339129
601,0.0009870193,0.17694417,0.009050125
602,0.0007782526,0.17114736,0.0069586067
603,0.0006702502,0.15270981,0.005534744
604,0.000629441,0.1505061,0.005059116
605,0.0018900521,0.22881795,0.020842781
606,0.0057794447,0.34797168,0.08713022
607,0.0103297,0.41867396,0.17822024
608,0.008806055,0.3712956,0.14095654
609,0.016528377,0.47387335,0.30965728
610,0.010388286,0.41660738,0.19220176
611,0.006328604,0.36596435,0.115499415
612,0.0044066072,0.33303174,0.077570096
613,0.0029149298,0.2992872,0.049653403
614,0.0019073954,0.2680243,0.031328727
615,0.001470763,0.24881169,0.022949079
616,0.003157139,0.31558925,0.059078656
617,0.002916723,0.29177892,0.0515304
618,0.0049718567,0.34157696,0.09931906
619,0.0070816865,0.37558502,0.15229999
620,0.025141502,0.5882506,0.7147532
621,0.020365737,0.48782998,0.5275057
622,0.017399874,0.42641914,0.41938344
623,0.019134568,0.4116515,0.453652
624,0.011092267,0.35220754,0.2576772
625,0.0070129684,0.30719507,0.15614423
626,0.0054553375,0.26451042,0.1091684
627,0.004587188,0.23034313,0.08377645
628,0.0060079396,0.25499088,0.11689457
629,0.0049846265,0.22001675,0.08795415
630,0.012433343,0.30126876,0.27209264
631,0.013366138,0.28802943,0.28465724
632,0.018829165,0.30846295,0.4193873
633,0.014767648,0.27375406,0.3034797
634,0.011429007,0.2505424,0.22050989
635,0.009457716,0.23454718,0.17283987
636,0.007447033,0.21814553,0.12827852
637,0.00592947,0.2038743,0.0962821
638,0.008826077,0.2308476,0.1556287
639,0.0074025807,0.21614452,0.12313359
640,0.007967003,0.2248119,0.13447382
641,0.0114697395,0.25041196,0.20881644
642,0.009388009,0.2296097,0.15934713
643,0.007882083,0.22209723,0.12990075
644,0.0060959402,0.2093571,0.09605376
645,0.0052294503,0.20412712,0.08014118
646,0.004296234,0.19181782,0.062021453
647,0.0033092136,0.18191758,0.04585433
648,0.0044440827,0.1959773,0.064942054
649,0.0042385943,0.18186358,0.05880348
650,0.0140058035,0.28013763,0.26297188
651,0.01288902,0.2534766,0.22722973
652,0.010752789,0.22279784,0.17388427
653,0.021986945,0.2933694,0.42343482
654,0.10265406,0.53188384,2.3480794
655,0.09563626,0.46264362,2.1036577
656,0.0687423,0.36683545,1.4294901
657,0.051160246,0.3159077,1.0110842
658,0.037406877,0.2832152,0.71704346
659,0.03948392,0.278407,0.7428293
660,0.037285585,0.26428983,0.67687625
661,0.14657754,0.43270466,2.8046792
662,1.1391422,0.8621382,7.375588
663,0.68533033,0.53864425,6.2663302
664,0.30861446,0.33605278,4.2154474
665,0.28145462,0.27543455,3.7582934
666,0.17763968,0.2109263,2.5199575
667,0.10524274,0.17046164,1.5740216
668,0.2303716,0.23480606,3.2720733
669,0.27063504,0.22721928,3.5607631
670,0.30254105,0.20640366,3.6816075
671,0.20631202,0.160599,2.584664
672,0.1469138,0.13749851,1.8652446
673,0.118535176,0.12409019,1.4635074
674,0.0959103,0.11283112,1.1377449
675,0.078345016,0.10679935,0.90560365
676,0.09458419,0.1162722,1.1111686
677,0.07641056,0.10947105,0.871375
678,0.062447917,0.10645957,0.7104586
679,0.04211812,0.09764389,0.4807493
680,0.029585933,0.091754936,0.33752134
681,0.046475824,0.11761579,0.6098015
682,0.05254605,0.12557799,0.7013338
683,0.04316337,0.12095966,0.56159085
684,0.06020232,0.14239654,0.83662784
685,0.05902123,0.13684958,0.79511714
686,0.051868375,0.12749647,0.6664651
687,0.06377757,0.14028159,0.84387803
688,0.07594431,0.15544502,1.0413344
689,0.050434805,0.13884227,0.69180447
690,0.042898376,0.1285862,0.5578304
691,0.038459264,0.12425025,0.4829237
692,0.034997262,0.12051455,0.42488125
693,0.03377292,0.122543536,0.4069043
694,0.028064298,0.11975825,0.32913005
695,0.025463955,0.11968271,0.2929301
696,0.020215608,0.11789905,0.23468977
697,0.014902299,0.11300985,0.17134114
698,0.024288619,0.14701936,0.33010542
699,0.02803618,0.16252325,0.3998953
700,0.023850245,0.15439898,0.32445267
701,0.019905321,0.15001306,0.2621677
702,0.013629476,0.13961853,0.17820318
703,0.013557655,0.13544974,0.17250048
704,0.36581627,0.5030764,5.0487475
705,0.23437321,0.3362626,3.5786474
706,0.16190222,0.24553885,2.474758
707,0.109514706,0.20375626,1.6794667
708,0.11785877,0.20913808,1.8063929
709,0.090424985,0.18223631,1.3327706
710,0.06571571,0.16489159,0.9604345
711,0.054724034,0.14841597,0.7542211
712,0.053470075,0.15303111,0.74659044
713,0.08837272,0.17901506,1.2895712
714,0.07213613,0.15796253,0.99423856
715,0.06055409,0.14447369,0.7929796
716,0.053615384,0.14018165,0.6835226
717,0.050255444,0.13591917,0.6219564
718,0.0712074,0.1549169,0.92272866
719,0.07123344,0.15426853,0.9084851
720,0.054784406,0.14498715,0.685005
721,0.059350643,0.14678343,0.7373118
722,0.05132936,0.13337743,0.60284173
723,0.039906096,0.12852706,0.46800587
724,0.032431226,0.12519635,0.37228575
725,0.027896324,0.122691594,0.31062105
726,0.022993168,0.12081784,0.25098044
727,0.020507667,0.11463139,0.21368417
728,0.019658772,0.11660499,0.20291772
729,0.016147632,0.11550116,0.16406962
730,0.01366873,0.11504591,0.1361705
731,0.011689945,0.1147824,0.11404931
732,0.010186204,0.1145153,0.09702799
733,0.008893042,0.11435861,0.08273512
734,0.007600228,0.11439344,0.06937038
735,0.0068602697,0.11145552,0.06035844
736,0.00616245,0.11033833,0.052625783
737,0.0059646196,0.1070289,0.049540754
738,0.005170865,0.107557245,0.042179376
739,0.0045811087,0.107832514,0.036543522
740,0.007797262,0.13333191,0.071925156
741,0.023687731,0.2070592,0.29509345
742,0.020052774,0.20231774,0.24290493
743,0.017120412,0.19834909,0.20165192
744,0.015189949,0.1901926,0.17157443
745,0.013445032,0.18548442,0.14669627
746,0.011926088,0.18160623,0.1259172
747,0.013521961,0.18655093,0.1450854
748,0.011956162,0.18364798,0.124529734
749,0.010651718,0.18045464,0.10756457
750,0.009599158,0.17457289,0.09337706
751,0.008632072,0.17144147,0.081396125
752,0.007820138,0.16633178,0.071147986
753,0.007072348,0.16364524,0.062440675
754,0.006603633,0.15739754,0.056328613
755,0.0060232654,0.15094046,0.049406465
756,0.0055079106,0.14512211,0.043502245
757,0.0050419406,0.14263807,0.03866633
758,0.0045893267,0.14211471,0.034370016
759,0.004179094,0.1417641,0.030585088
760,0.0038457138,0.13806953,0.027256245
761,0.0038450097,0.136709,0.02690234
762,0.0051964424,0.15482783,0.039625105
763,0.005028294,0.15719128,0.03804427
764,0.0046532517,0.1508125,0.03400123
765,0.0042893155,0.14775072,0.03044123
766,0.016468357,0.24935359,0.17051046
767,0.0148904165,0.24438384,0.14988302
768,0.013480294,0.23718546,0.13132419
769,0.012253723,0.22839981,0.1152267
770,0.034221478,0.34267792,0.4198609
771,0.030237934,0.326515,0.3574092
772,0.026877979,0.3059901,0.30401993
773,0.024415312,0.28912938,0.26552102
774,0.021974893,0.27172485,0.22901435
775,0.020077555,0.25890768,0.20198351
776,0.018206896,0.24659267,0.17631073
777,0.17086123,0.60700566,2.36911
778,0.13055918,0.49340233,1.7486318
779,0.8519252,0.9911875,6.223981
780,1.0078155,0.88048375,6.3851585
781,0.5748395,0.59529006,4.8822937
782,1.6162825,0.78040075,6.9409485
783,1.1239167,0.5804619,6.0984206
784,1.0605025,0.4886098,5.784337
785,0.66165394,0.3559331,4.405362
786,0.4512769,0.2792413,3.2529988
787,9.396307,1.1887647,8.240666
788,9.291894,2.266402,8.223131
789,13.180115,7.022651,8.46436
790,8.931285,11.291261,8.256658
791,3.9722667,10.585525,7.8484178
792,1.4955425,6.420488,6.820163
793,0.7158857,3.7545145,5.2442975
794,0.42503107,2.5252018,3.7956314
795,0.28213707,1.8492546,2.6799939
796,0.32078514,1.762979,2.9373133
797,0.23080277,1.410628,2.1453848
798,0.28162032,1.4008791,2.5388398
799,0.21167393,1.1644526,1.9034244
800,0.16677766,1.0177516,1.4759142
801,0.13713036,0.9166203,1.1855348
802,0.1158624,0.84273076,0.9768876
803,0.10056263,0.77827835,0.82387584
804,0.08915638,0.725327,0.71123415
805,0.08477245,0.70109373,0.66740274
806,0.077343486,0.6728392,0.59746075
807,0.21938685,1.0071921,1.9154211
808,0.18117265,0.87770677,1.5429215
809,0.25807735,0.95367223,2.1737611
810,0.21367171,0.82983184,1.764143
811,0.17425467,0.7403261,1.4062029
812,0.14726506,0.6737313,1.1553843
813,0.12719274,0.6233342,0.9698102
814,0.111384675,0.58585835,0.8270302
815,0.112592965,0.5833912,0.8333982
816,0.2521472,0.7972732,1.993864
817,0.20491923,0.69636256,1.5808641
818,0.17187175,0.628246,1.2892271
819,0.17897615,0.6253901,1.3332955
820,0.4254284,0.8656455,3.0462568
821,0.3195848,0.7167211,2.3043795
822,0.25376037,0.624392,1.8020009
823,0.21005781,0.5614547,1.455316
824,0.17893136,0.51598716,1.2060469
825,0.2320646,0.5647271,1.5823398
826,2.970244,1.626202,7.159923
827,3.2495606,1.7006986,7.1986985
828,1.8163073,1.349908,6.1606903
829,1.0961598,1.0115001,4.8434844
830,0.7236493,0.7878339,3.6226027
831,0.5132058,0.651495,2.6917243
832,0.3856084,0.56651217,2.0414798
833,0.3117676,0.51288193,1.6270016
834,0.26389554,0.47396234,1.345195
835,0.22978325,0.44539896,1.1429381
836,0.20178106,0.4239953,0.98056465
837,0.17452365,0.40932044,0.83475643
838,0.18709368,0.42982987,0.9092883
839,0.39147663,0.56785506,2.0066142
840,0.77111465,0.735127,3.5662215
841,0.5667922,0.6131274,2.7055311
842,0.52177256,0.57411706,2.4619439
843,1.9111515,0.94150907,5.6927176
844,2.1250973,0.9258373,5.806822
845,1.3382878,0.75084025,4.547607
846,1.0490798,0.6576368,3.7997234
847,0.872937,0.5898639,3.2298934
848,1.0999762,0.6305163,3.7632537
849,0.8563448,0.55708593,3.036757
850,0.63909364,0.4909717,2.311151
851,0.5117344,0.44824228,1.8346672
852,1.7808268,0.74731094,4.865656
853,1.235436,0.61051846,3.7609723
854,0.91164386,0.51830053,2.8836548
855,0.6746374,0.46212542,2.1782453
856,0.8215089,0.50086474,2.584642
857,0.8032118,0.48412105,2.4807382
858,0.6456201,0.43645483,1.9748687
859,0.5708334,0.4103096,1.7155558
860,0.47634897,0.38936508,1.4088789
861,1.2804581,0.5911958,3.5362563
862,2.8752484,0.84527344,5.596052
863,1.655364,0.7351784,4.1640987
864,1.0662745,0.6289133,2.9943218
865,0.72521746,0.55153704,2.1391044
866,0.5775405,0.51247597,1.6994722
867,0.47338593,0.48437995,1.3797966
868,3.814706,1.2514707,6.265225
869,4.651381,1.6300209,6.600551
870,2.6629496,1.5491647,5.4149785
871,2.9844868,1.7411317,5.641121
872,2.0076787,1.5738534,4.591031
873,1.2909008,1.332443,3.3706694
874,0.9659166,1.1852232,2.6159935
875,0.72309256,1.0594354,1.9843506
876,0.56934786,0.97601914,1.5783378
877,0.6380634,1.0381291,1.788629
878,0.4682255,0.9363018,1.3265563
879,0.6047637,1.0560848,1.7574285
880,0.50582826,0.9900275,1.4587815
881,0.36737528,0.89940965,1.0719155
882,0.2865102,0.83350164,0.83664834
883,0.23269372,0.7860089,0.67785555
884,0.1847641,0.7378973,0.53914833
885,0.14534052,0.69440395,0.4261328
886,0.12913737,0.6830856,0.37677377
887,0.15207115,0.74882597,0.46955967
888,0.12437826,0.7119226,0.3846446
889,0.101998284,0.6788719,0.31632608
890,0.22945815,0.9640455,0.86560005
891,0.17549245,0.882023,0.664261
892,0.13843401,0.8205184,0.5248645
893,0.12042181,0.79699636,0.4537844
894,0.24802734,1.0836565,1.0869266
895,0.4556497,1.3696221,2.0766141
896,0.3201892,1.165015,1.4887108
897,0.26193687,1.0734211,1.2206603
898,0.2178023,0.99856865,1.0013931
899,0.2699659,1.09476,1.287521
900,0.21766278,1.0075903,1.0291275
901,0.15750808,0.90306985,0.75215334
902,2.4182217,2.8693032,6.428927
903,1.1964153,2.0775447,4.8717027
904,0.7317891,1.564967,3.5152369
905,0.51757425,1.2757071,2.607274
906,0.50369686,1.2196817,2.535595
907,0.37759694,1.0504911,1.9172814
908,1.9961522,2.0588129,5.951388
909,1.9177262,1.9380457,5.7882915
910,1.6407238,1.7235973,5.3324337
911,13.96247,8.539051,8.23531
912,10.616725,15.861369,8.079974
913,4.2754965,15.303015,7.5914483
914,1.3986758,8.484077,6.199754
915,0.6177291,4.8424907,4.2843375
916,0.3919112,3.40271,3.0840826
917,0.26919588,2.6226833,2.217803
918,0.16901344,2.153823,1.5063105
919,0.10241614,1.7738594,0.9478576
920,0.08340743,1.6104252,0.7600476
921,0.07055897,1.4793004,0.63015497
922,0.17197868,2.055597,1.7307501
923,0.19761358,2.0589328,1.9959824
924,0.2507902,2.0930383,2.4820964
925,0.15920632,1.6383511,1.6502857
926,0.10003231,1.3394744,1.0680779
927,0.07646536,1.2039444,0.8102013
928,0.051553924,1.042817,0.55186915
929,0.035154313,0.91894,0.37938604
930,0.023516169,0.82382643,0.25660938
931,0.020188909,0.79805875,0.21683593
932,0.023303391,0.83076304,0.25949746
933,0.029714724,0.89750534,0.3514836
934,0.048799478,1.0788484,0.64740247
935,0.041634247,0.982101,0.5318883
936,0.03497553,0.9263545,0.4365474
937,0.024368614,0.8302289,0.3047436
938,0.021584382,0.7812433,0.26129413
939,0.04234236,0.99319756,0.5973192
940,0.049053762,1.0204298,0.7077666
941,0.07552367,1.171747,1.1574689
942,0.15773095,1.4873415,2.4344196
943,1.7368519,3.5543044,7.571361
944,1.0730932,2.3415575,6.7942867
945,0.44637164,1.4179907,4.8557196
946,0.21742108,0.9499446,3.0023367
947,0.1207005,0.72060466,1.8151512
948,0.06972612,0.60506415,1.0944803
949,0.046012275,0.52328426,0.7234758
950,0.029524092,0.4566747,0.46537736
951,0.032307092,0.47189143,0.51595384
952,0.02713042,0.4412687,0.4148681
953,0.018929368,0.40247384,0.28682014
954,0.015305205,0.3845313,0.22521375
955,0.010760925,0.35481367,0.15655687
956,0.008120581,0.3355153,0.11568015
957,0.0059255883,0.31452554,0.08284417
958,0.0042283814,0.29303104,0.058020964
959,0.0033384142,0.27989563,0.044279657
960,0.002682666,0.26795885,0.034269977
961,0.00200795,0.25316125,0.024949087
962,0.001711252,0.23172408,0.019810477
963,0.0014664421,0.21151568,0.015807046
964,0.001258287,0.2011183,0.012871007
965,0.0010883283,0.18426958,0.010393562
966,0.0009922144,0.17761585,0.009100492
967,0.0007822094,0.17179367,0.0069968244
968,0.0006737997,0.15332738,0.00556724
969,0.00063282717,0.15113723,0.005089797
970,0.0019001532,0.22977251,0.020968175
971,0.0058099953,0.34940946,0.0876447
972,0.010385322,0.4204695,0.17929848
973,0.00885204,0.3728422,0.14178506
974,0.016614394,0.475873,0.3114549
975,0.010437025,0.4182345,0.19323786
976,0.0063578556,0.3674032,0.11612236
977,0.0044257147,0.33429423,0.07797237
978,0.0029267496,0.30038166,0.04990035
979,0.001914669,0.2689737,0.03147876
980,0.0014761877,0.24968185,0.023057153
981,0.0031688395,0.3167083,0.059359457
982,0.0029274423,0.29281616,0.051775545
983,0.0049898005,0.34277308,0.099781275
984,0.0071066134,0.37687325,0.15298778
985,0.025227234,0.59021527,0.7176664
986,0.0204293,0.48932898,0.52950704
987,0.017450605,0.42764977,0.42088136
988,0.01918732,0.41278037,0.45517084
989,0.011121464,0.35314378,0.2585204
990,0.0070299236,0.30796903,0.15662788
991,0.005468279,0.26517212,0.109504625
992,0.004597834,0.2309095,0.08402994
993,0.006021588,0.25561148,0.117242016
994,0.004995675,0.22054203,0.088210486
995,0.012460601,0.30198556,0.27286306
996,0.013394519,0.28869897,0.2854382
997,0.018867575,0.30915597,0.4204722
998,0.014796225,0.27434573,0.30423692
999,0.011449938,0.2510642,0.22103907
1000,0.009474306,0.23502205,0.17324191
1001,0.007459545,0.21857564,0.12856819
1002,0.0059390473,0.20426698,0.09649356
1003,0.008840048,0.2312867,0.15596233
1004,0.007413875,0.2165468,0.12339049
1005,0.007978749,0.2252212,0.13474584
1006,0.0114862155,0.25085908,0.209225
1007,0.009400934,0.23000903,0.15964901
1008,0.0078923935,0.22247192,0.13013741
1009,0.0061034956,0.2096992,0.09622194
1010,0.0052356473,0.20445138,0.08027682
1011,0.004301132,0.19211586,0.062123388
1012,0.0033128033,0.18219255,0.045926973
1013,0.0044487766,0.19626805,0.06504222
1014,0.0042429375,0.18212797,0.058891732
1015,0.014019723,0.28053793,0.26334658
1016,0.012901174,0.25382695,0.22753902
1017,0.010762406,0.22309676,0.1741111
1018,0.022005923,0.29375467,0.42395344
1019,0.10273695,0.53255635,2.3501253
1020,0.09569772,0.4631513,2.1051702
1021,0.06877763,0.3671913,1.4303995
1022,0.051182214,0.31618822,1.0116576
1023,0.03742059,0.28345013,0.71741176
1024,0.03949713,0.27862898,0.7431789
1025,0.03729689,0.26449233,0.6771702
1026,0.14661767,0.43302265,2.8054795
1027,1.139371,0.8627144,7.375917
1028,0.68543977,0.5389973,6.266778
1029,0.30865124,0.3362621,4.2159085
1030,0.28147775,0.2755968,3.7586405
1031,0.17764781,0.21104299,2.5201654
1032,0.10524575,0.17055227,1.5741417
1033,0.230375,0.23492724,3.272224
1034,0.27063602,0.2273333,3.560888
1035,0.302538,0.20650475,3.681697
1036,0.2063081,0.1606757,2.5847213
1037,0.14690962,0.13756262,1.8652754
1038,0.118531495,0.12414731,1.4635282
1039,0.09590723,0.11288214,1.1377605
1040,0.07834229,0.10684709,0.9056149
1041,0.09458068,0.11632362,1.1111809
1042,0.07640748,0.10951882,0.87138146
1043,0.06244517,0.10650489,0.71046126
1044,0.042116128,0.09768463,0.48075014
1045,0.029584441,0.091791965,0.3375207
1046,0.046473462,0.11766245,0.6098001
1047,0.052543342,0.1256273,0.701332
1048,0.04316106,0.12100597,0.5615878
1049,0.060199004,0.14245036,0.8366221
1050,0.05901785,0.13690123,0.7951107
1051,0.051865436,0.12754472,0.6664608
1052,0.06377405,0.14033438,0.8438742
1053,0.07594021,0.15550262,1.0413316
1054,0.050431915,0.13889289,0.69179976
1055,0.042895894,0.12863271,0.55782706
1056,0.03845701,0.124294505,0.4829199
1057,0.034995172,0.12055701,0.42487752
1058,0.033770826,0.1225861,0.40689978
1059,0.028062504,0.11979925,0.32912564
1060,0.025462283,0.11972305,0.2929256
1061,0.020214252,0.11793817,0.23468545
1062,0.014901307,0.11304702,0.17133814
1063,0.024286972,0.14706692,0.330099
1064,0.028034225,0.16257498,0.3998865
1065,0.023848515,0.15444787,0.3244447
1066,0.01990388,0.15005948,0.26216117
1067,0.0136285005,0.13966125,0.17819874
1068,0.013556647,0.13549092,0.17249571
1069,0.36578834,0.5032277,5.048686
1070,0.23435457,0.3363606,3.5785778
1071,0.16188936,0.24561013,2.474704
1072,0.10950619,0.20381504,1.679427
1073,0.11784974,0.20919771,1.8063531
1074,0.09041787,0.1822874,1.3327363
1075,0.06571091,0.16493757,0.96041447
1076,0.054719787,0.1484562,0.75420076
1077,0.053465974,0.15307209,0.74657106
1078,0.088366,0.17906314,1.289542
1079,0.072130434,0.15800479,0.9942126
1080,0.060549136,0.14451203,0.7929563
1081,0.053610943,0.14021866,0.6835012
1082,0.05025121,0.13595489,0.6219362
1083,0.07120124,0.15495738,0.9226977
1084,0.07122718,0.15430818,0.90845394
1085,0.054779768,0.14502367,0.6849821
1086,0.059345607,0.14681982,0.7372867
1087,0.051324956,0.13341056,0.60282147
1088,0.039902743,0.12855855,0.4679896
1089,0.032428544,0.12522668,0.3722733
1090,0.027894042,0.122720376,0.31060994
1091,0.022991272,0.12084563,0.25097093
1092,0.02050593,0.11465704,0.21367528
1093,0.019657038,0.11663073,0.20290832
1094,0.0161462,0.11552645,0.1640617
1095,0.013667511,0.11507106,0.1361637
1096,0.011688899,0.11480644,0.11404325
1097,0.010185273,0.11453906,0.097022556
1098,0.008892207,0.114382006,0.08273015
1099,0.0075995075,0.1144163,0.06936607
1100,0.0068595936,0.11147742,0.0603544
1101,0.0061618253,0.110359624,0.05262198
1102,0.00596398,0.107049,0.049536765
1103,0.005170306,0.10757687,0.042175893
1104,0.004580619,0.1078523,0.03654054
1105,0.0077964095,0.13335556,0.071918994
1106,0.023685109,0.20709567,0.29506865
1107,0.020050563,0.2023534,0.24288441
1108,0.017118502,0.19838291,0.20163424
1109,0.015188248,0.19022511,0.17155929
1110,0.013443487,0.18551551,0.1466826
1111,0.011924729,0.18163617,0.12590559
1112,0.013520428,0.18658103,0.14507204
1113,0.011954818,0.18367697,0.12451826
1114,0.01065051,0.18048246,0.10755455
1115,0.009598048,0.17459872,0.09336797
1116,0.008631046,0.17146625,0.08138783
1117,0.0078192,0.16635518,0.071140654
1118,0.0070714946,0.1636673,0.062434062
1119,0.0066028335,0.15741825,0.05632256
1120,0.0060225353,0.15096033,0.049401175
1121,0.005507236,0.14514036,0.043497473
1122,0.0050413134,0.14265586,0.038662013
1123,0.004588751,0.1421323,0.03436613
1124,0.004178574,0.14178117,0.030581659
1125,0.0038452286,0.13808589,0.027253093
1126,0.0038445094,0.13672474,0.026899101
1127,0.005195761,0.15484557,0.039620306
1128,0.0050276304,0.15720852,0.038039606
1129,0.004652642,0.15082927,0.03399714
1130,0.0042887535,0.14776699,0.030437509
1131,0.016466172,0.24938075,0.17048974
1132,0.014888419,0.24440913,0.14986435
1133,0.013478496,0.23721044,0.13130805
1134,0.012252074,0.2284235,0.11521234
1135,0.034216944,0.3427145,0.41981182
1136,0.030233823,0.3265491,0.3573664
1137,0.026874363,0.3060222,0.30398372
1138,0.024412028,0.28916013,0.26548967
1139,0.021971941,0.27175257,0.22898701
1140,0.020074911,0.258934,0.20196009
1141,0.018204482,0.2466177,0.17629018
1142,0.17083867,0.60706675,2.3689098
1143,0.13054289,0.4934545,1.7484845
1144,0.85183084,0.9913019,6.223846
1145,1.0077091,0.8805771,6.385041
1146,0.5747786,0.5953466,4.8821373
1147,1.6161356,0.78047633,6.9408813
1148,1.123815,0.58050954,6.098327
1149,1.0604144,0.48864684,5.784252
1150,0.6616011,0.35595807,4.4052715
1151,0.45124274,0.27926046,3.2529237
1152,9.396003,1.1888418,8.240673
1153,9.29163,2.2664695,8.22314
1154,13.179965,7.022616,8.464369
1155,8.931052,11.2910385,8.256663
1156,3.9721346,10.5851555,7.8484178
1157,1.4955101,6.4202633,6.820161
1158,0.71587634,3.7543998,5.2443075
1159,0.42502782,2.5251231,3.795648
1160,0.28213623,1.849202,2.6800153
1161,0.32078418,1.7629285,2.937335
1162,0.23080184,1.4105841,2.1453962
1163,0.28161988,1.4008372,2.5388572
1164,0.21167426,1.1644211,1.9034424
1165,0.16677777,1.0177227,1.4759271
1166,0.13713047,0.916593,1.1855433
1167,0.1158623,0.84270453,0.97689384
1168,0.10056256,0.77825344,0.8238798
1169,0.089156315,0.7253038,0.7112376
1170,0.084772155,0.70106864,0.66740274
1171,0.077343024,0.6728136,0.59745854
1172,0.21938595,1.0071548,1.915418
1173,0.18117212,0.8776743,1.5429184
1174,0.25807703,0.9536383,2.1737611
1175,0.21367186,0.8298032,1.7641448
1176,0.17425494,0.7403038,1.4062053
1177,0.14726515,0.673711,1.1553863
1178,0.12719306,0.62331617,0.9698128
1179,0.11138494,0.58584166,0.82703274
1180,0.11259341,0.5833748,0.8334019
1181,0.2521471,0.7972474,1.9938622
1182,0.20491947,0.6963408,1.580863
1183,0.17187202,0.6282263,1.2892263
1184,0.17897661,0.6253711,1.3332967
1185,0.42542946,0.8656193,3.0462584
1186,0.31958574,0.71669936,2.3043818
1187,0.25376138,0.6243734,1.8020045
1188,0.21005873,0.56143826,1.4553183
1189,0.17893231,0.5159727,1.2060498
1190,0.23206623,0.5647115,1.5823458
1191,2.9702559,1.6261541,7.159925
1192,3.2495818,1.7006518,7.198701
1193,1.8163222,1.3498775,6.160699
1194,1.096171,1.0114782,4.8435006
1195,0.72365826,0.78781796,3.6226206
1196,0.5132117,0.6514815,2.69174
1197,0.385612,0.5665009,2.0414882
1198,0.31177095,0.51287234,1.6270106
1199,0.26389802,0.4739548,1.3452014
1200,0.22978537,0.4453919,1.142944
1201,0.20178267,0.42398775,0.98056686
1202,0.17452528,0.4093153,0.83476096
1203,0.18709531,0.4298247,0.9092927
1204,0.39148152,0.5678499,2.0066302
1205,0.77112395,0.7351203,3.5662413
1206,0.5667992,0.6131218,2.7055492
1207,0.52177787,0.57411075,2.461957
1208,1.9111689,0.9414982,5.692728
1209,2.1251183,0.9258268,5.806832
1210,1.3383015,0.7508313,4.5476203
1211,1.0490936,0.6576307,3.7997413
1212,0.8729468,0.5898566,3.2299042
1213,1.0999888,0.6305089,3.7632654
1214,0.85635346,0.5570809,3.0367675
1215,0.6390996,0.49096867,2.311159
1216,0.5117395,0.4482396,1.8346742
1217,1.7808409,0.747305,4.8656573
1218,1.235446,0.6105136,3.7609768
1219,0.9116479,0.5182969,2.8836522
1220,0.67464113,0.4621221,2.1782422
1221,0.8215131,0.5008612,2.5846388
1222,0.8032162,0.48411736,2.4807343
1223,0.64562345,0.43645155,1.9748659
1224,0.5708361,0.4103065,1.7155533
1225,0.47635144,0.3893623,1.4088768
1226,1.2804632,0.5911934,3.5362515
1227,2.8752599,0.84526986,5.596048
1228,1.6553739,0.73517674,4.1640997
1229,1.0662802,0.62891394,2.9943228
1230,0.7252214,0.5515377,2.1391044
1231,0.5775437,0.51247644,1.6994727
1232,0.47338855,0.4843807,1.3797972
1233,3.8147225,1.251472,6.2652235
1234,4.6514,1.6300218,6.6005497
1235,2.6629605,1.5491706,5.4149766
1236,2.9844985,1.7411393,5.641119
1237,2.007688,1.5738602,4.5910306
1238,1.2909052,1.332452,3.3706675
1239,0.9659212,1.185238,2.6159978
1240,0.7230939,1.0594494,1.9843488
1241,0.56934893,0.97603244,1.5783364
1242,0.63806456,1.0381438,1.7886274
1243,0.46822646,0.9363149,1.326555
1244,0.60476494,1.0560992,1.757427
1245,0.50582904,0.99004155,1.4587806
1246,0.36737585,0.89942205,1.0719149
1247,0.28650984,0.8335115,0.8366459
1248,0.23269288,0.7860161,0.67785156
1249,0.18476336,0.7379044,0.53914493
1250,0.14533998,0.6944107,0.42613038
1251,0.12913686,0.6830923,0.37677163
1252,0.15207054,0.74883324,0.46955678
1253,0.12437781,0.71192986,0.3846424
1254,0.101997726,0.67887783,0.31632373
1255,0.22945736,0.9640544,0.86559486
1256,0.17549182,0.8820311,0.6642571
1257,0.13843338,0.820526,0.5248614
1258,0.12042139,0.7970038,0.45378146
1259,0.24802656,1.0836676,1.0869205
1260,0.4556479,1.3696349,2.0766044
1261,0.32018897,1.1650258,1.4887081
1262,0.2619362,1.0734295,1.2206564
1263,0.21780182,0.9985764,1.0013893
1264,0.26996532,1.0947683,1.2875164
1265,0.21766274,1.0076007,1.0291269
1266,0.15750805,0.90307873,0.75215286
1267,2.4182184,2.8693304,6.4289246
1268,1.1964129,2.0775638,4.8716974
1269,0.7317869,1.5649805,3.5152302
1270,0.51757205,1.2757163,2.6072652
1271,0.5036939,1.2196891,2.535585
1272,0.3775951,1.050499,1.9172754
1273,1.9961468,2.0588331,5.951386
1274,1.9177161,1.9380599,5.7882876
1275,1.6407145,1.7236109,5.3324275
1276,13.962455,8.5391,8.235311
1277,10.616687,15.861419,8.079973
1278,4.2754583,15.302991,7.5914445
1279,1.39866,8.484041,6.1997414
1280,0.617724,4.84247,4.2843256
1281,0.39190793,3.4026937,3.0840719
1282,0.26919448,2.6226704,2.2178004
1283,0.1690125,2.1538115,1.5063084
1284,0.10241558,1.7738502,0.94785625
1285,0.08340697,1.6104168,0.76004654
1286,0.07055858,1.4792925,0.63015395
1287,0.17197771,2.055586,1.7307477
1288,0.19761238,2.058918,1.9959774
1289,0.25078884,2.0930247,2.4820905
1290,0.15920529,1.6383401,1.6502813
1291,0.10003188,1.3394668,1.0680754
1292,0.07646512,1.2039388,0.8102007
1293,0.05155373,1.0428121,0.55186874
1294,0.035154186,0.9189358,0.37938562
1295,0.023516126,0.8238234,0.2566094
1296,0.020188874,0.7980554,0.2168359
1297,0.023303295,0.830758,0.25949678
1298,0.029714601,0.8975,0.3514825
1299,0.048799366,1.0788429,0.6474014
1300,0.04163415,0.9820962,0.5318874
1301,0.03497543,0.92634994,0.43654665
1302,0.024368545,0.83022475,0.3047432
1303,0.021584291,0.7812379,0.2612928
1304,0.042342205,0.9931912,0.5973171
1305,0.04905367,1.0204248,0.7077651
1306,0.075523645,1.1717417,1.1574684
1307,0.15773082,1.487335,2.434418
1308,1.7368535,3.5542943,7.571361
1309,1.0730938,2.3415499,6.7942877
1310,0.44637182,1.4179866,4.8557205
1311,0.21742123,0.94994146,3.002338
1312,0.12070062,0.72060233,1.8151518
1313,0.06972619,0.6050624,1.0944809
1314,0.046012327,0.5232825,0.72347605
1315,0.029524121,0.45667323,0.46537757
1316,0.032307126,0.4718901,0.51595384
1317,0.027130445,0.4412675,0.41486824
1318,0.018929388,0.40247267,0.2868203
1319,0.015305222,0.38453,0.22521383
1320,0.010760936,0.35481265,0.15655695
1321,0.008120589,0.33551413,0.11568028
1322,0.0059255916,0.31452465,0.08284425
1323,0.004228386,0.29303017,0.058020987
1324,0.0033384175,0.2798947,0.04427968
1325,0.0026826689,0.26795807,0.034269992
1326,0.0020079522,0.25316042,0.02494911
1327,0.0017112538,0.23172343,0.019810487
1328,0.0014664435,0.21151508,0.015807062
1329,0.0012582884,0.20111774,0.012871013
1330,0.0010883296,0.18426906,0.0103935655
1331,0.0009922155,0.17761526,0.0091005005
1332,0.00078220945,0.1717931,0.006996827
1333,0.0006738004,0.15332694,0.0055672424
1334,0.0006328272,0.15113673,0.0050898
1335,0.0019001534,0.22977175,0.020968195
1336,0.0058099986,0.34940827,0.08764475
1337,0.010385329,0.4204683,0.17929861
1338,0.00885205,0.37284115,0.14178512
1339,0.016614411,0.47587165,0.31145507
1340,0.010437029,0.41823334,0.19323795
1341,0.0063578594,0.367402,0.11612248
1342,0.0044257194,0.33429313,0.077972405
1343,0.002926753,0.30038068,0.04990035
1344,0.0019146691,0.2689728,0.03147876
1345,0.0014761908,0.24968128,0.023057194
1346,0.0031688488,0.31670758,0.059359577
1347,0.002927451,0.29281563,0.051775645
1348,0.0049898103,0.3427723,0.09978146
1349,0.0071066273,0.37687257,0.15298808
1350,0.025227282,0.59021395,0.71766764
1351,0.02042935,0.4893281,0.5295077
1352,0.01745065,0.42764878,0.4208825
1353,0.01918736,0.41277942,0.45517164
1354,0.011121485,0.35314316,0.25852087
1355,0.0070299404,0.30796844,0.15662813
1356,0.005468293,0.2651715,0.109504834
1357,0.004597843,0.23090895,0.0840301
1358,0.0060216202,0.25561178,0.1172428
1359,0.004995702,0.22054227,0.08821104
1360,0.012460668,0.30198592,0.27286464
1361,0.013394589,0.28869942,0.28543997
1362,0.018867677,0.30915633,0.42047456
1363,0.014796283,0.27434576,0.3042382
1364,0.011449988,0.25106433,0.22104016
1365,0.009474347,0.23502216,0.17324282
1366,0.007459575,0.21857567,0.1285688
1367,0.0059390734,0.20426713,0.096494064
1368,0.008840087,0.23128687,0.15596315
1369,0.00741391,0.21654682,0.12339119
1370,0.007978781,0.22522122,0.13474654
1371,0.011486271,0.2508591,0.209226
1372,0.009400981,0.23000905,0.15964985
1373,0.007892424,0.22247206,0.13013808
1374,0.0061035226,0.20969921,0.09622244
1375,0.005235673,0.20445152,0.08027724
1376,0.004301153,0.19211587,0.062123686
1377,0.0033128161,0.18219256,0.045927197
1378,0.0044487934,0.19626819,0.06504256
1379,0.004242958,0.18212798,0.058892015
1380,0.014019779,0.28053793,0.26334783
1381,0.012901236,0.25382698,0.22754027
1382,0.010762447,0.22309689,0.17411196
1383,0.02200602,0.29375485,0.42395556
1384,0.10273734,0.5325564,2.350135
1385,0.09569814,0.46315154,2.1051784
1386,0.068777926,0.36719134,1.4304051
1387,0.051182408,0.31618807,1.0116615
1388,0.037420675,0.28344947,0.717413
1389,0.039497204,0.27862844,0.74318016
1390,0.037296966,0.26449186,0.67717147
1391,0.14661795,0.4330215,2.805484
1392,1.1393737,0.8627124,7.3759193
1393,0.68544143,0.5389961,6.2667813
1394,0.30865142,0.33626068,4.215906
1395,0.2814779,0.27559552,3.7586374
1396,0.17764825,0.21104261,2.5201688
1397,0.105245955,0.17055196,1.5741434
1398,0.23037544,0.23492672,3.272228
1399,0.2706366,0.22733292,3.5608916
1400,0.30253875,0.20650427,3.6817005
1401,0.2063086,0.1606754,2.5847237
1402,0.14690998,0.13756236,1.8652781
1403,0.11853173,0.12414709,1.4635304
1404,0.09590742,0.11288193,1.1377624
1405,0.078342445,0.106846906,0.9056165
1406,0.094580874,0.116323344,1.1111828
1407,0.07640758,0.10951892,0.87138265
1408,0.06244526,0.10650499,0.7104623
1409,0.042116165,0.097684726,0.48075077
1410,0.029584482,0.09179206,0.33752102
1411,0.04647353,0.11766256,0.6098009
1412,0.052543413,0.12562743,0.7013329
1413,0.0431611,0.1210061,0.5615886
1414,0.06019906,0.14245051,0.83662313
1415,0.05901794,0.13690138,0.7951113
1416,0.051865507,0.12754484,0.6664617
1417,0.06377412,0.14033453,0.84387535
1418,0.0759403,0.15550278,1.0413325
1419,0.050431985,0.13889304,0.69180065
1420,0.04289598,0.12863283,0.55782783
1421,0.038457047,0.12429463,0.4829206
1422,0.03499522,0.12055713,0.4248779
1423,0.033770874,0.12258622,0.40690017
1424,0.028062541,0.11979937,0.32912612
1425,0.02546232,0.11972317,0.292926
1426,0.02021428,0.11793829,0.23468575
1427,0.014901321,0.11304712,0.1713384
1428,0.024287004,0.14706708,0.33009943
1429,0.028034283,0.16257516,0.39988706
1430,0.023848549,0.15444802,0.32444516
1431,0.019903908,0.15005963,0.2621615
1432,0.013628521,0.1396614,0.17819898
1433,0.013556665,0.13549106,0.17249598
1434,0.365789,0.5032282,5.0486884
1435,0.23435491,0.33636096,3.5785806
1436,0.1618896,0.24561037,2.4747057
1437,0.10950619,0.20381504,1.679427
1438,0.11784974,0.20919771,1.8063531
1439,0.09041787,0.1822874,1.3327363
1440,0.06571091,0.16493757,0.96041447
1441,0.054719787,0.1484562,0.75420076
1442,0.053465974,0.15307209,0.74657106
1443,0.088366,0.17906314,1.289542
1444,0.072130434,0.15800479,0.9942126
1445,0.060549136,0.14451203,0.7929563
1446,0.053610943,0.14021866,0.6835012
1447,0.05025121,0.13595489,0.6219362
1448,0.07120124,0.15495738,0.9226977
1449,0.07122718,0.15430818,0.90845394
1450,0.054779768,0.14502367,0.6849821
1451,0.059345607,0.14681982,0.7372867
1452,0.051324956,0.13341056,0.60282147
1453,0.039902743,0.12855855,0.4679896
1454,0.032428544,0.12522668,0.3722733
1455,0.027894042,0.122720376,0.31060994
1456,0.022991272,0.12084563,0.25097093
1457,0.02050593,0.11465704,0.21367528
1458,0.019657038,0.11663073,0.20290832
1459,0.0161462,0.11552645,0.1640617
1460,0.013667511,0.11507106,0.1361637
1461,0.013000863,0.11122705,0.12545642
1462,0.014587914,0.11603366,0.1439519
1463,0.016106674,0.11982628,0.16142207
1464,0.015463115,0.116899684,0.15127823
1465,0.019159742,0.12770067,0.19661514
1466,0.016929662,0.12638535,0.16891132
1467,0.0152705945,0.12191714,0.14651607
1468,0.014278324,0.11858116,0.13328564
1469,0.013329514,0.11497664,0.120441176
1470,0.011962654,0.11453513,0.10537985
1471,0.010733099,0.11439686,0.09230828
1472,0.009800474,0.11132077,0.08143102
1473,0.009694376,0.10943879,0.079068035
1474,0.009478285,0.1091252,0.07612004
1475,0.0285773,0.17033093,0.3099805
1476,0.02556032,0.15995246,0.26459703
1477,0.024860006,0.16488981,0.25787336
1478,0.022366485,0.15556216,0.22184236
1479,0.019812122,0.15443477,0.19180836
1480,0.017915262,0.15130875,0.16817293
1481,0.016309347,0.14587164,0.14761657
1482,0.014892126,0.14161527,0.13032596
1483,0.013511386,0.14079118,0.11539214
1484,0.012378725,0.13818826,0.10267275
1485,0.026004206,0.1859466,0.26299646
1486,0.02343665,0.18108913,0.22956441
1487,0.021043073,0.17869428,0.20073596
1488,0.019762853,0.17470773,0.18431202
1489,0.019693237,0.17257881,0.18116051
1490,0.0502209,0.24906255,0.5771968
1491,0.057083283,0.25912166,0.66587925
1492,0.049672898,0.24663912,0.55881524
1493,0.0433771,0.23797034,0.47280523
1494,0.038269475,0.2306471,0.40441355
1495,0.034135297,0.2235494,0.34945098
1496,0.030436935,0.21895012,0.30313048
1497,0.02743002,0.21366623,0.26526242
1498,0.024814537,0.2091864,0.23330618
1499,0.022578679,0.20430984,0.20622323
1500,0.020501826,0.20179838,0.18272044
1501,0.018777141,0.19728534,0.16268955
1502,0.017170059,0.19508399,0.14525674
1503,0.017755507,0.19643271,0.15015964
1504,0.016493252,0.19379026,0.13630255
1505,0.01515646,0.19184595,0.122406155
1506,0.013914705,0.1908871,0.110055804
1507,0.012759643,0.19063787,0.09900104
1508,0.0117603615,0.18971321,0.08939284
1509,0.010891173,0.18765412,0.080937326
1510,0.01007318,0.18680447,0.0733689
1511,0.009314562,0.18644258,0.06656994
1512,0.008525662,0.18780552,0.060047437
1513,0.007942265,0.18431668,0.054581627
1514,0.0074016107,0.17846379,0.049414158
1515,0.0075712404,0.18062195,0.050594676
1516,0.006975089,0.18202843,0.045950633
1517,0.0067021134,0.18431786,0.043802265
1518,0.006266601,0.18081743,0.039987724
1519,0.005865679,0.17759547,0.03656578
1520,0.00549529,0.17499833,0.03350853
1521,0.0050798813,0.17676167,0.030581387
1522,0.0047549414,0.17601888,0.028106028
1523,0.00452609,0.17315269,0.026227027
1524,0.0042878445,0.1725628,0.024447568
1525,0.005142258,0.18511882,0.030752966
1526,0.004825033,0.18308172,0.028279483
1527,0.0050729834,0.18746875,0.030042794
1528,0.0059548956,0.19948958,0.03676368
1529,0.005584357,0.19690229,0.033772632
1530,0.00663317,0.21154949,0.042035896
1531,0.0078524705,0.2287172,0.052369535
1532,0.0077088587,0.22745124,0.050894756
1533,0.01054375,0.25848752,0.07600523
1534,0.01673656,0.31300035,0.13775216
1535,0.029410273,0.3943942,0.28243732
1536,0.026739992,0.37617877,0.24861827
1537,0.02440132,0.36323777,0.22056167
1538,0.06753285,0.5405393,0.768653
1539,0.06332868,0.5143221,0.7043338
1540,0.0555696,0.47561902,0.5939997
1541,0.04925795,0.44698605,0.5081466
1542,0.04986464,0.44459498,0.51159436
1543,0.09044712,0.5578117,1.0291961
1544,0.07743047,0.51086205,0.8481565
1545,0.06733454,0.4747461,0.7112346
1546,0.05934899,0.44265607,0.60410494
1547,0.056705225,0.43059072,0.56830233
1548,0.08116955,0.49226886,0.8663195
1549,0.070366286,0.46179813,0.72684395
1550,0.06192001,0.43562308,0.61886865
1551,0.055030216,0.41399407,0.5329449
1552,0.05292193,0.40580383,0.5047674
1553,0.05544719,0.4074543,0.5290835
1554,0.049841393,0.38597143,0.46012527
1555,0.045214526,0.3716413,0.40606454
1556,0.08771702,0.47940534,0.8948715
1557,8.72312,3.9419327,8.399844
1558,14.735858,16.470808,8.805606
1559,10.50401,21.400085,8.618195
1560,3.683975,15.891897,8.284027
1561,1.1743207,7.703224,7.461207
1562,0.76186186,4.6807275,6.7741528
1563,0.5294482,3.0012202,5.9201016
1564,0.33486077,1.9226437,4.5857334
1565,0.24989264,1.3726883,3.6122365
1566,0.19363557,1.070818,2.843082
1567,0.16840757,0.8934971,2.4192398
1568,0.26952243,0.9843677,3.4997635
1569,0.19811057,0.76325375,2.6153965
1570,0.14952941,0.60917014,1.9240811
1571,0.124593355,0.52602273,1.5473909
1572,0.10684678,0.47010535,1.2839124
1573,0.09344871,0.4283924,1.0865765
1574,0.08212916,0.39180568,0.91777676
1575,0.07253621,0.36446697,0.78111315
1576,0.07103719,0.35868755,0.75406975
1577,0.069504656,0.3523566,0.72671604
1578,0.22440362,0.55924755,2.5170686
1579,0.20716207,0.49235383,2.2652555
1580,0.166755,0.41920912,1.7718334
1581,0.15214865,0.38268343,1.5667028
1582,0.12647222,0.3451741,1.2578402
1583,0.11277731,0.32324806,1.0883566
1584,0.10702158,0.31316462,1.0119611
1585,0.20779504,0.3974419,2.022082
1586,0.16848719,0.34703237,1.5884526
1587,0.16263261,0.33007973,1.4958117
1588,0.13534597,0.30410936,1.2100222
1589,0.122178175,0.28859282,1.0634768
1590,0.106916934,0.26918495,0.8983146
1591,0.09472261,0.25475425,0.7702721
1592,0.20651835,0.34386256,1.8051215
1593,0.4993338,0.46618325,3.8051698
1594,0.3616048,0.36579242,2.8360932
1595,0.33359882,0.33287686,2.5618548
1596,14.198261,3.1577702,8.560201
1597,12.010842,7.16209,8.433997
1598,7.0650077,10.080116,8.191793
1599,2.850425,8.123158,7.6496034
1600,1.1426742,4.8129554,6.4198675
1601,0.5531784,2.923463,4.6813545
1602,0.3282174,2.0257878,3.229784
1603,0.22224125,1.5735217,2.2769144
1604,0.18203509,1.3577424,1.8521101
1605,0.43931192,1.8072157,3.8858566
1606,0.2885695,1.3641247,2.7451427
1607,0.20744313,1.1199014,2.0000181
1608,0.16101797,0.9721968,1.5314882
1609,0.13016543,0.8828197,1.2258059
1610,0.10678823,0.8121058,0.98589265
1611,0.092587434,0.75735736,0.8331437
1612,0.1527101,0.9379449,1.480162
1613,0.12998438,0.86420566,1.2412583
1614,0.1958661,0.97898525,1.8909758
1615,0.32771042,1.1214652,2.982413
1616,0.2617231,0.92135924,2.3756685
1617,0.2585361,0.84116626,2.290689
1618,0.2611285,0.8086987,2.2786255
1619,0.17008273,0.6638994,1.5363997
1620,0.13819858,0.60476434,1.2229483
1621,0.112494476,0.56294405,0.98155737
1622,0.095226556,0.53312075,0.813936
1623,0.09224857,0.52611583,0.7815428
1624,0.403845,0.93862075,3.417591
1625,0.27378958,0.74953675,2.4325445
1626,0.41312888,0.8199072,3.35519
1627,0.30159292,0.6624207,2.496458
1628,0.22207479,0.5678547,1.850652
1629,0.15921055,0.49581072,1.3475492
1630,0.22899431,0.5624558,1.9441465
1631,0.18018287,0.5035911,1.5123
1632,0.17367423,0.48197192,1.4295604
1633,0.11555062,0.4232736,0.9718096
1634,0.08948414,0.39451185,0.7638934
1635,0.07966732,0.38515943,0.6696979
1636,0.07039153,0.37346452,0.5786831
1637,0.062948205,0.3635654,0.50616145
1638,0.21937954,0.6130253,2.0642114
1639,0.15797651,0.5304198,1.4965695
1640,0.101639256,0.4622591,0.9890043
1641,0.079261266,0.43055263,0.7645081
1642,0.07556769,0.42279494,0.7187898
1643,0.09768559,0.46141666,0.96135306
1644,0.08363492,0.43620098,0.80117095
1645,0.074459225,0.41781804,0.6954402
1646,0.06699446,0.39675775,0.6071758
1647,0.049076237,0.36664426,0.45079467
1648,0.039830398,0.3546981,0.36334264
1649,0.034475315,0.34987766,0.31023115
1650,0.027432792,0.3382795,0.24703051
1651,0.02310462,0.33370185,0.20636536
1652,0.02068611,0.33174855,0.18176743
1653,0.031051388,0.40912116,0.3109583
1654,0.027854502,0.3991292,0.27224034
1655,0.025227671,0.3872821,0.24005954
1656,0.019642415,0.37160617,0.18656994
1657,0.01597777,0.36284614,0.15088564
1658,0.01395026,0.3603825,0.12991759
1659,0.016680295,0.38268596,0.16195463
1660,0.018908931,0.40624708,0.18991861
1661,0.016946616,0.39912802,0.16644616
1662,0.011700332,0.36625436,0.115639485
1663,0.0091551095,0.35355127,0.09006333
1664,0.007997454,0.3503851,0.07728519
1665,0.0069535673,0.34742147,0.066076346
1666,0.008450808,0.37782484,0.08473364
1667,0.009760179,0.3984137,0.10133155
1668,0.007821142,0.38692528,0.08047644
1669,0.007464096,0.3801227,0.075402096
1670,0.0117298765,0.4553343,0.13423316
1671,0.018136865,0.5283303,0.23101741
1672,0.038126796,0.69003326,0.5736346
1673,0.23255368,1.3845546,3.6209478
1674,1.7531581,2.7159603,7.677388
1675,0.84718156,1.6227119,6.479246
1676,0.4658618,1.019164,4.8768835
1677,0.28219154,0.7235317,3.402942
1678,0.19689523,0.5696897,2.4308062
1679,0.14896998,0.48108342,1.8089399
1680,0.11499473,0.42680895,1.3693111
1681,0.09395297,0.39035508,1.0851283
1682,0.075019225,0.3641216,0.8496272
1683,0.070449345,0.35206804,0.7802972
1684,0.08511289,0.37434787,0.9598239
1685,0.14414828,0.44852114,1.6827552
1686,0.11349982,0.40279642,1.2951953
1687,0.122397125,0.41431516,1.3983791
1688,0.07840578,0.3599633,0.9148705
1689,0.05180636,0.32053268,0.6111441
1690,0.043009676,0.3085947,0.49645582
1691,0.036130063,0.303842,0.4238892
1692,0.039817743,0.32316622,0.47915968
1693,0.04325586,0.32834002,0.52250946
1694,0.038398165,0.32284606,0.45643198
1695,0.031929426,0.31300378,0.37198064
1696,0.023553869,0.2942717,0.27327472
1697,0.017723706,0.27981016,0.20431468
1698,0.013966656,0.2708022,0.15914896
1699,0.012434705,0.2622912,0.13678513
1700,0.011152971,0.25077137,0.11783597
1701,0.008044934,0.23664767,0.08481821
1702,0.010862626,0.2678284,0.123836786
1703,0.008557531,0.25967485,0.09628298
1704,0.01479319,0.3157691,0.19069105
1705,0.04632615,0.48634666,0.77059305
1706,0.058870822,0.50544477,0.9907987
1707,0.049685534,0.4471571,0.7907565
1708,0.037271906,0.41074076,0.58091486
1709,0.035075147,0.38309368,0.5265268
1710,0.04714492,0.41700256,0.735875
1711,0.0509961,0.4335358,0.8070202
1712,0.042139847,0.40032643,0.63875675
1713,0.040329017,0.38706303,0.5969831
1714,0.03372145,0.36558124,0.4810352
1715,0.020782292,0.33942512,0.30096298
1716,0.012827147,0.31555694,0.1876683
1717,0.008627838,0.28829134,0.12508023
1718,0.0058935937,0.2652971,0.08425499
1719,0.0038261975,0.24082413,0.054024518
1720,0.0027628464,0.22507803,0.037909143
1721,0.0020652039,0.21194978,0.027360233
1722,0.0017330319,0.19443569,0.021333015
1723,0.00528699,0.2937925,0.08853126
1724,0.009038637,0.33887768,0.16892114
1725,0.007419354,0.30163223,0.12757175
1726,0.005957427,0.28257474,0.0970055
1727,0.0035495958,0.25541243,0.05732097
1728,0.002427273,0.23300754,0.037838716
1729,0.0018264326,0.21620062,0.026984368
1730,0.0013693104,0.20064956,0.019179793
1731,0.0009375058,0.1841678,0.012790165
1732,0.0007310456,0.16960083,0.009290994
1733,0.0005896093,0.1540743,0.0068940697
1734,0.00038955477,0.13998127,0.004396109
1735,0.0003702397,0.12787344,0.003919619
1736,0.00030127278,0.116677836,0.0029383497
1737,0.00026931227,0.1075061,0.0024539768
1738,0.00032205065,0.10966622,0.002976395
1739,0.00054596027,0.12773141,0.005703429
1740,0.00047733216,0.11431159,0.0045933737
1741,0.00039355448,0.1079908,0.0035642406
1742,0.00030291648,0.10282298,0.0026318736
1743,0.00026023068,0.093412235,0.0020904192
1744,0.00025729064,0.08825218,0.0019813345
1745,0.00023437818,0.08238778,0.0017160823
1746,0.00081355625,0.13334784,0.00847451
1747,0.0073301373,0.30838525,0.14228785
1748,0.009760253,0.3288444,0.19906777
1749,0.009393614,0.3080548,0.18313923
1750,0.0085899,0.28954285,0.15953408
1751,0.006809219,0.2683121,0.11899033
1752,0.0050213244,0.2490297,0.08406066
1753,0.003252234,0.22440955,0.052974556
1754,0.003845936,0.24242868,0.06558943
1755,0.004534622,0.26264083,0.08125017
1756,0.0036122017,0.24010766,0.060076796
1757,0.013394076,0.39608505,0.31320897
1758,0.012686653,0.3599625,0.2809487
1759,0.019745521,0.4123965,0.47623524
1760,0.06213614,0.602772,1.709345
1761,0.07738416,0.5948733,2.0520043
1762,0.20599665,0.78354883,4.387973
1763,0.13363874,0.52199996,2.9847684
1764,0.08856272,0.3844008,1.9297227
1765,0.04893479,0.30547023,1.0919502
1766,0.028179288,0.25687468,0.6271078
1767,0.025793685,0.24293347,0.55226225
1768,0.017584173,0.21678022,0.36197522
1769,0.01397473,0.18259493,0.2582147
1770,0.010417317,0.1696053,0.18352076
1771,0.006669954,0.15315609,0.114521146
1772,0.0053129997,0.14169201,0.08500859
1773,0.004372093,0.12692674,0.06402032
1774,0.00570018,0.13898969,0.088018365
1775,0.004705741,0.12762636,0.06733131
1776,0.0037238551,0.12136814,0.050648905
1777,0.0029922507,0.11552169,0.038588908
1778,0.0024800303,0.10911741,0.030071467
1779,0.0020735182,0.10617491,0.024219576
1780,0.0025825545,0.10925521,0.03090249
1781,0.0037714683,0.12822376,0.04989731
1782,0.0040370794,0.13635017,0.05489218
1783,0.004673181,0.1382927,0.064312994
1784,0.0039033978,0.12124674,0.048913736
1785,0.0029298759,0.11582785,0.03558712
1786,0.0023871367,0.111375116,0.02765672
1787,0.0018554721,0.10706121,0.020712879
1788,0.0014866332,0.10309799,0.015889838
1789,0.0018624808,0.10953513,0.020679684
1790,0.0021331937,0.112074465,0.023938634
1791,0.0019097434,0.11228612,0.021085003
1792,0.0016541259,0.10631103,0.017234867
1793,0.0029150245,0.12680566,0.03469467
1794,0.0037388809,0.13709234,0.047061183
1795,0.003712708,0.13006169,0.044983506
1796,0.007914425,0.17200284,0.116541564
1797,0.017621733,0.23165058,0.31675854
1798,0.013781018,0.21695961,0.23626208
1799,0.011171153,0.20392618,0.18144637
1800,0.009491084,0.19193766,0.1457661
1801,0.006949725,0.18057789,0.103664964
1802,0.008706527,0.19140624,0.13532789
1803,0.0075747357,0.17355396,0.109970614
1804,0.006698457,0.15796795,0.09103164
1805,0.005708241,0.1490562,0.07318811
1806,0.005893683,0.1504232,0.075024776
1807,0.00477905,0.14585367,0.05870483
1808,0.0044709793,0.13671844,0.05240457
1809,0.003998766,0.12688567,0.04431959
1810,0.0034689067,0.11574338,0.035816267
1811,0.0030186505,0.105136305,0.02900924
1812,0.0028911105,0.09952028,0.02664633
1813,0.0025042258,0.09857078,0.02238444
1814,0.0022186467,0.09278448,0.01875818
1815,0.0021433895,0.09574984,0.018110443
1816,0.0019005121,0.08902752,0.01512738
1817,0.0017083246,0.08454181,0.012937569
1818,0.0015281079,0.07943164,0.010962569
1819,0.0013587608,0.078666225,0.009439948
1820,0.0012236863,0.07486227,0.008101558
1821,0.0010977399,0.06944641,0.006862203
1822,0.002669547,0.097834945,0.021523045
1823,0.0032577713,0.10307895,0.027271112
1824,0.0029833284,0.09776414,0.023917189
1825,0.002742756,0.09304275,0.021102468
1826,0.0025496706,0.08799239,0.018768419
1827,0.0023059344,0.08653556,0.016413264
1828,0.002033212,0.08688242,0.014154088
1829,0.0018415545,0.08196353,0.01220745
1830,0.0016337712,0.08239517,0.010597344
1831,0.0014937401,0.083652645,0.00955233
1832,0.001353663,0.08304944,0.00841216
1833,0.0012797337,0.07920919,0.0076594697
1834,0.0011562357,0.07931335,0.006755112
1835,0.001049417,0.07920323,0.005977619
1836,0.0009460644,0.07955637,0.0052710874
1837,0.0008390252,0.08030235,0.0045922147
1838,0.00075562904,0.08071355,0.004048049
1839,0.0006801751,0.08116989,0.0035682626
1840,0.00061247556,0.08163658,0.0031470826
1841,0.00054693315,0.08231651,0.002758865
1842,0.00054962066,0.08366124,0.0027598538
1843,0.0013125803,0.11628278,0.008444666
1844,0.0012558012,0.11253439,0.007843252
1845,0.0013579074,0.11346003,0.008524674
1846,0.0017115859,0.12503365,0.011485333
1847,0.0015669178,0.11962864,0.010097278
1848,0.0014367433,0.116272345,0.008943867
1849,0.0013183809,0.11412107,0.00795956
1850,0.001211482,0.11211522,0.0070981444
1851,0.0011076056,0.11175555,0.0063358387
1852,0.0010116785,0.11165769,0.0056569506
1853,0.00092971796,0.10625099,0.00498949
1854,0.0008580789,0.10494056,0.004482366
1855,0.00079352927,0.10332171,0.0040311352
1856,0.00073418516,0.10212536,0.0036331567
1857,0.0006795152,0.10123898,0.0032799211
1858,0.00095207477,0.11699388,0.005059914
1859,0.0024612162,0.1721086,0.017400686
1860,0.0023706178,0.16826868,0.01642335
1861,0.0021795016,0.16348042,0.014615443
1862,0.002003852,0.16087906,0.013071896
1863,0.0018438211,0.15864944,0.011712332
1864,0.001700562,0.15581644,0.010505154
1865,0.001606699,0.15139641,0.009652318
1866,0.0014915465,0.14485385,0.008643998
1867,0.0013873283,0.14022405,0.007789268
1868,0.0012879127,0.1367991,0.0070222653
1869,0.0011971435,0.1337572,0.006345449
1870,0.0011753736,0.13380846,0.006160269
1871,0.0010943124,0.13035297,0.005570745
1872,0.0010626755,0.12930764,0.00534401
1873,0.0009911745,0.12624325,0.0048468052
1874,0.00092519255,0.12288161,0.0043955934
1875,0.0008648677,0.12008648,0.0039987434
1876,0.0024695254,0.18122253,0.015525209
1877,0.0022918852,0.17766418,0.014032395
1878,0.0021294951,0.17299002,0.012669882
1879,0.0019809422,0.16986525,0.011489442
1880,0.0021805493,0.1753477,0.012896711
1881,0.002039175,0.17066447,0.011733048
1882,0.0019010463,0.16709675,0.010657424
1883,0.0017732373,0.16483669,0.009712728
1884,0.0016562546,0.16139929,0.008842463
1885,0.0015481076,0.15739797,0.008046215
1886,0.0014486612,0.15373729,0.0073353685
1887,0.0013570219,0.15153654,0.006716525
1888,0.0013836377,0.15183209,0.006828558
1889,0.006188466,0.2764617,0.04773448
1890,0.0057998598,0.26697317,0.043534968
1891,0.02354739,0.4616507,0.26078084
1892,0.026483802,0.479841,0.30265146
1893,0.023661116,0.44908738,0.25967333
1894,0.02410149,0.44745347,0.26420867
1895,0.021650318,0.4238846,0.22883241
1896,0.01940089,0.41276821,0.19973208
1897,0.017804556,0.39487588,0.17793491
1898,0.016165866,0.37728572,0.15621552
1899,0.019895257,0.40493044,0.20194301
1900,0.04339357,0.5493106,0.5353528
1901,0.04075805,0.523228,0.4943723
1902,0.037160404,0.49848536,0.43915793
1903,0.032882877,0.47016725,0.37457126
1904,0.029311227,0.44206104,0.32131544
1905,0.026459873,0.41804755,0.2798426
1906,0.023832895,0.39353913,0.24257815
1907,0.02213045,0.3802419,0.21994351
1908,0.02009541,0.36233076,0.19299258
1909,0.018317668,0.34810743,0.17048511
1910,0.017433325,0.3399328,0.15904121
1911,0.01596388,0.32951123,0.14159676
1912,0.019301973,0.3548182,0.17984295
1913,0.020638011,0.36138394,0.19453502
1914,0.03996303,0.4648267,0.446325
1915,0.037820738,0.44478598,0.4160073
1916,0.036337133,0.4339341,0.39495495
1917,0.033016164,0.4123175,0.34729412
1918,0.034592744,0.41470197,0.3651161
1919,0.03291661,0.39888236,0.3392892
1920,0.16779287,0.76209617,2.1695147
1921,0.1306529,0.63518274,1.6352963
1922,0.10625845,0.55481774,1.2793024
1923,0.29527068,0.7958234,3.3279052
1924,0.2167346,0.61994904,2.4542239
1925,0.16780224,0.5148675,1.8535644
1926,0.13619363,0.44852555,1.4521598
1927,0.15818255,0.45276472,1.659596
1928,0.13082984,0.40154985,1.3231523
1929,0.119521715,0.37277007,1.171572
1930,0.10303078,0.34058422,0.97104514
1931,0.15747091,0.39308384,1.5274248
1932,0.12992844,0.35996202,1.225821
1933,0.111091405,0.33419123,1.0143476
1934,0.100167245,0.3165287,0.88829964
1935,0.2675354,0.46468663,2.4705653
1936,0.20996374,0.39655,1.9009804
1937,0.17224045,0.35168365,1.5122769
1938,0.14380667,0.3238916,1.2277365
1939,0.12421633,0.3009715,1.0258199
1940,0.17441131,0.33878264,1.471543
1941,0.14702244,0.3137756,1.2065984
1942,0.12719843,0.2934592,1.0116421
1943,0.11118428,0.2794443,0.8599137
1944,0.098403335,0.26871693,0.74116814
1945,0.088936836,0.2610109,0.6542355
1946,0.28995338,0.41066802,2.3470128
1947,0.24580301,0.3533191,1.9418261
1948,1.4212173,0.68173045,6.157505
1949,1.3370374,0.5865801,5.8582377
1950,1.0521919,0.47773495,5.112528
1951,0.8322027,0.3942218,4.3347526
1952,0.5859839,0.3152589,3.2665014
1953,0.44564056,0.2667703,2.5068214
1954,2.5527427,0.5449225,6.6428823
1955,1.5001067,0.43855995,5.419833
1956,0.94879675,0.34850058,4.111838
1957,1.4318947,0.39272448,5.076852
1958,0.9743377,0.31055164,3.9024484
1959,0.6929471,0.26340106,2.9341073
1960,0.5313592,0.23365638,2.266384
1961,0.62340486,0.24902457,2.5844274
1962,0.48173788,0.22483313,2.0012877
1963,1.1812627,0.32583612,4.1493936
1964,0.8318189,0.27759424,3.1364553
1965,0.62803847,0.24581744,2.4074917
1966,0.63345957,0.24860546,2.396689
1967,0.53211504,0.23365748,2.0035942
1968,0.62147844,0.2515744,2.300813
1969,0.43152994,0.22367579,1.6441334
1970,0.34716782,0.21081454,1.3117248
1971,0.29440022,0.20341544,1.094966
1972,0.24911462,0.19763581,0.91546786
1973,0.21283469,0.1935403,0.77399886
1974,0.18810661,0.19180569,0.6754976
1975,0.16779701,0.19103311,0.5956628
1976,0.15088755,0.19102037,0.53002834
1977,0.13837922,0.1915694,0.48049718
1978,0.12268865,0.19176663,0.42364264
1979,0.11561143,0.19631477,0.40083078
1980,0.19517033,0.25042686,0.7633565
1981,0.17693686,0.24688071,0.68002546
1982,0.15509757,0.24418275,0.5903831
1983,0.13784696,0.24294886,0.51988363
1984,0.12260627,0.24251865,0.45963272
1985,0.10764329,0.24159138,0.40203807
1986,0.0965716,0.24234122,0.3587752
1987,0.13940337,0.2901868,0.5690582
1988,0.1587318,0.31210655,0.66695684
1989,0.14425878,0.3079428,0.59660375
1990,0.12692693,0.3054261,0.5242999
1991,0.10618613,0.2978052,0.4379954
1992,0.0892016,0.29151455,0.36787376
1993,0.35140938,0.52586675,1.8235812
1994,2.001767,1.0733947,6.0036545
1995,1.8493184,0.9994059,5.7130446
1996,1.1911296,0.7940346,4.4849405
1997,0.7002863,0.62392044,3.0982165
1998,0.44056213,0.5189243,2.0990222
1999,0.33623654,0.46585682,1.6047269
2000,0.26080126,0.42688558,1.2505704
2001,0.21856317,0.4056294,1.0330025
2002,0.18813437,0.3909664,0.87528515
2003,1.8354996,1.0244149,5.7533355
2004,12.674532,3.7602358,8.164556
2005,8.708135,6.6769643,7.9293394
2006,4.0199165,7.370417,7.378059
2007,1.4824203,5.1042776,5.9486184
2008,0.6803181,3.1915677,4.0755634
2009,0.423507,2.3422008,2.834665
2010,0.27020222,1.8238369,1.9120619
2011,0.17004305,1.4923409,1.2512891
2012,0.13896804,1.3515695,1.0064845
2013,0.14935303,1.3570422,1.0955106
2014,0.31162664,1.7983481,2.3661897
2015,0.189927,1.4296378,1.5241271
2016,0.15091364,1.2735163,1.1947349
2017,0.1023058,1.0949368,0.8227769
2018,0.12802273,1.1825696,1.069375
2019,0.08710782,1.0242252,0.73791796
2020,0.058579236,0.91232026,0.5043699
2021,0.03870219,0.8317768,0.3397361
2022,0.027888335,0.7573523,0.24680296
2023,0.027196176,0.7830238,0.25228304
2024,0.021174043,0.7403431,0.19637482
2025,0.023304723,0.7821533,0.22440292
2026,0.036981724,0.9724696,0.41188282
2027,0.02997726,0.9219449,0.33045983
2028,0.11772748,1.5622225,1.6366321
2029,0.09051132,1.3409011,1.2303145
2030,0.05787445,1.1314352,0.80563426
2031,0.036649063,0.97808087,0.5172413
2032,0.0311043,0.91133195,0.42484364
2033,0.026727797,0.85435885,0.3532637
2034,0.022563837,0.81480813,0.29129392
2035,0.018761523,0.78034854,0.2376398
2036,0.016463622,0.73908675,0.20176494
2037,0.013739507,0.7132121,0.16551885
2038,0.010305584,0.66789913,0.12345512
2039,0.009082319,0.64061856,0.105476566
2040,0.010345342,0.6911477,0.12644741
2041,0.007338806,0.6347444,0.0895204
2042,0.0051665255,0.58273834,0.06275963
2043,0.004525548,0.5349832,0.052095573
2044,0.0040461114,0.52383506,0.04556769
2045,0.0035768885,0.49325228,0.038546875
2046,0.0031723902,0.4679948,0.03281025
2047,0.004176091,0.5056353,0.046112306
2048,0.003689835,0.48507786,0.03930003
2049,0.003225772,0.47173083,0.033376906
2050,0.0024437148,0.44754177,0.025047557
2051,0.0016340676,0.4064828,0.016723786
2052,0.0011390197,0.3748505,0.011562347
2053,0.000892968,0.35846752,0.008861264
2054,0.0006583347,0.33652052,0.006417091
2055,0.00052750285,0.32242393,0.0049879407
2056,0.00040718014,0.3062281,0.0037494802
2057,0.00034904873,0.2893205,0.0030498574
2058,0.00028798767,0.2780382,0.0024253123
2059,0.00024920798,0.25854987,0.0019758595
2060,0.00021660171,0.24230084,0.001622913
2061,0.00018821123,0.23089032,0.0013435624
2062,0.00016471343,0.2142483,0.0011071532
2063,0.00014294033,0.20711073,0.0009228046
2064,9.294788e-05,0.18845108,0.00059782516
2065,7.755188e-05,0.18220346,0.0004808274
2066,6.426237e-05,0.17618856,0.0003846644
2067,5.4022552e-05,0.1703197,0.00031120103
2068,4.2462416e-05,0.16339742,0.00023811751
2069,4.1748644e-05,0.16664416,0.00023416913
2070,3.5971258e-05,0.14923102,0.00018653188
2071,2.5721121e-05,0.13971862,0.00013132501
2072,3.1432628e-05,0.14295956,0.00016439712
2073,2.7285576e-05,0.1309209,0.00013313911
2074,2.3396758e-05,0.12657604,0.00010946373
2075,2.0380365e-05,0.121313326,9.088746e-05
2076,1.7651324e-05,0.11739983,7.54777e-05
2077,3.164677e-05,0.15081555,0.00016086614
2078,4.998561e-05,0.17697167,0.0002853689
2079,4.350435e-05,0.16768998,0.00023558592
2080,3.824695e-05,0.1520462,0.00019311217
2081,4.1273786e-05,0.15275285,0.00020840613
2082,8.650307e-05,0.19518225,0.0005293108
2083,8.2333674e-05,0.18069518,0.00048039565
2084,0.00014060058,0.21052071,0.0009315744
2085,0.00013430532,0.1974297,0.0008522056
2086,0.00012286776,0.1913946,0.0007522701
2087,0.000108594664,0.18047278,0.00063083024
2088,9.8795215e-05,0.16903396,0.0005453839
2089,8.743554e-05,0.16373888,0.00046384652
2090,6.911242e-05,0.15866293,0.00036052853
2091,5.779644e-05,0.15615442,0.00029652918
2092,5.3645545e-05,0.15941907,0.0002769851
2093,5.6997917e-05,0.16926514,0.0003031425
2094,4.6671103e-05,0.16463612,0.00024194762
2095,4.048004e-05,0.16369544,0.0002078608
2096,3.5570738e-05,0.15608117,0.00017394363
2097,4.2467593e-05,0.16222143,0.0002137144
2098,4.439627e-05,0.15805507,0.00021996183
2099,7.078777e-05,0.18425179,0.00039405114
2100,0.0001436665,0.23068677,0.0009587391
2101,0.00012623196,0.21739843,0.0007990456
2102,0.000108927896,0.21116911,0.000664956
2103,9.254753e-05,0.20580842,0.00054738333
2104,7.548925e-05,0.2006331,0.000440089
2105,6.4840606e-05,0.19571707,0.00036621076
2106,5.371493e-05,0.19024229,0.00029495292
2107,8.780489e-05,0.23529762,0.0005583892
2108,6.8024376e-05,0.22446328,0.0004227479
2109,5.234437e-05,0.21355051,0.00031778056
2110,4.2365406e-05,0.2050549,0.0002488317
2111,9.243203e-05,0.26705524,0.0006663169
2112,8.099022e-05,0.25795355,0.00056292803
2113,6.585633e-05,0.2466502,0.00044103502
2114,5.556582e-05,0.23522839,0.0003552094
2115,4.386129e-05,0.22691672,0.00028210916
2116,3.3073997e-05,0.2132044,0.00020638306
2117,2.8457536e-05,0.20094258,0.0001680713
2118,2.2352004e-05,0.19061904,0.00012731939
2119,1.8186649e-05,0.18140423,9.916785e-05
2120,1.9502426e-05,0.17868635,0.00010525275
2121,1.72934e-05,0.16358232,8.732536e-05
2122,1.4933137e-05,0.14851774,7.0061215e-05
2123,1.2957687e-05,0.13637844,5.678503e-05
2124,1.1326602e-05,0.12907593,4.7035122e-05
2125,1.6168695e-05,0.13991925,7.203341e-05
2126,2.2758075e-05,0.15022814,0.00010834503
2127,2.0351554e-05,0.13743895,9.084981e-05
2128,1.780791e-05,0.13224897,7.601451e-05
2129,1.920746e-05,0.13818774,8.345226e-05
2130,1.6540724e-05,0.13457029,6.932667e-05
2131,1.6040978e-05,0.13696514,6.702149e-05
2132,1.44765245e-05,0.13338563,5.83739e-05
2133,1.1442129e-05,0.12878594,4.520721e-05
2134,8.709279e-06,0.12293489,3.379846e-05
2135,7.288937e-06,0.11947762,2.7370033e-05
2136,6.4189535e-06,0.11602346,2.3193674e-05
2137,5.793891e-06,0.1067116,1.9690464e-05
2138,5.002585e-06,0.104029626,1.640037e-05
2139,4.316865e-06,0.10152765,1.36650315e-05
2140,3.6274052e-06,0.099239625,1.1157078e-05
2141,2.9266728e-06,0.09632627,8.7959825e-06
2142,2.386415e-06,0.09360508,6.9898965e-06
2143,1.9404108e-06,0.09083499,5.5359446e-06
2144,1.8473079e-06,0.09112907,5.1939974e-06
2145,1.5861388e-06,0.08864526,4.297954e-06
2146,1.671502e-06,0.09159107,4.569399e-06
2147,1.4757475e-06,0.08512986,3.796128e-06
2148,1.2996395e-06,0.082406074,3.2066555e-06
2149,1.25385e-06,0.08352563,3.0701858e-06
2150,1.7922465e-06,0.09794198,4.867491e-06
2151,1.5832167e-06,0.08807283,3.998502e-06
2152,1.7971579e-06,0.09756782,4.863337e-06
2153,1.5011248e-06,0.09578865,3.9985102e-06
2154,1.3121594e-06,0.09290241,3.3586027e-06
2155,1.1463322e-06,0.090336606,2.824533e-06
2156,1.022654e-06,0.08990772,2.4761591e-06
2157,8.924054e-07,0.087586306,2.0830785e-06
2158,7.799519e-07,0.08540172,1.7560922e-06
2159,6.912567e-07,0.084402226,1.5184221e-06
2160,9.394807e-07,0.09854664,2.2809045e-06
2161,1.6283916e-06,0.12199255,4.598287e-06
2162,1.5654836e-06,0.123928994,4.4113e-06
2163,1.4279458e-06,0.12130752,3.9016295e-06
2164,1.3910212e-06,0.120447,3.7329337e-06
2165,1.9254862e-06,0.13935922,5.684165e-06
2166,2.5286704e-06,0.15444736,7.99193e-06
2167,2.1959336e-06,0.14937754,6.675913e-06
2168,1.9260726e-06,0.14392313,5.6155377e-06
2169,1.6743868e-06,0.13970995,4.707224e-06
2170,2.1667513e-06,0.14545803,6.352121e-06
2171,1.9055285e-06,0.13183719,5.2144683e-06
2172,4.609037e-06,0.17730172,1.5938738e-05
2173,5.762225e-06,0.18627217,2.0866806e-05
2174,5.546579e-06,0.17927867,1.9609784e-05
2175,4.9141145e-06,0.16643463,1.6395772e-05
2176,4.3520736e-06,0.15279219,1.3645134e-05
2177,3.885774e-06,0.14254162,1.15330095e-05
2178,3.4356935e-06,0.13946398,9.8737755e-06
2179,3.063355e-06,0.13591674,8.501922e-06
2180,3.6329507e-06,0.13676533,1.025924e-05
2181,5.9367026e-06,0.16157494,1.9127181e-05
2182,6.6937564e-06,0.16263846,2.1859367e-05
2183,5.9816985e-06,0.14768413,1.8352632e-05
2184,1.2364786e-05,0.19129169,4.623077e-05
2185,1.7118124e-05,0.20955919,6.915369e-05
2186,1.9814464e-05,0.2137426,8.194674e-05
2187,1.9004337e-05,0.20186765,7.570341e-05
2188,1.7008997e-05,0.19565101,6.532822e-05
2189,1.50987735e-05,0.19159134,5.6244382e-05
2190,1.3595325e-05,0.18089958,4.8301947e-05
2191,1.2288118e-05,0.17320587,4.1890762e-05
2192,1.10559895e-05,0.16940865,3.65175e-05
2193,9.9946255e-06,0.1650353,3.1925185e-05
2194,9.073664e-06,0.15969321,2.7951513e-05
2195,8.241765e-06,0.15543784,2.4552064e-05
2196,7.4772092e-06,0.15226917,2.160682e-05
2197,6.772776e-06,0.14185564,1.8599629e-05
2198,6.195307e-06,0.13580789,1.6355289e-05
2199,5.681503e-06,0.13126661,1.44771475e-05
2200,5.217922e-06,0.12757537,1.2864721e-05
2201,4.800481e-06,0.12345888,1.14355435e-05
2202,4.4234503e-06,0.11981138,1.0195184e-05
2203,4.0810137e-06,0.1168476,9.120337e-06
2204,3.7495588e-06,0.11037867,8.026328e-06
2205,3.468703e-06,0.10828433,7.219998e-06
2206,3.215022e-06,0.105728894,6.4966553e-06
2207,2.9825273e-06,0.103640296,5.8611245e-06
2208,2.7687997e-06,0.10003785,5.2618975e-06
2209,2.573738e-06,0.096587665,4.7318954e-06
2210,2.3980256e-06,0.094206594,4.2826637e-06
2211,2.2337472e-06,0.09089908,3.8604167e-06
2212,3.460264e-06,0.10473948,6.6942102e-06
2213,4.468136e-06,0.1122596,9.161047e-06
2214,4.142661e-06,0.10689599,8.178371e-06
2215,3.9175748e-06,0.10177401,7.4712802e-06
2216,3.6488514e-06,0.09756098,6.7217898e-06
2217,4.2182655e-06,0.100595064,7.979025e-06
2218,3.9052447e-06,0.094715215,7.085108e-06
2219,3.6187869e-06,0.089143395,6.2976287e-06
2220,3.3844826e-06,0.08557643,5.69766e-06
2221,4.997284e-06,0.097979866,9.331149e-06
2222,1.1769528e-05,0.13789526,2.84269e-05
2223,1.1226896e-05,0.13397034,2.6535656e-05
2224,1.0552265e-05,0.1289793,2.4181616e-05
2225,9.851378e-06,0.12458933,2.1888818e-05
2226,9.220907e-06,0.121676676,1.9949555e-05
2227,1.1238348e-05,0.12821494,2.5397047e-05
2228,1.0516699e-05,0.12438215,2.3090806e-05
2229,9.834829e-06,0.11980057,2.0927619e-05
2230,9.212395e-06,0.11568664,1.9021021e-05
2231,8.6235e-06,0.111103654,1.7243447e-05
2232,8.110716e-06,0.10850482,1.5808351e-05
2233,7.5739513e-06,0.10314664,1.42423e-05
2234,7.11075e-06,0.09916352,1.29622185e-05
2235,6.9507514e-06,0.0989047,1.2521343e-05
2236,6.54462e-06,0.095578946,1.1455754e-05
2237,6.158895e-06,0.09147871,1.0440858e-05
2238,5.8081782e-06,0.08838228,9.570129e-06
2239,5.485725e-06,0.085609205,8.795442e-06
2240,5.1867796e-06,0.08303092,8.097584e-06
2241,4.91371e-06,0.08093351,7.4847517e-06
2242,4.6600585e-06,0.079050116,6.9320554e-06
2243,4.416435e-06,0.07678804,6.403859e-06
2244,4.1746825e-06,0.073891364,5.8798637e-06
2245,3.947118e-06,0.07103534,5.3987746e-06
2246,3.747958e-06,0.068975404,4.9987693e-06
2247,3.5532005e-06,0.06656032,4.610575e-06
2248,7.820177e-06,0.089896545,1.2758176e-05
2249,7.474451e-06,0.08746789,1.1931338e-05
2250,7.09625e-06,0.0852435,1.10611e-05
2251,6.715785e-06,0.082114145,1.0177655e-05
2252,6.3907232e-06,0.08039332,9.475668e-06
2253,6.060446e-06,0.07763352,8.747677e-06
2254,7.439157e-06,0.08436684,1.1398901e-05
2255,7.081661e-06,0.08257019,1.0617436e-05
2256,1.1099084e-05,0.099870965,1.9030267e-05
2257,1.0541376e-05,0.097323276,1.7656463e-05
2258,1.614641e-05,0.11420359,3.0508647e-05
2259,2.5079755e-05,0.13527754,5.3759224e-05
2260,0.00012458902,0.25594908,0.00043323232
2261,0.00012011677,0.2499801,0.000410881
2262,0.000112507434,0.24226606,0.00037508056
2263,0.0001059062,0.23637319,0.0003451501
2264,9.9735866e-05,0.22753908,0.00031633972
2265,0.0006212524,0.46506327,0.0034043253
2266,0.00057303195,0.4481233,0.0030572189
2267,0.00053047057,0.4291042,0.002750423
2268,0.0005602711,0.43377668,0.0029390384
2269,0.0010050671,0.5438633,0.0062724296
2270,0.001983861,0.7026485,0.015137745
2271,0.007669953,1.199982,0.0880125
2272,0.0067051076,1.1026678,0.07405673
2273,0.005898192,1.0210912,0.06280411
2274,0.005215047,0.9516491,0.05360845
2275,0.004622791,0.8826534,0.045749243
2276,0.004309036,0.83582807,0.041652977
2277,0.0075814705,1.0175592,0.08609299
2278,0.006680045,0.9482864,0.07318684
2279,0.0059081945,0.8827405,0.0623684
2280,0.005333255,0.829054,0.054605257
2281,0.0047416985,0.76861906,0.046632573
2282,0.0042442577,0.7247406,0.040328067
2283,0.0038080772,0.68188596,0.034914203
2284,0.0034534228,0.64218175,0.030622598
2285,0.0032661136,0.62685597,0.028632002
2286,0.0044186907,0.7077242,0.042660072
2287,0.004517552,0.71220386,0.04417613
2288,0.0040956684,0.67102087,0.038770456
2289,0.0036799526,0.6265234,0.033499595
2290,0.0034350215,0.60626036,0.03072342
2291,0.0035215232,0.6034016,0.031654302
2292,0.0031841027,0.57391095,0.027686497
2293,0.0028929124,0.5407457,0.02427756
2294,0.002648552,0.512957,0.021528473
2295,0.0024045177,0.48252216,0.018819442
2296,0.0022402678,0.46086082,0.01704904
2297,0.0020945703,0.4452569,0.015593213
2298,0.001933837,0.42512852,0.013973771
2299,0.0017687785,0.40216,0.012328094
2300,0.0016192354,0.3816099,0.01089234
2301,0.0014842555,0.3617539,0.009632303
2302,0.001536217,0.3619228,0.009993376
2303,0.0015284617,0.35614836,0.0098461965
2304,0.0044954345,0.54228806,0.03976494
2305,0.004081065,0.5189627,0.034989197
2306,0.003703608,0.48960882,0.030608198
2307,0.0041635768,0.5048536,0.035418894
2308,0.0037855962,0.47817165,0.031086836
2309,0.013641555,0.78056085,0.16121058
2310,0.014432014,0.7878385,0.17291377
2311,0.012773461,0.7383817,0.14750779
2312,0.011356343,0.6924822,0.12635535
2313,0.010136997,0.6500442,0.108654976
2314,0.009844362,0.6286878,0.1039876
2315,0.07282397,1.3914435,1.2204138
2316,0.065125585,1.2520803,1.0630405
2317,0.055811316,1.1069435,0.8784674
2318,0.04740332,0.99418855,0.7175708
2319,0.039790582,0.8992744,0.577348
2320,0.033860657,0.8278162,0.47241294
2321,0.028993832,0.7758545,0.39095324
2322,0.02522261,0.71350104,0.32564983
2323,0.022124395,0.65984654,0.27375668
2324,0.01955426,0.619117,0.2329195
2325,0.024382912,0.66273856,0.30519
2326,0.021497246,0.6157182,0.2581502
2327,0.020933207,0.60961986,0.2495514
2328,0.031830613,0.71191853,0.41929924
2329,0.031048438,0.6906895,0.40462425
2330,0.027130947,0.63436794,0.33814293
2331,0.023923628,0.5959623,0.2872061
2332,0.021200528,0.5526618,0.24386954
2333,0.034266833,0.66933274,0.44366005
2334,0.029732402,0.6340976,0.37265673
2335,0.058402203,0.8130782,0.83867055
2336,0.058429703,0.7902037,0.8342017
2337,0.051326044,0.726396,0.7092222
2338,0.04543716,0.66878855,0.60578334
2339,0.04760226,0.66858184,0.6373918
2340,0.040746026,0.6256125,0.5267991
2341,0.035477728,0.57149047,0.4380097
2342,0.030774124,0.54758364,0.36923736
2343,0.027253028,0.51005083,0.31380728
2344,0.03154228,0.5279267,0.3723309
2345,0.12426502,0.8948529,1.8003392
2346,0.09624339,0.7721874,1.3552659
2347,0.078742616,0.6706963,1.0585705
2348,0.06368883,0.61733615,0.8333191
2349,0.05210218,0.5780496,0.6649525
2350,0.043627772,0.54827553,0.54253674
2351,0.038201977,0.5066281,0.45516133
2352,0.27363217,1.0873792,3.5336957
2353,0.18993548,0.8178448,2.5041962
2354,0.14382362,0.65722847,1.844843
2355,0.11450035,0.5761743,1.4281027
2356,0.09476703,0.506016,1.1310987
2357,0.07474591,0.4673516,0.8761104
2358,0.06451379,0.4332628,0.72769886
2359,0.057518918,0.40592772,0.6259981
2360,0.14405005,0.5805043,1.7459078
2361,0.11018123,0.5147841,1.314128
2362,0.0897098,0.47165772,1.0404866
2363,0.076744854,0.43209144,0.8554229
2364,0.11816755,0.5000945,1.3709768
2365,0.10028934,0.44678527,1.1168205
2366,0.07974491,0.4153793,0.8727043
2367,0.06905642,0.38982415,0.7302169
2368,0.056890484,0.37317687,0.5913668
2369,0.04495948,0.35565978,0.46326342
2370,0.039896272,0.3450585,0.40023255
2371,0.035324797,0.34120762,0.34928182
2372,0.031920277,0.332034,0.3074131
2373,0.03731807,0.35068983,0.37095457
2374,0.031981505,0.34459302,0.3130568
2375,0.022504332,0.31789556,0.22155559
2376,0.018875772,0.31331715,0.18382677
2377,0.026740246,0.3763597,0.29116178
2378,0.021769002,0.36568698,0.23442152
2379,0.017757542,0.35636413,0.18916936
2380,0.014768528,0.3496093,0.15532938
2381,0.011617831,0.33792496,0.12134826
2382,0.010439156,0.32936162,0.105855495
2383,0.010419154,0.32263693,0.104192026
2384,0.009419616,0.3138234,0.09137702
2385,0.09013263,0.76035106,1.4299294
2386,0.06916956,0.6727232,1.0677245
2387,0.048771612,0.59522444,0.74708664
2388,0.03495761,0.53803575,0.53004116
2389,0.024477633,0.48747352,0.36838388
2390,0.021091783,0.44562942,0.30044016
2391,0.018281424,0.40409136,0.24551676
2392,0.0160378,0.37575567,0.20491348
2393,0.014256969,0.3484278,0.17345718
2394,0.012728203,0.33736527,0.14984486
2395,0.011413644,0.31364676,0.1279594
2396,0.021412687,0.39947054,0.28277633
2397,0.022516645,0.42183313,0.3061358
2398,0.019553661,0.40294796,0.25609708
2399,0.018767424,0.41524655,0.25130492
2400,0.012935272,0.38019463,0.17262907
2401,0.0092936605,0.35452455,0.12288672
2402,0.006358196,0.32585102,0.08349992
2403,0.0043330872,0.29962865,0.056365587
2404,0.0036473658,0.28823695,0.04554892
2405,0.003963274,0.28967345,0.049614083
2406,0.002937928,0.27384672,0.036057275
2407,0.0020515004,0.254176,0.02477277
2408,0.0015351003,0.2403422,0.018039944
2409,0.0012531024,0.23003417,0.014105855
2410,0.0009976205,0.22006185,0.010813491
2411,0.0008176496,0.21067695,0.008479963
2412,0.00069831224,0.19670364,0.006802828
2413,0.0011039362,0.22434251,0.011932558
2414,0.0007791771,0.20890932,0.008247566
2415,0.00060902495,0.1989018,0.006206622
2416,0.00047352116,0.18908459,0.004645107
2417,0.00037133883,0.17982946,0.0034975137
2418,0.00031170485,0.16907011,0.0027632155
2419,0.00026453825,0.1522941,0.0021633895
2420,0.0003240547,0.16430922,0.002772508
2421,0.0005992776,0.20124051,0.005979597
2422,0.005011162,0.46565115,0.09337629
2423,0.0045864373,0.43135074,0.08161998
2424,0.0036469703,0.39887822,0.061154496
2425,0.038615774,0.97064686,1.1151469
2426,0.056306347,1.0550058,1.646218
2427,0.04518278,0.9177347,1.3200692
2428,0.11497275,1.2217115,3.1743522
2429,0.067392096,0.85735434,1.8871952
2430,0.04554634,0.67189324,1.2083668
2431,0.049901582,0.64414257,1.295724
2432,0.046955273,0.55676466,1.1483079
2433,0.035487324,0.45475465,0.79539174
2434,0.02432034,0.39863452,0.5266798
2435,0.014492382,0.34322867,0.3095121
2436,0.008679513,0.2980149,0.18132079
2437,0.0070067034,0.2510803,0.13104588
2438,0.0047484515,0.22741105,0.08538837
2439,0.0038408234,0.19848119,0.062486354
2440,0.0031336055,0.17932491,0.046869807
2441,0.0026616396,0.16370383,0.03690525
2442,0.0022718553,0.14749268,0.02904525
2443,0.0019072158,0.13542473,0.022617802
2444,0.0015736059,0.12912868,0.017685445
2445,0.0012368532,0.12381153,0.013349121
2446,0.00084065075,0.11503446,0.008870428
2447,0.0006385159,0.10921941,0.006465007
2448,0.00046858328,0.1029536,0.004569004
2449,0.0003391575,0.09660612,0.0031829271
2450,0.00026627397,0.09131892,0.0023651076
2451,0.0002552982,0.08979749,0.0022026536
2452,0.00021128902,0.0783638,0.0016479255
2453,0.00017828967,0.070240356,0.0012745132
2454,0.00025435336,0.08026669,0.0019817918
2455,0.00021732599,0.07765307,0.0016181796
2456,0.00018488438,0.07102835,0.0012745449
2457,0.00017462607,0.0728409,0.001204583
2458,0.00013970755,0.07039389,0.0009261431
2459,0.00012931279,0.07045319,0.00083980703
2460,0.00011170061,0.06816303,0.00069266954
2461,9.14693e-05,0.06604466,0.00054387335
2462,9.831604e-05,0.063019186,0.0005701557
2463,8.855947e-05,0.058451302,0.0004825291
2464,7.691783e-05,0.054072544,0.00039137737
2465,6.2906365e-05,0.053018518,0.00031008953
2466,0.000107463784,0.06902092,0.0006328
2467,9.194546e-05,0.06654044,0.0005153329
2468,0.00010964219,0.0706949,0.00063495286
2469,0.0001827372,0.09187478,0.0012710355
2470,0.00013858537,0.08809921,0.0009384308
2471,0.00016216132,0.09758056,0.0011647637
2472,0.00014205664,0.09185824,0.0009614235
2473,0.00020387735,0.099778056,0.001481247
2474,0.00019951488,0.0971614,0.0014062639
2475,0.00017521398,0.091185704,0.0011628272
2476,0.00015188611,0.085832186,0.00094891654
2477,0.00013220431,0.08132526,0.00078030943
2478,0.00011566182,0.07634539,0.00064280507
2479,0.0001129852,0.07420614,0.00061410683
2480,0.000117813965,0.073977575,0.00063847617
2481,0.00011385874,0.07226734,0.00059904245
2482,0.00014107558,0.0810551,0.000791853
2483,0.0001240358,0.0782826,0.0006648767
2484,0.00010845432,0.07649648,0.000558758
2485,9.465928e-05,0.0750303,0.0004698676
2486,8.33088e-05,0.06839815,0.0003859857
2487,6.7982735e-05,0.06749901,0.00030861457
2488,5.7739773e-05,0.06827563,0.00026606148
2489,4.791054e-05,0.06754174,0.00021636055
2490,4.1875443e-05,0.06103458,0.00017562299
2491,3.6633286e-05,0.059938475,0.00014809056
2492,7.090186e-05,0.08341105,0.00036374602
2493,8.562919e-05,0.09187026,0.00046327894
2494,8.829053e-05,0.09259786,0.000474249
2495,8.761288e-05,0.093555756,0.00046576743
2496,7.645978e-05,0.084488936,0.00037751452
2497,6.780716e-05,0.08081412,0.00031873691
2498,6.0353563e-05,0.07708879,0.0002699344
2499,6.6900815e-05,0.08359755,0.00031119233
2500,9.879764e-05,0.10307446,0.0005288252
2501,0.00014008982,0.12078985,0.0008298979
2502,0.00012217018,0.11751229,0.0006952543
2503,0.00012572944,0.12205808,0.00072227785
2504,0.00012912386,0.11809288,0.0007256463
2505,0.000114593255,0.11285288,0.0006136153
2506,0.000110956884,0.1114408,0.0005807963
2507,9.853044e-05,0.103156045,0.0004855246
2508,8.818735e-05,0.09729164,0.00041249648
2509,8.308851e-05,0.098499194,0.0003840041
2510,7.40376e-05,0.096730866,0.00033066803
2511,6.5307766e-05,0.09574238,0.00028330792
2512,5.6338085e-05,0.09640417,0.00024422028
2513,0.00042413242,0.22186428,0.0033904768
2514,0.0003715633,0.21129276,0.0028286176
2515,0.00037780878,0.2161387,0.0028833654
2516,0.00033245553,0.2010163,0.0023931358
2517,0.00040358127,0.22511852,0.003115782
2518,0.00037604725,0.21575138,0.0027949181
2519,0.00044959222,0.22622952,0.003456156
2520,0.0003959757,0.20850584,0.0028634986
2521,0.00035026783,0.20112349,0.0024300793
2522,0.00025428523,0.18988167,0.001747766
2523,0.00019964727,0.18335822,0.0013454858
2524,0.00016596512,0.17880541,0.0010864947
2525,0.00014168562,0.17423326,0.00089576456
2526,0.00012434208,0.1600284,0.0007368777
2527,0.0001372674,0.15975203,0.0008150353
2528,0.0001632267,0.1662266,0.0009976565
2529,0.00014208235,0.16245969,0.0008387303
2530,0.00011732295,0.1590219,0.0006763927
2531,0.00010261605,0.15500517,0.0005702075
2532,9.025331e-05,0.15083939,0.00048283723
2533,7.9985904e-05,0.13932553,0.00040275784
2534,7.1198134e-05,0.13520661,0.00034470033
2535,6.360384e-05,0.12625407,0.00029142908
2536,5.571683e-05,0.12471229,0.00024819662
2537,4.8669193e-05,0.12441329,0.00021321229
2538,4.818962e-05,0.119158916,0.0002049819
2539,6.176345e-05,0.12710568,0.0002771644
2540,0.00012806013,0.16722263,0.0007081591
2541,0.0001144459,0.15712567,0.0006008108
2542,9.835075e-05,0.15516943,0.000503804
2543,8.842003e-05,0.15007898,0.00043547445
2544,8.7008324e-05,0.14756931,0.00042288812
2545,8.1242324e-05,0.1408945,0.00038176402
2546,7.3790354e-05,0.13089818,0.00032949107
2547,6.5860215e-05,0.119639054,0.00027643493
2548,5.6376684e-05,0.11898699,0.00023239496
2549,4.963775e-05,0.11830637,0.00019986075
2550,4.4715678e-05,0.109967306,0.00017052125
2551,4.055997e-05,0.10788627,0.00014978266
2552,3.5726574e-05,0.107636385,0.0001292047
2553,3.1893207e-05,0.107111625,0.00011260239
2554,2.8587549e-05,0.10646783,9.844993e-05
2555,2.5660189e-05,0.105822206,8.6197055e-05
2556,2.3222565e-05,0.10471274,7.589395e-05
2557,2.1081649e-05,0.10345884,6.698703e-05
2558,1.8906692e-05,0.10311528,5.872492e-05
2559,1.6817417e-05,0.10297842,5.117565e-05
2560,1.5294467e-05,0.10180143,4.527714e-05
2561,1.4022608e-05,0.098722294,4.006913e-05
2562,1.28508145e-05,0.094080195,3.5218283e-05
2563,1.1817826e-05,0.09043236,3.1178417e-05
2564,1.0848769e-05,0.08945309,2.7873368e-05
2565,9.89507e-06,0.08328889,2.4174917e-05
2566,9.145196e-06,0.08186826,2.1714115e-05
2567,8.466966e-06,0.08028259,1.9525385e-05
2568,7.847794e-06,0.0788455,1.759146e-05
2569,7.28459e-06,0.07731025,1.5866917e-05
2570,6.758766e-06,0.074370414,1.4207238e-05
2571,6.288709e-06,0.07214378,1.2801673e-05
2572,5.8563155e-06,0.071256235,1.1625151e-05
2573,5.45082e-06,0.070745535,1.0574379e-05
2574,5.058959e-06,0.07070633,9.6188505e-06
2575,4.689475e-06,0.0708283,8.749002e-06
2576,4.329298e-06,0.07121332,7.941071e-06
2577,4.0477403e-06,0.07016906,7.2399816e-06
2578,3.7807401e-06,0.06768118,6.5443382e-06
2579,3.5435498e-06,0.066569634,5.9802856e-06
2580,3.3217673e-06,0.065922804,5.4803063e-06
2581,3.1179632e-06,0.06510031,5.0246585e-06
2582,2.9293733e-06,0.06425829,4.6113505e-06
2583,2.7549654e-06,0.063250415,4.2329843e-06
2584,2.5877443e-06,0.06302567,3.8987096e-06
2585,2.4372603e-06,0.061951865,3.5837227e-06
2586,2.278378e-06,0.05896533,3.2303553e-06
2587,2.1404458e-06,0.05670261,2.9393182e-06
2588,2.0164252e-06,0.054855138,2.6887926e-06
2589,1.904552e-06,0.053453475,2.4732628e-06
2590,1.797255e-06,0.05174499,2.2678528e-06
2591,1.7024495e-06,0.050850462,2.0993098e-06
2592,1.60689e-06,0.049054686,1.9235697e-06
2593,1.5220913e-06,0.047773648,1.7755809e-06
2594,1.4454673e-06,0.047410876,1.6543382e-06
2595,1.3725838e-06,0.04646426,1.534877e-06
2596,2.97587e-06,0.06216649,4.1553653e-06
2597,4.2172187e-06,0.071719505,6.5379363e-06
2598,3.97943e-06,0.069485255,5.9989247e-06
2599,3.7658192e-06,0.06795862,5.540361e-06
2600,3.563824e-06,0.06623698,5.111679e-06
2601,3.3748577e-06,0.06454609,4.7197727e-06
2602,3.2034845e-06,0.06366909,4.3878154e-06
2603,3.0305603e-06,0.0615624,4.036864e-06
2604,2.8644306e-06,0.059273217,3.7051293e-06
2605,1.20146915e-05,0.103450984,2.3758475e-05
2606,1.5803578e-05,0.11632876,3.3822584e-05
2607,1.4901499e-05,0.11391208,3.1140633e-05
2608,1.4059101e-05,0.11138896,2.8678493e-05
2609,1.3264001e-05,0.10842172,2.6371117e-05
2610,1.27460635e-05,0.10665616,2.4865283e-05
2611,1.2200721e-05,0.10366577,2.3247749e-05
2612,2.2244454e-05,0.1299458,5.0359147e-05
2613,2.0933521e-05,0.12555948,4.6076068e-05
2614,1.9745112e-05,0.12105924,4.2241583e-05
2615,1.8631037e-05,0.11743897,3.8821974e-05
2616,4.2292235e-05,0.1607039,0.000111946574
2617,4.0584724e-05,0.15755223,0.00010566746
2618,5.0021616e-05,0.16835254,0.00013719598
2619,5.5237673e-05,0.17492436,0.00015570375
2620,6.0675182e-05,0.18197633,0.00017581972
2621,0.00023190505,0.30629215,0.0010004636
2622,0.000215544,0.29743716,0.0009060535
2623,0.00020044565,0.28758782,0.0008197495
2624,0.00018583251,0.27369884,0.00073499174
2625,0.00017258718,0.26076356,0.00066051725
2626,0.00044400114,0.37407058,0.0022422078
2627,0.00047526465,0.38882676,0.0024550082
2628,0.00043940207,0.37586597,0.0022094424
2629,0.00040649975,0.36178645,0.0019865464
2630,0.00037642548,0.34785917,0.0017871419
2631,0.00034885647,0.3339245,0.0016080715
2632,0.00032381702,0.3212092,0.0014503489
2633,0.00030104144,0.3097162,0.001311306
2634,0.0002794004,0.29556572,0.0011790253
2635,0.00026019028,0.28429455,0.0010668964
2636,0.00061041204,0.3936355,0.0032147144
2637,0.0005734888,0.38348705,0.0029566314
2638,0.00052976137,0.36513337,0.0026449803
2639,0.0005879723,0.37513813,0.0030078844
2640,0.0005439262,0.35802847,0.0026972783
2641,0.0005977846,0.37272382,0.0030576347
2642,0.00056596927,0.36072543,0.0028341988
2643,0.00052685954,0.3457105,0.0025649532
2644,0.000495084,0.33428553,0.0023556796
2645,0.00046042257,0.3221441,0.0021311513
2646,0.0004606829,0.32158545,0.0021309422
2647,0.0033462625,0.70920545,0.028198984
2648,0.0031346104,0.6778298,0.025816614
2649,0.0028490308,0.6408134,0.022721538
2650,0.003997941,0.73414314,0.035379726
2651,0.0036091465,0.7020144,0.031054009
2652,0.003265098,0.6688861,0.027269242
2653,0.0029601264,0.64137703,0.024045335
2654,0.0026887439,0.6137971,0.021221785
2655,0.0026917728,0.600535,0.02112143
2656,0.005051275,0.758618,0.04765205
2657,0.011751329,1.037839,0.1410777
2658,0.01055851,0.9733207,0.12332047
2659,0.0095479535,0.9235462,0.10867207
2660,0.0084496895,0.868061,0.09299951
2661,0.0074979533,0.8079517,0.07945
2662,0.0066848835,0.7564837,0.06830109
2663,0.0065290397,0.73251575,0.06593539
2664,0.0076307547,0.76563835,0.08036818
2665,0.046344094,1.56766,0.7768682
2666,0.037673123,1.3705809,0.6038632
2667,0.03128511,1.2138813,0.47876427
2668,0.02640807,1.0895237,0.38613456
2669,0.022572814,0.9996115,0.31707564
2670,0.025407607,1.020104,0.36702555
2671,0.11190144,1.7612312,1.9875752
2672,0.0825438,1.4137388,1.420516
2673,0.06433981,1.1995505,1.0628469
2674,0.051969595,1.0521919,0.8222148
2675,0.043146767,0.9201988,0.64813095
2676,0.03914065,0.84127843,0.5672208
2677,0.033308245,0.7791345,0.46472225
2678,0.028721176,0.7250814,0.3855879
2679,0.025328169,0.66752964,0.3258339
2680,0.022805994,0.62798864,0.2841853
2681,0.020487428,0.5873899,0.24612223
2682,0.018533485,0.5493042,0.21438359
2683,0.016547814,0.5198653,0.18455632
2684,0.014824419,0.48787117,0.15888497
2685,0.033595446,0.6726492,0.4444217
2686,0.029265707,0.62861437,0.3725341
2687,0.025547862,0.59850013,0.31495687
2688,0.022583427,0.557336,0.26711234
2689,0.020096792,0.5263479,0.2290938
2690,0.04199687,0.70301634,0.5704835
2691,0.045544688,0.7057839,0.6221066
2692,0.03914462,0.65253186,0.513757
2693,0.25366363,1.348299,3.5410154
2694,0.18786454,1.0526569,2.6833122
2695,0.13820207,0.8307583,1.9378296
2696,0.108271815,0.70040905,1.4640042
2697,0.08816695,0.61702865,1.1458992
2698,0.17962848,0.7828797,2.349125
2699,0.8642193,1.3532435,6.191314
2700,0.6072965,0.9444712,5.1527357
2701,0.38598523,0.6578112,3.7473779
2702,0.459923,0.6191733,4.065426
2703,2.6631162,1.1491171,7.507165
2704,2.6340673,1.0698258,7.3992996
2705,1.5179697,0.8044035,6.444046
2706,0.8431807,0.57783663,4.9949594
2707,0.55441433,0.4377787,3.7241974
2708,0.40484983,0.35268885,2.7988906
2709,0.31335288,0.30343002,2.154914
2710,0.30857167,0.294515,2.081355
2711,0.2513234,0.26564077,1.6599264
2712,0.20093387,0.24602161,1.3108906
2713,0.17273697,0.2329863,1.0986357
2714,0.1513958,0.22325411,0.9387201
2715,0.11697507,0.21016158,0.7250799
2716,0.104308024,0.20662986,0.63438165
2717,0.14644824,0.23864575,0.94167596
2718,0.30747056,0.32155547,2.069399
2719,0.83335114,0.46815413,4.479656
2720,0.5733378,0.37111366,3.3523164
2721,1.2682483,0.48727393,5.3336544
2722,0.9302775,0.40429404,4.4131007
2723,0.6112839,0.32497725,3.22242
2724,0.44950268,0.27989987,2.4378529
2725,0.62264824,0.3110099,3.1581059
2726,0.4641296,0.268768,2.3968172
2727,0.37868407,0.24096906,1.9226345
2728,0.30950955,0.22318526,1.5462575
2729,0.8690497,0.34942538,3.896651
2730,0.59364444,0.2911289,2.871906
2731,0.37798715,0.24695507,1.9473636
2732,0.24497375,0.22156368,1.3133777
2733,0.18337744,0.20378241,0.9870091
2734,0.21153013,0.22027305,1.1580117
2735,0.15197451,0.2015876,0.8411886
2736,0.10871446,0.18798472,0.6095125
2737,0.09606468,0.18673776,0.53182095
2738,0.088337086,0.18496084,0.4801927
2739,0.08000702,0.18545908,0.4301419
2740,0.07887285,0.18771076,0.4221493
2741,0.05872216,0.17728204,0.31729895
2742,0.0441383,0.1681751,0.24068038
2743,0.04081841,0.17021455,0.22049902
2744,0.15167311,0.2926938,1.088722
2745,0.128621,0.28009292,0.905585
2746,0.11205801,0.27110022,0.7726494
2747,0.10148446,0.26201802,0.6824698
2748,0.10160475,0.2764964,0.73872715
2749,0.094180934,0.278626,0.6866197
2750,0.28298756,0.44192338,2.273517
2751,0.17742091,0.37231106,1.4936639
2752,0.13390085,0.33812088,1.1237261
2753,0.15794611,0.37038895,1.3683833
2754,0.10427412,0.33902818,0.9378901
2755,0.084293574,0.3217941,0.7486213
2756,0.11626872,0.37338802,1.0890812
2757,0.07783195,0.3336843,0.7407083
2758,0.055303063,0.3045301,0.5290205
2759,0.03846542,0.27843717,0.37072456
2760,0.029861175,0.26723132,0.28685418
2761,0.026252361,0.2649701,0.24769591
2762,0.40298668,0.79540294,4.2854147
2763,0.34448,0.67358905,3.790248
2764,0.17872602,0.5111063,2.2863076
2765,0.1170391,0.42282522,1.5320135
2766,0.09354234,0.38027275,1.1863933
2767,2.4431183,1.4131504,7.7436795
2768,1.0095,0.958641,6.5206413
2769,0.5771551,0.62305766,5.021925
2770,0.6447503,0.5584729,5.1182985
2771,4.190927,1.141387,7.967348
2772,7.9010353,1.8629411,8.292831
2773,4.4725113,2.095816,7.932354
2774,2.3089583,1.7653171,7.307089
2775,0.97298324,1.265229,5.8521976
2776,0.45088863,0.86930877,3.938019
2777,0.28456327,0.6650751,2.7209072
2778,0.16981815,0.5337918,1.7364575
2779,0.108275525,0.45449382,1.1396357
2780,0.07660952,0.40610567,0.8094285
2781,0.06849229,0.37905383,0.69811815
2782,0.14729333,0.50859207,1.6362747
2783,0.37939107,0.70322436,3.7175713
2784,0.26428354,0.551415,2.6934059
2785,2.6491404,1.3994449,7.564605
2786,2.0591881,1.1703037,7.1580048
2787,1.2490878,0.8782594,6.1933036
2788,0.6059963,0.60476875,4.424191
2789,0.33610365,0.44398367,2.9041116
2790,0.20534079,0.35555688,1.8958142
2791,0.13313699,0.30265,1.264553
2792,0.0914397,0.2681297,0.8776241
2793,0.06087622,0.24455008,0.59352094
2794,0.039369334,0.23083721,0.39194363
2795,0.025155859,0.22157905,0.25592563
2796,0.015483632,0.21889856,0.16180016
2797,0.010322392,0.2030907,0.108591415
2798,0.00778762,0.19533767,0.08134799
2799,0.0069196178,0.19113797,0.0698874
2800,0.004986722,0.18129155,0.05016333
2801,0.0030441873,0.17439054,0.031108866
2802,0.002000106,0.16070586,0.020372117
2803,0.0017602361,0.1566774,0.017261699
2804,0.0015404513,0.14612146,0.014220848
2805,0.001331545,0.14247759,0.011820506
2806,0.0011393462,0.13967735,0.009769434
2807,0.0010034404,0.13390717,0.00820184
2808,0.0016176017,0.17185055,0.015746748
2809,0.0012663654,0.16640535,0.012062668
2810,0.0015816061,0.18211818,0.015908867
2811,0.0013796262,0.17132895,0.0131113175
2812,0.001043043,0.16427056,0.009722275
2813,0.00082282576,0.16036727,0.0076586558
2814,0.00068562065,0.15540163,0.0061343876
2815,0.00058574113,0.14962052,0.00500201
2816,0.00043269637,0.142261,0.0036190376
2817,0.00031834384,0.13490596,0.002601766
2818,0.00023362228,0.12763068,0.0018609441
2819,0.0002997197,0.14680704,0.002616923
2820,0.0002436573,0.14357513,0.0021124005
2821,0.00020371295,0.12569363,0.001605397
2822,0.0001685538,0.12017387,0.0012631908
2823,0.0002000599,0.12649183,0.0015430999
2824,0.00021256167,0.12314606,0.0016100863
2825,0.00020592341,0.117026836,0.0014973294
2826,0.00022831415,0.11536074,0.0016545632
2827,0.00032302394,0.13026866,0.0025652663
2828,0.00031216408,0.13021848,0.0024359862
2829,0.0002608178,0.12599441,0.0019517009
2830,0.00023558117,0.12109799,0.0016858838
2831,0.00020540773,0.1190778,0.0014252301
2832,0.0001726063,0.11567972,0.0011512091
2833,0.0001632768,0.1186552,0.0010934357
2834,0.0001382158,0.1150102,0.0008876008
2835,0.00011258164,0.11195423,0.0007018675
2836,0.00026328096,0.16525534,0.0021746992
2837,0.000281673,0.17140682,0.0023566117
2838,0.0006462199,0.25071102,0.007165998
2839,0.00054136233,0.232961,0.005622984
2840,0.0004579341,0.21112718,0.0044033076
2841,0.0003902987,0.19499618,0.0035060977
2842,0.00035877177,0.18400641,0.003092768
2843,0.00033045982,0.17393929,0.002736136
2844,0.0007642153,0.23158033,0.007885671
2845,0.0014213274,0.2922917,0.01749703
2846,0.0013637253,0.27376184,0.016121093
2847,0.002588391,0.3507774,0.036525726
2848,0.0037324796,0.38040072,0.056555122
2849,0.013555918,0.6234162,0.29150778
2850,0.03195785,0.831992,0.8124036
2851,0.07929542,1.0863796,2.1009088
2852,0.06328074,0.8734075,1.6027308
2853,0.06493095,0.80070007,1.5856273
2854,0.047136154,0.6568775,1.0865505
2855,0.031525865,0.56055766,0.7072938
2856,0.018141123,0.48868552,0.40762258
2857,0.014599733,0.45320347,0.31573927
2858,0.012762082,0.44334927,0.27881536
2859,0.012172478,0.4001545,0.2510078
2860,0.009782747,0.3403984,0.18233967
2861,0.0082076145,0.3086872,0.14233308
2862,0.006808225,0.28234422,0.110014506
2863,0.005657027,0.2634076,0.08600313
2864,0.004599496,0.25008053,0.06664391
2865,0.0035675175,0.23745264,0.04979151
2866,0.0027672383,0.2255108,0.037174176
2867,0.0020978672,0.21327612,0.027194632
2868,0.0018248716,0.21356307,0.023904372
2869,0.0014867415,0.20165315,0.018421715
2870,0.0012049751,0.19686921,0.0148903765
2871,0.00091740355,0.1853404,0.010851649
2872,0.00075079506,0.17376146,0.008344536
2873,0.0006046132,0.16441338,0.0063684434
2874,0.0009103831,0.19952099,0.010950676
2875,0.00088011345,0.1955532,0.010311777
2876,0.0007524399,0.18529607,0.008353239
2877,0.00064410636,0.16583587,0.0065834634
2878,0.00066117744,0.1618065,0.0066099204
2879,0.00056405395,0.14591026,0.0052066273
2880,0.00049066416,0.13825315,0.0042850743
2881,0.0005721428,0.14431418,0.005160131
2882,0.000836428,0.16514637,0.008348166
2883,0.00074537884,0.15111703,0.006990465
2884,0.00064982404,0.13600755,0.005661881
2885,0.0006088097,0.13095808,0.0051445877
2886,0.0005587309,0.123597816,0.004520866
2887,0.0010685374,0.15304127,0.010208285
2888,0.01946066,0.4618754,0.41144472
2889,0.16609336,1.0227419,3.7535388
2890,0.10220152,0.67056113,2.331933
2891,0.05985428,0.5171629,1.3895023
2892,0.042089354,0.439154,0.9368013
2893,0.03287135,0.37346655,0.67547697
2894,0.027442215,0.33578777,0.52972776
2895,0.030276831,0.33571753,0.58358574
2896,0.024371546,0.3062796,0.4430771
2897,0.015146604,0.2698402,0.2728272
2898,0.0102094775,0.24497598,0.17953612
2899,0.0072614816,0.226197,0.12340511
2900,0.0053971037,0.21109077,0.0878871
2901,0.004075819,0.19770364,0.063372694
2902,0.0033623364,0.18092881,0.048436236
2903,0.0028003743,0.16193646,0.037008595
2904,0.002394289,0.14398372,0.029135905
2905,0.0020068553,0.12588912,0.0222221
2906,0.0016646378,0.12149231,0.017612962
2907,0.0013935277,0.11711342,0.014060564
2908,0.0011887857,0.11192104,0.011367911
2909,0.0010233964,0.10637561,0.0092509
2910,0.00087459147,0.1029762,0.007551425
2911,0.000739488,0.10029208,0.0061273985
2912,0.0005945894,0.0978282,0.004780079
2913,0.00045277146,0.09434268,0.0035536329
2914,0.00038396142,0.091370486,0.0028794426
2915,0.00033849836,0.082937434,0.002368988
2916,0.00029157588,0.07398929,0.0018798615
2917,0.00025564103,0.07097019,0.0015668406
2918,0.00022058372,0.06964048,0.001301548
2919,0.00018978424,0.06850822,0.0010802507
2920,0.00016300686,0.067493625,0.00089623895
2921,0.0001430588,0.06578485,0.0007542427
2922,0.00012536162,0.059555627,0.0006146405
2923,0.000111315494,0.055368505,0.0005136884
2924,9.965336e-05,0.053028375,0.00043833468
2925,8.920279e-05,0.05175644,0.00037710476
2926,8.026369e-05,0.049926225,0.00032470105
2927,7.305656e-05,0.04847288,0.0002840655
2928,6.602214e-05,0.047147017,0.0002467168
2929,5.966514e-05,0.046280824,0.00021517348
2930,5.378822e-05,0.045818776,0.00018796365
2931,4.8702044e-05,0.045198593,0.00016469431
2932,4.4126446e-05,0.044699814,0.00014460523
2933,3.989406e-05,0.04163881,0.00012379345
2934,3.6377594e-05,0.04113737,0.00010942422
2935,3.3248736e-05,0.040587816,9.6928496e-05
2936,3.0465488e-05,0.039946217,8.602148e-05
2937,2.793014e-05,0.03947706,7.6531054e-05
2938,2.5602398e-05,0.03918124,6.821592e-05
2939,2.352817e-05,0.03879754,6.0919454e-05
2940,2.1681231e-05,0.037387304,5.4021642e-05
2941,2.0010395e-05,0.036947735,4.8447168e-05
2942,1.8516626e-05,0.036176037,4.3427513e-05
2943,1.71337e-05,0.03488537,3.8725e-05
2944,1.5781116e-05,0.03297655,3.4121844e-05
2945,1.4530597e-05,0.031044275,3.001829e-05
2946,1.3538138e-05,0.030564012,2.719126e-05
2947,1.8015993e-05,0.03377437,3.8970386e-05
2948,1.6681171e-05,0.03211247,3.46366e-05
2949,1.556317e-05,0.031811666,3.1503616e-05
2950,1.452265e-05,0.03165336,2.8711704e-05
2951,1.3490867e-05,0.030138595,2.5640882e-05
2952,1.2629328e-05,0.028766798,2.3154456e-05
2953,1.1730967e-05,0.027244367,2.064495e-05
2954,1.1008292e-05,0.026542904,1.8807772e-05
2955,1.0297783e-05,0.025465712,1.698803e-05
2956,1.0415673e-05,0.02559612,1.7158081e-05
2957,1.0307701e-05,0.025716608,1.6811411e-05
2958,9.71247e-06,0.025556454,1.5497682e-05
2959,9.313178e-06,0.024690183,1.4449285e-05
2960,8.9290415e-06,0.024090756,1.3550458e-05
2961,8.436636e-06,0.023934193,1.2533702e-05
2962,7.978417e-06,0.023695266,1.1592481e-05
2963,7.548876e-06,0.023331435,1.0710203e-05
2964,7.1488666e-06,0.023012863,9.911993e-06
2965,6.774779e-06,0.022689274,9.1804795e-06
2966,6.4250685e-06,0.022380203,8.5124475e-06
2967,6.0653642e-06,0.021578092,7.794083e-06
2968,5.7224956e-06,0.020735111,7.124431e-06
2969,5.427246e-06,0.02018957,6.581309e-06
2970,5.14017e-06,0.019530384,6.057689e-06
2971,1.2861355e-05,0.028178573,1.99436e-05
2972,1.3300905e-05,0.028539734,2.0655663e-05
2973,1.2588019e-05,0.027533844,1.8976165e-05
2974,5.079978e-05,0.04850401,0.000116487514
2975,4.7908416e-05,0.047414828,0.00010700097
2976,5.749432e-05,0.05114329,0.00013470055
2977,5.428423e-05,0.050745524,0.00012452817
2978,5.1294137e-05,0.050296128,0.00011519669
2979,4.8489237e-05,0.049403753,0.000106308304
2980,4.5788238e-05,0.048040897,9.7673816e-05
2981,8.0763195e-05,0.059677735,0.00020262336
2982,7.707402e-05,0.05829182,0.0001891271
2983,7.2879295e-05,0.057487555,0.00017485708
2984,6.8647634e-05,0.05543344,0.00015978298
2985,0.00081616465,0.14821348,0.004001211
2986,0.0007582597,0.14191052,0.0035906981
2987,0.0009596661,0.15467417,0.004837746
2988,0.0016184273,0.19267452,0.009523717
2989,0.0015006767,0.18552583,0.008548844
2990,0.0016958109,0.19459184,0.009977779
2991,0.009931654,0.3880232,0.09772287
2992,0.008999964,0.3674442,0.08521716
2993,0.03755269,0.650969,0.5191098
2994,0.034222964,0.6194089,0.46224946
2995,0.037571043,0.6358729,0.5175957
2996,0.03248335,0.5927046,0.43002293
2997,0.028384216,0.549913,0.3599334
2998,0.025002662,0.51575744,0.3046349
2999,0.022167055,0.48211515,0.2590576
3000,0.019745857,0.4491923,0.22099818
3001,0.01804652,0.4279788,0.1958316
3002,0.02327389,0.46911868,0.26880848
3003,0.020771043,0.43904728,0.23015288
3004,0.03127481,0.5111229,0.3815552
3005,0.027661294,0.47824064,0.3240516
3006,0.024625974,0.45276323,0.27805507
3007,0.02203918,0.43135703,0.24032316
3008,0.01982214,0.4095027,0.20844944
3009,0.021393603,0.41558313,0.22751617
3010,0.04887558,0.5776945,0.63403255
3011,0.07937185,0.6839699,1.1113161
3012,0.07804106,0.65090036,1.07276
3013,0.06537229,0.5833463,0.85943866
3014,0.0558503,0.5315696,0.70293254
3015,0.048419964,0.48514152,0.582202
3016,0.0424894,0.4527328,0.49100295
3017,0.03902018,0.43004075,0.4379529
3018,0.034712873,0.40883642,0.37637323
3019,0.03111071,0.3870714,0.32528174
3020,0.028002264,0.37197602,0.2837536
3021,0.02533698,0.3573593,0.24878661
3022,0.02365003,0.34345737,0.22586893
3023,0.03838171,0.41846177,0.41436157
3024,0.03432371,0.39863488,0.35829952
3025,0.030982172,0.37637192,0.31194198
3026,0.02801828,0.35592607,0.27201113
3027,0.025857694,0.34230405,0.24391519
3028,0.099704556,0.58580035,1.2349375
3029,0.08365311,0.52056193,0.9911556
3030,0.07247845,0.47393987,0.82477176
3031,0.06329941,0.43480557,0.69107026
3032,0.055751715,0.40473732,0.5853642
3033,0.053161554,0.39111975,0.54630035
3034,0.1153987,0.5230854,1.3285551
3035,0.1156702,0.50027984,1.3041786
3036,0.10155386,0.45424792,1.1093624
3037,0.08708581,0.41052637,0.9114502
3038,0.075961925,0.37745643,0.7633731
3039,0.0671376,0.35063505,0.6488622
3040,0.06373791,0.33764204,0.6017487
3041,0.05681027,0.32507646,0.5212928
3042,0.05662745,0.32506707,0.5159735
3043,0.12623058,0.44246918,1.3016533
3044,0.107157625,0.40221944,1.0644491
3045,0.091522045,0.3778407,0.8826397
3046,0.07977279,0.35822016,0.7464166
3047,0.068092845,0.34586185,0.6245107
3048,0.059607197,0.33633518,0.5348364
3049,0.052728754,0.32881653,0.46316615
3050,0.046656962,0.32342607,0.40225387
3051,0.04213613,0.31743082,0.3554946
3052,0.03822667,0.31242275,0.31589153
3053,0.034092337,0.3105852,0.27763113
3054,0.031732153,0.30591023,0.25353202
3055,0.030562142,0.30895016,0.24291195
3056,0.027496673,0.30845428,0.21563062
3057,0.025307355,0.30561632,0.19491568
3058,0.026183885,0.3145438,0.20373407
3059,0.024438838,0.31167108,0.18704222
3060,0.02498038,0.32307863,0.19356689
3061,0.022581948,0.323188,0.17281236
3062,0.020830313,0.32057709,0.15669024
3063,0.022081392,0.33124498,0.16873299
3064,0.055196345,0.49411365,0.5376169
3065,0.047585346,0.47964707,0.45520666
3066,0.041288767,0.46826214,0.38838044
3067,0.053734284,0.5183059,0.5348574
3068,0.04591586,0.5021604,0.4493202
3069,0.03909037,0.48880437,0.37711024
3070,0.03519404,0.4722646,0.33094752
3071,0.03968848,0.4998298,0.3847561
3072,0.03640597,0.4948275,0.3489267
3073,0.03263267,0.4891974,0.30909353
3074,0.042161983,0.5453137,0.4253999
3075,0.037575994,0.53738713,0.37547314
3076,0.034972146,0.5344938,0.34682164
3077,0.032310773,0.5109712,0.31233793
3078,0.029177401,0.494139,0.27503714
3079,0.025892636,0.48626608,0.24000543
3080,0.023604862,0.46548188,0.21258569
3081,0.021279797,0.4590732,0.18829769
3082,0.018605042,0.45506316,0.16285065
3083,0.016560221,0.4518746,0.14306317
3084,0.015175788,0.44198298,0.1283015
3085,0.014377327,0.43221226,0.11945797
3086,0.012537077,0.43007383,0.103296384
3087,0.011254533,0.4286576,0.091569915
3088,0.010195385,0.42663836,0.081781134
3089,0.009403711,0.41659036,0.07376602
3090,0.009477339,0.41756165,0.074356355
3091,0.03890618,0.7475336,0.44951233
3092,0.03328416,0.717416,0.37661433
3093,0.028443523,0.69252926,0.31595704
3094,0.02442005,0.67154074,0.26652908
3095,0.021846846,0.6369306,0.23107818
3096,0.019630615,0.60736537,0.20152842
3097,0.028194157,0.6885588,0.31635907
3098,0.030682398,0.69536895,0.34908232
3099,0.6279053,2.2864025,5.722882
3100,0.36742178,1.4685644,4.159108
3101,0.24508248,1.0529872,2.9496477
3102,0.17857768,0.8410173,2.149604
3103,0.13219161,0.7210385,1.5839673
3104,0.092486195,0.6245578,1.1131191
3105,0.07748208,0.5739018,0.9021627
3106,0.06550873,0.53831726,0.74100614
3107,0.056674507,0.5086753,0.6216648
3108,0.04589695,0.48486158,0.4967479
3109,0.040616713,0.46449873,0.42689407
3110,0.033464868,0.44935566,0.34756678
3111,0.03341243,0.447138,0.3450109
3112,0.030673036,0.4322821,0.30883554
3113,0.027886355,0.424241,0.27523938
3114,0.028734367,0.43830037,0.2873048
3115,0.03250952,0.4769433,0.34080696
3116,0.025587663,0.45613167,0.26672307
3117,0.021734728,0.44710672,0.22346266
3118,0.20924872,1.0956426,2.8496985
3119,0.67696536,1.568611,5.7818522
3120,0.31085095,1.0054435,3.7843144
3121,0.16546912,0.72828573,2.3068938
3122,0.11735892,0.6106916,1.6357449
3123,0.088719666,0.5396245,1.2138661
3124,0.07351806,0.50776315,1.0094664
3125,0.06335374,0.46825063,0.8378076
3126,0.063620746,0.45659903,0.82806253
3127,0.05320812,0.43002626,0.6720217
3128,0.045892194,0.41457,0.5677343
3129,0.03854623,0.39814258,0.46531752
3130,0.033205118,0.38464245,0.3901181
3131,0.03299399,0.38971642,0.38743216
3132,0.028100261,0.38015968,0.3238698
3133,0.023969427,0.37173212,0.2709614
3134,0.02523551,0.39815828,0.2979828
3135,0.090274855,0.68765664,1.3803421
3136,0.12482187,0.7349141,1.8915235
3137,0.07534387,0.59643024,1.1765039
3138,0.04824615,0.5086792,0.75879365
3139,0.031251725,0.44467515,0.49215236
3140,0.026247604,0.4178062,0.3963837
3141,0.018409714,0.38253018,0.27560028
3142,0.026387958,0.4391585,0.4275162
3143,0.037812553,0.4967079,0.6523845
3144,0.11004508,0.76002717,2.1116605
3145,0.18629938,0.8457264,3.2551825
3146,0.13622926,0.6434149,2.3687494
3147,0.10495813,0.55538106,1.8423522
3148,0.072177984,0.46983916,1.2556299
3149,0.054601215,0.41952455,0.92025083
3150,0.044178415,0.38315037,0.7120383
3151,0.03889912,0.3746157,0.6253225
3152,0.03353301,0.3442276,0.51210505
3153,0.021227269,0.30966872,0.32546028
3154,0.014291687,0.2817798,0.21721607
3155,0.010098115,0.26151732,0.1509496
3156,0.008641855,0.24157916,0.12127763
3157,0.007215711,0.23268,0.09725422
3158,0.0062708044,0.21071409,0.07891338
3159,0.006092664,0.20600633,0.075229235
3160,0.012519099,0.2685033,0.18558988
3161,0.01061541,0.25590834,0.15022449
3162,0.008911523,0.24653096,0.12121563
3163,0.0075664637,0.23764703,0.09877986
3164,0.006317196,0.23063916,0.079662524
3165,0.005028378,0.22312321,0.06178377
3166,0.0041736956,0.2168782,0.049593575
3167,0.0045517054,0.23314591,0.05616392
3168,0.0028352155,0.21289496,0.034942076
3169,0.002374044,0.20434268,0.02794634
3170,0.001875271,0.19646008,0.021366451
3171,0.0015863419,0.18802635,0.017207112
3172,0.0013366926,0.1809493,0.01385589
3173,0.0011151556,0.17493246,0.011095158
3174,0.00088692777,0.16935591,0.008601565
3175,0.0006871996,0.16247563,0.006471581
3176,0.00050380465,0.15383725,0.0046498235
3177,0.0004954418,0.16001907,0.004662719
3178,0.00042425175,0.14961083,0.003747743
3179,0.00041052946,0.14299488,0.0034903523
3180,0.00034893744,0.1262494,0.002717498
3181,0.00040844866,0.13468596,0.0032913766
3182,0.00045654745,0.13481928,0.0036853224
3183,0.00040283598,0.12602457,0.0030637435
3184,0.0003455133,0.12231759,0.002519104
3185,0.0012041176,0.20221807,0.0126461005
3186,0.0010270168,0.19296685,0.010252448
3187,0.0010525042,0.19427823,0.010437326
3188,0.00087897084,0.18984896,0.008485605
3189,0.0007161408,0.18357232,0.0066753486
3190,0.00053650315,0.17454673,0.0048816833
3191,0.00050310994,0.16050138,0.0043262094
3192,0.00040536892,0.15559813,0.003387543
3193,0.00030553373,0.14867996,0.0025087167
3194,0.00019512496,0.13556288,0.0015850305
3195,0.00016682531,0.11848905,0.0012354573
3196,0.00014165432,0.105561085,0.0009627194
3197,0.0001492689,0.105116114,0.0010039511
3198,0.00014045836,0.09935403,0.000901144
3199,0.00019775052,0.106917866,0.0013519155
3200,0.00020474981,0.10583273,0.0013794734
3201,0.00017585943,0.09390841,0.0010894379
3202,0.0005375127,0.1484869,0.0046271873
3203,0.0014862717,0.2193365,0.017025055
3204,0.001246598,0.20930694,0.013586155
3205,0.0014886457,0.21592888,0.016614147
3206,0.0010340099,0.20047839,0.011323016
3207,0.0008770862,0.18805954,0.009034662
3208,0.0007274556,0.18029286,0.0071541322
3209,0.00061503105,0.17194268,0.0057433234
3210,0.0012709039,0.24183567,0.0152485175
3211,0.0010930286,0.21704607,0.012124225
3212,0.00114922,0.21601489,0.012636494
3213,0.0012562079,0.21915479,0.013877445
3214,0.0010759166,0.20109026,0.011083897
3215,0.00092747575,0.18660319,0.008958977
3216,0.0007553798,0.18058175,0.0070494483
3217,0.00062796124,0.17676453,0.005727178
3218,0.0009750369,0.20543106,0.009913524
3219,0.00084741303,0.19358309,0.008144989
3220,0.00074124633,0.18808444,0.0068591945
3221,0.0007114296,0.17610765,0.0062933015
3222,0.0006345044,0.15881927,0.005233069
3223,0.00080168893,0.17218444,0.00702028
3224,0.0006980814,0.15693796,0.005702443
3225,0.000593466,0.15356511,0.004686117
3226,0.0004636212,0.1486657,0.0035851893
3227,0.0003806274,0.14510198,0.0028586492
3228,0.0003408744,0.14450419,0.0025072994
3229,0.0003067293,0.13907646,0.0021604227
3230,0.0002605415,0.13601662,0.0017731367
3231,0.00022536174,0.13245803,0.001474832
3232,0.00019544526,0.130097,0.0012383847
3233,0.00017148365,0.1189988,0.0010158222
3234,0.00015727498,0.119581245,0.0009168341
3235,0.00013924004,0.11124803,0.00076487573
3236,0.00010385408,0.10665356,0.0005637717
3237,7.972577e-05,0.102973774,0.00042542958
3238,6.486401e-05,0.100598335,0.00033716852
3239,5.5689914e-05,0.098213114,0.00027878358
3240,4.898856e-05,0.094084844,0.00023351327
3241,4.255988e-05,0.091882385,0.00019526837
3242,3.763729e-05,0.0881944,0.00016468373
3243,3.3439926e-05,0.083374634,0.00013870737
3244,3.1127165e-05,0.07920969,0.00012351538
3245,4.2179603e-05,0.08819447,0.00018005146
3246,3.7616977e-05,0.08530652,0.00015388215
3247,3.718993e-05,0.08399388,0.00014895422
3248,3.972881e-05,0.082475506,0.00015758962
3249,3.575813e-05,0.079068474,0.00013558811
3250,3.2169784e-05,0.077148125,0.00011751386
3251,2.9079009e-05,0.07457258,0.00010196875
3252,2.627328e-05,0.070284374,8.760234e-05
3253,2.4631341e-05,0.06817572,7.938966e-05
3254,2.1443358e-05,0.068198115,6.7760695e-05
3255,1.7276547e-05,0.067223296,5.40213e-05
3256,1.4850351e-05,0.06705106,4.5531364e-05
3257,1.2153872e-05,0.0662657,3.675242e-05
3258,1.0342236e-05,0.06589911,3.0659416e-05
3259,8.912915e-06,0.06555174,2.5837577e-05
3260,7.833045e-06,0.065094404,2.2111293e-05
3261,7.0608407e-06,0.061211694,1.8920746e-05
3262,6.2862046e-06,0.05554187,1.5758962e-05
3263,5.727445e-06,0.054388724,1.387531e-05
3264,6.7719443e-06,0.059207324,1.7173366e-05
3265,6.1306896e-06,0.058448426,1.50784945e-05
3266,5.8067235e-06,0.059119336,1.4094128e-05
3267,5.260886e-06,0.058504567,1.2403583e-05
3268,4.6078426e-06,0.058557324,1.065926e-05
3269,4.1009544e-06,0.058509845,9.276452e-06
3270,3.74709e-06,0.057072062,8.184388e-06
3271,3.4230034e-06,0.054224234,7.1483196e-06
3272,3.8063463e-06,0.055546105,8.101213e-06
3273,8.04732e-06,0.07189011,2.0937927e-05
3274,7.357969e-06,0.06983799,1.8463541e-05
3275,6.736387e-06,0.06818103,1.634034e-05
3276,6.1673627e-06,0.067025,1.4506432e-05
3277,5.889652e-06,0.06567854,1.3497377e-05
3278,5.2272185e-06,0.065917395,1.1769869e-05
3279,4.6700297e-06,0.06609885,1.03170305e-05
3280,4.297315e-06,0.06439197,9.17876e-06
3281,3.957451e-06,0.0631556,8.196692e-06
3282,3.6501256e-06,0.060867924,7.284492e-06
3283,3.3726387e-06,0.059747495,6.532894e-06
3284,3.1068125e-06,0.056709673,5.768152e-06
3285,3.1497864e-06,0.056925092,5.8072073e-06
3286,3.1645418e-06,0.05712505,5.7853385e-06
3287,2.924052e-06,0.05426512,5.129916e-06
3288,2.7120166e-06,0.053956702,4.6475902e-06
3289,3.5689977e-06,0.060151592,6.5792365e-06
3290,3.657007e-06,0.06178185,6.7669425e-06
3291,3.3985523e-06,0.061156336,6.1339047e-06
3292,3.2226142e-06,0.060964335,5.7059538e-06
3293,2.9973035e-06,0.058567382,5.1212664e-06
3294,2.7799583e-06,0.055604663,4.56369e-06
3295,2.5957315e-06,0.05371412,4.123567e-06
3296,2.428611e-06,0.052116502,3.7406812e-06
3297,2.2761703e-06,0.050773714,3.4052805e-06
3298,1.3759525e-05,0.101663634,3.4951867e-05
3299,1.820259e-05,0.11129657,4.9625873e-05
3300,1.7309449e-05,0.10928724,4.6087716e-05
3301,1.5775175e-05,0.10965585,4.127648e-05
3302,1.4630841e-05,0.10807586,3.7306378e-05
3303,1.3595674e-05,0.106068805,3.3736003e-05
3304,1.2645923e-05,0.104248926,3.055985e-05
3305,1.1751208e-05,0.103281006,2.7745822e-05
3306,1.0940949e-05,0.102030605,2.521641e-05
3307,1.020744e-05,0.09944371,2.285514e-05
3308,9.521883e-06,0.09611199,2.0653126e-05
3309,8.890527e-06,0.0928218,1.8679855e-05
3310,8.325208e-06,0.090802394,1.7028684e-05
3311,7.802478e-06,0.08945437,1.5579433e-05
3312,7.293886e-06,0.08595197,1.40898765e-05
3313,8.680849e-06,0.09153493,1.749833e-05
3314,9.546673e-06,0.09406453,1.9635672e-05
3315,8.962067e-06,0.09208049,1.7962599e-05
3316,8.368561e-06,0.087873794,1.6191534e-05
3317,7.873438e-06,0.0861311,1.4858122e-05
3318,7.4114864e-06,0.084147565,1.3628526e-05
3319,6.982395e-06,0.08221043,1.2513591e-05
3320,6.6528555e-06,0.08051131,1.1652889e-05
3321,2.0911823e-05,0.12685595,5.1638865e-05
3322,1.9546434e-05,0.122068934,4.6760433e-05
3323,1.8335155e-05,0.11885612,4.268913e-05
3324,1.722129e-05,0.11612514,3.9078524e-05
3325,1.618754e-05,0.11337277,3.5797886e-05
3326,1.5168363e-05,0.108854316,3.2493088e-05
3327,1.4247631e-05,0.10501439,2.9624829e-05
3328,1.3365796e-05,0.100679845,2.6914728e-05
3329,1.2620661e-05,0.09915899,2.4863179e-05
3330,1.1924546e-05,0.09744463,2.2968441e-05
3331,1.1203579e-05,0.09333508,2.0901316e-05
3332,3.573628e-05,0.14868003,9.468371e-05
3333,5.1123956e-05,0.16822457,0.00014908783
3334,4.789243e-05,0.16315624,0.00013586733
3335,4.4958862e-05,0.15772614,0.00012398719
3336,4.301638e-05,0.15682738,0.00011681436
3337,4.0442163e-05,0.15408356,0.00010737909
3338,3.804872e-05,0.15104465,9.8710414e-05
3339,3.580853e-05,0.14736557,9.0631824e-05
3340,3.3821416e-05,0.14429957,8.366769e-05
3341,3.1881966e-05,0.1427977,7.734902e-05
3342,3.008147e-05,0.1400594,7.136246e-05
3343,2.84053e-05,0.13774073,6.5961685e-05
3344,3.2129494e-05,0.14302462,7.6706834e-05
3345,3.8472226e-05,0.15423138,9.656765e-05
3346,3.6261965e-05,0.15324485,8.943167e-05
3347,3.4209927e-05,0.14937857,8.235795e-05
3348,3.353813e-05,0.14822134,7.980568e-05
3349,3.1547515e-05,0.1423917,7.289424e-05
3350,2.9736018e-05,0.13729443,6.68226e-05
3351,2.8095199e-05,0.13309138,6.1535444e-05
3352,2.6633157e-05,0.13122678,5.72049e-05
3353,2.525102e-05,0.13023452,5.331002e-05
3354,2.3948221e-05,0.12757216,4.948188e-05
3355,2.4606521e-05,0.12841132,5.0908682e-05
3356,2.6824811e-05,0.13478467,5.692841e-05
3357,2.5463214e-05,0.13268661,5.2990323e-05
3358,2.418036e-05,0.1303873,4.9319715e-05
3359,6.1763276e-05,0.18896836,0.00016683733
3360,5.850406e-05,0.18305258,0.00015434371
3361,5.5259203e-05,0.17843132,0.00014247086
3362,5.2278905e-05,0.17558582,0.00013217163
3363,4.9479244e-05,0.17224324,0.00012254622
3364,0.00011255593,0.23685142,0.0003554379
3365,0.00010709912,0.23367094,0.00033256577
3366,0.00010088569,0.22857669,0.00030662838
3367,9.497234e-05,0.22170709,0.00028170578
3368,8.957476e-05,0.21647541,0.00025993018
3369,8.457615e-05,0.21249497,0.00024055972
3370,7.9793215e-05,0.20642878,0.00022166183
3371,7.519264e-05,0.19917923,0.00020350821
3372,7.115671e-05,0.19571474,0.0001888732
3373,6.765642e-05,0.19038847,0.00017585493
3374,0.00013515104,0.24952011,0.000431539
3375,0.00327244,0.877011,0.02722722
3376,0.006660361,1.1504858,0.06862065
3377,0.005890482,1.0733323,0.05880641
3378,0.007332972,1.1580132,0.07881516
3379,0.008449211,1.215134,0.09585676
3380,0.0077962675,1.1673185,0.08765724
3381,0.0070778746,1.1071314,0.078145415
3382,0.0063731344,1.0333396,0.06836269
3383,0.005633125,0.9625719,0.0583415
3384,0.005037286,0.8949556,0.050354224
3385,0.0044843387,0.83412707,0.043214016
3386,0.004029966,0.7772388,0.03744588
3387,0.005888561,0.8889943,0.061231636
3388,0.011968278,1.1497262,0.15229547
3389,0.0103970375,1.0506865,0.12689589
3390,0.009371443,0.98942834,0.11156952
3391,0.008230122,0.9332759,0.094907254
3392,0.007252249,0.86293,0.08031762
3393,0.029053008,1.4887955,0.4698142
3394,0.036162198,1.5674561,0.61949384
3395,0.03125719,1.4266672,0.52228266
3396,0.09808463,2.1557589,1.9017034
3397,0.07165653,1.6785213,1.3372183
3398,0.055152647,1.3734314,0.9766146
3399,0.07870394,1.5126687,1.4469504
3400,0.061349433,1.247585,1.0749037
3401,0.052334514,1.1166761,0.8900399
3402,0.042768493,0.9729131,0.6904078
3403,0.035730805,0.87122804,0.549689
3404,0.03032141,0.784186,0.4437859
3405,0.034805756,0.8139313,0.5246787
3406,0.02968542,0.7358374,0.42594293
3407,0.025622977,0.68010026,0.35211205
3408,0.022321595,0.6296725,0.29358268
3409,0.019573972,0.58060753,0.24580903
3410,0.017695917,0.5452204,0.21407555
3411,0.01571412,0.5096284,0.18223786
3412,0.014003138,0.47431296,0.1553816
3413,0.013140119,0.45425686,0.14201157
3414,0.33553523,1.6578361,4.4975195
3415,0.730701,1.8891166,6.2605934
3416,0.4040927,1.1582116,4.5962486
3417,0.25756732,0.8226357,3.2320013
3418,0.18370745,0.6468066,2.3258796
3419,0.16002373,0.5659516,1.9720811
3420,0.12548278,0.49301267,1.5058496
3421,0.10282062,0.44285798,1.191763
3422,0.08652954,0.40692955,0.96775424
3423,0.07445391,0.37852168,0.80279386
3424,0.06455804,0.36007258,0.6754529
3425,0.068896994,0.36969683,0.72481346
3426,0.06068165,0.348551,0.61619025
3427,0.05514341,0.33180302,0.54370695
3428,0.049452227,0.31238762,0.46983096
3429,0.06686144,0.3479693,0.67003155
3430,0.42531806,0.72130615,4.0716147
3431,0.38809338,0.60313493,3.6748364
3432,0.27737662,0.47085035,2.6950922
3433,0.21374877,0.39325717,2.0443542
3434,0.16762188,0.349528,1.5758647
3435,0.14060624,0.31553066,1.2761493
3436,0.119964086,0.29350498,1.0547099
3437,0.10447628,0.2763279,0.8894852
3438,0.09238301,0.26235056,0.7620561
3439,0.08124932,0.25452882,0.65445024
3440,0.07249072,0.2480437,0.57012695
3441,0.06534784,0.24246673,0.5019976
3442,0.057698846,0.24004126,0.4363222
3443,0.056408547,0.24550803,0.42690626
3444,0.051207244,0.24277443,0.38013878
3445,0.04424644,0.24131396,0.32556477
3446,0.040624745,0.23930596,0.29344252
3447,0.03704476,0.2391788,0.2636472
3448,0.03207538,0.23905396,0.2269223
3449,0.027194308,0.23791932,0.19179533
3450,0.025003277,0.23871176,0.17397313
3451,0.023762446,0.24434265,0.16537024
3452,0.021054702,0.24610808,0.14557444
3453,0.019132726,0.24827912,0.13101462
3454,0.017343212,0.25067586,0.11771887
3455,0.016051725,0.25408265,0.10821695
3456,0.03967406,0.3757336,0.3442965
3457,0.041148324,0.39650026,0.36665797
3458,0.062304337,0.4785919,0.61339223
3459,0.054387596,0.46184126,0.52326316
3460,0.04736042,0.44932,0.4469243
3461,0.04047583,0.43887758,0.3766974
3462,0.035652865,0.43598917,0.33099034
3463,0.03224287,0.4245371,0.2923791
3464,0.028829481,0.41869083,0.25689226
3465,0.026226705,0.41013867,0.22874193
3466,0.023636343,0.40604118,0.20276926
3467,0.020718439,0.40351906,0.17586751
3468,0.018141745,0.40145057,0.15248515
3469,0.034186397,0.514187,0.33869416
3470,0.026283313,0.48688912,0.2599696
3471,0.020591017,0.46600336,0.20304742
3472,0.018698495,0.44495136,0.17863888
3473,0.017533656,0.4563683,0.17072542
3474,0.015094036,0.45049134,0.14516857
3475,0.014298468,0.44050545,0.13503638
3476,0.013036838,0.42531538,0.11968628
3477,0.03439724,0.6244561,0.40808028
3478,0.18116191,1.2003713,2.5671623
3479,0.1282896,0.97740805,1.8226697
3480,2.0345013,2.8497531,7.640602
3481,3.4898856,3.255209,8.041781
3482,1.3480475,2.2663918,7.115379
3483,0.59159344,1.371927,5.444315
3484,0.3501886,0.9352738,3.8971722
3485,0.2023394,0.6859886,2.5233264
3486,0.14467396,0.5734528,1.8106852
3487,0.11601094,0.4991288,1.4015833
3488,0.09552592,0.45171165,1.1149557
3489,0.10135027,0.46533033,1.1921017
3490,0.073955745,0.41945907,0.8662886
3491,0.063423656,0.39388952,0.71796113
3492,0.046915267,0.36456835,0.52907515
3493,0.031466495,0.33161297,0.35797065
3494,0.026932277,0.32429358,0.2998944
3495,0.023777751,0.31678542,0.2577538
3496,0.019322721,0.30876338,0.20711628
3497,0.016581174,0.30475846,0.17455819
3498,0.011311358,0.2802533,0.11962887
3499,0.008837654,0.2713221,0.09268616
3500,0.006157615,0.2526555,0.06458449
3501,0.004804662,0.24474974,0.049803924
3502,0.0038676583,0.23908919,0.039440893
3503,0.0031114342,0.2334255,0.031184249
3504,0.0028095706,0.23439634,0.027818182
3505,0.0024576462,0.22922647,0.023530519
3506,0.0021612141,0.22389029,0.019990439
3507,0.0019176379,0.21726215,0.017077636
3508,0.0017102548,0.20983158,0.014635206
3509,0.0015314582,0.1987767,0.0124981105
3510,0.001385206,0.18660627,0.010762203
3511,0.0012456792,0.18152492,0.009335107
3512,0.0012372837,0.19056046,0.009456667
3513,0.0013730531,0.20571317,0.010912519
3514,0.0013819578,0.20177743,0.01080753
3515,0.0014023624,0.19822775,0.0108129475
3516,0.0014691607,0.20062572,0.011347312
3517,0.0018790564,0.21744007,0.015378781
3518,0.006280166,0.35911664,0.07356444
3519,0.0071001644,0.39664736,0.08917218
3520,0.0049094395,0.36537725,0.061263956
3521,0.028269289,0.7106851,0.551535
3522,0.030379906,0.73528653,0.60797507
3523,0.021346718,0.65474117,0.4172061
3524,0.016079333,0.599737,0.30354556
3525,0.012857922,0.556723,0.23194179
3526,0.010576598,0.53153014,0.18687437
3527,0.015498901,0.6098061,0.2995082
3528,0.009611457,0.53059524,0.18356653
3529,0.0073873745,0.49087664,0.13489074
3530,0.004634109,0.43264583,0.08306355
3531,0.0033378673,0.3957882,0.0574197
3532,0.0026848945,0.3632932,0.043152053
3533,0.0021616595,0.336181,0.032605145
3534,0.0031326243,0.37782282,0.051434282
3535,0.0044729006,0.40385422,0.07816943
3536,0.0034759415,0.37490666,0.057633303
3537,0.0028636572,0.33298004,0.04357715
3538,0.0030916599,0.31977722,0.046189595
3539,0.0061223544,0.4011204,0.10868618
3540,0.0045180456,0.37060842,0.07703903
3541,0.0031231646,0.33730608,0.051517893
3542,0.0021683953,0.3071637,0.034455188
3543,0.0017684514,0.27480066,0.025777193
3544,0.0025873177,0.30597124,0.0408705
3545,0.002113045,0.2798902,0.031003654
3546,0.0015899078,0.26092538,0.022293665
3547,0.0010590485,0.23651648,0.014402893
3548,0.00072998815,0.21563397,0.009538878
3549,0.00049818965,0.19574022,0.006238059
3550,0.00037990458,0.18219215,0.0045337495
3551,0.0005008305,0.20648366,0.0065197013
3552,0.00040054385,0.18031794,0.004699121
3553,0.00032404801,0.16101564,0.0034665277
3554,0.00026453185,0.14110489,0.0025595294
3555,0.00051514787,0.17997795,0.0059364154
3556,0.0004192754,0.15445395,0.0043346537
3557,0.00034506127,0.13358805,0.003216368
3558,0.0003467515,0.12507626,0.003096131
3559,0.00029113115,0.11049114,0.002371685
3560,0.00024759077,0.09969988,0.0018595619
3561,0.00021227456,0.09393486,0.0014995688
3562,0.00021033845,0.091820404,0.001446415
3563,0.00027913626,0.102494754,0.0020558725
3564,0.0002752311,0.10502883,0.0020236978
3565,0.0003474362,0.1209697,0.002797035
3566,0.00033891894,0.12572207,0.0027715028
3567,0.0002887262,0.11967433,0.0022348715
3568,0.00026321926,0.11379777,0.0019400791
3569,0.00023285208,0.10269354,0.001594493
3570,0.00021680245,0.097987585,0.0014201142
3571,0.00020176928,0.09035651,0.0012506288
3572,0.00028580806,0.10082961,0.0019279086
3573,0.0007934777,0.143592,0.0070403907
3574,0.00070139795,0.12906316,0.0057807537
3575,0.0011435278,0.14925079,0.010564671
3576,0.002851059,0.20888127,0.033778787
3577,0.0025857924,0.19509527,0.029023126
3578,0.0022515333,0.1892372,0.024281275
3579,0.004641442,0.2616073,0.06259933
3580,0.0039702384,0.2361815,0.04972277
3581,0.0044948086,0.23682636,0.056625366
3582,0.004270083,0.23319867,0.052507572
3583,0.0037019178,0.22562607,0.043730494
3584,0.0030063249,0.21889319,0.034466196
3585,0.0027714467,0.21518482,0.030894248
3586,0.005329678,0.27198407,0.070761204
3587,0.0054369275,0.28147915,0.07301475
3588,0.012206545,0.38916826,0.20402904
3589,0.01663886,0.4175768,0.29269907
3590,0.013348612,0.39467826,0.22683063
3591,0.014776385,0.3983831,0.2535208
3592,0.042350564,0.5907036,0.904266
3593,0.03430902,0.50242484,0.6809029
3594,0.03438057,0.5182263,0.7197224
3595,0.027705487,0.45886385,0.5431305
3596,0.02233956,0.41851944,0.41399
3597,0.018237783,0.3871263,0.3204615
3598,0.018205259,0.38377902,0.3159876
3599,0.015286158,0.34248468,0.24667089
3600,0.014213895,0.3505673,0.23745999
3601,0.012013854,0.34580204,0.20406225
3602,0.010074438,0.31984305,0.16094936
3603,0.008483112,0.29989374,0.12823156
3604,0.007070988,0.28576103,0.10209631
3605,0.006000353,0.2711265,0.0823748
3606,0.0045049996,0.25701475,0.060372606
3607,0.0030622138,0.23675653,0.04040177
3608,0.002298424,0.22392175,0.029412266
3609,0.001656227,0.20945619,0.020615403
3610,0.0012255859,0.19691396,0.014744586
3611,0.0009197249,0.18541996,0.010648792
3612,0.0006894074,0.1743541,0.0076687643
3613,0.00076898985,0.1861497,0.008865897
3614,0.0006341432,0.1608946,0.0066005257
3615,0.00051986834,0.15253879,0.0051212045
3616,0.00047563366,0.14069875,0.004432156
3617,0.00048441172,0.13723099,0.0044414876
3618,0.00042510813,0.122895755,0.0036027143
3619,0.00036514606,0.11370619,0.0028889265
3620,0.00046648874,0.12683694,0.0039385483
3621,0.00039652616,0.11171636,0.003063189
3622,0.00035530917,0.10247788,0.0025815386
3623,0.00030997934,0.0950378,0.0021104189
3624,0.00027139587,0.09104983,0.0017568541
3625,0.00024591,0.0847121,0.0015099407
3626,0.00023372266,0.08253502,0.0014014831
3627,0.00021353917,0.07737882,0.0012203405
3628,0.00018962412,0.07294372,0.0010253967
3629,0.00016636297,0.0718672,0.00086875126
3630,0.00014785495,0.07008851,0.0007416829
3631,0.00013233884,0.06672379,0.00063158723
3632,0.00011805673,0.065467946,0.00054314325
3633,0.0001058133,0.060164202,0.00045814752
3634,9.5634e-05,0.05572196,0.00039160173
3635,8.597822e-05,0.05133987,0.00033183003
3636,7.815218e-05,0.049707178,0.00028974065
3637,7.108263e-05,0.04740499,0.0002518247
3638,6.4774904e-05,0.045162715,0.0002193229
3639,5.9211834e-05,0.04439701,0.0001939998
3640,5.315648e-05,0.04464409,0.00017036445
3641,4.749809e-05,0.044969477,0.00014913766
3642,4.3406308e-05,0.044577435,0.00013239964
3643,3.9760987e-05,0.042467803,0.00011609559
3644,8.436972e-05,0.056124587,0.00030361355
3645,7.7339995e-05,0.05419862,0.0002677365
3646,7.099978e-05,0.053210445,0.0002380098
3647,6.430589e-05,0.053427894,0.00021085462
3648,8.723626e-05,0.061888292,0.00031319397
3649,9.00378e-05,0.06448565,0.00032630732
3650,8.260961e-05,0.06357064,0.00029051802
3651,7.830399e-05,0.06451669,0.00027203056
3652,7.4864125e-05,0.06339747,0.00025367131
3653,6.7864705e-05,0.063716955,0.00022525965
3654,6.258848e-05,0.06257873,0.00020149845
3655,5.7747275e-05,0.060195293,0.00017900065
3656,5.3730775e-05,0.059975557,0.00016273753
3657,5.485143e-05,0.05958871,0.00016454773
3658,7.505228e-05,0.066406935,0.00024419147
3659,6.951434e-05,0.06517363,0.00021955198
3660,6.389006e-05,0.06533241,0.00019756718
3661,5.915293e-05,0.06485692,0.0001784029
3662,5.4304586e-05,0.06521056,0.00016063795
3663,5.0454477e-05,0.06428751,0.00014524798
3664,4.8189642e-05,0.06332915,0.00013557728
3665,4.4333538e-05,0.063786045,0.00012249438
3666,4.1207826e-05,0.06348719,0.0001112695
3667,3.9303573e-05,0.06339286,0.00010423588
3668,3.8390677e-05,0.06470848,0.0001012745
3669,3.5738907e-05,0.06452875,9.225271e-05
3670,3.3346976e-05,0.064112514,8.412907e-05
3671,3.1147676e-05,0.06367891,7.680825e-05
3672,2.91242e-05,0.06321871,7.02015e-05
3673,2.7252474e-05,0.0628048,6.424001e-05
3674,2.5546688e-05,0.062079143,5.879704e-05
3675,2.396104e-05,0.0615255,5.3907454e-05
3676,2.2443506e-05,0.06146197,4.9507536e-05
3677,2.1069589e-05,0.061115474,4.5502053e-05
3678,1.978949e-05,0.06084562,4.1867122e-05
3679,5.2168525e-05,0.09022758,0.00014727068
3680,4.8736754e-05,0.08964882,0.00013462498
3681,4.5585704e-05,0.08896545,0.0001231813
3682,4.2686333e-05,0.08818812,0.0001128123
3683,4.000008e-05,0.08570937,0.00010269009
3684,4.4929933e-05,0.08886742,0.0001181067
3685,4.208381e-05,0.08861779,0.00010847856
3686,3.9540573e-05,0.08725232,9.9513854e-05
3687,3.714726e-05,0.08494446,9.093717e-05
3688,9.964501e-05,0.124525584,0.00032544602
3689,9.512373e-05,0.12040768,0.00030243996
3690,8.904796e-05,0.11706154,0.00027520387
3691,8.355562e-05,0.112657055,0.00025027577
3692,0.00010040388,0.119406186,0.00031403394
3693,9.4177645e-05,0.11638814,0.0002867234
3694,9.101133e-05,0.11360159,0.0002712371
3695,8.618182e-05,0.11047639,0.00025025423
3696,8.0856735e-05,0.10656604,0.00022780398
3697,7.612112e-05,0.10393727,0.00020896766
3698,0.000101531405,0.11546315,0.0003010833
3699,9.5469535e-05,0.11497677,0.00027788058
3700,9.0824906e-05,0.1122909,0.00025823634
3701,9.277212e-05,0.11448032,0.00026458906
3702,8.750989e-05,0.11279603,0.00024418408
3703,8.222889e-05,0.10847507,0.00022257105
3704,7.775938e-05,0.105244026,0.00020498529
3705,0.0002582641,0.16994704,0.0009741717
3706,0.00036983608,0.19443958,0.0015438397
3707,0.0009967373,0.28926432,0.005611191
3708,0.0009240148,0.27958497,0.005054064
3709,0.0008758807,0.27297196,0.0047008656
3710,0.00081353943,0.26401848,0.00424387
3711,0.0007568339,0.25863934,0.0038552678
3712,0.0007047328,0.25157,0.0034969884
3713,0.0045366352,0.52022827,0.039059818
3714,0.012265576,0.77085584,0.14124762
3715,0.011507061,0.7303552,0.12920891
3716,0.012040529,0.7290515,0.13647231
3717,0.01479694,0.77157784,0.17639424
3718,0.013098991,0.7180288,0.15009175
3719,0.011659378,0.6728504,0.12866212
3720,0.0104209585,0.64172995,0.111426465
3721,0.009342493,0.61399466,0.09687836
3722,0.008394349,0.5770574,0.0838363
3723,0.0075793006,0.5424315,0.07293
3724,0.0068645505,0.51932466,0.0640206
3725,0.0062314724,0.49641398,0.056288727
3726,0.005659387,0.46938953,0.049309645
3727,0.0051557897,0.44572264,0.043393806
3728,0.0047135963,0.42734227,0.03845585
3729,0.0044061816,0.41399768,0.035172164
3730,0.014474178,0.6639898,0.16315034
3731,0.012916107,0.6210633,0.14006233
3732,0.011832307,0.5927333,0.12495295
3733,0.010809068,0.5639775,0.110869184
3734,0.009738343,0.5305617,0.09620769
3735,0.008808736,0.50189257,0.08397203
3736,0.007999863,0.48091143,0.073921815
3737,0.007279844,0.45888126,0.065101154
3738,0.0067139827,0.4396183,0.058367
3739,0.006132078,0.41882548,0.05155416
3740,0.0056129424,0.39957607,0.045658834
3741,0.0051658573,0.38164973,0.040717915
3742,0.00475255,0.3680904,0.03638759
3743,0.004379428,0.35794643,0.032667536
3744,0.0040412378,0.34644645,0.029321222
3745,0.0037318738,0.33333057,0.026282351
3746,0.0035241516,0.3235387,0.02424817
3747,0.0032932037,0.318691,0.022213332
3748,0.0030541625,0.31091183,0.020099238
3749,0.0028356079,0.30245343,0.018189562
3750,0.0026356503,0.2943843,0.016484229
3751,0.0024506054,0.28959113,0.015000391
3752,0.0022800085,0.28522325,0.013665768
3753,0.002121086,0.28188935,0.012464863
3754,0.001976242,0.27780563,0.011376241
3755,0.0018439605,0.26781252,0.010323459
3756,0.0017223199,0.26334172,0.009439306
3757,0.0016103112,0.25823718,0.008632137
3758,0.0015062907,0.2512609,0.00787711
3759,0.001410488,0.24735951,0.007225496
3760,0.0013218772,0.24320371,0.0066309636
3761,0.0037146406,0.36557016,0.025330313
3762,0.0035362674,0.35962623,0.023792086
3763,0.0032811824,0.3486145,0.021516891
3764,0.003046423,0.3350228,0.019415433
3765,0.006301592,0.44733843,0.049840033
3766,0.009454557,0.5278967,0.08449622
3767,0.008913529,0.5171562,0.07863589
3768,0.008146583,0.4959085,0.06982112
3769,0.007457336,0.48147804,0.06236038
3770,0.0068677813,0.46084708,0.055821367
3771,0.006310274,0.44226047,0.04983064
3772,0.0058095227,0.4255319,0.0446102
3773,0.010122791,0.52494305,0.090967566
3774,0.009308177,0.5005482,0.08120546
3775,0.010562901,0.5251329,0.09565422
3776,0.091719195,1.2311133,1.3465761
3777,0.2311127,1.6752305,3.21715
3778,0.8954408,2.5182993,6.492157
3779,2.5241303,3.1411185,7.79186
3780,1.2218815,2.0484548,6.8042755
3781,0.66393876,1.2962493,5.342204
3782,0.79605615,1.1684035,5.610769
3783,0.5066347,0.8123497,4.2599926
3784,0.52325386,0.7138664,4.19267
3785,0.36228594,0.5452191,3.0806775
3786,0.28443065,0.45845622,2.4170442
3787,0.35896412,0.47966966,2.897656
3788,0.69888985,0.5830953,4.5420756
3789,0.70210737,0.51782995,4.3906436
3790,0.6766825,0.4586018,4.1381
3791,0.48102137,0.36312145,3.1025507
3792,0.5690069,0.3737488,3.464878
3793,0.45279095,0.3198268,2.7887356
3794,0.36028123,0.27874893,2.2016735
3795,0.29561183,0.25305998,1.7769648
3796,0.22977744,0.232195,1.3741034
3797,0.19805647,0.21952237,1.1540525
3798,0.17131203,0.21115875,0.9768339
3799,0.15572599,0.20753478,0.8732578
3800,0.13259438,0.20241407,0.73427755
3801,0.12216469,0.20068,0.66603965
3802,0.09003554,0.18777119,0.4952631
3803,0.076752655,0.18597148,0.42008522
3804,0.071082525,0.18534552,0.38294882
3805,0.12052644,0.23346075,0.7289049
3806,0.20661597,0.29238632,1.3432351
3807,0.1767464,0.27603588,1.121271
3808,0.154811,0.26346982,0.95720845
3809,0.12525992,0.25151992,0.7690908
3810,0.14189927,0.2712272,0.8927362
3811,0.11286175,0.2577608,0.70725405
3812,0.09584552,0.25195453,0.5945062
3813,0.087669745,0.24638914,0.53208697
3814,0.16122153,0.31878823,1.0896758
3815,0.22045901,0.35679504,1.5170518
3816,0.41397431,0.45886707,2.770224
3817,0.7341865,0.54593325,4.163337
3818,10.242121,2.0797086,8.185481
3819,6.4130874,3.1662533,7.917813
3820,3.0201817,3.0355763,7.2711873
3821,1.4070412,2.1531932,6.0072412
3822,0.67543334,1.4686184,4.2227235
3823,0.38603452,1.0717231,2.802937
3824,0.29169387,0.89542794,2.1232476
3825,0.26489857,0.8227531,1.8986261
3826,0.19947518,0.72608244,1.4298973
3827,0.14463823,0.64239657,1.0437185
3828,0.10060738,0.573267,0.7357856
3829,0.07859897,0.5369248,0.5739409
3830,0.069156185,0.5236035,0.4974923
3831,0.10399883,0.6370898,0.8279269
3832,0.09206565,0.6011223,0.713764
3833,0.065336525,0.5430327,0.5112766
3834,0.047441542,0.49738157,0.3738517
3835,0.043285314,0.4838045,0.33412975
3836,0.039355986,0.47564587,0.29876146
3837,0.03604075,0.46861154,0.26930377
3838,0.11719443,0.76693565,1.1260194
3839,0.5099607,1.3633207,4.2471924
3840,0.3258867,1.0332551,3.1111333
3841,0.22215796,0.8311929,2.2003636
3842,0.1747851,0.71262234,1.695602
3843,0.13968149,0.64004517,1.3292817
3844,0.3451679,0.89118993,3.1305459
3845,0.2286474,0.7137439,2.1750464
3846,0.14570262,0.5863138,1.4374683
3847,0.10002593,0.50936264,0.9981721
3848,0.08545971,0.47897574,0.82947946
3849,0.10319801,0.51786524,1.0283188
3850,0.067069784,0.4643663,0.6824002
3851,0.05698119,0.44673946,0.56828886
3852,0.050553206,0.42890713,0.4903593
3853,0.034772653,0.39165398,0.34059593
3854,0.031355,0.3802075,0.29914194
3855,0.028501485,0.3660039,0.26404825
3856,0.027985413,0.36113694,0.2565701
3857,0.025439281,0.35365453,0.22786321
3858,0.023311114,0.33956254,0.20262882
3859,0.021392386,0.33170113,0.1815157
3860,0.019672323,0.3248961,0.16310973
3861,0.01811087,0.3195147,0.14695805
3862,0.016464617,0.31889412,0.13158746
3863,0.015133441,0.31649214,0.118795075
3864,0.013627661,0.31733456,0.10571663
3865,0.012496803,0.3165364,0.09543447
3866,0.013988583,0.33013523,0.10981531
3867,0.013117728,0.32115376,0.10072766
3868,0.012176662,0.31284893,0.091271415
3869,0.013727024,0.34370765,0.10863574
3870,0.015258718,0.36982745,0.12564069
3871,0.012827059,0.36616704,0.10563081
3872,0.008881887,0.33857894,0.07386215
3873,0.008020722,0.33760118,0.065631814
3874,0.007354533,0.33313778,0.05890906
3875,0.006634077,0.33282673,0.052347947
3876,0.005902715,0.33314294,0.046011247
3877,0.005093725,0.33234712,0.039379455
3878,0.0043337946,0.3304504,0.033266738
3879,0.0051005078,0.36928755,0.04198505
3880,0.004324816,0.36594152,0.03529449
3881,0.0029237939,0.3344014,0.024038171
3882,0.0019581958,0.30537358,0.016195744
3883,0.0014660937,0.29086116,0.01207153
3884,0.001019284,0.26990393,0.008384937
3885,0.00076371775,0.25705853,0.0062222765
3886,0.00056745426,0.24415642,0.004586681
3887,0.0004849112,0.23838472,0.0037977484
3888,0.0005169935,0.24184406,0.0040677125
3889,0.00054300687,0.24148001,0.004256762
3890,0.0006110012,0.25381786,0.004921677
3891,0.00090494653,0.2834371,0.007986294
3892,0.0007988403,0.26423565,0.006672727
3893,0.0007142386,0.24355407,0.0056446563
3894,0.0014189474,0.30701748,0.013447223
3895,0.0013563595,0.29283297,0.012429646
3896,0.0012000281,0.27171108,0.010400869
3897,0.00079047756,0.24796237,0.0068475083
3898,0.0006922411,0.2259851,0.0056145666
3899,0.00060892774,0.20649698,0.004631651
3900,0.0005412379,0.19313851,0.00390001
3901,0.0003713469,0.17940935,0.0026669737
3902,0.0002695586,0.16961111,0.0019138993
3903,0.00020297698,0.1619482,0.0014156741
3904,0.00017050689,0.15750772,0.0011478126
3905,0.00015230718,0.14189771,0.0009556916
3906,0.00014547055,0.1360992,0.0008801032
3907,0.00019978108,0.15227391,0.0013158185
3908,0.00092926604,0.27543125,0.009600051
3909,0.0012122476,0.28805137,0.013099647
3910,0.00143729,0.29404834,0.015909225
3911,0.0019118664,0.3132031,0.022355467
3912,0.0017283387,0.29149947,0.019254537
3913,0.0014923564,0.26070902,0.015418358
3914,0.0013789122,0.2434887,0.0135627445
3915,0.0022768131,0.31004274,0.026514396
3916,0.0018834672,0.2996525,0.021220934
3917,0.0015772677,0.2891963,0.017118542
3918,0.0013515669,0.2774595,0.014036377
3919,0.0011233073,0.26859957,0.011276109
3920,0.0009088538,0.25942,0.008858424
3921,0.00075804914,0.25096938,0.007129432
3922,0.00068218133,0.25360718,0.0064670825
3923,0.0005907095,0.23276755,0.0052403617
3924,0.0006135311,0.23241106,0.005405706
3925,0.00053593935,0.218229,0.0044658748
3926,0.00046821174,0.20876603,0.0037223652
3927,0.00040679015,0.20204905,0.0031054195
3928,0.00033619773,0.19735402,0.002503767
3929,0.00032253558,0.20701493,0.0025276458
3930,0.00031265992,0.20896965,0.0024306367
3931,0.0002678954,0.202008,0.0019995265
3932,0.00028477388,0.21173042,0.0021689846
3933,0.00029658378,0.21002297,0.0022380904
3934,0.00026436168,0.19231197,0.0018792208
3935,0.0002311427,0.17488751,0.0015342762
3936,0.00020436512,0.16730875,0.0012946962
3937,0.00017709589,0.16384785,0.001085341
3938,0.00015365929,0.16053267,0.0009112131
3939,0.00013330285,0.1574142,0.00076538743
3940,0.00011439245,0.15469186,0.0006379289
3941,9.479713e-05,0.15164538,0.00051652436
3942,0.00010856753,0.16119042,0.0006110586
3943,9.4701514e-05,0.15995541,0.00052280293
3944,8.444009e-05,0.15521088,0.0004485145
3945,7.6166194e-05,0.15054362,0.00038954648
3946,9.75339e-05,0.16065854,0.00052458135
3947,0.0004263251,0.27753866,0.0034874673
3948,0.0003736115,0.25659686,0.0028781972
3949,0.00031834483,0.24989983,0.0023746844
3950,0.00028421305,0.231186,0.0020021677
3951,0.00027426364,0.21882582,0.0018624545
3952,0.0002511354,0.20204104,0.001615817
3953,0.00024486872,0.20919852,0.001595479
3954,0.0003497192,0.2462107,0.0025391758
3955,0.00037074566,0.25259876,0.0027169322
3956,0.00048103448,0.27588445,0.0037542873
3957,0.0004250418,0.2557087,0.0031335212
3958,0.00037806272,0.24278048,0.0026598452
3959,0.00033000545,0.23780894,0.0022516653
3960,0.0003500569,0.2376213,0.0023860724
3961,0.00031297372,0.22575063,0.002037647
3962,0.0002550583,0.22058786,0.0016327413
3963,0.00035306235,0.26582125,0.0025987602
3964,0.00028386875,0.2575416,0.0020476608
3965,0.00022062451,0.2470524,0.0015633005
3966,0.00017886526,0.2392283,0.0012365155
3967,0.00020293181,0.25876728,0.0014688821
3968,0.00022221585,0.27767065,0.0016777233
3969,0.0005036083,0.38005438,0.0047976035
3970,0.0007447893,0.41820621,0.0077331215
3971,0.000674871,0.40280253,0.0067705894
3972,0.0005839438,0.39778572,0.005848842
3973,0.00045112584,0.37635335,0.004395548
3974,0.00038159944,0.35710928,0.0035454063
3975,0.000327939,0.33436233,0.0028815917
3976,0.0004954274,0.3780504,0.0048041963
3977,0.00042142838,0.33323574,0.0037656915
3978,0.00033080459,0.31789735,0.0028779933
3979,0.00028461253,0.30135018,0.0023557371
3980,0.0002444471,0.26833832,0.0018720466
3981,0.00022260156,0.25067672,0.0016291965
3982,0.0002572239,0.25601438,0.0019266872
3983,0.00025503742,0.24799211,0.0018749199
3984,0.00030917386,0.25531223,0.0023453108
3985,0.00027309378,0.24134368,0.001970152
3986,0.00032265164,0.2484592,0.0023881083
3987,0.00029981876,0.23591845,0.0021295191
3988,0.00026593325,0.22226109,0.0017947118
3989,0.00023325917,0.21655378,0.001519841
3990,0.00020659133,0.20962481,0.0012947449
3991,0.00018991146,0.20301239,0.0011494397
3992,0.00023557775,0.22311567,0.001512558
3993,0.00022839269,0.22069414,0.0014397125
3994,0.00020362498,0.20569892,0.0012160989
3995,0.00017800587,0.20251396,0.0010340161
3996,0.00015884325,0.19722621,0.0008908355
3997,0.00013890048,0.19448262,0.00075857015
3998,0.00011871977,0.19189139,0.00063423795
3999,0.000105744766,0.18765886,0.00054660544
4000,9.4270334e-05,0.18376198,0.00047185767
4001,8.3044906e-05,0.18124017,0.0004045538
4002,7.3452684e-05,0.1786128,0.00034797224
4003,6.629599e-05,0.17140646,0.0003014254
4004,5.995998e-05,0.16518928,0.00026217545
4005,5.2074665e-05,0.16378763,0.00022297577
4006,4.7190788e-05,0.15749177,0.00019418687
4007,4.5265922e-05,0.1569985,0.00018318041
4008,3.998704e-05,0.15581478,0.00015817628
4009,3.6256843e-05,0.14701723,0.00013688004
4010,3.5224457e-05,0.14128998,0.00012955295
4011,3.3052984e-05,0.13509241,0.000117231866
4012,2.8910761e-05,0.13474399,0.00010077136
4013,2.5331054e-05,0.13434374,8.6720436e-05
4014,2.3015235e-05,0.13240069,7.659686e-05
4015,2.1017024e-05,0.1296884,6.782226e-05
4016,1.9184414e-05,0.122503646,5.9188806e-05
4017,2.1446702e-05,0.12734786,6.805776e-05
4018,6.650596e-05,0.19350223,0.0002911658
4019,0.00016620634,0.2717972,0.0009459712
4020,0.00022127776,0.29816705,0.0013519358
4021,0.00028165843,0.32587665,0.0018328783
4022,0.0002525756,0.30698302,0.0015697822
4023,0.00022658441,0.3013504,0.0013712349
4024,0.0001984881,0.29659805,0.0011725883
4025,0.00017581458,0.29114625,0.0010109354
4026,0.00015726179,0.28430116,0.00087713404
4027,0.00014195713,0.27074584,0.0007597354
4028,0.00012824035,0.26233605,0.0006633307
4029,0.00011621862,0.25041217,0.000577574
4030,0.00010533973,0.24362335,0.0005069661
4031,9.569106e-05,0.23672538,0.00044579842
4032,8.691746e-05,0.23121619,0.0003928867
4033,7.9092446e-05,0.21874835,0.00034255424
4034,7.204688e-05,0.20637512,0.00029872064
4035,6.5753484e-05,0.20281807,0.00026531264
4036,6.282179e-05,0.19809766,0.0002489567
4037,7.9732374e-05,0.21598059,0.0003359601
4038,7.992042e-05,0.21536374,0.0003340065
4039,7.762065e-05,0.20709473,0.00031603707
4040,7.123389e-05,0.20268127,0.00028192377
4041,6.533386e-05,0.19937319,0.00025190416
4042,6.0127222e-05,0.19141456,0.00022376297
4043,0.00011431796,0.2414463,0.0005088448
4044,0.00010393695,0.22491194,0.00044125284
4045,9.560765e-05,0.21890083,0.0003939601
4046,8.805079e-05,0.21087626,0.00035084778
4047,8.0925005e-05,0.20005031,0.00031002922
4048,0.00010339101,0.22300811,0.00042546433
4049,0.00010127716,0.22280699,0.00041256493
4050,9.34174e-05,0.21428518,0.0003679827
4051,8.6020016e-05,0.20353594,0.0003261389
4052,7.9563986e-05,0.19559005,0.00029171765
4053,7.340524e-05,0.18546814,0.00025896513
4054,9.921644e-05,0.20437479,0.00037814453
4055,0.00024739103,0.289414,0.0012313157
4056,0.0002273969,0.28208476,0.0011007962
4057,0.00020938084,0.27318844,0.0009835322
4058,0.00019302589,0.26390782,0.0008790993
4059,0.00017817903,0.25488594,0.0007868027
4060,0.00016466061,0.24585693,0.00070474856
4061,0.00015233379,0.23687355,0.0006317513
4062,0.00014106462,0.22786821,0.0005666087
4063,0.00013050037,0.21648553,0.0005054165
4064,0.00012471004,0.20776623,0.00046986324
4065,0.00012159432,0.20213412,0.00044920933
4066,0.00011334292,0.1977888,0.00040831888
4067,0.00010557014,0.1905674,0.0003688314
4068,9.8550234e-05,0.18471828,0.0003347029
4069,0.00012931533,0.20462121,0.000473096
4070,0.000120536526,0.2022601,0.00043179962
4071,0.00011260052,0.19740395,0.0003932166
4072,0.00010528875,0.19327736,0.00035888085
4073,9.850138e-05,0.19026627,0.00032838245
4074,9.22096e-05,0.18505505,0.00029941523
4075,8.637706e-05,0.17971732,0.00027307446
4076,8.0956714e-05,0.17420663,0.0002490479
4077,7.5702694e-05,0.16694635,0.0002256672
4078,7.115247e-05,0.16267681,0.00020684284
4079,6.6952016e-05,0.15896386,0.00019002093
4080,6.305675e-05,0.1555868,0.00017484851
4081,5.9379297e-05,0.15133663,0.00016053024
4082,5.5815493e-05,0.14577276,0.000146604
4083,5.252109e-05,0.14053008,0.0001340882
4084,4.9588714e-05,0.13681374,0.00012352456
4085,4.6911973e-05,0.13441736,0.000114398135
4086,4.423511e-05,0.129654,0.00010491173
4087,4.17682e-05,0.1253128,9.643157e-05
4088,3.9546692e-05,0.12201121,8.913485e-05
4089,3.9862232e-05,0.1209845,8.920668e-05
4090,3.8122223e-05,0.117800646,8.3439336e-05
4091,0.00012917577,0.19265597,0.00040955475
4092,0.00012717886,0.19294728,0.0004023071
4093,0.00011998477,0.1869739,0.00037006347
4094,0.00011317026,0.18337467,0.00034164047
4095,0.00013150332,0.19396737,0.0004129703
4096,0.00012669615,0.1889701,0.0003902288
4097,0.00018227128,0.21952862,0.00062727375
4098,0.00023507199,0.24337807,0.00087334
4099,0.00085321313,0.40810415,0.0046898564
4100,0.0061670337,0.88901836,0.06119637
4101,0.0069123367,0.9252171,0.071528815
4102,0.006156999,0.8712368,0.061713167
4103,0.0055028084,0.8229625,0.053451583
4104,0.0049331076,0.7790766,0.046448395
4105,0.0044310037,0.746482,0.040605497
4106,0.003971825,0.7230746,0.035567187
4107,0.0035791702,0.6953297,0.031215215
4108,0.0032330686,0.6675861,0.027435707
4109,0.0029269936,0.6392089,0.024136124
4110,0.0026519962,0.604711,0.021148903
4111,0.00241052,0.57609457,0.018634062
4112,0.0021928332,0.54523087,0.016387908
4113,0.003019957,0.6060164,0.024664411
4114,0.0030001556,0.5925426,0.02431421
4115,0.002958088,0.5893869,0.02405763
4116,0.0026816793,0.5544844,0.021032935
4117,0.002439004,0.52269524,0.018461362
4118,0.0022279697,0.5000719,0.016359096
4119,0.0020488666,0.48197886,0.014641902
4120,0.0018778469,0.4625243,0.013029743
4121,0.0017340614,0.4416409,0.011684632
4122,0.0015907354,0.41889632,0.010361224
4123,0.001491964,0.40447193,0.009498225
4124,0.0014082001,0.39406702,0.008806959
4125,0.0013434216,0.3878747,0.008305243
4126,0.001238564,0.37064037,0.0074193813
4127,0.0011455272,0.3577837,0.006673929
4128,0.0010611686,0.347316,0.006025174
4129,0.0010938434,0.34934244,0.006248252
4130,0.0012390978,0.36233255,0.0073000765
4131,0.0016686873,0.40201122,0.010677051
4132,0.0015417581,0.38382453,0.009566679
4133,0.0021652645,0.43696624,0.014852829
4134,0.0054756305,0.63458836,0.04983725
4135,0.005731866,0.643818,0.053071532
4136,0.005191811,0.61020637,0.046525903
4137,0.004733133,0.5776721,0.041051507
4138,0.004687485,0.56542027,0.04031043
4139,0.005792413,0.6075696,0.052818164
4140,0.005448214,0.591835,0.048806798
4141,0.0090463,0.7180922,0.093770884
4142,0.016297106,0.9067808,0.20061368
4143,0.015894998,0.88302135,0.19420074
4144,0.014003163,0.8293567,0.16531982
4145,0.012580795,0.7718262,0.14323296
4146,0.011397783,0.7226837,0.12543347
4147,0.010190223,0.6872574,0.10866236
4148,0.009131399,0.6552984,0.09439309
4149,0.008209364,0.6231957,0.082159236
4150,0.008536143,0.6302145,0.08633518
4151,0.008196317,0.61750835,0.08187666
4152,0.0074218987,0.5820991,0.07162459
4153,0.0066665756,0.5677772,0.062865384
4154,0.006022964,0.55082005,0.05535764
4155,0.0068384577,0.57634443,0.06509404
4156,0.006276364,0.5450528,0.057816643
4157,0.0056956992,0.5196848,0.050797243
4158,0.0074026324,0.5655364,0.07075015
4159,0.006849935,0.5436942,0.06394639
4160,0.006209984,0.5155849,0.056012157
4161,0.0056297416,0.50263333,0.049563345
4162,0.0051261852,0.4859403,0.04390493
4163,0.0048049805,0.4722597,0.04039987
4164,0.004455295,0.45065737,0.0363684
4165,0.009358867,0.5972864,0.09436131
4166,0.0085199755,0.57662,0.08370041
4167,0.007845145,0.5498717,0.07494437
4168,0.0071043703,0.530892,0.066012554
4169,0.006372153,0.52168417,0.05802204
4170,0.009117009,0.61192757,0.09275127
4171,0.009241098,0.60886693,0.09429444
4172,0.008499674,0.58150333,0.08429772
4173,0.008123399,0.56476265,0.079354934
4174,0.007307311,0.55000293,0.06967608
4175,0.007861318,0.5569183,0.07615209
4176,0.0070699225,0.5433496,0.066895545
4177,0.006282877,0.5348663,0.05834977
4178,0.005698917,0.51408285,0.051373363
4179,0.008889261,0.604521,0.090670064
4180,0.009208463,0.6108999,0.09513501
4181,0.010166454,0.6228952,0.107404
4182,0.009154082,0.59617186,0.09381364
4183,0.0074937595,0.57890934,0.076095
4184,0.0067123557,0.5618536,0.06640128
4185,0.006300358,0.53588086,0.060655247
4186,0.008603512,0.5952959,0.08999087
4187,0.0077313934,0.56480795,0.078095086
4188,0.006966614,0.5351147,0.067905396
4189,0.031033596,0.9542827,0.45008278
4190,0.026300935,0.8923549,0.36911547
4191,0.053512443,1.1363069,0.86210924
4192,0.054490432,1.086227,0.86887866
4193,0.0431158,0.9869472,0.66877925
4194,0.035567578,0.9124198,0.5346681
4195,0.0293325,0.8532923,0.42839506
4196,0.025692014,0.78293914,0.36048892
4197,0.02146798,0.74506867,0.29364783
4198,0.018715972,0.69303834,0.24558344
4199,0.25236726,1.929613,3.921604
4200,0.13766627,1.3356024,2.4368017
4201,0.099809095,1.0536685,1.7245528
4202,0.081856534,0.90049237,1.3617274
4203,1.7639555,2.9456084,7.7054687
4204,0.68814975,1.7041028,6.2673607
4205,0.3779856,1.0562942,4.5846057
4206,0.24205412,0.7237101,3.1921122
4207,0.18507513,0.57389194,2.4246867
4208,0.126346,0.4771377,1.6777482
4209,0.10224585,0.41183022,1.2978724
4210,0.0844926,0.37518317,1.0338686
4211,0.068199225,0.3508498,0.8148944
4212,0.061422687,0.33810827,0.7161827
4213,0.053920183,0.32479662,0.6114426
4214,0.038375176,0.2985476,0.43542105
4215,0.04324577,0.30589163,0.4961533
4216,0.070953585,0.3746336,0.89121395
4217,0.071460225,0.38391402,0.9079207
4218,0.058316052,0.36109817,0.7219125
4219,0.0729724,0.3887109,0.92581046
4220,0.07525027,0.39189297,0.9507987
4221,0.06428808,0.35909498,0.77743477
4222,0.0541364,0.34162977,0.63622034
4223,0.047124375,0.32541376,0.53526235
4224,0.04096542,0.31446347,0.4522744
4225,0.036060054,0.304941,0.38686955
4226,0.03155245,0.29858744,0.3305636
4227,0.031012617,0.3008923,0.32297766
4228,0.027588136,0.29472363,0.28009668
4229,0.049191196,0.36883807,0.5678976
4230,0.09977176,0.47973663,1.2750344
4231,0.22664608,0.6570793,2.841285
4232,0.37258905,0.74241287,4.0446796
4233,0.24344467,0.5638001,2.8388007
4234,0.15281932,0.4492238,1.8708723
4235,0.11071131,0.3925143,1.350056
4236,0.089485765,0.35983732,1.0605776
4237,0.0722887,0.33687449,0.8377632
4238,0.08881296,0.3570912,1.0441211
4239,0.08187091,0.33691996,0.9335875
4240,0.06643725,0.31836998,0.74200994
4241,0.05589579,0.30548635,0.6093814
4242,0.05753251,0.32054982,0.64144284
4243,0.048296884,0.31028944,0.5293905
4244,0.042541817,0.30436307,0.45768788
4245,0.034921296,0.29551786,0.37048286
4246,0.025354663,0.2766289,0.27184814
4247,0.020649921,0.27043682,0.21936718
4248,0.0361302,0.3546521,0.45148242
4249,0.028183496,0.33778742,0.34763035
4250,0.020389708,0.31510895,0.25043613
4251,0.016232893,0.30451453,0.19641836
4252,0.019235948,0.3325334,0.2438989
4253,0.055824142,0.5192158,0.89914316
4254,0.045145646,0.48299003,0.709097
4255,0.048681527,0.48492628,0.76241297
4256,0.038004562,0.45000628,0.5798231
4257,0.03240136,0.41424093,0.47029594
4258,0.021029841,0.37035188,0.3059404
4259,0.015733937,0.34828633,0.2252326
4260,0.013079009,0.33573055,0.18136904
4261,0.014028126,0.3309379,0.19336821
4262,0.013178104,0.31274074,0.1747946
4263,0.013529322,0.30615202,0.177184
4264,0.016593589,0.33019298,0.22702788
4265,0.014913289,0.31140792,0.19522257
4266,0.013254836,0.2895326,0.16481674
4267,0.01171626,0.27080414,0.13850002
4268,0.010440095,0.2655871,0.119927555
4269,0.00921583,0.2642162,0.10405865
4270,0.0075358227,0.25923264,0.08401049
4271,0.00602029,0.2524317,0.06605957
4272,0.004648048,0.24347027,0.050330304
4273,0.0037994303,0.2382825,0.0403226
4274,0.0029934268,0.23104385,0.031214217
4275,0.0029993649,0.23826723,0.031474873
4276,0.0023216517,0.22966461,0.023946192
4277,0.0020260818,0.2219181,0.020049846
4278,0.0018166566,0.21394773,0.01726348
4279,0.0023052162,0.24967967,0.024504216
4280,0.0027428565,0.2787291,0.031235764
4281,0.0029533196,0.28040507,0.033704706
4282,0.005679869,0.36599392,0.078035705
4283,0.0057540606,0.3708177,0.07906402
4284,0.0049655694,0.33995175,0.064054646
4285,0.004287085,0.30654967,0.051573016
4286,0.004290957,0.29568768,0.050420735
4287,0.013001322,0.44622132,0.2051767
4288,0.6908869,2.2166295,6.8897276
4289,0.30218732,1.246323,4.896852
4290,0.17087102,0.82477725,3.2021306
4291,0.09821539,0.61006737,1.9580413
4292,0.0667561,0.50997615,1.3378034
4293,0.05203895,0.43086752,0.9766323
4294,0.04171907,0.3833826,0.73967135
4295,0.029354766,0.34849697,0.5295401
4296,0.01691408,0.32658303,0.30992898
4297,0.009861617,0.3025267,0.18150268
4298,0.007175697,0.2792443,0.12694474
4299,0.0054118843,0.2599362,0.091386154
4300,0.004217717,0.24508387,0.06836771
4301,0.0033346065,0.22928241,0.051059898
4302,0.0019632229,0.20589815,0.02967641
4303,0.001356014,0.18804169,0.019632462
4304,0.0011473517,0.17595601,0.015628321
4305,0.0012630748,0.18457659,0.017620137
4306,0.0012608011,0.17718364,0.01698762
4307,0.0013325975,0.1772308,0.017797876
4308,0.0012929743,0.16430113,0.016381381
4309,0.0012697709,0.15503839,0.015399889
4310,0.0012227717,0.1441624,0.014134329
4311,0.0014177279,0.1466285,0.016657896
4312,0.001175539,0.12661918,0.012475484
4313,0.0021584772,0.15505604,0.026596986
4314,0.0023229313,0.15488525,0.028429525
4315,0.0020626872,0.14699261,0.02394978
4316,0.0017051772,0.14115866,0.01887581
4317,0.0014091377,0.13586242,0.014895354
4318,0.0011766735,0.13067701,0.011856111
4319,0.0011403934,0.13731343,0.01188975
4320,0.0013113506,0.13961974,0.01381214
4321,0.0025124408,0.17351928,0.031252705
4322,0.0034965687,0.18937601,0.046587575
4323,0.005162018,0.21402143,0.07536403
4324,0.004371916,0.1903079,0.05870046
4325,0.0051738913,0.20624243,0.0725318
4326,0.0043931757,0.19255221,0.057844315
4327,0.0028565002,0.17607883,0.037128024
4328,0.0023722984,0.16727963,0.029196631
4329,0.002011627,0.15640575,0.023218727
4330,0.0018126286,0.14532635,0.019827312
4331,0.0015572548,0.13477966,0.015930718
4332,0.0013455644,0.12591048,0.012922988
4333,0.0011685393,0.11730679,0.010531653
4334,0.0010135054,0.10652731,0.00848836
4335,0.0008869841,0.10236782,0.007074542
4336,0.00077234075,0.099916674,0.005916142
4337,0.00066645467,0.09808531,0.004922012
4338,0.00068101904,0.10189734,0.0050642346
4339,0.0006074542,0.09520269,0.0042639705
4340,0.0005269955,0.09382826,0.0035758445
4341,0.00039135237,0.09035454,0.0026237448
4342,0.0002978814,0.08749414,0.0019634508
4343,0.00023646017,0.085438795,0.0015216514
4344,0.00018147273,0.0827036,0.0011431127
4345,0.00014425837,0.08052589,0.0008837816
4346,0.00012414831,0.077845395,0.00072572223
4347,0.000104856976,0.076043874,0.000589844
4348,8.7315835e-05,0.07442045,0.000474472
4349,7.515285e-05,0.0723128,0.00039098668
4350,6.546396e-05,0.065817766,0.0003166873
4351,6.489008e-05,0.06181171,0.00030164878
4352,8.3505474e-05,0.06457592,0.0004039628
4353,7.330028e-05,0.05876532,0.00033042431
4354,6.528245e-05,0.05568018,0.00027904648
4355,5.781066e-05,0.051052015,0.00023138069
4356,6.626035e-05,0.05171079,0.00026881663
4357,5.943023e-05,0.048413333,0.00022803748
4358,5.3258682e-05,0.0476807,0.00019735185
4359,5.762491e-05,0.04956456,0.00021625444
4360,5.4872246e-05,0.048264474,0.00019955581
4361,4.9530165e-05,0.045383777,0.00017095578
4362,5.1185787e-05,0.047339875,0.00017823305
4363,5.581238e-05,0.04766514,0.00019551681
4364,0.0004264666,0.104098044,0.0027029475
4365,0.00043454865,0.10086331,0.0026972883
4366,0.0005298292,0.10509051,0.0034021595
4367,0.000654459,0.11377269,0.0044445037
4368,0.00058791705,0.10522465,0.0037711163
4369,0.00077052356,0.11635251,0.0053139133
4370,0.15437494,0.9413806,3.2004194
4371,0.11383507,0.7035068,2.319433
4372,0.0953208,0.56925577,1.8490692
4373,0.07154717,0.47425964,1.3236141
4374,0.077801146,0.4592483,1.402572
4375,0.064917535,0.40057236,1.1146163
4376,0.05263723,0.3540278,0.85415906
4377,0.0447015,0.31496885,0.6845308
4378,0.58052796,0.86549413,5.9627056
4379,3.6159809,1.561979,8.214219
4380,2.1404557,1.2207878,7.744092
4381,1.1776508,0.81739473,6.821507
4382,0.8193606,0.58192074,5.9020457
4383,0.4981458,0.39359102,4.41199
4384,2.5584395,0.6977288,7.523642
4385,1.3662871,0.5208997,6.516889
4386,0.69389606,0.35951445,4.8918176
4387,0.43364346,0.27297077,3.5473793
4388,0.28525162,0.22034574,2.4813087
4389,0.20087059,0.1897929,1.7759769
4390,0.14449061,0.16948931,1.2836506
4391,0.10877117,0.1568526,0.9619979
4392,0.08943966,0.1508014,0.7773857
4393,0.06853148,0.14334212,0.5933847
4394,0.055555176,0.13976985,0.47656333
4395,0.050380185,0.13550255,0.41894355
4396,0.046004564,0.13039039,0.37005615
4397,0.0445662,0.12823336,0.35163665
4398,0.12131356,0.19183417,1.1536825
4399,0.10005573,0.181845,0.9301019
4400,0.076774344,0.17143099,0.709044
4401,0.06283111,0.16626175,0.572349
4402,0.056247696,0.1611764,0.4969991
4403,0.050923813,0.15514325,0.43532953
4404,0.060912207,0.165806,0.5359299
4405,0.09279696,0.19467138,0.8743788
4406,0.0801899,0.18715455,0.73457086
4407,0.071492806,0.17668188,0.6306735
4408,0.064253956,0.16909416,0.54797417
4409,0.056821536,0.16668884,0.47412992
4410,0.05128431,0.1638615,0.41746187
4411,0.04634213,0.16240528,0.3692833
4412,0.047858335,0.16403045,0.38053933
4413,0.04362654,0.16205579,0.3390437
4414,0.040142026,0.15896957,0.30419695
4415,0.03695038,0.15731134,0.27390572
4416,0.034066815,0.1562753,0.2474156
4417,0.031226885,0.15668651,0.22306363
4418,0.03354934,0.16327524,0.24339618
4419,0.032058626,0.1615922,0.22857529
4420,0.038242888,0.17462926,0.2841379
4421,0.11609701,0.2734844,1.079956
4422,0.097988226,0.25971198,0.8890068
4423,0.086304374,0.24597777,0.75737226
4424,0.07650694,0.23659149,0.6521574
4425,0.069663,0.22549789,0.57513636
4426,1.4774694,0.7829304,6.6212707
4427,0.8822821,0.5647422,5.3552413
4428,0.5987058,0.42034948,4.1516013
4429,0.4432141,0.33687058,3.213656
4430,0.37126493,0.29142106,2.6746302
4431,0.85460496,0.38623193,4.747827
4432,0.5652878,0.30219907,3.5166416
4433,0.40661994,0.25250474,2.6172967
4434,0.3447346,0.22823495,2.190221
4435,1.269629,0.37799883,5.4138074
4436,0.8546063,0.28694358,4.206752
4437,1.1099796,0.29003978,4.7572436
4438,0.7659882,0.23235634,3.6164331
4439,0.5588921,0.19782442,2.733064
4440,0.44339687,0.17497626,2.1490388
4441,0.464967,0.17582685,2.2017713
4442,0.4721743,0.17479976,2.1880205
4443,0.35524806,0.15851903,1.6557858
4444,0.29709077,0.15007293,1.3587499
4445,0.25424075,0.14439432,1.1396307
4446,0.26764965,0.14867005,1.1949245
4447,0.2408203,0.14724845,1.0647725
4448,0.21081744,0.1439194,0.91450745
4449,0.18800165,0.14165016,0.8000071
4450,0.42434242,0.19612832,1.9426047
4451,0.35140496,0.18251818,1.5785096
4452,0.299262,0.17318906,1.3147534
4453,0.25425094,0.16688128,1.0978177
4454,0.21617505,0.16230284,0.9205731
4455,0.19248517,0.15961666,0.804416
4456,0.17259127,0.15798141,0.7091396
4457,0.17768966,0.16366418,0.73309016
4458,0.16184914,0.16203725,0.65574396
4459,0.14887787,0.16067936,0.5925691
4460,0.13615078,0.16062185,0.5343271
4461,0.1264881,0.16014752,0.48878387
4462,0.30330527,0.2332556,1.3610979
4463,0.2470451,0.22144629,1.0986332
4464,0.2136993,0.21505332,0.934039
4465,0.19160643,0.21000357,0.8200217
4466,0.17082039,0.20706272,0.7191245
4467,0.15567814,0.20450391,0.6436727
4468,0.27258548,0.261561,1.2330626
4469,0.23042966,0.25123906,1.026558
4470,0.39453253,0.31648976,1.830224
4471,0.4091807,0.32139617,1.8769176
4472,0.3346999,0.2983202,1.512539
4473,0.28588566,0.28220662,1.2638423
4474,0.28191638,0.2846348,1.2381684
4475,0.24440266,0.27363738,1.0517172
4476,0.21472341,0.26578113,0.906397
4477,0.18947327,0.2602768,0.7866613
4478,0.1711346,0.25597703,0.69787145
4479,0.15504187,0.2531985,0.62235194
4480,0.16489305,0.26171812,0.6688165
4481,0.14831612,0.2594531,0.5934643
4482,0.13436215,0.25818378,0.53093797
4483,0.12422199,0.25666517,0.4838865
4484,0.11490093,0.25615764,0.4419782
4485,0.106463164,0.25631562,0.40490222
4486,0.15933561,0.30666655,0.66452295
4487,0.16609071,0.3187729,0.69993556
4488,0.15038079,0.31402886,0.6235862
4489,0.23964217,0.3876394,1.0811433
4490,0.20616645,0.37343824,0.9151994
4491,0.18250115,0.36316136,0.7956865
4492,0.16351575,0.35534596,0.7007762
4493,0.14885055,0.34836498,0.6267369
4494,0.60420775,0.62381977,2.792546
4495,0.468071,0.5469922,2.171417
4496,0.37992236,0.49424234,1.7365633
4497,0.7758915,0.656362,3.2977033
4498,0.76472145,0.6317971,3.1943893
4499,0.8083809,0.62795055,3.2723327
4500,0.5492985,0.52691156,2.3479698
4501,0.42982653,0.47445342,1.8315997
4502,0.35410714,0.43974924,1.4849931
4503,0.30278006,0.41477525,1.2428641
4504,0.26446274,0.40169233,1.0748307
4505,0.23381595,0.3919539,0.9401218
4506,0.1818869,0.3661132,0.7322755
4507,0.14996724,0.35236,0.6017326
4508,0.12939338,0.34598508,0.51593626
4509,0.1139158,0.3426088,0.4512211
4510,0.21960302,0.45640475,0.99478525
4511,0.82634443,0.79440707,3.593132
4512,0.5778749,0.66229135,2.64934
4513,0.42180407,0.5750137,1.9702444
4514,0.34307244,0.52507955,1.5795617
4515,0.65745866,0.68064696,2.914633
4516,0.49895138,0.59172934,2.2345555
4517,0.40460598,0.5319576,1.7856703
4518,0.32795635,0.49142042,1.4301649
4519,0.5457937,0.6035879,2.3721344
4520,0.43982962,0.54367983,1.8953638
4521,0.3454877,0.49665317,1.4816693
4522,0.29368806,0.4674659,1.2344068
4523,0.24587543,0.4447527,1.0198973
4524,0.21563318,0.42962417,0.87834257
4525,0.17741875,0.41084102,0.71878165
4526,0.1572461,0.4033442,0.62899053
4527,0.14378172,0.396443,0.56608844
4528,0.14121719,0.40070638,0.55554724
4529,0.12931284,0.39623052,0.50200635
4530,0.11962782,0.39144045,0.45803803
4531,0.23290305,0.5248742,1.0228479
4532,0.16675717,0.4825017,0.74248904
4533,0.122883834,0.44809404,0.5527378
4534,0.10400194,0.43607232,0.46601722
4535,0.07894873,0.40869007,0.3566987
4536,0.063134305,0.3909635,0.28660947
4537,0.05651798,0.39085612,0.25568217
4538,0.074071646,0.44489902,0.36171558
4539,0.22273178,0.6995435,1.336716
4540,0.6951715,1.1062125,3.780634
4541,1.3716666,1.3550528,5.4475513
4542,0.7356725,0.98615795,3.8297532
4543,0.45064896,0.7632754,2.6117363
4544,0.30846342,0.6391737,1.8489133
4545,0.53232026,0.77762544,3.016192
4546,0.40211385,0.65880144,2.300431
4547,0.29224256,0.57208514,1.6949478
4548,0.2140966,0.5077376,1.2510841
4549,0.1757683,0.47712693,1.014494
4550,1.031846,0.98346275,4.8001704
4551,0.6887856,0.7620166,3.5977318
4552,0.4197068,0.60303164,2.423135
4553,0.2751199,0.5074086,1.6566737
4554,0.2014402,0.45156848,1.2217706
4555,0.15753005,0.41865903,0.9517184
4556,0.73923975,0.78316385,4.0554533
4557,0.557923,0.6425715,3.2013023
4558,0.42160702,0.5382375,2.4454389
4559,0.33586282,0.4731132,1.92378
4560,0.27885333,0.42865214,1.5609834
4561,0.21474986,0.39184818,1.1997856
4562,0.29522395,0.45394382,1.6989782
4563,0.23335363,0.41684467,1.3385457
4564,0.16727525,0.37316152,0.96980727
4565,0.1480263,0.358724,0.83893186
4566,0.13151048,0.3484963,0.730851
4567,0.114359416,0.34085822,0.62752944
4568,0.095603004,0.33124813,0.52224946
4569,0.086195,0.32832846,0.46478745
4570,0.06376162,0.3075667,0.34731218
4571,0.044255152,0.2945524,0.24600533
4572,0.039960317,0.2964311,0.22086899
4573,0.12145412,0.46805072,0.86647475
4574,0.10602471,0.45025936,0.7413681
4575,0.076756105,0.4101058,0.540869
4576,0.06916853,0.40159822,0.47857162
4577,0.061018784,0.39618856,0.41716152
4578,0.092401505,0.46942854,0.6902247
4579,0.124929085,0.55009735,1.0346764
4580,0.09646651,0.50842655,0.79549843
4581,0.08451811,0.48726234,0.6811519
4582,0.07500839,0.46990198,0.5910819
4583,0.06114122,0.4511135,0.4789528
4584,0.15514821,0.6758813,1.4349796
4585,0.12781526,0.62543887,1.1687701
4586,0.08577553,0.5509243,0.7982114
4587,0.0706415,0.5240272,0.64837044
4588,0.058242306,0.5023533,0.5285703
4589,0.060832225,0.51892215,0.5596307
4590,0.060225643,0.530201,0.5596959
4591,0.18727371,0.8609149,2.0254843
4592,0.16834629,0.80131334,1.8165438
4593,0.5201742,1.231436,4.526335
4594,0.5316899,1.1017683,4.4746466
4595,0.3574402,0.8341051,3.3023741
4596,0.2472321,0.67201585,2.3687642
4597,0.28838775,0.6799918,2.6676905
4598,1.2528436,1.1673977,6.257369
4599,0.6170976,0.78409034,4.526792
4600,0.3326297,0.57051855,2.9427001
4601,0.18772942,0.46665096,1.8249686
4602,0.14558785,0.41822717,1.3968517
4603,0.12075381,0.3864109,1.1283526
4604,0.13390943,0.39528164,1.2478892
4605,0.15518078,0.42152303,1.4615942
4606,0.1002593,0.3700436,0.9687303
4607,0.07532649,0.34196678,0.734413
4608,0.055961832,0.31761992,0.54523563
4609,0.049514644,0.3086534,0.4702832
4610,0.044187374,0.3011281,0.40941456
4611,0.043059524,0.29617608,0.39296317
4612,0.06826182,0.35338262,0.68312097
4613,0.07857158,0.379104,0.806614
4614,0.0687882,0.3586204,0.68348575
4615,0.06031737,0.34486267,0.583101
4616,0.054036494,0.32691732,0.5048672
4617,0.053888142,0.3343865,0.5052489
4618,0.04757567,0.32694796,0.43646443
4619,0.050377272,0.35344976,0.50978076
4620,0.032766163,0.3307524,0.33790043
4621,0.021780992,0.30769795,0.22754686
4622,0.017184928,0.29778087,0.17831495
4623,0.013532426,0.28854126,0.13946536
4624,0.010447397,0.27812496,0.107081585
4625,0.0081913415,0.26974848,0.08330917
4626,0.0060950126,0.25719157,0.061723597
4627,0.0046548247,0.2475497,0.04675661
4628,0.006109183,0.295594,0.071180195
4629,0.0056301476,0.29340777,0.064326875
4630,0.0048436113,0.28691083,0.05369085
4631,0.0045092963,0.29315442,0.05033532
4632,0.0038331547,0.2908668,0.042527795
4633,0.0038790891,0.30530295,0.0441054
4634,0.0028974733,0.28995594,0.032477114
4635,0.0024071552,0.28197238,0.026195997
4636,0.0025211722,0.30179653,0.028690122
4637,0.0019973177,0.29049307,0.022167042
4638,0.0017063506,0.27997494,0.018179297
4639,0.0014886019,0.2620032,0.014993525
4640,0.010383303,0.54155695,0.17923741
4641,0.01485024,0.6032987,0.27642548
4642,0.020406744,0.6534255,0.4014612
4643,0.023722075,0.69153553,0.4831758
4644,0.059204403,0.98406667,1.3969359
4645,0.0432828,0.8262309,0.9724492
4646,0.060333073,0.8559596,1.3578728
4647,0.056788318,0.77377164,1.2370152
4648,0.03990004,0.6648711,0.843652
4649,0.023245841,0.57358295,0.49457234
4650,0.018280717,0.5195603,0.36764586
4651,0.0154745495,0.45402086,0.28835672
4652,0.012806377,0.397981,0.21998565
4653,0.007710013,0.36182454,0.13242179
4654,0.0046808207,0.32142475,0.079480775
4655,0.003534311,0.29890698,0.05728331
4656,0.0028577237,0.27740362,0.04344709
4657,0.002301058,0.2595125,0.032994363
4658,0.0016532575,0.24047361,0.022867078
4659,0.0014673076,0.23557802,0.019824592
4660,0.0011800231,0.22051184,0.015019143
4661,0.0009843318,0.19936326,0.011551427
4662,0.0025250262,0.27186868,0.037744723
4663,0.0053893914,0.34965068,0.097572796
4664,0.013793054,0.49012852,0.31605962
4665,0.017676715,0.50037795,0.41260344
4666,0.020605657,0.4947459,0.4790411
4667,0.04708885,0.6770361,1.253012
4668,0.075554624,0.72080743,1.9584101
4669,0.055416517,0.5881434,1.3778595
4670,0.039561577,0.4933728,0.9311139
4671,0.03005415,0.42785338,0.6613726
4672,0.023824448,0.37326917,0.48506624
4673,0.027479744,0.37623543,0.559452
4674,0.021556959,0.3429484,0.41524482
4675,0.017432744,0.31500465,0.31638762
4676,0.024936771,0.34376332,0.47763333
4677,0.040055104,0.3934072,0.81949914
4678,0.1372655,0.59184676,2.8389518
4679,0.21014534,0.6356144,3.84527
4680,0.14561735,0.47745258,2.755258
4681,0.18543422,0.47477594,3.2441204
4682,0.12630409,0.35974476,2.2044446
4683,0.08102788,0.29501396,1.4265509
4684,0.0820599,0.3055061,1.553713
4685,0.08190172,0.30077156,1.5426159
4686,0.062837295,0.25756702,1.1189232
4687,0.060705364,0.25775662,1.0897919
4688,0.057480887,0.25891855,1.0608273
4689,0.057127338,0.25036648,1.0272241
4690,0.044560783,0.22638609,0.76381886
4691,0.027028993,0.2018912,0.46531948
4692,0.017388005,0.1810823,0.2956031
4693,0.011177904,0.16363566,0.18692143
4694,0.009273302,0.14773887,0.14312989
4695,0.021109207,0.19837944,0.39259067
4696,0.01707133,0.18214512,0.2972684
4697,0.012662659,0.1702236,0.21231514
4698,0.014844896,0.18459277,0.258827
4699,0.01225789,0.16893242,0.19895361
4700,0.025343979,0.22822349,0.4898015
4701,0.03612337,0.2509683,0.72645956
4702,0.028890936,0.21921012,0.53672165
4703,0.031411372,0.22145769,0.57996696
4704,0.025648296,0.19934091,0.4416287
4705,0.01643825,0.17880037,0.27948388
4706,0.0116981035,0.16597736,0.19302267
4707,0.00973641,0.15182559,0.14926784
4708,0.008542875,0.1388111,0.122850984
4709,0.008625403,0.13668185,0.12224466
4710,0.008532447,0.13500442,0.11922427
4711,0.007981457,0.12867016,0.10740459
4712,0.0059415447,0.123030014,0.078185014
4713,0.0044772043,0.1177144,0.05715783
4714,0.0033226414,0.11221194,0.04116743
4715,0.0026837143,0.107941955,0.03176075
4716,0.0021962002,0.10383524,0.02476921
4717,0.0018429519,0.099177614,0.019668138
4718,0.0014996694,0.0959582,0.015332319
4719,0.0012714431,0.08521637,0.011906624
4720,0.0011129684,0.07723289,0.009698973
4721,0.0010263029,0.07341687,0.008582766
4722,0.0009370259,0.06912989,0.007473726
4723,0.0008497654,0.064673774,0.006436951
4724,0.0016877997,0.0824827,0.015353791
4725,0.0015176176,0.07670772,0.013058039
4726,0.0011862578,0.075004846,0.009973408
4727,0.0009868756,0.073745646,0.008017531
4728,0.0010145146,0.07348615,0.00812784
4729,0.0012336757,0.07705976,0.010195163
4730,0.0010822964,0.07000822,0.008333139
4731,0.0010298584,0.066937186,0.0076508448
4732,0.00097203004,0.064074814,0.0069309105
4733,0.0011087193,0.06608273,0.008034306
4734,0.021119054,0.20710388,0.34866032
4735,0.019467538,0.19382961,0.3060988
4736,0.022566898,0.19535965,0.3560386
4737,0.038062956,0.23415142,0.6618388
4738,0.18087879,0.42609292,3.2649333
4739,0.23846668,0.41350067,3.8409345
4740,0.40793884,0.42486727,5.0698004
4741,0.30564743,0.31849355,4.0766954
4742,0.20220153,0.23413177,2.8195372
4743,0.15148279,0.18779325,2.0577013
4744,0.11732697,0.16145675,1.5345343
4745,0.073720306,0.13869712,0.98005056
4746,0.059000164,0.13028975,0.75944436
4747,0.43892217,0.28432864,4.7572656
4748,0.3870689,0.22745445,4.1980214
4749,0.26210418,0.16684774,2.972355
4750,0.19689731,0.13310133,2.1868463
4751,0.18527046,0.12237964,1.9874303
4752,0.14817575,0.10768804,1.5328732
4753,0.11106616,0.098786816,1.1367177
4754,0.08902761,0.093693346,0.8913275
4755,0.076867834,0.08925248,0.7416311
4756,0.06680791,0.086388454,0.62402314
4757,0.057249397,0.085586645,0.52606964
4758,0.039508145,0.07988085,0.36545897
4759,0.03454041,0.07956428,0.3121999
4760,0.029111583,0.079518884,0.2592654
4761,0.026346387,0.078166105,0.22745906
4762,0.024006555,0.07486793,0.19920781
4763,0.021942904,0.071592756,0.17499311
4764,0.02025906,0.069067165,0.15606631
4765,0.018255835,0.06975669,0.13802636
4766,0.015531179,0.07058466,0.1164126
4767,0.013744368,0.07168084,0.10159148
4768,0.012363057,0.07265401,0.08987012
4769,0.011418997,0.071723305,0.08073509
4770,0.010529285,0.071615964,0.07271882
4771,0.0094543705,0.07285782,0.06439043
4772,0.008468147,0.074164934,0.05691634
4773,0.0076356647,0.07542042,0.050592378
4774,0.007085293,0.07461572,0.045736723
4775,0.006587948,0.07290703,0.041270286
4776,0.0061756964,0.07097348,0.037593644
4777,0.011148392,0.08984507,0.08009373
4778,0.0135256015,0.09823693,0.10254921
4779,0.012503434,0.09614668,0.09202396
4780,0.011581618,0.09411038,0.082775794
4781,0.010866104,0.09185135,0.075615376
4782,0.011858583,0.09640008,0.08460102
4783,0.011439915,0.096344344,0.08067219
4784,0.013584796,0.10303523,0.099669784
4785,0.012406407,0.10391311,0.08943731
4786,0.011493952,0.10318599,0.080926165
4787,0.010624881,0.10331027,0.07329602
4788,0.009649694,0.104805104,0.0656496
4789,0.008868419,0.10581505,0.059339907
4790,0.008196797,0.10643144,0.053860474
4791,0.0076435287,0.105218396,0.049030002
4792,0.007134004,0.102046035,0.0443993
4793,0.059126314,0.23793842,0.64310807
4794,0.052260507,0.22206736,0.5443274
4795,0.04818362,0.21367252,0.48675373
4796,0.066639826,0.24107629,0.71113914
4797,0.05876181,0.22624896,0.6022012
4798,0.05228265,0.21514481,0.5164374
4799,0.046252962,0.20990859,0.44465196
4800,0.041517522,0.2042959,0.38766682
4801,0.037675455,0.19643332,0.3402241
4802,0.034350622,0.18758327,0.29938996
4803,0.031462185,0.18020819,0.26524398
4804,0.02885826,0.17686088,0.23705375
4805,0.026603911,0.1722851,0.21246319
4806,0.13689117,0.33027223,1.4943042
4807,0.11404599,0.29795244,1.1984962
4808,0.09702802,0.27579784,0.983418
4809,0.0844701,0.25616667,0.82318556
4810,0.0746424,0.23980124,0.69992024
4811,0.08903239,0.25672248,0.8527731
4812,0.07771139,0.24521461,0.7219331
4813,0.069164895,0.2334697,0.621266
4814,0.062079497,0.22402234,0.5402505
4815,0.056087777,0.21647958,0.47390252
4816,0.05108191,0.2083288,0.41850498
4817,0.0467351,0.20197493,0.3721936
4818,0.06800494,0.23367988,0.5847308
4819,0.061215095,0.2262301,0.51167196
4820,0.055421364,0.2203207,0.4511666
4821,0.058942076,0.22516546,0.48226556
4822,0.05357321,0.21950409,0.42710227
4823,0.048951052,0.21461415,0.38064808
4824,0.044853117,0.21101172,0.34089053
4825,0.041202646,0.2083426,0.30655572
4826,0.037984345,0.20602402,0.27685723
4827,0.0352066,0.20303407,0.25115818
4828,0.03278067,0.19851957,0.22839129
4829,0.030438013,0.19749522,0.20830458
4830,0.028419655,0.1951425,0.19066517
4831,0.06350157,0.27061924,0.51972157
4832,0.057776023,0.26055795,0.4594316
4833,0.052864656,0.25151145,0.40880162
4834,0.048604287,0.24320458,0.3657741
4835,0.058105376,0.2614204,0.45460448
4836,0.053723857,0.25344342,0.41021156
4837,0.04940052,0.24606998,0.36761555
4838,0.04636017,0.2401735,0.3383444
4839,0.164092,0.39672485,1.4938604
4840,0.15996599,0.3782875,1.4235975
4841,0.13823363,0.3443342,1.1892216
4842,0.12314695,0.31740353,1.0269308
4843,0.108258784,0.29706937,0.8727778
4844,0.09591559,0.28362608,0.7511841
4845,0.086165786,0.27095622,0.65500236
4846,0.07807521,0.26000065,0.5766647
4847,0.10070624,0.2879938,0.77645135
4848,0.089381,0.27870765,0.6724681
4849,0.08045066,0.27030367,0.5903724
4850,0.07275831,0.26409596,0.5219745
4851,0.06625066,0.25887048,0.46508157
4852,0.060769938,0.25381175,0.41747245
4853,0.05611025,0.24831888,0.37702522
4854,0.359424,0.5246253,2.874204
4855,0.2729806,0.44304338,2.180983
4856,0.22153205,0.38564557,1.7230356
4857,0.18411481,0.35128066,1.3944036
4858,0.15761863,0.3258761,1.1587431
4859,0.28198457,0.4057641,2.105818
4860,1.158157,0.69749033,5.5788364
4861,0.73201156,0.5215736,4.2431393
4862,0.51126385,0.41495997,3.1697338
4863,0.38957444,0.34867632,2.427775
4864,0.30623522,0.30958876,1.8915186
4865,0.25068474,0.28398892,1.5192549
4866,0.21364892,0.26556477,1.2620344
4867,0.18436103,0.25295857,1.063765
4868,0.19465402,0.25803903,1.1191881
4869,0.44792104,0.353391,2.5875401
4870,0.3577941,0.30828065,2.0370946
4871,0.38038686,0.306957,2.1151955
4872,1.0994155,0.45270368,4.704047
4873,0.87518704,0.3714993,3.9405327
4874,1.157049,0.38991705,4.56413
4875,0.7882352,0.31986776,3.4305637
4876,0.59294623,0.2745531,2.633953
4877,0.47193837,0.24537556,2.0789285
4878,0.6162214,0.26364508,2.609767
4879,0.4973846,0.2376749,2.0869231
4880,0.60669917,0.25794345,2.4807777
4881,0.7383919,0.27794546,2.8968062
4882,0.8030376,0.28360862,3.0391414
4883,0.6198186,0.25175577,2.3624768
4884,0.8286325,0.2839027,3.0045779
4885,0.6926778,0.26187572,2.514457
4886,0.49788606,0.23260507,1.8483387
4887,0.39329866,0.21698725,1.452894
4888,0.33013973,0.20807719,1.2009505
4889,0.28564072,0.20229259,1.0208018
4890,0.25197837,0.19862784,0.8853635
4891,0.22439514,0.19610935,0.7756453
4892,0.19397613,0.193489,0.66437835
4893,0.17824627,0.19250163,0.6009838
4894,0.16804928,0.19124062,0.55914867
4895,0.15674016,0.19120982,0.5145968
4896,0.14737463,0.18978636,0.4773325
4897,0.13931403,0.19168292,0.44759238
4898,0.1293454,0.1928924,0.41128936
4899,0.11226053,0.19209483,0.35690922
4900,0.09116057,0.18627387,0.2913441
4901,0.11633424,0.21675996,0.40946084
4902,0.107172854,0.21827514,0.37402576
4903,0.13382791,0.24830778,0.49840087
4904,0.11431379,0.2447627,0.42468035
4905,0.0962919,0.24039437,0.35786745
4906,0.08720275,0.24192616,0.3224362
4907,0.078369126,0.24336134,0.28883383
4908,0.072348505,0.24596103,0.26523706
4909,0.1751194,0.36210757,0.7931907
4910,0.13258462,0.33656505,0.60388136
4911,0.10610778,0.32139266,0.48389766
4912,0.15501511,0.38111454,0.766654
4913,0.11070331,0.3577917,0.5578106
4914,0.095477715,0.3515992,0.47784695
4915,0.087291606,0.34884566,0.4312176
4916,0.08005086,0.347066,0.39076364
4917,0.073435135,0.3462829,0.3547288
4918,0.06907167,0.34687316,0.33095568
4919,0.27849087,0.6365147,1.7634336
4920,0.18389289,0.55350655,1.1997929
4921,0.12852412,0.49402323,0.85041726
4922,0.10270064,0.46625513,0.6764579
4923,0.09236577,0.4514354,0.5958247
4924,0.13666628,0.5351714,0.94919324
4925,0.106075145,0.4971849,0.7351933
4926,0.09508086,0.47707593,0.64372337
4927,0.08178271,0.46492162,0.5490201
4928,0.074319854,0.45184204,0.48898783
4929,0.06719297,0.44398156,0.43515855
4930,0.11991813,0.5730575,0.8803976
4931,0.08366047,0.5170933,0.62218606
4932,0.059052862,0.47278926,0.4442479
4933,0.040608093,0.4398891,0.31049213
4934,0.035409465,0.43536207,0.26847276
4935,0.03196487,0.4324169,0.23932882
4936,0.029227423,0.42863357,0.21570297
4937,0.027007088,0.42627466,0.1968633
4938,0.20367983,0.95474744,2.0879946
4939,0.1820617,0.8473324,1.8223202
4940,0.27841225,0.94508386,2.671163
4941,0.22303872,0.79631084,2.1158903
4942,0.16039921,0.68333286,1.5329887
4943,0.133091,0.61575204,1.2352736
4944,0.11256591,0.5692764,1.0161073
4945,0.09617722,0.5363939,0.8470799
4946,0.12574935,0.5856155,1.140286
4947,0.13441378,0.59105486,1.2161025
4948,0.24892978,0.76561993,2.320412
4949,0.21198057,0.67912877,1.9437544
4950,1.2135886,1.3188277,6.142351
4951,0.6226052,0.89479977,4.4676065
4952,0.32317325,0.66304123,2.8370855
4953,0.19043855,0.5341516,1.80506
4954,0.12607414,0.45242527,1.2217106
4955,0.10538101,0.42209575,0.9954326
4956,0.0906508,0.39890048,0.83276653
4957,0.083420075,0.3947471,0.7614385
4958,0.07037524,0.38030386,0.6317741
4959,0.057369567,0.36571762,0.5102055
4960,0.046446852,0.3528015,0.41033104
4961,0.041580513,0.3466999,0.36003244
4962,0.035096534,0.34083363,0.30124715
4963,0.026986435,0.325368,0.23194084
4964,0.022082744,0.3186962,0.18906659
4965,0.02012094,0.3158376,0.16903812
4966,0.013461924,0.30027854,0.11533318
4967,0.011025588,0.29550925,0.094068214
4968,0.008900734,0.28962433,0.07568931
4969,0.009675738,0.31813326,0.087809704
4970,0.014110535,0.3729449,0.14227787
4971,0.025072714,0.46164504,0.29238367
4972,0.0226726,0.46259394,0.2647124
4973,0.016590685,0.43197784,0.19322486
4974,0.014380522,0.4226515,0.16365798
4975,0.010253148,0.39275938,0.11658157
4976,0.008389459,0.38280833,0.09395382
4977,0.0074814525,0.36832526,0.080817804
4978,0.008153465,0.37972856,0.08961329
4979,0.00921307,0.39709246,0.10410068
4980,0.014078058,0.46626842,0.17763
4981,0.11158288,1.1015519,2.057733
4982,0.2205989,1.3375846,3.6275244
4983,0.17024763,1.0203758,2.8192945
4984,0.64786875,1.5701627,6.1403875
4985,0.38506562,1.056135,4.743422
4986,0.22034957,0.73603636,3.1636877
4987,0.15436159,0.5915063,2.2772212
4988,0.12554015,0.48927036,1.7808815
4989,0.15052137,0.4873158,2.0644333
4990,0.16669562,0.4677032,2.2026322
4991,0.2275019,0.50420976,2.8534572
4992,0.13595541,0.39449003,1.8102726
4993,0.091155544,0.33700824,1.2251955
4994,0.075999044,0.30143946,0.9729316
4995,0.09733862,0.33237958,1.2734442
4996,0.08463863,0.2991469,1.0584289
4997,0.07168754,0.27610388,0.8604722
4998,0.07798202,0.27518332,0.92676586
4999,0.10695606,0.32598725,1.4008127
5000,0.0811038,0.29543003,1.043554
5001,0.065903656,0.27738896,0.8279292
5002,0.088477716,0.30998605,1.1461297
5003,0.07735118,0.28002197,0.9573915
5004,0.06624425,0.25446698,0.78063846
5005,0.057278648,0.24002096,0.64951783
5006,0.047956195,0.23190768,0.5311853
5007,0.030993674,0.21679753,0.34878764
5008,0.019102225,0.21105886,0.22012268
5009,0.011364727,0.21116954,0.13462062
5010,0.006997091,0.20214774,0.08407859
5011,0.004824985,0.18846059,0.057504594
5012,0.004032129,0.18360059,0.04641464
5013,0.004511178,0.20135646,0.054770377
5014,0.0038867346,0.19366367,0.04508727
5015,0.0033393668,0.18723926,0.037117336
5016,0.002714413,0.18240224,0.029324302
5017,0.002266605,0.17792952,0.023674177
5018,0.002024711,0.17101023,0.020234
5019,0.0023802607,0.1948457,0.026272377
5020,0.0030463536,0.22630267,0.03721209
5021,0.0031034816,0.229763,0.037819777
5022,0.005349323,0.28345853,0.07535917
5023,0.00453953,0.2514696,0.058964875
5024,0.0038834522,0.23973215,0.04801717
5025,0.0043840767,0.2577213,0.05632124
5026,0.0047277194,0.2592726,0.06077293
5027,0.0043423544,0.24271359,0.05312559
5028,0.0059115314,0.26891643,0.07759218
5029,0.0051180925,0.25382528,0.06371858
5030,0.007295401,0.286687,0.09875285
5031,0.006321323,0.2690842,0.08103019
5032,0.005531813,0.2535423,0.0673038
5033,0.005006096,0.24519257,0.058696464
5034,0.006366469,0.2774683,0.08044509
5035,0.0052475915,0.26949736,0.06438846
5036,0.0067487922,0.31084365,0.090830036
5037,0.005986427,0.3060183,0.078737475
5038,0.01057642,0.39967483,0.16676764
5039,0.013639724,0.43634307,0.22724836
5040,0.011384447,0.41036856,0.18076053
5041,0.010425817,0.40894213,0.1645461
5042,0.01187801,0.4182399,0.19034703
5043,0.010659075,0.4036566,0.16545421
5044,0.016989833,0.46188802,0.29037836
5045,0.020934833,0.48531094,0.36908683
5046,0.022544067,0.4723114,0.39286545
5047,0.018964252,0.42795312,0.3104991
5048,0.01713873,0.42171767,0.2770757
5049,0.013879169,0.4008632,0.21689455
5050,0.01592428,0.41845572,0.2547634
5051,0.026056021,0.4842214,0.45815226
5052,0.05792641,0.64793426,1.1577924
5053,0.04534309,0.5652042,0.85858214
5054,0.036805075,0.4994998,0.6559061
5055,0.027937323,0.4591317,0.48329926
5056,0.022602102,0.42954314,0.3756065
5057,0.017324211,0.40248135,0.28020334
5058,0.016035717,0.40234417,0.2585742
5059,0.013986597,0.39047745,0.21981491
5060,0.011966178,0.36079875,0.17747323
5061,0.010181512,0.34374046,0.14453153
5062,0.0076272916,0.32483694,0.10620701
5063,0.0053519947,0.3032437,0.07573361
5064,0.0053318995,0.29274338,0.07351458
5065,0.005616839,0.28683504,0.07648217
5066,0.0048302617,0.26107875,0.06139424
5067,0.00546845,0.27329904,0.071172684
5068,0.004970878,0.2606912,0.061996486
5069,0.004318124,0.24753888,0.05122897
5070,0.003736028,0.23857166,0.042477857
5071,0.0036324274,0.24241361,0.04112942
5072,0.0030856417,0.23682041,0.033856664
5073,0.0026580298,0.23008537,0.028086176
5074,0.002112437,0.22309598,0.021832373
5075,0.003112772,0.27564475,0.037525702
5076,0.0036051585,0.3036795,0.04617349
5077,0.0036923795,0.30805805,0.047288038
5078,0.003128891,0.29541487,0.038369283
5079,0.0026539348,0.2840787,0.031207059
5080,0.0022282114,0.27538222,0.025322586
5081,0.0024524487,0.28162706,0.028190615
5082,0.0021264122,0.26719478,0.023240903
5083,0.0018415789,0.2581397,0.019335512
5084,0.0032196213,0.3304398,0.040074073
5085,0.0045098015,0.37578422,0.06128718
5086,0.0038065726,0.3592026,0.04955595
5087,0.0032965469,0.3464968,0.041348506
5088,0.0028298956,0.33368674,0.03413507
5089,0.0023003295,0.32160065,0.02690535
5090,0.002242255,0.32760757,0.026290586
5091,0.00617133,0.48336312,0.095976986
5092,0.005368193,0.43514878,0.07805685
5093,0.004566918,0.4094441,0.063092284
5094,0.0041734995,0.38228077,0.055194713
5095,0.006437206,0.4508897,0.09618622
5096,0.0076670367,0.48303688,0.12054312
5097,0.008727195,0.50472116,0.14201234
5098,0.007882018,0.4734971,0.123375684
5099,0.0066579883,0.44475853,0.09909072
5100,0.0056418395,0.4204058,0.08004519
5101,0.004833767,0.395541,0.06515923
5102,0.0038188845,0.3780298,0.05008156
5103,0.0032907666,0.3551573,0.0409252
5104,0.0027662315,0.34211874,0.033136792
5105,0.0023841553,0.32636377,0.02727845
5106,0.0020273263,0.3150764,0.022330495
5107,0.0017714776,0.29699245,0.018528985
5108,0.0018210206,0.2883201,0.018757852
5109,0.0016549006,0.2684284,0.01619188
5110,0.0014599431,0.25282595,0.013567177
5111,0.0013830764,0.2513639,0.012619877
5112,0.0012251773,0.24007691,0.010685311
5113,0.0011667405,0.23732068,0.009964498
5114,0.0010240633,0.23191287,0.008456942
5115,0.0009131062,0.21941034,0.00718443
5116,0.0008149002,0.21209092,0.0061653224
5117,0.00299639,0.34353548,0.032748517
5118,0.008050014,0.50506425,0.11685285
5119,0.008173291,0.4866528,0.11666769
5120,0.007035509,0.43881375,0.09403728
5121,0.0060594613,0.42038164,0.077848926
5122,0.009821902,0.49315462,0.14208175
5123,0.008520299,0.4573685,0.11686646
5124,0.015166349,0.562444,0.24019317
5125,0.042311642,0.80450344,0.82613254
5126,0.061555848,0.90329814,1.2561187
5127,0.047493152,0.7783402,0.9221184
5128,0.043006137,0.71962464,0.81181973
5129,0.039476108,0.6756311,0.7277107
5130,0.034135107,0.6325752,0.6102545
5131,0.028353067,0.5696671,0.4790099
5132,0.025706401,0.5303539,0.41868103
5133,0.07534668,0.8028629,1.4638457
5134,0.06351658,0.7068275,1.1905926
5135,0.058650825,0.6419988,1.0615292
5136,0.045873284,0.5761631,0.7981407
5137,0.037124187,0.52732384,0.6188707
5138,0.03181195,0.50112224,0.51610494
5139,0.028234558,0.45388484,0.43451834
5140,0.025749361,0.42439374,0.38160563
5141,0.027273845,0.4317279,0.40840042
5142,0.02991332,0.44412184,0.45646104
5143,0.070324786,0.61976105,1.2437762
5144,0.06002668,0.5528904,1.0197735
5145,0.049184397,0.48617014,0.7890249
5146,0.041150473,0.4410203,0.6270504
5147,0.21537633,0.816505,3.377141
5148,0.25008643,0.74419886,3.6130738
5149,0.17139974,0.54121375,2.5050225
5150,0.12825766,0.44288796,1.8263468
5151,0.10181514,0.37795487,1.3863817
5152,0.08346374,0.33816442,1.088605
5153,0.07040153,0.30717447,0.87700826
5154,0.06056763,0.27967736,0.71835613
5155,0.052409902,0.26533595,0.5994717
5156,0.046472237,0.24656506,0.508578
5157,0.14168248,0.3834906,1.7967442
5158,0.11884181,0.33791322,1.4544258
5159,0.10277472,0.30632815,1.2142445
5160,0.08903509,0.27868828,1.0081043
5161,0.076249875,0.25973997,0.8309482
5162,0.066494346,0.24379611,0.6970503
5163,0.058697708,0.23076475,0.5927458
5164,0.052356794,0.21906486,0.5094606
5165,0.056762177,0.22327597,0.55428857
5166,0.062488332,0.22971426,0.6154612
5167,0.054696597,0.22343418,0.5248006
5168,0.04830283,0.21858439,0.45201537
5169,0.04493686,0.21736342,0.41358766
5170,0.06398484,0.24898462,0.6310107
5171,0.056871064,0.23866494,0.54287374
5172,0.051077347,0.22868077,0.47163257
5173,0.046149064,0.22069134,0.4131388
5174,0.04195085,0.21337743,0.36434942
5175,0.041677013,0.21476485,0.35948455
5176,0.037982,0.2102066,0.31923956
5177,0.034877505,0.20247881,0.28421938
5178,0.044051632,0.22139636,0.3772969
5179,0.040083084,0.21702777,0.33483592
5180,0.03664724,0.21306701,0.29876405
5181,0.033594955,0.20997895,0.2676868
5182,0.031035103,0.20346978,0.24042208
5183,0.028731069,0.1993394,0.21720426
5184,0.060426235,0.26866317,0.54574335
5185,0.06320311,0.27024078,0.5694458
5186,0.056999676,0.25751787,0.4967739
5187,0.051728483,0.24725357,0.43711203
5188,0.047221135,0.23737131,0.38690647
5189,0.043412942,0.22864427,0.34542334
5190,0.10921381,0.3300483,1.0397096
5191,0.102409214,0.31602457,0.95113504
5192,0.08923181,0.299282,0.80343044
5193,0.07927093,0.2824639,0.6897106
5194,0.070786245,0.2716324,0.59836894
5195,0.063931525,0.26078612,0.5245041
5196,0.058165662,0.25061396,0.46326014
5197,0.053268578,0.24140267,0.4122477
5198,0.050021674,0.23489623,0.37954456
5199,0.046251986,0.2274287,0.34178546
5200,0.14549549,0.36030638,1.3237585
5201,0.12427953,0.33160946,1.092885
5202,0.10775651,0.31160888,0.9184325
5203,0.09541034,0.29163858,0.78514683
5204,0.094648115,0.28752983,0.76846886
5205,0.08931116,0.27830085,0.7096596
5206,0.13155398,0.31931973,1.1026965
5207,0.11486232,0.2985588,0.9313752
5208,0.101770036,0.28178713,0.79895836
5209,0.19287989,0.36034074,1.6144606
5210,0.23178087,0.36651537,1.9077084
5211,0.19425192,0.3241737,1.5495031
5212,0.1649884,0.2954677,1.273066
5213,0.14331263,0.27358028,1.068819
5214,0.13905752,0.26689544,1.0182499
5215,0.123191,0.2519705,0.8740391
5216,0.11048302,0.23950548,0.7602041
5217,0.10099766,0.2306468,0.6767729
5218,0.1728389,0.2872355,1.2501092
5219,0.14847744,0.2715448,1.046304
5220,0.1314139,0.2567162,0.89815366
5221,0.50216836,0.43157864,3.3681362
5222,0.3741477,0.35770205,2.5482478
5223,0.2976759,0.31010562,1.9943787
5224,0.24461058,0.28065008,1.6015029
5225,0.2066649,0.2605673,1.3183656
5226,0.1790606,0.2456397,1.1111238
5227,0.15799104,0.23405911,0.9537555
5228,0.14115489,0.22510737,0.83009523
5229,0.12607299,0.21970226,0.7257034
5230,0.11607857,0.21473421,0.6540463
5231,0.11424665,0.21601012,0.63905054
5232,0.105183296,0.20908655,0.5743729
5233,0.42611918,0.37077674,2.6031935
5234,0.36997327,0.33321342,2.2208822
5235,0.30523384,0.29149956,1.7860559
5236,0.2613191,0.26153138,1.4832741
5237,0.22874598,0.23906715,1.2583042
5238,2.1162457,0.6059412,6.299944
5239,1.3083254,0.483983,5.0869584
5240,0.8722135,0.3854551,3.8745482
5241,0.6377823,0.32241452,2.9554098
5242,0.49254194,0.28271177,2.29107
5243,0.38312194,0.2564076,1.7780302
5244,0.31928822,0.2398439,1.4536296
5245,0.24285614,0.22118887,1.1138113
5246,0.20486546,0.21369642,0.927284
5247,0.2572853,0.23934345,1.1996511
5248,0.33816943,0.26490247,1.5949361
5249,0.28573644,0.24982044,1.319912
5250,0.3151274,0.26136854,1.4537429
5251,0.28012952,0.2466243,1.260015
5252,0.24271877,0.23867393,1.0753127
5253,0.21881272,0.23303409,0.9512176
5254,0.190083,0.22777668,0.8140626
5255,0.17112182,0.22406417,0.7195624
5256,0.440377,0.32714993,2.0286365
5257,0.34308496,0.2988518,1.57598
5258,0.27435726,0.27921847,1.250306
5259,0.28527287,0.2872974,1.2980306
5260,0.24963817,0.2741915,1.1090719
5261,0.21548024,0.2653756,0.9410967
5262,0.1934282,0.25801903,0.82668984
5263,0.18899974,0.26110417,0.80405766
5264,0.36035442,0.34806415,1.6591322
5265,1.5105047,0.63352555,5.0871015
5266,3.4150457,0.8661485,6.7157545
5267,1.9943632,0.74631923,5.557253
5268,1.1916077,0.59994584,4.1709642
5269,0.8133821,0.50175864,3.0962846
5270,0.605133,0.43964255,2.3527122
5271,0.5077656,0.40610373,1.9529903
5272,0.4388957,0.38625786,1.6721917
5273,0.6176186,0.4485857,2.3311288
5274,0.46240088,0.40226355,1.7619221
5275,0.4915341,0.4142582,1.8565983
5276,0.35909182,0.3718921,1.3721136
5277,0.3020645,0.354722,1.1367751
5278,0.75862646,0.52599585,2.863379
5279,2.0764377,0.7762377,5.4152813
5280,1.1963053,0.62818986,3.9578857
5281,0.84411806,0.5349711,2.9746246
5282,0.5625252,0.4583574,2.0920327
5283,0.3715576,0.41057146,1.4368867
5284,0.26849422,0.3746392,1.0515935
5285,0.19683157,0.34763142,0.7790842
5286,0.14402126,0.32729498,0.5777961
5287,0.122386634,0.32020962,0.49704793
5288,0.1132153,0.32077235,0.45621353
5289,0.11872311,0.33784023,0.48864543
5290,0.10635705,0.33644265,0.43476442
5291,0.12579021,0.3677106,0.5367503
5292,0.11490688,0.36428258,0.48396078
5293,0.7142954,0.78216386,3.3370306
5294,0.40413713,0.65219015,2.1257339
5295,0.26206315,0.56333625,1.4364936
5296,0.3839859,0.6657293,2.151346
5297,1.2206377,1.0473527,5.0169477
5298,1.0087597,0.90127873,4.402964
5299,0.6648782,0.71882993,3.2265162
5300,0.3805975,0.6011555,2.0612948
5301,0.2300128,0.5366195,1.3219377
5302,0.14297527,0.50107574,0.8568993
5303,0.12282855,0.48305368,0.72566926
5304,0.120754324,0.4888814,0.7152097
5305,0.08455084,0.45225963,0.50885355
5306,0.05950555,0.42245933,0.3638515
5307,0.043012343,0.394279,0.2662545
5308,0.03927572,0.3939342,0.2407832
5309,0.034544617,0.39289775,0.21094698
5310,0.030619362,0.39296216,0.18621965
5311,0.025602087,0.38652202,0.15596014
5312,0.030810056,0.42438927,0.19871984
5313,0.023752859,0.40354022,0.15420912
5314,0.016754657,0.37819472,0.11037825
5315,0.012926274,0.36174428,0.08570926
5316,0.01191237,0.3630616,0.07819121
5317,0.010982301,0.36447087,0.07137209
5318,0.0099398,0.36704344,0.06417994
5319,0.008977623,0.36962318,0.05761163
5320,0.008219146,0.37186718,0.05230872
5321,0.014210378,0.48001745,0.107705496
5322,0.012354915,0.47739258,0.0931614
5323,0.009408934,0.45338267,0.0712995
5324,0.009399357,0.47179347,0.0726397
5325,0.008577612,0.4686563,0.0653572
5326,0.007578266,0.46756706,0.057283897
5327,0.0069930404,0.45895645,0.051854204
5328,0.005335858,0.43702888,0.03972372
5329,0.0049002147,0.43192166,0.03583967
5330,0.019535612,0.747066,0.21218465
5331,0.35365203,2.3284152,4.400587
5332,0.22141525,1.6053207,3.035516
5333,0.12860796,1.2577728,1.9611392
5334,0.09769458,1.0823011,1.4861832
5335,0.070872955,0.94348466,1.1030552
5336,0.08379405,0.9676673,1.3112987
5337,0.06706158,0.8513295,1.009805
5338,0.046072263,0.744223,0.6924738
5339,0.030609984,0.6524948,0.46057898
5340,0.022922091,0.60423607,0.3399876
5341,0.019373516,0.57441574,0.27781972
5342,0.0161056,0.55035776,0.22473913
5343,0.012682537,0.52395487,0.17380053
5344,0.010882212,0.5035835,0.14425227
5345,0.008758485,0.48415592,0.113799654
5346,0.007559185,0.4668834,0.094977975
5347,0.006126847,0.45080432,0.07542294
5348,0.004922453,0.43462363,0.059400655
5349,0.0042022862,0.42155495,0.04917499
5350,0.0034700243,0.4089623,0.039638676
5351,0.0031737937,0.41338217,0.036484163
5352,0.0021372982,0.3770257,0.02442976
5353,0.0018164477,0.36323303,0.019994583
5354,0.0015081473,0.3510868,0.016085044
5355,0.0011358669,0.33235702,0.011883809
5356,0.0009366133,0.32035732,0.009476007
5357,0.001089667,0.3299188,0.011287161
5358,0.0011208765,0.31796902,0.011383089
5359,0.00090948644,0.30668926,0.008972331
5360,0.0007583671,0.29630637,0.0072269714
5361,0.00058540417,0.2826201,0.005449535
5362,0.00040795453,0.2613107,0.0037409754
5363,0.00029575874,0.24415365,0.002651103
5364,0.00024557993,0.2327234,0.002100057
5365,0.00019503734,0.22196838,0.0016076366
5366,0.00014763519,0.20956203,0.0011799169
5367,0.00010817798,0.19598353,0.0008397986
5368,8.678949e-05,0.18597603,0.0006436652
5369,7.3539784e-05,0.16865224,0.00050467404
5370,6.0931678e-05,0.16281246,0.00040441856
5371,4.8982583e-05,0.15530425,0.00031165537
5372,3.771675e-05,0.14721058,0.00023162401
5373,3.62357e-05,0.14014173,0.00021357663
5374,2.5922689e-05,0.13068691,0.00014895854
5375,1.9789735e-05,0.12347166,0.00010956516
5376,1.6590335e-05,0.11586921,8.632241e-05
5377,1.4218757e-05,0.11064504,7.038943e-05
5378,1.1895245e-05,0.10513903,5.5804787e-05
5379,1.037806e-05,0.099199705,4.5979243e-05
5380,9.0777785e-06,0.09049218,3.7422036e-05
5381,4.7047914e-05,0.16151334,0.0003046911
5382,3.9692746e-05,0.14217047,0.00023478834
5383,3.658781e-05,0.12775707,0.00020196808
5384,2.9741268e-05,0.12299468,0.00015809883
5385,2.4769084e-05,0.11836839,0.00012610568
5386,2.2378526e-05,0.11910757,0.00011357122
5387,1.8639212e-05,0.1145143,9.053134e-05
5388,1.5044124e-05,0.110262446,7.056972e-05
5389,1.2058684e-05,0.10590149,5.45602e-05
5390,1.203052e-05,0.102592565,5.2886524e-05
5391,3.2159387e-05,0.14087383,0.0001819983
5392,2.7279631e-05,0.13384414,0.00014633047
5393,2.1869182e-05,0.12835617,0.00011308906
5394,1.8562723e-05,0.12231904,9.114236e-05
5395,1.5902126e-05,0.11624454,7.398718e-05
5396,1.534134e-05,0.11803914,7.1092545e-05
5397,1.5027206e-05,0.11923526,6.90473e-05
5398,1.2620613e-05,0.115741044,5.6036006e-05
5399,9.548775e-06,0.10996644,4.1332318e-05
5400,7.884679e-06,0.10589123,3.279273e-05
5401,6.3226526e-06,0.10167193,2.5377964e-05
5402,3.079969e-05,0.1799097,0.00019175671
5403,3.684683e-05,0.17834531,0.00023109907
5404,3.1252162e-05,0.15968499,0.0001804801
5405,2.6796833e-05,0.14784832,0.00014475675
5406,2.2681043e-05,0.1418954,0.00011711393
5407,1.9028124e-05,0.13753653,9.501166e-05
5408,1.7023465e-05,0.13556853,8.2939194e-05
5409,1.6321019e-05,0.13227423,7.720146e-05
5410,1.70594e-05,0.13492514,8.0828766e-05
5411,1.4538412e-05,0.12963901,6.5817556e-05
5412,1.1744988e-05,0.12495392,5.1481475e-05
5413,1.0149126e-05,0.11899312,4.224013e-05
5414,8.778362e-06,0.116606586,3.5509183e-05
5415,7.035138e-06,0.112361,2.7615502e-05
5416,1.0250763e-05,0.12700912,4.3947533e-05
5417,8.955039e-06,0.11712864,3.5939516e-05
5418,9.231874e-06,0.11841978,3.688645e-05
5419,1.095734e-05,0.11935802,4.4413646e-05
5420,1.0858811e-05,0.112836726,4.2415417e-05
5421,2.509078e-05,0.15104389,0.00012252567
5422,2.9036524e-05,0.15305446,0.00014369485
5423,8.233608e-05,0.22103071,0.000541075
5424,7.070226e-05,0.21095666,0.000442853
5425,5.9983806e-05,0.20313686,0.0003605611
5426,5.2236155e-05,0.19139804,0.00029722566
5427,0.00011353322,0.24454917,0.0007872856
5428,0.00089053396,0.54858327,0.011411568
5429,0.0010416434,0.56873614,0.013867852
5430,0.0012423594,0.57990474,0.017059661
5431,0.0037791757,0.87663835,0.071421556
5432,0.0032695346,0.7720118,0.057539012
5433,0.0026940193,0.7103575,0.044862404
5434,0.003119827,0.7339835,0.053576045
5435,0.0031189374,0.69670457,0.05227165
5436,0.012702095,1.1757123,0.31150332
5437,0.010084519,0.97787505,0.22553131
5438,0.011273101,0.94956124,0.2528767
5439,0.32892168,3.5369415,6.038006
5440,0.15196441,1.8222255,3.753303
5441,0.09471428,1.2769033,2.473341
5442,0.05835048,0.96205324,1.5188361
5443,0.04237459,0.767187,1.0263104
5444,0.03247263,0.64042187,0.72780013
5445,0.025623746,0.55828804,0.5352131
5446,0.02320784,0.5419409,0.48033208
5447,0.017471481,0.49358967,0.34661147
5448,0.015887918,0.49445376,0.32651126
5449,0.011922307,0.4536047,0.23542231
5450,0.009221818,0.4192899,0.17349732
5451,0.007007377,0.3887248,0.12620516
5452,0.005882331,0.37294722,0.10297267
5453,0.0046482068,0.34782794,0.077171884
5454,0.003670857,0.3255733,0.057902597
5455,0.0028659673,0.3053967,0.043099683
5456,0.0026669344,0.30095655,0.039307334
5457,0.0024596325,0.28213114,0.03472117
5458,0.002760611,0.27622545,0.038737867
5459,0.0025473428,0.26321065,0.03452419
5460,0.0020009815,0.24978694,0.02602728
5461,0.001658564,0.23607366,0.020422257
5462,0.0014847609,0.2182612,0.017309539
5463,0.0014678139,0.20917101,0.01665006
5464,0.0016616008,0.21668038,0.019348737
5465,0.0014391608,0.19603354,0.01556291
5466,0.0012264634,0.1870477,0.012601668
5467,0.0010206368,0.18078001,0.010071395
5468,0.00086991297,0.17365722,0.008188088
5469,0.0007465749,0.16663459,0.0066969264
5470,0.0008817879,0.18616311,0.008475266
5471,0.00076362106,0.17267221,0.0068837376
5472,0.000667449,0.16150187,0.0056697223
5473,0.0005803678,0.14695603,0.004593063
5474,0.0005554256,0.1428118,0.0042938245
5475,0.0005353183,0.13416259,0.003969421
5476,0.0005837492,0.13842347,0.0044157947
5477,0.00051476085,0.12584451,0.0036406438
5478,0.0004503831,0.1233232,0.0030725128
5479,0.00039338836,0.12117108,0.0025933103
5480,0.00035020002,0.11660732,0.002207503
5481,0.0003101393,0.10626949,0.0018306143
5482,0.00028140447,0.09903959,0.0015735981
5483,0.001103626,0.16770282,0.009192146
5484,0.0040024356,0.27889168,0.048678424
5485,0.004446516,0.28036922,0.05453527
5486,0.0038733429,0.2589772,0.044693712
5487,0.0033936047,0.24542378,0.037245408
5488,0.0029718617,0.23603107,0.031235646
5489,0.0026187042,0.22586198,0.026300209
5490,0.0023156402,0.21637096,0.022238145
5491,0.002055212,0.20317295,0.018725064
5492,0.0018821367,0.1922012,0.016452491
5493,0.0016762649,0.1788366,0.013861842
5494,0.0015042772,0.17142443,0.011912955
5495,0.0013534924,0.16368496,0.01025342
5496,0.0012202408,0.15549119,0.008828596
5497,0.0011644729,0.15151198,0.008235932
5498,0.0010802553,0.14487076,0.007373812
5499,0.0009800835,0.13833869,0.0064086365
5500,0.0008915206,0.13451408,0.0056253355
5501,0.00081281463,0.13025545,0.004942893
5502,0.00074135157,0.12760872,0.004365896
5503,0.00067682524,0.12535548,0.0038651652
5504,0.000666976,0.123855025,0.003760577
5505,0.0006109161,0.118717425,0.0033108795
5506,0.00056018657,0.11691334,0.0029489903
5507,0.00051418116,0.11156876,0.002599281
5508,0.004736567,0.2724918,0.046673946
5509,0.004295171,0.26431045,0.040916473
5510,0.0038647954,0.25544202,0.035495993
5511,0.0034841422,0.24763733,0.030895863
5512,0.0031464722,0.24068546,0.026971318
5513,0.0028508173,0.23271713,0.023578422
5514,0.0026457587,0.22606717,0.021224054
5515,0.0024475877,0.22013704,0.019051762
5516,0.0022303776,0.2114707,0.016721774
5517,0.0020342357,0.20165963,0.01465307
5518,0.002162582,0.20226012,0.015616628
5519,0.002003908,0.19362916,0.0139854485
5520,0.0018383847,0.1867611,0.012388517
5521,0.0016840125,0.17732495,0.010895732
5522,0.001578283,0.17148216,0.009928384
5523,0.001455475,0.1676635,0.008891171
5524,0.001344201,0.16369794,0.007971782
5525,0.0016383228,0.17805615,0.010296942
5526,0.0015808546,0.17393662,0.009737804
5527,0.0015215753,0.17247783,0.009258148
5528,0.0014069738,0.16820909,0.008311335
5529,0.0013011616,0.16202988,0.0074306014
5530,0.001204749,0.15596423,0.0066510313
5531,0.0024698526,0.20815489,0.016880292
5532,0.002889323,0.22276685,0.020679295
5533,0.0027618837,0.21994282,0.019484127
5534,0.0025404522,0.21043506,0.017286237
5535,0.0023446067,0.2034633,0.015450597
5536,0.002225541,0.19941191,0.014384758
5537,0.0023153801,0.20220439,0.015068217
5538,0.0021608735,0.20077413,0.013780487
5539,0.002001257,0.1958655,0.012407025
5540,0.001855052,0.19221047,0.011205927
5541,0.0017214037,0.18645097,0.010092325
5542,0.0015990292,0.18060552,0.009095912
5543,0.0014866419,0.17460783,0.00820095
5544,0.0013853472,0.17124264,0.007450279
5545,0.0012987521,0.16525213,0.0067792684
5546,0.0013332627,0.16826387,0.0070289597
5547,0.0018463761,0.19296527,0.010735568
5548,0.0017746146,0.18793459,0.010091738
5549,0.004325699,0.26529488,0.031847328
5550,0.004161661,0.26165092,0.030129302
5551,0.0038466945,0.2530631,0.02702565
5552,0.003556914,0.24319914,0.024198683
5553,0.005239075,0.28596163,0.040120818
5554,0.00670118,0.3144871,0.055379402
5555,0.006820373,0.31687954,0.056380026
5556,0.006266448,0.3046591,0.050171215
5557,0.005764724,0.2920273,0.044658404
5558,0.0053170547,0.2816386,0.039948266
5559,0.016032059,0.44116205,0.16613747
5560,0.014498968,0.42148858,0.14528391
5561,0.01351442,0.4087126,0.13252705
5562,0.0122834705,0.3903167,0.11645039
5563,0.012000857,0.38793668,0.11310644
5564,0.011402481,0.38061395,0.10588008
5565,0.0104329465,0.3624396,0.09364319
5566,0.009789211,0.35296226,0.08608481
5567,0.009782111,0.35525888,0.086179405
5568,0.015262164,0.42523113,0.15260613
5569,0.014693739,0.42053154,0.14564124
5570,0.0511526,0.6909943,0.68954194
5571,0.045182515,0.63942695,0.5884586
5572,0.040959034,0.6061042,0.5204252
5573,0.03579079,0.5624807,0.4365949
5574,0.031550076,0.52226275,0.36918765
5575,0.02893003,0.49998862,0.3302151
5576,0.026786651,0.48292702,0.299477
5577,0.06676895,0.6890787,0.90869737
5578,0.06022128,0.6310738,0.79067725
5579,0.051603008,0.5784083,0.649907
5580,0.044848375,0.5317885,0.5411202
5581,0.039399784,0.4919197,0.45573217
5582,0.034932792,0.46042433,0.38858947
5583,0.06554196,0.5864107,0.82817847
5584,0.06542348,0.56872016,0.8196371
5585,0.05832599,0.53110343,0.70883644
5586,0.0507237,0.48562375,0.58968234
5587,0.04464807,0.45139247,0.4985026
5588,0.03961129,0.42769414,0.42718685
5589,0.048344206,0.45463094,0.5393282
5590,0.042786725,0.4303047,0.46108323
5591,0.038184106,0.4085579,0.39766937
5592,0.034309972,0.38544407,0.34448865
5593,0.031010898,0.36705264,0.3010787
5594,0.21010162,0.7788597,2.5864818
5595,0.20544828,0.7032468,2.4592702
5596,0.24295723,0.6824916,2.775024
5597,0.19313428,0.5591518,2.162951
5598,0.16549104,0.49071065,1.8039589
5599,0.13503249,0.4291894,1.4196395
5600,0.11349976,0.3875754,1.149533
5601,0.09761841,0.3559012,0.9518803
5602,0.08534419,0.3315767,0.80241036
5603,0.13357495,0.3893855,1.3217555
5604,0.113808855,0.3533987,1.0836893
5605,0.09860863,0.32884696,0.90674776
5606,0.08642084,0.31143954,0.7700931
5607,0.092080764,0.31551188,0.82128
5608,0.10204443,0.32469577,0.9154989
5609,0.09008851,0.30218732,0.7788716
5610,0.080402516,0.2854853,0.67214364
5611,0.07197672,0.27561516,0.58558476
5612,0.06436678,0.26949537,0.51202226
5613,0.05819524,0.26389104,0.4525283
5614,0.053057194,0.2584663,0.40324974
5615,0.04881354,0.2511341,0.36171842
5616,0.045079373,0.24472392,0.3260597
5617,0.041583546,0.24172805,0.2949116
5618,0.19083692,0.44550103,1.7455741
5619,0.41226125,0.5804043,3.422011
5620,2.2510872,1.0783957,7.132846
5621,8.861315,2.2198603,8.235511
5622,15.925375,17.805588,8.888414
5623,15.455908,41.822666,8.936714
5624,10.075313,26.600937,8.7522135
5625,8.512651,30.475557,8.836429
5626,1.567708,13.019362,8.343258
5627,0.3980338,4.6213126,6.740913
5628,0.24263696,2.6867466,5.4496684
5629,0.16060995,1.6460657,4.070393
5630,0.11245533,1.1711714,2.9669418
5631,0.071761,0.7971211,1.8217782
5632,0.05370723,0.6270403,1.276135
5633,0.04354298,0.53155077,0.9734158
5634,0.043127995,0.49993932,0.9383643
5635,0.0739775,0.59213734,1.6675034
5636,0.057205167,0.4740309,1.1998813
5637,0.06503115,0.4910392,1.3757991
5638,0.049072124,0.42176515,0.98379487
5639,0.03903594,0.3670881,0.7314377
5640,0.034149896,0.33483532,0.6101994
5641,0.029841604,0.29783103,0.49960065
5642,0.027713355,0.2732336,0.44107088
5643,0.022603605,0.25915006,0.34594268
5644,0.018791016,0.24732247,0.27615696
5645,0.04061499,0.325436,0.6975044
5646,0.558709,0.9161976,6.1429324
5647,0.30569482,0.5726221,4.376233
5648,0.19633386,0.398069,2.9879587
5649,0.23008488,0.3784485,3.264266
5650,0.16163647,0.29596204,2.2997048
5651,0.11824009,0.25188124,1.6556138
5652,0.09014901,0.22482176,1.2297738
5653,0.072698206,0.20671682,0.956422
5654,0.061188493,0.19182223,0.7704656
5655,0.04780021,0.18177167,0.5903972
5656,0.12946284,0.2622836,1.7803891
5657,1.5220927,0.67843276,7.280235
5658,3.797411,0.88582504,8.065476
5659,13.308333,2.7270112,8.714646
5660,11.614724,6.224914,8.628186
5661,6.7600546,8.621071,8.409952
5662,2.422819,6.7013607,7.909102
5663,1.3211387,4.264056,7.2413263
5664,0.5393972,2.398809,5.5111923
5665,0.26480597,1.5087855,3.608446
5666,0.2105074,1.1633432,2.8849428
5667,0.1296188,0.89888585,1.8699695
5668,0.10157992,0.7575791,1.4113587
5669,0.27436957,1.0974622,3.5184362
5670,0.18706758,0.8422035,2.4788222
5671,0.23906446,0.85865617,2.9893386
5672,0.18421003,0.7006596,2.2926247
5673,0.123834714,0.58148974,1.5698978
5674,0.092466146,0.5166625,1.1589482
5675,0.07782744,0.46767843,0.9360442
5676,0.053768534,0.4169292,0.6489604
5677,0.036240295,0.37300783,0.43980637
5678,0.027737377,0.35318437,0.3335402
5679,0.020935085,0.33439717,0.24990985
5680,0.015124284,0.3128844,0.17992026
5681,0.01300074,0.30675215,0.15081123
5682,0.0115521075,0.29662582,0.12935135
5683,0.010266937,0.288836,0.11130539
5684,0.009159127,0.28147334,0.096161835
5685,0.008231838,0.27195016,0.083397605
5686,0.012356402,0.3244801,0.14031835
5687,0.010919498,0.3223746,0.12204802
5688,0.007909462,0.3032113,0.0880807
5689,0.006973655,0.29609737,0.07525502
5690,0.006236645,0.28315344,0.06460538
5691,0.006195952,0.27503142,0.06292065
5692,0.005876727,0.2670577,0.058087364
5693,0.004972013,0.26410502,0.04828749
5694,0.0041619306,0.26071522,0.03975786
5695,0.00348745,0.25734144,0.032746788
5696,0.003104065,0.2523381,0.02826847
5697,0.0027683894,0.24756075,0.02445803
5698,0.0056823096,0.3235185,0.061180674
5699,0.0049534063,0.31742585,0.051882707
5700,0.0043131546,0.3118972,0.043988075
5701,0.0038032054,0.3053986,0.037645083
5702,0.003231593,0.3008658,0.031326935
5703,0.0027111124,0.29590732,0.025779279
5704,0.0024782848,0.2851314,0.022745604
5705,0.004547105,0.37815478,0.050794967
5706,0.003156926,0.34941238,0.0351024
5707,0.0026982203,0.3399718,0.029071305
5708,0.0023775657,0.3178419,0.024303589
5709,0.001836965,0.30527928,0.018572351
5710,0.0016542667,0.2894909,0.015990155
5711,0.0028128014,0.3517472,0.03137343
5712,0.0024683324,0.33338216,0.026259387
5713,0.0021813505,0.30684212,0.021892315
5714,0.0019169475,0.27940935,0.01806131
5715,0.0021587932,0.28586504,0.020695157
5716,0.0020098987,0.2686872,0.018483644
5717,0.0018752171,0.27994952,0.018337319
5718,0.001432316,0.26805702,0.013798758
5719,0.0010660747,0.25444403,0.010122407
5720,0.0008252285,0.2440565,0.007672855
5721,0.00065153994,0.23497741,0.0059072375
5722,0.0005119617,0.22576804,0.0045222957
5723,0.00042231544,0.21826047,0.0036020412
5724,0.0003536839,0.21093215,0.0029030358
5725,0.0002869926,0.20369992,0.002281454
5726,0.00026457995,0.20549273,0.0020946465
5727,0.00022146721,0.19831558,0.0016853221
5728,0.00022066603,0.18836692,0.0016238288
5729,0.000191767,0.1792381,0.0013409464
5730,0.00045735278,0.25132528,0.0040936386
5731,0.00048373977,0.24305642,0.0042587
5732,0.0005350109,0.23952639,0.0046981946
5733,0.0005298799,0.22680177,0.0044968217
5734,0.0014607445,0.3292225,0.016428644
5735,0.0014236157,0.31285962,0.015478317
5736,0.0018933218,0.33247608,0.021764673
5737,0.0021870777,0.34167957,0.02580918
5738,0.0044257273,0.44957072,0.06409734
5739,0.007283412,0.54302055,0.12135363
5740,0.032275967,0.9743604,0.7748771
5741,0.334886,2.3644288,5.7144713
5742,0.16415243,1.381666,3.6414168
5743,0.07901228,0.9293965,1.9870385
5744,0.05178539,0.7393257,1.2706869
5745,0.07290693,0.79340315,1.7802547
5746,0.2095058,1.0816733,4.2164955
5747,1.333859,1.9106163,7.7862687
5748,0.4964972,1.0439825,6.176206
5749,0.2130753,0.6132074,3.9437063
5750,0.13345641,0.4574818,2.729246
5751,0.08335925,0.35582346,1.7254272
5752,0.082512505,0.34651557,1.7056255
5753,0.056539387,0.2926874,1.1384017
5754,0.09608632,0.3432133,1.9399129
5755,0.06606502,0.28641325,1.3002508
5756,0.039839394,0.24044551,0.7840861
5757,0.030857611,0.21767943,0.574579
5758,0.06176658,0.2723688,1.2454424
5759,0.06433421,0.25250736,1.2425221
5760,0.050170876,0.20829134,0.8909087
5761,0.042361226,0.18162972,0.6999051
5762,0.2839153,0.38045824,4.314817
5763,0.5621984,0.4124507,5.8606296
5764,0.34582502,0.2844939,4.4029984
5765,0.2562871,0.2183071,3.4041486
5766,0.185521,0.17810202,2.5175805
5767,0.14988866,0.1563745,2.0030727
5768,0.11706625,0.13490908,1.5023572
5769,0.07889353,0.11913476,1.015274
5770,0.05997887,0.11133207,0.7560233
5771,0.0802043,0.1309669,1.0792
5772,0.083024174,0.13876201,1.1639404
5773,0.07803218,0.13616125,1.0751731
5774,0.092596926,0.1466355,1.2880372
5775,0.08119303,0.14131525,1.1140658
5776,0.058785055,0.12933145,0.7948549
5777,0.058882542,0.13720267,0.84260225
5778,0.05442673,0.1369463,0.7734525
5779,0.04234976,0.12914723,0.5847325
5780,0.034831204,0.12669837,0.48115894
5781,0.027107226,0.12164525,0.36690304
5782,0.02370056,0.116798356,0.3072681
5783,0.018516958,0.11365805,0.2377093
5784,0.014612017,0.11045506,0.18298213
5785,0.032814555,0.16005345,0.5107289
5786,0.02915304,0.15720496,0.44403765
5787,0.021672396,0.14822087,0.32263038
5788,0.01771793,0.14345828,0.2559091
5789,0.016261775,0.13419816,0.22392833
5790,0.024332792,0.15724403,0.36566192
5791,0.020619944,0.1474883,0.29316854
5792,0.016187614,0.14333586,0.22896749
5793,0.014630915,0.14354958,0.20391914
5794,0.012123273,0.1388603,0.16244441
5795,0.02524789,0.19398588,0.41389108
5796,0.021175493,0.17857003,0.3259896
5797,0.019644821,0.16762112,0.28846496
5798,0.016790185,0.15203103,0.22994302
5799,0.014081924,0.14715677,0.18543385
5800,0.011650854,0.14330523,0.14833827
5801,0.008607757,0.13692342,0.10774527
5802,0.008993023,0.1456442,0.11545649
5803,0.0077974983,0.1353053,0.094044425
5804,0.007408245,0.13848214,0.08908262
5805,0.0062993625,0.13502981,0.072876334
5806,0.014179477,0.18975684,0.20497167
5807,0.012184803,0.17600955,0.16562317
5808,0.010541934,0.1622014,0.13441141
5809,0.009152809,0.15521093,0.111218035
5810,0.008162598,0.14812863,0.09462863
5811,0.007222562,0.14230095,0.08002283
5812,0.0064695375,0.14064358,0.06960597
5813,0.0057796547,0.13446543,0.059360478
5814,0.0051246234,0.13138074,0.050702337
5815,0.010616451,0.17525344,0.12792766
5816,0.00986187,0.16871531,0.1144976
5817,0.009066104,0.16738787,0.102724
5818,0.0076490412,0.1653269,0.08462782
5819,0.006606602,0.16323495,0.07105177
5820,0.0067553716,0.16931096,0.07318569
5821,0.00590875,0.16588667,0.06182833
5822,0.006501817,0.17026708,0.068795845
5823,0.007696439,0.17823555,0.08383242
5824,0.009196951,0.18964873,0.10434605
5825,0.008398438,0.17984714,0.091465734
5826,0.017850617,0.2355913,0.23451301
5827,0.017988717,0.22983803,0.23168474
5828,0.015607638,0.22238593,0.19362292
5829,0.012756303,0.21709466,0.15479088
5830,0.010292356,0.21173368,0.1224078
5831,0.008811754,0.20766337,0.101685114
5832,0.0076009007,0.20379296,0.085037984
5833,0.0065401625,0.20047164,0.071058705
5834,0.0062012365,0.19429317,0.065332845
5835,0.0055293464,0.18609023,0.05575357
5836,0.0047987467,0.18404287,0.047098428
5837,0.004206601,0.18171397,0.04010481
5838,0.0035487122,0.18001403,0.0331382
5839,0.0031016546,0.17803045,0.028167345
5840,0.0026885672,0.1764579,0.023803215
5841,0.0024134507,0.16903625,0.020459017
5842,0.0020452307,0.1678305,0.01699617
5843,0.0021008016,0.17159516,0.017487578
5844,0.00234231,0.1745039,0.019733885
5845,0.0048189526,0.23104109,0.04991482
5846,0.004297725,0.22164732,0.042672936
5847,0.0037467382,0.21863092,0.03618368
5848,0.0032939005,0.21527307,0.030883584
5849,0.0029355588,0.21014784,0.026590139
5850,0.0026860582,0.19699508,0.023205193
5851,0.002552519,0.18886922,0.021327443
5852,0.0022781743,0.18652867,0.018499862
5853,0.0020202254,0.18506964,0.015991481
5854,0.0018038641,0.183148,0.013894539
5855,0.0015927665,0.18219782,0.0119851325
5856,0.0014434927,0.17394367,0.010412244
5857,0.0012553111,0.17362171,0.008885676
5858,0.0011189404,0.17259587,0.007729113
5859,0.001009595,0.17029306,0.0067766462
5860,0.00091161026,0.16821158,0.0059499713
5861,0.00082641473,0.16565455,0.0052383603
5862,0.0007534927,0.16132265,0.0046181628
5863,0.000686932,0.15829666,0.004084167
5864,0.0006284751,0.15393265,0.0036128827
5865,0.0005757347,0.15025456,0.0032055776
5866,0.00052801194,0.14709233,0.0028512855
5867,0.0004851391,0.14371835,0.0025396012
5868,0.0004465255,0.1392685,0.0022596007
5869,0.0004091045,0.13836217,0.0020211323
5870,0.00037638505,0.13674366,0.0018117398
5871,0.00034556515,0.12926967,0.0015939999
5872,0.00034605365,0.12837005,0.0015784176
5873,0.00032055317,0.12531391,0.0014190034
5874,0.00029699385,0.12095259,0.0012710275
5875,0.00027553184,0.1167659,0.0011404052
5876,0.0002562825,0.11399898,0.0010303374
5877,0.0021803477,0.2672665,0.016670747
5878,0.003550428,0.3259111,0.03152021
5879,0.0034807208,0.32559377,0.030795
5880,0.003165305,0.30674288,0.026865568
5881,0.0028558718,0.30144736,0.023600988
5882,0.0025912514,0.29430997,0.020791925
5883,0.0023604324,0.28393993,0.018306736
5884,0.0021806394,0.27113602,0.016351901
5885,0.0019966057,0.25730515,0.014394699
5886,0.0026463657,0.28388065,0.020524085
5887,1.1358372,3.254184,7.3190293
5888,0.6874592,2.0443778,6.33305
5889,1.3423343,2.1453,7.3204093
5890,0.6910856,1.3418987,6.0047216
5891,0.39922258,0.85457635,4.394065
5892,0.27382398,0.6248905,3.2185962
5893,0.19981751,0.49011993,2.3469622
5894,0.1549992,0.41502973,1.7753489
5895,0.12649412,0.36073261,1.3909876
5896,1.3560127,0.909663,6.749756
5897,0.88016087,0.6428552,5.6767807
5898,0.5474074,0.45948347,4.2689905
5899,0.37653884,0.35561198,3.1363218
5900,0.28440747,0.2927342,2.3665702
5901,0.22816086,0.2511313,1.8471963
5902,0.18998143,0.22466022,1.4877719
5903,0.16065785,0.2089047,1.2220626
5904,0.13959925,0.19645296,1.0287969
5905,0.123483606,0.18621501,0.8814783
5906,0.11043572,0.17842852,0.7652203
5907,0.09985279,0.17260404,0.6733201
5908,0.09075387,0.16776982,0.59620935
5909,0.13257582,0.19355911,0.9264858
5910,0.16204076,0.20412542,1.1493375
5911,0.14161378,0.19389865,0.9756323
5912,0.22584923,0.23372267,1.6138861
5913,2.695522,0.65184325,7.1094184
5914,1.7979555,0.5235347,6.3002744
5915,4.166635,0.72126627,7.455274
5916,10.01973,1.4993732,8.119174
5917,6.575877,2.2926078,7.8343754
5918,9.440285,4.261285,8.0699835
5919,8.280626,6.9166293,7.999245
5920,6.418549,8.869403,7.860239
5921,12.727936,22.272814,8.360812
5922,6.179756,20.989397,8.077932
5923,1.6385257,11.259958,7.1113925
5924,0.60154593,5.561444,5.201627
5925,0.31611568,3.3823962,3.455297
5926,0.20956415,2.4675055,2.4154415
5927,0.14966717,1.9736891,1.7326555
5928,0.11611838,1.6557903,1.3141366
5929,0.0939421,1.4456457,1.0341104
5930,0.078219645,1.2940509,0.83640146
5931,0.10366313,1.3945436,1.1526104
5932,0.08583048,1.2374249,0.92551327
5933,0.072637536,1.1231979,0.7603532
5934,0.06239794,1.0380001,0.63547117
5935,0.108238734,1.2660189,1.2052749
5936,0.0899729,1.1160096,0.9685265
5937,0.076291546,1.0136616,0.7962527
5938,0.06568119,0.9374931,0.6661296
5939,0.068366125,0.9316601,0.69683486
5940,5.880626,6.316161,8.206424
5941,2.994676,5.303625,7.76865
5942,1.4064138,3.4329438,6.814033
5943,0.7299526,2.1558638,5.3306885
5944,0.71434826,1.7798728,5.1315675
5945,0.44684023,1.2436894,3.7366347
5946,0.31497252,0.9520562,2.7345817
5947,0.24067943,0.7848292,2.0723531
5948,0.19360016,0.68124247,1.6277121
5949,0.23268902,0.7051709,1.9309641
5950,0.33450004,0.78225815,2.668184
5951,0.25811994,0.65957564,2.0420694
5952,0.2087832,0.58156973,1.6155331
5953,3.7350085,1.9223253,7.5716786
5954,3.1826968,1.8327436,7.336939
5955,1.8289253,1.3998125,6.4050236
5956,1.0869826,1.0229675,5.100324
5957,0.7160345,0.77352196,3.8516324
5958,0.64093834,0.6612181,3.437208
5959,0.47763026,0.54813796,2.615318
5960,0.3777829,0.47732332,2.0491667
5961,1.6582253,0.8647544,5.677489
5962,1.2219089,0.6962026,4.7717876
5963,0.7640841,0.54997796,3.4640906
5964,0.5496644,0.46587107,2.5900345
5965,0.40199053,0.4075489,1.9269347
5966,0.31993216,0.37388918,1.5203992
5967,0.2610564,0.35054222,1.2258114
5968,0.22266692,0.33555326,1.0276037
5969,0.19677782,0.32437372,0.8894602
5970,0.17714165,0.31475505,0.78372544
5971,0.18277556,0.32477906,0.8133534
5972,0.15474565,0.31546786,0.68275535
5973,0.1364775,0.31097722,0.5952394
5974,0.13244955,0.31370127,0.57523847
5975,0.11851219,0.3112119,0.50917596
5976,0.10534796,0.30931568,0.4489788
5977,0.093182065,0.30777085,0.3948079
5978,0.0815453,0.30587342,0.34435588
5979,0.06819892,0.2994769,0.28854448
5980,0.064095385,0.29959628,0.26849088
5981,0.06759413,0.31315503,0.28870755
5982,0.06365355,0.31222594,0.26895148
5983,0.05991827,0.31524074,0.25196537
5984,0.07922702,0.36057192,0.36013576
5985,0.06584771,0.3513992,0.29981363
5986,0.08423507,0.40357992,0.4152023
5987,0.26662916,0.6506801,1.5909075
5988,0.2516276,0.62405676,1.479841
5989,0.30103618,0.6658194,1.7740799
5990,0.23167597,0.59927946,1.3617215
5991,0.19764917,0.55913395,1.1355921
5992,0.23704967,0.6073209,1.3912754
5993,0.19425745,0.5653411,1.1245959
5994,0.17634161,0.53927594,1.0005721
5995,0.18538553,0.54795635,1.0538737
5996,0.21790354,0.57139575,1.2518812
5997,0.18974674,0.5309587,1.0613947
5998,0.18361929,0.52220476,1.0168139
5999,0.14722702,0.4905702,0.8109455
6000,0.12395574,0.4721156,0.67633784
6001,0.11190059,0.45944747,0.5994904
6002,0.10397447,0.45226446,0.54977334
6003,0.111480415,0.4733649,0.601053
6004,0.103154145,0.46345374,0.54774266
6005,0.09433966,0.4532898,0.49255186
6006,0.07111312,0.4219149,0.3742813
6007,0.06341182,0.4194536,0.33148304
6008,0.10045677,0.51276314,0.5875704
6009,0.09007364,0.50167376,0.51895523
6010,0.07117717,0.4753108,0.4109132
6011,0.060287856,0.46464205,0.34701365
6012,0.049992673,0.45179284,0.2878292
6013,0.044845466,0.450399,0.25654963
6014,0.04174591,0.44585308,0.2358713
6015,0.034980986,0.43697804,0.19824158
6016,0.032614574,0.4349506,0.18291205
6017,0.025882889,0.41770723,0.14606512
6018,0.02168688,0.41093865,0.1227474
6019,0.024518108,0.45590192,0.15266472
6020,0.022208149,0.4569448,0.137485
6021,0.017479729,0.43829745,0.10887301
6022,0.01484033,0.43376592,0.092526
6023,0.0131951785,0.43500605,0.08202414
6024,0.015552659,0.4763581,0.102400005
6025,0.40538037,1.7512964,3.8513253
6026,0.22315103,1.2464348,2.4259148
6027,0.14692172,1.0088724,1.6467011
6028,0.112679146,0.8909378,1.2468742
6029,0.09398657,0.80494505,1.0078077
6030,0.101969086,0.80129784,1.0924965
6031,0.20958282,1.0367814,2.29207
6032,0.16251197,0.8650234,1.7390505
6033,0.10448723,0.72047454,1.1469082
6034,0.08281696,0.66264474,0.89485794
6035,0.07726349,0.63960445,0.8220326
6036,0.1419866,0.8095329,1.6134928
6037,0.6356774,1.4122884,5.165381
6038,0.31093034,0.95832014,3.3180926
6039,0.17592311,0.7237854,2.0740821
6040,0.10957938,0.5900452,1.3374946
6041,0.07549035,0.51505274,0.9262297
6042,0.06542895,0.47210097,0.77081716
6043,0.056116365,0.4474913,0.6417542
6044,0.040467978,0.4103526,0.4625895
6045,0.027717633,0.37190494,0.31835672
6046,0.018164666,0.34377608,0.210996
6047,0.014233088,0.3310471,0.16363856
6048,0.013900847,0.33413088,0.15896949
6049,0.016910713,0.3524198,0.20080887
6050,0.015678573,0.3359111,0.17989154
6051,0.0138086565,0.32846385,0.15405422
6052,0.38464427,1.2885526,4.9300437
6053,0.8700585,1.4500988,6.6183386
6054,0.45079613,0.91639113,4.951707
6055,0.26546943,0.6477497,3.440163
6056,0.21732861,0.5357029,2.814451
6057,0.12478922,0.4192652,1.7335074
6058,0.09919302,0.3672334,1.3264779
6059,0.06348258,0.31540012,0.8603659
6060,0.042093728,0.27997184,0.57247186
6061,0.027425269,0.2521276,0.37454996
6062,0.019589659,0.23487951,0.26513135
6063,0.012362757,0.2178082,0.16837582
6064,0.008393203,0.20125552,0.113306455
6065,0.006917614,0.19486564,0.09006841
6066,0.0047017713,0.18067966,0.06049444
6067,0.0033418178,0.1697001,0.042140927
6068,0.002973818,0.17398131,0.03900623
6069,0.0024710062,0.16507697,0.030658595
6070,0.00200776,0.15863517,0.02387099
6071,0.0014319664,0.14884849,0.016583178
6072,0.0012115652,0.14753893,0.01394226
6073,0.00094127934,0.14028637,0.010368702
6074,0.0006582298,0.13056558,0.00703693
6075,0.0005286943,0.123427644,0.0053395513
6076,0.00040237137,0.11672882,0.0038881327
6077,0.00031753886,0.11059366,0.0029123793
6078,0.0002634216,0.09684004,0.0021894528
6079,0.00022133053,0.08629624,0.0016823993
6080,0.00018716184,0.08149948,0.0013373933
6081,0.00016002641,0.075521424,0.0010658288
6082,0.00013405316,0.0729322,0.0008515391
6083,9.774454e-05,0.06942749,0.00060638186
6084,9.743884e-05,0.066556245,0.00058358395
6085,0.0016940128,0.19797938,0.023246145
6086,0.0015220568,0.180454,0.01960382
6087,0.002437795,0.20369005,0.03466841
6088,0.0020948923,0.18751106,0.027785242
6089,0.001943199,0.17920467,0.024665372
6090,0.0025908828,0.1919931,0.034613527
6091,0.0021802494,0.17579013,0.027036346
6092,0.0020668972,0.16590945,0.024469977
6093,0.0018540999,0.16377352,0.021376086
6094,0.0016844731,0.15356866,0.018386688
6095,0.0014463261,0.14321889,0.0148035055
6096,0.0013047942,0.13828747,0.012800208
6097,0.0012862252,0.13204396,0.012181357
6098,0.0011750207,0.124961324,0.010588004
6099,0.0010269183,0.116555914,0.00869956
6100,0.0008994628,0.111898705,0.007256834
6101,0.00066811184,0.107463,0.0053073857
6102,0.00052420486,0.10448261,0.004065082
6103,0.00045143304,0.10131524,0.0033487019
6104,0.00038339154,0.09905464,0.0027382302
6105,0.0010838022,0.15107319,0.010473857
6106,0.0009372088,0.1386814,0.008449039
6107,0.0006028755,0.12730812,0.0053989165
6108,0.00041714072,0.11892241,0.0036657027
6109,0.00036068299,0.11428622,0.0030202128
6110,0.00033286132,0.107888065,0.002648075
6111,0.0004202856,0.11991827,0.0035569456
6112,0.00035769714,0.11413456,0.0028638996
6113,0.00031479335,0.105059184,0.0023559502
6114,0.00037627525,0.10854754,0.0028814157
6115,0.00032366443,0.09660563,0.0022811848
6116,0.000278081,0.093891144,0.0018775151
6117,0.00022983833,0.092013635,0.0015043779
6118,0.00019712282,0.09175645,0.0012702489
6119,0.00016259067,0.08970038,0.0010138218
6120,0.00013956569,0.0871387,0.00083354546
6121,0.00011195899,0.08496634,0.0006504149
6122,9.786755e-05,0.0795741,0.00053482543
6123,8.056738e-05,0.07796099,0.00042714147
6124,6.497137e-05,0.07613864,0.00033507368
6125,6.623812e-05,0.08139728,0.00035490625
6126,5.5994224e-05,0.079265356,0.00028828703
6127,5.736659e-05,0.079441585,0.00029203075
6128,0.00010353576,0.100313574,0.0006200641
6129,8.95908e-05,0.09626794,0.00051048904
6130,7.195516e-05,0.09360451,0.0003983348
6131,6.128907e-05,0.09090825,0.00032541488
6132,6.4090054e-05,0.093546666,0.00034167545
6133,5.663772e-05,0.09286508,0.00029478208
6134,4.3751614e-05,0.08955041,0.00022247355
6135,2.8791594e-05,0.08276963,0.00014514873
6136,2.1355996e-05,0.07862713,0.00010487313
6137,1.8183595e-05,0.07441317,8.417175e-05
6138,1.7262484e-05,0.07600649,7.992142e-05
6139,1.4490584e-05,0.07299489,6.388153e-05
6140,1.24593125e-05,0.0699448,5.219607e-05
6141,1.1301843e-05,0.06690105,4.513667e-05
6142,1.5407146e-05,0.073452994,6.567835e-05
6143,1.3465842e-05,0.06820354,5.3779095e-05
6144,1.1911105e-05,0.061826196,4.425008e-05
6145,1.5396077e-05,0.06483184,5.9584065e-05
6146,1.357178e-05,0.06304617,5.0384588e-05
6147,1.1672996e-05,0.06211789,4.202271e-05
6148,4.826409e-05,0.11224427,0.00026637389
6149,0.00014005657,0.16401717,0.0010321265
6150,0.00017096351,0.16622527,0.0012849132
6151,0.00014868348,0.15453213,0.0010489012
6152,0.00014677715,0.15400907,0.0010189537
6153,0.000114479924,0.14774652,0.0007723293
6154,8.9017194e-05,0.14147125,0.0005829009
6155,6.604785e-05,0.13379227,0.00042151022
6156,4.414395e-05,0.12298413,0.0002769661
6157,3.4971e-05,0.11744165,0.00021130919
6158,2.5816713e-05,0.110275656,0.00015074178
6159,1.9267316e-05,0.10359602,0.00010826951
6160,1.6713378e-05,0.09532207,8.747248e-05
6161,1.5001324e-05,0.08913891,7.397113e-05
6162,2.3705517e-05,0.100847214,0.00012883313
6163,1.977362e-05,0.0869269,9.702555e-05
6164,2.0211262e-05,0.09039211,0.00010041284
6165,1.6955413e-05,0.08642677,8.003045e-05
6166,1.5271318e-05,0.084862955,6.983778e-05
6167,1.3280861e-05,0.07974268,5.7167545e-05
6168,1.20568775e-05,0.072650224,4.8533173e-05
6169,1.04372375e-05,0.06583725,3.8943195e-05
6170,9.243969e-06,0.061743397,3.2519878e-05
6171,9.71208e-06,0.06079183,3.367908e-05
6172,9.168352e-06,0.056019634,3.0159446e-05
6173,8.707497e-06,0.052738395,2.7356302e-05
6174,7.689791e-06,0.0514002,2.3195227e-05
6175,6.8148065e-06,0.05009098,1.9739682e-05
6176,6.6159914e-06,0.047557354,1.8437984e-05
6177,5.95796e-06,0.046017256,1.5915351e-05
6178,5.3580643e-06,0.04412739,1.3666215e-05
6179,4.824399e-06,0.04288849,1.182042e-05
6180,4.537154e-06,0.042536777,1.0835933e-05
6181,4.1032613e-06,0.041868057,9.4778625e-06
6182,3.687726e-06,0.041372977,8.2525385e-06
6183,1.0058423e-05,0.060355585,2.9859508e-05
6184,9.052277e-06,0.056892738,2.5513717e-05
6185,8.275536e-06,0.05263475,2.2057984e-05
6186,7.420223e-06,0.048418023,1.8613779e-05
6187,9.943123e-06,0.05354791,2.6750702e-05
6188,1.0312999e-05,0.05406725,2.76451e-05
6189,1.4381831e-05,0.06302602,4.2467815e-05
6190,1.3026344e-05,0.061931532,3.7209757e-05
6191,1.18866765e-05,0.06151258,3.3058215e-05
6192,9.287786e-05,0.13974966,0.00047592502
6193,8.360868e-05,0.12863742,0.0004038464
6194,8.1492326e-05,0.12451253,0.0003827024
6195,7.337547e-05,0.118333854,0.00032873134
6196,6.621618e-05,0.11461874,0.00028531085
6197,5.867364e-05,0.11362713,0.0002461203
6198,5.180357e-05,0.11280467,0.0002118416
6199,4.533984e-05,0.11214896,0.00018115225
6200,4.081889e-05,0.110163,0.00015791504
6201,3.6614965e-05,0.10882124,0.00013758405
6202,3.3241377e-05,0.105653144,0.00012037601
6203,3.0257981e-05,0.10195609,0.00010537814
6204,2.824192e-05,0.096708596,9.470746e-05
6205,2.567234e-05,0.09538109,8.359398e-05
6206,2.3431361e-05,0.09365647,7.3956624e-05
6207,2.1254631e-05,0.092983685,6.537474e-05
6208,1.9296796e-05,0.0923594,5.7860296e-05
6209,3.216613e-05,0.10991485,0.00011045698
6210,2.9213827e-05,0.10270142,9.5396106e-05
6211,2.6782582e-05,0.09839445,8.403928e-05
6212,2.4371895e-05,0.09789281,7.4648895e-05
6213,2.2341697e-05,0.09668332,6.65769e-05
6214,2.0867885e-05,0.09779778,6.1433726e-05
6215,2.3738165e-05,0.101076856,7.146814e-05
6216,9.605263e-05,0.17086056,0.00043254218
6217,8.7022956e-05,0.15980852,0.00037305465
6218,7.9210986e-05,0.15708391,0.00032983173
6219,7.249106e-05,0.15190049,0.0002913198
6220,6.6455475e-05,0.14705014,0.0002579303
6221,6.0982093e-05,0.14117135,0.0002279283
6222,5.6059027e-05,0.13565442,0.00020191008
6223,5.2033138e-05,0.13009611,0.00018076575
6224,6.513573e-05,0.14083186,0.00023917572
6225,6.0060265e-05,0.13600886,0.00021306745
6226,5.5302415e-05,0.13438165,0.00019125587
6227,5.084923e-05,0.1333529,0.00017177813
6228,0.00014313249,0.20372055,0.0006588881
6229,0.00023421289,0.23996972,0.0012278403
6230,0.00021373888,0.23396471,0.0010868906
6231,0.00019449997,0.23028839,0.0009633942
6232,0.00017784431,0.21932769,0.00084701873
6233,0.00016317768,0.2131181,0.00075319293
6234,0.00014970238,0.20339477,0.00066523557
6235,0.00013773731,0.19545083,0.00059093087
6236,0.00012702479,0.18953544,0.00052807404
6237,0.0001177197,0.17989993,0.00047167565
6238,0.00011179017,0.17414922,0.00043580384
6239,0.000102954094,0.17292714,0.0003927173
6240,9.542133e-05,0.16406323,0.00035062747
6241,8.806521e-05,0.15490007,0.00031070114
6242,0.00014393215,0.18813655,0.000587358
6243,0.00013549282,0.18224667,0.00053752976
6244,0.00012569287,0.17700213,0.0004840492
6245,0.00011647276,0.16964951,0.00043334832
6246,0.000110454595,0.16471186,0.00040155475
6247,0.00012197636,0.16999929,0.00045385552
6248,0.000114817005,0.16683333,0.00041725222
6249,0.00010696307,0.1623694,0.0003778964
6250,0.00020449208,0.21038032,0.00087357924
6251,0.00018976265,0.20248093,0.00078508287
6252,0.0001763016,0.19845258,0.0007110756
6253,0.00016399552,0.1935819,0.00064381503
6254,0.00015259055,0.18726833,0.0005814117
6255,0.00014195967,0.18010393,0.00052393175
6256,0.00015753326,0.18637945,0.00059630163
6257,0.00020577376,0.20638573,0.0008406778
6258,0.00030181135,0.23560928,0.0013672106
6259,0.00085225014,0.359094,0.005304694
6260,0.0010504075,0.38117656,0.006881342
6261,0.000962222,0.37055346,0.006133467
6262,0.00088299485,0.3582414,0.0054653236
6263,0.00080902234,0.3399092,0.0048283082
6264,0.0007498199,0.32460317,0.0043372856
6265,0.00068898406,0.30809733,0.0038434493
6266,0.00063366746,0.29197755,0.0034070502
6267,0.0005849783,0.27882436,0.0030407503
6268,0.0005600589,0.2745444,0.0028730638
6269,0.0005189259,0.26447675,0.0025823107
6270,0.0004813474,0.25469884,0.0023235255
6271,0.00044744925,0.24683973,0.0021002498
6272,0.00046554636,0.24946353,0.0021963816
6273,0.0004782609,0.2501983,0.0022574312
6274,0.00062293804,0.27654243,0.0031642213
6275,0.0005789421,0.2694789,0.0028663268
6276,0.0005458203,0.26199168,0.0026379342
6277,0.00050771615,0.25277045,0.0023835474
6278,0.00047339263,0.24684611,0.0021684302
6279,0.00044179062,0.2411692,0.0019750302
6280,0.00041853118,0.23363997,0.0018254212
6281,0.00039073068,0.2255474,0.0016564045
6282,0.00036510086,0.21767314,0.0015043713
6283,0.0003419857,0.2117657,0.0013737648
6284,0.0003308898,0.2089538,0.0013127829
6285,0.00031662325,0.2053103,0.001236571
6286,0.0002975575,0.19815758,0.0011311639
6287,0.00028257497,0.19319353,0.0010521148
6288,0.00027471353,0.19276364,0.0010163223
6289,0.00026635753,0.18990718,0.0009722956
6290,0.00030280682,0.20122305,0.0011503404
6291,0.00029071956,0.19817011,0.0010886989
6292,0.0002733191,0.19333096,0.0009993707
6293,0.0010281483,0.32967916,0.0056225425
6294,0.0010062197,0.32640928,0.00549201
6295,0.0010308069,0.33210623,0.0056915656
6296,0.0018688331,0.42143345,0.012407317
6297,0.0045430055,0.6005664,0.039580222
6298,0.0050923824,0.61827904,0.045722038
6299,0.0046126703,0.5859291,0.04006159
6300,0.0041909306,0.5587436,0.035281736
6301,0.0038106432,0.5290694,0.031008033
6302,0.0035225393,0.5070387,0.027926909
6303,0.00321876,0.4838854,0.024728855
6304,0.0029789512,0.46081057,0.022200191
6305,0.0035285298,0.49576393,0.027807001
6306,0.0033947236,0.48853955,0.02661329
6307,0.0032019224,0.47479618,0.024661517
6308,0.002932723,0.4558217,0.02192864
6309,0.002686378,0.4337995,0.019435933
6310,0.002469622,0.41794574,0.017366014
6311,0.009323661,0.71290046,0.09754552
6312,0.00989462,0.72586185,0.10613607
6313,0.009994138,0.72472346,0.107970506
6314,0.009339476,0.69811374,0.09911639
6315,0.008351322,0.6516185,0.08524025
6316,0.007504858,0.6131604,0.0738636
6317,0.014281609,0.7912197,0.16955808
6318,0.014579871,0.78663385,0.17541432
6319,0.10879512,1.7168113,1.9015214
6320,0.11281951,1.5866251,1.9468092
6321,0.08435561,1.2651091,1.3994658
6322,0.06730116,1.0682015,1.0659131
6323,0.06488022,1.0014282,1.0107652
6324,0.053334408,0.86977744,0.78934604
6325,0.046435766,0.78597903,0.66007215
6326,0.14697376,1.2027797,2.2948947
6327,0.10974971,0.95615476,1.6591429
6328,0.08681302,0.8072051,1.2564533
6329,0.12754081,0.8934485,1.8560798
6330,0.19476451,0.9784272,2.7147737
6331,0.15025689,0.79605466,2.06781
6332,0.119560115,0.6677843,1.5907078
6333,0.22935192,0.8097277,2.889006
6334,0.16742101,0.65445495,2.1029766
6335,0.13166901,0.55158365,1.5987079
6336,0.10688551,0.49156886,1.2551907
6337,0.089167446,0.4498793,1.0118206
6338,0.07566673,0.4201945,0.8313757
6339,0.06668232,0.38882515,0.7050489
6340,0.058775567,0.36651412,0.5999057
6341,0.052383192,0.34376538,0.51485217
6342,0.07661524,0.39518452,0.8045618
6343,0.0669646,0.37269115,0.6799133
6344,0.058848344,0.356991,0.580303
6345,0.05151287,0.3466302,0.4961247
6346,0.046283726,0.33313397,0.43262956
6347,0.041625805,0.32429618,0.37932336
6348,0.037766863,0.31498036,0.33515763
6349,0.1784436,0.5803843,1.9848988
6350,0.14965162,0.5062936,1.6135626
6351,0.12285445,0.45419094,1.2829059
6352,0.10466215,0.4110931,1.051163
6353,0.08991768,0.38466644,0.8747074
6354,0.12629393,0.43487245,1.2709445
6355,0.14012413,0.4502371,1.4112785
6356,0.11843107,0.40436563,1.1474892
6357,0.10165829,0.37689203,0.9541935
6358,0.08575709,0.35913762,0.78754795
6359,0.075036824,0.34467405,0.67116606
6360,0.23453407,0.53834635,2.29686
6361,0.18407033,0.46496516,1.7673495
6362,0.14563634,0.41931054,1.373755
6363,0.13032404,0.38881305,1.192765
6364,0.16676925,0.41644502,1.5318426
6365,0.13313574,0.38211778,1.2022824
6366,0.1072808,0.35754004,0.9540887
6367,0.09245623,0.34103784,0.8016409
6368,0.08729594,0.3340543,0.74419796
6369,0.0862957,0.34389022,0.74566865
6370,0.090272166,0.3527455,0.78325516
6371,0.2000154,0.4807552,1.8650683
6372,0.14855401,0.4256124,1.3830304
6373,0.20315515,0.47089827,1.8875431
6374,0.1629795,0.42168167,1.4814563
6375,0.13741893,0.3842198,1.2090505
6376,0.113776125,0.36116657,0.9808238
6377,0.09747291,0.3446982,0.82077426
6378,0.1050656,0.35969192,0.8944887
6379,0.073544376,0.3263602,0.6346449
6380,0.054584682,0.30403596,0.4721794
6381,0.046299223,0.29844442,0.39590496
6382,0.03837024,0.29220635,0.32577425
6383,0.03386384,0.2904231,0.2834887
6384,0.054492805,0.35579592,0.5112939
6385,0.054018106,0.37317708,0.5489326
6386,0.042065628,0.35470685,0.42696342
6387,0.03456738,0.3445598,0.3469778
6388,0.02709514,0.33090773,0.27068034
6389,0.020949999,0.31728375,0.20864362
6390,0.017784987,0.31352714,0.17487325
6391,0.013838765,0.30245307,0.1355894
6392,0.011430394,0.2977494,0.11092065
6393,0.010315243,0.29287162,0.097563386
6394,0.00896325,0.2914597,0.083481334
6395,0.010044829,0.3125902,0.09706167
6396,0.0130486265,0.3416758,0.13427213
6397,0.011801026,0.3294876,0.11747991
6398,0.010301629,0.32677412,0.10076188
6399,0.009353479,0.31223306,0.088211596
6400,0.008360666,0.30956686,0.077213764
6401,0.008013856,0.30358592,0.0725864
6402,0.009449207,0.3316265,0.0900868
6403,0.0068655647,0.31223643,0.06553071
6404,0.0056641134,0.30723533,0.053470988
6405,0.004905559,0.3047736,0.045490727
6406,0.0037071502,0.291651,0.034236375
6407,0.0029072128,0.2826535,0.026612459
6408,0.00260109,0.27569926,0.023051297
6409,0.0025445686,0.27373353,0.022238865
6410,0.0026240207,0.27336466,0.02292344
6411,0.002397823,0.2626974,0.020198049
6412,0.002134257,0.2595146,0.017524295
6413,0.0019660671,0.24986164,0.015593992
6414,0.002035126,0.24875619,0.01607359
6415,0.0018393181,0.23303019,0.013855254
6416,0.0020999722,0.24541713,0.01632355
6417,0.0023156344,0.25007343,0.018259956
6418,0.0021482923,0.2396026,0.016358744
6419,0.0019468091,0.23623511,0.01443673
6420,0.001687312,0.23905602,0.012828177
6421,0.0015129201,0.23654236,0.011217651
6422,0.0013703228,0.23197679,0.009865702
6423,0.0011978975,0.23114955,0.008471168
6424,0.0010802695,0.22825642,0.007442097
6425,0.0010151318,0.23330863,0.006995133
6426,0.00090804964,0.23146598,0.0061136833
6427,0.00072585116,0.22614521,0.004848681
6428,0.00058936776,0.22184406,0.0038952043
6429,0.00049140723,0.21892616,0.0032004735
6430,0.0004174676,0.21661559,0.002670597
6431,0.00035533548,0.21424398,0.0022307474
6432,0.00029322592,0.21054831,0.0018125052
6433,0.000263675,0.2034327,0.0015687875
6434,0.00023501922,0.19995236,0.0013572079
6435,0.00019477938,0.19674318,0.0011072445
6436,0.00017526101,0.1905745,0.0009599253
6437,0.00015435577,0.1883969,0.00082407997
6438,0.00013937095,0.17894992,0.0007114738
6439,0.00013134842,0.17144345,0.00064751785
6440,0.00011885422,0.16136976,0.00055862876
6441,0.0001081229,0.15669417,0.0004906786
6442,0.00010691478,0.1613253,0.00048691136
6443,9.394313e-05,0.1611361,0.00042093528
6444,8.457292e-05,0.15938105,0.00036908433
6445,7.842596e-05,0.15448077,0.0003311752
6446,7.151227e-05,0.15102072,0.00029256655
6447,6.520026e-05,0.14831844,0.00025898218
6448,6.321971e-05,0.14374524,0.00024475236
6449,5.7442823e-05,0.14256741,0.00021697482
6450,5.076222e-05,0.14256264,0.0001884999
6451,4.5264114e-05,0.14242317,0.00016492566
6452,3.1050426e-05,0.13200638,0.0001137021
6453,2.6350699e-05,0.13091257,9.49962e-05
6454,2.2148368e-05,0.12948819,7.8645375e-05
6455,1.927867e-05,0.12856571,6.703519e-05
6456,1.9774478e-05,0.1326653,6.923395e-05
6457,1.6956777e-05,0.13149513,5.8269412e-05
6458,1.3242962e-05,0.1272028,4.5092314e-05
6459,1.0451065e-05,0.123538606,3.53974e-05
6460,8.688898e-06,0.12141943,2.8929802e-05
6461,7.916482e-06,0.11461234,2.5122443e-05
6462,6.327787e-06,0.11149356,1.9788074e-05
6463,5.5879095e-06,0.10935189,1.6914844e-05
6464,4.595561e-06,0.10707035,1.3651409e-05
6465,3.9500333e-06,0.10548593,1.1441647e-05
6466,3.6806211e-06,0.10398943,1.0380606e-05
6467,3.2628654e-06,0.101831675,8.897906e-06
6468,5.2550927e-06,0.12029493,1.6313574e-05
6469,6.5541767e-06,0.123256,2.098364e-05
6470,7.586644e-06,0.12598222,2.4745897e-05
6471,1.6142056e-05,0.1623819,6.439273e-05
6472,4.936422e-05,0.24766208,0.00027231153
6473,6.4118576e-05,0.26197883,0.00037202172
6474,5.6736935e-05,0.23841758,0.00030866484
6475,0.00010613606,0.29090452,0.0006777495
6476,9.348082e-05,0.27308413,0.0005665192
6477,8.240287e-05,0.25224972,0.00047086098
6478,7.311017e-05,0.23651038,0.00039650558
6479,6.5080254e-05,0.22203724,0.00033529222
6480,6.582078e-05,0.22229567,0.0003366354
6481,6.0681818e-05,0.21277788,0.0002986095
6482,7.336419e-05,0.23797229,0.00038743526
6483,6.6359986e-05,0.23046453,0.00033824248
6484,0.000101642596,0.27223068,0.0005833891
6485,9.583003e-05,0.28085777,0.00056821964
6486,7.211511e-05,0.26585326,0.0004219198
6487,5.6885652e-05,0.25500375,0.00032607187
6488,4.5943714e-05,0.24576753,0.0002568518
6489,6.8954774e-05,0.27165553,0.00042122838
6490,6.0397844e-05,0.25161812,0.0003476731
6491,5.0660234e-05,0.2444405,0.0002835655
6492,4.1870164e-05,0.23663916,0.00022780613
6493,4.3476182e-05,0.24463089,0.00023958832
6494,4.7939706e-05,0.23800664,0.00026256594
6495,6.3811975e-05,0.2527748,0.00036943774
6496,5.7683916e-05,0.23804854,0.0003181963
6497,6.3401705e-05,0.24026808,0.0003523269
6498,0.00011527917,0.3044789,0.00076005957
6499,0.00010604129,0.29697824,0.00067948655
6500,0.00011096869,0.30519864,0.00071875035
6501,8.7381646e-05,0.2921494,0.00055423024
6502,8.015394e-05,0.27798507,0.00048781437
6503,6.830978e-05,0.26948354,0.0004021392
6504,5.960882e-05,0.24337132,0.00032744592
6505,7.644595e-05,0.2636414,0.00044498913
6506,0.00012971133,0.31189126,0.0008660829
6507,0.00012482368,0.29438356,0.0008033836
6508,0.00012873315,0.2917929,0.00082213763
6509,0.00011337646,0.2799398,0.00069450936
6510,0.000100519705,0.26513425,0.0005871944
6511,0.00013925091,0.29423174,0.0008809337
6512,0.00012454987,0.26639143,0.0007398006
6513,0.000105481944,0.26055777,0.00061133713
6514,8.541803e-05,0.25265163,0.00048574602
6515,7.1796014e-05,0.24678926,0.00039885924
6516,5.672988e-05,0.2374493,0.0003095028
6517,4.72568e-05,0.23088895,0.0002510807
6518,4.3042026e-05,0.23351133,0.00023046588
6519,4.0965995e-05,0.23195124,0.0002156073
6520,3.6623118e-05,0.21902955,0.00018351531
6521,3.8704547e-05,0.22238982,0.00019471148
6522,3.4177436e-05,0.21355535,0.000164779
6523,3.2576507e-05,0.20445319,0.00015175674
6524,2.8587046e-05,0.19915484,0.000128685
6525,2.825078e-05,0.19183868,0.00012385141
6526,0.00012518452,0.33720607,0.00084677624
6527,0.00010880408,0.32374626,0.000706855
6528,9.377956e-05,0.31285545,0.00058785547
6529,7.984257e-05,0.3032503,0.00048477668
6530,6.919713e-05,0.29298154,0.00040499482
6531,6.6112676e-05,0.29051012,0.00038065825
6532,9.192327e-05,0.3132488,0.0005674067
6533,8.1087615e-05,0.30183852,0.00048180713
6534,7.117576e-05,0.29047537,0.00040653773
6535,6.1598614e-05,0.28225607,0.00034056342
6536,5.2153548e-05,0.2747694,0.0002805609
6537,4.7520032e-05,0.26811248,0.00024821024
6538,4.2115425e-05,0.26214862,0.0002137126
6539,3.6940488e-05,0.25429,0.00018097079
6540,4.274201e-05,0.27264863,0.00021831153
6541,0.00010306619,0.37511203,0.00067286275
6542,0.00012988012,0.41000798,0.0009027086
6543,0.000103497805,0.39188328,0.000703212
6544,8.074451e-05,0.37216708,0.00053683465
6545,6.678767e-05,0.35743108,0.00043024242
6546,5.7942263e-05,0.3390387,0.00035615536
6547,5.895778e-05,0.33486626,0.000358601
6548,5.1631105e-05,0.30876207,0.00029587033
6549,4.4885302e-05,0.29698163,0.0002472773
6550,3.947727e-05,0.2738736,0.00020496277
6551,3.3249282e-05,0.26610082,0.00016791982
6552,3.2609125e-05,0.27488115,0.00016785126
6553,2.7937152e-05,0.26645175,0.00013912962
6554,2.4380246e-05,0.25697845,0.0001168208
6555,3.137741e-05,0.28532785,0.00016124551
6556,7.351125e-05,0.3861886,0.000477551
6557,7.608429e-05,0.3807711,0.0004936237
6558,7.287726e-05,0.3675211,0.00046356375
6559,6.624872e-05,0.3417948,0.00040302487
6560,6.0455095e-05,0.3187611,0.00035219456
6561,5.424296e-05,0.29130605,0.00029872564
6562,4.6077745e-05,0.28313896,0.00024650112
6563,3.942676e-05,0.27515745,0.00020454626
6564,3.4808152e-05,0.2632794,0.0001730095
6565,2.8486675e-05,0.25494727,0.00013847613
6566,2.5190597e-05,0.23632209,0.00011565795
6567,2.2400069e-05,0.22157653,9.764042e-05
6568,1.9886469e-05,0.21416628,8.344097e-05
6569,1.7539922e-05,0.19368462,6.884388e-05
6570,2.5382325e-05,0.22175513,0.000110624875
6571,2.3886852e-05,0.21281564,0.000101274025
6572,2.1378533e-05,0.19935831,8.611129e-05
6573,1.9077996e-05,0.19427988,7.430084e-05
6574,1.7185863e-05,0.18512604,6.407012e-05
6575,1.547081e-05,0.17340374,5.4844117e-05
6576,1.39128515e-05,0.16970025,4.7795198e-05
6577,1.2393048e-05,0.16734515,4.1457202e-05
6578,1.1233709e-05,0.15861514,3.5931418e-05
6579,1.01927435e-05,0.15466554,3.1547206e-05
6580,9.234393e-06,0.15171511,2.7737648e-05
6581,8.383881e-06,0.14875437,2.4437353e-05
6582,7.565679e-06,0.14696173,2.1488353e-05
6583,6.8624317e-06,0.1447741,1.8962168e-05
6584,6.251032e-06,0.14215241,1.677864e-05
6585,5.698867e-06,0.13974825,1.4869418e-05
6586,5.787696e-06,0.14343996,1.5167741e-05
6587,5.4874904e-06,0.14109613,1.4049446e-05
6588,5.032146e-06,0.13794503,1.2499178e-05
6589,4.6266396e-06,0.13285963,1.10853725e-05
6590,4.2608563e-06,0.12936318,9.892421e-06
6591,3.9270126e-06,0.12654008,8.852787e-06
6592,3.6179406e-06,0.12449962,7.939809e-06
6593,3.3422673e-06,0.119770475,7.0792375e-06
6594,3.091823e-06,0.11519709,6.321855e-06
6595,2.8555326e-06,0.109557904,5.6130884e-06
6596,2.642935e-06,0.104452744,5.0008566e-06
6597,2.4318338e-06,0.097851,4.3981427e-06
6598,2.2461218e-06,0.09168782,3.8877874e-06
6599,2.0883367e-06,0.087523095,3.4843279e-06
6600,1.972325e-06,0.082987845,3.173058e-06
6601,1.8477645e-06,0.08114154,2.8933564e-06
6602,1.7320921e-06,0.08008113,2.6494415e-06
6603,1.6254967e-06,0.07825417,2.4205656e-06
6604,1.5259167e-06,0.07746265,2.2229715e-06
6605,2.1411915e-06,0.08664932,3.4024615e-06
6606,2.0086622e-06,0.08413579,3.1011075e-06
6607,1.8755998e-06,0.080207266,2.7938675e-06
6608,1.7553483e-06,0.076721855,2.5269023e-06
6609,1.7873222e-06,0.07556436,2.5473435e-06
6610,1.6719821e-06,0.0719521,2.2994552e-06
6611,1.5780951e-06,0.07037327,2.116636e-06
6612,1.4782071e-06,0.06699191,1.913717e-06
6613,1.7933852e-06,0.07094807,2.4297326e-06
6614,1.695315e-06,0.069068626,2.2375623e-06
6615,1.6044264e-06,0.06780146,2.0691905e-06
6616,1.5198012e-06,0.0669986,1.919988e-06
6617,1.4394114e-06,0.06550736,1.7749545e-06
6618,1.3615562e-06,0.06351724,1.6340756e-06
6619,1.2874041e-06,0.061377212,1.5020868e-06
6620,1.2233024e-06,0.060648493,1.3991053e-06
6621,1.1629037e-06,0.059733782,1.3025058e-06
6622,1.1027034e-06,0.057933267,1.2029983e-06
6623,1.049397e-06,0.0569357,1.1206921e-06
6624,1.2440939e-06,0.060088046,1.3847127e-06
6625,1.1782444e-06,0.05793666,1.2748145e-06
6626,5.008949e-06,0.10169404,8.318964e-06
6627,4.7253825e-06,0.09744521,7.609292e-06
6628,4.7813505e-06,0.097681396,7.669886e-06
6629,4.5285283e-06,0.09425324,7.065387e-06
6630,4.3552964e-06,0.09218848,6.673709e-06
6631,4.183126e-06,0.090040036,6.289618e-06
6632,8.312204e-06,0.118858375,1.53852e-05
6633,7.894199e-06,0.1177197,1.4347269e-05
6634,7.4690374e-06,0.1160531,1.3299558e-05
6635,7.0469837e-06,0.112112656,1.22057245e-05
6636,1.1183855e-05,0.13257018,2.2041224e-05
6637,1.0555022e-05,0.12875192,2.027572e-05
6638,1.1218942e-05,0.1315811,2.180481e-05
6639,1.05948675e-05,0.12774502,2.0072672e-05
6640,9.980831e-06,0.12254763,1.835472e-05
6641,9.540591e-06,0.1199873,1.7186538e-05
6642,1.3039624e-05,0.1375089,2.5781083e-05
6643,1.2340849e-05,0.13462359,2.3864635e-05
6644,1.1638852e-05,0.12964861,2.1882353e-05
6645,9.221856e-05,0.29523847,0.00032401842
6646,0.00011926386,0.32852733,0.0004543939
6647,0.0003129384,0.4833559,0.0016050334
6648,0.0006822907,0.65648866,0.0044409856
6649,0.00061943446,0.61547124,0.0038918052
6650,0.00056987663,0.58416617,0.003480006
6651,0.00051771617,0.54905725,0.0030489687
6652,0.0004713773,0.51671946,0.0026778325
6653,0.00043071047,0.4891969,0.0023651854
6654,0.00065525714,0.57032764,0.004073735
6655,0.000629099,0.552007,0.0038518973
6656,0.0015793814,0.7948024,0.012829403
6657,0.0014921274,0.7774634,0.012043219
6658,0.0013425332,0.72494847,0.010444804
6659,0.001206224,0.6780297,0.009037867
6660,0.0010876526,0.63717216,0.007859508
6661,0.0009817911,0.59655595,0.006829453
6662,0.00088815053,0.5586669,0.0059456495
6663,0.0008077294,0.5294502,0.005226559
6664,0.00073599425,0.5020811,0.0046033817
6665,0.0012009958,0.6055405,0.008711872
6666,0.001095453,0.5718712,0.007680959
6667,0.0009958571,0.54457724,0.006761572
6668,0.0009056628,0.51497275,0.0059374287
6669,0.0012996142,0.590226,0.009506409
6670,0.0012087725,0.5612247,0.008601086
6671,0.002296472,0.72691506,0.019963618
6672,0.0021424592,0.7025869,0.018334484
6673,0.01532453,1.536944,0.23375773
6674,0.013856558,1.415527,0.20631626
6675,0.011804947,1.2682776,0.16791612
6676,0.019324047,1.5069494,0.31548968
6677,0.018781742,1.4361808,0.3059171
6678,0.018211724,1.3521376,0.2935369
6679,0.0153778,1.2014759,0.23573872
6680,0.013571657,1.1107463,0.2016864
6681,0.039065953,1.671469,0.7524659
6682,0.036923695,1.524448,0.6965066
6683,0.030328901,1.3215755,0.5444991
6684,0.025183242,1.1503744,0.4273908
6685,0.020883916,1.0543574,0.34041643
6686,0.017648207,0.95038724,0.27338398
6687,0.021821512,1.0092489,0.35633284
6688,0.022512237,1.0037524,0.37272194
6689,0.092870824,1.7103806,1.8965003
6690,0.06762416,1.3237075,1.3141077
6691,0.05246499,1.1074327,0.9672614
6692,0.044231173,0.9800254,0.7830247
6693,0.036297265,0.86427253,0.6091573
6694,0.030762605,0.7687558,0.48976213
6695,0.03189954,0.74172425,0.5024829
6696,0.034940187,0.73423856,0.55181056
6697,0.029605754,0.67156327,0.44609913
6698,0.025834544,0.6133014,0.37162483
6699,0.022387898,0.56672245,0.30732816
6700,0.019670507,0.52060825,0.25730705
6701,0.02344683,0.54426885,0.31664154
6702,0.020477042,0.49757594,0.2626254
6703,0.018531302,0.46842533,0.22925922
6704,0.016424648,0.44454116,0.19549868
6705,0.014559566,0.42861417,0.16776337
6706,0.013168653,0.41570285,0.14745483
6707,0.011799697,0.39858943,0.12756868
6708,0.0105989175,0.3745664,0.10980458
6709,0.020049663,0.48411724,0.24777076
6710,0.017777542,0.45446983,0.21065354
6711,0.030889018,0.5566786,0.41684312
6712,0.026957856,0.51512164,0.34765962
6713,0.100762755,0.8550449,1.607694
6714,0.08769188,0.75588113,1.3608043
6715,0.070939906,0.65354174,1.0482796
6716,0.059055094,0.58102304,0.8312042
6717,0.052455783,0.53988206,0.7150348
6718,0.045067184,0.49338242,0.58653253
6719,0.039164416,0.46052992,0.4893966
6720,0.04921429,0.4964895,0.6385162
6721,0.11465295,0.6862933,1.6524737
6722,0.098441236,0.60976315,1.3759995
6723,0.096647665,0.5734724,1.3257439
6724,0.081155494,0.52232224,1.0772376
6725,0.0685956,0.46671832,0.8681015
6726,0.18544279,0.6730814,2.446398
6727,1.2710335,1.3416001,6.926939
6728,0.7901473,0.90642947,5.8065066
6729,0.6195473,0.68694425,5.006134
6730,0.37075418,0.49905458,3.5313642
6731,0.26011774,0.40525013,2.59037
6732,0.21986066,0.34927848,2.1359758
6733,0.17455551,0.30754364,1.6569246
6734,0.27454194,0.3574217,2.5234106
6735,0.21191914,0.3083334,1.9233943
6736,0.1699315,0.2775624,1.5084571
6737,0.1270248,0.25218618,1.1244376
6738,0.110646,0.23736449,0.94852215
6739,1.7182113,0.72392166,6.8009133
6740,1.5098546,0.62600327,6.435924
6741,0.87178886,0.45564598,5.046872
6742,0.47900555,0.33137134,3.4438438
6743,0.34641278,0.27492034,2.559321
6744,0.65036565,0.34159288,4.0909643
6745,0.4266822,0.27314362,2.9442518
6746,0.32788166,0.23343167,2.2570128
6747,0.24573041,0.20779155,1.6957515
6748,0.2060983,0.19201548,1.3844917
6749,0.18476005,0.18267584,1.2092869
6750,0.28878647,0.21981265,1.9214038
6751,0.23708852,0.20383653,1.5585731
6752,0.17317887,0.184558,1.1456175
6753,0.15134022,0.17639571,0.9743696
6754,0.12347928,0.16967545,0.78764373
6755,0.10155724,0.16479467,0.6428557
6756,0.08111916,0.15930055,0.51257294
6757,0.07203601,0.15903437,0.44921696
6758,0.06721339,0.1607184,0.4154013
6759,0.062337693,0.15940046,0.37808916
6760,0.056224924,0.16036303,0.33719814
6761,5.1374273,1.1388947,7.86083
6762,11.5884695,2.8468804,8.354579
6763,9.374574,5.5036583,8.238796
6764,6.3304696,7.5431514,8.053382
6765,2.481265,6.1201878,7.373764
6766,0.92607504,3.6924372,5.801501
6767,0.4004891,2.30292,3.751212
6768,0.35424048,1.9056772,3.3455474
6769,1.4583181,3.0250208,6.6567698
6770,0.76411355,1.9843488,5.1648293
6771,0.35992533,1.3676869,3.277008
6772,0.19265237,1.059553,1.9832329
6773,0.14074662,0.91071874,1.4505444
6774,0.11574791,0.82359004,1.1650445
6775,0.079839565,0.7177904,0.8110302
6776,0.058685645,0.6523226,0.5963202
6777,0.051072616,0.6251862,0.5072526
6778,0.045501594,0.59466845,0.43938422
6779,0.03696629,0.5706537,0.3543401
6780,0.106008016,0.87463135,1.2424163
6781,0.23307855,1.1532065,2.699557
6782,2.6441867,2.8978937,7.6747513
6783,0.99547166,2.039702,6.3548903
6784,0.5165897,1.3240165,4.697891
6785,0.26674786,0.9104549,2.9912255
6786,0.19478,0.7389908,2.1975627
6787,0.15572965,0.6529499,1.7475648
6788,0.13818489,0.6182378,1.5670729
6789,0.087336056,0.5279394,1.0170721
6790,0.067878306,0.48826733,0.7800342
6791,0.045279726,0.435459,0.52560824
6792,0.039047267,0.4198895,0.44166973
6793,0.02892312,0.39228132,0.32628158
6794,0.025387518,0.382429,0.2792346
6795,0.022599187,0.37197438,0.24176256
6796,0.020197464,0.36287406,0.2103538
6797,0.018903332,0.3656271,0.19568552
6798,0.036396075,0.46681646,0.4403517
6799,0.02325144,0.43164852,0.2858272
6800,0.015546976,0.3907144,0.19184169
6801,0.012088668,0.37428537,0.14737335
6802,0.007901896,0.34120867,0.096685216
6803,0.005131637,0.30911365,0.062794104
6804,0.0033043597,0.27975914,0.040316954
6805,0.0024489483,0.26451945,0.029281069
6806,0.0016951971,0.24492987,0.019948896
6807,0.0013597081,0.23468661,0.015408728
6808,0.0012167724,0.22299144,0.0131377345
6809,0.0011057532,0.2015682,0.01117119
6810,0.0011996791,0.20411451,0.012160481
6811,0.0009309259,0.1958609,0.009185818
6812,0.0006611427,0.18335387,0.0064016143
6813,0.0005184291,0.17556459,0.0048509585
6814,0.0005633746,0.17653953,0.005267771
6815,0.00048363552,0.1638226,0.004234083
6816,0.000642247,0.1750353,0.0059484853
6817,0.0025689087,0.29977155,0.035650782
6818,0.0022866058,0.27610743,0.030012926
6819,0.0017696487,0.26175687,0.022395862
6820,0.0013722739,0.24811904,0.016720094
6821,0.0011549038,0.22041664,0.012919171
6822,0.0008049876,0.20433243,0.008804882
6823,0.00067836477,0.1904617,0.0069530318
6824,0.00054905243,0.18198776,0.0053815367
6825,0.0003662434,0.16691877,0.003521057
6826,0.0003575371,0.16780046,0.0034014476
6827,0.00031197644,0.15337636,0.0027630068
6828,0.00026214652,0.14595643,0.0022013641
6829,0.00021886316,0.14204119,0.0017842478
6830,0.00018258137,0.13517165,0.0014107944
6831,0.00015231481,0.12909313,0.0011182354
6832,0.0001494889,0.12945914,0.001082197
6833,0.0005358356,0.20157854,0.0054801027
6834,0.00044023123,0.19125693,0.0042729788
6835,0.00036895904,0.18036819,0.003378507
6836,0.00030609212,0.17185898,0.0026643195
6837,0.00025195943,0.16439642,0.0020930069
6838,0.00021778303,0.16370304,0.0018062011
6839,0.00045239672,0.22137842,0.0046458268
6840,0.00038508046,0.21259654,0.003793428
6841,0.001481309,0.35135165,0.02126727
6842,0.0015874696,0.35589465,0.022899676
6843,0.0013457772,0.31850907,0.017920647
6844,0.0013387182,0.29508013,0.01705867
6845,0.0037610112,0.42391542,0.063308224
6846,0.004458667,0.4315742,0.0764619
6847,0.005173863,0.4348983,0.09015406
6848,0.0050451127,0.4101461,0.08469457
6849,0.00419451,0.36315495,0.064758815
6850,0.010473233,0.51313823,0.20728828
6851,0.008562947,0.45905283,0.15712368
6852,0.0061439313,0.42060375,0.1090245
6853,0.0051248996,0.40795594,0.090566166
6854,0.003586736,0.3715762,0.061198782
6855,0.002628842,0.342112,0.042922087
6856,0.010463417,0.5692509,0.24706888
6857,0.008154321,0.47107986,0.17185783
6858,0.0065252283,0.39658117,0.12361341
6859,0.008653244,0.41797075,0.17163579
6860,0.006966671,0.35449186,0.12455006
6861,0.0052818335,0.32957238,0.0902489
6862,0.0058919913,0.33717167,0.10180014
6863,0.004764779,0.313671,0.07753753
6864,0.003397185,0.289378,0.053444758
6865,0.0026156397,0.270793,0.03921181
6866,0.0020926523,0.25361437,0.029632224
6867,0.0017370612,0.2325498,0.022854157
6868,0.001486746,0.22856677,0.01930112
6869,0.0019815138,0.25188118,0.02744461
6870,0.0017471642,0.2424808,0.023252103
6871,0.001949157,0.2552668,0.026637655
6872,0.0015661375,0.24074358,0.020307403
6873,0.0012621614,0.22747992,0.015536308
6874,0.0012960248,0.23254001,0.01601451
6875,0.0011887777,0.21624537,0.013890296
6876,0.0020278478,0.250547,0.026699334
6877,0.0017163022,0.22032683,0.020716866
6878,0.0017224569,0.21055347,0.02014176
6879,0.0028866115,0.24704197,0.038123954
6880,0.0038618203,0.26729926,0.054032657
6881,0.0032272951,0.2533239,0.042846467
6882,0.0026354848,0.24242921,0.03351834
6883,0.0027777196,0.24089107,0.03502738
6884,0.0029095516,0.24899678,0.03708368
6885,0.0030722446,0.26249984,0.040203135
6886,0.0026169047,0.23645878,0.03172339
6887,0.0023394988,0.23221642,0.027572295
6888,0.0022919846,0.226672,0.026340699
6889,0.002582208,0.23270527,0.030106895
6890,0.0028518387,0.22937845,0.033127345
6891,0.0028418628,0.22771776,0.032507453
6892,0.0024682912,0.21602485,0.026805473
6893,0.0024439183,0.21120194,0.025948286
6894,0.002360942,0.19932659,0.024101201
6895,0.0024265433,0.19504263,0.024431454
6896,0.0021396573,0.18326004,0.020399021
6897,0.0018429102,0.17984381,0.01700813
6898,0.0015347202,0.17676522,0.01380941
6899,0.0018945318,0.19798128,0.01822345
6900,0.0020687864,0.1989819,0.019960215
6901,0.0022687004,0.19845743,0.021913365
6902,0.0020087133,0.18974869,0.018523483
6903,0.0017843847,0.17856422,0.015614678
6904,0.0016429943,0.16985081,0.013773179
6905,0.0013492958,0.16790493,0.011194201
6906,0.0011080158,0.16518772,0.009008677
6907,0.0009646002,0.16563426,0.0077664545
6908,0.00080978335,0.16351053,0.006379812
6909,0.00068712526,0.16100164,0.005265545
6910,0.0005638654,0.15796122,0.00422429
6911,0.00040956898,0.14986268,0.0030350569
6912,0.00032260566,0.14528883,0.0023386935
6913,0.00028357038,0.14281619,0.0019921213
6914,0.000248551,0.13911955,0.0016803173
6915,0.0002748392,0.1377459,0.0018542337
6916,0.00025924965,0.12941039,0.0016757423
6917,0.00022572988,0.12658659,0.0014067577
6918,0.00018009738,0.12347192,0.0010999673
6919,0.00015906923,0.11485878,0.0009149638
6920,0.00014132998,0.10977357,0.0007746514
6921,0.00012550686,0.106423005,0.00065992895
6922,0.00010389337,0.104899004,0.0005345505
6923,8.951976e-05,0.10352352,0.00044725533
6924,7.96695e-05,0.1002239,0.00038164773
6925,7.1211616e-05,0.09446909,0.00032360596
6926,0.00024800733,0.15019946,0.0016079813
6927,0.0009514558,0.24696356,0.009035996
6928,0.0008565422,0.22576,0.007650054
6929,0.0007895619,0.21470381,0.0067551876
6930,0.0006707538,0.20976423,0.0055578495
6931,0.0005668039,0.20503576,0.0045543103
6932,0.00048769568,0.19997332,0.0037837196
6933,0.00041267823,0.19559027,0.0031055561
6934,0.00036437594,0.18569154,0.0026084648
6935,0.00031924472,0.18051617,0.002199467
6936,0.00030788826,0.17387314,0.002055355
6937,0.00049964926,0.20819366,0.0038232498
6938,0.0019723128,0.35877052,0.02272516
6939,0.002737316,0.4046799,0.03459253
6940,0.0025435465,0.37726346,0.030782893
6941,0.0023342974,0.35782287,0.027268989
6942,0.0022556072,0.34547722,0.025778536
6943,1.5384052,4.671006,8.051631
6944,0.5292679,2.3335023,6.6173253
6945,0.24736965,1.3028524,4.5829816
6946,0.14427745,0.85964173,2.9582052
6947,0.09649089,0.65334475,1.9675468
6948,0.07084945,0.5368929,1.3827089
6949,0.05411598,0.46702057,1.0082183
6950,0.043063566,0.417773,0.76220477
6951,0.035453904,0.37689468,0.5926155
6952,0.030759256,0.33692983,0.48321238
6953,0.028346399,0.32097623,0.4323163
6954,0.025481636,0.30055606,0.37315837
6955,0.02174591,0.28570962,0.30515733
6956,0.018527959,0.27475226,0.25047547
6957,0.016135303,0.26187682,0.20878167
6958,0.014163233,0.24943067,0.1752964
6959,0.012415743,0.24128345,0.14798544
6960,0.010851546,0.23540026,0.1250923
6961,0.009527861,0.22997524,0.10625841
6962,0.008319371,0.2260436,0.090088
6963,0.0073756105,0.22069758,0.0772074
6964,0.006564737,0.21549177,0.06642983
6965,0.0058936737,0.20756717,0.057329424
6966,0.0054340567,0.19727263,0.05075168
6967,0.010386954,0.25318816,0.115993656
6968,0.0092832735,0.2413442,0.0993207
6969,0.0082712835,0.2355658,0.0856209
6970,0.0074324496,0.22714265,0.07406683
6971,0.0067014676,0.21846607,0.06424265
6972,0.00604666,0.21273163,0.056042664
6973,0.0054677534,0.20746832,0.04903584
6974,0.0049513397,0.19587344,0.04245144
6975,0.0045040194,0.18670113,0.037063926
6976,0.004112138,0.18078715,0.032679714
6977,0.0038347607,0.17269625,0.029402971
6978,0.0035157464,0.16754866,0.026066812
6979,0.0032287072,0.16320488,0.023188418
6980,0.002965692,0.16053024,0.020711469
6981,0.0027318492,0.15613145,0.018479971
6982,0.0025192322,0.15088393,0.016473617
6983,0.0023250836,0.14871076,0.014805919
6984,0.002199812,0.14367634,0.013599924
6985,0.002036602,0.14158304,0.012266081
6986,0.001889154,0.1380846,0.011046391
6987,0.0017542887,0.13430811,0.0099517675
6988,0.0016294537,0.12974387,0.008948157
6989,0.0092029935,0.25551486,0.08367247
6990,0.00867597,0.24991126,0.07728968
6991,0.007927265,0.2436023,0.068542354
6992,0.0072527546,0.2325297,0.06041753
6993,0.006686928,0.22258416,0.05381795
6994,0.07853016,0.59996885,1.1549715
6995,0.0649637,0.52307636,0.9052657
6996,0.055132248,0.4742242,0.7332933
6997,0.06185277,0.47767356,0.8231657
6998,0.57159674,1.1240511,5.4881124
6999,0.3445039,0.7542344,3.9467072
7000,0.23538308,0.5661546,2.8157935
7001,0.17616715,0.46045205,2.0791764
7002,0.13995777,0.39401832,1.5962999
7003,1.1896667,0.9015958,6.5659666
7004,0.82025486,0.6472356,5.574822
7005,0.51841813,0.45252433,4.1726036
7006,0.3629596,0.3456806,3.0731914
7007,0.27596915,0.2830407,2.3215573
7008,0.22115694,0.24611843,1.8144631
7009,0.18433575,0.22080588,1.4627349
7010,0.2254653,0.23452017,1.7718153
7011,3.9070382,0.7689973,7.650127
7012,2.7125103,0.7007942,7.1507335
7013,1.5990875,0.5350352,6.1085544
7014,0.98218256,0.40564606,4.7881513
7015,0.6628367,0.32031855,3.5993402
7016,0.48209578,0.26879343,2.7085304
7017,1.1354958,0.36850405,4.8581605
7018,0.76834005,0.29509488,3.6797197
7019,0.5751213,0.24839376,2.831196
7020,0.59164935,0.23351505,2.810263
7021,0.5224335,0.20669654,2.434775
7022,0.4256125,0.18437664,1.9479256
7023,0.35490602,0.17128482,1.5902164
7024,0.30429068,0.16425942,1.3415565
7025,0.26418933,0.15788902,1.1383389
7026,0.23510717,0.15262283,0.9882077
7027,0.2129388,0.14631565,0.8719691
7028,0.1917733,0.1442101,0.7700125
7029,0.17526303,0.14230119,0.68979454
7030,1.286223,0.3313206,4.5549316
7031,1.1463655,0.30558887,4.123662
7032,0.81268704,0.25962302,3.1197753
7033,0.68484765,0.2381206,2.629945
7034,0.5800697,0.22079894,2.207008
7035,0.4631726,0.20436956,1.7482293
7036,0.38817492,0.19405419,1.441012
7037,0.3351288,0.18644787,1.2173932
7038,0.29072458,0.18138626,1.0366603
7039,0.26714653,0.18079722,0.94101876
7040,0.5010107,0.24036144,1.8711053
7041,0.42876977,0.22421694,1.5658038
7042,0.36110544,0.21420473,1.29597
7043,0.3120296,0.2073919,1.0986662
7044,0.27845323,0.20131493,0.95862216
7045,0.26656348,0.2051822,0.91732275
7046,0.28044093,0.21306013,0.9693415
7047,0.24705565,0.2094836,0.8401792
7048,0.21926315,0.2072113,0.7349397
7049,0.19505265,0.20586297,0.6458422
7050,0.17521073,0.2054232,0.57360125
7051,0.1617944,0.2051746,0.5224279
7052,0.14756845,0.20593515,0.47176844
7053,0.7713985,0.4175721,2.865569
7054,2.6416519,0.704092,5.946785
7055,1.6209399,0.5968522,4.6671147
7056,0.99177635,0.4901829,3.3406737
7057,0.6572463,0.41647276,2.3652508
7058,0.504313,0.37780142,1.8214766
7059,0.38699347,0.34671825,1.3995496
7060,0.31287125,0.32752508,1.1228676
7061,0.27365008,0.31767642,0.9640366
7062,0.24058935,0.31058806,0.8340548
7063,0.23114617,0.31253412,0.7960667
7064,0.20174447,0.30711728,0.6871051
7065,0.18266357,0.30417854,0.61339146
7066,0.16498123,0.30241397,0.54764885
7067,0.14960274,0.30155882,0.49155217
7068,0.33263826,0.42706513,1.2653701
7069,0.31498638,0.40997404,1.1781126
7070,0.30546108,0.40967625,1.1335467
7071,0.2631915,0.39585403,0.9632662
7072,1.1396592,0.7358315,3.9016447
7073,7.0413465,1.8251433,7.492976
7074,4.8287024,2.2611153,7.0455666
7075,2.6863427,2.0815558,6.014077
7076,1.4975903,1.6502743,4.5760446
7077,0.9564139,1.3268481,3.3370504
7078,1.6492234,1.6244122,4.7383943
7079,2.289702,1.798162,5.4846377
7080,1.2798177,1.4304401,3.981729
7081,0.79105955,1.1565683,2.764962
7082,0.5679225,0.997429,2.0492496
7083,0.41780996,0.8801673,1.5240223
7084,0.3345426,0.81266373,1.2112262
7085,0.2614636,0.74845165,0.94519675
7086,0.45365933,0.9451589,1.7401739
7087,0.34030885,0.84436625,1.3116546
7088,0.2558621,0.76244086,0.99016184
7089,0.20715131,0.7157353,0.7976899
7090,0.1996366,0.71776754,0.77130234
7091,0.56446487,1.1091534,2.374432
7092,0.57469714,1.0876652,2.3889816
7093,0.4629639,0.9550942,1.9109921
7094,0.38564116,0.8821262,1.5847361
7095,0.31530356,0.8166192,1.2850059
7096,0.26701972,0.76785827,1.0702039
7097,0.23157449,0.7307608,0.91189826
7098,0.18559213,0.6845237,0.72882694
7099,0.20330277,0.7264845,0.8239204
7100,0.2827686,0.8435525,1.214605
7101,0.24717493,0.8002407,1.04559
7102,0.83902913,1.2817558,3.4252853
7103,0.604293,1.0693736,2.5620053
7104,0.40934682,0.8989009,1.8023139
7105,0.3059834,0.7989461,1.3543385
7106,0.22430983,0.7143331,1.0008093
7107,0.3441149,0.86204183,1.6191914
7108,0.26129407,0.77392936,1.2312967
7109,0.21616943,0.7253098,1.0063509
7110,0.16494377,0.6632894,0.7696968
7111,0.13833396,0.6351825,0.6408563
7112,0.1022062,0.5870111,0.47813985
7113,0.09385076,0.576848,0.43376076
7114,0.092710614,0.59588605,0.4416917
7115,0.11910941,0.6711991,0.605615
7116,0.1193739,0.6751131,0.60941947
7117,0.11191068,0.6615284,0.56574583
7118,0.09868096,0.6456792,0.4937571
7119,0.41408122,1.1630614,2.4205396
7120,0.40811643,1.0850635,2.345404
7121,0.30612046,0.9398271,1.768985
7122,0.21075189,0.80657107,1.2429347
7123,0.17555974,0.7528718,1.0197055
7124,0.16644382,0.735936,0.9595853
7125,0.13917455,0.6972732,0.79311764
7126,0.11987776,0.6700561,0.6742169
7127,0.10542443,0.6494575,0.58486056
7128,0.09309089,0.6330814,0.51033825
7129,0.082209416,0.6197691,0.44628608
7130,0.07340393,0.60944676,0.39469045
7131,0.06648057,0.60092425,0.35383862
7132,0.059279323,0.5938665,0.3134336
7133,0.05422146,0.5917703,0.28563237
7134,0.051431026,0.6021767,0.29030198
7135,0.04558385,0.5959325,0.25604373
7136,0.042053286,0.5894034,0.23384842
7137,0.029328039,0.55423623,0.16615114
7138,0.020676883,0.5194187,0.119125634
7139,0.016573071,0.5005378,0.096045226
7140,0.026133992,0.62351847,0.17590839
7141,0.023851005,0.6182456,0.1590374
7142,0.01666237,0.57389766,0.11280735
7143,0.012361588,0.53542095,0.084407605
7144,0.009903976,0.51742375,0.06786695
7145,0.0077815987,0.49565718,0.05503773
7146,0.007174936,0.49106336,0.050033752
7147,0.008237155,0.5252445,0.060135074
7148,0.008869308,0.5383322,0.066144034
7149,0.007934848,0.53648317,0.058662534
7150,0.00603087,0.5082906,0.044798907
7151,0.004557981,0.48123282,0.034003
7152,0.00327849,0.4471455,0.024611233
7153,0.002329353,0.41427457,0.017584719
7154,0.0018369165,0.4002138,0.013826026
7155,0.001488952,0.39027986,0.011135429
7156,0.001323575,0.38630792,0.009710653
7157,0.0011923038,0.38028863,0.008547281
7158,0.0009957408,0.37401164,0.0070661064
7159,0.00087779167,0.3703168,0.0061157304
7160,0.0007929283,0.36287248,0.0053827427
7161,0.00071459997,0.3569089,0.004735239
7162,0.0006497421,0.34688598,0.0041801254
7163,0.00053647504,0.34018347,0.00341991
7164,0.00048640123,0.3321356,0.0030145003
7165,0.0004426782,0.32212576,0.002660009
7166,0.00038740973,0.31963104,0.0022904277
7167,0.00035301063,0.30962962,0.002022372
7168,0.00032187023,0.30139628,0.001790411
7169,0.00029363806,0.2942897,0.0015880315
7170,0.00026874247,0.2836047,0.0014059463
7171,0.000245703,0.2690242,0.0012360847
7172,0.00022826009,0.2575118,0.0011105203
7173,0.0002471709,0.25854713,0.0012125502
7174,0.000283398,0.27081874,0.0014361999
7175,0.00025861606,0.2679725,0.0012821445
7176,0.00020952323,0.26215747,0.0010390326
7177,0.0001889895,0.26039457,0.0009185894
7178,0.00020852542,0.26689583,0.0010322647
7179,0.00026997703,0.28880435,0.0014242901
7180,0.00023560875,0.2871567,0.0012255436
7181,0.00016834303,0.2677153,0.0008775903
7182,0.00014505294,0.26502103,0.0007440675
7183,9.995299e-05,0.24410355,0.00051389413
7184,8.833286e-05,0.24025357,0.00044235287
7185,7.33261e-05,0.23546131,0.00036143302
7186,6.417737e-05,0.23188089,0.00030852677
7187,5.6635563e-05,0.22801489,0.0002650151
7188,0.00022966479,0.38515535,0.0016076149
7189,0.00033060848,0.424294,0.0025231605
7190,0.00029022814,0.40793732,0.0021341261
7191,0.0002542127,0.40032855,0.0018310179
7192,0.000238539,0.37678438,0.0016581084
7193,0.00022772785,0.35471034,0.0015266534
7194,0.00020816685,0.33829927,0.0013432334
7195,0.00062128436,0.5424165,0.005680723
7196,0.0015846486,0.76010525,0.018880822
7197,0.0044630994,1.0959632,0.0710272
7198,0.003842385,1.0268695,0.059036423
7199,0.0032265247,0.9244542,0.04667917
7200,0.0027086493,0.86015695,0.037431687
7201,0.0016979607,0.75100976,0.023311613
7202,0.0011938554,0.68141913,0.016031986
7203,0.00087376754,0.62554127,0.011385944
7204,0.0005677864,0.5541461,0.007250889
7205,0.0004987112,0.5140924,0.0060361885
7206,0.0005125564,0.48120987,0.00601654
7207,0.00041628303,0.44918755,0.004635433
7208,0.0003289881,0.42051518,0.0035021284
7209,0.00028693126,0.3701644,0.0028249028
7210,0.00032770564,0.37725538,0.0032796476
7211,0.00027342865,0.35425073,0.002592683
7212,0.0002572764,0.35166442,0.002409792
7213,0.00023353298,0.324105,0.0020664616
7214,0.00019456977,0.3127001,0.0016756585
7215,0.00027306398,0.36898622,0.0026524444
7216,0.000253476,0.35743263,0.0023896447
7217,0.00021572909,0.32267094,0.001888264
7218,0.00021608282,0.31717736,0.0018601726
7219,0.00085866376,0.5213069,0.010858675
7220,0.0009896229,0.5290805,0.0127518205
7221,0.001163523,0.5530099,0.0155238975
7222,0.001587176,0.582823,0.022443166
7223,0.001582978,0.58714753,0.022509107
7224,0.001230716,0.5473245,0.016794235
7225,0.001058246,0.5102137,0.0136954365
7226,0.001033815,0.4848225,0.012969261
7227,0.0011639842,0.4953193,0.014868995
7228,0.0009889937,0.43870685,0.011674192
7229,0.0008402931,0.4060616,0.009332326
7230,0.00071806647,0.39841902,0.007936101
7231,0.00058105163,0.3782008,0.006167138
7232,0.00049033534,0.3557906,0.0049334117
7233,0.0004073307,0.33846703,0.0039188997
7234,0.00034896625,0.31346005,0.0031548897
7235,0.00031258012,0.28299424,0.0026437165
7236,0.00073284784,0.37310755,0.007741785
7237,0.000651877,0.3473061,0.0065219277
7238,0.00081090064,0.38290483,0.008653651
7239,0.002165319,0.54063237,0.030188076
7240,0.0018959848,0.49639624,0.024927014
7241,0.0022853585,0.51029956,0.031073747
7242,0.0018970392,0.48227838,0.024639662
7243,0.0016175611,0.46421486,0.020359643
7244,0.0013757608,0.41739312,0.016102215
7245,0.0011335106,0.39877406,0.012766512
7246,0.00097447017,0.36929804,0.010334401
7247,0.0008339346,0.32882884,0.008189317
7248,0.0007252544,0.30839384,0.0067451755
7249,0.0011310789,0.3510856,0.011695772
7250,0.0015966168,0.39399981,0.017993279
7251,0.0070475475,0.6797516,0.1197706
7252,0.00608193,0.63590115,0.09872018
7253,0.005129402,0.57538986,0.07794838
7254,0.0045037656,0.54354346,0.065564185
7255,0.0058021434,0.57074267,0.08859275
7256,0.0060279113,0.54672307,0.09052593
7257,0.0050991583,0.5149576,0.07303995
7258,0.003908656,0.48560813,0.05458954
7259,0.0033762478,0.4787674,0.047151886
7260,0.0059528095,0.5765958,0.09586747
7261,0.0051100906,0.5395739,0.07833345
7262,0.008101772,0.62866104,0.13913015
7263,0.009624703,0.66486645,0.17203374
7264,0.010630617,0.6542218,0.19024758
7265,0.009703506,0.5948244,0.16479307
7266,0.009167807,0.57229555,0.15166792
7267,0.009330064,0.56040573,0.15259579
7268,0.007857959,0.5231975,0.122120485
7269,0.006446764,0.4969959,0.09643531
7270,0.0054381234,0.48174706,0.07972103
7271,0.009784749,0.59837615,0.1672286
7272,0.007884653,0.56242573,0.12943384
7273,0.0063687772,0.53058934,0.10048578
7274,0.0052741445,0.5007381,0.0795442
7275,0.0045399293,0.4784676,0.06590782
7276,0.0038761653,0.43808824,0.05281523
7277,0.0036051583,0.40926528,0.04698358
7278,0.0032008446,0.37157276,0.03919166
7279,0.0027777583,0.34130782,0.031970404
7280,0.0023319833,0.33077595,0.025979884
7281,0.0017675081,0.31447932,0.019327609
7282,0.0013728555,0.30075198,0.014663986
7283,0.0011727901,0.28878754,0.0120002255
7284,0.003159662,0.41178888,0.04248408
7285,0.010074425,0.62142485,0.18404104
7286,0.009265839,0.57056874,0.16117562
7287,0.007569076,0.5340947,0.12559691
7288,0.0060160765,0.504725,0.09664192
7289,0.0048551704,0.47627404,0.07478624
7290,0.004047273,0.4476851,0.059262376
7291,0.003448571,0.41565034,0.04763482
7292,0.0029428045,0.38726726,0.038381685
7293,0.0029456858,0.3805688,0.037827265
7294,0.0029114615,0.36233547,0.036286224
7295,0.0026492244,0.34208894,0.031564157
7296,0.0030769133,0.35002464,0.03743014
7297,0.0043702405,0.3974587,0.0585353
7298,0.0037571092,0.35565147,0.04681981
7299,0.0032519149,0.3379352,0.03864962
7300,0.002811152,0.3036093,0.031114863
7301,0.002455528,0.27729562,0.02549391
7302,0.0021653783,0.25881955,0.021283515
7303,0.002420899,0.26894292,0.024462627
7304,0.009159785,0.44516,0.13437133
7305,0.008201517,0.4144337,0.11498797
7306,0.007108243,0.38267955,0.09408678
7307,0.006188381,0.35172185,0.07718311
7308,0.005461377,0.3227848,0.06432305
7309,0.0048727193,0.29860055,0.05443105
7310,0.024696404,0.5664597,0.42786855
7311,0.020730639,0.5017774,0.33557105
7312,0.016956663,0.47523797,0.26501065
7313,0.014243067,0.45135275,0.21395133
7314,0.01182702,0.4321151,0.17173968
7315,0.010215315,0.39285922,0.13938583
7316,0.009191786,0.3676069,0.12008001
7317,0.007991441,0.35293174,0.10033554
7318,0.0068927165,0.34230006,0.08365391
7319,0.0060691787,0.31776777,0.06976508
7320,0.0053391545,0.30736902,0.05914227
7321,0.0046791974,0.29950887,0.05014136
7322,0.004108177,0.2922895,0.042614248
7323,0.0037592612,0.27700275,0.037520703
7324,0.0033444082,0.25570092,0.031572636
7325,0.0029793063,0.24997933,0.027230218
7326,0.0027363528,0.23748682,0.024079485
7327,0.0024460545,0.23304544,0.020877326
7328,0.0021908495,0.22877352,0.018140804
7329,0.0019804286,0.22053327,0.015788585
7330,0.0017937077,0.21332358,0.0137901455
7331,0.001625801,0.20785025,0.012091072
7332,0.0014760271,0.20277317,0.01062627
7333,0.0013425648,0.1978374,0.009358705
7334,0.0012245522,0.1919049,0.0082484195
7335,0.001118344,0.18700252,0.0072937077
7336,0.0010188392,0.18442997,0.0064661
7337,0.00093217404,0.17618322,0.0056879935
7338,0.00085440377,0.16645724,0.004997635
7339,0.00079215993,0.15895927,0.0044712867
7340,0.001162249,0.18365167,0.0073028817
7341,0.0013434642,0.19311038,0.008749429
7342,0.0013179366,0.19041833,0.0084437635
7343,0.0012104689,0.18288614,0.0074791275
7344,0.001236648,0.18486015,0.007669281
7345,0.0011781696,0.1809375,0.0071638823
7346,0.0010826031,0.17229073,0.0063307565
7347,0.0015633844,0.20094232,0.01021478
7348,0.0014393306,0.19100095,0.0090502435
7349,0.0013269272,0.18506373,0.008079097
7350,0.0012218835,0.1766696,0.0071658865
7351,0.0011257512,0.16812108,0.006353066
7352,0.001042592,0.16527283,0.005731368
7353,0.00096569303,0.15908514,0.0051329443
7354,0.0009058214,0.15304293,0.0046678595
7355,0.0008396681,0.14638029,0.004175671
7356,0.00078279653,0.14116651,0.0037707908
7357,0.0008385731,0.14670755,0.0041084457
7358,0.0007963841,0.14342466,0.0038191457
7359,0.000742911,0.13915358,0.0034589316
7360,0.00069364975,0.13488899,0.0031351713
7361,0.00064844283,0.13370547,0.0028681022
7362,0.0006679209,0.1376328,0.0029764937
7363,0.0006483695,0.13579954,0.0028475947
7364,0.0006072433,0.13231167,0.0025953874
7365,0.0005693943,0.12916623,0.0023704048
7366,0.000533935,0.12542951,0.0021614109
7367,0.0005012804,0.12198577,0.0019746493
7368,0.0005122459,0.12434635,0.002032672
7369,0.00048184575,0.12260583,0.0018698996
7370,0.00045309222,0.1193424,0.0017122296
7371,0.00042661143,0.118555374,0.0015811544
7372,0.00040221072,0.11685707,0.0014584414
7373,0.00037929657,0.11437446,0.0013425722
7374,0.00035821923,0.110998675,0.00123524
7375,0.00033829818,0.10855998,0.0011388429
7376,0.00031942985,0.10567575,0.0010482226
7377,0.00093280623,0.16084437,0.004200926
7378,0.000917221,0.16015688,0.00408737
7379,0.0010185209,0.16824819,0.004694679
7380,0.001594406,0.20111623,0.008437512
7381,0.0023126944,0.23270175,0.013732506
7382,0.002275357,0.23256996,0.0134833045
7383,0.023481442,0.5876535,0.274302
7384,0.028871521,0.6261778,0.35300598
7385,0.025505215,0.5842541,0.29976314
7386,0.022682067,0.5487916,0.25671044
7387,0.020273956,0.5149579,0.22079252
7388,0.01822266,0.48898372,0.19171435
7389,0.021511195,0.51564217,0.2352751
7390,0.020143513,0.493998,0.21468678
7391,0.018150382,0.46910658,0.18687251
7392,0.016410392,0.44426,0.16304186
7393,0.015113657,0.42625558,0.14609112
7394,0.013759379,0.409469,0.1289746
7395,0.012576266,0.39136502,0.11414305
7396,0.011507289,0.37483725,0.10117802
7397,0.010589521,0.35893238,0.090288974
7398,0.051462606,0.67421234,0.65817237
7399,0.051370155,0.65575165,0.6506475
7400,0.15300515,0.9930342,2.1472313
7401,0.25255653,1.0998719,3.2649555
7402,0.17918028,0.8408233,2.3324723
7403,0.13754506,0.68675715,1.7373307
7404,0.11070932,0.5964342,1.3484259
7405,0.09215166,0.5325334,1.0784883
7406,0.07867567,0.47855747,0.8810669
7407,0.068154246,0.44442096,0.735493
7408,0.059907176,0.41394943,0.6223569
7409,0.1391468,0.5688007,1.6109288
7410,0.30759266,0.7299871,3.2920625
7411,0.3047145,0.63970745,3.154581
7412,0.22535345,0.5103409,2.3319755
7413,0.17767106,0.4323728,1.7900233
7414,0.14635363,0.37815344,1.4198432
7415,0.12612434,0.34339136,1.1796293
7416,0.13219601,0.34106034,1.2225051
7417,0.17224297,0.36686695,1.595044
7418,0.23944168,0.39842373,2.1751077
7419,0.19899718,0.34884793,1.7568047
7420,0.21526037,0.34303042,1.8539563
7421,0.4705027,0.44211116,3.6055934
7422,0.3466929,0.35173747,2.7048185
7423,0.27078366,0.30001476,2.084911
7424,0.6311324,0.4070129,4.0903277
7425,0.9559792,0.43707243,5.042171
7426,0.638223,0.3342427,3.8023465
7427,0.46660724,0.271998,2.872188
7428,0.6068603,0.29496175,3.4805598
7429,0.4555583,0.24538577,2.6551266
7430,0.35956523,0.2158987,2.0754502
7431,0.2938435,0.19715631,1.6637028
7432,0.24759693,0.1844623,1.3690454
7433,0.21397619,0.17537232,1.1534758
7434,0.18608011,0.1693896,0.9813567
7435,0.16417046,0.16520266,0.84785587
7436,0.19971558,0.18304415,1.0614201
7437,2.5757601,0.5324586,6.6384535
7438,1.7063717,0.44290587,5.6686864
7439,10.278246,1.2011884,8.029279
7440,6.705648,1.8908249,7.714063
7441,3.815998,2.036441,7.10654
7442,11.905934,5.31903,8.120026
7443,10.84681,11.049121,8.083539
7444,5.4465413,12.657819,7.698386
7445,2.0618188,8.486577,6.6686172
7446,0.83861804,4.9141817,4.804464
7447,0.44352192,3.2412999,3.1620483
7448,0.27521896,2.4296727,2.10919
7449,0.20437744,2.0224848,1.5673845
7450,0.1682793,1.7839308,1.276483
7451,0.18575054,1.7490832,1.4220004
7452,0.1491083,1.5612943,1.1300431
7453,0.26862165,1.9206651,2.1067698
7454,0.40181902,2.0668185,2.9950957
7455,0.32034862,1.7072762,2.4155467
7456,0.22898711,1.4205176,1.7535106
7457,0.3053008,1.533263,2.3156123
7458,0.42660117,1.6337788,3.0601423
7459,0.2934005,1.3150792,2.1873472
7460,0.20273305,1.0983176,1.5443121
7461,0.15497339,0.97853607,1.1757618
7462,0.12813714,0.90555173,0.9561623
7463,0.11042807,0.8490827,0.8064542
7464,0.09009809,0.79944015,0.65263087
7465,0.070238866,0.74476695,0.50856864
7466,0.057391364,0.71104115,0.41403568
7467,0.058250234,0.7214767,0.42458275
7468,0.081633195,0.8217274,0.64208424
7469,0.10238607,0.8902787,0.84007585
7470,0.08973045,0.8331148,0.7182733
7471,0.07759391,0.795029,0.6103271
7472,0.068550274,0.76218253,0.5289666
7473,0.063048884,0.74340236,0.48099238
7474,0.049756553,0.7011881,0.37970456
7475,0.043737583,0.68606144,0.33015358
7476,0.038475484,0.67339164,0.28765845
7477,0.035448562,0.6727586,0.26498097
7478,0.036844645,0.6860866,0.27960226
7479,0.031574093,0.67158407,0.23831145
7480,0.028903186,0.6549711,0.21463197
7481,0.02617012,0.6463632,0.19213697
7482,0.022366617,0.6350509,0.16370252
7483,0.020545052,0.6242312,0.14829989
7484,0.021122545,0.6315244,0.15421414
7485,0.01738868,0.61380607,0.12702395
7486,0.012083896,0.56656086,0.08948033
7487,0.00834122,0.5224789,0.062581815
7488,0.006525714,0.50118756,0.04909487
7489,0.0066385036,0.5084,0.050345
7490,0.009667877,0.61925614,0.08454645
7491,0.00827954,0.6097982,0.07183557
7492,0.0073007178,0.6028758,0.06259258
7493,0.0062279785,0.5935639,0.052985653
7494,0.0053749927,0.5858411,0.04530228
7495,0.003953559,0.5476918,0.033421665
7496,0.0033272135,0.5377543,0.02788303
7497,0.003005164,0.5260996,0.024625039
7498,0.0027300583,0.5106048,0.021798022
7499,0.0034889,0.5750183,0.030244892
7500,0.0048644803,0.6472957,0.046420403
7501,0.0042838487,0.6340604,0.040112004
7502,0.0036183635,0.6200896,0.033468097
7503,0.0028577822,0.59483826,0.026264764
7504,0.005646896,0.7588392,0.062910065
7505,0.00501518,0.70284015,0.053514373
7506,0.0068800943,0.8035092,0.08101
7507,0.08260733,2.1210134,1.6626674
7508,0.06092006,1.6667475,1.1706654
7509,0.047284275,1.4042751,0.8662123
7510,0.20915388,2.3530288,3.6660357
7511,0.20886438,1.9187516,3.5250154
7512,0.4276362,2.1357996,5.30086
7513,0.25213194,1.4153647,3.7436562
7514,0.20672019,1.1194395,3.0911896
7515,0.15059634,0.8677119,2.245553
7516,0.1142199,0.72688144,1.6659502
7517,0.15121251,0.7572921,2.1473608
7518,0.1276454,0.6486207,1.7577214
7519,0.10175314,0.5597296,1.3481148
7520,0.08378801,0.50092673,1.0667249
7521,0.08436476,0.49344453,1.0617284
7522,0.07175318,0.44235653,0.8616561
7523,0.061126933,0.4158486,0.7103421
7524,0.04772901,0.39174291,0.5481853
7525,0.031446993,0.35778934,0.36549807
7526,0.020945378,0.32743773,0.24535614
7527,0.018548623,0.31747082,0.21042745
7528,0.01677761,0.30173898,0.18307729
7529,0.03478116,0.39457685,0.4503784
7530,0.030498995,0.3672811,0.37730548
7531,0.029806273,0.38295823,0.3831512
7532,0.03469481,0.41573438,0.46447563
7533,0.030280165,0.3843993,0.3863404
7534,0.03632037,0.40773064,0.47771952
7535,0.40827224,1.043128,4.8436103
7536,0.25669298,0.7152548,3.396537
7537,0.56942904,0.8570395,5.3569236
7538,0.28398326,0.56771874,3.4942281
7539,0.16329212,0.42591155,2.2065854
7540,0.1550118,0.38812917,2.0277314
7541,0.143709,0.36029115,1.8345791
7542,0.1375867,0.33534503,1.7032506
7543,0.11622933,0.31203976,1.4224651
7544,0.08951096,0.28436568,1.0754938
7545,0.057931017,0.25237733,0.70588857
7546,0.046521053,0.24089363,0.5556137
7547,0.028126294,0.23377231,0.34540793
7548,0.017731942,0.22066098,0.22095397
7549,0.014941263,0.21592845,0.181214
7550,0.013001721,0.21068013,0.15246482
7551,0.010349737,0.20520805,0.11937975
7552,0.008593813,0.20169863,0.09692198
7553,0.007488407,0.1977988,0.081766635
7554,0.0074345265,0.19196661,0.07930122
7555,0.005111896,0.17917478,0.05441287
7556,0.0045335735,0.17021826,0.045952
7557,0.0031225719,0.15931474,0.0315255
7558,0.00261522,0.1566879,0.025669344
7559,0.00201816,0.15177268,0.019461904
7560,0.0018815658,0.14114298,0.017242609
7561,0.0025221787,0.15371597,0.024603864
7562,0.0024569654,0.1547345,0.023660313
7563,0.005193468,0.20453863,0.061187234
7564,0.004546582,0.19038971,0.05050111
7565,0.0039987434,0.18161249,0.042315315
7566,0.0034857828,0.17708594,0.035524137
7567,0.002730554,0.17211482,0.027337879
7568,0.002410451,0.16386555,0.02296647
7569,0.002121646,0.1499114,0.018940717
7570,0.0025905939,0.16967376,0.024872322
7571,0.002185055,0.16883872,0.020747723
7572,0.001469678,0.15670723,0.013892033
7573,0.0010650611,0.1496759,0.0101724425
7574,0.00072677026,0.1393091,0.00684605
7575,0.0007114895,0.13059375,0.0064133657
7576,0.0008172362,0.13600054,0.007519347
7577,0.00070052757,0.13016622,0.006122569
7578,0.0006058062,0.123864934,0.005015322
7579,0.0011257607,0.15198737,0.010887976
7580,0.0011266826,0.15380828,0.010813073
7581,0.0016684765,0.18272625,0.01791846
7582,0.0015551717,0.18053988,0.01628155
7583,0.0011684604,0.17219791,0.011946308
7584,0.0008716034,0.16394578,0.008725267
7585,0.0007156808,0.15780517,0.0068637175
7586,0.00055679155,0.15123706,0.005166534
7587,0.00045200493,0.14546327,0.004023376
7588,0.00039483697,0.14693499,0.00357566
7589,0.00028383773,0.13777065,0.002499729
7590,0.00022863821,0.13125229,0.0019176777
7591,0.00019518228,0.12302546,0.0015369125
7592,0.0002280694,0.14177892,0.0020822254
7593,0.00073312555,0.21740703,0.009209566
7594,0.000629793,0.19161698,0.007270006
7595,0.0005206607,0.17500097,0.0055587953
7596,0.0004293535,0.15094696,0.0041339635
7597,0.000567349,0.15621331,0.0056712283
7598,0.0004791795,0.14122672,0.0044182763
7599,0.00040050742,0.13758743,0.003581103
7600,0.00034104253,0.1269197,0.002840012
7601,0.00028443756,0.12186594,0.0022570128
7602,0.00023273309,0.117536314,0.0017709861
7603,0.00020086285,0.11225321,0.001450572
7604,0.00017175866,0.10716211,0.0011759594
7605,0.00013481374,0.10337779,0.000895196
7606,0.00011064227,0.10007522,0.00070628646
7607,0.0012511921,0.24652596,0.015946196
7608,0.0010509432,0.22490539,0.012423767
7609,0.0008675087,0.21211095,0.009688653
7610,0.0009047259,0.2037306,0.009855651
7611,0.0014659514,0.23963217,0.018104924
7612,0.0012423709,0.21806413,0.014234953
7613,0.0010548519,0.19695854,0.011179062
7614,0.00088391127,0.18849623,0.008924899
7615,0.0007376184,0.18109465,0.007117812
7616,0.00061677356,0.175666,0.00574198
7617,0.00054412906,0.17001952,0.0048631835
7618,0.0005380709,0.15991563,0.0046215276
7619,0.00048198277,0.1453988,0.0038701799
7620,0.0005596132,0.14575547,0.0045350357
7621,0.0006512016,0.15412647,0.0054395376
7622,0.00064556283,0.15411961,0.0053163064
7623,0.00057063636,0.14805903,0.004487973
7624,0.00052303623,0.14944847,0.004070928
7625,0.0007285058,0.16730213,0.006137076
7626,0.00066708575,0.1626467,0.0054210923
7627,0.00093448994,0.18440637,0.008270972
7628,0.0009990451,0.18683708,0.008862185
7629,0.00087651704,0.1724919,0.007302958
7630,0.00077352446,0.16066013,0.006079104
7631,0.0005947021,0.15516745,0.0046009384
7632,0.0004936487,0.15214263,0.0037168707
7633,0.00043590917,0.14398293,0.0031136356
7634,0.00035993816,0.14129303,0.0025073837
7635,0.00031771156,0.13593411,0.00211496
7636,0.0002925949,0.12715295,0.001857595
7637,0.00041477117,0.13952866,0.002839785
7638,0.00041282998,0.13714257,0.0027702942
7639,0.00070521503,0.1681012,0.0054737185
7640,0.0009071523,0.18799442,0.007546807
7641,0.0008035183,0.17683703,0.0063369223
7642,0.000700178,0.17343654,0.0053414893
7643,0.00088669657,0.19168724,0.0071995636
7644,0.0007883968,0.18427503,0.0061296984
7645,0.00068298756,0.1813076,0.005153208
7646,0.0005998041,0.17764445,0.004375452
7647,0.0005132873,0.17520976,0.0036472792
7648,0.00045766972,0.16874468,0.0031171818
7649,0.00041087667,0.15586387,0.0026462423
7650,0.00048155698,0.1598071,0.0031724463
7651,0.00057162513,0.16881111,0.0039226925
7652,0.00050951116,0.15501429,0.0032928737
7653,0.00051257486,0.16175486,0.0033543485
7654,0.00083022926,0.19106042,0.0061592814
7655,0.0007913674,0.1837845,0.0057056732
7656,0.0012739288,0.21923524,0.010490947
7657,0.0040419926,0.3370104,0.046039023
7658,0.0035640935,0.31667447,0.038603432
7659,0.0031533744,0.29713306,0.03246497
7660,0.0027949926,0.2763998,0.027264213
7661,0.0024429236,0.271065,0.023127194
7662,0.0021219456,0.2665367,0.019540789
7663,0.0018074091,0.2624772,0.016258916
7664,0.0015809177,0.2577034,0.013808292
7665,0.001400975,0.25168738,0.011838092
7666,0.0013446688,0.24356648,0.011097836
7667,0.0015453601,0.24844868,0.01300696
7668,0.0013687074,0.24381545,0.011174962
7669,0.0019622778,0.2837182,0.017756479
7670,0.0022182763,0.29583088,0.020595307
7671,0.0021008232,0.2975319,0.01930871
7672,0.0018406742,0.29205,0.016442869
7673,0.00160593,0.28721693,0.013965661
7674,0.001438555,0.2741997,0.011992917
7675,0.0012617225,0.27011973,0.010244207
7676,0.0011297094,0.2623602,0.008858301
7677,0.0010143967,0.25454193,0.007678851
7678,0.0039720824,0.4264156,0.044438776
7679,0.0039268197,0.41798726,0.043274272
7680,0.0034628424,0.4021034,0.036766272
7681,0.003978172,0.4189476,0.04350952
7682,0.004644637,0.43809128,0.052737884
7683,0.0041109906,0.412027,0.04456428
7684,0.0036447817,0.37844473,0.037387066
7685,0.0032392193,0.36575538,0.03207991
7686,0.0031795802,0.35259727,0.030781588
7687,0.0062224856,0.4630444,0.07361189
7688,0.0072688777,0.48174188,0.08901664
7689,0.0064081843,0.45749015,0.07529971
7690,0.0056676455,0.43628478,0.064003214
7691,0.0050244303,0.418191,0.05464007
7692,0.004451293,0.38513824,0.045875046
7693,0.003966398,0.37282327,0.039522037
7694,0.0036208138,0.36746144,0.03528267
7695,0.0032308958,0.3574688,0.030505903
7696,0.0029011297,0.34486976,0.026445331
7697,0.0026110064,0.3329483,0.022985877
7698,0.0023527914,0.3227585,0.020038538
7699,0.0021278942,0.30919424,0.017453019
7700,0.0019247343,0.2919814,0.01512157
7701,0.0024764005,0.32016554,0.020859964
7702,0.0025849435,0.32122043,0.0218679
7703,0.0023408905,0.30521914,0.019020993
7704,0.0021266562,0.29436636,0.016694596
7705,0.0019275636,0.2765938,0.01447549
7706,0.001759003,0.26777455,0.012784154
7707,0.001602656,0.25316095,0.011173575
7708,0.0015035061,0.24216744,0.010143738
7709,0.0017277086,0.25602242,0.012071966
7710,0.008918734,0.48713958,0.100359775
7711,0.12184389,1.3839592,2.2374923
7712,0.095613785,1.1421819,1.7198632
7713,0.073025964,0.9534426,1.2605014
7714,0.058378223,0.80934006,0.95356655
7715,0.04813795,0.7137527,0.74664736
7716,0.040515695,0.64485866,0.5987846
7717,0.034615774,0.5919096,0.48879072
7718,0.029934237,0.5475881,0.40423417
7719,0.031088753,0.53670913,0.41665506
7720,0.027135836,0.49280277,0.34647852
7721,0.023894545,0.465132,0.2933726
7722,0.021425689,0.43552446,0.252786
7723,0.01909806,0.41419744,0.21710213
7724,0.01710177,0.39561316,0.18758413
7725,0.015377986,0.37874776,0.16288456
7726,0.013854334,0.3559512,0.14075603
7727,0.0212434,0.41785502,0.2404135
7728,0.018609509,0.4087545,0.20566837
7729,0.01667022,0.39504322,0.17863098
7730,0.015023635,0.3738605,0.15487298
7731,0.013592139,0.36021742,0.13567242
7732,0.0137783205,0.35583907,0.13651341
7733,0.016536657,0.3851357,0.17266993
7734,0.015383583,0.3728326,0.15693055
7735,0.013917933,0.35186964,0.13649052
7736,0.013836158,0.34746867,0.13445362
7737,0.01398072,0.3469863,0.13526608
7738,0.01797772,0.38088086,0.18509474
7739,0.058950156,0.61037266,0.803578
7740,0.05256502,0.5694666,0.69537383
7741,0.047330704,0.5303602,0.60537446
7742,0.04223823,0.49527028,0.5217284
7743,0.03842707,0.4707985,0.46179214
7744,0.033926573,0.4369615,0.39050436
7745,0.030197805,0.4094021,0.3338225
7746,0.02705851,0.38782606,0.28828934
7747,0.041691344,0.4570847,0.4903943
7748,0.03697442,0.42456755,0.41716942
7749,0.037460726,0.4188393,0.4193583
7750,0.033406086,0.3942781,0.35989565
7751,0.030756488,0.37896255,0.3228843
7752,0.02888977,0.36678308,0.29666546
7753,0.03979879,0.41443205,0.4416245
7754,0.035486393,0.3904614,0.37916073
7755,0.032310504,0.37155616,0.33451876
7756,0.03278087,0.3732943,0.3396234
7757,0.03165811,0.36299193,0.32198703
7758,0.08512142,0.538641,1.0565739
7759,0.072309904,0.485832,0.8589385
7760,0.16994095,0.66796124,2.1360326
7761,0.17271343,0.6156289,2.1136458
7762,0.14729267,0.5308806,1.7551417
7763,0.1235935,0.46895558,1.4250671
7764,0.10325066,0.41363817,1.1388613
7765,0.08821211,0.37834638,0.9353669
7766,0.07650039,0.35334846,0.7825316
7767,0.06743277,0.3326532,0.66587675
7768,0.11500887,0.40514162,1.2193513
7769,0.106395766,0.38090163,1.0963837
7770,0.09232667,0.34865296,0.9142042
7771,0.08512871,0.33099887,0.81911725
7772,0.0763326,0.31228074,0.7104513
7773,0.06833718,0.29469678,0.6143327
7774,0.25235873,0.49338695,2.5057003
7775,0.21056445,0.4186921,2.0457523
7776,0.17018242,0.36583632,1.6045128
7777,0.14219314,0.33036458,1.2959687
7778,0.1220673,0.30291468,1.0725818
7779,0.12988481,0.30264285,1.1298703
7780,0.11734745,0.28106597,0.99087197
7781,0.10351261,0.26217842,0.8431107
7782,0.09186005,0.25097978,0.72667104
7783,0.082760505,0.23869471,0.63402057
7784,0.07513821,0.22856848,0.55848813
7785,0.06832429,0.2229805,0.49556336
7786,0.06259698,0.21751437,0.44305238
7787,0.09311378,0.25562394,0.7128455
7788,0.08359469,0.2472338,0.6233225
7789,0.07554978,0.24073017,0.54972404
7790,0.06873302,0.23536327,0.48863235
7791,0.06296119,0.23042713,0.4375118
7792,0.05802294,0.22555502,0.39415663
7793,0.053614363,0.22193897,0.35670272
7794,0.063785225,0.2400032,0.4409912
7795,0.058897052,0.23322207,0.39731407
7796,0.054535042,0.22831449,0.35983595
7797,0.05050624,0.22862582,0.3289909
7798,0.23429681,0.42304316,1.9304415
7799,0.19311206,0.3746478,1.5439541
7800,0.16252744,0.344441,1.2629461
7801,0.13955559,0.32305527,1.0544848
7802,0.1222524,0.3063404,0.89793164
7803,0.1419068,0.3236542,1.0552715
7804,0.13160613,0.31254154,0.958111
7805,0.1144421,0.30072036,0.8147184
7806,0.10029202,0.29219788,0.6997746
7807,0.08991951,0.28472984,0.6137303
7808,0.08525726,0.28288892,0.5746029
7809,0.17477809,0.37509844,1.31341
7810,0.15207048,0.34453928,1.1055521
7811,0.17420685,0.35835272,1.2693489
7812,0.25607148,0.409455,1.877291
7813,0.20217937,0.37119445,1.4648525
7814,0.17300138,0.34208384,1.2159636
7815,0.14476916,0.3242592,0.9992005
7816,0.12173592,0.3111249,0.82747793
7817,0.106723495,0.30232576,0.71141875
7818,0.095427506,0.295169,0.6232263
7819,0.17551468,0.38090372,1.2598481
7820,0.14454083,0.3592603,1.0242797
7821,0.12130853,0.34352452,0.8462356
7822,0.09680414,0.32616964,0.67191243
7823,0.08493705,0.31947455,0.58011234
7824,0.076211914,0.31414905,0.5113397
7825,0.06881189,0.31015846,0.45404726
7826,0.08671664,0.34441668,0.60167074
7827,0.0767222,0.33837414,0.52397966
7828,0.06947474,0.33271423,0.46591222
7829,0.06333047,0.3279718,0.41730666
7830,0.058413245,0.32158768,0.37746412
7831,0.049489662,0.3169098,0.31860372
7832,0.03904692,0.30476975,0.25229746
7833,0.033148933,0.30206257,0.21382898
7834,0.029779501,0.30368212,0.19076517
7835,0.027539983,0.3044984,0.17444469
7836,0.02413058,0.30529797,0.15238802
7837,0.022183854,0.30747166,0.13887313
7838,0.020089425,0.31020242,0.12501486
7839,0.016779719,0.3068293,0.104616866
7840,0.029270558,0.38873833,0.21374033
7841,0.026697125,0.39271113,0.19503589
7842,0.021863753,0.38384506,0.15977305
7843,0.01800309,0.3764778,0.13157362
7844,0.01662824,0.37436497,0.119759515
7845,0.015624517,0.3742294,0.111344926
7846,0.035192598,0.51931995,0.3127506
7847,0.04655568,0.58521396,0.44378275
7848,0.040527828,0.5695691,0.37989694
7849,0.033397164,0.55076784,0.31072035
7850,0.028821098,0.540192,0.26494664
7851,0.023639612,0.52430224,0.21618946
7852,0.017253049,0.48765203,0.15853865
7853,0.014060999,0.47473186,0.12865217
7854,0.01193393,0.46814865,0.1082822
7855,0.009822598,0.45804986,0.08864686
7856,0.008212048,0.45050278,0.073580205
7857,0.0065959506,0.43773907,0.058862526
7858,0.0059794374,0.42962232,0.05215382
7859,0.0052555753,0.42659754,0.045196682
7860,0.004668872,0.42337367,0.039507847
7861,0.0042033806,0.41866103,0.034885157
7862,0.004386053,0.41871333,0.036540244
7863,0.0039714575,0.41291797,0.032398872
7864,0.0037563897,0.41795155,0.030570721
7865,0.021216847,0.8202152,0.280891
7866,0.021972107,0.85416764,0.30081612
7867,0.019060304,0.8007242,0.25168356
7868,0.0165941,0.7587843,0.21205711
7869,0.014730107,0.718497,0.1821318
7870,0.011862274,0.68878835,0.14510219
7871,0.010358674,0.6637838,0.1232405
7872,0.015510631,0.7614723,0.20468162
7873,0.013568504,0.7313467,0.17434776
7874,0.011909833,0.6917228,0.14762597
7875,0.019290933,0.8767775,0.2862456
7876,0.016577559,0.7946866,0.23376416
7877,0.014747162,0.7375368,0.19973704
7878,0.01230822,0.70782745,0.1628734
7879,0.010766396,0.6680245,0.13712059
7880,0.00952083,0.6419491,0.11771796
7881,0.008403704,0.6033862,0.09974007
7882,0.050674666,1.2060914,0.9218147
7883,0.13882208,1.8165138,2.8125176
7884,0.096276514,1.418052,1.9855642
7885,2.0720398,4.467415,8.046574
7886,0.9454604,2.5597394,7.095935
7887,0.46679074,1.4519254,5.4562526
7888,0.3165039,1.0313572,4.272439
7889,0.16189182,0.7064183,2.5869935
7890,0.11063121,0.5740403,1.7777501
7891,0.08619228,0.49118376,1.3286079
7892,0.04946633,0.4402416,0.7913283
7893,0.03818335,0.40708572,0.59492147
7894,0.031512115,0.38305402,0.4729609
7895,0.02077441,0.3429831,0.3111895
7896,0.047483664,0.46156186,0.83362967
7897,0.035652928,0.4229455,0.61700284
7898,0.022394309,0.37035286,0.38687348
7899,0.014675855,0.33137646,0.25067413
7900,0.00995805,0.30147266,0.16693676
7901,0.00898383,0.27777058,0.14275189
7902,0.05461661,0.5610602,1.2736117
7903,0.057536077,0.5382569,1.3143401
7904,0.03781898,0.45373836,0.8436462
7905,0.023690924,0.3875848,0.51889753
7906,0.01514502,0.3385284,0.32317814
7907,0.009166555,0.2945882,0.19115798
7908,0.006498694,0.2666242,0.12861495
7909,0.0051441654,0.23956823,0.09358785
7910,0.004150839,0.21298087,0.068933815
7911,0.004823446,0.21030557,0.08000034
7912,0.00925332,0.25777602,0.1780992
7913,0.015329489,0.31136325,0.33360532
7914,0.0144041795,0.28994045,0.30026475
7915,0.012274291,0.25796947,0.23776513
7916,0.00996859,0.23128988,0.17799157
7917,0.008200303,0.20964465,0.13550748
7918,0.0068204706,0.19134009,0.104593374
7919,0.005588334,0.1811198,0.081153885
7920,0.0046918876,0.16953339,0.06397536
7921,0.00341048,0.15982035,0.045220017
7922,0.0028288134,0.15183683,0.035490286
7923,0.0023792733,0.14366251,0.028151924
7924,0.0019667274,0.13801603,0.022186862
7925,0.001597981,0.13310772,0.01728472
7926,0.0012858753,0.12842707,0.013366558
7927,0.00094550155,0.12195385,0.009565233
7928,0.0007627713,0.11726764,0.0073855044
7929,0.00059296226,0.112442546,0.0055322936
7930,0.00043394373,0.106430344,0.0039286288
7931,0.00034391598,0.10183172,0.002976769
7932,0.0002917876,0.09476673,0.002357263
7933,0.00023871544,0.09100444,0.0018376843
7934,0.00020315088,0.08274677,0.001445326
7935,0.0001743155,0.076407805,0.0011550344
7936,0.00014718455,0.073865846,0.0009303959
7937,0.00012421192,0.071601726,0.0007505597
7938,0.00010797794,0.066892475,0.00061197364
7939,0.00013450846,0.06981412,0.0007875986
7940,0.00011817532,0.066178225,0.0006542275
7941,9.981226e-05,0.064911,0.0005329095
7942,0.00011568244,0.06949052,0.00063840643
7943,0.00018558482,0.08584261,0.001176585
7944,0.00036784838,0.10765599,0.0027737536
7945,0.00031176067,0.1045817,0.0022540626
7946,0.00027352112,0.0971609,0.001855715
7947,0.0009464786,0.15324739,0.009064411
7948,0.001596675,0.18346551,0.017540384
7949,0.0017858256,0.18398114,0.019671034
7950,0.0020250706,0.19649203,0.02305685
7951,0.0021551165,0.19451818,0.02442662
7952,0.0026231073,0.20262304,0.03063883
7953,0.0023974013,0.18646719,0.026404547
7954,0.0024635936,0.18962902,0.027083125
7955,0.010033851,0.31622013,0.16086376
7956,0.007921344,0.3006423,0.12270007
7957,0.0057812743,0.28107542,0.08722561
7958,0.004876737,0.26202703,0.06920023
7959,0.0041543962,0.24121764,0.055117443
7960,0.003545123,0.22781484,0.044505723
7961,0.007216046,0.29603642,0.10973531
7962,0.010383123,0.33378682,0.17208742
7963,0.010273155,0.31287837,0.16390452
7964,0.008977471,0.28610894,0.13440122
7965,0.008154571,0.27891776,0.1184339
7966,0.006984776,0.2613497,0.09585624
7967,0.0060008713,0.24770628,0.07822562
7968,0.005204351,0.23015271,0.0638807
7969,0.0036972505,0.2158855,0.044765014
7970,0.0032018267,0.19891383,0.036315672
7971,0.0027853905,0.18061265,0.029450053
7972,0.0023726213,0.17631164,0.024199566
7973,0.0020153252,0.17240345,0.019859029
7974,0.0017611998,0.16939494,0.016807923
7975,0.0038263206,0.2207966,0.04471129
7976,0.0069533694,0.2774763,0.09522013
7977,0.0076579694,0.27465412,0.10460976
7978,0.0066192425,0.25899068,0.08576417
7979,0.006729876,0.27575925,0.09126225
7980,0.0053234175,0.26498592,0.07017371
7981,0.004679936,0.24161297,0.05790245
7982,0.006769552,0.26998827,0.09110386
7983,0.006320303,0.25515038,0.081807785
7984,0.0053278296,0.24706396,0.06643314
7985,0.0045323414,0.2392518,0.054367475
7986,0.0035844063,0.23117721,0.041957103
7987,0.0028872471,0.22405924,0.032860894
7988,0.0025151,0.21032815,0.027052512
7989,0.0023017596,0.19767693,0.02367033
7990,0.00212514,0.18835403,0.020939462
7991,0.004334083,0.25399053,0.0525302
7992,0.0049617705,0.2589513,0.061203998
7993,0.004469067,0.24186678,0.052519284
7994,0.0039225426,0.22703357,0.04365836
7995,0.0034482854,0.21140878,0.036236893
7996,0.003104718,0.19719681,0.031017434
7997,0.0056651332,0.2413267,0.06590849
7998,0.052830156,0.5765662,1.0477613
7999,0.04855901,0.52902645,0.93022454
8000,0.041919716,0.47604358,0.76695204
8001,0.035529256,0.42223877,0.6129716
8002,0.022837445,0.37136674,0.39203566
8003,0.015846737,0.338255,0.26730707
8004,0.01333464,0.301153,0.20852964
8005,0.011543808,0.27219826,0.16898566
8006,0.009869981,0.24337304,0.13411257
8007,0.009111358,0.2330888,0.11980381
8008,0.008562177,0.22565882,0.109678134
8009,0.007903463,0.21521416,0.09767464
8010,0.016124832,0.28587183,0.24172902
8011,0.02191544,0.32089594,0.35293987
8012,0.032331094,0.35911357,0.5545385
8013,0.031693596,0.33820623,0.5249113
8014,0.026610723,0.3129289,0.418022
8015,0.023606665,0.28408423,0.34972745
8016,0.027069015,0.28818738,0.4042704
8017,0.024278626,0.2647988,0.34413865
8018,0.019858813,0.25506252,0.2733621
8019,0.016501542,0.24700205,0.22030815
8020,0.013815387,0.24009855,0.17890663
8021,0.011288931,0.2336254,0.14258078
8022,0.0093770465,0.22809535,0.11524254
8023,0.008471507,0.21420445,0.09945063
8024,0.00750124,0.1975122,0.08310245
8025,0.0068994043,0.18847969,0.07367039
8026,0.005880354,0.1861806,0.061218437
8027,0.0049951877,0.18400428,0.050745696
8028,0.0042896345,0.18186092,0.04244035
8029,0.0037354568,0.17942992,0.035886947
8030,0.0032193616,0.17751566,0.030125473
8031,0.009623702,0.2736658,0.123215094
8032,0.008534532,0.2526799,0.10340981
8033,0.007467538,0.24429071,0.08699873
8034,0.0065201772,0.23783714,0.07330238
8035,0.0056382045,0.2332038,0.06146255
8036,0.00487908,0.22898304,0.051608756
8037,0.0043372028,0.21492137,0.043570902
8038,0.0037613919,0.2119971,0.036756214
8039,0.0032647087,0.2092328,0.031040875
8040,0.0028811996,0.20542453,0.026534654
8041,0.0025502802,0.20168805,0.022748753
8042,0.0023852745,0.19111979,0.02046227
8043,0.002144805,0.18488364,0.017703349
8044,0.0019072829,0.18259755,0.015296803
8045,0.0017212963,0.17364074,0.013200967
8046,0.0015584661,0.16771996,0.0115023805
8047,0.0013855356,0.16678666,0.009977677
8048,0.0012314776,0.16594963,0.008656744
8049,0.0011188128,0.16021365,0.0075715603
8050,0.0071558203,0.3314135,0.083271846
8051,0.006484403,0.31184205,0.07234445
8052,0.005686945,0.3044782,0.06147791
8053,0.0050605927,0.2934216,0.052652653
8054,0.0045081405,0.28433287,0.045254674
8055,0.004006882,0.27769685,0.038952686
8056,0.003586517,0.25950938,0.033165723
8057,0.0032225298,0.25235602,0.028800748
8058,0.0040659253,0.2708302,0.038364545
8059,0.0036210096,0.26620784,0.03320295
8060,0.0032659771,0.25327307,0.028708411
8061,0.0029542153,0.24185054,0.024934797
8062,0.0026702394,0.23651055,0.021849006
8063,0.0024144703,0.23202671,0.019181006
8064,0.0070652952,0.34925783,0.076149285
8065,0.007397527,0.3525776,0.08031183
8066,0.012553752,0.43664265,0.15851349
8067,0.011091127,0.40846124,0.1336231
8068,0.011551514,0.4022455,0.13832623
8069,0.010259232,0.3759959,0.11719192
8070,0.009162807,0.35610572,0.10034527
8071,0.008213782,0.33791995,0.086306036
8072,0.0073887324,0.32200372,0.07461516
8073,0.006666405,0.3091326,0.06489121
8074,0.0060286294,0.29828343,0.05668177
8075,0.0054663555,0.28723848,0.049612023
8076,0.004966392,0.27454478,0.04339683
8077,0.0045131627,0.25974497,0.037830114
8078,0.0041218596,0.25185883,0.033454686
8079,0.0037620293,0.24713708,0.029705081
8080,0.003447139,0.23888221,0.02633483
8081,0.0031632725,0.23007843,0.023355596
8082,0.0029004186,0.21882333,0.020603785
8083,0.002669198,0.21493031,0.018464435
8084,0.0024624916,0.20919843,0.01653627
8085,0.00226844,0.1993082,0.014676779
8086,0.002096823,0.19173989,0.013119503
8087,0.0019407086,0.18440028,0.011743877
8088,0.0018052184,0.17717664,0.010577199
8089,0.0017564811,0.17339928,0.010096801
8090,0.0016328283,0.17140554,0.009172466
8091,0.0015443927,0.16725391,0.0084813945
8092,0.0014437735,0.16114299,0.0076867086
8093,0.0013527661,0.15600874,0.006996171
8094,0.0012618892,0.15050495,0.0063274726
8095,0.001307462,0.15398523,0.006599026
8096,0.0012235271,0.15035257,0.006015136
8097,0.0036771381,0.23077907,0.024939781
8098,0.0034101917,0.22335601,0.02245308
8099,0.0031683864,0.21742205,0.020295879
8100,0.0029560602,0.209879,0.018394886
8101,0.0027664325,0.20314401,0.016749432
8102,0.0025878306,0.19650492,0.015236773
8103,0.0024758212,0.19410399,0.014363673
8104,0.01508812,0.4026276,0.14918342
8105,0.05769439,0.68568134,0.79001623
8106,0.06086045,0.6726923,0.82822585
8107,0.05176625,0.6145151,0.6756492
8108,0.04473093,0.562433,0.5586957
8109,3.0084345,3.1811156,8.005641
8110,5.7950325,4.1692667,8.3392
8111,2.8344092,3.458345,7.8848023
8112,1.4145292,2.3057666,7.036298
8113,1.0755771,1.698808,6.428233
8114,1.1735044,1.4574312,6.4441137
8115,0.6766869,0.9694317,5.0011487
8116,1.0298225,0.9948624,5.8595695
8117,0.69431317,0.72768235,4.702171
8118,0.46395972,0.54936296,3.4751668
8119,0.34108543,0.44580725,2.6050155
8120,0.26803297,0.38198507,2.017812
8121,0.2185905,0.34231102,1.6076556
8122,0.3101691,0.37827694,2.2349944
8123,0.25983354,0.3330218,1.8246279
8124,0.21822247,0.2984817,1.4851035
8125,0.25029305,0.3085253,1.6849368
8126,0.30161285,0.31720105,1.991324
8127,0.44786447,0.35187262,2.8032582
8128,0.36284244,0.29663417,2.240642
8129,0.56128794,0.33341786,3.1990428
8130,0.5736481,0.3178371,3.1574516
8131,0.51073015,0.28753754,2.7786648
8132,0.59653586,0.29004198,3.075771
8133,0.45999077,0.25020948,2.3795667
8134,0.44080308,0.24017632,2.2339196
8135,1.7300043,0.40665478,5.615644
8136,1.1687688,0.31792477,4.4555054
8137,0.84885246,0.25669166,3.4571989
8138,0.69692045,0.22059023,2.8482714
8139,0.5508944,0.19557677,2.241238
8140,0.46241936,0.17730753,1.8416579
8141,0.38869232,0.16681333,1.5160451
8142,0.33537957,0.15942013,1.2778893
8143,0.29041776,0.15470189,1.085037
8144,0.25050944,0.15143308,0.9218303
8145,0.22189637,0.14958261,0.80314755
8146,0.2020011,0.1479877,0.7174462
8147,0.1798038,0.14757015,0.63089603
8148,0.18354438,0.15306082,0.64713246
8149,0.39572862,0.20921291,1.5497682
8150,0.33323297,0.19967552,1.2821721
8151,0.28642976,0.1931943,1.0822257
8152,0.2454525,0.18839549,0.91445744
8153,0.22068413,0.1852247,0.8062661
8154,0.20076984,0.18277606,0.71973306
8155,0.18213421,0.18174216,0.64286965
8156,0.16764474,0.18082242,0.5823268
8157,0.16129996,0.18365209,0.5574347
8158,0.22938876,0.21785817,0.8521804
8159,0.20455222,0.21701227,0.75806564
8160,0.18127288,0.21492006,0.6632519
8161,0.16010472,0.21347646,0.58000857
8162,0.14365314,0.21321693,0.5152627
8163,0.12729394,0.21291451,0.45358232
8164,0.11591193,0.2140067,0.4096149
8165,0.105822764,0.21551313,0.37125203
8166,0.096630864,0.21734074,0.33694407
8167,0.089624204,0.219522,0.3103147
8168,0.08339387,0.22192648,0.2868464
8169,0.07617369,0.22441278,0.26110014
8170,0.07136911,0.2271549,0.24319877
8171,0.092271775,0.25946796,0.33869886
8172,0.16453633,0.3263484,0.68860114
8173,0.15086402,0.31809857,0.6193996
8174,0.14287964,0.32001275,0.58340603
8175,0.13970189,0.32560447,0.5706919
8176,0.12597074,0.32324362,0.5087719
8177,0.113236226,0.32175085,0.45319036
8178,0.11339884,0.3294869,0.45608696
8179,0.12009763,0.34688166,0.49317437
8180,0.13175356,0.36869222,0.55525583
8181,0.115118206,0.36355436,0.48175758
8182,0.10638634,0.36624044,0.44549158
8183,0.09562368,0.36468107,0.3973643
8184,0.085303344,0.36330682,0.35257363
8185,0.4146257,0.69089663,2.1474426
8186,0.3365623,0.6169674,1.7147652
8187,0.26601887,0.56442547,1.3526582
8188,0.22749548,0.53088504,1.1332252
8189,0.18432298,0.49917,0.9113325
8190,0.15635721,0.4799461,0.7642209
8191,0.13997768,0.46671405,0.67224014
8192,0.12552583,0.45693433,0.59383935
8193,0.10099371,0.435334,0.47801948
8194,0.08074744,0.41507488,0.38324714
8195,0.09462905,0.45332417,0.47022808
8196,0.0849657,0.44962046,0.41912547
8197,0.17898381,0.61645085,1.0271721
8198,0.15720803,0.5838265,0.8817292
8199,0.12625551,0.5497113,0.70907134
8200,0.11237918,0.5338419,0.62073296
8201,0.10157382,0.51970315,0.551489
8202,0.09238909,0.51025254,0.4948005
8203,0.08369138,0.5022181,0.4424204
8204,0.07458251,0.49620983,0.39085674
8205,0.063625626,0.4859473,0.3326291
8206,0.057272695,0.48331824,0.2973673
8207,0.2825622,0.9267615,1.9067947
8208,2.1143296,2.0459323,6.605065
8209,1.2771174,1.5293393,5.4462094
8210,0.71133816,1.1046576,3.8927507
8211,0.42124546,0.8447183,2.6052144
8212,0.2913269,0.70782727,1.8568171
8213,0.21954095,0.6290424,1.4010501
8214,0.17774163,0.58240795,1.1204804
8215,0.15354455,0.55054766,0.9469208
8216,0.14052236,0.53673494,0.85624665
8217,0.11956838,0.5157932,0.71919274
8218,0.10728297,0.4986894,0.6325816
8219,0.11193105,0.51110697,0.66610914
8220,0.10044479,0.49682304,0.5871109
8221,1.006163,1.2807248,4.994798
8222,0.5378433,0.9371502,3.3805494
8223,0.31803465,0.7364803,2.208715
8224,0.24960202,0.64902836,1.7161641
8225,0.5540094,0.86949867,3.4693558
8226,0.43117476,0.72208446,2.7456574
8227,0.36557883,0.6392627,2.308913
8228,0.22535649,0.54588264,1.5060835
8229,0.17492016,0.4981367,1.1630886
8230,0.26355174,0.5864392,1.7948701
8231,0.29415858,0.6088059,1.9990568
8232,0.17848206,0.53538543,1.2813581
8233,0.12000359,0.4770356,0.8798273
8234,0.10088781,0.45687953,0.7294502
8235,0.08577763,0.44189942,0.6123812
8236,0.075075835,0.43182176,0.52822495
8237,0.066748545,0.4242077,0.46268722
8238,0.060628064,0.4164791,0.41302344
8239,0.055716228,0.40701616,0.3723436
8240,0.06844413,0.44859082,0.48165074
8241,0.06806756,0.4677619,0.51392436
8242,0.046012208,0.43675983,0.35407892
8243,0.03218222,0.4054739,0.25092006
8244,0.03485249,0.42834803,0.27931747
8245,0.10205565,0.66527474,1.0277623
8246,0.27920026,0.9724188,2.823586
8247,0.1567376,0.7767161,1.7316871
8248,0.096442856,0.65795183,1.104721
8249,0.06320769,0.57316333,0.7348947
8250,0.04775477,0.53037,0.55159056
8251,0.05166482,0.53230417,0.5988768
8252,0.03355966,0.48439476,0.39495286
8253,0.027048023,0.46617842,0.31720364
8254,0.021762302,0.44888502,0.25214022
8255,0.022724057,0.4510893,0.26389396
8256,0.020383956,0.4327014,0.22918011
8257,0.05835763,0.6580031,0.83031195
8258,0.080675125,0.713124,1.1790315
8259,0.32634452,1.1942806,4.1432366
8260,0.22774912,0.89374644,3.0575218
8261,0.15440473,0.71053404,2.1253624
8262,0.11886792,0.6022503,1.5914817
8263,0.093582585,0.53643036,1.2191019
8264,0.25606436,0.7639424,3.1743014
8265,0.18543576,0.6078306,2.312712
8266,0.10491037,0.5070914,1.3978388
8267,0.06453912,0.43925267,0.8823582
8268,0.050184008,0.40818793,0.67297304
8269,0.03261055,0.36527923,0.44083065
8270,0.01982527,0.34637058,0.27364722
8271,0.023613367,0.36959174,0.33724096
8272,0.0205052,0.34903166,0.28019682
8273,0.029001763,0.39284083,0.42491952
8274,0.025040202,0.3731926,0.35290587
8275,0.018968357,0.35212198,0.26327676
8276,0.012067719,0.32242182,0.16839138
8277,0.01047444,0.3047805,0.13923872
8278,0.009131898,0.2901017,0.11597214
8279,0.0064254478,0.27031675,0.08090287
8280,0.0055842535,0.25890845,0.067233264
8281,0.004895468,0.24073273,0.05565375
8282,0.0031696549,0.21947703,0.035975818
8283,0.0027673114,0.2053697,0.029653851
8284,0.0018699887,0.19012131,0.019880574
8285,0.0013141088,0.1779854,0.013757233
8286,0.0011800441,0.17907147,0.012283484
8287,0.0008858395,0.17033222,0.008976966
8288,0.0006708233,0.16211721,0.006595568
8289,0.0007817143,0.1810749,0.00829522
8290,0.0015719223,0.24803722,0.020879619
8291,0.0010034777,0.22331522,0.013043184
8292,0.00072398956,0.20638488,0.009015381
8293,0.0005757198,0.19173506,0.006717395
8294,0.00047379854,0.16986234,0.0050355904
8295,0.0007048057,0.18672839,0.008090087
8296,0.00091428193,0.19423783,0.010876987
8297,0.0011130455,0.20141138,0.013681827
8298,0.0009687352,0.18114205,0.011070271
8299,0.0019908168,0.23658508,0.027819026
8300,0.0017728334,0.21744762,0.023368597
8301,0.0014792826,0.19325764,0.017854856
8302,0.0012483387,0.17514391,0.01392695
8303,0.0010588721,0.15764947,0.010896354
8304,0.0010114459,0.15006164,0.009984582
8305,0.0007517077,0.14319658,0.007303923
8306,0.0004909536,0.13147539,0.0046988484
8307,0.00037445096,0.12486704,0.0034472595
8308,0.00031312692,0.12212904,0.0028156703
8309,0.00026914847,0.118348695,0.0023262147
8310,0.00031851348,0.12807289,0.0028736403
8311,0.00031966314,0.11919411,0.0027561632
8312,0.00023817488,0.11288947,0.001985289
8313,0.00018553223,0.10753375,0.0014816688
8314,0.00015603214,0.09620949,0.0011419747
8315,0.00019089473,0.09782349,0.001422856
8316,0.00025929036,0.10658147,0.0020689406
8317,0.00022932912,0.09492329,0.001688335
8318,0.00019906717,0.08755106,0.00136717
8319,0.0001739442,0.08238067,0.0011250965
8320,0.00020643145,0.08468203,0.0013615321
8321,0.00023154417,0.084243424,0.001525561
8322,0.00019970552,0.0748116,0.0012111034
8323,0.00017503308,0.06918268,0.0009939902
8324,0.00015839744,0.06542344,0.00085386465
8325,0.00013810092,0.06425325,0.0007170162
8326,0.00021396962,0.07428147,0.0012355669
8327,0.00019910527,0.07174091,0.0011054728
8328,0.00017696754,0.06773015,0.0009302779
8329,0.00017015917,0.06731472,0.00087454094
8330,0.00038141105,0.088567756,0.0024251025
8331,0.00037686108,0.0869082,0.0023406784
8332,0.000348065,0.085110195,0.0020903607
8333,0.0002893237,0.084356576,0.0016999794
8334,0.00024342038,0.08364442,0.0013958584
8335,0.00019100969,0.08181189,0.0010778136
8336,0.00019612073,0.087123156,0.0011368426
8337,0.00022299035,0.08944385,0.0013119408
8338,0.00019806679,0.085854076,0.0011113315
8339,0.00016538137,0.084906705,0.0009056407
8340,0.00013943746,0.08396653,0.0007436153
8341,0.00016445137,0.092521206,0.00092344364
8342,0.00014294269,0.09099489,0.0007755139
8343,0.00012572874,0.089035206,0.00065674476
8344,0.00011911028,0.08865524,0.0006084245
8345,0.00013956835,0.09005295,0.0007248999
8346,0.00014019222,0.08810379,0.0007128542
8347,0.00014532518,0.090173095,0.0007398158
8348,0.0001248205,0.0895349,0.0006196213
8349,0.000111717,0.087016195,0.0005327959
8350,0.00016612577,0.099069625,0.00087260944
8351,0.00017181222,0.09653639,0.00088706514
8352,0.00026963107,0.11270059,0.0015610113
8353,0.00047254076,0.13749018,0.003172212
8354,0.00053273595,0.14252965,0.0036464166
8355,0.0011419791,0.1945759,0.009753496
8356,0.0010587812,0.19700523,0.008975398
8357,0.0012095612,0.21411246,0.010728489
8358,0.0028916239,0.29788843,0.03272086
8359,0.0026412292,0.28264928,0.028620007
8360,0.002175556,0.27506524,0.022950018
8361,0.0018048366,0.2702205,0.01881797
8362,0.0014361424,0.26097152,0.014616767
8363,0.0019487785,0.30544353,0.022032192
8364,0.0016516927,0.29423484,0.01793879
8365,0.0012319259,0.27836257,0.013114518
8366,0.0008818814,0.25990736,0.00921704
8367,0.0007227602,0.24942544,0.007260349
8368,0.0006196235,0.22586583,0.0057807043
8369,0.0005312778,0.2017007,0.0045788847
8370,0.0004611927,0.18415691,0.0037096825
8371,0.00038805816,0.1793124,0.0030155098
8372,0.0003416435,0.16245392,0.0024809593
8373,0.00078699086,0.22068699,0.0072247884
8374,0.00079326995,0.21092133,0.007078767
8375,0.0009667436,0.21927235,0.008908638
8376,0.0008471356,0.20798075,0.0074173845
8377,0.00073149166,0.20214039,0.0061654886
8378,0.00059541146,0.19688927,0.0048932163
8379,0.0005277207,0.17932579,0.0040605376
8380,0.0004522343,0.17557633,0.003367604
8381,0.00039937824,0.16333185,0.0028047792
8382,0.0003380647,0.16059996,0.0023098232
8383,0.00028960878,0.15781605,0.0019201093
8384,0.00025591094,0.14534296,0.0015943154
8385,0.00075536134,0.21735612,0.0064025465
8386,0.0009225039,0.22412282,0.00806132
8387,0.0011658089,0.23577765,0.010652354
8388,0.0013188414,0.2551552,0.01259068
8389,0.0011250621,0.24870236,0.01038998
8390,0.00097196834,0.24180691,0.00865568
8391,0.0008304094,0.23606206,0.007159483
8392,0.0007127131,0.23039763,0.005944123
8393,0.0005990889,0.22524956,0.0048567075
8394,0.000526923,0.21664493,0.004090933
8395,0.00047676664,0.19925858,0.0034938585
8396,0.00043354215,0.18620391,0.0030292522
8397,0.0003737337,0.18332249,0.0025390317
8398,0.0003286963,0.17951493,0.0021593128
8399,0.00029373122,0.17184979,0.0018456889
8400,0.00026008923,0.1684371,0.0015809668
8401,0.00023224324,0.16403744,0.0013611212
8402,0.00020671588,0.16085467,0.0011723705
8403,0.00018474818,0.14874032,0.0009893975
8404,0.00016220147,0.14749523,0.00084715034
8405,0.00014588625,0.13775882,0.00072286045
8406,0.00055916776,0.23032731,0.004099085
8407,0.0005532857,0.2272063,0.0040143044
8408,0.00049000076,0.20731843,0.003340035
8409,0.00054516573,0.21140409,0.0037675467
8410,0.00077161414,0.24064949,0.0058798646
8411,0.00075076736,0.23338586,0.0056020482
8412,0.0006737506,0.22165786,0.004804645
8413,0.00060367037,0.20656772,0.0040845433
8414,0.00054478005,0.19957983,0.0035492126
8415,0.00048436743,0.19733648,0.003073115
8416,0.00043856105,0.18900113,0.0026709575
8417,0.00047148997,0.18968059,0.0028809477
8418,0.00042514148,0.18671468,0.0025233466
8419,0.00038310388,0.18424416,0.0022116506
8420,0.00034648826,0.17209503,0.0019030178
8421,0.0003162862,0.1658151,0.0016735472
8422,0.0002870189,0.15487386,0.0014457625
8423,0.00026214588,0.1526929,0.0012844077
8424,0.0002431101,0.1497161,0.0011580708
8425,0.00022331474,0.14642285,0.0010318109
8426,0.00020546479,0.1430633,0.00092069386
8427,0.0001886907,0.14138706,0.00082387513
8428,0.00017379638,0.13913439,0.00073828304
8429,0.0001605147,0.13554066,0.00066101376
8430,0.00014838958,0.13283224,0.00059386133
8431,0.00013736037,0.1301351,0.00053428835
8432,0.00012711824,0.12846462,0.0004820433
8433,0.00011781008,0.12666816,0.00043542904
8434,0.00015254274,0.1394236,0.0006052635
8435,0.000145678,0.13638844,0.00056689675
8436,0.00014562854,0.13548784,0.00056267343
8437,0.0002789685,0.17652023,0.0013119279
8438,0.0002644512,0.17168297,0.0012157892
8439,0.00034132384,0.18742068,0.0016739238
8440,0.00046442493,0.2107606,0.0024862476
8441,0.000508312,0.2138996,0.002755742
8442,0.0006414888,0.23405334,0.0037171913
8443,0.00059342297,0.22283001,0.003318718
8444,0.00055492594,0.21475244,0.0030086928
8445,0.00051100354,0.20568858,0.0026733656
8446,0.00061772467,0.21766429,0.0033763468
8447,0.0005702697,0.21199763,0.00302734
8448,0.0046428777,0.47933367,0.045721103
8449,0.004174106,0.46065313,0.039759163
8450,0.003762788,0.4381981,0.034529034
8451,0.0033985013,0.41531774,0.03000176
8452,0.0030796223,0.39727765,0.026245598
8453,0.0027932283,0.37670842,0.022905279
8454,0.0025623627,0.35765177,0.020284748
8455,0.0035264085,0.40312555,0.030586515
8456,0.0032025303,0.38567373,0.026824007
8457,0.0029052875,0.3632371,0.02336003
8458,0.0027852887,0.35141945,0.021887517
8459,0.0039581032,0.41131675,0.034639187
8460,0.003860538,0.40066323,0.033263035
8461,0.0064297263,0.48625523,0.06412356
8462,0.028799893,0.8827148,0.43263572
8463,0.02535712,0.81224215,0.36686483
8464,0.050101634,1.0417194,0.83466357
8465,0.041273627,0.92061114,0.6545414
8466,0.03467599,0.8261345,0.5237463
8467,0.036447354,0.82514536,0.5551095
8468,0.030968992,0.7577582,0.45193943
8469,0.026639307,0.6911736,0.37066284
8470,0.023453064,0.6366971,0.31271347
8471,0.020521853,0.5860798,0.26112553
8472,0.0181311,0.5412893,0.22043501
8473,0.032907557,0.6704079,0.45951477
8474,0.082830206,0.94104093,1.3410066
8475,0.06643774,0.811311,1.0262164
8476,0.054883074,0.7080242,0.8040555
8477,0.04709061,0.6373798,0.6592422
8478,0.040381316,0.5768761,0.5383328
8479,0.04021822,0.5574831,0.5280988
8480,0.052906517,0.6001937,0.72284645
8481,0.045800094,0.5449508,0.59790015
8482,2.1150177,2.5878756,7.751904
8483,1.9546144,2.1475692,7.584462
8484,0.99168265,1.373365,6.44531
8485,0.5646303,0.8868159,4.934073
8486,0.36481676,0.6302252,3.5788643
8487,0.2624761,0.48977575,2.622629
8488,0.39929056,0.53155005,3.572607
8489,0.29373834,0.42629787,2.6825142
8490,0.22815983,0.3568059,2.0475059
8491,0.5994348,0.49911076,4.3571973
8492,0.44286078,0.38784808,3.388404
8493,0.32954577,0.3163812,2.5497189
8494,0.2774348,0.27515116,2.0996711
8495,0.2318417,0.24189186,1.7037544
8496,0.19547531,0.22063407,1.3923912
8497,0.16896014,0.2048715,1.1647849
8498,0.14854687,0.19316767,0.9922237
8499,0.13246036,0.18381529,0.85810846
8500,0.11882547,0.17775215,0.7496896
8501,0.10754116,0.1729788,0.6617926
8502,0.09791776,0.16943865,0.58889335
8503,0.08947921,0.16708551,0.52712065
8504,0.08264388,0.16406576,0.4762908
8505,0.07625689,0.16279964,0.43147486
8506,0.070564,0.16208434,0.3925202
8507,0.06533391,0.16207476,0.3579261
8508,0.061512727,0.16112919,0.3316035
8509,0.08248887,0.18397361,0.47647914
8510,0.11062771,0.20884444,0.67739975
8511,0.10939169,0.20774911,0.662793
8512,0.10102967,0.1994955,0.5970136
8513,0.09321841,0.19450308,0.53821766
8514,0.09664567,0.19922678,0.5597955
8515,0.1060066,0.21158625,0.62633324
8516,0.09717176,0.20660196,0.56117016
8517,0.08901243,0.20399499,0.50433385
8518,0.08211601,0.20159014,0.45662254
8519,0.075643554,0.20068097,0.41398427
8520,0.07814721,0.20667225,0.4305341
8521,0.08824261,0.22099835,0.4998016
8522,0.089647,0.22572578,0.50859237
8523,0.11889521,0.2549459,0.7126804
8524,0.10862626,0.24768414,0.6361593
8525,0.17719878,0.3042695,1.1220824
8526,0.15581906,0.29390422,0.96927136
8527,0.13738093,0.28342357,0.8352079
8528,0.1277405,0.27726007,0.7623588
8529,0.21453416,0.3482916,1.3761553
8530,0.18558434,0.32458717,1.1565166
8531,0.1617826,0.31235456,0.99051017
8532,0.14308493,0.3001006,0.85515755
8533,0.12874527,0.2889611,0.75045407
8534,0.11525598,0.2826895,0.65898645
8535,0.10088942,0.27840126,0.56972426
8536,0.08863078,0.27548593,0.49519992
8537,0.35123956,0.48844883,2.2911303
8538,0.3374867,0.45154452,2.1471145
8539,0.27700183,0.39804724,1.7198821
8540,0.23762776,0.36529925,1.4366797
8541,0.1969767,0.3430002,1.1708903
8542,0.17105837,0.32699025,0.993526
8543,0.15170835,0.31401733,0.8601906
8544,0.23595154,0.37994263,1.4117368
8545,0.32753363,0.42699748,1.9571368
8546,0.27029124,0.38853937,1.5829041
8547,0.2205675,0.36147028,1.2730163
8548,0.18309368,0.3423024,1.0414245
8549,0.15692288,0.32949024,0.8776062
8550,0.13707688,0.320723,0.75448936
8551,0.1321584,0.3267625,0.731791
8552,0.11995801,0.31745836,0.64994323
8553,0.10426071,0.31200454,0.55899155
8554,0.11716596,0.3293275,0.6421706
8555,0.10197471,0.32431397,0.5552937
8556,0.09621334,0.32303125,0.51835996
8557,0.41852298,0.58849424,2.5766058
8558,0.32240966,0.5133544,1.9818274
8559,0.28445545,0.4775081,1.7192607
8560,0.23227075,0.43947345,1.3811016
8561,0.19145058,0.4121732,1.1216112
8562,0.16454087,0.39369568,0.94541645
8563,0.14622547,0.3780621,0.82095367
8564,0.124013655,0.36600322,0.68875706
8565,0.14430143,0.39526376,0.8250396
8566,0.18772995,0.4439416,1.1153408
8567,0.17832462,0.43140018,1.0426676
8568,0.53440666,0.6703772,3.0888588
8569,0.78767776,0.7388232,4.016157
8570,0.4645496,0.57401794,2.7001243
8571,0.32940072,0.48932195,1.9639958
8572,0.22638196,0.42206585,1.3807344
8573,0.18890092,0.39663273,1.1318069
8574,1.9504907,1.0539014,6.331635
8575,0.94942015,0.7820645,4.671221
8576,0.63269085,0.6128821,3.475169
8577,0.38661483,0.48917985,2.3322878
8578,0.29219025,0.43188122,1.768204
8579,0.19682592,0.37880614,1.2223699
8580,0.1533032,0.35168412,0.94877744
8581,0.1381914,0.33705443,0.8345004
8582,0.12109482,0.32796118,0.7185774
8583,0.08762456,0.30361018,0.5254764
8584,0.07897791,0.3007204,0.46681046
8585,0.07063411,0.29907054,0.41282585
8586,0.06413125,0.29819718,0.37034392
8587,0.29560006,0.56005865,2.1147158
8588,0.24059746,0.49357635,1.6819652
8589,0.18809319,0.44915813,1.3046734
8590,0.16092408,0.42084318,1.0887274
8591,0.13987751,0.40226817,0.92726564
8592,1.1310133,0.95704496,5.422181
8593,0.6050977,0.6864245,3.779301
8594,0.43379748,0.55564606,2.827245
8595,9.650679,2.561394,8.158546
8596,6.2105565,3.6976104,7.9000716
8597,3.0074682,3.413027,7.2576175
8598,1.6319667,2.5541546,6.244679
8599,7.1243763,4.9376297,7.96036
8600,3.88323,5.127838,7.5262747
8601,1.8645902,3.7788634,6.5286155
8602,0.94434035,2.5398538,4.9917974
8603,0.45478714,1.7740769,3.178578
8604,0.24293639,1.3937316,1.9218694
8605,0.14738639,1.1641016,1.2237235
8606,0.09483309,1.0124345,0.80837506
8607,0.06283879,0.9021235,0.54589427
8608,0.040385734,0.8308217,0.35944673
8609,0.038069144,0.8431244,0.354537
8610,0.035368722,0.82672155,0.32666
8611,0.024796708,0.74502015,0.2308525
8612,0.016865104,0.67909,0.15890348
8613,0.015131942,0.6640063,0.14003737
8614,0.012062809,0.63792443,0.111392
8615,0.010731655,0.6280462,0.097616374
8616,0.009765596,0.60601145,0.08666369
8617,0.008889331,0.6137234,0.080423065
8618,0.008090765,0.5901669,0.071282566
8619,0.013929108,0.7268195,0.14317907
8620,0.12300957,1.6924827,1.902106
8621,0.06749295,1.372898,1.1048038
8622,0.039859314,1.1621186,0.6684635
8623,0.028613683,1.0356541,0.4739448
8624,0.018097887,0.8961931,0.3005047
8625,0.0151836565,0.833715,0.24200003
8626,0.028378123,1.0182658,0.5182625
8627,0.023460617,0.899776,0.40413582
8628,0.019669587,0.795703,0.31863317
8629,0.030202856,0.9123703,0.53632635
8630,0.04564204,1.0487512,0.8715422
8631,0.038024027,0.9335783,0.69373685
8632,0.026190184,0.8221191,0.47196662
8633,0.016099101,0.71918637,0.2908645
8634,0.010368784,0.6319569,0.1854608
8635,0.007063265,0.56845874,0.12384359
8636,0.006053618,0.5131741,0.0992871
8637,0.0051338673,0.4539128,0.07792242
8638,0.0041475124,0.43055853,0.06050494
8639,0.0034445908,0.40802225,0.047983643
8640,0.0028290234,0.3899785,0.037971992
8641,0.002302047,0.3756305,0.030208727
8642,0.0018972671,0.3575662,0.023832634
8643,0.0014010319,0.334774,0.017145354
8644,0.0010625866,0.31523964,0.012594176
8645,0.0021477547,0.3967655,0.030553596
8646,0.0017937132,0.36735013,0.023953222
8647,0.001533466,0.32559213,0.018931499
8648,0.001364055,0.30687904,0.016012035
8649,0.00091138686,0.27964285,0.0105238035
8650,0.0006761,0.26184946,0.0075563793
8651,0.0005670351,0.24329993,0.0059383227
8652,0.00045745587,0.23116754,0.0045758937
8653,0.00035475427,0.21890993,0.003414644
8654,0.00030227852,0.21423599,0.0028564062
8655,0.00024898222,0.20252633,0.0022287522
8656,0.00020427305,0.19219686,0.0017377773
8657,0.0001676077,0.18276133,0.0013569598
8658,0.00014198953,0.1709878,0.0010798472
8659,0.000121335346,0.15862451,0.0008634207
8660,9.0788024e-05,0.1500829,0.00062828476
8661,7.511226e-05,0.14353555,0.0004958024
8662,6.3664535e-05,0.12663864,0.00038451757
8663,5.4855824e-05,0.11546786,0.00030784763
8664,4.855268e-05,0.10923334,0.00025809612
8665,4.1791984e-05,0.10706132,0.00021522044
8666,3.6890706e-05,0.102673955,0.00018111487
8667,3.210794e-05,0.09327847,0.00014658966
8668,2.764152e-05,0.09097031,0.000121443954
8669,2.4286293e-05,0.08749363,0.00010180043
8670,2.0887768e-05,0.08569914,8.4539635e-05
8671,1.7984523e-05,0.085863456,7.2552284e-05
8672,1.3109141e-05,0.08150959,5.215595e-05
8673,1.0832566e-05,0.080009565,4.2242515e-05
8674,1.7020064e-05,0.094934024,7.467022e-05
8675,1.4083139e-05,0.09216303,5.963422e-05
8676,1.0648616e-05,0.08798534,4.406861e-05
8677,7.689625e-06,0.08288044,3.1187992e-05
8678,8.107934e-06,0.08528805,3.3061762e-05
8679,9.007087e-06,0.08479072,3.659991e-05
8680,7.799803e-06,0.07891947,2.9698573e-05
8681,7.983401e-06,0.08054912,3.0344368e-05
8682,1.1493101e-05,0.09248685,4.7899415e-05
8683,1.8606937e-05,0.10867144,8.7255685e-05
8684,4.3506952e-05,0.15120228,0.0002590406
8685,5.9488422e-05,0.16402286,0.00037705476
8686,0.0002107973,0.27613854,0.0019532128
8687,0.00017855142,0.26395252,0.0015868351
8688,0.00015718331,0.25712106,0.0013597173
8689,0.00016567647,0.25270954,0.0014150924
8690,0.00028965587,0.29685375,0.0028304001
8691,0.0005220959,0.36515516,0.006004312
8692,0.00045243683,0.31948796,0.004784469
8693,0.0003721371,0.3011796,0.0037353216
8694,0.00031384645,0.2876383,0.0030188055
8695,0.00034855845,0.2945682,0.003396716
8696,0.00035302623,0.28077593,0.0033405856
8697,0.0021629492,0.5636368,0.03450836
8698,0.0017883749,0.4854376,0.0260188
8699,0.0016749166,0.45835295,0.02357194
8700,0.0015353669,0.41511533,0.020374423
8701,0.0012964391,0.37242863,0.015932256
8702,0.0012422772,0.3679528,0.015011879
8703,0.0010411529,0.347395,0.011948229
8704,0.0011180394,0.35136417,0.012892348
8705,0.0009555535,0.32398093,0.010331445
8706,0.0010199043,0.3434574,0.011434424
8707,0.00084161,0.32786295,0.009046386
8708,0.00065116386,0.31088156,0.006787306
8709,0.00055244146,0.2931322,0.0054546823
8710,0.0004346973,0.27919486,0.00415243
8711,0.0003574613,0.26680064,0.0032733637
8712,0.00028474056,0.25457403,0.0025154855
8713,0.00024020842,0.24179187,0.0020172144
8714,0.00020643197,0.22329898,0.001623449
8715,0.00014988852,0.20908473,0.0011535689
8716,0.00012180206,0.20013951,0.0009006099
8717,9.972742e-05,0.19163212,0.0007072753
8718,8.470863e-05,0.16919808,0.00055089575
8719,7.293331e-05,0.16047016,0.0004494685
8720,6.309785e-05,0.15232226,0.00036869833
8721,8.496518e-05,0.1643172,0.0005269155
8722,0.007064325,0.9302434,0.16066608
8723,0.0065308106,0.8476527,0.14164607
8724,0.0050972644,0.7598751,0.103391066
8725,0.005377796,0.7616326,0.11002814
8726,0.004505902,0.67576635,0.08560064
8727,0.0040755435,0.6316341,0.07462287
8728,0.0033825226,0.54725224,0.056806818
8729,0.0027890406,0.4821296,0.04304099
8730,0.0023053826,0.4177233,0.03244622
8731,0.0019321219,0.36839134,0.02499506
8732,0.0013982683,0.34237316,0.017629594
8733,0.0010706456,0.3223135,0.01302428
8734,0.00085868145,0.3050078,0.009983033
8735,0.00086338155,0.29360327,0.009831391
8736,0.00073148264,0.25743064,0.007637313
8737,0.00068446324,0.2524831,0.0069608497
8738,0.0005795617,0.22089484,0.005392407
8739,0.0006216105,0.21653953,0.00572344
8740,0.00053776545,0.1921729,0.004570149
8741,0.00048282702,0.18677308,0.003954706
8742,0.000605287,0.20670252,0.005274592
8743,0.00052448234,0.1867666,0.0042492487
8744,0.00046043698,0.176568,0.003537105
8745,0.00040477028,0.1633335,0.002923243
8746,0.00035347248,0.14698215,0.0023735762
8747,0.00030143352,0.14478086,0.001967956
8748,0.00025852237,0.14254947,0.001638955
8749,0.00023002899,0.13442856,0.0013836061
8750,0.00020146937,0.13219918,0.0011731236
8751,0.00017915672,0.12869106,0.0010038912
8752,0.00016034351,0.121318184,0.00085330853
8753,0.0001436698,0.11803988,0.00073597475
8754,0.0006070535,0.20277528,0.0046951766
8755,0.00056095765,0.1926427,0.0041795187
8756,0.00051395374,0.18150958,0.0036688002
8757,0.0004745995,0.17227817,0.0032603247
8758,0.00044585773,0.16293295,0.0029454918
8759,0.00039935217,0.15301016,0.0025051779
8760,0.00035594293,0.15039815,0.0021623247
8761,0.000308699,0.14927222,0.0018317067
8762,0.00027008387,0.14799713,0.0015622828
8763,0.00023565335,0.14679292,0.0013298343
8764,0.00020374116,0.14565803,0.0011237444
8765,0.0001914788,0.13874507,0.001015828
8766,0.00025797094,0.15406883,0.001481235
8767,0.00023279531,0.14766243,0.0012809093
8768,0.00021058421,0.14187618,0.0011118806
8769,0.00019057824,0.13822651,0.0009713515
8770,0.00017305715,0.133722,0.0008492768
8771,0.00023610807,0.14851694,0.0012555422
8772,0.0003037445,0.16135821,0.0017208775
8773,0.00027527803,0.15204349,0.0014872564
8774,0.00025082697,0.15021466,0.0013187062
8775,0.00023254735,0.14219067,0.0011723003
8776,0.00022395435,0.14002232,0.0011047414
8777,0.00020465598,0.13620865,0.0009756349
8778,0.00020304904,0.1314286,0.0009452266
8779,0.00019022288,0.12622291,0.0008581286
8780,0.00017806236,0.12111035,0.00077790144
8781,0.00016376533,0.11857005,0.0006938465
8782,0.00015027093,0.11738193,0.0006203168
8783,0.00013769967,0.11667002,0.00055487116
8784,0.0001265999,0.115586504,0.000497369
8785,0.00016728022,0.12783061,0.0007083413
8786,0.00019657223,0.13430528,0.0008638119
8787,0.00018725403,0.13612296,0.00081503467
8788,0.00017040744,0.13601029,0.00072638725
8789,0.0001559888,0.12766136,0.0006352637
8790,0.00014423768,0.123808995,0.00056852243
8791,0.00013358414,0.12056059,0.00051050546
8792,0.00012387651,0.11736273,0.0004590706
8793,0.000115024064,0.11486374,0.0004142712
8794,0.00010679122,0.11082775,0.00037195042
8795,0.00010033506,0.10871195,0.00034058027
8796,0.00010437122,0.109680936,0.0003557923
8797,0.000100349294,0.107929215,0.00033657736
8798,9.360333e-05,0.1058284,0.00030561673
8799,8.6840446e-05,0.100615144,0.00027290054
8800,8.0678714e-05,0.0957224,0.0002441577
8801,7.555008e-05,0.09359028,0.00022251658
8802,7.07589e-05,0.09094004,0.00020242402
8803,6.622508e-05,0.08772204,0.00018356537
8804,6.216911e-05,0.085389055,0.00016756599
8805,5.847455e-05,0.084140755,0.00015395062
8806,5.5036257e-05,0.083176464,0.00014172001
8807,5.184537e-05,0.08203989,0.0001304997
8808,6.0519957e-05,0.087868795,0.00015878135
8809,6.45114e-05,0.08872204,0.00017034567
8810,6.079375e-05,0.0869628,0.00015663022
8811,5.731746e-05,0.08501959,0.00014398631
8812,5.410685e-05,0.08341908,0.00013271994
8813,5.1124476e-05,0.082484215,0.00012279688
8814,0.00042613028,0.18984452,0.0019277971
8815,0.00044681004,0.19531113,0.0020441746
8816,0.0004164136,0.19048491,0.0018548927
8817,0.00038850226,0.18642822,0.0016873026
8818,0.0003627982,0.18227807,0.0015359826
8819,0.00033792734,0.17476791,0.0013849313
8820,0.0003158762,0.16920596,0.0012579354
8821,0.00029484992,0.16235152,0.0011373246
8822,0.00028117077,0.15890643,0.0010639349
8823,0.00027347356,0.15841614,0.0010269077
8824,0.00025629273,0.15325508,0.0009353486
8825,0.00024028655,0.14797719,0.00085182436
8826,0.00022602789,0.14471526,0.00078204426
8827,0.0002128488,0.14245191,0.00072049734
8828,0.00020055473,0.13969636,0.00066342053
8829,0.00018913196,0.13777006,0.0006126571
8830,0.00017847624,0.13551146,0.00056571915
8831,0.00017625373,0.13356094,0.0005513999
8832,0.0033563038,0.43518966,0.025626311
8833,0.0031522128,0.42306563,0.023610739
8834,0.0030051547,0.41716716,0.022273904
8835,0.00412029,0.4700917,0.033486173
8836,0.005214546,0.506996,0.04510075
8837,0.004744457,0.4799314,0.039621066
8838,0.0043339306,0.45910624,0.03507751
8839,0.003967834,0.441177,0.031174123
8840,0.0036392706,0.42679405,0.027821572
8841,0.003342515,0.41095936,0.024821492
8842,0.0030744234,0.39552167,0.022172984
8843,0.0028304511,0.37929282,0.019799255
8844,0.0026072024,0.36168742,0.017653838
8845,0.0024768808,0.35513994,0.016530685
8846,0.00441185,0.4414958,0.0347672
8847,0.015673239,0.7337636,0.1787964
8848,0.013962843,0.6831613,0.1532501
8849,0.012498882,0.6481799,0.13277663
8850,0.011225934,0.6121973,0.11519275
8851,0.02970885,0.89179915,0.39465463
8852,0.02580632,0.8183948,0.32884276
8853,0.022619,0.76029676,0.27733755
8854,0.019952372,0.7055365,0.23508605
8855,0.018795297,0.6774878,0.21732767
8856,0.1292316,1.4418495,2.0677204
8857,0.10392048,1.2011522,1.628434
8858,0.081428185,0.99764687,1.2195462
8859,0.066355854,0.85931015,0.9465326
8860,0.055794936,0.7603351,0.75928
8861,0.047579676,0.68193793,0.61743355
8862,0.099273704,0.891636,1.4253129
8863,0.2653154,1.243253,3.5039465
8864,0.18350506,0.9165328,2.4639316
8865,0.13875663,0.73646194,1.8128624
8866,0.11087524,0.6226794,1.3893869
8867,0.09571247,0.5539746,1.1527615
8868,0.19707257,0.7054951,2.3950117
8869,0.16001198,0.5916832,1.9021057
8870,0.12856407,0.50739616,1.4724773
8871,0.107047416,0.44693515,1.1746318
8872,0.091379605,0.40294117,0.9608096
8873,0.08605365,0.3826445,0.8819396
8874,0.077769615,0.35912836,0.7743058
8875,0.07189714,0.3406621,0.69852096
8876,0.07782827,0.34395954,0.7608896
8877,0.074107885,0.32900557,0.7110309
8878,0.06610805,0.310037,0.61229855
8879,0.0593328,0.2943014,0.5313323
8880,0.054200646,0.28179353,0.47096792
8881,0.0490236,0.27432993,0.41516992
8882,0.044787034,0.26390788,0.3682249
8883,0.041048236,0.25807357,0.32947516
8884,0.037518755,0.254694,0.29494143
8885,0.034610637,0.24903433,0.26565728
8886,0.05893646,0.3113628,0.5138378
8887,0.05278308,0.30415046,0.44966227
8888,0.047959346,0.29530516,0.3980898
8889,0.22115237,0.5419003,2.2188692
8890,0.1754022,0.4667406,1.7162793
8891,0.14422889,0.4183318,1.3688505
8892,0.12230109,0.38275647,1.1220689
8893,0.10618315,0.35293108,0.93929374
8894,0.09350136,0.33085784,0.79957575
8895,0.082942486,0.3159993,0.68892425
8896,0.07535278,0.3017238,0.60783476
8897,0.068116985,0.29537544,0.5382196
8898,0.061154637,0.28969568,0.4732143
8899,0.05542388,0.28460294,0.42001393
8900,0.050057434,0.28177127,0.3727942
8901,0.046159264,0.27450472,0.33571628
8902,0.04269814,0.26840195,0.30368024
8903,0.07436529,0.33716038,0.6005272
8904,0.07664291,0.338379,0.618587
8905,0.06859469,0.32895806,0.54093003
8906,0.060005575,0.32348785,0.46606988
8907,0.05337652,0.31952375,0.40802348
8908,0.047253616,0.31687474,0.3564835
8909,0.042776898,0.3144914,0.3176668
8910,0.03924598,0.31104454,0.28630024
8911,0.036603287,0.3032899,0.26132077
8912,0.05298492,0.3524319,0.41465545
8913,0.14244553,0.5229683,1.3224274
8914,0.11887528,0.48417574,1.0758449
8915,0.101387136,0.45588398,0.8943269
8916,0.08918542,0.42932037,0.7629421
8917,0.0782939,0.4129306,0.6540528
8918,0.070043296,0.39721915,0.57025373
8919,0.5418659,0.89984685,4.2364187
8920,0.38296127,0.68495053,3.1739266
8921,0.2870792,0.55274916,2.3852801
8922,0.22758117,0.4760075,1.8547541
8923,0.22226813,0.4501316,1.768467
8924,0.18571486,0.40446973,1.4343592
8925,0.14133918,0.36892694,1.0882759
8926,0.11879009,0.35101637,0.8977951
8927,0.18644667,0.4148595,1.4695225
8928,0.15934168,0.3768003,1.2138613
8929,0.13802822,0.35280406,1.0211143
8930,0.11714152,0.33770427,0.8506204
8931,0.09733526,0.32480025,0.69866765
8932,0.086390175,0.3169213,0.6078559
8933,0.11486527,0.3608325,0.8526875
8934,0.10025349,0.34922007,0.730024
8935,0.44267908,0.6322502,3.2937655
8936,0.3996219,0.55660737,2.9328823
8937,0.43785158,0.52901983,3.0648525
8938,0.3324786,0.44320217,2.3351657
8939,0.24111001,0.3852008,1.7140055
8940,0.15626943,0.3397287,1.1478448
8941,0.15526524,0.34850794,1.1659596
8942,0.13803785,0.33552408,1.0177934
8943,0.1116198,0.31813353,0.8149066
8944,0.10604258,0.3141196,0.7636585
8945,0.09495846,0.30337188,0.66707915
8946,0.09514012,0.30757275,0.66723794
8947,0.08520578,0.30206695,0.587306
8948,0.18798271,0.43184257,1.4842778
8949,0.13600288,0.3875965,1.102401
8950,0.099613905,0.35237876,0.8101999
8951,0.08731377,0.33988848,0.69381636
8952,0.078188166,0.32790402,0.6055634
8953,0.055801976,0.30120575,0.43596473
8954,0.044359237,0.29030704,0.34611413
8955,0.037293304,0.28618333,0.28928578
8956,0.03444098,0.27964276,0.26104924
8957,0.05857231,0.34564054,0.50306916
8958,0.19797552,0.55788344,1.9725168
8959,0.1589189,0.49100167,1.5430863
8960,0.12971555,0.4483554,1.2293353
8961,0.08601125,0.39607137,0.8300745
8962,0.09270041,0.41865695,0.91615784
8963,0.088729784,0.40272626,0.8584229
8964,0.07776515,0.37997255,0.7285813
8965,0.06876871,0.3629338,0.6257227
8966,0.13135865,0.47091863,1.3139338
8967,0.0959816,0.42313933,0.9599002
8968,0.061964005,0.38449314,0.63346577
8969,0.05352483,0.3717793,0.5347288
8970,0.046532888,0.36205286,0.45509553
8971,0.04300365,0.34920505,0.40973163
8972,0.03890758,0.33574507,0.35977247
8973,0.035387553,0.3228051,0.31756458
8974,0.03221532,0.31503958,0.28200218
8975,0.029310782,0.3100474,0.25107932
8976,0.026719712,0.30610383,0.22426267
8977,0.021857863,0.30016613,0.18285847
8978,0.15865786,0.6717326,1.9013532
8979,0.95422006,1.3002695,6.210292
8980,0.7737494,0.9894794,5.5519576
8981,0.3690271,0.6802462,3.6530578
8982,0.19910637,0.5198806,2.2518601
8983,0.12652063,0.4264147,1.4799163
8984,0.0852456,0.3696522,1.0075837
8985,0.051621474,0.34303555,0.6297589
8986,0.044655908,0.32680628,0.5264989
8987,0.038590312,0.315504,0.44205245
8988,0.033084515,0.3073204,0.37011966
8989,0.02728284,0.29937655,0.30059883
8990,0.023244249,0.29417413,0.25132638
8991,0.017439209,0.2797311,0.18791014
8992,0.014655308,0.27570134,0.15542725
8993,0.0156013165,0.27821505,0.16606279
8994,0.013014424,0.27423522,0.13670333
8995,0.010480651,0.26802865,0.10892916
8996,0.009410381,0.26133138,0.094748914
8997,0.0085050445,0.2516722,0.082563624
8998,0.007328635,0.25017604,0.0699245
8999,0.006246233,0.248465,0.05866928
9000,0.0055416008,0.2464422,0.050855786
9001,0.004414893,0.24088188,0.040178627
9002,0.003893918,0.23904613,0.03463351
9003,0.003195969,0.23558278,0.028081018
9004,0.0027421624,0.23389077,0.02364848
9005,0.0024612239,0.23017567,0.02062497
9006,0.002526746,0.23326027,0.021176783
9007,0.0030756693,0.2463262,0.026898513
9008,0.0068289423,0.33920687,0.075036235
9009,0.020162148,0.5086111,0.29448652
9010,0.075443566,0.8340849,1.3933302
9011,0.056373503,0.7273239,1.0100132
9012,0.0531196,0.7010385,0.941492
9013,0.04165051,0.64175487,0.7236368
9014,0.0335654,0.59028345,0.5607738
9015,0.023631258,0.53310496,0.38975608
9016,0.016095065,0.48009536,0.262792
9017,0.01316436,0.4551019,0.20708051
9018,0.01121913,0.40737733,0.16464974
9019,0.009296552,0.39109904,0.13187963
9020,0.008173604,0.37067997,0.11085308
9021,0.0070961635,0.3512277,0.091816425
9022,0.006205679,0.32908028,0.07622609
9023,0.005451215,0.30699518,0.06346211
9024,0.0044855126,0.2992499,0.051009063
9025,0.0030340052,0.27532533,0.034340546
9026,0.002047827,0.25333828,0.022994816
9027,0.001460814,0.23704596,0.016128434
9028,0.0012190809,0.22804032,0.012902335
9029,0.0010472675,0.2160945,0.010505161
9030,0.001649578,0.26008102,0.018785149
9031,0.0018696325,0.2676686,0.021657355
9032,0.0021688892,0.27902246,0.02596082
9033,0.0021898614,0.26446542,0.02540967
9034,0.0022348335,0.27383992,0.026254524
9035,0.0020930646,0.25513765,0.023423472
9036,0.0015890398,0.24314955,0.017384568
9037,0.0012220792,0.23224391,0.013023181
9038,0.00091192994,0.21989545,0.009481648
9039,0.00077636325,0.20850216,0.007648167
9040,0.0005993829,0.19911674,0.0057325438
9041,0.000495427,0.19129488,0.004538883
9042,0.000480215,0.18427305,0.004255274
9043,0.00040750514,0.17675772,0.0034439014
9044,0.0003404854,0.17072417,0.0027624844
9045,0.0002589085,0.16288568,0.0020477343
9046,0.00034100743,0.1750556,0.0028627017
9047,0.00037043044,0.17305069,0.0030886906
9048,0.0006023082,0.2098906,0.0057396423
9049,0.0005937407,0.20168464,0.005483145
9050,0.0005128473,0.18881378,0.0044604368
9051,0.0004823939,0.1836087,0.0040613543
9052,0.0004201851,0.1810684,0.0034522817
9053,0.00036370024,0.16400945,0.002777539
9054,0.00039797166,0.16241248,0.0030282214
9055,0.00070779776,0.19673118,0.006233998
9056,0.0006067273,0.19054519,0.0051310263
9057,0.000531329,0.17810611,0.004238388
9058,0.00049101043,0.1659523,0.0037201121
9059,0.001826976,0.27695838,0.02036249
9060,0.002049665,0.2847446,0.02337099
9061,0.0018972158,0.2668911,0.02062975
9062,0.0019302006,0.26225218,0.020664807
9063,0.003409644,0.31999296,0.042502984
9064,0.0029420936,0.30345315,0.034892444
9065,0.0024771467,0.2933786,0.028318588
9066,0.0021503808,0.27887362,0.023408901
9067,0.0018272102,0.27215803,0.019311076
9068,0.0015257546,0.26774627,0.015954567
9069,0.0012865826,0.2633076,0.01324623
9070,0.0012940579,0.27508202,0.013630748
9071,0.0010826474,0.2656119,0.010983001
9072,0.0010663022,0.268498,0.010762291
9073,0.0022138574,0.35045686,0.0272432
9074,0.0020871933,0.34062645,0.024968425
9075,0.0018197352,0.3165003,0.020538231
9076,0.009008585,0.57480776,0.15805107
9077,0.0133244265,0.63311434,0.25266632
9078,0.011000507,0.5533865,0.19265042
9079,0.016719436,0.63573605,0.32305273
9080,0.02660746,0.74198896,0.5637533
9081,0.021449443,0.64090633,0.42115396
9082,0.016899468,0.5898803,0.3174108
9083,0.013067003,0.5469261,0.23637384
9084,0.016277876,0.60951567,0.3166628
9085,0.013409852,0.55004025,0.24442373
9086,0.019850463,0.6240217,0.3923279
9087,0.01784722,0.5725553,0.3358829
9088,0.015266141,0.5153399,0.26969814
9089,0.019737588,0.563438,0.36796916
9090,0.0274639,0.6182799,0.5409408
9091,0.062441155,0.82172716,1.3732431
9092,0.076593824,0.81075054,1.6483403
9093,0.057459667,0.6672958,1.1685807
9094,0.041329175,0.58320326,0.81589395
9095,0.033381052,0.5185041,0.62134033
9096,0.033785075,0.49034354,0.6112784
9097,0.028574465,0.43804562,0.48582384
9098,0.029376736,0.42598858,0.4908236
9099,0.024081504,0.39980233,0.38624915
9100,0.020453924,0.37233132,0.31181172
9101,0.01759733,0.34429258,0.25388032
9102,0.015250523,0.32320073,0.20938309
9103,0.013592573,0.29845995,0.17688848
9104,0.011905367,0.28530592,0.14848517
9105,0.010383415,0.27661106,0.12494701
9106,0.008649241,0.27073258,0.101684295
9107,0.027117165,0.44079378,0.43554178
9108,0.03132336,0.45646918,0.511364
9109,0.02393924,0.42555764,0.3813796
9110,0.030917611,0.48850825,0.53651917
9111,0.025734454,0.45293725,0.42606184
9112,0.021170517,0.42653674,0.33682042
9113,0.016708523,0.4037795,0.25839475
9114,0.012373818,0.37763658,0.18772875
9115,0.010490071,0.36523727,0.15454674
9116,0.00928157,0.3472733,0.13094975
9117,0.008270929,0.33082247,0.11183806
9118,0.0074037486,0.31945592,0.096585795
9119,0.0060939374,0.30960318,0.077246085
9120,0.0053034597,0.30195767,0.0651654
9121,0.00475978,0.2977235,0.057108596
9122,0.0041363924,0.28944197,0.047941364
9123,0.0063986406,0.3312758,0.082218796
9124,0.00861843,0.35785663,0.117727645
9125,0.008080692,0.3333865,0.10558859
9126,0.008455724,0.34706026,0.11235276
9127,0.0076745995,0.32700625,0.09792337
9128,0.0065056155,0.31768987,0.08039208
9129,0.0054326365,0.30924228,0.06526499
9130,0.004640096,0.3009018,0.053943455
9131,0.0039923126,0.29273975,0.04486018
9132,0.0035203763,0.2748757,0.037560776
9133,0.003113226,0.26287642,0.031787008
9134,0.0026384725,0.25810134,0.026251603
9135,0.0023396604,0.24095963,0.022060825
9136,0.0028285014,0.25312075,0.027740669
9137,0.009694093,0.4076061,0.13482016
9138,0.0085074855,0.3759495,0.11189709
9139,0.023189228,0.5585771,0.39509687
9140,0.01937547,0.52010065,0.31506565
9141,0.019188669,0.49213544,0.30338702
9142,0.054847132,0.7385291,1.0703504
9143,0.42049006,1.5538986,5.595517
9144,0.2363055,0.9528326,3.8190255
9145,0.16572118,0.70263493,2.752975
9146,0.11449695,0.5633256,1.9026752
9147,0.08849145,0.46762452,1.4006579
9148,0.23220527,0.6515022,3.3927846
9149,1.8143272,1.352536,7.6308513
9150,0.999018,0.8932958,6.6285467
9151,0.5717457,0.5720816,5.1485825
9152,0.3517959,0.41029602,3.686495
9153,0.26119262,0.31736326,2.7678425
9154,0.1983258,0.26532653,2.073857
9155,0.1558541,0.23486416,1.5928372
9156,0.12204309,0.21503374,1.2255528
9157,0.10559774,0.19985253,1.0225137
9158,0.10812765,0.19623303,1.0285885
9159,0.1246817,0.20707522,1.1919191
9160,0.10496715,0.19532016,0.9750964
9161,0.089653224,0.18710308,0.81077963
9162,0.07945665,0.17778942,0.69393235
9163,0.07126134,0.1686187,0.60027206
9164,0.064192794,0.16327928,0.52487355
9165,0.05834672,0.15781826,0.46278217
9166,0.05256438,0.15623543,0.40803605
9167,0.047330935,0.15556999,0.36052564
9168,0.043078955,0.15483302,0.32172608
9169,0.039487027,0.15401518,0.2890532
9170,0.05339616,0.17553616,0.41919807
9171,0.048636705,0.17309059,0.37316376
9172,0.044819873,0.16766834,0.3341911
9173,0.04195531,0.16426924,0.30607766
9174,0.17944977,0.29822135,1.6764971
9175,0.15890712,0.26867074,1.4392058
9176,0.13830304,0.24492119,1.2068632
9177,0.118900836,0.22976252,1.0051105
9178,0.104455166,0.2168742,0.85399646
9179,0.09225485,0.21021877,0.73614967
9180,0.10162581,0.21789192,0.8162847
9181,0.094409615,0.2164586,0.74865305
9182,0.08377077,0.21031505,0.64783275
9183,0.07587779,0.20232227,0.5696696
9184,0.06767536,0.19994766,0.49871832
9185,0.061740965,0.19615643,0.4445017
9186,0.05655696,0.19324426,0.3984008
9187,0.051961698,0.19116259,0.35870352
9188,0.048153494,0.18776707,0.3250829
9189,0.044828836,0.18343464,0.2955843
9190,0.041663803,0.18212837,0.26970854
9191,0.03861232,0.182236,0.24611922
9192,0.03609563,0.18091312,0.22599763
9193,0.033856902,0.17904355,0.20808634
9194,0.03184019,0.1766196,0.19196749
9195,0.029161328,0.17899151,0.17430413
9196,0.027452726,0.17824325,0.16150124
9197,0.02518544,0.18117587,0.1472069
9198,0.023571303,0.18265225,0.13619313
9199,0.022122724,0.18390407,0.12631929
9200,0.020876244,0.18400879,0.11758138
9201,0.025176648,0.20235947,0.14979337
9202,0.08739205,0.33521345,0.7050593
9203,0.07867982,0.3179474,0.6151864
9204,0.07135661,0.30401203,0.54187155
9205,0.06496842,0.29466394,0.48112112
9206,0.2731774,0.5227866,2.352269
9207,0.22035743,0.4514291,1.855841
9208,0.18113855,0.40428543,1.4843795
9209,0.15397723,0.36900386,1.22151
9210,0.14834195,0.35584924,1.1533883
9211,0.13040888,0.33147013,0.98156196
9212,0.11424266,0.31672823,0.8379244
9213,0.1022319,0.30227217,0.72876245
9214,0.1607286,0.3626697,1.2188753
9215,0.13794331,0.34186414,1.0192958
9216,0.13335954,0.33700156,0.97250617
9217,0.11778621,0.3208765,0.8355721
9218,0.10494098,0.30895665,0.7259939
9219,0.101261735,0.3046962,0.690961
9220,0.31311813,0.47555348,2.3307507
9221,0.65717405,0.60174876,4.1097918
9222,0.46694663,0.47195742,3.0757954
9223,0.35466775,0.39836612,2.3478897
9224,0.28323814,0.35247236,1.8464125
9225,0.2613738,0.3358657,1.6733547
9226,0.8207246,0.52620053,4.327022
9227,0.57545143,0.4187157,3.2534404
9228,0.4339888,0.35435236,2.4852886
9229,0.3601031,0.3163214,2.0296273
9230,0.35594586,0.29783368,1.9570483
9231,0.3166648,0.27050504,1.695654
9232,0.48689213,0.31360877,2.5293536
9233,0.38906634,0.27859074,1.9970576
9234,0.32438737,0.25438806,1.6264031
9235,0.2784952,0.23649874,1.3585383
9236,0.4203166,0.2802308,2.0600064
9237,0.38053894,0.2669614,1.8346931
9238,0.3182158,0.24807227,1.5019077
9239,0.27196285,0.23505874,1.2551488
9240,0.23964386,0.22434463,1.0777391
9241,0.2079203,0.21802804,0.9187716
9242,0.18509685,0.21353853,0.80247766
9243,0.16529582,0.21062642,0.70494115
9244,0.15693915,0.21145189,0.6628539
9245,0.2890385,0.27569532,1.3386058
9246,0.5466651,0.35805303,2.517985
9247,0.4380017,0.31974494,1.9949056
9248,0.3294922,0.28891736,1.5082831
9249,0.2732886,0.2732523,1.232349
9250,0.23381475,0.26276207,1.0359005
9251,0.20648672,0.25520203,0.8964611
9252,0.1845393,0.2496715,0.78596616
9253,0.166771,0.24550048,0.69740117
9254,0.14596237,0.2424738,0.6041091
9255,0.13285773,0.24111098,0.54225326
9256,0.12201239,0.24026075,0.4912825
9257,0.5462166,0.4495042,2.5548177
9258,0.41802368,0.4000668,1.9679239
9259,0.33575162,0.3686238,1.5715375
9260,0.5722515,0.45996225,2.6262484
9261,0.46240568,0.41152492,2.1085587
9262,0.37625325,0.37596548,1.6904763
9263,0.3101477,0.3514806,1.3723453
9264,0.28379256,0.34651676,1.2516881
9265,0.8574986,0.5479764,3.5361505
9266,0.6290228,0.46695673,2.6828632
9267,0.47666973,0.41386598,2.0508049
9268,0.38309106,0.38003924,1.6308807
9269,0.3040327,0.35297802,1.2862786
9270,0.24991676,0.3350553,1.046409
9271,0.21272217,0.32370275,0.87911314
9272,0.6731297,0.5286504,2.884626
9273,1.8466458,0.79662985,5.450416
9274,4.7268667,1.2462083,7.13109
9275,2.5115433,1.1483449,6.0614605
9276,1.377983,0.9134353,4.592279
9277,0.9022309,0.7449268,3.3943975
9278,0.6132584,0.6244688,2.4596636
9279,2.1601162,1.0550514,5.6271257
9280,1.1606592,0.8417444,4.0550113
9281,0.8689736,0.72450393,3.2134402
9282,3.2431896,1.2744368,6.395912
9283,7.130968,2.133285,7.4701486
9284,4.167439,2.4220016,6.78095
9285,2.168528,2.0831559,5.504737
9286,1.1993599,1.6170337,3.980062
9287,1.1043764,1.5100529,3.716637
9288,0.6851418,1.216599,2.554842
9289,0.46221775,1.0294193,1.7929963
9290,0.3836972,0.95424455,1.5202125
9291,0.4533793,1.0273393,1.8583721
9292,0.3395282,0.9218832,1.4309599
9293,0.4572409,1.043786,1.9616494
9294,1.1352727,1.4905424,4.142614
9295,0.7442594,1.19795,2.9988973
9296,0.44083577,1.010126,1.9544429
9297,0.29149008,0.87468016,1.3374068
9298,0.20674938,0.7788774,0.9620715
9299,1.5935016,1.8461725,5.428988
9300,0.8351202,1.396125,3.8176188
9301,0.4893928,1.0833219,2.5362499
9302,0.39557517,0.9570654,2.0499818
9303,0.32011914,0.863622,1.6501726
9304,0.27652445,0.8096508,1.4146125
9305,0.19990337,0.7186933,1.0364822
9306,1.3572757,1.5810803,5.2267942
9307,0.86373895,1.2033484,3.929903
9308,0.50344104,0.9360269,2.6168404
9309,0.39962,0.81886744,2.0745509
9310,0.5269115,0.92587537,2.7848916
9311,0.32980686,0.761816,1.859363
9312,0.22817539,0.65599656,1.3130537
9313,0.7131736,1.0359284,3.7358193
9314,0.4115886,0.81037647,2.4461143
9315,0.2609596,0.6768302,1.632976
9316,0.17780128,0.5892556,1.1366763
9317,0.15102994,0.55711925,0.9478042
9318,0.13003106,0.53325087,0.8020463
9319,0.09273843,0.48691204,0.57882905
9320,0.07095147,0.45486122,0.44457293
9321,0.050134137,0.42452943,0.31886476
9322,0.036953494,0.39437705,0.2371744
9323,0.026101591,0.37056392,0.1700821
9324,0.017694922,0.35348627,0.11771067
9325,0.014087772,0.3428978,0.09411601
9326,0.011731509,0.33874848,0.078449965
9327,0.010363708,0.34044796,0.0690035
9328,0.008771418,0.3383803,0.058371253
9329,0.008095266,0.339334,0.053250033
9330,0.0082614105,0.34755215,0.054843776
9331,0.006260439,0.3312198,0.041831017
9332,0.009231691,0.3904959,0.06921637
9333,0.017612152,0.5052484,0.1585788
9334,0.06877805,0.8626191,0.8518899
9335,0.06189287,0.8305136,0.75997114
9336,0.04056148,0.7301658,0.5038901
9337,0.034261562,0.69656277,0.41603592
9338,0.030114543,0.65664476,0.35360178
9339,0.02673489,0.6160694,0.30283564
9340,0.01993512,0.5752777,0.22530419
9341,0.14818993,1.2531316,2.2672274
9342,0.11910253,1.0478145,1.7854376
9343,0.07484088,0.85377294,1.1465919
9344,0.059963938,0.76880455,0.8886116
9345,0.048881266,0.70786893,0.70190394
9346,0.03346488,0.62840885,0.48014265
9347,0.028885642,0.57743466,0.39548174
9348,0.02812704,0.55855685,0.37817413
9349,0.05425724,0.71552974,0.83083755
9350,0.044902306,0.66378963,0.6666807
9351,0.05063517,0.66700214,0.7560157
9352,0.05148493,0.6415994,0.75615346
9353,0.100961275,0.80347776,1.5826054
9354,2.1675034,2.6913238,7.8288827
9355,1.1003453,1.7015698,6.874827
9356,0.56919503,1.0796722,5.3303328
9357,0.3220856,0.7431523,3.7074065
9358,0.17030516,0.55666345,2.2491136
9359,0.0960076,0.4663607,1.3509446
9360,0.06869726,0.4135467,0.95946354
9361,0.057717506,0.37969512,0.7721954
9362,0.08672635,0.42975143,1.2056925
9363,0.052346673,0.3827232,0.74772376
9364,0.04358143,0.35972288,0.6006865
9365,0.035621516,0.3425817,0.4780214
9366,0.036005873,0.33760872,0.4766645
9367,0.027495274,0.32030016,0.36747542
9368,0.019288253,0.2954814,0.2565528
9369,0.019709492,0.29018795,0.2584706
9370,0.017320974,0.2714603,0.21607776
9371,0.013460522,0.2611447,0.16552873
9372,0.011261047,0.25556847,0.13513543
9373,0.009532652,0.25064105,0.11146027
9374,0.008345185,0.24560925,0.09463884
9375,0.006564754,0.23824917,0.07335101
9376,0.005323379,0.23286752,0.058339745
9377,0.004799543,0.2393474,0.05450004
9378,0.003736279,0.23166172,0.04203023
9379,0.0043398254,0.24307466,0.05021887
9380,0.0049733715,0.25257725,0.05886698
9381,0.003961081,0.24467492,0.045822717
9382,0.0034588266,0.23662442,0.038438097
9383,0.0031349945,0.23025203,0.033661675
9384,0.0025935972,0.22500068,0.027108839
9385,0.002277619,0.22050913,0.023060955
9386,0.0019570754,0.21536183,0.019147532
9387,0.0013330353,0.20152725,0.013349284
9388,0.0010118237,0.19265996,0.009909543
9389,0.00090069935,0.19306304,0.008747616
9390,0.0018798852,0.25805807,0.02245694
9391,0.0015253243,0.24820188,0.017595178
9392,0.0014604005,0.24054421,0.01633165
9393,0.002168227,0.2797301,0.026896793
9394,0.0026020848,0.2919954,0.03327497
9395,0.0026562044,0.2884187,0.033506475
9396,0.006133683,0.4236225,0.10283639
9397,0.0048007513,0.39749226,0.07712011
9398,0.004666837,0.39182013,0.0737183
9399,0.0047389707,0.4115388,0.078323945
9400,0.004823795,0.3875677,0.07726869
9401,0.004154246,0.3684445,0.06365556
9402,0.00971691,0.52092564,0.18904914
9403,0.008408325,0.4702593,0.1530951
9404,0.012889455,0.5423951,0.25833982
9405,0.011340099,0.48724622,0.21378277
9406,0.009413843,0.43706682,0.16493931
9407,0.007863593,0.39904726,0.12889178
9408,0.0065664803,0.37315363,0.1018368
9409,0.0055613443,0.33606777,0.08013505
9410,0.005442549,0.32653096,0.076501116
9411,0.004646047,0.30821538,0.06196882
9412,0.0041719326,0.30837575,0.055345144
9413,0.0035924502,0.28458145,0.044740178
9414,0.0028917822,0.27426556,0.03492354
9415,0.0024553125,0.26555085,0.028580284
9416,0.003387523,0.3107792,0.043729603
9417,0.0028896902,0.29545733,0.03551157
9418,0.002203897,0.2810333,0.02641886
9419,0.0052019847,0.41519707,0.08299813
9420,0.0073355916,0.44678485,0.12471352
9421,0.0058872546,0.4197795,0.09557026
9422,0.004836648,0.39441797,0.07458891
9423,0.005822853,0.40779957,0.092695765
9424,0.0048065707,0.38388398,0.07272668
9425,0.0036024028,0.35981643,0.052860588
9426,0.0040722396,0.36113188,0.060405545
9427,0.010240464,0.500809,0.19305584
9428,0.012111445,0.5177053,0.23510583
9429,0.014876216,0.5235041,0.29393017
9430,0.04675459,0.7841564,1.1372575
9431,0.06089912,0.7833629,1.4574437
9432,0.06632173,0.7241738,1.527862
9433,0.05639522,0.6012712,1.2182598
9434,0.04679218,0.52111083,0.95797795
9435,0.038299814,0.4456262,0.7308303
9436,0.041749906,0.434377,0.78531337
9437,0.044696502,0.4312545,0.8317643
9438,0.06807533,0.5068963,1.3318279
9439,0.051705997,0.44467863,0.97007746
9440,0.04625905,0.40217745,0.8262011
9441,0.040701732,0.36304793,0.6890711
9442,0.046019685,0.37802753,0.7875893
9443,0.038495485,0.33300352,0.6167415
9444,0.03249968,0.3024197,0.49104437
9445,0.035845697,0.31753966,0.5510042
9446,0.028117126,0.29955143,0.420599
9447,0.021021983,0.2812047,0.30868468
9448,0.016867055,0.26968324,0.24072815
9449,0.014116125,0.26356536,0.19773473
9450,0.011059206,0.2531214,0.15150416
9451,0.009445663,0.24378835,0.124194674
9452,0.007774378,0.23682223,0.09920305
9453,0.006433916,0.23042645,0.07962631
9454,0.005278663,0.2242774,0.0634749
9455,0.0071527935,0.24964868,0.09232694
9456,0.0063739102,0.23449486,0.07813952
9457,0.006300102,0.22529173,0.07506291
9458,0.0053843297,0.21981432,0.06199328
9459,0.004733834,0.21354152,0.052478492
9460,0.0038275174,0.20842206,0.04149434
9461,0.0029481978,0.20099223,0.03140503
9462,0.0023861544,0.19589669,0.024784658
9463,0.0018628757,0.18936636,0.018936254
9464,0.0020102677,0.18927121,0.02047166
9465,0.0025195729,0.19762541,0.026638081
9466,0.0034928177,0.22223647,0.040249288
9467,0.005456321,0.25469756,0.0697153
9468,0.004759664,0.24098143,0.057764955
9469,0.006856589,0.27504116,0.09099754
9470,0.006460197,0.25655738,0.081917
9471,0.0071370383,0.2634053,0.0916166
9472,0.006049516,0.25699782,0.07534928
9473,0.005161987,0.24929683,0.061950795
9474,0.0045202,0.23586878,0.05155548
9475,0.003972477,0.22461993,0.04318833
9476,0.003699788,0.21082577,0.03843296
9477,0.0032175486,0.20638297,0.03231451
9478,0.002575648,0.20139982,0.0253886
9479,0.0020465518,0.19605148,0.01979245
9480,0.0019065234,0.1859983,0.017670253
9481,0.12215749,0.9759308,2.687794
9482,0.096202485,0.76417583,2.047829
9483,0.07074235,0.6066461,1.4274781
9484,0.07026631,0.5628086,1.3759261
9485,0.061726477,0.5034803,1.1631926
9486,0.04909601,0.42222375,0.85984385
9487,0.039570883,0.3859868,0.6622831
9488,0.034428995,0.3495382,0.54502165
9489,0.030126106,0.3255098,0.4550151
9490,0.02967312,0.32430413,0.44304934
9491,0.031144354,0.32028925,0.45986408
9492,0.027129838,0.29382178,0.37919512
9493,0.022836773,0.2827814,0.3087236
9494,0.019202998,0.2738818,0.25183356
9495,0.016423544,0.26593918,0.20852576
9496,0.013969954,0.25954354,0.17230412
9497,0.011995715,0.2537668,0.1436158
9498,0.010558139,0.24595733,0.12184402
9499,0.009493531,0.23425755,0.10496515
9500,0.019281434,0.30344167,0.25449947
9501,0.016688423,0.29298568,0.21254395
9502,0.013860748,0.2855343,0.17236772
9503,0.012115132,0.27687314,0.1454437
9504,0.010935835,0.26009905,0.12560895
9505,0.00940503,0.2558403,0.105265595
9506,0.008267018,0.25062302,0.089713976
9507,0.007332616,0.24466367,0.0769834
9508,0.006625637,0.22971007,0.06643613
9509,0.0059599327,0.22126974,0.05749324
9510,0.005377732,0.21257108,0.049870085
9511,0.004915844,0.20399253,0.04388531
9512,0.004488263,0.19432871,0.038463596
9513,0.004124383,0.18505058,0.034015816
9514,0.0036611804,0.18485537,0.029576661
9515,0.0034347028,0.17936207,0.027020345
9516,0.003211626,0.17345951,0.024549894
9517,0.002934181,0.16570827,0.021552656
9518,0.003155746,0.1707994,0.023482712
9519,0.002980849,0.16674055,0.021678016
9520,0.0027362206,0.16124763,0.019221265
9521,0.0025128203,0.15852436,0.017158967
9522,0.0022930538,0.15804066,0.015310912
9523,0.0021079334,0.156071,0.013710407
9524,0.0019147932,0.15646324,0.01221541
9525,0.001764865,0.15029241,0.010860471
9526,0.0016324542,0.1435884,0.009683963
9527,0.001511872,0.14062895,0.008717153
9528,0.0016945885,0.14528963,0.009983579
9529,0.0020003256,0.16258647,0.012555249
9530,0.0018452802,0.16102612,0.011306402
9531,0.0017013649,0.16002126,0.0101915905
9532,0.0015733418,0.15353523,0.0090982905
9533,0.0014457788,0.15384981,0.00820491
9534,0.0013410841,0.15195037,0.007427076
9535,0.0021082566,0.18175632,0.013312341
9536,0.0019522303,0.17775688,0.011987827
9537,0.0018095155,0.1744386,0.01082099
9538,0.001677466,0.17218383,0.009791431
9539,0.001557493,0.16676286,0.008815608
9540,0.0014444446,0.15977849,0.007898187
9541,0.0013457617,0.15670983,0.007170625
9542,0.0012541065,0.15484145,0.0065297065
9543,0.001170574,0.15136188,0.0059344536
9544,0.0010993999,0.14877795,0.005443067
9545,0.001589213,0.17297475,0.008772785
9546,0.0014814499,0.17038633,0.007985909
9547,0.0013780816,0.1696537,0.0072834212
9548,0.0013375842,0.16898136,0.006976367
9549,0.0027102802,0.22584166,0.017500456
9550,0.0025899368,0.22137612,0.016420612
9551,0.0024001969,0.2122977,0.014723506
9552,0.0022846234,0.20868182,0.013773362
9553,0.0021264465,0.20513786,0.012516725
9554,0.0044767717,0.27457404,0.032738466
9555,0.004138558,0.26815704,0.029482935
9556,0.003836571,0.26109722,0.026606021
9557,0.005065201,0.2923805,0.038101953
9558,0.059495214,0.7799107,0.8484937
9559,0.06452206,0.7777949,0.92649895
9560,0.05868087,0.7224398,0.8231506
9561,0.15430982,1.0265263,2.3032043
9562,5.1844735,4.364627,8.34056
9563,2.5617132,3.4924986,7.886733
9564,1.2699182,2.2502031,7.001028
9565,0.6728288,1.3866538,5.55884
9566,1.124273,1.4166399,6.501629
9567,0.6424709,0.9309138,5.0400734
9568,0.59498614,0.76326203,4.6502132
9569,0.40716282,0.5661068,3.4681478
9570,0.30395076,0.45231608,2.6193132
9571,0.54809093,0.534057,4.0309
9572,0.39003596,0.41829154,3.0034454
9573,0.7092349,0.49274194,4.4670973
9574,0.4818162,0.38515562,3.3069232
9575,0.617921,0.39454383,3.847311
9576,0.53143,0.34536833,3.3339202
9577,0.39626092,0.29013664,2.526629
9578,0.31145245,0.25626266,1.9670713
9579,0.25862858,0.23342489,1.5946268
9580,0.22135904,0.21596812,1.3248742
9581,0.19260004,0.20406097,1.1208551
9582,0.17046994,0.19486731,0.9649966
9583,0.15276863,0.18772182,0.8422828
9584,0.2576804,0.22983903,1.4995102
9585,0.26981932,0.23047428,1.5472357
9586,0.29829594,0.23723646,1.6904359
9587,0.25271198,0.22038044,1.3955948
9588,0.27845135,0.22887954,1.5289298
9589,0.58257496,0.3064139,3.0411706
9590,0.4693569,0.26288933,2.4368074
9591,3.4388456,0.59515935,6.9836206
9592,2.2887356,0.5292306,6.1686063
9593,1.4219118,0.42985705,4.9244165
9594,0.95260656,0.35217628,3.7381608
9595,0.6816623,0.3008498,2.8090317
9596,5.5625534,0.7905833,7.342845
9597,5.445564,1.0636646,7.2841983
9598,3.240155,1.0795246,6.4674087
9599,1.8304282,0.90884465,5.171453
9600,1.1672708,0.7458049,3.9028523
9601,0.80317694,0.62930834,2.8841624
9602,0.57876235,0.54875326,2.1370347
9603,0.45706868,0.5016783,1.6790532
9604,0.3700759,0.46825373,1.3459351
9605,0.3122213,0.44615898,1.118205
9606,0.27168897,0.430608,0.9560197
9607,0.47893587,0.5457247,1.7772812
9608,0.63432944,0.60249877,2.316614
9609,0.540158,0.56032413,1.9550304
9610,0.44101346,0.51826555,1.5749154
9611,0.3491615,0.48129785,1.2408006
9612,0.2608269,0.44321123,0.9331261
9613,0.22567636,0.43044606,0.7969053
9614,0.20279115,0.42135903,0.70444506
9615,0.19027403,0.41059917,0.652075
9616,1.1220803,0.83825076,3.8358793
9617,2.0946717,1.0637575,5.389616
9618,1.3073045,0.8755833,4.0858555
9619,0.9225685,0.7404714,3.0863605
9620,1.4373932,0.85469157,4.1853905
9621,1.0217458,0.7350601,3.207287
9622,0.7222234,0.6376321,2.3631291
9623,0.54376245,0.5734723,1.794968
9624,2.206987,1.0571426,5.2361355
9625,1.4342363,0.8910394,4.008712
9626,0.9793289,0.7616988,2.9654462
9627,0.69571435,0.66550624,2.180504
9628,0.5491977,0.61071897,1.7139213
9629,0.448372,0.5723786,1.3832883
9630,1.088612,0.84285355,3.2405255
9631,0.77686596,0.73492646,2.4054422
9632,0.5850248,0.6610653,1.8283226
9633,0.48157904,0.61761713,1.485269
9634,0.48011193,0.6280315,1.4826821
9635,0.38327792,0.58664817,1.178551
9636,0.3590248,0.59489554,1.148894
9637,0.2679063,0.55042434,0.86376286
9638,0.23266111,0.53491133,0.7411426
9639,0.19022846,0.5100596,0.6046392
9640,0.17693807,0.5074189,0.5582145
9641,0.15463375,0.49823183,0.4848646
9642,0.1342469,0.48894796,0.41937587
9643,0.12083743,0.4856154,0.37528548
9644,0.111159794,0.48399255,0.34275052
9645,0.10683663,0.4918119,0.33123147
9646,0.08553172,0.46759304,0.26677576
9647,0.14304565,0.59316134,0.5148026
9648,0.2335558,0.74194574,0.938491
9649,1.4058421,1.5658016,4.7163043
9650,0.9209149,1.246489,3.5075486
9651,0.70559996,1.0796751,2.7989495
9652,0.4499252,0.90345085,1.8980792
9653,0.31601727,0.7876857,1.3595136
9654,0.26026288,0.7352852,1.1060343
9655,0.64274293,1.0812962,2.8331335
9656,0.41269326,0.89355046,1.9305458
9657,0.28566644,0.7725065,1.3668756
9658,0.19656079,0.6904842,0.9598723
9659,0.14407323,0.6271195,0.7095767
9660,0.12394066,0.60682863,0.60472095
9661,0.111958034,0.60199034,0.56314176
9662,0.098527975,0.5915862,0.49627748
9663,0.18676366,0.790077,1.1254567
9664,0.13401641,0.70226073,0.8153064
9665,0.13150801,0.70576286,0.803814
9666,0.09955559,0.64728916,0.610463
9667,0.0859961,0.62790084,0.5219033
9668,0.07712272,0.61362934,0.46174568
9669,0.054696355,0.56845933,0.33226547
9670,0.039893225,0.52694684,0.2451552
9671,0.036757793,0.5223143,0.22341605
9672,0.034934897,0.52191436,0.21129002
9673,0.03233612,0.5176404,0.19348344
9674,0.054020207,0.65354013,0.3745276
9675,0.15402919,1.0329976,1.3678336
9676,0.16465887,1.041582,1.4687006
9677,0.13381334,0.9401238,1.1700119
9678,0.106413975,0.86246616,0.920046
9679,0.08635781,0.8058799,0.738081
9680,0.0647172,0.737294,0.55385476
9681,0.051311195,0.6955902,0.43761998
9682,0.15965492,1.09294,1.6281892
9683,0.12627889,0.9702303,1.2649657
9684,0.10585418,0.87453014,1.0286981
9685,0.08351975,0.8056121,0.8031947
9686,0.072062016,0.7603597,0.6770705
9687,0.052117076,0.68811476,0.4917206
9688,0.04083689,0.6488606,0.38401693
9689,0.036718708,0.6228155,0.3369391
9690,0.03285904,0.6065855,0.29582745
9691,0.026507983,0.583533,0.23787895
9692,0.02189619,0.5673857,0.19553515
9693,0.018898048,0.5591886,0.16729404
9694,0.033540905,0.7581648,0.38943675
9695,0.022430949,0.68006325,0.26271123
9696,0.015834846,0.62103266,0.1857286
9697,0.0125110345,0.59385735,0.14537027
9698,0.011124913,0.5687616,0.1251578
9699,0.018362267,0.6833256,0.23541516
9700,0.020621479,0.7504213,0.2928639
9701,0.014550273,0.6828211,0.20554313
9702,0.010881299,0.63726044,0.15182935
9703,0.008135314,0.59616315,0.11199964
9704,0.0070733065,0.5518695,0.09250586
9705,0.0061731515,0.5219739,0.07735198
9706,0.00552839,0.48226142,0.06600596
9707,0.0070391768,0.5170556,0.08884126
9708,0.006183008,0.48716503,0.074636765
9709,0.005524065,0.46255696,0.06407379
9710,0.014023601,0.65793556,0.21002644
9711,0.012079438,0.61528623,0.1729732
9712,0.008516485,0.56396055,0.12087925
9713,0.0073032263,0.53636503,0.09958451
9714,0.006798954,0.5228598,0.09066656
9715,0.013782158,0.6814564,0.22258846
9716,0.0119283805,0.6215656,0.18238074
9717,0.010027448,0.5913596,0.14792345
9718,0.008643282,0.5396065,0.12031735
9719,0.0078839315,0.4992214,0.10487183
9720,0.021889942,0.7350065,0.37991288
9721,0.018669046,0.6627715,0.3061067
9722,0.017323107,0.6423262,0.27837217
9723,0.013226356,0.60037416,0.20793693
9724,0.009012549,0.5427562,0.14026137
9725,0.008559645,0.5254116,0.13005987
9726,0.0063622342,0.490751,0.09466749
9727,0.0043454547,0.4467997,0.06374584
9728,0.0032500103,0.41830406,0.046388395
9729,0.0023082127,0.3858812,0.032175824
9730,0.0016407459,0.3558234,0.022261228
9731,0.0013097404,0.33515543,0.016944708
9732,0.0012847917,0.31589895,0.015995665
9733,0.0009529846,0.2953283,0.0114821065
9734,0.00078909134,0.27714437,0.008974389
9735,0.0006665007,0.25197384,0.007033805
9736,0.00056523713,0.23513827,0.0056055374
9737,0.00048306547,0.21516271,0.0044623218
9738,0.0004185063,0.1958249,0.0035996991
9739,0.00035979477,0.17611742,0.002865319
9740,0.00027511118,0.1684854,0.0021396803
9741,0.00020700842,0.1602973,0.0015718926
9742,0.00014975069,0.15068355,0.0011122925
9743,0.00012095735,0.14459059,0.00086294254
9744,9.1835995e-05,0.13733129,0.0006351184
9745,6.9348236e-05,0.13008629,0.00046427752
9746,6.2797146e-05,0.12992117,0.00041549603
9747,5.5187928e-05,0.122535005,0.00034504797
9748,4.6204394e-05,0.10575061,0.00026138726
9749,6.982238e-05,0.115878284,0.00042852067
9750,7.908901e-05,0.11661538,0.00048767732
9751,6.777985e-05,0.11120287,0.00039634955
9752,6.615215e-05,0.10990891,0.0003781544
9753,5.703956e-05,0.09877478,0.00030137415
9754,0.00013738128,0.13388044,0.00091994007
9755,0.00012813401,0.12722397,0.0008268823
9756,0.00010983994,0.11253069,0.00065110903
9757,8.800263e-05,0.10934092,0.00050773594
9758,7.670242e-05,0.10019652,0.00041294642
9759,6.245848e-05,0.09782678,0.0003271912
9760,5.6291767e-05,0.09597893,0.0002850963
9761,4.8992435e-05,0.08603943,0.00022966648
9762,4.312853e-05,0.08319117,0.00019338074
9763,3.821043e-05,0.07779128,0.00016160692
9764,7.4564065e-05,0.09863411,0.00037851272
9765,6.609178e-05,0.09105148,0.0003150698
9766,5.8488058e-05,0.08845215,0.00026754444
9767,5.1924493e-05,0.085940786,0.00022799165
9768,0.00061732816,0.2219449,0.0055910107
9769,0.00060684566,0.22119252,0.0054159346
9770,0.0005272983,0.20296755,0.004403323
9771,0.00053794024,0.20912404,0.0045227855
9772,0.00077084627,0.24402721,0.0071827825
9773,0.0012741919,0.28881422,0.01354977
9774,0.0011503653,0.26558512,0.011571782
9775,0.00091116305,0.25554538,0.008925695
9776,0.00072503474,0.24589713,0.0069029015
9777,0.0006073438,0.23734097,0.005562062
9778,0.0005273843,0.22059113,0.004543121
9779,0.00044042867,0.21393958,0.0036639406
9780,0.00034282941,0.20528498,0.0027833295
9781,0.00059453584,0.26051703,0.005695431
9782,0.000698349,0.26998225,0.006862134
9783,0.000740758,0.2682449,0.007237742
9784,0.0006402438,0.24578768,0.005849982
9785,0.0005684603,0.23164143,0.004931279
9786,0.00050224445,0.22279423,0.0041747326
9787,0.00053124333,0.22955813,0.004459557
9788,0.0004842455,0.2279322,0.0039837696
9789,0.00046607511,0.2354411,0.0038974253
9790,0.00037878455,0.22791931,0.0030781718
9791,0.00032179782,0.22067124,0.0025171838
9792,0.00032147404,0.22263637,0.002498794
9793,0.00027653368,0.21518396,0.0020642115
9794,0.0002549728,0.21321978,0.0018620205
9795,0.0010198638,0.36228114,0.011090259
9796,0.00087713904,0.33926612,0.009021388
9797,0.0008644746,0.33469498,0.008747742
9798,0.0024226992,0.4788612,0.032452013
9799,0.003323068,0.5124604,0.047439493
9800,0.002928609,0.47418058,0.03958598
9801,0.0024382316,0.4510128,0.031593066
9802,0.0021005783,0.4305791,0.026114332
9803,0.0016620972,0.4099633,0.020043159
9804,0.0013956318,0.39071584,0.016111031
9805,0.0011299353,0.3736744,0.0126036275
9806,0.0008191184,0.34799626,0.008945453
9807,0.00050238165,0.30909616,0.005443625
9808,0.00042228657,0.2854659,0.0042805425
9809,0.00034613075,0.27043808,0.0033409635
9810,0.0003111698,0.248667,0.0028243805
9811,0.000450371,0.28131685,0.0044704666
9812,0.00046178387,0.27667332,0.0045151673
9813,0.0003953496,0.244293,0.0035617538
9814,0.00033195896,0.23397517,0.0028594278
9815,0.0003711824,0.24742024,0.0032932255
9816,0.00030556167,0.23783278,0.0026097808
9817,0.00029891432,0.24204837,0.0025552874
9818,0.0002453809,0.23240218,0.002017902
9819,0.00020645722,0.22263998,0.0016233051
9820,0.00017201867,0.21605773,0.0013144767
9821,0.00014142603,0.20764647,0.0010396889
9822,0.00022849064,0.24982195,0.0019138601
9823,0.00029651064,0.2775164,0.0026618436
9824,0.0002527355,0.26093012,0.0021445293
9825,0.0002696455,0.26657686,0.0023050176
9826,0.0002666707,0.25506917,0.002210304
9827,0.0002326132,0.2459691,0.0018527819
9828,0.00019371987,0.23679653,0.0014845933
9829,0.00016765308,0.22319895,0.0012162653
9830,0.00013763068,0.21547014,0.0009657308
9831,0.00012012065,0.20625138,0.0008049179
9832,0.00010197011,0.19929416,0.00065694656
9833,8.9129964e-05,0.19309232,0.00055258913
9834,9.5648895e-05,0.19988257,0.0006010433
9835,8.3770654e-05,0.18707292,0.00049710163
9836,7.626384e-05,0.16958486,0.0004246239
9837,6.734833e-05,0.15809321,0.0003539144
9838,5.9530594e-05,0.14595075,0.00029423073
9839,5.377629e-05,0.13978317,0.0002544307
9840,4.8014903e-05,0.13441703,0.00021753539
9841,4.1741907e-05,0.13246307,0.0001837966
9842,3.6666308e-05,0.13026094,0.00015651529
9843,3.0185154e-05,0.1278125,0.00012641595
9844,2.5530222e-05,0.12584707,0.00010440296
9845,2.204668e-05,0.12391324,8.765999e-05
9846,1.940632e-05,0.12149875,7.464955e-05
9847,3.106507e-05,0.1473941,0.00013649721
9848,3.0363746e-05,0.14036311,0.00012898547
9849,2.8138695e-05,0.13411139,0.00011476957
9850,2.5146579e-05,0.13044234,9.880896e-05
9851,2.2410371e-05,0.12956357,8.607939e-05
9852,2.3542774e-05,0.13272026,9.092474e-05
9853,3.4278088e-05,0.14706457,0.00014412387
9854,3.1756786e-05,0.14057332,0.00012829615
9855,2.9028486e-05,0.13768183,0.00011366493
9856,2.6664542e-05,0.12964898,9.9658915e-05
9857,5.553018e-05,0.16697958,0.00025271592
9858,6.402664e-05,0.17266758,0.0002984313
9859,5.71935e-05,0.15894556,0.00025143445
9860,7.4901145e-05,0.17354581,0.00035105908
9861,7.964782e-05,0.17556445,0.00037466804
9862,7.148545e-05,0.17212687,0.00032589567
9863,6.444858e-05,0.16821006,0.00028432443
9864,5.8217407e-05,0.15772331,0.00024443265
9865,5.2928932e-05,0.15063521,0.00021313805
9866,4.8237904e-05,0.14598377,0.00018743925
9867,4.3968033e-05,0.13868114,0.00016362696
9868,3.9986277e-05,0.13000408,0.00014181221
9869,3.6680194e-05,0.12514055,0.00012532382
9870,3.3486096e-05,0.123938955,0.000111524954
9871,3.0370893e-05,0.12351255,9.893832e-05
9872,2.777618e-05,0.12236193,8.823698e-05
9873,2.5576348e-05,0.11775822,7.83359e-05
9874,2.360415e-05,0.114097394,6.990466e-05
9875,2.1764421e-05,0.112572044,6.277683e-05
9876,2.0177762e-05,0.10909123,5.6327826e-05
9877,1.8663988e-05,0.10760063,5.0759878e-05
9878,1.7281316e-05,0.10618894,4.5807843e-05
9879,1.6024824e-05,0.10230913,4.1037812e-05
9880,1.6082193e-05,0.10009571,4.059756e-05
9881,1.4891058e-05,0.09522975,3.6157307e-05
9882,1.38600135e-05,0.09183259,3.255084e-05
9883,0.00032022383,0.31551084,0.0019214135
9884,0.00028840726,0.29271045,0.0016464195
9885,0.0002614994,0.2751707,0.0014281475
9886,0.0002375066,0.25665522,0.0012382315
9887,0.0002698948,0.26462907,0.0014455828
9888,0.0010083194,0.4388393,0.007958864
9889,0.00094539113,0.42254305,0.0072888993
9890,0.0008628766,0.39778808,0.006402346
9891,0.0007765322,0.37222657,0.005506394
9892,0.00070281414,0.3534339,0.004790577
9893,0.0006379319,0.33799475,0.004191744
9894,0.0010641319,0.4045619,0.008048861
9895,0.0009810718,0.38420588,0.007159459
9896,0.0008870422,0.37352082,0.0062840832
9897,0.0008035324,0.3527296,0.0054634935
9898,0.000730385,0.335302,0.004778937
9899,0.0012058824,0.39903715,0.009050879
9900,0.0010934591,0.3840532,0.0079386085
9901,0.0009893653,0.3602454,0.006879091
9902,0.0009012061,0.34635445,0.006058938
9903,0.0008357659,0.33100265,0.0054491535
9904,0.0007634373,0.3215404,0.004832397
9905,0.0027690018,0.53126705,0.025686644
9906,0.0024783195,0.4949001,0.021984497
9907,0.0022644866,0.4681007,0.019403875
9908,0.002127629,0.45458746,0.01789544
9909,0.0019179484,0.42422035,0.01543739
9910,0.0030842766,0.5091788,0.028570807
9911,0.0035355922,0.5305774,0.03398152
9912,0.0032417139,0.5041789,0.030202145
9913,0.0029928936,0.4820643,0.027119324
9914,0.0027336676,0.4560699,0.023919854
9915,0.0024913696,0.4303966,0.021006135
9916,0.0033236826,0.47675028,0.030390495
9917,0.010953589,0.7646729,0.14197655
9918,0.009600502,0.7176042,0.11962575
9919,0.008569445,0.67452127,0.102829434
9920,0.0084237885,0.6497258,0.099485226
9921,0.008613768,0.64300823,0.1019029
9922,0.0076130517,0.59400463,0.08593304
9923,0.0067781303,0.5582689,0.07345663
9924,0.0060571544,0.52634895,0.06308527
9925,0.00542361,0.4933665,0.05415443
9926,0.00599048,0.5008004,0.060917787
9927,0.00926855,0.5917809,0.10684819
9928,0.034942225,0.9866512,0.5651132
9929,0.0298835,0.87710863,0.45913237
9930,0.026120313,0.8030383,0.38555405
9931,0.023436587,0.7372025,0.3321224
9932,0.026843833,0.76556003,0.39256787
9933,0.025323065,0.7390311,0.36590517
9934,0.02785355,0.74432635,0.40796956
9935,0.028191565,0.73848623,0.41415402
9936,0.042023066,0.8535664,0.6742509
9937,0.12794542,1.285164,2.2532673
9938,0.094130345,1.0142751,1.6010935
9939,0.07349309,0.83829254,1.1866753
9940,0.059729144,0.7220634,0.91406673
9941,0.074930176,0.75272775,1.1620756
9942,1.7950689,2.6441107,7.673908
9943,1.9236777,2.2670388,7.6549945
9944,1.0333185,1.4775151,6.668155
9945,0.6066991,0.9646032,5.319037
9946,0.37863111,0.655186,3.8552601
9947,0.26573974,0.49435753,2.7920763
9948,0.20453648,0.40416563,2.1122823
9949,0.16393161,0.349875,1.6416287
9950,0.1362976,0.31324846,1.3162936
9951,0.11647555,0.28543937,1.0820152
9952,1.0537196,0.6836104,5.9757237
9953,0.65126556,0.48104423,4.5851746
9954,0.58099675,0.4035392,4.1034455
9955,0.552456,0.354514,3.8139672
9956,0.7947454,0.3729699,4.644755
9957,0.5474703,0.28726974,3.4827783
9958,0.49124527,0.25148892,3.0801408
9959,0.4826599,0.23399198,2.9344456
9960,1.0273875,0.30053514,4.818798
9961,0.7086229,0.23356956,3.659538
9962,0.5281783,0.19420528,2.7932587
9963,0.42216557,0.17034505,2.2099392
9964,0.34677917,0.15459162,1.7774324
9965,0.30270165,0.14608373,1.5167125
9966,0.26142013,0.13796178,1.2747996
9967,0.22809853,0.13273603,1.085635
9968,0.19888617,0.12951042,0.92826676
9969,0.17538477,0.12746324,0.8038968
9970,0.15947443,0.12532201,0.71529496
9971,0.14882568,0.12471987,0.6566538
9972,0.13296159,0.12460281,0.57909584
9973,0.12263476,0.124321885,0.5254085
9974,0.3660215,0.20107439,1.8340433
9975,0.29125825,0.18670009,1.4465978
9976,0.24962507,0.1777308,1.2117256
9977,0.21680199,0.17160255,1.0300927
9978,0.20464158,0.17027287,0.95789385
9979,0.21978804,0.17769393,1.0329642
9980,0.22607829,0.18508546,1.068807
9981,0.20211063,0.17846853,0.93148834
9982,0.18067013,0.17463273,0.81545925
9983,0.1639263,0.17139266,0.724517
9984,0.14982873,0.16899364,0.6493378
9985,0.9758272,0.37282756,4.0955086
9986,0.6687379,0.3098145,3.0309122
9987,0.49172264,0.27034822,2.278646
9988,0.38963938,0.24629065,1.7920716
9989,0.3209106,0.23044267,1.452395
9990,0.2778122,0.21869595,1.2266401
9991,0.257458,0.21475343,1.1178219
9992,0.9851571,0.37619185,3.8971984
9993,0.7180379,0.31864774,2.9748144
9994,0.5411141,0.28145882,2.2736142
9995,0.43652338,0.25766927,1.8124603
9996,0.36506808,0.24155235,1.4866084
9997,5.019895,0.7940348,7.2023673
9998,3.0033505,0.77472085,6.326912
9999,1.7896129,0.66063505,5.0807037
10000,1.1646285,0.5491343,3.8476892
10001,0.8418864,0.4714767,2.9229717
10002,0.62318027,0.41780752,2.2086384
10003,0.49337506,0.3840175,1.7393479
10004,0.40533695,0.36120594,1.4101589
10005,0.34808576,0.34566447,1.187384
10006,0.2993495,0.33484423,1.0069455
10007,0.2549224,0.3250278,0.8477922
10008,0.27083048,0.34632194,0.93115944
10009,0.22963406,0.33601004,0.782052
10010,0.1970417,0.32845008,0.6653669
10011,0.16154656,0.31621605,0.5449134
10012,0.13786073,0.31018698,0.46357837
10013,0.12660913,0.31027383,0.4217094
10014,0.3983386,0.5110131,1.6220344
10015,0.3164695,0.4731269,1.2805513
10016,0.7632002,0.6928708,3.0496082
10017,0.57552636,0.60245293,2.3346026
10018,1.5085362,0.90294576,4.7824225
10019,0.8638227,0.7179189,3.3241606
10020,0.64392966,0.6169927,2.5378118
10021,0.49962994,0.5548178,1.9933323
10022,0.48174804,0.54705846,1.9078218
10023,2.0943635,1.0338289,5.6014566
10024,1.1385077,0.81971073,4.0466256
10025,0.7913516,0.68452954,3.021607
10026,0.5753938,0.593727,2.2577236
10027,0.44796905,0.5369336,1.7572389
10028,2.9135823,1.2106645,6.2329397
10029,1.5418003,0.9920882,4.7495317
10030,0.896127,0.7902154,3.3216004
10031,0.61481804,0.66615,2.4036694
10032,0.6425774,0.6753596,2.486299
10033,0.47681007,0.5966467,1.8692796
10034,0.36875185,0.5431603,1.4443711
10035,0.26851824,0.49203616,1.0631242
10036,11.118207,3.5064468,7.964504
10037,6.758006,5.5486712,7.626007
10038,3.417674,5.325676,6.888764
10039,1.6482785,3.8773775,5.5144114
10040,1.0360925,2.9096253,4.367066
10041,0.65479904,2.1879663,3.1177945
10042,11.388818,10.309125,8.069243
10043,6.5585637,13.806517,7.785618
10044,1.9724262,9.970369,6.664641
10045,0.7620348,5.4904823,4.6944337
10046,0.5175012,3.9065468,3.6649683
10047,0.32553375,2.8326855,2.5074482
10048,0.20466268,2.1872253,1.6552503
10049,0.17110223,1.9334137,1.3761067
10050,1.0782518,3.8970976,5.654591
10051,0.49119562,2.493875,3.7248225
10052,0.33476037,1.9277803,2.7615747
10053,0.19539684,1.4843944,1.7401991
10054,0.12714973,1.2203428,1.1620222
10055,0.08459612,1.047193,0.7863755
10056,0.06303191,0.94863963,0.5861625
10057,0.045698576,0.8563723,0.43265533
10058,0.04045887,0.820967,0.37518638
10059,0.16772696,1.4366702,1.9222839
10060,0.86325383,2.6006253,5.907606
10061,1.8501816,3.0647185,7.2049065
10062,0.94034,1.9910531,5.9022045
10063,0.45646158,1.2923167,4.07497
10064,0.2910101,0.9738738,2.8469937
10065,0.21377417,0.8056943,2.1082897
10066,0.16950649,0.6955198,1.6341681
10067,2.0493963,1.9036703,7.155058
10068,6.4215302,3.1749413,8.118752
10069,5.4174376,3.9827373,8.00982
10070,2.3955188,3.2841651,7.326124
10071,0.9563402,2.2067313,5.809853
10072,0.4217295,1.4810833,3.8062732
10073,0.26875496,1.1260806,2.6561122
10074,0.2045618,0.939288,2.0156813
10075,0.36057806,1.1341944,3.2952495
10076,0.23593575,0.8937901,2.3153608
10077,0.13815653,0.7390889,1.4439224
10078,0.08619633,0.6423897,0.92950886
10079,0.094641395,0.6545625,1.0255139
10080,1.1104084,1.7396779,6.42635
10081,0.87706524,1.4989754,5.996552
10082,0.3792285,1.0171561,3.9517438
10083,0.1815044,0.7930907,2.2975683
10084,0.119733855,0.6516346,1.5537822
10085,0.12275169,0.62221056,1.5571227
10086,0.09106664,0.5527893,1.1541348
10087,0.059158985,0.47837442,0.75951385
10088,0.048653528,0.45234185,0.6093532
10089,0.031181851,0.41234043,0.3962765
10090,0.02003919,0.37914008,0.25764033
10091,0.016898507,0.36852187,0.2119279
10092,0.011248652,0.35071453,0.14482449
10093,0.011047743,0.35055044,0.14085771
10094,0.009715538,0.33411777,0.11870382
10095,0.008498315,0.3238657,0.100280985
10096,0.021308659,0.47919717,0.3246876
10097,0.021320662,0.50018805,0.33818775
10098,0.021969022,0.51534665,0.35381782
10099,0.035243392,0.6076963,0.62254274
10100,0.06035797,0.7135972,1.1378043
10101,0.034594778,0.62198174,0.6680174
10102,0.02299196,0.5456545,0.43786648
10103,0.015833981,0.48971218,0.29532018
10104,0.022265483,0.5701177,0.45571297
10105,0.021417268,0.52592087,0.42110416
10106,0.017416285,0.47993216,0.32305044
10107,0.013421542,0.44619855,0.2397052
10108,0.011362086,0.41017604,0.1910872
10109,0.018362565,0.48896003,0.34488633
10110,0.01521285,0.42899576,0.26417735
10111,0.020599589,0.46091953,0.37540916
10112,0.027077215,0.5020089,0.5167611
10113,0.023555595,0.4674033,0.43009636
10114,0.019575413,0.42625535,0.33669093
10115,0.020450013,0.4115309,0.34529966
10116,0.017262118,0.37967083,0.275421
10117,0.014796784,0.36333415,0.22747624
10118,0.012529677,0.344991,0.18420781
10119,0.014572869,0.36167768,0.21995193
10120,0.012511272,0.33982953,0.17954758
10121,0.010511424,0.32797068,0.14586239
10122,0.007759489,0.30904168,0.10592575
10123,0.0061431183,0.29690018,0.08167773
10124,0.007425189,0.32409772,0.103907965
10125,0.016376255,0.44963777,0.28394887
10126,0.013640818,0.41936693,0.22463052
10127,0.011579772,0.38091072,0.17859688
10128,0.009919744,0.3528272,0.14439145
10129,0.0060265767,0.32764712,0.088300854
10130,0.0053433147,0.32040027,0.0762461
10131,0.007215205,0.36275265,0.11148005
10132,0.0060555697,0.34232342,0.08890259
10133,0.004425433,0.32017475,0.06344546
10134,0.0037557387,0.28765962,0.049891487
10135,0.0031237106,0.27570063,0.039752454
10136,0.0032361473,0.29273537,0.042839088
10137,0.0070611006,0.39273575,0.115175806
10138,0.012586662,0.5019122,0.2415014
10139,0.022431646,0.6061146,0.48428932
10140,0.024512222,0.59034514,0.5248499
10141,0.023343222,0.5423475,0.47829843
10142,0.02155443,0.53279066,0.44042736
10143,0.0143814515,0.47198942,0.28716615
10144,0.011076012,0.43913773,0.21427052
10145,0.009806514,0.42116526,0.1837392
10146,0.0058347443,0.375578,0.108351186
10147,0.006603486,0.41150853,0.13354102
10148,0.0049605863,0.37554455,0.094644986
10149,0.0036307022,0.34291124,0.06574054
10150,0.0028501044,0.3137972,0.04814178
10151,0.0035782214,0.31793487,0.061697543
10152,0.0033301096,0.28850695,0.05389456
10153,0.006014069,0.35161233,0.1121525
10154,0.0048889085,0.31604046,0.084083274
10155,0.004446991,0.30660072,0.07419807
10156,0.0036815123,0.2814736,0.05725061
10157,0.0025995,0.2594502,0.039094534
10158,0.0026048545,0.26347476,0.03921924
10159,0.0022844588,0.2324155,0.031647984
10160,0.0029825617,0.24408893,0.043184005
10161,0.0025790378,0.21932052,0.034552876
10162,0.0019757245,0.2079328,0.025531506
10163,0.0017692497,0.18947525,0.021361947
10164,0.0015889425,0.17683579,0.018106366
10165,0.0015436519,0.16679484,0.01685958
10166,0.0020694362,0.17923346,0.023962451
10167,0.0017206882,0.17239805,0.01904426
10168,0.0013697834,0.16607137,0.014637023
10169,0.0011232304,0.16015263,0.011516095
10170,0.00094161084,0.1540215,0.009213451
10171,0.0010385084,0.15997036,0.010314539
10172,0.00093735015,0.15531977,0.008957364
10173,0.0007931906,0.15465738,0.0075642616
10174,0.00063491054,0.14918667,0.0058440734
10175,0.0005424762,0.14589845,0.0048351986
10176,0.00065116165,0.16311981,0.0062140464
10177,0.0006865561,0.16461088,0.0065291547
10178,0.0006159894,0.15374038,0.005530164
10179,0.0022065896,0.25012624,0.028392738
10180,0.0018487098,0.23648858,0.02251523
10181,0.011318533,0.46304625,0.2249217
10182,0.01342395,0.4695203,0.27132058
10183,0.011163298,0.40900528,0.2077519
10184,0.008604183,0.38057172,0.1531836
10185,0.0060939915,0.34901935,0.10516095
10186,0.0038073582,0.30998474,0.064443655
10187,0.0025236567,0.27932557,0.041353386
10188,0.0018843185,0.25758287,0.029234476
10189,0.0014655323,0.23801304,0.021325722
10190,0.0011876792,0.21673532,0.01596536
10191,0.0009641929,0.20113315,0.012116958
10192,0.0007878565,0.18720207,0.0092658205
10193,0.00065090694,0.1734026,0.007136104
10194,0.0006588696,0.16617985,0.00699492
10195,0.00074665976,0.17338008,0.008086946
10196,0.0006207405,0.1630549,0.0063241874
10197,0.0006651606,0.15894297,0.006694541
10198,0.00087345217,0.17138802,0.009334321
10199,0.0019805764,0.22618708,0.02612191
10200,0.004359255,0.2906871,0.06983742
10201,0.005419006,0.30633244,0.090551324
10202,0.007411759,0.33729708,0.13306618
10203,0.0064895004,0.30277306,0.10869358
10204,0.00529566,0.2830408,0.08367389
10205,0.00451904,0.26185998,0.06694742
10206,0.0052917087,0.26226786,0.0790867
10207,0.005382585,0.25831187,0.07963808
10208,0.0056323614,0.25249615,0.082293525
10209,0.0210208,0.4144248,0.42938295
10210,0.017024131,0.35637188,0.3180296
10211,0.0138421375,0.33002192,0.24426082
10212,0.011496407,0.30512297,0.19078478
10213,0.009689531,0.2763502,0.14964834
10214,0.008232192,0.25716612,0.119692594
10215,0.0067416565,0.24690424,0.09424176
10216,0.005470558,0.2375489,0.07373476
10217,0.0043455237,0.2283087,0.056696806
10218,0.003673498,0.21866326,0.045719687
10219,0.003168889,0.20168445,0.036931586
10220,0.0027474149,0.18576773,0.029983195
10221,0.00239512,0.17642675,0.02480727
10222,0.0021661872,0.16867375,0.021448884
10223,0.002964041,0.18431161,0.03144159
10224,0.0038824112,0.19751765,0.0434174
10225,0.0047515025,0.20795627,0.05508099
10226,0.011304117,0.28217793,0.16363712
10227,0.009743062,0.2585448,0.13228522
10228,0.010925551,0.26230273,0.14960846
10229,0.009458468,0.24947113,0.12346536
10230,0.00817589,0.24018171,0.102333605
10231,0.00687122,0.23424546,0.083360486
10232,0.0060258075,0.2232171,0.069713674
10233,0.005146615,0.21844712,0.057671454
10234,0.0045546824,0.21042584,0.04893685
10235,0.011422128,0.30916807,0.15952404
10236,0.009763423,0.29704037,0.1309452
10237,0.008452239,0.284402,0.10853719
10238,0.007228444,0.27592856,0.08958138
10239,0.007023997,0.26529875,0.08453466
10240,0.006632296,0.25756985,0.07796003
10241,0.007397522,0.2659817,0.08888823
10242,0.018694984,0.38219142,0.28806522
10243,0.015356717,0.36510035,0.22864711
10244,0.013108027,0.3473415,0.18686543
10245,0.011283435,0.3311476,0.15400742
10246,0.0098390905,0.31146368,0.12771718
10247,0.008549809,0.2997341,0.106636435
10248,0.0074321968,0.29005823,0.089305595
10249,0.0065084347,0.2802745,0.075251095
10250,0.005721199,0.27118182,0.0636809
10251,0.005051754,0.26233095,0.054121297
10252,0.0044899303,0.25213575,0.0461684
10253,0.004008409,0.24037893,0.039437722
10254,0.00434907,0.2473397,0.043353103
10255,0.0038943226,0.23686513,0.037229206
10256,0.0042404206,0.24633296,0.041275818
10257,0.0057471925,0.27296466,0.06037565
10258,0.0051316665,0.26328722,0.051885754
10259,0.004600126,0.24924856,0.044445246
10260,0.00413724,0.23663585,0.038250245
10261,0.021198304,0.44715306,0.30652535
10262,0.019344078,0.4247862,0.27112547
10263,0.016940722,0.3988234,0.22683103
10264,0.022166133,0.44343016,0.31844276
10265,0.020783037,0.41587466,0.2877609
10266,0.018345572,0.38164717,0.24089137
10267,0.016088953,0.3640968,0.20302229
10268,0.014225363,0.34504023,0.17198138
10269,0.01262595,0.329995,0.14676203
10270,0.011253058,0.31645212,0.12589136
10271,0.0100770565,0.3017289,0.10826596
10272,0.009032562,0.28247315,0.09256835
10273,0.008451166,0.27962905,0.08488136
10274,0.0076298555,0.2704251,0.07402342
10275,0.0069114105,0.2596006,0.06460127
10276,0.0062710354,0.24702178,0.056299627
10277,0.03845945,0.5030148,0.5548854
10278,0.05867203,0.58228296,0.90427625
10279,0.049073264,0.51148254,0.7138916
10280,0.04778213,0.48297945,0.67585194
10281,0.04300256,0.45187038,0.5861434
10282,0.044849116,0.44220743,0.60423505
10283,0.040291905,0.41202423,0.5215164
10284,0.15671194,0.6909581,2.309516
10285,0.119235314,0.5617304,1.6960856
10286,0.09531657,0.48565948,1.3000427
10287,0.07874662,0.43396762,1.028137
10288,0.0665891,0.39639825,0.8329801
10289,0.057097953,0.3699649,0.6872257
10290,0.05237815,0.35964468,0.6169439
10291,0.15284584,0.55869657,2.0256474
10292,0.12039316,0.47327942,1.5372915
10293,0.09837906,0.42003468,1.2076247
10294,0.08285983,0.37961915,0.9745216
10295,0.07133526,0.34356824,0.8006436
10296,0.06231361,0.3159744,0.66910696
10297,0.054973133,0.2990937,0.5693793
10298,0.04891501,0.2855999,0.48979288
10299,0.043835703,0.27450162,0.4251363
10300,0.03831289,0.27023396,0.36432466
10301,0.034657158,0.2627632,0.32041553
10302,0.041939206,0.28097117,0.40219846
10303,0.03798165,0.2680288,0.35195485
10304,0.034517296,0.25981092,0.3107245
10305,0.03134173,0.25514328,0.2753978
10306,0.24694397,0.58922505,2.7720177
10307,0.19997984,0.4909835,2.2038085
10308,0.15882415,0.41573966,1.6943625
10309,0.13082537,0.3687845,1.3457757
10310,0.111315496,0.33591202,1.1030595
10311,0.37871814,0.53688824,3.5204728
10312,5.4544506,1.6181374,8.091663
10313,5.224232,1.9918485,8.027032
10314,2.7552843,1.7750903,7.4482217
10315,1.4624057,1.3031951,6.4152365
10316,0.87010604,0.9295722,5.0945797
10317,0.56854147,0.68661654,3.8056085
10318,1.1369805,0.8313353,5.4847183
10319,0.7281947,0.61846673,4.1705484
10320,0.5391225,0.49333438,3.238283
10321,0.7763524,0.5303011,4.093289
10322,0.6352246,0.44285396,3.4243317
10323,0.4819286,0.3625828,2.630529
10324,0.8811868,0.4435991,4.097499
10325,0.62813723,0.3643186,3.0952053
10326,0.64700663,0.35270596,3.0839224
10327,0.50292856,0.30667976,2.4091911
10328,0.39705995,0.27669245,1.8894979
10329,1.421332,0.46574664,4.991285
10330,0.9511008,0.37892243,3.7983704
10331,0.6934571,0.32174873,2.8892775
10332,1.3103452,0.41136026,4.488649
10333,0.9496972,0.35289362,3.531769
10334,0.7156152,0.30184776,2.7240968
10335,0.55927086,0.2718755,2.1293018
10336,0.5537579,0.2734749,2.0862296
10337,1.9710655,0.47382262,5.2579193
10338,3.9497964,0.6744927,6.660701
10339,2.3186595,0.617632,5.5076175
10340,1.3944412,0.51551884,4.139055
10341,2.1625748,0.61477774,5.2059593
10342,3.7290578,0.79944134,6.3403344
10343,3.1118836,0.81913304,5.8808427
10344,2.7130275,0.8520719,5.4994664
10345,1.7773764,0.7639912,4.3713655
10346,2.9087553,0.98911834,5.602888
10347,1.7494166,0.86285776,4.255372
10348,1.1113381,0.73694324,3.0489056
10349,0.7764225,0.64707285,2.2212863
10350,0.7333882,0.64137,2.0878923
10351,0.6203237,0.611382,1.7693833
10352,0.5105128,0.57553804,1.4369234
10353,0.40405524,0.53844255,1.132986
10354,0.31117448,0.50420123,0.8749459
10355,0.5149419,0.63464344,1.5498856
10356,0.6646178,0.7118944,2.0105145
10357,0.5374933,0.65935165,1.6089872
10358,0.4339369,0.617507,1.2879792
10359,0.34527543,0.57804894,1.0206693
10360,0.27463806,0.5427746,0.81026185
10361,0.21478122,0.5112018,0.6354461
10362,0.18371391,0.49776122,0.54069585
10363,0.22830549,0.55887765,0.7114637
10364,2.313699,1.4782287,5.460842
10365,1.6009775,1.2800599,4.4440174
10366,0.98314506,1.0442983,3.153052
10367,1.0752949,1.0761582,3.3618102
10368,0.83396596,0.96080804,2.7128427
10369,0.5618059,0.82686365,1.9119483
10370,1.2203623,1.1488867,3.7472153
10371,0.8347812,0.96895564,2.745783
10372,0.6031717,0.8451634,2.033706
10373,0.45209005,0.7568908,1.5349393
10374,0.3395792,0.685716,1.1585048
10375,0.26699924,0.6363117,0.9092578
10376,0.20306161,0.5905333,0.6951604
10377,0.17182125,0.57026976,0.5848971
10378,0.15213463,0.56000733,0.5133759
10379,0.13117173,0.5468436,0.44087437
10380,0.10380309,0.5164028,0.35068783
10381,0.08890755,0.50516456,0.3004454
10382,0.07213897,0.48316914,0.24507287
10383,0.061748877,0.47396567,0.21034424
10384,0.051537577,0.46041158,0.17646466
10385,0.040461525,0.43603435,0.13986173
10386,0.037165906,0.43916807,0.12845545
10387,0.034934234,0.44235805,0.120441794
10388,0.11109812,0.7197247,0.5245327
10389,0.15936908,0.85740286,0.83470273
10390,0.14253029,0.82148767,0.7351627
10391,0.109957464,0.75768405,0.56852686
10392,0.09850802,0.736536,0.5027583
10393,0.08033141,0.70136815,0.41030094
10394,0.06639556,0.6738805,0.3391542
10395,0.05850766,0.66336673,0.2975024
10396,0.07802252,0.7643683,0.4333215
10397,0.103582986,0.87624156,0.62337965
10398,0.16293718,1.0514643,1.0664856
10399,0.12133047,0.94219536,0.79828507
10400,0.119254835,0.95044106,0.799153
10401,0.15225539,1.0470847,1.0662521
10402,0.14851569,1.0193535,1.0363048
10403,0.35142145,1.4105098,2.5166457
10404,0.3935683,1.382199,2.7393262
10405,0.29582655,1.1492321,2.0674832
10406,0.20718944,1.0216014,1.5399071
10407,0.13398296,0.8802727,1.0258287
10408,0.08653908,0.7912898,0.68055135
10409,0.31467226,1.3583302,2.7313263
10410,0.19346486,1.110891,1.8268721
10411,0.14610167,0.97101724,1.3723894
10412,0.14801106,0.9565877,1.3876973
10413,0.09946803,0.8177315,0.94943833
10414,0.07378909,0.73999006,0.70416135
10415,0.06427754,0.7109399,0.60401934
10416,0.054569952,0.68558335,0.5090519
10417,0.039372377,0.6247176,0.36913878
10418,0.030321222,0.58880836,0.28415248
10419,0.026866179,0.577422,0.24773458
10420,15.953786,38.22426,9.152581
10421,15.552309,58.645508,9.295647
10422,11.818376,32.43626,9.271908
10423,3.0380664,17.747807,9.0127125
10424,0.5158774,5.310131,8.1259775
10425,0.15331103,1.9355717,5.726472
10426,0.064688824,0.9206113,2.9922998
10427,0.04114447,0.61711925,1.8088984
10428,0.023708403,0.40392905,0.9021841
10429,0.017595923,0.3174861,0.5944461
10430,0.050793774,0.46593902,1.9183773
10431,0.032106668,0.32093295,1.0733341
10432,0.021254702,0.25002393,0.6331022
10433,0.015088846,0.20012774,0.3944496
10434,0.011040582,0.16967444,0.2583768
10435,0.00831261,0.14652053,0.17473017
10436,0.006287166,0.1306128,0.12065161
10437,0.0049238717,0.111848325,0.08417442
10438,0.0039061494,0.09375916,0.059049908
10439,0.0033914587,0.08466714,0.047588024
10440,0.0028193595,0.076074034,0.03617989
10441,0.0023080637,0.07114571,0.027596947
10442,0.007149969,0.10474684,0.11391224
10443,0.0061962157,0.09464114,0.09173053
10444,0.0050997697,0.087644644,0.07011907
10445,0.003941529,0.08365652,0.05173256
10446,0.003289199,0.075707234,0.03967084
10447,0.0027658287,0.070601314,0.031092837
10448,0.0024218634,0.064215384,0.025360832
10449,0.011599725,0.11968982,0.18954034
10450,0.008183474,0.11153557,0.1292237
10451,0.0053566564,0.102349944,0.082341515
10452,0.0038886236,0.09581972,0.057090536
10453,0.004630273,0.098593235,0.06940871
10454,0.003780189,0.09013539,0.052214194
10455,0.0031149487,0.083057396,0.039811503
10456,0.0025935613,0.076416366,0.03066496
10457,0.0020536166,0.07337374,0.023146195
10458,0.0017229868,0.06591417,0.01779667
10459,0.0015914597,0.059892517,0.015357131
10460,0.0040768916,0.08681462,0.051568534
10461,0.003433163,0.078624465,0.039999798
10462,0.0028535693,0.07561164,0.031553265
10463,0.0024835223,0.07281405,0.026114976
10464,0.0039849556,0.08369076,0.046462994
10465,0.0033587138,0.080366895,0.037138004
10466,0.0025264628,0.07747856,0.02717076
10467,0.0021605906,0.07246591,0.021739775
10468,0.0018593062,0.067756936,0.017515983
10469,0.0016036695,0.06193306,0.014027087
10470,0.005556193,0.0979593,0.06837347
10471,0.0047581904,0.089810476,0.05443836
10472,0.0040756613,0.08623245,0.04426521
10473,0.003444547,0.08481757,0.036136113
10474,0.038334206,0.2174025,0.74363935
10475,0.040141307,0.20611171,0.75180763
10476,0.032988064,0.18089679,0.5727045
10477,0.027206514,0.15787077,0.43499196
10478,0.020352183,0.14851919,0.3158659
10479,0.017485473,0.1357943,0.2537597
10480,0.011604094,0.12574711,0.16878188
10481,0.009829304,0.11375652,0.13237503
10482,0.010143454,0.11479222,0.13536608
10483,0.0076326863,0.11012565,0.0992417
10484,0.0065006157,0.09817713,0.0778177
10485,0.005588797,0.09396071,0.06346615
10486,0.0042377566,0.09093565,0.04703849
10487,0.0036551936,0.0829253,0.03769278
10488,0.0027983743,0.08062355,0.028205706
10489,0.0022027176,0.07871871,0.021585291
10490,0.0016359945,0.07585777,0.015679829
10491,0.0011482807,0.0719725,0.010802807
10492,0.0069583617,0.14250778,0.108647466
10493,0.0054173064,0.13488412,0.08050991
10494,0.003933218,0.12667856,0.05631833
10495,0.0028669382,0.11900047,0.039443325
10496,0.0021672659,0.112318136,0.028426476
10497,0.0016120581,0.105781294,0.0201985
10498,0.0012978822,0.099307835,0.01523396
10499,0.0010156851,0.09411267,0.011295768
10500,0.00081359316,0.08908615,0.008529454
10501,0.0006659347,0.083946034,0.0065459786
10502,0.00052694156,0.08010446,0.0049238894
10503,0.00047503808,0.076916724,0.004229404
10504,0.0006603756,0.082010485,0.0062165926
10505,0.0006032861,0.073682055,0.0052735717
10506,0.00051151856,0.071282245,0.0042653293
10507,0.00049580215,0.07197123,0.0040740888
10508,0.00042301815,0.06782884,0.003262522
10509,0.0003994895,0.06903425,0.0030524358
10510,0.00028523276,0.06559438,0.0021318023
10511,0.00023418677,0.0633599,0.0016699221
10512,0.0001957944,0.060986742,0.0013262774
10513,0.00017159841,0.057841774,0.0010973437
10514,0.00016671656,0.057934497,0.0010454587
10515,0.0001440287,0.053897135,0.00084414735
10516,0.00011006761,0.05222586,0.0006289774
10517,9.641736e-05,0.046447832,0.0005072995
10518,8.512341e-05,0.046436314,0.00043740106
10519,0.000109287736,0.053068224,0.00060634204
10520,8.741996e-05,0.05183814,0.00047025282
10521,7.3831114e-05,0.05051065,0.00038044076
10522,0.00022800037,0.07643492,0.0016121382
10523,0.0010428779,0.13617858,0.011423115
10524,0.0008706153,0.11911873,0.008662203
10525,0.0010207666,0.12215964,0.010377916
10526,0.00086954806,0.110719346,0.008169387
10527,0.0007436594,0.10518005,0.0065987846
10528,0.00053577824,0.099737056,0.0046516056
10529,0.0006797787,0.11263226,0.006339814
10530,0.0005804923,0.104467,0.0050518764
10531,0.00050699915,0.09647223,0.004122584
10532,0.00052186055,0.09253937,0.0041248123
10533,0.00045585193,0.08733536,0.0033984338
10534,0.00039906875,0.08049905,0.0027809264
10535,0.00032326704,0.07891705,0.0021900372
10536,0.0002888589,0.075605,0.0018634902
10537,0.00036017536,0.07963405,0.0024217519
10538,0.00032268473,0.07214295,0.0020239113
10539,0.00028526087,0.068420924,0.0016946796
10540,0.0002450829,0.06765435,0.001409786
10541,0.00021720363,0.065342486,0.0011933824
10542,0.0001916774,0.06494069,0.0010228584
10543,0.00060884474,0.101842865,0.0045232456
10544,0.0005366869,0.09536087,0.0037590205
10545,0.00047197333,0.09304068,0.003175209
10546,0.0005368307,0.10015692,0.0037404841
10547,0.0010756857,0.13005671,0.009060287
10548,0.003074608,0.19742529,0.034983408
10549,0.0026128236,0.19137146,0.028553087
10550,0.0022555757,0.18437737,0.023562735
10551,0.0017750487,0.1785065,0.018099967
10552,0.0015488255,0.166748,0.014876705
10553,0.0012939333,0.1630064,0.012032829
10554,0.0010835093,0.15935089,0.009750768
10555,0.0009271544,0.15549299,0.008039927
10556,0.00092479703,0.15516095,0.007905191
10557,0.0010133395,0.16050053,0.008779424
10558,0.001354986,0.17445205,0.012490315
10559,0.001981096,0.1986785,0.020041576
10560,0.0067890254,0.32159007,0.09721989
10561,0.006276332,0.29933354,0.08556006
10562,0.016103366,0.4169316,0.27713686
10563,0.017312484,0.40654194,0.29447258
10564,0.015495504,0.37874648,0.252375
10565,0.013179904,0.34778348,0.20194279
10566,0.011253821,0.32729337,0.16388607
10567,0.010157538,0.30697548,0.14165711
10568,0.121664055,0.8144826,2.5189233
10569,0.20015791,0.87050664,3.6467428
10570,0.20152439,0.73129696,3.4809308
10571,0.16678645,0.5835785,2.8425488
10572,0.118964806,0.45348287,1.9840282
10573,0.095271796,0.38056678,1.5208081
10574,0.079459734,0.33060095,1.2043104
10575,0.06689104,0.29115894,0.96067375
10576,0.054774456,0.27064902,0.7575787
10577,0.04254034,0.25434375,0.5759988
10578,0.036182206,0.24230407,0.47171912
10579,0.026291093,0.22656007,0.33990568
10580,0.020346092,0.21722661,0.25885898
10581,0.017426394,0.21163285,0.2146759
10582,0.014843103,0.2072535,0.17766
10583,0.011948854,0.20223913,0.1403886
10584,0.010593857,0.19285852,0.11895296
10585,0.009425873,0.1810437,0.10056872
10586,0.020806022,0.24627781,0.27335253
10587,0.041852802,0.323184,0.64229345
10588,0.035441764,0.28744262,0.50968933
10589,0.18807438,0.5372717,2.9745166
10590,0.13211599,0.42548743,2.0814204
10591,0.09189943,0.36022392,1.4399109
10592,0.06792946,0.32063216,1.041536
10593,0.052127972,0.2942931,0.778181
10594,0.04230747,0.2761389,0.60988176
10595,0.03517711,0.26215813,0.48903736
10596,0.029293705,0.25155157,0.3942849
10597,0.024778092,0.24288298,0.32272726
10598,0.020853914,0.23609619,0.2638772
10599,0.018163418,0.22851631,0.22162987
10600,0.016066452,0.21291788,0.18607357
10601,0.013852094,0.20952894,0.15617377
10602,0.012030222,0.20646417,0.13198014
10603,0.010765901,0.19559951,0.11281797
10604,0.009651858,0.1834743,0.09628324
10605,0.008686225,0.17882974,0.083720826
10606,0.035911757,0.31421396,0.50125575
10607,0.030316567,0.30033973,0.4086956
10608,0.025951058,0.28867957,0.33783817
10609,0.022468943,0.2784573,0.28242916
10610,0.019040393,0.27161098,0.23309219
10611,0.016630255,0.26425457,0.19708139
10612,0.014759199,0.2544888,0.16839002
10613,0.01291718,0.24988633,0.14327545
10614,0.01157343,0.23751226,0.12296637
10615,0.010308565,0.23293187,0.10627545
10616,0.009271018,0.2188524,0.09119556
10617,0.008321178,0.21532127,0.07952709
10618,0.007438266,0.21315587,0.06928876
10619,0.006769114,0.20304458,0.06054208
10620,0.015985023,0.28194508,0.18023497
10621,0.01432122,0.26834518,0.15497929
10622,0.012877077,0.25796396,0.134262
10623,0.011598906,0.24210028,0.11553136
10624,0.010509405,0.23327118,0.10097914
10625,0.009544557,0.22621603,0.08869673
10626,0.011511829,0.24051294,0.111434065
10627,0.010732542,0.2323609,0.10074689
10628,0.009777292,0.2234872,0.088551424
10629,0.008932074,0.21224466,0.07775436
10630,0.009764246,0.2208135,0.08698011
10631,0.0089300405,0.21457124,0.077075794
10632,0.013427399,0.25823152,0.13041641
10633,0.024280941,0.32240754,0.27369535
10634,0.021509735,0.31420302,0.23558061
10635,0.019240648,0.3053021,0.20437782
10636,0.020927034,0.3147146,0.22622822
10637,0.018844247,0.30154473,0.19653955
10638,0.021574667,0.31343284,0.2306655
10639,0.08169003,0.53473693,1.1540099
10640,0.07177229,0.49003768,0.9816782
10641,0.07360324,0.4722338,0.98776895
10642,0.13063866,0.5881361,1.8247316
10643,0.10364087,0.5045943,1.3914317
10644,0.0846401,0.4528906,1.0938666
10645,0.07072168,0.4167124,0.8807253
10646,0.09341118,0.4573411,1.1924516
10647,0.08790107,0.43733144,1.0976244
10648,0.074336335,0.3989969,0.8905933
10649,0.063982375,0.37018853,0.73677903
10650,0.055933744,0.3451711,0.6187014
10651,0.05712643,0.34421864,0.6271211
10652,0.11427803,0.44439635,1.3736427
10653,0.095473915,0.39238304,1.0959574
10654,0.081452705,0.36022264,0.8986438
10655,0.07072744,0.33475247,0.7504322
10656,0.06223856,0.313984,0.63586193
10657,0.055262472,0.29842183,0.5455214
10658,1.2676208,1.0569459,6.694965
10659,1.4532033,0.93999124,6.76973
10660,0.8373532,0.6338257,5.4228377
10661,0.53468376,0.4561292,4.0563188
10662,0.37910804,0.35371104,3.0068407
10663,0.41703716,0.34165242,3.1444335
10664,0.31739134,0.28203076,2.3894947
10665,0.25476837,0.2457539,1.8754231
10666,0.211278,0.22295773,1.5129014
10667,0.24679814,0.23336512,1.7477164
10668,0.20667458,0.21402265,1.4232877
10669,0.17815875,0.19939539,1.1892824
10670,0.15559192,0.19005945,1.0108916
10671,0.23741193,0.22401214,1.5892855
10672,0.23333302,0.21770924,1.5292634
10673,0.19741663,0.20391743,1.2614884
10674,0.17012338,0.19431938,1.060454
10675,4.161237,0.7715797,7.517142
10676,2.4973304,0.68307334,6.761654
10677,1.9205136,0.5914967,6.1462016
10678,1.2759055,0.47111928,5.0426235
10679,0.8850284,0.3727611,3.9186692
10680,0.70897484,0.3102923,3.2060046
10681,0.5456506,0.2660323,2.4845915
10682,0.4399758,0.23888795,1.976709
10683,0.36750656,0.2206748,1.6154009
10684,0.31439862,0.20819195,1.3493204
10685,0.2667611,0.19997881,1.1251836
10686,0.2829739,0.20659417,1.1920291
10687,0.24604489,0.20016558,1.0162601
10688,0.21952327,0.19515404,0.8874323
10689,0.19618824,0.19203368,0.7787946
10690,0.81069803,0.34953535,3.2910833
10691,1.4027123,0.43120712,4.6730447
10692,0.96214503,0.3589413,3.5504086
10693,5.8179426,0.836511,7.3267727
10694,3.2967587,0.86934644,6.471652
10695,3.5203335,0.9860547,6.517844
10696,2.0738556,0.86575335,5.3179564
10697,1.3257878,0.7222086,4.0570316
10698,0.8989467,0.6112609,2.990708
10699,0.7488236,0.561938,2.5034187
10700,0.60152894,0.5109849,1.9996614
10701,0.49057224,0.4760866,1.614723
10702,0.71282804,0.5631434,2.3360834
10703,0.55695164,0.5138798,1.8232718
10704,0.45810717,0.48121485,1.4789534
10705,0.3887674,0.4581565,1.2329313
10706,0.33552808,0.4413544,1.045576
10707,1.5205656,0.8253499,4.22167
10708,1.0604358,0.7139299,3.2433343
10709,0.7302425,0.61408055,2.3510704
10710,0.52781177,0.54471874,1.732046
10711,0.4324978,0.5106601,1.4016131
10712,0.36628377,0.48692414,1.1676953
10713,0.31997934,0.46948168,1.0009907
10714,0.27711192,0.4558913,0.85484964
10715,0.24809363,0.4467804,0.75368893
10716,0.27588126,0.46800593,0.8548924
10717,0.34466016,0.5098145,1.1026783
10718,0.40332735,0.5374414,1.3066748
10719,0.34791064,0.5170906,1.1121534
10720,0.30473807,0.4989628,0.95624554
10721,0.26160482,0.48357233,0.8112379
10722,0.2249015,0.47087738,0.6928778
10723,0.21983643,0.47750542,0.67806154
10724,0.20006952,0.46640968,0.60766584
10725,0.26525056,0.5351899,0.8568047
10726,0.28466603,0.5621864,0.9351571
10727,0.24038605,0.5408454,0.782372
10728,0.19311021,0.5112849,0.62799674
10729,0.45190635,0.7401579,1.6684998
10730,4.5929747,2.1182005,6.937969
10731,2.5877917,1.9317617,5.8668323
10732,1.6247137,1.6042013,4.662059
10733,1.0546789,1.3065422,3.4476807
10734,0.7457613,1.1079158,2.5551438
10735,0.49227166,0.94835496,1.7666726
10736,0.46820918,0.93011,1.6788648
10737,0.96637124,1.255431,3.2765362
10738,0.6282862,1.039471,2.2847817
10739,0.4326683,0.8972899,1.6208268
10740,0.31638876,0.7993965,1.1967771
10741,0.26033598,0.7512207,0.9752193
10742,0.2538877,0.750292,0.9509356
10743,0.21153863,0.71307075,0.7856925
10744,0.17284909,0.67544377,0.6398097
10745,0.17230989,0.691059,0.64695776
10746,0.23229994,0.7900705,0.9279438
10747,0.19796798,0.75710696,0.79064584
10748,0.17570665,0.7299741,0.690765
10749,0.15233108,0.70677274,0.5932714
10750,0.116015844,0.6564488,0.45496863
10751,0.10424615,0.64632577,0.4055391
10752,0.1156946,0.691025,0.46836862
10753,0.11025104,0.6917028,0.44687086
10754,0.094820574,0.6733038,0.38310772
10755,0.40625852,1.2112118,2.0335689
10756,0.31387645,1.0703663,1.5670432
10757,0.4550425,1.2256645,2.2694986
10758,0.48235244,1.2057478,2.368883
10759,0.8585852,1.4713984,3.7613702
10760,1.1599349,1.5870575,4.5402966
10761,0.6518479,1.2027638,3.0656936
10762,0.43950477,0.98726624,2.1729066
10763,0.30241242,0.83749604,1.5347285
10764,0.24964301,0.772038,1.2469695
10765,0.29354742,0.8254488,1.4896926
10766,0.35356042,0.9203954,1.9182669
10767,0.23447368,0.78994834,1.3130412
10768,0.1640189,0.69950324,0.9327018
10769,0.13696304,0.6640078,0.77049524
10770,0.12106,0.63969606,0.6694102
10771,0.2989487,0.92186034,1.8403001
10772,0.2420776,0.8278528,1.466839
10773,0.19961734,0.76230067,1.1896371
10774,0.17731121,0.72382426,1.0397227
10775,0.7858604,1.3177528,4.1150775
10776,0.45649615,0.99248624,2.7529454
10777,0.33961573,0.84442675,2.0711093
10778,0.25956053,0.74626184,1.5811018
10779,0.19721907,0.67049885,1.2010354
10780,0.16954315,0.6288628,1.0097853
10781,0.35053027,0.8362349,2.1707819
10782,0.34281856,0.79631233,2.0896747
10783,0.30293873,0.7285255,1.8165944
10784,0.25750974,0.6898444,1.6127273
10785,0.1723945,0.6028518,1.1073909
10786,0.2786408,0.7284489,1.8461109
10787,0.7954359,1.0761613,4.3231797
10788,0.46302736,0.8037699,2.9247677
10789,0.3137904,0.66239095,2.067306
10790,0.24779488,0.5913429,1.6152443
10791,0.19841425,0.5418073,1.2780958
10792,0.17203572,0.507704,1.0814921
10793,0.14890477,0.48280558,0.9163199
10794,0.1052798,0.44001067,0.65641385
10795,0.087044135,0.42388564,0.5397078
10796,0.07870301,0.4162883,0.48013508
10797,0.06625388,0.40630698,0.40308058
10798,0.057605196,0.40148044,0.34829193
10799,0.049795114,0.39698172,0.29978767
10800,0.04410374,0.39558548,0.26399133
10801,0.04232613,0.3994196,0.25277817
10802,0.1867672,0.7340921,1.4851923
10803,2.142719,1.9708345,6.928737
10804,1.0685313,1.3741995,5.518544
10805,0.6454874,1.0001583,4.1004133
10806,1.2462387,1.1893251,5.662684
10807,0.66664124,0.84395134,4.0403905
10808,0.734796,0.8224975,4.2447853
10809,1.0682573,0.8773699,5.1022916
10810,2.0967553,1.0726019,6.473262
10811,2.5866718,1.1402645,6.7436633
10812,1.7407881,0.9491911,5.873685
10813,1.0602984,0.73784935,4.561759
10814,0.61616856,0.5678284,3.1376846
10815,0.36647806,0.4724048,2.0478716
10816,0.2517237,0.40774387,1.4415231
10817,0.44694483,0.5130158,2.5294845
10818,0.5430269,0.54406554,2.95954
10819,0.44814336,0.49087304,2.486417
10820,0.32876137,0.4282183,1.8488939
10821,0.21275361,0.37996802,1.2426
10822,0.13861921,0.35166067,0.8350983
10823,0.09410899,0.3287466,0.57925355
10824,0.066299714,0.30777475,0.41437185
10825,0.042798147,0.30308077,0.27584583
10826,0.029378941,0.28927413,0.19309898
10827,0.02368691,0.28224963,0.15616055
10828,0.02125461,0.28451115,0.13923953
10829,0.034656562,0.36798897,0.27536845
10830,0.024635814,0.34087688,0.19763382
10831,0.020204347,0.33456397,0.16303766
10832,0.05423562,0.50598466,0.5631235
10833,0.04989699,0.4846826,0.50516254
10834,0.044221353,0.46730402,0.43628028
10835,0.033592414,0.4398026,0.33104533
10836,0.02151023,0.41735226,0.21669875
10837,0.014194978,0.38894877,0.14503638
10838,0.009807055,0.3576991,0.10066629
10839,0.010447458,0.37790915,0.11016975
10840,0.013642662,0.4205272,0.15431532
10841,0.017325386,0.45994574,0.20779452
10842,0.021747269,0.49200237,0.27347183
10843,0.037088033,0.59436035,0.52383316
10844,0.068151645,0.73007417,1.0574809
10845,0.060441446,0.6547014,0.89882857
10846,0.050277658,0.5995341,0.718547
10847,0.03292169,0.52508366,0.47255448
10848,0.035498068,0.5387348,0.5151852
10849,0.063277766,0.66912615,1.0125211
10850,0.040012017,0.5712714,0.6448801
10851,0.026248623,0.50244844,0.42228228
10852,0.027382242,0.5197332,0.44839698
10853,0.02588498,0.5317772,0.4502541
10854,0.018205144,0.48237252,0.31156477
10855,0.014647946,0.45804793,0.24441093
10856,0.012500132,0.44510007,0.20531183
10857,0.009474943,0.41753834,0.15158518
10858,0.0073800846,0.39470232,0.11433545
10859,0.0050202766,0.3599763,0.07647883
10860,0.0039774147,0.34122124,0.05826643
10861,0.0036986219,0.3280392,0.05228658
10862,0.005618157,0.39305267,0.08971652
10863,0.004817773,0.36781022,0.07284742
10864,0.0076362523,0.43412203,0.12954718
10865,0.0057821823,0.40543726,0.09468629
10866,0.007020849,0.44584712,0.12233779
10867,0.0060628178,0.4089293,0.099273175
10868,0.004918216,0.3861996,0.07699556
10869,0.0036392112,0.360048,0.055193022
10870,0.0031231074,0.3398531,0.045020726
10871,0.0030054657,0.34864497,0.04421282
10872,0.0034226498,0.3455307,0.05056431
10873,0.0033364412,0.3500641,0.04938628
10874,0.0045907516,0.37943545,0.07239907
10875,0.0040900838,0.340737,0.06019627
10876,0.003254125,0.3232831,0.04598148
10877,0.0025965772,0.30707595,0.035206325
10878,0.0021778843,0.26818782,0.026987428
10879,0.0018605599,0.24369226,0.021438967
10880,0.0015994717,0.22919744,0.017407563
10881,0.001384002,0.21371327,0.014175404
10882,0.001491579,0.21873918,0.01539399
10883,0.0019044925,0.23390137,0.020641329
10884,0.0016558007,0.21653898,0.016858533
10885,0.001978852,0.23100905,0.020949734
10886,0.0017174494,0.22157343,0.017364755
10887,0.0014774745,0.21492596,0.014363531
10888,0.0012988168,0.20531718,0.012041252
10889,0.0029235838,0.27267113,0.033645555
10890,0.0026203785,0.25534424,0.028623803
10891,0.0024952549,0.25310847,0.026724838
10892,0.00249396,0.24749266,0.026189541
10893,0.0026884936,0.2491019,0.028303169
10894,0.007476248,0.36318418,0.10421417
10895,0.08117045,0.8990881,1.7967328
10896,0.30061814,1.3735162,4.9428506
10897,0.2499443,0.9949611,4.1975894
10898,0.16045545,0.68458647,2.8360393
10899,0.1632059,0.5948792,2.7357292
10900,0.1659711,0.52922106,2.65217
10901,0.10377926,0.420627,1.7108395
10902,0.12050839,0.42520517,1.9398903
10903,0.10204305,0.38902506,1.6313511
10904,0.08098609,0.3252141,1.2193016
10905,0.07039333,0.29224283,1.0099375
10906,0.06073148,0.27457204,0.84237134
10907,0.050145715,0.25811255,0.67131215
10908,0.04556189,0.25508773,0.6023113
10909,0.035904497,0.24279279,0.465199
10910,0.039582305,0.26278567,0.53306305
10911,0.04072599,0.27256018,0.5542789
10912,0.05418848,0.31525782,0.7888716
10913,0.07192013,0.35684964,1.0921363
10914,0.057688046,0.32856447,0.84756184
10915,0.04433154,0.30521768,0.6368482
10916,0.036122445,0.29188028,0.5090874
10917,0.033969115,0.29670134,0.48395595
10918,0.044928014,0.3419951,0.6864453
10919,0.037427556,0.32946944,0.56757486
10920,0.033408787,0.32382318,0.50057375
10921,0.025491204,0.3046326,0.3744998
10922,0.018291628,0.28290847,0.26536912
10923,0.01347464,0.266255,0.19267206
10924,0.017725235,0.3088179,0.27713466
10925,0.0140353665,0.29411307,0.21269989
10926,0.011268516,0.28255045,0.1661893
10927,0.008734647,0.2694719,0.12536517
10928,0.0061849807,0.2510594,0.0872399
10929,0.0042968136,0.23274004,0.059511617
10930,0.003495388,0.22500537,0.04703518
10931,0.006888006,0.28580698,0.109953016
10932,0.007055908,0.281655,0.11162694
10933,0.012573726,0.33943397,0.22725065
10934,0.010462172,0.29608735,0.17342985
10935,0.008795751,0.265994,0.13509949
10936,0.007946639,0.25905278,0.11826958
10937,0.007362177,0.24892467,0.10550013
10938,0.00795531,0.25092056,0.114018716
10939,0.006772646,0.23801635,0.09219845
10940,0.0058418196,0.22134659,0.07483184
10941,0.005081837,0.20048773,0.06075296
10942,0.0055300007,0.20416637,0.06688258
10943,0.038215846,0.42650542,0.74317676
10944,0.03049276,0.3862185,0.5616634
10945,0.024865555,0.3548848,0.43395653
10946,0.020741535,0.32698226,0.34182996
10947,0.016463889,0.30954242,0.2620029
10948,0.0525905,0.4812239,1.0551304
10949,0.04739672,0.4284863,0.90369815
10950,0.039315782,0.3823801,0.7073384
10951,0.031946503,0.35019773,0.54598767
10952,0.026290683,0.32602498,0.42831784
10953,0.021778427,0.3074686,0.33955565
10954,0.018184783,0.29240656,0.2718967
10955,0.01527744,0.2798938,0.21945117
10956,0.019309534,0.29717308,0.28866127
10957,0.02343699,0.3145672,0.3627054
10958,0.019371556,0.30295357,0.29220945
10959,0.016600514,0.28498638,0.23818082
10960,0.014343106,0.25750467,0.19258618
10961,0.0134676965,0.25093386,0.17694944
10962,0.012694669,0.24539347,0.1635157
10963,0.018174654,0.28464848,0.2575537
10964,0.015760027,0.26818678,0.21256866
10965,0.013525018,0.25911993,0.17575867
10966,0.011560111,0.25197524,0.14527708
10967,0.0098785395,0.24586876,0.120265685
10968,0.008539489,0.23984319,0.10053259
10969,0.0073487484,0.23491372,0.08388927
10970,0.00641485,0.22941604,0.07077885
10971,0.0085627865,0.2498271,0.10052257
10972,2.321176,2.4806645,8.110652
10973,1.1687436,1.5773228,7.3302193
10974,0.5888686,0.9377666,5.8727317
10975,0.3355892,0.61468565,4.213024
10976,0.21757017,0.45446253,2.9301507
10977,0.15444751,0.3698683,2.0867457
10978,0.120713614,0.31456593,1.5714574
10979,0.09865524,0.2748694,1.224268
10980,0.082936645,0.2478986,0.98220235
10981,0.07286039,0.22837977,0.82793576
10982,0.07676734,0.22868325,0.86885697
10983,0.068486616,0.21384159,0.7469655
10984,0.05959982,0.20389985,0.62766224
10985,0.053151213,0.19758962,0.54365027
10986,0.045508068,0.1934375,0.4553883
10987,0.04043027,0.18894176,0.3932698
10988,0.035270847,0.18686901,0.33611465
10989,0.03137108,0.18492024,0.29218996
10990,0.02858916,0.18074311,0.25879207
10991,0.029394584,0.18136483,0.26503932
10992,0.027155379,0.17453301,0.2372116
10993,0.02959443,0.18202366,0.26363224
10994,0.027184367,0.17477696,0.2341217
10995,0.024966149,0.16956331,0.20854104
10996,0.035533257,0.19394687,0.32210556
10997,0.03249673,0.18676268,0.2851103
10998,0.031578004,0.18661006,0.2735599
10999,0.028180268,0.18705834,0.24065822
11000,0.026176335,0.18712166,0.21989384
11001,0.024061624,0.18373863,0.19699547
11002,0.022109037,0.18191329,0.17696704
11003,0.020327736,0.18077943,0.1593263
11004,0.018724356,0.17989019,0.143804
11005,0.01737449,0.17670543,0.13019133
11006,0.015951063,0.17737716,0.1175771
11007,0.019938465,0.19399023,0.15543175
11008,0.01843619,0.19202764,0.14062665
11009,0.01714103,0.18725464,0.12733853
11010,0.01615302,0.18370542,0.11751324
11011,0.015203985,0.17999396,0.10822067
11012,0.014182481,0.17763582,0.09875524
11013,0.046205614,0.28664893,0.4401076
11014,0.04175223,0.2754612,0.38536406
11015,0.038031705,0.2642187,0.3400313
11016,0.034731977,0.25450113,0.30118376
11017,0.07949693,0.3515949,0.82005477
11018,0.06955815,0.33191597,0.69354147
11019,0.06167119,0.31462035,0.5943023
11020,0.055070214,0.3016238,0.51454055
11021,0.049661357,0.28823546,0.44924098
11022,0.045050528,0.2769927,0.39525697
11023,0.058904916,0.308647,0.54708904
11024,0.055313166,0.2957977,0.5035311
11025,0.051539905,0.2852964,0.45905548
11026,0.046801407,0.273539,0.40408182
11027,0.042677615,0.26484266,0.3583337
11028,0.038923584,0.25977024,0.31925127
11029,0.035775024,0.25296563,0.28597605
11030,0.032877594,0.24913815,0.25715214
11031,0.030377863,0.24433638,0.23219632
11032,0.030420495,0.24479848,0.23133677
11033,0.06831994,0.33476704,0.63026893
11034,0.086235985,0.36477485,0.8247687
11035,0.07616448,0.34138945,0.70274055
11036,0.06799505,0.32175246,0.60596627
11037,0.061183512,0.30672455,0.52829
11038,0.05540692,0.29473066,0.46459827
11039,0.050502934,0.28325185,0.4112768
11040,0.046142627,0.2759964,0.36657175
11041,0.042648733,0.26785353,0.33037224
11042,0.1170579,0.39973727,1.1068468
11043,0.11665207,0.38874203,1.0863041
11044,0.10139435,0.3591825,0.91054595
11045,0.08922164,0.33836687,0.77559227
11046,0.13290088,0.3914817,1.213243
11047,0.15376203,0.39541823,1.4005703
11048,0.1358954,0.36414936,1.1986297
11049,0.117580235,0.34008685,1.0054698
11050,0.16363132,0.38432136,1.4347516
11051,0.18360329,0.38805088,1.5880182
11052,0.15474331,0.35029715,1.293569
11053,0.13357027,0.3219132,1.0780303
11054,0.116104454,0.30483767,0.91084623
11055,0.158891,0.33701962,1.2832602
11056,0.13746023,0.31107554,1.0729605
11057,0.120612144,0.29286695,0.91258126
11058,0.106903896,0.2797746,0.78638875
11059,0.11860894,0.28926653,0.87863004
11060,0.1188323,0.28026575,0.8701433
11061,0.15843813,0.3118556,1.1946045
11062,0.1552805,0.30939743,1.1575915
11063,0.13513276,0.29205194,0.9788739
11064,0.119562685,0.2781707,0.8418254
11065,0.10611456,0.2690971,0.72947896
11066,0.09551787,0.2611682,0.64100635
11067,0.08517173,0.2569577,0.56137395
11068,0.07992095,0.25082916,0.5161416
11069,0.07361773,0.24879104,0.46792752
11070,0.06746522,0.24626479,0.42134023
11071,0.061369944,0.24554099,0.37791047
11072,0.057107054,0.24127445,0.34480208
11073,0.27057773,0.45359528,2.0469477
11074,0.25368345,0.41482425,1.8713248
11075,0.20800216,0.3757991,1.4999136
11076,0.17566569,0.3486301,1.2343718
11077,0.1500355,0.32996726,1.0300474
11078,0.12879118,0.3167301,0.86685634
11079,0.15918705,0.34338638,1.095886
11080,0.15009974,0.34144866,1.0279955
11081,0.13085416,0.3269755,0.87549466
11082,0.11455162,0.31671584,0.75119674
11083,0.10348709,0.30532646,0.66182953
11084,0.0942037,0.29692575,0.5891
11085,0.12670827,0.3318505,0.8334698
11086,0.11295132,0.32069057,0.7259584
11087,0.10077913,0.31312546,0.6351766
11088,0.0902225,0.30776817,0.5589081
11089,0.08256147,0.30118826,0.5011533
11090,0.076131366,0.2944365,0.45272326
11091,0.070237935,0.29026997,0.41032904
11092,0.06480576,0.2878467,0.37275466
11093,0.059798643,0.28662193,0.3392282
11094,0.055837866,0.2831188,0.3116157
11095,0.05187227,0.2831641,0.28610334
11096,0.047398943,0.28468072,0.25925648
11097,0.05534486,0.31912416,0.324946
11098,0.04898377,0.31873378,0.28587025
11099,0.045033872,0.31921008,0.26010367
11100,0.10720226,0.45994487,0.7583457
11101,0.09609288,0.44036323,0.6630533
11102,0.084439434,0.42948392,0.5734388
11103,0.072536334,0.4197597,0.48770425
11104,0.06513419,0.41359016,0.43153104
11105,0.057418406,0.40893912,0.3766636
11106,0.050651766,0.40548763,0.3294667
11107,0.044960067,0.40332896,0.29011345
11108,0.04161649,0.39859995,0.26455343
11109,0.037332915,0.3982513,0.23557034
11110,0.03480438,0.3928414,0.2162984
11111,0.032467008,0.3888172,0.19896318
11112,0.029136429,0.3898749,0.1776121
11113,0.029557612,0.3989717,0.18181044
11114,0.078257054,0.58810186,0.6134077
11115,0.070039645,0.5652116,0.5368218
11116,0.45226204,1.1916134,3.628658
11117,0.35886416,0.9639235,2.926719
11118,0.2628707,0.8002988,2.1718738
11119,0.20814821,0.6976394,1.6912212
11120,0.2673803,0.7409823,2.1358957
11121,0.33668885,0.77112377,2.5906174
11122,0.9962538,1.101386,5.303558
11123,2.8122382,1.5017836,7.1639853
11124,2.8971214,1.5154157,7.123373
11125,1.6245396,1.1936408,6.097608
11126,0.92893845,0.880871,4.661548
11127,0.6156846,0.6867871,3.4558246
11128,0.5810027,0.6374098,3.2360744
11129,0.8207769,0.71062607,4.1800547
11130,0.5485631,0.5706373,3.076128
11131,0.34910843,0.4645409,2.092284
11132,0.3823534,0.46693304,2.2378829
11133,0.31141514,0.41441303,1.7868739
11134,0.34151044,0.42325637,1.9316351
11135,0.57952106,0.5413306,3.243137
11136,0.4352653,0.45851654,2.4761126
11137,0.8328776,0.58076227,4.058568
11138,10.041712,2.0788457,8.067569
11139,7.311343,3.3652718,7.8533244
11140,3.5035248,3.5735736,7.2190013
11141,1.5220876,2.6719003,5.868016
11142,0.82681364,1.8780688,4.3078737
11143,0.5186666,1.4234879,3.0471897
11144,0.3771879,1.1757349,2.2664237
11145,0.25214693,0.97203547,1.565358
11146,0.18149327,0.8487449,1.1374542
11147,0.1494632,0.7921587,0.9250207
11148,0.10396547,0.7130799,0.6533428
11149,0.09167373,0.68934304,0.5674179
11150,0.06426406,0.6340754,0.4038766
11151,0.046573024,0.5841477,0.29590723
11152,0.04746053,0.59629214,0.3050945
11153,0.04050347,0.5842048,0.2596265
11154,0.030829126,0.547745,0.19899522
11155,0.027916217,0.54559046,0.17885603
11156,0.021830512,0.51967895,0.14068262
11157,0.019294476,0.51812357,0.12392729
11158,0.016919719,0.5159848,0.10842644
11159,0.015748356,0.5107288,0.09970647
11160,0.0135810375,0.50759476,0.08911744
11161,0.009676803,0.4689773,0.06424158
11162,0.008270656,0.4651694,0.054857213
11163,0.008248974,0.46696094,0.05479128
11164,0.012525571,0.58339703,0.099819906
11165,0.01136784,0.5774195,0.08940835
11166,0.009427533,0.5647759,0.074017525
11167,0.008583876,0.5587504,0.06644894
11168,0.007896098,0.54696465,0.060000792
11169,0.013606498,0.6749113,0.12103419
11170,0.012297032,0.66078496,0.10750667
11171,0.009579215,0.6297749,0.0838055
11172,0.006902612,0.58248997,0.060707536
11173,0.0052579567,0.5523289,0.0462641
11174,0.0042442926,0.5355658,0.03715931
11175,0.0038470237,0.51971513,0.032814212
11176,0.05864613,1.5289085,1.0063865
11177,0.1108025,1.8295238,1.9665161
11178,0.08162963,1.4726574,1.4059284
11179,0.078491054,1.3227962,1.3177873
11180,0.0621143,1.1255803,0.996814
11181,0.046784174,1.0072395,0.7387584
11182,0.24410523,1.8628821,3.7601297
11183,1.0244356,2.804619,6.985211
11184,0.5118436,1.6646066,5.388237
11185,0.29741853,1.1132749,3.7900097
11186,0.1869562,0.83405197,2.5639367
11187,0.10719047,0.65589726,1.5658189
11188,0.06613228,0.54793173,0.9877562
11189,0.053689156,0.50414526,0.7749571
11190,0.04565237,0.45972297,0.6281871
11191,0.03934333,0.41621667,0.5135353
11192,0.030094452,0.39196983,0.38902825
11193,0.040625285,0.45009115,0.56410205
11194,0.027386228,0.4035247,0.3803957
11195,0.023917003,0.36867246,0.31476206
11196,0.105985746,0.6499632,1.7594596
11197,0.08517858,0.54389685,1.3454379
11198,0.06200627,0.48169595,0.9639096
11199,0.040727094,0.42024893,0.63381493
11200,0.043589056,0.4103419,0.66918904
11201,0.078278005,0.49376953,1.2818661
11202,0.06959346,0.46121103,1.1101149
11203,0.057457842,0.4246587,0.8867674
11204,0.041706573,0.38552672,0.63447917
11205,0.042515866,0.3707868,0.6329318
11206,0.03191763,0.3448322,0.46713966
11207,0.020292137,0.3123229,0.2986275
11208,0.015333948,0.29519957,0.22132607
11209,0.011144324,0.27665824,0.15838023
11210,0.007798173,0.25680974,0.10936004
11211,0.0052075996,0.23537782,0.07219477
11212,0.0036076182,0.218198,0.049064204
11213,0.0024679143,0.20147002,0.032850713
11214,0.0016784763,0.1855294,0.02179137
11215,0.001338653,0.1753161,0.016477048
11216,0.0056218533,0.30260202,0.10371187
11217,0.0070361914,0.31220874,0.13367647
11218,0.0091563,0.32055086,0.1787047
11219,0.008025304,0.29170248,0.1473361
11220,0.007257717,0.29061037,0.13333732
11221,0.005154167,0.26634476,0.09090221
11222,0.0042006094,0.23400414,0.06740857
11223,0.0033292777,0.2197326,0.050615113
11224,0.0028467095,0.19475935,0.0397175
11225,0.0023793676,0.17908756,0.030855011
11226,0.0021484941,0.16340657,0.026059495
11227,0.00213202,0.15504088,0.024898374
11228,0.008071276,0.25047082,0.13423361
11229,0.0060824803,0.23526222,0.09747715
11230,0.005928052,0.22031887,0.09085142
11231,0.0049554706,0.19476996,0.06956691
11232,0.004204504,0.17800952,0.0548682
11233,0.003874984,0.17193398,0.048632078
11234,0.008468747,0.2329745,0.13202862
11235,0.011634477,0.2615932,0.19610098
11236,0.009658165,0.24406096,0.15337056
11237,0.0076677287,0.23206094,0.116832905
11238,0.006417954,0.2189508,0.09249741
11239,0.005152859,0.2124362,0.0729916
11240,0.010437888,0.2935232,0.18426096
11241,0.008829094,0.28708786,0.15472443
11242,0.0066108317,0.26770338,0.11122087
11243,0.005610792,0.26162004,0.093044706
11244,0.013041583,0.36601624,0.2699624
11245,0.011077779,0.33868998,0.2165778
11246,0.008930757,0.31558594,0.1656495
11247,0.00800975,0.28477624,0.1391944
11248,0.0063614785,0.26751605,0.10515839
11249,0.005216073,0.24957111,0.081086874
11250,0.0037204553,0.23166232,0.05605875
11251,0.00287668,0.21893555,0.041602943
11252,0.0022619804,0.2082901,0.031520408
11253,0.0017556478,0.19847472,0.02378138
11254,0.0013600186,0.18722688,0.017600076
11255,0.001184641,0.17073202,0.014248132
11256,0.0010124054,0.1695006,0.012181033
11257,0.0010014742,0.16980605,0.011896488
11258,0.0012527824,0.17363717,0.015234123
11259,0.0010442298,0.1651753,0.012054652
11260,0.0009716309,0.15909015,0.010773104
11261,0.0008492318,0.1509728,0.008922267
11262,0.0024090968,0.21599561,0.03326562
11263,0.002002355,0.1894811,0.025178637
11264,0.0014210771,0.17672499,0.017368225
11265,0.0011841058,0.1650365,0.013551482
11266,0.0009643827,0.15710329,0.010483835
11267,0.00087522337,0.14712027,0.008993818
11268,0.0007188372,0.14094609,0.007039903
11269,0.0006009326,0.13459599,0.0055845724
11270,0.00055609137,0.13932177,0.005346595
11271,0.00043050086,0.13287392,0.0039828587
11272,0.00033735146,0.12680775,0.0029937404
11273,0.0002742764,0.12103219,0.0023153971
11274,0.00023723753,0.11332649,0.0018805269
11275,0.00021254082,0.10851609,0.0016055221
11276,0.00017973644,0.103472434,0.0012856381
11277,0.00015487031,0.09794025,0.0010452883
11278,0.00012612845,0.09486566,0.00081950694
11279,0.000103540515,0.09188312,0.0006465196
11280,8.3128245e-05,0.08889602,0.0005009667
11281,6.6931156e-05,0.08597313,0.0003888608
11282,5.7566514e-05,0.081168965,0.00031501826
11283,5.928836e-05,0.07707672,0.00031417853
11284,5.0466766e-05,0.074751645,0.00025594514
11285,4.3911907e-05,0.06880067,0.00020781854
11286,3.9166054e-05,0.06631384,0.00017703135
11287,6.1739964e-05,0.078440055,0.00031361953
11288,8.511531e-05,0.084877804,0.00046188902
11289,0.00010082923,0.08567005,0.00055475475
11290,9.0305686e-05,0.08246381,0.00047472137
11291,8.6613e-05,0.0769951,0.0004342873
11292,0.0002325417,0.11284603,0.0015423347
11293,0.0004551845,0.14069834,0.003588699
11294,0.000402831,0.12774277,0.002969037
11295,0.0005415077,0.13661629,0.0042211968
11296,0.0011251647,0.17338993,0.010573341
11297,0.001339674,0.18194321,0.01298119
11298,0.0015068016,0.1891872,0.014884794
11299,0.0018321204,0.19979863,0.018875731
11300,0.002529533,0.2162781,0.02781176
11301,0.0022416185,0.20012313,0.023210438
11302,0.0023305693,0.19952852,0.023938634
11303,0.001977059,0.1950045,0.019639933
11304,0.0016342592,0.19064945,0.015784515
11305,0.0013397218,0.18614829,0.012591704
11306,0.0011639846,0.18015672,0.010488713
11307,0.0009991473,0.1759105,0.008686095
11308,0.0008558081,0.17203954,0.007187616
11309,0.0007510918,0.16599429,0.0060384697
11310,0.00066023227,0.15204929,0.00497257
11311,0.00058686215,0.14427075,0.004203334
11312,0.0005511765,0.13648753,0.0037822009
11313,0.00049252005,0.12723124,0.003195898
11314,0.00043259008,0.12670729,0.0027421413
11315,0.0003839751,0.12468344,0.0023553288
11316,0.00034481703,0.12094364,0.002033293
11317,0.00031361787,0.11353353,0.0017588648
11318,0.00028323077,0.1077173,0.0015149973
11319,0.00025710132,0.1002561,0.0013053633
11320,0.0002455976,0.09792115,0.0012202879
11321,0.0002348101,0.09488366,0.0011368855
11322,0.0002140908,0.09222377,0.0009994187
11323,0.00019292405,0.09192459,0.0008781333
11324,0.00017300724,0.09191888,0.00076947105
11325,0.00015629963,0.09159426,0.0006778664
11326,0.00014205267,0.09088633,0.00059956027
11327,0.0004872024,0.14928582,0.0029600803
11328,0.00059078576,0.16107938,0.0037880826
11329,0.00055780704,0.15631986,0.0034879723
11330,0.0005266327,0.15167001,0.0032107644
11331,0.0004774464,0.14860794,0.0028183493
11332,0.00043246694,0.14592098,0.0024740177
11333,0.00039158668,0.14380646,0.0021749325
11334,0.0003553353,0.14163268,0.0019159192
11335,0.0003238621,0.13864245,0.0016912032
11336,0.00029499852,0.13652378,0.0014959531
11337,0.00027005293,0.13177563,0.0013198284
11338,0.00028308606,0.13228716,0.0013865187
11339,0.0002579735,0.1311845,0.0012314247
11340,0.00023654252,0.12892155,0.0010964539
11341,0.0002877222,0.13566329,0.0013890287
11342,0.00026294804,0.1278017,0.0012133315
11343,0.00024231672,0.12447911,0.0010828339
11344,0.00022351477,0.1220252,0.000969867
11345,0.00020645939,0.11805398,0.0008659068
11346,0.0006168609,0.18102592,0.0035729723
11347,0.0006640074,0.18368727,0.0038881397
11348,0.000605728,0.1730042,0.0033922226
11349,0.00055412634,0.16346306,0.002972605
11350,0.0005074515,0.1540555,0.002606018
11351,0.0008535202,0.18658875,0.005067522
11352,0.001319002,0.21855989,0.008827638
11353,0.0012084817,0.21049766,0.007807817
11354,0.0011086334,0.20566861,0.006953408
11355,0.0010190979,0.19960095,0.0061907065
11356,0.00093785144,0.19494916,0.005532106
11357,0.00086436403,0.18861696,0.0049347496
11358,0.00079796294,0.18351814,0.004419305
11359,0.0007369167,0.18036267,0.0039745495
11360,0.00068093935,0.177695,0.0035805465
11361,0.00063060917,0.17398228,0.003225935
11362,0.0005829151,0.17240748,0.0029145987
11363,0.0005382316,0.16384213,0.0025902127
11364,0.0008545268,0.19783445,0.0047237715
11365,0.0007960465,0.19386506,0.0042884946
11366,0.0007678722,0.1876732,0.004037758
11367,0.002229494,0.28887972,0.016218197
11368,0.0021568646,0.28725654,0.015588546
11369,0.0020523956,0.28215587,0.014601638
11370,0.0019237135,0.2730912,0.013346676
11371,0.0017656953,0.2609543,0.011818951
11372,0.0028100326,0.3149541,0.021617463
11373,0.00542871,0.4107111,0.051010493
11374,0.0049152663,0.39678434,0.04475888
11375,0.0044609704,0.3787322,0.039189547
11376,0.0040493943,0.35780615,0.034187995
11377,0.003694205,0.34491777,0.03020281
11378,0.0033709218,0.328063,0.026557516
11379,0.0035110835,0.33292174,0.027944403
11380,0.003872794,0.34732306,0.031760424
11381,0.02279014,0.7091334,0.3100502
11382,0.019942878,0.64954543,0.25895208
11383,0.01751726,0.599537,0.21729311
11384,0.015505047,0.5611331,0.18457665
11385,0.013785008,0.52407384,0.15729731
11386,0.012323191,0.49372002,0.13518147
11387,0.01106228,0.46704364,0.116815895
11388,0.009967723,0.44396904,0.10149654
11389,0.020464439,0.5921124,0.2546134
11390,0.01900497,0.57228523,0.23211235
11391,0.016852997,0.5348729,0.19743863
11392,0.015030783,0.5058448,0.16958626
11393,0.013873807,0.48299232,0.15217851
11394,0.02433917,0.6024641,0.31134588
11395,0.055726137,0.8237988,0.8545377
11396,0.04808375,0.74538755,0.70907474
11397,0.055017523,0.7628569,0.82383966
11398,0.050900556,0.7206854,0.746895
11399,0.043147475,0.6505351,0.6036934
11400,0.037115,0.59240574,0.49530488
11401,0.03230877,0.5474746,0.41269264
11402,0.030574435,0.52007115,0.3802857
11403,0.048020452,0.6067878,0.6526062
11404,0.041372836,0.5546817,0.5371954
11405,0.037528485,0.5257159,0.47411904
11406,0.034010224,0.49776816,0.41717684
11407,0.03000541,0.46133697,0.3522324
11408,0.18580961,0.9522391,2.6695192
11409,0.1369468,0.7585998,1.9321285
11410,0.107511505,0.63879585,1.459533
11411,0.0879142,0.55213904,1.1380323
11412,0.07390182,0.49687433,0.91611916
11413,0.063641384,0.45021564,0.7539041
11414,0.05592407,0.41773027,0.6367104
11415,0.049237885,0.38820556,0.538001
11416,0.082468346,0.46731517,0.9793231
11417,0.15850832,0.58353317,1.9568493
11418,0.13322641,0.50546646,1.5968872
11419,0.10968596,0.43897113,1.2577124
11420,0.13487701,0.4565936,1.5467175
11421,0.11347101,0.40471748,1.2512404
11422,0.099991314,0.37017238,1.0635341
11423,1.2737919,1.0197828,6.6440983
11424,0.73346114,0.6820722,5.2426944
11425,0.4726812,0.4866968,3.8821168
11426,0.34678778,0.3816243,2.932988
11427,0.5606343,0.42827162,4.076262
11428,1.065109,0.49641454,5.588187
11429,0.6807217,0.3664885,4.252632
11430,0.4800048,0.2887118,3.1818104
11431,0.36545518,0.2423613,2.4306333
11432,0.33742365,0.22397529,2.189995
11433,0.2764339,0.19996275,1.7507277
11434,0.23034859,0.18541157,1.4247473
11435,0.19791245,0.17488144,1.1914493
11436,0.17430086,0.16622552,1.0191734
11437,0.275366,0.20086539,1.6653848
11438,0.28685012,0.19645952,1.698489
11439,0.24185319,0.18301842,1.3970101
11440,0.21539919,0.17503932,1.2146782
11441,0.18987614,0.16648632,1.0405339
11442,0.1677648,0.16137846,0.89797187
11443,0.14948653,0.1578878,0.7831986
11444,0.17495564,0.16977866,0.93466437
11445,0.16780095,0.17031072,0.8871482
11446,0.15123035,0.16562669,0.7804655
11447,0.13480356,0.16347556,0.6835408
11448,0.22723758,0.20326474,1.2426057
11449,0.2174649,0.20224424,1.1750716
11450,0.18328966,0.19462267,0.9750986
11451,0.16021758,0.18978083,0.83649296
11452,0.14095502,0.18655472,0.72383505
11453,0.12861384,0.18283388,0.64633
11454,0.11497878,0.18170255,0.56972075
11455,0.10324464,0.18133746,0.50519615
11456,0.099581294,0.18324977,0.48385733
11457,0.18571645,0.23888797,1.0142999
11458,0.15912609,0.23184413,0.856886
11459,0.13290916,0.224852,0.7094167
11460,0.12004052,0.22134307,0.62882245
11461,0.10793096,0.21946885,0.55691844
11462,0.09744522,0.21851754,0.4960454
11463,0.089152224,0.2179398,0.44752046
11464,0.080980115,0.21833548,0.40206715
11465,0.07138905,0.21843834,0.3524785
11466,0.06212935,0.21817987,0.30585954
11467,0.05430868,0.2185281,0.2667543
11468,0.3444461,0.47199082,2.2427628
11469,0.2716792,0.4205861,1.7506235
11470,0.17945737,0.36968207,1.1913389
11471,0.45327628,0.53817755,2.9571939
11472,0.34563765,0.4573939,2.2618592
11473,0.27000394,0.407097,1.7535081
11474,0.21059616,0.37095872,1.3586681
11475,0.17651081,0.34937274,1.1169916
11476,4.199978,1.3828975,7.525185
11477,3.5851626,1.4743851,7.3061438
11478,6.1133084,2.1372933,7.774045
11479,4.8184214,2.5488155,7.5439816
11480,2.3414018,2.1805663,6.614946
11481,1.2291548,1.594294,5.2000237
11482,0.8058321,1.2211162,3.9843311
11483,0.73592246,1.0880978,3.6494255
11484,0.624713,0.95236033,3.144646
11485,2.365225,1.6263195,6.373796
11486,1.1536993,1.2300646,4.7598443
11487,0.6211279,0.9334589,3.1827085
11488,0.44866154,0.7837514,2.3681984
11489,0.3131111,0.66693205,1.6950303
11490,0.25475565,0.61194617,1.3596994
11491,0.19445492,0.55698365,1.0382318
11492,0.16834004,0.5325508,0.88284385
11493,0.14024492,0.5090937,0.7294358
11494,0.4636577,0.83133936,2.6017797
11495,0.2952445,0.6893579,1.7491815
11496,0.20508836,0.5967876,1.2374436
11497,0.17730105,0.559566,1.0447004
11498,0.14979774,0.5325169,0.86967725
11499,0.13085015,0.51319647,0.74660975
11500,0.14671125,0.5434178,0.85605216
11501,0.43853337,0.8677685,2.8008218
11502,1.8435621,1.4978516,6.2880445
11503,1.0807283,1.1201706,4.964291
11504,4.3526616,2.0030456,7.468531
11505,3.9809773,2.1991296,7.3278766
11506,2.2235796,1.8567203,6.4173346
11507,1.4090122,1.4637187,5.338642
11508,5.0270376,2.5143323,7.4541926
11509,2.2806504,2.273343,6.4012403
11510,1.0661198,1.6670705,4.717343
11511,0.5327558,1.2613319,3.015405
11512,0.31187242,1.0153491,1.9341767
11513,0.19159916,0.87625,1.2489256
11514,0.12266535,0.7863125,0.8255336
11515,0.08161034,0.7176232,0.5617734
11516,0.05564843,0.6607408,0.39014155
11517,0.039304398,0.6077865,0.27916348
11518,0.028436743,0.5587103,0.20392433
11519,0.0227713,0.5376557,0.16370128
11520,0.01628117,0.49597877,0.118292816
11521,0.014846079,0.49433938,0.10673236
11522,0.021683482,0.58163995,0.17429332
11523,0.022804964,0.6029256,0.18732162
11524,0.03355867,0.7044938,0.30614358
11525,1.0310447,2.766405,6.361308
11526,0.64794815,1.880039,5.167138
11527,0.38737428,1.3160707,3.696025
11528,0.26810047,1.0118182,2.669042
11529,0.15945065,0.7999543,1.6950753
11530,0.1093848,0.68371946,1.1770008
11531,0.07047203,0.5990098,0.77448124
11532,0.053359166,0.5535667,0.5832386
11533,0.03573472,0.49976414,0.39497247
11534,0.023854982,0.45623803,0.26649195
11535,0.02133723,0.438424,0.23097904
11536,0.040532514,0.55514467,0.5085666
11537,0.07550727,0.70618945,1.0556146
11538,0.06300656,0.637002,0.8450929
11539,0.05221204,0.594517,0.6799974
11540,0.04421597,0.56116474,0.55867046
11541,0.038558617,0.5252134,0.46899176
11542,0.03623111,0.5295258,0.44408002
11543,0.031040741,0.51016587,0.37115294
11544,0.020363534,0.46561038,0.24607857
11545,0.018564437,0.46940315,0.22602314
11546,0.01956865,0.50295866,0.2510927
11547,0.016827628,0.48688918,0.21015036
11548,0.014764764,0.46945184,0.1786327
11549,0.012796728,0.45736507,0.15091707
11550,0.010901652,0.44709533,0.12589762
11551,0.009614236,0.43488786,0.107871175
11552,0.00779603,0.422458,0.08631846
11553,0.0058150915,0.39972407,0.063989595
11554,0.0050977184,0.39014772,0.054494835
11555,0.0044925497,0.38048777,0.046610616
11556,0.0039528306,0.37215382,0.039865684
11557,0.005281747,0.43891215,0.059881423
11558,0.004639268,0.43800563,0.052593444
11559,0.0039464524,0.43191937,0.04442468
11560,0.003373131,0.42057386,0.03693043
11561,0.0026789566,0.4052006,0.02883296
11562,0.0021136485,0.3895431,0.022349164
11563,0.0015816645,0.36838278,0.016491793
11564,0.0012074113,0.35222384,0.012695718
11565,0.0024670707,0.47913694,0.032348458
11566,0.002067862,0.45524016,0.025955532
11567,0.0015329095,0.42573547,0.018802851
11568,0.0010089896,0.38378683,0.012205695
11569,0.0007491124,0.35783803,0.008781343
11570,0.00061127276,0.3372104,0.006813162
11571,0.0003642501,0.2976167,0.0040216795
11572,0.0002589585,0.27296007,0.0027554075
11573,0.00018601121,0.25049224,0.0018982644
11574,0.00012862938,0.22750862,0.0012617095
11575,9.005101e-05,0.206718,0.00084410334
11576,6.552317e-05,0.18879516,0.00058136747
11577,4.6316687e-05,0.17141928,0.00039019546
11578,0.00010008385,0.20946603,0.0009993402
11579,9.3632065e-05,0.1942997,0.00089159294
11580,0.00015729906,0.21601059,0.0016538023
11581,0.00016000404,0.20062615,0.0016072469
11582,0.000131318,0.17216967,0.0011846811
11583,0.00010570235,0.15977009,0.0008916559
11584,9.6247924e-05,0.14726521,0.00076192187
11585,8.028523e-05,0.1327437,0.00058413506
11586,6.1949075e-05,0.12543738,0.0004314782
11587,4.485042e-05,0.11701164,0.0003015309
11588,3.586541e-05,0.11027005,0.00022805447
11589,2.9575265e-05,0.10517024,0.00017933336
11590,2.4044455e-05,0.099214286,0.0001376069
11591,1.9991267e-05,0.09296061,0.00010725207
11592,1.6602457e-05,0.08779896,8.393948e-05
11593,1.3495336e-05,0.08388974,6.5098735e-05
11594,1.14145e-05,0.07848445,5.1567575e-05
11595,9.559226e-06,0.074781746,4.0915947e-05
11596,8.097335e-06,0.071048856,3.2756896e-05
11597,1.7154072e-05,0.090843335,8.3802865e-05
11598,1.4615789e-05,0.08164614,6.574452e-05
11599,1.9660074e-05,0.09416384,9.671753e-05
11600,1.4583503e-05,0.08910275,6.9767324e-05
11601,1.5750813e-05,0.09437043,7.740147e-05
11602,1.9771775e-05,0.10081434,0.00010133056
11603,2.679663e-05,0.112450294,0.00014746124
11604,3.259815e-05,0.11565772,0.0001835145
11605,7.5148666e-05,0.14842294,0.00051857886
11606,0.00012466397,0.17179401,0.00097010797
11607,0.00015661068,0.17329718,0.0012447124
11608,0.00014447741,0.16745627,0.0011053662
11609,0.00014132216,0.17582762,0.001134755
11610,0.00023711949,0.22319694,0.0022563876
11611,0.0001756795,0.20809162,0.0016083533
11612,0.00015639304,0.20009524,0.0013748553
11613,0.00014232862,0.19149917,0.0011980716
11614,0.00013515906,0.1757483,0.0010744111
11615,0.0001164917,0.15706718,0.0008534404
11616,0.00010247636,0.14009477,0.0006936744
11617,9.435314e-05,0.13188355,0.0006068422
11618,9.99235e-05,0.1327326,0.00064005447
11619,8.653392e-05,0.1249341,0.00052266265
11620,0.000105904895,0.13242862,0.0006641473
11621,0.000121453006,0.13419107,0.0007737545
11622,0.00019809997,0.15411296,0.0014114839
11623,0.00033504365,0.18130858,0.002718891
11624,0.0006761201,0.23609115,0.0066501857
11625,0.002123762,0.34994593,0.028383529
11626,0.0022888463,0.347665,0.030491978
11627,0.0030892156,0.37703034,0.043822087
11628,0.0030975002,0.36702025,0.0430478
11629,0.0026626787,0.3453477,0.03509662
11630,0.0024327268,0.31799665,0.030325193
11631,0.0032034216,0.34859264,0.042576212
11632,0.0027069603,0.3312388,0.034282424
11633,0.0019232472,0.3077263,0.023893205
11634,0.0014802095,0.29178682,0.017815325
11635,0.0012113366,0.28019693,0.014074247
11636,0.00097734,0.2673032,0.01089727
11637,0.000993433,0.2703941,0.011049577
11638,0.0008288171,0.25738135,0.008779248
11639,0.00068138255,0.2462398,0.0069129406
11640,0.00057166436,0.23489784,0.005526166
11641,0.00049035443,0.2198647,0.0044643707
11642,0.0004693304,0.21881492,0.0041995337
11643,0.00066971104,0.23860201,0.0064464523
11644,0.0025148736,0.39077014,0.035267893
11645,0.0021901133,0.34686726,0.02846975
11646,0.001855962,0.3091094,0.022279108
11647,0.0015936235,0.28440836,0.017916018
11648,0.0013762399,0.26280713,0.014522298
11649,0.0011953542,0.2467344,0.011926304
11650,0.0010380603,0.23521197,0.009863682
11651,0.00090390875,0.21458513,0.008028582
11652,0.00079505984,0.20254092,0.0066987164
11653,0.00079548627,0.20630315,0.0066897366
11654,0.0010708332,0.2282009,0.009670838
11655,0.00089503615,0.22295861,0.007856092
11656,0.00074585073,0.22026311,0.0065124882
11657,0.00055880024,0.2096643,0.0047953795
11658,0.0004437593,0.2023412,0.0037090157
11659,0.0003492615,0.1947042,0.0028426298
11660,0.0002938692,0.18825458,0.002298778
11661,0.00030098308,0.18062167,0.0023005933
11662,0.0006112429,0.2334404,0.005690434
11663,0.03745103,1.1789753,1.044425
11664,0.027937917,0.9280889,0.7097276
11665,0.021271288,0.80546635,0.507079
11666,0.018908633,0.73049736,0.43116808
11667,0.01537826,0.62293905,0.3224022
11668,0.011733755,0.56878746,0.23460938
11669,0.014183275,0.6138028,0.29812035
11670,0.01857309,0.63725376,0.4031783
11671,0.015092017,0.544273,0.30050072
11672,0.018227149,0.568682,0.37528744
11673,0.015493721,0.5052369,0.29876658
11674,0.012789798,0.44462407,0.22788857
11675,0.010658399,0.39167154,0.17530249
11676,0.020613812,0.4879523,0.39299914
11677,0.0170014,0.4428439,0.3042974
11678,0.013479168,0.41497406,0.23163566
11679,0.011115802,0.38973695,0.18192047
11680,0.009421938,0.35413295,0.14413647
11681,0.00804606,0.3213038,0.11495626
11682,0.006927764,0.2938645,0.0927452
11683,0.006011185,0.27565327,0.07620992
11684,0.0052414383,0.2555765,0.062638484
11685,0.016638046,0.39530563,0.2693569
11686,0.014597109,0.36030647,0.22319767
11687,0.012469185,0.33974272,0.18156329
11688,0.010782169,0.31537473,0.14838506
11689,0.016212348,0.3634156,0.24593818
11690,0.0132830525,0.34804365,0.19487488
11691,0.011480301,0.3233496,0.15930863
11692,0.009965768,0.295892,0.13000174
11693,0.008669062,0.28399184,0.10844819
11694,0.0076337927,0.26047984,0.090006284
11695,0.0734021,0.6352978,1.4225624
11696,0.05539443,0.5520468,1.0313632
11697,0.04559199,0.47659317,0.79728144
11698,0.052827988,0.4814718,0.9248643
11699,0.04206462,0.43858567,0.7061759
11700,0.03475947,0.40382043,0.5564179
11701,0.029212466,0.3760345,0.44627142
11702,0.025997827,0.34931135,0.37878567
11703,0.022291044,0.33119857,0.3112804
11704,0.019228378,0.31649467,0.25800592
11705,0.016490405,0.30603948,0.21390443
11706,0.014198257,0.29712394,0.17826934
11707,0.01258989,0.27477345,0.14991884
11708,0.011090494,0.2667234,0.12751704
11709,0.009752628,0.2606175,0.10862538
11710,0.00871527,0.24873365,0.093050905
11711,0.034946978,0.42378652,0.5294533
11712,0.18449867,0.79413337,3.0523808
11713,0.13340949,0.6019379,2.1700177
11714,0.09959284,0.5041816,1.5743663
11715,0.08113513,0.43121815,1.2196137
11716,0.06678607,0.377403,0.9499912
11717,0.056103073,0.34548578,0.7624899
11718,0.048105806,0.3130651,0.6200416
11719,0.041654177,0.29510468,0.5155236
11720,0.099961095,0.4089311,1.4024879
11721,0.08194884,0.35985485,1.0953966
11722,0.64629203,0.80312026,5.712582
11723,0.45298716,0.5638814,4.570913
11724,0.31668293,0.41366506,3.415671
11725,0.22979571,0.32151195,2.4884403
11726,0.20175974,0.2918442,2.1492279
11727,0.2121464,0.27984858,2.1832986
11728,0.16420442,0.24642566,1.6606684
11729,0.13413541,0.22421882,1.3165277
11730,0.11276727,0.20876017,1.0719799
11731,0.09800413,0.19425134,0.89635855
11732,0.08485707,0.18668965,0.7546257
11733,0.07708383,0.17817011,0.66360795
11734,0.07184749,0.17446922,0.60467935
11735,0.06462295,0.16930889,0.52844626
11736,0.059020452,0.16478874,0.46961403
11737,0.07147446,0.17775817,0.5874112
11738,0.07110372,0.17753172,0.5779592
11739,1.028367,0.52241665,5.849858
11740,0.67616963,0.37501362,4.6017313
11741,0.47624996,0.28455347,3.4900703
11742,0.35470003,0.22953577,2.6273232
11743,0.2805057,0.19730881,2.040533
11744,0.22824009,0.1786047,1.6228889
11745,0.23581336,0.17803755,1.6465669
11746,0.6024573,0.2515398,3.7205288
11747,2.1035788,0.39952996,6.6017866
11748,2.2091024,0.38715395,6.5515566
11749,1.3485123,0.302219,5.333934
11750,0.8832639,0.23923719,4.076926
11751,0.6301602,0.19889197,3.0774708
11752,0.4830637,0.17370392,2.3744752
11753,0.35814556,0.15565987,1.7788364
11754,0.29543272,0.14612278,1.4419931
11755,0.2523617,0.13967544,1.2051059
11756,0.21839274,0.1353644,1.021851
11757,0.28478083,0.1560384,1.3804002
11758,0.24400309,0.14964518,1.157924
11759,0.2133458,0.14515999,0.9907191
11760,0.18782446,0.14224534,0.855684
11761,0.63583565,0.2373532,2.978475
11762,0.49692652,0.20712931,2.3242393
11763,0.4037912,0.18822555,1.8588537
11764,0.33675864,0.1759015,1.5191413
11765,0.37734085,0.18782772,1.703415
11766,0.309554,0.17703208,1.3775847
11767,0.26635206,0.16991942,1.1602377
11768,0.22914055,0.16507974,0.9810962
11769,0.20373452,0.16172238,0.85494673
11770,0.18342806,0.15934344,0.7550017
11771,0.16710302,0.1575116,0.6749503
11772,0.18476683,0.1688874,0.7619305
11773,0.16372696,0.16752258,0.66620517
11774,0.14878249,0.16679128,0.5961693
11775,0.13584486,0.1666698,0.53678197
11776,0.12619045,0.16604549,0.49090156
11777,0.4332405,0.27958182,1.9862082
11778,0.3689439,0.25141242,1.6470796
11779,0.3289293,0.23954642,1.4368839
11780,0.28564206,0.22854398,1.2196605
11781,0.2507938,0.22018524,1.04667
11782,0.22166485,0.21453002,0.9066759
11783,0.19820623,0.2105213,0.7955092
11784,0.1974693,0.21528047,0.7915869
11785,0.17979719,0.21265127,0.70840925
11786,0.16712093,0.2115575,0.6490692
11787,0.35836333,0.29442796,1.5504206
11788,0.30243456,0.27880067,1.2837715
11789,0.26119924,0.26779363,1.0866694
11790,0.23134527,0.25935164,0.9418534
11791,0.27866524,0.28366953,1.159735
11792,0.2477424,0.26993397,1.0052876
11793,0.22382416,0.26285473,0.8897113
11794,0.20377758,0.25864908,0.79631084
11795,0.5714331,0.4026686,2.405318
11796,0.49007943,0.37174267,2.0355818
11797,0.43990332,0.34953237,1.7938111
11798,0.6524205,0.400455,2.5793114
11799,0.52356863,0.3539541,2.0472875
11800,0.44320846,0.32902324,1.7020242
11801,0.3740407,0.30988112,1.4078499
11802,0.3234911,0.29612574,1.1913711
11803,2.3048859,0.6852301,5.660744
11804,3.1102908,0.7959526,6.2148414
11805,1.8113748,0.68215644,4.901092
11806,1.2243266,0.5821633,3.7744956
11807,0.8682375,0.5036745,2.8308947
11808,0.6463579,0.44956508,2.145199
11809,0.6967309,0.46411029,2.2756608
11810,0.87692165,0.51333714,2.7721581
11811,2.4355423,0.7801822,5.3825445
11812,1.5976351,0.6668401,4.1766186
11813,1.1158445,0.58056384,3.1504972
11814,0.799358,0.5138361,2.340491
11815,0.60799164,0.46904236,1.7918445
11816,0.4917759,0.44111666,1.4358715
11817,0.4144279,0.42269716,1.1917443
11818,0.3574384,0.40967524,1.011335
11819,0.31375217,0.4003127,0.8736502
11820,0.2722357,0.39201292,0.74953103
11821,0.23189206,0.382414,0.63432163
11822,0.36835143,0.48004717,1.1255842
11823,0.2856409,0.44898087,0.87494284
11824,0.24968208,0.43876612,0.75502837
11825,0.22255081,0.43171585,0.6642266
11826,0.18783487,0.419131,0.5582882
11827,0.16123378,0.41032377,0.4773747
11828,0.14866316,0.40841848,0.4356041
11829,0.13292873,0.4061763,0.38749972
11830,0.12003324,0.40535614,0.34821758
11831,0.11128428,0.40592805,0.32063714
11832,0.099286355,0.404391,0.2855507
11833,0.086412266,0.3995884,0.24880402
11834,0.075619735,0.39594832,0.21808307
11835,0.09295624,0.44632098,0.2886262
11836,0.097651206,0.47458705,0.31731445
11837,0.09053514,0.47551158,0.29303023
11838,0.11028888,0.52748626,0.37934712
11839,0.10200332,0.52344584,0.3477265
11840,0.10522983,0.54141957,0.36499372
11841,0.098363355,0.53798157,0.33863196
11842,0.090867035,0.5383129,0.31217822
11843,0.07866464,0.52884156,0.27030396
11844,0.07229472,0.52818483,0.24733491
11845,0.13777497,0.6826058,0.55542016
11846,0.12785378,0.65700984,0.50854754
11847,0.12908125,0.65160394,0.5157816
11848,0.11601723,0.6397979,0.4589707
11849,0.105154976,0.63698417,0.4228452
11850,0.09444795,0.6282793,0.37704906
11851,0.25059184,0.94769293,1.218002
11852,0.19381157,0.8698726,0.9648876
11853,0.16343343,0.82361025,0.8038397
11854,0.140377,0.7887374,0.68225926
11855,0.10870972,0.72990036,0.5298288
11856,0.08039962,0.67300755,0.39570978
11857,0.058053177,0.6263295,0.28980884
11858,0.05309157,0.6207166,0.26300853
11859,0.060054738,0.66319126,0.31031084
11860,0.04811184,0.63126665,0.24965942
11861,0.042034186,0.62348235,0.21864516
11862,0.07024998,0.7768188,0.4206348
11863,0.06391066,0.75356627,0.37706712
11864,0.05846545,0.73209333,0.3399959
11865,0.051763583,0.71958405,0.29905114
11866,0.041960146,0.6885279,0.24306536
11867,0.036546018,0.67790836,0.21120504
11868,0.03109562,0.6634994,0.17977552
11869,0.022571819,0.6141723,0.13213482
11870,0.015647456,0.5748042,0.093277425
11871,0.013475714,0.5688829,0.08039256
11872,0.012464981,0.5672425,0.0737931
11873,0.011371457,0.5677574,0.06698925
11874,0.008949997,0.54312307,0.053077232
11875,0.008352528,0.5378761,0.048990022
11876,0.007259102,0.5349584,0.04257728
11877,0.006436707,0.5347555,0.03767966
11878,0.006007095,0.5291615,0.034755185
11879,0.0085820155,0.6139345,0.055475775
11880,0.07924468,1.4813637,0.90329194
11881,0.124850385,1.7031325,1.4991506
11882,0.10455159,1.5495942,1.2731841
11883,0.08361594,1.3717103,0.9941957
11884,0.054140974,1.1665337,0.6534502
11885,0.046273813,1.0758778,0.54195625
11886,0.041211203,1.0229197,0.47396204
11887,0.15392004,1.7572596,2.122341
11888,0.09118266,1.3618906,1.3123146
11889,0.070221744,1.2009627,0.98983955
11890,0.04823572,1.0414258,0.6807639
11891,0.031368412,0.9003266,0.44580552
11892,0.027588356,0.83249503,0.3777541
11893,0.030630058,0.8593185,0.4296452
11894,0.055356953,1.1033422,0.88823766
11895,0.03486309,0.9349813,0.5640862
11896,0.026058918,0.8534645,0.41466767
11897,0.019445209,0.7849495,0.3045618
11898,0.016332643,0.7393091,0.24683738
11899,0.014446634,0.6743354,0.20784366
11900,0.03337223,0.9111863,0.5815419
11901,0.052076258,1.0356784,0.9678997
11902,0.24584979,1.8390796,4.121821
11903,0.1635705,1.2733656,2.8920522
11904,0.09970201,0.9677723,1.8387984
11905,0.079297334,0.8041348,1.4018475
11906,0.61239547,1.7175502,6.173744
11907,0.79722947,1.5092858,6.5338755
11908,0.3390219,0.9195989,4.4809794
11909,0.18296185,0.6369489,2.837419
11910,0.14141668,0.51627916,2.152601
11911,0.37801826,0.72493225,4.5602236
11912,0.20467864,0.55952704,3.0484755
11913,0.10712753,0.44094256,1.7690926
11914,0.09471461,0.41365585,1.5609125
11915,0.08785708,0.39650232,1.4363681
11916,0.15134716,0.45926574,2.400001
11917,0.121185526,0.38513097,1.8603115
11918,0.096183315,0.32462803,1.404926
11919,0.081464656,0.30127206,1.1597598
11920,0.06228355,0.27602613,0.86680573
11921,0.05634235,0.26782355,0.76777536
11922,0.044623777,0.25306767,0.5948615
11923,0.03171343,0.2335506,0.42004907
11924,0.021898367,0.21514265,0.2889282
11925,0.014232022,0.19663686,0.18802093
11926,0.012321919,0.20113501,0.1749968
11927,0.015010484,0.2140363,0.22041935
11928,0.012945878,0.20097429,0.17996836
11929,0.011211044,0.18567695,0.14649378
11930,0.010324951,0.18968509,0.13566062
11931,0.014637169,0.21701792,0.20861772
11932,0.05828264,0.36307162,1.092367
11933,0.047243528,0.31429815,0.82801217
11934,0.032459203,0.28130007,0.5606463
11935,0.026917586,0.25825578,0.4387266
11936,0.02326022,0.23441777,0.35589102
11937,0.042291276,0.28406915,0.7170933
11938,0.037699305,0.26218116,0.6086715
11939,0.031128176,0.2450988,0.4796524
11940,0.023297323,0.22992596,0.35111815
11941,0.027668055,0.253265,0.4370799
11942,0.025955802,0.24806298,0.40030745
11943,0.021976782,0.23341091,0.32251775
11944,0.0140503505,0.21177925,0.20604505
11945,0.009193896,0.19317898,0.13365322
11946,0.007672658,0.18823679,0.10840509
11947,0.0050468333,0.17263885,0.070364356
11948,0.0042938194,0.16830043,0.05793314
11949,0.0048668063,0.17146643,0.06621048
11950,0.0040040053,0.1643128,0.0519576
11951,0.004132869,0.17404915,0.055203952
11952,0.003187737,0.16623327,0.041107353
11953,0.0023568012,0.15733577,0.029476875
11954,0.0019367771,0.15003386,0.02299555
11955,0.0018749493,0.15378372,0.022323646
11956,0.0013717234,0.1451276,0.015837707
11957,0.0010514676,0.1380062,0.011665246
11958,0.0007920415,0.13073768,0.0084550865
11959,0.00067010184,0.11846695,0.0065974877
11960,0.0010822373,0.14918162,0.012476607
11961,0.0008945857,0.14017954,0.009683233
11962,0.0006342289,0.130961,0.006657465
11963,0.0012194227,0.17818627,0.016015925
11964,0.00093628105,0.16837852,0.011847887
11965,0.0008097373,0.16266392,0.009873269
11966,0.0007236482,0.15696447,0.008474604
11967,0.00079023227,0.15768425,0.009222582
11968,0.0006335553,0.14797474,0.0069566593
11969,0.0004942174,0.13954782,0.005152202
11970,0.00045777904,0.12852207,0.004485017
11971,0.00038235105,0.11930002,0.0034901856
11972,0.00032568414,0.11091113,0.002776327
11973,0.0003173666,0.107888974,0.0026207848
11974,0.00035097642,0.1049166,0.0028599345
11975,0.00040662437,0.10373565,0.0033148343
11976,0.00033209485,0.100401364,0.0025995863
11977,0.0002340835,0.094478436,0.0017947267
11978,0.00017885158,0.0903673,0.0013250754
11979,0.0001466755,0.0880827,0.0010557305
11980,0.00011649478,0.084473,0.00080309465
11981,0.00012508922,0.08522658,0.00085878023
11982,0.00017540238,0.0936736,0.0012893042
11983,0.00017509608,0.09292592,0.0012613654
11984,0.0003043595,0.11692264,0.0025628633
11985,0.0002526047,0.11162196,0.0020176487
11986,0.00037955237,0.1288927,0.0033467503
11987,0.00041790327,0.124766,0.0036314302
11988,0.0004640258,0.12203612,0.0039930367
11989,0.00038409163,0.11770369,0.0031612988
11990,0.00033115424,0.111297116,0.0025713604
11991,0.00027726032,0.107699506,0.0020610816
11992,0.00023206368,0.10436784,0.0016534602
11993,0.0001938638,0.1012838,0.00132579
11994,0.00014541928,0.09689849,0.00097095914
11995,0.000112286216,0.09314862,0.00072758563
11996,9.3602976e-05,0.08984823,0.0005794006
11997,0.00010303481,0.08828767,0.0006317955
11998,0.000119505174,0.08755397,0.0007345785
11999,0.000120256685,0.08498231,0.0007244476
12000,0.0004532201,0.14201643,0.0040242574
12001,0.00040408908,0.12762092,0.0033308845
12002,0.00042497175,0.12239795,0.0034220277
12003,0.00039639196,0.117960945,0.0030670934
12004,0.001325967,0.18322939,0.014314634
12005,0.0011316728,0.16448507,0.011279308
12006,0.001033679,0.15614116,0.009819335
12007,0.00086975214,0.15145731,0.007934347
12008,0.00067388825,0.1458938,0.0059899725
12009,0.00055751763,0.14153603,0.0047707474
12010,0.00048590888,0.1398861,0.004055503
12011,0.00055192324,0.15102194,0.004792021
12012,0.00044298006,0.14604579,0.00372119
12013,0.00036429233,0.1413834,0.002945667
12014,0.00030304614,0.1368235,0.0023529988
12015,0.00051356916,0.16833891,0.00460477
12016,0.00041927386,0.16235965,0.0036164941
12017,0.00033918506,0.15651736,0.002819196
12018,0.0003259352,0.15889679,0.0026960822
12019,0.00028121498,0.14117432,0.0021459772
12020,0.0004254446,0.16104266,0.0035995624
12021,0.00036238038,0.1418519,0.0028097664
12022,0.00031566736,0.13310274,0.002306617
12023,0.0002719023,0.11822412,0.001830529
12024,0.00023894987,0.10970509,0.0015113561
12025,0.00021114957,0.104954384,0.0012716061
12026,0.00016829182,0.1025582,0.0009931072
12027,0.00014076776,0.10084638,0.0008072954
12028,0.00012266538,0.09843049,0.00067648414
12029,0.00010680672,0.096327744,0.00056743907
12030,9.719337e-05,0.09553972,0.00050259556
12031,8.573924e-05,0.08759109,0.00041509693
12032,7.6285905e-05,0.08163256,0.0003484134
12033,6.781138e-05,0.07518744,0.00029096403
12034,7.356509e-05,0.07491713,0.00031501547
12035,0.00012986935,0.09202649,0.0006501498
12036,0.00016866953,0.097970665,0.00088833715
12037,0.00016138644,0.09223351,0.00081494235
12038,0.00014534585,0.08814352,0.00070089113
12039,0.00012962318,0.08715958,0.00060609117
12040,0.00011654019,0.08615635,0.00052851235
12041,0.00010350739,0.085626334,0.00045670546
12042,9.177203e-05,0.08520998,0.00039438694
12043,8.111925e-05,0.08490828,0.00033995602
12044,7.528597e-05,0.085818864,0.00031098552
12045,6.748871e-05,0.08504177,0.00027083242
12046,6.0887927e-05,0.08390997,0.00023688351
12047,5.5020137e-05,0.07834838,0.000203016
12048,5.1534204e-05,0.073474675,0.00018172101
12049,5.1155967e-05,0.072466865,0.00017813324
12050,6.323052e-05,0.0782059,0.00023269038
12051,5.7823698e-05,0.07516027,0.00020438228
12052,5.288712e-05,0.07159081,0.00017901094
12053,4.7843434e-05,0.07164521,0.00015829982
12054,4.3673586e-05,0.07123998,0.00014080228
12055,4.465962e-05,0.07196263,0.00014339971
12056,4.0537503e-05,0.07206866,0.00012733544
12057,3.708976e-05,0.06780959,0.00011117134
12058,3.3825032e-05,0.06794374,9.9224846e-05
12059,3.1192387e-05,0.06719957,8.905029e-05
12060,2.8797664e-05,0.06650022,8.00478e-05
12061,2.6656724e-05,0.06428755,7.1539434e-05
12062,2.4722154e-05,0.0632271,6.448618e-05
12063,2.296441e-05,0.061909255,5.8143174e-05
12064,2.1327543e-05,0.061288938,5.2640735e-05
12065,2.2704242e-05,0.062381696,5.6398643e-05
12066,2.1109903e-05,0.061888896,5.11807e-05
12067,1.9674657e-05,0.061023716,4.6462854e-05
12068,1.8241433e-05,0.06114211,4.2226904e-05
12069,1.7014918e-05,0.060608447,3.845579e-05
12070,1.5898713e-05,0.059839066,3.5040022e-05
12071,1.4875513e-05,0.058777172,3.1919768e-05
12072,1.39097665e-05,0.058436055,2.9192479e-05
12073,1.301034e-05,0.058207855,2.672948e-05
12074,1.2182096e-05,0.05794428,2.4499563e-05
12075,1.1424226e-05,0.05753103,2.2473594e-05
12076,1.0727303e-05,0.05698481,2.0628557e-05
12077,1.0078245e-05,0.056556314,1.896221e-05
12078,9.448331e-06,0.05449189,1.7212978e-05
12079,8.882913e-06,0.0526008,1.5688414e-05
12080,8.373794e-06,0.05154667,1.44167725e-05
12081,7.892121e-06,0.051421534,1.3329876e-05
12082,7.439696e-06,0.049987312,1.2219053e-05
12083,7.0309643e-06,0.049591005,1.1311733e-05
12084,6.6482903e-06,0.049268242,1.0484468e-05
12085,6.2903378e-06,0.04896781,9.726794e-06
12086,5.9560707e-06,0.048632994,9.029862e-06
12087,5.643624e-06,0.04826366,8.38821e-06
12088,5.3494855e-06,0.047401607,7.768867e-06
12089,1.4874624e-05,0.0708157,2.9193327e-05
12090,1.5831487e-05,0.07286478,3.1601063e-05
12091,1.491838e-05,0.07076518,2.89625e-05
12092,1.4074284e-05,0.06883421,2.6596093e-05
12093,1.3306215e-05,0.067473754,2.4547462e-05
12094,1.2576493e-05,0.065750405,2.2607146e-05
12095,1.1899524e-05,0.06417781,2.0859135e-05
12096,1.1263659e-05,0.062557355,1.9248528e-05
12097,1.0708105e-05,0.06056559,1.7814999e-05
12098,1.0625292e-05,0.05980542,1.7475239e-05
12099,1.0102156e-05,0.058143727,1.6199643e-05
12100,1.9113384e-05,0.07455731,3.687638e-05
12101,1.8031427e-05,0.07182459,3.3775577e-05
12102,1.7072722e-05,0.0698345,3.116369e-05
12103,1.6206075e-05,0.0685177,2.8925633e-05
12104,1.535768e-05,0.06653229,2.6708143e-05
12105,1.4545735e-05,0.06436346,2.4616385e-05
12106,1.3810258e-05,0.06262531,2.2797305e-05
12107,1.3133686e-05,0.061186675,2.1183083e-05
12108,1.2512149e-05,0.06015501,1.9763898e-05
12109,3.3937613e-05,0.08915706,7.203827e-05
12110,5.0544066e-05,0.10420972,0.00012044382
12111,4.7746962e-05,0.100967616,0.0001107744
12112,0.00023480819,0.19199991,0.0008841819
12113,0.00022562777,0.1892555,0.0008379425
12114,0.00021144141,0.18339539,0.00076418126
12115,0.00019883401,0.17856577,0.0007008322
12116,0.0010432388,0.3451782,0.0060433107
12117,0.001966786,0.4476306,0.013855889
12118,0.0018045816,0.4296876,0.012337828
12119,0.0016585169,0.41321898,0.011011262
12120,0.0017415805,0.41525415,0.011650052
12121,0.007800232,0.7455266,0.08115344
12122,0.019692829,1.0673642,0.26585048
12123,0.017117746,0.97384727,0.22151676
12124,0.014934067,0.8940258,0.1853073
12125,0.013124626,0.8277546,0.15647225
12126,0.011597302,0.7687493,0.13288021
12127,0.010370506,0.71752006,0.11453949
12128,0.009248563,0.667175,0.09810463
12129,0.011328048,0.7189466,0.12767072
12130,0.010097794,0.6793126,0.109927945
12131,0.0090186475,0.6343394,0.09437792
12132,0.00813383,0.5959179,0.08209471
12133,0.012104087,0.686796,0.13609321
12134,0.011893737,0.6716061,0.13249934
12135,0.010627109,0.6298239,0.11398584
12136,0.009517804,0.5888665,0.09813461
12137,0.015744202,0.71653956,0.18736534
12138,0.013958816,0.66757447,0.15960853
12139,0.012447665,0.6286341,0.13721919
12140,0.011134692,0.5891176,0.11808226
12141,0.0100111095,0.5617641,0.10275684
12142,0.011652499,0.5858466,0.12408617
12143,0.040791634,0.9562893,0.600646
12144,0.052734863,1.034245,0.8145411
12145,0.15507995,1.5382609,2.5395603
12146,0.11296741,1.1887251,1.8094243
12147,0.09097376,1.0083401,1.4123231
12148,0.074257076,0.8668469,1.1043711
12149,0.062411264,0.76474375,0.8882406
12150,0.19505507,1.1572704,2.8496635
12151,0.3131022,1.241941,3.989961
12152,0.20889607,0.88579756,2.7837832
12153,0.1543769,0.6946707,2.0188546
12154,0.124653734,0.5911122,1.5768601
12155,0.10205349,0.51032823,1.2340143
12156,0.09453204,0.47607237,1.11226
12157,0.08854075,0.44658446,1.0179186
12158,0.0760542,0.4042533,0.83634377
12159,0.06725449,0.37522498,0.7125862
12160,0.059883296,0.3505414,0.611466
12161,0.058951184,0.3419722,0.5922907
12162,0.071576335,0.361773,0.7422713
12163,0.19028884,0.52350974,2.1360345
12164,6.179936,2.3462167,8.248459
12165,3.3712468,2.2313743,7.827985
12166,1.8131334,1.6536498,7.0642776
12167,4.1062093,2.1437693,7.854157
12168,2.154809,1.7193463,7.124165
12169,1.2110327,1.2067479,5.9701147
12170,2.9648,1.5483667,7.341058
12171,1.6752688,1.1632981,6.3551803
12172,1.0019147,0.84746724,5.036268
12173,0.6643109,0.64082587,3.7932403
12174,1.4320726,0.7975424,5.6500235
12175,0.9153774,0.6057191,4.3590665
12176,0.64154696,0.4842605,3.2876472
12177,0.48293462,0.41256362,2.518804
12178,0.99440545,0.51980895,4.2855663
12179,0.72051907,0.42680085,3.3062298
12180,0.899699,0.44890362,3.8011181
12181,2.3814068,0.63951916,6.1216035
12182,1.506577,0.51301056,4.9061146
12183,1.0132381,0.42344898,3.734774
12184,0.7346524,0.3631797,2.8305087
12185,0.56013656,0.32398438,2.1779935
12186,0.44706696,0.29829437,1.7244301
12187,0.37381843,0.28125286,1.4163629
12188,0.32347324,0.26889807,1.1987869
12189,0.2809699,0.26047018,1.02196
12190,0.24522763,0.2544816,0.87776107
12191,0.22062437,0.2500442,0.77525645
12192,0.42957264,0.33469945,1.6387141
12193,1.0562981,0.47214848,3.6337254
12194,0.77571636,0.41168112,2.7856476
12195,0.7461674,0.3963103,2.6339536
12196,0.61919713,0.35848618,2.1662881
12197,0.57939667,0.35009527,2.0006967
12198,9.409206,1.4953841,7.7010636
12199,7.717831,2.5738046,7.522463
12200,4.6874585,3.1082659,6.9348774
12201,2.351225,2.7219775,5.693695
12202,1.353969,2.122253,4.264758
12203,1.3380182,2.0289512,4.1928787
12204,0.853204,1.6299025,3.0327642
12205,1.8300326,2.189205,5.013713
12206,14.602273,12.873736,8.181718
12207,11.145217,20.22083,7.9866934
12208,4.4217787,18.029486,7.447579
12209,1.176427,9.153891,5.616711
12210,0.5170954,5.210849,3.6039622
12211,0.2863156,3.5702593,2.2606885
12212,0.17083052,2.6787314,1.4227278
12213,0.20810053,2.703873,1.7650642
12214,0.15206449,2.2650917,1.2922094
12215,0.1063184,1.9165211,0.91176075
12216,0.08521365,1.7364981,0.72292745
12217,0.059619818,1.5103042,0.51385516
12218,0.048898734,1.4147798,0.41828418
12219,0.0427526,1.334669,0.35966492
12220,0.03529304,1.2658333,0.29539135
12221,0.030883735,1.215729,0.25547367
12222,0.026003491,1.1674768,0.2139989
12223,0.023327915,1.1166818,0.18889832
12224,0.02102397,1.075471,0.16785814
12225,0.07559461,1.7717912,0.824006
12226,0.06515516,1.6565212,0.7090742
12227,0.05100399,1.5106435,0.55018246
12228,0.039746273,1.3889875,0.426076
12229,0.03218431,1.3024191,0.34183428
12230,0.026643418,1.2348535,0.2799881
12231,0.02139535,1.1658918,0.22346309
12232,0.018898537,1.1046754,0.1929436
12233,0.016793832,1.0464551,0.16742279
12234,0.015124568,0.9842145,0.14692141
12235,0.013490292,0.95726377,0.12929237
12236,0.1346276,2.3488624,1.9960136
12237,0.83525866,4.372977,6.3984857
12238,0.46680877,2.6814685,4.925014
12239,0.23748255,1.7381911,3.1406662
12240,0.14058973,1.2939346,1.9986053
12241,0.106202535,1.1104298,1.5075761
12242,0.1439341,1.1716816,2.0221744
12243,0.10786459,0.9925083,1.4902158
12244,0.086981334,0.8601135,1.1558815
12245,0.07220085,0.7738777,0.92515486
12246,0.334032,1.3667032,3.9331467
12247,0.24845265,1.0382593,3.0210493
12248,0.14115167,0.7890872,1.8658673
12249,0.087168895,0.6463365,1.1873492
12250,0.055902228,0.5537011,0.7715974
12251,0.04635742,0.5194074,0.6206748
12252,0.04011761,0.47465813,0.5120915
12253,0.035119038,0.44232756,0.4297219
12254,0.030979956,0.40904564,0.36211678
12255,0.027731631,0.38163826,0.31070444
12256,0.05886265,0.50423676,0.7695341
12257,0.24850912,0.8646814,3.2743201
12258,0.23016794,0.7309629,2.9495137
12259,0.16928943,0.57138276,2.1388948
12260,0.16212016,0.53435725,2.0050542
12261,0.12485969,0.46646598,1.5126103
12262,0.08373646,0.40235206,1.025321
12263,0.07147376,0.36130053,0.83359784
12264,0.057895068,0.3424138,0.66208756
12265,0.05063435,0.3248833,0.55900633
12266,0.05835112,0.33940512,0.65503746
12267,0.053643696,0.32368204,0.5841048
12268,0.22806038,0.5676262,2.7299852
12269,0.17415798,0.45882943,2.0412364
12270,0.12747046,0.3992507,1.4875408
12271,0.09653842,0.36131066,1.1187484
12272,0.079157144,0.33763298,0.89344054
12273,0.06716844,0.3199973,0.73583627
12274,0.055124104,0.30655408,0.59283596
12275,0.06459081,0.3301936,0.7144315
12276,0.08110054,0.35793298,0.92196906
12277,0.070019305,0.33300954,0.76586324
12278,0.046219658,0.3022883,0.51237786
12279,0.030461216,0.27881378,0.34192386
12280,0.019732617,0.26121676,0.2246235
12281,0.013000831,0.2418082,0.14909369
12282,0.010922477,0.23795316,0.12262568
12283,0.010110819,0.2395365,0.11219203
12284,0.008879729,0.23519298,0.09563285
12285,0.007944254,0.22145511,0.08156003
12286,0.012019159,0.26268587,0.13787396
12287,0.046208158,0.44028336,0.72757
12288,0.037016846,0.41097954,0.56444067
12289,0.024689171,0.36756992,0.3752877
12290,0.01670355,0.33341956,0.2521518
12291,0.014379488,0.3067615,0.2045511
12292,0.012469981,0.2823253,0.16714126
12293,0.04283903,0.44576263,0.75561184
12294,0.038965896,0.41271564,0.66179293
12295,0.037838228,0.38660485,0.6201614
12296,0.032911163,0.37348467,0.52933186
12297,0.06427601,0.4770723,1.1426121
12298,0.08172059,0.4992754,1.4480544
12299,0.06340401,0.43732452,1.0758743
12300,0.2887306,0.7531921,4.2216673
12301,0.22117478,0.5798728,3.3362186
12302,0.15451111,0.43843803,2.3303223
12303,0.09024117,0.35010022,1.4232686
12304,0.0622243,0.30620152,0.97410876
12305,0.11487828,0.3921843,1.8828082
12306,0.064045385,0.3358026,1.1010708
12307,0.038443573,0.29290223,0.6695359
12308,0.024146594,0.2570104,0.4186588
12309,0.015478445,0.22969595,0.2653331
12310,0.012454965,0.21647993,0.20320265
12311,0.009116881,0.20273903,0.14431335
12312,0.0067568794,0.19074634,0.10344923
12313,0.0045826994,0.17569008,0.06850114
12314,0.0029743554,0.16003023,0.043448925
12315,0.002045962,0.1475197,0.028846439
12316,0.0018338315,0.13663451,0.024448479
12317,0.0015079605,0.12040182,0.018243488
12318,0.0019334482,0.12776323,0.024337284
12319,0.0021663322,0.12826476,0.027238546
12320,0.0018954126,0.11629524,0.02220796
12321,0.0015868403,0.10244665,0.01693621
12322,0.0013413073,0.09722025,0.013494125
12323,0.0011010559,0.09404097,0.010596254
12324,0.0009954557,0.08495847,0.008918761
12325,0.000856929,0.0807124,0.0072468496
12326,0.0007454626,0.07634907,0.005945276
12327,0.00063054817,0.0746352,0.004829467
12328,0.00051343476,0.07360102,0.003846406
12329,0.0003823602,0.070867285,0.0028043317
12330,0.0003201669,0.06902102,0.002251066
12331,0.0006492088,0.0907193,0.0055373507
12332,0.0023004634,0.14506102,0.02798312
12333,0.0029125006,0.15144427,0.03673783
12334,0.0033180213,0.15134458,0.04200974
12335,0.003269695,0.14649926,0.040392153
12336,0.04141164,0.39996552,0.96827835
12337,0.030126963,0.34914616,0.6669312
12338,0.07972855,0.47084436,1.8883675
12339,0.060270343,0.3733775,1.3346577
12340,0.044157926,0.32372874,0.93623036
12341,0.03353481,0.28848082,0.6744054
12342,0.025583532,0.26246315,0.48929533
12343,0.035718933,0.28867275,0.71133834
12344,0.03134874,0.2554231,0.5832992
12345,0.10747136,0.40333173,2.2294402
12346,0.093988195,0.33698544,1.852814
12347,0.06834277,0.28462526,1.2955198
12348,0.05350875,0.23624676,0.9375756
12349,0.05371284,0.22277412,0.9072319
12350,0.0516663,0.20558287,0.8349236
12351,0.069948055,0.22143002,1.1450814
12352,0.06387069,0.20330349,0.99916404
12353,0.05364713,0.1834901,0.79375166
12354,0.042266462,0.1723456,0.60570014
12355,0.03018291,0.15991756,0.42683935
12356,0.02231313,0.1510793,0.30988088
12357,0.017525425,0.14550453,0.23701233
12358,0.01758838,0.14548995,0.23446077
12359,0.015310536,0.13974062,0.1951664
12360,0.01240218,0.13652644,0.15420723
12361,0.010028248,0.13509776,0.12498247
12362,0.0072452165,0.1284634,0.08902111
12363,0.005015341,0.12069538,0.06082258
12364,0.0049272054,0.12916678,0.06333249
12365,0.00470899,0.13485466,0.062065516
12366,0.0037810951,0.12973055,0.04776114
12367,0.017508626,0.22887428,0.32821053
12368,0.014614693,0.20551255,0.25378126
12369,0.011955477,0.1916325,0.19545592
12370,0.009527105,0.18169865,0.14862919
12371,0.0076303678,0.17354622,0.114118025
12372,0.0061298306,0.16570517,0.087593935
12373,0.0044622114,0.15617925,0.061934397
12374,0.003897407,0.15328962,0.052524764
12375,0.0030497531,0.14646882,0.039440792
12376,0.002753907,0.13664831,0.033584297
12377,0.008736189,0.21910782,0.14763437
12378,0.010426782,0.22358738,0.17851989
12379,0.008626773,0.19415249,0.13446775
12380,0.015374915,0.23429178,0.2714737
12381,0.02444774,0.2655585,0.4662175
12382,0.020099746,0.2327189,0.3528376
12383,0.025107043,0.25203276,0.4570116
12384,0.020252125,0.23575933,0.35156006
12385,0.016202651,0.22174191,0.26831385
12386,0.014194978,0.22086647,0.23513052
12387,0.017645132,0.25244793,0.31898084
12388,0.014381774,0.234385,0.24505278
12389,0.021192253,0.2631048,0.38831952
12390,0.024535231,0.26262477,0.4488409
12391,0.01958266,0.24431506,0.34041768
12392,0.016082648,0.22813796,0.26447383
12393,0.013471759,0.212725,0.20881467
12394,0.011229942,0.20216702,0.16567454
12395,0.0078039793,0.18825902,0.113921955
12396,0.00627418,0.180444,0.087892056
12397,0.0045951484,0.17045131,0.06266926
12398,0.003327076,0.16048907,0.044133835
12399,0.0034636895,0.15456463,0.044880364
12400,0.3322628,0.9373505,5.6314607
12401,0.17562169,0.56069106,3.6455104
12402,0.0944616,0.3957042,2.1348886
12403,0.07074199,0.3091147,1.5004827
12404,0.06450598,0.281032,1.3193662
12405,0.055035383,0.24967845,1.0737487
12406,0.048633486,0.22669342,0.9069187
12407,1.5071604,0.8914361,7.7864194
12408,0.74591625,0.5176259,6.5535545
12409,0.3739738,0.32732353,4.74239
12410,0.20018236,0.22808544,3.0179818
12411,0.14100839,0.18081883,2.104796
12412,0.10779093,0.15180917,1.5384539
12413,0.086432345,0.1287997,1.1576604
12414,0.0717007,0.11581563,0.90923584
12415,0.05934738,0.109333485,0.7241941
12416,0.049825802,0.104713954,0.5863778
12417,0.041234314,0.10168699,0.47193077
12418,0.03330668,0.09921606,0.37339556
12419,0.027204374,0.09815764,0.30297616
12420,0.022615707,0.09688554,0.24614318
12421,0.020823639,0.09393694,0.21867967
12422,0.01925303,0.09574905,0.20039985
12423,0.01714633,0.09332204,0.17189942
12424,0.014666506,0.09312748,0.14381571
12425,0.012182148,0.09283193,0.11744955
12426,0.010954985,0.08999205,0.10150724
12427,0.010215757,0.08783367,0.09166127
12428,0.0090790745,0.08767693,0.07933996
12429,0.007834352,0.08813126,0.06717961
12430,0.0069557694,0.08822141,0.058188166
12431,0.0061724624,0.088436276,0.050421283
12432,0.005569676,0.087780446,0.04419244
12433,0.0050703017,0.08576031,0.03884318
12434,0.004586953,0.085445814,0.034205537
12435,0.0041613416,0.08505933,0.030200912
12436,0.0037396634,0.08545842,0.02654041
12437,0.0034240058,0.08374568,0.023515938
12438,0.0031403084,0.08074345,0.020757074
12439,0.0029628344,0.07782156,0.018952403
12440,0.0027387328,0.07846646,0.017193463
12441,0.002522081,0.07747594,0.015384864
12442,0.0023199655,0.077107415,0.013795643
12443,0.002132449,0.07704278,0.012383248
12444,0.0019527555,0.07744418,0.011104341
12445,0.0021845142,0.083446905,0.01285791
12446,0.0038317735,0.103164636,0.026322484
12447,0.0035360896,0.0998301,0.023457792
12448,0.01657094,0.183501,0.17062831
12449,0.021997726,0.20514539,0.24188517
12450,0.019485785,0.20099805,0.20789741
12451,0.017511325,0.19424662,0.18018782
12452,0.015765656,0.18933938,0.15699774
12453,0.014283951,0.1813729,0.13680612
12454,0.012959304,0.17151497,0.11886618
12455,0.011791776,0.16825393,0.10498901
12456,0.010761137,0.16012193,0.09201827
12457,0.14892036,0.4516224,2.0982666
12458,0.14687882,0.4169402,2.0058172
12459,0.13633549,0.37039998,1.7897184
12460,0.10937486,0.321792,1.3775824
12461,0.090632044,0.28938255,1.0937217
12462,0.07696565,0.26534063,0.88970554
12463,0.066494025,0.24723488,0.73772955
12464,0.057977512,0.23481023,0.6204732
12465,0.051252697,0.2235564,0.52879834
12466,0.045718487,0.21393494,0.4553068
12467,0.04084332,0.20800585,0.39484006
12468,0.036932826,0.19992097,0.3450744
12469,0.03356638,0.19285768,0.3035297
12470,0.06844678,0.25479412,0.72020274
12471,0.27704573,0.43690047,3.041962
12472,0.23196426,0.3648346,2.4978366
12473,1.3697718,0.69937086,6.7116814
12474,0.86459565,0.4998435,5.5653253
12475,0.5459823,0.35895076,4.1742005
12476,0.37877104,0.282859,3.0799165
12477,0.28635225,0.23638365,2.3275666
12478,0.23051946,0.20490947,1.8233559
12479,0.19161011,0.18566589,1.4698842
12480,0.16280691,0.17296611,1.2117008
12481,0.14246559,0.16132505,1.0234523
12482,0.12560458,0.15439941,0.87619245
12483,0.111546285,0.14972872,0.7580868
12484,0.11337693,0.15028608,0.7637746
12485,0.102097735,0.14690794,0.67148954
12486,0.09186557,0.14467284,0.59123987
12487,0.083197646,0.14315803,0.524732
12488,0.075653665,0.14232112,0.4683917
12489,0.06985601,0.14054377,0.42345834
12490,0.15504517,0.19560324,1.0899128
12491,1.2868619,0.45445544,5.796319
12492,0.8178749,0.33864975,4.4768653
12493,0.596007,0.26996413,3.4743314
12494,0.4850253,0.23284985,2.843494
12495,0.37791958,0.20267504,2.2052982
12496,0.30865884,0.18302071,1.764248
12497,0.26146185,0.16899966,1.4534453
12498,0.22719134,0.15839987,1.225546
12499,0.20290074,0.15261412,1.0681754
12500,0.30536565,0.18068112,1.6516802
12501,0.59263307,0.23404989,3.0310996
12502,0.7952579,0.2555771,3.7103047
12503,0.5750822,0.21650338,2.7959971
12504,0.45126152,0.19152854,2.1849713
12505,0.3717112,0.17466359,1.7634486
12506,0.31597686,0.16291809,1.4610792
12507,0.33341298,0.16401346,1.5215541
12508,0.28982612,0.15377523,1.285675
12509,0.2555656,0.14724305,1.1040637
12510,0.22468074,0.14359973,0.95078933
12511,0.20263068,0.14105764,0.84004986
12512,0.28263,0.16435097,1.2238159
12513,0.2503532,0.15792848,1.0564162
12514,0.22406612,0.15341401,0.92321706
12515,0.19830155,0.15115552,0.8030235
12516,0.19045998,0.15163322,0.76244134
12517,0.2176392,0.15913309,0.8847641
12518,0.25537094,0.16925311,1.0546472
12519,0.2296259,0.16280083,0.92457885
12520,3.8988464,0.5693483,6.914941
12521,2.2551887,0.51234925,5.825306
12522,1.4406127,0.42550868,4.5881753
12523,1.0132097,0.34820464,3.5153883
12524,0.75718653,0.3039252,2.7004762
12525,3.0412688,0.5498923,6.1481566
12526,2.2615886,0.5009221,5.359314
12527,1.5071256,0.42250738,4.1743965
12528,1.0661535,0.36852077,3.1694171
12529,0.8120145,0.3314243,2.4523365
12530,1.0894288,0.38120854,3.131203
12531,4.0198355,0.6915429,6.349052
12532,2.3560324,0.6466706,5.0997624
12533,1.5094105,0.5644103,3.8514512
12534,1.308444,0.54291934,3.4065785
12535,1.5358275,0.57348514,3.7579923
12536,1.134646,0.5034553,2.8885422
12537,0.87234926,0.46251982,2.2433856
12538,0.74822885,0.44040254,1.9049257
12539,0.9274147,0.4969634,2.3456986
12540,0.7352487,0.46443462,1.8525858
12541,0.5709723,0.4339475,1.4382433
12542,0.48277852,0.4188759,1.1975256
12543,0.40663555,0.40588486,0.9969619
12544,0.3487788,0.3966305,0.84533596
12545,0.56261754,0.4995062,1.4679486
12546,0.44357404,0.469156,1.1539495
12547,0.37253314,0.45285887,0.9586873
12548,0.5733416,0.5572334,1.5629877
12549,7.4393883,1.946163,7.230157
12550,4.5201626,2.3280463,6.4678926
12551,2.656039,2.1773496,5.282096
12552,1.6293818,1.8460441,3.9546468
12553,1.0910815,1.567739,2.88443
12554,0.73309946,1.3473161,2.0354803
12555,0.59523195,1.2433988,1.6539952
12556,0.47997868,1.148822,1.3213876
12557,0.37190852,1.054683,1.0233839
12558,0.30305067,0.9909183,0.8289763
12559,0.25856137,0.949908,0.70071524
12560,0.20651159,0.8942758,0.5632236
12561,0.18275763,0.87143683,0.4943569
12562,0.14764233,0.82245713,0.40027428
12563,0.12240236,0.7854918,0.3323937
12564,0.10154098,0.75133574,0.27654973
12565,0.08045854,0.71002066,0.22084442
12566,0.066943504,0.6819238,0.18467128
12567,0.055207007,0.6529357,0.15325382
12568,0.042435918,0.61690825,0.119280316
12569,0.06187789,0.7361418,0.19686732
12570,0.06963861,0.7869274,0.23234299
12571,0.061226718,0.7730484,0.20459597
12572,0.054053467,0.76137453,0.18120869
12573,0.09081886,0.9555282,0.35513988
12574,0.082224794,0.93736356,0.32018816
12575,0.070715114,0.9091034,0.27519834
12576,0.24506077,1.5146966,1.2436607
12577,0.20047742,1.387033,1.0089172
12578,0.16728812,1.2882072,0.8316188
12579,0.14301594,1.2188396,0.706416
12580,0.12424111,1.1577774,0.6060098
12581,0.14543177,1.2319483,0.7400874
12582,0.12557831,1.1670512,0.63094276
12583,0.10707496,1.1118337,0.53360295
12584,0.09354642,1.0693704,0.46193847
12585,0.36083412,1.8537215,2.138283
12586,0.9066501,2.5591486,4.4045634
12587,0.4874289,1.836528,2.8618627
12588,0.98860145,2.281426,4.6596413
12589,3.8362174,3.806452,7.254997
12590,1.65824,2.9224272,5.9434257
12591,0.7954167,2.0088274,4.170604
12592,0.5653437,1.5918591,3.2096353
12593,0.5189628,1.4504042,3.028987
12594,0.38050568,1.197575,2.2639048
12595,0.5050606,1.2718678,2.874822
12596,3.3723764,2.736887,7.09378
12597,6.460345,4.1189322,7.7374697
12598,14.341621,16.349281,8.396928
12599,9.4375305,22.075737,8.192976
12600,2.9833717,15.498804,7.6157613
12601,0.7852635,7.1518703,5.7820106
12602,0.49407724,4.5072103,4.6032887
12603,0.28568336,2.917858,3.0941281
12604,0.15654266,2.081869,1.8728657
12605,0.105521634,1.7034266,1.2811596
12606,0.10945739,1.7014539,1.3796657
12607,0.17527455,1.954628,2.2264547
12608,0.21690972,2.0215752,2.8431404
12609,0.119934276,1.4940848,1.7079861
12610,0.073187165,1.1971704,1.071567
12611,0.9678446,3.198486,6.736221
12612,7.3675647,6.9909444,8.463417
12613,13.279355,19.53651,8.807668
12614,6.873795,19.501657,8.582802
12615,1.5761583,10.483264,7.9907684
12616,0.4547179,4.5453095,6.310716
12617,0.207407,2.4123104,4.1624417
12618,0.12830384,1.5898927,2.7536976
12619,0.09323597,1.2339653,1.9807099
12620,0.061068296,0.9935216,1.2910261
12621,0.04207844,0.8452096,0.8711939
12622,0.026887543,0.71903247,0.55145514
12623,0.021050695,0.653392,0.41203463
12624,0.016777214,0.6012265,0.31334677
12625,0.21162835,1.568402,4.2422748
12626,0.12783828,1.0278398,2.7278473
12627,0.09378255,0.79067576,1.9519825
12628,0.06630191,0.65334296,1.3415344
12629,0.040613536,0.54066825,0.8235981
12630,0.03269925,0.4577199,0.61237204
12631,0.03581528,0.45852628,0.6715741
12632,0.074734285,0.5763351,1.5039676
12633,0.057574037,0.47620144,1.084159
12634,0.04466995,0.425968,0.8048137
12635,0.034387965,0.38998142,0.59781075
12636,0.025954759,0.36056593,0.43843058
12637,0.022902615,0.3261424,0.3648717
12638,0.01947796,0.2906472,0.28917274
12639,0.012978739,0.2643659,0.19138017
12640,0.008739594,0.24231791,0.12747255
12641,0.0068242224,0.23164241,0.09646229
12642,0.0058215004,0.20846447,0.07627542
12643,0.005288557,0.19557567,0.06613866
12644,0.007280027,0.21630377,0.097957924
12645,0.006850685,0.20535004,0.08880561
12646,0.12972155,0.65512216,2.7389858
12647,0.33095047,0.8099624,5.0468984
12648,0.25597835,0.6051227,4.1512074
12649,0.3766568,0.59715986,5.008691
12650,0.22961016,0.3941263,3.422458
12651,0.495655,0.4748739,5.322204
12652,0.6089494,0.42728314,5.6110153
12653,0.40886778,0.318532,4.4554625
12654,0.21077785,0.22767256,2.756569
12655,0.21351513,0.22112963,2.7638369
12656,0.116343156,0.18226635,1.6379335
12657,0.07126708,0.15480547,1.0238383
12658,0.052704684,0.14260358,0.74179685
12659,0.04042058,0.13440803,0.55496216
12660,0.034580585,0.12537418,0.4501327
12661,0.024848716,0.11804977,0.31992918
12662,0.017894994,0.1118305,0.2276439
12663,0.014112223,0.108753026,0.1751992
12664,0.011483104,0.1064385,0.13848251
12665,0.008643035,0.1027548,0.10235049
12666,0.007239203,0.100691825,0.082723446
12667,0.0055507813,0.097785026,0.062101066
12668,0.0048371176,0.09223506,0.05106642
12669,0.010560062,0.12388625,0.1366665
12670,0.009182824,0.115240745,0.11169561
12671,0.005862214,0.106114484,0.0710582
12672,0.003927726,0.09905592,0.047006935
12673,0.0028682458,0.09443631,0.033436958
12674,0.001973127,0.088630125,0.02249882
12675,0.0013211106,0.08250741,0.014719228
12676,0.0008733236,0.07641741,0.009475831
12677,0.0005708715,0.07041873,0.006008941
12678,0.0004274272,0.066045634,0.0042524985
12679,0.0003560155,0.05635259,0.0031674271
12680,0.000562857,0.063137375,0.005496144
12681,0.00050016126,0.05781605,0.0045778193
12682,0.00041434946,0.05014114,0.0034154148
12683,0.0003481095,0.0459095,0.0026473396
12684,0.0002946695,0.03987686,0.0020290378
12685,0.0007997709,0.05762457,0.007273572
12686,0.0006691117,0.050602905,0.005524292
12687,0.00090344605,0.056100402,0.007956733
12688,0.0007420076,0.05440454,0.006236882
12689,0.0006336447,0.051183514,0.0049894038
12690,0.00053665653,0.045055285,0.0038528459
12691,0.000410067,0.043883834,0.0028685066
12692,0.00027360488,0.041391704,0.0018892067
12693,0.00020950643,0.04006517,0.0013980927
12694,0.0001772589,0.03799757,0.0011109293
12695,0.000126863,0.036330175,0.0007757953
12696,0.00010103514,0.03518467,0.000591448
12697,7.87426e-05,0.03403286,0.00044300893
12698,9.427624e-05,0.03823141,0.00056551374
12699,7.8101606e-05,0.03265999,0.00042016094
12700,5.975964e-05,0.031612154,0.00031080432
12701,4.7491176e-05,0.03065983,0.00023691576
12702,3.3179902e-05,0.0291219,0.00016161917
12703,2.4079493e-05,0.027783467,0.000113525646
12704,1.620381e-05,0.026100004,7.445892e-05
12705,1.09909e-05,0.024468474,4.8936745e-05
12706,7.8900675e-06,0.023044223,3.360177e-05
12707,1.2782609e-05,0.028672123,6.2809144e-05
12708,1.1024953e-05,0.025543101,4.9444778e-05
12709,1.161756e-05,0.024369152,5.0337065e-05
12710,2.0350833e-05,0.031363804,0.00010426002
12711,0.00036263707,0.089606754,0.0041697156
12712,0.0004709092,0.09620969,0.005722961
12713,0.0010772564,0.12908728,0.016369909
12714,0.0009938655,0.115863845,0.014052311
12715,0.0007830135,0.100539185,0.009893877
12716,0.0006483377,0.0902057,0.0074781515
12717,0.00052343315,0.07898469,0.005433147
12718,0.0007240483,0.085340604,0.008003609
12719,0.0006601659,0.07557017,0.006717156
12720,0.00052521913,0.071523756,0.00503425
12721,0.00036504876,0.06685504,0.0033788052
12722,0.00028059952,0.063183874,0.0024582748
12723,0.00021601863,0.059742264,0.00179127
12724,0.00021074919,0.060626354,0.0017321515
12725,0.00024578758,0.06117975,0.0020284771
12726,0.00020791653,0.05581561,0.0015820995
12727,0.00017240686,0.05251267,0.0012267184
12728,0.00013739096,0.05040444,0.0009308039
12729,0.00010543175,0.048308074,0.00068530854
12730,7.941299e-05,0.046133418,0.00049615843
12731,9.004958e-05,0.04648927,0.0005628175
12732,0.00012232775,0.048649605,0.00079922506
12733,0.000101815094,0.041754965,0.00059851527
12734,8.45305e-05,0.040296093,0.0004722942
12735,8.282317e-05,0.04134289,0.00046049172
12736,7.0090486e-05,0.03963392,0.0003686268
12737,5.874965e-05,0.038407426,0.0002944509
12738,5.06288e-05,0.03585695,0.00023721089
12739,4.3771244e-05,0.034147717,0.00019356559
12740,3.7424983e-05,0.033257354,0.00015813693
12741,3.2002285e-05,0.032484476,0.00012946856
12742,2.7352518e-05,0.031812217,0.00010614979
12743,2.226104e-05,0.031522926,8.475064e-05
12744,1.5454614e-05,0.029996827,5.812573e-05
12745,1.2526455e-05,0.029320324,4.5456483e-05
12746,1.0693788e-05,0.028334914,3.6904097e-05
12747,9.4607585e-06,0.02764456,3.1288855e-05
12748,8.615792e-06,0.026976695,2.7375685e-05
12749,1.1143082e-05,0.027676472,3.6523892e-05
12750,1.3600154e-05,0.028341096,4.5556117e-05
12751,1.1937022e-05,0.026615135,3.7609618e-05
12752,1.3932327e-05,0.027832111,4.492275e-05
12753,1.2196294e-05,0.027161542,3.765706e-05
12754,1.0756496e-05,0.026354127,3.1725413e-05
12755,1.101353e-05,0.026467884,3.2116568e-05
12756,9.714589e-06,0.026218148,2.73931e-05
12757,8.659809e-06,0.025098603,2.3225666e-05
12758,7.6876995e-06,0.023166606,1.9341085e-05
12759,6.8113477e-06,0.02104923,1.5986552e-05
12760,6.1019655e-06,0.020772953,1.38250825e-05
12761,5.5129503e-06,0.020017175,1.194575e-05
12762,4.915727e-06,0.019976927,1.0347258e-05
12763,4.337271e-06,0.020044757,8.904089e-06
12764,3.8997323e-06,0.019911546,7.760616e-06
12765,3.523726e-06,0.019705832,6.7877713e-06
12766,3.1835386e-06,0.019567406,5.9468225e-06
12767,2.8835796e-06,0.019567208,5.2455957e-06
12768,2.556988e-06,0.019746108,4.559894e-06
12769,2.3127127e-06,0.01966763,4.007594e-06
12770,4.1186104e-06,0.024070852,8.337408e-06
12771,3.702859e-06,0.022175798,7.0580036e-06
12772,3.3803713e-06,0.02046025,6.0934176e-06
12773,3.092056e-06,0.019080088,5.2892524e-06
12774,2.8385864e-06,0.018119387,4.641162e-06
12775,2.613585e-06,0.017824413,4.1389553e-06
12776,2.409048e-06,0.017591603,3.7010102e-06
12777,2.2514907e-06,0.016881272,3.330076e-06
12778,2.0810471e-06,0.016206007,2.9588157e-06
12779,1.9099607e-06,0.015220382,2.5885386e-06
12780,1.7682693e-06,0.014579536,2.3037446e-06
12781,1.73082e-06,0.013952498,2.1876688e-06
12782,1.0821827e-05,0.028588975,2.3575127e-05
12783,1.1715972e-05,0.029054843,2.5800673e-05
12784,1.0765829e-05,0.02752672,2.266521e-05
12785,9.9509525e-06,0.027036963,2.030504e-05
12786,9.212682e-06,0.026413377,1.8191444e-05
12787,8.527249e-06,0.026203353,1.63913e-05
12788,7.863578e-06,0.0262683,1.4778627e-05
12789,7.2946787e-06,0.02606519,1.3353878e-05
12790,6.7807023e-06,0.025766077,1.2077996e-05
12791,6.3011735e-06,0.025640376,1.0950519e-05
12792,5.870257e-06,0.025362628,9.934371e-06
12793,5.4745915e-06,0.025107808,9.027215e-06
12794,5.0705894e-06,0.025301732,8.203667e-06
12795,4.7349354e-06,0.025121212,7.4754585e-06
12796,4.4288977e-06,0.024835946,6.8148843e-06
12797,4.1444205e-06,0.02466786,6.2271292e-06
12798,3.882915e-06,0.024469858,5.6958684e-06
12799,3.6177962e-06,0.023335421,5.108318e-06
12800,1.864867e-05,0.044052675,4.270326e-05
12801,7.236541e-05,0.075160794,0.00024801036
12802,6.8596695e-05,0.0716583,0.00022674171
12803,6.3362946e-05,0.06770691,0.00020075224
12804,5.8678932e-05,0.0656376,0.00017968156
12805,5.4390428e-05,0.06483146,0.00016212258
12806,5.347503e-05,0.06546408,0.00015788298
12807,9.714979e-05,0.0818291,0.00033864318
12808,9.001748e-05,0.08009728,0.00030447077
12809,8.315476e-05,0.07634196,0.0002703005
12810,0.000371381,0.1356597,0.0018688085
12811,0.00036706706,0.13505062,0.0018329474
12812,0.00035141173,0.13255323,0.0017232078
12813,0.0003235705,0.12897898,0.0015358516
12814,0.0003009209,0.12586918,0.0013863181
12815,0.00027899194,0.11982251,0.0012378573
12816,0.00025765202,0.113618165,0.0010981308
12817,0.00023735102,0.10766094,0.0009705649
12818,0.00022034517,0.104823515,0.0008736839
12819,0.0002048121,0.10296031,0.0007901546
12820,0.00019044612,0.10169469,0.00071648957
12821,0.00017669007,0.10138169,0.0006506231
12822,0.00016457797,0.10019762,0.0005913479
12823,0.00015338164,0.09701696,0.00053395785
12824,0.0001428116,0.093144685,0.0004802896
12825,0.00013359755,0.09166923,0.00043808666
12826,0.00012502028,0.089242965,0.00039829
12827,0.000117034615,0.08656202,0.00036184542
12828,0.00076622097,0.18239997,0.0041508153
12829,0.0013099025,0.22770901,0.008352939
12830,0.0024829747,0.29491615,0.019183893
12831,0.0043931436,0.37102923,0.040233478
12832,0.004105151,0.35899448,0.036713675
12833,0.0037162958,0.33871308,0.031884436
12834,0.0034252773,0.32328415,0.028432522
12835,0.00314881,0.30770922,0.025235793
12836,0.014303084,0.55837935,0.17706996
12837,0.028285367,0.7291831,0.4191151
12838,0.025641164,0.6883467,0.36987427
12839,0.022162395,0.62706304,0.30391935
12840,0.10866481,1.1713967,1.9187144
12841,0.08751504,0.9911921,1.5015992
12842,0.06934405,0.8278061,1.1297084
12843,0.057578687,0.7307021,0.895524
12844,0.047982838,0.6557245,0.71165323
12845,0.040750004,0.5915882,0.5749475
12846,0.0356989,0.5426139,0.48228562
12847,0.031059496,0.50506854,0.40208656
12848,0.027271412,0.4716748,0.33837774
12849,0.024116881,0.43993333,0.2865049
12850,0.021466536,0.41250858,0.24454609
12851,0.019199768,0.38654906,0.209652
12852,0.017274952,0.3663358,0.18153012
12853,0.055572834,0.5832819,0.7693665
12854,0.04875133,0.5358988,0.6492114
12855,0.042120136,0.48703483,0.53419966
12856,0.036850765,0.45377734,0.44828063
12857,0.032497454,0.41930738,0.37776437
12858,0.02890413,0.39148307,0.32205454
12859,0.028030442,0.38289312,0.3070248
12860,0.025879592,0.3650361,0.2745694
12861,0.02332928,0.34906968,0.23916633
12862,0.021061175,0.3388038,0.20975663
12863,0.01957293,0.3280068,0.19025114
12864,0.017822443,0.31375417,0.16743788
12865,0.016282799,0.30281356,0.14832984
12866,0.015056391,0.29158792,0.13324597
12867,0.013850342,0.27940187,0.11863048
12868,0.017279945,0.30492324,0.1565634
12869,0.01583687,0.29551935,0.13939448
12870,0.014737291,0.28625003,0.12643884
12871,0.013567068,0.278271,0.113227196
12872,0.012516711,0.2696577,0.10152158
12873,0.011569723,0.26275498,0.09138692
12874,0.010713784,0.25558326,0.08237828
12875,0.009937562,0.24928012,0.074461244
12876,0.009229449,0.24425992,0.06750853
12877,0.0085847825,0.23898475,0.061276905
12878,0.007992586,0.2349558,0.055771843
12879,0.0074388287,0.23262286,0.05087403
12880,0.006942338,0.22690989,0.046306565
12881,0.018293539,0.3327019,0.16042975
12882,0.01681091,0.3199477,0.14305034
12883,0.015489813,0.3088956,0.12808192
12884,0.015147069,0.30592048,0.12383318
12885,0.013979872,0.30029505,0.11171167
12886,0.012939354,0.29010704,0.100533925
12887,0.011999799,0.28368494,0.0910355
12888,0.011125214,0.27997568,0.0826799
12889,0.010345967,0.2740833,0.075125255
12890,0.009628918,0.26962972,0.068435855
12891,0.008971432,0.26551154,0.06243972
12892,0.008370364,0.26114994,0.057032704
12893,0.007820256,0.2562036,0.05212777
12894,0.008293695,0.26293144,0.0560447
12895,0.020753337,0.3826055,0.18270482
12896,0.019471988,0.3740134,0.16839094
12897,0.018327838,0.3666249,0.15591034
12898,0.016866095,0.3576833,0.14008532
12899,0.015533624,0.3509752,0.12623186
12900,0.014322693,0.34525853,0.113987796
12901,0.013260346,0.33551025,0.10293698
12902,0.020546246,0.39954394,0.18003419
12903,0.018896999,0.39246368,0.16224033
12904,0.017319942,0.38542953,0.14559354
12905,0.015959462,0.370621,0.13042071
12906,0.01474112,0.35731593,0.117220186
12907,0.08253619,0.7076786,0.98412114
12908,0.07030417,0.6462754,0.8076783
12909,0.06089471,0.59712076,0.6744062
12910,0.053449083,0.5536146,0.5702
12911,0.08769356,0.6589401,1.0122705
12912,0.09522218,0.65619755,1.0953202
12913,0.08357701,0.6035368,0.93221754
12914,0.07197624,0.5573752,0.77473783
12915,0.06288316,0.5205379,0.65397006
12916,0.2537439,0.8879406,2.8294122
12917,0.18914749,0.72106767,2.0953367
12918,0.1501442,0.6139082,1.6143235
12919,0.12395717,0.54200923,1.2855217
12920,0.10518961,0.4897871,1.0506206
12921,0.12523168,0.5089833,1.2571362
12922,0.14244488,0.51644456,1.42095
12923,0.121073104,0.46274978,1.1629125
12924,0.10461729,0.42177242,0.9673359
12925,0.091342576,0.3969315,0.8189708
12926,0.07710616,0.38131565,0.67905444
12927,0.06894589,0.363719,0.5894385
12928,0.06837766,0.36536813,0.58189553
12929,0.057865113,0.35592926,0.48630092
12930,0.05045255,0.34999582,0.41774186
12931,0.045892287,0.34137583,0.37130556
12932,0.039968673,0.33796212,0.319767
12933,0.034493297,0.3348832,0.27355894
12934,0.03155033,0.33121413,0.24573566
12935,0.038071856,0.3561202,0.3098855
12936,0.0343873,0.35285193,0.27535453
12937,0.03167689,0.3440573,0.24791591
12938,0.7550537,1.2356795,5.4274106
12939,0.445395,0.871789,3.9203346
12940,0.30507845,0.6774539,2.8405612
12941,0.2304596,0.5632842,2.1375103
12942,0.18314098,0.49319574,1.6632607
12943,0.14235216,0.44613516,1.2784796
12944,0.12146867,0.41258422,1.0575111
12945,0.10243343,0.39123875,0.8728356
12946,0.089974925,0.37301332,0.7459848
12947,0.08028736,0.3565154,0.64714295
12948,0.06402639,0.3406132,0.5136706
12949,0.0626442,0.3474641,0.50408816
12950,0.048947483,0.33120778,0.39359778
12951,0.04013757,0.32276458,0.3213499
12952,0.042358525,0.34022838,0.3467225
12953,0.034783237,0.3321181,0.2835251
12954,0.030880243,0.33064458,0.2485664
12955,0.21680287,0.72421455,2.3222065
12956,0.22678255,0.682262,2.3518856
12957,0.1609989,0.5782324,1.6871587
12958,0.11884613,0.5117419,1.241729
12959,0.10019398,0.47130352,1.0141431
12960,0.07528806,0.43263897,0.75892884
12961,0.06486685,0.41455975,0.6379816
12962,0.05746208,0.39664543,0.54894227
12963,1.9657288,1.6832566,7.2990217
12964,1.4488791,1.4221368,6.868123
12965,2.8014235,1.6888121,7.6282353
12966,1.973516,1.4160635,7.1555347
12967,0.9045496,0.9509764,5.6776643
12968,0.5508829,0.6773752,4.242038
12969,0.7623522,0.71481276,5.03473
12970,0.3945416,0.513411,3.3201194
12971,0.23620191,0.39950863,2.1666195
12972,0.1863052,0.35253873,1.6776296
12973,0.15489115,0.31902897,1.3519378
12974,0.12931162,0.29816622,1.1010537
12975,0.10300563,0.28068078,0.8673833
12976,0.09077314,0.26872984,0.74296063
12977,0.08001862,0.26094687,0.6396868
12978,0.06931181,0.25582546,0.5450086
12979,0.06172739,0.25198072,0.47614738
12980,0.042604104,0.23633118,0.3335514
12981,0.038780488,0.23463115,0.29802766
12982,0.038242996,0.2428091,0.29619253
12983,0.035195556,0.23948301,0.26690134
12984,0.03211293,0.23905222,0.23964849
12985,0.028601969,0.23998392,0.21125641
12986,0.024315326,0.23912355,0.17885724
12987,0.022616327,0.23573501,0.16294833
12988,0.038639795,0.29483026,0.32047114
12989,0.035281226,0.2900733,0.2863979
12990,0.03220579,0.28704166,0.25647035
12991,0.022090968,0.27030715,0.17856708
12992,0.015014861,0.2550991,0.12320425
12993,0.013873718,0.24852885,0.11083072
12994,0.0128338495,0.24555638,0.100343116
12995,0.013434458,0.25423834,0.10641971
12996,0.012419983,0.25062552,0.09621085
12997,0.0107034845,0.25106335,0.0823734
12998,0.009769272,0.25160506,0.07402621
12999,0.009039145,0.24905463,0.067086376
13000,0.010125879,0.26055408,0.077254236
13001,0.009941851,0.25861472,0.07503244
13002,0.009230113,0.25119406,0.06780785
13003,0.008557604,0.2489131,0.061624546
13004,0.008023015,0.24439484,0.056526817
13005,0.012164905,0.30392355,0.09897972
13006,0.01092328,0.30445293,0.087705664
13007,0.007508859,0.28283316,0.06092895
13008,0.0054405387,0.26660505,0.0443481
13009,0.008495427,0.32862496,0.079526685
13010,0.0060771457,0.3077023,0.057093397
13011,0.0072530815,0.3255188,0.070930265
13012,0.00596589,0.3209174,0.05848167
13013,0.011297419,0.42761093,0.13447124
13014,0.033915594,0.6976684,0.55657965
13015,0.02872597,0.61991495,0.44466192
13016,0.02171355,0.57612705,0.33031484
13017,0.018469118,0.5445501,0.27021748
13018,0.016006855,0.50145346,0.22233698
13019,0.013756007,0.48101264,0.18462813
13020,0.021920651,0.574096,0.3298216
13021,0.037019182,0.7044598,0.62520707
13022,0.031006917,0.6330139,0.495904
13023,0.019547293,0.5611147,0.31411985
13024,0.014712612,0.52308774,0.23161975
13025,0.012582005,0.48737055,0.18834391
13026,0.010810894,0.45905128,0.15450661
13027,0.009815104,0.43729457,0.13515607
13028,0.031324804,0.68717957,0.5734073
13029,0.036424827,0.69844794,0.67376614
13030,0.03761537,0.66638553,0.6831252
13031,0.03410165,0.60600907,0.5930868
13032,0.02850839,0.5655724,0.47763142
13033,0.026772767,0.5387401,0.43581906
13034,0.024695111,0.5265799,0.39559042
13035,0.020379396,0.49779433,0.31499243
13036,0.017333725,0.473929,0.2583305
13037,0.025644211,0.5420298,0.4154062
13038,0.035379756,0.6030729,0.607325
13039,0.028494278,0.5598549,0.47146392
13040,0.020375544,0.5111178,0.33419997
13041,0.014735341,0.47078526,0.23748866
13042,0.010517421,0.4337076,0.16660264
13043,0.008859614,0.40932512,0.13380818
13044,0.0054625273,0.37132362,0.0824937
13045,0.0043459223,0.35284424,0.0632442
13046,0.0036803368,0.32935348,0.050508097
13047,0.0023681652,0.2969197,0.03211596
13048,0.0017406108,0.27758312,0.02287953
13049,0.0019048054,0.30013824,0.02653959
13050,0.0019589893,0.28360024,0.026433822
13051,0.002083763,0.28440976,0.028032796
13052,0.0016785822,0.2694511,0.021531155
13053,0.0013146409,0.25521958,0.016178496
13054,0.00091013446,0.234985,0.010911576
13055,0.0007522092,0.2194381,0.008465417
13056,0.0006357942,0.21181826,0.0069034086
13057,0.005516105,0.4948438,0.11253609
13058,0.008006392,0.5430296,0.17633256
13059,0.006392675,0.45455292,0.12631157
13060,0.0057339943,0.40586975,0.105848946
13061,0.010458182,0.49354792,0.22280113
13062,0.011756527,0.475694,0.24731384
13063,0.009005318,0.43458092,0.17912716
13064,0.006956664,0.3998431,0.13091017
13065,0.004389289,0.35367483,0.080581374
13066,0.0045263893,0.37180138,0.087473154
13067,0.004502601,0.363264,0.08526433
13068,0.0033260065,0.3319413,0.05958438
13069,0.002406523,0.3028771,0.040918935
13070,0.0018343513,0.27787355,0.029258965
13071,0.0013216104,0.25402883,0.020014068
13072,0.0010274042,0.23303767,0.014505476
13073,0.00081883336,0.21306251,0.010710981
13074,0.0006736521,0.20011173,0.008330414
13075,0.00050295185,0.18562235,0.005903529
13076,0.00036713496,0.17151175,0.0041015497
13077,0.0002954254,0.15731752,0.0030569846
13078,0.00021903812,0.14612861,0.002155333
13079,0.00015480856,0.134456,0.0014571646
13080,0.0001719073,0.1477291,0.0017627089
13081,0.00018363504,0.14301877,0.0018384787
13082,0.00014844794,0.12881334,0.0013600593
13083,0.00017663541,0.1365233,0.0016712382
13084,0.00014416865,0.123477206,0.0012516378
13085,0.00015196923,0.11815129,0.001281119
13086,0.00012423348,0.11032761,0.0009793877
13087,9.459756e-05,0.10403329,0.0007125097
13088,7.84186e-05,0.09635468,0.0005492303
13089,6.602715e-05,0.090742946,0.00043467473
13090,5.5576707e-05,0.08452534,0.00034149716
13091,5.3565418e-05,0.080412306,0.0003151724
13092,4.5122102e-05,0.076965906,0.00025200724
13093,5.7146204e-05,0.08122365,0.00033143046
13094,7.254119e-05,0.08706378,0.0004398753
13095,6.223056e-05,0.08075959,0.00035227404
13096,5.322696e-05,0.07714382,0.00028548978
13097,4.6089728e-05,0.07178982,0.00023144076
13098,3.8147362e-05,0.06995086,0.00018466389
13099,3.1439464e-05,0.068155415,0.00014685107
13100,2.9887753e-05,0.06936389,0.00013860769
13101,2.602022e-05,0.06453085,0.000113070346
13102,2.1572945e-05,0.0630807,9.0625115e-05
13103,3.170548e-05,0.07113846,0.00014534878
13104,3.281555e-05,0.067381896,0.00014588608
13105,2.9091609e-05,0.06230862,0.000121304714
13106,2.937135e-05,0.059899997,0.000119473894
13107,2.5723435e-05,0.053590816,9.695205e-05
13108,2.2571272e-05,0.048425075,7.907662e-05
13109,2.008682e-05,0.04390883,6.5762324e-05
13110,1.8014338e-05,0.04150393,5.595538e-05
13111,1.7222208e-05,0.040831428,5.2044867e-05
13112,1.519272e-05,0.04119613,4.5197976e-05
13113,1.2982786e-05,0.04114184,3.7794296e-05
13114,1.148425e-05,0.04087768,3.2455842e-05
13115,1.022034e-05,0.03730571,2.7044223e-05
13116,3.8739337e-05,0.060845338,0.00014915664
13117,4.359099e-05,0.06417274,0.00017194581
13118,9.4110896e-05,0.08366283,0.00045526365
13119,8.30139e-05,0.075634986,0.00037433943
13120,0.00041382373,0.13690099,0.0029438557
13121,0.0011670043,0.20468093,0.011237047
13122,0.0011300908,0.19276829,0.010451786
13123,0.0008914511,0.18654853,0.008054772
13124,0.00076075044,0.18126464,0.006613284
13125,0.0006433211,0.17665234,0.005398237
13126,0.0005601351,0.16039106,0.004379475
13127,0.00045128638,0.1563034,0.0034444255
13128,0.00037596986,0.15283951,0.0027838822
13129,0.00031164088,0.14934917,0.0022399365
13130,0.00027310004,0.14301471,0.0018702651
13131,0.00032187937,0.14847556,0.0022613117
13132,0.00038672832,0.1546501,0.0027994902
13133,0.0005182241,0.17078349,0.004045063
13134,0.0004564281,0.15926698,0.0033600305
13135,0.00039416866,0.15591684,0.002803334
13136,0.00034176288,0.15259516,0.0023471054
13137,0.00030063532,0.1482383,0.0019838961
13138,0.0002670231,0.13924372,0.0016688706
13139,0.00023600846,0.1359462,0.0014214017
13140,0.00020646455,0.13381991,0.0012047379
13141,0.00017726746,0.13221493,0.0010072415
13142,0.00015714766,0.1292597,0.00086126575
13143,0.00013940883,0.12662467,0.0007378527
13144,0.0001249803,0.12230926,0.00063469727
13145,0.00011156551,0.11985331,0.00054737343
13146,9.8124554e-05,0.1186537,0.00046826154
13147,8.5306674e-05,0.117718086,0.00039716988
13148,7.5041506e-05,0.11657006,0.00033994165
13149,6.749712e-05,0.1094119,0.000290297
13150,5.7678102e-05,0.10872092,0.0002432089
13151,5.213037e-05,0.10518508,0.00021130261
13152,4.6668203e-05,0.10392191,0.00018365787
13153,4.1520372e-05,0.10311996,0.00015911472
13154,3.7528396e-05,0.09675575,0.00013668413
13155,3.464703e-05,0.090061285,0.000120023105
13156,9.215577e-05,0.13285275,0.00042745445
13157,9.3316e-05,0.1326968,0.00043163713
13158,0.00010311987,0.13384683,0.00048188138
13159,9.2289025e-05,0.12265248,0.00040606057
13160,8.650392e-05,0.117456526,0.0003684266
13161,7.868251e-05,0.1147646,0.00032402473
13162,7.494242e-05,0.10923193,0.00029760716
13163,6.83829e-05,0.10377034,0.0002598959
13164,6.255518e-05,0.09884776,0.00022787366
13165,5.746659e-05,0.09624203,0.00020240551
13166,6.5367254e-05,0.09921416,0.00023517881
13167,6.005787e-05,0.097665936,0.00020990851
13168,5.5345266e-05,0.0953663,0.00018737948
13169,5.0866e-05,0.090565614,0.0001651199
13170,4.6629993e-05,0.085071206,0.00014454445
13171,8.4225256e-05,0.10535142,0.00030699463
13172,7.758618e-05,0.10063062,0.00027188874
13173,0.0004607875,0.20427893,0.0027568482
13174,0.00051905325,0.21407564,0.0032100133
13175,0.00047196774,0.20262192,0.0027942976
13176,0.0004289133,0.19119161,0.0024281775
13177,0.00039207243,0.1854282,0.0021456243
13178,0.00035857124,0.17713538,0.0018864605
13179,0.00032872666,0.16986193,0.0016655362
13180,0.0003003379,0.1599151,0.0014553762
13181,0.00027522608,0.15050884,0.0012764398
13182,0.0002538413,0.14478475,0.0011361459
13183,0.00023962568,0.13952227,0.0010397678
13184,0.00025493707,0.14194508,0.0011146142
13185,0.00023587304,0.13996904,0.0010050888
13186,0.00021868954,0.13573536,0.00090286124
13187,0.00020336182,0.13335998,0.0008177258
13188,0.00028634223,0.15149815,0.0012663838
13189,0.00026552132,0.14673238,0.0011376633
13190,0.00024660796,0.14380112,0.0010282755
13191,0.00022834938,0.13718502,0.00091759925
13192,0.00021171542,0.13089564,0.0008201479
13193,0.00019748365,0.12801148,0.00074445317
13194,0.00018408065,0.123578764,0.00067226344
13195,0.00017256768,0.11888724,0.00061046827
13196,0.00016152563,0.11620548,0.00055632077
13197,0.0001513675,0.11420812,0.000508658
13198,0.00015316169,0.114703245,0.0005124867
13199,0.00014371409,0.11251249,0.0004690221
13200,0.00013472106,0.10895106,0.00042695517
13201,0.00012655383,0.106117845,0.00039037436
13202,0.00012917638,0.10655627,0.00039743137
13203,0.000121755824,0.104495265,0.00036568975
13204,0.0001147156,0.10322647,0.00033718147
13205,0.000109205335,0.100813136,0.00031350242
13206,0.0001384047,0.10942579,0.0004223023
13207,0.00013032608,0.10645776,0.00038722265
13208,0.00014891865,0.11145274,0.00045643185
13209,0.000591139,0.19180377,0.0027291474
13210,0.0005528619,0.18830606,0.0024928348
13211,0.0005170029,0.18382865,0.0022722112
13212,0.00048352976,0.18183239,0.0020812016
13213,0.00045196855,0.18066013,0.0019084361
13214,0.0004235075,0.17630747,0.0017435774
13215,0.0003966188,0.16971648,0.0015851138
13216,0.00037248584,0.16684785,0.0014555997
13217,0.00034958788,0.16573022,0.00134071
13218,0.00032864735,0.16370815,0.0012347418
13219,0.00030920652,0.16039507,0.0011350275
13220,0.00030069856,0.15734734,0.001085123
13221,0.00073656824,0.22590409,0.0034850657
13222,0.0020069391,0.34005576,0.012895792
13223,0.008900999,0.6202155,0.0893854
13224,0.00808948,0.5913492,0.07879722
13225,0.0073154788,0.5659035,0.069120094
13226,0.007219568,0.5514995,0.067457974
13227,0.006614238,0.53018415,0.060114756
13228,0.0060109096,0.5040605,0.052844066
13229,0.0054736226,0.4789276,0.046529304
13230,0.0066538984,0.50859857,0.05946466
13231,0.008579979,0.5572342,0.08221628
13232,0.0085606575,0.5468973,0.08147288
13233,0.018785972,0.74489796,0.22319093
13234,0.016637467,0.6914175,0.18989238
13235,0.015235355,0.65878356,0.16953778
13236,0.013626051,0.62018013,0.14626905
13237,0.012315975,0.583913,0.12761936
13238,0.011103839,0.5542868,0.1112548
13239,0.012473582,0.5696278,0.128267
13240,0.08618515,1.226633,1.355627
13241,0.07334557,1.0794615,1.1229721
13242,0.068500474,1.0037689,1.0314288
13243,0.25450417,1.6015959,3.6020093
13244,0.16944021,1.1864738,2.491188
13245,0.1254067,0.9504339,1.8062083
13246,0.0986597,0.790305,1.3609022
13247,0.17189628,0.9377211,2.3506947
13248,0.13075799,0.7577049,1.7345451
13249,0.10476654,0.6511623,1.3369566
13250,0.08680194,0.5789619,1.0634991
13251,0.07374369,0.5205905,0.8647243
13252,0.116223305,0.6095358,1.4260985
13253,0.16833657,0.6706609,2.0529644
13254,0.13648644,0.5709843,1.610312
13255,0.15855819,0.5761689,1.835793
13256,0.12836623,0.49664617,1.4307208
13257,0.1073652,0.44336402,1.1500653
13258,0.10114646,0.41689286,1.0535496
13259,0.08720952,0.3856821,0.87580943
13260,0.07730358,0.3580409,0.7478012
13261,0.07012453,0.3371623,0.6562994
13262,0.06269558,0.31961483,0.5674845
13263,0.14709945,0.4474052,1.4995791
13264,0.122668274,0.40533307,1.209455
13265,0.10498635,0.37351406,0.99943304
13266,0.09077455,0.35229692,0.83832353
13267,0.08201339,0.34238762,0.74271697
13268,0.073116265,0.32269818,0.63987327
13269,0.06650163,0.31357303,0.56860524
13270,0.08986782,0.3550167,0.8103752
13271,0.11070223,0.37975013,1.018804
13272,0.09666283,0.3536672,0.8591918
13273,1.1417916,0.9521073,6.1264205
13274,0.7989414,0.7021908,5.102792
13275,0.52536756,0.5122428,3.80625
13276,0.37998605,0.40524754,2.8423834
13277,0.34987345,0.3639822,2.5562057
13278,0.27510527,0.31641987,1.9843031
13279,0.23087841,0.28601465,1.6230023
13280,0.37128496,0.33667314,2.531656
13281,0.2922331,0.29516345,1.9700515
13282,0.23480023,0.26888838,1.55813
13283,0.23741837,0.2644197,1.5469099
13284,0.2033797,0.24443287,1.2857472
13285,0.1768475,0.23094317,1.0872731
13286,0.88485545,0.44513088,4.532939
13287,3.1499546,0.7314841,7.09808
13288,1.8391383,0.59831834,6.0551457
13289,1.1336789,0.46694258,4.756906
13290,0.74660367,0.374755,3.540352
13291,0.54747415,0.31799513,2.6803863
13292,0.36224556,0.2704134,1.8575567
13293,0.2709622,0.24462432,1.3962712
13294,0.2032958,0.22442165,1.0514833
13295,0.17119707,0.2168318,0.8740852
13296,0.1523114,0.21223769,0.7626813
13297,0.74088794,0.40884832,3.6582263
13298,0.57283956,0.34515208,2.8900511
13299,0.45105165,0.30015108,2.2661018
13300,0.35635826,0.27213177,1.7769767
13301,0.27966404,0.25114423,1.3870767
13302,0.23932247,0.23921584,1.1619449
13303,0.20747067,0.23088005,0.9874788
13304,0.18508999,0.22582342,0.865164
13305,0.58145344,0.3638942,2.817605
13306,0.43020314,0.31919232,2.138253
13307,0.3160155,0.28413522,1.5877963
13308,0.26534516,0.2673452,1.3071327
13309,0.21666695,0.2535206,1.0563242
13310,0.19083965,0.24549325,0.9108792
13311,0.16778341,0.24005151,0.7872522
13312,0.15214953,0.23588687,0.70068747
13313,0.13485792,0.23331049,0.6129868
13314,0.11529872,0.22968584,0.5209346
13315,0.10294818,0.22958803,0.46193716
13316,0.09440737,0.22983286,0.41874492
13317,0.08510398,0.23062238,0.37461564
13318,0.0639605,0.21925016,0.28467482
13319,0.05579636,0.21946914,0.24816968
13320,0.15039489,0.3332485,0.84051585
13321,0.13923372,0.32462832,0.7634818
13322,0.12273726,0.31783527,0.66261715
13323,0.19560887,0.38688868,1.1373721
13324,0.17369306,0.375627,0.99788094
13325,0.12648273,0.34240168,0.7327579
13326,0.11277468,0.33489335,0.6418452
13327,0.09300064,0.32384148,0.5271401
13328,0.08326089,0.3209165,0.46610287
13329,0.09372306,0.345468,0.54204273
13330,0.23895308,0.5149208,1.5935204
13331,0.1949496,0.47484496,1.2790194
13332,0.16498578,0.44707173,1.0604452
13333,0.118506186,0.41012672,0.7777667
13334,0.10528428,0.39748213,0.6771156
13335,0.11501896,0.42282033,0.75887465
13336,0.083555125,0.3863503,0.55571467
13337,0.0708705,0.37734157,0.46773595
13338,0.06485901,0.37233067,0.42140383
13339,0.055530757,0.36665374,0.3587205
13340,0.05089824,0.36360288,0.32411742
13341,0.03722844,0.3391042,0.2394802
13342,0.030042708,0.32952222,0.19381103
13343,0.027803421,0.3297095,0.17729083
13344,0.025865221,0.32922652,0.16289884
13345,0.025816923,0.33483255,0.16310583
13346,0.023584433,0.33696204,0.14785069
13347,0.044948168,0.44384864,0.33624393
13348,0.038424544,0.43690458,0.2856878
13349,0.14364152,0.74774414,1.3762765
13350,1.0412151,1.6223673,5.9598002
13351,0.81885695,1.2421494,5.22805
13352,0.5160448,0.89895487,3.8617089
13353,0.2898432,0.67829263,2.4829473
13354,0.23782893,0.6036849,2.0344558
13355,1.1007003,1.1064899,5.805464
13356,0.591334,0.7718233,4.1726155
13357,0.3942818,0.6020228,3.0202994
13358,0.24914922,0.48118314,2.0306838
13359,0.31253943,0.51339346,2.4773824
13360,0.2560805,0.45106328,1.9999616
13361,0.20854425,0.40276542,1.5908756
13362,0.17523593,0.36956665,1.3005359
13363,0.11765981,0.3311308,0.89169705
13364,0.080205,0.30371204,0.6182267
13365,0.0637832,0.29089695,0.48999935
13366,0.055179387,0.2870522,0.41891852
13367,0.07220565,0.32188588,0.5803096
13368,0.049447354,0.29917574,0.4035435
13369,0.033229657,0.28275347,0.2762315
13370,0.02893382,0.28159192,0.23799103
13371,0.020449368,0.26161882,0.16970412
13372,0.018551348,0.26127404,0.15142713
13373,0.016080933,0.26141903,0.1301656
13374,0.014885662,0.2561802,0.11762319
13375,0.012678596,0.2557063,0.09962098
13376,0.0089907665,0.23901787,0.07120918
13377,0.0073342444,0.23592754,0.0579072
13378,0.0067548,0.23236565,0.05204326
13379,0.0058668735,0.23318726,0.044779263
13380,0.0050250553,0.23335429,0.038044933
13381,0.0036561417,0.22109465,0.027848104
13382,0.010164333,0.34352964,0.10532565
13383,0.008690608,0.3393641,0.08855194
13384,0.01165574,0.39424917,0.13052732
13385,0.012866466,0.42652616,0.1508908
13386,0.011513114,0.41010082,0.1304959
13387,0.009520334,0.40051523,0.1062464
13388,0.008468545,0.38866037,0.091587655
13389,0.005812442,0.35735497,0.06294067
13390,0.0039257365,0.32747278,0.042513996
13391,0.00355184,0.3212707,0.03744263
13392,0.0030969258,0.31365204,0.03163577
13393,0.0021128086,0.28911936,0.021519657
13394,0.001672541,0.2796921,0.016756387
13395,0.0014230704,0.2724824,0.013802599
13396,0.0011787368,0.26544592,0.011127364
13397,0.00093529455,0.2564319,0.008638423
13398,0.000740365,0.24735722,0.0066824425
13399,0.0006443288,0.23681863,0.0055539333
13400,0.0005140833,0.22890899,0.0043251095
13401,0.00044689668,0.21968877,0.003593879
13402,0.00043678874,0.22463633,0.003518905
13403,0.0015113392,0.36301512,0.017398814
13404,0.0013419149,0.3305745,0.01450255
13405,0.0010355779,0.31480205,0.010919438
13406,0.00088529085,0.30188957,0.008942813
13407,0.003691213,0.515859,0.056051083
13408,0.0033425025,0.49368128,0.04899903
13409,0.0026490346,0.46614802,0.03739461
13410,0.0022430378,0.42309302,0.029535448
13411,0.0018463144,0.40236408,0.023299992
13412,0.0024383906,0.43165478,0.03260435
13413,0.002057573,0.37969053,0.025325054
13414,0.0015236295,0.3561242,0.018322216
13415,0.001200474,0.33871365,0.01395886
13416,0.0011185379,0.31584144,0.012390988
13417,0.0011595961,0.30225423,0.012556867
13418,0.001476613,0.31669235,0.016717963
13419,0.002797608,0.3909792,0.037284564
13420,0.0025566693,0.35649714,0.032148372
13421,0.0029823948,0.37237707,0.038615335
13422,0.0025173544,0.35534137,0.031175733
13423,0.001838676,0.33267438,0.022307018
13424,0.0011859029,0.29998615,0.014225495
13425,0.0010017321,0.27962318,0.011296929
13426,0.0007429225,0.26250884,0.0081379535
13427,0.0006645183,0.25257465,0.0069923224
13428,0.00054744066,0.2420929,0.0055350848
13429,0.0006736959,0.2592991,0.0071211313
13430,0.00070300157,0.25266594,0.007303787
13431,0.0007889111,0.27163488,0.0085567385
13432,0.0010521796,0.31034657,0.0124742715
13433,0.0010173846,0.29118386,0.011563541
13434,0.00095906144,0.26916412,0.010351861
13435,0.0027240056,0.40343314,0.039540943
13436,0.0024806594,0.3836968,0.03454596
13437,0.0036818623,0.44621468,0.057001516
13438,0.0035499888,0.43333334,0.053637635
13439,0.0029366268,0.4195509,0.043876156
13440,0.0033727211,0.45950565,0.05411391
13441,0.00729599,0.6315232,0.14671509
13442,0.0057769893,0.5886912,0.11228904
13443,0.020288741,0.9668295,0.54486406
13444,0.028682323,1.0654676,0.8154437
13445,0.027095983,0.9890473,0.7527964
13446,0.032130875,0.97649425,0.8907205
13447,0.03115131,0.9379264,0.86621165
13448,0.022026444,0.79381776,0.57662296
13449,0.024785474,0.7651437,0.6401336
13450,0.029261494,0.7551375,0.75256336
13451,0.049938284,0.850914,1.3332796
13452,0.0772544,0.89597666,2.0078092
13453,0.56283677,1.805121,6.784335
13454,0.28248662,0.98634595,4.9005914
13455,0.13732618,0.6309293,2.930493
13456,0.082487755,0.47648424,1.808956
13457,0.052051075,0.38919383,1.1320626
13458,0.061733536,0.3869299,1.3200684
13459,0.083585046,0.42943645,1.8114861
13460,0.06535666,0.36973178,1.3652445
13461,0.07163218,0.36603275,1.4667794
13462,0.05368311,0.32172793,1.0669925
13463,0.049667448,0.29065967,0.93755394
13464,0.039647475,0.2590293,0.70395607
13465,0.032596678,0.23232812,0.54177356
13466,0.030098397,0.21434055,0.47659534
13467,0.027669033,0.20407492,0.42112952
13468,0.030361751,0.2026043,0.45855123
13469,0.027555328,0.18926902,0.39656273
13470,0.027926352,0.19904393,0.41169915
13471,0.019973833,0.18595822,0.29248443
13472,0.014993469,0.17651926,0.21462014
13473,0.012340127,0.17034648,0.17006022
13474,0.024858218,0.2332178,0.4136567
13475,0.018102067,0.21688432,0.29369593
13476,0.013560289,0.20417114,0.21356137
13477,0.0084570395,0.18384437,0.13205452
13478,0.0059337164,0.1708991,0.090159655
13479,0.004315898,0.16025765,0.06333136
13480,0.0035950043,0.14363723,0.04841144
13481,0.002904103,0.13703075,0.03718551
13482,0.003047909,0.1371461,0.0386362
13483,0.0025317708,0.13061275,0.03037755
13484,0.0021150627,0.12465176,0.02404102
13485,0.0017044357,0.1202162,0.018583497
13486,0.0014507319,0.10855525,0.014596959
13487,0.0012408564,0.10337362,0.01180504
13488,0.0009954987,0.10047309,0.009151934
13489,0.0008381425,0.097296625,0.007362329
13490,0.0007006363,0.09459238,0.0059018387
13491,0.00060579384,0.0868571,0.00475214
13492,0.00052410224,0.077655554,0.0037959141
13493,0.00048296488,0.07338214,0.0033478055
13494,0.0006215977,0.07866087,0.0045436053
13495,0.00067277875,0.0786817,0.0049203467
13496,0.000603943,0.07431183,0.004185693
13497,0.00070774416,0.07907893,0.005065562
13498,0.00062504614,0.0763672,0.004271311
13499,0.0005136758,0.075550675,0.0034284703
13500,0.00045533525,0.072327025,0.002891631
13501,0.0003985393,0.071251184,0.002441944
13502,0.00035412065,0.06655952,0.0020464608
13503,0.00032358718,0.06174454,0.0017700453
13504,0.00028853916,0.061064184,0.0015270375
13505,0.00026708818,0.061581764,0.0013871684
13506,0.00023712125,0.061032403,0.0011929304
13507,0.0002112364,0.05600665,0.0009974922
13508,0.00022596956,0.057998564,0.0010774723
13509,0.00020360848,0.0543819,0.0009203376
13510,0.00018467328,0.053229105,0.00080505584
13511,0.00016362693,0.053425886,0.00069682766
13512,0.00014807544,0.052909598,0.0006114273
13513,0.00013172801,0.053110965,0.0005314495
13514,0.00011907665,0.052840468,0.00046697125
13515,0.00010868673,0.05165229,0.00041140226
13516,9.9437064e-05,0.0500992,0.00036238873
13517,8.960218e-05,0.050281085,0.00031906404
13518,0.00013939949,0.060594168,0.0005627728
13519,0.00041889257,0.09250744,0.0023277164
13520,0.0035200592,0.21594998,0.036917534
13521,0.0032315357,0.20302199,0.032412805
13522,0.0037940226,0.21590005,0.03942998
13523,0.0033618272,0.20188135,0.03309179
13524,0.0029929718,0.1898643,0.027981175
13525,0.0057149893,0.2433533,0.06408481
13526,0.0055110673,0.23912494,0.06081787
13527,0.0048646242,0.23313458,0.05184376
13528,0.0042723953,0.22757338,0.043980062
13529,0.003735339,0.22328588,0.037257098
13530,0.0033260982,0.20628446,0.031351008
13531,0.0029799705,0.19701473,0.026875997
13532,0.0026653954,0.19217892,0.023208516
13533,0.002405465,0.17956093,0.019924065
13534,0.0021563207,0.1765411,0.017310848
13535,0.0019469038,0.1719674,0.015089745
13536,0.0017608393,0.16781412,0.013189193
13537,0.0015921937,0.16471237,0.011555961
13538,0.0014477501,0.15904784,0.010118253
13539,0.0013187099,0.15450169,0.008898086
13540,0.001199109,0.15210912,0.007855303
13541,0.001092725,0.14960517,0.006948392
13542,0.0009961276,0.14147729,0.006058426
13543,0.00091369275,0.13671038,0.005360964
13544,0.00085505185,0.13238189,0.0048595387
13545,0.0007864991,0.1274667,0.0043093218
13546,0.0031196186,0.21787407,0.02553926
13547,0.0040440476,0.2400439,0.035510954
13548,0.0036918072,0.23659115,0.031580664
13549,0.0033542204,0.22828795,0.027677206
13550,0.0030529434,0.22143155,0.024353385
13551,0.0027809702,0.21622229,0.021505743
13552,0.0025401446,0.2078889,0.018936232
13553,0.0023199487,0.19767484,0.016607199
13554,0.0021265214,0.19342339,0.014778254
13555,0.0019478352,0.18388194,0.013003953
13556,0.0027380646,0.20775911,0.019991562
13557,0.002512052,0.20325503,0.017813563
13558,0.0023131836,0.19356163,0.015797637
13559,0.0021309857,0.18857981,0.01411888
13560,0.0021293368,0.18647566,0.013940931
13561,0.013493005,0.39134154,0.15188892
13562,0.013818544,0.39415103,0.15625314
13563,0.06219661,0.71595985,0.99171627
13564,0.06610047,0.6934189,1.0401545
13565,0.06391593,0.6533433,0.9837194
13566,0.054343116,0.58257324,0.7981927
13567,0.10303788,0.7148445,1.5976902
13568,0.08740507,0.61926025,1.2971683
13569,0.07151005,0.5336812,1.0054713
13570,0.061321758,0.47862026,0.8220472
13571,0.15166545,0.66470325,2.1532643
13572,0.21142203,0.6944487,2.8238602
13573,0.15558466,0.5589863,2.0540085
13574,0.42352116,0.7814419,4.467908
13575,0.28222662,0.56018925,3.1990755
13576,0.21061471,0.44679612,2.382591
13577,3.2406602,1.3270446,7.8388057
13578,12.761536,3.8909128,8.612986
13579,8.504934,6.4968147,8.402972
13580,4.1900635,6.6450253,8.058767
13581,1.8066871,4.536639,7.310849
13582,0.8669067,2.7376254,5.9597383
13583,0.48687762,1.7720704,4.375388
13584,0.49077493,1.5173278,4.2648344
13585,1.5088161,2.0946639,6.726881
13586,0.8382786,1.3993025,5.344239
13587,0.52631086,0.9905583,3.9609046
13588,0.44184095,0.8252846,3.3757102
13589,1.0224568,1.059984,5.45684
13590,0.64424956,0.77659804,4.1046133
13591,0.4491946,0.61223733,3.0449255
13592,0.33630854,0.5161593,2.3031251
13593,0.2582885,0.4555987,1.7630539
13594,0.21212874,0.41676798,1.4189527
13595,0.17945729,0.38954893,1.1728317
13596,0.19168214,0.3985084,1.2508116
13597,0.17379643,0.384447,1.1151193
13598,0.167153,0.37883696,1.0596254
13599,0.20882665,0.4137147,1.3473517
13600,0.6445443,0.6453583,3.7482047
13601,2.0240328,0.9819435,6.4234967
13602,1.2234385,0.7490523,5.172126
13603,0.85461617,0.5980784,4.0936637
13604,0.60308695,0.48756945,3.0742466
13605,0.65575737,0.48562714,3.2144234
13606,2.0582826,0.75329834,6.023839
13607,1.5554584,0.6411652,5.2398314
13608,1.0281998,0.51421624,4.0198464
13609,0.7274749,0.43100262,3.025889
13610,0.5594126,0.37748918,2.3440335
13611,0.4408041,0.34267694,1.8380967
13612,0.37060344,0.31975996,1.5152003
13613,0.42398852,0.34073544,1.7310363
13614,0.43242723,0.3425424,1.7432395
13615,0.3746654,0.32505012,1.4838606
13616,0.30033225,0.30524245,1.1811479
13617,0.25425333,0.29399127,0.98617256
13618,0.22463182,0.28683618,0.85566646
13619,0.19472694,0.28093326,0.73302734
13620,0.17261304,0.27751225,0.64176244
13621,0.15658362,0.27546927,0.57427406
13622,0.14171033,0.27443996,0.5139316
13623,0.12991211,0.2740703,0.46581408
13624,0.15336639,0.30174035,0.5744905
13625,3.6444588,1.1514426,6.794414
13626,2.4002228,1.0043541,5.9133444
13627,1.5288718,0.80270046,4.6860533
13628,1.0636833,0.6679081,3.6089036
13629,0.77769583,0.57798404,2.752651
13630,0.593318,0.51571065,2.1182954
13631,1.003758,0.6420201,3.3303313
13632,0.8071015,0.57334715,2.7182117
13633,0.63980204,0.5034881,2.143329
13634,0.9490977,0.59695476,3.0305936
13635,0.71270066,0.5306114,2.3172703
13636,1.2490637,0.67523277,3.673524
13637,5.6494718,1.3829863,7.019372
13638,3.3410208,1.4347539,6.0776596
13639,1.9407172,1.2447076,4.742009
13640,1.2640128,1.0508702,3.5331404
13641,3.1918151,1.5787289,5.8684235
13642,1.996853,1.3594296,4.6294584
13643,1.2901304,1.1539634,3.4146566
13644,0.8726423,0.9921435,2.4585009
13645,3.4090679,1.804545,5.9072175
13646,3.308563,1.939748,5.78529
13647,2.0350685,1.718109,4.5156713
13648,1.3568443,1.4605851,3.368412
13649,0.93515307,1.2655882,2.452003
13650,0.66266376,1.1183585,1.7827324
13651,0.4935603,1.0124625,1.3376259
13652,0.4097555,0.95516,1.0977905
13653,0.31828043,0.8865832,0.8533846
13654,0.25969476,0.8377882,0.69364667
13655,0.20263049,0.7862207,0.54340786
13656,0.16665092,0.74825346,0.44689074
13657,0.15169519,0.7434005,0.40971726
13658,0.41517186,1.1403093,1.3666564
13659,0.34587383,1.0627936,1.122552
13660,0.27085164,0.9766856,0.8795562
13661,0.21148308,0.9022274,0.68810385
13662,0.18311588,0.8705209,0.5905791
13663,0.1937478,0.9094981,0.64368755
13664,0.4379519,1.2625202,1.6399225
13665,0.31644377,1.1099236,1.1987029
13666,0.2573613,1.0307497,0.9668249
13667,0.21060114,0.9660439,0.78602636
13668,0.23673289,1.0329542,0.9285769
13669,4.226633,3.6537702,6.9694405
13670,1.8576285,3.0419447,5.529059
13671,0.943643,2.223436,3.8545074
13672,0.571532,1.6981126,2.6188488
13673,0.40184492,1.4196736,1.8932347
13674,0.31191498,1.2577847,1.4639643
13675,0.2503985,1.1452175,1.1642122
13676,0.19898912,1.0513932,0.9204642
13677,0.16742848,0.9922185,0.76606756
13678,0.12929069,0.9105981,0.59291667
13679,0.12000078,0.8952623,0.5487145
13680,0.16272962,1.0162323,0.7974724
13681,0.14424254,0.9677311,0.6960557
13682,0.10818928,0.87954277,0.52519065
13683,0.081176296,0.8061739,0.3970209
13684,0.1752443,1.1099595,1.010281
13685,0.15079276,1.0353098,0.85272586
13686,0.1244554,0.97290194,0.6980334
13687,0.5260247,1.7332212,3.1136873
13688,0.66018254,1.7628952,3.6502945
13689,0.39041272,1.3367232,2.4165864
13690,1.4382898,2.1763375,5.6685286
13691,0.68722445,1.5468402,3.8526103
13692,0.4097182,1.1634831,2.582193
13693,0.26177907,0.9433787,1.7356564
13694,0.23536879,0.874721,1.5363318
13695,0.18776684,0.79614943,1.2124937
13696,0.61218387,1.2977875,3.714392
13697,0.41381538,1.0302806,2.6787968
13698,0.25592148,0.83684427,1.7638415
13699,0.2066094,0.75437325,1.4013642
13700,1.3498082,1.5984693,5.7588573
13701,14.6343565,9.518607,8.506753
13702,14.720733,30.527605,8.614692
13703,9.295215,26.704723,8.424849
13704,2.401666,15.730305,7.8951154
13705,0.57839966,6.4844112,6.1122093
13706,0.21099398,3.3331964,3.6541603
13707,0.09863331,2.1947763,1.998844
13708,0.33272198,3.30447,5.0638795
13709,0.72864366,3.6537423,6.74141
13710,0.28231567,1.9669356,4.5343843
13711,0.14846693,1.2988187,2.8106031
13712,0.093341716,0.99544847,1.8148229
13713,0.076752536,0.8315198,1.4256977
13714,0.06373352,0.7037083,1.1207582
13715,0.050554402,0.629193,0.8534723
13716,0.041353192,0.57257825,0.6678712
13717,0.05668241,0.6257111,0.95237786
13718,0.09607167,0.73582906,1.6646043
13719,0.06947915,0.6333317,1.1810411
13720,0.04836138,0.55442166,0.8133326
13721,0.03271356,0.4896122,0.54618615
13722,0.022886075,0.44307628,0.37708876
13723,0.019409869,0.3979305,0.29956117
13724,0.01664157,0.35706723,0.24038428
13725,0.014436212,0.33020696,0.19725756
13726,0.012615383,0.30928215,0.16384634
13727,0.01106447,0.28526977,0.1357723
13728,0.010438222,0.269239,0.123219505
13729,0.007959467,0.2582299,0.09284929
13730,0.006087234,0.24805188,0.07005647
13731,0.0039340924,0.22587587,0.045263436
13732,0.0042557865,0.2323614,0.049478225
13733,0.0036965043,0.22532423,0.041332223
13734,0.0031151902,0.22006793,0.0337411
13735,0.0027319528,0.21033075,0.02822592
13736,0.0024218783,0.193503,0.023538267
13737,0.0018859472,0.1874646,0.018021291
13738,0.0016050915,0.18385415,0.01486387
13739,0.0014181059,0.17298532,0.012441861
13740,0.015002516,0.4387644,0.25836772
13741,0.012862392,0.39778987,0.20771092
13742,0.009252417,0.36845714,0.14636351
13743,0.008909727,0.3429204,0.13504459
13744,0.032308165,0.54961187,0.6581522
13745,0.14247324,0.94239897,3.0467405
13746,0.584862,1.4335577,6.4942994
13747,0.30868328,0.829521,4.67552
13748,0.19215097,0.5955537,3.308524
13749,0.10023187,0.44455728,1.9190841
13750,0.07538414,0.36452916,1.3667096
13751,0.052549202,0.3182539,0.934872
13752,0.037713002,0.2866245,0.65487784
13753,0.0317722,0.26525655,0.5244387
13754,0.029310208,0.24894023,0.46325395
13755,0.0189668,0.22340691,0.29810604
13756,0.016338538,0.20096855,0.23963322
13757,0.013754163,0.19244316,0.19294125
13758,0.0108944345,0.18550667,0.14849935
13759,0.00844518,0.17838155,0.11220206
13760,0.0084760785,0.17169985,0.10945882
13761,0.007394978,0.15622804,0.08927752
13762,0.010852588,0.17466788,0.14194514
13763,0.016991355,0.20430504,0.2456195
13764,0.011814997,0.18979855,0.16857466
13765,0.0080825295,0.17595407,0.11373242
13766,0.005829441,0.1657677,0.08017669
13767,0.0048718485,0.15832177,0.063664064
13768,0.004123089,0.15082876,0.05106824
13769,0.0031938022,0.14527649,0.03847093
13770,0.0030420853,0.14271641,0.035611454
13771,0.011309547,0.24288422,0.19116904
13772,0.0107931215,0.2270775,0.17410032
13773,0.04327836,0.38652676,0.9451621
13774,0.04784516,0.3808313,1.0316575
13775,0.039816212,0.32305348,0.795763
13776,0.065786004,0.3821166,1.3738662
13777,0.057948917,0.34112126,1.1588664
13778,0.046472836,0.28633094,0.86070246
13779,0.045535218,0.27256858,0.8160618
13780,0.051258553,0.26783103,0.90218383
13781,0.050796345,0.2494525,0.85865176
13782,0.10127766,0.3148331,1.7847536
13783,0.24490072,0.41034088,3.7392428
13784,0.17484762,0.31795034,2.7357612
13785,0.1697342,0.2807608,2.5400527
13786,0.121799484,0.23341858,1.798297
13787,0.07446509,0.1947773,1.1231357
13788,0.059128545,0.1788556,0.85739124
13789,0.045728855,0.16774589,0.6480303
13790,0.038937375,0.16466402,0.54774815
13791,0.03448204,0.15233476,0.46004775
13792,0.022148669,0.14277527,0.29955974
13793,0.014250684,0.13052352,0.19239937
13794,0.010568308,0.12462572,0.13974291
13795,0.0069857812,0.115444764,0.09145271
13796,0.004794353,0.10811494,0.06164756
13797,0.0034385629,0.10231785,0.043052997
13798,0.0026645157,0.09814024,0.03204748
13799,0.0022054205,0.093561895,0.025065195
13800,0.0018155336,0.08981877,0.019596925
13801,0.0015505594,0.08243367,0.015530952
13802,0.0014142108,0.0751816,0.013264122
13803,0.0012121598,0.06791794,0.010497706
13804,0.0011043588,0.06382345,0.009049435
13805,0.0009720068,0.06140646,0.007576783
13806,0.0008961457,0.0645526,0.0072510233
13807,0.00081368745,0.06418515,0.0063962336
13808,0.00070715795,0.0614436,0.0052680643
13809,0.0005325089,0.05960577,0.0038883
13810,0.00040493743,0.057853457,0.0028880816
13811,0.0005979107,0.071870536,0.004930751
13812,0.00051771273,0.06522705,0.003952978
13813,0.00046829612,0.06326861,0.0034250554
13814,0.00050523516,0.06411596,0.0036909794
13815,0.0004342448,0.062259167,0.0030288536
13816,0.00035621243,0.061166678,0.0024051631
13817,0.00034182714,0.05956762,0.0022321006
13818,0.00035690944,0.05854123,0.0023023454
13819,0.0006651629,0.07433612,0.0051206453
13820,0.00083005044,0.07870274,0.0066392533
13821,0.00094657653,0.08343616,0.007772124
13822,0.0010575525,0.08864615,0.008904972
13823,0.000887599,0.086988494,0.007212201
13824,0.0014265568,0.10552894,0.0131883025
13825,0.0012293803,0.1021164,0.010851349
13826,0.001182302,0.10698328,0.01066213
13827,0.0009905802,0.10454095,0.008604602
13828,0.000772886,0.10148891,0.006544313
13829,0.00067201175,0.095223404,0.005352179
13830,0.00058616354,0.08543049,0.004320121
13831,0.0004606315,0.08339609,0.0033181943
13832,0.00038361127,0.081884526,0.0026732006
13833,0.00032384184,0.080317676,0.0021766974
13834,0.0008200989,0.116834864,0.007200173
13835,0.0006594659,0.11361879,0.0056085866
13836,0.0005382903,0.11055569,0.0044201543
13837,0.0004534987,0.10764948,0.0035799728
13838,0.00036684386,0.10469995,0.0028013962
13839,0.00032240455,0.09810453,0.002317984
13840,0.00027773195,0.09591142,0.0019222972
13841,0.00022396604,0.09351742,0.0015045531
13842,0.00018890538,0.092616804,0.0012444573
13843,0.00023480723,0.09534308,0.0015904539
13844,0.00020421515,0.087577306,0.001290391
13845,0.00017643657,0.08515264,0.0010680556
13846,0.00017366139,0.08616217,0.0010397268
13847,0.0001390616,0.08420838,0.00081212434
13848,0.0001212966,0.076710105,0.00065935333
13849,0.00011467631,0.074549586,0.0006021521
13850,0.00010153212,0.072634354,0.00051178323
13851,9.012025e-05,0.06932339,0.00043188702
13852,8.021599e-05,0.0654245,0.00036406127
13853,7.2262184e-05,0.059647318,0.00030739134
13854,0.00014485107,0.07607101,0.0007429209
13855,0.00013748894,0.07120442,0.00067301
13856,0.00012234965,0.065698214,0.0005629765
13857,0.00010625268,0.06548986,0.0004765493
13858,9.26069e-05,0.06524599,0.00040457197
13859,0.00015034123,0.07666347,0.0007416889
13860,0.00017988427,0.08185132,0.00092917384
13861,0.00017341446,0.07725205,0.00086029124
13862,0.00015404698,0.076464795,0.0007407515
13863,0.00013518197,0.076141745,0.00063298084
13864,0.00011863305,0.07583747,0.0005410818
13865,0.000103223865,0.07564117,0.00045958813
13866,9.3024355e-05,0.07381512,0.00039891526
13867,0.000109792796,0.07682722,0.0004857745
13868,0.00039339738,0.12370779,0.0025048952
13869,0.0003884768,0.120990284,0.0024174387
13870,0.00034676856,0.11917366,0.002089632
13871,0.000318273,0.11924414,0.0018785497
13872,0.0002805684,0.11799954,0.0016082651
13873,0.00025244599,0.114140965,0.0013895705
13874,0.00022765453,0.11058682,0.0012045726
13875,0.00020538583,0.10795274,0.001048284
13876,0.00018362787,0.10692711,0.0009106378
13877,0.00016528377,0.105457395,0.0007946827
13878,0.00014839713,0.10445537,0.0006933941
13879,0.00013344809,0.1034784,0.0006061032
13880,0.00011963698,0.102846265,0.00052923954
13881,0.00010888055,0.10028922,0.0004650564
13882,9.907878e-05,0.095031284,0.00040423754
13883,9.037651e-05,0.094101466,0.00035869068
13884,8.527889e-05,0.08982967,0.00032616826
13885,7.797972e-05,0.08519061,0.00028532394
13886,7.167148e-05,0.08198118,0.00025240367
13887,6.58243e-05,0.08112351,0.00022557315
13888,6.221716e-05,0.07690225,0.0002052085
13889,6.5310924e-05,0.076703146,0.00021506072
13890,0.00011775769,0.09713326,0.00046182226
13891,0.00011236786,0.09643064,0.00043179805
13892,0.00010353365,0.09476422,0.0003863272
13893,9.556633e-05,0.09291553,0.000346067
13894,8.826266e-05,0.08948282,0.00030821748
13895,8.1342965e-05,0.08903514,0.00027739056
13896,7.5069096e-05,0.08477798,0.00024593438
13897,8.1315804e-05,0.088363774,0.00027120224
13898,7.5489625e-05,0.08582595,0.00024381271
13899,6.965387e-05,0.08112856,0.00021565563
13900,0.00016953915,0.11401169,0.00067922776
13901,0.00016093934,0.11089798,0.0006296265
13902,0.00014806278,0.104610085,0.0005547688
13903,0.00013668342,0.09919716,0.0004916922
13904,0.00012699755,0.09821936,0.00044587505
13905,0.00011822207,0.09687153,0.00040460107
13906,0.000110137255,0.09570405,0.00036773522
13907,0.00010222483,0.0912385,0.00032871886
13908,9.545272e-05,0.090337016,0.00029983386
13909,8.8840876e-05,0.08635449,0.00026918523
13910,8.303541e-05,0.08341273,0.0002437267
13911,7.773061e-05,0.08304401,0.00022346307
13912,7.279348e-05,0.08032632,0.00020292158
13913,0.000132235,0.101708286,0.00043939636
13914,0.00012377911,0.10029452,0.00040149997
13915,0.00011550891,0.096217275,0.00036219606
13916,0.00016235057,0.109929696,0.00056124234
13917,0.00015289172,0.10834476,0.0005164846
13918,0.00014491202,0.10530569,0.00047666265
13919,0.00013571356,0.101941794,0.00043323162
13920,0.00012769343,0.09827328,0.000395734
13921,0.000120052086,0.09630873,0.00036281903
13922,0.0001175305,0.09572646,0.0003517603
13923,0.0001266838,0.09828536,0.00038446978
13924,0.00016477198,0.110865586,0.00054041477
13925,0.00015489504,0.108596705,0.00049548707
13926,0.00014576016,0.10677663,0.00045544357
13927,0.00013726733,0.104901806,0.00041891212
13928,0.0024862927,0.33300668,0.018125823
13929,0.0024155881,0.33110905,0.017416162
13930,0.002218424,0.32347244,0.015582041
13931,0.0052887797,0.45886624,0.048211273
13932,0.034047533,0.95815957,0.5139145
13933,0.029296316,0.8653883,0.4228445
13934,0.025206244,0.7945071,0.34839246
13935,0.021963306,0.7253729,0.28995955
13936,0.07935262,1.1994169,1.3425307
13937,0.062836155,1.0242493,1.0157934
13938,0.051415175,0.8924058,0.7904505
13939,0.044626113,0.8079869,0.6600024
13940,0.038940437,0.73894274,0.5542775
13941,0.033403877,0.6656034,0.45208225
13942,0.11057263,1.0340505,1.7603923
13943,0.0868187,0.85652375,1.3219949
13944,0.21394743,1.1507877,3.0981715
13945,0.27530223,1.1114438,3.631103
13946,0.18912297,0.8248192,2.557089
13947,0.14223535,0.6616557,1.8752142
13948,0.113228574,0.56187147,1.4344527
13949,0.10619302,0.5171101,1.3035282
13950,0.5089867,0.935826,4.8336744
13951,0.33530003,0.66420114,3.5270417
13952,0.4164256,0.644395,3.9722776
13953,0.29145327,0.48536387,2.8891048
13954,0.22042364,0.40239578,2.1701918
13955,0.1920877,0.35561958,1.8339189
13956,0.15818295,0.3149063,1.4593648
13957,0.13476993,0.29128185,1.2066407
13958,0.11672212,0.26766804,1.0059695
13959,0.10275945,0.24887308,0.85318685
13960,0.33384347,0.39430457,2.8446906
13961,0.31518486,0.35300326,2.6136026
13962,0.25057256,0.29962128,2.0377934
13963,0.2054347,0.26523933,1.6221001
13964,0.17417966,0.23994206,1.3276836
13965,0.15090168,0.22209519,1.1112632
13966,1.3285168,0.5343314,5.964456
13967,1.8269075,0.5421379,6.4563813
13968,1.1018562,0.4085232,5.174644
13969,0.72829604,0.31631365,3.9231837
13970,0.5274797,0.25929648,2.9646082
13971,0.4082884,0.22437161,2.293415
13972,0.33370015,0.20070112,1.834924
13973,0.28100377,0.18513376,1.5055969
13974,0.2417134,0.17451365,1.2613122
13975,0.21027252,0.16745223,1.0712861
13976,0.1845206,0.16270353,0.92017156
13977,0.16569409,0.1586703,0.8074937
13978,0.14782748,0.15661135,0.7077354
13979,0.20933574,0.18425374,1.0603606
13980,0.5117247,0.2663228,2.6303353
13981,0.40215668,0.23687744,2.055387
13982,0.3341756,0.21613415,1.6691362
13983,0.2861626,0.20120892,1.3908376
13984,0.24971865,0.19118072,1.1825719
13985,0.3488416,0.21304822,1.672506
13986,0.30866653,0.1953788,1.4379398
13987,0.4944366,0.23060368,2.280835
13988,1.0325402,0.29774284,4.048475
13989,0.7361668,0.25151426,3.0617833
13990,0.5705124,0.22211227,2.3875308
13991,0.4555426,0.20293789,1.8896532
13992,0.3790304,0.19012287,1.543044
13993,0.61770445,0.23400792,2.4781137
13994,0.69607484,0.2338639,2.6857536
13995,0.5606268,0.20489492,2.1360595
13996,0.46799734,0.18900155,1.7479644
13997,0.38689122,0.17919669,1.4235711
13998,0.33717328,0.17198567,1.2113632
13999,0.28664693,0.16717443,1.0151036
14000,0.24291176,0.16333747,0.8510784
14001,0.21876396,0.16169325,0.7530863
14002,0.19792944,0.1608994,0.6707786
14003,0.17299439,0.16005956,0.5817164
14004,0.20244338,0.17733698,0.70855945
14005,0.17819202,0.17624895,0.6173251
14006,0.15478803,0.17501566,0.5328169
14007,0.14015432,0.1757459,0.47785717
14008,0.12725276,0.17688784,0.43028584
14009,0.11405089,0.17793725,0.3835957
14010,0.120364174,0.1893727,0.41459104
14011,0.16859388,0.22329296,0.629325
14012,0.15243168,0.22272027,0.56243014
14013,0.7375448,0.43303373,3.0123458
14014,0.55923826,0.38059098,2.3131046
14015,0.41973186,0.3412903,1.7504096
14016,0.34453127,0.32146323,1.4432913
14017,0.7609917,0.45393234,3.0869145
14018,0.54374164,0.3922254,2.2812634
14019,0.43496388,0.35718107,1.8078673
14020,0.4169608,0.35146892,1.7104286
14021,0.35178003,0.3307609,1.4167943
14022,0.32601392,0.3261548,1.2999614
14023,0.27992606,0.3129185,1.0955606
14024,0.21833101,0.29296407,0.8545319
14025,0.18966952,0.286901,0.7332781
14026,0.15625572,0.27703565,0.6022917
14027,0.5290811,0.469543,2.3210673
14028,0.43813825,0.4254276,1.8943526
14029,0.36546442,0.3943516,1.5521183
14030,0.30416587,0.3727458,1.2778141
14031,0.24596113,0.35168117,1.0256709
14032,0.21852544,0.34007838,0.8922532
14033,0.3600439,0.41357377,1.5493174
14034,0.30607054,0.39135796,1.2949449
14035,4.5079913,1.259272,7.1072354
14036,2.6495047,1.1650422,6.1603312
14037,1.4660628,0.93567806,4.7357907
14038,0.83887124,0.7420225,3.279401
14039,0.54939675,0.615053,2.2965689
14040,0.4307011,0.55389386,1.7937372
14041,0.3079705,0.4920835,1.3024694
14042,0.2687296,0.4707357,1.116938
14043,0.22876854,0.45237017,0.9417227
14044,0.173705,0.41844133,0.7182935
14045,0.14056838,0.3988919,0.58056533
14046,0.12578645,0.39432487,0.5139719
14047,0.11708646,0.3990038,0.48322982
14048,0.102328934,0.39383063,0.42009953
14049,0.25365958,0.58319086,1.2425368
14050,0.22871232,0.5583029,1.100907
14051,0.16282469,0.5083054,0.7946708
14052,0.11831367,0.4691312,0.583992
14053,0.092148356,0.44057268,0.46076325
14054,0.1812501,0.5883692,1.0367445
14055,0.13815038,0.53983104,0.79138356
14056,0.123547584,0.51962304,0.69329435
14057,0.11118616,0.50392413,0.61238635
14058,0.11113912,0.51098603,0.6143846
14059,0.095422484,0.49749827,0.5231104
14060,0.08461801,0.48943958,0.45902273
14061,0.06842043,0.46889868,0.37158102
14062,0.05240293,0.44001544,0.28654566
14063,0.127127,0.64564973,0.8555493
14064,0.114659436,0.63498676,0.811149
14065,0.08520151,0.5795444,0.6055357
14066,0.0695174,0.5540238,0.49175337
14067,0.050330337,0.5076182,0.35918608
14068,0.04596289,0.4981221,0.32268775
14069,0.1440588,0.7879896,1.2605026
14070,0.12218807,0.72089255,1.0392014
14071,0.105378084,0.67189306,0.8725277
14072,0.08847149,0.6379798,0.72113776
14073,0.077491544,0.6118106,0.6187657
14074,0.0645966,0.5879026,0.51100177
14075,0.08087266,0.66345346,0.68441534
14076,0.073595926,0.64788175,0.61620325
14077,0.06682186,0.63634276,0.5552216
14078,0.05527374,0.61100996,0.4556283
14079,0.039428715,0.5555619,0.32767722
14080,0.057313997,0.64433587,0.5203548
14081,0.04487512,0.6075796,0.40628156
14082,0.04030475,0.58746046,0.35695857
14083,0.044116814,0.61563385,0.40123442
14084,0.032859962,0.5718255,0.2997441
14085,0.02275676,0.523185,0.20973076
14086,0.015029108,0.4886333,0.14089617
14087,0.015552252,0.4947655,0.14691806
14088,0.014610722,0.4903874,0.13631551
14089,0.013328584,0.47017255,0.120750464
14090,0.012190685,0.45194668,0.10733198
14091,0.012686877,0.45792577,0.11266032
14092,0.015456227,0.49083462,0.1445232
14093,0.015888356,0.5097665,0.1513619
14094,0.39084268,1.8298602,4.5170817
14095,0.18745162,1.2456095,2.7015145
14096,0.1364556,0.98524237,1.9429646
14097,0.10522209,0.83793646,1.4571103
14098,0.082376026,0.75754446,1.1456027
14099,0.10200772,0.791089,1.4251775
14100,0.06298174,0.6689792,0.9008359
14101,0.039403778,0.58895814,0.5726024
14102,0.024987413,0.52719384,0.36671948
14103,0.01901132,0.49451455,0.27455446
14104,0.013569271,0.45608947,0.19414403
14105,0.014049155,0.48221973,0.20925704
14106,0.0111386385,0.4593332,0.1618603
14107,0.008799719,0.43814325,0.12481227
14108,0.007125993,0.42048153,0.098264985
14109,0.005840253,0.4046092,0.0781409
14110,0.004719064,0.38903475,0.061404146
14111,0.007902964,0.4653815,0.11768082
14112,0.037283555,0.8389004,0.8013079
14113,0.044963308,0.83712953,0.9677017
14114,0.03522117,0.7259304,0.7140291
14115,0.026642503,0.6544042,0.5201409
14116,0.020598803,0.5998357,0.3867795
14117,0.016952204,0.5504689,0.30150962
14118,0.01899687,0.5778297,0.34753722
14119,0.015702412,0.5333857,0.2725857
14120,0.013228155,0.48789027,0.21635374
14121,0.008879904,0.4402979,0.14345977
14122,0.006251373,0.40454546,0.098935306
14123,0.0043115183,0.36985242,0.06679801
14124,0.0029650952,0.3379483,0.044822175
14125,0.002143157,0.31273097,0.031302515
14126,0.0017692577,0.30223107,0.025379525
14127,0.0014189642,0.28233427,0.019207193
14128,0.0012252723,0.25228378,0.015384264
14129,0.001020127,0.22128215,0.011674768
14130,0.0008106752,0.21047667,0.008882901
14131,0.00066935335,0.19962858,0.006955161
14132,0.00053697854,0.19038668,0.005339895
14133,0.00042945368,0.18159899,0.004089789
14134,0.00041128442,0.18498033,0.0039271344
14135,0.00034150583,0.17792936,0.0031326385
14136,0.0002618664,0.16868012,0.002315179
14137,0.00021065347,0.16115057,0.0017860829
14138,0.00019683105,0.1488939,0.0015759342
14139,0.00016766766,0.14189193,0.0012741805
14140,0.00013714923,0.13609558,0.0009970083
14141,0.00011147489,0.13164099,0.00078559114
14142,8.916017e-05,0.12613092,0.00060349354
14143,0.00010437009,0.13423187,0.0007302573
14144,0.0001013618,0.13718654,0.00071071344
14145,0.00015160187,0.16611819,0.0012104594
14146,0.00014861903,0.15484114,0.0011328144
14147,9.957854e-05,0.14234623,0.00074662996
14148,8.3529965e-05,0.1258552,0.0005717618
14149,7.0211834e-05,0.10859038,0.00043544825
14150,9.2336566e-05,0.11306397,0.00059696846
14151,9.2322196e-05,0.10845199,0.00058143935
14152,8.318237e-05,0.101154625,0.00049401214
14153,7.392144e-05,0.09661843,0.00041762987
14154,6.426611e-05,0.09177867,0.00034365748
14155,6.885235e-05,0.09515605,0.00037199605
14156,5.9366117e-05,0.09221518,0.000307042
14157,5.2087034e-05,0.08711821,0.00025465465
14158,4.797484e-05,0.08336567,0.00022440875
14159,0.00013565121,0.12825617,0.00086331664
14160,0.00011957572,0.121192396,0.00072048116
14161,9.8679244e-05,0.11824871,0.00057657657
14162,8.095731e-05,0.115249105,0.00045894747
14163,6.5259315e-05,0.11197367,0.0003596862
14164,0.00016795377,0.16674238,0.0012289606
14165,0.00024688584,0.1838643,0.0019634252
14166,0.00027192725,0.17924838,0.0021444801
14167,0.00023535517,0.17135145,0.0017671356
14168,0.0002761887,0.17114805,0.0020943114
14169,0.0002784801,0.16284533,0.0020504275
14170,0.00024046088,0.15721548,0.0016946192
14171,0.00020142722,0.15322864,0.0013727094
14172,0.00015473829,0.14711203,0.0010321769
14173,0.00012343915,0.14226532,0.00080055813
14174,9.460689e-05,0.13621357,0.0005988218
14175,0.0001200363,0.14281754,0.00078979204
14176,0.00011630973,0.13671958,0.00073801645
14177,0.00010701386,0.13198696,0.0006527108
14178,9.236211e-05,0.1279646,0.00054047536
14179,8.200481e-05,0.11797854,0.00045044016
14180,0.00024553435,0.17223555,0.0018127058
14181,0.00021416027,0.1631205,0.0014984453
14182,0.00021097733,0.15996236,0.0014425442
14183,0.0001866002,0.14783342,0.0011992162
14184,0.00018175058,0.14052652,0.001130064
14185,0.000194673,0.14066564,0.0012141279
14186,0.0005257524,0.20029098,0.0043111877
14187,0.00055037194,0.1930281,0.004427221
14188,0.00058018684,0.18749861,0.0045968546
14189,0.00052217854,0.17655842,0.003931735
14190,0.0028068095,0.33138502,0.03410083
14191,0.0027860834,0.31808764,0.03295064
14192,0.002687548,0.31238955,0.031111272
14193,0.002345403,0.2941465,0.025764793
14194,0.007877144,0.4597639,0.12050243
14195,0.011365587,0.54828525,0.19602887
14196,0.017713951,0.6221018,0.3349817
14197,0.023775732,0.65727854,0.46892768
14198,0.019624546,0.5926099,0.3645209
14199,0.015166478,0.54942185,0.27186373
14200,0.015347733,0.5410347,0.2722083
14201,0.011019185,0.49574664,0.1909271
14202,0.0092441,0.4416511,0.14870921
14203,0.012298224,0.481393,0.20989174
14204,0.009457884,0.45122212,0.15631512
14205,0.013984005,0.53941447,0.25989866
14206,0.012802499,0.5242831,0.23311491
14207,0.0108881565,0.5043298,0.19397433
14208,0.00897255,0.46919018,0.15151268
14209,0.008387169,0.44157305,0.135995
14210,0.012499599,0.50207394,0.22154172
14211,0.011887423,0.46896273,0.2023727
14212,0.010437718,0.42578897,0.16759422
14213,0.008853666,0.38172692,0.13231078
14214,0.0075791758,0.34501627,0.10574414
14215,0.0057413755,0.32708654,0.07838105
14216,0.004937028,0.3140966,0.064669624
14217,0.0047407276,0.3069591,0.06059802
14218,0.004114425,0.27743313,0.049075294
14219,0.0031292436,0.2649229,0.036613774
14220,0.0024003193,0.25341594,0.02747161
14221,0.0018274642,0.24174672,0.020438079
14222,0.001572641,0.22973114,0.016705288
14223,0.0013496166,0.20454632,0.013240325
14224,0.0012478452,0.196668,0.011773059
14225,0.0010844126,0.19022441,0.009810308
14226,0.00093964976,0.18464419,0.008167577
14227,0.00076682423,0.18020298,0.0064955647
14228,0.0007543437,0.18520887,0.0064097336
14229,0.0006659623,0.17330576,0.005346909
14230,0.000517182,0.16750878,0.004082319
14231,0.00045484668,0.15807082,0.003400669
14232,0.00039955333,0.14518127,0.0027996148
14233,0.00033206004,0.14260228,0.0022679404
14234,0.0002906719,0.13895759,0.0019100609
14235,0.0002575471,0.13362761,0.0016177181
14236,0.00022915682,0.12160184,0.0013475411
14237,0.00020488292,0.11657403,0.0011511708
14238,0.0001845924,0.11140548,0.0009908738
14239,0.00016427822,0.10954032,0.00085287116
14240,0.00014791776,0.10549827,0.0007360189
14241,0.00013053797,0.10466837,0.00063194695
14242,0.000117665426,0.10197678,0.0005488582
14243,0.000106408355,0.09699236,0.00047385614
14244,9.6389434e-05,0.09194919,0.0004094721
14245,8.747449e-05,0.09012895,0.00035934604
14246,7.9559584e-05,0.08829344,0.00031607007
14247,7.2624876e-05,0.08517393,0.0002774363
14248,6.612415e-05,0.07933861,0.00024005408
14249,6.0114537e-05,0.0741328,0.00020742639
14250,5.471767e-05,0.06917615,0.00017943782
14251,5.003351e-05,0.06499467,0.00015645743
14252,9.657721e-05,0.083894834,0.0003655597
14253,0.000126213,0.09047006,0.00050696224
14254,0.00014410299,0.09295553,0.00059148576
14255,0.00013230478,0.091477685,0.00052717165
14256,0.000121496094,0.08723632,0.00046454565
14257,0.00011192964,0.08598849,0.0004159585
14258,0.000103475795,0.08128446,0.0003684105
14259,0.00022666868,0.11095713,0.001012876
14260,0.00021214255,0.10878307,0.00092195754
14261,0.0023558799,0.2801457,0.02094986
14262,0.0021442662,0.26274022,0.018208997
14263,0.003882348,0.3280993,0.038970172
14264,0.005796987,0.37351462,0.06434738
14265,1.1215574,3.0707283,7.443307
14266,2.092026,3.1281362,7.981224
14267,2.2786655,2.737867,7.976319
14268,1.476462,1.9199231,7.4535527
14269,0.74831265,1.1689076,6.1482644
14270,0.42472342,0.7647053,4.5471807
14271,0.27586576,0.55600506,3.2300894
14272,0.20031795,0.44019663,2.3511088
14273,0.15452366,0.3752869,1.7734923
14274,0.12150488,0.33617914,1.3627005
14275,0.094863,0.30885392,1.0457878
14276,0.34805498,0.51074135,3.598907
14277,0.68828744,0.59687394,5.2619824
14278,0.44149968,0.42547676,3.88375
14279,0.31715143,0.3294426,2.8760343
14280,0.23640943,0.27887434,2.147497
14281,0.18666655,0.24773298,1.6632836
14282,0.1564839,0.22313806,1.344915
14283,0.13219379,0.20900875,1.1040044
14284,0.11187498,0.19964586,0.91269237
14285,0.11755351,0.20588525,0.95995146
14286,0.10349819,0.19617328,0.8193509
14287,0.092008725,0.1890375,0.7079046
14288,0.08214884,0.18426248,0.61643326
14289,0.07379377,0.1808328,0.54115707
14290,0.14007153,0.23671837,1.1438942
14291,0.30303043,0.32227355,2.4953077
14292,0.24031559,0.2778725,1.9399062
14293,0.3328851,0.30541387,2.5793107
14294,0.26398468,0.25999802,2.0027776
14295,0.21361436,0.23522818,1.5869302
14296,0.18161413,0.21576425,1.3062527
14297,0.15597731,0.20373173,1.0913152
14298,0.13756722,0.1931971,0.93344057
14299,0.12190441,0.18657227,0.8060316
14300,0.108674265,0.1820567,0.70222104
14301,0.099274,0.17698117,0.6255861
14302,0.97659147,0.45036462,5.0753903
14303,0.64056695,0.3469564,3.8075879
14304,0.45732293,0.2853597,2.8425984
14305,0.35496962,0.24707203,2.197412
14306,0.2875915,0.22281127,1.747597
14307,0.8129847,0.32692236,4.145275
14308,0.5703018,0.26749423,3.1023698
14309,1.0493535,0.32755995,4.616557
14310,1.0070084,0.29053378,4.350405
14311,0.70654166,0.23909299,3.2871487
14312,0.53121656,0.20709608,2.515178
14313,0.4232611,0.18662934,1.9847883
14314,0.35266542,0.17264594,1.6181862
14315,0.29652584,0.16369146,1.334162
14316,0.25511128,0.15759163,1.1242878
14317,0.22668046,0.15258987,0.97510564
14318,0.20554733,0.15063328,0.8688867
14319,0.18565327,0.14810956,0.7687481
14320,0.16587463,0.14710012,0.6766089
14321,0.15036687,0.14662358,0.60407037
14322,0.13833389,0.1462365,0.54698277
14323,0.12776308,0.14629728,0.4978719
14324,0.11918963,0.14606485,0.45749345
14325,0.11167966,0.14592537,0.4224765
14326,0.10477342,0.14656197,0.39148307
14327,0.097748086,0.14927962,0.3639071
14328,0.09187551,0.15029295,0.33826965
14329,0.08622704,0.15242063,0.31514257
14330,0.08598728,0.15755051,0.31600314
14331,0.080267966,0.15962851,0.292702
14332,0.07588507,0.16103286,0.27413055
14333,0.07168801,0.16282639,0.2568141
14334,0.06882791,0.16560738,0.24552782
14335,0.06482867,0.16804382,0.22975676
14336,0.15012965,0.24236567,0.6554368
14337,0.18505281,0.2685182,0.8395645
14338,0.17538472,0.26612633,0.7850749
14339,0.20029281,0.27853978,0.91065866
14340,0.18051335,0.27018103,0.8025272
14341,0.16240886,0.2651513,0.70896333
14342,0.14797747,0.26092264,0.63436085
14343,0.13329902,0.2589067,0.56386894
14344,0.12245195,0.25709853,0.5103989
14345,0.11284618,0.2561091,0.46408385
14346,0.11341694,0.26396137,0.4694012
14347,0.10647341,0.26366934,0.43568525
14348,0.098698795,0.26348218,0.39911565
14349,0.09224121,0.26292512,0.3684656
14350,0.08613978,0.26331574,0.3404313
14351,0.08058938,0.26409584,0.31535178
14352,0.30088267,0.45970684,1.5049561
14353,0.27066922,0.4275087,1.3218025
14354,0.23052081,0.40558478,1.1045973
14355,0.19576254,0.3888751,0.9243845
14356,0.17553683,0.37730092,0.81299746
14357,0.15819553,0.36796,0.7192717
14358,0.14320992,0.36035854,0.6397639
14359,0.13078764,0.35399976,0.5744745
14360,0.13089669,0.36235315,0.5776718
14361,0.115354575,0.35794786,0.50494236
14362,0.10435965,0.35567763,0.45199248
14363,0.29244778,0.546775,1.5040941
14364,0.25098825,0.5024647,1.2575525
14365,0.21316285,0.4763542,1.0492791
14366,0.2592058,0.5046282,1.2944579
14367,1.647521,1.0528775,5.527481
14368,1.2450036,0.85318637,4.680851
14369,0.8582868,0.66671556,3.555674
14370,0.64059836,0.5581235,2.727968
14371,1.4227222,0.7533638,4.742681
14372,4.2388024,1.1729729,6.9438367
14373,2.5189762,1.0616441,5.9301987
14374,1.5615709,0.8808771,4.6661897
14375,0.99699074,0.7223637,3.4187238
14376,0.6865651,0.6138115,2.4882834
14377,0.65040225,0.6002108,2.348453
14378,2.4165554,1.0513535,5.6488485
14379,1.3957566,0.85999566,4.219042
14380,0.9159058,0.71587545,3.0712621
14381,0.67764014,0.6286344,2.3259273
14382,0.5056118,0.56235355,1.7539214
14383,0.37741402,0.508074,1.3178966
14384,0.3006816,0.47541705,1.0450724
14385,0.2588701,0.45939565,0.88702035
14386,0.23112996,0.4476043,0.77827686
14387,0.19885382,0.43609077,0.663614
14388,0.17065151,0.42570764,0.56590223
14389,0.1528257,0.42144582,0.50210536
14390,0.13982537,0.42041427,0.45630085
14391,0.46406555,0.695865,1.8187987
14392,2.662723,1.4370874,6.0302906
14393,1.6323231,1.1764443,4.7655087
14394,1.108073,0.9628838,3.6342049
14395,0.8431774,0.8483919,2.9077308
14396,1.868909,1.164554,4.951934
14397,1.1800654,0.9593241,3.6708236
14398,0.7734231,0.8003803,2.6103394
14399,0.6187217,0.7309816,2.13452
14400,0.43932265,0.6458017,1.5482521
14401,0.3088673,0.5851101,1.1091455
14402,0.24240011,0.54400706,0.86946976
14403,0.21446523,0.5286217,0.75725734
14404,0.18823625,0.5165837,0.6579944
14405,0.15632784,0.4965951,0.5449168
14406,0.13483009,0.48565343,0.4677848
14407,0.12205895,0.48239043,0.4206743
14408,0.111028284,0.47957736,0.37976643
14409,0.10182472,0.47778362,0.34576544
14410,0.089257486,0.47208714,0.30269465
14411,0.08517179,0.47681236,0.28902966
14412,0.07212411,0.46486747,0.2514037
14413,0.05619654,0.44027355,0.19772592
14414,0.042526364,0.4177072,0.15160523
14415,0.09557343,0.5963095,0.4281622
14416,0.107390136,0.63732886,0.4992636
14417,0.09817432,0.62228405,0.4500494
14418,0.09757913,0.6417353,0.45810372
14419,0.073459156,0.5987267,0.34942457
14420,0.053753655,0.5593653,0.2590972
14421,0.046524502,0.5511936,0.22418553
14422,0.08227151,0.7023285,0.46149537
14423,0.06791193,0.6738709,0.38343596
14424,0.05674443,0.65173453,0.3200334
14425,0.06274023,0.70082927,0.3710168
14426,0.12006565,0.9386689,0.83737874
14427,0.09566722,0.8737283,0.6664468
14428,0.09216421,0.8813071,0.6818385
14429,0.06150576,0.8017437,0.4643739
14430,0.043202464,0.7286434,0.33012936
14431,0.07962699,0.93448573,0.70218605
14432,0.058155067,0.8437606,0.51487565
14433,0.040096268,0.7595953,0.35914844
14434,0.032985803,0.7305166,0.29378635
14435,0.02584441,0.69238687,0.23013154
14436,0.022069445,0.6773006,0.19497001
14437,0.022646843,0.69271874,0.20309216
14438,0.03536607,0.8188581,0.35600907
14439,0.031878367,0.7909049,0.31510282
14440,0.04396812,0.89310855,0.4705194
14441,0.04130391,0.8652507,0.43686986
14442,0.030096417,0.7903275,0.3189489
14443,0.021432582,0.71954876,0.22802994
14444,0.01610276,0.6730983,0.17118165
14445,0.013431388,0.65423626,0.14123431
14446,0.011898458,0.63810587,0.12253448
14447,0.009782411,0.61944956,0.09985984
14448,0.008680376,0.60818803,0.08706059
14449,0.0089941155,0.6216258,0.09148716
14450,0.01796861,0.8297279,0.22329551
14451,0.015749667,0.7892911,0.18993455
14452,0.042074323,1.1359581,0.64027303
14453,0.04335549,1.1152982,0.6610809
14454,0.04791883,1.1283346,0.74209726
14455,0.031898662,0.9768068,0.4944814
14456,0.03265243,0.9889512,0.5143009
14457,0.032815583,0.95008355,0.5115533
14458,0.027586091,0.88165337,0.41493165
14459,0.02360724,0.80899614,0.339743
14460,0.019496294,0.7682596,0.2737648
14461,0.015774425,0.73074955,0.21713954
14462,0.013744379,0.68504477,0.18172689
14463,0.012820843,0.6924088,0.17223819
14464,0.011196891,0.6532228,0.14468548
14465,0.010108989,0.6115349,0.12590344
14466,0.008897805,0.58302927,0.10693269
14467,0.007876302,0.54420966,0.09053616
14468,0.006694864,0.5308033,0.075388454
14469,0.0057468135,0.51823336,0.06328616
14470,0.006580849,0.5519786,0.07552246
14471,0.004769833,0.51402724,0.054460183
14472,0.0030770085,0.4622656,0.03522104
14473,0.00263994,0.4471046,0.029247079
14474,0.0023165802,0.41312602,0.024287445
14475,0.0020386751,0.3956815,0.020534331
14476,0.0017718511,0.38461822,0.01728765
14477,0.002864676,0.44972843,0.03163961
14478,0.0025933366,0.44782695,0.028361812
14479,0.0022852821,0.41607127,0.023718746
14480,0.0016211749,0.3862362,0.016700925
14481,0.0012086874,0.3645522,0.012270294
14482,0.0008565435,0.33828142,0.008587334
14483,0.0007435133,0.31548688,0.007041272
14484,0.000633129,0.30423582,0.0057687755
14485,0.00050411804,0.29244164,0.004476463
14486,0.00044011968,0.27710804,0.0037181603
14487,0.00037574384,0.2677885,0.003055381
14488,0.00030339553,0.25851995,0.0024015915
14489,0.0002533894,0.25032058,0.0019396184
14490,0.00021061634,0.24235179,0.0015603268
14491,0.00013828158,0.22046241,0.0010168883
14492,0.00011938669,0.20625956,0.0008273896
14493,0.00010334191,0.18824756,0.000667958
14494,9.161069e-05,0.1746659,0.00055777986
14495,7.9587684e-05,0.16803432,0.00046342166
14496,7.8896424e-05,0.17516032,0.00046888998
14497,7.0977e-05,0.16559064,0.00040123487
14498,8.342648e-05,0.16876118,0.00048220353
14499,7.270252e-05,0.15207526,0.00039064814
14500,6.436785e-05,0.1425515,0.00032714958
14501,5.7224363e-05,0.13443677,0.0002759494
14502,5.3143365e-05,0.1266374,0.00024468327
14503,4.7338304e-05,0.12311038,0.00020971581
14504,4.2471987e-05,0.11749711,0.00017965055
14505,0.0001729773,0.20245673,0.0011063392
14506,0.00020599726,0.21284865,0.0013719478
14507,0.00017206179,0.20816368,0.0011183214
14508,0.00015203755,0.19834213,0.0009423097
14509,0.00013167194,0.19372389,0.00078933325
14510,0.00011728346,0.19178711,0.0006871853
14511,0.00011831448,0.20283914,0.00071914244
14512,0.000102232785,0.20180836,0.00061769545
14513,0.00011353466,0.21606594,0.0007116666
14514,0.0001899464,0.2682336,0.0013847827
14515,0.0001660437,0.2536229,0.0011502871
14516,0.00014524619,0.232307,0.000943457
14517,0.00012366689,0.22620302,0.0007778922
14518,0.00015659563,0.24826157,0.001046928
14519,0.00017559702,0.2531504,0.0011906644
14520,0.00015465985,0.23499577,0.0009897492
14521,0.00013852981,0.21928842,0.0008404145
14522,0.00012921102,0.20721526,0.0007547427
14523,0.00012243526,0.19428633,0.00068512047
14524,0.00010924799,0.17785032,0.0005751158
14525,9.810998e-05,0.1688048,0.00049290585
14526,7.903692e-05,0.16479559,0.0003914019
14527,8.0383375e-05,0.17157039,0.00040334195
14528,8.0216465e-05,0.17227861,0.00039889204
14529,6.5333086e-05,0.16844253,0.00031949906
14530,5.517258e-05,0.16574767,0.00026393638
14531,7.3124414e-05,0.19461028,0.00039026915
14532,0.00011095646,0.23200478,0.0006679591
14533,0.0001756337,0.26679707,0.0011829565
14534,0.00018066508,0.27053255,0.0012180299
14535,0.00014795763,0.26246884,0.00097397284
14536,0.00012949033,0.25379056,0.0008204633
14537,0.00011430367,0.23563857,0.0006840036
14538,0.00010165466,0.21947783,0.0005758034
14539,0.0003018928,0.3251563,0.0023227085
14540,0.0029801484,0.78371197,0.044855785
14541,0.004057466,0.8301605,0.06512885
14542,0.0036498855,0.7527057,0.05556079
14543,0.0031083003,0.68223053,0.044468973
14544,0.0029191317,0.6415946,0.04030957
14545,0.002495775,0.570594,0.032133594
14546,0.002114701,0.54118943,0.026085049
14547,0.0016217622,0.5103281,0.019536957
14548,0.0014566941,0.48820138,0.016919304
14549,0.0010336885,0.45075077,0.01191668
14550,0.0009029527,0.40003398,0.009669446
14551,0.0008076522,0.36835796,0.008169759
14552,0.0006944669,0.33038765,0.006528711
14553,0.00060492323,0.3050038,0.0053521055
14554,0.0030117934,0.5517803,0.041960385
14555,0.0026326983,0.4983214,0.034476828
14556,0.0021757523,0.47790876,0.027627472
14557,0.0015963494,0.4452055,0.01983381
14558,0.0012408736,0.420816,0.014942869
14559,0.0011497994,0.41936004,0.013751914
14560,0.00090453477,0.3984004,0.010535663
14561,0.0007666374,0.3699756,0.008404776
14562,0.00073520315,0.3575136,0.007831693
14563,0.0024418791,0.5584536,0.036654
14564,0.022992475,1.2949429,0.6169968
14565,0.01999598,1.1231343,0.5061853
14566,0.015402534,0.96872896,0.36268753
14567,0.011965743,0.8585911,0.26420563
14568,0.009897884,0.7444404,0.20253396
14569,0.008047673,0.65211743,0.15195101
14570,0.0065422575,0.5989004,0.1165183
14571,0.005054954,0.5564307,0.0863683
14572,0.010121512,0.71425694,0.2066038
14573,0.010304698,0.6748836,0.20566452
14574,0.012255483,0.7001592,0.25185674
14575,0.010354884,0.60788524,0.19673343
14576,0.008516982,0.55387306,0.15186684
14577,0.0070996713,0.50121194,0.11821873
14578,0.0057251635,0.47193876,0.0912881
14579,0.004367598,0.44307646,0.06767072
14580,0.0032516415,0.41639268,0.050241057
14581,0.004962658,0.46283716,0.083897494
14582,0.010910261,0.6017116,0.22398563
14583,0.010805842,0.5610041,0.21395035
14584,0.008849661,0.5002158,0.16244665
14585,0.0071750795,0.4640863,0.12463977
14586,0.010107469,0.53448296,0.19284104
14587,0.014554948,0.6053716,0.30132335
14588,0.011713772,0.5490666,0.22767124
14589,0.009139484,0.50785536,0.16944057
14590,0.007367062,0.47127122,0.12941505
14591,0.0053960728,0.43504798,0.091663726
14592,0.004367481,0.40716153,0.070460424
14593,0.003714208,0.35814768,0.055203684
14594,0.0030754982,0.33719507,0.04333965
14595,0.0025419088,0.31924364,0.03407792
14596,0.002078697,0.30379266,0.02664106
14597,0.0017106162,0.28938407,0.020943308
14598,0.0014397482,0.2741291,0.016728414
14599,0.0012115898,0.26096275,0.013398568
14600,0.0010090694,0.25007188,0.010679109
14601,0.001245671,0.2634414,0.013696862
14602,0.0053229295,0.46258956,0.089057155
14603,0.0047228085,0.42096326,0.07454022
14604,0.0041759643,0.37588847,0.061390623
14605,0.0062113376,0.4269616,0.100182764
14606,0.005181999,0.39897263,0.07906319
14607,0.0043911524,0.3635904,0.06255773
14608,0.0037649511,0.3276371,0.04989605
14609,0.014797111,0.5618524,0.28681597
14610,0.023846751,0.66538954,0.5145708
14611,0.020152083,0.5880868,0.4084457
14612,0.016467357,0.5163351,0.30926147
14613,0.013605718,0.47242203,0.24056059
14614,0.010894744,0.44349983,0.18465032
14615,0.009146717,0.41125008,0.14635809
14616,0.007765356,0.37953758,0.11693368
14617,0.006615213,0.35628524,0.09444739
14618,0.0056434227,0.31720102,0.074664086
14619,0.0048734234,0.30103076,0.06139675
14620,0.0042259833,0.28664482,0.050771136
14621,0.0036939706,0.26762182,0.041961487
14622,0.003242204,0.24485347,0.03456985
14623,0.0029965441,0.23043174,0.030534681
14624,0.0054449737,0.29309553,0.06606328
14625,0.0058256364,0.3009359,0.07189989
14626,0.0052186465,0.27912983,0.06116718
14627,0.0048187408,0.26617414,0.054553267
14628,0.0042254706,0.2428599,0.044888224
14629,0.0037392026,0.22317696,0.03742979
14630,0.0035536226,0.21558376,0.0346312
14631,0.0039716205,0.22689645,0.03999422
14632,0.024373712,0.46363783,0.40290192
14633,0.022192452,0.43882397,0.35552672
14634,0.020472433,0.40862072,0.3148299
14635,0.02841951,0.45279753,0.46583858
14636,0.14170164,0.8503143,2.6869085
14637,2.12462,2.3362675,8.013253
14638,5.81844,3.3492444,8.508546
14639,3.3442676,3.0518222,8.216494
14640,2.107532,2.3536444,7.8286786
14641,1.1043948,1.5299455,6.9205666
14642,0.82202876,1.0980874,6.1956377
14643,0.47688147,0.7047854,4.63442
14644,0.3069523,0.51832074,3.3068533
14645,0.22114423,0.41607887,2.412894
14646,0.16957138,0.35687426,1.8200967
14647,0.13879497,0.31141087,1.4322896
14648,0.114203334,0.28720558,1.1456907
14649,0.094980866,0.27065802,0.92915356
14650,0.083424196,0.25606066,0.78952163
14651,0.07398843,0.24017784,0.67419386
14652,0.06535009,0.23290876,0.5798032
14653,0.05898249,0.22128509,0.5054076
14654,0.054757826,0.21439452,0.45819566
14655,0.049963012,0.20571443,0.40504274
14656,0.056204688,0.2145794,0.4639011
14657,0.05128822,0.20714442,0.4109872
14658,0.04665789,0.20412008,0.3655653
14659,0.04294169,0.19852778,0.32755452
14660,0.03961329,0.19465753,0.29500198
14661,0.036720634,0.18916279,0.26631713
14662,0.034062527,0.18655889,0.24175635
14663,0.03171475,0.18338884,0.22011684
14664,0.029614111,0.17955713,0.20080721
14665,0.027708292,0.17619033,0.1837343
14666,0.02608829,0.17443943,0.16981463
14667,0.047611963,0.22407027,0.3621139
14668,0.04738839,0.22476272,0.35849932
14669,0.044790413,0.22086033,0.3327396
14670,0.042900454,0.21819887,0.313606
14671,0.08615151,0.28977686,0.7330802
14672,0.076856084,0.27800587,0.6352716
14673,0.0689622,0.2693581,0.55529886
14674,0.06316075,0.26244864,0.4966753
14675,0.058245238,0.25535628,0.447106
14676,0.053050622,0.2509849,0.39850795
14677,0.048862062,0.24400575,0.35792717
14678,0.045014177,0.24015756,0.32286152
14679,0.041576136,0.2371336,0.29235077
14680,0.038580075,0.23414984,0.26604363
14681,0.22874473,0.47886854,2.0787134
14682,0.6674249,0.68784684,4.6791863
14683,0.48142007,0.52536386,3.6349916
14684,0.35051396,0.4214561,2.7156215
14685,0.27360147,0.35792848,2.0930302
14686,0.22292311,0.31818047,1.6637099
14687,0.18851791,0.2888527,1.3625988
14688,0.16321798,0.26712108,1.1414578
14689,0.14266226,0.25342584,0.97008973
14690,0.12612136,0.24346282,0.8356635
14691,0.11331804,0.2345059,0.7311321
14692,0.10097588,0.22991562,0.6387688
14693,0.0911199,0.22624946,0.56524837
14694,0.083285734,0.22257967,0.50627154
14695,0.076411255,0.22000946,0.4559388
14696,0.07031835,0.21826933,0.41244313
14697,0.14316954,0.29110774,0.9642185
14698,0.14627725,0.2923953,0.978275
14699,0.12933928,0.28032005,0.8430472
14700,0.11453627,0.27232018,0.7306873
14701,0.20504919,0.3456669,1.4101273
14702,0.17664827,0.3204051,1.1787715
14703,0.15495339,0.3013657,1.003914
14704,0.13784218,0.2864537,0.86807835
14705,0.123600364,0.2757586,0.7588438
14706,0.110269606,0.2696186,0.6638021
14707,0.100979306,0.26209173,0.5941302
14708,0.121175855,0.28674394,0.7387159
14709,0.109252326,0.2793726,0.65172637
14710,0.10359974,0.27591193,0.6089669
14711,0.12310872,0.29890156,0.7465687
14712,0.11024537,0.2919295,0.6553419
14713,0.09909268,0.2870386,0.5787155
14714,0.08853612,0.2840175,0.50987387
14715,0.080070436,0.28196952,0.4547079
14716,0.07366875,0.27947542,0.411799
14717,0.06837131,0.27631056,0.37591028
14718,0.064287506,0.27304098,0.34802353
14719,0.09001973,0.317862,0.5284396
14720,0.08142321,0.3145147,0.47091004
14721,0.074836,0.31063795,0.42571908
14722,0.06917549,0.30705833,0.38720593
14723,0.064390205,0.30346054,0.35474697
14724,0.05898391,0.3035048,0.32146654
14725,0.054138783,0.3041171,0.29214084
14726,0.08206485,0.36244434,0.49022514
14727,0.0746293,0.358072,0.43910486
14728,0.06779022,0.35535702,0.39371786
14729,0.061371595,0.35392085,0.3526135
14730,0.056766294,0.3511793,0.3216894
14731,0.052125935,0.3513406,0.29261553
14732,0.047386028,0.35197815,0.2638969
14733,0.04353415,0.35284743,0.24034916
14734,0.04061534,0.35201746,0.22174397
14735,0.038102876,0.34992453,0.20551124
14736,0.34650782,0.86023605,2.5778546
14737,0.26845312,0.731914,1.9814934
14738,0.22781771,0.6721678,1.6691233
14739,0.18456703,0.6120484,1.3302767
14740,0.15294264,0.56975955,1.0826418
14741,0.16486885,0.58100885,1.1694622
14742,0.17576751,0.5766699,1.2404479
14743,0.15230782,0.53304297,1.0438926
14744,0.13307112,0.5051105,0.89058256
14745,0.11601616,0.4851696,0.7614476
14746,0.1446095,0.5327087,0.9830908
14747,0.12320218,0.50831044,0.8234058
14748,0.10913075,0.48837796,0.71376014
14749,0.10420711,0.48249686,0.6750742
14750,0.093945205,0.46616894,0.59575546
14751,0.08500739,0.45391402,0.52895606
14752,0.0768939,0.44534573,0.4708276
14753,0.07089112,0.43310845,0.42576334
14754,0.06563468,0.42375544,0.3874561
14755,0.05857268,0.42072508,0.34277558
14756,0.050283276,0.41489196,0.29336864
14757,0.04551665,0.41428572,0.26345277
14758,0.039193742,0.41010177,0.22650246
14759,0.036770657,0.41171834,0.21118587
14760,0.037322827,0.4230953,0.21677144
14761,0.03400746,0.4238871,0.19618276
14762,0.029601956,0.4217597,0.17057596
14763,0.027354535,0.42271104,0.15640335
14764,0.023984158,0.42200813,0.13700461
14765,0.02096688,0.42123154,0.11972729
14766,0.017683653,0.41575262,0.10124631
14767,0.015854338,0.41796905,0.09056518
14768,0.01477648,0.4190689,0.08373621
14769,0.013062609,0.42022094,0.07397587
14770,0.0121724205,0.4215775,0.068405114
14771,0.011435739,0.41983086,0.063602336
14772,0.19627227,1.3172107,1.982495
14773,0.15884185,1.1292589,1.5700535
14774,0.13962872,1.0270549,1.3534106
14775,0.12310852,0.95697063,1.176096
14776,0.10177329,0.88466835,0.9566275
14777,0.08600889,0.8266944,0.7908958
14778,0.26104268,1.2825371,2.5591462
14779,0.51513124,1.5493406,4.2280445
14780,0.32246763,1.1521858,2.9477909
14781,0.21788803,0.9291537,2.067575
14782,0.16093412,0.8026677,1.5280083
14783,0.123665124,0.72024953,1.1640944
14784,0.09026289,0.64465237,0.8511679
14785,0.06192681,0.5732702,0.5903137
14786,0.055093296,0.5456439,0.5107253
14787,0.042501874,0.51354843,0.39333868
14788,0.032390818,0.48354018,0.29989433
14789,0.02486821,0.45860392,0.23030417
14790,0.021296268,0.45205998,0.19524449
14791,0.017495295,0.44136485,0.1595762
14792,0.01586736,0.4343805,0.14186008
14793,0.012685216,0.42114827,0.11316167
14794,0.010894305,0.417457,0.09628722
14795,0.009786779,0.4143994,0.08509124
14796,0.0089696,0.40329018,0.0760348
14797,0.008235835,0.39258027,0.06807579
14798,0.007518441,0.3882968,0.06097111
14799,0.011849531,0.4691438,0.10965301
14800,0.009634882,0.45713612,0.08872026
14801,0.00878695,0.4376317,0.07840672
14802,0.008098656,0.44245586,0.07221259
14803,0.017592702,0.5927089,0.19390851
14804,0.015480933,0.5779363,0.16695973
14805,0.013911768,0.5519068,0.14535001
14806,0.009785736,0.5072619,0.10362187
14807,0.0075949985,0.4853041,0.07994738
14808,0.0067572193,0.47324762,0.06926677
14809,0.005480739,0.4599759,0.055593483
14810,0.00816198,0.5295237,0.092053
14811,0.014974716,0.6574403,0.19794658
14812,0.01293533,0.63120484,0.16594516
14813,0.010647417,0.6085108,0.13403013
14814,0.008353913,0.5803577,0.10376959
14815,0.006859607,0.5606211,0.08357169
14816,0.0049436907,0.52053845,0.05981451
14817,0.0038044811,0.4946653,0.045345306
14818,0.0033195917,0.45119107,0.03727844
14819,0.0029002088,0.43736628,0.03154496
14820,0.0026038159,0.40725085,0.026976487
14821,0.0023079065,0.38546324,0.02286634
14822,0.002192022,0.36518037,0.020985454
14823,0.002013006,0.34625828,0.018525984
14824,0.0016641573,0.33869234,0.015048294
14825,0.0012425436,0.32132527,0.011138881
14826,0.0011034671,0.30699652,0.009479587
14827,0.0009815571,0.2867556,0.008007951
14828,0.0008767648,0.26943484,0.0068110377
14829,0.0007864747,0.25575873,0.0058428664
14830,0.0006943919,0.25175485,0.005018303
14831,0.0012053687,0.306655,0.010116856
14832,0.0032998954,0.44684383,0.03692803
14833,0.0072860825,0.62346786,0.10328039
14834,0.0057201106,0.591355,0.07927495
14835,0.004764231,0.56596833,0.063892215
14836,0.004098817,0.5071886,0.051402546
14837,0.0035092935,0.4871357,0.04244368
14838,0.0033312496,0.4680348,0.03917296
14839,0.01427846,0.818642,0.2518287
14840,0.011993622,0.7350555,0.19890568
14841,0.010005146,0.68900144,0.15901671
14842,0.008210199,0.6520089,0.12596257
14843,0.006315004,0.6124477,0.09456577
14844,0.0053456347,0.5772291,0.0765266
14845,0.009452576,0.706365,0.15696397
14846,0.031708594,1.0950698,0.6967518
14847,0.061586216,1.3266997,1.4533148
14848,0.19825327,1.9414891,4.0510044
14849,0.13509853,1.3118032,2.8537378
14850,0.09882369,1.0149317,2.0599658
14851,0.4004817,1.579212,5.503099
14852,0.24150872,1.0125239,3.933825
14853,0.15618606,0.7250218,2.6596315
14854,0.11295498,0.5712942,1.8759792
14855,0.08635233,0.4868462,1.3816458
14856,0.08748415,0.46415868,1.3632824
14857,0.06925608,0.41655442,1.0414948
14858,0.05757517,0.37477764,0.82368964
14859,0.048353717,0.34849933,0.66386175
14860,0.040451758,0.3307797,0.53736186
14861,0.044261836,0.3419704,0.5934946
14862,0.04008775,0.3228276,0.5178334
14863,0.02955323,0.30144215,0.3786073
14864,0.023254475,0.28903946,0.2932221
14865,0.01620986,0.2673282,0.20385261
14866,0.010824421,0.244712,0.1360536
14867,0.007313288,0.22567727,0.09152233
14868,0.009117863,0.25046352,0.12111446
14869,0.007218676,0.24187323,0.09374026
14870,0.00545475,0.23078305,0.069424
14871,0.0034113629,0.21045169,0.043325704
14872,0.0023121845,0.1943513,0.028885944
14873,0.0020845807,0.20158322,0.028034238
14874,0.0018621449,0.2082958,0.027009511
14875,0.0013429499,0.19255416,0.01862069
14876,0.0010148529,0.17901768,0.01331458
14877,0.00079529104,0.16725159,0.009840158
14878,0.00062959705,0.15776908,0.0074134115
14879,0.000517609,0.13793688,0.0055124722
14880,0.0010918565,0.17764996,0.014142348
14881,0.00095546374,0.16053937,0.011534388
14882,0.0009099091,0.146569,0.010355841
14883,0.00074847427,0.1376212,0.00799537
14884,0.0009860202,0.14244607,0.010919162
14885,0.00076218235,0.1353689,0.008085735
14886,0.0005539235,0.1271242,0.005675007
14887,0.0004921238,0.12689956,0.004993511
14888,0.0004783912,0.12892842,0.004838012
14889,0.0005021205,0.13852689,0.0053559383
14890,0.00040993176,0.12893987,0.0040805363
14891,0.00029720165,0.12061735,0.002851007
14892,0.0003137242,0.1281369,0.003121399
14893,0.0003136882,0.122436106,0.0030065645
14894,0.00025839618,0.113489166,0.002303825
14895,0.00018284936,0.1056984,0.0015744774
14896,0.00015163104,0.09562326,0.0011988278
14897,0.00014155704,0.086200036,0.001046153
14898,0.00012172674,0.075799264,0.0008238236
14899,0.0002090171,0.090266466,0.0016209686
14900,0.00016956405,0.08646238,0.0012520289
14901,0.00014131225,0.08413872,0.0010071658
14902,0.000116821655,0.08231175,0.0008114879
14903,0.00013271785,0.08446784,0.0009314527
14904,0.000121206496,0.07620921,0.0007940645
14905,0.000101242804,0.07323975,0.0006306597
14906,0.00012775102,0.07939126,0.00083502376
14907,0.00010607305,0.07663488,0.0006620395
14908,8.7293454e-05,0.074163295,0.00052202
14909,0.00023014605,0.1053139,0.0017879398
14910,0.00020749947,0.10091665,0.0015371738
14911,0.00014787201,0.09500896,0.0010697561
14912,0.00011889083,0.09249993,0.0008424013
14913,0.00010040593,0.092029534,0.0007113579
14914,7.885725e-05,0.08765681,0.0005336509
14915,6.8347224e-05,0.076603405,0.00042165024
14916,5.5169858e-05,0.0735351,0.00032510332
14917,4.691306e-05,0.06697758,0.0002555143
14918,4.0122883e-05,0.06298441,0.00020510342
14919,3.58805e-05,0.059358202,0.00017323098
14920,3.1057345e-05,0.05504442,0.0001400735
14921,3.313421e-05,0.052465662,0.0001456743
14922,2.9396133e-05,0.051493146,0.00012456314
14923,2.9437833e-05,0.050788213,0.00012204647
14924,2.8436734e-05,0.04852409,0.000114149785
14925,2.505864e-05,0.045464393,9.470497e-05
14926,2.1876354e-05,0.0445457,7.948581e-05
14927,1.9542013e-05,0.043485794,6.821389e-05
14928,2.2325816e-05,0.045249805,7.947437e-05
14929,2.3160055e-05,0.045785517,8.2000864e-05
14930,2.0966303e-05,0.043907218,7.088013e-05
14931,1.778518e-05,0.043650534,5.8642723e-05
14932,1.50150745e-05,0.043363463,4.8313577e-05
14933,1.2550142e-05,0.04301597,3.9454724e-05
14934,1.2237154e-05,0.043972846,3.820721e-05
14935,1.1371206e-05,0.04167589,3.389178e-05
14936,1.1194661e-05,0.04218442,3.2984564e-05
14937,9.537266e-06,0.041985948,2.7439455e-05
14938,7.992584e-06,0.04175344,2.2543647e-05
14939,7.6210313e-06,0.042093914,2.114584e-05
14940,9.251888e-06,0.0439215,2.6487482e-05
14941,8.327593e-06,0.040016443,2.2371862e-05
14942,7.5139687e-06,0.038546402,1.931684e-05
14943,6.7957567e-06,0.03690098,1.6686905e-05
14944,6.0988964e-06,0.034080964,1.4107555e-05
14945,5.4751845e-06,0.031121787,1.1894979e-05
14946,1.8078466e-05,0.04840827,5.5007138e-05
14947,2.945829e-05,0.056989376,0.00010137595
14948,8.538863e-05,0.08430944,0.00039558514
14949,9.2631555e-05,0.085237615,0.0004304735
14950,8.2429644e-05,0.07833681,0.0003598148
14951,7.430977e-05,0.07577666,0.0003112442
14952,6.275862e-05,0.07544904,0.0002579659
14953,5.558198e-05,0.07486386,0.00022198414
14954,4.998008e-05,0.07345831,0.00019277408
14955,5.7775993e-05,0.07688879,0.00022883125
14956,8.9258116e-05,0.08791447,0.00039306187
14957,7.878976e-05,0.08739382,0.00033782487
14958,7.1289134e-05,0.08402072,0.00029289103
14959,6.459664e-05,0.081722595,0.00025559534
14960,5.8563677e-05,0.07999207,0.0002238285
14961,5.294827e-05,0.079006284,0.00019630455
14962,7.580469e-05,0.08976798,0.0003078911
14963,6.9244124e-05,0.08562884,0.00026928558
14964,6.308777e-05,0.08168862,0.00023485837
14965,6.378381e-05,0.07925874,0.0002326236
14966,5.7763275e-05,0.07351881,0.00019956117
14967,5.24916e-05,0.073492035,0.00017718809
14968,4.8030277e-05,0.072820105,0.00015773658
14969,4.3691613e-05,0.07274848,0.00014016469
14970,3.9859155e-05,0.07257369,0.00012483582
14971,3.650979e-05,0.07217725,0.00011149054
14972,3.3137916e-05,0.07239013,9.911097e-05
14973,3.036625e-05,0.07212837,8.865582e-05
14974,3.5518286e-05,0.078212574,0.000108356326
14975,4.392041e-05,0.08400584,0.00014075046
14976,6.136652e-05,0.09562248,0.00021510532
14977,7.0854716e-05,0.10170398,0.00025717172
14978,6.52137e-05,0.099785276,0.00022969734
14979,6.0564675e-05,0.09783536,0.00020723746
14980,5.7495825e-05,0.09427505,0.00019063543
14981,5.3021562e-05,0.089982,0.00016899157
14982,6.558212e-05,0.09577854,0.00021909187
14983,8.098082e-05,0.10403011,0.00028700876
14984,7.4485106e-05,0.09843686,0.0002529776
14985,7.1519244e-05,0.095750056,0.00023748168
14986,0.001939866,0.35766828,0.017441835
14987,0.0074350955,0.61386156,0.099707335
14988,0.006461509,0.5603705,0.0819088
14989,0.0056570577,0.53056455,0.06877372
14990,0.0049529895,0.50767136,0.05800475
14991,0.0043557957,0.48559284,0.04911286
14992,0.0038406951,0.46562076,0.041729692
14993,0.0033824607,0.44966638,0.035528366
14994,0.002998118,0.43209824,0.030364074
14995,0.0026682613,0.4042827,0.025772465
14996,0.0024206894,0.3796422,0.022434596
14997,0.0030987735,0.41424772,0.030746069
14998,0.005549388,0.52147996,0.06541775
14999,0.004972667,0.4854828,0.056083575
15000,0.004407575,0.45464975,0.047458652
15001,0.003919571,0.4256103,0.04028369
15002,0.0034998672,0.40720826,0.034629826
15003,0.0031350479,0.38741016,0.029797306
15004,0.0028141157,0.37217906,0.02579281
15005,0.0025332489,0.35494095,0.022327073
15006,0.0023765347,0.34404254,0.020479633
15007,0.0021438065,0.3246332,0.017693741
15008,0.0019641658,0.30745393,0.015610284
15009,0.008007503,0.5310995,0.095694765
15010,0.014391489,0.6624148,0.20194557
15011,0.012935374,0.62068844,0.17515317
15012,0.016621627,0.66701996,0.23838644
15013,0.015476016,0.627006,0.21474482
15014,0.014935035,0.60102963,0.20268959
15015,0.014315218,0.5777962,0.1899706
15016,0.016898744,0.6112952,0.23411688
15017,0.014840811,0.5609022,0.19575387
15018,0.013016777,0.51623434,0.16324452
15019,0.011802492,0.4873637,0.14291015
15020,0.010789865,0.46348676,0.12659554
15021,0.022306161,0.61661434,0.3180675
15022,0.020864058,0.58028585,0.2884122
15023,0.018638574,0.5410954,0.24769802
15024,0.021749588,0.55746317,0.29632747
15025,0.074434236,0.8922275,1.2750236
15026,0.05960576,0.76800525,0.970264
15027,0.09894122,0.90775406,1.6752571
15028,0.24940622,1.2266982,3.7391803
15029,1.2603666,2.0563025,7.257554
15030,6.0391135,3.6222343,8.418194
15031,3.0685139,3.16905,8.024584
15032,1.5681067,2.1899703,7.308259
15033,1.0643709,1.5394111,6.565316
15034,0.9804576,1.2264608,6.238379
15035,0.6974778,0.8807955,5.267201
15036,0.47095108,0.63187605,4.043466
15037,0.33316457,0.48594835,2.9922562
15038,0.2521492,0.40095407,2.2550647
15039,0.2025369,0.34488758,1.7609664
15040,0.16770856,0.31125352,1.4151528
15041,0.14276361,0.28727633,1.1667105
15042,0.12462819,0.26634553,0.9829423
15043,0.11015183,0.2517818,0.8414976
15044,0.2649942,0.35432094,2.1445074
15045,0.92377555,0.55516636,5.217605
15046,0.6964251,0.43145198,4.2952332
15047,0.5048701,0.3433108,3.2952123
15048,0.38178325,0.285331,2.5110595
15049,0.30659607,0.2480637,1.9776121
15050,0.49476597,0.2865573,2.988927
15051,0.4348864,0.2550349,2.5858407
15052,0.3833542,0.22572145,2.2296004
15053,0.5833052,0.25378075,3.1441321
15054,0.45602614,0.21778633,2.4608085
15055,0.37270063,0.19527046,1.9788566
15056,0.31460828,0.1793243,1.6294928
15057,0.66305894,0.2417349,3.2119129
15058,1.2815616,0.29645076,4.8518453
15059,0.8923506,0.23407826,3.7273672
15060,0.6921955,0.20134662,2.9606225
15061,0.54225105,0.17757146,2.316518
15062,0.44049087,0.16268997,1.8544621
15063,0.37385952,0.15109493,1.5346423
15064,0.32248652,0.14401206,1.292091
15065,0.28191057,0.1392854,1.1041453
15066,0.25245535,0.13470416,0.9645471
15067,0.22478214,0.13273464,0.8427034
15068,0.20199548,0.13158648,0.74414074
15069,0.4853803,0.19301322,1.9611489
15070,0.5303313,0.2005319,2.1061716
15071,0.43226075,0.18645164,1.6929325
15072,0.36836734,0.17646694,1.4101954
15073,0.32104704,0.16928776,1.1999238
15074,0.28234366,0.16459128,1.0327983
15075,0.30444524,0.17356034,1.1203531
15076,0.26950255,0.1693468,0.97102886
15077,0.23834331,0.16678126,0.8440818
15078,0.21038418,0.16518624,0.73481345
15079,0.19295433,0.16424787,0.6629139
15080,0.22547601,0.17493093,0.79429454
15081,0.22556692,0.17359845,0.7882975
15082,0.2936308,0.19290537,1.064332
15083,2.0139403,0.43056074,5.328944
15084,10.244798,1.1358103,7.8187327
15085,6.777129,1.8191658,7.453482
15086,4.787927,2.2346015,7.027281
15087,3.5099635,2.3347082,6.510459
15088,2.255921,2.0736632,5.557761
15089,1.2977757,1.6315421,4.1124225
15090,1.3917888,1.6284031,4.2461333
15091,1.7122113,1.6948106,4.723956
15092,1.0931325,1.3784528,3.4752002
15093,0.7549561,1.161274,2.5389252
15094,0.5555932,1.0173802,1.8989979
15095,0.4350532,0.9240699,1.4816567
15096,0.31946316,0.8318801,1.0978309
15097,0.27053705,0.79076594,0.9176906
15098,0.32147834,0.86295193,1.1308444
15099,0.7063279,1.1978424,2.5472043
15100,0.5416905,1.0536814,1.9614055
15101,0.45270574,0.9723331,1.62701
15102,0.52851146,1.0344465,1.9069703
15103,1.7884545,1.6735817,4.893029
15104,1.5128702,1.5530888,4.4565883
15105,0.96675795,1.2797602,3.2930243
15106,0.6341623,1.0586091,2.3109434
15107,0.48759082,0.9428388,1.7802647
15108,0.38809577,0.86220986,1.4066666
15109,0.30926374,0.7970697,1.1143695
15110,0.23709954,0.7296284,0.8559436
15111,0.18774937,0.6806964,0.6774798
15112,1.4282066,1.5919966,4.6187596
15113,1.0045431,1.2996786,3.5944543
15114,0.72128564,1.0893402,2.700242
15115,0.5692008,0.96532905,2.14248
15116,0.44855422,0.8693661,1.6794144
15117,0.7757302,1.0839896,2.8229632
15118,1.6807511,1.4388456,4.796743
15119,3.114494,1.8518044,6.1748686
15120,1.9426736,1.5922204,5.0231104
15121,1.2597791,1.31232,3.799713
15122,0.99358773,1.1675377,3.129318
15123,5.8284073,2.6662383,7.089693
15124,12.763738,7.9165344,7.9300957
15125,12.686235,21.150438,8.01187
15126,6.3182683,21.428602,7.6290436
15127,1.6207238,11.736892,6.1044846
15128,0.5945208,6.1291013,3.8347554
15129,0.28455845,3.921801,2.2091448
15130,0.18273626,3.030403,1.4703698
15131,0.12880142,2.524952,1.0449973
15132,0.22045451,2.9878771,1.8898674
15133,0.5434779,3.9121234,4.040784
15134,0.32232276,2.7563405,2.7068143
15135,0.22898886,2.166864,1.953046
15136,0.19396755,1.8844881,1.6427838
15137,0.15051645,1.6382614,1.2612796
15138,0.11383165,1.4494762,0.9510677
15139,0.08208289,1.2754488,0.6893602
15140,0.07094595,1.1924189,0.584077
15141,0.059209783,1.1282098,0.4826906
15142,0.22455433,1.9239082,2.1684394
15143,0.18569313,1.688309,1.8057951
15144,0.13526979,1.4402238,1.3181145
15145,0.104466766,1.283368,1.0084856
15146,0.074204266,1.1248682,0.72018325
15147,0.062051952,1.0567048,0.5926338
15148,0.061818518,1.0804812,0.6159617
15149,0.0683479,1.1485444,0.7209179
15150,0.058205847,1.0716789,0.59995675
15151,0.050653685,1.0013701,0.5086644
15152,0.051396556,0.997678,0.5198755
15153,0.03694884,0.8998555,0.37522587
15154,0.06859373,1.1469911,0.7985771
15155,0.06342078,1.0724261,0.72500825
15156,0.052691292,1.0051987,0.59200025
15157,0.040389195,0.928314,0.45125893
15158,0.04462205,0.94613266,0.5090034
15159,0.054611757,1.0011857,0.6481413
15160,0.044123486,0.9371729,0.5158987
15161,0.03524636,0.88131154,0.40751427
15162,0.029214144,0.8416403,0.33288455
15163,0.025076862,0.81048983,0.28043196
15164,0.020983642,0.78161746,0.23156627
15165,0.01660654,0.74391,0.18209267
15166,0.012093721,0.6878493,0.13267228
15167,0.010470345,0.67100954,0.112798125
15168,0.0087167,0.6522048,0.092769064
15169,0.011915758,0.73466104,0.1384936
15170,0.012738511,0.7917097,0.16170122
15171,0.011189348,0.73304105,0.13605002
15172,0.009585728,0.7093739,0.1139885
15173,0.0078064236,0.68292385,0.09150936
15174,0.0057747248,0.6377378,0.067296356
15175,0.004199742,0.59268934,0.048639655
15176,0.0030629444,0.55199295,0.035172444
15177,0.0022253962,0.5137139,0.025287306
15178,0.0019259666,0.46166286,0.020475263
15179,0.0014579089,0.43675536,0.015268111
15180,0.001140936,0.41705224,0.011705176
15181,0.0008793336,0.39628804,0.008837455
15182,0.0006904881,0.37810662,0.0067703123
15183,0.0005262699,0.3576472,0.0050435322
15184,0.00038612954,0.33424133,0.0036235594
15185,0.00030410467,0.3177262,0.0027628804
15186,0.000260599,0.295257,0.002227493
15187,0.000211189,0.28250346,0.001741595
15188,0.0005071541,0.378245,0.005281493
15189,0.007494217,1.0687066,0.16979718
15190,0.0069705336,0.9642477,0.15104873
15191,0.006816059,0.8854994,0.14269683
15192,0.041480463,1.7345669,1.2733339
15193,0.032647,1.4196652,0.94986093
15194,0.020708593,1.1570767,0.5809237
15195,0.015776485,0.9752433,0.4080743
15196,0.028141819,1.1538572,0.8062126
15197,0.02370828,0.96819603,0.63276196
15198,0.019154133,0.8139725,0.47209272
15199,0.057579454,1.1605593,1.6261154
15200,0.074356854,1.1490585,2.0392597
15201,0.065789975,0.935384,1.7083724
15202,0.049150605,0.7295752,1.1851286
15203,0.12315696,0.9666148,2.8771858
15204,0.083341606,0.6915504,1.8790545
15205,0.06157037,0.53893137,1.2954932
15206,0.04785118,0.45942372,0.94560075
15207,0.036956027,0.41616732,0.7046131
15208,0.0406297,0.43024248,0.7831555
15209,0.040327836,0.43118536,0.7791178
15210,0.044975985,0.42364895,0.8563787
15211,0.036398593,0.37509272,0.65040594
15212,0.025721243,0.33972076,0.45012274
15213,0.025873553,0.35948628,0.4918505
15214,0.02116087,0.3271784,0.37787354
15215,0.01769575,0.29639837,0.29535577
15216,0.014889441,0.27500522,0.23437804
15217,0.011415939,0.2605293,0.17453657
15218,0.007973821,0.24127814,0.11970345
15219,0.0066647343,0.22916375,0.09509304
15220,0.012849439,0.29877698,0.21792568
15221,0.013513648,0.2895917,0.22478004
15222,0.010225349,0.27230296,0.16467658
15223,0.0067126523,0.24698895,0.10638958
15224,0.004829941,0.22994517,0.07422366
15225,0.0036896768,0.2167498,0.05437944
15226,0.0030743356,0.19211827,0.041464973
15227,0.002681746,0.17390163,0.033725217
15228,0.0022815613,0.16046202,0.026757045
15229,0.0023495362,0.15968387,0.027410457
15230,0.0069514937,0.24167447,0.109819524
15231,0.0059269397,0.21269709,0.0859545
15232,0.0075951656,0.22286735,0.11419645
15233,0.0064381873,0.2131717,0.09241226
15234,0.0075785713,0.21551171,0.11002619
15235,0.007449484,0.20413834,0.10416308
15236,0.033725403,0.36264765,0.67823786
15237,0.027322765,0.32221925,0.51270586
15238,0.022500668,0.2831011,0.39041656
15239,0.018502608,0.26450133,0.30467287
15240,0.01428551,0.25102088,0.2297935
15241,0.018009739,0.28459415,0.31167492
15242,0.014914493,0.26605174,0.24445222
15243,0.012445347,0.2554976,0.19683413
15244,0.009523667,0.24199174,0.14594379
15245,0.0058534145,0.21996115,0.08925956
15246,0.00372331,0.20101523,0.056857288
15247,0.0045021623,0.21359955,0.07114729
15248,0.0043057688,0.19630957,0.06442852
15249,0.0036426364,0.17311265,0.04986634
15250,0.0032010053,0.16520831,0.04169597
15251,0.0029490073,0.15678701,0.036610432
15252,0.0023969666,0.15075345,0.028485235
15253,0.0020448985,0.13795458,0.022576991
15254,0.0018014642,0.12378358,0.01843525
15255,0.0015571301,0.113875374,0.014864519
15256,0.0013552431,0.10761844,0.012214845
15257,0.0011840829,0.10007188,0.010015631
15258,0.0009684249,0.09832005,0.00796524
15259,0.00069607364,0.093683936,0.0056459173
15260,0.00060517614,0.08625145,0.004582028
15261,0.00053364655,0.08073321,0.0038045796
15262,0.00046736174,0.07806353,0.003180599
15263,0.00032268921,0.073743224,0.0021781807
15264,0.00023771446,0.07079451,0.0015756617
15265,0.00018029062,0.068327546,0.001166417
15266,0.00014721637,0.06655745,0.0009175787
15267,0.00011327605,0.064312376,0.0006863294
15268,0.00022493895,0.08116716,0.0016315787
15269,0.00032887966,0.08864052,0.0025653683
15270,0.0002838201,0.08182898,0.002063509
15271,0.0002449344,0.07434767,0.0016499778
15272,0.00021097004,0.066927135,0.0013124197
15273,0.00017624545,0.06563993,0.0010581033
15274,0.00013473211,0.06360246,0.0007910235
15275,0.00010581945,0.061872046,0.0006042476
15276,7.5865595e-05,0.05886618,0.00042521433
15277,0.0001181956,0.075431764,0.0007975526
15278,9.406368e-05,0.07260519,0.00060948497
15279,7.487289e-05,0.06973428,0.0004644995
15280,6.3823565e-05,0.060880814,0.0003600268
15281,8.956249e-05,0.070131116,0.00055201165
15282,0.00011828146,0.0735537,0.0007621949
15283,0.0001003092,0.065150775,0.0005910677
15284,0.00038073532,0.103708975,0.003219022
15285,0.0004988917,0.117556065,0.0045503005
15286,0.00040088384,0.112846695,0.0034990285
15287,0.00033523003,0.107545346,0.0027693408
15288,0.0004074286,0.1085275,0.0034199818
15289,0.00076354586,0.13333634,0.007522026
15290,0.007782169,0.3247103,0.14840476
15291,0.007918517,0.31544238,0.14855042
15292,0.0072872266,0.29676044,0.13129859
15293,0.007583572,0.29268607,0.13466963
15294,0.0064446437,0.26481646,0.1062431
15295,0.0055552865,0.23772548,0.085153624
15296,0.0064817155,0.24512458,0.10111128
15297,0.0054795095,0.22364302,0.07950015
15298,0.0039076996,0.20875843,0.055251494
15299,0.0026459661,0.19209556,0.036560573
15300,0.0019366157,0.17992917,0.025792923
15301,0.0014087626,0.16811563,0.018057123
15302,0.0012741259,0.17202847,0.016946133
15303,0.000950983,0.16030322,0.012021237
15304,0.0007460738,0.14957573,0.008860151
15305,0.0006358872,0.13276541,0.0069064763
15306,0.00053305936,0.1184774,0.005295622
15307,0.00044665372,0.10856603,0.0041061174
15308,0.00042030675,0.10217891,0.0037005204
15309,0.00038756436,0.09674847,0.0032730342
15310,0.00033056602,0.08818879,0.0025836478
15311,0.00026353027,0.08522703,0.0019830577
15312,0.0002082173,0.08223911,0.0015099415
15313,0.00017164012,0.079318866,0.0011882903
15314,0.00014259487,0.07649256,0.00094148226
15315,0.00012213511,0.067359515,0.00073855696
15316,0.00012301814,0.06423108,0.00072149193
15317,0.00011188201,0.06165554,0.00062625913
15318,9.907443e-05,0.059396267,0.0005286168
15319,9.838007e-05,0.059629228,0.0005169092
15320,0.00018117666,0.0722609,0.0011051182
15321,0.00015660898,0.06476971,0.0008819491
15322,0.00013785141,0.061016373,0.0007325051
15323,0.00012137799,0.059216756,0.0006169395
15324,0.0001815784,0.06806363,0.0010182764
15325,0.0001638864,0.06279383,0.00086708023
15326,0.00016567447,0.059999395,0.0008509142
15327,0.00023764097,0.06651056,0.0013238023
15328,0.00025296677,0.06716893,0.0014162359
15329,0.00021937369,0.066557966,0.0011904101
15330,0.00019358913,0.06544704,0.0010127692
15331,0.00017152057,0.06428981,0.0008647966
15332,0.00015229304,0.06320738,0.00074051914
15333,0.00013519639,0.06233011,0.00063512
15334,0.00012064534,0.061293595,0.00054690376
15335,0.0001084155,0.057811245,0.00046642456
15336,9.778584e-05,0.054790396,0.00040028724
15337,8.856346e-05,0.053240143,0.00034851185
15338,0.00010470994,0.055763654,0.00042640208
15339,9.278895e-05,0.0557937,0.00036855726
15340,8.339928e-05,0.05543449,0.00032171066
15341,7.434826e-05,0.055421077,0.00027960294
15342,6.6319524e-05,0.055422753,0.00024322765
15343,6.0329814e-05,0.05429161,0.00021366993
15344,5.4921315e-05,0.053412594,0.00018823447
15345,4.985469e-05,0.053017598,0.00016603149
15346,4.5464374e-05,0.052375846,0.00014685784
15347,4.1626878e-05,0.05138638,0.000130102
15348,3.8203587e-05,0.050208736,0.00011539247
15349,3.4986646e-05,0.04977838,0.00010274326
15350,3.206769e-05,0.049418412,9.163279e-05
15351,2.9534636e-05,0.04857496,8.1822654e-05
15352,2.722327e-05,0.04792153,7.3246214e-05
15353,2.5118778e-05,0.04735586,6.569792e-05
15354,2.3233026e-05,0.04591775,5.867701e-05
15355,2.1527632e-05,0.04467213,5.2585558e-05
15356,1.998073e-05,0.043672733,4.7306043e-05
15357,1.8560437e-05,0.042421952,4.250767e-05
15358,1.7185674e-05,0.040442284,3.7818827e-05
15359,1.5860984e-05,0.03811316,3.339362e-05
15360,1.4950317e-05,0.037987914,3.0816074e-05
15361,1.39739395e-05,0.03721527,2.7987926e-05
15362,1.30762755e-05,0.03648321,2.5462285e-05
15363,1.2133701e-05,0.034532696,2.2672542e-05
15364,1.13563165e-05,0.0328633,2.0433337e-05
15365,1.40947e-05,0.035305236,2.6740472e-05
15366,1.3307087e-05,0.03489196,2.4658815e-05
15367,1.2509049e-05,0.034478635,2.2625549e-05
15368,1.176966e-05,0.034053326,2.0780604e-05
15369,1.1061214e-05,0.034064252,1.9151867e-05
15370,1.0413573e-05,0.033950124,1.766258e-05
15371,9.811738e-06,0.033831734,1.6304724e-05
15372,9.254833e-06,0.03364557,1.50604765e-05
15373,8.738549e-06,0.033112094,1.38792975e-05
15374,8.194837e-06,0.03164639,1.2568742e-05
15375,7.696102e-06,0.032032046,1.16386e-05
15376,7.2538314e-06,0.032277808,1.0799516e-05
15377,6.866573e-06,0.032139238,1.0025002e-05
15378,6.4742208e-06,0.03098758,9.166279e-06
15379,9.927999e-06,0.036504652,1.5876014e-05
15380,9.500463e-06,0.035542846,1.4846678e-05
15381,8.999275e-06,0.03492804,1.373476e-05
15382,8.525904e-06,0.034197573,1.2694668e-05
15383,8.044108e-06,0.0329171,1.1613512e-05
15384,7.633962e-06,0.032257147,1.07606675e-05
15385,7.2436637e-06,0.031487074,9.957237e-06
15386,0.00018663408,0.114282005,0.0006823651
15387,0.0001741127,0.110466935,0.0006168855
15388,0.00016246151,0.10595219,0.000556411
15389,0.00015326403,0.10264047,0.0005100794
15390,0.00014371151,0.10134636,0.00046733784
15391,0.00013484854,0.099030584,0.00042700872
15392,0.00012665174,0.09798018,0.00039230107
15393,0.00011896748,0.09732629,0.00036101756
15394,0.000111694804,0.0942705,0.00032920527
15395,0.000106210544,0.09252232,0.00030604942
15396,0.00013893003,0.10181758,0.00042977554
15397,0.00015344101,0.10705672,0.0004897602
15398,0.0002162435,0.12200912,0.00075885415
15399,0.00020259431,0.117781796,0.00068981375
15400,0.00019019603,0.11422044,0.0006295278
15401,0.00017897239,0.11170127,0.0005776912
15402,0.00016847176,0.108905464,0.00052984426
15403,0.00015843223,0.10534378,0.0004841844
15404,0.00014935485,0.10497293,0.00044822856
15405,0.00014091395,0.10242549,0.000412378
15406,0.00013301143,0.09979354,0.0003794409
15407,0.00013734521,0.10063829,0.00039235243
15408,0.00013492673,0.099385135,0.00038051684
15409,0.00012834903,0.09686757,0.00035379443
15410,0.00012157496,0.09521704,0.00032786743
15411,0.00011508546,0.09284734,0.00030285132
15412,0.00010917069,0.09137498,0.00028127336
15413,0.000103617436,0.089885235,0.00026137815
15414,0.00010533092,0.090253875,0.00026506544
15415,0.00013799795,0.101130664,0.0003752843
15416,0.00013097459,0.099838585,0.00034920996
15417,0.00012432739,0.09805689,0.00032448108
15418,0.0001178178,0.09525695,0.00029987062
15419,0.00037876776,0.15167132,0.0013663021
15420,0.0004925191,0.16809246,0.0019119268
15421,0.0013580509,0.25198478,0.0071877614
15422,0.0013024205,0.24571398,0.0067565427
15423,0.0012186839,0.24059904,0.0061790044
15424,0.00115794,0.23348103,0.005735864
15425,0.0010842106,0.22630793,0.005231413
15426,0.0028821586,0.33631176,0.018738875
15427,0.0049265,0.41863298,0.037761204
15428,0.0045428406,0.4016614,0.033812847
15429,0.004189638,0.38598162,0.030290004
15430,0.0039829733,0.37430185,0.028201438
15431,0.0045658546,0.3962374,0.033713255
15432,0.005981844,0.444068,0.04808237
15433,0.005685323,0.43085518,0.04478498
15434,0.0059062596,0.43800938,0.047123823
15435,0.0054247654,0.41826227,0.041952107
15436,0.0049973214,0.40258133,0.037564535
15437,0.004610191,0.38734666,0.033679567
15438,0.010501589,0.53809786,0.09816801
15439,0.010082461,0.52636546,0.09367525
15440,0.009637984,0.51599795,0.08886824
15441,0.008827427,0.4917991,0.07897366
15442,0.008060445,0.47051603,0.069940306
15443,0.010235666,0.51091826,0.09468119
15444,0.010993013,0.52574366,0.10370023
15445,0.00999767,0.5004946,0.091327734
15446,0.009121278,0.48126718,0.08096636
15447,0.0083834985,0.45972958,0.072204426
15448,0.008495041,0.4626653,0.07357331
15449,0.010245479,0.49931833,0.0941451
15450,0.025349153,0.7059828,0.29713824
15451,0.022491515,0.6616314,0.25429317
15452,0.020067895,0.6174907,0.2184469
15453,0.018002713,0.5840942,0.18944652
15454,0.016202576,0.5605771,0.16564025
15455,0.017404223,0.573749,0.18147813
15456,0.015696883,0.5467481,0.1585809
15457,0.01420531,0.52058995,0.13897933
15458,0.012897654,0.49880147,0.12245421
15459,0.011726725,0.48358768,0.108490795
15460,0.010697801,0.46289122,0.0959992
15461,0.00978271,0.4475433,0.085448
15462,0.009120486,0.43194595,0.07779244
15463,0.018013615,0.5671577,0.18656385
15464,0.05025127,0.8536646,0.6696954
15465,0.058924846,0.88324434,0.8072827
15466,0.0620972,0.87063146,0.8509505
15467,0.054796122,0.7898327,0.7230381
15468,0.046897616,0.7265011,0.5956294
15469,0.04153175,0.67440987,0.5099339
15470,0.03638102,0.6234327,0.42908037
15471,0.03214311,0.5786096,0.36427584
15472,0.029517421,0.5618914,0.3277304
15473,0.046561997,0.67096657,0.5752742
15474,0.04061346,0.6234767,0.4831177
15475,0.036070775,0.5932268,0.41663745
15476,0.1733536,1.0871005,2.384171
15477,0.1410905,0.89749455,1.8885785
15478,0.12055554,0.79633015,1.5743979
15479,0.10721785,0.7140011,1.3560392
15480,0.29703733,1.0264848,3.473818
15481,0.21989487,0.79980385,2.6104267
15482,0.16691548,0.6495766,1.9419981
15483,0.13242206,0.5658866,1.4986118
15484,0.101456344,0.5098316,1.1334958
15485,0.08656603,0.46293545,0.9291984
15486,0.073468484,0.43726763,0.7673929
15487,0.06349055,0.417297,0.64537185
15488,0.05601711,0.39894935,0.5528524
15489,0.053547025,0.38565674,0.51756495
15490,0.046144146,0.3763482,0.4381511
15491,0.04110818,0.36761343,0.38160518
15492,0.036927428,0.3597522,0.3351473
15493,0.060130738,0.43748766,0.60785836
15494,0.11820753,0.5672771,1.3169007
15495,0.09958537,0.50468975,1.0640358
15496,0.08571082,0.459836,0.8800988
15497,0.07394013,0.43503448,0.73753977
15498,0.062603004,0.4179154,0.6121537
15499,0.06659869,0.42174947,0.652914
15500,0.11535097,0.5153029,1.2196907
15501,0.09668651,0.4765889,0.99258393
15502,0.07557562,0.44368598,0.7677643
15503,0.07163395,0.42471153,0.71090925
15504,0.05849684,0.40610784,0.5729159
15505,0.04981998,0.39435774,0.47962058
15506,0.04354119,0.38548973,0.4111052
15507,0.03804274,0.3787,0.3530808
15508,0.043875024,0.41736397,0.42959964
15509,0.057486236,0.46352315,0.5958504
15510,0.050793882,0.4532439,0.5191667
15511,0.040613007,0.43342635,0.41160157
15512,0.03096821,0.40949342,0.3131743
15513,0.025439281,0.3985555,0.25489154
15514,0.02289674,0.38925683,0.22382887
15515,0.042398226,0.516807,0.4909319
15516,0.102929115,0.7256768,1.3713166
15517,0.09682735,0.70363253,1.2900414
15518,0.069122314,0.6206857,0.9176936
15519,0.05821548,0.5729965,0.7454084
15520,0.14022161,0.8038327,1.947592
15521,0.2170232,0.8904543,2.8562992
15522,0.21306273,0.7898799,2.7139792
15523,0.41640702,0.95291835,4.3692837
15524,0.91913444,1.1133821,6.157604
15525,0.54193425,0.73617643,4.659399
15526,0.30409405,0.5278543,3.1056135
15527,0.17281221,0.41699952,1.9353641
15528,0.11874516,0.37604544,1.4071785
15529,0.075708635,0.3263354,0.91591364
15530,0.0579914,0.30397514,0.6925719
15531,0.050663415,0.28274015,0.57913744
15532,0.04716245,0.27198058,0.523856
15533,0.048224643,0.2715774,0.53274935
15534,0.044258296,0.26839525,0.4804878
15535,0.032765534,0.25240335,0.35477477
15536,0.026087094,0.24456619,0.27959695
15537,0.02065161,0.23729269,0.21935211
15538,0.018308304,0.23369062,0.18944079
15539,0.018999739,0.24606667,0.20040381
15540,0.12436612,0.5157241,1.8247962
15541,0.097721085,0.44491836,1.38006
15542,0.06540946,0.3853583,0.92791307
15543,0.055215858,0.3503269,0.74610656
15544,0.0503072,0.32580355,0.6540221
15545,0.114959456,0.43982616,1.6366497
15546,0.0687872,0.37601563,1.011008
15547,0.057550807,0.33416444,0.7999745
15548,0.038538776,0.29801002,0.536262
15549,0.026562491,0.27183443,0.36807343
15550,0.021673033,0.26197857,0.29236287
15551,0.018947612,0.24485639,0.24279279
15552,0.01679402,0.22657856,0.20408578
15553,0.012446142,0.21550861,0.14985283
15554,0.008709123,0.20153742,0.10430638
15555,0.00828571,0.20847777,0.10051519
15556,0.0071538324,0.20770253,0.085714765
15557,0.005228335,0.19714089,0.061835352
15558,0.004413127,0.19231185,0.050421357
15559,0.003844301,0.1751667,0.041027058
15560,0.0033885576,0.16578867,0.034328137
15561,0.0029863333,0.16018718,0.028982919
15562,0.0029249087,0.16948323,0.029398737
15563,0.0025034058,0.16641772,0.024360863
15564,0.0022568172,0.15525237,0.020859078
15565,0.001812238,0.15207084,0.016421765
15566,0.0014315785,0.14826158,0.012726955
15567,0.0011594518,0.14516012,0.010066805
15568,0.0011368992,0.14820303,0.009830653
15569,0.00075608125,0.1372391,0.0065042228
15570,0.0005595406,0.13092354,0.00472121
15571,0.00043990643,0.12650709,0.0036049876
15572,0.0003648026,0.12267217,0.002873161
15573,0.00037460483,0.11890126,0.0028809358
15574,0.00038192992,0.11391242,0.0028535498
15575,0.00033308743,0.10936034,0.0023694378
15576,0.0003379452,0.10650597,0.0023612771
15577,0.0003097029,0.103779785,0.0020858361
15578,0.00022720345,0.09913689,0.0015076003
15579,0.0001723743,0.09541722,0.0011197772
15580,0.00012834472,0.09125842,0.0008160871
15581,9.2784496e-05,0.08647706,0.000577813
15582,7.046633e-05,0.0827521,0.00042592132
15583,5.6644847e-05,0.07972326,0.00032873615
15584,4.7174428e-05,0.07658219,0.0002606183
15585,4.5729692e-05,0.07293969,0.00024241205
15586,4.1352425e-05,0.06636882,0.00020463814
15587,3.5895675e-05,0.061724685,0.00016628458
15588,3.3150234e-05,0.05851173,0.00014618397
15589,2.9497867e-05,0.054110255,0.00012201545
15590,2.5895666e-05,0.04877455,9.936724e-05
15591,1.9616009e-05,0.047255695,7.408502e-05
15592,1.7222681e-05,0.043610338,6.085286e-05
15593,1.2323627e-05,0.041637156,4.3091568e-05
15594,9.837046e-06,0.040726986,3.3519864e-05
15595,8.101162e-06,0.03993805,2.673918e-05
15596,6.344661e-06,0.038902286,2.0473857e-05
15597,5.250541e-06,0.03804652,1.6357119e-05
15598,4.3051505e-06,0.03719211,1.2970419e-05
15599,3.6842494e-06,0.036139954,1.06189555e-05
15600,3.2179792e-06,0.0334983,8.676013e-06
15601,4.4238245e-06,0.03542299,1.2572349e-05
15602,3.8503667e-06,0.0318961,1.01266005e-05
15603,3.269267e-06,0.03147827,8.327507e-06
15604,2.8232398e-06,0.030976262,6.937127e-06
15605,2.444764e-06,0.027376141,5.520529e-06
15606,2.130271e-06,0.024331085,4.4367157e-06
15607,1.8926556e-06,0.02238527,3.6950466e-06
15608,1.6945752e-06,0.020817157,3.11828e-06
15609,1.5250723e-06,0.0195682,2.6584744e-06
15610,1.40091e-06,0.019818861,2.4010849e-06
15611,1.0016624e-06,0.019198572,1.7449914e-06
15612,9.0405473e-07,0.018571502,1.5079759e-06
15613,8.354398e-07,0.01748036,1.325788e-06
15614,7.8155284e-07,0.017026486,1.1974754e-06
15615,1.2746328e-06,0.020898873,2.2404429e-06
15616,3.1781262e-06,0.029451348,7.20419e-06
15617,4.3261975e-06,0.032488205,1.0508811e-05
15618,5.5541086e-06,0.03448263,1.41832015e-05
15619,5.7843445e-06,0.03334798,1.44987025e-05
15620,5.1269553e-06,0.030311756,1.1999306e-05
15621,4.597575e-06,0.028134327,1.0145883e-05
15622,4.225098e-06,0.026285881,8.8503e-06
15623,7.5371977e-06,0.031610552,1.8254126e-05
15624,7.3257e-06,0.03061708,1.7215885e-05
15625,6.788253e-06,0.030311726,1.5501162e-05
15626,6.1311616e-06,0.02822125,1.3245032e-05
15627,5.5635683e-06,0.028038995,1.16734755e-05
15628,5.007506e-06,0.028510125,1.0378654e-05
15629,5.4866014e-06,0.029599344,1.15415105e-05
15630,1.5950247e-05,0.044409625,4.5460903e-05
15631,1.4471923e-05,0.04202396,3.928035e-05
15632,1.3357151e-05,0.04086072,3.49701e-05
15633,1.2174918e-05,0.040182155,3.083889e-05
15634,2.5992225e-05,0.052334215,8.0726284e-05
15635,3.653791e-05,0.058416028,0.00012308017
15636,3.1648666e-05,0.058546044,0.00010460368
15637,2.5642996e-05,0.057969775,8.3886174e-05
15638,3.1909083e-05,0.06294134,0.00010988032
15639,2.94717e-05,0.058580216,9.6388474e-05
15640,2.6814201e-05,0.057533927,8.4816726e-05
15641,2.362658e-05,0.05764205,7.313907e-05
15642,2.4138468e-05,0.05965483,7.5086224e-05
15643,2.2548666e-05,0.05952297,6.857356e-05
15644,2.1260463e-05,0.061212063,6.455456e-05
15645,4.2564647e-05,0.08346081,0.00015992217
15646,3.7304242e-05,0.08321773,0.00013696634
15647,3.329833e-05,0.08292486,0.00011929359
15648,3.0178133e-05,0.08093153,0.00010430903
15649,2.9589328e-05,0.07880497,9.975281e-05
15650,3.1802807e-05,0.07915464,0.00010733569
15651,3.1961372e-05,0.07773732,0.000105990905
15652,2.9075478e-05,0.07778555,9.434072e-05
15653,3.2786815e-05,0.079373635,0.00010798554
15654,4.034667e-05,0.08599558,0.00013976061
15655,3.6658894e-05,0.085132435,0.00012346814
15656,3.609903e-05,0.08550156,0.00012014457
15657,3.2746095e-05,0.08709771,0.0001085575
15658,2.7831788e-05,0.08694092,9.104125e-05
15659,2.4659283e-05,0.08697183,7.903185e-05
15660,2.2933913e-05,0.08512543,7.130029e-05
15661,2.1374057e-05,0.08317967,6.444312e-05
15662,1.951564e-05,0.082241856,5.7213143e-05
15663,1.7884144e-05,0.07831863,5.0248058e-05
15664,3.4851313e-05,0.10110546,0.00011814702
15665,0.0036962908,0.6436423,0.050766718
15666,0.0032979199,0.59047586,0.042985555
15667,0.0028400377,0.5292035,0.034610275
15668,0.0027866873,0.5028927,0.03305711
15669,0.0018750239,0.4563169,0.02208454
15670,0.0013904809,0.42753944,0.016057946
15671,0.0010885614,0.40616465,0.012218448
15672,0.0009180317,0.38663465,0.009853212
15673,0.0013107415,0.43481696,0.015374668
15674,0.0011213366,0.39282906,0.012259736
15675,0.0018943222,0.49007127,0.024257218
15676,0.0016549873,0.44350755,0.019914348
15677,0.003414681,0.5714388,0.050119177
15678,0.009377841,0.843499,0.18338922
15679,0.35034865,3.3635678,5.977314
15680,0.15314238,1.8462652,3.691786
15681,0.07378614,1.2061386,2.0058057
15682,0.044780366,0.9295121,1.2055802
15683,0.03152653,0.7750863,0.80348223
15684,0.023899103,0.6648046,0.5670917
15685,0.031569947,0.6865302,0.764361
15686,0.024889087,0.5718384,0.5514832
15687,0.019826729,0.48589215,0.40202558
15688,0.017780975,0.45079005,0.3437453
15689,0.013938845,0.4176346,0.25718513
15690,0.012624395,0.3839969,0.22152917
15691,0.024263494,0.4896282,0.49590018
15692,0.020763217,0.4376229,0.39925408
15693,0.01702905,0.3772641,0.3004336
15694,0.014255422,0.33668232,0.23354201
15695,0.012075246,0.3113063,0.1862911
15696,0.010327631,0.28654867,0.14967033
15697,0.008592021,0.27555153,0.119807765
15698,0.007315131,0.26411015,0.09761247
15699,0.0063492847,0.24554846,0.07987798
15700,0.0055239764,0.2247528,0.06512686
15701,0.004785324,0.21789911,0.054236125
15702,0.004209762,0.20314728,0.04507384
15703,0.003978037,0.1926162,0.040921483
15704,0.0043065194,0.1921171,0.044296116
